v -5107.11 19.5289 -3204.13
v -5109.05 17.0182 -3204.41
v -5107.55 17.8137 -3207.45
v -5104.33 22.6114 -3205.81
v -5104.48 22.4522 -3205.71
v -5105.65 21.349 -3204.52
v -5106.38 20.2532 -3204.79
v -5106.62 19.8817 -3204.91
v -5103.79 22.6234 -3206.93
v -5102.94 23.369 -3206.49
v -5104.22 22.7097 -3205.89
v -5104.57 21.4553 -3207.25
v -5103.79 22.6234 -3206.93
v -5104.33 22.6114 -3205.81
v -5107.55 17.8137 -3207.45
v -5106.05 17.5104 -3211.11
v -5104.23 20.7366 -3209.19
v -5104.63 21.3209 -3207.37
v -5104.62 21.3729 -3207.3
v -5105.43 16.6601 -3210.99
v -5106.05 17.5104 -3211.11
v -5107.55 17.8137 -3207.45
v -5106.96 16.9691 -3207.26
v -5103.64 20.4773 -3207.09
v -5103.74 20.0938 -3207.64
v -5103.55 19.8235 -3208.54
v -5105.43 16.6601 -3210.99
v -5106.96 16.9691 -3207.26
v -5104.13 20.5761 -3205.89
v -5103.12 21.469 -3205.36
v -5102.14 22.0176 -3205.7
v -5102.45 21.7421 -3205.86
v -5103.56 20.6405 -3206.8
v -5103.64 20.4773 -3207.09
v -5104.35 20.6887 -3203.77
v -5103.26 21.358 -3205.31
v -5103.12 21.469 -3205.36
v -5104.13 20.5761 -3205.89
v -5105.02 20.1046 -3204.09
v -5104.52 20.5441 -3203.84
v -5108.5 16.1532 -3204.14
v -5105.68 19.3349 -3204.09
v -5105.52 19.447 -3204.34
v -5105.02 20.1046 -3204.09
v -5106.96 16.9691 -3207.26
v -5109.05 17.0182 -3204.41
v -5108.5 16.1532 -3204.14
v -5106.96 16.9691 -3207.26
v -5107.55 17.8137 -3207.45
v -5105.43 16.6601 -3210.99
v -5103.55 19.8235 -3208.54
v -5104.23 20.7366 -3209.19
v -5106.05 17.5104 -3211.11
v -5103.74 20.0938 -3207.64
v -5104.63 21.3209 -3207.37
v -5103.55 19.8235 -3208.54
v -5103.56 20.6405 -3206.8
v -5104.62 21.3729 -3207.3
v -5104.63 21.3209 -3207.37
v -5103.74 20.0938 -3207.64
v -5103.64 20.4773 -3207.09
v -5102.45 21.7421 -3205.86
v -5104.57 21.4553 -3207.25
v -5104.62 21.3729 -3207.3
v -5103.56 20.6405 -3206.8
v -5104.57 21.4553 -3207.25
v -5102.14 22.0176 -3205.7
v -5102.94 23.369 -3206.49
v -5103.79 22.6234 -3206.93
v -5103.12 21.469 -3205.36
v -5103.26 21.358 -3205.31
v -5104.48 22.4522 -3205.71
v -5104.33 22.6114 -3205.81
v -5104.22 22.7097 -3205.89
v -5103.26 21.358 -3205.31
v -5104.35 20.6887 -3203.77
v -5105.65 21.349 -3204.52
v -5104.48 22.4522 -3205.71
v -5104.52 20.5441 -3203.84
v -5106.38 20.2532 -3204.79
v -5105.65 21.349 -3204.52
v -5105.52 19.447 -3204.34
v -5106.62 19.8817 -3204.91
v -5106.38 20.2532 -3204.79
v -5105.02 20.1046 -3204.09
v -5105.68 19.3349 -3204.09
v -5107.11 19.5289 -3204.13
v -5106.62 19.8817 -3204.91
v -5105.52 19.447 -3204.34
v -5105.68 19.3349 -3204.09
v -5108.5 16.1532 -3204.14
v -5109.05 17.0182 -3204.41
v -5107.11 19.5289 -3204.13
v -5102.31 25.4901 -3209.87
v -5102.05 25.691 -3209.65
v -5102.01 25.6373 -3209.56
v -5104.85 24.9448 -3202.83
v -5105.22 24.6842 -3202.91
v -5105.14 24.6314 -3202.94
v -5103.53 24.6785 -3202.54
v -5104.38 25.2915 -3202.68
v -5104.82 24.3594 -3202.89
v -5103.14 24.3818 -3202.44
v -5103.53 24.6785 -3202.54
v -5104.82 24.3594 -3202.89
v -5103.98 23.6183 -3202.69
v -5102.56 24.0888 -3202.68
v -5103.98 23.6183 -3202.69
v -5102.6 22.8051 -3203.33
v -5101.98 24.0038 -3203.48
v -5102.56 24.0888 -3202.68
v -5102.6 22.8051 -3203.33
v -5102.41 22.7729 -3203.59
v -5101.63 23.7351 -3203.39
v -5101.98 24.0038 -3203.48
v -5102.41 22.7729 -3203.59
v -5101.78 22.2069 -3203.43
v -5101.36 21.643 -3203.33
v -5100.55 22.957 -3203.2
v -5101.63 23.7351 -3203.39
v -5101.22 21.4605 -3203.3
v -5099.17 22.4649 -3204.34
v -5100.55 22.957 -3203.2
v -5101.08 21.3819 -3203.42
v -5099.08 22.4533 -3204.47
v -5099.17 22.4649 -3204.34
v -5101.08 21.3819 -3203.42
v -5100.1 21.193 -3204.94
v -5099.96 21.0874 -3205.03
v -5099.41 20.5207 -3205.45
v -5099.02 22.4225 -3204.5
v -5099.08 22.4533 -3204.47
v -5100.1 21.193 -3204.94
v -5099.25 20.3704 -3205.61
v -5097.85 21.4282 -3205.6
v -5098.76 22.3005 -3204.68
v -5098.89 22.3686 -3204.59
v -5099.51 20.726 -3205.68
v -5099.7 23.2507 -3206.01
v -5098.56 22.3984 -3205.79
v -5100.49 22.1438 -3206.27
v -5099.78 23.3116 -3206.05
v -5099.7 23.2507 -3206.01
v -5100.59 22.3518 -3206.53
v -5100.84 22.6946 -3207.06
v -5099.81 23.3514 -3206.12
v -5099.78 23.3116 -3206.05
v -5100.49 22.1438 -3206.27
v -5100.84 22.6946 -3207.06
v -5100.88 22.9478 -3207.98
v -5099.92 23.8347 -3208
v -5099.81 23.3514 -3206.12
v -5100.88 22.9478 -3207.98
v -5101.8 23.8758 -3208.63
v -5100.09 23.9724 -3208.11
v -5101.8 23.8758 -3208.63
v -5102.79 24.8975 -3209.4
v -5101.99 25.6053 -3209.45
v -5100.09 23.9724 -3208.11
v -5102.79 24.8975 -3209.4
v -5102.84 25.0917 -3210.03
v -5102.31 25.4901 -3209.87
v -5102.01 25.6373 -3209.56
v -5101.99 25.6053 -3209.45
v -5099.7 23.2507 -3206.01
v -5099.78 23.3116 -3206.05
v -5099.81 23.3514 -3206.12
v -5099.92 23.8347 -3208
v -5100.09 23.9724 -3208.11
v -5101.99 25.6053 -3209.45
v -5102.01 25.6373 -3209.56
v -5102.05 25.691 -3209.65
v -5101.86 25.7839 -3210.7
v -5097.63 22.8548 -3210.95
v -5098.56 22.3984 -3205.79
v -5131.33 19.9972 -3212.33
v -5131.87 20.306 -3212.59
v -5132.22 20.3911 -3212.53
v -5132.84 20.2895 -3212.51
v -5135.18 19.9177 -3212.45
v -5135.46 19.7503 -3212.44
v -5135.69 19.7018 -3212.44
v -5132.92 22.6055 -3212.5
v -5132.31 22.4188 -3212.52
v -5130.05 21.8336 -3212.8
v -5129.07 21.4678 -3212.92
v -5128.68 21.1809 -3212.96
v -5128.42 20.9413 -3212.87
v -5129.79 19.4093 -3212.17
v -5129 22.4558 -3224.99
v -5130.37 21.5932 -3226.17
v -5130.31 21.3461 -3226.06
v -5129.95 19.7605 -3225.33
v -5129.5 19.6304 -3224.84
v -5128.64 20.1703 -3224.1
v -5128.46 20.3263 -3223.86
v -5127.59 20.4735 -3222.51
v -5126.85 20.5616 -3221.54
v -5126.18 20.0783 -3220.42
v -5123.93 20.4339 -3219.68
v -5124.44 21.0829 -3220.23
v -5124.62 21.1953 -3220.36
v -5125.36 21.6328 -3220.66
v -5125.72 21.875 -3221.12
v -5126.67 22.5506 -3222.66
v -5126.75 22.6133 -3222.84
v -5127.93 22.5112 -3224.18
v -5128.46 22.5327 -3224.46
v -5128.92 22.5062 -3224.92
v -5123.67 18.3155 -3219.18
v -5121.73 16.5608 -3218.25
v -5121.47 17.5081 -3217.92
v -5121.44 17.5597 -3217.91
v -5123.93 20.4339 -3219.68
v -5126.18 20.0783 -3220.42
v -5124.5 19.0671 -3219.55
v -5121.97 39.5304 -3248.81
v -5121.78 40.006 -3248.8
v -5119.95 39.6323 -3248.8
v -5121.97 39.5304 -3248.81
v -5119.95 39.6323 -3248.8
v -5119.95 39.6408 -3248.87
v -5119.95 39.6408 -3248.87
v -5120.02 39.1331 -3248.81
v -5119.28 42.8847 -3250.09
v -5119.31 42.7139 -3249.45
v -5119.31 42.7761 -3249.19
v -5120.29 41.4492 -3248.62
v -5120.04 42.3664 -3250.25
v -5121.37 41.5352 -3248.62
v -5121.39 41.5339 -3249.21
v -5120.78 42.3452 -3250.29
v -5120.64 41.7361 -3248.62
v -5110.2 42.4129 -3248.6
v -5110.21 42.4024 -3249.21
v -5109.98 42.6278 -3249.7
v -5109.64 42.6341 -3249.68
v -5110.2 42.4129 -3248.6
v -5109.64 42.6341 -3249.68
v -5109.38 43.031 -3249.57
v -5109.85 42.8745 -3248.6
v -5109.38 43.031 -3249.57
v -5109.04 43.2729 -3249.28
v -5109.05 43.2588 -3248.96
v -5109.17 43.2902 -3248.6
v -5109.49 42.9483 -3248.6
v -5109.4 36.972 -3248.81
v -5111.35 37.3693 -3248.81
v -5111.22 37.8652 -3248.87
v -5109.4 36.972 -3248.81
v -5111.22 37.8652 -3248.87
v -5111.22 37.8567 -3248.8
v -5111.22 37.8567 -3248.8
v -5109.38 37.483 -3248.8
v -5111.73 24.022 -3263.3
v -5111.32 24.2254 -3263.18
v -5111.43 24.59 -3261.56
v -5111.69 24.5293 -3261.54
v -5112.47 24.995 -3261.59
v -5112.53 25.0276 -3261.59
v -5112.59 25.0381 -3261.59
v -5112.71 25.1159 -3261.6
v -5112.99 24.5379 -3262.37
v -5113.57 23.3292 -3263.24
v -5113.64 23.2077 -3263.8
v -5113.08 23.5567 -3263.61
v -5112.68 23.7415 -3263.5
v -5134.68 21.0532 -3206.21
v -5132.28 21.3369 -3207.58
v -5131 21.1451 -3207.98
v -5130.46 20.8945 -3208.25
v -5126.83 18.5696 -3209.51
v -5127.04 17.9014 -3209.71
v -5127.16 17.583 -3209.93
v -5134.68 21.0532 -3206.21
v -5127.16 17.583 -3209.93
v -5130.4 19.2627 -3208.97
v -5130.4 19.2627 -3208.97
v -5131.9 19.7337 -3208.74
v -5133 19.8925 -3208.38
v -5133.66 19.8253 -3208.01
v -5134.19 19.6137 -3207.9
v -5136.09 20.326 -3205.75
v -5136.09 20.326 -3205.75
v -5136.03 20.3511 -3205.77
v -5103.78 30.7189 -3249.99
v -5103.79 30.6811 -3250.1
v -5103.57 30.3209 -3250.72
v -5103.04 30.2587 -3250.7
v -5102.85 30.1788 -3250.7
v -5102.88 30.2113 -3250.08
v -5102.89 30.2368 -3249.98
v -5103.78 30.7189 -3249.99
v -5102.89 30.2368 -3249.98
v -5102.95 30.2419 -3249.98
v -5103.33 30.4626 -3249.98
v -5133.87 30.5676 -3250.36
v -5131.22 30.8777 -3252.53
v -5132.12 31.0704 -3249.69
v -5132.99 31.2869 -3249.69
v -5134.35 29.7228 -3249.59
v -5134.39 29.6725 -3249.85
v -5130.62 30.8824 -3252.14
v -5130.61 30.9341 -3249.7
v -5134.64 29.4276 -3251.84
v -5133.56 29.7008 -3253.03
v -5131.53 16.0629 -3259.55
v -5123.29 14.4576 -3259.56
v -5123.08 15.39 -3267.9
v -5131.33 17.0681 -3267.9
v -5106.49 14.5322 -3229.92
v -5105.56 14.4576 -3230.84
v -5104.73 14.4576 -3231.64
v -5104.93 14.4576 -3231.85
v -5105.56 14.666 -3232.5
v -5106.6 14.9473 -3233.05
v -5107.76 14.9081 -3230.87
v -5107.05 14.7175 -3230.49
v -5123.71 25.3904 -3193.22
v -5122.48 25.8316 -3194.04
v -5122.06 27.2355 -3194.12
v -5123.75 26.742 -3192.91
v -5124.38 26.4508 -3192.27
v -5124.84 26.2617 -3191.92
v -5124.15 25.2411 -3193.06
v -5121.03 26.1469 -3194.71
v -5120.14 26.8319 -3195.82
v -5119.86 27.4808 -3195.01
v -5122.06 27.2355 -3194.12
v -5122.48 25.8316 -3194.04
v -5124.39 25.2898 -3193.09
v -5124.15 25.2411 -3193.06
v -5124.84 26.2617 -3191.92
v -5125.82 27.6629 -3194.59
v -5125.95 26.5812 -3195.18
v -5125.82 27.6629 -3194.59
v -5125.14 28.2356 -3195.68
v -5125.58 26.9922 -3195.8
v -5125.95 26.5812 -3195.18
v -5125.59 28.1768 -3197.7
v -5125.74 27.4076 -3196.48
v -5125.58 26.9922 -3195.8
v -5125.14 28.2356 -3195.68
v -5125.22 28.325 -3195.85
v -5125.52 28.8653 -3196.88
v -5125.33 28.4051 -3197.24
v -5141.61 28.4463 -3207.66
v -5138.93 27.9179 -3206.61
v -5138.81 29.9517 -3206.44
v -5141.33 28.8006 -3207.51
v -5139.92 26.6919 -3207.2
v -5142.04 27.7772 -3207.53
v -5140.55 25.7981 -3207.27
v -5143.33 24.6147 -3207.39
v -5143.02 26.3221 -3207.44
v -5136.42 28.9627 -3205.14
v -5137.79 30.3871 -3205.86
v -5143.4 24.1982 -3207.38
v -5140.97 23.6443 -3207.45
v -5110.25 20.791 -3203.91
v -5110.35 21.085 -3201.26
v -5111.56 21.1773 -3201.47
v -5111.11 21.719 -3203.68
v -5112.28 18.5949 -3199.25
v -5112.2 18.768 -3199.65
v -5110.65 19.8081 -3200.29
v -5110.73 17.245 -3201.2
v -5110.71 17.5084 -3200.93
v -5110.48 20.8006 -3222.06
v -5110.4 16.933 -3221.43
v -5114.09 16.3532 -3224.52
v -5114.18 16.6977 -3224.67
v -5111 19.8839 -3222.36
v -5109.38 22.8838 -3221.68
v -5108.24 21.3943 -3220.59
v -5106.81 20.5199 -3219.41
v -5106.14 18.5494 -3218.55
v -5106.29 16.9187 -3218.52
v -5110.4 16.933 -3221.43
v -5110.48 20.8006 -3222.06
v -5109.44 22.4405 -3221.64
v -5107.25 21.0233 -3221.44
v -5109.47 21.0311 -3223.02
v -5109.69 20.7227 -3223.07
v -5109.78 16.4676 -3222.13
v -5105.84 16.4538 -3219.35
v -5105.56 18.4502 -3219.47
v -5106.11 20.3185 -3220.43
v -5113.3 15.9521 -3225.09
v -5109.78 16.4676 -3222.13
v -5109.69 20.7227 -3223.07
v -5110.32 19.6861 -3223.36
v -5113.45 16.664 -3225.44
v -5114.09 16.3532 -3224.52
v -5110.4 16.933 -3221.43
v -5109.78 16.4676 -3222.13
v -5113.3 15.9521 -3225.09
v -5109.38 22.8838 -3221.68
v -5109.44 22.4405 -3221.64
v -5109.47 21.0311 -3223.02
v -5107.25 21.0233 -3221.44
v -5107.49 21.1755 -3221.7
v -5105.56 18.4502 -3219.47
v -5105.08 16.1754 -3218.9
v -5105.79 16.7356 -3218.23
v -5106.14 18.5494 -3218.55
v -5106.81 20.5199 -3219.41
v -5106.11 20.3185 -3220.43
v -5122.07 19.1584 -3195.32
v -5122.48 19.9208 -3194.15
v -5123.03 20.506 -3194.15
v -5123.75 20.4352 -3195.51
v -5123.71 20.8482 -3194.19
v -5124.39 21.0131 -3194.17
v -5124.84 21.5297 -3195.6
v -5124.38 21.1285 -3195.58
v -5119.86 18.2448 -3195.08
v -5120.68 18.0763 -3194.14
v -5121.03 19.1806 -3194.08
v -5125.58 17.8121 -3194.26
v -5125.74 17.0149 -3194.27
v -5125.59 15.5739 -3194.31
v -5125.58 17.8121 -3194.26
v -5125.59 15.5739 -3194.31
v -5125.33 15.86 -3194.74
v -5125.52 15.9362 -3195.32
v -5125.14 17.2912 -3195.39
v -5125.27 20.12 -3194.21
v -5125.95 18.5588 -3194.22
v -5125.58 17.8121 -3194.26
v -5125.27 20.12 -3194.21
v -5125.58 17.8121 -3194.26
v -5125.14 17.2912 -3195.39
v -5125.82 18.5133 -3195.45
v -5124.84 21.5297 -3195.6
v -5124.39 21.0131 -3194.17
v -5124.39 21.0131 -3194.17
v -5125.04 20.614 -3194.15
v -5135.46 19.7503 -3212.44
v -5135.67 19.6284 -3212.46
v -5136.93 18.965 -3213.04
v -5137.29 19.5255 -3212.89
v -5138.12 21.1476 -3213.03
v -5136.65 21.9776 -3212.81
v -5137.86 20.7237 -3213.11
v -5136.2 22.2261 -3212.69
v -5135.93 22.2432 -3212.62
v -5137.86 20.7237 -3213.11
v -5136.65 21.9776 -3212.81
v -5133.04 22.648 -3212.51
v -5132.92 22.6055 -3212.5
v -5135.93 22.2432 -3212.62
v -5127.23 18.502 -3213.1
v -5128.58 19.1818 -3212.63
v -5128.89 19.2935 -3212.52
v -5127.89 20.6123 -3213.06
v -5125.38 17.1235 -3212.71
v -5127 18.3323 -3213.06
v -5125.22 17.4031 -3212.74
v -5127 18.3323 -3213.06
v -5127.17 18.4536 -3213.08
v -5125.89 18.7059 -3212.37
v -5125.08 18.0593 -3212.34
v -5125.22 17.4031 -3212.74
v -5127.19 18.4713 -3213.1
v -5126.38 19.3209 -3212.82
v -5125.89 18.7059 -3212.37
v -5135.93 22.2432 -3212.62
v -5136.2 22.2261 -3212.69
v -5135.2 23.1197 -3215.09
v -5132.52 23.1131 -3213.76
v -5133.04 22.648 -3212.51
v -5136.65 21.9776 -3212.81
v -5138.12 21.1476 -3213.03
v -5137.99 21.3004 -3213.63
v -5135.2 23.1197 -3215.09
v -5136.2 22.2261 -3212.69
v -5135.55 18.2058 -3225.06
v -5133.77 19.1124 -3223.97
v -5134.25 21.2971 -3225.02
v -5136.03 20.3905 -3226.1
v -5133.77 19.1124 -3223.97
v -5132.84 19.4749 -3223.64
v -5133.32 21.6596 -3224.69
v -5134.25 21.2971 -3225.02
v -5131.81 19.6833 -3223.68
v -5132.29 21.868 -3224.72
v -5130.84 19.7059 -3224.07
v -5131.31 21.8905 -3225.12
v -5130.07 19.5392 -3224.77
v -5130.54 21.7239 -3225.82
v -5141.19 17.7649 -3229.23
v -5141.9 18.057 -3228.3
v -5141.2 15.7782 -3227.55
v -5140.71 15.5802 -3228.19
v -5135.95 18.0063 -3225.29
v -5140.71 15.5802 -3228.19
v -5141.2 15.7782 -3227.55
v -5136.43 18.2042 -3224.66
v -5140.71 15.5802 -3228.19
v -5135.95 18.0063 -3225.29
v -5136.42 20.191 -3226.34
v -5141.19 17.7649 -3229.23
v -5137.14 20.4831 -3225.41
v -5141.9 18.057 -3228.3
v -5141.19 17.7649 -3229.23
v -5136.42 20.191 -3226.34
v -5136.69 20.4968 -3225.11
v -5137.08 20.2973 -3225.35
v -5136.5 20.0613 -3226.1
v -5136.11 20.2608 -3225.86
v -5136.1 18.2329 -3225.22
v -5135.71 18.4324 -3224.99
v -5136.11 20.2608 -3225.86
v -5136.5 20.0613 -3226.1
v -5135.71 18.4324 -3224.99
v -5136.1 18.2329 -3225.22
v -5136.49 18.39 -3224.72
v -5136.1 18.5895 -3224.48
v -5129.87 19.3945 -3225.16
v -5130.07 19.5392 -3224.77
v -5130.57 21.188 -3221.1
v -5128.46 20.3263 -3223.86
v -5128.64 20.1703 -3224.1
v -5129.5 19.6304 -3224.84
v -5130.84 19.7059 -3224.07
v -5131.81 19.6833 -3223.68
v -5133.77 19.1124 -3223.97
v -5135.55 18.2058 -3225.06
v -5136.04 18.4037 -3224.42
v -5132.84 19.4749 -3223.64
v -5134.25 21.2971 -3225.02
v -5131.28 23.4669 -3221.85
v -5136.75 20.6826 -3225.17
v -5136.03 20.3905 -3226.1
v -5133.32 21.6596 -3224.69
v -5132.29 21.868 -3224.72
v -5130.54 21.7239 -3225.82
v -5131.31 21.8905 -3225.12
v -5136.75 20.6826 -3225.17
v -5136.69 20.4968 -3225.11
v -5136.11 20.2608 -3225.86
v -5136.03 20.3905 -3226.1
v -5136.42 20.191 -3226.34
v -5136.5 20.0613 -3226.1
v -5137.08 20.2973 -3225.35
v -5136.42 20.191 -3226.34
v -5137.08 20.2973 -3225.35
v -5137.14 20.4831 -3225.41
v -5135.95 18.0063 -3225.29
v -5136.1 18.2329 -3225.22
v -5136.5 20.0613 -3226.1
v -5136.42 20.191 -3226.34
v -5136.03 20.3905 -3226.1
v -5136.11 20.2608 -3225.86
v -5135.71 18.4324 -3224.99
v -5135.55 18.2058 -3225.06
v -5135.55 18.2058 -3225.06
v -5135.71 18.4324 -3224.99
v -5136.1 18.5895 -3224.48
v -5136.04 18.4037 -3224.42
v -5136.43 18.2042 -3224.66
v -5136.49 18.39 -3224.72
v -5136.1 18.2329 -3225.22
v -5135.95 18.0063 -3225.29
v -5128.46 20.3263 -3223.86
v -5130.57 21.188 -3221.1
v -5128.33 21.1667 -3219.6
v -5126.85 20.5616 -3221.54
v -5127.59 20.4735 -3222.51
v -5126.85 20.5616 -3221.54
v -5125.87 19.6232 -3217.77
v -5124.5 19.0671 -3219.55
v -5126.18 20.0783 -3220.42
v -5136.84 18.1677 -3223.95
v -5141.61 15.7417 -3226.84
v -5142.51 18.0032 -3227.25
v -5137.75 20.4292 -3224.36
v -5139.16 18.1278 -3219.05
v -5137.38 19.0344 -3217.97
v -5138.28 21.2959 -3218.38
v -5140.06 20.3893 -3219.46
v -5137.38 19.0344 -3217.97
v -5136.47 19.4555 -3217.66
v -5137.37 21.7169 -3218.06
v -5138.28 21.2959 -3218.38
v -5135.49 19.8306 -3217.75
v -5136.39 22.0921 -3218.15
v -5134.59 20.1028 -3218.22
v -5135.49 22.3643 -3218.63
v -5133.91 20.2306 -3219.02
v -5134.81 22.4921 -3219.43
v -5133.91 20.2306 -3219.02
v -5133.55 20.1944 -3220.01
v -5134.46 22.4559 -3220.42
v -5134.81 22.4921 -3219.43
v -5133.57 20 -3221.04
v -5134.48 22.2614 -3221.45
v -5133.96 19.6767 -3221.96
v -5134.87 21.9382 -3222.37
v -5134.67 19.2739 -3222.63
v -5135.57 21.5354 -3223.04
v -5141.61 15.7417 -3226.84
v -5142.51 18.0032 -3227.25
v -5137.75 20.4292 -3224.36
v -5142.51 18.0032 -3227.25
v -5141.9 18.057 -3228.3
v -5137.14 20.4831 -3225.41
v -5136.43 18.2042 -3224.66
v -5141.2 15.7782 -3227.55
v -5141.61 15.7417 -3226.84
v -5136.84 18.1677 -3223.95
v -5145.22 17.7637 -3222.59
v -5145.83 17.7099 -3221.54
v -5144.73 15.4657 -3221.47
v -5144.32 15.5022 -3222.18
v -5139.55 17.9283 -3219.29
v -5144.32 15.5022 -3222.18
v -5144.73 15.4657 -3221.47
v -5139.96 17.8918 -3218.58
v -5144.32 15.5022 -3222.18
v -5139.55 17.9283 -3219.29
v -5140.46 20.1898 -3219.7
v -5145.22 17.7637 -3222.59
v -5141.06 20.1359 -3218.65
v -5145.83 17.7099 -3221.54
v -5145.22 17.7637 -3222.59
v -5140.46 20.1898 -3219.7
v -5140.58 20.1525 -3218.41
v -5140.97 19.953 -3218.64
v -5140.48 19.9965 -3219.49
v -5140.09 20.196 -3219.25
v -5139.73 18.1037 -3219.15
v -5139.33 18.3032 -3218.91
v -5140.09 20.196 -3219.25
v -5140.48 19.9965 -3219.49
v -5139.33 18.3032 -3218.91
v -5139.73 18.1037 -3219.15
v -5140.05 18.0748 -3218.59
v -5139.66 18.2743 -3218.35
v -5134.67 19.2739 -3222.63
v -5130.57 21.188 -3221.1
v -5136.04 18.4037 -3224.42
v -5136.45 18.3672 -3223.71
v -5133.96 19.6767 -3221.96
v -5133.57 20 -3221.04
v -5133.55 20.1944 -3220.01
v -5133.91 20.2306 -3219.02
v -5134.1 20.8756 -3215.02
v -5134.59 20.1028 -3218.22
v -5135.49 19.8306 -3217.75
v -5137.38 19.0344 -3217.97
v -5139.16 18.1278 -3219.05
v -5139.57 18.0913 -3218.34
v -5136.47 19.4555 -3217.66
v -5134.67 19.2739 -3222.63
v -5136.45 18.3672 -3223.71
v -5137.36 20.6287 -3224.12
v -5135.57 21.5354 -3223.04
v -5138.28 21.2959 -3218.38
v -5135.2 23.1197 -3215.09
v -5140.67 20.3354 -3218.41
v -5140.06 20.3893 -3219.46
v -5137.37 21.7169 -3218.06
v -5136.39 22.0921 -3218.15
v -5131.28 23.4669 -3221.85
v -5135.57 21.5354 -3223.04
v -5137.36 20.6287 -3224.12
v -5136.75 20.6826 -3225.17
v -5134.87 21.9382 -3222.37
v -5134.48 22.2614 -3221.45
v -5134.46 22.4559 -3220.42
v -5134.81 22.4921 -3219.43
v -5135.49 22.3643 -3218.63
v -5137.18 20.4533 -3224.26
v -5137.57 20.2538 -3224.5
v -5137.08 20.2973 -3225.35
v -5136.69 20.4968 -3225.11
v -5136.42 18.5605 -3223.92
v -5136.82 18.361 -3224.16
v -5137.57 20.2538 -3224.5
v -5137.18 20.4533 -3224.26
v -5136.1 18.5895 -3224.48
v -5136.49 18.39 -3224.72
v -5136.82 18.361 -3224.16
v -5136.42 18.5605 -3223.92
v -5140.67 20.3354 -3218.41
v -5140.58 20.1525 -3218.41
v -5140.09 20.196 -3219.25
v -5140.06 20.3893 -3219.46
v -5140.46 20.1898 -3219.7
v -5140.48 19.9965 -3219.49
v -5140.97 19.953 -3218.64
v -5140.46 20.1898 -3219.7
v -5140.97 19.953 -3218.64
v -5141.06 20.1359 -3218.65
v -5139.55 17.9283 -3219.29
v -5139.73 18.1037 -3219.15
v -5140.48 19.9965 -3219.49
v -5140.46 20.1898 -3219.7
v -5140.06 20.3893 -3219.46
v -5140.09 20.196 -3219.25
v -5139.33 18.3032 -3218.91
v -5139.16 18.1278 -3219.05
v -5139.16 18.1278 -3219.05
v -5139.33 18.3032 -3218.91
v -5139.66 18.2743 -3218.35
v -5139.57 18.0913 -3218.34
v -5139.96 17.8918 -3218.58
v -5140.05 18.0748 -3218.59
v -5139.73 18.1037 -3219.15
v -5139.55 17.9283 -3219.29
v -5137.36 20.6287 -3224.12
v -5137.18 20.4533 -3224.26
v -5136.69 20.4968 -3225.11
v -5136.75 20.6826 -3225.17
v -5137.14 20.4831 -3225.41
v -5137.08 20.2973 -3225.35
v -5137.57 20.2538 -3224.5
v -5137.75 20.4292 -3224.36
v -5136.45 18.3672 -3223.71
v -5136.42 18.5605 -3223.92
v -5137.18 20.4533 -3224.26
v -5137.36 20.6287 -3224.12
v -5137.75 20.4292 -3224.36
v -5137.57 20.2538 -3224.5
v -5136.82 18.361 -3224.16
v -5136.84 18.1677 -3223.95
v -5136.04 18.4037 -3224.42
v -5136.1 18.5895 -3224.48
v -5136.42 18.5605 -3223.92
v -5136.04 18.4037 -3224.42
v -5136.42 18.5605 -3223.92
v -5136.45 18.3672 -3223.71
v -5136.84 18.1677 -3223.95
v -5136.82 18.361 -3224.16
v -5136.49 18.39 -3224.72
v -5136.43 18.2042 -3224.66
v -5140.26 17.6245 -3217.86
v -5145.03 15.1984 -3220.76
v -5146.27 17.3154 -3220.48
v -5141.51 19.7414 -3217.59
v -5137.86 20.7237 -3213.11
v -5137.29 19.5255 -3212.89
v -5136.93 18.965 -3213.04
v -5136.74 19.1835 -3213.9
v -5137.99 21.3004 -3213.63
v -5138.12 21.1476 -3213.03
v -5136.88 19.2348 -3214.95
v -5138.12 21.3517 -3214.68
v -5137.36 19.0757 -3215.87
v -5138.6 21.1927 -3215.6
v -5138.09 18.7306 -3216.54
v -5139.33 20.8475 -3216.27
v -5145.03 15.1984 -3220.76
v -5146.27 17.3154 -3220.48
v -5141.51 19.7414 -3217.59
v -5146.27 17.3154 -3220.48
v -5145.83 17.7099 -3221.54
v -5141.06 20.1359 -3218.65
v -5139.96 17.8918 -3218.58
v -5144.73 15.4657 -3221.47
v -5145.03 15.1984 -3220.76
v -5140.26 17.6245 -3217.86
v -5138.09 18.7306 -3216.54
v -5134.1 20.8756 -3215.02
v -5139.57 18.0913 -3218.34
v -5139.87 17.824 -3217.62
v -5137.36 19.0757 -3215.87
v -5136.88 19.2348 -3214.95
v -5136.74 19.1835 -3213.9
v -5135.18 19.9177 -3212.45
v -5136.93 18.965 -3213.04
v -5135.67 19.6284 -3212.46
v -5135.46 19.7503 -3212.44
v -5138.09 18.7306 -3216.54
v -5139.87 17.824 -3217.62
v -5141.11 19.9409 -3217.35
v -5139.33 20.8475 -3216.27
v -5139.33 20.8475 -3216.27
v -5141.11 19.9409 -3217.35
v -5140.67 20.3354 -3218.41
v -5138.6 21.1927 -3215.6
v -5138.12 21.3517 -3214.68
v -5140.94 19.8338 -3217.55
v -5141.33 19.6343 -3217.79
v -5140.97 19.953 -3218.64
v -5140.58 20.1525 -3218.41
v -5139.9 18.062 -3217.78
v -5140.29 17.8625 -3218.02
v -5141.33 19.6343 -3217.79
v -5140.94 19.8338 -3217.55
v -5139.66 18.2743 -3218.35
v -5140.05 18.0748 -3218.59
v -5140.29 17.8625 -3218.02
v -5139.9 18.062 -3217.78
v -5141.11 19.9409 -3217.35
v -5140.94 19.8338 -3217.55
v -5140.58 20.1525 -3218.41
v -5140.67 20.3354 -3218.41
v -5141.06 20.1359 -3218.65
v -5140.97 19.953 -3218.64
v -5141.33 19.6343 -3217.79
v -5141.51 19.7414 -3217.59
v -5139.87 17.824 -3217.62
v -5139.9 18.062 -3217.78
v -5140.94 19.8338 -3217.55
v -5141.11 19.9409 -3217.35
v -5141.51 19.7414 -3217.59
v -5141.33 19.6343 -3217.79
v -5140.29 17.8625 -3218.02
v -5140.26 17.6245 -3217.86
v -5139.57 18.0913 -3218.34
v -5139.66 18.2743 -3218.35
v -5139.9 18.062 -3217.78
v -5139.57 18.0913 -3218.34
v -5139.9 18.062 -3217.78
v -5139.87 17.824 -3217.62
v -5140.26 17.6245 -3217.86
v -5140.29 17.8625 -3218.02
v -5140.05 18.0748 -3218.59
v -5139.96 17.8918 -3218.58
v -5131.28 23.4669 -3221.85
v -5128.79 23.4432 -3220.18
v -5132.52 23.1131 -3213.76
v -5135.2 23.1197 -3215.09
v -5130.05 21.8336 -3212.8
v -5126.04 21.7361 -3218.14
v -5129.07 21.4678 -3212.92
v -5128.68 21.1809 -3212.96
v -5123.1 18.2347 -3215.75
v -5125.08 18.0593 -3212.34
v -5125.89 18.7059 -3212.37
v -5126.38 19.3209 -3212.82
v -5127.89 20.6123 -3213.06
v -5128.42 20.9413 -3212.87
v -5125.22 17.4031 -3212.74
v -5125.08 18.0593 -3212.34
v -5123.1 18.2347 -3215.75
v -5123.52 17.2886 -3215.92
v -5125.38 17.1235 -3212.71
v -5130.57 21.188 -3221.1
v -5134.1 20.8756 -3215.02
v -5131.69 20.8696 -3213.82
v -5128.33 21.1667 -3219.6
v -5128.81 19.3629 -3212.7
v -5125.87 19.6232 -3217.77
v -5127.17 18.4536 -3213.08
v -5127 18.3323 -3213.06
v -5125.38 17.1235 -3212.71
v -5123.52 17.2886 -3215.92
v -5128.58 19.1818 -3212.63
v -5127.23 18.502 -3213.1
v -5127.19 18.4713 -3213.1
v -5133.04 22.648 -3212.51
v -5130.05 21.8336 -3212.8
v -5132.31 22.4188 -3212.52
v -5132.92 22.6055 -3212.5
v -5132.22 20.3911 -3212.53
v -5131.69 20.8696 -3213.82
v -5134.1 20.8756 -3215.02
v -5135.18 19.9177 -3212.45
v -5132.84 20.2895 -3212.51
v -5128.89 19.2935 -3212.52
v -5128.81 19.3629 -3212.7
v -5131.87 20.306 -3212.59
v -5131.33 19.9972 -3212.33
v -5129.79 19.4093 -3212.17
v -5128.58 19.1818 -3212.63
v -5128.92 22.5062 -3224.92
v -5130.37 21.5932 -3226.17
v -5129 22.4558 -3224.99
v -5129.95 19.7605 -3225.33
v -5130.31 21.3461 -3226.06
v -5130.37 21.5932 -3226.17
v -5130.54 21.7239 -3225.82
v -5130.07 19.5392 -3224.77
v -5129.87 19.3945 -3225.16
v -5123.67 18.3155 -3219.18
v -5124.5 19.0671 -3219.55
v -5123.52 17.2886 -3215.92
v -5121.73 16.5608 -3218.25
v -5121.47 17.5081 -3217.92
v -5121.73 16.5608 -3218.25
v -5123.52 17.2886 -3215.92
v -5123.1 18.2347 -3215.75
v -5121.44 17.5597 -3217.91
v -5123.93 20.4339 -3219.68
v -5121.44 17.5597 -3217.91
v -5123.1 18.2347 -3215.75
v -5126.04 21.7361 -3218.14
v -5124.44 21.0829 -3220.23
v -5125.72 21.875 -3221.12
v -5125.36 21.6328 -3220.66
v -5124.62 21.1953 -3220.36
v -5124.44 21.0829 -3220.23
v -5128.79 23.4432 -3220.18
v -5126.75 22.6133 -3222.84
v -5126.67 22.5506 -3222.66
v -5127.93 22.5112 -3224.18
v -5131.28 23.4669 -3221.85
v -5128.92 22.5062 -3224.92
v -5128.46 22.5327 -3224.46
v -5129.87 19.3945 -3225.16
v -5125.12 14.4576 -3257.15
v -5131.7 15.7965 -3257.15
v -5131.9 14.7892 -3248.78
v -5130.27 14.4576 -3248.78
v -5121.97 39.5304 -3248.81
v -5121.92 39.7682 -3250.78
v -5121.74 40.2298 -3250.66
v -5121.78 40.006 -3248.8
v -5121.92 39.7682 -3250.78
v -5119.97 39.3709 -3250.78
v -5119.9 39.8561 -3250.66
v -5121.74 40.2298 -3250.66
v -5119.97 39.3709 -3250.78
v -5120.02 39.1331 -3248.81
v -5119.95 39.6408 -3248.87
v -5119.95 39.6323 -3248.8
v -5119.9 39.8561 -3250.66
v -5125.71 30.5096 -3248.69
v -5125.6 31.0547 -3253.22
v -5122.1 39.8257 -3250.96
v -5122.16 39.5463 -3248.63
v -5125.6 31.0547 -3253.22
v -5121.09 30.1355 -3253.22
v -5119.78 39.3545 -3250.96
v -5122.1 39.8257 -3250.96
v -5121.09 30.1355 -3253.22
v -5121.2 29.5904 -3248.69
v -5119.84 39.0751 -3248.63
v -5119.78 39.3545 -3250.96
v -5121.2 29.5904 -3248.69
v -5125.71 30.5096 -3248.69
v -5122.16 39.5463 -3248.63
v -5119.84 39.0751 -3248.63
v -5125.72 30.0181 -3248.86
v -5125.61 30.5355 -3253.16
v -5125.43 30.9972 -3253.05
v -5125.53 30.4937 -3248.86
v -5125.61 30.5355 -3253.16
v -5121.34 29.6666 -3253.16
v -5121.27 30.1518 -3253.05
v -5125.43 30.9972 -3253.05
v -5121.34 29.6666 -3253.16
v -5121.45 29.1491 -3248.86
v -5121.37 29.6483 -3248.86
v -5121.27 30.1518 -3253.05
v -5121.45 29.1491 -3248.86
v -5125.72 30.0181 -3248.86
v -5125.53 30.4937 -3248.86
v -5121.37 29.6483 -3248.86
v -5131.7 15.7965 -3257.15
v -5129.48 21.3604 -3255.72
v -5129.65 20.5217 -3248.75
v -5131.9 14.7892 -3248.78
v -5123.3 14.4576 -3257.06
v -5122.52 19.946 -3255.72
v -5129.48 21.3604 -3255.72
v -5131.7 15.7965 -3257.15
v -5125.12 14.4576 -3257.15
v -5123.36 14.4576 -3248.77
v -5122.7 19.1072 -3248.75
v -5122.52 19.946 -3255.72
v -5123.3 14.4576 -3257.06
v -5130.27 14.4576 -3248.78
v -5131.9 14.7892 -3248.78
v -5129.65 20.5217 -3248.75
v -5122.7 19.1072 -3248.75
v -5123.36 14.4576 -3248.77
v -5122.46 20.4312 -3255.6
v -5122.62 19.6064 -3248.74
v -5121.27 29.0912 -3248.69
v -5121.15 29.6502 -3253.34
v -5129.29 21.822 -3255.6
v -5122.46 20.4312 -3255.6
v -5121.15 29.6502 -3253.34
v -5125.79 30.593 -3253.34
v -5129.46 20.9973 -3248.74
v -5129.29 21.822 -3255.6
v -5125.79 30.593 -3253.34
v -5125.9 30.034 -3248.69
v -5122.62 19.6064 -3248.74
v -5129.46 20.9973 -3248.74
v -5125.9 30.034 -3248.69
v -5121.27 29.0912 -3248.69
v -5122.71 19.9623 -3255.55
v -5122.87 19.1652 -3248.92
v -5122.8 19.6644 -3248.92
v -5122.64 20.4475 -3255.43
v -5129.3 21.3029 -3255.55
v -5122.71 19.9623 -3255.55
v -5122.64 20.4475 -3255.43
v -5129.12 21.7645 -3255.43
v -5129.46 20.5057 -3248.92
v -5129.3 21.3029 -3255.55
v -5129.12 21.7645 -3255.43
v -5129.28 20.9814 -3248.92
v -5122.87 19.1652 -3248.92
v -5129.46 20.5057 -3248.92
v -5129.28 20.9814 -3248.92
v -5122.8 19.6644 -3248.92
v -5122.16 39.5463 -3248.63
v -5122.1 39.8257 -3250.96
v -5121.92 39.7682 -3250.78
v -5121.97 39.5304 -3248.81
v -5121.91 40.2873 -3250.84
v -5121.97 40.0219 -3248.63
v -5121.78 40.006 -3248.8
v -5121.74 40.2298 -3250.66
v -5119.78 39.3545 -3250.96
v -5119.97 39.3709 -3250.78
v -5119.71 39.8397 -3250.84
v -5119.9 39.8561 -3250.66
v -5119.84 39.0751 -3248.63
v -5120.02 39.1331 -3248.81
v -5119.77 39.5743 -3248.63
v -5119.95 39.6323 -3248.8
v -5125.9 30.034 -3248.69
v -5125.79 30.593 -3253.34
v -5125.61 30.5355 -3253.16
v -5125.72 30.0181 -3248.86
v -5125.6 31.0547 -3253.22
v -5125.71 30.5096 -3248.69
v -5125.53 30.4937 -3248.86
v -5125.43 30.9972 -3253.05
v -5121.15 29.6502 -3253.34
v -5121.34 29.6666 -3253.16
v -5121.09 30.1355 -3253.22
v -5121.27 30.1518 -3253.05
v -5121.27 29.0912 -3248.69
v -5121.45 29.1491 -3248.86
v -5121.2 29.5904 -3248.69
v -5121.37 29.6483 -3248.86
v -5122.52 19.946 -3255.72
v -5122.7 19.1072 -3248.75
v -5122.87 19.1652 -3248.92
v -5122.71 19.9623 -3255.55
v -5122.62 19.6064 -3248.74
v -5122.46 20.4312 -3255.6
v -5122.64 20.4475 -3255.43
v -5122.8 19.6644 -3248.92
v -5129.48 21.3604 -3255.72
v -5129.3 21.3029 -3255.55
v -5129.29 21.822 -3255.6
v -5129.12 21.7645 -3255.43
v -5129.65 20.5217 -3248.75
v -5129.46 20.5057 -3248.92
v -5129.46 20.9973 -3248.74
v -5129.28 20.9814 -3248.92
v -5121.91 40.2873 -3250.84
v -5119.71 39.8397 -3250.84
v -5119.28 42.8847 -3250.09
v -5120.04 42.3664 -3250.25
v -5121.48 41.3813 -3250.55
v -5121.48 41.3813 -3250.55
v -5120.04 42.3664 -3250.25
v -5120.78 42.3452 -3250.29
v -5121.97 40.0219 -3248.63
v -5121.91 40.2873 -3250.84
v -5121.48 41.3813 -3250.55
v -5121.6 41.0354 -3250.07
v -5121.97 40.0219 -3248.63
v -5121.6 41.0354 -3250.07
v -5121.39 41.5339 -3249.21
v -5121.37 41.5352 -3248.62
v -5119.77 39.5743 -3248.63
v -5121.97 40.0219 -3248.63
v -5121.37 41.5352 -3248.62
v -5120.64 41.7361 -3248.62
v -5120.29 41.4492 -3248.62
v -5119.45 41.7862 -3248.62
v -5119.71 39.8397 -3250.84
v -5119.77 39.5743 -3248.63
v -5119.45 41.7862 -3248.62
v -5119.31 42.7761 -3249.19
v -5119.31 42.7139 -3249.45
v -5119.28 42.8847 -3250.09
v -5121.6 41.0354 -3250.07
v -5119.31 42.7761 -3249.19
v -5119.45 41.7862 -3248.62
v -5120.29 41.4492 -3248.62
v -5121.6 41.0354 -3250.07
v -5121.48 41.3813 -3250.55
v -5120.78 42.3452 -3250.29
v -5109.15 37.6909 -3250.84
v -5109.04 43.1794 -3249.52
v -5109.38 43.031 -3249.57
v -5109.64 42.6341 -3249.68
v -5109.98 42.6278 -3249.7
v -5110.29 42.1117 -3249.84
v -5111.35 38.1385 -3250.84
v -5111.35 38.1385 -3250.84
v -5110.29 42.1117 -3249.84
v -5110.21 42.4024 -3249.21
v -5110.28 42.1261 -3248.85
v -5110.2 42.4129 -3248.6
v -5111.41 37.8731 -3248.63
v -5111.41 37.8731 -3248.63
v -5110.2 42.4129 -3248.6
v -5109.85 42.8745 -3248.6
v -5109.49 42.9483 -3248.6
v -5109.17 43.2902 -3248.6
v -5109.06 43.078 -3248.6
v -5109.21 37.4255 -3248.63
v -5109.21 37.4255 -3248.63
v -5109.06 43.078 -3248.6
v -5109.05 43.2588 -3248.96
v -5109.04 43.2729 -3249.28
v -5109.04 43.1794 -3249.52
v -5109.15 37.6909 -3250.84
v -5109.38 43.031 -3249.57
v -5109.49 42.9483 -3248.6
v -5109.85 42.8745 -3248.6
v -5109.98 42.6278 -3249.7
v -5110.21 42.4024 -3249.21
v -5110.29 42.1117 -3249.84
v -5110.2 42.4129 -3248.6
v -5110.28 42.1261 -3248.85
v -5110.21 42.4024 -3249.21
v -5109.38 43.031 -3249.57
v -5109.04 43.1794 -3249.52
v -5109.04 43.2729 -3249.28
v -5109.05 43.2588 -3248.96
v -5109.06 43.078 -3248.6
v -5109.17 43.2902 -3248.6
v -5109.4 36.972 -3248.81
v -5109.38 37.483 -3248.8
v -5109.34 37.7068 -3250.66
v -5109.35 37.2098 -3250.78
v -5109.35 37.2098 -3250.78
v -5109.34 37.7068 -3250.66
v -5111.17 38.0805 -3250.66
v -5111.3 37.6071 -3250.78
v -5111.3 37.6071 -3250.78
v -5111.17 38.0805 -3250.66
v -5111.22 37.8567 -3248.8
v -5111.22 37.8652 -3248.87
v -5111.35 37.3693 -3248.81
v -5109.48 27.2057 -3248.69
v -5109.22 36.9145 -3248.63
v -5109.16 37.1939 -3250.96
v -5109.36 27.7508 -3253.22
v -5109.36 27.7508 -3253.22
v -5109.16 37.1939 -3250.96
v -5111.48 37.665 -3250.96
v -5113.88 28.67 -3253.22
v -5113.88 28.67 -3253.22
v -5111.48 37.665 -3250.96
v -5111.54 37.3857 -3248.63
v -5113.99 28.1249 -3248.69
v -5113.99 28.1249 -3248.69
v -5111.54 37.3857 -3248.63
v -5109.22 36.9145 -3248.63
v -5109.48 27.2057 -3248.69
v -5109.67 26.7522 -3248.86
v -5109.65 27.2632 -3248.86
v -5109.55 27.7667 -3253.05
v -5109.56 27.2697 -3253.16
v -5109.56 27.2697 -3253.16
v -5109.55 27.7667 -3253.05
v -5113.7 28.6121 -3253.05
v -5113.83 28.1386 -3253.16
v -5113.83 28.1386 -3253.16
v -5113.7 28.6121 -3253.05
v -5113.81 28.1086 -3248.86
v -5113.94 27.6212 -3248.86
v -5113.94 27.6212 -3248.86
v -5113.81 28.1086 -3248.86
v -5109.65 27.2632 -3248.86
v -5109.67 26.7522 -3248.86
v -5109.81 14.4576 -3248.76
v -5109.76 16.4749 -3248.75
v -5109.59 17.3137 -3255.72
v -5109.65 14.4576 -3256.4
v -5109.65 14.4576 -3256.4
v -5109.59 17.3137 -3255.72
v -5116.54 18.7281 -3255.72
v -5117.68 14.4576 -3256.79
v -5117.68 14.4576 -3256.79
v -5116.54 18.7281 -3255.72
v -5116.71 17.8894 -3248.75
v -5117.62 14.4576 -3248.77
v -5117.62 14.4576 -3248.77
v -5116.71 17.8894 -3248.75
v -5109.76 16.4749 -3248.75
v -5109.81 14.4576 -3248.76
v -5116.41 19.2016 -3255.6
v -5114.01 28.1966 -3253.34
v -5114.12 27.6375 -3248.69
v -5116.58 18.3768 -3248.74
v -5109.58 17.8107 -3255.6
v -5109.38 27.2538 -3253.34
v -5114.01 28.1966 -3253.34
v -5116.41 19.2016 -3255.6
v -5109.74 16.9859 -3248.74
v -5109.49 26.6947 -3248.69
v -5109.38 27.2538 -3253.34
v -5109.58 17.8107 -3255.6
v -5116.58 18.3768 -3248.74
v -5114.12 27.6375 -3248.69
v -5109.49 26.6947 -3248.69
v -5109.74 16.9859 -3248.74
v -5116.36 18.6702 -3255.55
v -5116.23 19.1436 -3255.43
v -5116.39 18.3604 -3248.92
v -5116.52 17.873 -3248.92
v -5109.77 17.3296 -3255.55
v -5109.76 17.8266 -3255.43
v -5116.23 19.1436 -3255.43
v -5116.36 18.6702 -3255.55
v -5109.93 16.5324 -3248.92
v -5109.92 17.0434 -3248.92
v -5109.76 17.8266 -3255.43
v -5109.77 17.3296 -3255.55
v -5116.52 17.873 -3248.92
v -5116.39 18.3604 -3248.92
v -5109.92 17.0434 -3248.92
v -5109.93 16.5324 -3248.92
v -5109.22 36.9145 -3248.63
v -5109.4 36.972 -3248.81
v -5109.35 37.2098 -3250.78
v -5109.16 37.1939 -3250.96
v -5109.15 37.6909 -3250.84
v -5109.34 37.7068 -3250.66
v -5109.38 37.483 -3248.8
v -5109.21 37.4255 -3248.63
v -5111.3 37.6071 -3250.78
v -5111.48 37.665 -3250.96
v -5111.35 38.1385 -3250.84
v -5111.17 38.0805 -3250.66
v -5111.35 37.3693 -3248.81
v -5111.54 37.3857 -3248.63
v -5111.41 37.8731 -3248.63
v -5111.22 37.8567 -3248.8
v -5109.49 26.6947 -3248.69
v -5109.67 26.7522 -3248.86
v -5109.56 27.2697 -3253.16
v -5109.38 27.2538 -3253.34
v -5109.36 27.7508 -3253.22
v -5109.55 27.7667 -3253.05
v -5109.65 27.2632 -3248.86
v -5109.48 27.2057 -3248.69
v -5113.83 28.1386 -3253.16
v -5114.01 28.1966 -3253.34
v -5113.88 28.67 -3253.22
v -5113.7 28.6121 -3253.05
v -5113.94 27.6212 -3248.86
v -5114.12 27.6375 -3248.69
v -5113.99 28.1249 -3248.69
v -5113.81 28.1086 -3248.86
v -5116.54 18.7281 -3255.72
v -5116.36 18.6702 -3255.55
v -5116.52 17.873 -3248.92
v -5116.71 17.8894 -3248.75
v -5116.58 18.3768 -3248.74
v -5116.39 18.3604 -3248.92
v -5116.23 19.1436 -3255.43
v -5116.41 19.2016 -3255.6
v -5109.59 17.3137 -3255.72
v -5109.77 17.3296 -3255.55
v -5109.76 17.8266 -3255.43
v -5109.58 17.8107 -3255.6
v -5109.76 16.4749 -3248.75
v -5109.93 16.5324 -3248.92
v -5109.92 17.0434 -3248.92
v -5109.74 16.9859 -3248.74
v -5109.83 14.4576 -3267.16
v -5110.48 18.6868 -3265.44
v -5115.3 19.668 -3265.44
v -5117.74 14.4576 -3267.84
v -5110.67 18.6422 -3260.64
v -5110.83 18.6957 -3260.8
v -5115.03 19.5508 -3260.8
v -5115.2 19.5649 -3260.64
v -5115.42 19.0802 -3260.55
v -5115.25 19.0662 -3260.72
v -5110.76 18.1525 -3260.72
v -5110.6 18.099 -3260.55
v -5115.2 19.5649 -3260.64
v -5115.03 19.5508 -3260.8
v -5114.92 20.0629 -3265.06
v -5115.09 20.1176 -3265.23
v -5115.3 19.668 -3265.44
v -5115.13 19.6134 -3265.27
v -5115.25 19.0662 -3260.72
v -5115.42 19.0802 -3260.55
v -5115.09 20.1176 -3265.23
v -5114.92 20.0629 -3265.06
v -5110.72 19.2079 -3265.06
v -5110.55 19.1949 -3265.23
v -5110.48 18.6868 -3265.44
v -5110.64 18.6997 -3265.27
v -5115.13 19.6134 -3265.27
v -5115.3 19.668 -3265.44
v -5110.55 19.1949 -3265.23
v -5110.72 19.2079 -3265.06
v -5110.83 18.6957 -3260.8
v -5110.67 18.6422 -3260.64
v -5110.6 18.099 -3260.55
v -5110.76 18.1525 -3260.72
v -5110.64 18.6997 -3265.27
v -5110.48 18.6868 -3265.44
v -5117.5 14.4576 -3259.75
v -5115.42 19.0802 -3260.55
v -5110.6 18.099 -3260.55
v -5110.13 14.4576 -3259.99
v -5117.74 14.4576 -3267.84
v -5115.3 19.668 -3265.44
v -5115.42 19.0802 -3260.55
v -5117.5 14.4576 -3259.75
v -5110.13 14.4576 -3259.99
v -5110.6 18.099 -3260.55
v -5110.48 18.6868 -3265.44
v -5109.83 14.4576 -3267.16
v -5115.25 19.0662 -3260.72
v -5115.03 19.5508 -3260.8
v -5110.83 18.6957 -3260.8
v -5110.76 18.1525 -3260.72
v -5115.13 19.6134 -3265.27
v -5114.92 20.0629 -3265.06
v -5115.03 19.5508 -3260.8
v -5115.25 19.0662 -3260.72
v -5110.64 18.6997 -3265.27
v -5110.72 19.2079 -3265.06
v -5114.92 20.0629 -3265.06
v -5115.13 19.6134 -3265.27
v -5110.76 18.1525 -3260.72
v -5110.83 18.6957 -3260.8
v -5110.72 19.2079 -3265.06
v -5110.64 18.6997 -3265.27
v -5111.69 24.5293 -3261.54
v -5111.43 24.59 -3261.56
v -5110.67 18.6422 -3260.64
v -5115.2 19.5649 -3260.64
v -5112.71 25.1159 -3261.6
v -5112.59 25.0381 -3261.59
v -5112.53 25.0276 -3261.59
v -5112.47 24.995 -3261.59
v -5112.71 25.1159 -3261.6
v -5115.2 19.5649 -3260.64
v -5115.09 20.1176 -3265.23
v -5113.64 23.2077 -3263.8
v -5113.57 23.3292 -3263.24
v -5112.99 24.5379 -3262.37
v -5112.68 23.7415 -3263.5
v -5113.08 23.5567 -3263.61
v -5113.64 23.2077 -3263.8
v -5115.09 20.1176 -3265.23
v -5110.55 19.1949 -3265.23
v -5111.32 24.2254 -3263.18
v -5111.73 24.022 -3263.3
v -5111.32 24.2254 -3263.18
v -5110.55 19.1949 -3265.23
v -5110.67 18.6422 -3260.64
v -5111.43 24.59 -3261.56
v -5137.99 17.7733 -3207.86
v -5138.21 17.5709 -3207.84
v -5138.48 18.2366 -3207.67
v -5137.11 18.5642 -3207.92
v -5136.22 20.2875 -3205.74
v -5136.09 20.326 -3205.75
v -5136.37 18.9754 -3207.69
v -5137.11 18.5642 -3207.92
v -5138.48 18.2366 -3207.67
v -5139 18.501 -3206.98
v -5139.27 19.26 -3206.36
v -5137.71 20.0711 -3205.81
v -5139 18.501 -3206.98
v -5139.5 19.139 -3206.44
v -5137.99 17.7733 -3207.86
v -5138.11 17.9191 -3208.13
v -5138.21 17.5709 -3207.84
v -5139.27 19.26 -3206.36
v -5139.41 19.4561 -3206.69
v -5139.52 20.1148 -3207.51
v -5137.48 22.8957 -3208.64
v -5137.71 20.0711 -3205.81
v -5132.28 21.3369 -3207.58
v -5134.68 21.0532 -3206.21
v -5134.54 22.936 -3208.1
v -5130.96 21.6309 -3208.47
v -5131 21.1451 -3207.98
v -5136.03 20.3511 -3205.77
v -5136.09 20.326 -3205.75
v -5136.22 20.2875 -3205.74
v -5137.71 20.0711 -3205.81
v -5137.48 22.8957 -3208.64
v -5134.68 21.0532 -3206.21
v -5137.11 18.5642 -3207.92
v -5136.37 18.9754 -3207.69
v -5136.21 21.0828 -3209.8
v -5138.23 18.5778 -3208.94
v -5137.99 17.7733 -3207.86
v -5134.19 19.6137 -3207.9
v -5133.66 19.8253 -3208.01
v -5133.56 21.1191 -3209.31
v -5136.21 21.0828 -3209.8
v -5136.37 18.9754 -3207.69
v -5131.9 19.7337 -3208.74
v -5130.4 19.2627 -3208.97
v -5130.35 19.9385 -3209.65
v -5133 19.8925 -3208.38
v -5127.16 17.583 -3209.93
v -5127.12 18.1199 -3210.47
v -5130.4 19.2627 -3208.97
v -5126.83 18.5696 -3209.51
v -5126.81 18.8896 -3209.83
v -5127.12 18.1199 -3210.47
v -5127.16 17.583 -3209.93
v -5127.04 17.9014 -3209.71
v -5139 18.501 -3206.98
v -5138.48 18.2366 -3207.67
v -5138.21 17.5709 -3207.84
v -5138.11 17.9191 -3208.13
v -5139.41 19.4561 -3206.69
v -5139.5 19.139 -3206.44
v -5139.5 19.139 -3206.44
v -5126.31 19.9175 -3213.67
v -5127.12 18.1199 -3210.47
v -5126.81 18.8896 -3209.83
v -5125.96 20.7641 -3213.17
v -5126.21 20.1555 -3213.67
v -5127.65 20.8603 -3213.57
v -5127.67 20.8684 -3213.57
v -5127.71 20.8798 -3213.54
v -5128.09 21.0647 -3213.41
v -5129.54 21.7417 -3212.86
v -5130.35 19.9385 -3209.65
v -5127.12 18.1199 -3210.47
v -5126.31 19.9175 -3213.67
v -5132.77 22.7192 -3212.2
v -5132.82 22.7553 -3212.22
v -5133.56 21.1191 -3209.31
v -5129.54 21.7417 -3212.86
v -5129.82 21.8012 -3212.76
v -5131.46 21.9282 -3211.88
v -5132.25 22.4923 -3212.2
v -5135.4 22.8784 -3212.99
v -5136.21 21.0828 -3209.8
v -5135.6 22.772 -3213.02
v -5135.8 22.6989 -3213.13
v -5136.05 22.5284 -3213.09
v -5137.04 21.9672 -3213.16
v -5136.21 21.0828 -3209.8
v -5135.4 22.8784 -3212.99
v -5137.37 21.7819 -3213.18
v -5137.55 21.5227 -3212.81
v -5137.04 21.9672 -3213.16
v -5137.53 22.6202 -3213.31
v -5138.36 24.0684 -3212.76
v -5138.74 23.5227 -3211.99
v -5137.55 21.5227 -3212.81
v -5137.37 21.7819 -3213.18
v -5138.34 24.0775 -3212.76
v -5137.48 22.8957 -3208.64
v -5138.74 23.5227 -3211.99
v -5138.36 24.0684 -3212.76
v -5136.44 25.2156 -3212.77
v -5138.28 24.1035 -3212.74
v -5133.28 25.7326 -3213.07
v -5134.54 22.936 -3208.1
v -5137.48 22.8957 -3208.64
v -5136.44 25.2156 -3212.77
v -5136.09 25.2666 -3212.79
v -5132.51 25.2011 -3212.78
v -5129.86 24.0707 -3212.81
v -5130.96 21.6309 -3208.47
v -5133.15 25.6908 -3213.09
v -5125.96 20.7641 -3213.17
v -5126.81 18.8896 -3209.83
v -5129.3 23.4477 -3212.68
v -5128.27 22.8311 -3213.09
v -5126.85 21.6795 -3213.3
v -5126.35 21.0462 -3213.08
v -5138.24 20.9056 -3212.31
v -5138.24 20.9056 -3212.31
v -5139.43 22.9056 -3211.48
v -5139.43 22.9056 -3211.48
v -5130.46 20.8945 -3208.25
v -5126.81 18.8896 -3209.83
v -5126.83 18.5696 -3209.51
v -5139.1 20.3291 -3212.16
v -5139.1 20.3291 -3212.16
v -5140.3 22.3291 -3211.34
v -5140.3 22.3291 -3211.34
v -5138.67 18.9969 -3209.79
v -5138.11 17.9191 -3208.13
v -5138.23 18.5778 -3208.94
v -5139.52 20.1148 -3207.51
v -5139.41 19.4561 -3206.69
v -5140.03 19.8808 -3212.41
v -5140.03 19.8808 -3212.41
v -5141.22 21.8808 -3211.58
v -5141.22 21.8808 -3211.58
v -5139.97 20.5339 -3208.36
v -5139.38 19.1127 -3210.56
v -5138.67 18.9969 -3209.79
v -5139.97 20.5339 -3208.36
v -5141.95 19.1104 -3213.33
v -5142.13 18.7171 -3212.63
v -5141.95 19.1104 -3213.33
v -5140.03 19.8808 -3212.41
v -5141.22 21.8808 -3211.58
v -5143.15 21.1104 -3212.5
v -5143.41 20.5299 -3211.47
v -5143.15 21.1104 -3212.5
v -5140.68 20.6497 -3209.13
v -5140.25 18.9076 -3211.13
v -5139.38 19.1127 -3210.56
v -5140.68 20.6497 -3209.13
v -5142.13 18.7171 -3212.63
v -5142.18 18.1373 -3212.05
v -5141.95 19.1104 -3213.33
v -5142.1 19.1771 -3213.09
v -5142.24 18.8649 -3212.53
v -5142.13 18.7171 -3212.63
v -5143.15 21.1104 -3212.5
v -5143.09 20.8511 -3212.4
v -5142.1 19.1771 -3213.09
v -5141.95 19.1104 -3213.33
v -5143.41 20.5299 -3211.47
v -5143.3 20.3821 -3211.57
v -5143.09 20.8511 -3212.4
v -5143.15 21.1104 -3212.5
v -5141.55 20.4446 -3209.69
v -5143.48 19.6742 -3210.61
v -5143.41 20.5299 -3211.47
v -5140.25 18.9076 -3211.13
v -5141.55 20.4446 -3209.69
v -5140.25 18.9076 -3211.13
v -5142.18 18.1373 -3212.05
v -5143.48 19.6742 -3210.61
v -5141.55 20.4446 -3209.69
v -5142.13 18.7171 -3212.63
v -5142.24 18.8649 -3212.53
v -5142.27 18.4046 -3212.07
v -5142.13 18.7171 -3212.63
v -5142.27 18.4046 -3212.07
v -5142.18 18.1373 -3212.05
v -5142.1 19.1771 -3213.09
v -5142.52 19.0076 -3213.29
v -5142.66 18.6954 -3212.74
v -5142.24 18.8649 -3212.53
v -5142.52 19.0076 -3213.29
v -5142.1 19.1771 -3213.09
v -5143.09 20.8511 -3212.4
v -5143.52 20.6815 -3212.6
v -5143.3 20.3821 -3211.57
v -5143.73 20.2126 -3211.77
v -5143.52 20.6815 -3212.6
v -5143.09 20.8511 -3212.4
v -5143.48 19.6742 -3210.61
v -5143.36 19.6909 -3210.87
v -5143.3 20.3821 -3211.57
v -5143.41 20.5299 -3211.47
v -5142.18 18.1373 -3212.05
v -5142.27 18.4046 -3212.07
v -5143.36 19.6909 -3210.87
v -5143.48 19.6742 -3210.61
v -5142.24 18.8649 -3212.53
v -5142.66 18.6954 -3212.74
v -5142.7 18.235 -3212.28
v -5142.27 18.4046 -3212.07
v -5142.56 18.5476 -3212.83
v -5142.66 18.6954 -3212.74
v -5142.52 19.0076 -3213.29
v -5142.38 18.9409 -3213.53
v -5142.38 18.9409 -3213.53
v -5142.52 19.0076 -3213.29
v -5143.52 20.6815 -3212.6
v -5143.57 20.9409 -3212.71
v -5143.57 20.9409 -3212.71
v -5143.52 20.6815 -3212.6
v -5143.73 20.2126 -3211.77
v -5143.57 20.9409 -3212.71
v -5143.73 20.2126 -3211.77
v -5143.83 20.3604 -3211.67
v -5143.36 19.6909 -3210.87
v -5143.78 19.5214 -3211.08
v -5143.73 20.2126 -3211.77
v -5143.3 20.3821 -3211.57
v -5142.27 18.4046 -3212.07
v -5142.7 18.235 -3212.28
v -5143.78 19.5214 -3211.08
v -5143.36 19.6909 -3210.87
v -5142.6 17.9677 -3212.25
v -5142.7 18.235 -3212.28
v -5142.66 18.6954 -3212.74
v -5142.56 18.5476 -3212.83
v -5142.38 18.9409 -3213.53
v -5147.54 16.8795 -3215.99
v -5147.72 16.4862 -3215.3
v -5142.56 18.5476 -3212.83
v -5147.54 16.8795 -3215.99
v -5142.38 18.9409 -3213.53
v -5143.57 20.9409 -3212.71
v -5148.73 18.8795 -3215.17
v -5143.83 20.3604 -3211.67
v -5148.99 18.2991 -3214.14
v -5148.73 18.8795 -3215.17
v -5143.57 20.9409 -3212.71
v -5143.83 20.3604 -3211.67
v -5143.73 20.2126 -3211.77
v -5143.78 19.5214 -3211.08
v -5143.9 19.5047 -3210.82
v -5143.9 19.5047 -3210.82
v -5143.78 19.5214 -3211.08
v -5142.7 18.235 -3212.28
v -5142.6 17.9677 -3212.25
v -5142.56 18.5476 -3212.83
v -5147.72 16.4862 -3215.3
v -5147.76 15.9064 -3214.71
v -5142.6 17.9677 -3212.25
v -5148.73 18.8795 -3215.17
v -5148.99 18.2991 -3214.14
v -5147.72 16.4862 -3215.3
v -5147.54 16.8795 -3215.99
v -5143.9 19.5047 -3210.82
v -5149.06 17.4433 -3213.28
v -5148.99 18.2991 -3214.14
v -5143.83 20.3604 -3211.67
v -5142.6 17.9677 -3212.25
v -5147.76 15.9064 -3214.71
v -5149.06 17.4433 -3213.28
v -5143.9 19.5047 -3210.82
v -5147.76 15.9064 -3214.71
v -5149.06 17.4433 -3213.28
v -5126.21 20.1555 -3213.67
v -5125.96 20.7641 -3213.17
v -5126.35 21.0462 -3213.08
v -5127.66 20.8831 -3213.57
v -5126.31 19.9175 -3213.67
v -5127.65 20.8603 -3213.57
v -5127.67 20.8684 -3213.57
v -5127.71 20.8798 -3213.54
v -5127.67 20.8684 -3213.57
v -5128.09 21.0647 -3213.41
v -5127.71 20.8798 -3213.54
v -5128.27 22.8311 -3213.09
v -5129.3 23.4477 -3212.68
v -5131.95 22.7039 -3211.96
v -5129.82 21.8012 -3212.76
v -5129.54 21.7417 -3212.86
v -5128.09 21.0647 -3213.41
v -5131.46 21.9282 -3211.88
v -5129.82 21.8012 -3212.76
v -5132.25 22.4923 -3212.2
v -5132.77 22.7192 -3212.2
v -5132.51 25.2011 -3212.78
v -5133.15 25.6908 -3213.09
v -5135.82 22.7762 -3213.09
v -5135.6 22.772 -3213.02
v -5135.4 22.8784 -3212.99
v -5132.82 22.7553 -3212.22
v -5132.77 22.7192 -3212.2
v -5135.8 22.6989 -3213.13
v -5135.6 22.772 -3213.02
v -5136.05 22.5284 -3213.09
v -5137.04 21.9672 -3213.16
v -5136.05 22.5284 -3213.09
v -5137.53 22.6202 -3213.31
v -5137.37 21.7819 -3213.18
v -5138.28 24.1035 -3212.74
v -5138.34 24.0775 -3212.76
v -5138.36 24.0684 -3212.76
v -5136.09 25.2666 -3212.79
v -5136.44 25.2156 -3212.77
v -5138.28 24.1035 -3212.74
v -5133.15 25.6908 -3213.09
v -5133.28 25.7326 -3213.07
v -5129.86 24.0707 -3212.81
v -5126.85 21.6795 -3213.3
v -5103.79 30.6811 -3250.1
v -5103.87 30.2867 -3250.73
v -5103.84 30.4353 -3250.97
v -5103.74 30.4422 -3250.96
v -5103.74 30.4422 -3250.96
v -5103.56 30.5344 -3250.92
v -5103.56 30.5344 -3250.92
v -5103.4 30.4374 -3250.94
v -5103.4 30.4374 -3250.94
v -5103.02 30.3962 -3250.93
v -5102.86 30.3366 -3250.94
v -5103.02 30.3962 -3250.93
v -5100.67 15.1909 -3249.16
v -5100.82 15.2443 -3249.33
v -5106.51 16.401 -3249.33
v -5106.68 16.4154 -3249.16
v -5106.78 15.9182 -3249.13
v -5106.61 15.9038 -3249.3
v -5100.74 14.7105 -3249.3
v -5100.59 14.6571 -3249.13
v -5100.52 15.9157 -3255.18
v -5100.68 15.9279 -3255.01
v -5100.82 15.2443 -3249.33
v -5100.67 15.1909 -3249.16
v -5100.59 14.6571 -3249.13
v -5100.74 14.7105 -3249.3
v -5100.6 15.4158 -3255.16
v -5100.43 15.4036 -3255.33
v -5106.54 17.1402 -3255.18
v -5106.37 17.0846 -3255.01
v -5100.68 15.9279 -3255.01
v -5100.52 15.9157 -3255.18
v -5100.43 15.4036 -3255.33
v -5100.6 15.4158 -3255.16
v -5106.46 16.6091 -3255.16
v -5106.63 16.6646 -3255.33
v -5102.24 25.866 -3249.74
v -5102.4 25.9194 -3249.91
v -5104.49 26.3449 -3249.91
v -5104.67 26.3592 -3249.74
v -5104.77 25.862 -3249.71
v -5104.59 25.8477 -3249.88
v -5102.32 25.3856 -3249.88
v -5102.16 25.3322 -3249.71
v -5102.18 26.1579 -3252.17
v -5102.35 26.1701 -3251.99
v -5102.4 25.9194 -3249.91
v -5102.24 25.866 -3249.74
v -5102.16 25.3322 -3249.71
v -5102.32 25.3856 -3249.88
v -5102.27 25.658 -3252.15
v -5102.1 25.6458 -3252.32
v -5104.61 26.6512 -3252.17
v -5104.44 26.5956 -3251.99
v -5102.35 26.1701 -3251.99
v -5102.18 26.1579 -3252.17
v -5102.1 25.6458 -3252.32
v -5102.27 25.658 -3252.15
v -5104.54 26.1201 -3252.15
v -5104.7 26.1756 -3252.32
v -5106.61 15.9038 -3249.3
v -5106.51 16.401 -3249.33
v -5100.82 15.2443 -3249.33
v -5100.74 14.7105 -3249.3
v -5100.74 14.7105 -3249.3
v -5100.82 15.2443 -3249.33
v -5100.68 15.9279 -3255.01
v -5100.6 15.4158 -3255.16
v -5100.6 15.4158 -3255.16
v -5100.68 15.9279 -3255.01
v -5106.37 17.0846 -3255.01
v -5106.46 16.6091 -3255.16
v -5106.46 16.6091 -3255.16
v -5106.37 17.0846 -3255.01
v -5106.51 16.401 -3249.33
v -5106.61 15.9038 -3249.3
v -5106.68 16.4154 -3249.16
v -5104.77 25.862 -3249.71
v -5102.16 25.3322 -3249.71
v -5100.67 15.1909 -3249.16
v -5100.67 15.1909 -3249.16
v -5102.16 25.3322 -3249.71
v -5102.1 25.6458 -3252.32
v -5100.52 15.9157 -3255.18
v -5100.52 15.9157 -3255.18
v -5102.1 25.6458 -3252.32
v -5104.7 26.1756 -3252.32
v -5106.54 17.1402 -3255.18
v -5106.54 17.1402 -3255.18
v -5104.7 26.1756 -3252.32
v -5104.77 25.862 -3249.71
v -5106.68 16.4154 -3249.16
v -5107.08 14.4576 -3249.05
v -5106.78 15.9182 -3249.13
v -5100.59 14.6571 -3249.13
v -5100.56 14.4576 -3249.12
v -5107.08 14.4576 -3256.03
v -5106.63 16.6646 -3255.33
v -5106.78 15.9182 -3249.13
v -5107.08 14.4576 -3249.05
v -5100.28 14.4576 -3255.61
v -5100.43 15.4036 -3255.33
v -5106.63 16.6646 -3255.33
v -5107.08 14.4576 -3256.03
v -5100.56 14.4576 -3249.12
v -5100.59 14.6571 -3249.13
v -5100.43 15.4036 -3255.33
v -5100.28 14.4576 -3255.61
v -5102.86 30.3366 -3250.94
v -5102.18 26.1579 -3252.17
v -5102.24 25.866 -3249.74
v -5102.89 30.2368 -3249.98
v -5102.88 30.2113 -3250.08
v -5102.85 30.1788 -3250.7
v -5103.84 30.4353 -3250.97
v -5104.61 26.6512 -3252.17
v -5102.18 26.1579 -3252.17
v -5102.86 30.3366 -3250.94
v -5103.02 30.3962 -3250.93
v -5103.4 30.4374 -3250.94
v -5103.56 30.5344 -3250.92
v -5103.74 30.4422 -3250.96
v -5103.87 30.2867 -3250.73
v -5103.79 30.6811 -3250.1
v -5103.78 30.7189 -3249.99
v -5104.67 26.3592 -3249.74
v -5104.61 26.6512 -3252.17
v -5103.84 30.4353 -3250.97
v -5103.33 30.4626 -3249.98
v -5102.95 30.2419 -3249.98
v -5102.89 30.2368 -3249.98
v -5102.24 25.866 -3249.74
v -5104.67 26.3592 -3249.74
v -5103.78 30.7189 -3249.99
v -5104.59 25.8477 -3249.88
v -5104.49 26.3449 -3249.91
v -5102.4 25.9194 -3249.91
v -5102.32 25.3856 -3249.88
v -5102.32 25.3856 -3249.88
v -5102.4 25.9194 -3249.91
v -5102.35 26.1701 -3251.99
v -5102.27 25.658 -3252.15
v -5102.27 25.658 -3252.15
v -5102.35 26.1701 -3251.99
v -5104.44 26.5956 -3251.99
v -5104.54 26.1201 -3252.15
v -5104.54 26.1201 -3252.15
v -5104.44 26.5956 -3251.99
v -5104.49 26.3449 -3249.91
v -5104.59 25.8477 -3249.88
v -5134.74 29.2874 -3252.17
v -5134.52 29.7255 -3253.08
v -5133.56 29.7008 -3253.03
v -5130.65 30.7485 -3252.53
v -5131.22 30.8777 -3252.53
v -5138.52 22.8923 -3249.16
v -5132.5 21.6678 -3249.16
v -5132.67 21.7233 -3249.33
v -5138.35 22.8801 -3249.33
v -5132.6 21.1707 -3249.13
v -5138.8 22.4318 -3249.13
v -5138.63 22.4196 -3249.3
v -5132.77 21.2263 -3249.3
v -5138.37 23.6171 -3255.18
v -5138.52 22.8923 -3249.16
v -5138.35 22.8801 -3249.33
v -5138.21 23.5637 -3255.01
v -5138.8 22.4318 -3249.13
v -5138.65 23.1782 -3255.33
v -5138.49 23.1248 -3255.16
v -5138.63 22.4196 -3249.3
v -5132.35 22.3926 -3255.18
v -5138.37 23.6171 -3255.18
v -5138.21 23.5637 -3255.01
v -5132.53 22.407 -3255.01
v -5138.65 23.1782 -3255.33
v -5132.45 21.9172 -3255.33
v -5132.63 21.9315 -3255.16
v -5138.49 23.1248 -3255.16
v -5132.77 21.2263 -3249.3
v -5138.63 22.4196 -3249.3
v -5138.35 22.8801 -3249.33
v -5132.67 21.7233 -3249.33
v -5138.63 22.4196 -3249.3
v -5138.49 23.1248 -3255.16
v -5138.21 23.5637 -3255.01
v -5138.35 22.8801 -3249.33
v -5138.49 23.1248 -3255.16
v -5132.63 21.9315 -3255.16
v -5132.53 22.407 -3255.01
v -5138.21 23.5637 -3255.01
v -5132.63 21.9315 -3255.16
v -5132.77 21.2263 -3249.3
v -5132.67 21.7233 -3249.33
v -5132.53 22.407 -3255.01
v -5132.99 31.2869 -3249.69
v -5132.12 31.0704 -3249.69
v -5130.61 30.9341 -3249.7
v -5132.5 21.6678 -3249.16
v -5138.52 22.8923 -3249.16
v -5134.35 29.7228 -3249.59
v -5134.39 29.6725 -3249.85
v -5134.35 29.7228 -3249.59
v -5138.52 22.8923 -3249.16
v -5138.37 23.6171 -3255.18
v -5134.52 29.7255 -3253.08
v -5134.74 29.2874 -3252.17
v -5134.64 29.4276 -3251.84
v -5133.87 30.5676 -3250.36
v -5133.56 29.7008 -3253.03
v -5134.52 29.7255 -3253.08
v -5138.37 23.6171 -3255.18
v -5132.35 22.3926 -3255.18
v -5130.65 30.7485 -3252.53
v -5131.22 30.8777 -3252.53
v -5130.62 30.8824 -3252.14
v -5130.65 30.7485 -3252.53
v -5132.35 22.3926 -3255.18
v -5132.5 21.6678 -3249.16
v -5130.61 30.9341 -3249.7
v -5142.19 16.8814 -3248.78
v -5138.8 22.4318 -3249.13
v -5132.6 21.1707 -3249.13
v -5133.82 15.1797 -3248.78
v -5133.82 15.1797 -3248.78
v -5132.6 21.1707 -3249.13
v -5132.45 21.9172 -3255.33
v -5133.62 16.187 -3257.15
v -5133.62 16.187 -3257.15
v -5132.45 21.9172 -3255.33
v -5138.65 23.1782 -3255.33
v -5141.98 17.8887 -3257.15
v -5141.98 17.8887 -3257.15
v -5138.65 23.1782 -3255.33
v -5138.8 22.4318 -3249.13
v -5142.19 16.8814 -3248.78
v -5133.82 15.1797 -3248.78
v -5133.62 16.187 -3257.15
v -5141.98 17.8887 -3257.15
v -5142.19 16.8814 -3248.78
v -5124.07 28.8181 -3261.82
v -5124.16 28.7098 -3262.39
v -5123.57 28.7873 -3262.31
v -5123.59 28.8658 -3261.85
v -5127.96 22.1614 -3260.64
v -5123.43 21.2387 -3260.64
v -5123.59 21.2933 -3260.8
v -5127.8 22.1484 -3260.8
v -5123.42 20.7075 -3260.55
v -5128.24 21.6888 -3260.55
v -5128.07 21.6758 -3260.72
v -5123.58 20.7622 -3260.72
v -5123.43 21.2387 -3260.64
v -5123.32 21.7914 -3265.23
v -5123.49 21.8055 -3265.06
v -5123.59 21.2933 -3260.8
v -5123.3 21.2953 -3265.44
v -5123.42 20.7075 -3260.55
v -5123.58 20.7622 -3260.72
v -5123.47 21.3094 -3265.27
v -5123.32 21.7914 -3265.23
v -5127.85 22.7141 -3265.23
v -5127.69 22.6605 -3265.06
v -5123.49 21.8055 -3265.06
v -5128.12 22.2765 -3265.44
v -5123.3 21.2953 -3265.44
v -5123.47 21.3094 -3265.27
v -5127.96 22.223 -3265.27
v -5127.85 22.7141 -3265.23
v -5127.96 22.1614 -3260.64
v -5127.8 22.1484 -3260.8
v -5127.69 22.6605 -3265.06
v -5128.24 21.6888 -3260.55
v -5128.12 22.2765 -3265.44
v -5127.96 22.223 -3265.27
v -5128.07 21.6758 -3260.72
v -5123.29 14.4576 -3259.56
v -5131.53 16.0629 -3259.55
v -5128.24 21.6888 -3260.55
v -5123.42 20.7075 -3260.55
v -5123.29 14.4576 -3259.56
v -5123.42 20.7075 -3260.55
v -5123.3 21.2953 -3265.44
v -5123.08 15.39 -3267.9
v -5131.33 17.0681 -3267.9
v -5123.08 15.39 -3267.9
v -5123.3 21.2953 -3265.44
v -5128.12 22.2765 -3265.44
v -5131.53 16.0629 -3259.55
v -5131.33 17.0681 -3267.9
v -5128.12 22.2765 -3265.44
v -5128.24 21.6888 -3260.55
v -5123.58 20.7622 -3260.72
v -5128.07 21.6758 -3260.72
v -5127.8 22.1484 -3260.8
v -5123.59 21.2933 -3260.8
v -5123.47 21.3094 -3265.27
v -5123.58 20.7622 -3260.72
v -5123.59 21.2933 -3260.8
v -5123.49 21.8055 -3265.06
v -5127.96 22.223 -3265.27
v -5123.47 21.3094 -3265.27
v -5123.49 21.8055 -3265.06
v -5127.69 22.6605 -3265.06
v -5128.07 21.6758 -3260.72
v -5127.96 22.223 -3265.27
v -5127.69 22.6605 -3265.06
v -5127.8 22.1484 -3260.8
v -5123.59 28.8658 -3261.85
v -5123.43 21.2387 -3260.64
v -5127.96 22.1614 -3260.64
v -5124.07 28.8181 -3261.82
v -5123.57 28.7873 -3262.31
v -5123.32 21.7914 -3265.23
v -5123.43 21.2387 -3260.64
v -5123.59 28.8658 -3261.85
v -5124.16 28.7098 -3262.39
v -5127.85 22.7141 -3265.23
v -5123.32 21.7914 -3265.23
v -5123.57 28.7873 -3262.31
v -5124.07 28.8181 -3261.82
v -5127.96 22.1614 -3260.64
v -5127.85 22.7141 -3265.23
v -5124.16 28.7098 -3262.39
v -5123.36 14.4576 -3248.77
v -5123.3 14.4576 -3257.06
v -5107.08 14.4576 -3256.03
v -5107.08 14.4576 -3249.05
v -5100.56 14.4576 -3249.12
v -5100.28 14.4576 -3255.61
v -5117.74 14.4576 -3267.84
v -5117.5 14.4576 -3259.75
v -5110.13 14.4576 -3259.99
v -5109.83 14.4576 -3267.16
v -5117.68 14.4576 -3256.79
v -5117.62 14.4576 -3248.77
v -5109.81 14.4576 -3248.76
v -5109.65 14.4576 -3256.4
v -5104.73 14.4576 -3231.64
v -5104.29 16.6026 -3231.37
v -5104.18 21.4531 -3231.65
v -5105.56 14.666 -3232.5
v -5104.93 14.4576 -3231.85
v -5105.56 14.4576 -3230.84
v -5106.49 14.5322 -3229.92
v -5106.04 16.7422 -3229.64
v -5104.29 16.6026 -3231.37
v -5104.73 14.4576 -3231.64
v -5104.18 21.4531 -3231.65
v -5106.15 17.1573 -3232.77
v -5106.6 14.9473 -3233.05
v -5105.56 14.666 -3232.5
v -5103.95 17.5605 -3231.1
v -5106.04 16.7422 -3229.64
v -5105.7 17.7 -3229.37
v -5103.95 17.5605 -3231.1
v -5104.29 16.6026 -3231.37
v -5105.67 21.5045 -3229.64
v -5106.04 16.7422 -3229.64
v -5106.49 14.5322 -3229.92
v -5107.05 14.7175 -3230.49
v -5107.31 17.1181 -3230.59
v -5107.76 14.9081 -3230.87
v -5106.6 14.9473 -3233.05
v -5106.15 17.1573 -3232.77
v -5106.13 18.2091 -3232.74
v -5103.38 18.2799 -3230.59
v -5105.13 18.4195 -3228.85
v -5103.38 18.2799 -3230.59
v -5105.7 17.7 -3229.37
v -5107.31 17.1181 -3230.59
v -5105.67 21.5045 -3229.64
v -5107.05 14.7175 -3230.49
v -5107.76 14.9081 -3230.87
v -5107.28 18.1698 -3230.55
v -5107.31 17.1181 -3230.59
v -5106.15 17.1573 -3232.77
v -5106.13 18.2091 -3232.74
v -5106.46 19.1959 -3232.9
v -5102.67 18.6514 -3229.9
v -5104.42 18.791 -3228.17
v -5102.67 18.6514 -3229.9
v -5105.13 18.4195 -3228.85
v -5107.28 18.1698 -3230.55
v -5107.61 19.1567 -3230.71
v -5106.46 19.1959 -3232.9
v -5107.1 19.9676 -3233.22
v -5101.93 18.6184 -3229.15
v -5103.69 18.758 -3227.42
v -5101.93 18.6184 -3229.15
v -5104.42 18.791 -3228.17
v -5107.61 19.1567 -3230.71
v -5108.25 19.9284 -3231.03
v -5107.1 19.9676 -3233.22
v -5110.92 23.2666 -3235.18
v -5107.95 20.4067 -3233.66
v -5101.28 18.186 -3228.45
v -5098.89 19.6899 -3226.16
v -5103.69 18.758 -3227.42
v -5103.03 18.3255 -3226.72
v -5101.28 18.186 -3228.45
v -5101.93 18.6184 -3229.15
v -5103.69 18.758 -3227.42
v -5108.25 19.9284 -3231.03
v -5109.1 20.3675 -3231.48
v -5107.95 20.4067 -3233.66
v -5104.18 21.4531 -3231.65
v -5104.37 24.1394 -3230.34
v -5110.78 25.8641 -3233.69
v -5110.92 23.2666 -3235.18
v -5108.88 20.4464 -3234.15
v -5098.89 19.6899 -3226.16
v -5099.34 22.4625 -3225.11
v -5104.37 24.1394 -3230.34
v -5104.18 21.4531 -3231.65
v -5100.8 17.4199 -3227.91
v -5102.55 17.5594 -3226.18
v -5100.8 17.4199 -3227.91
v -5103.03 18.3255 -3226.72
v -5100.91 19.9176 -3224.7
v -5109.1 20.3675 -3231.48
v -5111.74 23.1366 -3232.82
v -5110.03 20.4071 -3231.97
v -5109.1 20.3675 -3231.48
v -5107.95 20.4067 -3233.66
v -5108.88 20.4464 -3234.15
v -5110.92 23.2666 -3235.18
v -5110.78 25.8641 -3233.69
v -5117.95 27.4679 -3234.84
v -5118.46 24.9529 -3236.39
v -5105.63 26.5796 -3227.67
v -5111.25 28.0908 -3230.61
v -5109.75 20.0805 -3234.61
v -5103.53 24.5454 -3228.12
v -5104.67 26.2593 -3226.68
v -5105.63 26.5796 -3227.67
v -5101.23 25.1104 -3223.1
v -5103.98 26.0287 -3225.96
v -5095.58 18.1497 -3219.25
v -5096.19 20.9977 -3218.54
v -5099.34 22.4625 -3225.11
v -5098.89 19.6899 -3226.16
v -5100.58 16.4368 -3227.61
v -5102.33 16.5763 -3225.87
v -5100.58 16.4368 -3227.61
v -5102.55 17.5594 -3226.18
v -5104.54 23.49 -3227.11
v -5101.31 22.413 -3223.76
v -5100.91 19.9176 -3224.7
v -5105.67 21.5045 -3229.64
v -5105.84 23.9222 -3228.46
v -5104.54 23.49 -3227.11
v -5105.84 23.9222 -3228.46
v -5104.77 23.5663 -3227.35
v -5104.77 23.5663 -3227.35
v -5104.63 22.574 -3227.75
v -5105.67 21.5045 -3229.64
v -5111.74 23.1366 -3232.82
v -5111.61 25.4745 -3231.48
v -5105.84 23.9222 -3228.46
v -5110.03 20.4071 -3231.97
v -5110.9 20.0413 -3232.43
v -5109.75 20.0805 -3234.61
v -5118.46 24.9529 -3236.39
v -5115.09 22.1567 -3236.03
v -5114.13 21.7343 -3235.89
v -5110.92 23.2666 -3235.18
v -5118.46 24.9529 -3236.39
v -5117.95 27.4679 -3234.84
v -5125.18 28.7938 -3233.69
v -5126.06 26.347 -3235.18
v -5111.25 28.0908 -3230.61
v -5117.54 29.4961 -3231.62
v -5112.31 29.6998 -3226.25
v -5106.63 27.4417 -3226
v -5107.6 27.901 -3225.77
v -5110.43 19.3648 -3234.98
v -5104.54 23.49 -3227.11
v -5104.63 22.574 -3227.75
v -5103.53 24.5454 -3228.12
v -5103.98 26.0287 -3225.96
v -5104.48 26.5703 -3224.54
v -5105.13 25.3962 -3224.32
v -5103.98 26.0287 -3225.96
v -5104.16 27.1823 -3220.52
v -5103.73 26.5403 -3222.63
v -5104.48 26.5703 -3224.54
v -5098.47 23.8269 -3217.34
v -5101.23 25.1104 -3223.1
v -5106.63 27.4417 -3226
v -5104.67 26.2593 -3226.68
v -5104.95 26.4639 -3226.39
v -5104.63 22.574 -3227.75
v -5104.77 23.5663 -3227.35
v -5105.75 25.0248 -3226.12
v -5104.95 26.4639 -3226.39
v -5104.67 26.2593 -3226.68
v -5103.53 24.5454 -3228.12
v -5098.89 19.6899 -3226.16
v -5097.63 16.9667 -3222.95
v -5097.24 16.5637 -3222.06
v -5095.58 18.1497 -3219.25
v -5094.57 16.9831 -3211.58
v -5095.23 19.8882 -3211.24
v -5096.19 20.9977 -3218.54
v -5095.58 18.1497 -3219.25
v -5100.64 15.3863 -3227.59
v -5102.4 15.5259 -3225.85
v -5100.64 15.3863 -3227.59
v -5102.33 16.5763 -3225.87
v -5104.77 23.5663 -3227.35
v -5106.98 26.1011 -3226.07
v -5106.81 26.0446 -3225.89
v -5105.75 25.0248 -3226.12
v -5097.93 18.5314 -3218.48
v -5100.91 19.9176 -3224.7
v -5101.31 22.413 -3223.76
v -5098.48 21.0946 -3217.84
v -5105.13 25.3962 -3224.32
v -5104.97 25.4311 -3223.98
v -5103.02 24.7788 -3221.95
v -5104.54 23.49 -3227.11
v -5112.04 27.4612 -3228.71
v -5106.98 26.1011 -3226.07
v -5111.74 23.1366 -3232.82
v -5118.52 24.6543 -3233.91
v -5118.06 26.9179 -3232.52
v -5111.61 25.4745 -3231.48
v -5110.9 20.0413 -3232.43
v -5111.58 19.3256 -3232.8
v -5110.43 19.3648 -3234.98
v -5113.41 20.9768 -3235.83
v -5115.53 21.9424 -3233.61
v -5114.57 21.5201 -3233.47
v -5114.13 21.7343 -3235.89
v -5115.09 22.1567 -3236.03
v -5116.12 22.1795 -3236.21
v -5126.06 26.347 -3235.18
v -5122.66 23.6969 -3236.03
v -5121.7 23.3131 -3236.21
v -5118.46 24.9529 -3236.39
v -5126.06 26.347 -3235.18
v -5125.18 28.7938 -3233.69
v -5131.75 29.7119 -3230.34
v -5132.98 27.3123 -3231.65
v -5117.54 29.4961 -3231.62
v -5123.87 30.6578 -3230.61
v -5113.92 30.1711 -3226.14
v -5117.25 30.9158 -3226.67
v -5112.31 29.6998 -3226.25
v -5113.78 30.0671 -3226.36
v -5113.78 30.0671 -3226.36
v -5112.31 29.6998 -3226.25
v -5107.6 27.901 -3225.77
v -5108.2 26.8398 -3225.57
v -5112.62 28.6963 -3226.05
v -5114.3 29.1297 -3226.18
v -5106.81 26.0446 -3225.89
v -5107.12 26.2545 -3225.82
v -5106.63 27.4417 -3226
v -5104.95 26.4639 -3226.39
v -5110.81 18.4083 -3235.2
v -5104.97 25.4311 -3223.98
v -5104.48 26.5703 -3224.54
v -5103.73 26.5403 -3222.63
v -5104.33 25.4597 -3222.43
v -5104.67 26.2184 -3220.42
v -5104.16 27.1823 -3220.52
v -5104.39 27.4074 -3219.55
v -5104.97 26.6452 -3218.96
v -5104.16 27.1823 -3220.52
v -5102.52 26.5351 -3215.63
v -5104.39 27.4074 -3219.55
v -5097.63 22.8548 -3210.95
v -5098.47 23.8269 -3217.34
v -5096.98 15.8225 -3221.36
v -5099.82 17.2715 -3221.84
v -5099.42 16.8684 -3220.95
v -5097.24 16.5637 -3222.06
v -5097.63 16.9667 -3222.95
v -5098.11 16.9703 -3223.89
v -5095.58 18.1497 -3219.25
v -5095.47 15.6133 -3215.66
v -5095.38 15.2596 -3214.67
v -5094.57 16.9831 -3211.58
v -5095.96 16.3045 -3203.91
v -5096.55 19.2428 -3203.95
v -5095.23 19.8882 -3211.24
v -5094.57 16.9831 -3211.58
v -5099.96 14.4576 -3226.82
v -5100.83 14.4576 -3227.7
v -5100.83 14.4576 -3227.7
v -5100.64 15.3863 -3227.59
v -5102.4 15.5259 -3225.85
v -5102.61 14.4576 -3225.99
v -5102.4 15.5259 -3225.85
v -5107.12 26.2545 -3225.82
v -5097.02 17.4815 -3211.58
v -5097.93 18.5314 -3218.48
v -5098.48 21.0946 -3217.84
v -5097.61 20.0961 -3211.28
v -5103.02 24.7788 -3221.95
v -5100.54 23.6236 -3216.76
v -5099.42 16.8684 -3220.95
v -5099.82 17.2715 -3221.84
v -5100.91 19.9176 -3224.7
v -5097.93 18.5314 -3218.48
v -5104.33 25.4597 -3222.43
v -5104.67 26.2184 -3220.42
v -5104.97 25.4311 -3223.98
v -5108.2 26.8398 -3225.57
v -5107.12 26.2545 -3225.82
v -5112.62 28.6963 -3226.05
v -5117.69 28.7259 -3229.62
v -5112.04 27.4612 -3228.71
v -5118.52 24.6543 -3233.91
v -5125.36 25.909 -3232.82
v -5124.57 28.1111 -3231.48
v -5118.06 26.9179 -3232.52
v -5114.57 21.5201 -3233.47
v -5115.53 21.9424 -3233.61
v -5118.52 24.6543 -3233.91
v -5111.74 23.1366 -3232.82
v -5111.58 19.3256 -3232.8
v -5111.96 18.3691 -3233.02
v -5110.81 18.4083 -3235.2
v -5113.84 20.7626 -3233.41
v -5113.41 20.9768 -3235.83
v -5113.02 19.9995 -3235.84
v -5116.56 21.9653 -3233.79
v -5115.53 21.9424 -3233.61
v -5115.09 22.1567 -3236.03
v -5116.12 22.1795 -3236.21
v -5117.08 21.7994 -3236.42
v -5120.96 22.5883 -3236.42
v -5122.34 23.3286 -3233.61
v -5121.38 22.9449 -3233.79
v -5121.7 23.3131 -3236.21
v -5122.66 23.6969 -3236.03
v -5123.7 23.6811 -3235.89
v -5132.98 27.3123 -3231.65
v -5129.92 24.8766 -3233.66
v -5129.04 24.5494 -3234.15
v -5126.06 26.347 -3235.18
v -5135.6 27.5208 -3229.06
v -5132.98 27.3123 -3231.65
v -5131.75 29.7119 -3230.34
v -5134.39 29.9215 -3227.73
v -5135.04 28.5229 -3228.55
v -5123.87 30.6578 -3230.61
v -5129.63 31.4622 -3227.67
v -5117.25 30.9158 -3226.67
v -5122.14 31.8135 -3225.89
v -5113.92 30.1711 -3226.14
v -5113.78 30.0671 -3226.36
v -5114.63 29.446 -3225.63
v -5114.63 29.446 -3225.63
v -5117.42 30.0697 -3226.08
v -5117.25 30.9158 -3226.67
v -5113.92 30.1711 -3226.14
v -5114.3 29.1297 -3226.18
v -5112.62 28.6963 -3226.05
v -5117.42 30.0697 -3226.08
v -5114.63 29.446 -3225.63
v -5112.3 16.4796 -3236.03
v -5111.26 16.1983 -3235.48
v -5104.97 26.6452 -3218.96
v -5103.32 25.8779 -3215.52
v -5104.67 26.2184 -3220.42
v -5104.39 27.4074 -3219.55
v -5102.52 26.5351 -3215.63
v -5103.32 25.8779 -3215.52
v -5104.97 26.6452 -3218.96
v -5101.86 25.7839 -3210.7
v -5102.52 26.5351 -3215.63
v -5097.85 21.4282 -3205.6
v -5098.56 22.3984 -3205.79
v -5098.78 22.2893 -3204.56
v -5098.76 22.3005 -3204.68
v -5099.17 16.1273 -3220.24
v -5096.98 15.8225 -3221.36
v -5096.91 14.8561 -3220.95
v -5100.3 17.275 -3222.77
v -5099.82 17.2715 -3221.84
v -5097.63 16.9667 -3222.95
v -5098.11 16.9703 -3223.89
v -5098.6 16.5738 -3224.73
v -5095.38 14.5603 -3213.88
v -5097.87 16.0534 -3215.27
v -5097.78 15.6997 -3214.29
v -5095.38 15.2596 -3214.67
v -5095.47 15.6133 -3215.66
v -5095.65 15.5676 -3216.69
v -5099.61 16.1801 -3196.99
v -5100.02 19.1246 -3197.37
v -5096.55 19.2428 -3203.95
v -5095.96 16.3045 -3203.91
v -5099.4 14.4576 -3225.72
v -5099.31 14.874 -3225.66
v -5099.96 14.4576 -3226.82
v -5102.61 14.4576 -3225.99
v -5102.02 14.4576 -3225.39
v -5098.27 16.8708 -3204.68
v -5097.02 17.4815 -3211.58
v -5097.61 20.0961 -3211.28
v -5098.8 19.5153 -3204.71
v -5100.54 23.6236 -3216.76
v -5099.78 22.7488 -3211.01
v -5097.78 15.6997 -3214.29
v -5097.87 16.0534 -3215.27
v -5097.93 18.5314 -3218.48
v -5097.02 17.4815 -3211.58
v -5099.17 16.1273 -3220.24
v -5100.3 17.275 -3222.77
v -5123.39 29.7714 -3228.71
v -5117.69 28.7259 -3229.62
v -5125.36 25.909 -3232.82
v -5131.59 26.7778 -3229.64
v -5130.49 28.9374 -3228.46
v -5124.57 28.1111 -3231.48
v -5121.38 22.9449 -3233.79
v -5122.34 23.3286 -3233.61
v -5125.36 25.909 -3232.82
v -5118.52 24.6543 -3233.91
v -5113.84 20.7626 -3233.41
v -5116.56 21.9653 -3233.79
v -5111.96 18.3691 -3233.02
v -5112.41 16.1591 -3233.3
v -5111.96 18.3691 -3233.02
v -5110.81 18.4083 -3235.2
v -5111.26 16.1983 -3235.48
v -5113.45 19.7853 -3233.42
v -5113.02 19.9995 -3235.84
v -5113.02 18.9511 -3235.94
v -5117.52 21.5852 -3234
v -5117.08 21.7994 -3236.42
v -5117.82 21.0742 -3236.62
v -5120.64 22.2201 -3234
v -5120.96 22.5883 -3236.42
v -5120.57 21.6328 -3236.62
v -5123.38 23.3129 -3233.47
v -5122.34 23.3286 -3233.61
v -5122.66 23.6969 -3236.03
v -5123.7 23.6811 -3235.89
v -5124.67 23.2683 -3235.83
v -5128.39 23.8726 -3234.61
v -5128.87 24.3904 -3231.48
v -5128 24.0632 -3231.97
v -5129.04 24.5494 -3234.15
v -5129.92 24.8766 -3233.66
v -5130.87 24.8043 -3233.22
v -5135.8 25.4489 -3229.53
v -5135.63 27.4291 -3229.06
v -5135.63 25.3927 -3229.37
v -5133.96 26.9669 -3227.3
v -5134.1 24.8813 -3227.83
v -5135.6 27.5208 -3229.06
v -5135.04 28.5229 -3228.55
v -5134.39 29.9215 -3227.73
v -5133.67 28.2412 -3226.28
v -5133.55 30.9037 -3225.96
v -5133.38 29.1675 -3225.6
v -5132.26 31.6714 -3225.08
v -5131.55 31.8481 -3224.42
v -5132.77 29.7873 -3224.53
v -5129.63 31.4622 -3227.67
v -5132.26 31.6714 -3225.08
v -5133.55 30.9037 -3225.96
v -5135.8 25.4489 -3229.53
v -5135.46 25.3223 -3229.9
v -5132.98 27.3123 -3231.65
v -5135.6 27.5208 -3229.06
v -5135.63 27.4291 -3229.06
v -5122.14 31.8135 -3225.89
v -5126.6 32.4351 -3223.62
v -5117.25 30.9158 -3226.67
v -5117.42 30.0697 -3226.08
v -5122.1 30.9286 -3225.33
v -5122.14 31.8135 -3225.89
v -5122.1 30.9286 -3225.33
v -5117.42 30.0697 -3226.08
v -5112.3 16.4796 -3236.03
v -5112.37 16.469 -3235.83
v -5111.52 16.2418 -3235.39
v -5111.26 16.1983 -3235.48
v -5113.47 16.7411 -3236.22
v -5112.3 16.4796 -3236.03
v -5103.32 25.8779 -3215.52
v -5102.7 25.1591 -3210.79
v -5101.86 25.7839 -3210.7
v -5102.7 25.1591 -3210.79
v -5103.32 25.8779 -3215.52
v -5102.52 26.5351 -3215.63
v -5098.89 22.3686 -3204.59
v -5101.83 22.1857 -3198.79
v -5098.78 22.2893 -3204.56
v -5099.09 15.1609 -3219.83
v -5096.91 14.8561 -3220.95
v -5100.78 16.8786 -3223.62
v -5098.6 16.5738 -3224.73
v -5099.02 15.8377 -3225.36
v -5097.78 15.0004 -3213.5
v -5095.38 14.5603 -3213.88
v -5098.05 16.0077 -3216.31
v -5097.87 16.0534 -3215.27
v -5095.47 15.6133 -3215.66
v -5095.65 15.5676 -3216.69
v -5095.88 15.1293 -3217.62
v -5095.84 14.4576 -3207.19
v -5095.66 14.6907 -3207.99
v -5098.04 15.2231 -3208.37
v -5098.27 14.9338 -3207.38
v -5096.14 14.4576 -3207.04
v -5095.66 14.6907 -3207.99
v -5094.57 16.9831 -3211.58
v -5095.52 14.5806 -3209.03
v -5105.16 16.6223 -3191.5
v -5105.3 19.5451 -3192.15
v -5100.02 19.1246 -3197.37
v -5099.61 16.1801 -3196.99
v -5102.02 14.4576 -3225.39
v -5101.49 15.1788 -3224.55
v -5101.64 14.4576 -3224.64
v -5101.64 14.4576 -3224.64
v -5101.49 15.1788 -3224.55
v -5099.31 14.874 -3225.66
v -5099.4 14.4576 -3225.72
v -5101.55 16.7589 -3198.45
v -5098.27 16.8708 -3204.68
v -5098.8 19.5153 -3204.71
v -5101.92 19.4088 -3198.79
v -5100.49 22.1438 -3206.27
v -5099.51 20.726 -3205.68
v -5099.25 20.3704 -3205.61
v -5099.41 20.5207 -3205.45
v -5099.96 21.0874 -3205.03
v -5099.78 22.7488 -3211.01
v -5100.59 22.3518 -3206.53
v -5098.27 14.9338 -3207.38
v -5098.04 15.2231 -3208.37
v -5097.02 17.4815 -3211.58
v -5098.27 16.8708 -3204.68
v -5097.78 15.0004 -3213.5
v -5098.05 16.0077 -3216.31
v -5099.09 15.1609 -3219.83
v -5100.78 16.8786 -3223.62
v -5128.58 30.4954 -3226.07
v -5123.39 29.7714 -3228.71
v -5133.67 28.2412 -3226.28
v -5133.38 29.1675 -3225.6
v -5130.49 28.9374 -3228.46
v -5131.59 26.7778 -3229.64
v -5133.96 26.9669 -3227.3
v -5128 24.0632 -3231.97
v -5128.87 24.3904 -3231.48
v -5131.59 26.7778 -3229.64
v -5125.36 25.909 -3232.82
v -5120.64 22.2201 -3234
v -5123.38 23.3129 -3233.47
v -5113.45 19.7853 -3233.42
v -5117.52 21.5852 -3234
v -5112.41 16.1591 -3233.3
v -5113.12 16.3496 -3233.67
v -5111.26 16.1983 -3235.48
v -5111.52 16.2418 -3235.39
v -5112.49 16.2089 -3233.57
v -5112.41 16.1591 -3233.3
v -5113.46 18.7368 -3233.52
v -5113.02 18.9511 -3235.94
v -5118.26 20.86 -3234.2
v -5117.82 21.0742 -3236.62
v -5118.22 20.1144 -3236.78
v -5120.25 21.2646 -3234.2
v -5120.57 21.6328 -3236.62
v -5120.57 20.5921 -3236.78
v -5124.35 22.9001 -3233.41
v -5124.67 23.2683 -3235.83
v -5125.41 22.5213 -3235.84
v -5127.34 23.3864 -3232.43
v -5128.39 23.8726 -3234.61
v -5128.04 22.9492 -3234.98
v -5129.83 24.318 -3231.03
v -5128.87 24.3904 -3231.48
v -5129.92 24.8766 -3233.66
v -5130.87 24.8043 -3233.22
v -5131.76 24.3435 -3232.9
v -5132.26 31.6714 -3225.08
v -5126.6 32.4351 -3223.62
v -5128.04 32.55 -3222.2
v -5128.63 32.4338 -3222.56
v -5130.14 32.187 -3223.2
v -5131.55 31.8481 -3224.42
v -5134.95 24.704 -3230.59
v -5134.1 24.8813 -3227.83
v -5133.79 24.7656 -3228.17
v -5135.46 25.3223 -3229.9
v -5135.8 25.4489 -3229.53
v -5134.1 24.8813 -3227.83
v -5135.8 25.4489 -3229.53
v -5135.63 25.3927 -3229.37
v -5122.14 31.8135 -3225.89
v -5122.1 30.9286 -3225.33
v -5126.36 31.5234 -3223.16
v -5126.6 32.4351 -3223.62
v -5126.36 31.5234 -3223.16
v -5122.1 30.9286 -3225.33
v -5112.37 16.469 -3235.83
v -5112.47 15.9827 -3235.9
v -5111.62 15.7555 -3235.45
v -5111.52 16.2418 -3235.39
v -5113.47 16.7411 -3236.22
v -5113.31 16.6802 -3235.99
v -5112.37 16.469 -3235.83
v -5112.3 16.4796 -3236.03
v -5113.46 18.7368 -3233.52
v -5113.91 16.5268 -3233.79
v -5113.47 16.7411 -3236.22
v -5113.02 18.9511 -3235.94
v -5100.88 22.9478 -3207.98
v -5100.84 22.6946 -3207.06
v -5100.59 22.3518 -3206.53
v -5102.7 25.1591 -3210.79
v -5102.84 25.0917 -3210.03
v -5102.79 24.8975 -3209.4
v -5101.8 23.8758 -3208.63
v -5102.84 25.0917 -3210.03
v -5102.7 25.1591 -3210.79
v -5101.86 25.7839 -3210.7
v -5102.05 25.691 -3209.65
v -5102.31 25.4901 -3209.87
v -5098.89 22.3686 -3204.59
v -5105.11 25.2669 -3201.31
v -5104.38 25.2915 -3202.68
v -5103.53 24.6785 -3202.54
v -5103.14 24.3818 -3202.44
v -5102.56 24.0888 -3202.68
v -5101.98 24.0038 -3203.48
v -5101.63 23.7351 -3203.39
v -5100.55 22.957 -3203.2
v -5099.17 22.4649 -3204.34
v -5099.08 22.4533 -3204.47
v -5099.02 22.4225 -3204.5
v -5106.45 22.5541 -3194.22
v -5101.83 22.1857 -3198.79
v -5096.95 14.4576 -3220.93
v -5099.17 14.4576 -3219.8
v -5096.95 14.4576 -3220.93
v -5096.33 14.4576 -3219.71
v -5101.2 16.1425 -3224.24
v -5099.02 15.8377 -3225.36
v -5095.39 14.4576 -3213.83
v -5097.84 14.4576 -3213.23
v -5098.28 15.5694 -3217.24
v -5095.88 15.1293 -3217.62
v -5103.66 14.4576 -3193.64
v -5105.16 16.6223 -3191.5
v -5099.61 16.1801 -3196.99
v -5102.76 14.4576 -3194.51
v -5105.6 14.4576 -3191.77
v -5105.16 16.6223 -3191.5
v -5105.6 14.4576 -3191.77
v -5107.79 14.4576 -3190.73
v -5108.14 14.8248 -3190.48
v -5108.15 14.4576 -3192.33
v -5108.53 14.6342 -3193.12
v -5109.19 15.311 -3192.66
v -5108.14 14.8248 -3190.48
v -5107.79 14.4576 -3190.73
v -5108.46 14.4576 -3193.2
v -5108.15 14.4576 -3192.33
v -5106.55 17.1568 -3193.51
v -5108.53 14.6342 -3193.12
v -5108.46 14.4576 -3193.2
v -5107.1 14.4576 -3193.85
v -5106.55 17.1568 -3193.51
v -5107.1 14.4576 -3193.85
v -5105.8 14.4576 -3195.1
v -5105.22 14.8634 -3195.53
v -5104.01 14.4576 -3194.26
v -5105.22 14.8634 -3195.53
v -5105.8 14.4576 -3195.1
v -5102.81 14.4576 -3194.52
v -5104.45 15.0048 -3196.23
v -5104.01 14.4576 -3194.26
v -5102.89 14.4576 -3196.07
v -5103.76 14.7467 -3196.97
v -5104.45 15.0048 -3196.23
v -5102.81 14.4576 -3194.52
v -5103.52 14.4576 -3197.3
v -5102.89 14.4576 -3196.07
v -5101.55 16.7589 -3198.45
v -5103.76 14.7467 -3196.97
v -5103.52 14.4576 -3197.3
v -5102.02 14.4576 -3198.74
v -5101.55 16.7589 -3198.45
v -5102.02 14.4576 -3198.74
v -5101 14.4576 -3200.69
v -5100.83 14.6456 -3200.92
v -5100.13 14.4576 -3200.55
v -5100.83 14.6456 -3200.92
v -5101 14.4576 -3200.69
v -5098.81 14.4576 -3201.02
v -5100.31 14.8617 -3201.81
v -5100.13 14.4576 -3200.55
v -5099.05 14.4576 -3202.32
v -5099.87 14.6784 -3202.75
v -5100.31 14.8617 -3201.81
v -5098.81 14.4576 -3201.02
v -5099.75 14.4576 -3203.08
v -5099.42 14.4576 -3203.72
v -5098.27 16.8708 -3204.68
v -5099.87 14.6784 -3202.75
v -5099.75 14.4576 -3203.08
v -5099.42 14.4576 -3203.72
v -5098.76 14.4576 -3204.98
v -5098.76 14.4576 -3204.98
v -5098.47 14.4576 -3206.8
v -5098.47 14.4576 -3206.8
v -5095.96 16.3045 -3203.91
v -5095.84 14.4576 -3207.19
v -5096.33 14.4576 -3204.14
v -5095.96 16.3045 -3203.91
v -5096.33 14.4576 -3204.14
v -5099.96 14.4576 -3197.21
v -5099.61 16.1801 -3196.99
v -5099.96 14.4576 -3197.21
v -5097.9 15.1129 -3209.41
v -5098.04 15.2231 -3208.37
v -5095.66 14.6907 -3207.99
v -5095.52 14.5806 -3209.03
v -5112.08 17.5877 -3187.98
v -5111.88 20.4632 -3188.8
v -5105.3 19.5451 -3192.15
v -5105.16 16.6223 -3191.5
v -5101.2 16.1425 -3224.24
v -5101.49 15.1788 -3224.55
v -5099.31 14.874 -3225.66
v -5106.55 17.1568 -3193.51
v -5101.55 16.7589 -3198.45
v -5101.92 19.4088 -3198.79
v -5106.68 19.7873 -3194.09
v -5101.78 22.2069 -3203.43
v -5103.55 22.1465 -3200.07
v -5099.96 21.0874 -3205.03
v -5100.1 21.193 -3204.94
v -5101.08 21.3819 -3203.42
v -5101.22 21.4605 -3203.3
v -5101.36 21.643 -3203.33
v -5100.31 14.8617 -3201.81
v -5097.9 15.1129 -3209.41
v -5098.28 15.5694 -3217.24
v -5132.77 29.7873 -3224.53
v -5132.51 29.9428 -3224.35
v -5131.03 30.6901 -3223.65
v -5128.58 30.4954 -3226.07
v -5133.38 29.1675 -3225.6
v -5133.96 26.9669 -3227.3
v -5131.59 26.7778 -3229.64
v -5133.79 24.7656 -3228.17
v -5134.1 24.8813 -3227.83
v -5127.34 23.3864 -3232.43
v -5129.83 24.318 -3231.03
v -5120.25 21.2646 -3234.2
v -5124.35 22.9001 -3233.41
v -5113.46 18.7368 -3233.52
v -5118.26 20.86 -3234.2
v -5113.12 16.3496 -3233.67
v -5113.91 16.5268 -3233.79
v -5112.41 16.1591 -3233.3
v -5112.49 16.2089 -3233.57
v -5113.05 16.3602 -3233.86
v -5113.12 16.3496 -3233.67
v -5112.59 15.7226 -3233.63
v -5112.49 16.2089 -3233.57
v -5111.52 16.2418 -3235.39
v -5111.62 15.7555 -3235.45
v -5118.66 19.9001 -3234.36
v -5118.22 20.1144 -3236.78
v -5119.84 18.1659 -3237.24
v -5118.67 17.9044 -3237.05
v -5120.25 20.2238 -3234.36
v -5120.57 20.5921 -3236.78
v -5121.02 18.3821 -3237.05
v -5119.84 18.1659 -3237.24
v -5125.09 22.153 -3233.42
v -5125.41 22.5213 -3235.84
v -5125.81 21.5538 -3235.94
v -5127 22.4629 -3232.8
v -5128.04 22.9492 -3234.98
v -5128.07 21.9197 -3235.2
v -5130.71 23.8573 -3230.71
v -5131.76 24.3435 -3232.9
v -5132.45 23.5644 -3232.74
v -5130.14 32.187 -3223.2
v -5128.63 32.4338 -3222.56
v -5129.62 31.0554 -3223.02
v -5129.97 30.9676 -3223.16
v -5131.03 30.6901 -3223.65
v -5132.51 29.9428 -3224.35
v -5132.77 29.7873 -3224.53
v -5128.04 32.55 -3222.2
v -5127.56 31.6186 -3221.98
v -5129.62 31.0554 -3223.02
v -5128.63 32.4338 -3222.56
v -5128.04 32.55 -3222.2
v -5126.6 32.4351 -3223.62
v -5126.36 31.5234 -3223.16
v -5127.56 31.6186 -3221.98
v -5133.28 24.1474 -3228.85
v -5134.95 24.704 -3230.59
v -5134.71 23.8196 -3231.1
v -5129.62 31.0554 -3223.02
v -5127.56 31.6186 -3221.98
v -5126.36 31.5234 -3223.16
v -5131.03 30.6901 -3223.65
v -5129.97 30.9676 -3223.16
v -5111.35 15.712 -3235.54
v -5111.62 15.7555 -3235.45
v -5112.47 15.9827 -3235.9
v -5111.35 15.712 -3235.54
v -5112.47 15.9827 -3235.9
v -5112.4 15.9932 -3236.09
v -5113.31 16.6802 -3235.99
v -5113.41 16.1939 -3236.05
v -5112.47 15.9827 -3235.9
v -5112.37 16.469 -3235.83
v -5113.91 16.5268 -3233.79
v -5113.68 16.5009 -3233.96
v -5113.31 16.6802 -3235.99
v -5113.47 16.7411 -3236.22
v -5103.98 23.6183 -3202.69
v -5104.82 24.3594 -3202.89
v -5105.14 24.6314 -3202.94
v -5105.22 24.6842 -3202.91
v -5105.8 24.6644 -3201.81
v -5101.78 22.2069 -3203.43
v -5102.41 22.7729 -3203.59
v -5102.6 22.8051 -3203.33
v -5104.85 24.9448 -3202.83
v -5104.38 25.2915 -3202.68
v -5105.11 25.2669 -3201.31
v -5105.8 24.6644 -3201.81
v -5105.22 24.6842 -3202.91
v -5108.68 25.5516 -3197.77
v -5105.11 25.2669 -3201.31
v -5112.22 23.3586 -3191.28
v -5106.45 22.5541 -3194.22
v -5096.63 14.4576 -3218.22
v -5098.52 14.8053 -3217.92
v -5096.1 14.4576 -3218.22
v -5098.61 14.4576 -3218.04
v -5096.63 14.4576 -3218.22
v -5098.52 14.8053 -3217.92
v -5098.61 14.4576 -3218.04
v -5098.76 14.4576 -3218.99
v -5098.76 14.4576 -3218.99
v -5099.17 14.4576 -3219.8
v -5096.33 14.4576 -3219.71
v -5096.1 14.4576 -3218.22
v -5097.13 14.4576 -3210.22
v -5097.86 14.6201 -3210.34
v -5095.51 14.4576 -3209.26
v -5097.87 14.4576 -3210.48
v -5097.86 14.6201 -3210.34
v -5097.87 14.4576 -3210.48
v -5097.72 14.4576 -3211.43
v -5097.64 14.4576 -3211.96
v -5097.73 14.4576 -3212.51
v -5097.64 14.4576 -3211.96
v -5097.73 14.4576 -3212.51
v -5097.84 14.4576 -3213.23
v -5095.39 14.4576 -3213.83
v -5095.08 14.4576 -3211.89
v -5095.08 14.4576 -3211.89
v -5095.51 14.4576 -3209.26
v -5109.02 15.1519 -3189.98
v -5110.06 15.6382 -3192.17
v -5109.02 15.1519 -3189.98
v -5109.19 15.311 -3192.66
v -5104.45 15.0048 -3196.23
v -5109.97 15.0796 -3189.54
v -5112.08 17.5877 -3187.98
v -5119.68 18.9817 -3186.76
v -5119.11 21.789 -3187.64
v -5111.88 20.4632 -3188.8
v -5112.08 17.5877 -3187.98
v -5112.78 18.0256 -3190.34
v -5106.55 17.1568 -3193.51
v -5106.68 19.7873 -3194.09
v -5112.6 20.6136 -3191.08
v -5103.55 22.1465 -3200.07
v -5107.72 22.4782 -3195.96
v -5133.28 24.1474 -3228.85
v -5127 22.4629 -3232.8
v -5130.71 23.8573 -3230.71
v -5120.25 20.2238 -3234.36
v -5125.09 22.153 -3233.42
v -5118.66 19.9001 -3234.36
v -5113.12 16.3496 -3233.67
v -5113.05 16.3602 -3233.86
v -5113.68 16.5009 -3233.96
v -5113.12 16.3496 -3233.67
v -5113.68 16.5009 -3233.96
v -5113.91 16.5268 -3233.79
v -5112.49 16.2089 -3233.57
v -5112.59 15.7226 -3233.63
v -5113.15 15.8739 -3233.92
v -5113.05 16.3602 -3233.86
v -5112.51 15.6727 -3233.36
v -5112.59 15.7226 -3233.63
v -5111.62 15.7555 -3235.45
v -5111.35 15.712 -3235.54
v -5119.11 17.6901 -3234.63
v -5118.66 19.9001 -3234.36
v -5118.22 20.1144 -3236.78
v -5118.67 17.9044 -3237.05
v -5119.84 18.1659 -3237.24
v -5119.85 18.1415 -3237.04
v -5118.9 17.9303 -3236.89
v -5118.67 17.9044 -3237.05
v -5120.25 20.2238 -3234.36
v -5120.7 18.0138 -3234.63
v -5121.02 18.3821 -3237.05
v -5120.57 20.5921 -3236.78
v -5121.02 18.3821 -3237.05
v -5120.8 18.3162 -3236.89
v -5119.85 18.1415 -3237.04
v -5119.84 18.1659 -3237.24
v -5125.5 21.1855 -3233.52
v -5125.81 21.5538 -3235.94
v -5127.44 19.56 -3236.03
v -5126.26 19.3438 -3236.22
v -5127.02 21.4334 -3233.02
v -5128.07 21.9197 -3235.2
v -5128.52 19.7097 -3235.48
v -5127.44 19.56 -3236.03
v -5131.4 23.0782 -3230.55
v -5132.45 23.5644 -3232.74
v -5132.84 22.5856 -3232.77
v -5133.04 23.263 -3229.37
v -5134.71 23.8196 -3231.1
v -5134.77 22.8039 -3231.37
v -5111.61 14.4576 -3235.7
v -5111.35 15.712 -3235.54
v -5112.4 15.9932 -3236.09
v -5112.71 14.4576 -3236.28
v -5112.4 15.9932 -3236.09
v -5112.47 15.9827 -3235.9
v -5113.41 16.1939 -3236.05
v -5113.57 16.2548 -3236.28
v -5113.68 16.5009 -3233.96
v -5113.78 16.0146 -3234.02
v -5113.41 16.1939 -3236.05
v -5113.31 16.6802 -3235.99
v -5105.8 24.6644 -3201.81
v -5109.23 24.9368 -3198.42
v -5108.68 25.5516 -3197.77
v -5109.23 24.9368 -3198.42
v -5105.8 24.6644 -3201.81
v -5105.11 25.2669 -3201.31
v -5113.14 26.1732 -3195.5
v -5108.68 25.5516 -3197.77
v -5118.55 24.5203 -3190.27
v -5112.22 23.3586 -3191.28
v -5110.06 15.6382 -3192.17
v -5111.01 15.5658 -3191.73
v -5109.97 15.0796 -3189.54
v -5109.02 15.1519 -3189.98
v -5110.06 15.6382 -3192.17
v -5110.86 14.6188 -3189.22
v -5112.08 17.5877 -3187.98
v -5116.27 16.3316 -3187.62
v -5117.32 16.3159 -3187.48
v -5119.68 18.9817 -3186.76
v -5127.22 20.6681 -3187.98
v -5126.28 23.3928 -3188.8
v -5119.11 21.789 -3187.64
v -5119.68 18.9817 -3186.76
v -5119.62 19.2803 -3189.24
v -5112.78 18.0256 -3190.34
v -5112.6 20.6136 -3191.08
v -5119.1 21.8069 -3190.04
v -5107.72 22.4782 -3195.96
v -5112.91 23.2022 -3193.31
v -5111.01 15.5658 -3191.73
v -5112.78 18.0256 -3190.34
v -5133.04 23.263 -3229.37
v -5127.02 21.4334 -3233.02
v -5131.4 23.0782 -3230.55
v -5119.9 17.8673 -3234.76
v -5120.7 18.0138 -3234.63
v -5125.5 21.1855 -3233.52
v -5119.11 17.6901 -3234.63
v -5119.9 17.8673 -3234.76
v -5113.05 16.3602 -3233.86
v -5113.15 15.8739 -3233.92
v -5113.78 16.0146 -3234.02
v -5113.68 16.5009 -3233.96
v -5113.22 15.8633 -3233.73
v -5113.15 15.8739 -3233.92
v -5112.59 15.7226 -3233.63
v -5112.51 15.6727 -3233.36
v -5112.75 14.4576 -3233.51
v -5112.51 15.6727 -3233.36
v -5111.35 15.712 -3235.54
v -5111.61 14.4576 -3235.7
v -5118.67 17.9044 -3237.05
v -5118.9 17.9303 -3236.89
v -5119.27 17.751 -3234.86
v -5119.11 17.6901 -3234.63
v -5119.85 18.1415 -3237.04
v -5119.95 17.6552 -3237.1
v -5119 17.444 -3236.95
v -5118.9 17.9303 -3236.89
v -5120.7 18.0138 -3234.63
v -5120.53 18.008 -3234.86
v -5120.8 18.3162 -3236.89
v -5121.02 18.3821 -3237.05
v -5120.8 18.3162 -3236.89
v -5120.9 17.8299 -3236.95
v -5119.95 17.6552 -3237.1
v -5119.85 18.1415 -3237.04
v -5125.94 18.9755 -3233.79
v -5125.5 21.1855 -3233.52
v -5125.81 21.5538 -3235.94
v -5126.26 19.3438 -3236.22
v -5127.44 19.56 -3236.03
v -5127.39 19.5243 -3235.83
v -5126.43 19.3496 -3235.99
v -5126.26 19.3438 -3236.22
v -5127.02 21.4334 -3233.02
v -5127.47 19.2234 -3233.3
v -5128.52 19.7097 -3235.48
v -5128.07 21.9197 -3235.2
v -5128.52 19.7097 -3235.48
v -5128.25 19.6452 -3235.39
v -5127.39 19.5243 -3235.83
v -5127.44 19.56 -3236.03
v -5131.79 22.0994 -3230.59
v -5132.84 22.5856 -3232.77
v -5134.36 20.5253 -3232.5
v -5133.29 20.3756 -3233.05
v -5133.1 22.2473 -3229.64
v -5134.77 22.8039 -3231.37
v -5135.22 20.5939 -3231.65
v -5134.36 20.5253 -3232.5
v -5112.71 14.4576 -3236.28
v -5112.4 15.9932 -3236.09
v -5113.57 16.2548 -3236.28
v -5113.94 14.4576 -3236.5
v -5113.57 16.2548 -3236.28
v -5113.41 16.1939 -3236.05
v -5113.78 16.0146 -3234.02
v -5114.01 16.0405 -3233.86
v -5109.23 24.9368 -3198.42
v -5113.49 25.5316 -3196.25
v -5113.14 26.1732 -3195.5
v -5113.49 25.5316 -3196.25
v -5109.23 24.9368 -3198.42
v -5108.68 25.5516 -3197.77
v -5118.03 27.0709 -3194.72
v -5113.14 26.1732 -3195.5
v -5124.83 25.9255 -3191.28
v -5118.55 24.5203 -3190.27
v -5111.9 15.1051 -3191.41
v -5110.86 14.6188 -3189.22
v -5118.28 15.9031 -3187.42
v -5116.59 16.6999 -3190.04
v -5117.64 16.6842 -3189.9
v -5117.32 16.3159 -3187.48
v -5116.27 16.3316 -3187.62
v -5115.31 15.9479 -3187.8
v -5119.68 18.9817 -3186.76
v -5123.84 17.8718 -3187.62
v -5124.88 17.8947 -3187.8
v -5127.22 20.6681 -3187.98
v -5133.96 22.4816 -3191.5
v -5132.69 25.1176 -3192.15
v -5126.28 23.3928 -3188.8
v -5127.22 20.6681 -3187.98
v -5126.4 20.798 -3190.34
v -5119.62 19.2803 -3189.24
v -5119.1 21.8069 -3190.04
v -5125.56 23.2503 -3191.08
v -5112.91 23.2022 -3193.31
v -5118.6 24.2477 -3192.4
v -5117.64 16.6842 -3189.9
v -5116.59 16.6999 -3190.04
v -5112.78 18.0256 -3190.34
v -5119.62 19.2803 -3189.24
v -5111.9 15.1051 -3191.41
v -5133.1 22.2473 -3229.64
v -5126.74 19.122 -3233.67
v -5127.47 19.2234 -3233.3
v -5131.79 22.0994 -3230.59
v -5119.9 17.8673 -3234.76
v -5119.9 17.8917 -3234.96
v -5120.53 18.008 -3234.86
v -5119.9 17.8673 -3234.76
v -5120.53 18.008 -3234.86
v -5120.7 18.0138 -3234.63
v -5125.94 18.9755 -3233.79
v -5126.74 19.122 -3233.67
v -5119.11 17.6901 -3234.63
v -5119.27 17.751 -3234.86
v -5119.9 17.8917 -3234.96
v -5119.9 17.8673 -3234.76
v -5114.01 16.0405 -3233.86
v -5113.78 16.0146 -3234.02
v -5113.15 15.8739 -3233.92
v -5113.22 15.8633 -3233.73
v -5113.5 14.4576 -3233.9
v -5113.22 15.8633 -3233.73
v -5112.51 15.6727 -3233.36
v -5112.75 14.4576 -3233.51
v -5119.37 17.2647 -3234.92
v -5119.27 17.751 -3234.86
v -5118.9 17.9303 -3236.89
v -5119 17.444 -3236.95
v -5118.77 17.418 -3237.11
v -5119 17.444 -3236.95
v -5119.95 17.6552 -3237.1
v -5118.77 17.418 -3237.11
v -5119.95 17.6552 -3237.1
v -5119.94 17.6796 -3237.3
v -5120.53 18.008 -3234.86
v -5120.63 17.5217 -3234.92
v -5120.9 17.8299 -3236.95
v -5120.8 18.3162 -3236.89
v -5119.94 17.6796 -3237.3
v -5119.95 17.6552 -3237.1
v -5120.9 17.8299 -3236.95
v -5121.12 17.8958 -3237.11
v -5126.26 19.3438 -3236.22
v -5126.43 19.3496 -3235.99
v -5126.17 19.0414 -3233.96
v -5125.94 18.9755 -3233.79
v -5127.39 19.5243 -3235.83
v -5127.48 19.0379 -3235.9
v -5126.53 18.8633 -3236.05
v -5126.43 19.3496 -3235.99
v -5127.47 19.2234 -3233.3
v -5127.38 19.2382 -3233.57
v -5128.25 19.6452 -3235.39
v -5128.52 19.7097 -3235.48
v -5128.25 19.6452 -3235.39
v -5128.35 19.1589 -3235.45
v -5127.48 19.0379 -3235.9
v -5127.39 19.5243 -3235.83
v -5132.24 19.8894 -3230.87
v -5131.79 22.0994 -3230.59
v -5132.84 22.5856 -3232.77
v -5133.29 20.3756 -3233.05
v -5134.36 20.5253 -3232.5
v -5134.24 20.4818 -3232.34
v -5133.38 20.3608 -3232.78
v -5133.29 20.3756 -3233.05
v -5133.1 22.2473 -3229.64
v -5133.55 20.0373 -3229.92
v -5135.22 20.5939 -3231.65
v -5134.77 22.8039 -3231.37
v -5135.22 20.5939 -3231.65
v -5134.94 20.5371 -3231.65
v -5134.24 20.4818 -3232.34
v -5134.36 20.5253 -3232.5
v -5114.33 14.4576 -3234.05
v -5114.01 16.0405 -3233.86
v -5113.22 15.8633 -3233.73
v -5113.5 14.4576 -3233.9
v -5113.94 14.4576 -3236.5
v -5113.57 16.2548 -3236.28
v -5114.01 16.0405 -3233.86
v -5114.33 14.4576 -3234.05
v -5113.49 25.5316 -3196.25
v -5118.17 26.3906 -3195.5
v -5118.03 27.0709 -3194.72
v -5118.17 26.3906 -3195.5
v -5113.49 25.5316 -3196.25
v -5113.14 26.1732 -3195.5
v -5122.06 27.2355 -3194.12
v -5119.86 27.4808 -3195.01
v -5118.03 27.0709 -3194.72
v -5124.38 26.4508 -3192.27
v -5123.75 26.742 -3192.91
v -5130.45 27.4367 -3194.22
v -5124.83 25.9255 -3191.28
v -5111 14.4576 -3189.19
v -5112.48 14.4576 -3191.27
v -5118.6 16.2714 -3189.84
v -5118.28 15.9031 -3187.42
v -5119.02 15.1561 -3187.43
v -5115.63 16.3162 -3190.22
v -5116.59 16.6999 -3190.04
v -5116.27 16.3316 -3187.62
v -5115.31 15.9479 -3187.8
v -5114.58 15.2231 -3188.01
v -5125.84 17.5146 -3188.01
v -5123.41 18.0861 -3190.04
v -5124.44 18.1089 -3190.22
v -5124.88 17.8947 -3187.8
v -5123.84 17.8718 -3187.62
v -5122.89 17.4495 -3187.48
v -5127.22 20.6681 -3187.98
v -5130.99 19.6218 -3189.98
v -5131.92 19.6614 -3190.48
v -5133.96 22.4816 -3191.5
v -5139.25 24.2447 -3196.99
v -5137.72 26.7944 -3197.37
v -5132.69 25.1176 -3192.15
v -5133.96 22.4816 -3191.5
v -5132.47 22.4301 -3193.51
v -5126.4 20.798 -3190.34
v -5125.56 23.2503 -3191.08
v -5131.33 24.8026 -3194.09
v -5124.15 25.2411 -3193.06
v -5124.39 25.2898 -3193.09
v -5118.6 24.2477 -3192.4
v -5123.71 25.3904 -3193.22
v -5124.44 18.1089 -3190.22
v -5123.41 18.0861 -3190.04
v -5119.62 19.2803 -3189.24
v -5126.4 20.798 -3190.34
v -5118.6 16.2714 -3189.84
v -5115.63 16.3162 -3190.22
v -5132.97 19.9908 -3230.49
v -5133.55 20.0373 -3229.92
v -5126.74 19.122 -3233.67
v -5126.8 19.1577 -3233.86
v -5127.38 19.2382 -3233.57
v -5126.74 19.122 -3233.67
v -5127.38 19.2382 -3233.57
v -5127.47 19.2234 -3233.3
v -5132.24 19.8894 -3230.87
v -5132.97 19.9908 -3230.49
v -5119.9 17.8917 -3234.96
v -5120 17.4054 -3235.02
v -5120.63 17.5217 -3234.92
v -5120.53 18.008 -3234.86
v -5125.94 18.9755 -3233.79
v -5126.17 19.0414 -3233.96
v -5126.8 19.1577 -3233.86
v -5126.74 19.122 -3233.67
v -5119.27 17.751 -3234.86
v -5119.37 17.2647 -3234.92
v -5120 17.4054 -3235.02
v -5119.9 17.8917 -3234.96
v -5119.21 17.2038 -3234.69
v -5119.37 17.2647 -3234.92
v -5119 17.444 -3236.95
v -5118.77 17.418 -3237.11
v -5119.37 14.4576 -3237.48
v -5118.77 17.418 -3237.11
v -5119.94 17.6796 -3237.3
v -5120.6 14.4576 -3237.71
v -5121.12 17.8958 -3237.11
v -5120.9 17.8299 -3236.95
v -5120.63 17.5217 -3234.92
v -5120.8 17.5275 -3234.69
v -5120.6 14.4576 -3237.71
v -5119.94 17.6796 -3237.3
v -5121.12 17.8958 -3237.11
v -5121.82 14.4576 -3237.54
v -5126.27 18.5551 -3234.02
v -5126.17 19.0414 -3233.96
v -5126.43 19.3496 -3235.99
v -5126.53 18.8633 -3236.05
v -5126.36 18.8574 -3236.28
v -5126.53 18.8633 -3236.05
v -5127.48 19.0379 -3235.9
v -5126.36 18.8574 -3236.28
v -5127.48 19.0379 -3235.9
v -5127.54 19.0736 -3236.09
v -5127.38 19.2382 -3233.57
v -5127.48 18.7519 -3233.63
v -5128.35 19.1589 -3235.45
v -5128.25 19.6452 -3235.39
v -5127.54 19.0736 -3236.09
v -5127.48 19.0379 -3235.9
v -5128.35 19.1589 -3235.45
v -5128.61 19.2234 -3235.54
v -5133.29 20.3756 -3233.05
v -5133.38 20.3608 -3232.78
v -5132.5 19.9539 -3230.95
v -5132.24 19.8894 -3230.87
v -5134.24 20.4818 -3232.34
v -5134.34 19.9954 -3232.4
v -5133.48 19.8745 -3232.84
v -5133.38 20.3608 -3232.78
v -5133.55 20.0373 -3229.92
v -5133.54 20.0713 -3230.2
v -5134.94 20.5371 -3231.65
v -5135.22 20.5939 -3231.65
v -5134.94 20.5371 -3231.65
v -5135.04 20.0508 -3231.71
v -5134.34 19.9954 -3232.4
v -5134.24 20.4818 -3232.34
v -5123.71 25.3904 -3193.22
v -5118.17 26.3906 -3195.5
v -5120.14 26.8319 -3195.82
v -5121.03 26.1469 -3194.71
v -5122.48 25.8316 -3194.04
v -5120.14 26.8319 -3195.82
v -5118.17 26.3906 -3195.5
v -5118.03 27.0709 -3194.72
v -5119.86 27.4808 -3195.01
v -5124.84 26.2617 -3191.92
v -5124.38 26.4508 -3192.27
v -5127.23 29.3245 -3197.77
v -5125.52 28.8653 -3196.88
v -5125.22 28.325 -3195.85
v -5125.14 28.2356 -3195.68
v -5125.82 27.6629 -3194.59
v -5134.86 28.906 -3198.79
v -5130.45 27.4367 -3194.22
v -5114.35 14.4576 -3189.45
v -5114.5 14.6359 -3190.63
v -5114.9 15.5914 -3190.43
v -5114.58 15.2231 -3188.01
v -5114.26 14.4576 -3188.17
v -5114.5 14.4576 -3190.65
v -5114.5 14.6359 -3190.63
v -5114.5 14.4576 -3190.65
v -5113.5 14.4576 -3190.78
v -5113.5 14.4576 -3190.78
v -5112.48 14.4576 -3191.27
v -5111 14.4576 -3189.19
v -5112.71 14.4576 -3188.37
v -5112.71 14.4576 -3188.37
v -5114.26 14.4576 -3188.17
v -5119.34 15.5243 -3189.85
v -5119.02 15.1561 -3187.43
v -5125.4 17.7288 -3190.43
v -5125.84 17.5146 -3188.01
v -5126.58 16.7894 -3188.21
v -5122.45 17.6638 -3189.9
v -5123.41 18.0861 -3190.04
v -5123.84 17.8718 -3187.62
v -5122.89 17.4495 -3187.48
v -5122.16 16.692 -3187.42
v -5132.79 19.2955 -3190.94
v -5129.83 19.661 -3192.17
v -5130.76 19.7006 -3192.66
v -5131.92 19.6614 -3190.48
v -5130.99 19.6218 -3189.98
v -5130.14 19.1827 -3189.54
v -5133.96 22.4816 -3191.5
v -5137 21.4101 -3194.49
v -5137.74 21.4431 -3195.24
v -5139.25 24.2447 -3196.99
v -5142.56 25.785 -3203.91
v -5140.86 28.2593 -3203.95
v -5137.72 26.7944 -3197.37
v -5139.25 24.2447 -3196.99
v -5137.23 24.017 -3198.45
v -5132.47 22.4301 -3193.51
v -5131.33 24.8026 -3194.09
v -5135.85 26.3117 -3198.79
v -5124.39 25.2898 -3193.09
v -5125.95 26.5812 -3195.18
v -5125.58 26.9922 -3195.8
v -5125.74 27.4076 -3196.48
v -5125.59 28.1768 -3197.7
v -5126.97 28.547 -3198.42
v -5129.32 26.8725 -3195.96
v -5130.76 19.7006 -3192.66
v -5129.83 19.661 -3192.17
v -5126.4 20.798 -3190.34
v -5132.47 22.4301 -3193.51
v -5125.4 17.7288 -3190.43
v -5122.45 17.6638 -3189.9
v -5119.34 15.5243 -3189.85
v -5114.9 15.5914 -3190.43
v -5132.97 19.9908 -3230.49
v -5133.08 20.0344 -3230.66
v -5133.54 20.0713 -3230.2
v -5132.97 19.9908 -3230.49
v -5133.54 20.0713 -3230.2
v -5133.55 20.0373 -3229.92
v -5126.8 19.1577 -3233.86
v -5126.9 18.6714 -3233.92
v -5127.48 18.7519 -3233.63
v -5127.38 19.2382 -3233.57
v -5132.24 19.8894 -3230.87
v -5132.5 19.9539 -3230.95
v -5133.08 20.0344 -3230.66
v -5132.97 19.9908 -3230.49
v -5120.8 17.5275 -3234.69
v -5120.63 17.5217 -3234.92
v -5120 17.4054 -3235.02
v -5120 17.381 -3234.82
v -5126.17 19.0414 -3233.96
v -5126.27 18.5551 -3234.02
v -5126.9 18.6714 -3233.92
v -5126.8 19.1577 -3233.86
v -5120 17.381 -3234.82
v -5120 17.4054 -3235.02
v -5119.37 17.2647 -3234.92
v -5119.21 17.2038 -3234.69
v -5119.77 14.4576 -3235.04
v -5119.21 17.2038 -3234.69
v -5118.77 17.418 -3237.11
v -5119.37 14.4576 -3237.48
v -5121.82 14.4576 -3237.54
v -5121.12 17.8958 -3237.11
v -5120.8 17.5275 -3234.69
v -5121.43 14.4576 -3235.08
v -5126.04 18.4892 -3233.86
v -5126.27 18.5551 -3234.02
v -5126.53 18.8633 -3236.05
v -5126.36 18.8574 -3236.28
v -5127.26 14.4576 -3236.83
v -5126.36 18.8574 -3236.28
v -5127.54 19.0736 -3236.09
v -5128.48 14.4576 -3236.67
v -5128.61 19.2234 -3235.54
v -5128.35 19.1589 -3235.45
v -5127.48 18.7519 -3233.63
v -5127.57 18.7371 -3233.36
v -5128.48 14.4576 -3236.67
v -5127.54 19.0736 -3236.09
v -5128.61 19.2234 -3235.54
v -5129.58 14.4576 -3236.14
v -5132.6 19.4676 -3231.01
v -5132.5 19.9539 -3230.95
v -5133.38 20.3608 -3232.78
v -5133.48 19.8745 -3232.84
v -5133.38 19.8893 -3233.11
v -5133.48 19.8745 -3232.84
v -5134.34 19.9954 -3232.4
v -5133.38 19.8893 -3233.11
v -5134.34 19.9954 -3232.4
v -5134.46 20.039 -3232.56
v -5133.54 20.0713 -3230.2
v -5133.64 19.585 -3230.26
v -5135.04 20.0508 -3231.71
v -5134.94 20.5371 -3231.65
v -5134.46 20.039 -3232.56
v -5134.34 19.9954 -3232.4
v -5135.04 20.0508 -3231.71
v -5135.32 20.1076 -3231.71
v -5125.52 28.8653 -3196.88
v -5127.23 29.3245 -3197.77
v -5126.97 28.547 -3198.42
v -5125.59 28.1768 -3197.7
v -5125.33 28.4051 -3197.24
v -5130.63 30.4599 -3201.31
v -5127.23 29.3245 -3197.77
v -5137.62 30.1894 -3204.56
v -5134.86 28.906 -3198.79
v -5119.32 14.4576 -3187.5
v -5119.75 14.5568 -3189.95
v -5119.66 14.4576 -3189.29
v -5119.32 14.4576 -3187.5
v -5120.6 14.4576 -3187.33
v -5126.14 17.0036 -3190.63
v -5126.58 16.7894 -3188.21
v -5126.98 15.8295 -3188.36
v -5121.72 16.9063 -3189.84
v -5122.16 16.692 -3187.42
v -5121.77 15.7147 -3187.43
v -5131.63 19.3348 -3193.12
v -5132.79 19.2955 -3190.94
v -5133.46 18.5798 -3191.31
v -5128.98 19.2219 -3191.73
v -5129.83 19.661 -3192.17
v -5130.99 19.6218 -3189.98
v -5130.14 19.1827 -3189.54
v -5129.5 18.4109 -3189.22
v -5138.45 21.0716 -3195.93
v -5135.25 21.2705 -3196.23
v -5135.98 21.3035 -3196.97
v -5137.74 21.4431 -3195.24
v -5137 21.4101 -3194.49
v -5136.34 20.9776 -3193.79
v -5139.25 24.2447 -3196.99
v -5141.3 23.0618 -3200.7
v -5141.78 23.0654 -3201.63
v -5142.56 25.785 -3203.91
v -5141.61 28.4463 -3207.66
v -5141.33 28.8006 -3207.51
v -5140.86 28.2593 -3203.95
v -5142.56 25.785 -3203.91
v -5143.02 26.3221 -3207.44
v -5142.04 27.7772 -3207.53
v -5140.21 25.4032 -3204.68
v -5137.23 24.017 -3198.45
v -5135.85 26.3117 -3198.79
v -5138.69 27.6301 -3204.71
v -5129.32 26.8725 -3195.96
v -5133.28 28.1948 -3200.07
v -5135.98 21.3035 -3196.97
v -5135.25 21.2705 -3196.23
v -5132.47 22.4301 -3193.51
v -5137.23 24.017 -3198.45
v -5131.63 19.3348 -3193.12
v -5128.98 19.2219 -3191.73
v -5126.14 17.0036 -3190.63
v -5121.72 16.9063 -3189.84
v -5119.75 14.5568 -3189.95
v -5133.08 20.0344 -3230.66
v -5133.18 19.5481 -3230.72
v -5133.64 19.585 -3230.26
v -5133.54 20.0713 -3230.2
v -5127.57 18.7371 -3233.36
v -5127.48 18.7519 -3233.63
v -5126.9 18.6714 -3233.92
v -5126.84 18.6357 -3233.73
v -5132.5 19.9539 -3230.95
v -5132.6 19.4676 -3231.01
v -5133.18 19.5481 -3230.72
v -5133.08 20.0344 -3230.66
v -5121.43 14.4576 -3235.08
v -5120.8 17.5275 -3234.69
v -5120 17.381 -3234.82
v -5120.6 14.4576 -3235.19
v -5126.84 18.6357 -3233.73
v -5126.9 18.6714 -3233.92
v -5126.27 18.5551 -3234.02
v -5126.04 18.4892 -3233.86
v -5120.6 14.4576 -3235.19
v -5120 17.381 -3234.82
v -5119.21 17.2038 -3234.69
v -5119.77 14.4576 -3235.04
v -5126.86 14.4576 -3234.36
v -5126.04 18.4892 -3233.86
v -5126.36 18.8574 -3236.28
v -5127.26 14.4576 -3236.83
v -5129.58 14.4576 -3236.14
v -5128.61 19.2234 -3235.54
v -5127.57 18.7371 -3233.36
v -5128.44 14.4576 -3233.89
v -5132.34 19.4031 -3230.93
v -5132.6 19.4676 -3231.01
v -5133.48 19.8745 -3232.84
v -5133.38 19.8893 -3233.11
v -5134.49 14.4576 -3233.79
v -5133.38 19.8893 -3233.11
v -5134.46 20.039 -3232.56
v -5135.59 14.4576 -3233.26
v -5135.32 20.1076 -3231.71
v -5135.04 20.0508 -3231.71
v -5133.64 19.585 -3230.26
v -5133.65 19.551 -3229.98
v -5135.59 14.4576 -3233.26
v -5134.46 20.039 -3232.56
v -5135.32 20.1076 -3231.71
v -5136.47 14.4576 -3232.42
v -5130.63 30.4599 -3201.31
v -5130.23 29.6333 -3201.81
v -5126.97 28.547 -3198.42
v -5127.23 29.3245 -3197.77
v -5131.45 30.8422 -3203.02
v -5130.63 30.4599 -3201.31
v -5136.34 30.5208 -3204.87
v -5134.96 30.4887 -3203.95
v -5133.98 30.6387 -3203.86
v -5131.83 30.8323 -3203.21
v -5137.62 30.1894 -3204.56
v -5138.81 29.9517 -3206.44
v -5137.79 30.3871 -3205.86
v -5137.79 30.3872 -3205.86
v -5119.66 14.4576 -3189.29
v -5119.75 14.5568 -3189.95
v -5119.77 14.4576 -3189.96
v -5121.82 14.4576 -3187.55
v -5121.78 14.6663 -3187.53
v -5120.6 14.4576 -3187.33
v -5121.43 14.4576 -3190
v -5121.34 14.8805 -3189.95
v -5121.78 14.6663 -3187.53
v -5121.82 14.4576 -3187.55
v -5120.6 14.4576 -3189.85
v -5121.34 14.8805 -3189.95
v -5121.43 14.4576 -3190
v -5119.77 14.4576 -3189.96
v -5120.6 14.4576 -3189.85
v -5126.54 16.0438 -3190.78
v -5126.98 15.8295 -3188.36
v -5128.48 14.4576 -3188.76
v -5127.26 14.4576 -3188.53
v -5121.33 15.9289 -3189.85
v -5121.77 15.7147 -3187.43
v -5132.31 18.6191 -3193.49
v -5133.46 18.5798 -3191.31
v -5133.85 17.6233 -3191.53
v -5128.35 18.4502 -3191.41
v -5129.5 18.4109 -3189.22
v -5129.17 17.4241 -3189.06
v -5136.69 20.932 -3197.66
v -5138.45 21.0716 -3195.93
v -5139.01 20.3521 -3196.44
v -5134.59 20.8381 -3195.53
v -5135.25 21.2705 -3196.23
v -5137 21.4101 -3194.49
v -5136.34 20.9776 -3193.79
v -5135.87 20.2115 -3193.25
v -5142.26 22.6689 -3202.48
v -5139.11 22.757 -3201.81
v -5139.59 22.7606 -3202.75
v -5141.78 23.0654 -3201.63
v -5141.3 23.0618 -3200.7
v -5140.9 22.6588 -3199.81
v -5143.02 26.3221 -3207.44
v -5142.56 25.785 -3203.91
v -5143.33 24.6147 -3207.39
v -5139.92 26.6919 -3207.2
v -5140.55 25.7981 -3207.27
v -5140.21 25.4032 -3204.68
v -5138.69 27.6301 -3204.71
v -5138.93 27.9179 -3206.61
v -5135.38 29.152 -3204.41
v -5136.42 28.9627 -3205.14
v -5133.28 28.1948 -3200.07
v -5135.36 29.1606 -3204.41
v -5139.59 22.7606 -3202.75
v -5139.11 22.757 -3201.81
v -5137.23 24.017 -3198.45
v -5140.21 25.4032 -3204.68
v -5126.97 28.547 -3198.42
v -5130.23 29.6333 -3201.81
v -5136.69 20.932 -3197.66
v -5134.59 20.8381 -3195.53
v -5132.31 18.6191 -3193.49
v -5128.35 18.4502 -3191.41
v -5126.54 16.0438 -3190.78
v -5121.33 15.9289 -3189.85
v -5133.65 19.551 -3229.98
v -5133.64 19.585 -3230.26
v -5133.18 19.5481 -3230.72
v -5133.07 19.5045 -3230.56
v -5128.44 14.4576 -3233.89
v -5127.57 18.7371 -3233.36
v -5126.84 18.6357 -3233.73
v -5127.69 14.4576 -3234.25
v -5133.07 19.5045 -3230.56
v -5133.18 19.5481 -3230.72
v -5132.6 19.4676 -3231.01
v -5132.34 19.4031 -3230.93
v -5127.69 14.4576 -3234.25
v -5126.84 18.6357 -3233.73
v -5126.04 18.4892 -3233.86
v -5126.86 14.4576 -3234.36
v -5133.35 14.4576 -3231.55
v -5132.34 19.4031 -3230.93
v -5133.38 19.8893 -3233.11
v -5134.49 14.4576 -3233.79
v -5136.47 14.4576 -3232.42
v -5135.32 20.1076 -3231.71
v -5133.65 19.551 -3229.98
v -5134.69 14.4576 -3230.62
v -5130.78 29.8905 -3202.96
v -5130.23 29.6333 -3201.81
v -5130.63 30.4599 -3201.31
v -5131.45 30.8422 -3203.02
v -5132.39 29.7508 -3203.8
v -5130.78 29.8905 -3202.96
v -5131.45 30.8422 -3203.02
v -5131.83 30.8323 -3203.21
v -5133.59 29.5646 -3204.19
v -5133.98 30.6387 -3203.86
v -5135.36 29.1606 -3204.41
v -5134.96 30.4887 -3203.95
v -5135.38 29.152 -3204.41
v -5136.34 30.5208 -3204.87
v -5136.34 30.5208 -3204.87
v -5137.79 30.3872 -3205.86
v -5121.34 14.8805 -3189.95
v -5121.78 14.6663 -3187.53
v -5127.26 14.4576 -3188.53
v -5126.98 15.8295 -3188.36
v -5126.54 16.0438 -3190.78
v -5126.86 14.4576 -3190.98
v -5129.58 14.4576 -3189.34
v -5129.19 16.3723 -3189.1
v -5128.48 14.4576 -3188.76
v -5132.69 17.6626 -3193.71
v -5133.85 17.6233 -3191.53
v -5134.29 15.4133 -3191.81
v -5135.34 15.6946 -3192.35
v -5128.01 17.4633 -3191.25
v -5129.17 17.4241 -3189.06
v -5137.26 20.2126 -3198.18
v -5139.01 20.3521 -3196.44
v -5139.36 19.3943 -3196.71
v -5134.11 20.072 -3194.98
v -5135.87 20.2115 -3193.25
v -5135.65 19.2284 -3192.95
v -5140.08 22.3642 -3203.59
v -5142.26 22.6689 -3202.48
v -5142.68 21.9328 -3203.1
v -5138.72 22.354 -3200.92
v -5139.11 22.757 -3201.81
v -5141.3 23.0618 -3200.7
v -5140.9 22.6588 -3199.81
v -5140.65 21.9176 -3199.1
v -5143.37 24.0615 -3207
v -5143.4 24.1982 -3207.38
v -5138.93 27.9179 -3206.61
v -5136.42 28.9627 -3205.14
v -5140.21 25.4032 -3204.68
v -5140.55 25.7981 -3207.27
v -5140.97 23.6443 -3207.45
v -5140.97 23.6214 -3207.38
v -5135.36 29.1606 -3204.41
v -5130.23 29.6333 -3201.81
v -5130.78 29.8905 -3202.96
v -5132.39 29.7508 -3203.8
v -5133.59 29.5646 -3204.19
v -5140.08 22.3642 -3203.59
v -5138.72 22.354 -3200.92
v -5137.26 20.2126 -3198.18
v -5134.11 20.072 -3194.98
v -5132.69 17.6626 -3193.71
v -5128.01 17.4633 -3191.25
v -5126.86 14.4576 -3190.98
v -5127.69 14.4576 -3191.13
v -5134.69 14.4576 -3230.62
v -5133.65 19.551 -3229.98
v -5133.07 19.5045 -3230.56
v -5134.09 14.4576 -3231.19
v -5134.09 14.4576 -3231.19
v -5133.07 19.5045 -3230.56
v -5132.34 19.4031 -3230.93
v -5133.35 14.4576 -3231.55
v -5127.69 14.4576 -3191.13
v -5128.04 16.4116 -3191.28
v -5128.44 14.4576 -3191.53
v -5128.44 14.4576 -3191.53
v -5128.04 16.4116 -3191.28
v -5129.19 16.3723 -3189.1
v -5129.58 14.4576 -3189.34
v -5132.69 17.6626 -3193.71
v -5133.14 15.4526 -3193.99
v -5134.29 15.4133 -3191.81
v -5133.85 17.6233 -3191.53
v -5135.71 18.178 -3192.93
v -5135.34 15.6946 -3192.35
v -5136.16 15.968 -3193.2
v -5134.29 15.4133 -3191.81
v -5134.38 15.4632 -3192.07
v -5135.22 15.6904 -3192.52
v -5135.34 15.6946 -3192.35
v -5128.04 16.4116 -3191.28
v -5129.19 16.3723 -3189.1
v -5137.6 19.2547 -3198.45
v -5139.36 19.3943 -3196.71
v -5139.81 17.1843 -3196.99
v -5140.63 17.4577 -3197.84
v -5133.89 19.0889 -3194.68
v -5135.65 19.2284 -3192.95
v -5140.5 21.628 -3204.22
v -5142.68 21.9328 -3203.1
v -5142.97 20.9691 -3203.41
v -5138.46 21.6129 -3200.22
v -5140.65 21.9176 -3199.1
v -5140.57 20.9512 -3198.69
v -5143.4 24.1982 -3207.38
v -5143.37 24.0615 -3207
v -5140.97 23.6214 -3207.38
v -5140.97 23.6443 -3207.45
v -5143.37 23.3621 -3206.21
v -5140.97 22.9221 -3206.6
v -5140.5 21.628 -3204.22
v -5138.46 21.6129 -3200.22
v -5137.6 19.2547 -3198.45
v -5133.89 19.0889 -3194.68
v -5133.85 15.6431 -3194.36
v -5133.14 15.4526 -3193.99
v -5133.14 15.4526 -3193.99
v -5133.41 15.496 -3193.9
v -5134.38 15.4632 -3192.07
v -5134.29 15.4133 -3191.81
v -5134.41 15.8284 -3194.94
v -5133.96 18.0384 -3194.66
v -5135.71 18.178 -3192.93
v -5136.16 15.968 -3193.2
v -5135.34 15.6946 -3192.35
v -5135.22 15.6904 -3192.52
v -5135.88 15.9113 -3193.2
v -5136.16 15.968 -3193.2
v -5134.38 15.4632 -3192.07
v -5134.47 14.9769 -3192.14
v -5135.32 15.2041 -3192.58
v -5135.22 15.6904 -3192.52
v -5137.6 19.2547 -3198.45
v -5138.05 17.0447 -3198.72
v -5139.81 17.1843 -3196.99
v -5139.36 19.3943 -3196.71
v -5140.69 19.9066 -3198.64
v -5140.63 17.4577 -3197.84
v -5141.14 17.6966 -3198.92
v -5139.81 17.1843 -3196.99
v -5139.8 17.2183 -3197.27
v -5140.46 17.4392 -3197.96
v -5140.63 17.4577 -3197.84
v -5133.96 18.0384 -3194.66
v -5135.71 18.178 -3192.93
v -5140.79 20.6643 -3204.52
v -5142.97 20.9691 -3203.41
v -5143.42 18.7591 -3203.69
v -5143.94 18.998 -3204.76
v -5138.39 20.6464 -3199.81
v -5140.57 20.9512 -3198.69
v -5140.97 22.9221 -3206.6
v -5143.37 23.3621 -3206.21
v -5143.47 22.4237 -3205.75
v -5141.07 21.9836 -3206.13
v -5140.79 20.6643 -3204.52
v -5138.39 20.6464 -3199.81
v -5138.61 17.23 -3199.3
v -5138.05 17.0447 -3198.72
v -5133.96 18.0384 -3194.66
v -5133.85 15.6431 -3194.36
v -5133.97 15.6473 -3194.2
v -5133.41 15.496 -3193.9
v -5133.85 15.6431 -3194.36
v -5133.41 15.496 -3193.9
v -5133.14 15.4526 -3193.99
v -5134.41 15.8284 -3194.94
v -5133.85 15.6431 -3194.36
v -5133.41 15.496 -3193.9
v -5133.51 15.0097 -3193.96
v -5134.47 14.9769 -3192.14
v -5134.38 15.4632 -3192.07
v -5136.16 15.968 -3193.2
v -5135.88 15.9113 -3193.2
v -5134.41 15.7944 -3194.65
v -5134.41 15.8284 -3194.94
v -5135.22 15.6904 -3192.52
v -5135.32 15.2041 -3192.58
v -5135.98 15.425 -3193.27
v -5135.88 15.9113 -3193.2
v -5135.44 15.2083 -3192.41
v -5135.32 15.2041 -3192.58
v -5134.47 14.9769 -3192.14
v -5134.39 14.927 -3191.87
v -5138.05 17.0447 -3198.72
v -5138.33 17.1015 -3198.72
v -5139.8 17.2183 -3197.27
v -5139.81 17.1843 -3196.99
v -5138.96 17.3919 -3200.03
v -5138.51 19.6019 -3199.75
v -5140.69 19.9066 -3198.64
v -5141.14 17.6966 -3198.92
v -5140.63 17.4577 -3197.84
v -5140.46 17.4392 -3197.96
v -5140.88 17.6321 -3198.83
v -5141.14 17.6966 -3198.92
v -5139.8 17.2183 -3197.27
v -5139.9 16.732 -3197.33
v -5140.56 16.9529 -3198.02
v -5140.46 17.4392 -3197.96
v -5140.79 20.6643 -3204.52
v -5141.24 18.4543 -3204.8
v -5143.42 18.7591 -3203.69
v -5142.97 20.9691 -3203.41
v -5143.64 21.3889 -3205.67
v -5143.94 18.998 -3204.76
v -5144.09 19.1789 -3205.95
v -5143.42 18.7591 -3203.69
v -5143.33 18.7739 -3203.96
v -5143.75 18.9669 -3204.82
v -5143.94 18.998 -3204.76
v -5138.51 19.6019 -3199.75
v -5140.69 19.9066 -3198.64
v -5141.07 21.9836 -3206.13
v -5143.47 22.4237 -3205.75
v -5141.24 20.9488 -3206.06
v -5141.59 18.6162 -3205.53
v -5141.24 18.4543 -3204.8
v -5138.51 19.6019 -3199.75
v -5138.61 17.23 -3199.3
v -5138.77 17.2486 -3199.18
v -5138.33 17.1015 -3198.72
v -5138.61 17.23 -3199.3
v -5138.33 17.1015 -3198.72
v -5138.05 17.0447 -3198.72
v -5138.96 17.3919 -3200.03
v -5138.61 17.23 -3199.3
v -5133.97 15.6473 -3194.2
v -5134.07 15.161 -3194.26
v -5133.51 15.0097 -3193.96
v -5133.41 15.496 -3193.9
v -5134.41 15.8284 -3194.94
v -5134.41 15.7944 -3194.65
v -5133.97 15.6473 -3194.2
v -5133.85 15.6431 -3194.36
v -5134.39 14.927 -3191.87
v -5134.47 14.9769 -3192.14
v -5133.51 15.0097 -3193.96
v -5133.24 14.9663 -3194.05
v -5134.51 15.3081 -3194.72
v -5134.41 15.7944 -3194.65
v -5135.88 15.9113 -3193.2
v -5135.98 15.425 -3193.27
v -5136.26 15.4817 -3193.27
v -5135.98 15.425 -3193.27
v -5135.32 15.2041 -3192.58
v -5136.26 15.4817 -3193.27
v -5135.32 15.2041 -3192.58
v -5135.44 15.2083 -3192.41
v -5135.59 14.4576 -3192.51
v -5135.44 15.2083 -3192.41
v -5134.39 14.927 -3191.87
v -5134.49 14.4576 -3191.93
v -5138.33 17.1015 -3198.72
v -5138.43 16.6152 -3198.78
v -5139.9 16.732 -3197.33
v -5139.8 17.2183 -3197.27
v -5141.14 17.6966 -3198.92
v -5140.88 17.6321 -3198.83
v -5139.05 17.3771 -3199.76
v -5138.96 17.3919 -3200.03
v -5140.46 17.4392 -3197.96
v -5140.56 16.9529 -3198.02
v -5140.98 17.1458 -3198.89
v -5140.88 17.6321 -3198.83
v -5140.73 16.9714 -3197.9
v -5140.56 16.9529 -3198.02
v -5139.9 16.732 -3197.33
v -5139.91 16.698 -3197.05
v -5141.24 18.4543 -3204.8
v -5141.5 18.5188 -3204.89
v -5143.33 18.7739 -3203.96
v -5143.42 18.7591 -3203.69
v -5141.69 18.7388 -3206.33
v -5141.24 20.9488 -3206.06
v -5143.64 21.3889 -3205.67
v -5144.09 19.1789 -3205.95
v -5143.94 18.998 -3204.76
v -5143.75 18.9669 -3204.82
v -5143.87 19.113 -3205.78
v -5144.09 19.1789 -3205.95
v -5143.33 18.7739 -3203.96
v -5143.43 18.2876 -3204.02
v -5143.84 18.4805 -3204.88
v -5143.75 18.9669 -3204.82
v -5141.24 20.9488 -3206.06
v -5143.64 21.3889 -3205.67
v -5141.69 18.7388 -3206.33
v -5141.59 18.6162 -3205.53
v -5141.59 18.6162 -3205.53
v -5141.78 18.6473 -3205.46
v -5141.5 18.5188 -3204.89
v -5141.59 18.6162 -3205.53
v -5141.5 18.5188 -3204.89
v -5141.24 18.4543 -3204.8
v -5138.77 17.2486 -3199.18
v -5138.87 16.7623 -3199.24
v -5138.43 16.6152 -3198.78
v -5138.33 17.1015 -3198.72
v -5138.96 17.3919 -3200.03
v -5139.05 17.3771 -3199.76
v -5138.77 17.2486 -3199.18
v -5138.61 17.23 -3199.3
v -5133.24 14.9663 -3194.05
v -5133.51 15.0097 -3193.96
v -5134.07 15.161 -3194.26
v -5133.95 15.1568 -3194.42
v -5134.41 15.7944 -3194.65
v -5134.51 15.3081 -3194.72
v -5134.07 15.161 -3194.26
v -5133.97 15.6473 -3194.2
v -5134.49 14.4576 -3191.93
v -5134.39 14.927 -3191.87
v -5133.24 14.9663 -3194.05
v -5133.35 14.4576 -3194.11
v -5134.51 15.3421 -3195
v -5134.51 15.3081 -3194.72
v -5135.98 15.425 -3193.27
v -5136.26 15.4817 -3193.27
v -5136.47 14.4576 -3193.39
v -5136.26 15.4817 -3193.27
v -5135.44 15.2083 -3192.41
v -5135.59 14.4576 -3192.51
v -5139.91 16.698 -3197.05
v -5139.9 16.732 -3197.33
v -5138.43 16.6152 -3198.78
v -5138.15 16.5584 -3198.78
v -5139.15 16.8908 -3199.82
v -5139.05 17.3771 -3199.76
v -5140.88 17.6321 -3198.83
v -5140.98 17.1458 -3198.89
v -5141.24 17.2103 -3198.98
v -5140.98 17.1458 -3198.89
v -5140.56 16.9529 -3198.02
v -5141.24 17.2103 -3198.98
v -5140.56 16.9529 -3198.02
v -5140.73 16.9714 -3197.9
v -5141.24 14.4576 -3198.22
v -5140.73 16.9714 -3197.9
v -5139.91 16.698 -3197.05
v -5140.36 14.4576 -3197.33
v -5141.5 18.5188 -3204.89
v -5141.6 18.0325 -3204.95
v -5143.43 18.2876 -3204.02
v -5143.33 18.7739 -3203.96
v -5144.09 19.1789 -3205.95
v -5143.87 19.113 -3205.78
v -5141.86 18.7447 -3206.1
v -5141.69 18.7388 -3206.33
v -5143.75 18.9669 -3204.82
v -5143.84 18.4805 -3204.88
v -5143.97 18.6267 -3205.84
v -5143.87 19.113 -3205.78
v -5144.04 18.5117 -3204.82
v -5143.84 18.4805 -3204.88
v -5143.43 18.2876 -3204.02
v -5143.52 18.2728 -3203.75
v -5141.69 18.7388 -3206.33
v -5141.86 18.7447 -3206.1
v -5141.78 18.6473 -3205.46
v -5141.59 18.6162 -3205.53
v -5141.78 18.6473 -3205.46
v -5141.88 18.161 -3205.52
v -5141.6 18.0325 -3204.95
v -5141.5 18.5188 -3204.89
v -5138.15 16.5584 -3198.78
v -5138.43 16.6152 -3198.78
v -5138.87 16.7623 -3199.24
v -5138.71 16.7437 -3199.36
v -5139.05 17.3771 -3199.76
v -5139.15 16.8908 -3199.82
v -5138.87 16.7623 -3199.24
v -5138.77 17.2486 -3199.18
v -5133.35 14.4576 -3194.11
v -5133.24 14.9663 -3194.05
v -5133.95 15.1568 -3194.42
v -5134.09 14.4576 -3194.51
v -5133.95 15.1568 -3194.42
v -5134.07 15.161 -3194.26
v -5134.51 15.3081 -3194.72
v -5134.51 15.3421 -3195
v -5134.69 14.4576 -3195.11
v -5134.51 15.3421 -3195
v -5136.26 15.4817 -3193.27
v -5136.47 14.4576 -3193.39
v -5134.09 14.4576 -3194.51
v -5133.95 15.1568 -3194.42
v -5134.51 15.3421 -3195
v -5134.69 14.4576 -3195.11
v -5140.36 14.4576 -3197.33
v -5139.91 16.698 -3197.05
v -5138.15 16.5584 -3198.78
v -5138.58 14.4576 -3199.05
v -5139.06 16.9055 -3200.09
v -5139.15 16.8908 -3199.82
v -5140.98 17.1458 -3198.89
v -5141.24 17.2103 -3198.98
v -5141.8 14.4576 -3199.32
v -5141.24 17.2103 -3198.98
v -5140.73 16.9714 -3197.9
v -5141.24 14.4576 -3198.22
v -5143.52 18.2728 -3203.75
v -5143.43 18.2876 -3204.02
v -5141.6 18.0325 -3204.95
v -5141.34 17.968 -3204.86
v -5141.96 18.2583 -3206.16
v -5141.86 18.7447 -3206.1
v -5143.87 19.113 -3205.78
v -5143.97 18.6267 -3205.84
v -5144.19 18.6926 -3206.01
v -5143.97 18.6267 -3205.84
v -5143.84 18.4805 -3204.88
v -5144.19 18.6926 -3206.01
v -5143.84 18.4805 -3204.88
v -5144.04 18.5117 -3204.82
v -5144.86 14.4576 -3205.33
v -5144.04 18.5117 -3204.82
v -5143.52 18.2728 -3203.75
v -5144.3 14.4576 -3204.23
v -5141.86 18.7447 -3206.1
v -5141.96 18.2583 -3206.16
v -5141.88 18.161 -3205.52
v -5141.78 18.6473 -3205.46
v -5141.34 17.968 -3204.86
v -5141.6 18.0325 -3204.95
v -5141.88 18.161 -3205.52
v -5141.69 18.1299 -3205.59
v -5138.58 14.4576 -3199.05
v -5138.15 16.5584 -3198.78
v -5138.71 16.7437 -3199.36
v -5139.17 14.4576 -3199.65
v -5138.71 16.7437 -3199.36
v -5138.87 16.7623 -3199.24
v -5139.15 16.8908 -3199.82
v -5139.06 16.9055 -3200.09
v -5139.55 14.4576 -3200.4
v -5139.06 16.9055 -3200.09
v -5141.24 17.2103 -3198.98
v -5141.8 14.4576 -3199.32
v -5139.17 14.4576 -3199.65
v -5138.71 16.7437 -3199.36
v -5139.06 16.9055 -3200.09
v -5139.55 14.4576 -3200.4
v -5144.3 14.4576 -3204.23
v -5143.52 18.2728 -3203.75
v -5141.34 17.968 -3204.86
v -5142.05 14.4576 -3205.3
v -5141.79 18.2525 -3206.39
v -5141.96 18.2583 -3206.16
v -5143.97 18.6267 -3205.84
v -5144.19 18.6926 -3206.01
v -5145.05 14.4576 -3206.54
v -5144.19 18.6926 -3206.01
v -5144.04 18.5117 -3204.82
v -5144.86 14.4576 -3205.33
v -5141.69 18.1299 -3205.59
v -5141.88 18.161 -3205.52
v -5141.96 18.2583 -3206.16
v -5141.79 18.2525 -3206.39
v -5142.05 14.4576 -3205.3
v -5141.34 17.968 -3204.86
v -5141.69 18.1299 -3205.59
v -5142.43 14.4576 -3206.05
v -5142.57 14.4576 -3206.87
v -5141.79 18.2525 -3206.39
v -5144.19 18.6926 -3206.01
v -5145.05 14.4576 -3206.54
v -5142.43 14.4576 -3206.05
v -5141.69 18.1299 -3205.59
v -5141.79 18.2525 -3206.39
v -5142.57 14.4576 -3206.87
v -5134.09 14.4576 -3231.19
v -5133.35 14.4576 -3231.55
v -5134.49 14.4576 -3233.79
v -5135.59 14.4576 -3233.26
v -5136.47 14.4576 -3232.42
v -5134.69 14.4576 -3230.62
v -5127.69 14.4576 -3234.25
v -5126.86 14.4576 -3234.36
v -5127.26 14.4576 -3236.83
v -5128.48 14.4576 -3236.67
v -5129.58 14.4576 -3236.14
v -5128.44 14.4576 -3233.89
v -5120.6 14.4576 -3235.19
v -5119.77 14.4576 -3235.04
v -5119.37 14.4576 -3237.48
v -5120.6 14.4576 -3237.71
v -5121.82 14.4576 -3237.54
v -5121.43 14.4576 -3235.08
v -5113.5 14.4576 -3233.9
v -5112.75 14.4576 -3233.51
v -5111.61 14.4576 -3235.7
v -5112.71 14.4576 -3236.28
v -5113.94 14.4576 -3236.5
v -5114.33 14.4576 -3234.05
v -5102.02 14.4576 -3225.39
v -5101.64 14.4576 -3224.64
v -5099.4 14.4576 -3225.72
v -5099.96 14.4576 -3226.82
v -5100.83 14.4576 -3227.7
v -5102.61 14.4576 -3225.99
v -5096.1 14.4576 -3218.22
v -5096.33 14.4576 -3219.71
v -5096.95 14.4576 -3220.93
v -5099.17 14.4576 -3219.8
v -5098.76 14.4576 -3218.99
v -5098.61 14.4576 -3218.04
v -5096.63 14.4576 -3218.22
v -5095.51 14.4576 -3209.26
v -5095.08 14.4576 -3211.89
v -5095.39 14.4576 -3213.83
v -5097.84 14.4576 -3213.23
v -5097.73 14.4576 -3212.51
v -5097.64 14.4576 -3211.96
v -5097.72 14.4576 -3211.43
v -5097.87 14.4576 -3210.48
v -5097.13 14.4576 -3210.22
v -5134.09 14.4576 -3194.51
v -5134.69 14.4576 -3195.11
v -5136.47 14.4576 -3193.39
v -5135.59 14.4576 -3192.51
v -5134.49 14.4576 -3191.93
v -5133.35 14.4576 -3194.11
v -5139.17 14.4576 -3199.65
v -5139.55 14.4576 -3200.4
v -5141.8 14.4576 -3199.32
v -5141.24 14.4576 -3198.22
v -5140.36 14.4576 -3197.33
v -5138.58 14.4576 -3199.05
v -5114.26 14.4576 -3188.17
v -5112.71 14.4576 -3188.37
v -5111 14.4576 -3189.19
v -5112.48 14.4576 -3191.27
v -5113.5 14.4576 -3190.78
v -5114.5 14.4576 -3190.65
v -5114.35 14.4576 -3189.45
v -5120.6 14.4576 -3187.33
v -5119.32 14.4576 -3187.5
v -5119.66 14.4576 -3189.29
v -5119.77 14.4576 -3189.96
v -5120.6 14.4576 -3189.85
v -5121.43 14.4576 -3190
v -5121.82 14.4576 -3187.55
v -5127.69 14.4576 -3191.13
v -5128.44 14.4576 -3191.53
v -5129.58 14.4576 -3189.34
v -5128.48 14.4576 -3188.76
v -5127.26 14.4576 -3188.53
v -5126.86 14.4576 -3190.98
v -5105.6 14.4576 -3191.77
v -5107.1 14.4576 -3193.85
v -5108.15 14.4576 -3192.33
v -5107.79 14.4576 -3190.73
v -5108.46 14.4576 -3193.2
v -5103.66 14.4576 -3193.64
v -5105.8 14.4576 -3195.1
v -5104.01 14.4576 -3194.26
v -5102.76 14.4576 -3194.51
v -5102.81 14.4576 -3194.52
v -5099.96 14.4576 -3197.21
v -5102.89 14.4576 -3196.07
v -5099.75 14.4576 -3203.08
v -5099.05 14.4576 -3202.32
v -5099.42 14.4576 -3203.72
v -5102.02 14.4576 -3198.74
v -5103.52 14.4576 -3197.3
v -5100.13 14.4576 -3200.55
v -5101 14.4576 -3200.69
v -5095.84 14.4576 -3207.19
v -5096.14 14.4576 -3207.04
v -5096.33 14.4576 -3204.14
v -5098.47 14.4576 -3206.8
v -5098.76 14.4576 -3204.98
v -5098.81 14.4576 -3201.02
v -5142.57 14.4576 -3206.87
v -5145.05 14.4576 -3206.54
v -5144.86 14.4576 -3205.33
v -5144.3 14.4576 -3204.23
v -5142.05 14.4576 -3205.3
v -5142.43 14.4576 -3206.05
v -5110.61 20.1074 -3200.52
v -5110.35 21.085 -3201.26
v -5110.25 20.791 -3203.91
v -5111.56 21.1773 -3201.47
v -5111.84 20.3268 -3200.83
v -5111.29 20.8839 -3203.75
v -5111.11 21.719 -3203.68
v -5111.29 20.8839 -3203.75
v -5110.25 20.791 -3203.91
v -5111.11 21.719 -3203.68
v -5112.2 18.768 -3199.65
v -5112.28 18.5949 -3199.25
v -5112.04 17.6106 -3201.16
v -5111.93 16.1487 -3202.6
v -5111.58 15.8058 -3204.8
v -5111.44 16.1402 -3205.43
v -5111.29 20.8839 -3203.75
v -5111.84 20.3268 -3200.83
v -5111.35 15.6453 -3205.77
v -5111.44 16.1402 -3205.43
v -5111.58 15.8058 -3204.8
v -5110.27 15.4992 -3206.04
v -5110.4 16.252 -3205.52
v -5111.44 16.1402 -3205.43
v -5111.35 15.6453 -3205.77
v -5110.53 15.7372 -3204.53
v -5110.4 16.252 -3205.52
v -5110.27 15.4992 -3206.04
v -5110.73 17.245 -3201.2
v -5110.65 19.8081 -3200.29
v -5110.61 20.1074 -3200.52
v -5110.25 20.791 -3203.91
v -5110.4 16.252 -3205.52
v -5110.53 15.7372 -3204.53
v -5110.7 16.0547 -3202.39
v -5111.44 16.1402 -3205.43
v -5110.4 16.252 -3205.52
v -5110.25 20.791 -3203.91
v -5111.29 20.8839 -3203.75
v -5110.65 19.8081 -3200.29
v -5112.2 18.768 -3199.65
v -5111.84 20.3268 -3200.83
v -5111.56 21.1773 -3201.47
v -5110.35 21.085 -3201.26
v -5110.61 20.1074 -3200.52
v -5112.04 17.6106 -3201.16
v -5112.28 18.5949 -3199.25
v -5110.71 17.5084 -3200.93
v -5110.73 17.245 -3201.2
v -5110.7 16.0547 -3202.39
v -5111.93 16.1487 -3202.6
v -5110.7 16.0547 -3202.39
v -5110.53 15.7372 -3204.53
v -5110.27 15.4992 -3206.04
v -5111.35 15.6453 -3205.77
v -5111.58 15.8058 -3204.8
v -5111.93 16.1487 -3202.6
v -5115.01 15.732 -3225.5
v -5114.18 16.6977 -3224.67
v -5114.09 16.3532 -3224.52
v -5115 15.457 -3225.45
v -5105.79 16.7356 -3218.23
v -5106.29 16.9187 -3218.52
v -5106.14 18.5494 -3218.55
v -5105.08 16.1754 -3218.9
v -5105.84 16.4538 -3219.35
v -5106.29 16.9187 -3218.52
v -5105.79 16.7356 -3218.23
v -5105.56 18.4502 -3219.47
v -5105.84 16.4538 -3219.35
v -5105.08 16.1754 -3218.9
v -5114.41 14.8611 -3226.22
v -5113.3 15.9521 -3225.09
v -5113.45 16.664 -3225.44
v -5114.41 15.5572 -3226.39
v -5115 15.457 -3225.45
v -5114.09 16.3532 -3224.52
v -5113.3 15.9521 -3225.09
v -5114.41 14.8611 -3226.22
v -5106.29 16.9187 -3218.52
v -5105.84 16.4538 -3219.35
v -5109.78 16.4676 -3222.13
v -5110.4 16.933 -3221.43
v -5114.18 16.6977 -3224.67
v -5115.01 15.732 -3225.5
v -5114.41 15.5572 -3226.39
v -5113.45 16.664 -3225.44
v -5110.32 19.6861 -3223.36
v -5111 19.8839 -3222.36
v -5115.01 15.732 -3225.5
v -5115 15.457 -3225.45
v -5114.41 14.8611 -3226.22
v -5114.41 15.5572 -3226.39
v -5109.47 21.0311 -3223.02
v -5109.44 22.4405 -3221.64
v -5110.48 20.8006 -3222.06
v -5111 19.8839 -3222.36
v -5110.32 19.6861 -3223.36
v -5109.69 20.7227 -3223.07
v -5108.24 21.3943 -3220.59
v -5109.38 22.8838 -3221.68
v -5107.49 21.1755 -3221.7
v -5107.25 21.0233 -3221.44
v -5106.11 20.3185 -3220.43
v -5106.81 20.5199 -3219.41
v -5119.86 18.2448 -3195.08
v -5120.14 17.8786 -3194.11
v -5120.68 18.0763 -3194.14
v -5123.71 20.8482 -3194.19
v -5123.03 20.506 -3194.15
v -5122.48 19.9208 -3194.15
v -5121.03 19.1806 -3194.08
v -5120.68 18.0763 -3194.14
v -5120.14 17.8786 -3194.11
v -5122.82 17.2043 -3194.4
v -5124.39 21.0131 -3194.17
v -5119.86 18.2448 -3195.08
v -5122.89 17.4822 -3195.41
v -5122.82 17.2043 -3194.4
v -5120.14 17.8786 -3194.11
v -5119.86 18.2448 -3195.08
v -5122.07 19.1584 -3195.32
v -5123.75 20.4352 -3195.51
v -5124.38 21.1285 -3195.58
v -5122.89 17.4822 -3195.41
v -5124.84 21.5297 -3195.6
v -5125.82 18.5133 -3195.45
v -5125.14 17.2912 -3195.39
v -5125.52 15.9362 -3195.32
v -5122.89 17.4822 -3195.41
v -5124.38 21.1285 -3195.58
v -5125.59 15.5739 -3194.31
v -5122.82 17.2043 -3194.4
v -5122.89 17.4822 -3195.41
v -5125.52 15.9362 -3195.32
v -5125.33 15.86 -3194.74
v -5122.82 17.2043 -3194.4
v -5125.59 15.5739 -3194.31
v -5125.74 17.0149 -3194.27
v -5125.58 17.8121 -3194.26
v -5125.95 18.5588 -3194.22
v -5125.27 20.12 -3194.21
v -5125.04 20.614 -3194.15
v -5124.39 21.0131 -3194.17
v -5140.08 19.4059 -3207.18
v -5139.5 19.8089 -3207.13
v -5140.08 22.4059 -3207.18
v -5139.5 22.8089 -3207.13
v -5138.62 19.6038 -3205.92
v -5138.73 19.4059 -3205.52
v -5138.62 22.6038 -3205.92
v -5138.73 22.4059 -3205.52
v -5139.5 19.8089 -3207.13
v -5139.97 20.5339 -3208.36
v -5139.5 22.8089 -3207.13
v -5139.97 23.5339 -3208.36
v -5137.71 20.0711 -3205.81
v -5138.62 19.6038 -3205.92
v -5137.71 23.0711 -3205.81
v -5138.62 22.6038 -3205.92
v -5131 21.1451 -3207.98
v -5132.28 21.3369 -3207.58
v -5131 24.1451 -3207.98
v -5132.28 24.3369 -3207.58
v -5132.28 21.3369 -3207.58
v -5134.68 21.0532 -3206.21
v -5132.28 24.3369 -3207.58
v -5134.68 24.0532 -3206.21
v -5136.22 20.2875 -3205.74
v -5137.71 20.0711 -3205.81
v -5136.22 23.2875 -3205.74
v -5137.71 23.0711 -3205.81
v -5134.68 21.0532 -3206.21
v -5136.22 20.2875 -3205.74
v -5134.68 24.0532 -3206.21
v -5136.22 23.2875 -3205.74
v -5138.36 24.0684 -3212.76
v -5136.44 25.2156 -3212.77
v -5138.36 27.0684 -3212.76
v -5136.44 28.2156 -3212.77
v -5139.43 22.9056 -3211.48
v -5138.36 24.0684 -3212.76
v -5139.43 25.9056 -3211.48
v -5138.36 27.0684 -3212.76
v -5136.44 25.2156 -3212.77
v -5133.28 25.7326 -3213.07
v -5136.44 28.2156 -3212.77
v -5133.28 28.7326 -3213.07
v -5132.51 25.2011 -3212.78
v -5129.86 24.0707 -3212.81
v -5132.51 28.2011 -3212.78
v -5129.86 27.0707 -3212.81
v -5133.28 25.7326 -3213.07
v -5132.51 25.2011 -3212.78
v -5133.28 28.7326 -3213.07
v -5132.51 28.2011 -3212.78
v -5129.86 24.0707 -3212.81
v -5129.3 23.4477 -3212.68
v -5129.86 27.0707 -3212.81
v -5129.3 26.4477 -3212.68
v -5125.96 20.7641 -3213.17
v -5126.09 19.4059 -3209.7
v -5125.96 23.7641 -3213.17
v -5126.09 22.4059 -3209.7
v -5129.3 23.4477 -3212.68
v -5125.96 20.7641 -3213.17
v -5129.3 26.4477 -3212.68
v -5125.96 23.7641 -3213.17
v -5127.3 19.4059 -3208.7
v -5131 21.1451 -3207.98
v -5127.3 22.4059 -3208.7
v -5131 24.1451 -3207.98
v -5141.22 21.8808 -3211.58
v -5139.43 22.9056 -3211.48
v -5141.22 24.8808 -3211.58
v -5139.43 25.9056 -3211.48
v -5146.96 19.7207 -3214.33
v -5141.22 21.8808 -3211.58
v -5146.96 22.7207 -3214.33
v -5141.22 24.8808 -3211.58
v -5141.55 20.4446 -3209.69
v -5145.3 19.5017 -3211.68
v -5141.55 23.4446 -3209.69
v -5145.3 22.5017 -3211.68
v -5139.97 20.5339 -3208.36
v -5141.55 20.4446 -3209.69
v -5139.97 23.5339 -3208.36
v -5141.55 23.4446 -3209.69
v -5148.1 19.4059 -3215.11
v -5146.96 19.7207 -3214.33
v -5148.1 22.4059 -3215.11
v -5146.96 22.7207 -3214.33
v -5145.3 19.5017 -3211.68
v -5146.13 19.4059 -3211.9
v -5145.3 22.5017 -3211.68
v -5146.13 22.4059 -3211.9
v -5133.01 23.0363 -3213.23
v -5137.31 21.817 -3213.5
v -5133.01 26.0363 -3213.23
v -5137.31 24.817 -3213.5
v -5138.06 21.3211 -3213.43
v -5138.12 21.3517 -3214.68
v -5138.06 24.3211 -3213.43
v -5138.12 24.3517 -3214.68
v -5137.31 21.817 -3213.5
v -5138.06 21.3211 -3213.43
v -5137.31 24.817 -3213.5
v -5138.06 24.3211 -3213.43
v -5138.21 19.4059 -3228.12
v -5138.06 19.6233 -3227.42
v -5138.21 22.4059 -3228.12
v -5138.06 22.6233 -3227.42
v -5139.58 19.6644 -3225.32
v -5140.46 19.4059 -3225.51
v -5139.58 22.6644 -3225.32
v -5140.46 22.4059 -3225.51
v -5134.25 21.2971 -3225.02
v -5132.29 21.868 -3224.72
v -5134.25 24.2971 -3225.02
v -5132.29 24.868 -3224.72
v -5135.57 21.5354 -3223.04
v -5139.58 19.6644 -3225.32
v -5135.57 24.5354 -3223.04
v -5139.58 22.6644 -3225.32
v -5138.06 19.6233 -3227.42
v -5134.25 21.2971 -3225.02
v -5138.06 22.6233 -3227.42
v -5134.25 24.2971 -3225.02
v -5132.29 21.868 -3224.72
v -5130.37 21.5932 -3226.17
v -5132.29 24.868 -3224.72
v -5130.37 24.5932 -3226.17
v -5130.37 21.5932 -3226.17
v -5128.92 22.5062 -3224.92
v -5130.37 24.5932 -3226.17
v -5128.92 25.5062 -3224.92
v -5142.09 19.4059 -3221.27
v -5141.63 19.6855 -3220.64
v -5142.09 22.4059 -3221.27
v -5141.63 22.6855 -3220.64
v -5142.51 19.5916 -3218.22
v -5143.07 19.4059 -3218.26
v -5142.51 22.5916 -3218.22
v -5143.07 22.4059 -3218.26
v -5138.28 21.2959 -3218.38
v -5136.39 22.0921 -3218.15
v -5138.28 24.2959 -3218.38
v -5136.39 25.0921 -3218.15
v -5141.63 19.6855 -3220.64
v -5138.28 21.2959 -3218.38
v -5141.63 22.6855 -3220.64
v -5138.28 24.2959 -3218.38
v -5139.33 20.8475 -3216.27
v -5142.51 19.5916 -3218.22
v -5139.33 23.8475 -3216.27
v -5142.51 22.5916 -3218.22
v -5134.48 22.2614 -3221.45
v -5135.57 21.5354 -3223.04
v -5134.48 25.2614 -3221.45
v -5135.57 24.5354 -3223.04
v -5134.81 22.4921 -3219.43
v -5134.48 22.2614 -3221.45
v -5134.81 25.4921 -3219.43
v -5134.48 25.2614 -3221.45
v -5136.39 22.0921 -3218.15
v -5134.81 22.4921 -3219.43
v -5136.39 25.0921 -3218.15
v -5134.81 25.4921 -3219.43
v -5138.12 21.3517 -3214.68
v -5139.33 20.8475 -3216.27
v -5138.12 24.3517 -3214.68
v -5139.33 23.8475 -3216.27
v -5128.85 21.4678 -3213.21
v -5130.07 21.9079 -3212.96
v -5128.85 24.4678 -3213.21
v -5130.07 24.9079 -3212.96
v -5126.67 20.0781 -3213.78
v -5128.85 21.4678 -3213.21
v -5126.67 23.0781 -3213.78
v -5128.85 24.4678 -3213.21
v -5125.23 19.4059 -3213.64
v -5126.67 20.0781 -3213.78
v -5125.23 22.4059 -3213.64
v -5126.67 23.0781 -3213.78
v -5130.07 21.9079 -3212.96
v -5133.01 23.0363 -3213.23
v -5130.07 24.9079 -3212.96
v -5133.01 26.0363 -3213.23
v -5124.44 21.0829 -3220.23
v -5122.67 19.4059 -3218.82
v -5124.44 24.0829 -3220.23
v -5122.67 22.4059 -3218.82
v -5126.75 22.6133 -3222.84
v -5124.44 21.0829 -3220.23
v -5126.75 25.6133 -3222.84
v -5124.44 24.0829 -3220.23
v -5128.92 22.5062 -3224.92
v -5126.75 22.6133 -3222.84
v -5128.92 25.5062 -3224.92
v -5126.75 25.6133 -3222.84
v -5122.78 19.4059 -3266.63
v -5130.26 19.4059 -3267.34
v -5122.78 22.4059 -3266.63
v -5130.26 22.4059 -3267.34
v -5130.26 19.4059 -3267.34
v -5129.94 19.4059 -3259.74
v -5130.26 22.4059 -3267.34
v -5129.94 22.4059 -3259.74
v -5132.22 19.4059 -3256.61
v -5141.85 19.4059 -3257.6
v -5132.22 22.4059 -3256.61
v -5141.85 22.4059 -3257.6
v -5109.24 19.4059 -3248.2
v -5109.12 19.4059 -3255.62
v -5109.24 22.4059 -3248.2
v -5109.12 22.4059 -3255.62
v -5106.35 19.4059 -3254.97
v -5106.46 19.4059 -3249.08
v -5106.35 22.4059 -3254.97
v -5106.46 22.4059 -3249.08
v -5121.92 19.4059 -3248.55
v -5122.15 19.4059 -3256.46
v -5121.92 22.4059 -3248.55
v -5122.15 22.4059 -3256.46
v -5116.9 19.4059 -3255.95
v -5116.86 19.4059 -3248.48
v -5116.9 22.4059 -3255.95
v -5116.86 22.4059 -3248.48
v -5103.81 19.4059 -3232.06
v -5106.98 19.4059 -3233.66
v -5103.81 22.4059 -3232.06
v -5106.98 22.4059 -3233.66
v -5098.2 19.4059 -3226.56
v -5103.81 19.4059 -3232.06
v -5098.2 22.4059 -3226.56
v -5103.81 22.4059 -3232.06
v -5097.16 19.4059 -3200.83
v -5094.59 19.4059 -3211.62
v -5097.16 22.4059 -3200.83
v -5094.59 22.4059 -3211.62
v -5094.59 19.4059 -3211.62
v -5095.14 19.4059 -3219.1
v -5094.59 22.4059 -3211.62
v -5095.14 22.4059 -3219.1
v -5095.14 19.4059 -3219.1
v -5098.2 19.4059 -3226.56
v -5095.14 22.4059 -3219.1
v -5098.2 22.4059 -3226.56
v -5100.92 19.4059 -3249.29
v -5100.69 19.4059 -3254.58
v -5100.92 22.4059 -3249.29
v -5100.69 22.4059 -3254.58
v -5122.15 19.4059 -3256.46
v -5130.71 19.4059 -3256.85
v -5122.15 22.4059 -3256.46
v -5130.71 22.4059 -3256.85
v -5129.94 19.4059 -3259.74
v -5123.06 19.4059 -3259.86
v -5129.94 22.4059 -3259.74
v -5123.06 22.4059 -3259.86
v -5123.06 19.4059 -3259.86
v -5122.78 19.4059 -3266.63
v -5123.06 22.4059 -3259.86
v -5122.78 22.4059 -3266.63
v -5115.67 19.4059 -3265.98
v -5115.49 19.4059 -3260.27
v -5115.67 22.4059 -3265.98
v -5115.49 22.4059 -3260.27
v -5110.26 19.4059 -3265.49
v -5115.67 19.4059 -3265.98
v -5110.26 22.4059 -3265.49
v -5115.67 22.4059 -3265.98
v -5110.43 19.4059 -3260.42
v -5110.26 19.4059 -3265.49
v -5110.43 22.4059 -3260.42
v -5110.26 22.4059 -3265.49
v -5100.69 19.4059 -3254.58
v -5106.35 19.4059 -3254.97
v -5100.69 22.4059 -3254.58
v -5106.35 22.4059 -3254.97
v -5109.12 19.4059 -3255.62
v -5116.9 19.4059 -3255.95
v -5109.12 22.4059 -3255.62
v -5116.9 22.4059 -3255.95
v -5115.49 19.4059 -3260.27
v -5110.43 19.4059 -3260.42
v -5115.49 22.4059 -3260.27
v -5110.43 22.4059 -3260.42
v -5104.2 19.4059 -3191.9
v -5097.16 19.4059 -3200.83
v -5104.2 22.4059 -3191.9
v -5097.16 22.4059 -3200.83
v -5136.37 19.4059 -3192.86
v -5125.15 19.4059 -3186.52
v -5136.37 22.4059 -3192.86
v -5125.15 22.4059 -3186.52
v -5125.15 19.4059 -3186.52
v -5113.15 19.4059 -3187.26
v -5125.15 22.4059 -3186.52
v -5113.15 22.4059 -3187.26
v -5113.15 19.4059 -3187.26
v -5104.2 19.4059 -3191.9
v -5113.15 22.4059 -3187.26
v -5104.2 22.4059 -3191.9
v -5141.68 19.4059 -3198.89
v -5136.37 19.4059 -3192.86
v -5141.68 22.4059 -3198.89
v -5136.37 22.4059 -3192.86
v -5138.48 19.4059 -3213.61
v -5139.38 19.4059 -3212.79
v -5138.48 22.4059 -3213.61
v -5139.38 22.4059 -3212.79
v -5139.24 19.4059 -3215.71
v -5138.48 19.4059 -3213.61
v -5139.24 22.4059 -3215.71
v -5138.48 22.4059 -3213.61
v -5139.38 19.4059 -3212.79
v -5148.1 19.4059 -3215.11
v -5139.38 22.4059 -3212.79
v -5148.1 22.4059 -3215.11
v -5143.07 19.4059 -3218.26
v -5139.24 19.4059 -3215.71
v -5143.07 22.4059 -3218.26
v -5139.24 22.4059 -3215.71
v -5134.95 19.4059 -3219.8
v -5136.05 19.4059 -3218.75
v -5134.95 22.4059 -3219.8
v -5136.05 22.4059 -3218.75
v -5140.46 19.4059 -3225.51
v -5135 19.4059 -3222.11
v -5140.46 22.4059 -3225.51
v -5135 22.4059 -3222.11
v -5135 19.4059 -3222.11
v -5134.95 19.4059 -3219.8
v -5135 22.4059 -3222.11
v -5134.95 22.4059 -3219.8
v -5136.05 19.4059 -3218.75
v -5137.96 19.4059 -3218.9
v -5136.05 22.4059 -3218.75
v -5137.96 22.4059 -3218.9
v -5137.96 19.4059 -3218.9
v -5142.09 19.4059 -3221.27
v -5137.96 22.4059 -3218.9
v -5142.09 22.4059 -3221.27
v -5141.85 19.4059 -3257.6
v -5141.41 19.4059 -3248.63
v -5141.85 22.4059 -3257.6
v -5141.41 22.4059 -3248.63
v -5144.64 19.4059 -3206.24
v -5143.73 19.4059 -3203.18
v -5144.64 22.4059 -3206.24
v -5143.73 22.4059 -3203.18
v -5106.46 19.4059 -3249.08
v -5100.92 19.4059 -3249.29
v -5106.46 22.4059 -3249.08
v -5100.92 22.4059 -3249.29
v -5106.98 19.4059 -3233.66
v -5113.61 19.4059 -3236.81
v -5106.98 22.4059 -3233.66
v -5113.61 22.4059 -3236.81
v -5116.86 19.4059 -3248.48
v -5109.24 19.4059 -3248.2
v -5116.86 22.4059 -3248.48
v -5109.24 22.4059 -3248.2
v -5133.3 19.4059 -3233.7
v -5136.05 19.4059 -3232.01
v -5133.3 22.4059 -3233.7
v -5136.05 22.4059 -3232.01
v -5141.41 19.4059 -3248.63
v -5132.18 19.4059 -3248.77
v -5141.41 22.4059 -3248.63
v -5132.18 22.4059 -3248.77
v -5113.61 19.4059 -3236.81
v -5114.27 19.4059 -3232.43
v -5113.61 22.4059 -3236.81
v -5114.27 22.4059 -3232.43
v -5118.37 19.4059 -3233.76
v -5117.94 19.4059 -3237.48
v -5118.37 22.4059 -3233.76
v -5117.94 22.4059 -3237.48
v -5129.1 19.4059 -3235.43
v -5127.46 19.4059 -3232.55
v -5129.1 22.4059 -3235.43
v -5127.46 22.4059 -3232.55
v -5131.69 19.4059 -3230.88
v -5133.3 19.4059 -3233.7
v -5131.69 22.4059 -3230.88
v -5133.3 22.4059 -3233.7
v -5125.91 19.4059 -3236.8
v -5129.1 19.4059 -3235.43
v -5125.91 22.4059 -3236.8
v -5129.1 22.4059 -3235.43
v -5130.71 19.4059 -3256.85
v -5130.59 19.4059 -3248.28
v -5130.71 22.4059 -3256.85
v -5130.59 22.4059 -3248.28
v -5132.18 19.4059 -3248.77
v -5132.22 19.4059 -3256.61
v -5132.18 22.4059 -3248.77
v -5132.22 22.4059 -3256.61
v -5130.59 19.4059 -3248.28
v -5121.92 19.4059 -3248.55
v -5130.59 22.4059 -3248.28
v -5121.92 22.4059 -3248.55
v -5117.94 19.4059 -3237.48
v -5121.17 19.4059 -3237.56
v -5117.94 22.4059 -3237.48
v -5121.17 22.4059 -3237.56
v -5121.17 19.4059 -3237.56
v -5121.02 19.4059 -3234.06
v -5121.17 22.4059 -3237.56
v -5121.02 22.4059 -3234.06
v -5125.15 19.4059 -3233.53
v -5125.91 19.4059 -3236.8
v -5125.15 22.4059 -3233.53
v -5125.91 22.4059 -3236.8
v -5100.85 19.4059 -3205.08
v -5107.41 19.4059 -3196.19
v -5100.85 22.4059 -3205.08
v -5107.41 22.4059 -3196.19
v -5107.9 19.4059 -3203.61
v -5104.39 19.4059 -3203.82
v -5107.9 22.4059 -3203.61
v -5104.39 22.4059 -3203.82
v -5104.39 19.4059 -3203.82
v -5102.99 19.4059 -3205.76
v -5104.39 22.4059 -3203.82
v -5102.99 22.4059 -3205.76
v -5100.43 19.4059 -3210.87
v -5100.85 19.4059 -3205.08
v -5100.43 22.4059 -3210.87
v -5100.85 22.4059 -3205.08
v -5102.99 19.4059 -3205.76
v -5103.24 19.4059 -3208.71
v -5102.99 22.4059 -3205.76
v -5103.24 22.4059 -3208.71
v -5109.12 19.4059 -3229.97
v -5103.71 19.4059 -3225.12
v -5109.12 22.4059 -3229.97
v -5103.71 22.4059 -3225.12
v -5105.25 19.4059 -3220.15
v -5110.56 19.4059 -3224.17
v -5105.25 22.4059 -3220.15
v -5110.56 22.4059 -3224.17
v -5100.7 19.4059 -3218.67
v -5100.43 19.4059 -3210.87
v -5100.7 22.4059 -3218.67
v -5100.43 22.4059 -3210.87
v -5103.24 19.4059 -3208.71
v -5105.13 19.4059 -3210.55
v -5103.24 22.4059 -3208.71
v -5105.13 22.4059 -3210.55
v -5103.71 19.4059 -3225.12
v -5100.7 19.4059 -3218.67
v -5103.71 22.4059 -3225.12
v -5100.7 22.4059 -3218.67
v -5106.4 19.4059 -3218.33
v -5105.25 19.4059 -3220.15
v -5106.4 22.4059 -3218.33
v -5105.25 22.4059 -3220.15
v -5133.3 19.4059 -3224.92
v -5138.21 19.4059 -3228.12
v -5133.3 22.4059 -3224.92
v -5138.21 22.4059 -3228.12
v -5136.05 19.4059 -3232.01
v -5133.9 19.4059 -3229.35
v -5136.05 22.4059 -3232.01
v -5133.9 22.4059 -3229.35
v -5110.56 19.4059 -3224.17
v -5111.85 19.4059 -3222.74
v -5110.56 22.4059 -3224.17
v -5111.85 22.4059 -3222.74
v -5114.27 19.4059 -3232.43
v -5109.12 19.4059 -3229.97
v -5114.27 22.4059 -3232.43
v -5109.12 22.4059 -3229.97
v -5126.44 19.4059 -3191.08
v -5132.84 19.4059 -3194.19
v -5126.44 22.4059 -3191.08
v -5132.84 22.4059 -3194.19
v -5118.49 19.4059 -3190.74
v -5126.44 19.4059 -3191.08
v -5118.49 22.4059 -3190.74
v -5126.44 22.4059 -3191.08
v -5146.13 19.4059 -3211.9
v -5140.31 19.4059 -3208.66
v -5146.13 22.4059 -3211.9
v -5140.31 22.4059 -3208.66
v -5141.35 19.4059 -3206.67
v -5144.64 19.4059 -3206.24
v -5141.35 22.4059 -3206.67
v -5144.64 22.4059 -3206.24
v -5110.04 19.4059 -3204.63
v -5111.5 19.4059 -3204.47
v -5110.04 22.4059 -3204.63
v -5111.5 22.4059 -3204.47
v -5126.09 19.4059 -3209.7
v -5125.23 19.4059 -3213.64
v -5126.09 22.4059 -3209.7
v -5125.23 22.4059 -3213.64
v -5140.31 19.4059 -3208.66
v -5140.08 19.4059 -3207.18
v -5140.31 22.4059 -3208.66
v -5140.08 22.4059 -3207.18
v -5140.55 19.4059 -3204.52
v -5141.35 19.4059 -3206.67
v -5140.55 22.4059 -3204.52
v -5141.35 22.4059 -3206.67
v -5138.73 19.4059 -3205.52
v -5137.69 19.4059 -3205.41
v -5138.73 22.4059 -3205.52
v -5137.69 22.4059 -3205.41
v -5111.5 19.4059 -3204.47
v -5112.32 19.4059 -3200.05
v -5111.5 22.4059 -3204.47
v -5112.32 22.4059 -3200.05
v -5136.14 19.4059 -3205.46
v -5127.3 19.4059 -3208.7
v -5136.14 22.4059 -3205.46
v -5127.3 22.4059 -3208.7
v -5132.84 19.4059 -3194.19
v -5138.44 19.4059 -3200.3
v -5132.84 22.4059 -3194.19
v -5138.44 22.4059 -3200.3
v -5137.69 19.4059 -3205.41
v -5136.14 19.4059 -3205.46
v -5137.69 22.4059 -3205.41
v -5136.14 22.4059 -3205.46
v -5111.85 19.4059 -3222.74
v -5106.4 19.4059 -3218.33
v -5111.85 22.4059 -3222.74
v -5106.4 22.4059 -3218.33
v -5122.67 19.4059 -3218.82
v -5129.91 19.4059 -3226.59
v -5122.67 22.4059 -3218.82
v -5129.91 22.4059 -3226.59
v -5121.02 19.4059 -3234.06
v -5118.37 19.4059 -3233.76
v -5121.02 22.4059 -3234.06
v -5118.37 22.4059 -3233.76
v -5127.46 19.4059 -3232.55
v -5125.15 19.4059 -3233.53
v -5127.46 22.4059 -3232.55
v -5125.15 22.4059 -3233.53
v -5129.91 19.4059 -3226.59
v -5133.3 19.4059 -3224.92
v -5129.91 22.4059 -3226.59
v -5133.3 22.4059 -3224.92
v -5133.9 19.4059 -3229.35
v -5131.69 19.4059 -3230.88
v -5133.9 22.4059 -3229.35
v -5131.69 22.4059 -3230.88
v -5143.73 19.4059 -3203.18
v -5140.55 19.4059 -3204.52
v -5143.73 22.4059 -3203.18
v -5140.55 22.4059 -3204.52
v -5138.44 19.4059 -3200.3
v -5141.68 19.4059 -3198.89
v -5138.44 22.4059 -3200.3
v -5141.68 22.4059 -3198.89
v -5112.32 19.4059 -3200.05
v -5110.7 19.4059 -3199.91
v -5112.32 22.4059 -3200.05
v -5110.7 22.4059 -3199.91
v -5107.41 19.4059 -3196.19
v -5118.49 19.4059 -3190.74
v -5107.41 22.4059 -3196.19
v -5118.49 22.4059 -3190.74
v -5110.7 19.4059 -3199.91
v -5110.04 19.4059 -3204.63
v -5110.7 22.4059 -3199.91
v -5110.04 22.4059 -3204.63
v -5102.94 23.369 -3206.49
v -5104.22 22.7097 -3205.89
v -5102.94 26.369 -3206.49
v -5104.22 25.7097 -3205.89
v -5103.79 22.6234 -3206.93
v -5102.94 23.369 -3206.49
v -5103.79 25.6234 -3206.93
v -5102.94 26.369 -3206.49
v -5104.23 20.7366 -3209.19
v -5104.63 21.3209 -3207.37
v -5104.23 23.7366 -3209.19
v -5104.63 24.3209 -3207.37
v -5104.96 19.4476 -3209.96
v -5104.23 20.7366 -3209.19
v -5104.96 22.4476 -3209.96
v -5104.23 23.7366 -3209.19
v -5104.63 21.3209 -3207.37
v -5103.79 22.6234 -3206.93
v -5104.63 24.3209 -3207.37
v -5103.79 25.6234 -3206.93
v -5105.13 19.4059 -3210.55
v -5104.96 19.4476 -3209.96
v -5105.13 22.4059 -3210.55
v -5104.96 22.4476 -3209.96
v -5106.62 19.8817 -3204.91
v -5107.11 19.5289 -3204.13
v -5106.62 22.8817 -3204.91
v -5107.11 22.5289 -3204.13
v -5104.22 22.7097 -3205.89
v -5105.65 21.349 -3204.52
v -5104.22 25.7097 -3205.89
v -5105.65 24.349 -3204.52
v -5105.65 21.349 -3204.52
v -5106.62 19.8817 -3204.91
v -5105.65 24.349 -3204.52
v -5106.62 22.8817 -3204.91
v -5107.11 19.5289 -3204.13
v -5107.9 19.4059 -3203.61
v -5107.11 22.5289 -3204.13
v -5107.9 22.4059 -3203.61
v -5213 -1.46725 -3117
v -5213 -2.10293 -3119
v -5213 -2.41544 -3121
v -5213 -2.64345 -3123
v -5213 -1.7453 -3125
v -5213 -2.13024 -3127
v -5213 -1.83157 -3129
v -5213 -1.85001 -3131
v -5213 -1.54508 -3133
v -5213 -1.49407 -3135
v -5213 -1.34319 -3137
v -5213 -1.23712 -3139
v -5213 -1.69635 -3141
v -5213 -2.38477 -3143
v -5213 -2.11984 -3145
v -5213 -1.76245 -3147
v -5213 -1.03415 -3149
v -5213 -0.53072 -3151
v -5213 0.0254304 -3153
v -5213 0.511966 -3155
v -5213 1.08962 -3157
v -5213 1.81696 -3159
v -5213 2.16866 -3161
v -5213 2.68979 -3163
v -5213 3.14843 -3165
v -5213 3.6344 -3167
v -5213 4.0197 -3169
v -5213 4.24998 -3171
v -5213 4.52513 -3173
v -5213 4.95652 -3175
v -5213 5.40307 -3177
v -5213 5.77221 -3179
v -5213 5.97233 -3181
v -5213 6.11981 -3183
v -5213 6.37416 -3185
v -5213 6.64087 -3187
v -5213 6.80881 -3189
v -5213 6.77765 -3191
v -5213 6.88748 -3193
v -5213 7.11657 -3195
v -5213 7.34538 -3197
v -5213 7.57386 -3199
v -5213 7.80204 -3201
v -5213 8.02988 -3203
v -5213 8.25732 -3205
v -5213 8.4844 -3207
v -5213 8.71107 -3209
v -5213 8.9373 -3211
v -5213 9.16306 -3213
v -5213 9.38837 -3215
v -5213 9.61318 -3217
v -5213 9.83748 -3219
v -5213 10.0612 -3221
v -5213 10.2844 -3223
v -5213 10.507 -3225
v -5213 10.729 -3227
v -5213 10.9505 -3229
v -5213 11.1712 -3231
v -5213 11.3914 -3233
v -5213 11.6108 -3235
v -5213 11.8295 -3237
v -5213 12.0476 -3239
v -5213 12.2649 -3241
v -5213 12.4814 -3243
v -5213 12.6972 -3245
v -5213 12.9122 -3247
v -5213 13.1264 -3249
v -5213 13.3398 -3251
v -5213 13.5523 -3253
v -5213 13.764 -3255
v -5213 13.9747 -3257
v -5213 14.1846 -3259
v -5213 14.3936 -3261
v -5213 14.6017 -3263
v -5213 14.8088 -3265
v -5213 15.0149 -3267
v -5213 15.2201 -3269
v -5213 15.4243 -3271
v -5213 15.6274 -3273
v -5213 15.8296 -3275
v -5213 16.0307 -3277
v -5213 16.2307 -3279
v -5213 16.4297 -3281
v -5213 16.6276 -3283
v -5213 16.8243 -3285
v -5213 17.02 -3287
v -5213 17.2145 -3289
v -5213 17.4079 -3291
v -5213 17.6001 -3293
v -5213 17.7911 -3295
v -5213 17.981 -3297
v -5213 18.1696 -3299
v -5213 18.357 -3301
v -5213 18.5432 -3303
v -5213 18.7281 -3305
v -5213 18.9118 -3307
v -5211 -1.40235 -3117
v -5211 -1.87752 -3119
v -5211 -2.44861 -3121
v -5211 -2.55187 -3123
v -5211 -1.83121 -3125
v -5211 -1.66108 -3127
v -5211 -1.657 -3129
v -5211 -1.56385 -3131
v -5211 -1.46664 -3133
v -5211 -1.32516 -3135
v -5211 -1.41425 -3137
v -5211 -1.6786 -3139
v -5211 -2.37475 -3141
v -5211 -2.20475 -3143
v -5211 -1.97376 -3145
v -5211 -1.51139 -3147
v -5211 -0.832758 -3149
v -5211 0.0387419 -3151
v -5211 0.449477 -3153
v -5211 1.06893 -3155
v -5211 1.78237 -3157
v -5211 2.09935 -3159
v -5211 2.54876 -3161
v -5211 3.04052 -3163
v -5211 3.47294 -3165
v -5211 3.92471 -3167
v -5211 4.25464 -3169
v -5211 4.48622 -3171
v -5211 4.83019 -3173
v -5211 5.19752 -3175
v -5211 5.58972 -3177
v -5211 5.95147 -3179
v -5211 6.21403 -3181
v -5211 6.47456 -3183
v -5211 6.73695 -3185
v -5211 6.92136 -3187
v -5211 6.93781 -3189
v -5211 6.88262 -3191
v -5211 7.09518 -3193
v -5211 7.32519 -3195
v -5211 7.55492 -3197
v -5211 7.78432 -3199
v -5211 8.01341 -3201
v -5211 8.24216 -3203
v -5211 8.4705 -3205
v -5211 8.69849 -3207
v -5211 8.92605 -3209
v -5211 9.15318 -3211
v -5211 9.37982 -3213
v -5211 9.60601 -3215
v -5211 9.8317 -3217
v -5211 10.0569 -3219
v -5211 10.2815 -3221
v -5211 10.5055 -3223
v -5211 10.729 -3225
v -5211 10.9519 -3227
v -5211 11.1742 -3229
v -5211 11.3958 -3231
v -5211 11.6167 -3233
v -5211 11.837 -3235
v -5211 12.0566 -3237
v -5211 12.2754 -3239
v -5211 12.4935 -3241
v -5211 12.7109 -3243
v -5211 12.9275 -3245
v -5211 13.1433 -3247
v -5211 13.3582 -3249
v -5211 13.5724 -3251
v -5211 13.7857 -3253
v -5211 13.9981 -3255
v -5211 14.2097 -3257
v -5211 14.4203 -3259
v -5211 14.6301 -3261
v -5211 14.8389 -3263
v -5211 15.0467 -3265
v -5211 15.2536 -3267
v -5211 15.4595 -3269
v -5211 15.6644 -3271
v -5211 15.8683 -3273
v -5211 16.0711 -3275
v -5211 16.2729 -3277
v -5211 16.4736 -3279
v -5211 16.6733 -3281
v -5211 16.8719 -3283
v -5211 17.0693 -3285
v -5211 17.2656 -3287
v -5211 17.4608 -3289
v -5211 17.6548 -3291
v -5211 17.8477 -3293
v -5211 18.0393 -3295
v -5211 18.2298 -3297
v -5211 18.4191 -3299
v -5211 18.6071 -3301
v -5211 18.7939 -3303
v -5211 18.9794 -3305
v -5211 19.1637 -3307
v -5209 -1.24381 -3117
v -5209 -2.03989 -3119
v -5209 -2.12965 -3121
v -5209 -2.05517 -3123
v -5209 -1.59275 -3125
v -5209 -1.47366 -3127
v -5209 -1.29946 -3129
v -5209 -1.26289 -3131
v -5209 -1.16599 -3133
v -5209 -1.52837 -3135
v -5209 -1.88335 -3137
v -5209 -2.17618 -3139
v -5209 -2.36103 -3141
v -5209 -2.20691 -3143
v -5209 -1.85964 -3145
v -5209 -0.910945 -3147
v -5209 -0.0470659 -3149
v -5209 0.437988 -3151
v -5209 1.00415 -3153
v -5209 1.4998 -3155
v -5209 2.12556 -3157
v -5209 2.53614 -3159
v -5209 2.93175 -3161
v -5209 3.40157 -3163
v -5209 3.76471 -3165
v -5209 4.19158 -3167
v -5209 4.48348 -3169
v -5209 4.68538 -3171
v -5209 5.03813 -3173
v -5209 5.40251 -3175
v -5209 5.84 -3177
v -5209 6.29511 -3179
v -5209 6.62901 -3181
v -5209 6.87277 -3183
v -5209 7.0419 -3185
v -5209 7.09755 -3187
v -5209 6.99207 -3189
v -5209 7.07122 -3191
v -5209 7.30242 -3193
v -5209 7.53335 -3195
v -5209 7.764 -3197
v -5209 7.9943 -3199
v -5209 8.22431 -3201
v -5209 8.45396 -3203
v -5209 8.68321 -3205
v -5209 8.91208 -3207
v -5209 9.14054 -3209
v -5209 9.36855 -3211
v -5209 9.59608 -3213
v -5209 9.82315 -3215
v -5209 10.0497 -3217
v -5209 10.2758 -3219
v -5209 10.5012 -3221
v -5209 10.7261 -3223
v -5209 10.9505 -3225
v -5209 11.1742 -3227
v -5209 11.3973 -3229
v -5209 11.6198 -3231
v -5209 11.8415 -3233
v -5209 12.0626 -3235
v -5209 12.283 -3237
v -5209 12.5027 -3239
v -5209 12.7216 -3241
v -5209 12.9398 -3243
v -5209 13.1572 -3245
v -5209 13.3737 -3247
v -5209 13.5895 -3249
v -5209 13.8044 -3251
v -5209 14.0185 -3253
v -5209 14.2317 -3255
v -5209 14.444 -3257
v -5209 14.6554 -3259
v -5209 14.8659 -3261
v -5209 15.0754 -3263
v -5209 15.284 -3265
v -5209 15.4917 -3267
v -5209 15.6983 -3269
v -5209 15.9039 -3271
v -5209 16.1085 -3273
v -5209 16.312 -3275
v -5209 16.5145 -3277
v -5209 16.7159 -3279
v -5209 16.9163 -3281
v -5209 17.1155 -3283
v -5209 17.3136 -3285
v -5209 17.5106 -3287
v -5209 17.7064 -3289
v -5209 17.9011 -3291
v -5209 18.0945 -3293
v -5209 18.2868 -3295
v -5209 18.4779 -3297
v -5209 18.6678 -3299
v -5209 18.8564 -3301
v -5209 19.0438 -3303
v -5209 19.23 -3305
v -5209 19.5197 -3307
v -5207 -1.68612 -3117
v -5207 -2.00249 -3119
v -5207 -2.02324 -3121
v -5207 -1.9406 -3123
v -5207 -1.66663 -3125
v -5207 -1.30251 -3127
v -5207 -1.27421 -3129
v -5207 -1.30374 -3131
v -5207 -1.56194 -3133
v -5207 -1.98898 -3135
v -5207 -2.37153 -3137
v -5207 -2.43087 -3139
v -5207 -1.99182 -3141
v -5207 -1.87743 -3143
v -5207 -1.20527 -3145
v -5207 -0.382814 -3147
v -5207 0.318047 -3149
v -5207 0.702175 -3151
v -5207 1.16608 -3153
v -5207 1.85985 -3155
v -5207 2.46017 -3157
v -5207 2.93288 -3159
v -5207 3.2855 -3161
v -5207 3.72765 -3163
v -5207 4.06665 -3165
v -5207 4.45945 -3167
v -5207 4.72933 -3169
v -5207 4.944 -3171
v -5207 5.35537 -3173
v -5207 5.82581 -3175
v -5207 6.3258 -3177
v -5207 6.76858 -3179
v -5207 7.04481 -3181
v -5207 7.19089 -3183
v -5207 7.2395 -3185
v -5207 7.17778 -3187
v -5207 7.04793 -3189
v -5207 7.27697 -3191
v -5207 7.50909 -3193
v -5207 7.74093 -3195
v -5207 7.97249 -3197
v -5207 8.20371 -3199
v -5207 8.43461 -3201
v -5207 8.66516 -3203
v -5207 8.8953 -3205
v -5207 9.12507 -3207
v -5207 9.35441 -3209
v -5207 9.58331 -3211
v -5207 9.81171 -3213
v -5207 10.0396 -3215
v -5207 10.2671 -3217
v -5207 10.494 -3219
v -5207 10.7203 -3221
v -5207 10.9461 -3223
v -5207 11.1713 -3225
v -5207 11.3958 -3227
v -5207 11.6198 -3229
v -5207 11.843 -3231
v -5207 12.0657 -3233
v -5207 12.2876 -3235
v -5207 12.5088 -3237
v -5207 12.7293 -3239
v -5207 12.949 -3241
v -5207 13.1679 -3243
v -5207 13.3861 -3245
v -5207 13.6035 -3247
v -5207 13.82 -3249
v -5207 14.0357 -3251
v -5207 14.2506 -3253
v -5207 14.4646 -3255
v -5207 14.6776 -3257
v -5207 14.8898 -3259
v -5207 15.101 -3261
v -5207 15.3113 -3263
v -5207 15.5206 -3265
v -5207 15.7289 -3267
v -5207 15.9363 -3269
v -5207 16.1426 -3271
v -5207 16.3479 -3273
v -5207 16.5521 -3275
v -5207 16.7553 -3277
v -5207 16.9574 -3279
v -5207 17.1584 -3281
v -5207 17.3583 -3283
v -5207 17.557 -3285
v -5207 17.7547 -3287
v -5207 17.9512 -3289
v -5207 18.1465 -3291
v -5207 18.3406 -3293
v -5207 18.5335 -3295
v -5207 18.7252 -3297
v -5207 18.9157 -3299
v -5207 19.1049 -3301
v -5207 19.2929 -3303
v -5207 19.5846 -3305
v -5207 19.96 -3307
v -5205 -1.63436 -3117
v -5205 -1.5934 -3119
v -5205 -1.76448 -3121
v -5205 -1.84372 -3123
v -5205 -1.49893 -3125
v -5205 -1.404 -3127
v -5205 -1.47829 -3129
v -5205 -1.85349 -3131
v -5205 -1.89033 -3133
v -5205 -2.13838 -3135
v -5205 -2.21733 -3137
v -5205 -1.8661 -3139
v -5205 -1.39873 -3141
v -5205 -1.10187 -3143
v -5205 -0.485258 -3145
v -5205 0.259109 -3147
v -5205 0.595376 -3149
v -5205 1.21848 -3151
v -5205 1.65266 -3153
v -5205 2.28439 -3155
v -5205 2.77763 -3157
v -5205 3.26977 -3159
v -5205 3.6704 -3161
v -5205 4.0222 -3163
v -5205 4.34305 -3165
v -5205 4.77134 -3167
v -5205 5.14965 -3169
v -5205 5.4986 -3171
v -5205 5.9705 -3173
v -5205 6.40807 -3175
v -5205 6.80036 -3177
v -5205 7.11726 -3179
v -5205 7.29709 -3181
v -5205 7.37 -3183
v -5205 7.35014 -3185
v -5205 7.24184 -3187
v -5205 7.24894 -3189
v -5205 7.48219 -3191
v -5205 7.71522 -3193
v -5205 7.94797 -3195
v -5205 8.18043 -3197
v -5205 8.41255 -3199
v -5205 8.64435 -3201
v -5205 8.87579 -3203
v -5205 9.10682 -3205
v -5205 9.33747 -3207
v -5205 9.56769 -3209
v -5205 9.79747 -3211
v -5205 10.0267 -3213
v -5205 10.2555 -3215
v -5205 10.4838 -3217
v -5205 10.7116 -3219
v -5205 10.9388 -3221
v -5205 11.1654 -3223
v -5205 11.3914 -3225
v -5205 11.6168 -3227
v -5205 11.8416 -3229
v -5205 12.0657 -3231
v -5205 12.2891 -3233
v -5205 12.5119 -3235
v -5205 12.7339 -3237
v -5205 12.9552 -3239
v -5205 13.1757 -3241
v -5205 13.3954 -3243
v -5205 13.6144 -3245
v -5205 13.8326 -3247
v -5205 14.0499 -3249
v -5205 14.2663 -3251
v -5205 14.4819 -3253
v -5205 14.6967 -3255
v -5205 14.9105 -3257
v -5205 15.1234 -3259
v -5205 15.3354 -3261
v -5205 15.5463 -3263
v -5205 15.7564 -3265
v -5205 15.9654 -3267
v -5205 16.1735 -3269
v -5205 16.3805 -3271
v -5205 16.5865 -3273
v -5205 16.7914 -3275
v -5205 16.9953 -3277
v -5205 17.1981 -3279
v -5205 17.3998 -3281
v -5205 17.6003 -3283
v -5205 17.7997 -3285
v -5205 17.998 -3287
v -5205 18.1951 -3289
v -5205 18.3911 -3291
v -5205 18.5858 -3293
v -5205 18.7794 -3295
v -5205 18.9717 -3297
v -5205 19.1628 -3299
v -5205 19.3526 -3301
v -5205 19.5954 -3303
v -5205 19.9974 -3305
v -5205 20.3529 -3307
v -5203 -1.56281 -3117
v -5203 -1.84294 -3119
v -5203 -1.61728 -3121
v -5203 -1.37874 -3123
v -5203 -1.34041 -3125
v -5203 -1.42105 -3127
v -5203 -1.65996 -3129
v -5203 -2.1581 -3131
v -5203 -2.06047 -3133
v -5203 -2.10401 -3135
v -5203 -1.73384 -3137
v -5203 -1.09693 -3139
v -5203 -0.751468 -3141
v -5203 -0.208464 -3143
v -5203 0.283309 -3145
v -5203 0.499157 -3147
v -5203 1.04211 -3149
v -5203 1.64827 -3151
v -5203 2.1199 -3153
v -5203 2.6037 -3155
v -5203 3.10592 -3157
v -5203 3.59521 -3159
v -5203 3.96595 -3161
v -5203 4.28343 -3163
v -5203 4.59155 -3165
v -5203 4.9961 -3167
v -5203 5.41856 -3169
v -5203 5.79251 -3171
v -5203 6.21722 -3173
v -5203 6.61382 -3175
v -5203 6.94285 -3177
v -5203 7.1949 -3179
v -5203 7.34841 -3181
v -5203 7.43193 -3183
v -5203 7.42296 -3185
v -5203 7.32514 -3187
v -5203 7.45274 -3189
v -5203 7.6869 -3191
v -5203 7.92083 -3193
v -5203 8.15449 -3195
v -5203 8.38785 -3197
v -5203 8.62086 -3199
v -5203 8.85355 -3201
v -5203 9.08588 -3203
v -5203 9.31779 -3205
v -5203 9.54932 -3207
v -5203 9.78042 -3209
v -5203 10.0111 -3211
v -5203 10.2412 -3213
v -5203 10.4709 -3215
v -5203 10.7 -3217
v -5203 10.9286 -3219
v -5203 11.1566 -3221
v -5203 11.3841 -3223
v -5203 11.611 -3225
v -5203 11.8372 -3227
v -5203 12.0628 -3229
v -5203 12.2877 -3231
v -5203 12.512 -3233
v -5203 12.7355 -3235
v -5203 12.9583 -3237
v -5203 13.1804 -3239
v -5203 13.4017 -3241
v -5203 13.6223 -3243
v -5203 13.842 -3245
v -5203 14.061 -3247
v -5203 14.279 -3249
v -5203 14.4963 -3251
v -5203 14.7126 -3253
v -5203 14.9281 -3255
v -5203 15.1427 -3257
v -5203 15.3563 -3259
v -5203 15.569 -3261
v -5203 15.7807 -3263
v -5203 15.9915 -3265
v -5203 16.2013 -3267
v -5203 16.41 -3269
v -5203 16.6177 -3271
v -5203 16.8244 -3273
v -5203 17.03 -3275
v -5203 17.2346 -3277
v -5203 17.438 -3279
v -5203 17.6404 -3281
v -5203 17.8416 -3283
v -5203 18.0417 -3285
v -5203 18.2406 -3287
v -5203 18.4384 -3289
v -5203 18.6349 -3291
v -5203 18.8303 -3293
v -5203 19.0244 -3295
v -5203 19.2174 -3297
v -5203 19.4091 -3299
v -5203 19.5995 -3301
v -5203 19.9591 -3303
v -5203 20.3517 -3305
v -5203 20.6877 -3307
v -5201 -1.48265 -3117
v -5201 -1.4319 -3119
v -5201 -1.43291 -3121
v -5201 -1.3278 -3123
v -5201 -1.18605 -3125
v -5201 -1.56481 -3127
v -5201 -1.84179 -3129
v -5201 -2.20774 -3131
v -5201 -2.26815 -3133
v -5201 -1.79767 -3135
v -5201 -1.17234 -3137
v -5201 -0.901831 -3139
v -5201 -0.612911 -3141
v -5201 0.0428273 -3143
v -5201 0.587395 -3145
v -5201 1.09943 -3147
v -5201 1.63519 -3149
v -5201 2.19118 -3151
v -5201 2.57214 -3153
v -5201 3.10527 -3155
v -5201 3.52265 -3157
v -5201 3.89572 -3159
v -5201 4.24148 -3161
v -5201 4.53761 -3163
v -5201 4.81438 -3165
v -5201 5.13455 -3167
v -5201 5.57088 -3169
v -5201 5.97079 -3171
v -5201 6.3976 -3173
v -5201 6.77439 -3175
v -5201 7.05744 -3177
v -5201 7.26748 -3179
v -5201 7.40872 -3181
v -5201 7.50943 -3183
v -5201 7.51457 -3185
v -5201 7.45815 -3187
v -5201 7.65592 -3189
v -5201 7.89098 -3191
v -5201 8.12581 -3193
v -5201 8.36037 -3195
v -5201 8.59462 -3197
v -5201 8.82852 -3199
v -5201 9.0621 -3201
v -5201 9.29531 -3203
v -5201 9.5281 -3205
v -5201 9.7605 -3207
v -5201 9.99246 -3209
v -5201 10.224 -3211
v -5201 10.455 -3213
v -5201 10.6855 -3215
v -5201 10.9155 -3217
v -5201 11.1449 -3219
v -5201 11.3738 -3221
v -5201 11.6021 -3223
v -5201 11.8298 -3225
v -5201 12.0568 -3227
v -5201 12.2833 -3229
v -5201 12.509 -3231
v -5201 12.7341 -3233
v -5201 12.9584 -3235
v -5201 13.182 -3237
v -5201 13.4049 -3239
v -5201 13.627 -3241
v -5201 13.8483 -3243
v -5201 14.0689 -3245
v -5201 14.2886 -3247
v -5201 14.5074 -3249
v -5201 14.7254 -3251
v -5201 14.9425 -3253
v -5201 15.1587 -3255
v -5201 15.374 -3257
v -5201 15.5884 -3259
v -5201 15.8018 -3261
v -5201 16.0143 -3263
v -5201 16.2258 -3265
v -5201 16.4362 -3267
v -5201 16.6457 -3269
v -5201 16.8541 -3271
v -5201 17.0615 -3273
v -5201 17.2678 -3275
v -5201 17.473 -3277
v -5201 17.6771 -3279
v -5201 17.8801 -3281
v -5201 18.082 -3283
v -5201 18.2827 -3285
v -5201 18.4823 -3287
v -5201 18.6807 -3289
v -5201 18.8779 -3291
v -5201 19.0738 -3293
v -5201 19.2686 -3295
v -5201 19.4622 -3297
v -5201 19.6544 -3299
v -5201 19.8455 -3301
v -5201 20.2487 -3303
v -5201 20.62 -3305
v -5201 20.9078 -3307
v -5199 -1.55616 -3117
v -5199 -1.45887 -3119
v -5199 -1.28352 -3121
v -5199 -1.19802 -3123
v -5199 -1.22383 -3125
v -5199 -1.28064 -3127
v -5199 -1.73049 -3129
v -5199 -2.37204 -3131
v -5199 -2.2022 -3133
v -5199 -1.44441 -3135
v -5199 -0.731514 -3137
v -5199 -0.670278 -3139
v -5199 -0.0674269 -3141
v -5199 0.466035 -3143
v -5199 1.22698 -3145
v -5199 1.56351 -3147
v -5199 2.14989 -3149
v -5199 2.58742 -3151
v -5199 3.04387 -3153
v -5199 3.45696 -3155
v -5199 3.83069 -3157
v -5199 4.16323 -3159
v -5199 4.47629 -3161
v -5199 4.76499 -3163
v -5199 5.01529 -3165
v -5199 5.26664 -3167
v -5199 5.68118 -3169
v -5199 6.09731 -3171
v -5199 6.50981 -3173
v -5199 6.87362 -3175
v -5199 7.14428 -3177
v -5199 7.34548 -3179
v -5199 7.48942 -3181
v -5199 7.60291 -3183
v -5199 7.65572 -3185
v -5199 7.64426 -3187
v -5199 7.85851 -3189
v -5199 8.09446 -3191
v -5199 8.33019 -3193
v -5199 8.56564 -3195
v -5199 8.80078 -3197
v -5199 9.03556 -3199
v -5199 9.27002 -3201
v -5199 9.5041 -3203
v -5199 9.73776 -3205
v -5199 9.97103 -3207
v -5199 10.2039 -3209
v -5199 10.4362 -3211
v -5199 10.6681 -3213
v -5199 10.8994 -3215
v -5199 11.1303 -3217
v -5199 11.3606 -3219
v -5199 11.5903 -3221
v -5199 11.8194 -3223
v -5199 12.0479 -3225
v -5199 12.2758 -3227
v -5199 12.503 -3229
v -5199 12.7296 -3231
v -5199 12.9555 -3233
v -5199 13.1806 -3235
v -5199 13.405 -3237
v -5199 13.6287 -3239
v -5199 13.8515 -3241
v -5199 14.0737 -3243
v -5199 14.3192 -3245
v -5199 14.5808 -3247
v -5199 14.8001 -3249
v -5199 14.9845 -3251
v -5199 15.1716 -3253
v -5199 15.3886 -3255
v -5199 15.6046 -3257
v -5199 15.8197 -3259
v -5199 16.0339 -3261
v -5199 16.247 -3263
v -5199 16.4592 -3265
v -5199 16.6704 -3267
v -5199 16.8806 -3269
v -5199 17.0896 -3271
v -5199 17.2977 -3273
v -5199 17.5047 -3275
v -5199 17.7106 -3277
v -5199 17.9153 -3279
v -5199 18.119 -3281
v -5199 18.3215 -3283
v -5199 18.5229 -3285
v -5199 18.7231 -3287
v -5199 18.9221 -3289
v -5199 19.1199 -3291
v -5199 19.3165 -3293
v -5199 19.5119 -3295
v -5199 19.706 -3297
v -5199 19.8989 -3299
v -5199 20.0905 -3301
v -5199 20.4647 -3303
v -5199 20.799 -3305
v -5199 21.0515 -3307
v -5197 -1.5647 -3117
v -5197 -1.37265 -3119
v -5197 -1.27325 -3121
v -5197 -1.47893 -3123
v -5197 -1.43125 -3125
v -5197 -1.39674 -3127
v -5197 -1.49005 -3129
v -5197 -1.8814 -3131
v -5197 -1.64648 -3133
v -5197 -0.907785 -3135
v -5197 -0.605519 -3137
v -5197 -0.331653 -3139
v -5197 0.412798 -3141
v -5197 1.17192 -3143
v -5197 1.57311 -3145
v -5197 2.03884 -3147
v -5197 2.49906 -3149
v -5197 2.90442 -3151
v -5197 3.35704 -3153
v -5197 3.74257 -3155
v -5197 4.08696 -3157
v -5197 4.41162 -3159
v -5197 4.70759 -3161
v -5197 4.96797 -3163
v -5197 5.20638 -3165
v -5197 5.44451 -3167
v -5197 5.70728 -3169
v -5197 6.07193 -3171
v -5197 6.50405 -3173
v -5197 6.90707 -3175
v -5197 7.21708 -3177
v -5197 7.45446 -3179
v -5197 7.63414 -3181
v -5197 7.76434 -3183
v -5197 7.84316 -3185
v -5197 7.87168 -3187
v -5197 8.06053 -3189
v -5197 8.29738 -3191
v -5197 8.53399 -3193
v -5197 8.77032 -3195
v -5197 9.00634 -3197
v -5197 9.242 -3199
v -5197 9.47733 -3201
v -5197 9.71229 -3203
v -5197 9.94681 -3205
v -5197 10.1809 -3207
v -5197 10.4146 -3209
v -5197 10.6478 -3211
v -5197 10.8805 -3213
v -5197 11.1128 -3215
v -5197 11.3444 -3217
v -5197 11.5756 -3219
v -5197 11.8061 -3221
v -5197 12.0361 -3223
v -5197 12.2654 -3225
v -5197 12.4941 -3227
v -5197 12.7221 -3229
v -5197 12.9495 -3231
v -5197 13.1761 -3233
v -5197 13.4021 -3235
v -5197 13.6273 -3237
v -5197 13.8517 -3239
v -5197 14.0754 -3241
v -5197 14.331 -3243
v -5197 14.5633 -3245
v -5197 14.7719 -3247
v -5197 14.9713 -3249
v -5197 15.1726 -3251
v -5197 15.3936 -3253
v -5197 15.6177 -3255
v -5197 15.8344 -3257
v -5197 16.0503 -3259
v -5197 16.2651 -3261
v -5197 16.479 -3263
v -5197 16.6919 -3265
v -5197 16.9038 -3267
v -5197 17.1146 -3269
v -5197 17.3244 -3271
v -5197 17.5331 -3273
v -5197 17.7408 -3275
v -5197 17.9473 -3277
v -5197 18.1528 -3279
v -5197 18.3571 -3281
v -5197 18.5603 -3283
v -5197 18.7623 -3285
v -5197 18.9631 -3287
v -5197 19.1627 -3289
v -5197 19.3612 -3291
v -5197 19.5584 -3293
v -5197 19.7544 -3295
v -5197 19.9491 -3297
v -5197 20.1425 -3299
v -5197 20.3351 -3301
v -5197 20.7166 -3303
v -5197 21.0078 -3305
v -5197 21.2415 -3307
v -5195 -1.33386 -3117
v -5195 -1.06157 -3119
v -5195 -1.22848 -3121
v -5195 -1.40375 -3123
v -5195 -1.55281 -3125
v -5195 -1.70868 -3127
v -5195 -1.48454 -3129
v -5195 -1.29332 -3131
v -5195 -0.972943 -3133
v -5195 -0.741123 -3135
v -5195 -0.255603 -3137
v -5195 0.0889295 -3139
v -5195 1.00462 -3141
v -5195 1.55143 -3143
v -5195 1.91918 -3145
v -5195 2.37008 -3147
v -5195 2.81701 -3149
v -5195 3.25798 -3151
v -5195 3.63928 -3153
v -5195 4.03879 -3155
v -5195 4.35915 -3157
v -5195 4.64993 -3159
v -5195 4.91668 -3161
v -5195 5.15786 -3163
v -5195 5.39686 -3165
v -5195 5.63591 -3167
v -5195 5.81813 -3169
v -5195 6.14687 -3171
v -5195 6.57328 -3173
v -5195 6.99391 -3175
v -5195 7.33397 -3177
v -5195 7.61262 -3179
v -5195 7.83917 -3181
v -5195 7.98003 -3183
v -5195 8.06354 -3185
v -5195 8.11377 -3187
v -5195 8.26186 -3189
v -5195 8.4996 -3191
v -5195 8.7371 -3193
v -5195 8.97431 -3195
v -5195 9.2112 -3197
v -5195 9.44773 -3199
v -5195 9.68393 -3201
v -5195 9.91975 -3203
v -5195 10.1551 -3205
v -5195 10.3901 -3207
v -5195 10.6247 -3209
v -5195 10.8587 -3211
v -5195 11.0923 -3213
v -5195 11.3253 -3215
v -5195 11.5578 -3217
v -5195 11.7898 -3219
v -5195 12.0211 -3221
v -5195 12.2519 -3223
v -5195 12.4821 -3225
v -5195 12.7115 -3227
v -5195 12.9404 -3229
v -5195 13.1686 -3231
v -5195 13.396 -3233
v -5195 13.6227 -3235
v -5195 13.8487 -3237
v -5195 14.0773 -3239
v -5195 14.291 -3241
v -5195 14.4808 -3243
v -5195 14.6541 -3245
v -5195 14.8348 -3247
v -5195 15.0446 -3249
v -5195 15.2933 -3251
v -5195 15.5745 -3253
v -5195 15.8278 -3255
v -5195 16.0627 -3257
v -5195 16.2799 -3259
v -5195 16.4955 -3261
v -5195 16.7101 -3263
v -5195 16.9237 -3265
v -5195 17.1363 -3267
v -5195 17.3478 -3269
v -5195 17.5582 -3271
v -5195 17.7676 -3273
v -5195 17.976 -3275
v -5195 18.1832 -3277
v -5195 18.3893 -3279
v -5195 18.5942 -3281
v -5195 18.798 -3283
v -5195 19.0007 -3285
v -5195 19.2021 -3287
v -5195 19.4024 -3289
v -5195 19.6014 -3291
v -5195 19.7992 -3293
v -5195 19.9958 -3295
v -5195 20.1911 -3297
v -5195 20.3852 -3299
v -5195 20.663 -3301
v -5195 21.0053 -3303
v -5195 21.2697 -3305
v -5195 21.4894 -3307
v -5193 -1.26983 -3117
v -5193 -1.09627 -3119
v -5193 -1.32934 -3121
v -5193 -1.79794 -3123
v -5193 -1.60562 -3125
v -5193 -1.36135 -3127
v -5193 -1.35273 -3129
v -5193 -1.11213 -3131
v -5193 -0.969333 -3133
v -5193 -0.551911 -3135
v -5193 -0.0117615 -3137
v -5193 0.605969 -3139
v -5193 1.45249 -3141
v -5193 1.77749 -3143
v -5193 2.19886 -3145
v -5193 2.70954 -3147
v -5193 3.17753 -3149
v -5193 3.58303 -3151
v -5193 3.91584 -3153
v -5193 4.2787 -3155
v -5193 4.59089 -3157
v -5193 4.86245 -3159
v -5193 5.10705 -3161
v -5193 5.34685 -3163
v -5193 5.58676 -3165
v -5193 5.82068 -3167
v -5193 6.01079 -3169
v -5193 6.35459 -3171
v -5193 6.79224 -3173
v -5193 7.21935 -3175
v -5193 7.56262 -3177
v -5193 7.85186 -3179
v -5193 8.09892 -3181
v -5193 8.26148 -3183
v -5193 8.34595 -3185
v -5193 8.39032 -3187
v -5193 8.46255 -3189
v -5193 8.70116 -3191
v -5193 8.93954 -3193
v -5193 9.17762 -3195
v -5193 9.41538 -3197
v -5193 9.65278 -3199
v -5193 9.88984 -3201
v -5193 10.1265 -3203
v -5193 10.3628 -3205
v -5193 10.5986 -3207
v -5193 10.834 -3209
v -5193 11.0689 -3211
v -5193 11.3032 -3213
v -5193 11.5371 -3215
v -5193 11.7705 -3217
v -5193 12.0033 -3219
v -5193 12.2354 -3221
v -5193 12.467 -3223
v -5193 12.698 -3225
v -5193 12.9283 -3227
v -5193 13.1579 -3229
v -5193 13.3869 -3231
v -5193 13.6151 -3233
v -5193 13.8426 -3235
v -5193 14.0777 -3237
v -5193 14.2789 -3239
v -5193 14.4448 -3241
v -5193 14.6053 -3243
v -5193 14.7601 -3245
v -5193 14.9577 -3247
v -5193 15.2495 -3249
v -5193 15.5433 -3251
v -5193 15.8333 -3253
v -5193 16.087 -3255
v -5193 16.3104 -3257
v -5193 16.5089 -3259
v -5193 16.725 -3261
v -5193 16.9403 -3263
v -5193 17.1546 -3265
v -5193 17.3678 -3267
v -5193 17.5801 -3269
v -5193 17.7912 -3271
v -5193 18.0013 -3273
v -5193 18.2102 -3275
v -5193 18.4181 -3277
v -5193 18.6248 -3279
v -5193 18.8304 -3281
v -5193 19.0349 -3283
v -5193 19.2381 -3285
v -5193 19.4402 -3287
v -5193 19.6411 -3289
v -5193 19.8408 -3291
v -5193 20.0392 -3293
v -5193 20.2363 -3295
v -5193 20.4322 -3297
v -5193 20.6268 -3299
v -5193 21.0141 -3301
v -5193 21.3271 -3303
v -5193 21.5644 -3305
v -5193 21.7529 -3307
v -5191 -1.10641 -3117
v -5191 -1.27153 -3119
v -5191 -1.45581 -3121
v -5191 -1.87597 -3123
v -5191 -1.54598 -3125
v -5191 -1.63712 -3127
v -5191 -1.3798 -3129
v -5191 -0.922509 -3131
v -5191 -0.769435 -3133
v -5191 -0.15195 -3135
v -5191 0.532456 -3137
v -5191 0.999008 -3139
v -5191 1.55562 -3141
v -5191 2.01448 -3143
v -5191 2.5252 -3145
v -5191 2.96458 -3147
v -5191 3.45588 -3149
v -5191 3.85614 -3151
v -5191 4.18832 -3153
v -5191 4.51058 -3155
v -5191 4.8023 -3157
v -5191 5.0539 -3159
v -5191 5.29453 -3161
v -5191 5.53524 -3163
v -5191 5.77606 -3165
v -5191 5.99871 -3167
v -5191 6.23107 -3169
v -5191 6.60633 -3171
v -5191 7.06348 -3173
v -5191 7.50801 -3175
v -5191 7.87222 -3177
v -5191 8.17292 -3179
v -5191 8.41637 -3181
v -5191 8.57894 -3183
v -5191 8.66186 -3185
v -5191 8.70398 -3187
v -5191 8.73955 -3189
v -5191 8.90204 -3191
v -5191 9.14129 -3193
v -5191 9.38023 -3195
v -5191 9.61886 -3197
v -5191 9.85711 -3199
v -5191 10.095 -3201
v -5191 10.3326 -3203
v -5191 10.5696 -3205
v -5191 10.8063 -3207
v -5191 11.0425 -3209
v -5191 11.2783 -3211
v -5191 11.5135 -3213
v -5191 11.7482 -3215
v -5191 11.9824 -3217
v -5191 12.216 -3219
v -5191 12.4489 -3221
v -5191 12.6813 -3223
v -5191 12.9131 -3225
v -5191 13.1442 -3227
v -5191 13.3746 -3229
v -5191 13.6044 -3231
v -5191 13.8334 -3233
v -5191 14.0824 -3235
v -5191 14.2745 -3237
v -5191 14.422 -3239
v -5191 14.5472 -3241
v -5191 14.6796 -3243
v -5191 15.0146 -3245
v -5191 15.3344 -3247
v -5191 15.6194 -3249
v -5191 15.8937 -3251
v -5191 16.1761 -3253
v -5191 16.4298 -3255
v -5191 16.6381 -3257
v -5191 16.8036 -3259
v -5191 16.9537 -3261
v -5191 17.1696 -3263
v -5191 17.3846 -3265
v -5191 17.5985 -3267
v -5191 17.8114 -3269
v -5191 18.0232 -3271
v -5191 18.234 -3273
v -5191 18.4436 -3275
v -5191 18.6521 -3277
v -5191 18.8595 -3279
v -5191 19.0657 -3281
v -5191 19.2708 -3283
v -5191 19.4747 -3285
v -5191 19.6774 -3287
v -5191 19.8789 -3289
v -5191 20.0791 -3291
v -5191 20.2781 -3293
v -5191 20.4759 -3295
v -5191 20.6724 -3297
v -5191 20.9859 -3299
v -5191 21.3609 -3301
v -5191 21.6393 -3303
v -5191 21.8487 -3305
v -5191 22.0275 -3307
v -5189 -1.29194 -3117
v -5189 -1.5166 -3119
v -5189 -1.70538 -3121
v -5189 -1.86391 -3123
v -5189 -1.86824 -3125
v -5189 -1.59492 -3127
v -5189 -1.31314 -3129
v -5189 -1.02629 -3131
v -5189 -0.234358 -3133
v -5189 0.168221 -3135
v -5189 1.03516 -3137
v -5189 1.3805 -3139
v -5189 1.74886 -3141
v -5189 2.274 -3143
v -5189 2.8064 -3145
v -5189 3.28163 -3147
v -5189 3.76913 -3149
v -5189 4.10868 -3151
v -5189 4.43365 -3153
v -5189 4.73504 -3155
v -5189 4.9985 -3157
v -5189 5.23991 -3159
v -5189 5.48145 -3161
v -5189 5.72306 -3163
v -5189 5.96478 -3165
v -5189 6.18845 -3167
v -5189 6.47682 -3169
v -5189 6.88451 -3171
v -5189 7.34581 -3173
v -5189 7.8085 -3175
v -5189 8.22283 -3177
v -5189 8.55372 -3179
v -5189 8.78073 -3181
v -5189 8.9191 -3183
v -5189 8.99945 -3185
v -5189 9.05367 -3187
v -5189 9.07824 -3189
v -5189 9.10227 -3191
v -5189 9.34238 -3193
v -5189 9.58218 -3195
v -5189 9.82167 -3197
v -5189 10.0608 -3199
v -5189 10.2995 -3201
v -5189 10.5379 -3203
v -5189 10.7758 -3205
v -5189 11.0133 -3207
v -5189 11.2504 -3209
v -5189 11.487 -3211
v -5189 11.723 -3213
v -5189 11.9585 -3215
v -5189 12.1935 -3217
v -5189 12.4279 -3219
v -5189 12.6617 -3221
v -5189 12.8949 -3223
v -5189 13.1275 -3225
v -5189 13.3593 -3227
v -5189 13.5905 -3229
v -5189 13.8334 -3231
v -5189 14.1564 -3233
v -5189 14.3693 -3235
v -5189 14.521 -3237
v -5189 14.6343 -3239
v -5189 14.7922 -3241
v -5189 15.0461 -3243
v -5189 15.4449 -3245
v -5189 15.8342 -3247
v -5189 16.1401 -3249
v -5189 16.386 -3251
v -5189 16.6296 -3253
v -5189 16.8609 -3255
v -5189 17.0388 -3257
v -5189 17.1609 -3259
v -5189 17.2533 -3261
v -5189 17.3981 -3263
v -5189 17.6137 -3265
v -5189 17.8284 -3267
v -5189 18.0419 -3269
v -5189 18.2544 -3271
v -5189 18.4658 -3273
v -5189 18.6761 -3275
v -5189 18.8852 -3277
v -5189 19.0932 -3279
v -5189 19.3001 -3281
v -5189 19.5058 -3283
v -5189 19.7103 -3285
v -5189 19.9136 -3287
v -5189 20.1157 -3289
v -5189 20.3165 -3291
v -5189 20.5161 -3293
v -5189 20.7145 -3295
v -5189 20.9556 -3297
v -5189 21.3432 -3299
v -5189 21.6679 -3301
v -5189 21.9205 -3303
v -5189 22.1487 -3305
v -5189 22.3548 -3307
v -5187 -1.61541 -3117
v -5187 -1.95017 -3119
v -5187 -1.94057 -3121
v -5187 -1.98668 -3123
v -5187 -1.4502 -3125
v -5187 -1.72862 -3127
v -5187 -1.16578 -3129
v -5187 -0.656416 -3131
v -5187 0.307613 -3133
v -5187 0.674765 -3135
v -5187 1.53914 -3137
v -5187 1.80086 -3139
v -5187 2.20033 -3141
v -5187 2.63083 -3143
v -5187 3.09669 -3145
v -5187 3.62137 -3147
v -5187 4.03472 -3149
v -5187 4.37112 -3151
v -5187 4.66745 -3153
v -5187 4.93947 -3155
v -5187 5.18295 -3157
v -5187 5.42526 -3159
v -5187 5.66769 -3161
v -5187 5.9102 -3163
v -5187 6.15282 -3165
v -5187 6.39327 -3167
v -5187 6.74615 -3169
v -5187 7.18874 -3171
v -5187 7.64788 -3173
v -5187 8.12132 -3175
v -5187 8.58413 -3177
v -5187 8.95024 -3179
v -5187 9.17918 -3181
v -5187 9.30993 -3183
v -5187 9.39611 -3185
v -5187 9.46081 -3187
v -5187 9.46501 -3189
v -5187 9.41986 -3191
v -5187 9.54268 -3193
v -5187 9.78334 -3195
v -5187 10.0237 -3197
v -5187 10.2636 -3199
v -5187 10.5032 -3201
v -5187 10.7424 -3203
v -5187 10.9812 -3205
v -5187 11.2196 -3207
v -5187 11.4574 -3209
v -5187 11.6948 -3211
v -5187 11.9317 -3213
v -5187 12.168 -3215
v -5187 12.4038 -3217
v -5187 12.639 -3219
v -5187 12.8736 -3221
v -5187 13.1076 -3223
v -5187 13.3409 -3225
v -5187 13.5736 -3227
v -5187 13.8859 -3229
v -5187 14.2658 -3231
v -5187 14.5837 -3233
v -5187 14.7932 -3235
v -5187 14.9949 -3237
v -5187 15.252 -3239
v -5187 15.3762 -3241
v -5187 15.5476 -3243
v -5187 15.9125 -3245
v -5187 16.3895 -3247
v -5187 16.7406 -3249
v -5187 16.961 -3251
v -5187 17.149 -3253
v -5187 17.3255 -3255
v -5187 17.4521 -3257
v -5187 17.5257 -3259
v -5187 17.5758 -3261
v -5187 17.6579 -3263
v -5187 17.8419 -3265
v -5187 18.0572 -3267
v -5187 18.2714 -3269
v -5187 18.4845 -3271
v -5187 18.6966 -3273
v -5187 18.9075 -3275
v -5187 19.1173 -3277
v -5187 19.3259 -3279
v -5187 19.5334 -3281
v -5187 19.7397 -3283
v -5187 19.9448 -3285
v -5187 20.1488 -3287
v -5187 20.3514 -3289
v -5187 20.5529 -3291
v -5187 20.7531 -3293
v -5187 20.952 -3295
v -5187 21.3265 -3297
v -5187 21.6611 -3299
v -5187 21.9453 -3301
v -5187 22.2136 -3303
v -5187 22.478 -3305
v -5187 22.7078 -3307
v -5185 -2.09698 -3117
v -5185 -2.40607 -3119
v -5185 -2.41388 -3121
v -5185 -1.87834 -3123
v -5185 -1.45628 -3125
v -5185 -1.54166 -3127
v -5185 -0.733662 -3129
v -5185 -0.15802 -3131
v -5185 0.742216 -3133
v -5185 1.43834 -3135
v -5185 1.80612 -3137
v -5185 2.09187 -3139
v -5185 2.4489 -3141
v -5185 2.98652 -3143
v -5185 3.42446 -3145
v -5185 3.89978 -3147
v -5185 4.2871 -3149
v -5185 4.60409 -3151
v -5185 4.87585 -3153
v -5185 5.12371 -3155
v -5185 5.36676 -3157
v -5185 5.60996 -3159
v -5185 5.85329 -3161
v -5185 6.09669 -3163
v -5185 6.34019 -3165
v -5185 6.61917 -3167
v -5185 7.0439 -3169
v -5185 7.52966 -3171
v -5185 7.99995 -3173
v -5185 8.47488 -3175
v -5185 8.94484 -3177
v -5185 9.31769 -3179
v -5185 9.5658 -3181
v -5185 9.72475 -3183
v -5185 9.81856 -3185
v -5185 9.87255 -3187
v -5185 9.85325 -3189
v -5185 9.78436 -3191
v -5185 9.74224 -3193
v -5185 9.98375 -3195
v -5185 10.2249 -3197
v -5185 10.4657 -3199
v -5185 10.7062 -3201
v -5185 10.9462 -3203
v -5185 11.1858 -3205
v -5185 11.425 -3207
v -5185 11.6637 -3209
v -5185 11.9019 -3211
v -5185 12.1395 -3213
v -5185 12.3767 -3215
v -5185 12.6133 -3217
v -5185 12.8493 -3219
v -5185 13.0846 -3221
v -5185 13.3194 -3223
v -5185 13.5536 -3225
v -5185 13.9444 -3227
v -5185 14.4117 -3229
v -5185 14.8185 -3231
v -5185 15.1183 -3233
v -5185 15.3952 -3235
v -5185 15.7475 -3237
v -5185 16.0091 -3239
v -5185 16.0678 -3241
v -5185 16.1725 -3243
v -5185 16.4836 -3245
v -5185 16.9609 -3247
v -5185 17.3206 -3249
v -5185 17.5079 -3251
v -5185 17.6572 -3253
v -5185 17.7732 -3255
v -5185 17.8435 -3257
v -5185 17.8721 -3259
v -5185 17.8899 -3261
v -5185 17.9514 -3263
v -5185 18.069 -3265
v -5185 18.285 -3267
v -5185 18.4999 -3269
v -5185 18.7137 -3271
v -5185 18.9264 -3273
v -5185 19.1379 -3275
v -5185 19.3483 -3277
v -5185 19.5576 -3279
v -5185 19.7657 -3281
v -5185 19.9727 -3283
v -5185 20.1784 -3285
v -5185 20.3829 -3287
v -5185 20.5862 -3289
v -5185 20.7882 -3291
v -5185 20.989 -3293
v -5185 21.3147 -3295
v -5185 21.6664 -3297
v -5185 21.9625 -3299
v -5185 22.24 -3301
v -5185 22.5244 -3303
v -5185 22.8074 -3305
v -5185 23.0395 -3307
v -5183 -2.31915 -3117
v -5183 -2.35454 -3119
v -5183 -2.04991 -3121
v -5183 -1.34127 -3123
v -5183 -1.07072 -3125
v -5183 -1.14443 -3127
v -5183 -0.216682 -3129
v -5183 0.574949 -3131
v -5183 1.18771 -3133
v -5183 1.70036 -3135
v -5183 2.10862 -3137
v -5183 2.43357 -3139
v -5183 2.87725 -3141
v -5183 3.33254 -3143
v -5183 3.79393 -3145
v -5183 4.19036 -3147
v -5183 4.52494 -3149
v -5183 4.80945 -3151
v -5183 5.06229 -3153
v -5183 5.30602 -3155
v -5183 5.54995 -3157
v -5183 5.79404 -3159
v -5183 6.03826 -3161
v -5183 6.28254 -3163
v -5183 6.52693 -3165
v -5183 6.85619 -3167
v -5183 7.34359 -3169
v -5183 7.86622 -3171
v -5183 8.35674 -3173
v -5183 8.83745 -3175
v -5183 9.29654 -3177
v -5183 9.65273 -3179
v -5183 9.91045 -3181
v -5183 10.0572 -3183
v -5183 10.1383 -3185
v -5183 10.1871 -3187
v -5183 10.1756 -3189
v -5183 10.1188 -3191
v -5183 10.0627 -3193
v -5183 10.1834 -3195
v -5183 10.4254 -3197
v -5183 10.6671 -3199
v -5183 10.9083 -3201
v -5183 11.1492 -3203
v -5183 11.3896 -3205
v -5183 11.6296 -3207
v -5183 11.8691 -3209
v -5183 12.1081 -3211
v -5183 12.3466 -3213
v -5183 12.5845 -3215
v -5183 12.8219 -3217
v -5183 13.0587 -3219
v -5183 13.2949 -3221
v -5183 13.549 -3223
v -5183 13.8674 -3225
v -5183 14.302 -3227
v -5183 14.8249 -3229
v -5183 15.2484 -3231
v -5183 15.6543 -3233
v -5183 16.0936 -3235
v -5183 16.5519 -3237
v -5183 16.7831 -3239
v -5183 16.8497 -3241
v -5183 16.9038 -3243
v -5183 17.1201 -3245
v -5183 17.463 -3247
v -5183 17.7794 -3249
v -5183 17.9691 -3251
v -5183 18.1174 -3253
v -5183 18.1975 -3255
v -5183 18.2125 -3257
v -5183 18.2054 -3259
v -5183 18.2084 -3261
v -5183 18.2568 -3263
v -5183 18.3442 -3265
v -5183 18.5119 -3267
v -5183 18.7274 -3269
v -5183 18.9419 -3271
v -5183 19.1552 -3273
v -5183 19.3674 -3275
v -5183 19.5784 -3277
v -5183 19.7884 -3279
v -5183 19.9971 -3281
v -5183 20.2046 -3283
v -5183 20.4109 -3285
v -5183 20.616 -3287
v -5183 20.8199 -3289
v -5183 21.0225 -3291
v -5183 21.2922 -3293
v -5183 21.6459 -3295
v -5183 21.9611 -3297
v -5183 22.2388 -3299
v -5183 22.5106 -3301
v -5183 22.7888 -3303
v -5183 23.0614 -3305
v -5183 23.2881 -3307
v -5181 -2.59142 -3117
v -5181 -2.49164 -3119
v -5181 -1.61516 -3121
v -5181 -1.22109 -3123
v -5181 -1.19663 -3125
v -5181 -0.50394 -3127
v -5181 0.356998 -3129
v -5181 1.02315 -3131
v -5181 1.60116 -3133
v -5181 1.96453 -3135
v -5181 2.4301 -3137
v -5181 2.83026 -3139
v -5181 3.26612 -3141
v -5181 3.69356 -3143
v -5181 4.08071 -3145
v -5181 4.43179 -3147
v -5181 4.73885 -3149
v -5181 4.99857 -3151
v -5181 5.243 -3153
v -5181 5.48761 -3155
v -5181 5.73243 -3157
v -5181 5.9774 -3159
v -5181 6.22249 -3161
v -5181 6.46765 -3163
v -5181 6.71291 -3165
v -5181 7.09272 -3167
v -5181 7.63447 -3169
v -5181 8.18275 -3171
v -5181 8.6818 -3173
v -5181 9.15716 -3175
v -5181 9.59543 -3177
v -5181 9.92094 -3179
v -5181 10.1224 -3181
v -5181 10.2524 -3183
v -5181 10.3613 -3185
v -5181 10.4307 -3187
v -5181 10.4348 -3189
v -5181 10.4034 -3191
v -5181 10.3717 -3193
v -5181 10.3822 -3195
v -5181 10.6251 -3197
v -5181 10.8675 -3199
v -5181 11.1096 -3201
v -5181 11.3513 -3203
v -5181 11.5925 -3205
v -5181 11.8333 -3207
v -5181 12.0737 -3209
v -5181 12.3135 -3211
v -5181 12.5527 -3213
v -5181 12.7915 -3215
v -5181 13.0297 -3217
v -5181 13.2673 -3219
v -5181 13.5408 -3221
v -5181 13.779 -3223
v -5181 14.0688 -3225
v -5181 14.5076 -3227
v -5181 14.9217 -3229
v -5181 15.2539 -3231
v -5181 15.7346 -3233
v -5181 16.3899 -3235
v -5181 16.993 -3237
v -5181 17.4057 -3239
v -5181 17.6153 -3241
v -5181 17.6615 -3243
v -5181 17.7714 -3245
v -5181 17.9587 -3247
v -5181 18.2178 -3249
v -5181 18.4726 -3251
v -5181 18.6317 -3253
v -5181 18.6628 -3255
v -5181 18.6208 -3257
v -5181 18.574 -3259
v -5181 18.5559 -3261
v -5181 18.5763 -3263
v -5181 18.6304 -3265
v -5181 18.7377 -3267
v -5181 18.9539 -3269
v -5181 19.169 -3271
v -5181 19.3829 -3273
v -5181 19.5958 -3275
v -5181 19.8074 -3277
v -5181 20.018 -3279
v -5181 20.2273 -3281
v -5181 20.4355 -3283
v -5181 20.6424 -3285
v -5181 20.8481 -3287
v -5181 21.0525 -3289
v -5181 21.264 -3291
v -5181 21.6075 -3293
v -5181 21.9248 -3295
v -5181 22.2027 -3297
v -5181 22.459 -3299
v -5181 22.7101 -3301
v -5181 22.958 -3303
v -5181 23.1982 -3305
v -5181 23.4178 -3307
v -5179 -2.39061 -3117
v -5179 -2.25399 -3119
v -5179 -1.10077 -3121
v -5179 -1.27043 -3123
v -5179 -0.681328 -3125
v -5179 0.0771533 -3127
v -5179 0.941609 -3129
v -5179 1.35018 -3131
v -5179 1.95717 -3133
v -5179 2.33481 -3135
v -5179 2.77975 -3137
v -5179 3.12421 -3139
v -5179 3.58935 -3141
v -5179 4.00526 -3143
v -5179 4.35966 -3145
v -5179 4.66146 -3147
v -5179 4.9313 -3149
v -5179 5.17772 -3151
v -5179 5.42303 -3153
v -5179 5.66851 -3155
v -5179 5.91421 -3157
v -5179 6.16005 -3159
v -5179 6.40602 -3161
v -5179 6.65205 -3163
v -5179 6.89818 -3165
v -5179 7.33343 -3167
v -5179 7.88882 -3169
v -5179 8.447 -3171
v -5179 8.93343 -3173
v -5179 9.38013 -3175
v -5179 9.78406 -3177
v -5179 10.076 -3179
v -5179 10.2674 -3181
v -5179 10.4097 -3183
v -5179 10.5248 -3185
v -5179 10.6115 -3187
v -5179 10.638 -3189
v -5179 10.6377 -3191
v -5179 10.6352 -3193
v -5179 10.6313 -3195
v -5179 10.8239 -3197
v -5179 11.0672 -3199
v -5179 11.3101 -3201
v -5179 11.5526 -3203
v -5179 11.7946 -3205
v -5179 12.0362 -3207
v -5179 12.2773 -3209
v -5179 12.518 -3211
v -5179 12.758 -3213
v -5179 12.9975 -3215
v -5179 13.256 -3217
v -5179 13.537 -3219
v -5179 13.7818 -3221
v -5179 13.9822 -3223
v -5179 14.1921 -3225
v -5179 14.4353 -3227
v -5179 14.6214 -3229
v -5179 14.986 -3231
v -5179 15.5997 -3233
v -5179 16.3978 -3235
v -5179 17.031 -3237
v -5179 17.4478 -3239
v -5179 17.8247 -3241
v -5179 18.1157 -3243
v -5179 18.3499 -3245
v -5179 18.5153 -3247
v -5179 18.7401 -3249
v -5179 19.0362 -3251
v -5179 19.1862 -3253
v -5179 19.1565 -3255
v -5179 19.0518 -3257
v -5179 18.9614 -3259
v -5179 18.9032 -3261
v -5179 18.8736 -3263
v -5179 18.8904 -3265
v -5179 18.9625 -3267
v -5179 19.1793 -3269
v -5179 19.395 -3271
v -5179 19.6096 -3273
v -5179 19.8231 -3275
v -5179 20.0354 -3277
v -5179 20.2465 -3279
v -5179 20.4564 -3281
v -5179 20.6652 -3283
v -5179 20.8727 -3285
v -5179 21.079 -3287
v -5179 21.284 -3289
v -5179 21.5643 -3291
v -5179 21.8841 -3293
v -5179 22.1682 -3295
v -5179 22.4132 -3297
v -5179 22.6373 -3299
v -5179 22.8506 -3301
v -5179 23.0524 -3303
v -5179 23.2478 -3305
v -5179 23.4442 -3307
v -5177 -2.21641 -3117
v -5177 -1.58889 -3119
v -5177 -1.08799 -3121
v -5177 -0.663512 -3123
v -5177 -0.178728 -3125
v -5177 0.785935 -3127
v -5177 1.01655 -3129
v -5177 1.59706 -3131
v -5177 2.13114 -3133
v -5177 2.72541 -3135
v -5177 3.10231 -3137
v -5177 3.4825 -3139
v -5177 3.89905 -3141
v -5177 4.26918 -3143
v -5177 4.58543 -3145
v -5177 4.85953 -3147
v -5177 5.11026 -3149
v -5177 5.35621 -3151
v -5177 5.60239 -3153
v -5177 5.84875 -3155
v -5177 6.09531 -3157
v -5177 6.34202 -3159
v -5177 6.58885 -3161
v -5177 6.83575 -3163
v -5177 7.08274 -3165
v -5177 7.51193 -3167
v -5177 8.09468 -3169
v -5177 8.6223 -3171
v -5177 9.07729 -3173
v -5177 9.48267 -3175
v -5177 9.85665 -3177
v -5177 10.1457 -3179
v -5177 10.3544 -3181
v -5177 10.5229 -3183
v -5177 10.6705 -3185
v -5177 10.7627 -3187
v -5177 10.8038 -3189
v -5177 10.8274 -3191
v -5177 10.8475 -3193
v -5177 10.8628 -3195
v -5177 11.0219 -3197
v -5177 11.266 -3199
v -5177 11.5097 -3201
v -5177 11.753 -3203
v -5177 11.9959 -3205
v -5177 12.2383 -3207
v -5177 12.4802 -3209
v -5177 12.7216 -3211
v -5177 12.9624 -3213
v -5177 13.2533 -3215
v -5177 13.5593 -3217
v -5177 13.7902 -3219
v -5177 13.9998 -3221
v -5177 14.169 -3223
v -5177 14.2872 -3225
v -5177 14.3577 -3227
v -5177 14.5085 -3229
v -5177 14.8873 -3231
v -5177 15.4592 -3233
v -5177 16.2857 -3235
v -5177 16.8754 -3237
v -5177 17.3716 -3239
v -5177 17.8966 -3241
v -5177 18.3321 -3243
v -5177 18.6473 -3245
v -5177 18.8934 -3247
v -5177 19.187 -3249
v -5177 19.4745 -3251
v -5177 19.5835 -3253
v -5177 19.5193 -3255
v -5177 19.3868 -3257
v -5177 19.268 -3259
v -5177 19.1727 -3261
v -5177 19.1062 -3263
v -5177 19.1008 -3265
v -5177 19.1862 -3267
v -5177 19.4037 -3269
v -5177 19.62 -3271
v -5177 19.8353 -3273
v -5177 20.0494 -3275
v -5177 20.2623 -3277
v -5177 20.474 -3279
v -5177 20.6845 -3281
v -5177 20.8939 -3283
v -5177 21.102 -3285
v -5177 21.3088 -3287
v -5177 21.5144 -3289
v -5177 21.8286 -3291
v -5177 22.1342 -3293
v -5177 22.4006 -3295
v -5177 22.6286 -3297
v -5177 22.8251 -3299
v -5177 22.9899 -3301
v -5177 23.1412 -3303
v -5177 23.2893 -3305
v -5177 23.4422 -3307
v -5175 -1.30336 -3117
v -5175 -1.31536 -3119
v -5175 -0.455887 -3121
v -5175 0.101397 -3123
v -5175 0.762833 -3125
v -5175 1.1014 -3127
v -5175 1.44522 -3129
v -5175 1.73813 -3131
v -5175 2.42041 -3133
v -5175 2.97757 -3135
v -5175 3.45242 -3137
v -5175 3.82517 -3139
v -5175 4.17397 -3141
v -5175 4.49151 -3143
v -5175 4.78336 -3145
v -5175 5.04061 -3147
v -5175 5.28713 -3149
v -5175 5.53394 -3151
v -5175 5.78099 -3153
v -5175 6.0282 -3155
v -5175 6.27563 -3157
v -5175 6.5232 -3159
v -5175 6.77089 -3161
v -5175 7.01864 -3163
v -5175 7.26649 -3165
v -5175 7.62215 -3167
v -5175 8.2036 -3169
v -5175 8.71664 -3171
v -5175 9.14286 -3173
v -5175 9.52479 -3175
v -5175 9.88272 -3177
v -5175 10.1795 -3179
v -5175 10.4216 -3181
v -5175 10.6189 -3183
v -5175 10.7767 -3185
v -5175 10.8804 -3187
v -5175 10.9349 -3189
v -5175 10.9731 -3191
v -5175 11.0083 -3193
v -5175 11.0391 -3195
v -5175 11.219 -3197
v -5175 11.4639 -3199
v -5175 11.7084 -3201
v -5175 11.9525 -3203
v -5175 12.1962 -3205
v -5175 12.4393 -3207
v -5175 12.6821 -3209
v -5175 12.9242 -3211
v -5175 13.2085 -3213
v -5175 13.5711 -3215
v -5175 13.8564 -3217
v -5175 14.0445 -3219
v -5175 14.2053 -3221
v -5175 14.3448 -3223
v -5175 14.4152 -3225
v -5175 14.5097 -3227
v -5175 14.8105 -3229
v -5175 15.1926 -3231
v -5175 15.6338 -3233
v -5175 16.3346 -3235
v -5175 16.8814 -3237
v -5175 17.4536 -3239
v -5175 18.0381 -3241
v -5175 18.5354 -3243
v -5175 18.9255 -3245
v -5175 19.2346 -3247
v -5175 19.4959 -3249
v -5175 19.6772 -3251
v -5175 19.7197 -3253
v -5175 19.6599 -3255
v -5175 19.5612 -3257
v -5175 19.4549 -3259
v -5175 19.3491 -3261
v -5175 19.2727 -3263
v -5175 19.2542 -3265
v -5175 19.4089 -3267
v -5175 19.627 -3269
v -5175 19.8439 -3271
v -5175 20.0598 -3273
v -5175 20.2745 -3275
v -5175 20.488 -3277
v -5175 20.7003 -3279
v -5175 20.9114 -3281
v -5175 21.1214 -3283
v -5175 21.33 -3285
v -5175 21.5375 -3287
v -5175 21.7436 -3289
v -5175 22.0559 -3291
v -5175 22.3549 -3293
v -5175 22.6121 -3295
v -5175 22.8247 -3297
v -5175 23.0103 -3299
v -5175 23.1706 -3301
v -5175 23.3071 -3303
v -5175 23.4173 -3305
v -5175 23.5146 -3307
v -5173 -0.904707 -3117
v -5173 -1.36763 -3119
v -5173 -0.647001 -3121
v -5173 0.146295 -3123
v -5173 0.755851 -3125
v -5173 1.2096 -3127
v -5173 1.65652 -3129
v -5173 2.01616 -3131
v -5173 2.71982 -3133
v -5173 3.22605 -3135
v -5173 3.70494 -3137
v -5173 4.09549 -3139
v -5173 4.4038 -3141
v -5173 4.70386 -3143
v -5173 4.9685 -3145
v -5173 5.21588 -3147
v -5173 5.46326 -3149
v -5173 5.71093 -3151
v -5173 5.95883 -3153
v -5173 6.20691 -3155
v -5173 6.45519 -3157
v -5173 6.70361 -3159
v -5173 6.95215 -3161
v -5173 7.20075 -3163
v -5173 7.44945 -3165
v -5173 7.69818 -3167
v -5173 8.25922 -3169
v -5173 8.7626 -3171
v -5173 9.18548 -3173
v -5173 9.56414 -3175
v -5173 9.91893 -3177
v -5173 10.2204 -3179
v -5173 10.4749 -3181
v -5173 10.6753 -3183
v -5173 10.8267 -3185
v -5173 10.9315 -3187
v -5173 11.0007 -3189
v -5173 11.057 -3191
v -5173 11.1064 -3193
v -5173 11.1691 -3195
v -5173 11.4152 -3197
v -5173 11.6609 -3199
v -5173 11.9062 -3201
v -5173 12.1511 -3203
v -5173 12.3955 -3205
v -5173 12.6395 -3207
v -5173 12.883 -3209
v -5173 13.126 -3211
v -5173 13.4816 -3213
v -5173 13.8505 -3215
v -5173 14.1321 -3217
v -5173 14.2939 -3219
v -5173 14.4694 -3221
v -5173 14.5871 -3223
v -5173 14.6296 -3225
v -5173 14.8488 -3227
v -5173 15.2092 -3229
v -5173 15.6598 -3231
v -5173 16.1239 -3233
v -5173 16.6306 -3235
v -5173 17.1864 -3237
v -5173 17.7673 -3239
v -5173 18.2669 -3241
v -5173 18.6943 -3243
v -5173 19.0926 -3245
v -5173 19.4433 -3247
v -5173 19.6548 -3249
v -5173 19.7183 -3251
v -5173 19.6934 -3253
v -5173 19.6295 -3255
v -5173 19.5644 -3257
v -5173 19.4869 -3259
v -5173 19.4019 -3261
v -5173 19.3417 -3263
v -5173 19.4105 -3265
v -5173 19.6304 -3267
v -5173 19.8491 -3269
v -5173 20.0667 -3271
v -5173 20.2831 -3273
v -5173 20.4984 -3275
v -5173 20.7125 -3277
v -5173 20.9255 -3279
v -5173 21.1372 -3281
v -5173 21.3477 -3283
v -5173 21.5569 -3285
v -5173 21.7649 -3287
v -5173 21.9717 -3289
v -5173 22.2525 -3291
v -5173 22.543 -3293
v -5173 22.7886 -3295
v -5173 22.9843 -3297
v -5173 23.1578 -3299
v -5173 23.3212 -3301
v -5173 23.472 -3303
v -5173 23.5947 -3305
v -5173 23.7055 -3307
v -5171 -0.693455 -3117
v -5171 -0.833608 -3119
v -5171 -0.172517 -3121
v -5171 0.283892 -3123
v -5171 0.981574 -3125
v -5171 1.5072 -3127
v -5171 1.97429 -3129
v -5171 2.38756 -3131
v -5171 3.03794 -3133
v -5171 3.50503 -3135
v -5171 3.96381 -3137
v -5171 4.31676 -3139
v -5171 4.62018 -3141
v -5171 4.892 -3143
v -5171 5.14243 -3145
v -5171 5.39041 -3147
v -5171 5.63864 -3149
v -5171 5.88716 -3151
v -5171 6.13592 -3153
v -5171 6.38484 -3155
v -5171 6.63396 -3157
v -5171 6.88323 -3159
v -5171 7.13262 -3161
v -5171 7.38206 -3163
v -5171 7.6316 -3165
v -5171 7.88116 -3167
v -5171 8.27844 -3169
v -5171 8.77593 -3171
v -5171 9.20232 -3173
v -5171 9.5867 -3175
v -5171 9.94306 -3177
v -5171 10.2411 -3179
v -5171 10.4822 -3181
v -5171 10.6645 -3183
v -5171 10.8059 -3185
v -5171 10.9172 -3187
v -5171 11.003 -3189
v -5171 11.0772 -3191
v -5171 11.1419 -3193
v -5171 11.3635 -3195
v -5171 11.6104 -3197
v -5171 11.8569 -3199
v -5171 12.1031 -3201
v -5171 12.3487 -3203
v -5171 12.5939 -3205
v -5171 12.8387 -3207
v -5171 13.083 -3209
v -5171 13.3267 -3211
v -5171 13.6953 -3213
v -5171 14.0799 -3215
v -5171 14.3825 -3217
v -5171 14.7202 -3219
v -5171 14.9772 -3221
v -5171 15.1367 -3223
v -5171 15.28 -3225
v -5171 15.465 -3227
v -5171 15.7539 -3229
v -5171 16.153 -3231
v -5171 16.6031 -3233
v -5171 17.042 -3235
v -5171 17.5464 -3237
v -5171 18.0501 -3239
v -5171 18.4464 -3241
v -5171 18.8011 -3243
v -5171 19.1721 -3245
v -5171 19.5117 -3247
v -5171 19.6724 -3249
v -5171 19.6649 -3251
v -5171 19.601 -3253
v -5171 19.5216 -3255
v -5171 19.4662 -3257
v -5171 19.4133 -3259
v -5171 19.3607 -3261
v -5171 19.4087 -3263
v -5171 19.6302 -3265
v -5171 19.8507 -3267
v -5171 20.07 -3269
v -5171 20.2882 -3271
v -5171 20.5053 -3273
v -5171 20.7212 -3275
v -5171 20.9359 -3277
v -5171 21.1494 -3279
v -5171 21.3618 -3281
v -5171 21.5728 -3283
v -5171 21.7826 -3285
v -5171 21.9912 -3287
v -5171 22.1985 -3289
v -5171 22.4282 -3291
v -5171 22.7231 -3293
v -5171 22.9612 -3295
v -5171 23.1433 -3297
v -5171 23.3035 -3299
v -5171 23.4638 -3301
v -5171 23.6234 -3303
v -5171 23.7656 -3305
v -5171 23.9156 -3307
v -5169 -0.476248 -3117
v -5169 -0.318467 -3119
v -5169 0.0106142 -3121
v -5169 0.569735 -3123
v -5169 1.27535 -3125
v -5169 1.79914 -3127
v -5169 2.33356 -3129
v -5169 2.82978 -3131
v -5169 3.37858 -3133
v -5169 3.81908 -3135
v -5169 4.20483 -3137
v -5169 4.52478 -3139
v -5169 4.81161 -3141
v -5169 5.06688 -3143
v -5169 5.31539 -3145
v -5169 5.56421 -3147
v -5169 5.81329 -3149
v -5169 6.06266 -3151
v -5169 6.31225 -3153
v -5169 6.56202 -3155
v -5169 6.81198 -3157
v -5169 7.06209 -3159
v -5169 7.31231 -3161
v -5169 7.56259 -3163
v -5169 7.81296 -3165
v -5169 8.06336 -3167
v -5169 8.31376 -3169
v -5169 8.74864 -3171
v -5169 9.17851 -3173
v -5169 9.56218 -3175
v -5169 9.90738 -3177
v -5169 10.1926 -3179
v -5169 10.4174 -3181
v -5169 10.5925 -3183
v -5169 10.738 -3185
v -5169 10.8604 -3187
v -5169 10.9613 -3189
v -5169 11.0607 -3191
v -5169 11.3091 -3193
v -5169 11.5571 -3195
v -5169 11.8048 -3197
v -5169 12.0521 -3199
v -5169 12.299 -3201
v -5169 12.5455 -3203
v -5169 12.7914 -3205
v -5169 13.037 -3207
v -5169 13.282 -3209
v -5169 13.5265 -3211
v -5169 13.8492 -3213
v -5169 14.2735 -3215
v -5169 14.7154 -3217
v -5169 15.134 -3219
v -5169 15.4796 -3221
v -5169 15.7448 -3223
v -5169 15.9569 -3225
v -5169 16.1449 -3227
v -5169 16.37 -3229
v -5169 16.6188 -3231
v -5169 16.9381 -3233
v -5169 17.3091 -3235
v -5169 17.7413 -3237
v -5169 18.2036 -3239
v -5169 18.5809 -3241
v -5169 18.8975 -3243
v -5169 19.1854 -3245
v -5169 19.4296 -3247
v -5169 19.5383 -3249
v -5169 19.5261 -3251
v -5169 19.4691 -3253
v -5169 19.3926 -3255
v -5169 19.341 -3257
v -5169 19.3057 -3259
v -5169 19.4034 -3261
v -5169 19.6267 -3263
v -5169 19.8489 -3265
v -5169 20.0699 -3267
v -5169 20.2899 -3269
v -5169 20.5087 -3271
v -5169 20.7264 -3273
v -5169 20.9429 -3275
v -5169 21.1582 -3277
v -5169 21.3723 -3279
v -5169 21.5852 -3281
v -5169 21.7968 -3283
v -5169 22.0072 -3285
v -5169 22.2163 -3287
v -5169 22.4242 -3289
v -5169 22.6307 -3291
v -5169 22.8831 -3293
v -5169 23.156 -3295
v -5169 23.3725 -3297
v -5169 23.5569 -3299
v -5169 23.7292 -3301
v -5169 23.8853 -3303
v -5169 24.022 -3305
v -5169 24.1745 -3307
v -5167 -0.0684577 -3117
v -5167 0.115258 -3119
v -5167 0.638322 -3121
v -5167 0.954238 -3123
v -5167 1.76529 -3125
v -5167 2.20789 -3127
v -5167 2.79292 -3129
v -5167 3.24341 -3131
v -5167 3.70015 -3133
v -5167 4.09129 -3135
v -5167 4.43181 -3137
v -5167 4.72505 -3139
v -5167 4.98915 -3141
v -5167 5.23818 -3143
v -5167 5.48752 -3145
v -5167 5.73718 -3147
v -5167 5.9871 -3149
v -5167 6.2373 -3151
v -5167 6.48773 -3153
v -5167 6.73833 -3155
v -5167 6.98913 -3157
v -5167 7.24007 -3159
v -5167 7.49112 -3161
v -5167 7.74223 -3163
v -5167 7.99343 -3165
v -5167 8.24465 -3167
v -5167 8.49588 -3169
v -5167 8.74705 -3171
v -5167 9.1071 -3173
v -5167 9.48603 -3175
v -5167 9.81275 -3177
v -5167 10.0833 -3179
v -5167 10.3046 -3181
v -5167 10.4897 -3183
v -5167 10.6462 -3185
v -5167 10.7753 -3187
v -5167 11.0022 -3189
v -5167 11.2517 -3191
v -5167 11.5009 -3193
v -5167 11.7497 -3195
v -5167 11.9982 -3197
v -5167 12.2462 -3199
v -5167 12.4939 -3201
v -5167 12.7411 -3203
v -5167 12.9879 -3205
v -5167 13.2342 -3207
v -5167 13.48 -3209
v -5167 13.7252 -3211
v -5167 13.9699 -3213
v -5167 14.3985 -3215
v -5167 14.8744 -3217
v -5167 15.3379 -3219
v -5167 15.7621 -3221
v -5167 16.1401 -3223
v -5167 16.4373 -3225
v -5167 16.6661 -3227
v -5167 16.8651 -3229
v -5167 17.0421 -3231
v -5167 17.2156 -3233
v -5167 17.5371 -3235
v -5167 17.9322 -3237
v -5167 18.3703 -3239
v -5167 18.7123 -3241
v -5167 18.9367 -3243
v -5167 19.0956 -3245
v -5167 19.2132 -3247
v -5167 19.2771 -3249
v -5167 19.2949 -3251
v -5167 19.2765 -3253
v -5167 19.2357 -3255
v -5167 19.2089 -3257
v -5167 19.3946 -3259
v -5167 19.6196 -3261
v -5167 19.8434 -3263
v -5167 20.0662 -3265
v -5167 20.2879 -3267
v -5167 20.5085 -3269
v -5167 20.7279 -3271
v -5167 20.9462 -3273
v -5167 21.1633 -3275
v -5167 21.3791 -3277
v -5167 21.5938 -3279
v -5167 21.8073 -3281
v -5167 22.0195 -3283
v -5167 22.2304 -3285
v -5167 22.4401 -3287
v -5167 22.6485 -3289
v -5167 22.8556 -3291
v -5167 23.0614 -3293
v -5167 23.2927 -3295
v -5167 23.5659 -3297
v -5167 23.801 -3299
v -5167 24.0098 -3301
v -5167 24.1947 -3303
v -5167 24.3414 -3305
v -5167 24.488 -3307
v -5165 0.176215 -3117
v -5165 0.729735 -3119
v -5165 1.10697 -3121
v -5165 1.54077 -3123
v -5165 2.28869 -3125
v -5165 2.69371 -3127
v -5165 3.18642 -3129
v -5165 3.58636 -3131
v -5165 3.94692 -3133
v -5165 4.30662 -3135
v -5165 4.63143 -3137
v -5165 4.90759 -3139
v -5165 5.15885 -3141
v -5165 5.40868 -3143
v -5165 5.65886 -3145
v -5165 5.90935 -3147
v -5165 6.1601 -3149
v -5165 6.41113 -3151
v -5165 6.66239 -3153
v -5165 6.91381 -3155
v -5165 7.16544 -3157
v -5165 7.4172 -3159
v -5165 7.66908 -3161
v -5165 7.92101 -3163
v -5165 8.17302 -3165
v -5165 8.42506 -3167
v -5165 8.6771 -3169
v -5165 8.92909 -3171
v -5165 9.18104 -3173
v -5165 9.43292 -3175
v -5165 9.68466 -3177
v -5165 9.93806 -3179
v -5165 10.1878 -3181
v -5165 10.439 -3183
v -5165 10.6901 -3185
v -5165 10.9409 -3187
v -5165 11.1915 -3189
v -5165 11.4417 -3191
v -5165 11.6917 -3193
v -5165 11.9413 -3195
v -5165 12.1905 -3197
v -5165 12.4394 -3199
v -5165 12.6878 -3201
v -5165 12.9358 -3203
v -5165 13.1833 -3205
v -5165 13.4304 -3207
v -5165 13.6769 -3209
v -5165 13.9229 -3211
v -5165 14.1684 -3213
v -5165 14.4215 -3215
v -5165 14.9007 -3217
v -5165 15.3685 -3219
v -5165 15.8235 -3221
v -5165 16.2767 -3223
v -5165 16.6574 -3225
v -5165 16.9368 -3227
v -5165 17.1409 -3229
v -5165 17.3038 -3231
v -5165 17.4765 -3233
v -5165 17.8131 -3235
v -5165 18.1623 -3237
v -5165 18.5226 -3239
v -5165 18.7751 -3241
v -5165 18.8953 -3243
v -5165 18.9566 -3245
v -5165 18.9997 -3247
v -5165 19.046 -3249
v -5165 19.0832 -3251
v -5165 19.0918 -3253
v -5165 19.1546 -3255
v -5165 19.3823 -3257
v -5165 19.6089 -3259
v -5165 19.8345 -3261
v -5165 20.059 -3263
v -5165 20.2824 -3265
v -5165 20.5047 -3267
v -5165 20.7259 -3269
v -5165 20.9459 -3271
v -5165 21.1647 -3273
v -5165 21.3824 -3275
v -5165 21.5989 -3277
v -5165 21.8141 -3279
v -5165 22.0282 -3281
v -5165 22.2409 -3283
v -5165 22.4524 -3285
v -5165 22.6627 -3287
v -5165 22.8716 -3289
v -5165 23.0792 -3291
v -5165 23.2855 -3293
v -5165 23.4905 -3295
v -5165 23.694 -3297
v -5165 23.902 -3299
v -5165 24.1169 -3301
v -5165 24.3165 -3303
v -5165 24.5073 -3305
v -5165 24.6945 -3307
v -5163 0.766963 -3117
v -5163 1.40254 -3119
v -5163 1.75475 -3121
v -5163 2.08633 -3123
v -5163 2.75663 -3125
v -5163 3.12563 -3127
v -5163 3.52947 -3129
v -5163 3.87124 -3131
v -5163 4.21293 -3133
v -5163 4.52654 -3135
v -5163 4.82037 -3137
v -5163 5.07749 -3139
v -5163 5.32775 -3141
v -5163 5.57841 -3143
v -5163 5.82941 -3145
v -5163 6.08073 -3147
v -5163 6.33229 -3149
v -5163 6.58415 -3151
v -5163 6.83623 -3153
v -5163 7.08847 -3155
v -5163 7.34092 -3157
v -5163 7.5935 -3159
v -5163 7.84619 -3161
v -5163 8.09893 -3163
v -5163 8.35176 -3165
v -5163 8.60461 -3167
v -5163 8.85746 -3169
v -5163 9.11025 -3171
v -5163 9.36301 -3173
v -5163 9.61569 -3175
v -5163 9.86823 -3177
v -5163 10.1207 -3179
v -5163 10.3729 -3181
v -5163 10.625 -3183
v -5163 10.8768 -3185
v -5163 11.1284 -3187
v -5163 11.3798 -3189
v -5163 11.6308 -3191
v -5163 11.8815 -3193
v -5163 12.1319 -3195
v -5163 12.3819 -3197
v -5163 12.6315 -3199
v -5163 12.8807 -3201
v -5163 13.1295 -3203
v -5163 13.3778 -3205
v -5163 13.6256 -3207
v -5163 13.8729 -3209
v -5163 14.1196 -3211
v -5163 14.3658 -3213
v -5163 14.6114 -3215
v -5163 14.8648 -3217
v -5163 15.3358 -3219
v -5163 15.7954 -3221
v -5163 16.2543 -3223
v -5163 16.6755 -3225
v -5163 16.9974 -3227
v -5163 17.2252 -3229
v -5163 17.4165 -3231
v -5163 17.743 -3233
v -5163 18.0365 -3235
v -5163 18.3126 -3237
v -5163 18.5742 -3239
v -5163 18.7414 -3241
v -5163 18.8033 -3243
v -5163 18.8277 -3245
v -5163 18.8534 -3247
v -5163 18.8935 -3249
v -5163 18.9275 -3251
v -5163 19.1372 -3253
v -5163 19.3665 -3255
v -5163 19.5948 -3257
v -5163 19.8221 -3259
v -5163 20.0483 -3261
v -5163 20.2734 -3263
v -5163 20.4974 -3265
v -5163 20.7203 -3267
v -5163 20.9421 -3269
v -5163 21.1627 -3271
v -5163 21.3821 -3273
v -5163 21.6004 -3275
v -5163 21.8174 -3277
v -5163 22.0332 -3279
v -5163 22.2478 -3281
v -5163 22.4611 -3283
v -5163 22.6732 -3285
v -5163 22.884 -3287
v -5163 23.0934 -3289
v -5163 23.3016 -3291
v -5163 23.5084 -3293
v -5163 23.7138 -3295
v -5163 23.918 -3297
v -5163 24.1207 -3299
v -5163 24.322 -3301
v -5163 24.5219 -3303
v -5163 24.7204 -3305
v -5163 24.9174 -3307
v -5161 0.944735 -3117
v -5161 1.64084 -3119
v -5161 2.19857 -3121
v -5161 2.57933 -3123
v -5161 3.02819 -3125
v -5161 3.37634 -3127
v -5161 3.74908 -3129
v -5161 4.09668 -3131
v -5161 4.41652 -3133
v -5161 4.7254 -3135
v -5161 4.994 -3137
v -5161 5.24471 -3139
v -5161 5.49578 -3141
v -5161 5.74726 -3143
v -5161 5.99908 -3145
v -5161 6.25121 -3147
v -5161 6.50359 -3149
v -5161 6.75626 -3151
v -5161 7.00916 -3153
v -5161 7.26221 -3155
v -5161 7.51547 -3157
v -5161 7.76886 -3159
v -5161 8.02236 -3161
v -5161 8.27591 -3163
v -5161 8.52954 -3165
v -5161 8.78319 -3167
v -5161 9.03684 -3169
v -5161 9.29043 -3171
v -5161 9.54399 -3173
v -5161 9.79746 -3175
v -5161 10.0508 -3177
v -5161 10.304 -3179
v -5161 10.5571 -3181
v -5161 10.8099 -3183
v -5161 11.0625 -3185
v -5161 11.3149 -3187
v -5161 11.567 -3189
v -5161 11.8188 -3191
v -5161 12.0703 -3193
v -5161 12.3215 -3195
v -5161 12.5723 -3197
v -5161 12.8226 -3199
v -5161 13.0726 -3201
v -5161 13.3221 -3203
v -5161 13.5711 -3205
v -5161 13.8197 -3207
v -5161 14.0677 -3209
v -5161 14.3152 -3211
v -5161 14.5621 -3213
v -5161 14.8084 -3215
v -5161 15.0541 -3217
v -5161 15.2992 -3219
v -5161 15.7117 -3221
v -5161 16.1577 -3223
v -5161 16.5809 -3225
v -5161 16.9332 -3227
v -5161 17.2354 -3229
v -5161 17.5656 -3231
v -5161 17.854 -3233
v -5161 18.1057 -3235
v -5161 18.3225 -3237
v -5161 18.5057 -3239
v -5161 18.6189 -3241
v -5161 18.6637 -3243
v -5161 18.6866 -3245
v -5161 18.7149 -3247
v -5161 18.8842 -3249
v -5161 19.1162 -3251
v -5161 19.3471 -3253
v -5161 19.5771 -3255
v -5161 19.806 -3257
v -5161 20.0339 -3259
v -5161 20.2607 -3261
v -5161 20.4864 -3263
v -5161 20.7111 -3265
v -5161 20.9346 -3267
v -5161 21.1569 -3269
v -5161 21.3781 -3271
v -5161 21.5981 -3273
v -5161 21.817 -3275
v -5161 22.0345 -3277
v -5161 22.2509 -3279
v -5161 22.4661 -3281
v -5161 22.68 -3283
v -5161 22.8926 -3285
v -5161 23.1039 -3287
v -5161 23.3139 -3289
v -5161 23.5226 -3291
v -5161 23.7299 -3293
v -5161 23.9358 -3295
v -5161 24.1405 -3297
v -5161 24.3437 -3299
v -5161 24.5455 -3301
v -5161 24.7459 -3303
v -5161 24.9449 -3305
v -5161 25.1424 -3307
v -5159 1.42407 -3117
v -5159 1.99438 -3119
v -5159 2.42944 -3121
v -5159 2.81429 -3123
v -5159 3.28509 -3125
v -5159 3.64329 -3127
v -5159 3.99225 -3129
v -5159 4.3135 -3131
v -5159 4.62306 -3133
v -5159 4.90573 -3135
v -5159 5.15956 -3137
v -5159 5.41108 -3139
v -5159 5.66296 -3141
v -5159 5.91525 -3143
v -5159 6.16788 -3145
v -5159 6.42082 -3147
v -5159 6.67401 -3149
v -5159 6.92749 -3151
v -5159 7.18119 -3153
v -5159 7.43505 -3155
v -5159 7.68911 -3157
v -5159 7.9433 -3159
v -5159 8.1976 -3161
v -5159 8.45195 -3163
v -5159 8.70637 -3165
v -5159 8.96082 -3167
v -5159 9.21527 -3169
v -5159 9.46965 -3171
v -5159 9.72399 -3173
v -5159 9.97825 -3175
v -5159 10.2324 -3177
v -5159 10.4864 -3179
v -5159 10.7402 -3181
v -5159 10.9938 -3183
v -5159 11.2472 -3185
v -5159 11.5004 -3187
v -5159 11.7533 -3189
v -5159 12.0058 -3191
v -5159 12.2581 -3193
v -5159 12.51 -3195
v -5159 12.7615 -3197
v -5159 13.0126 -3199
v -5159 13.2633 -3201
v -5159 13.5136 -3203
v -5159 13.7634 -3205
v -5159 14.0126 -3207
v -5159 14.2614 -3209
v -5159 14.5096 -3211
v -5159 14.7572 -3213
v -5159 15.0043 -3215
v -5159 15.2507 -3217
v -5159 15.4965 -3219
v -5159 15.7416 -3221
v -5159 16.0259 -3223
v -5159 16.442 -3225
v -5159 16.8269 -3227
v -5159 17.1722 -3229
v -5159 17.4818 -3231
v -5159 17.7492 -3233
v -5159 17.9796 -3235
v -5159 18.1673 -3237
v -5159 18.3079 -3239
v -5159 18.3942 -3241
v -5159 18.4381 -3243
v -5159 18.6235 -3245
v -5159 18.8581 -3247
v -5159 19.0916 -3249
v -5159 19.3242 -3251
v -5159 19.5559 -3253
v -5159 19.7865 -3255
v -5159 20.016 -3257
v -5159 20.2445 -3259
v -5159 20.4719 -3261
v -5159 20.6982 -3263
v -5159 20.9234 -3265
v -5159 21.1475 -3267
v -5159 21.3705 -3269
v -5159 21.5922 -3271
v -5159 21.8128 -3273
v -5159 22.0322 -3275
v -5159 22.2504 -3277
v -5159 22.4673 -3279
v -5159 22.683 -3281
v -5159 22.8975 -3283
v -5159 23.1106 -3285
v -5159 23.3224 -3287
v -5159 23.533 -3289
v -5159 23.7422 -3291
v -5159 23.95 -3293
v -5159 24.1565 -3295
v -5159 24.3616 -3297
v -5159 24.5653 -3299
v -5159 24.7676 -3301
v -5159 24.9685 -3303
v -5159 25.1679 -3305
v -5159 25.3659 -3307
v -5157 1.75745 -3117
v -5157 2.12817 -3119
v -5157 2.5942 -3121
v -5157 3.00858 -3123
v -5157 3.48384 -3125
v -5157 3.86865 -3127
v -5157 4.20733 -3129
v -5157 4.51764 -3131
v -5157 4.81122 -3133
v -5157 5.07243 -3135
v -5157 5.32431 -3137
v -5157 5.57662 -3139
v -5157 5.82931 -3141
v -5157 6.0824 -3143
v -5157 6.33583 -3145
v -5157 6.58958 -3147
v -5157 6.84357 -3149
v -5157 7.09785 -3151
v -5157 7.35234 -3153
v -5157 7.607 -3155
v -5157 7.86186 -3157
v -5157 8.11685 -3159
v -5157 8.37194 -3161
v -5157 8.62708 -3163
v -5157 8.88229 -3165
v -5157 9.13753 -3167
v -5157 9.39276 -3169
v -5157 9.64792 -3171
v -5157 9.90305 -3173
v -5157 10.1581 -3175
v -5157 10.413 -3177
v -5157 10.6678 -3179
v -5157 10.9224 -3181
v -5157 11.1768 -3183
v -5157 11.4309 -3185
v -5157 11.6848 -3187
v -5157 11.9385 -3189
v -5157 12.1918 -3191
v -5157 12.4448 -3193
v -5157 12.6975 -3195
v -5157 12.9498 -3197
v -5157 13.2016 -3199
v -5157 13.4531 -3201
v -5157 13.7041 -3203
v -5157 13.9545 -3205
v -5157 14.2046 -3207
v -5157 14.4541 -3209
v -5157 14.703 -3211
v -5157 14.9513 -3213
v -5157 15.1991 -3215
v -5157 15.4462 -3217
v -5157 15.6927 -3219
v -5157 15.9385 -3221
v -5157 16.1837 -3223
v -5157 16.4281 -3225
v -5157 16.6718 -3227
v -5157 16.9851 -3229
v -5157 17.2845 -3231
v -5157 17.5404 -3233
v -5157 17.7545 -3235
v -5157 17.9215 -3237
v -5157 18.1174 -3239
v -5157 18.3553 -3241
v -5157 18.5924 -3243
v -5157 18.8285 -3245
v -5157 19.0637 -3247
v -5157 19.2979 -3249
v -5157 19.5311 -3251
v -5157 19.7634 -3253
v -5157 19.9946 -3255
v -5157 20.2247 -3257
v -5157 20.4538 -3259
v -5157 20.6819 -3261
v -5157 20.9088 -3263
v -5157 21.1346 -3265
v -5157 21.3593 -3267
v -5157 21.5828 -3269
v -5157 21.8051 -3271
v -5157 22.0263 -3273
v -5157 22.2462 -3275
v -5157 22.4649 -3277
v -5157 22.6824 -3279
v -5157 22.8987 -3281
v -5157 23.1137 -3283
v -5157 23.3273 -3285
v -5157 23.5397 -3287
v -5157 23.7507 -3289
v -5157 23.9604 -3291
v -5157 24.1688 -3293
v -5157 24.3758 -3295
v -5157 24.5814 -3297
v -5157 24.7855 -3299
v -5157 24.9883 -3301
v -5157 25.1897 -3303
v -5157 25.3896 -3305
v -5157 25.5881 -3307
v -5155 1.989 -3117
v -5155 2.27575 -3119
v -5155 2.85997 -3121
v -5155 3.24476 -3123
v -5155 3.71012 -3125
v -5155 4.06084 -3127
v -5155 4.40367 -3129
v -5155 4.71003 -3131
v -5155 4.98318 -3133
v -5155 5.23546 -3135
v -5155 5.48813 -3137
v -5155 5.74125 -3139
v -5155 5.99473 -3141
v -5155 6.24861 -3143
v -5155 6.50284 -3145
v -5155 6.75738 -3147
v -5155 7.01217 -3149
v -5155 7.26723 -3151
v -5155 7.52252 -3153
v -5155 7.77797 -3155
v -5155 8.03361 -3157
v -5155 8.28939 -3159
v -5155 8.54526 -3161
v -5155 8.80118 -3163
v -5155 9.05718 -3165
v -5155 9.3132 -3167
v -5155 9.56921 -3169
v -5155 9.82515 -3171
v -5155 10.081 -3173
v -5155 10.3369 -3175
v -5155 10.5925 -3177
v -5155 10.8481 -3179
v -5155 11.1034 -3181
v -5155 11.3586 -3183
v -5155 11.6135 -3185
v -5155 11.8682 -3187
v -5155 12.1226 -3189
v -5155 12.3766 -3191
v -5155 12.6304 -3193
v -5155 12.8838 -3195
v -5155 13.1368 -3197
v -5155 13.3894 -3199
v -5155 13.6416 -3201
v -5155 13.8933 -3203
v -5155 14.1446 -3205
v -5155 14.3953 -3207
v -5155 14.6455 -3209
v -5155 14.8952 -3211
v -5155 15.1442 -3213
v -5155 15.3927 -3215
v -5155 15.6405 -3217
v -5155 15.8877 -3219
v -5155 16.1342 -3221
v -5155 16.3801 -3223
v -5155 16.6252 -3225
v -5155 16.8695 -3227
v -5155 17.1132 -3229
v -5155 17.356 -3231
v -5155 17.598 -3233
v -5155 17.8392 -3235
v -5155 18.0796 -3237
v -5155 18.3191 -3239
v -5155 18.5577 -3241
v -5155 18.7954 -3243
v -5155 19.0321 -3245
v -5155 19.268 -3247
v -5155 19.5028 -3249
v -5155 19.7367 -3251
v -5155 19.9695 -3253
v -5155 20.2013 -3255
v -5155 20.4321 -3257
v -5155 20.6618 -3259
v -5155 20.8904 -3261
v -5155 21.1179 -3263
v -5155 21.3443 -3265
v -5155 21.5696 -3267
v -5155 21.7937 -3269
v -5155 22.0166 -3271
v -5155 22.2383 -3273
v -5155 22.4588 -3275
v -5155 22.6781 -3277
v -5155 22.8961 -3279
v -5155 23.1129 -3281
v -5155 23.3284 -3283
v -5155 23.5426 -3285
v -5155 23.7555 -3287
v -5155 23.967 -3289
v -5155 24.1772 -3291
v -5155 24.3861 -3293
v -5155 24.5936 -3295
v -5155 24.7997 -3297
v -5155 25.0043 -3299
v -5155 25.2076 -3301
v -5155 25.4094 -3303
v -5155 25.6098 -3305
v -5155 25.8087 -3307
v -5153 2.18996 -3117
v -5153 2.60891 -3119
v -5153 3.07938 -3121
v -5153 3.45806 -3123
v -5153 3.93004 -3125
v -5153 4.28506 -3127
v -5153 4.60211 -3129
v -5153 4.88853 -3131
v -5153 5.14462 -3133
v -5153 5.39759 -3135
v -5153 5.65106 -3137
v -5153 5.90496 -3139
v -5153 6.15923 -3141
v -5153 6.41391 -3143
v -5153 6.66892 -3145
v -5153 6.92424 -3147
v -5153 7.17981 -3149
v -5153 7.43567 -3151
v -5153 7.69174 -3153
v -5153 7.94797 -3155
v -5153 8.20439 -3157
v -5153 8.46094 -3159
v -5153 8.7176 -3161
v -5153 8.9743 -3163
v -5153 9.23107 -3165
v -5153 9.48786 -3167
v -5153 9.74464 -3169
v -5153 10.0013 -3171
v -5153 10.258 -3173
v -5153 10.5146 -3175
v -5153 10.771 -3177
v -5153 11.0273 -3179
v -5153 11.2834 -3181
v -5153 11.5393 -3183
v -5153 11.795 -3185
v -5153 12.0504 -3187
v -5153 12.3056 -3189
v -5153 12.5604 -3191
v -5153 12.8149 -3193
v -5153 13.069 -3195
v -5153 13.3228 -3197
v -5153 13.5761 -3199
v -5153 13.829 -3201
v -5153 14.0815 -3203
v -5153 14.3334 -3205
v -5153 14.5849 -3207
v -5153 14.8358 -3209
v -5153 15.0861 -3211
v -5153 15.3359 -3213
v -5153 15.5851 -3215
v -5153 15.8336 -3217
v -5153 16.0815 -3219
v -5153 16.3287 -3221
v -5153 16.5752 -3223
v -5153 16.821 -3225
v -5153 17.066 -3227
v -5153 17.3103 -3229
v -5153 17.5538 -3231
v -5153 17.7965 -3233
v -5153 18.0384 -3235
v -5153 18.2794 -3237
v -5153 18.5195 -3239
v -5153 18.7588 -3241
v -5153 18.9971 -3243
v -5153 19.2345 -3245
v -5153 19.471 -3247
v -5153 19.7064 -3249
v -5153 19.9409 -3251
v -5153 20.1743 -3253
v -5153 20.4068 -3255
v -5153 20.6381 -3257
v -5153 20.8684 -3259
v -5153 21.0976 -3261
v -5153 21.3257 -3263
v -5153 21.5527 -3265
v -5153 21.7785 -3267
v -5153 22.0032 -3269
v -5153 22.2267 -3271
v -5153 22.4489 -3273
v -5153 22.67 -3275
v -5153 22.8898 -3277
v -5153 23.1084 -3279
v -5153 23.3257 -3281
v -5153 23.5417 -3283
v -5153 23.7564 -3285
v -5153 23.9698 -3287
v -5153 24.1819 -3289
v -5153 24.3926 -3291
v -5153 24.6019 -3293
v -5153 24.8099 -3295
v -5153 25.0165 -3297
v -5153 25.2217 -3299
v -5153 25.4254 -3301
v -5153 25.6277 -3303
v -5153 25.8285 -3305
v -5153 26.0279 -3307
v -5151 2.40277 -3117
v -5151 2.89971 -3119
v -5151 3.33907 -3121
v -5151 3.73398 -3123
v -5151 4.16129 -3125
v -5151 4.49235 -3127
v -5151 4.78801 -3129
v -5151 5.05182 -3131
v -5151 5.30511 -3133
v -5151 5.55886 -3135
v -5151 5.81311 -3137
v -5151 6.06779 -3139
v -5151 6.32284 -3141
v -5151 6.57829 -3143
v -5151 6.83409 -3145
v -5151 7.09019 -3147
v -5151 7.34654 -3149
v -5151 7.60317 -3151
v -5151 7.86001 -3153
v -5151 8.11702 -3155
v -5151 8.37421 -3157
v -5151 8.63154 -3159
v -5151 8.88896 -3161
v -5151 9.14643 -3163
v -5151 9.40397 -3165
v -5151 9.66152 -3167
v -5151 9.91906 -3169
v -5151 10.1765 -3171
v -5151 10.434 -3173
v -5151 10.6913 -3175
v -5151 10.9485 -3177
v -5151 11.2055 -3179
v -5151 11.4624 -3181
v -5151 11.719 -3183
v -5151 11.9755 -3185
v -5151 12.2316 -3187
v -5151 12.4875 -3189
v -5151 12.7431 -3191
v -5151 12.9983 -3193
v -5151 13.2532 -3195
v -5151 13.5076 -3197
v -5151 13.7617 -3199
v -5151 14.0153 -3201
v -5151 14.2685 -3203
v -5151 14.5211 -3205
v -5151 14.7733 -3207
v -5151 15.0249 -3209
v -5151 15.276 -3211
v -5151 15.5264 -3213
v -5151 15.7763 -3215
v -5151 16.0255 -3217
v -5151 16.2741 -3219
v -5151 16.522 -3221
v -5151 16.7692 -3223
v -5151 17.0156 -3225
v -5151 17.2613 -3227
v -5151 17.5063 -3229
v -5151 17.7504 -3231
v -5151 17.9938 -3233
v -5151 18.2363 -3235
v -5151 18.4779 -3237
v -5151 18.7187 -3239
v -5151 18.9586 -3241
v -5151 19.1976 -3243
v -5151 19.4356 -3245
v -5151 19.6727 -3247
v -5151 19.9087 -3249
v -5151 20.1438 -3251
v -5151 20.3779 -3253
v -5151 20.6109 -3255
v -5151 20.8429 -3257
v -5151 21.0737 -3259
v -5151 21.3035 -3261
v -5151 21.5322 -3263
v -5151 21.7597 -3265
v -5151 21.9861 -3267
v -5151 22.2114 -3269
v -5151 22.4354 -3271
v -5151 22.6582 -3273
v -5151 22.8798 -3275
v -5151 23.1002 -3277
v -5151 23.3193 -3279
v -5151 23.5371 -3281
v -5151 23.7537 -3283
v -5151 23.9689 -3285
v -5151 24.1828 -3287
v -5151 24.3954 -3289
v -5151 24.6066 -3291
v -5151 24.8164 -3293
v -5151 25.0249 -3295
v -5151 25.2319 -3297
v -5151 25.4375 -3299
v -5151 25.6417 -3301
v -5151 25.8445 -3303
v -5151 26.0458 -3305
v -5151 26.2456 -3307
v -5149 2.70089 -3117
v -5149 3.15333 -3119
v -5149 3.61201 -3121
v -5149 4.02476 -3123
v -5149 4.3753 -3125
v -5149 4.68121 -3127
v -5149 4.95656 -3129
v -5149 5.21057 -3131
v -5149 5.46463 -3133
v -5149 5.71915 -3135
v -5149 5.97418 -3137
v -5149 6.22963 -3139
v -5149 6.48545 -3141
v -5149 6.74168 -3143
v -5149 6.99824 -3145
v -5149 7.25511 -3147
v -5149 7.51223 -3149
v -5149 7.76963 -3151
v -5149 8.02724 -3153
v -5149 8.28501 -3155
v -5149 8.54297 -3157
v -5149 8.80106 -3159
v -5149 9.05925 -3161
v -5149 9.31747 -3163
v -5149 9.57577 -3165
v -5149 9.83408 -3167
v -5149 10.0924 -3169
v -5149 10.3506 -3171
v -5149 10.6088 -3173
v -5149 10.8669 -3175
v -5149 11.1248 -3177
v -5149 11.3826 -3179
v -5149 11.6402 -3181
v -5149 11.8976 -3183
v -5149 12.1547 -3185
v -5149 12.4116 -3187
v -5149 12.6682 -3189
v -5149 12.9245 -3191
v -5149 13.1805 -3193
v -5149 13.4361 -3195
v -5149 13.6913 -3197
v -5149 13.946 -3199
v -5149 14.2004 -3201
v -5149 14.4542 -3203
v -5149 14.7076 -3205
v -5149 14.9604 -3207
v -5149 15.2128 -3209
v -5149 15.4645 -3211
v -5149 15.7157 -3213
v -5149 15.9662 -3215
v -5149 16.2161 -3217
v -5149 16.4654 -3219
v -5149 16.7139 -3221
v -5149 16.9618 -3223
v -5149 17.2089 -3225
v -5149 17.4553 -3227
v -5149 17.7009 -3229
v -5149 17.9457 -3231
v -5149 18.1897 -3233
v -5149 18.4328 -3235
v -5149 18.6751 -3237
v -5149 18.9166 -3239
v -5149 19.157 -3241
v -5149 19.3966 -3243
v -5149 19.6353 -3245
v -5149 19.873 -3247
v -5149 20.1096 -3249
v -5149 20.3453 -3251
v -5149 20.58 -3253
v -5149 20.8136 -3255
v -5149 21.0461 -3257
v -5149 21.2776 -3259
v -5149 21.508 -3261
v -5149 21.7372 -3263
v -5149 21.9653 -3265
v -5149 22.1923 -3267
v -5149 22.4181 -3269
v -5149 22.6426 -3271
v -5149 22.866 -3273
v -5149 23.0882 -3275
v -5149 23.309 -3277
v -5149 23.5287 -3279
v -5149 23.747 -3281
v -5149 23.9641 -3283
v -5149 24.1798 -3285
v -5149 24.3942 -3287
v -5149 24.6073 -3289
v -5149 24.819 -3291
v -5149 25.0293 -3293
v -5149 25.2383 -3295
v -5149 25.4458 -3297
v -5149 25.6519 -3299
v -5149 25.8565 -3301
v -5149 26.0597 -3303
v -5149 26.2615 -3305
v -5149 26.4617 -3307
v -5147 2.98092 -3117
v -5147 3.42818 -3119
v -5147 3.85615 -3121
v -5147 4.24484 -3123
v -5147 4.56473 -3125
v -5147 4.85478 -3127
v -5147 5.11407 -3129
v -5147 5.36837 -3131
v -5147 5.6232 -3133
v -5147 5.87849 -3135
v -5147 6.13428 -3137
v -5147 6.3905 -3139
v -5147 6.64709 -3141
v -5147 6.90407 -3143
v -5147 7.1614 -3145
v -5147 7.41903 -3147
v -5147 7.67692 -3149
v -5147 7.93507 -3151
v -5147 8.19345 -3153
v -5147 8.45197 -3155
v -5147 8.71069 -3157
v -5147 8.96953 -3159
v -5147 9.22848 -3161
v -5147 9.48745 -3163
v -5147 9.7465 -3165
v -5147 10.0056 -3167
v -5147 10.2646 -3169
v -5147 10.5236 -3171
v -5147 10.7825 -3173
v -5147 11.0413 -3175
v -5147 11.3 -3177
v -5147 11.5585 -3179
v -5147 11.8168 -3181
v -5147 12.075 -3183
v -5147 12.3328 -3185
v -5147 12.5905 -3187
v -5147 12.8478 -3189
v -5147 13.1048 -3191
v -5147 13.3615 -3193
v -5147 13.6178 -3195
v -5147 13.8737 -3197
v -5147 14.1292 -3199
v -5147 14.3842 -3201
v -5147 14.6388 -3203
v -5147 14.8928 -3205
v -5147 15.1464 -3207
v -5147 15.3994 -3209
v -5147 15.6518 -3211
v -5147 15.9036 -3213
v -5147 16.1549 -3215
v -5147 16.4055 -3217
v -5147 16.6554 -3219
v -5147 16.9046 -3221
v -5147 17.1531 -3223
v -5147 17.4009 -3225
v -5147 17.6479 -3227
v -5147 17.8942 -3229
v -5147 18.1396 -3231
v -5147 18.3843 -3233
v -5147 18.628 -3235
v -5147 18.871 -3237
v -5147 19.113 -3239
v -5147 19.3541 -3241
v -5147 19.5943 -3243
v -5147 19.8336 -3245
v -5147 20.0719 -3247
v -5147 20.3092 -3249
v -5147 20.5454 -3251
v -5147 20.7807 -3253
v -5147 21.0149 -3255
v -5147 21.248 -3257
v -5147 21.4801 -3259
v -5147 21.711 -3261
v -5147 21.9408 -3263
v -5147 22.1695 -3265
v -5147 22.397 -3267
v -5147 22.6233 -3269
v -5147 22.8484 -3271
v -5147 23.0723 -3273
v -5147 23.295 -3275
v -5147 23.5164 -3277
v -5147 23.7366 -3279
v -5147 23.9555 -3281
v -5147 24.173 -3283
v -5147 24.3892 -3285
v -5147 24.6042 -3287
v -5147 24.8177 -3289
v -5147 25.0299 -3291
v -5147 25.2407 -3293
v -5147 25.4501 -3295
v -5147 25.6581 -3297
v -5147 25.8647 -3299
v -5147 26.0698 -3301
v -5147 26.2734 -3303
v -5147 26.4756 -3305
v -5147 26.6763 -3307
v -5145 3.31788 -3117
v -5145 3.71655 -3119
v -5145 4.10387 -3121
v -5145 4.4418 -3123
v -5145 4.74708 -3125
v -5145 5.01567 -3127
v -5145 5.27017 -3129
v -5145 5.52522 -3131
v -5145 5.78081 -3133
v -5145 6.03686 -3135
v -5145 6.2934 -3137
v -5145 6.55037 -3139
v -5145 6.80772 -3141
v -5145 7.06546 -3143
v -5145 7.32354 -3145
v -5145 7.58193 -3147
v -5145 7.84057 -3149
v -5145 8.09948 -3151
v -5145 8.3586 -3153
v -5145 8.61788 -3155
v -5145 8.87735 -3157
v -5145 9.13694 -3159
v -5145 9.39662 -3161
v -5145 9.65635 -3163
v -5145 9.91614 -3165
v -5145 10.1759 -3167
v -5145 10.4357 -3169
v -5145 10.6954 -3171
v -5145 10.9551 -3173
v -5145 11.2146 -3175
v -5145 11.474 -3177
v -5145 11.7333 -3179
v -5145 11.9923 -3181
v -5145 12.2512 -3183
v -5145 12.5098 -3185
v -5145 12.7681 -3187
v -5145 13.0262 -3189
v -5145 13.2839 -3191
v -5145 13.5413 -3193
v -5145 13.7983 -3195
v -5145 14.0549 -3197
v -5145 14.3111 -3199
v -5145 14.5668 -3201
v -5145 14.8221 -3203
v -5145 15.0768 -3205
v -5145 15.331 -3207
v -5145 15.5847 -3209
v -5145 15.8379 -3211
v -5145 16.0903 -3213
v -5145 16.3422 -3215
v -5145 16.5935 -3217
v -5145 16.8441 -3219
v -5145 17.094 -3221
v -5145 17.3431 -3223
v -5145 17.5916 -3225
v -5145 17.8392 -3227
v -5145 18.0861 -3229
v -5145 18.3322 -3231
v -5145 18.5775 -3233
v -5145 18.8219 -3235
v -5145 19.0655 -3237
v -5145 19.3081 -3239
v -5145 19.5498 -3241
v -5145 19.7907 -3243
v -5145 20.0305 -3245
v -5145 20.2694 -3247
v -5145 20.5073 -3249
v -5145 20.7441 -3251
v -5145 20.98 -3253
v -5145 21.2148 -3255
v -5145 21.4485 -3257
v -5145 21.6811 -3259
v -5145 21.9126 -3261
v -5145 22.1429 -3263
v -5145 22.3722 -3265
v -5145 22.6002 -3267
v -5145 22.8271 -3269
v -5145 23.0527 -3271
v -5145 23.2772 -3273
v -5145 23.5004 -3275
v -5145 23.7223 -3277
v -5145 23.943 -3279
v -5145 24.1624 -3281
v -5145 24.3804 -3283
v -5145 24.5972 -3285
v -5145 24.8126 -3287
v -5145 25.0266 -3289
v -5145 25.2393 -3291
v -5145 25.4505 -3293
v -5145 25.6604 -3295
v -5145 25.8689 -3297
v -5145 26.0759 -3299
v -5145 26.2815 -3301
v -5145 26.4856 -3303
v -5145 26.6882 -3305
v -5145 26.8893 -3307
v -5143 3.59556 -3117
v -5143 3.96413 -3119
v -5143 4.31461 -3121
v -5143 4.62783 -3123
v -5143 4.91369 -3125
v -5143 5.17007 -3127
v -5143 5.42532 -3129
v -5143 5.68113 -3131
v -5143 5.93746 -3133
v -5143 6.19426 -3135
v -5143 6.45155 -3137
v -5143 6.70927 -3139
v -5143 6.96737 -3141
v -5143 7.22586 -3143
v -5143 7.48469 -3145
v -5143 7.74382 -3147
v -5143 8.0032 -3149
v -5143 8.26286 -3151
v -5143 8.52272 -3153
v -5143 8.78275 -3155
v -5143 9.04295 -3157
v -5143 9.30328 -3159
v -5143 9.56371 -3161
v -5143 9.82417 -3163
v -5143 10.0847 -3165
v -5143 10.3452 -3167
v -5143 10.6057 -3169
v -5143 10.8662 -3171
v -5143 11.1266 -3173
v -5143 11.3868 -3175
v -5143 11.6469 -3177
v -5143 11.9069 -3179
v -5143 12.1667 -3181
v -5143 12.4263 -3183
v -5143 12.6856 -3185
v -5143 12.9446 -3187
v -5143 13.2034 -3189
v -5143 13.4618 -3191
v -5143 13.7199 -3193
v -5143 13.9776 -3195
v -5143 14.2349 -3197
v -5143 14.4918 -3199
v -5143 14.7482 -3201
v -5143 15.0041 -3203
v -5143 15.2596 -3205
v -5143 15.5145 -3207
v -5143 15.7688 -3209
v -5143 16.0226 -3211
v -5143 16.2758 -3213
v -5143 16.5284 -3215
v -5143 16.7803 -3217
v -5143 17.0315 -3219
v -5143 17.282 -3221
v -5143 17.5319 -3223
v -5143 17.7809 -3225
v -5143 18.0292 -3227
v -5143 18.2768 -3229
v -5143 18.5235 -3231
v -5143 18.7694 -3233
v -5143 19.0144 -3235
v -5143 19.2586 -3237
v -5143 19.5019 -3239
v -5143 19.7442 -3241
v -5143 19.9856 -3243
v -5143 20.2261 -3245
v -5143 20.4655 -3247
v -5143 20.704 -3249
v -5143 20.9415 -3251
v -5143 21.1779 -3253
v -5143 21.4132 -3255
v -5143 21.6475 -3257
v -5143 21.8807 -3259
v -5143 22.1127 -3261
v -5143 22.3436 -3263
v -5143 22.5734 -3265
v -5143 22.802 -3267
v -5143 23.0294 -3269
v -5143 23.2556 -3271
v -5143 23.4806 -3273
v -5143 23.7043 -3275
v -5143 23.9267 -3277
v -5143 24.1479 -3279
v -5143 24.3678 -3281
v -5143 24.5863 -3283
v -5143 24.8036 -3285
v -5143 25.0195 -3287
v -5143 25.234 -3289
v -5143 25.4471 -3291
v -5143 25.6589 -3293
v -5143 25.8692 -3295
v -5143 26.0781 -3297
v -5143 26.2856 -3299
v -5143 26.4916 -3301
v -5143 26.6961 -3303
v -5143 26.8992 -3305
v -5143 27.1007 -3307
v -5141 3.83366 -3117
v -5141 4.18366 -3119
v -5141 4.51013 -3121
v -5141 4.80287 -3123
v -5141 5.06809 -3125
v -5141 5.32345 -3127
v -5141 5.57944 -3129
v -5141 5.83599 -3131
v -5141 6.09306 -3133
v -5141 6.3506 -3135
v -5141 6.60864 -3137
v -5141 6.8671 -3139
v -5141 7.12593 -3141
v -5141 7.38516 -3143
v -5141 7.64473 -3145
v -5141 7.9046 -3147
v -5141 8.16472 -3149
v -5141 8.42511 -3151
v -5141 8.68571 -3153
v -5141 8.94647 -3155
v -5141 9.20741 -3157
v -5141 9.46847 -3159
v -5141 9.72963 -3161
v -5141 9.99081 -3163
v -5141 10.2521 -3165
v -5141 10.5133 -3167
v -5141 10.7746 -3169
v -5141 11.0357 -3171
v -5141 11.2968 -3173
v -5141 11.5578 -3175
v -5141 11.8186 -3177
v -5141 12.0793 -3179
v -5141 12.3398 -3181
v -5141 12.6001 -3183
v -5141 12.8601 -3185
v -5141 13.1199 -3187
v -5141 13.3793 -3189
v -5141 13.6384 -3191
v -5141 13.8972 -3193
v -5141 14.1556 -3195
v -5141 14.4136 -3197
v -5141 14.6711 -3199
v -5141 14.9282 -3201
v -5141 15.1849 -3203
v -5141 15.441 -3205
v -5141 15.6966 -3207
v -5141 15.9516 -3209
v -5141 16.206 -3211
v -5141 16.4599 -3213
v -5141 16.7131 -3215
v -5141 16.9656 -3217
v -5141 17.2175 -3219
v -5141 17.4687 -3221
v -5141 17.7192 -3223
v -5141 17.9689 -3225
v -5141 18.2178 -3227
v -5141 18.466 -3229
v -5141 18.7133 -3231
v -5141 18.9598 -3233
v -5141 19.2055 -3235
v -5141 19.4502 -3237
v -5141 19.6941 -3239
v -5141 19.937 -3241
v -5141 20.1791 -3243
v -5141 20.4201 -3245
v -5141 20.6602 -3247
v -5141 20.8992 -3249
v -5141 21.1372 -3251
v -5141 21.3742 -3253
v -5141 21.6102 -3255
v -5141 21.845 -3257
v -5141 22.0787 -3259
v -5141 22.3113 -3261
v -5141 22.5428 -3263
v -5141 22.7731 -3265
v -5141 23.0022 -3267
v -5141 23.2302 -3269
v -5141 23.4569 -3271
v -5141 23.6823 -3273
v -5141 23.9066 -3275
v -5141 24.1295 -3277
v -5141 24.3512 -3279
v -5141 24.5716 -3281
v -5141 24.7906 -3283
v -5141 25.0083 -3285
v -5141 25.2247 -3287
v -5141 25.4397 -3289
v -5141 25.6533 -3291
v -5141 25.8655 -3293
v -5141 26.0763 -3295
v -5141 26.2857 -3297
v -5141 26.4936 -3299
v -5141 26.7 -3301
v -5141 26.905 -3303
v -5141 27.1085 -3305
v -5141 27.3105 -3307
v -5139 4.03279 -3117
v -5139 4.37852 -3119
v -5139 4.68898 -3121
v -5139 4.96385 -3123
v -5139 5.21973 -3125
v -5139 5.47583 -3127
v -5139 5.73255 -3129
v -5139 5.98983 -3131
v -5139 6.24763 -3133
v -5139 6.50591 -3135
v -5139 6.76467 -3137
v -5139 7.02387 -3139
v -5139 7.28343 -3141
v -5139 7.54339 -3143
v -5139 7.80369 -3145
v -5139 8.0643 -3147
v -5139 8.32514 -3149
v -5139 8.58626 -3151
v -5139 8.84759 -3153
v -5139 9.10907 -3155
v -5139 9.37073 -3157
v -5139 9.63252 -3159
v -5139 9.8944 -3161
v -5139 10.1563 -3163
v -5139 10.4183 -3165
v -5139 10.6803 -3167
v -5139 10.9422 -3169
v -5139 11.2041 -3171
v -5139 11.4659 -3173
v -5139 11.7276 -3175
v -5139 11.9891 -3177
v -5139 12.2505 -3179
v -5139 12.5117 -3181
v -5139 12.7727 -3183
v -5139 13.0334 -3185
v -5139 13.2938 -3187
v -5139 13.554 -3189
v -5139 13.8138 -3191
v -5139 14.0732 -3193
v -5139 14.3323 -3195
v -5139 14.591 -3197
v -5139 14.8492 -3199
v -5139 15.107 -3201
v -5139 15.3643 -3203
v -5139 15.621 -3205
v -5139 15.8773 -3207
v -5139 16.133 -3209
v -5139 16.3881 -3211
v -5139 16.6426 -3213
v -5139 16.8964 -3215
v -5139 17.1496 -3217
v -5139 17.4022 -3219
v -5139 17.654 -3221
v -5139 17.9051 -3223
v -5139 18.1554 -3225
v -5139 18.405 -3227
v -5139 18.6538 -3229
v -5139 18.9017 -3231
v -5139 19.1488 -3233
v -5139 19.3951 -3235
v -5139 19.6405 -3237
v -5139 19.8849 -3239
v -5139 20.1285 -3241
v -5139 20.3711 -3243
v -5139 20.6127 -3245
v -5139 20.8533 -3247
v -5139 21.0929 -3249
v -5139 21.3315 -3251
v -5139 21.5691 -3253
v -5139 21.8056 -3255
v -5139 22.041 -3257
v -5139 22.2752 -3259
v -5139 22.5084 -3261
v -5139 22.7404 -3263
v -5139 22.9712 -3265
v -5139 23.2009 -3267
v -5139 23.4294 -3269
v -5139 23.6566 -3271
v -5139 23.8826 -3273
v -5139 24.1073 -3275
v -5139 24.3308 -3277
v -5139 24.5529 -3279
v -5139 24.7738 -3281
v -5139 24.9933 -3283
v -5139 25.2115 -3285
v -5139 25.4284 -3287
v -5139 25.6438 -3289
v -5139 25.8579 -3291
v -5139 26.0706 -3293
v -5139 26.2818 -3295
v -5139 26.4916 -3297
v -5139 26.7 -3299
v -5139 26.9068 -3301
v -5139 27.1123 -3303
v -5139 27.3162 -3305
v -5139 27.5185 -3307
v -5137 4.24916 -3117
v -5137 4.56535 -3119
v -5137 4.85429 -3121
v -5137 5.11416 -3123
v -5137 5.37038 -3125
v -5137 5.6272 -3127
v -5137 5.88465 -3129
v -5137 6.14265 -3131
v -5137 6.40118 -3133
v -5137 6.66018 -3135
v -5137 6.91967 -3137
v -5137 7.17959 -3139
v -5137 7.43988 -3141
v -5137 7.70056 -3143
v -5137 7.96159 -3145
v -5137 8.22291 -3147
v -5137 8.48448 -3149
v -5137 8.74632 -3151
v -5137 9.00836 -3153
v -5137 9.27056 -3155
v -5137 9.53294 -3157
v -5137 9.79544 -3159
v -5137 10.058 -3161
v -5137 10.3207 -3163
v -5137 10.5833 -3165
v -5137 10.846 -3167
v -5137 11.1087 -3169
v -5137 11.3712 -3171
v -5137 11.6338 -3173
v -5137 11.8962 -3175
v -5137 12.1584 -3177
v -5137 12.4205 -3179
v -5137 12.6824 -3181
v -5137 12.944 -3183
v -5137 13.2054 -3185
v -5137 13.4666 -3187
v -5137 13.7274 -3189
v -5137 13.9879 -3191
v -5137 14.248 -3193
v -5137 14.5078 -3195
v -5137 14.7671 -3197
v -5137 15.026 -3199
v -5137 15.2845 -3201
v -5137 15.5424 -3203
v -5137 15.7998 -3205
v -5137 16.0567 -3207
v -5137 16.3131 -3209
v -5137 16.5688 -3211
v -5137 16.8239 -3213
v -5137 17.0784 -3215
v -5137 17.3323 -3217
v -5137 17.5855 -3219
v -5137 17.8379 -3221
v -5137 18.0896 -3223
v -5137 18.3406 -3225
v -5137 18.5907 -3227
v -5137 18.8401 -3229
v -5137 19.0887 -3231
v -5137 19.3364 -3233
v -5137 19.5833 -3235
v -5137 19.8292 -3237
v -5137 20.0743 -3239
v -5137 20.3184 -3241
v -5137 20.5616 -3243
v -5137 20.8038 -3245
v -5137 21.045 -3247
v -5137 21.2852 -3249
v -5137 21.5244 -3251
v -5137 21.7625 -3253
v -5137 21.9995 -3255
v -5137 22.2354 -3257
v -5137 22.4703 -3259
v -5137 22.704 -3261
v -5137 22.9365 -3263
v -5137 23.1679 -3265
v -5137 23.398 -3267
v -5137 23.627 -3269
v -5137 23.8547 -3271
v -5137 24.0812 -3273
v -5137 24.3065 -3275
v -5137 24.5304 -3277
v -5137 24.7531 -3279
v -5137 24.9745 -3281
v -5137 25.1945 -3283
v -5137 25.4131 -3285
v -5137 25.6304 -3287
v -5137 25.8464 -3289
v -5137 26.0609 -3291
v -5137 26.274 -3293
v -5137 26.4857 -3295
v -5137 26.6959 -3297
v -5137 26.9047 -3299
v -5137 27.112 -3301
v -5137 27.3179 -3303
v -5137 27.5222 -3305
v -5137 27.725 -3307
v -5135 4.43385 -3117
v -5135 4.73454 -3119
v -5135 5.00674 -3121
v -5135 5.26302 -3123
v -5135 5.51996 -3125
v -5135 5.77749 -3127
v -5135 6.03565 -3129
v -5135 6.29437 -3131
v -5135 6.55362 -3133
v -5135 6.81333 -3135
v -5135 7.07354 -3137
v -5135 7.33418 -3139
v -5135 7.59518 -3141
v -5135 7.85658 -3143
v -5135 8.11831 -3145
v -5135 8.38035 -3147
v -5135 8.64263 -3149
v -5135 8.90518 -3151
v -5135 9.16794 -3153
v -5135 9.43085 -3155
v -5135 9.69393 -3157
v -5135 9.95714 -3159
v -5135 10.2204 -3161
v -5135 10.4838 -3163
v -5135 10.7471 -3165
v -5135 11.0105 -3167
v -5135 11.2739 -3169
v -5135 11.5371 -3171
v -5135 11.8004 -3173
v -5135 12.0635 -3175
v -5135 12.3264 -3177
v -5135 12.5891 -3179
v -5135 12.8517 -3181
v -5135 13.1141 -3183
v -5135 13.3761 -3185
v -5135 13.638 -3187
v -5135 13.8995 -3189
v -5135 14.1606 -3191
v -5135 14.4214 -3193
v -5135 14.6819 -3195
v -5135 14.9419 -3197
v -5135 15.2014 -3199
v -5135 15.4605 -3201
v -5135 15.7191 -3203
v -5135 15.9772 -3205
v -5135 16.2347 -3207
v -5135 16.4917 -3209
v -5135 16.7481 -3211
v -5135 17.0039 -3213
v -5135 17.259 -3215
v -5135 17.5135 -3217
v -5135 17.7673 -3219
v -5135 18.0203 -3221
v -5135 18.2727 -3223
v -5135 18.5242 -3225
v -5135 18.775 -3227
v -5135 19.025 -3229
v -5135 19.2742 -3231
v -5135 19.5225 -3233
v -5135 19.7699 -3235
v -5135 20.0165 -3237
v -5135 20.2621 -3239
v -5135 20.5068 -3241
v -5135 20.7506 -3243
v -5135 20.9934 -3245
v -5135 21.2351 -3247
v -5135 21.4759 -3249
v -5135 21.7156 -3251
v -5135 21.9543 -3253
v -5135 22.1918 -3255
v -5135 22.4283 -3257
v -5135 22.6637 -3259
v -5135 22.8979 -3261
v -5135 23.1309 -3263
v -5135 23.3628 -3265
v -5135 23.5935 -3267
v -5135 23.823 -3269
v -5135 24.0513 -3271
v -5135 24.2783 -3273
v -5135 24.504 -3275
v -5135 24.7284 -3277
v -5135 24.9516 -3279
v -5135 25.1734 -3281
v -5135 25.3939 -3283
v -5135 25.613 -3285
v -5135 25.8308 -3287
v -5135 26.0472 -3289
v -5135 26.2622 -3291
v -5135 26.4757 -3293
v -5135 26.6878 -3295
v -5135 26.8985 -3297
v -5135 27.1077 -3299
v -5135 27.3154 -3301
v -5135 27.5217 -3303
v -5135 27.7264 -3305
v -5135 27.9296 -3307
v -5133 4.60808 -3117
v -5133 4.89472 -3119
v -5133 5.15383 -3121
v -5133 5.41082 -3123
v -5133 5.66846 -3125
v -5133 5.92671 -3127
v -5133 6.18557 -3129
v -5133 6.445 -3131
v -5133 6.70496 -3133
v -5133 6.96538 -3135
v -5133 7.22629 -3137
v -5133 7.48764 -3139
v -5133 7.74935 -3141
v -5133 8.01145 -3143
v -5133 8.27389 -3145
v -5133 8.53663 -3147
v -5133 8.79962 -3149
v -5133 9.06287 -3151
v -5133 9.32633 -3153
v -5133 9.58994 -3155
v -5133 9.85373 -3157
v -5133 10.1176 -3159
v -5133 10.3816 -3161
v -5133 10.6456 -3163
v -5133 10.9097 -3165
v -5133 11.1738 -3167
v -5133 11.4378 -3169
v -5133 11.7018 -3171
v -5133 11.9657 -3173
v -5133 12.2295 -3175
v -5133 12.4931 -3177
v -5133 12.7565 -3179
v -5133 13.0198 -3181
v -5133 13.2828 -3183
v -5133 13.5455 -3185
v -5133 13.808 -3187
v -5133 14.0702 -3189
v -5133 14.332 -3191
v -5133 14.5935 -3193
v -5133 14.8546 -3195
v -5133 15.1152 -3197
v -5133 15.3754 -3199
v -5133 15.6352 -3201
v -5133 15.8944 -3203
v -5133 16.1531 -3205
v -5133 16.4113 -3207
v -5133 16.669 -3209
v -5133 16.926 -3211
v -5133 17.1824 -3213
v -5133 17.4381 -3215
v -5133 17.6932 -3217
v -5133 17.9476 -3219
v -5133 18.2013 -3221
v -5133 18.4542 -3223
v -5133 18.7064 -3225
v -5133 18.9578 -3227
v -5133 19.2084 -3229
v -5133 19.4582 -3231
v -5133 19.7071 -3233
v -5133 19.9551 -3235
v -5133 20.2022 -3237
v -5133 20.4485 -3239
v -5133 20.6937 -3241
v -5133 20.938 -3243
v -5133 21.1814 -3245
v -5133 21.4237 -3247
v -5133 21.665 -3249
v -5133 21.9053 -3251
v -5133 22.1445 -3253
v -5133 22.3826 -3255
v -5133 22.6196 -3257
v -5133 22.8555 -3259
v -5133 23.0902 -3261
v -5133 23.3238 -3263
v -5133 23.5562 -3265
v -5133 23.7874 -3267
v -5133 24.0174 -3269
v -5133 24.2461 -3271
v -5133 24.4736 -3273
v -5133 24.6998 -3275
v -5133 24.9248 -3277
v -5133 25.1484 -3279
v -5133 25.3707 -3281
v -5133 25.5916 -3283
v -5133 25.8112 -3285
v -5133 26.0295 -3287
v -5133 26.2463 -3289
v -5133 26.4617 -3291
v -5133 26.6757 -3293
v -5133 26.8883 -3295
v -5133 27.0994 -3297
v -5133 27.309 -3299
v -5133 27.5171 -3301
v -5133 27.7238 -3303
v -5133 27.9289 -3305
v -5133 28.1325 -3307
v -5131 4.77182 -3117
v -5131 5.0429 -3119
v -5131 5.29989 -3121
v -5131 5.55757 -3123
v -5131 5.81592 -3125
v -5131 6.07486 -3127
v -5131 6.33443 -3129
v -5131 6.59455 -3131
v -5131 6.85521 -3133
v -5131 7.11633 -3135
v -5131 7.37794 -3137
v -5131 7.63998 -3139
v -5131 7.90239 -3141
v -5131 8.1652 -3143
v -5131 8.42833 -3145
v -5131 8.69177 -3147
v -5131 8.95545 -3149
v -5131 9.2194 -3151
v -5131 9.48355 -3153
v -5131 9.74785 -3155
v -5131 10.0123 -3157
v -5131 10.2769 -3159
v -5131 10.5416 -3161
v -5131 10.8063 -3163
v -5131 11.0711 -3165
v -5131 11.3358 -3167
v -5131 11.6006 -3169
v -5131 11.8652 -3171
v -5131 12.1298 -3173
v -5131 12.3942 -3175
v -5131 12.6585 -3177
v -5131 12.9226 -3179
v -5131 13.1865 -3181
v -5131 13.4502 -3183
v -5131 13.7136 -3185
v -5131 13.9768 -3187
v -5131 14.2396 -3189
v -5131 14.5021 -3191
v -5131 14.7642 -3193
v -5131 15.0259 -3195
v -5131 15.2873 -3197
v -5131 15.5481 -3199
v -5131 15.8085 -3201
v -5131 16.0684 -3203
v -5131 16.3277 -3205
v -5131 16.5865 -3207
v -5131 16.8448 -3209
v -5131 17.1024 -3211
v -5131 17.3594 -3213
v -5131 17.6158 -3215
v -5131 17.8715 -3217
v -5131 18.1265 -3219
v -5131 18.3808 -3221
v -5131 18.6344 -3223
v -5131 18.8871 -3225
v -5131 19.1391 -3227
v -5131 19.3903 -3229
v -5131 19.6407 -3231
v -5131 19.8902 -3233
v -5131 20.1387 -3235
v -5131 20.3865 -3237
v -5131 20.6332 -3239
v -5131 20.8791 -3241
v -5131 21.1239 -3243
v -5131 21.3678 -3245
v -5131 21.6107 -3247
v -5131 21.8526 -3249
v -5131 22.0934 -3251
v -5131 22.3331 -3253
v -5131 22.5718 -3255
v -5131 22.8093 -3257
v -5131 23.0457 -3259
v -5131 23.281 -3261
v -5131 23.515 -3263
v -5131 23.748 -3265
v -5131 23.9797 -3267
v -5131 24.2102 -3269
v -5131 24.4394 -3271
v -5131 24.6674 -3273
v -5131 24.8941 -3275
v -5131 25.1194 -3277
v -5131 25.3435 -3279
v -5131 25.5663 -3281
v -5131 25.7877 -3283
v -5131 26.0078 -3285
v -5131 26.2264 -3287
v -5131 26.4437 -3289
v -5131 26.6596 -3291
v -5131 26.874 -3293
v -5131 27.087 -3295
v -5131 27.2985 -3297
v -5131 27.5086 -3299
v -5131 27.7171 -3301
v -5131 27.9242 -3303
v -5131 28.1297 -3305
v -5131 28.3337 -3307
v -5129 4.92882 -3117
v -5129 5.18714 -3119
v -5129 5.44482 -3121
v -5129 5.70319 -3123
v -5129 5.96223 -3125
v -5129 6.22186 -3127
v -5129 6.48212 -3129
v -5129 6.74294 -3131
v -5129 7.00428 -3133
v -5129 7.26609 -3135
v -5129 7.5284 -3137
v -5129 7.79113 -3139
v -5129 8.05422 -3141
v -5129 8.31772 -3143
v -5129 8.58154 -3145
v -5129 8.84567 -3147
v -5129 9.11003 -3149
v -5129 9.37466 -3151
v -5129 9.6395 -3153
v -5129 9.90449 -3155
v -5129 10.1696 -3157
v -5129 10.4349 -3159
v -5129 10.7003 -3161
v -5129 10.9657 -3163
v -5129 11.2311 -3165
v -5129 11.4965 -3167
v -5129 11.7619 -3169
v -5129 12.0272 -3171
v -5129 12.2925 -3173
v -5129 12.5576 -3175
v -5129 12.8225 -3177
v -5129 13.0873 -3179
v -5129 13.3519 -3181
v -5129 13.6163 -3183
v -5129 13.8803 -3185
v -5129 14.1441 -3187
v -5129 14.4076 -3189
v -5129 14.6707 -3191
v -5129 14.9335 -3193
v -5129 15.1959 -3195
v -5129 15.4578 -3197
v -5129 15.7193 -3199
v -5129 15.9803 -3201
v -5129 16.2408 -3203
v -5129 16.5008 -3205
v -5129 16.7603 -3207
v -5129 17.0191 -3209
v -5129 17.2774 -3211
v -5129 17.535 -3213
v -5129 17.792 -3215
v -5129 18.0483 -3217
v -5129 18.3039 -3219
v -5129 18.5588 -3221
v -5129 18.8129 -3223
v -5129 19.0663 -3225
v -5129 19.3189 -3227
v -5129 19.5706 -3229
v -5129 19.8216 -3231
v -5129 20.0716 -3233
v -5129 20.3208 -3235
v -5129 20.5691 -3237
v -5129 20.8164 -3239
v -5129 21.0628 -3241
v -5129 21.3082 -3243
v -5129 21.5527 -3245
v -5129 21.7961 -3247
v -5129 22.0385 -3249
v -5129 22.2798 -3251
v -5129 22.5201 -3253
v -5129 22.7593 -3255
v -5129 22.9973 -3257
v -5129 23.2342 -3259
v -5129 23.47 -3261
v -5129 23.7046 -3263
v -5129 23.938 -3265
v -5129 24.1702 -3267
v -5129 24.4012 -3269
v -5129 24.6309 -3271
v -5129 24.8594 -3273
v -5129 25.0865 -3275
v -5129 25.3124 -3277
v -5129 25.537 -3279
v -5129 25.7602 -3281
v -5129 25.9821 -3283
v -5129 26.2025 -3285
v -5129 26.4217 -3287
v -5129 26.6394 -3289
v -5129 26.8557 -3291
v -5129 27.0705 -3293
v -5129 27.2839 -3295
v -5129 27.4959 -3297
v -5129 27.7063 -3299
v -5129 27.9153 -3301
v -5129 28.1227 -3303
v -5129 28.3287 -3305
v -5129 28.5331 -3307
v -5127 5.07268 -3117
v -5127 5.33028 -3119
v -5127 5.58864 -3121
v -5127 5.84769 -3123
v -5127 6.10741 -3125
v -5127 6.36772 -3127
v -5127 6.62866 -3129
v -5127 6.89016 -3131
v -5127 7.15219 -3133
v -5127 7.41468 -3135
v -5127 7.67766 -3137
v -5127 7.94108 -3139
v -5127 8.20485 -3141
v -5127 8.46903 -3143
v -5127 8.73353 -3145
v -5127 8.99834 -3147
v -5127 9.26338 -3149
v -5127 9.52869 -3151
v -5127 9.7942 -3153
v -5127 10.0599 -3155
v -5127 10.3257 -3157
v -5127 10.5916 -3159
v -5127 10.8577 -3161
v -5127 11.1237 -3163
v -5127 11.3898 -3165
v -5127 11.6559 -3167
v -5127 11.922 -3169
v -5127 12.188 -3171
v -5127 12.4539 -3173
v -5127 12.7196 -3175
v -5127 12.9852 -3177
v -5127 13.2507 -3179
v -5127 13.5159 -3181
v -5127 13.7809 -3183
v -5127 14.0456 -3185
v -5127 14.3101 -3187
v -5127 14.5742 -3189
v -5127 14.838 -3191
v -5127 15.1014 -3193
v -5127 15.3644 -3195
v -5127 15.6269 -3197
v -5127 15.889 -3199
v -5127 16.1507 -3201
v -5127 16.4118 -3203
v -5127 16.6724 -3205
v -5127 16.9325 -3207
v -5127 17.192 -3209
v -5127 17.4508 -3211
v -5127 17.7091 -3213
v -5127 17.9666 -3215
v -5127 18.2236 -3217
v -5127 18.4798 -3219
v -5127 18.7352 -3221
v -5127 18.99 -3223
v -5127 19.2439 -3225
v -5127 19.497 -3227
v -5127 19.7494 -3229
v -5127 20.0009 -3231
v -5127 20.2515 -3233
v -5127 20.5012 -3235
v -5127 20.7501 -3237
v -5127 20.998 -3239
v -5127 21.2449 -3241
v -5127 21.4909 -3243
v -5127 21.7359 -3245
v -5127 21.9798 -3247
v -5127 22.2227 -3249
v -5127 22.4646 -3251
v -5127 22.7054 -3253
v -5127 22.9451 -3255
v -5127 23.1836 -3257
v -5127 23.4211 -3259
v -5127 23.6574 -3261
v -5127 23.8924 -3263
v -5127 24.1263 -3265
v -5127 24.359 -3267
v -5127 24.5905 -3269
v -5127 24.8207 -3271
v -5127 25.0496 -3273
v -5127 25.2773 -3275
v -5127 25.5036 -3277
v -5127 25.7286 -3279
v -5127 25.9523 -3281
v -5127 26.1746 -3283
v -5127 26.3955 -3285
v -5127 26.6151 -3287
v -5127 26.8332 -3289
v -5127 27.05 -3291
v -5127 27.2652 -3293
v -5127 27.479 -3295
v -5127 27.6914 -3297
v -5127 27.9023 -3299
v -5127 28.1116 -3301
v -5127 28.3195 -3303
v -5127 28.5258 -3305
v -5127 28.7306 -3307
v -5125 5.21402 -3117
v -5125 5.47229 -3119
v -5125 5.73132 -3121
v -5125 5.99104 -3123
v -5125 6.25143 -3125
v -5125 6.51242 -3127
v -5125 6.77403 -3129
v -5125 7.0362 -3131
v -5125 7.2989 -3133
v -5125 7.56207 -3135
v -5125 7.82573 -3137
v -5125 8.08981 -3139
v -5125 8.35426 -3141
v -5125 8.61911 -3143
v -5125 8.88428 -3145
v -5125 9.14976 -3147
v -5125 9.41547 -3149
v -5125 9.68145 -3151
v -5125 9.94763 -3153
v -5125 10.214 -3155
v -5125 10.4805 -3157
v -5125 10.7471 -3159
v -5125 11.0138 -3161
v -5125 11.2805 -3163
v -5125 11.5472 -3165
v -5125 11.814 -3167
v -5125 12.0807 -3169
v -5125 12.3473 -3171
v -5125 12.6139 -3173
v -5125 12.8803 -3175
v -5125 13.1466 -3177
v -5125 13.4126 -3179
v -5125 13.6785 -3181
v -5125 13.9442 -3183
v -5125 14.2095 -3185
v -5125 14.4746 -3187
v -5125 14.7394 -3189
v -5125 15.0037 -3191
v -5125 15.2678 -3193
v -5125 15.5314 -3195
v -5125 15.7946 -3197
v -5125 16.0573 -3199
v -5125 16.3196 -3201
v -5125 16.5813 -3203
v -5125 16.8425 -3205
v -5125 17.1032 -3207
v -5125 17.3633 -3209
v -5125 17.6228 -3211
v -5125 17.8816 -3213
v -5125 18.1398 -3215
v -5125 18.3973 -3217
v -5125 18.6541 -3219
v -5125 18.9101 -3221
v -5125 19.1654 -3223
v -5125 19.4199 -3225
v -5125 19.6736 -3227
v -5125 19.9265 -3229
v -5125 20.1786 -3231
v -5125 20.4298 -3233
v -5125 20.6801 -3235
v -5125 20.9295 -3237
v -5125 21.1779 -3239
v -5125 21.4254 -3241
v -5125 21.6719 -3243
v -5125 21.9174 -3245
v -5125 22.1619 -3247
v -5125 22.4053 -3249
v -5125 22.6477 -3251
v -5125 22.889 -3253
v -5125 23.1292 -3255
v -5125 23.3683 -3257
v -5125 23.6062 -3259
v -5125 23.843 -3261
v -5125 24.0786 -3263
v -5125 24.313 -3265
v -5125 24.5461 -3267
v -5125 24.7781 -3269
v -5125 25.0087 -3271
v -5125 25.2381 -3273
v -5125 25.4662 -3275
v -5125 25.693 -3277
v -5125 25.9185 -3279
v -5125 26.1426 -3281
v -5125 26.3654 -3283
v -5125 26.5867 -3285
v -5125 26.8067 -3287
v -5125 27.0253 -3289
v -5125 27.2424 -3291
v -5125 27.4581 -3293
v -5125 27.6724 -3295
v -5125 27.8851 -3297
v -5125 28.0964 -3299
v -5125 28.3061 -3301
v -5125 28.5144 -3303
v -5125 28.7211 -3305
v -5125 28.9262 -3307
v -5123 5.35425 -3117
v -5123 5.61318 -3119
v -5123 5.87287 -3121
v -5123 6.13326 -3123
v -5123 6.39431 -3125
v -5123 6.65596 -3127
v -5123 6.91824 -3129
v -5123 7.18108 -3131
v -5123 7.44445 -3133
v -5123 7.70827 -3135
v -5123 7.9726 -3137
v -5123 8.23734 -3139
v -5123 8.50246 -3141
v -5123 8.76796 -3143
v -5123 9.0338 -3145
v -5123 9.29994 -3147
v -5123 9.56631 -3149
v -5123 9.83295 -3151
v -5123 10.0998 -3153
v -5123 10.3668 -3155
v -5123 10.6339 -3157
v -5123 10.9012 -3159
v -5123 11.1685 -3161
v -5123 11.4359 -3163
v -5123 11.7033 -3165
v -5123 11.9707 -3167
v -5123 12.2381 -3169
v -5123 12.5054 -3171
v -5123 12.7726 -3173
v -5123 13.0396 -3175
v -5123 13.3065 -3177
v -5123 13.5732 -3179
v -5123 13.8398 -3181
v -5123 14.106 -3183
v -5123 14.372 -3185
v -5123 14.6377 -3187
v -5123 14.9031 -3189
v -5123 15.1681 -3191
v -5123 15.4327 -3193
v -5123 15.697 -3195
v -5123 15.9608 -3197
v -5123 16.2241 -3199
v -5123 16.487 -3201
v -5123 16.7494 -3203
v -5123 17.0112 -3205
v -5123 17.2724 -3207
v -5123 17.5331 -3209
v -5123 17.7932 -3211
v -5123 18.0526 -3213
v -5123 18.3114 -3215
v -5123 18.5694 -3217
v -5123 18.8268 -3219
v -5123 19.0834 -3221
v -5123 19.3393 -3223
v -5123 19.5944 -3225
v -5123 19.8487 -3227
v -5123 20.1021 -3229
v -5123 20.3547 -3231
v -5123 20.6065 -3233
v -5123 20.8573 -3235
v -5123 21.1072 -3237
v -5123 21.3562 -3239
v -5123 21.6042 -3241
v -5123 21.8513 -3243
v -5123 22.0973 -3245
v -5123 22.3423 -3247
v -5123 22.5863 -3249
v -5123 22.8292 -3251
v -5123 23.071 -3253
v -5123 23.3117 -3255
v -5123 23.5513 -3257
v -5123 23.7897 -3259
v -5123 24.0269 -3261
v -5123 24.263 -3263
v -5123 24.4979 -3265
v -5123 24.7315 -3267
v -5123 24.9639 -3269
v -5123 25.195 -3271
v -5123 25.4249 -3273
v -5123 25.6535 -3275
v -5123 25.8807 -3277
v -5123 26.1066 -3279
v -5123 26.3312 -3281
v -5123 26.5544 -3283
v -5123 26.7762 -3285
v -5123 26.9966 -3287
v -5123 27.2156 -3289
v -5123 27.4331 -3291
v -5123 27.6492 -3293
v -5123 27.8639 -3295
v -5123 28.077 -3297
v -5123 28.2887 -3299
v -5123 28.4988 -3301
v -5123 28.7074 -3303
v -5123 28.9145 -3305
v -5123 29.12 -3307
v -5121 5.49328 -3117
v -5121 5.75286 -3119
v -5121 6.01321 -3121
v -5121 6.27425 -3123
v -5121 6.53596 -3125
v -5121 6.79827 -3127
v -5121 7.0612 -3129
v -5121 7.32469 -3131
v -5121 7.58872 -3133
v -5121 7.8532 -3135
v -5121 8.11817 -3137
v -5121 8.38358 -3139
v -5121 8.64935 -3141
v -5121 8.91551 -3143
v -5121 9.182 -3145
v -5121 9.44879 -3147
v -5121 9.71581 -3149
v -5121 9.9831 -3151
v -5121 10.2506 -3153
v -5121 10.5182 -3155
v -5121 10.786 -3157
v -5121 11.0539 -3159
v -5121 11.3219 -3161
v -5121 11.5899 -3163
v -5121 11.858 -3165
v -5121 12.126 -3167
v -5121 12.394 -3169
v -5121 12.6619 -3171
v -5121 12.9298 -3173
v -5121 13.1975 -3175
v -5121 13.465 -3177
v -5121 13.7323 -3179
v -5121 13.9995 -3181
v -5121 14.2664 -3183
v -5121 14.533 -3185
v -5121 14.7993 -3187
v -5121 15.0653 -3189
v -5121 15.3309 -3191
v -5121 15.5962 -3193
v -5121 15.861 -3195
v -5121 16.1255 -3197
v -5121 16.3894 -3199
v -5121 16.6529 -3201
v -5121 16.9158 -3203
v -5121 17.1782 -3205
v -5121 17.4401 -3207
v -5121 17.7013 -3209
v -5121 17.962 -3211
v -5121 18.222 -3213
v -5121 18.4813 -3215
v -5121 18.74 -3217
v -5121 18.9979 -3219
v -5121 19.2551 -3221
v -5121 19.5115 -3223
v -5121 19.7672 -3225
v -5121 20.022 -3227
v -5121 20.276 -3229
v -5121 20.5292 -3231
v -5121 20.7815 -3233
v -5121 21.0328 -3235
v -5121 21.2833 -3237
v -5121 21.5328 -3239
v -5121 21.7813 -3241
v -5121 22.0289 -3243
v -5121 22.2755 -3245
v -5121 22.521 -3247
v -5121 22.7654 -3249
v -5121 23.0089 -3251
v -5121 23.2512 -3253
v -5121 23.4924 -3255
v -5121 23.7324 -3257
v -5121 23.9713 -3259
v -5121 24.2091 -3261
v -5121 24.4456 -3263
v -5121 24.681 -3265
v -5121 24.9151 -3267
v -5121 25.1479 -3269
v -5121 25.3795 -3271
v -5121 25.6098 -3273
v -5121 25.8388 -3275
v -5121 26.0665 -3277
v -5121 26.2929 -3279
v -5121 26.5179 -3281
v -5121 26.7415 -3283
v -5121 26.9637 -3285
v -5121 27.1845 -3287
v -5121 27.4039 -3289
v -5121 27.6219 -3291
v -5121 27.8384 -3293
v -5121 28.0534 -3295
v -5121 28.267 -3297
v -5121 28.479 -3299
v -5121 28.6895 -3301
v -5121 28.8985 -3303
v -5121 29.106 -3305
v -5121 29.3119 -3307
v -5119 5.63113 -3117
v -5119 5.89135 -3119
v -5119 6.15234 -3121
v -5119 6.41404 -3123
v -5119 6.67639 -3125
v -5119 6.93934 -3127
v -5119 7.20292 -3129
v -5119 7.46706 -3131
v -5119 7.73173 -3133
v -5119 7.99686 -3135
v -5119 8.26248 -3137
v -5119 8.52853 -3139
v -5119 8.79494 -3141
v -5119 9.06175 -3143
v -5119 9.32889 -3145
v -5119 9.59632 -3147
v -5119 9.86398 -3149
v -5119 10.1319 -3151
v -5119 10.4 -3153
v -5119 10.6683 -3155
v -5119 10.9368 -3157
v -5119 11.2053 -3159
v -5119 11.4739 -3161
v -5119 11.7426 -3163
v -5119 12.0113 -3165
v -5119 12.2799 -3167
v -5119 12.5486 -3169
v -5119 12.8171 -3171
v -5119 13.0856 -3173
v -5119 13.3539 -3175
v -5119 13.622 -3177
v -5119 13.89 -3179
v -5119 14.1578 -3181
v -5119 14.4253 -3183
v -5119 14.6925 -3185
v -5119 14.9594 -3187
v -5119 15.226 -3189
v -5119 15.4922 -3191
v -5119 15.7581 -3193
v -5119 16.0236 -3195
v -5119 16.2886 -3197
v -5119 16.5531 -3199
v -5119 16.8172 -3201
v -5119 17.0807 -3203
v -5119 17.3437 -3205
v -5119 17.6061 -3207
v -5119 17.868 -3209
v -5119 18.1292 -3211
v -5119 18.3897 -3213
v -5119 18.6497 -3215
v -5119 18.9089 -3217
v -5119 19.1674 -3219
v -5119 19.4251 -3221
v -5119 19.6821 -3223
v -5119 19.9383 -3225
v -5119 20.1937 -3227
v -5119 20.4482 -3229
v -5119 20.702 -3231
v -5119 20.9548 -3233
v -5119 21.2067 -3235
v -5119 21.4577 -3237
v -5119 21.7077 -3239
v -5119 21.9567 -3241
v -5119 22.2048 -3243
v -5119 22.4519 -3245
v -5119 22.6979 -3247
v -5119 22.9429 -3249
v -5119 23.1868 -3251
v -5119 23.4296 -3253
v -5119 23.6713 -3255
v -5119 23.9118 -3257
v -5119 24.1512 -3259
v -5119 24.3894 -3261
v -5119 24.6264 -3263
v -5119 24.8622 -3265
v -5119 25.0968 -3267
v -5119 25.3301 -3269
v -5119 25.5622 -3271
v -5119 25.7929 -3273
v -5119 26.0224 -3275
v -5119 26.2505 -3277
v -5119 26.4773 -3279
v -5119 26.7027 -3281
v -5119 26.9267 -3283
v -5119 27.1494 -3285
v -5119 27.3706 -3287
v -5119 27.5904 -3289
v -5119 27.8088 -3291
v -5119 28.0257 -3293
v -5119 28.2411 -3295
v -5119 28.455 -3297
v -5119 28.6674 -3299
v -5119 28.8784 -3301
v -5119 29.0877 -3303
v -5119 29.2955 -3305
v -5119 29.5018 -3307
v -5117 5.7678 -3117
v -5117 6.02866 -3119
v -5117 6.29029 -3121
v -5117 6.55262 -3123
v -5117 6.81561 -3125
v -5117 7.0792 -3127
v -5117 7.34341 -3129
v -5117 7.60819 -3131
v -5117 7.8735 -3133
v -5117 8.13927 -3135
v -5117 8.40552 -3137
v -5117 8.67221 -3139
v -5117 8.93926 -3141
v -5117 9.2067 -3143
v -5117 9.47447 -3145
v -5117 9.74254 -3147
v -5117 10.0108 -3149
v -5117 10.2794 -3151
v -5117 10.5482 -3153
v -5117 10.8171 -3155
v -5117 11.0861 -3157
v -5117 11.3553 -3159
v -5117 11.6246 -3161
v -5117 11.8938 -3163
v -5117 12.1631 -3165
v -5117 12.4324 -3167
v -5117 12.7017 -3169
v -5117 12.9708 -3171
v -5117 13.2399 -3173
v -5117 13.5089 -3175
v -5117 13.7776 -3177
v -5117 14.0462 -3179
v -5117 14.3146 -3181
v -5117 14.5827 -3183
v -5117 14.8505 -3185
v -5117 15.118 -3187
v -5117 15.3852 -3189
v -5117 15.6521 -3191
v -5117 15.9185 -3193
v -5117 16.1846 -3195
v -5117 16.4502 -3197
v -5117 16.7153 -3199
v -5117 16.9799 -3201
v -5117 17.244 -3203
v -5117 17.5076 -3205
v -5117 17.7706 -3207
v -5117 18.033 -3209
v -5117 18.2948 -3211
v -5117 18.5559 -3213
v -5117 18.8164 -3215
v -5117 19.0762 -3217
v -5117 19.3352 -3219
v -5117 19.5935 -3221
v -5117 19.8511 -3223
v -5117 20.1078 -3225
v -5117 20.3637 -3227
v -5117 20.6188 -3229
v -5117 20.873 -3231
v -5117 21.1264 -3233
v -5117 21.3788 -3235
v -5117 21.6303 -3237
v -5117 21.8809 -3239
v -5117 22.1304 -3241
v -5117 22.379 -3243
v -5117 22.6266 -3245
v -5117 22.8731 -3247
v -5117 23.1186 -3249
v -5117 23.363 -3251
v -5117 23.6063 -3253
v -5117 23.8484 -3255
v -5117 24.0894 -3257
v -5117 24.3293 -3259
v -5117 24.568 -3261
v -5117 24.8055 -3263
v -5117 25.0417 -3265
v -5117 25.2768 -3267
v -5117 25.5105 -3269
v -5117 25.743 -3271
v -5117 25.9742 -3273
v -5117 26.2041 -3275
v -5117 26.4326 -3277
v -5117 26.6598 -3279
v -5117 26.8857 -3281
v -5117 27.1101 -3283
v -5117 27.3332 -3285
v -5117 27.5548 -3287
v -5117 27.775 -3289
v -5117 27.9938 -3291
v -5117 28.2111 -3293
v -5117 28.4269 -3295
v -5117 28.6412 -3297
v -5117 28.854 -3299
v -5117 29.0653 -3301
v -5117 29.275 -3303
v -5117 29.4832 -3305
v -5117 29.6897 -3307
v -5115 5.90321 -3117
v -5115 6.1647 -3119
v -5115 6.42695 -3121
v -5115 6.68991 -3123
v -5115 6.95352 -3125
v -5115 7.21774 -3127
v -5115 7.48259 -3129
v -5115 7.74799 -3131
v -5115 8.01393 -3133
v -5115 8.28032 -3135
v -5115 8.54721 -3137
v -5115 8.81453 -3139
v -5115 9.0822 -3141
v -5115 9.35027 -3143
v -5115 9.61867 -3145
v -5115 9.88736 -3147
v -5115 10.1563 -3149
v -5115 10.4255 -3151
v -5115 10.6949 -3153
v -5115 10.9644 -3155
v -5115 11.2341 -3157
v -5115 11.5039 -3159
v -5115 11.7737 -3161
v -5115 12.0436 -3163
v -5115 12.3135 -3165
v -5115 12.5835 -3167
v -5115 12.8533 -3169
v -5115 13.1231 -3171
v -5115 13.3928 -3173
v -5115 13.6623 -3175
v -5115 13.9317 -3177
v -5115 14.2008 -3179
v -5115 14.4698 -3181
v -5115 14.7385 -3183
v -5115 15.0069 -3185
v -5115 15.2751 -3187
v -5115 15.5429 -3189
v -5115 15.8103 -3191
v -5115 16.0773 -3193
v -5115 16.3439 -3195
v -5115 16.6101 -3197
v -5115 16.8758 -3199
v -5115 17.141 -3201
v -5115 17.4057 -3203
v -5115 17.6698 -3205
v -5115 17.9334 -3207
v -5115 18.1964 -3209
v -5115 18.4587 -3211
v -5115 18.7204 -3213
v -5115 18.9814 -3215
v -5115 19.2418 -3217
v -5115 19.5014 -3219
v -5115 19.7602 -3221
v -5115 20.0183 -3223
v -5115 20.2756 -3225
v -5115 20.532 -3227
v -5115 20.7876 -3229
v -5115 21.0424 -3231
v -5115 21.2962 -3233
v -5115 21.5492 -3235
v -5115 21.8012 -3237
v -5115 22.0522 -3239
v -5115 22.3023 -3241
v -5115 22.5514 -3243
v -5115 22.7995 -3245
v -5115 23.0465 -3247
v -5115 23.2924 -3249
v -5115 23.5373 -3251
v -5115 23.7811 -3253
v -5115 24.0237 -3255
v -5115 24.2652 -3257
v -5115 24.5055 -3259
v -5115 24.7447 -3261
v -5115 24.9826 -3263
v -5115 25.2193 -3265
v -5115 25.4548 -3267
v -5115 25.689 -3269
v -5115 25.9219 -3271
v -5115 26.1535 -3273
v -5115 26.3839 -3275
v -5115 26.6128 -3277
v -5115 26.8404 -3279
v -5115 27.0667 -3281
v -5115 27.2916 -3283
v -5115 27.515 -3285
v -5115 27.7371 -3287
v -5115 27.9577 -3289
v -5115 28.1768 -3291
v -5115 28.3945 -3293
v -5115 28.6107 -3295
v -5115 28.8254 -3297
v -5115 29.0385 -3299
v -5115 29.2501 -3301
v -5115 29.4602 -3303
v -5115 29.6688 -3305
v -5115 29.8757 -3307
v -5113 6.03736 -3117
v -5113 6.29947 -3119
v -5113 6.56234 -3121
v -5113 6.82591 -3123
v -5113 7.09015 -3125
v -5113 7.35499 -3127
v -5113 7.62046 -3129
v -5113 7.88648 -3131
v -5113 8.15303 -3133
v -5113 8.42005 -3135
v -5113 8.68755 -3137
v -5113 8.95549 -3139
v -5113 9.22378 -3141
v -5113 9.49246 -3143
v -5113 9.76148 -3145
v -5113 10.0308 -3147
v -5113 10.3003 -3149
v -5113 10.5701 -3151
v -5113 10.8401 -3153
v -5113 11.1103 -3155
v -5113 11.3806 -3157
v -5113 11.651 -3159
v -5113 11.9214 -3161
v -5113 12.1919 -3163
v -5113 12.4625 -3165
v -5113 12.733 -3167
v -5113 13.0034 -3169
v -5113 13.2738 -3171
v -5113 13.5441 -3173
v -5113 13.8142 -3175
v -5113 14.0842 -3177
v -5113 14.354 -3179
v -5113 14.6235 -3181
v -5113 14.8928 -3183
v -5113 15.1618 -3185
v -5113 15.4305 -3187
v -5113 15.6989 -3189
v -5113 15.9669 -3191
v -5113 16.2345 -3193
v -5113 16.5017 -3195
v -5113 16.7685 -3197
v -5113 17.0347 -3199
v -5113 17.3005 -3201
v -5113 17.5658 -3203
v -5113 17.8304 -3205
v -5113 18.0946 -3207
v -5113 18.3581 -3209
v -5113 18.621 -3211
v -5113 18.8832 -3213
v -5113 19.1448 -3215
v -5113 19.4056 -3217
v -5113 19.6658 -3219
v -5113 19.9251 -3221
v -5113 20.1838 -3223
v -5113 20.4416 -3225
v -5113 20.6985 -3227
v -5113 20.9547 -3229
v -5113 21.2099 -3231
v -5113 21.4643 -3233
v -5113 21.7177 -3235
v -5113 21.9703 -3237
v -5113 22.2218 -3239
v -5113 22.4724 -3241
v -5113 22.722 -3243
v -5113 22.9705 -3245
v -5113 23.218 -3247
v -5113 23.4644 -3249
v -5113 23.7098 -3251
v -5113 23.954 -3253
v -5113 24.1971 -3255
v -5113 24.4391 -3257
v -5113 24.6799 -3259
v -5113 24.9195 -3261
v -5113 25.1578 -3263
v -5113 25.395 -3265
v -5113 25.6309 -3267
v -5113 25.8656 -3269
v -5113 26.0989 -3271
v -5113 26.331 -3273
v -5113 26.5617 -3275
v -5113 26.7911 -3277
v -5113 27.0191 -3279
v -5113 27.2458 -3281
v -5113 27.471 -3283
v -5113 27.6949 -3285
v -5113 27.9173 -3287
v -5113 28.1383 -3289
v -5113 28.3578 -3291
v -5113 28.5759 -3293
v -5113 28.7924 -3295
v -5113 29.0075 -3297
v -5113 29.221 -3299
v -5113 29.433 -3301
v -5113 29.6435 -3303
v -5113 29.8523 -3305
v -5113 30.0596 -3307
v -5111 6.17027 -3117
v -5111 6.43299 -3119
v -5111 6.69647 -3121
v -5111 6.96065 -3123
v -5111 7.2255 -3125
v -5111 7.49095 -3127
v -5111 7.75702 -3129
v -5111 8.02366 -3131
v -5111 8.29082 -3133
v -5111 8.55844 -3135
v -5111 8.82656 -3137
v -5111 9.0951 -3139
v -5111 9.36401 -3141
v -5111 9.6333 -3143
v -5111 9.90292 -3145
v -5111 10.1728 -3147
v -5111 10.443 -3149
v -5111 10.7134 -3151
v -5111 10.984 -3153
v -5111 11.2547 -3155
v -5111 11.5256 -3157
v -5111 11.7966 -3159
v -5111 12.0677 -3161
v -5111 12.3388 -3163
v -5111 12.6099 -3165
v -5111 12.881 -3167
v -5111 13.1521 -3169
v -5111 13.423 -3171
v -5111 13.6939 -3173
v -5111 13.9646 -3175
v -5111 14.2352 -3177
v -5111 14.5055 -3179
v -5111 14.7757 -3181
v -5111 15.0456 -3183
v -5111 15.3151 -3185
v -5111 15.5844 -3187
v -5111 15.8534 -3189
v -5111 16.1219 -3191
v -5111 16.3901 -3193
v -5111 16.6579 -3195
v -5111 16.9252 -3197
v -5111 17.192 -3199
v -5111 17.4584 -3201
v -5111 17.7242 -3203
v -5111 17.9894 -3205
v -5111 18.2541 -3207
v -5111 18.5182 -3209
v -5111 18.7816 -3211
v -5111 19.0443 -3213
v -5111 19.3064 -3215
v -5111 19.5678 -3217
v -5111 19.8285 -3219
v -5111 20.0884 -3221
v -5111 20.3475 -3223
v -5111 20.6058 -3225
v -5111 20.8633 -3227
v -5111 21.12 -3229
v -5111 21.3757 -3231
v -5111 21.6306 -3233
v -5111 21.8846 -3235
v -5111 22.1376 -3237
v -5111 22.3896 -3239
v -5111 22.6407 -3241
v -5111 22.8907 -3243
v -5111 23.1398 -3245
v -5111 23.3878 -3247
v -5111 23.6346 -3249
v -5111 23.8805 -3251
v -5111 24.1252 -3253
v -5111 24.3687 -3255
v -5111 24.6111 -3257
v -5111 24.8524 -3259
v -5111 25.0924 -3261
v -5111 25.3312 -3263
v -5111 25.5688 -3265
v -5111 25.8052 -3267
v -5111 26.0402 -3269
v -5111 26.274 -3271
v -5111 26.5065 -3273
v -5111 26.7376 -3275
v -5111 26.9674 -3277
v -5111 27.1959 -3279
v -5111 27.4229 -3281
v -5111 27.6486 -3283
v -5111 27.8728 -3285
v -5111 28.0956 -3287
v -5111 28.317 -3289
v -5111 28.5369 -3291
v -5111 28.7553 -3293
v -5111 28.9723 -3295
v -5111 29.1877 -3297
v -5111 29.4015 -3299
v -5111 29.6139 -3301
v -5111 29.8247 -3303
v -5111 30.0339 -3305
v -5111 30.2415 -3307
v -5109 6.30186 -3117
v -5109 6.56517 -3119
v -5109 6.82925 -3121
v -5109 7.09403 -3123
v -5109 7.35948 -3125
v -5109 7.62553 -3127
v -5109 7.8922 -3129
v -5109 8.15944 -3131
v -5109 8.42721 -3133
v -5109 8.69543 -3135
v -5109 8.96415 -3137
v -5109 9.23329 -3139
v -5109 9.50279 -3141
v -5109 9.77268 -3143
v -5109 10.0429 -3145
v -5109 10.3134 -3147
v -5109 10.5842 -3149
v -5109 10.8552 -3151
v -5109 11.1264 -3153
v -5109 11.3977 -3155
v -5109 11.6692 -3157
v -5109 11.9408 -3159
v -5109 12.2124 -3161
v -5109 12.4841 -3163
v -5109 12.7558 -3165
v -5109 13.0275 -3167
v -5109 13.2992 -3169
v -5109 13.5707 -3171
v -5109 13.8422 -3173
v -5109 14.1135 -3175
v -5109 14.3846 -3177
v -5109 14.6555 -3179
v -5109 14.9262 -3181
v -5109 15.1967 -3183
v -5109 15.4668 -3185
v -5109 15.7367 -3187
v -5109 16.0062 -3189
v -5109 16.2753 -3191
v -5109 16.544 -3193
v -5109 16.8124 -3195
v -5109 17.0802 -3197
v -5109 17.3476 -3199
v -5109 17.6145 -3201
v -5109 17.8808 -3203
v -5109 18.1466 -3205
v -5109 18.4118 -3207
v -5109 18.6764 -3209
v -5109 18.9404 -3211
v -5109 19.2037 -3213
v -5109 19.4663 -3215
v -5109 19.7282 -3217
v -5109 19.9894 -3219
v -5109 20.2498 -3221
v -5109 20.5095 -3223
v -5109 20.7683 -3225
v -5109 21.0263 -3227
v -5109 21.2834 -3229
v -5109 21.5397 -3231
v -5109 21.7951 -3233
v -5109 22.0495 -3235
v -5109 22.303 -3237
v -5109 22.5556 -3239
v -5109 22.8071 -3241
v -5109 23.0576 -3243
v -5109 23.3071 -3245
v -5109 23.5556 -3247
v -5109 23.8029 -3249
v -5109 24.0492 -3251
v -5109 24.2944 -3253
v -5109 24.5384 -3255
v -5109 24.7812 -3257
v -5109 25.0229 -3259
v -5109 25.2634 -3261
v -5109 25.5026 -3263
v -5109 25.7406 -3265
v -5109 25.9774 -3267
v -5109 26.2129 -3269
v -5109 26.4471 -3271
v -5109 26.68 -3273
v -5109 26.9115 -3275
v -5109 27.1417 -3277
v -5109 27.3706 -3279
v -5109 27.598 -3281
v -5109 27.8241 -3283
v -5109 28.0487 -3285
v -5109 28.2719 -3287
v -5109 28.4936 -3289
v -5109 28.7139 -3291
v -5109 28.9327 -3293
v -5109 29.15 -3295
v -5109 29.3657 -3297
v -5109 29.58 -3299
v -5109 29.7927 -3301
v -5109 30.0038 -3303
v -5109 30.2133 -3305
v -5109 30.4213 -3307
v -5107 6.43212 -3117
v -5107 6.69602 -3119
v -5107 6.96069 -3121
v -5107 7.22607 -3123
v -5107 7.49211 -3125
v -5107 7.75874 -3127
v -5107 8.02601 -3129
v -5107 8.29384 -3131
v -5107 8.56219 -3133
v -5107 8.83101 -3135
v -5107 9.10032 -3137
v -5107 9.37005 -3139
v -5107 9.64014 -3141
v -5107 9.91062 -3143
v -5107 10.1814 -3145
v -5107 10.4525 -3147
v -5107 10.7239 -3149
v -5107 10.9954 -3151
v -5107 11.2672 -3153
v -5107 11.5391 -3155
v -5107 11.8112 -3157
v -5107 12.0834 -3159
v -5107 12.3556 -3161
v -5107 12.6279 -3163
v -5107 12.9002 -3165
v -5107 13.1725 -3167
v -5107 13.4447 -3169
v -5107 13.7168 -3171
v -5107 13.9888 -3173
v -5107 14.2607 -3175
v -5107 14.5324 -3177
v -5107 14.8039 -3179
v -5107 15.0751 -3181
v -5107 15.3462 -3183
v -5107 15.6168 -3185
v -5107 15.8873 -3187
v -5107 16.1573 -3189
v -5107 16.427 -3191
v -5107 16.6963 -3193
v -5107 16.9652 -3195
v -5107 17.2336 -3197
v -5107 17.5015 -3199
v -5107 17.7689 -3201
v -5107 18.0358 -3203
v -5107 18.3021 -3205
v -5107 18.5678 -3207
v -5107 18.833 -3209
v -5107 19.0975 -3211
v -5107 19.3613 -3213
v -5107 19.6244 -3215
v -5107 19.8869 -3217
v -5107 20.1486 -3219
v -5107 20.4095 -3221
v -5107 20.6696 -3223
v -5107 20.929 -3225
v -5107 21.1874 -3227
v -5107 21.4451 -3229
v -5107 21.7018 -3231
v -5107 21.9577 -3233
v -5107 22.2126 -3235
v -5107 22.4666 -3237
v -5107 22.7196 -3239
v -5107 22.9716 -3241
v -5107 23.2226 -3243
v -5107 23.4726 -3245
v -5107 23.7215 -3247
v -5107 23.9693 -3249
v -5107 24.216 -3251
v -5107 24.4616 -3253
v -5107 24.7061 -3255
v -5107 24.9494 -3257
v -5107 25.1915 -3259
v -5107 25.4324 -3261
v -5107 25.6721 -3263
v -5107 25.9105 -3265
v -5107 26.1477 -3267
v -5107 26.3836 -3269
v -5107 26.6182 -3271
v -5107 26.8515 -3273
v -5107 27.0834 -3275
v -5107 27.314 -3277
v -5107 27.5433 -3279
v -5107 27.7711 -3281
v -5107 27.9975 -3283
v -5107 28.2225 -3285
v -5107 28.4461 -3287
v -5107 28.6682 -3289
v -5107 28.8889 -3291
v -5107 29.108 -3293
v -5107 29.3256 -3295
v -5107 29.5417 -3297
v -5107 29.7563 -3299
v -5107 29.9693 -3301
v -5107 30.1808 -3303
v -5107 30.3907 -3305
v -5107 30.5989 -3307
v -5105 6.56107 -3117
v -5105 6.82555 -3119
v -5105 7.0908 -3121
v -5105 7.35676 -3123
v -5105 7.62338 -3125
v -5105 7.8906 -3127
v -5105 8.15845 -3129
v -5105 8.42686 -3131
v -5105 8.69579 -3133
v -5105 8.96519 -3135
v -5105 9.23508 -3137
v -5105 9.50539 -3139
v -5105 9.77606 -3141
v -5105 10.0471 -3143
v -5105 10.3185 -3145
v -5105 10.5902 -3147
v -5105 10.8621 -3149
v -5105 11.1343 -3151
v -5105 11.4066 -3153
v -5105 11.6791 -3155
v -5105 11.9518 -3157
v -5105 12.2245 -3159
v -5105 12.4973 -3161
v -5105 12.7702 -3163
v -5105 13.043 -3165
v -5105 13.3159 -3167
v -5105 13.5886 -3169
v -5105 13.8613 -3171
v -5105 14.1339 -3173
v -5105 14.4063 -3175
v -5105 14.6786 -3177
v -5105 14.9506 -3179
v -5105 15.2224 -3181
v -5105 15.494 -3183
v -5105 15.7653 -3185
v -5105 16.0362 -3187
v -5105 16.3068 -3189
v -5105 16.577 -3191
v -5105 16.8469 -3193
v -5105 17.1163 -3195
v -5105 17.3852 -3197
v -5105 17.6537 -3199
v -5105 17.9216 -3201
v -5105 18.189 -3203
v -5105 18.4559 -3205
v -5105 18.7221 -3207
v -5105 18.9878 -3209
v -5105 19.2528 -3211
v -5105 19.5171 -3213
v -5105 19.7808 -3215
v -5105 20.0437 -3217
v -5105 20.3059 -3219
v -5105 20.5673 -3221
v -5105 20.828 -3223
v -5105 21.0878 -3225
v -5105 21.3468 -3227
v -5105 21.6049 -3229
v -5105 21.8621 -3231
v -5105 22.1185 -3233
v -5105 22.3739 -3235
v -5105 22.6283 -3237
v -5105 22.8818 -3239
v -5105 23.1343 -3241
v -5105 23.3857 -3243
v -5105 23.6361 -3245
v -5105 23.8855 -3247
v -5105 24.1338 -3249
v -5105 24.3809 -3251
v -5105 24.627 -3253
v -5105 24.8719 -3255
v -5105 25.1156 -3257
v -5105 25.3581 -3259
v -5105 25.5995 -3261
v -5105 25.8395 -3263
v -5105 26.0784 -3265
v -5105 26.316 -3267
v -5105 26.5523 -3269
v -5105 26.7873 -3271
v -5105 27.021 -3273
v -5105 27.2534 -3275
v -5105 27.4843 -3277
v -5105 27.7139 -3279
v -5105 27.9422 -3281
v -5105 28.169 -3283
v -5105 28.3943 -3285
v -5105 28.6183 -3287
v -5105 28.8407 -3289
v -5105 29.0617 -3291
v -5105 29.2812 -3293
v -5105 29.4992 -3295
v -5105 29.7157 -3297
v -5105 29.9306 -3299
v -5105 30.1439 -3301
v -5105 30.3557 -3303
v -5105 30.5659 -3305
v -5105 30.7745 -3307
v -5103 6.68862 -3117
v -5103 6.95367 -3119
v -5103 7.2195 -3121
v -5103 7.48602 -3123
v -5103 7.75322 -3125
v -5103 8.02101 -3127
v -5103 8.28943 -3129
v -5103 8.55841 -3131
v -5103 8.82792 -3133
v -5103 9.09789 -3135
v -5103 9.36835 -3137
v -5103 9.63923 -3139
v -5103 9.91047 -3141
v -5103 10.1821 -3143
v -5103 10.4541 -3145
v -5103 10.7263 -3147
v -5103 10.9988 -3149
v -5103 11.2715 -3151
v -5103 11.5444 -3153
v -5103 11.8175 -3155
v -5103 12.0907 -3157
v -5103 12.364 -3159
v -5103 12.6374 -3161
v -5103 12.9108 -3163
v -5103 13.1842 -3165
v -5103 13.4576 -3167
v -5103 13.7309 -3169
v -5103 14.0042 -3171
v -5103 14.2773 -3173
v -5103 14.5503 -3175
v -5103 14.8231 -3177
v -5103 15.0957 -3179
v -5103 15.368 -3181
v -5103 15.6402 -3183
v -5103 15.9119 -3185
v -5103 16.1834 -3187
v -5103 16.4546 -3189
v -5103 16.7253 -3191
v -5103 16.9957 -3193
v -5103 17.2656 -3195
v -5103 17.5351 -3197
v -5103 17.8041 -3199
v -5103 18.0725 -3201
v -5103 18.3405 -3203
v -5103 18.6078 -3205
v -5103 18.8746 -3207
v -5103 19.1408 -3209
v -5103 19.4063 -3211
v -5103 19.6711 -3213
v -5103 19.9353 -3215
v -5103 20.1987 -3217
v -5103 20.4614 -3219
v -5103 20.7233 -3221
v -5103 20.9844 -3223
v -5103 21.2447 -3225
v -5103 21.5042 -3227
v -5103 21.7628 -3229
v -5103 22.0205 -3231
v -5103 22.2773 -3233
v -5103 22.5332 -3235
v -5103 22.7881 -3237
v -5103 23.042 -3239
v -5103 23.2949 -3241
v -5103 23.5468 -3243
v -5103 23.7977 -3245
v -5103 24.0475 -3247
v -5103 24.2962 -3249
v -5103 24.5438 -3251
v -5103 24.7903 -3253
v -5103 25.0356 -3255
v -5103 25.2798 -3257
v -5103 25.5227 -3259
v -5103 25.7645 -3261
v -5103 26.005 -3263
v -5103 26.2442 -3265
v -5103 26.4822 -3267
v -5103 26.719 -3269
v -5103 26.9543 -3271
v -5103 27.1884 -3273
v -5103 27.4212 -3275
v -5103 27.6525 -3277
v -5103 27.8825 -3279
v -5103 28.1111 -3281
v -5103 28.3383 -3283
v -5103 28.564 -3285
v -5103 28.7883 -3287
v -5103 29.0111 -3289
v -5103 29.2325 -3291
v -5103 29.4523 -3293
v -5103 29.6706 -3295
v -5103 29.8874 -3297
v -5103 30.1026 -3299
v -5103 30.3163 -3301
v -5103 30.5284 -3303
v -5103 30.739 -3305
v -5103 30.9479 -3307
v -5101 6.81478 -3117
v -5101 7.08039 -3119
v -5101 7.34678 -3121
v -5101 7.61387 -3123
v -5101 7.88162 -3125
v -5101 8.14998 -3127
v -5101 8.41896 -3129
v -5101 8.68851 -3131
v -5101 8.95858 -3133
v -5101 9.22911 -3135
v -5101 9.50013 -3137
v -5101 9.77157 -3139
v -5101 10.0434 -3141
v -5101 10.3156 -3143
v -5101 10.5881 -3145
v -5101 10.8609 -3147
v -5101 11.1339 -3149
v -5101 11.4072 -3151
v -5101 11.6807 -3153
v -5101 11.9543 -3155
v -5101 12.2281 -3157
v -5101 12.5019 -3159
v -5101 12.7759 -3161
v -5101 13.0498 -3163
v -5101 13.3238 -3165
v -5101 13.5977 -3167
v -5101 13.8716 -3169
v -5101 14.1454 -3171
v -5101 14.4191 -3173
v -5101 14.6926 -3175
v -5101 14.9659 -3177
v -5101 15.239 -3179
v -5101 15.512 -3181
v -5101 15.7846 -3183
v -5101 16.0569 -3185
v -5101 16.3289 -3187
v -5101 16.6006 -3189
v -5101 16.8719 -3191
v -5101 17.1428 -3193
v -5101 17.4132 -3195
v -5101 17.6832 -3197
v -5101 17.9527 -3199
v -5101 18.2217 -3201
v -5101 18.4901 -3203
v -5101 18.758 -3205
v -5101 19.0252 -3207
v -5101 19.2919 -3209
v -5101 19.5579 -3211
v -5101 19.8232 -3213
v -5101 20.0879 -3215
v -5101 20.3518 -3217
v -5101 20.615 -3219
v -5101 20.8774 -3221
v -5101 21.139 -3223
v -5101 21.3998 -3225
v -5101 21.6597 -3227
v -5101 21.9188 -3229
v -5101 22.1769 -3231
v -5101 22.4342 -3233
v -5101 22.6905 -3235
v -5101 22.9459 -3237
v -5101 23.2003 -3239
v -5101 23.4536 -3241
v -5101 23.706 -3243
v -5101 23.9573 -3245
v -5101 24.2076 -3247
v -5101 24.4567 -3249
v -5101 24.7047 -3251
v -5101 24.9516 -3253
v -5101 25.1974 -3255
v -5101 25.4419 -3257
v -5101 25.6853 -3259
v -5101 25.9274 -3261
v -5101 26.1683 -3263
v -5101 26.408 -3265
v -5101 26.6464 -3267
v -5101 26.8835 -3269
v -5101 27.1193 -3271
v -5101 27.3538 -3273
v -5101 27.5869 -3275
v -5101 27.8186 -3277
v -5101 28.049 -3279
v -5101 28.2779 -3281
v -5101 28.5055 -3283
v -5101 28.7315 -3285
v -5101 28.9562 -3287
v -5101 29.1793 -3289
v -5101 29.401 -3291
v -5101 29.6212 -3293
v -5101 29.8399 -3295
v -5101 30.057 -3297
v -5101 30.2725 -3299
v -5101 30.4866 -3301
v -5101 30.699 -3303
v -5101 30.9098 -3305
v -5101 31.119 -3307
v -5099 6.93953 -3117
v -5099 7.2057 -3119
v -5099 7.47263 -3121
v -5099 7.74027 -3123
v -5099 8.00858 -3125
v -5099 8.27749 -3127
v -5099 8.54702 -3129
v -5099 8.81712 -3131
v -5099 9.08775 -3133
v -5099 9.35883 -3135
v -5099 9.6304 -3137
v -5099 9.9024 -3139
v -5099 10.1748 -3141
v -5099 10.4475 -3143
v -5099 10.7206 -3145
v -5099 10.9939 -3147
v -5099 11.2675 -3149
v -5099 11.5413 -3151
v -5099 11.8154 -3153
v -5099 12.0895 -3155
v -5099 12.3638 -3157
v -5099 12.6382 -3159
v -5099 12.9127 -3161
v -5099 13.1872 -3163
v -5099 13.4617 -3165
v -5099 13.7362 -3167
v -5099 14.0106 -3169
v -5099 14.2849 -3171
v -5099 14.5591 -3173
v -5099 14.8332 -3175
v -5099 15.107 -3177
v -5099 15.3807 -3179
v -5099 15.6541 -3181
v -5099 15.9273 -3183
v -5099 16.2001 -3185
v -5099 16.4727 -3187
v -5099 16.7449 -3189
v -5099 17.0167 -3191
v -5099 17.2881 -3193
v -5099 17.559 -3195
v -5099 17.8295 -3197
v -5099 18.0995 -3199
v -5099 18.369 -3201
v -5099 18.6379 -3203
v -5099 18.9063 -3205
v -5099 19.1741 -3207
v -5099 19.4412 -3209
v -5099 19.7077 -3211
v -5099 19.9735 -3213
v -5099 20.2386 -3215
v -5099 20.503 -3217
v -5099 20.7667 -3219
v -5099 21.0295 -3221
v -5099 21.2916 -3223
v -5099 21.5529 -3225
v -5099 21.8133 -3227
v -5099 22.0728 -3229
v -5099 22.3314 -3231
v -5099 22.5892 -3233
v -5099 22.8459 -3235
v -5099 23.1017 -3237
v -5099 23.3566 -3239
v -5099 23.6104 -3241
v -5099 23.8632 -3243
v -5099 24.1149 -3245
v -5099 24.3656 -3247
v -5099 24.6151 -3249
v -5099 24.8636 -3251
v -5099 25.1109 -3253
v -5099 25.3571 -3255
v -5099 25.602 -3257
v -5099 25.8458 -3259
v -5099 26.0884 -3261
v -5099 26.3296 -3263
v -5099 26.5697 -3265
v -5099 26.8085 -3267
v -5099 27.046 -3269
v -5099 27.2821 -3271
v -5099 27.517 -3273
v -5099 27.7505 -3275
v -5099 27.9825 -3277
v -5099 28.2133 -3279
v -5099 28.4426 -3281
v -5099 28.6705 -3283
v -5099 28.8969 -3285
v -5099 29.1219 -3287
v -5099 29.3454 -3289
v -5099 29.5674 -3291
v -5099 29.7879 -3293
v -5099 30.0069 -3295
v -5099 30.2244 -3297
v -5099 30.4402 -3299
v -5099 30.6546 -3301
v -5099 30.8673 -3303
v -5099 31.0784 -3305
v -5099 31.2879 -3307
v -5097 7.06287 -3117
v -5097 7.32958 -3119
v -5097 7.59706 -3121
v -5097 7.86524 -3123
v -5097 8.13409 -3125
v -5097 8.40354 -3127
v -5097 8.67362 -3129
v -5097 8.94426 -3131
v -5097 9.21543 -3133
v -5097 9.48706 -3135
v -5097 9.75917 -3137
v -5097 10.0317 -3139
v -5097 10.3046 -3141
v -5097 10.5779 -3143
v -5097 10.8515 -3145
v -5097 11.1254 -3147
v -5097 11.3995 -3149
v -5097 11.6739 -3151
v -5097 11.9485 -3153
v -5097 12.2231 -3155
v -5097 12.498 -3157
v -5097 12.7729 -3159
v -5097 13.0479 -3161
v -5097 13.323 -3163
v -5097 13.598 -3165
v -5097 13.873 -3167
v -5097 14.148 -3169
v -5097 14.4228 -3171
v -5097 14.6975 -3173
v -5097 14.9721 -3175
v -5097 15.2465 -3177
v -5097 15.5207 -3179
v -5097 15.7946 -3181
v -5097 16.0683 -3183
v -5097 16.3416 -3185
v -5097 16.6147 -3187
v -5097 16.8874 -3189
v -5097 17.1597 -3191
v -5097 17.4316 -3193
v -5097 17.703 -3195
v -5097 17.974 -3197
v -5097 18.2445 -3199
v -5097 18.5145 -3201
v -5097 18.7839 -3203
v -5097 19.0528 -3205
v -5097 19.321 -3207
v -5097 19.5887 -3209
v -5097 19.8556 -3211
v -5097 20.1219 -3213
v -5097 20.3875 -3215
v -5097 20.6524 -3217
v -5097 20.9165 -3219
v -5097 21.1798 -3221
v -5097 21.4424 -3223
v -5097 21.7041 -3225
v -5097 21.9649 -3227
v -5097 22.2249 -3229
v -5097 22.484 -3231
v -5097 22.7422 -3233
v -5097 22.9994 -3235
v -5097 23.2556 -3237
v -5097 23.5109 -3239
v -5097 23.7651 -3241
v -5097 24.0183 -3243
v -5097 24.2705 -3245
v -5097 24.5216 -3247
v -5097 24.7716 -3249
v -5097 25.0204 -3251
v -5097 25.2681 -3253
v -5097 25.5147 -3255
v -5097 25.7601 -3257
v -5097 26.0042 -3259
v -5097 26.2472 -3261
v -5097 26.4889 -3263
v -5097 26.7293 -3265
v -5097 26.9685 -3267
v -5097 27.2064 -3269
v -5097 27.4429 -3271
v -5097 27.6781 -3273
v -5097 27.9119 -3275
v -5097 28.1444 -3277
v -5097 28.3755 -3279
v -5097 28.6051 -3281
v -5097 28.8334 -3283
v -5097 29.0601 -3285
v -5097 29.2855 -3287
v -5097 29.5093 -3289
v -5097 29.7317 -3291
v -5097 29.9525 -3293
v -5097 30.1718 -3295
v -5097 30.3896 -3297
v -5097 30.6058 -3299
v -5097 30.8204 -3301
v -5097 31.0334 -3303
v -5097 31.2449 -3305
v -5097 31.4546 -3307
v -5095 7.18472 -3117
v -5095 7.45196 -3119
v -5095 7.71998 -3121
v -5095 7.98869 -3123
v -5095 8.25808 -3125
v -5095 8.52806 -3127
v -5095 8.79867 -3129
v -5095 9.06985 -3131
v -5095 9.34155 -3133
v -5095 9.6137 -3135
v -5095 9.88635 -3137
v -5095 10.1594 -3139
v -5095 10.4329 -3141
v -5095 10.7067 -3143
v -5095 10.9808 -3145
v -5095 11.2552 -3147
v -5095 11.5299 -3149
v -5095 11.8048 -3151
v -5095 12.0799 -3153
v -5095 12.3551 -3155
v -5095 12.6305 -3157
v -5095 12.9059 -3159
v -5095 13.1815 -3161
v -5095 13.457 -3163
v -5095 13.7326 -3165
v -5095 14.0081 -3167
v -5095 14.2835 -3169
v -5095 14.5589 -3171
v -5095 14.8341 -3173
v -5095 15.1092 -3175
v -5095 15.3841 -3177
v -5095 15.6588 -3179
v -5095 15.9333 -3181
v -5095 16.2074 -3183
v -5095 16.4813 -3185
v -5095 16.7549 -3187
v -5095 17.0281 -3189
v -5095 17.3008 -3191
v -5095 17.5732 -3193
v -5095 17.8452 -3195
v -5095 18.1167 -3197
v -5095 18.3876 -3199
v -5095 18.6581 -3201
v -5095 18.928 -3203
v -5095 19.1973 -3205
v -5095 19.4661 -3207
v -5095 19.7342 -3209
v -5095 20.0016 -3211
v -5095 20.2684 -3213
v -5095 20.5344 -3215
v -5095 20.7998 -3217
v -5095 21.0644 -3219
v -5095 21.3281 -3221
v -5095 21.5911 -3223
v -5095 21.8533 -3225
v -5095 22.1146 -3227
v -5095 22.375 -3229
v -5095 22.6345 -3231
v -5095 22.8931 -3233
v -5095 23.1508 -3235
v -5095 23.4074 -3237
v -5095 23.6631 -3239
v -5095 23.9178 -3241
v -5095 24.1714 -3243
v -5095 24.424 -3245
v -5095 24.6755 -3247
v -5095 24.9259 -3249
v -5095 25.1751 -3251
v -5095 25.4233 -3253
v -5095 25.6702 -3255
v -5095 25.916 -3257
v -5095 26.1605 -3259
v -5095 26.4039 -3261
v -5095 26.6459 -3263
v -5095 26.8868 -3265
v -5095 27.1263 -3267
v -5095 27.3645 -3269
v -5095 27.6014 -3271
v -5095 27.837 -3273
v -5095 28.0712 -3275
v -5095 28.304 -3277
v -5095 28.5354 -3279
v -5095 28.7654 -3281
v -5095 28.994 -3283
v -5095 29.2211 -3285
v -5095 29.4468 -3287
v -5095 29.671 -3289
v -5095 29.8936 -3291
v -5095 30.1148 -3293
v -5095 30.3344 -3295
v -5095 30.5525 -3297
v -5095 30.769 -3299
v -5095 30.9839 -3301
v -5095 31.1972 -3303
v -5095 31.409 -3305
v -5095 31.619 -3307
v -5093 7.30509 -3117
v -5093 7.57286 -3119
v -5093 7.84139 -3121
v -5093 8.11063 -3123
v -5093 8.38054 -3125
v -5093 8.65104 -3127
v -5093 8.92218 -3129
v -5093 9.19388 -3131
v -5093 9.4661 -3133
v -5093 9.73878 -3135
v -5093 10.012 -3137
v -5093 10.2855 -3139
v -5093 10.5595 -3141
v -5093 10.8338 -3143
v -5093 11.1085 -3145
v -5093 11.3834 -3147
v -5093 11.6586 -3149
v -5093 11.934 -3151
v -5093 12.2096 -3153
v -5093 12.4854 -3155
v -5093 12.7613 -3157
v -5093 13.0372 -3159
v -5093 13.3133 -3161
v -5093 13.5893 -3163
v -5093 13.8654 -3165
v -5093 14.1414 -3167
v -5093 14.4174 -3169
v -5093 14.6932 -3171
v -5093 14.969 -3173
v -5093 15.2446 -3175
v -5093 15.52 -3177
v -5093 15.7952 -3179
v -5093 16.0701 -3181
v -5093 16.3448 -3183
v -5093 16.6192 -3185
v -5093 16.8932 -3187
v -5093 17.1669 -3189
v -5093 17.4401 -3191
v -5093 17.713 -3193
v -5093 17.9855 -3195
v -5093 18.2574 -3197
v -5093 18.5289 -3199
v -5093 18.7998 -3201
v -5093 19.0702 -3203
v -5093 19.34 -3205
v -5093 19.6092 -3207
v -5093 19.8778 -3209
v -5093 20.1457 -3211
v -5093 20.4129 -3213
v -5093 20.6794 -3215
v -5093 20.9452 -3217
v -5093 21.2102 -3219
v -5093 21.4744 -3221
v -5093 21.7379 -3223
v -5093 22.0005 -3225
v -5093 22.2622 -3227
v -5093 22.523 -3229
v -5093 22.783 -3231
v -5093 23.042 -3233
v -5093 23.3001 -3235
v -5093 23.5572 -3237
v -5093 23.8133 -3239
v -5093 24.0684 -3241
v -5093 24.3224 -3243
v -5093 24.5754 -3245
v -5093 24.8273 -3247
v -5093 25.0781 -3249
v -5093 25.3277 -3251
v -5093 25.5763 -3253
v -5093 25.8236 -3255
v -5093 26.0697 -3257
v -5093 26.3147 -3259
v -5093 26.5584 -3261
v -5093 26.8008 -3263
v -5093 27.042 -3265
v -5093 27.2819 -3267
v -5093 27.5205 -3269
v -5093 27.7578 -3271
v -5093 27.9937 -3273
v -5093 28.2283 -3275
v -5093 28.4614 -3277
v -5093 28.6932 -3279
v -5093 28.9235 -3281
v -5093 29.1524 -3283
v -5093 29.3799 -3285
v -5093 29.6058 -3287
v -5093 29.8303 -3289
v -5093 30.0533 -3291
v -5093 30.2748 -3293
v -5093 30.4947 -3295
v -5093 30.7131 -3297
v -5093 30.9299 -3299
v -5093 31.1451 -3301
v -5093 31.3587 -3303
v -5093 31.5707 -3305
v -5093 31.7811 -3307
v -5091 7.42398 -3117
v -5091 7.69226 -3119
v -5091 7.96131 -3121
v -5091 8.23106 -3123
v -5091 8.50148 -3125
v -5091 8.7725 -3127
v -5091 9.04415 -3129
v -5091 9.31636 -3131
v -5091 9.5891 -3133
v -5091 9.86229 -3135
v -5091 10.136 -3137
v -5091 10.4101 -3139
v -5091 10.6845 -3141
v -5091 10.9594 -3143
v -5091 11.2346 -3145
v -5091 11.51 -3147
v -5091 11.7857 -3149
v -5091 12.0616 -3151
v -5091 12.3377 -3153
v -5091 12.614 -3155
v -5091 12.8904 -3157
v -5091 13.1669 -3159
v -5091 13.4434 -3161
v -5091 13.7199 -3163
v -5091 13.9965 -3165
v -5091 14.2731 -3167
v -5091 14.5495 -3169
v -5091 14.8259 -3171
v -5091 15.1021 -3173
v -5091 15.3782 -3175
v -5091 15.6541 -3177
v -5091 15.9298 -3179
v -5091 16.2052 -3181
v -5091 16.4804 -3183
v -5091 16.7552 -3185
v -5091 17.0297 -3187
v -5091 17.3039 -3189
v -5091 17.5776 -3191
v -5091 17.851 -3193
v -5091 18.1239 -3195
v -5091 18.3963 -3197
v -5091 18.6682 -3199
v -5091 18.9396 -3201
v -5091 19.2105 -3203
v -5091 19.4807 -3205
v -5091 19.7504 -3207
v -5091 20.0194 -3209
v -5091 20.2878 -3211
v -5091 20.5554 -3213
v -5091 20.8224 -3215
v -5091 21.0886 -3217
v -5091 21.3541 -3219
v -5091 21.6188 -3221
v -5091 21.8826 -3223
v -5091 22.1457 -3225
v -5091 22.4078 -3227
v -5091 22.6691 -3229
v -5091 22.9295 -3231
v -5091 23.1889 -3233
v -5091 23.4474 -3235
v -5091 23.7049 -3237
v -5091 23.9614 -3239
v -5091 24.2169 -3241
v -5091 24.4713 -3243
v -5091 24.7247 -3245
v -5091 24.977 -3247
v -5091 25.2282 -3249
v -5091 25.4782 -3251
v -5091 25.7271 -3253
v -5091 25.9749 -3255
v -5091 26.2214 -3257
v -5091 26.4667 -3259
v -5091 26.7108 -3261
v -5091 26.9536 -3263
v -5091 27.1951 -3265
v -5091 27.4354 -3267
v -5091 27.6744 -3269
v -5091 27.9119 -3271
v -5091 28.1482 -3273
v -5091 28.3831 -3275
v -5091 28.6243 -3277
v -5091 28.8645 -3279
v -5091 29.0794 -3281
v -5091 29.3086 -3283
v -5091 29.5364 -3285
v -5091 29.7627 -3287
v -5091 29.9875 -3289
v -5091 30.2108 -3291
v -5091 30.4325 -3293
v -5091 30.6528 -3295
v -5091 30.8714 -3297
v -5091 31.0885 -3299
v -5091 31.304 -3301
v -5091 31.5179 -3303
v -5091 31.7302 -3305
v -5091 31.9409 -3307
v -5089 7.67116 -3117
v -5089 7.83189 -3119
v -5089 8.07965 -3121
v -5089 8.3499 -3123
v -5089 8.62083 -3125
v -5089 8.89235 -3127
v -5089 9.1645 -3129
v -5089 9.43721 -3131
v -5089 9.71045 -3133
v -5089 9.98415 -3135
v -5089 10.2583 -3137
v -5089 10.5329 -3139
v -5089 10.8079 -3141
v -5089 11.0833 -3143
v -5089 11.3589 -3145
v -5089 11.6349 -3147
v -5089 11.9111 -3149
v -5089 12.1875 -3151
v -5089 12.4641 -3153
v -5089 12.7408 -3155
v -5089 13.0177 -3157
v -5089 13.2947 -3159
v -5089 13.5717 -3161
v -5089 13.8488 -3163
v -5089 14.1258 -3165
v -5089 14.4029 -3167
v -5089 14.6798 -3169
v -5089 14.9566 -3171
v -5089 15.2334 -3173
v -5089 15.5099 -3175
v -5089 15.7863 -3177
v -5089 16.0625 -3179
v -5089 16.3384 -3181
v -5089 16.614 -3183
v -5089 16.8893 -3185
v -5089 17.1643 -3187
v -5089 17.439 -3189
v -5089 17.7132 -3191
v -5089 17.987 -3193
v -5089 18.2604 -3195
v -5089 18.5333 -3197
v -5089 18.8056 -3199
v -5089 19.0775 -3201
v -5089 19.3488 -3203
v -5089 19.6195 -3205
v -5089 19.8896 -3207
v -5089 20.1591 -3209
v -5089 20.4279 -3211
v -5089 20.696 -3213
v -5089 20.9634 -3215
v -5089 21.23 -3217
v -5089 21.4959 -3219
v -5089 21.761 -3221
v -5089 22.0253 -3223
v -5089 22.2888 -3225
v -5089 22.5513 -3227
v -5089 22.813 -3229
v -5089 23.0738 -3231
v -5089 23.3337 -3233
v -5089 23.5926 -3235
v -5089 23.8505 -3237
v -5089 24.1074 -3239
v -5089 24.3633 -3241
v -5089 24.6181 -3243
v -5089 24.8719 -3245
v -5089 25.1246 -3247
v -5089 25.3761 -3249
v -5089 25.6265 -3251
v -5089 25.8758 -3253
v -5089 26.1239 -3255
v -5089 26.3708 -3257
v -5089 26.6165 -3259
v -5089 26.8609 -3261
v -5089 27.1041 -3263
v -5089 27.346 -3265
v -5089 27.5866 -3267
v -5089 27.8259 -3269
v -5089 28.0638 -3271
v -5089 28.3004 -3273
v -5089 28.5475 -3275
v -5089 28.8356 -3277
v -5089 29.0926 -3279
v -5089 29.3165 -3281
v -5089 29.5031 -3283
v -5089 29.6905 -3285
v -5089 29.9171 -3287
v -5089 30.1423 -3289
v -5089 30.3659 -3291
v -5089 30.5879 -3293
v -5089 30.8084 -3295
v -5089 31.0274 -3297
v -5089 31.2448 -3299
v -5089 31.4606 -3301
v -5089 31.6747 -3303
v -5089 31.8873 -3305
v -5089 32.0982 -3307
v -5087 7.99826 -3117
v -5087 8.16174 -3119
v -5087 8.31453 -3121
v -5087 8.47108 -3123
v -5087 8.73857 -3125
v -5087 9.01059 -3127
v -5087 9.28323 -3129
v -5087 9.55644 -3131
v -5087 9.83017 -3133
v -5087 10.1044 -3135
v -5087 10.379 -3137
v -5087 10.6541 -3139
v -5087 10.9296 -3141
v -5087 11.2054 -3143
v -5087 11.4816 -3145
v -5087 11.758 -3147
v -5087 12.0347 -3149
v -5087 12.3116 -3151
v -5087 12.5887 -3153
v -5087 12.8659 -3155
v -5087 13.1433 -3157
v -5087 13.4208 -3159
v -5087 13.6983 -3161
v -5087 13.9758 -3163
v -5087 14.2534 -3165
v -5087 14.5309 -3167
v -5087 14.8083 -3169
v -5087 15.0856 -3171
v -5087 15.3628 -3173
v -5087 15.6398 -3175
v -5087 15.9167 -3177
v -5087 16.1933 -3179
v -5087 16.4697 -3181
v -5087 16.7458 -3183
v -5087 17.0216 -3185
v -5087 17.297 -3187
v -5087 17.5721 -3189
v -5087 17.8468 -3191
v -5087 18.1211 -3193
v -5087 18.3949 -3195
v -5087 18.6682 -3197
v -5087 18.941 -3199
v -5087 19.2133 -3201
v -5087 19.4851 -3203
v -5087 19.7562 -3205
v -5087 20.0268 -3207
v -5087 20.2967 -3209
v -5087 20.5659 -3211
v -5087 20.8344 -3213
v -5087 21.1023 -3215
v -5087 21.3694 -3217
v -5087 21.6357 -3219
v -5087 21.9012 -3221
v -5087 22.1659 -3223
v -5087 22.4298 -3225
v -5087 22.6927 -3227
v -5087 22.9549 -3229
v -5087 23.2161 -3231
v -5087 23.4763 -3233
v -5087 23.7356 -3235
v -5087 23.9939 -3237
v -5087 24.2512 -3239
v -5087 24.5075 -3241
v -5087 24.7627 -3243
v -5087 25.0168 -3245
v -5087 25.2699 -3247
v -5087 25.5218 -3249
v -5087 25.7726 -3251
v -5087 26.0223 -3253
v -5087 26.2707 -3255
v -5087 26.518 -3257
v -5087 26.764 -3259
v -5087 27.0088 -3261
v -5087 27.2523 -3263
v -5087 27.4946 -3265
v -5087 27.7355 -3267
v -5087 27.9752 -3269
v -5087 28.2134 -3271
v -5087 28.4504 -3273
v -5087 28.7549 -3275
v -5087 29.0706 -3277
v -5087 29.3458 -3279
v -5087 29.5795 -3281
v -5087 29.7755 -3283
v -5087 29.926 -3285
v -5087 30.0693 -3287
v -5087 30.2947 -3289
v -5087 30.5186 -3291
v -5087 30.7409 -3293
v -5087 30.9617 -3295
v -5087 31.181 -3297
v -5087 31.3986 -3299
v -5087 31.6147 -3301
v -5087 31.8292 -3303
v -5087 32.042 -3305
v -5087 32.2532 -3307
v -5085 8.36896 -3117
v -5085 8.52804 -3119
v -5085 8.66149 -3121
v -5085 8.79916 -3123
v -5085 8.94775 -3125
v -5085 9.12723 -3127
v -5085 9.40036 -3129
v -5085 9.67405 -3131
v -5085 9.94826 -3133
v -5085 10.2229 -3135
v -5085 10.4981 -3137
v -5085 10.7737 -3139
v -5085 11.0496 -3141
v -5085 11.3259 -3143
v -5085 11.6026 -3145
v -5085 11.8795 -3147
v -5085 12.1566 -3149
v -5085 12.434 -3151
v -5085 12.7116 -3153
v -5085 12.9893 -3155
v -5085 13.2672 -3157
v -5085 13.5451 -3159
v -5085 13.8231 -3161
v -5085 14.1011 -3163
v -5085 14.3791 -3165
v -5085 14.6571 -3167
v -5085 14.935 -3169
v -5085 15.2127 -3171
v -5085 15.4904 -3173
v -5085 15.7679 -3175
v -5085 16.0452 -3177
v -5085 16.3223 -3179
v -5085 16.5991 -3181
v -5085 16.8757 -3183
v -5085 17.1519 -3185
v -5085 17.4278 -3187
v -5085 17.7034 -3189
v -5085 17.9785 -3191
v -5085 18.2532 -3193
v -5085 18.5275 -3195
v -5085 18.8013 -3197
v -5085 19.0745 -3199
v -5085 19.3472 -3201
v -5085 19.6194 -3203
v -5085 19.891 -3205
v -5085 20.162 -3207
v -5085 20.4323 -3209
v -5085 20.702 -3211
v -5085 20.9709 -3213
v -5085 21.2392 -3215
v -5085 21.5067 -3217
v -5085 21.7734 -3219
v -5085 22.0393 -3221
v -5085 22.3044 -3223
v -5085 22.5687 -3225
v -5085 22.8321 -3227
v -5085 23.0946 -3229
v -5085 23.3562 -3231
v -5085 23.6168 -3233
v -5085 23.8765 -3235
v -5085 24.1352 -3237
v -5085 24.3929 -3239
v -5085 24.6495 -3241
v -5085 24.9051 -3243
v -5085 25.1597 -3245
v -5085 25.4131 -3247
v -5085 25.6654 -3249
v -5085 25.9165 -3251
v -5085 26.1665 -3253
v -5085 26.4154 -3255
v -5085 26.6629 -3257
v -5085 26.9093 -3259
v -5085 27.1545 -3261
v -5085 27.3983 -3263
v -5085 27.6409 -3265
v -5085 27.8822 -3267
v -5085 28.1222 -3269
v -5085 28.3608 -3271
v -5085 28.5988 -3273
v -5085 28.967 -3275
v -5085 29.3014 -3277
v -5085 29.5899 -3279
v -5085 29.83 -3281
v -5085 30.0287 -3283
v -5085 30.1901 -3285
v -5085 30.3195 -3287
v -5085 30.4448 -3289
v -5085 30.669 -3291
v -5085 30.8916 -3293
v -5085 31.1127 -3295
v -5085 31.3322 -3297
v -5085 31.5501 -3299
v -5085 31.7665 -3301
v -5085 31.9812 -3303
v -5085 32.1943 -3305
v -5085 32.4057 -3307
v -5083 8.80122 -3117
v -5083 8.9545 -3119
v -5083 9.0804 -3121
v -5083 9.21977 -3123
v -5083 9.36514 -3125
v -5083 9.48733 -3127
v -5083 9.59219 -3129
v -5083 9.78995 -3131
v -5083 10.0646 -3133
v -5083 10.3398 -3135
v -5083 10.6154 -3137
v -5083 10.8915 -3139
v -5083 11.1679 -3141
v -5083 11.4447 -3143
v -5083 11.7218 -3145
v -5083 11.9992 -3147
v -5083 12.2768 -3149
v -5083 12.5546 -3151
v -5083 12.8327 -3153
v -5083 13.1108 -3155
v -5083 13.3892 -3157
v -5083 13.6676 -3159
v -5083 13.946 -3161
v -5083 14.2245 -3163
v -5083 14.5029 -3165
v -5083 14.7888 -3167
v -5083 15.0677 -3169
v -5083 15.3379 -3171
v -5083 15.6161 -3173
v -5083 15.894 -3175
v -5083 16.1718 -3177
v -5083 16.4493 -3179
v -5083 16.7266 -3181
v -5083 17.0036 -3183
v -5083 17.2803 -3185
v -5083 17.5566 -3187
v -5083 17.8326 -3189
v -5083 18.1082 -3191
v -5083 18.3833 -3193
v -5083 18.658 -3195
v -5083 18.9322 -3197
v -5083 19.2059 -3199
v -5083 19.4791 -3201
v -5083 19.7517 -3203
v -5083 20.0237 -3205
v -5083 20.2951 -3207
v -5083 20.5658 -3209
v -5083 20.8359 -3211
v -5083 21.1052 -3213
v -5083 21.3739 -3215
v -5083 21.6418 -3217
v -5083 21.909 -3219
v -5083 22.1753 -3221
v -5083 22.4408 -3223
v -5083 22.7055 -3225
v -5083 22.9692 -3227
v -5083 23.2321 -3229
v -5083 23.4941 -3231
v -5083 23.7551 -3233
v -5083 24.0152 -3235
v -5083 24.2743 -3237
v -5083 24.5323 -3239
v -5083 24.7893 -3241
v -5083 25.0453 -3243
v -5083 25.3002 -3245
v -5083 25.554 -3247
v -5083 25.8066 -3249
v -5083 26.0581 -3251
v -5083 26.3085 -3253
v -5083 26.5577 -3255
v -5083 26.8056 -3257
v -5083 27.0523 -3259
v -5083 27.2978 -3261
v -5083 27.542 -3263
v -5083 27.7849 -3265
v -5083 28.0265 -3267
v -5083 28.2668 -3269
v -5083 28.5057 -3271
v -5083 28.79 -3273
v -5083 29.1711 -3275
v -5083 29.5152 -3277
v -5083 29.8108 -3279
v -5083 30.0506 -3281
v -5083 30.2464 -3283
v -5083 30.4155 -3285
v -5083 30.5706 -3287
v -5083 30.6959 -3289
v -5083 30.8169 -3291
v -5083 31.0398 -3293
v -5083 31.2612 -3295
v -5083 31.481 -3297
v -5083 31.6992 -3299
v -5083 31.9158 -3301
v -5083 32.1307 -3303
v -5083 32.3441 -3305
v -5083 32.5557 -3307
v -5081 9.32348 -3117
v -5081 9.48473 -3119
v -5081 9.62051 -3121
v -5081 9.78235 -3123
v -5081 9.93888 -3125
v -5081 10.0258 -3127
v -5081 10.0809 -3129
v -5081 10.1483 -3131
v -5081 10.2273 -3133
v -5081 10.4549 -3135
v -5081 10.731 -3137
v -5081 11.0075 -3139
v -5081 11.2844 -3141
v -5081 11.5616 -3143
v -5081 11.8392 -3145
v -5081 12.1171 -3147
v -5081 12.3951 -3149
v -5081 12.6734 -3151
v -5081 12.9519 -3153
v -5081 13.2306 -3155
v -5081 13.5093 -3157
v -5081 13.7882 -3159
v -5081 14.0958 -3161
v -5081 14.402 -3163
v -5081 14.692 -3165
v -5081 14.9646 -3167
v -5081 15.2239 -3169
v -5081 15.4781 -3171
v -5081 15.7398 -3173
v -5081 16.0182 -3175
v -5081 16.2964 -3177
v -5081 16.5744 -3179
v -5081 16.8521 -3181
v -5081 17.1296 -3183
v -5081 17.4067 -3185
v -5081 17.6834 -3187
v -5081 17.9598 -3189
v -5081 18.2358 -3191
v -5081 18.5114 -3193
v -5081 18.7865 -3195
v -5081 19.0612 -3197
v -5081 19.3353 -3199
v -5081 19.6089 -3201
v -5081 19.8819 -3203
v -5081 20.1543 -3205
v -5081 20.4261 -3207
v -5081 20.6972 -3209
v -5081 20.9677 -3211
v -5081 21.2375 -3213
v -5081 21.5065 -3215
v -5081 21.7748 -3217
v -5081 22.0424 -3219
v -5081 22.3091 -3221
v -5081 22.575 -3223
v -5081 22.84 -3225
v -5081 23.1042 -3227
v -5081 23.3675 -3229
v -5081 23.6298 -3231
v -5081 23.8912 -3233
v -5081 24.1516 -3235
v -5081 24.4111 -3237
v -5081 24.6695 -3239
v -5081 24.9269 -3241
v -5081 25.1832 -3243
v -5081 25.4385 -3245
v -5081 25.6926 -3247
v -5081 25.9456 -3249
v -5081 26.1975 -3251
v -5081 26.4482 -3253
v -5081 26.6977 -3255
v -5081 26.9459 -3257
v -5081 27.193 -3259
v -5081 27.4388 -3261
v -5081 27.6833 -3263
v -5081 27.9266 -3265
v -5081 28.1685 -3267
v -5081 28.4091 -3269
v -5081 28.6483 -3271
v -5081 28.9755 -3273
v -5081 29.3693 -3275
v -5081 29.7201 -3277
v -5081 30.0127 -3279
v -5081 30.2464 -3281
v -5081 30.4437 -3283
v -5081 30.6257 -3285
v -5081 30.8042 -3287
v -5081 30.9534 -3289
v -5081 31.0546 -3291
v -5081 31.1856 -3293
v -5081 31.4072 -3295
v -5081 31.6273 -3297
v -5081 31.8457 -3299
v -5081 32.0626 -3301
v -5081 32.2778 -3303
v -5081 32.4914 -3305
v -5081 32.7033 -3307
v -5079 9.98204 -3117
v -5079 10.0795 -3119
v -5079 10.145 -3121
v -5079 10.2297 -3123
v -5079 10.3295 -3125
v -5079 10.4147 -3127
v -5079 10.4948 -3129
v -5079 10.5803 -3131
v -5079 10.6755 -3133
v -5079 10.7759 -3135
v -5079 10.891 -3137
v -5079 11.1218 -3139
v -5079 11.3991 -3141
v -5079 11.6768 -3143
v -5079 11.9548 -3145
v -5079 12.2331 -3147
v -5079 12.5117 -3149
v -5079 12.7904 -3151
v -5079 13.0694 -3153
v -5079 13.3897 -3155
v -5079 13.741 -3157
v -5079 14.0635 -3159
v -5079 14.3597 -3161
v -5079 14.6378 -3163
v -5079 14.896 -3165
v -5079 15.1374 -3167
v -5079 15.371 -3169
v -5079 15.6099 -3171
v -5079 15.8616 -3173
v -5079 16.1405 -3175
v -5079 16.4191 -3177
v -5079 16.6975 -3179
v -5079 16.9756 -3181
v -5079 17.2535 -3183
v -5079 17.531 -3185
v -5079 17.8082 -3187
v -5079 18.0851 -3189
v -5079 18.3615 -3191
v -5079 18.6375 -3193
v -5079 18.913 -3195
v -5079 19.1881 -3197
v -5079 19.4626 -3199
v -5079 19.7366 -3201
v -5079 20.01 -3203
v -5079 20.2828 -3205
v -5079 20.555 -3207
v -5079 20.8265 -3209
v -5079 21.0974 -3211
v -5079 21.3676 -3213
v -5079 21.637 -3215
v -5079 21.9057 -3217
v -5079 22.1736 -3219
v -5079 22.4407 -3221
v -5079 22.707 -3223
v -5079 22.9724 -3225
v -5079 23.2369 -3227
v -5079 23.5006 -3229
v -5079 23.7633 -3231
v -5079 24.0251 -3233
v -5079 24.2859 -3235
v -5079 24.5457 -3237
v -5079 24.8045 -3239
v -5079 25.0622 -3241
v -5079 25.3189 -3243
v -5079 25.5745 -3245
v -5079 25.8289 -3247
v -5079 26.0823 -3249
v -5079 26.3345 -3251
v -5079 26.5855 -3253
v -5079 26.8353 -3255
v -5079 27.0839 -3257
v -5079 27.3313 -3259
v -5079 27.5774 -3261
v -5079 27.8223 -3263
v -5079 28.0658 -3265
v -5079 28.3081 -3267
v -5079 28.549 -3269
v -5079 28.7885 -3271
v -5079 29.1467 -3273
v -5079 29.548 -3275
v -5079 29.8947 -3277
v -5079 30.1803 -3279
v -5079 30.4145 -3281
v -5079 30.6212 -3283
v -5079 30.8209 -3285
v -5079 31.0204 -3287
v -5079 31.1885 -3289
v -5079 31.3041 -3291
v -5079 31.3848 -3293
v -5079 31.5508 -3295
v -5079 31.7711 -3297
v -5079 31.9898 -3299
v -5079 32.2069 -3301
v -5079 32.4223 -3303
v -5079 32.6362 -3305
v -5079 32.8483 -3307
v -5077 10.2326 -3117
v -5077 10.3533 -3119
v -5077 10.4344 -3121
v -5077 10.5193 -3123
v -5077 10.6178 -3125
v -5077 10.7195 -3127
v -5077 10.8342 -3129
v -5077 10.9418 -3131
v -5077 11.0438 -3133
v -5077 11.1481 -3135
v -5077 11.2721 -3137
v -5077 11.4307 -3139
v -5077 11.6166 -3141
v -5077 11.8196 -3143
v -5077 12.0687 -3145
v -5077 12.3474 -3147
v -5077 12.6533 -3149
v -5077 13.0432 -3151
v -5077 13.4296 -3153
v -5077 13.7854 -3155
v -5077 14.1048 -3157
v -5077 14.3849 -3159
v -5077 14.6421 -3161
v -5077 14.8811 -3163
v -5077 15.0943 -3165
v -5077 15.2984 -3167
v -5077 15.5061 -3169
v -5077 15.732 -3171
v -5077 15.9815 -3173
v -5077 16.2608 -3175
v -5077 16.5398 -3177
v -5077 16.8186 -3179
v -5077 17.0972 -3181
v -5077 17.3755 -3183
v -5077 17.6534 -3185
v -5077 17.931 -3187
v -5077 18.2083 -3189
v -5077 18.4851 -3191
v -5077 18.7615 -3193
v -5077 19.0374 -3195
v -5077 19.3129 -3197
v -5077 19.5878 -3199
v -5077 19.8622 -3201
v -5077 20.136 -3203
v -5077 20.4092 -3205
v -5077 20.6818 -3207
v -5077 20.9537 -3209
v -5077 21.225 -3211
v -5077 21.4955 -3213
v -5077 21.7653 -3215
v -5077 22.0344 -3217
v -5077 22.3027 -3219
v -5077 22.5702 -3221
v -5077 22.8368 -3223
v -5077 23.1026 -3225
v -5077 23.3675 -3227
v -5077 23.6315 -3229
v -5077 23.8946 -3231
v -5077 24.1567 -3233
v -5077 24.4179 -3235
v -5077 24.678 -3237
v -5077 24.9371 -3239
v -5077 25.1952 -3241
v -5077 25.4522 -3243
v -5077 25.7082 -3245
v -5077 25.963 -3247
v -5077 26.2166 -3249
v -5077 26.4692 -3251
v -5077 26.7205 -3253
v -5077 26.9707 -3255
v -5077 27.2196 -3257
v -5077 27.4673 -3259
v -5077 27.7137 -3261
v -5077 27.9589 -3263
v -5077 28.2027 -3265
v -5077 28.4453 -3267
v -5077 28.6865 -3269
v -5077 28.9263 -3271
v -5077 29.2941 -3273
v -5077 29.6945 -3275
v -5077 30.0363 -3277
v -5077 30.3273 -3279
v -5077 30.578 -3281
v -5077 30.795 -3283
v -5077 30.9996 -3285
v -5077 31.2047 -3287
v -5077 31.3859 -3289
v -5077 31.522 -3291
v -5077 31.6162 -3293
v -5077 31.6918 -3295
v -5077 31.9124 -3297
v -5077 32.1313 -3299
v -5077 32.3487 -3301
v -5077 32.5644 -3303
v -5077 32.7784 -3305
v -5077 32.9908 -3307
v -5075 10.3979 -3117
v -5075 10.5511 -3119
v -5075 10.6647 -3121
v -5075 10.7703 -3123
v -5075 10.8755 -3125
v -5075 10.98 -3127
v -5075 11.1012 -3129
v -5075 11.2121 -3131
v -5075 11.3091 -3133
v -5075 11.4101 -3135
v -5075 11.5419 -3137
v -5075 11.7236 -3139
v -5075 11.9487 -3141
v -5075 12.1836 -3143
v -5075 12.437 -3145
v -5075 12.7284 -3147
v -5075 13.0824 -3149
v -5075 13.5015 -3151
v -5075 13.8883 -3153
v -5075 14.2108 -3155
v -5075 14.4805 -3157
v -5075 14.7052 -3159
v -5075 14.9141 -3161
v -5075 15.1051 -3163
v -5075 15.2684 -3165
v -5075 15.4383 -3167
v -5075 15.6256 -3169
v -5075 15.8446 -3171
v -5075 16.0994 -3173
v -5075 16.379 -3175
v -5075 16.6585 -3177
v -5075 16.9377 -3179
v -5075 17.2167 -3181
v -5075 17.4954 -3183
v -5075 17.7737 -3185
v -5075 18.0517 -3187
v -5075 18.3294 -3189
v -5075 18.6066 -3191
v -5075 18.8834 -3193
v -5075 19.1597 -3195
v -5075 19.4355 -3197
v -5075 19.7108 -3199
v -5075 19.9856 -3201
v -5075 20.2598 -3203
v -5075 20.5334 -3205
v -5075 20.8064 -3207
v -5075 21.0787 -3209
v -5075 21.3503 -3211
v -5075 21.6212 -3213
v -5075 21.8914 -3215
v -5075 22.1609 -3217
v -5075 22.4295 -3219
v -5075 22.6973 -3221
v -5075 22.9644 -3223
v -5075 23.2305 -3225
v -5075 23.4958 -3227
v -5075 23.7601 -3229
v -5075 24.0236 -3231
v -5075 24.286 -3233
v -5075 24.5475 -3235
v -5075 24.808 -3237
v -5075 25.0675 -3239
v -5075 25.3259 -3241
v -5075 25.5832 -3243
v -5075 25.8395 -3245
v -5075 26.0946 -3247
v -5075 26.3486 -3249
v -5075 26.6015 -3251
v -5075 26.8531 -3253
v -5075 27.1036 -3255
v -5075 27.3528 -3257
v -5075 27.6008 -3259
v -5075 27.8476 -3261
v -5075 28.093 -3263
v -5075 28.3372 -3265
v -5075 28.58 -3267
v -5075 28.8215 -3269
v -5075 29.0616 -3271
v -5075 29.4127 -3273
v -5075 29.8116 -3275
v -5075 30.158 -3277
v -5075 30.4684 -3279
v -5075 30.745 -3281
v -5075 30.9699 -3283
v -5075 31.165 -3285
v -5075 31.3587 -3287
v -5075 31.5441 -3289
v -5075 31.6998 -3291
v -5075 31.8107 -3293
v -5075 31.8906 -3295
v -5075 32.0511 -3297
v -5075 32.2703 -3299
v -5075 32.4879 -3301
v -5075 32.7038 -3303
v -5075 32.9181 -3305
v -5075 33.1307 -3307
v -5073 10.5359 -3117
v -5073 10.7257 -3119
v -5073 10.8923 -3121
v -5073 11.0484 -3123
v -5073 11.1796 -3125
v -5073 11.2705 -3127
v -5073 11.3472 -3129
v -5073 11.4068 -3131
v -5073 11.4876 -3133
v -5073 11.5909 -3135
v -5073 11.724 -3137
v -5073 11.9134 -3139
v -5073 12.1727 -3141
v -5073 12.4628 -3143
v -5073 12.7686 -3145
v -5073 13.1029 -3147
v -5073 13.4932 -3149
v -5073 13.9391 -3151
v -5073 14.3254 -3153
v -5073 14.6209 -3155
v -5073 14.8459 -3157
v -5073 15.0116 -3159
v -5073 15.158 -3161
v -5073 15.2895 -3163
v -5073 15.4043 -3165
v -5073 15.5475 -3167
v -5073 15.7244 -3169
v -5073 15.9949 -3171
v -5073 16.2152 -3173
v -5073 16.4953 -3175
v -5073 16.7751 -3177
v -5073 17.0547 -3179
v -5073 17.3341 -3181
v -5073 17.6132 -3183
v -5073 17.8919 -3185
v -5073 18.1703 -3187
v -5073 18.4484 -3189
v -5073 18.7259 -3191
v -5073 19.0031 -3193
v -5073 19.2798 -3195
v -5073 19.5561 -3197
v -5073 19.8317 -3199
v -5073 20.1069 -3201
v -5073 20.3815 -3203
v -5073 20.6554 -3205
v -5073 20.9288 -3207
v -5073 21.2015 -3209
v -5073 21.4735 -3211
v -5073 21.7447 -3213
v -5073 22.0153 -3215
v -5073 22.2851 -3217
v -5073 22.5541 -3219
v -5073 22.8223 -3221
v -5073 23.0896 -3223
v -5073 23.3561 -3225
v -5073 23.6217 -3227
v -5073 23.8864 -3229
v -5073 24.1502 -3231
v -5073 24.413 -3233
v -5073 24.6748 -3235
v -5073 24.9357 -3237
v -5073 25.1955 -3239
v -5073 25.4542 -3241
v -5073 25.7119 -3243
v -5073 25.9684 -3245
v -5073 26.2239 -3247
v -5073 26.4782 -3249
v -5073 26.7314 -3251
v -5073 26.9833 -3253
v -5073 27.2341 -3255
v -5073 27.4836 -3257
v -5073 27.7319 -3259
v -5073 27.979 -3261
v -5073 28.2247 -3263
v -5073 28.4692 -3265
v -5073 28.7123 -3267
v -5073 28.9541 -3269
v -5073 29.1944 -3271
v -5073 29.5007 -3273
v -5073 29.9049 -3275
v -5073 30.2635 -3277
v -5073 30.5893 -3279
v -5073 30.8791 -3281
v -5073 31.1112 -3283
v -5073 31.3058 -3285
v -5073 31.4952 -3287
v -5073 31.6808 -3289
v -5073 31.8417 -3291
v -5073 31.9608 -3293
v -5073 32.0519 -3295
v -5073 32.1873 -3297
v -5073 32.4067 -3299
v -5073 32.6245 -3301
v -5073 32.8406 -3303
v -5073 33.0552 -3305
v -5073 33.268 -3307
v -5071 10.6804 -3117
v -5071 10.8466 -3119
v -5071 11.0045 -3121
v -5071 11.1808 -3123
v -5071 11.3834 -3125
v -5071 11.594 -3127
v -5071 11.6027 -3129
v -5071 11.5747 -3131
v -5071 11.5933 -3133
v -5071 11.7058 -3135
v -5071 11.8445 -3137
v -5071 12.026 -3139
v -5071 12.2803 -3141
v -5071 12.631 -3143
v -5071 13.0128 -3145
v -5071 13.4051 -3147
v -5071 13.8262 -3149
v -5071 14.2888 -3151
v -5071 14.6903 -3153
v -5071 14.9937 -3155
v -5071 15.1985 -3157
v -5071 15.3175 -3159
v -5071 15.3883 -3161
v -5071 15.4434 -3163
v -5071 15.5076 -3165
v -5071 15.6382 -3167
v -5071 15.8808 -3169
v -5071 16.1452 -3171
v -5071 16.329 -3173
v -5071 16.6095 -3175
v -5071 16.8897 -3177
v -5071 17.1697 -3179
v -5071 17.4495 -3181
v -5071 17.7289 -3183
v -5071 18.008 -3185
v -5071 18.2868 -3187
v -5071 18.5652 -3189
v -5071 18.8432 -3191
v -5071 19.1208 -3193
v -5071 19.3979 -3195
v -5071 19.6744 -3197
v -5071 19.9505 -3199
v -5071 20.226 -3201
v -5071 20.501 -3203
v -5071 20.7753 -3205
v -5071 21.049 -3207
v -5071 21.322 -3209
v -5071 21.5944 -3211
v -5071 21.866 -3213
v -5071 22.1369 -3215
v -5071 22.4071 -3217
v -5071 22.6764 -3219
v -5071 22.9449 -3221
v -5071 23.2126 -3223
v -5071 23.4795 -3225
v -5071 23.7454 -3227
v -5071 24.0104 -3229
v -5071 24.2745 -3231
v -5071 24.5377 -3233
v -5071 24.7998 -3235
v -5071 25.061 -3237
v -5071 25.3211 -3239
v -5071 25.5801 -3241
v -5071 25.8381 -3243
v -5071 26.095 -3245
v -5071 26.3508 -3247
v -5071 26.6054 -3249
v -5071 26.8589 -3251
v -5071 27.1111 -3253
v -5071 27.3622 -3255
v -5071 27.612 -3257
v -5071 27.8606 -3259
v -5071 28.1079 -3261
v -5071 28.354 -3263
v -5071 28.5987 -3265
v -5071 28.8421 -3267
v -5071 29.0841 -3269
v -5071 29.3248 -3271
v -5071 29.5641 -3273
v -5071 29.9601 -3275
v -5071 30.3301 -3277
v -5071 30.6615 -3279
v -5071 30.9494 -3281
v -5071 31.1916 -3283
v -5071 31.405 -3285
v -5071 31.6054 -3287
v -5071 31.7893 -3289
v -5071 31.9471 -3291
v -5071 32.0718 -3293
v -5071 32.1728 -3295
v -5071 32.3208 -3297
v -5071 32.5405 -3299
v -5071 32.7585 -3301
v -5071 32.9749 -3303
v -5071 33.1896 -3305
v -5071 33.4026 -3307
v -5069 10.6867 -3117
v -5069 10.8241 -3119
v -5069 10.9453 -3121
v -5069 11.0722 -3123
v -5069 11.2362 -3125
v -5069 11.4422 -3127
v -5069 11.6471 -3129
v -5069 11.8244 -3131
v -5069 11.7556 -3133
v -5069 11.8055 -3135
v -5069 11.9529 -3137
v -5069 12.1201 -3139
v -5069 12.3324 -3141
v -5069 12.7159 -3143
v -5069 13.1751 -3145
v -5069 13.6321 -3147
v -5069 14.0815 -3149
v -5069 14.5445 -3151
v -5069 14.9577 -3153
v -5069 15.2819 -3155
v -5069 15.4846 -3157
v -5069 15.5723 -3159
v -5069 15.5713 -3161
v -5069 15.5701 -3163
v -5069 15.6087 -3165
v -5069 15.7358 -3167
v -5069 16.073 -3169
v -5069 16.2669 -3171
v -5069 16.4407 -3173
v -5069 16.7216 -3175
v -5069 17.0022 -3177
v -5069 17.2826 -3179
v -5069 17.5627 -3181
v -5069 17.8425 -3183
v -5069 18.122 -3185
v -5069 18.4012 -3187
v -5069 18.6799 -3189
v -5069 18.9583 -3191
v -5069 19.2362 -3193
v -5069 19.5136 -3195
v -5069 19.7906 -3197
v -5069 20.067 -3199
v -5069 20.3429 -3201
v -5069 20.6182 -3203
v -5069 20.8928 -3205
v -5069 21.1669 -3207
v -5069 21.4403 -3209
v -5069 21.713 -3211
v -5069 21.985 -3213
v -5069 22.2562 -3215
v -5069 22.5267 -3217
v -5069 22.7964 -3219
v -5069 23.0652 -3221
v -5069 23.3333 -3223
v -5069 23.6004 -3225
v -5069 23.8667 -3227
v -5069 24.1321 -3229
v -5069 24.3965 -3231
v -5069 24.66 -3233
v -5069 24.9224 -3235
v -5069 25.1839 -3237
v -5069 25.4443 -3239
v -5069 25.7036 -3241
v -5069 25.9619 -3243
v -5069 26.2191 -3245
v -5069 26.4752 -3247
v -5069 26.7301 -3249
v -5069 26.9839 -3251
v -5069 27.2364 -3253
v -5069 27.4878 -3255
v -5069 27.7379 -3257
v -5069 27.9868 -3259
v -5069 28.2344 -3261
v -5069 28.4807 -3263
v -5069 28.7257 -3265
v -5069 28.9693 -3267
v -5069 29.2116 -3269
v -5069 29.4526 -3271
v -5069 29.6921 -3273
v -5069 29.971 -3275
v -5069 30.3446 -3277
v -5069 30.6783 -3279
v -5069 30.9645 -3281
v -5069 31.2167 -3283
v -5069 31.4472 -3285
v -5069 31.6578 -3287
v -5069 31.8413 -3289
v -5069 32.0004 -3291
v -5069 32.1348 -3293
v -5069 32.2462 -3295
v -5069 32.4517 -3297
v -5069 32.6716 -3299
v -5069 32.8898 -3301
v -5069 33.1064 -3303
v -5069 33.3213 -3305
v -5069 33.5346 -3307
v -5067 10.7066 -3117
v -5067 10.8323 -3119
v -5067 10.9415 -3121
v -5067 11.0468 -3123
v -5067 11.1753 -3125
v -5067 11.3342 -3127
v -5067 11.5167 -3129
v -5067 11.7371 -3131
v -5067 12.0264 -3133
v -5067 11.9608 -3135
v -5067 12.0487 -3137
v -5067 12.2096 -3139
v -5067 12.3905 -3141
v -5067 12.7415 -3143
v -5067 13.2533 -3145
v -5067 13.7767 -3147
v -5067 14.2676 -3149
v -5067 14.7271 -3151
v -5067 15.1312 -3153
v -5067 15.4563 -3155
v -5067 15.6564 -3157
v -5067 15.7423 -3159
v -5067 15.7235 -3161
v -5067 15.6846 -3163
v -5067 15.7036 -3165
v -5067 15.8665 -3167
v -5067 16.227 -3169
v -5067 16.3611 -3171
v -5067 16.5503 -3173
v -5067 16.8315 -3175
v -5067 17.1125 -3177
v -5067 17.3933 -3179
v -5067 17.6738 -3181
v -5067 17.954 -3183
v -5067 18.2338 -3185
v -5067 18.5133 -3187
v -5067 18.7924 -3189
v -5067 19.0711 -3191
v -5067 19.3494 -3193
v -5067 19.6272 -3195
v -5067 19.9045 -3197
v -5067 20.1813 -3199
v -5067 20.4575 -3201
v -5067 20.7331 -3203
v -5067 21.0081 -3205
v -5067 21.2825 -3207
v -5067 21.5563 -3209
v -5067 21.8293 -3211
v -5067 22.1016 -3213
v -5067 22.3732 -3215
v -5067 22.644 -3217
v -5067 22.914 -3219
v -5067 23.1832 -3221
v -5067 23.4516 -3223
v -5067 23.719 -3225
v -5067 23.9856 -3227
v -5067 24.2513 -3229
v -5067 24.516 -3231
v -5067 24.7798 -3233
v -5067 25.0426 -3235
v -5067 25.3043 -3237
v -5067 25.5651 -3239
v -5067 25.8247 -3241
v -5067 26.0833 -3243
v -5067 26.3408 -3245
v -5067 26.5971 -3247
v -5067 26.8523 -3249
v -5067 27.1064 -3251
v -5067 27.3592 -3253
v -5067 27.6109 -3255
v -5067 27.8612 -3257
v -5067 28.1104 -3259
v -5067 28.3583 -3261
v -5067 28.6048 -3263
v -5067 28.8501 -3265
v -5067 29.094 -3267
v -5067 29.3366 -3269
v -5067 29.5778 -3271
v -5067 29.8176 -3273
v -5067 30.056 -3275
v -5067 30.3023 -3277
v -5067 30.6391 -3279
v -5067 30.9336 -3281
v -5067 31.1954 -3283
v -5067 31.4328 -3285
v -5067 31.6466 -3287
v -5067 31.8341 -3289
v -5067 32.0003 -3291
v -5067 32.144 -3293
v -5067 32.3583 -3295
v -5067 32.58 -3297
v -5067 32.8 -3299
v -5067 33.0185 -3301
v -5067 33.2352 -3303
v -5067 33.4504 -3305
v -5067 33.6638 -3307
v -5065 10.666 -3117
v -5065 10.7687 -3119
v -5065 10.8815 -3121
v -5065 11.0056 -3123
v -5065 11.1473 -3125
v -5065 11.2948 -3127
v -5065 11.4298 -3129
v -5065 11.6171 -3131
v -5065 11.9137 -3133
v -5065 12.1766 -3135
v -5065 12.086 -3137
v -5065 12.2483 -3139
v -5065 12.4382 -3141
v -5065 12.7156 -3143
v -5065 13.2335 -3145
v -5065 13.8118 -3147
v -5065 14.3602 -3149
v -5065 14.8468 -3151
v -5065 15.2505 -3153
v -5065 15.5596 -3155
v -5065 15.7586 -3157
v -5065 15.8327 -3159
v -5065 15.8029 -3161
v -5065 15.7674 -3163
v -5065 15.8038 -3165
v -5065 16.0085 -3167
v -5065 16.3467 -3169
v -5065 16.4395 -3171
v -5065 16.6578 -3173
v -5065 16.9394 -3175
v -5065 17.2207 -3177
v -5065 17.5018 -3179
v -5065 17.7827 -3181
v -5065 18.0632 -3183
v -5065 18.3434 -3185
v -5065 18.6233 -3187
v -5065 18.9028 -3189
v -5065 19.1818 -3191
v -5065 19.4604 -3193
v -5065 19.7386 -3195
v -5065 20.0162 -3197
v -5065 20.2933 -3199
v -5065 20.5699 -3201
v -5065 20.8458 -3203
v -5065 21.1212 -3205
v -5065 21.3959 -3207
v -5065 21.67 -3209
v -5065 21.9433 -3211
v -5065 22.2159 -3213
v -5065 22.4878 -3215
v -5065 22.759 -3217
v -5065 23.0293 -3219
v -5065 23.2988 -3221
v -5065 23.5675 -3223
v -5065 23.8353 -3225
v -5065 24.1021 -3227
v -5065 24.3681 -3229
v -5065 24.6332 -3231
v -5065 24.8972 -3233
v -5065 25.1603 -3235
v -5065 25.4224 -3237
v -5065 25.6834 -3239
v -5065 25.9433 -3241
v -5065 26.2022 -3243
v -5065 26.46 -3245
v -5065 26.7166 -3247
v -5065 26.9721 -3249
v -5065 27.2264 -3251
v -5065 27.4795 -3253
v -5065 27.7314 -3255
v -5065 27.9821 -3257
v -5065 28.2315 -3259
v -5065 28.4796 -3261
v -5065 28.7264 -3263
v -5065 28.9719 -3265
v -5065 29.2161 -3267
v -5065 29.459 -3269
v -5065 29.7004 -3271
v -5065 29.9404 -3273
v -5065 30.1791 -3275
v -5065 30.4163 -3277
v -5065 30.652 -3279
v -5065 30.8863 -3281
v -5065 31.1222 -3283
v -5065 31.366 -3285
v -5065 31.5849 -3287
v -5065 31.8083 -3289
v -5065 32.035 -3291
v -5065 32.2601 -3293
v -5065 32.4836 -3295
v -5065 32.7055 -3297
v -5065 32.9258 -3299
v -5065 33.1444 -3301
v -5065 33.3614 -3303
v -5065 33.5767 -3305
v -5065 33.7903 -3307
v -5063 10.6288 -3117
v -5063 10.6984 -3119
v -5063 10.8038 -3121
v -5063 10.933 -3123
v -5063 11.0712 -3125
v -5063 11.1953 -3127
v -5063 11.3168 -3129
v -5063 11.469 -3131
v -5063 11.7462 -3133
v -5063 12.1719 -3135
v -5063 12.1657 -3137
v -5063 12.2218 -3139
v -5063 12.433 -3141
v -5063 12.6785 -3143
v -5063 13.1331 -3145
v -5063 13.7278 -3147
v -5063 14.3221 -3149
v -5063 14.8706 -3151
v -5063 15.3222 -3153
v -5063 15.6659 -3155
v -5063 15.854 -3157
v -5063 15.8978 -3159
v -5063 15.8751 -3161
v -5063 15.8677 -3163
v -5063 15.9381 -3165
v -5063 16.1372 -3167
v -5063 16.4481 -3169
v -5063 16.5091 -3171
v -5063 16.7631 -3173
v -5063 17.0451 -3175
v -5063 17.3267 -3177
v -5063 17.6082 -3179
v -5063 17.8894 -3181
v -5063 18.1703 -3183
v -5063 18.4508 -3185
v -5063 18.731 -3187
v -5063 19.0108 -3189
v -5063 19.2902 -3191
v -5063 19.5691 -3193
v -5063 19.8476 -3195
v -5063 20.1256 -3197
v -5063 20.403 -3199
v -5063 20.6799 -3201
v -5063 20.9562 -3203
v -5063 21.2318 -3205
v -5063 21.5069 -3207
v -5063 21.7813 -3209
v -5063 22.055 -3211
v -5063 22.3279 -3213
v -5063 22.6001 -3215
v -5063 22.8715 -3217
v -5063 23.1422 -3219
v -5063 23.412 -3221
v -5063 23.681 -3223
v -5063 23.9491 -3225
v -5063 24.2162 -3227
v -5063 24.4825 -3229
v -5063 24.7478 -3231
v -5063 25.0122 -3233
v -5063 25.2755 -3235
v -5063 25.5379 -3237
v -5063 25.7992 -3239
v -5063 26.0594 -3241
v -5063 26.3186 -3243
v -5063 26.5766 -3245
v -5063 26.8335 -3247
v -5063 27.0892 -3249
v -5063 27.3438 -3251
v -5063 27.5972 -3253
v -5063 27.8494 -3255
v -5063 28.1003 -3257
v -5063 28.35 -3259
v -5063 28.5984 -3261
v -5063 28.8454 -3263
v -5063 29.0912 -3265
v -5063 29.3356 -3267
v -5063 29.5787 -3269
v -5063 29.8203 -3271
v -5063 30.0606 -3273
v -5063 30.2995 -3275
v -5063 30.5369 -3277
v -5063 30.7729 -3279
v -5063 31.0074 -3281
v -5063 31.2404 -3283
v -5063 31.4719 -3285
v -5063 31.7019 -3287
v -5063 31.9303 -3289
v -5063 32.1572 -3291
v -5063 32.3825 -3293
v -5063 32.6062 -3295
v -5063 32.8283 -3297
v -5063 33.0487 -3299
v -5063 33.2676 -3301
v -5063 33.4847 -3303
v -5063 33.7003 -3305
v -5063 33.9141 -3307
v -5061 10.6087 -3117
v -5061 10.6505 -3119
v -5061 10.7362 -3121
v -5061 10.8508 -3123
v -5061 10.9713 -3125
v -5061 11.0726 -3127
v -5061 11.1824 -3129
v -5061 11.347 -3131
v -5061 11.5981 -3133
v -5061 12.0106 -3135
v -5061 12.3645 -3137
v -5061 12.1658 -3139
v -5061 12.3894 -3141
v -5061 12.66 -3143
v -5061 12.9947 -3145
v -5061 13.5543 -3147
v -5061 14.1729 -3149
v -5061 14.7919 -3151
v -5061 15.3358 -3153
v -5061 15.7544 -3155
v -5061 15.928 -3157
v -5061 15.9758 -3159
v -5061 15.9954 -3161
v -5061 16.0268 -3163
v -5061 16.1101 -3165
v -5061 16.2481 -3167
v -5061 16.5271 -3169
v -5061 16.5839 -3171
v -5061 16.8663 -3173
v -5061 17.1485 -3175
v -5061 17.4305 -3177
v -5061 17.7123 -3179
v -5061 17.9938 -3181
v -5061 18.2751 -3183
v -5061 18.5559 -3185
v -5061 18.8365 -3187
v -5061 19.1166 -3189
v -5061 19.3963 -3191
v -5061 19.6756 -3193
v -5061 19.9544 -3195
v -5061 20.2327 -3197
v -5061 20.5104 -3199
v -5061 20.7876 -3201
v -5061 21.0642 -3203
v -5061 21.3402 -3205
v -5061 21.6155 -3207
v -5061 21.8902 -3209
v -5061 22.1642 -3211
v -5061 22.4374 -3213
v -5061 22.7099 -3215
v -5061 22.9817 -3217
v -5061 23.2526 -3219
v -5061 23.5227 -3221
v -5061 23.792 -3223
v -5061 24.0604 -3225
v -5061 24.3278 -3227
v -5061 24.5944 -3229
v -5061 24.86 -3231
v -5061 25.1247 -3233
v -5061 25.3883 -3235
v -5061 25.6509 -3237
v -5061 25.9125 -3239
v -5061 26.1729 -3241
v -5061 26.4324 -3243
v -5061 26.6907 -3245
v -5061 26.9479 -3247
v -5061 27.2039 -3249
v -5061 27.4587 -3251
v -5061 27.7123 -3253
v -5061 27.9648 -3255
v -5061 28.2159 -3257
v -5061 28.4658 -3259
v -5061 28.7145 -3261
v -5061 28.9618 -3263
v -5061 29.2078 -3265
v -5061 29.4524 -3267
v -5061 29.6957 -3269
v -5061 29.9376 -3271
v -5061 30.1781 -3273
v -5061 30.4172 -3275
v -5061 30.6549 -3277
v -5061 30.8911 -3279
v -5061 31.1258 -3281
v -5061 31.359 -3283
v -5061 31.5907 -3285
v -5061 31.8209 -3287
v -5061 32.0495 -3289
v -5061 32.2766 -3291
v -5061 32.5021 -3293
v -5061 32.726 -3295
v -5061 32.9483 -3297
v -5061 33.1689 -3299
v -5061 33.388 -3301
v -5061 33.6053 -3303
v -5061 33.821 -3305
v -5061 34.035 -3307
v -5059 10.5744 -3117
v -5059 10.6003 -3119
v -5059 10.6669 -3121
v -5059 10.7646 -3123
v -5059 10.8727 -3125
v -5059 10.9701 -3127
v -5059 11.0848 -3129
v -5059 11.2647 -3131
v -5059 11.5156 -3133
v -5059 11.9281 -3135
v -5059 12.5564 -3137
v -5059 12.2528 -3139
v -5059 12.3628 -3141
v -5059 12.65 -3143
v -5059 12.9072 -3145
v -5059 13.3765 -3147
v -5059 13.992 -3149
v -5059 14.6439 -3151
v -5059 15.2863 -3153
v -5059 15.7428 -3155
v -5059 15.9435 -3157
v -5059 16.048 -3159
v -5059 16.1325 -3161
v -5059 16.1963 -3163
v -5059 16.2679 -3165
v -5059 16.3682 -3167
v -5059 16.5828 -3169
v -5059 16.6845 -3171
v -5059 16.9672 -3173
v -5059 17.2498 -3175
v -5059 17.5321 -3177
v -5059 17.8142 -3179
v -5059 18.0961 -3181
v -5059 18.3776 -3183
v -5059 18.6588 -3185
v -5059 18.9397 -3187
v -5059 19.2201 -3189
v -5059 19.5001 -3191
v -5059 19.7797 -3193
v -5059 20.0588 -3195
v -5059 20.3374 -3197
v -5059 20.6154 -3199
v -5059 20.893 -3201
v -5059 21.1699 -3203
v -5059 21.4461 -3205
v -5059 21.7218 -3207
v -5059 21.9968 -3209
v -5059 22.2711 -3211
v -5059 22.5446 -3213
v -5059 22.8174 -3215
v -5059 23.0894 -3217
v -5059 23.3606 -3219
v -5059 23.631 -3221
v -5059 23.9006 -3223
v -5059 24.1692 -3225
v -5059 24.437 -3227
v -5059 24.7038 -3229
v -5059 24.9697 -3231
v -5059 25.2346 -3233
v -5059 25.4985 -3235
v -5059 25.7614 -3237
v -5059 26.0232 -3239
v -5059 26.284 -3241
v -5059 26.5436 -3243
v -5059 26.8022 -3245
v -5059 27.0596 -3247
v -5059 27.3159 -3249
v -5059 27.571 -3251
v -5059 27.8249 -3253
v -5059 28.0775 -3255
v -5059 28.3289 -3257
v -5059 28.5791 -3259
v -5059 28.8279 -3261
v -5059 29.0755 -3263
v -5059 29.3217 -3265
v -5059 29.5666 -3267
v -5059 29.8101 -3269
v -5059 30.0522 -3271
v -5059 30.293 -3273
v -5059 30.5323 -3275
v -5059 30.7701 -3277
v -5059 31.0065 -3279
v -5059 31.2415 -3281
v -5059 31.4749 -3283
v -5059 31.7068 -3285
v -5059 31.9372 -3287
v -5059 32.166 -3289
v -5059 32.3933 -3291
v -5059 32.619 -3293
v -5059 32.8431 -3295
v -5059 33.0655 -3297
v -5059 33.2864 -3299
v -5059 33.5056 -3301
v -5059 33.7231 -3303
v -5059 33.9389 -3305
v -5059 34.1531 -3307
v -5057 10.5314 -3117
v -5057 10.5455 -3119
v -5057 10.6007 -3121
v -5057 10.6883 -3123
v -5057 10.7943 -3125
v -5057 10.902 -3127
v -5057 11.0267 -3129
v -5057 11.2136 -3131
v -5057 11.4748 -3133
v -5057 11.9402 -3135
v -5057 12.6687 -3137
v -5057 12.5435 -3139
v -5057 12.3884 -3141
v -5057 12.6678 -3143
v -5057 12.92 -3145
v -5057 13.2683 -3147
v -5057 13.8593 -3149
v -5057 14.5078 -3151
v -5057 15.2078 -3153
v -5057 15.6602 -3155
v -5057 15.8985 -3157
v -5057 16.0579 -3159
v -5057 16.1931 -3161
v -5057 16.2861 -3163
v -5057 16.3549 -3165
v -5057 16.4479 -3167
v -5057 16.6238 -3169
v -5057 16.7828 -3171
v -5057 17.0659 -3173
v -5057 17.3488 -3175
v -5057 17.6314 -3177
v -5057 17.9139 -3179
v -5057 18.196 -3181
v -5057 18.4779 -3183
v -5057 18.7594 -3185
v -5057 19.0405 -3187
v -5057 19.3213 -3189
v -5057 19.6016 -3191
v -5057 19.8815 -3193
v -5057 20.1609 -3195
v -5057 20.4398 -3197
v -5057 20.7181 -3199
v -5057 20.9959 -3201
v -5057 21.2731 -3203
v -5057 21.5497 -3205
v -5057 21.8256 -3207
v -5057 22.1009 -3209
v -5057 22.3754 -3211
v -5057 22.6492 -3213
v -5057 22.9223 -3215
v -5057 23.1946 -3217
v -5057 23.4662 -3219
v -5057 23.7368 -3221
v -5057 24.0066 -3223
v -5057 24.2756 -3225
v -5057 24.5436 -3227
v -5057 24.8107 -3229
v -5057 25.0768 -3231
v -5057 25.342 -3233
v -5057 25.6061 -3235
v -5057 25.8693 -3237
v -5057 26.1314 -3239
v -5057 26.3924 -3241
v -5057 26.6523 -3243
v -5057 26.9111 -3245
v -5057 27.1688 -3247
v -5057 27.4253 -3249
v -5057 27.6806 -3251
v -5057 27.9347 -3253
v -5057 28.1876 -3255
v -5057 28.4392 -3257
v -5057 28.6896 -3259
v -5057 28.9387 -3261
v -5057 29.1865 -3263
v -5057 29.4329 -3265
v -5057 29.6781 -3267
v -5057 29.9218 -3269
v -5057 30.1641 -3271
v -5057 30.4051 -3273
v -5057 30.6446 -3275
v -5057 30.8826 -3277
v -5057 31.1192 -3279
v -5057 31.3544 -3281
v -5057 31.588 -3283
v -5057 31.8201 -3285
v -5057 32.0507 -3287
v -5057 32.2797 -3289
v -5057 32.5071 -3291
v -5057 32.733 -3293
v -5057 32.9573 -3295
v -5057 33.1799 -3297
v -5057 33.4009 -3299
v -5057 33.6203 -3301
v -5057 33.838 -3303
v -5057 34.054 -3305
v -5057 34.2683 -3307
v -5055 10.4592 -3117
v -5055 10.4703 -3119
v -5055 10.5205 -3121
v -5055 10.6036 -3123
v -5055 10.712 -3125
v -5055 10.8334 -3127
v -5055 10.9701 -3129
v -5055 11.1643 -3131
v -5055 11.463 -3133
v -5055 12.0438 -3135
v -5055 12.9174 -3137
v -5055 12.9499 -3139
v -5055 12.4974 -3141
v -5055 12.6868 -3143
v -5055 12.9439 -3145
v -5055 13.2205 -3147
v -5055 13.7474 -3149
v -5055 14.447 -3151
v -5055 15.1364 -3153
v -5055 15.5742 -3155
v -5055 15.8354 -3157
v -5055 16.0222 -3159
v -5055 16.1881 -3161
v -5055 16.3128 -3163
v -5055 16.4001 -3165
v -5055 16.5111 -3167
v -5055 16.6721 -3169
v -5055 16.879 -3171
v -5055 17.1623 -3173
v -5055 17.4455 -3175
v -5055 17.7285 -3177
v -5055 18.0112 -3179
v -5055 18.2936 -3181
v -5055 18.5758 -3183
v -5055 18.8576 -3185
v -5055 19.139 -3187
v -5055 19.4201 -3189
v -5055 19.7007 -3191
v -5055 19.9808 -3193
v -5055 20.2605 -3195
v -5055 20.5397 -3197
v -5055 20.8183 -3199
v -5055 21.0964 -3201
v -5055 21.3739 -3203
v -5055 21.6507 -3205
v -5055 21.927 -3207
v -5055 22.2025 -3209
v -5055 22.4774 -3211
v -5055 22.7514 -3213
v -5055 23.0248 -3215
v -5055 23.2974 -3217
v -5055 23.5691 -3219
v -5055 23.84 -3221
v -5055 24.1101 -3223
v -5055 24.3793 -3225
v -5055 24.6476 -3227
v -5055 24.9149 -3229
v -5055 25.1814 -3231
v -5055 25.4468 -3233
v -5055 25.7112 -3235
v -5055 25.9746 -3237
v -5055 26.2369 -3239
v -5055 26.4981 -3241
v -5055 26.7583 -3243
v -5055 27.0174 -3245
v -5055 27.2753 -3247
v -5055 27.532 -3249
v -5055 27.7875 -3251
v -5055 28.0419 -3253
v -5055 28.295 -3255
v -5055 28.5469 -3257
v -5055 28.7975 -3259
v -5055 29.0468 -3261
v -5055 29.2948 -3263
v -5055 29.5414 -3265
v -5055 29.7868 -3267
v -5055 30.0307 -3269
v -5055 30.2732 -3271
v -5055 30.5144 -3273
v -5055 30.7541 -3275
v -5055 30.9923 -3277
v -5055 31.2291 -3279
v -5055 31.4645 -3281
v -5055 31.6983 -3283
v -5055 31.9305 -3285
v -5055 32.1613 -3287
v -5055 32.3905 -3289
v -5055 32.6182 -3291
v -5055 32.8442 -3293
v -5055 33.0686 -3295
v -5055 33.2914 -3297
v -5055 33.5126 -3299
v -5055 33.7321 -3301
v -5055 33.95 -3303
v -5055 34.1662 -3305
v -5055 34.3806 -3307
v -5053 10.3598 -3117
v -5053 10.3717 -3119
v -5053 10.4221 -3121
v -5053 10.5069 -3123
v -5053 10.6217 -3125
v -5053 10.758 -3127
v -5053 10.9138 -3129
v -5053 11.1273 -3131
v -5053 11.5427 -3133
v -5053 12.2847 -3135
v -5053 13.2952 -3137
v -5053 13.3689 -3139
v -5053 12.7058 -3141
v -5053 12.7151 -3143
v -5053 12.9746 -3145
v -5053 13.246 -3147
v -5053 13.6566 -3149
v -5053 14.3242 -3151
v -5053 15.0223 -3153
v -5053 15.4682 -3155
v -5053 15.7504 -3157
v -5053 15.9626 -3159
v -5053 16.1588 -3161
v -5053 16.3185 -3163
v -5053 16.4375 -3165
v -5053 16.5761 -3167
v -5053 16.7394 -3169
v -5053 16.9728 -3171
v -5053 17.2565 -3173
v -5053 17.5399 -3175
v -5053 17.8232 -3177
v -5053 18.1062 -3179
v -5053 18.3889 -3181
v -5053 18.6714 -3183
v -5053 18.9534 -3185
v -5053 19.2352 -3187
v -5053 19.5165 -3189
v -5053 19.7974 -3191
v -5053 20.0778 -3193
v -5053 20.3578 -3195
v -5053 20.6373 -3197
v -5053 20.9161 -3199
v -5053 21.1945 -3201
v -5053 21.4723 -3203
v -5053 21.7494 -3205
v -5053 22.0259 -3207
v -5053 22.3017 -3209
v -5053 22.5768 -3211
v -5053 22.8511 -3213
v -5053 23.1247 -3215
v -5053 23.3976 -3217
v -5053 23.6696 -3219
v -5053 23.9408 -3221
v -5053 24.2111 -3223
v -5053 24.4805 -3225
v -5053 24.749 -3227
v -5053 25.0166 -3229
v -5053 25.2833 -3231
v -5053 25.549 -3233
v -5053 25.8136 -3235
v -5053 26.0772 -3237
v -5053 26.3398 -3239
v -5053 26.6013 -3241
v -5053 26.8617 -3243
v -5053 27.1209 -3245
v -5053 27.3791 -3247
v -5053 27.636 -3249
v -5053 27.8918 -3251
v -5053 28.1464 -3253
v -5053 28.3997 -3255
v -5053 28.6518 -3257
v -5053 28.9026 -3259
v -5053 29.1521 -3261
v -5053 29.4003 -3263
v -5053 29.6472 -3265
v -5053 29.8927 -3267
v -5053 30.1368 -3269
v -5053 30.3795 -3271
v -5053 30.6209 -3273
v -5053 30.8608 -3275
v -5053 31.0992 -3277
v -5053 31.3362 -3279
v -5053 31.5717 -3281
v -5053 31.8057 -3283
v -5053 32.0382 -3285
v -5053 32.2691 -3287
v -5053 32.4985 -3289
v -5053 32.7263 -3291
v -5053 32.9525 -3293
v -5053 33.1771 -3295
v -5053 33.4001 -3297
v -5053 33.6214 -3299
v -5053 33.8411 -3301
v -5053 34.0591 -3303
v -5053 34.2754 -3305
v -5053 34.49 -3307
v -5051 10.2602 -3117
v -5051 10.2729 -3119
v -5051 10.3262 -3121
v -5051 10.4169 -3123
v -5051 10.5421 -3125
v -5051 10.6948 -3127
v -5051 10.878 -3129
v -5051 11.1831 -3131
v -5051 11.8073 -3133
v -5051 12.7153 -3135
v -5051 13.7827 -3137
v -5051 13.7357 -3139
v -5051 12.9804 -3141
v -5051 12.795 -3143
v -5051 13.0557 -3145
v -5051 13.3363 -3147
v -5051 13.6371 -3149
v -5051 14.1308 -3151
v -5051 14.8164 -3153
v -5051 15.2831 -3155
v -5051 15.6061 -3157
v -5051 15.8812 -3159
v -5051 16.1338 -3161
v -5051 16.3336 -3163
v -5051 16.4832 -3165
v -5051 16.6433 -3167
v -5051 16.818 -3169
v -5051 17.0643 -3171
v -5051 17.3483 -3173
v -5051 17.632 -3175
v -5051 17.9156 -3177
v -5051 18.1989 -3179
v -5051 18.4819 -3181
v -5051 18.7646 -3183
v -5051 19.0469 -3185
v -5051 19.3289 -3187
v -5051 19.6105 -3189
v -5051 19.8917 -3191
v -5051 20.1724 -3193
v -5051 20.4526 -3195
v -5051 20.7324 -3197
v -5051 21.0115 -3199
v -5051 21.2901 -3201
v -5051 21.5682 -3203
v -5051 21.8455 -3205
v -5051 22.1223 -3207
v -5051 22.3983 -3209
v -5051 22.6737 -3211
v -5051 22.9483 -3213
v -5051 23.2221 -3215
v -5051 23.4952 -3217
v -5051 23.7675 -3219
v -5051 24.0389 -3221
v -5051 24.3095 -3223
v -5051 24.5792 -3225
v -5051 24.8479 -3227
v -5051 25.1157 -3229
v -5051 25.3826 -3231
v -5051 25.6485 -3233
v -5051 25.9134 -3235
v -5051 26.1772 -3237
v -5051 26.44 -3239
v -5051 26.7017 -3241
v -5051 26.9623 -3243
v -5051 27.2218 -3245
v -5051 27.4802 -3247
v -5051 27.7373 -3249
v -5051 27.9933 -3251
v -5051 28.2481 -3253
v -5051 28.5017 -3255
v -5051 28.7539 -3257
v -5051 29.005 -3259
v -5051 29.2547 -3261
v -5051 29.503 -3263
v -5051 29.7501 -3265
v -5051 29.9958 -3267
v -5051 30.2402 -3269
v -5051 30.4831 -3271
v -5051 30.7246 -3273
v -5051 30.9647 -3275
v -5051 31.2033 -3277
v -5051 31.4405 -3279
v -5051 31.6761 -3281
v -5051 31.9103 -3283
v -5051 32.1429 -3285
v -5051 32.374 -3287
v -5051 32.6036 -3289
v -5051 32.8316 -3291
v -5051 33.0579 -3293
v -5051 33.2827 -3295
v -5051 33.5058 -3297
v -5051 33.7273 -3299
v -5051 33.9471 -3301
v -5051 34.1653 -3303
v -5051 34.3818 -3305
v -5051 34.5965 -3307
v -5049 10.1671 -3117
v -5049 10.1871 -3119
v -5049 10.244 -3121
v -5049 10.3416 -3123
v -5049 10.4827 -3125
v -5049 10.6603 -3127
v -5049 10.9073 -3129
v -5049 11.4483 -3131
v -5049 12.2734 -3133
v -5049 13.2893 -3135
v -5049 14.3119 -3137
v -5049 14.0624 -3139
v -5049 13.3057 -3141
v -5049 12.9847 -3143
v -5049 13.1977 -3145
v -5049 13.4884 -3147
v -5049 13.7552 -3149
v -5049 14.0923 -3151
v -5049 14.5958 -3153
v -5049 15.0488 -3155
v -5049 15.4295 -3157
v -5049 15.7873 -3159
v -5049 16.0961 -3161
v -5049 16.3286 -3163
v -5049 16.5156 -3165
v -5049 16.7067 -3167
v -5049 16.8971 -3169
v -5049 17.1535 -3171
v -5049 17.4377 -3173
v -5049 17.7218 -3175
v -5049 18.0055 -3177
v -5049 18.2891 -3179
v -5049 18.5724 -3181
v -5049 18.8554 -3183
v -5049 19.138 -3185
v -5049 19.4202 -3187
v -5049 19.7021 -3189
v -5049 19.9835 -3191
v -5049 20.2645 -3193
v -5049 20.545 -3195
v -5049 20.825 -3197
v -5049 21.1044 -3199
v -5049 21.3832 -3201
v -5049 21.6615 -3203
v -5049 21.9391 -3205
v -5049 22.2161 -3207
v -5049 22.4924 -3209
v -5049 22.768 -3211
v -5049 23.0428 -3213
v -5049 23.3169 -3215
v -5049 23.5903 -3217
v -5049 23.8628 -3219
v -5049 24.1344 -3221
v -5049 24.4052 -3223
v -5049 24.6751 -3225
v -5049 24.9441 -3227
v -5049 25.2122 -3229
v -5049 25.4793 -3231
v -5049 25.7454 -3233
v -5049 26.0105 -3235
v -5049 26.2745 -3237
v -5049 26.5375 -3239
v -5049 26.7995 -3241
v -5049 27.0603 -3243
v -5049 27.32 -3245
v -5049 27.5786 -3247
v -5049 27.8359 -3249
v -5049 28.0921 -3251
v -5049 28.3471 -3253
v -5049 28.6008 -3255
v -5049 28.8533 -3257
v -5049 29.1045 -3259
v -5049 29.3544 -3261
v -5049 29.603 -3263
v -5049 29.8502 -3265
v -5049 30.0961 -3267
v -5049 30.3406 -3269
v -5049 30.5837 -3271
v -5049 30.8254 -3273
v -5049 31.0657 -3275
v -5049 31.3045 -3277
v -5049 31.5418 -3279
v -5049 31.7777 -3281
v -5049 32.012 -3283
v -5049 32.2448 -3285
v -5049 32.476 -3287
v -5049 32.7057 -3289
v -5049 32.9339 -3291
v -5049 33.1604 -3293
v -5049 33.3853 -3295
v -5049 33.6086 -3297
v -5049 33.8302 -3299
v -5049 34.0502 -3301
v -5049 34.2685 -3303
v -5049 34.4851 -3305
v -5049 34.7 -3307
v -5047 10.1219 -3117
v -5047 10.1534 -3119
v -5047 10.2171 -3121
v -5047 10.3239 -3123
v -5047 10.4842 -3125
v -5047 10.7221 -3127
v -5047 11.2229 -3129
v -5047 12.0032 -3131
v -5047 12.9522 -3133
v -5047 13.9615 -3135
v -5047 14.7886 -3137
v -5047 14.3562 -3139
v -5047 13.6335 -3141
v -5047 13.2253 -3143
v -5047 13.3355 -3145
v -5047 13.6334 -3147
v -5047 13.905 -3149
v -5047 14.1517 -3151
v -5047 14.4983 -3153
v -5047 14.925 -3155
v -5047 15.3414 -3157
v -5047 15.7456 -3159
v -5047 16.0831 -3161
v -5047 16.3421 -3163
v -5047 16.5685 -3165
v -5047 16.7923 -3167
v -5047 17.0024 -3169
v -5047 17.2404 -3171
v -5047 17.5248 -3173
v -5047 17.8091 -3175
v -5047 18.0931 -3177
v -5047 18.377 -3179
v -5047 18.6605 -3181
v -5047 18.9437 -3183
v -5047 19.2266 -3185
v -5047 19.5091 -3187
v -5047 19.7912 -3189
v -5047 20.0729 -3191
v -5047 20.3541 -3193
v -5047 20.6348 -3195
v -5047 20.915 -3197
v -5047 21.1947 -3199
v -5047 21.4738 -3201
v -5047 21.7523 -3203
v -5047 22.0301 -3205
v -5047 22.3074 -3207
v -5047 22.5839 -3209
v -5047 22.8597 -3211
v -5047 23.1348 -3213
v -5047 23.4091 -3215
v -5047 23.6827 -3217
v -5047 23.9554 -3219
v -5047 24.2273 -3221
v -5047 24.4983 -3223
v -5047 24.7684 -3225
v -5047 25.0376 -3227
v -5047 25.3059 -3229
v -5047 25.5732 -3231
v -5047 25.8396 -3233
v -5047 26.1048 -3235
v -5047 26.3691 -3237
v -5047 26.6323 -3239
v -5047 26.8944 -3241
v -5047 27.1555 -3243
v -5047 27.4154 -3245
v -5047 27.6741 -3247
v -5047 27.9317 -3249
v -5047 28.1881 -3251
v -5047 28.4432 -3253
v -5047 28.6972 -3255
v -5047 28.9498 -3257
v -5047 29.2012 -3259
v -5047 29.4513 -3261
v -5047 29.7001 -3263
v -5047 29.9475 -3265
v -5047 30.1936 -3267
v -5047 30.4382 -3269
v -5047 30.6815 -3271
v -5047 30.9234 -3273
v -5047 31.1638 -3275
v -5047 31.4027 -3277
v -5047 31.6402 -3279
v -5047 31.8762 -3281
v -5047 32.1107 -3283
v -5047 32.3437 -3285
v -5047 32.5751 -3287
v -5047 32.8049 -3289
v -5047 33.0332 -3291
v -5047 33.2598 -3293
v -5047 33.4849 -3295
v -5047 33.7083 -3297
v -5047 33.9301 -3299
v -5047 34.1502 -3301
v -5047 34.3686 -3303
v -5047 34.5854 -3305
v -5047 34.8004 -3307
v -5045 10.1197 -3117
v -5045 10.166 -3119
v -5045 10.2418 -3121
v -5045 10.363 -3123
v -5045 10.6016 -3125
v -5045 11.1174 -3127
v -5045 11.9002 -3129
v -5045 12.8446 -3131
v -5045 13.7869 -3133
v -5045 14.6139 -3135
v -5045 15.0023 -3137
v -5045 14.5989 -3139
v -5045 13.9319 -3141
v -5045 13.4728 -3143
v -5045 13.4468 -3145
v -5045 13.7347 -3147
v -5045 14.0099 -3149
v -5045 14.2582 -3151
v -5045 14.5408 -3153
v -5045 14.9431 -3155
v -5045 15.3641 -3157
v -5045 15.7776 -3159
v -5045 16.127 -3161
v -5045 16.4097 -3163
v -5045 16.6645 -3165
v -5045 16.9117 -3167
v -5045 17.1409 -3169
v -5045 17.3531 -3171
v -5045 17.6095 -3173
v -5045 17.8941 -3175
v -5045 18.1783 -3177
v -5045 18.4624 -3179
v -5045 18.7462 -3181
v -5045 19.0296 -3183
v -5045 19.3127 -3185
v -5045 19.5955 -3187
v -5045 19.8778 -3189
v -5045 20.1597 -3191
v -5045 20.4412 -3193
v -5045 20.7221 -3195
v -5045 21.0026 -3197
v -5045 21.2825 -3199
v -5045 21.5618 -3201
v -5045 21.8405 -3203
v -5045 22.1186 -3205
v -5045 22.3961 -3207
v -5045 22.6728 -3209
v -5045 22.9489 -3211
v -5045 23.2242 -3213
v -5045 23.4987 -3215
v -5045 23.7725 -3217
v -5045 24.0454 -3219
v -5045 24.3175 -3221
v -5045 24.5887 -3223
v -5045 24.8591 -3225
v -5045 25.1285 -3227
v -5045 25.3969 -3229
v -5045 25.6645 -3231
v -5045 25.931 -3233
v -5045 26.1965 -3235
v -5045 26.461 -3237
v -5045 26.7244 -3239
v -5045 26.9867 -3241
v -5045 27.2479 -3243
v -5045 27.508 -3245
v -5045 27.7669 -3247
v -5045 28.0247 -3249
v -5045 28.2812 -3251
v -5045 28.5366 -3253
v -5045 28.7907 -3255
v -5045 29.0435 -3257
v -5045 29.2951 -3259
v -5045 29.5454 -3261
v -5045 29.7943 -3263
v -5045 30.0419 -3265
v -5045 30.2881 -3267
v -5045 30.533 -3269
v -5045 30.7764 -3271
v -5045 31.0184 -3273
v -5045 31.259 -3275
v -5045 31.4981 -3277
v -5045 31.7358 -3279
v -5045 31.9719 -3281
v -5045 32.2065 -3283
v -5045 32.4396 -3285
v -5045 32.6712 -3287
v -5045 32.9012 -3289
v -5045 33.1296 -3291
v -5045 33.3564 -3293
v -5045 33.5816 -3295
v -5045 33.8051 -3297
v -5045 34.027 -3299
v -5045 34.2472 -3301
v -5045 34.4658 -3303
v -5045 34.6826 -3305
v -5045 34.8978 -3307
v -5043 10.1491 -3117
v -5043 10.2092 -3119
v -5043 10.3037 -3121
v -5043 10.5452 -3123
v -5043 11.0477 -3125
v -5043 11.8341 -3127
v -5043 12.6675 -3129
v -5043 13.2843 -3131
v -5043 13.976 -3133
v -5043 14.6628 -3135
v -5043 14.7884 -3137
v -5043 14.1926 -3139
v -5043 13.6769 -3141
v -5043 13.4599 -3143
v -5043 13.5377 -3145
v -5043 13.7877 -3147
v -5043 14.0672 -3149
v -5043 14.335 -3151
v -5043 14.6554 -3153
v -5043 15.0641 -3155
v -5043 15.4723 -3157
v -5043 15.8754 -3159
v -5043 16.2308 -3161
v -5043 16.5336 -3163
v -5043 16.8106 -3165
v -5043 17.0774 -3167
v -5043 17.3269 -3169
v -5043 17.5556 -3171
v -5043 17.7809 -3173
v -5043 18.0028 -3175
v -5043 18.261 -3177
v -5043 18.5453 -3179
v -5043 18.8293 -3181
v -5043 19.113 -3183
v -5043 19.3964 -3185
v -5043 19.6793 -3187
v -5043 19.9619 -3189
v -5043 20.244 -3191
v -5043 20.5257 -3193
v -5043 20.8069 -3195
v -5043 21.0876 -3197
v -5043 21.3677 -3199
v -5043 21.6472 -3201
v -5043 21.9262 -3203
v -5043 22.2045 -3205
v -5043 22.4821 -3207
v -5043 22.7591 -3209
v -5043 23.0354 -3211
v -5043 23.3108 -3213
v -5043 23.5856 -3215
v -5043 23.8596 -3217
v -5043 24.1327 -3219
v -5043 24.405 -3221
v -5043 24.6764 -3223
v -5043 24.947 -3225
v -5043 25.2166 -3227
v -5043 25.4852 -3229
v -5043 25.7529 -3231
v -5043 26.0197 -3233
v -5043 26.2853 -3235
v -5043 26.55 -3237
v -5043 26.8136 -3239
v -5043 27.0761 -3241
v -5043 27.3375 -3243
v -5043 27.5978 -3245
v -5043 27.8569 -3247
v -5043 28.1148 -3249
v -5043 28.3715 -3251
v -5043 28.6271 -3253
v -5043 28.8813 -3255
v -5043 29.1343 -3257
v -5043 29.3861 -3259
v -5043 29.6365 -3261
v -5043 29.8856 -3263
v -5043 30.1333 -3265
v -5043 30.3797 -3267
v -5043 30.6247 -3269
v -5043 30.8683 -3271
v -5043 31.1105 -3273
v -5043 31.3512 -3275
v -5043 31.5905 -3277
v -5043 31.8283 -3279
v -5043 32.0646 -3281
v -5043 32.2993 -3283
v -5043 32.5325 -3285
v -5043 32.7642 -3287
v -5043 32.9944 -3289
v -5043 33.2229 -3291
v -5043 33.4498 -3293
v -5043 33.6751 -3295
v -5043 33.8988 -3297
v -5043 34.1208 -3299
v -5043 34.3412 -3301
v -5043 34.5598 -3303
v -5043 34.7768 -3305
v -5043 34.9921 -3307
v -5041 10.1986 -3117
v -5041 10.3187 -3119
v -5041 10.5705 -3121
v -5041 11.0284 -3123
v -5041 11.662 -3125
v -5041 11.9281 -3127
v -5041 12.3942 -3129
v -5041 13.0431 -3131
v -5041 13.7819 -3133
v -5041 14.5076 -3135
v -5041 14.1798 -3137
v -5041 13.5624 -3139
v -5041 13.255 -3141
v -5041 13.3057 -3143
v -5041 13.5563 -3145
v -5041 13.8433 -3147
v -5041 14.1295 -3149
v -5041 14.4068 -3151
v -5041 14.7683 -3153
v -5041 15.1675 -3155
v -5041 15.562 -3157
v -5041 15.9549 -3159
v -5041 16.3389 -3161
v -5041 16.6952 -3163
v -5041 17.0183 -3165
v -5041 17.3181 -3167
v -5041 17.5952 -3169
v -5041 17.8505 -3171
v -5041 18.0977 -3173
v -5041 18.3412 -3175
v -5041 18.5923 -3177
v -5041 18.8401 -3179
v -5041 19.0818 -3181
v -5041 19.3264 -3183
v -5041 19.5756 -3185
v -5041 19.8297 -3187
v -5041 20.0925 -3189
v -5041 20.3668 -3191
v -5041 20.6532 -3193
v -5041 20.9508 -3195
v -5041 21.2596 -3197
v -5041 21.5809 -3199
v -5041 21.9095 -3201
v -5041 22.2231 -3203
v -5041 22.5171 -3205
v -5041 22.7934 -3207
v -5041 23.0509 -3209
v -5041 23.276 -3211
v -5041 23.4633 -3213
v -5041 23.6698 -3215
v -5041 23.9439 -3217
v -5041 24.2173 -3219
v -5041 24.4897 -3221
v -5041 24.7614 -3223
v -5041 25.0321 -3225
v -5041 25.3019 -3227
v -5041 25.5707 -3229
v -5041 25.8386 -3231
v -5041 26.1055 -3233
v -5041 26.3714 -3235
v -5041 26.6362 -3237
v -5041 26.9 -3239
v -5041 27.1627 -3241
v -5041 27.4242 -3243
v -5041 27.6847 -3245
v -5041 27.944 -3247
v -5041 28.202 -3249
v -5041 28.459 -3251
v -5041 28.7146 -3253
v -5041 28.9691 -3255
v -5041 29.2222 -3257
v -5041 29.4741 -3259
v -5041 29.7247 -3261
v -5041 29.9739 -3263
v -5041 30.2218 -3265
v -5041 30.4684 -3267
v -5041 30.7135 -3269
v -5041 30.9572 -3271
v -5041 31.1996 -3273
v -5041 31.4404 -3275
v -5041 31.6798 -3277
v -5041 31.9178 -3279
v -5041 32.1542 -3281
v -5041 32.3891 -3283
v -5041 32.6224 -3285
v -5041 32.8543 -3287
v -5041 33.0845 -3289
v -5041 33.3132 -3291
v -5041 33.5402 -3293
v -5041 33.7656 -3295
v -5041 33.9894 -3297
v -5041 34.2115 -3299
v -5041 34.432 -3301
v -5041 34.6508 -3303
v -5041 34.8679 -3305
v -5041 35.0832 -3307
v -5039 10.3454 -3117
v -5039 10.5877 -3119
v -5039 11.0212 -3121
v -5039 11.3285 -3123
v -5039 11.4136 -3125
v -5039 11.6637 -3127
v -5039 12.0897 -3129
v -5039 12.7056 -3131
v -5039 13.4361 -3133
v -5039 13.9965 -3135
v -5039 13.4131 -3137
v -5039 13.0501 -3139
v -5039 13.1165 -3141
v -5039 13.3493 -3143
v -5039 13.6034 -3145
v -5039 13.8937 -3147
v -5039 14.1871 -3149
v -5039 14.4656 -3151
v -5039 14.8818 -3153
v -5039 15.2623 -3155
v -5039 15.6491 -3157
v -5039 16.0479 -3159
v -5039 16.4854 -3161
v -5039 16.9299 -3163
v -5039 17.325 -3165
v -5039 17.6656 -3167
v -5039 17.9678 -3169
v -5039 18.2639 -3171
v -5039 18.538 -3173
v -5039 18.8064 -3175
v -5039 19.0898 -3177
v -5039 19.3923 -3179
v -5039 19.6774 -3181
v -5039 19.9459 -3183
v -5039 20.1963 -3185
v -5039 20.4721 -3187
v -5039 20.7469 -3189
v -5039 21.0145 -3191
v -5039 21.2857 -3193
v -5039 21.5614 -3195
v -5039 21.8554 -3197
v -5039 22.1726 -3199
v -5039 22.4904 -3201
v -5039 22.7811 -3203
v -5039 23.0484 -3205
v -5039 23.3037 -3207
v -5039 23.5524 -3209
v -5039 23.7647 -3211
v -5039 23.9246 -3213
v -5039 24.042 -3215
v -5039 24.1234 -3217
v -5039 24.2991 -3219
v -5039 24.5718 -3221
v -5039 24.8436 -3223
v -5039 25.1145 -3225
v -5039 25.3844 -3227
v -5039 25.6535 -3229
v -5039 25.9215 -3231
v -5039 26.1886 -3233
v -5039 26.4546 -3235
v -5039 26.7196 -3237
v -5039 26.9836 -3239
v -5039 27.2464 -3241
v -5039 27.5081 -3243
v -5039 27.7687 -3245
v -5039 28.0282 -3247
v -5039 28.2864 -3249
v -5039 28.5435 -3251
v -5039 28.7993 -3253
v -5039 29.0539 -3255
v -5039 29.3072 -3257
v -5039 29.5592 -3259
v -5039 29.81 -3261
v -5039 30.0593 -3263
v -5039 30.3074 -3265
v -5039 30.5541 -3267
v -5039 30.7993 -3269
v -5039 31.0432 -3271
v -5039 31.2857 -3273
v -5039 31.5267 -3275
v -5039 31.7662 -3277
v -5039 32.0042 -3279
v -5039 32.2408 -3281
v -5039 32.4758 -3283
v -5039 32.7093 -3285
v -5039 32.9412 -3287
v -5039 33.1716 -3289
v -5039 33.4004 -3291
v -5039 33.6275 -3293
v -5039 33.853 -3295
v -5039 34.0769 -3297
v -5039 34.2992 -3299
v -5039 34.5197 -3301
v -5039 34.7386 -3303
v -5039 34.9558 -3305
v -5039 35.1713 -3307
v -5037 10.5183 -3117
v -5037 10.8711 -3119
v -5037 11.0306 -3121
v -5037 11.0288 -3123
v -5037 11.1773 -3125
v -5037 11.4399 -3127
v -5037 11.8221 -3129
v -5037 12.3565 -3131
v -5037 13.0173 -3133
v -5037 13.1533 -3135
v -5037 12.8105 -3137
v -5037 12.8748 -3139
v -5037 13.1172 -3141
v -5037 13.3529 -3143
v -5037 13.614 -3145
v -5037 13.9261 -3147
v -5037 14.2271 -3149
v -5037 14.5613 -3151
v -5037 15.0093 -3153
v -5037 15.3955 -3155
v -5037 15.7905 -3157
v -5037 16.3023 -3159
v -5037 16.8332 -3161
v -5037 17.3762 -3163
v -5037 17.8289 -3165
v -5037 18.1846 -3167
v -5037 18.4835 -3169
v -5037 18.7746 -3171
v -5037 19.0886 -3173
v -5037 19.3994 -3175
v -5037 19.7449 -3177
v -5037 20.0756 -3179
v -5037 20.2939 -3181
v -5037 20.5254 -3183
v -5037 20.7964 -3185
v -5037 21.1168 -3187
v -5037 21.4206 -3189
v -5037 21.6787 -3191
v -5037 21.9239 -3193
v -5037 22.1645 -3195
v -5037 22.4356 -3197
v -5037 22.7461 -3199
v -5037 23.0549 -3201
v -5037 23.3288 -3203
v -5037 23.5764 -3205
v -5037 23.8159 -3207
v -5037 24.0586 -3209
v -5037 24.2604 -3211
v -5037 24.395 -3213
v -5037 24.4777 -3215
v -5037 24.519 -3217
v -5037 24.5252 -3219
v -5037 24.651 -3221
v -5037 24.923 -3223
v -5037 25.194 -3225
v -5037 25.4641 -3227
v -5037 25.7333 -3229
v -5037 26.0016 -3231
v -5037 26.2688 -3233
v -5037 26.535 -3235
v -5037 26.8001 -3237
v -5037 27.0642 -3239
v -5037 27.3272 -3241
v -5037 27.5891 -3243
v -5037 27.8499 -3245
v -5037 28.1094 -3247
v -5037 28.3678 -3249
v -5037 28.625 -3251
v -5037 28.881 -3253
v -5037 29.1357 -3255
v -5037 29.3892 -3257
v -5037 29.6413 -3259
v -5037 29.8922 -3261
v -5037 30.1417 -3263
v -5037 30.3899 -3265
v -5037 30.6367 -3267
v -5037 30.8821 -3269
v -5037 31.1261 -3271
v -5037 31.3687 -3273
v -5037 31.6098 -3275
v -5037 31.8494 -3277
v -5037 32.0876 -3279
v -5037 32.3243 -3281
v -5037 32.5594 -3283
v -5037 32.793 -3285
v -5037 33.025 -3287
v -5037 33.2555 -3289
v -5037 33.4844 -3291
v -5037 33.7116 -3293
v -5037 33.9373 -3295
v -5037 34.1613 -3297
v -5037 34.3836 -3299
v -5037 34.6043 -3301
v -5037 34.8233 -3303
v -5037 35.0406 -3305
v -5037 35.2561 -3307
v -5035 10.5499 -3117
v -5035 10.6661 -3119
v -5035 10.6697 -3121
v -5035 10.7668 -3123
v -5035 10.9752 -3125
v -5035 11.2453 -3127
v -5035 11.5793 -3129
v -5035 12.0362 -3131
v -5035 12.6301 -3133
v -5035 12.5844 -3135
v -5035 12.6179 -3137
v -5035 12.8592 -3139
v -5035 13.1024 -3141
v -5035 13.3673 -3143
v -5035 13.7386 -3145
v -5035 14.1093 -3147
v -5035 14.4009 -3149
v -5035 14.7379 -3151
v -5035 15.127 -3153
v -5035 15.5507 -3155
v -5035 15.973 -3157
v -5035 16.4822 -3159
v -5035 17.347 -3161
v -5035 17.9741 -3163
v -5035 18.4303 -3165
v -5035 18.7691 -3167
v -5035 19.0016 -3169
v -5035 19.328 -3171
v -5035 19.7178 -3173
v -5035 20.0547 -3175
v -5035 20.2581 -3177
v -5035 20.4802 -3179
v -5035 20.6972 -3181
v -5035 20.9552 -3183
v -5035 21.2951 -3185
v -5035 21.6965 -3187
v -5035 22.0697 -3189
v -5035 22.3301 -3191
v -5035 22.5348 -3193
v -5035 22.7446 -3195
v -5035 22.999 -3197
v -5035 23.3 -3199
v -5035 23.5877 -3201
v -5035 23.8313 -3203
v -5035 24.0572 -3205
v -5035 24.2892 -3207
v -5035 24.5268 -3209
v -5035 24.7118 -3211
v -5035 24.8244 -3213
v -5035 24.8867 -3215
v -5035 24.899 -3217
v -5035 24.8714 -3219
v -5035 24.8075 -3221
v -5035 24.9995 -3223
v -5035 25.2707 -3225
v -5035 25.541 -3227
v -5035 25.8104 -3229
v -5035 26.0787 -3231
v -5035 26.3461 -3233
v -5035 26.6124 -3235
v -5035 26.8777 -3237
v -5035 27.142 -3239
v -5035 27.4051 -3241
v -5035 27.6671 -3243
v -5035 27.928 -3245
v -5035 28.1877 -3247
v -5035 28.4463 -3249
v -5035 28.7036 -3251
v -5035 28.9597 -3253
v -5035 29.2146 -3255
v -5035 29.4681 -3257
v -5035 29.7204 -3259
v -5035 29.9714 -3261
v -5035 30.2211 -3263
v -5035 30.4694 -3265
v -5035 30.7163 -3267
v -5035 30.9618 -3269
v -5035 31.2059 -3271
v -5035 31.4486 -3273
v -5035 31.6898 -3275
v -5035 31.9296 -3277
v -5035 32.1679 -3279
v -5035 32.4047 -3281
v -5035 32.6399 -3283
v -5035 32.8736 -3285
v -5035 33.1057 -3287
v -5035 33.3363 -3289
v -5035 33.5653 -3291
v -5035 33.7926 -3293
v -5035 34.0184 -3295
v -5035 34.2425 -3297
v -5035 34.4649 -3299
v -5035 34.6856 -3301
v -5035 34.9047 -3303
v -5035 35.1221 -3305
v -5035 35.3377 -3307
v -5033 10.2181 -3117
v -5033 10.2707 -3119
v -5033 10.4267 -3121
v -5033 10.6276 -3123
v -5033 10.8726 -3125
v -5033 11.1422 -3127
v -5033 11.422 -3129
v -5033 11.7593 -3131
v -5033 12.2258 -3133
v -5033 12.3473 -3135
v -5033 12.6127 -3137
v -5033 12.8531 -3139
v -5033 13.1515 -3141
v -5033 13.629 -3143
v -5033 14.0929 -3145
v -5033 14.4673 -3147
v -5033 14.737 -3149
v -5033 15.075 -3151
v -5033 15.3587 -3153
v -5033 15.6964 -3155
v -5033 16.157 -3157
v -5033 16.6553 -3159
v -5033 17.4831 -3161
v -5033 18.4247 -3163
v -5033 18.9904 -3165
v -5033 19.2971 -3167
v -5033 19.5463 -3169
v -5033 19.9642 -3171
v -5033 20.2076 -3173
v -5033 20.398 -3175
v -5033 20.5778 -3177
v -5033 20.7647 -3179
v -5033 20.9616 -3181
v -5033 21.1699 -3183
v -5033 21.4953 -3185
v -5033 21.9667 -3187
v -5033 22.4597 -3189
v -5033 22.8278 -3191
v -5033 23.0662 -3193
v -5033 23.26 -3195
v -5033 23.5062 -3197
v -5033 23.792 -3199
v -5033 24.0397 -3201
v -5033 24.2356 -3203
v -5033 24.4415 -3205
v -5033 24.6802 -3207
v -5033 24.9121 -3209
v -5033 25.0722 -3211
v -5033 25.1699 -3213
v -5033 25.2341 -3215
v -5033 25.2462 -3217
v -5033 25.194 -3219
v -5033 25.1012 -3221
v -5033 25.0732 -3223
v -5033 25.3446 -3225
v -5033 25.615 -3227
v -5033 25.8845 -3229
v -5033 26.153 -3231
v -5033 26.4205 -3233
v -5033 26.687 -3235
v -5033 26.9524 -3237
v -5033 27.2168 -3239
v -5033 27.48 -3241
v -5033 27.7422 -3243
v -5033 28.0032 -3245
v -5033 28.2631 -3247
v -5033 28.5217 -3249
v -5033 28.7792 -3251
v -5033 29.0354 -3253
v -5033 29.2904 -3255
v -5033 29.5441 -3257
v -5033 29.7965 -3259
v -5033 30.0476 -3261
v -5033 30.2973 -3263
v -5033 30.5458 -3265
v -5033 30.7928 -3267
v -5033 31.0384 -3269
v -5033 31.2826 -3271
v -5033 31.5254 -3273
v -5033 31.7668 -3275
v -5033 32.0066 -3277
v -5033 32.245 -3279
v -5033 32.4819 -3281
v -5033 32.7172 -3283
v -5033 32.951 -3285
v -5033 33.1833 -3287
v -5033 33.4139 -3289
v -5033 33.643 -3291
v -5033 33.8704 -3293
v -5033 34.0962 -3295
v -5033 34.3204 -3297
v -5033 34.5429 -3299
v -5033 34.7638 -3301
v -5033 34.9829 -3303
v -5033 35.2004 -3305
v -5033 35.416 -3307
v -5031 9.12855 -3117
v -5031 10.0264 -3119
v -5031 10.211 -3121
v -5031 10.4291 -3123
v -5031 10.7248 -3125
v -5031 11.016 -3127
v -5031 11.3094 -3129
v -5031 11.6188 -3131
v -5031 11.9235 -3133
v -5031 12.2311 -3135
v -5031 12.5106 -3137
v -5031 12.8108 -3139
v -5031 13.377 -3141
v -5031 14.0207 -3143
v -5031 14.5459 -3145
v -5031 14.9259 -3147
v -5031 15.2468 -3149
v -5031 15.5596 -3151
v -5031 15.7642 -3153
v -5031 15.965 -3155
v -5031 16.3915 -3157
v -5031 16.9416 -3159
v -5031 17.6934 -3161
v -5031 18.6762 -3163
v -5031 19.383 -3165
v -5031 19.7827 -3167
v -5031 20.1112 -3169
v -5031 20.3766 -3171
v -5031 20.5714 -3173
v -5031 20.6997 -3175
v -5031 20.826 -3177
v -5031 20.9638 -3179
v -5031 21.1078 -3181
v -5031 21.284 -3183
v -5031 21.4716 -3185
v -5031 21.8405 -3187
v -5031 22.3886 -3189
v -5031 22.8868 -3191
v -5031 23.2589 -3193
v -5031 23.5613 -3195
v -5031 23.8408 -3197
v -5031 24.0972 -3199
v -5031 24.3474 -3201
v -5031 24.5093 -3203
v -5031 24.7165 -3205
v -5031 24.9755 -3207
v -5031 25.201 -3209
v -5031 25.3369 -3211
v -5031 25.4254 -3213
v -5031 25.5014 -3215
v -5031 25.5362 -3217
v -5031 25.4807 -3219
v -5031 25.3633 -3221
v -5031 25.2277 -3223
v -5031 25.4155 -3225
v -5031 25.6861 -3227
v -5031 25.9557 -3229
v -5031 26.2243 -3231
v -5031 26.492 -3233
v -5031 26.7586 -3235
v -5031 27.0241 -3237
v -5031 27.2886 -3239
v -5031 27.552 -3241
v -5031 27.8143 -3243
v -5031 28.0754 -3245
v -5031 28.3354 -3247
v -5031 28.5941 -3249
v -5031 28.8517 -3251
v -5031 29.1081 -3253
v -5031 29.3632 -3255
v -5031 29.617 -3257
v -5031 29.8695 -3259
v -5031 30.1207 -3261
v -5031 30.3705 -3263
v -5031 30.6191 -3265
v -5031 30.8662 -3267
v -5031 31.1119 -3269
v -5031 31.3562 -3271
v -5031 31.5991 -3273
v -5031 31.8406 -3275
v -5031 32.0805 -3277
v -5031 32.319 -3279
v -5031 32.556 -3281
v -5031 32.7914 -3283
v -5031 33.0253 -3285
v -5031 33.2576 -3287
v -5031 33.4883 -3289
v -5031 33.7175 -3291
v -5031 33.945 -3293
v -5031 34.1709 -3295
v -5031 34.3952 -3297
v -5031 34.6177 -3299
v -5031 34.8386 -3301
v -5031 35.0579 -3303
v -5031 35.2754 -3305
v -5031 35.4911 -3307
v -5029 7.05013 -3117
v -5029 8.26504 -3119
v -5029 9.61838 -3121
v -5029 10.1547 -3123
v -5029 10.5287 -3125
v -5029 10.8523 -3127
v -5029 11.1297 -3129
v -5029 11.3906 -3131
v -5029 11.6966 -3133
v -5029 12.0175 -3135
v -5029 12.3254 -3137
v -5029 12.7666 -3139
v -5029 13.5325 -3141
v -5029 14.3357 -3143
v -5029 14.9724 -3145
v -5029 15.4116 -3147
v -5029 15.812 -3149
v -5029 16.1287 -3151
v -5029 16.3226 -3153
v -5029 16.4589 -3155
v -5029 16.745 -3157
v -5029 17.3354 -3159
v -5029 18.0905 -3161
v -5029 19.04 -3163
v -5029 19.8035 -3165
v -5029 20.2246 -3167
v -5029 20.5853 -3169
v -5029 20.8721 -3171
v -5029 21.0197 -3173
v -5029 21.0396 -3175
v -5029 21.0286 -3177
v -5029 21.0908 -3179
v -5029 21.188 -3181
v -5029 21.3191 -3183
v -5029 21.4771 -3185
v -5029 21.6448 -3187
v -5029 22.0272 -3189
v -5029 22.554 -3191
v -5029 23.0392 -3193
v -5029 23.451 -3195
v -5029 23.7882 -3197
v -5029 24.1773 -3199
v -5029 24.564 -3201
v -5029 24.7242 -3203
v -5029 24.9461 -3205
v -5029 25.2159 -3207
v -5029 25.4296 -3209
v -5029 25.549 -3211
v -5029 25.6274 -3213
v -5029 25.7017 -3215
v -5029 25.7465 -3217
v -5029 25.6969 -3219
v -5029 25.5751 -3221
v -5029 25.4345 -3223
v -5029 25.4835 -3225
v -5029 25.7542 -3227
v -5029 26.0239 -3229
v -5029 26.2927 -3231
v -5029 26.5604 -3233
v -5029 26.8271 -3235
v -5029 27.0928 -3237
v -5029 27.3574 -3239
v -5029 27.6209 -3241
v -5029 27.8833 -3243
v -5029 28.1446 -3245
v -5029 28.4046 -3247
v -5029 28.6635 -3249
v -5029 28.9212 -3251
v -5029 29.1776 -3253
v -5029 29.4328 -3255
v -5029 29.6867 -3257
v -5029 29.9393 -3259
v -5029 30.1907 -3261
v -5029 30.4406 -3263
v -5029 30.6892 -3265
v -5029 30.9364 -3267
v -5029 31.1823 -3269
v -5029 31.4267 -3271
v -5029 31.6697 -3273
v -5029 31.9112 -3275
v -5029 32.1512 -3277
v -5029 32.3898 -3279
v -5029 32.6268 -3281
v -5029 32.8623 -3283
v -5029 33.0963 -3285
v -5029 33.3287 -3287
v -5029 33.5595 -3289
v -5029 33.7887 -3291
v -5029 34.0163 -3293
v -5029 34.2423 -3295
v -5029 34.4666 -3297
v -5029 34.6892 -3299
v -5029 34.9102 -3301
v -5029 35.1295 -3303
v -5029 35.3471 -3305
v -5029 35.5629 -3307
v -5027 5.18421 -3117
v -5027 6.33609 -3119
v -5027 8.03652 -3121
v -5027 9.67135 -3123
v -5027 10.2351 -3125
v -5027 10.5969 -3127
v -5027 10.8644 -3129
v -5027 11.0818 -3131
v -5027 11.3989 -3133
v -5027 11.7142 -3135
v -5027 12.074 -3137
v -5027 12.7082 -3139
v -5027 13.592 -3141
v -5027 14.4955 -3143
v -5027 15.2635 -3145
v -5027 15.8654 -3147
v -5027 16.3027 -3149
v -5027 16.6164 -3151
v -5027 16.8455 -3153
v -5027 17.0318 -3155
v -5027 17.2881 -3157
v -5027 17.8075 -3159
v -5027 18.5769 -3161
v -5027 19.4584 -3163
v -5027 20.1214 -3165
v -5027 20.4763 -3167
v -5027 20.8221 -3169
v -5027 21.2474 -3171
v -5027 21.5399 -3173
v -5027 21.5148 -3175
v -5027 21.3887 -3177
v -5027 21.273 -3179
v -5027 21.2461 -3181
v -5027 21.3453 -3183
v -5027 21.4707 -3185
v -5027 21.6214 -3187
v -5027 21.7672 -3189
v -5027 22.0814 -3191
v -5027 22.5607 -3193
v -5027 23.0469 -3195
v -5027 23.4596 -3197
v -5027 24.0699 -3199
v -5027 24.6531 -3201
v -5027 24.9211 -3203
v -5027 25.1139 -3205
v -5027 25.3492 -3207
v -5027 25.5371 -3209
v -5027 25.6529 -3211
v -5027 25.7409 -3213
v -5027 25.8186 -3215
v -5027 25.8602 -3217
v -5027 25.8205 -3219
v -5027 25.7179 -3221
v -5027 25.5867 -3223
v -5027 25.5485 -3225
v -5027 25.8193 -3227
v -5027 26.0892 -3229
v -5027 26.358 -3231
v -5027 26.6259 -3233
v -5027 26.8927 -3235
v -5027 27.1585 -3237
v -5027 27.4232 -3239
v -5027 27.6868 -3241
v -5027 27.9493 -3243
v -5027 28.2106 -3245
v -5027 28.4708 -3247
v -5027 28.7298 -3249
v -5027 28.9875 -3251
v -5027 29.2441 -3253
v -5027 29.4994 -3255
v -5027 29.7534 -3257
v -5027 30.0061 -3259
v -5027 30.2575 -3261
v -5027 30.5075 -3263
v -5027 30.7562 -3265
v -5027 31.0035 -3267
v -5027 31.2494 -3269
v -5027 31.4939 -3271
v -5027 31.737 -3273
v -5027 31.9786 -3275
v -5027 32.2187 -3277
v -5027 32.4573 -3279
v -5027 32.6944 -3281
v -5027 32.93 -3283
v -5027 33.164 -3285
v -5027 33.3965 -3287
v -5027 33.6274 -3289
v -5027 33.8567 -3291
v -5027 34.0843 -3293
v -5027 34.3103 -3295
v -5027 34.5347 -3297
v -5027 34.7574 -3299
v -5027 34.9785 -3301
v -5027 35.1978 -3303
v -5027 35.4154 -3305
v -5027 35.6313 -3307
v -5025 3.62095 -3117
v -5025 4.6264 -3119
v -5025 6.77246 -3121
v -5025 8.46531 -3123
v -5025 10.0282 -3125
v -5025 10.3144 -3127
v -5025 10.6575 -3129
v -5025 10.857 -3131
v -5025 11.2377 -3133
v -5025 11.5366 -3135
v -5025 11.9501 -3137
v -5025 12.6642 -3139
v -5025 13.5715 -3141
v -5025 14.5291 -3143
v -5025 15.3836 -3145
v -5025 16.0753 -3147
v -5025 16.5823 -3149
v -5025 16.9433 -3151
v -5025 17.2497 -3153
v -5025 17.5666 -3155
v -5025 17.9105 -3157
v -5025 18.3806 -3159
v -5025 19.0897 -3161
v -5025 19.9356 -3163
v -5025 20.2148 -3165
v -5025 20.5552 -3167
v -5025 20.8514 -3169
v -5025 21.2215 -3171
v -5025 21.7064 -3173
v -5025 22.0835 -3175
v -5025 21.9855 -3177
v -5025 21.7499 -3179
v -5025 21.4956 -3181
v -5025 21.3666 -3183
v -5025 21.4398 -3185
v -5025 21.5803 -3187
v -5025 21.7295 -3189
v -5025 21.8535 -3191
v -5025 22.0873 -3193
v -5025 22.5257 -3195
v -5025 23.0003 -3197
v -5025 23.7362 -3199
v -5025 24.4387 -3201
v -5025 24.9439 -3203
v -5025 25.224 -3205
v -5025 25.4087 -3207
v -5025 25.5561 -3209
v -5025 25.658 -3211
v -5025 25.7544 -3213
v -5025 25.8401 -3215
v -5025 25.8747 -3217
v -5025 25.8458 -3219
v -5025 25.7759 -3221
v -5025 25.661 -3223
v -5025 25.6106 -3225
v -5025 25.8814 -3227
v -5025 26.1514 -3229
v -5025 26.4204 -3231
v -5025 26.6883 -3233
v -5025 26.9552 -3235
v -5025 27.2211 -3237
v -5025 27.4859 -3239
v -5025 27.7496 -3241
v -5025 28.0122 -3243
v -5025 28.2736 -3245
v -5025 28.5339 -3247
v -5025 28.7929 -3249
v -5025 29.0508 -3251
v -5025 29.3074 -3253
v -5025 29.5628 -3255
v -5025 29.8168 -3257
v -5025 30.0696 -3259
v -5025 30.3211 -3261
v -5025 30.5712 -3263
v -5025 30.82 -3265
v -5025 31.0674 -3267
v -5025 31.3134 -3269
v -5025 31.5579 -3271
v -5025 31.801 -3273
v -5025 32.0427 -3275
v -5025 32.2829 -3277
v -5025 32.5216 -3279
v -5025 32.7588 -3281
v -5025 32.9944 -3283
v -5025 33.2285 -3285
v -5025 33.461 -3287
v -5025 33.692 -3289
v -5025 33.9213 -3291
v -5025 34.149 -3293
v -5025 34.3751 -3295
v -5025 34.5995 -3297
v -5025 34.8223 -3299
v -5025 35.0434 -3301
v -5025 35.2628 -3303
v -5025 35.4804 -3305
v -5025 35.6964 -3307
v -5023 2.56032 -3117
v -5023 3.56158 -3119
v -5023 5.79841 -3121
v -5023 7.57802 -3123
v -5023 8.42416 -3125
v -5023 9.46689 -3127
v -5023 10.3152 -3129
v -5023 10.7556 -3131
v -5023 11.2005 -3133
v -5023 11.5504 -3135
v -5023 11.8044 -3137
v -5023 12.4632 -3139
v -5023 13.3624 -3141
v -5023 14.3432 -3143
v -5023 15.292 -3145
v -5023 16.0609 -3147
v -5023 16.6118 -3149
v -5023 17.0658 -3151
v -5023 17.548 -3153
v -5023 18.0456 -3155
v -5023 18.5114 -3157
v -5023 19.0414 -3159
v -5023 19.7036 -3161
v -5023 20.1074 -3163
v -5023 20.2866 -3165
v -5023 20.4842 -3167
v -5023 20.7633 -3169
v -5023 21.0549 -3171
v -5023 21.4547 -3173
v -5023 22.0569 -3175
v -5023 22.6556 -3177
v -5023 22.4849 -3179
v -5023 22.0948 -3181
v -5023 21.6785 -3183
v -5023 21.4458 -3185
v -5023 21.5203 -3187
v -5023 21.6865 -3189
v -5023 21.8388 -3191
v -5023 21.9714 -3193
v -5023 22.1712 -3195
v -5023 22.6109 -3197
v -5023 23.2328 -3199
v -5023 23.9117 -3201
v -5023 24.5415 -3203
v -5023 25.0492 -3205
v -5023 25.3854 -3207
v -5023 25.5289 -3209
v -5023 25.602 -3211
v -5023 25.6894 -3213
v -5023 25.7793 -3215
v -5023 25.8121 -3217
v -5023 25.7925 -3219
v -5023 25.7277 -3221
v -5023 25.6649 -3223
v -5023 25.6696 -3225
v -5023 25.9405 -3227
v -5023 26.2106 -3229
v -5023 26.4796 -3231
v -5023 26.7477 -3233
v -5023 27.0147 -3235
v -5023 27.2806 -3237
v -5023 27.5455 -3239
v -5023 27.8093 -3241
v -5023 28.0719 -3243
v -5023 28.3334 -3245
v -5023 28.5938 -3247
v -5023 28.8529 -3249
v -5023 29.1108 -3251
v -5023 29.3675 -3253
v -5023 29.623 -3255
v -5023 29.8771 -3257
v -5023 30.13 -3259
v -5023 30.3815 -3261
v -5023 30.6317 -3263
v -5023 30.8805 -3265
v -5023 31.128 -3267
v -5023 31.374 -3269
v -5023 31.6186 -3271
v -5023 31.8618 -3273
v -5023 32.1036 -3275
v -5023 32.3438 -3277
v -5023 32.5825 -3279
v -5023 32.8198 -3281
v -5023 33.0555 -3283
v -5023 33.2896 -3285
v -5023 33.5222 -3287
v -5023 33.7532 -3289
v -5023 33.9826 -3291
v -5023 34.2103 -3293
v -5023 34.4365 -3295
v -5023 34.6609 -3297
v -5023 34.8837 -3299
v -5023 35.1049 -3301
v -5023 35.3243 -3303
v -5023 35.542 -3305
v -5023 35.758 -3307
f 2490 2849 2489
f 2490 2489 2488
f 2180 2179 2177
f 2179 2178 2177
f 2488 2489 2693
f 2849 2848 2489
f 2259 2258 2256
f 2258 2259 2362
f 2847 2846 2259
f 2263 2262 2260
f 2846 2362 2259
f 4137 4136 4135
f 2261 2262 2350
f 2262 174 2350
f 2249 2248 2178
f 2262 2261 2260
f 2179 2249 2178
f 2366 2365 2363
f 2365 2364 2363
f 2365 2477 2364
f 2258 2257 2256
f 2477 2476 2364
f 2476 2477 2625
f 2626 2476 2625
f 4138 4137 4135
f 2367 2256 2257
f 2480 2479 2478
f 2481 2480 2478
f 4143 4142 4135
f 4142 4141 4135
f 2836 2704 2834
f 4141 4140 4135
f 4139 4138 4135
f 4140 4139 4135
f 2704 2703 2701
f 2704 2701 2834
f 2250 2176 2356
f 2175 2176 2250
f 2176 2175 2173
f 2621 2356 2176
f 2622 2621 2176
f 2256 2482 2832
f 2367 2482 2256
f 2115 2114 2113
f 2116 2115 2113
f 2628 2481 2627
f 2481 2478 2627
f 2703 2702 2701
f 2694 2488 2693
f 2485 2484 2483
f 2486 2485 2483
f 2695 2694 2693
f 2487 2486 2483
f 4197 4196 4195
f 2482 2833 2832
f 2824 2628 2822
f 2628 2627 2822
f 2699 2698 2696
f 2371 2370 2368
f 2698 2697 2696
f 4132 4131 4128
f 4130 4129 4128
f 4131 4130 4128
f 4133 4132 4128
f 4134 4133 4128
f 4196 4197 4198
f 2692 2486 2487
f 2163 2162 2114
f 2115 2163 2114
f 4197 4199 4198
f 4199 4197 4190
f 4197 4189 4190
f 4197 4200 4189
f 4186 4200 4197
f 2352 2261 2350
f 2370 2369 2368
f 2370 2470 2369
f 2627 2823 2822
f 2826 2823 2825
f 2471 2472 2619
f 2472 2471 2354
f 2355 2472 2354
f 2620 2471 2619
f 2355 2354 2252
f 2253 2355 2252
f 2840 2515 2841
f 2840 2839 2515
f 2839 2838 2515
f 2379 2378 2377
f 2515 2838 2724
f 2515 2724 2514
f 2515 2514 2513
f 2516 2515 2513
f 2386 2385 2383
f 2386 2383 2517
f 2386 2517 2844
f 2843 2386 2842
f 2275 2274 2272
f 2274 2273 2272
f 2701 2835 2834
f 2834 2835 2837
f 2253 2252 2251
f 2175 2174 2173
f 2254 2253 2251
f 2379 2380 2506
f 2380 2379 2377
f 2511 2379 2506
f 2381 2274 2275
f 2382 2381 2275
f 2249 2349 2248
f 2349 2348 2248
f 175 174 165
f 174 173 165
f 174 2351 2350
f 2255 2173 2174
f 2359 2358 2357
f 2360 2359 2357
f 2517 2845 2844
f 2385 2384 2383
f 136 135 130
f 135 134 130
f 135 140 134
f 2353 2352 2350
f 2385 2518 2384
f 2829 2828 2385
f 2828 2827 2385
f 2827 2725 2385
f 2385 2725 2518
f 2192 2191 2189
f 2281 2519 2830
f 2281 2387 2519
f 2281 2278 2387
f 2281 2280 2278
f 2191 2190 2189
f 2474 2360 2473
f 2360 2357 2473
f 2255 2361 2173
f 2513 2691 2516
f 2669 2685 2672
f 2689 2688 2685
f 2686 2685 2684
f 2691 2690 2516
f 2685 2686 2723
f 2504 2503 2502
f 2685 2723 2672
f 2246 2162 2245
f 2162 2163 2245
f 2277 2276 2192
f 2276 2191 2192
f 140 139 134
f 2173 2361 2475
f 2624 2474 2623
f 2474 2473 2623
f 2519 2831 2830
f 2468 2352 2353
f 137 136 130
f 2470 2469 2369
f 2469 2470 2605
f 2505 2504 2502
f 2504 2505 2716
f 2718 2504 2716
f 2380 2510 2506
f 4186 4193 4200
f 2678 2674 2676
f 2682 2681 2679
f 2674 2677 2676
f 2606 2469 2605
f 2607 2606 2605
f 2608 2607 2605
f 2609 2608 2605
f 2610 2609 2605
f 2616 2615 2605
f 2615 2614 2605
f 2614 2613 2605
f 2613 2612 2605
f 2612 2611 2605
f 2611 2610 2605
f 131 137 130
f 2173 2475 2373
f 2173 2373 2372
f 2374 2173 2372
f 2181 2072 2264
f 2117 2072 2181
f 2089 2088 2086
f 2090 2072 2117
f 2088 2087 2086
f 2072 2071 2015
f 2071 2072 2090
f 132 131 129
f 131 130 129
f 2624 2623 2710
f 2711 2624 2710
f 4190 4189 4188
f 2681 2680 2679
f 2679 2680 2683
f 127 126 125
f 128 127 125
f 133 132 129
f 121 123 122
f 124 121 122
f 139 138 134
f 2509 2508 2506
f 2508 2507 2506
f 2501 2500 2498
f 2500 2499 2498
f 2111 2087 2108
f 2087 2088 2108
f 4125 4124 4122
f 4124 4123 4122
f 2510 2509 2506
f 2687 2686 2684
f 2280 2279 2278
f 2494 2493 2491
f 2631 2630 2629
f 2632 2631 2629
f 2632 2700 2631
f 169 168 165
f 170 169 165
f 171 170 165
f 172 171 165
f 167 166 165
f 168 167 165
f 173 172 165
f 142 141 138
f 143 142 138
f 2512 2511 2506
f 2462 2381 2382
f 2463 2462 2382
f 2596 2511 2593
f 2511 2595 2593
f 148 147 144
f 147 146 144
f 146 145 144
f 152 151 149
f 2280 2388 2279
f 151 150 149
f 151 155 153
f 4184 4185 4186
f 4185 4187 4186
f 4187 4192 4186
f 4192 4191 4186
f 4191 4194 4186
f 4194 4193 4186
f 4126 4125 4122
f 2265 2181 2264
f 2719 2718 2716
f 2493 2618 2492
f 2493 2492 2491
f 159 158 156
f 155 154 153
f 2720 2719 2716
f 2675 2674 2673
f 1778 1777 1775
f 1782 1781 1779
f 2004 2003 2001
f 1777 1776 1775
f 2280 2520 2388
f 1702 1701 1699
f 1781 1780 1779
f 1710 1709 1707
f 1698 1697 1695
f 1762 1761 1759
f 1758 1757 1755
f 1706 1705 1703
f 1697 1696 1695
f 1761 1760 1759
f 1709 1708 1707
f 2277 2342 2341
f 2276 2277 2341
f 121 118 119
f 118 120 119
f 2003 2002 2001
f 1770 1769 1767
f 2092 2119 2091
f 2119 2118 2091
f 2119 2183 2118
f 1701 1700 1699
f 1690 1689 1687
f 1694 1693 1691
f 1769 1768 1767
f 2595 2594 2593
f 1742 1741 1739
f 1746 1745 1743
f 1745 1744 1743
f 2183 2182 2118
f 2268 2267 2266
f 1757 1756 1755
f 1754 1753 1751
f 1689 1688 1687
f 1741 1740 1739
f 1705 1704 1703
f 1738 1737 1735
f 1693 1692 1691
f 2709 2520 2280
f 2075 2092 2074
f 2092 2091 2074
f 1737 1736 1735
f 2672 2671 2669
f 2269 2268 2266
f 4127 4126 4122
f 2599 2598 2593
f 2598 2597 2593
f 2597 2596 2593
f 2094 2270 2375
f 2094 2120 2184
f 2376 2094 2375
f 2094 2184 2270
f 2124 2123 2121
f 2094 2032 2093
f 2123 2122 2121
f 2496 2280 2495
f 2709 2280 2496
f 2094 2093 2120
f 2671 2670 2669
f 2721 2720 2716
f 2722 2721 2716
f 2159 2111 2158
f 2112 2111 2108
f 2071 2062 2015
f 2076 2075 2073
f 2075 2074 2073
f 2122 2195 2193
f 2196 2122 2193
f 118 117 114
f 2497 2496 2495
f 2668 2667 2665
f 2667 2666 2665
f 2665 2666 2854
f 2665 2854 2652
f 2649 2665 2652
f 2714 2713 2712
f 116 115 114
f 117 116 114
f 2505 2717 2716
f 2811 2810 2805
f 2810 2717 2805
f 158 157 156
f 2618 2617 2492
f 2618 2819 2617
f 2467 2466 2464
f 2602 2601 2600
f 2466 2465 2464
f 2603 2602 2600
f 2865 2714 2715
f 2715 2714 2712
f 2056 2064 2055
f 2064 2063 2055
f 2054 2015 2062
f 113 112 110
f 112 111 110
f 164 163 160
f 96 95 94
f 163 162 160
f 2604 2603 2600
f 1734 1733 1731
f 1733 1732 1731
f 1726 1725 1723
f 73 72 67
f 74 73 67
f 68 74 67
f 68 67 66
f 67 62 66
f 71 70 67
f 72 71 67
f 32 31 30
f 1718 1717 1715
f 1753 1752 1751
f 1725 1724 1723
f 1785 1784 1783
f 1721 1720 1719
f 1722 1721 1719
f 1791 1790 1789
f 1792 1791 1789
f 1730 1729 1727
f 1786 1785 1783
f 1713 1712 1711
f 1806 1805 1803
f 1807 1806 1803
f 1714 1713 1711
f 1816 1815 1813
f 1820 1819 1817
f 1819 1818 1817
f 162 161 160
f 1812 1811 1809
f 1815 1814 1813
f 1717 1716 1715
f 1729 1728 1727
f 1811 1810 1809
f 2812 2811 2805
f 64 63 62
f 65 64 62
f 33 32 30
f 2247 2246 2245
f 2346 2345 2344
f 108 103 107
f 109 108 107
f 2043 2056 2042
f 2056 2055 2042
f 2054 2041 2015
f 4185 4184 4181
f 2654 2657 2656
f 4183 4185 4181
f 2658 2654 2656
f 2662 2661 2659
f 1788 1787 1783
f 290 289 286
f 289 290 1685
f 291 290 286
f 1686 289 1685
f 1793 1792 1789
f 1787 1786 1783
f 292 291 286
f 1805 1804 1803
f 295 294 293
f 2661 2660 2659
f 2664 2660 2663
f 69 68 66
f 11 10 9
f 296 295 293
f 2343 2276 2341
f 2195 2194 2193
f 2284 2195 2282
f 2195 2283 2282
f 289 1684 1683
f 1794 1793 1789
f 2032 2077 2093
f 289 288 286
f 288 289 1683
f 37 36 35
f 38 37 35
f 34 33 30
f 29 34 30
f 105 104 103
f 106 105 103
f 78 77 75
f 77 76 75
f 2347 2346 2344
f 1808 1807 1803
f 2015 2041 2027
f 2043 2042 2029
f 2030 2043 2029
f 1795 1794 1789
f 288 1682 1681
f 2155 2154 2152
f 2154 2153 2152
f 2172 2171 2167
f 2088 2110 2108
f 2110 2109 2108
f 102 99 100
f 99 97 100
f 97 101 100
f 2866 2865 2715
f 2929 2865 2866
f 2717 2809 2805
f 26 25 24
f 56 52 54
f 52 51 50
f 59 58 57
f 60 59 57
f 61 60 57
f 27 26 24
f 1796 1795 1789
f 288 1680 1679
f 288 287 286
f 288 1676 1675
f 288 1678 1676
f 28 27 24
f 29 28 24
f 4183 4181 4182
f 4177 4182 4181
f 4176 4177 4181
f 2633 2629 2630
f 2032 2065 2077
f 2239 2238 2237
f 2240 2239 2237
f 2239 2240 2241
f 2242 2239 2241
f 2161 2160 2158
f 2160 2159 2158
f 52 55 54
f 1678 1677 1676
f 1800 1799 1797
f 1799 1798 1797
f 11 13 12
f 1802 1801 1797
f 1801 1800 1797
f 2030 2029 2028
f 2031 2030 2028
f 2015 2027 2014
f 2156 2155 2152
f 2807 2806 2805
f 2808 2807 2805
f 2809 2808 2805
f 2655 2654 2653
f 39 38 35
f 38 44 41
f 45 38 41
f 2243 2242 2241
f 2040 2023 2024
f 2053 2023 2040
f 2061 2023 2053
f 2083 2082 2081
f 2084 2083 2081
f 2016 2015 2013
f 2015 2014 2013
f 2025 2024 2023
f 2026 2025 2023
f 2023 2061 2069
f 14 11 12
f 18 17 12
f 53 52 50
f 17 16 12
f 2022 2021 2018
f 2021 2020 2018
f 15 14 12
f 5 4 1
f 4 3 1
f 40 39 35
f 76 81 79
f 2083 2106 2082
f 2106 2105 2082
f 2815 2814 2813
f 2244 2243 2241
f 2032 2057 2065
f 1823 1822 1821
f 1728 1713 1714
f 1727 1728 1714
f 2238 2157 2237
f 2157 2156 2152
f 1824 1823 1821
f 85 79 82
f 81 80 79
f 79 84 82
f 6 5 1
f 1716 1733 1734
f 2128 2127 2126
f 2130 2129 2121
f 2125 2124 2121
f 19 18 12
f 16 15 12
f 1715 1716 1734
f 2170 2169 2167
f 2169 2168 2167
f 2171 2170 2167
f 2166 2165 2164
f 2165 2110 2164
f 1765 1764 1763
f 313 312 311
f 2017 2016 2013
f 314 313 311
f 1766 1765 1763
f 2188 2187 2185
f 2186 2125 2185
f 2187 2186 2185
f 99 98 97
f 2816 2815 2813
f 2817 2816 2813
f 315 314 311
f 2235 2234 2169
f 44 43 41
f 405 404 403
f 4277 4276 4275
f 4273 4272 4271
f 4274 4273 4271
f 2819 2818 2617
f 2934 2933 2931
f 2044 2057 2032
f 2856 2855 2634
f 2855 2850 2634
f 2708 2707 2705
f 2636 2635 2634
f 2637 2636 2634
f 2637 2634 2850
f 2652 2651 2649
f 2707 2706 2705
f 2707 2821 2706
f 22 21 20
f 23 22 20
f 43 42 41
f 84 83 82
f 89 88 86
f 2020 2019 2018
f 316 315 311
f 388 387 382
f 387 386 382
f 408 407 403
f 407 406 403
f 406 405 403
f 4178 4177 4176
f 4179 4178 4176
f 2149 2105 2148
f 2105 2106 2148
f 7 6 1
f 2046 2078 2066
f 2046 2096 2078
f 2046 2066 2058
f 2044 2032 2033
f 2134 2133 2131
f 2133 2132 2131
f 2046 2058 2045
f 2047 2046 2045
f 2034 2033 2032
f 2035 2034 2032
f 88 87 86
f 93 92 90
f 92 91 90
f 2229 2233 2169
f 2233 2232 2169
f 2228 2229 2169
f 2234 2228 2169
f 4270 4269 4268
f 2651 2650 2649
f 2930 2929 2866
f 2933 2932 2931
f 2197 2133 2134
f 2198 2197 2134
f 4311 4310 4308
f 4310 4309 4308
f 386 385 382
f 4288 4287 4286
f 2060 2052 2059
f 2052 2049 2059
f 2052 2051 2049
f 377 376 374
f 378 377 374
f 2039 2038 2036
f 2051 2050 2049
f 4289 4288 4286
f 379 378 374
f 1703 1704 1690
f 1704 1689 1690
f 1749 1748 1747
f 8 7 1
f 2821 2820 2706
f 2821 2936 2820
f 2060 2059 2067
f 2068 2060 2067
f 1750 1749 1747
f 1692 1709 1710
f 318 317 311
f 317 316 311
f 2960 2645 2959
f 2863 2862 2861
f 2645 2943 2959
f 2645 2853 2943
f 2645 2646 2853
f 2647 2646 2645
f 2648 2647 2645
f 2038 2037 2036
f 1691 1692 1710
f 1773 1772 1771
f 2150 2149 2148
f 2957 2863 2864
f 2864 2863 2861
f 1774 1773 1771
f 376 375 374
f 4306 4311 4308
f 2271 2186 2187
f 49 48 46
f 48 47 46
f 2197 2198 2285
f 2198 2286 2285
f 2048 2047 2045
f 2061 2070 2069
f 2080 2068 2079
f 2068 2067 2079
f 4177 4178 4180
f 3 2 1
f 402 401 398
f 401 400 398
f 384 383 382
f 385 384 382
f 4308 4307 4306
f 2228 2227 2226
f 2229 2228 2226
f 2958 2957 2864
f 3029 2957 2958
f 2642 2641 2638
f 2085 2069 2070
f 2100 2099 2097
f 2099 2098 2097
f 2641 2640 2638
f 2641 2852 2640
f 2640 2639 2638
f 2644 2639 2643
f 2287 2197 2285
f 2230 2229 2226
f 2096 2095 2078
f 2936 2935 2820
f 3034 3033 3031
f 2085 2107 2069
f 2137 2100 2136
f 2100 2097 2136
f 2942 2941 2939
f 2852 2851 2640
f 1112 1111 1107
f 1111 1110 1107
f 1089 1088 1087
f 1124 1123 1122
f 1110 1109 1107
f 244 243 242
f 1109 1108 1107
f 1127 1126 1125
f 245 244 242
f 1106 1105 1100
f 1105 1104 1100
f 2096 2135 2095
f 1227 1226 1225
f 1093 1092 1087
f 1228 1227 1225
f 1090 1089 1087
f 1091 1090 1087
f 1092 1091 1087
f 1225 1226 1231
f 1147 1146 1145
f 1144 1143 1141
f 1143 1142 1141
f 1230 1229 1224
f 1229 1223 1224
f 1224 1223 1221
f 1104 1103 1100
f 246 245 242
f 1235 1236 1228
f 1236 1227 1228
f 1221 1222 1234
f 1223 1222 1221
f 1155 1154 1153
f 1156 1155 1153
f 3030 3029 2958
f 3033 3032 3031
f 1130 1129 1128
f 1131 1130 1128
f 1226 1232 1231
f 1134 1133 1132
f 1135 1134 1132
f 1244 1243 1241
f 1243 1242 1241
f 1148 1147 1145
f 1241 1242 1247
f 1199 1198 1197
f 1200 1199 1197
f 1195 1194 1193
f 1246 1245 1240
f 1245 1239 1240
f 1240 1239 1237
f 400 399 398
f 380 379 374
f 4302 4301 4300
f 381 380 374
f 1115 1114 1113
f 240 239 238
f 241 240 238
f 254 253 247
f 252 251 250
f 249 248 247
f 1222 1233 1234
f 4305 4304 4300
f 4304 4303 4300
f 4303 4302 4300
f 1251 1252 1244
f 1252 1243 1244
f 1239 1238 1237
f 1237 1238 1250
f 1204 1203 1201
f 1203 1202 1201
f 1103 1102 1100
f 1242 1248 1247
f 1160 1159 1157
f 1159 1158 1157
f 1163 1162 1161
f 1164 1163 1161
f 1196 1195 1193
f 1268 1267 1264
f 1267 1263 1264
f 1264 1263 1260
f 1179 1178 1177
f 1253 1254 1261
f 1254 1262 1261
f 1261 1262 1265
f 1175 1174 1173
f 1176 1175 1173
f 237 236 234
f 2012 2011 2009
f 1180 1179 1177
f 1171 1170 1169
f 1172 1171 1169
f 1238 1249 1250
f 391 390 389
f 392 391 389
f 1257 1258 1268
f 1258 1267 1268
f 2205 2137 2204
f 2137 2136 2204
f 2069 2107 2151
f 1262 1266 1265
f 1265 1266 1256
f 1188 1187 1185
f 1187 1186 1185
f 1263 1259 1260
f 1211 1210 1209
f 1216 1215 1213
f 1215 1214 1213
f 1212 1211 1209
f 396 395 394
f 397 396 394
f 2011 2010 2009
f 1272 1271 1269
f 1271 1270 1269
f 2008 2007 2005
f 1316 1315 1313
f 1102 1101 1100
f 1219 1218 1217
f 1220 1219 1217
f 1266 1255 1256
f 2941 2940 2939
f 2941 3040 2940
f 2855 2856 2944
f 1118 1117 1116
f 236 235 234
f 2096 2203 2135
f 1315 1314 1313
f 2007 2006 2005
f 1308 1307 1305
f 1098 1097 1094
f 1099 1098 1094
f 1121 1120 1119
f 1097 1096 1094
f 1096 1095 1094
f 4244 4243 4242
f 4209 4208 4207
f 4238 4237 4235
f 4239 4238 4235
f 362 361 360
f 363 362 360
f 4216 4215 4214
f 4245 4244 4242
f 4260 4259 4258
f 4234 4233 4232
f 4261 4260 4258
f 4231 4230 4228
f 4230 4229 4228
f 393 392 389
f 4294 4293 4290
f 4295 4294 4290
f 4251 4250 4246
f 4250 4249 4246
f 371 370 369
f 4240 4239 4235
f 2300 2205 2299
f 2069 2151 2236
f 2205 2204 2299
f 1304 1303 1301
f 1295 1294 1293
f 1296 1295 1293
f 373 372 369
f 372 371 369
f 4241 4240 4235
f 1351 1350 1347
f 1356 1355 1354
f 1292 1291 1289
f 1300 1299 1297
f 1299 1298 1297
f 1352 1351 1347
f 1307 1306 1305
f 1280 1279 1277
f 1303 1302 1301
f 4237 4236 4235
f 1327 1326 1325
f 1332 1331 1329
f 1328 1327 1325
f 367 366 364
f 366 365 364
f 4249 4248 4246
f 4248 4247 4246
f 1336 1335 1333
f 1335 1334 1333
f 1357 1356 1354
f 1276 1275 1273
f 1275 1274 1273
f 4262 4261 4258
f 4263 4262 4258
f 4257 4256 4254
f 4256 4255 4254
f 4254 4253 4252
f 4252 4257 4254
f 368 367 364
f 1291 1290 1289
f 1331 1330 1329
f 1320 1319 1317
f 1279 1278 1277
f 2147 2146 2102
f 2103 2147 2102
f 2103 2102 2101
f 2405 2404 2402
f 2404 2403 2402
f 2339 2069 2236
f 2340 2339 2236
f 1319 1318 1317
f 3040 3039 2940
f 3300 2944 2856
f 3039 3040 3161
f 2298 2203 2096
f 2141 2140 2138
f 2140 2141 2206
f 2206 2141 2303
f 2303 2141 2408
f 2460 2408 2141
f 2461 2460 2141
f 2104 2103 2101
f 3301 3300 2856
f 3162 3039 3161
f 4158 4157 4156
f 4159 4158 4156
f 2960 2959 3065
f 4213 4212 4210
f 1138 1137 1136
f 1231 1232 1235
f 1232 1236 1235
f 1139 1138 1136
f 1140 1139 1136
f 2146 2147 2222
f 2224 2146 2222
f 2459 2458 2456
f 2540 2539 2538
f 2541 2540 2538
f 4212 4211 4210
f 4224 4223 4217
f 4223 4222 4217
f 1233 1229 1230
f 1353 1352 1347
f 257 256 255
f 1234 1233 1230
f 4227 4226 4225
f 2886 2885 2883
f 2793 2792 2791
f 2796 2795 2794
f 2919 2918 2917
f 2980 2979 2977
f 2979 2978 2977
f 258 257 255
f 4222 4221 4217
f 1151 1150 1149
f 2584 2583 2581
f 2749 2748 2747
f 2458 2457 2456
f 2750 2749 2747
f 1152 1151 1149
f 2298 2096 2401
f 4221 4220 4217
f 2289 2288 2202
f 2288 2201 2202
f 2202 2201 2199
f 4119 4118 4116
f 4118 4117 4116
f 2920 2919 2917
f 2885 2884 2883
f 2583 2582 2581
f 259 258 255
f 1340 1339 1333
f 1337 1336 1333
f 1338 1337 1333
f 1339 1338 1333
f 262 261 255
f 261 260 255
f 263 262 255
f 264 263 255
f 265 264 255
f 260 259 255
f 266 265 255
f 267 266 255
f 2741 2297 2739
f 2201 2200 2199
f 2297 2534 2739
f 2297 2296 2294
f 2297 2399 2534
f 2297 2294 2399
f 2536 2401 2096
f 2537 2536 2096
f 2859 2938 2858
f 2859 2858 2857
f 2860 2859 2857
f 2960 3065 3298
f 3065 3299 3298
f 4220 4219 4217
f 2289 2336 2335
f 2288 2289 2335
f 4219 4218 4217
f 2948 2947 2945
f 3046 3170 2945
f 2947 2946 2945
f 3046 2945 2946
f 2945 3170 3302
f 2938 3036 2937
f 2938 2937 2858
f 2588 2587 2585
f 2225 2224 2222
f 2587 2586 2585
f 2800 2799 2797
f 2924 2923 2921
f 2923 2922 2921
f 3023 3022 3021
f 2746 2745 2743
f 2745 2744 2743
f 2799 2798 2797
f 4160 4159 4156
f 2881 2880 2879
f 2882 2881 2879
f 3089 3088 3086
f 2976 2975 2973
f 2975 2974 2973
f 3088 3087 3086
f 2955 2954 2953
f 2956 2955 2953
f 3059 2955 2956
f 2231 2230 2226
f 1349 1348 1347
f 1350 1349 1347
f 1346 1345 1341
f 1343 1342 1341
f 1344 1343 1341
f 1345 1344 1341
f 3170 3303 3302
f 4120 4119 4116
f 3024 3023 3021
f 3063 3346 3198
f 3063 3198 3062
f 3295 3346 3063
f 3296 3295 3063
f 3063 3062 3061
f 3297 3296 3063
f 3064 3063 3061
f 3060 3059 2956
f 3148 3059 3060
f 2407 2543 2406
f 2302 2407 2301
f 2407 2406 2301
f 2543 2542 2406
f 2592 2591 2589
f 2875 2874 2873
f 2972 2971 2969
f 2971 2970 2969
f 2878 2877 2876
f 2742 2741 2739
f 3036 3035 2937
f 3153 3152 3150
f 3084 3083 3082
f 3085 3084 3082
f 3142 3141 3140
f 3143 3142 3140
f 4284 4283 4282
f 4285 4284 4282
f 4280 4279 4278
f 2928 2927 2925
f 2804 2803 2801
f 2803 2802 2801
f 2302 2301 2208
f 2209 2302 2208
f 2927 2926 2925
f 3027 3026 3025
f 4281 4280 4278
f 4293 4292 4290
f 2591 2590 2589
f 3152 3151 3150
f 3149 3148 3060
f 4161 4160 4156
f 4121 4120 4116
f 3028 3027 3025
f 3146 3145 3144
f 1248 1252 1251
f 1167 1166 1165
f 1247 1248 1251
f 2231 2329 2328
f 1168 1167 1165
f 1249 1245 1246
f 2147 2223 2222
f 2330 2231 2328
f 2334 2333 2331
f 1250 1249 1246
f 3147 3146 3144
f 1191 1190 1189
f 4267 4266 4264
f 4266 4265 4264
f 1192 1191 1189
f 2140 2139 2138
f 2209 2208 2207
f 2210 2209 2207
f 4292 4291 4290
f 3293 3292 3289
f 4162 4161 4156
f 2338 2337 2335
f 2337 2288 2335
f 3291 3290 3289
f 3292 3291 3289
f 3289 3290 3294
f 4299 4298 4296
f 4298 4297 4296
f 2296 2295 2294
f 3292 3169 3291
f 2333 2332 2331
f 3169 3166 3291
f 1323 1322 1321
f 1283 1282 1281
f 1284 1283 1281
f 1324 1323 1321
f 2211 2138 2139
f 2307 2306 2304
f 2306 2305 2304
f 1287 1286 1285
f 1288 1287 1285
f 1311 1310 1309
f 3169 3168 3166
f 1312 1311 1309
f 2296 2400 2295
f 3168 3167 3166
f 2211 2308 2138
f 2410 2307 2409
f 2307 2304 2409
f 1260 1259 1257
f 1259 1258 1257
f 1207 1206 1205
f 3045 3044 3042
f 1208 1207 1205
f 1255 1254 1253
f 1256 1255 1253
f 1183 1182 1181
f 2296 2535 2400
f 3044 3043 3042
f 1184 1183 1181
f 2410 2409 2544
f 2545 2410 2544
f 2138 2308 2411
f 2452 2451 2450
f 2453 2452 2450
f 2327 2326 2220
f 2947 2948 3041
f 3044 3164 3043
f 2455 2454 2390
f 2740 2535 2296
f 2221 2327 2220
f 2221 2220 2143
f 3164 3163 3043
f 3064 3061 3197
f 2390 2389 2293
f 2454 2389 2390
f 2138 2411 2546
f 2545 2544 2751
f 2752 2545 2751
f 2144 2221 2143
f 2144 2143 2142
f 3278 3277 3276
f 3038 3156 3154
f 3156 3155 3154
f 3279 3278 3276
f 2389 2292 2293
f 2293 2292 2290
f 3272 3191 3271
f 3273 3272 3271
f 2890 2889 2887
f 2753 2138 2546
f 2754 2753 2546
f 2889 2888 2887
f 2740 2296 2872
f 3041 2948 3165
f 3164 3305 3163
f 2145 2144 2142
f 2758 2757 2215
f 2757 2549 2215
f 2414 2215 2549
f 2309 2215 2414
f 2214 2215 2309
f 2215 2214 2212
f 2292 2291 2290
f 2398 2397 2395
f 2398 2395 2532
f 2398 2532 2737
f 2967 2872 2296
f 2398 2737 2870
f 2968 2967 2296
f 2964 2398 2870
f 3037 3038 3154
f 3038 3037 2950
f 2951 3038 2950
f 3305 3304 3163
f 3064 3197 3345
f 3192 3191 3189
f 3191 3057 3189
f 2894 2893 2891
f 2984 2983 2981
f 2983 2982 2981
f 3099 3098 3097
f 3224 3223 3221
f 3227 3226 3225
f 3096 3095 3094
f 3375 3374 3373
f 3376 3375 3373
f 2893 2892 2891
f 2988 2987 2985
f 3092 3091 3090
f 3093 3092 3090
f 3223 3222 3221
f 2987 2986 2985
f 3304 3305 3424
f 3427 3165 2948
f 3057 3058 3189
f 3058 3057 3055
f 3057 3056 3055
f 2951 2950 2949
f 2952 2951 2949
f 3081 3080 3078
f 3080 3079 3078
f 3372 3371 3369
f 3496 3495 3494
f 3497 3496 3494
f 3219 3218 3217
f 3220 3219 3217
f 1054 1053 1052
f 1055 1054 1052
f 1079 1078 1074
f 1077 1076 1074
f 1076 1075 1074
f 228 227 225
f 229 228 225
f 227 226 225
f 1083 1082 1081
f 1078 1077 1074
f 3426 3425 3424
f 3425 3304 3424
f 4165 4164 4163
f 3428 3427 2948
f 3064 3345 3473
f 3371 3370 3369
f 4113 4112 4110
f 4112 4111 4110
f 3228 3227 3225
f 1073 1072 1068
f 3196 3195 3193
f 3538 3537 3536
f 3550 3064 3549
f 3195 3194 3193
f 3195 3344 3194
f 3064 3473 3549
f 3195 3472 3344
f 3600 3472 3195
f 3600 3195 3547
f 3547 3195 3546
f 4166 4165 4163
f 3050 3049 3047
f 3049 3048 3047
f 3176 3047 3048
f 3176 3313 3047
f 3047 3313 3434
f 3541 3047 3539
f 3047 3434 3540
f 3047 3540 3539
f 1011 1008 1014
f 1015 1011 1014
f 1015 1014 1018
f 4167 4166 4163
f 1070 1069 1068
f 1071 1070 1068
f 1019 1015 1018
f 1019 1018 1009
f 1072 1071 1068
f 1017 1016 1012
f 1013 1017 1012
f 1013 1012 1005
f 929 928 926
f 928 927 926
f 933 932 930
f 932 931 930
f 1007 1004 1016
f 1017 1007 1016
f 937 936 934
f 2902 2901 2899
f 2901 2900 2899
f 2996 2995 2993
f 328 327 326
f 409 419 417
f 419 418 417
f 329 328 326
f 4314 4313 4312
f 4329 4328 4327
f 4326 4325 4323
f 4325 4324 4323
f 4331 4330 4327
f 4330 4329 4327
f 3212 3211 3209
f 3211 3210 3209
f 3072 3071 3070
f 921 920 917
f 915 914 913
f 916 915 913
f 2965 2964 2870
f 3075 3074 3073
f 3235 3234 3233
f 919 918 917
f 920 919 917
f 2995 2994 2993
f 3106 3105 3104
f 3107 3106 3104
f 224 223 217
f 222 221 220
f 219 218 217
f 1010 1019 1009
f 1006 1013 1005
f 3364 3363 3361
f 3363 3362 3361
f 3489 3488 3486
f 3488 3487 3486
f 1056 1055 1052
f 1059 1058 1057
f 233 228 229
f 232 233 229
f 3274 3273 3271
f 4320 4319 4315
f 4321 4320 4315
f 2756 2755 2547
f 2548 2756 2547
f 2548 2547 2412
f 2898 2897 2895
f 2897 2896 2895
f 3102 3101 3100
f 3103 3102 3100
f 2991 2990 2989
f 2413 2548 2412
f 3548 3547 3546
f 4168 4167 4163
f 4169 4168 4163
f 4114 4113 4110
f 4115 4114 4110
f 3236 3235 3233
f 3232 3231 3229
f 3231 3230 3229
f 233 232 230
f 2413 2412 2311
f 4319 4318 4315
f 2992 2991 2989
f 1086 1085 1084
f 232 231 230
f 232 1080 231
f 3380 3379 3377
f 3379 3378 3377
f 2312 2413 2311
f 410 419 409
f 4318 4317 4315
f 330 329 326
f 3275 3274 3271
f 1027 1024 1030
f 1031 1027 1030
f 1031 1030 1034
f 1033 1032 1028
f 1029 1033 1028
f 1029 1028 1021
f 975 974 972
f 979 978 976
f 978 977 976
f 1035 1034 1025
f 1035 1031 1034
f 936 935 934
f 974 973 972
f 987 986 984
f 945 944 942
f 944 943 942
f 949 948 946
f 1033 1023 1032
f 1023 1020 1032
f 3433 3432 3555
f 3556 3433 3555
f 3556 3555 3641
f 3642 3556 3641
f 3544 3543 3542
f 1022 1029 1021
f 948 947 946
f 1067 1066 1064
f 953 952 950
f 1026 1035 1025
f 2397 2396 2395
f 2312 2311 2310
f 1066 1065 1064
f 3545 3544 3542
f 213 212 210
f 890 889 888
f 214 213 210
f 887 886 883
f 952 951 950
f 212 211 210
f 885 884 883
f 886 885 883
f 1062 1061 1060
f 1063 1062 1060
f 2214 2213 2212
f 2313 2312 2310
f 3433 3312 3432
f 3312 3309 3432
f 882 881 879
f 911 910 909
f 912 911 909
f 1011 1010 1008
f 1010 1009 1008
f 1007 1006 1004
f 1006 1005 1004
f 322 321 319
f 321 320 319
f 3158 3157 3154
f 3157 3037 3154
f 411 410 409
f 412 411 409
f 925 924 922
f 924 923 922
f 2580 2579 2522
f 2577 2576 2575
f 2578 2577 2575
f 2449 2448 2324
f 2397 2533 2396
f 2417 2416 2415
f 3312 3311 3309
f 3311 3310 3309
f 1047 1046 1041
f 1042 1047 1041
f 1042 1041 1040
f 4317 4316 4315
f 1039 1036 1044
f 1038 1037 1036
f 1039 1038 1036
f 960 959 958
f 965 964 963
f 966 965 963
f 1043 1040 1050
f 1043 1042 1040
f 986 985 984
f 995 994 992
f 994 993 992
f 991 990 988
f 2314 2212 2213
f 2418 2417 2415
f 1049 1048 1037
f 1038 1049 1037
f 970 969 967
f 971 970 967
f 990 989 988
f 1045 1039 1044
f 1003 1002 1000
f 1051 1043 1050
f 4346 4345 4343
f 4350 4349 4343
f 4349 4348 4343
f 4347 4346 4343
f 4348 4347 4343
f 4345 4344 4343
f 1002 1001 1000
f 4336 4335 4332
f 4337 4336 4332
f 411 412 413
f 4322 4321 4315
f 4340 4339 4338
f 4341 4340 4338
f 1958 1957 1955
f 310 309 307
f 309 308 307
f 1961 1960 1959
f 891 890 888
f 839 838 837
f 840 839 837
f 832 831 830
f 831 828 830
f 1957 1956 1955
f 1953 1952 1951
f 1954 1953 1951
f 1934 1933 1931
f 1962 1961 1959
f 1941 1940 1939
f 1933 1932 1931
f 961 960 958
f 962 961 958
f 2000 1999 905
f 1993 1992 1991
f 1938 1937 1935
f 1937 1936 1935
f 1929 1928 1927
f 1994 1993 1991
f 1989 1988 1987
f 1999 908 905
f 2418 2415 2550
f 2397 2738 2533
f 2522 2521 2394
f 2579 2521 2522
f 3174 3173 3172
f 3175 3174 3172
f 1990 1989 1987
f 1926 1925 1923
f 1985 1984 1983
f 1930 1929 1927
f 1921 1920 1919
f 1925 1924 1923
f 1974 1973 1971
f 1973 1972 1971
f 1977 1976 1975
f 1942 1941 1939
f 1978 1977 1975
f 841 840 837
f 851 850 848
f 847 851 848
f 881 572 879
f 1970 1969 1967
f 1969 1968 1967
f 1986 1985 1983
f 1918 1917 1915
f 1917 1916 1915
f 1922 1921 1919
f 215 214 210
f 572 880 879
f 216 215 210
f 2551 2418 2550
f 2314 2419 2212
f 415 414 413
f 412 416 413
f 416 415 413
f 325 324 319
f 324 323 319
f 323 322 319
f 2325 2449 2324
f 2325 2324 2217
f 892 891 888
f 201 200 190
f 200 199 190
f 1998 1997 1995
f 1997 1996 1995
f 333 332 331
f 3058 3190 3189
f 2871 2738 2397
f 2551 2550 2759
f 3160 3281 3280
f 3188 3338 3332
f 3335 3334 3332
f 335 334 331
f 334 333 331
f 3187 3188 3332
f 3334 3333 3332
f 436 435 431
f 438 437 428
f 3338 3337 3332
f 3337 3336 3332
f 3336 3335 3332
f 896 895 893
f 202 201 190
f 891 896 893
f 3196 3193 3343
f 3174 3307 3173
f 3307 3306 3173
f 574 573 571
f 573 572 571
f 2521 2393 2394
f 2394 2393 2391
f 895 894 893
f 203 202 190
f 2760 2551 2759
f 2212 2419 2552
f 3159 3160 3280
f 3160 3159 3052
f 3053 3160 3052
f 4334 4333 4332
f 4335 4334 4332
f 435 434 431
f 3285 3284 3280
f 3286 3285 3280
f 3049 3050 3171
f 833 832 830
f 464 463 460
f 463 462 460
f 2871 2397 2966
f 2760 2759 2903
f 907 906 905
f 908 907 905
f 427 426 423
f 343 342 340
f 338 337 336
f 3284 3283 3280
f 434 433 431
f 433 432 431
f 344 343 340
f 3283 3282 3280
f 3282 3159 3280
f 2218 2217 2216
f 2218 2325 2217
f 459 458 457
f 430 429 428
f 426 425 423
f 425 424 423
f 3419 3418 3415
f 346 345 340
f 345 344 340
f 4342 4341 4338
f 2393 2392 2391
f 3076 2966 2397
f 3077 3076 2397
f 2531 2530 2528
f 2531 2528 2735
f 2531 2735 2868
f 2531 2868 2962
f 3067 2531 2962
f 204 203 190
f 850 849 848
f 3196 3343 3471
f 3430 3429 3306
f 3307 3430 3306
f 2904 2760 2903
f 2212 2552 2761
f 1027 1026 1024
f 940 939 938
f 941 940 938
f 2999 2998 2997
f 3418 3417 3415
f 3417 3416 3415
f 1026 1025 1024
f 3188 3187 3185
f 3187 3186 3185
f 339 338 336
f 342 341 340
f 422 421 420
f 1023 1022 1020
f 1022 1021 1020
f 898 897 893
f 899 898 893
f 205 204 190
f 897 891 893
f 983 982 980
f 982 981 980
f 3000 2999 2997
f 2905 2212 2761
f 2906 2905 2761
f 3171 3050 3308
f 834 833 830
f 467 466 461
f 846 847 848
f 572 568 571
f 847 846 845
f 462 461 460
f 3216 3215 3213
f 3215 3214 3213
f 3111 3110 3108
f 1473 1468 1471
f 1474 1473 1471
f 1468 1469 1471
f 1475 1474 1471
f 1632 1631 1630
f 1423 1422 1420
f 1469 1472 1471
f 1424 1423 1420
f 1476 1475 1471
f 829 828 827
f 828 829 830
f 828 824 827
f 3500 3499 3498
f 3616 3615 3613
f 3384 3383 3381
f 3383 3382 3381
f 3615 3614 3613
f 3493 3492 3490
f 2555 2318 2764
f 2219 2218 2216
f 2420 2318 2555
f 2317 2318 2420
f 2909 2764 2318
f 2910 2909 2318
f 2318 2317 2315
f 3430 3552 3429
f 3552 3551 3429
f 3196 3471 3599
f 3239 3238 3237
f 3367 3366 3365
f 3110 3109 3108
f 3368 3367 3365
f 199 198 190
f 1633 1632 1630
f 1633 1630 1634
f 3004 3003 3001
f 3492 3491 3490
f 3240 3239 3237
f 3054 3053 3051
f 3053 3052 3051
f 1422 1421 1420
f 1432 1431 1425
f 1635 1633 1634
f 1633 1674 1632
f 3501 3500 3498
f 3246 3245 3244
f 3243 3242 3241
f 3387 3386 3385
f 2781 2780 2779
f 2782 2781 2779
f 2729 2788 2786
f 2788 2787 2786
f 466 456 465
f 466 465 461
f 835 834 830
f 3341 3470 3340
f 3341 3340 3339
f 3342 3341 3339
f 3690 3196 3689
f 3196 3599 3689
f 3341 3598 3470
f 3688 3598 3341
f 3688 3341 3700
f 3700 3341 3699
f 3115 3114 3112
f 3003 3002 3001
f 3114 3113 3112
f 3645 3644 3643
f 3646 3645 3643
f 3308 3050 3431
f 2563 2562 2561
f 2562 2440 2561
f 206 205 190
f 3068 3067 2962
f 3203 3202 3201
f 3206 3205 3204
f 897 898 900
f 207 206 190
f 3355 3354 3353
f 3356 3355 3353
f 1410 1409 1408
f 1482 1383 1481
f 1483 1482 1481
f 273 272 268
f 272 271 268
f 1411 1410 1408
f 1412 1411 1408
f 3608 3607 3605
f 3607 3606 3605
f 3481 3480 3478
f 1633 1641 1674
f 569 568 566
f 570 569 566
f 198 197 190
f 4175 4174 4170
f 4106 4105 4104
f 3480 3479 3478
f 3593 3463 3464
f 3594 3593 3464
f 3524 3523 3522
f 3525 3524 3522
f 3554 3431 3553
f 3431 3050 3553
f 2763 2762 2553
f 2763 2908 2762
f 2908 2907 2762
f 3007 3006 3005
f 3008 3007 3005
f 274 273 268
f 1431 1430 1425
f 1403 1406 1405
f 1407 1403 1405
f 277 276 275
f 852 846 848
f 456 453 465
f 853 852 848
f 854 853 848
f 3177 3648 3647
f 3177 3562 3648
f 3177 3442 3562
f 3319 3177 3178
f 3649 3177 3647
f 3319 3442 3177
f 3180 3179 3177
f 3179 3178 3177
f 3421 3420 3287
f 3288 3421 3287
f 188 189 453
f 189 455 453
f 455 454 453
f 456 188 453
f 4174 4173 4170
f 4107 4106 4104
f 3388 3387 3385
f 2554 2553 2422
f 2554 2763 2553
f 3118 3117 3116
f 3249 3248 3247
f 3250 3249 3247
f 3123 3122 3120
f 3011 3010 3009
f 3012 3011 3009
f 3119 3118 3116
f 3122 3121 3120
f 3392 3391 3389
f 3391 3390 3389
f 3253 3252 3251
f 3254 3253 3251
f 3395 3394 3393
f 2777 2776 2775
f 3504 3503 3502
f 3505 3504 3502
f 197 196 190
f 1633 1640 1639
f 1633 1638 1637
f 1428 1427 1425
f 1429 1428 1425
f 1427 1426 1425
f 1633 1635 1636
f 1430 1429 1425
f 1633 1646 1641
f 1981 1980 1979
f 1946 1945 1943
f 1982 1981 1979
f 4172 4171 4170
f 4109 4108 4104
f 4108 4107 4104
f 4173 4172 4170
f 3701 3700 3699
f 1945 1944 1943
f 836 835 830
f 903 902 900
f 902 901 900
f 901 897 900
f 208 207 190
f 1949 1948 1947
f 1950 1949 1947
f 2423 2554 2422
f 2530 2529 2528
f 2423 2422 2421
f 3561 3560 3654
f 3655 3561 3654
f 3655 3654 3717
f 2564 2563 2561
f 2778 2777 2775
f 3704 3703 3702
f 3718 3655 3717
f 1646 1645 1641
f 1965 1964 1963
f 1966 1965 1963
f 1645 1644 1641
f 1644 1643 1641
f 1643 1642 1641
f 846 844 845
f 568 567 566
f 845 844 842
f 3441 3438 3560
f 3561 3441 3560
f 189 188 176
f 188 187 176
f 3705 3704 3702
f 209 208 190
f 524 523 520
f 523 522 520
f 196 195 190
f 3396 3395 3393
f 2789 2729 2786
f 2525 2729 2726
f 2729 2728 2726
f 864 865 869
f 2565 2564 2561
f 2770 2769 2768
f 195 194 190
f 525 524 520
f 187 186 176
f 824 825 827
f 825 824 823
f 860 865 864
f 2558 2557 2556
f 2424 2423 2421
f 2530 2736 2529
f 866 859 864
f 867 866 864
f 868 867 864
f 859 860 864
f 871 538 870
f 872 871 870
f 538 533 870
f 3441 3440 3438
f 3440 3439 3438
f 192 191 190
f 194 193 190
f 193 192 190
f 2317 2316 2315
f 1047 1051 1046
f 999 998 996
f 998 997 996
f 1051 1050 1046
f 1651 1673 1642
f 1643 1651 1642
f 1045 1044 1048
f 1049 1045 1048
f 3463 3330 3331
f 3464 3463 3331
f 956 955 954
f 193 194 904
f 1436 1430 1433
f 1437 1436 1433
f 186 185 176
f 2790 2789 2786
f 2771 2770 2768
f 2441 2440 2322
f 2440 2321 2322
f 969 968 967
f 957 956 954
f 1643 1648 1647
f 1438 1437 1433
f 2530 2869 2736
f 2559 2558 2556
f 2559 2556 2765
f 3317 3316 3315
f 3318 3317 3315
f 1469 1468 1467
f 522 521 520
f 878 877 873
f 2425 2315 2316
f 877 876 873
f 876 875 873
f 875 874 873
f 2772 2771 2768
f 856 471 855
f 857 856 855
f 185 184 176
f 522 526 521
f 491 490 488
f 2566 2565 2561
f 2773 2772 2768
f 2774 2773 2768
f 2438 2774 2768
f 3627 3626 3625
f 3680 3679 3678
f 3679 3587 3678
f 1398 1403 1401
f 1403 1402 1401
f 1430 1435 1433
f 279 278 268
f 3183 3288 3182
f 3288 3287 3182
f 1383 1384 1481
f 271 270 268
f 2526 2525 2523
f 2525 2524 2523
f 2730 2525 2726
f 539 533 538
f 489 491 488
f 530 529 522
f 642 647 646
f 529 528 522
f 531 522 528
f 531 527 522
f 844 843 842
f 522 527 526
f 642 646 645
f 642 645 641
f 643 642 641
f 642 649 647
f 1872 1871 1870
f 1873 1872 1870
f 304 303 298
f 1894 1893 1890
f 299 304 298
f 1829 303 1828
f 1893 1892 1890
f 1892 1891 1890
f 3628 3627 3625
f 3423 3527 3526
f 1888 1887 1884
f 1889 1888 1884
f 2766 2559 2765
f 2766 2765 2911
f 2963 2869 2530
f 3317 3436 3316
f 3436 3435 3316
f 3342 3339 3469
f 3631 3630 3629
f 3681 3680 3678
f 489 488 486
f 2425 2560 2315
f 1383 1382 1380
f 1384 1383 1380
f 1463 1469 1467
f 270 269 268
f 2728 2727 2726
f 306 305 298
f 305 297 298
f 299 298 297
f 826 825 823
f 672 666 671
f 671 666 670
f 487 489 486
f 534 533 532
f 666 672 661
f 533 536 532
f 533 537 536
f 539 537 533
f 670 666 667
f 668 667 666
f 669 668 666
f 3331 3330 3328
f 3330 3329 3328
f 182 181 176
f 181 180 176
f 178 177 176
f 180 179 176
f 179 178 176
f 184 183 176
f 183 182 176
f 2912 2766 2911
f 2912 2911 3013
f 2963 2530 3069
f 3632 3631 3629
f 3531 3530 3526
f 3529 3528 3526
f 3528 3422 3526
f 3530 3529 3526
f 3422 3423 3526
f 1643 1647 1649
f 1439 1438 1433
f 2439 2438 2437
f 2732 2733 2867
f 3207 3069 2530
f 3208 3207 2530
f 2732 2961 3066
f 2733 2732 2731
f 2732 2867 2961
f 2527 2526 2523
f 3199 2732 3066
f 3436 3558 3435
f 3558 3557 3435
f 3342 3469 3597
f 861 860 859
f 2322 2321 2319
f 2321 2320 2319
f 2315 2560 2767
f 3126 3125 3124
f 3014 2912 3013
f 487 486 483
f 3632 3629 3633
f 3634 3632 3633
f 1404 1397 1401
f 280 279 268
f 1397 1398 1401
f 3179 3180 3314
f 1643 1657 1651
f 1643 1649 1650
f 300 299 297
f 862 861 859
f 863 862 859
f 3127 3126 3124
f 3359 3358 3357
f 3360 3359 3357
f 3258 3257 3255
f 2436 2437 2435
f 2436 2439 2437
f 2442 2441 2322
f 1382 1381 1380
f 484 487 483
f 3651 3650 3557
f 3342 3597 3687
f 3558 3651 3557
f 858 857 855
f 3612 3611 3609
f 3619 3618 3617
f 3509 3508 3506
f 3697 3696 3695
f 3508 3507 3506
f 3698 3697 3695
f 1887 1886 1884
f 1848 1847 1846
f 1849 1848 1846
f 1849 1846 1831
f 3682 3681 3678
f 1905 1904 1903
f 1901 1900 1899
f 1902 1901 1899
f 1852 1851 1850
f 1852 1837 1851
f 1837 1834 1851
f 2315 2767 2913
f 3740 3686 3467
f 3740 3467 3786
f 3467 3686 3596
f 3467 3596 3466
f 3793 3786 3467
f 3467 3466 3465
f 3468 3467 3465
f 3794 3793 3467
f 3741 3342 3687
f 1832 1849 1831
f 1874 1873 1870
f 1832 1831 1830
f 3257 3256 3255
f 3399 3398 3397
f 3485 3484 3482
f 3484 3483 3482
f 1462 1463 1467
f 1657 1656 1651
f 1656 1655 1651
f 1655 1654 1651
f 1470 1462 1467
f 1654 1653 1651
f 471 470 468
f 472 471 468
f 1653 1652 1651
f 1864 1863 1862
f 1865 1864 1862
f 1869 1868 1866
f 1836 1835 1834
f 1897 1896 1895
f 1837 1836 1834
f 1898 1897 1895
f 3611 3610 3609
f 3400 3399 3397
f 1868 1867 1866
f 1853 1852 1850
f 1833 1832 1830
f 1857 1856 1854
f 3184 3183 3181
f 3183 3182 3181
f 3742 3741 3687
f 3708 3707 3706
f 3709 3708 3706
f 1856 1855 1854
f 1435 1434 1433
f 3314 3180 3437
f 1434 1435 1440
f 3016 3015 2913
f 3015 2315 2913
f 484 483 482
f 182 451 450
f 3200 3199 3066
f 3349 3348 3347
f 3352 3351 3350
f 3020 3019 2445
f 2446 2445 2443
f 3019 2916 2445
f 2785 2445 2916
f 2445 2444 2443
f 2444 2445 2567
f 2567 2445 2785
f 1875 1874 1870
f 300 297 301
f 281 280 268
f 452 182 450
f 2915 2914 2783
f 2915 3018 2914
f 3018 3017 2914
f 3604 3603 3601
f 3694 3693 3691
f 3693 3692 3691
f 3476 3475 3474
f 3477 3476 3474
f 3134 3133 3132
f 3135 3134 3132
f 3792 3791 3790
f 3745 3744 3743
f 3746 3745 3743
f 1653 1668 1671
f 1668 1672 1671
f 3603 3602 3601
f 3940 3939 3938
f 3933 3932 3930
f 3941 3940 3938
f 4002 4001 4000
f 3932 3931 3930
f 3865 3864 3862
f 1464 1463 1462
f 1465 1464 1462
f 1466 1465 1462
f 3587 3461 3585
f 3588 3587 3585
f 2784 2915 2783
f 2784 2783 2569
f 3131 3130 3128
f 485 484 482
f 3620 3619 3617
f 4003 4002 4000
f 4149 4148 4144
f 4100 4099 4098
f 2434 2436 2435
f 3130 3129 3128
f 3262 3261 3259
f 3261 3260 3259
f 3406 3405 3404
f 3403 3402 3401
f 3512 3511 3510
f 3797 3796 3795
f 3798 3797 3795
f 3789 3788 3787
f 3857 3856 3854
f 3437 3180 3559
f 3864 3863 3862
f 3856 3855 3854
f 3410 3409 3407
f 3409 3408 3407
f 3265 3264 3263
f 3266 3265 3263
f 2433 2434 2435
f 595 598 594
f 595 594 593
f 598 597 594
f 649 648 647
f 1435 1441 1440
f 1398 1397 1396
f 1399 1398 1396
f 1827 1826 1825
f 1886 1885 1884
f 306 1825 305
f 600 599 597
f 598 600 597
f 3634 3633 3635
f 1906 1905 1903
f 1913 1912 1911
f 3516 3515 3514
f 3517 3516 3514
f 3624 3623 3621
f 3623 3622 3621
f 282 281 268
f 2429 2434 2432
f 2434 2433 2432
f 480 479 478
f 2570 2569 2568
f 2570 2784 2569
f 2734 2733 2731
f 1914 1913 1911
f 3652 3559 3180
f 3861 3860 3858
f 297 302 301
f 1883 1882 1876
f 3724 3660 3723
f 3660 3659 3723
f 3724 3723 3770
f 592 591 589
f 596 595 593
f 649 650 648
f 4007 4006 4004
f 4006 4005 4004
f 4014 4013 4012
f 3749 3748 3747
f 3771 3724 3770
f 3653 3652 3180
f 3711 3320 3710
f 3320 3661 3710
f 3320 3570 3661
f 3448 3570 3320
f 3323 3322 3320
f 3322 3321 3320
f 3448 3320 3321
f 2430 2429 2428
f 2429 2427 2428
f 2427 2429 2431
f 2429 2432 2431
f 600 602 599
f 602 601 599
f 3860 3859 3858
f 3937 3936 3934
f 3636 3634 3635
f 3936 3935 3934
f 4015 4014 4012
f 4102 4101 4098
f 4101 4100 4098
f 4147 4146 4144
f 4146 4145 4144
f 4148 4147 4144
f 4103 4102 4098
f 2574 2573 2572
f 2571 2570 2568
f 767 766 765
f 654 653 649
f 766 769 765
f 766 770 769
f 649 651 650
f 766 771 770
f 655 651 649
f 653 652 649
f 655 649 652
f 771 766 772
f 3660 3569 3659
f 3569 3566 3659
f 283 282 268
f 1364 282 1362
f 1400 1399 1396
f 282 1363 1362
f 3270 3269 3267
f 3138 3137 3136
f 3139 3138 3136
f 481 480 478
f 535 534 532
f 3715 3714 3713
f 3716 3715 3713
f 3269 3268 3267
f 3413 3412 3411
f 1878 1877 1876
f 3758 3757 3755
f 3757 3756 3755
f 2323 2322 2319
f 1882 1881 1876
f 1881 1880 1876
f 1880 1879 1876
f 1879 1878 1876
f 3810 3809 3807
f 3878 3877 3876
f 3879 3878 3876
f 3802 3801 3799
f 3750 3749 3747
f 3801 3800 3799
f 3868 3867 3866
f 672 673 661
f 3414 3413 3411
f 3520 3519 3518
f 3513 3512 3510
f 3809 3808 3807
f 3869 3868 3866
f 3944 3943 3942
f 3945 3944 3942
f 4010 4009 4008
f 1382 1389 1385
f 1390 1382 1385
f 590 592 589
f 590 589 587
f 3569 3568 3566
f 3568 3567 3566
f 658 657 656
f 659 658 656
f 644 643 641
f 285 284 275
f 4011 4010 4008
f 674 661 673
f 3326 3423 3325
f 3637 3636 3635
f 3636 3637 3638
f 3423 3422 3325
f 773 771 772
f 774 773 772
f 775 774 772
f 674 665 661
f 661 665 664
f 661 664 660
f 662 661 660
f 470 469 468
f 476 475 473
f 477 476 473
f 475 476 784
f 784 476 783
f 783 476 780
f 781 780 476
f 782 781 476
f 3805 3804 3803
f 3806 3805 3803
f 3753 3752 3751
f 3446 3445 3444
f 3447 3446 3444
f 3521 3520 3518
f 3872 3871 3870
f 3875 3874 3873
f 3712 3711 3710
f 3754 3753 3751
f 3637 356 3638
f 3462 3586 3585
f 3461 3462 3585
f 1447 1446 1442
f 3948 3947 3946
f 3949 3948 3946
f 182 440 439
f 588 590 587
f 588 587 584
f 561 560 558
f 557 556 554
f 560 559 558
f 2447 2446 2443
f 1445 1444 1442
f 1653 1659 1658
f 1444 1443 1442
f 182 442 440
f 442 441 440
f 182 447 446
f 442 182 446
f 1446 1445 1442
f 2428 2427 2426
f 514 513 512
f 519 518 516
f 518 517 516
f 556 555 554
f 1653 1658 1660
f 1663 1653 1661
f 1653 1670 1668
f 1653 1662 1661
f 1653 1663 1665
f 3461 3460 3459
f 3462 3461 3459
f 565 564 562
f 553 552 550
f 552 551 550
f 499 498 496
f 498 497 496
f 502 501 500
f 3468 3465 3595
f 3446 3564 3445
f 3564 3563 3445
f 1389 1388 1385
f 1388 1387 1385
f 1387 1386 1385
f 543 542 540
f 734 733 732
f 731 730 729
f 1670 1669 1668
f 685 684 683
f 686 685 683
f 515 514 512
f 564 563 562
f 542 541 540
f 511 510 508
f 448 442 446
f 449 448 446
f 1393 1392 1391
f 1394 1393 1391
f 1393 1394 1488
f 1393 1488 1498
f 1393 1498 1510
f 1513 1393 1510
f 1450 1446 1448
f 1484 1446 1493
f 1484 1477 1446
f 1446 1477 1449
f 1446 1449 1448
f 1367 1366 1362
f 1362 1369 1368
f 1370 1362 1368
f 1365 1364 1362
f 1366 1365 1362
f 3640 3638 356
f 3535 3532 3639
f 585 588 584
f 349 357 356
f 357 3640 356
f 348 349 356
f 3673 3583 3672
f 503 502 500
f 549 548 547
f 546 545 544
f 507 506 504
f 723 722 721
f 682 681 679
f 681 680 679
f 738 737 735
f 612 611 609
f 611 610 609
f 1456 1457 1460
f 1461 1456 1460
f 724 723 721
f 585 584 583
f 737 736 735
f 510 509 508
f 475 474 473
f 445 444 443
f 715 714 713
f 716 715 713
f 678 677 675
f 3468 3595 3685
f 3657 3656 3563
f 3564 3657 3563
f 746 745 743
f 750 749 746
f 747 750 746
f 747 746 743
f 728 727 725
f 727 726 725
f 578 577 575
f 577 576 575
f 752 751 749
f 750 752 749
f 745 744 743
f 1502 1501 1446
f 1501 1493 1446
f 1664 1663 1661
f 677 676 675
f 719 718 717
f 1395 1373 1391
f 1361 1360 1358
f 1373 1394 1391
f 506 505 504
f 720 719 717
f 608 607 605
f 3852 3845 3591
f 3783 3591 3845
f 3783 3738 3591
f 3592 3591 3589
f 3591 3590 3589
f 3591 3684 3590
f 3591 3738 3684
f 3853 3852 3591
f 3784 3468 3739
f 3468 3685 3739
f 3720 3719 3656
f 3657 3720 3656
f 754 753 751
f 752 754 751
f 1455 1454 1451
f 586 585 583
f 581 580 579
f 1457 1487 1496
f 1507 1457 1496
f 1457 1480 1487
f 1379 1378 1375
f 1497 1378 1509
f 1458 1480 1457
f 1377 1378 1497
f 1509 1378 1527
f 1378 1377 1375
f 1528 1527 1378
f 1529 1528 1378
f 1663 1667 1665
f 1458 1457 1456
f 1454 1453 1451
f 1453 1452 1451
f 1453 1454 1478
f 3762 3761 3759
f 3761 3760 3759
f 3785 3784 3739
f 3535 3534 3532
f 3534 3533 3532
f 3533 3454 3532
f 3454 3455 3532
f 3327 3326 3324
f 3326 3325 3324
f 3322 3323 3443
f 607 606 605
f 748 747 743
f 1374 1373 1372
f 1360 1359 1358
f 3813 3812 3811
f 3814 3813 3811
f 3851 3850 3849
f 768 767 765
f 779 778 776
f 778 777 776
f 1416 1415 1413
f 1417 1416 1413
f 1492 1491 1489
f 1491 1490 1489
f 4018 4017 4016
f 3994 3993 3992
f 4019 4018 4016
f 3995 3994 3992
f 3953 3952 3950
f 4056 4055 4054
f 1415 1414 1413
f 1841 1840 1838
f 1861 1860 1858
f 1860 1859 1858
f 1491 1500 1490
f 1500 1499 1490
f 1479 1453 1478
f 1479 1478 1485
f 582 581 579
f 663 662 660
f 1667 1666 1665
f 3882 3881 3880
f 3848 3847 3846
f 3883 3882 3880
f 3925 3924 3922
f 1459 1458 1456
f 1840 1839 1838
f 3729 3728 3776
f 3777 3729 3776
f 3777 3776 3838
f 3924 3923 3922
f 3952 3951 3950
f 3443 3323 3565
f 3729 3668 3728
f 3668 3665 3728
f 1845 1844 1842
f 1844 1843 1842
f 3817 3816 3815
f 3839 3777 3838
f 4057 4056 4054
f 4155 4154 4150
f 3929 3928 3926
f 1909 1908 1907
f 1512 1511 1499
f 1500 1512 1499
f 3583 3582 3580
f 3584 3583 3580
f 4061 4060 4058
f 4068 4067 4066
f 4060 4059 4058
f 3667 3666 3665
f 3668 3667 3665
f 3928 3927 3926
f 3999 3998 3996
f 1910 1909 1907
f 349 348 347
f 350 349 347
f 3998 3997 3996
f 347 348 351
f 3818 3817 3815
f 3887 3886 3884
f 1371 1370 1368
f 1418 1417 1413
f 3565 3323 3658
f 3956 3955 3954
f 3886 3885 3884
f 4069 4068 4066
f 3957 3956 3954
f 4022 4021 4020
f 4023 4022 4020
f 4064 4063 4062
f 1486 1479 1485
f 1486 1485 1494
f 3574 3573 3572
f 3575 3574 3572
f 707 706 705
f 708 707 705
f 704 703 701
f 4154 4153 4150
f 4153 4152 4150
f 4152 4151 4150
f 3451 3450 3449
f 3576 3449 3450
f 3576 3669 3449
f 3449 3669 3730
f 3449 3730 3763
f 3452 3451 3449
f 3764 3449 3763
f 3722 3721 3323
f 3721 3658 3323
f 1377 1376 1375
f 1375 1376 1419
f 640 639 637
f 639 638 637
f 703 702 701
f 635 634 633
f 1512 1531 1511
f 1531 1530 1511
f 712 711 709
f 699 698 697
f 620 619 617
f 619 618 617
f 623 622 621
f 700 699 697
f 4065 4064 4062
f 818 817 816
f 815 814 813
f 3592 3589 3683
f 3663 3662 3573
f 3574 3663 3573
f 796 795 793
f 795 794 793
f 711 710 709
f 636 635 633
f 3826 3825 3823
f 3825 3824 3823
f 3768 3767 3766
f 3769 3768 3766
f 808 807 805
f 807 806 805
f 3895 3894 3892
f 3894 3893 3892
f 792 791 789
f 791 790 789
f 3966 3965 3964
f 3967 3966 3964
f 353 352 351
f 352 347 351
f 3582 3581 3580
f 763 762 761
f 764 763 761
f 822 821 819
f 1495 1486 1494
f 1505 1504 1503
f 821 820 819
f 690 689 687
f 3592 3683 3737
f 3726 3725 3662
f 3663 3726 3662
f 632 631 629
f 689 688 687
f 3674 3736 3677
f 3781 3736 3674
f 3781 3674 3842
f 3914 3842 3674
f 3677 3676 3674
f 3676 3675 3674
f 3843 3592 3782
f 3592 3737 3782
f 3915 3914 3674
f 1514 1513 1510
f 1534 1533 1532
f 1535 1534 1532
f 811 810 809
f 742 741 739
f 741 740 739
f 812 811 809
f 696 695 694
f 693 692 691
f 624 623 621
f 3891 3890 3888
f 3890 3889 3888
f 3821 3820 3819
f 631 630 629
f 628 627 625
f 3773 3772 3725
f 3726 3773 3725
f 352 353 354
f 353 359 358
f 354 353 358
f 3963 3962 3961
f 3960 3959 3958
f 788 787 785
f 799 798 797
f 800 799 797
f 3765 3764 3763
f 3822 3821 3819
f 495 494 492
f 4026 4025 4024
f 4027 4026 4024
f 3829 3828 3827
f 3844 3843 3782
f 3830 3829 3827
f 3455 3454 3453
f 3456 3455 3453
f 787 786 785
f 3734 3733 3731
f 3733 3732 3731
f 3732 3733 3778
f 3779 3732 3778
f 3779 3778 3840
f 803 802 801
f 627 626 625
f 804 803 801
f 760 759 757
f 3841 3840 3912
f 3841 3779 3840
f 494 493 492
f 493 494 603
f 1506 1505 1503
f 1508 1507 1496
f 3921 3920 3919
f 3898 3897 3896
f 3899 3898 3896
f 3913 3841 3912
f 3902 3901 3900
f 4072 4071 4070
f 4073 4072 4070
f 4088 4087 4086
f 4031 4030 4028
f 4053 4052 4050
f 4052 4051 4050
f 3991 3990 3988
f 3971 3970 3968
f 3918 3917 3916
f 3970 3969 3968
f 759 758 757
f 3987 3986 3984
f 4030 4029 4028
f 3990 3989 3988
f 604 493 603
f 3457 3456 3453
f 3458 3457 3453
f 4096 4095 4094
f 4089 4088 4086
f 4084 4083 4082
f 4085 4084 4082
f 3975 3974 3972
f 3986 3985 3984
f 3903 3902 3900
f 3451 3452 3571
f 4049 4048 4046
f 3974 3973 3972
f 4035 4034 4032
f 4076 4075 4074
f 4097 4096 4094
f 4048 4047 4046
f 4034 4033 4032
f 4077 4076 4074
f 4092 4091 4090
f 1522 1521 1519
f 1517 1516 1515
f 1518 1517 1515
f 355 352 354
f 4206 4205 4201
f 4205 4204 4201
f 1545 1544 1542
f 1544 1543 1542
f 1521 1520 1519
f 1548 1547 1546
f 1541 1540 1539
f 1538 1537 1536
f 1561 1560 1558
f 1560 1559 1558
f 1564 1563 1562
f 1565 1564 1562
f 3571 3452 3664
f 1586 1585 1584
f 1587 1586 1584
f 1598 1597 1596
f 1569 1568 1566
f 1573 1572 1570
f 1572 1571 1570
f 1594 1593 1592
f 1595 1594 1592
f 1549 1548 1546
f 1568 1567 1566
f 3664 3452 3727
f 3774 3727 3452
f 3775 3774 3452
f 3832 3578 3831
f 3578 3780 3831
f 3578 3735 3780
f 3670 3735 3578
f 3670 3578 3579
f 3579 3578 3577
f 1615 1614 1612
f 1614 1613 1612
f 1591 1590 1588
f 4093 4092 4090
f 4204 4203 4201
f 4203 4202 4201
f 1626 1625 1624
f 1590 1589 1588
f 1611 1610 1608
f 1610 1609 1608
f 1627 1626 1624
f 1525 1524 1523
f 1526 1525 1523
f 1553 1552 1550
f 1557 1556 1554
f 1583 1582 1580
f 1556 1555 1554
f 1552 1551 1550
f 3671 3670 3579
f 3836 3835 3834
f 3911 3910 3908
f 3910 3909 3908
f 1582 1581 1580
f 3837 3836 3834
f 3982 3981 3980
f 3983 3982 3980
f 1576 1575 1574
f 4044 4043 4042
f 4045 4044 4042
f 1579 1578 1577
f 1599 1598 1596
f 1603 1602 1600
f 3833 3832 3831
f 1606 1605 1604
f 3978 3977 3976
f 3979 3978 3976
f 3906 3905 3904
f 1607 1606 1604
f 1602 1601 1600
f 1623 1622 1620
f 4038 4037 4036
f 4041 4040 4039
f 3907 3906 3904
f 1622 1621 1620
f 4080 4079 4078
f 4081 4080 4078
f 616 615 613
f 614 615 755
f 615 614 613
f 756 614 755
f 1619 1618 1616
f 1618 1617 1616
f 1617 1618 1628
f 1629 1617 1628
f 4351 4352 4353
f 4353 4352 4354
f 4355 4356 4357
f 4357 4356 4358
f 4359 4360 4361
f 4361 4360 4362
f 4363 4364 4365
f 4365 4364 4366
f 4367 4368 4369
f 4369 4368 4370
f 4371 4372 4373
f 4373 4372 4374
f 4375 4376 4377
f 4377 4376 4378
f 4379 4380 4381
f 4381 4380 4382
f 4383 4384 4385
f 4385 4384 4386
f 4387 4388 4389
f 4389 4388 4390
f 4391 4392 4393
f 4393 4392 4394
f 4395 4396 4397
f 4397 4396 4398
f 4399 4400 4401
f 4401 4400 4402
f 4403 4404 4405
f 4405 4404 4406
f 4407 4408 4409
f 4409 4408 4410
f 4411 4412 4413
f 4413 4412 4414
f 4415 4416 4417
f 4417 4416 4418
f 4419 4420 4421
f 4421 4420 4422
f 4423 4424 4425
f 4425 4424 4426
f 4427 4428 4429
f 4429 4428 4430
f 4431 4432 4433
f 4433 4432 4434
f 4435 4436 4437
f 4437 4436 4438
f 4439 4440 4441
f 4441 4440 4442
f 4443 4444 4445
f 4445 4444 4446
f 4447 4448 4449
f 4449 4448 4450
f 4451 4452 4453
f 4453 4452 4454
f 4455 4456 4457
f 4457 4456 4458
f 4459 4460 4461
f 4461 4460 4462
f 4463 4464 4465
f 4465 4464 4466
f 4467 4468 4469
f 4469 4468 4470
f 4471 4472 4473
f 4473 4472 4474
f 4475 4476 4477
f 4477 4476 4478
f 4479 4480 4481
f 4481 4480 4482
f 4483 4484 4485
f 4485 4484 4486
f 4487 4488 4489
f 4489 4488 4490
f 4491 4492 4493
f 4493 4492 4494
f 4495 4496 4497
f 4497 4496 4498
f 4499 4500 4501
f 4501 4500 4502
f 4503 4504 4505
f 4505 4504 4506
f 4507 4508 4509
f 4509 4508 4510
f 4511 4512 4513
f 4513 4512 4514
f 4515 4516 4517
f 4517 4516 4518
f 4519 4520 4521
f 4521 4520 4522
f 4523 4524 4525
f 4525 4524 4526
f 4527 4528 4529
f 4529 4528 4530
f 4531 4532 4533
f 4533 4532 4534
f 4535 4536 4537
f 4537 4536 4538
f 4539 4540 4541
f 4541 4540 4542
f 4543 4544 4545
f 4545 4544 4546
f 4547 4548 4549
f 4549 4548 4550
f 4551 4552 4553
f 4553 4552 4554
f 4555 4556 4557
f 4557 4556 4558
f 4559 4560 4561
f 4561 4560 4562
f 4563 4564 4565
f 4565 4564 4566
f 4567 4568 4569
f 4569 4568 4570
f 4571 4572 4573
f 4573 4572 4574
f 4575 4576 4577
f 4577 4576 4578
f 4579 4580 4581
f 4581 4580 4582
f 4583 4584 4585
f 4585 4584 4586
f 4587 4588 4589
f 4589 4588 4590
f 4591 4592 4593
f 4593 4592 4594
f 4595 4596 4597
f 4597 4596 4598
f 4599 4600 4601
f 4601 4600 4602
f 4603 4604 4605
f 4605 4604 4606
f 4607 4608 4609
f 4609 4608 4610
f 4611 4612 4613
f 4613 4612 4614
f 4615 4616 4617
f 4617 4616 4618
f 4619 4620 4621
f 4621 4620 4622
f 4623 4624 4625
f 4625 4624 4626
f 4627 4628 4629
f 4629 4628 4630
f 4631 4632 4633
f 4633 4632 4634
f 4635 4636 4637
f 4637 4636 4638
f 4639 4640 4641
f 4641 4640 4642
f 4643 4644 4645
f 4645 4644 4646
f 4647 4648 4649
f 4649 4648 4650
f 4651 4652 4653
f 4653 4652 4654
f 4655 4656 4657
f 4657 4656 4658
f 4659 4660 4661
f 4661 4660 4662
f 4663 4664 4665
f 4665 4664 4666
f 4667 4668 4669
f 4669 4668 4670
f 4671 4672 4673
f 4673 4672 4674
f 4675 4676 4677
f 4677 4676 4678
f 4679 4680 4681
f 4681 4680 4682
f 4683 4684 4685
f 4685 4684 4686
f 4687 4688 4689
f 4689 4688 4690
f 4691 4692 4693
f 4693 4692 4694
f 4695 4696 4697
f 4697 4696 4698
f 4699 4700 4701
f 4701 4700 4702
f 4703 4704 4705
f 4705 4704 4706
f 4707 4708 4709
f 4709 4708 4710
f 4711 4712 4713
f 4713 4712 4714
f 4715 4716 4717
f 4717 4716 4718
f 4719 4720 4721
f 4721 4720 4722
f 4723 4724 4725
f 4725 4724 4726
f 4727 4728 4729
f 4729 4728 4730
f 4731 4732 4733
f 4733 4732 4734
f 4735 4736 4737
f 4737 4736 4738
f 4739 4740 4741
f 4741 4740 4742
f 4743 4744 4745
f 4745 4744 4746
f 4747 4748 4749
f 4749 4748 4750
f 4751 4752 4753
f 4753 4752 4754
f 4755 4756 4757
f 4757 4756 4758
f 4759 4760 4761
f 4761 4760 4762
f 4763 4764 4765
f 4765 4764 4766
f 4767 4768 4769
f 4769 4768 4770
f 4771 4772 4773
f 4773 4772 4774
f 4775 4776 4777
f 4777 4776 4778
f 4779 4780 4781
f 4781 4780 4782
f 4783 4784 4785
f 4785 4784 4786
f 4787 4788 4789
f 4789 4788 4790
f 4791 4792 4793
f 4793 4792 4794
f 4795 4796 4797
f 4797 4796 4798
f 4799 4800 4801
f 4801 4800 4802
f 4803 4804 4805
f 4805 4804 4806
f 4807 4808 4809
f 4809 4808 4810
f 4811 4812 4813
f 4813 4812 4814
f 4815 4816 4817
f 4817 4816 4818
f 4819 4820 4821
f 4821 4820 4822
f 4823 4824 4825
f 4825 4824 4826
f 4827 4828 4829
f 4829 4828 4830
f 4831 4832 4833
f 4833 4832 4834
f 4835 4836 4837
f 4837 4836 4838
f 4839 4840 4841
f 4841 4840 4842
f 4843 4844 4845
f 4845 4844 4846
f 4847 4848 4849
f 4849 4848 4850
f 4851 4852 4853
f 4853 4852 4854
f 4855 4856 4857
f 4857 4856 4858
f 4859 4860 4861
f 4861 4860 4862
f 4863 4864 4865
f 4865 4864 4866
f 4867 4868 4869
f 4869 4868 4870
f 4871 4872 4873
f 4873 4872 4874
f 4875 4876 4877
f 4877 4876 4878
f 4879 4880 4881
f 4881 4880 4882
f 4883 4884 4885
f 4885 4884 4886
f 4887 4888 4889
f 4889 4888 4890
f 4891 4892 4893
f 4893 4892 4894
f 4895 4896 4897
f 4897 4896 4898
f 4899 4900 4901
f 4901 4900 4902
f 4903 4904 4905
f 4905 4904 4906
f 4907 4908 4909
f 4909 4908 4910
f 4911 4912 4913
f 4913 4912 4914
f 4915 4916 4917
f 4917 4916 4918
f 4919 4920 4921
f 4921 4920 4922
f 4923 4924 4925
f 4925 4924 4926
f 4927 4928 4929
f 4929 4928 4930
f 4931 4932 4933
f 4933 4932 4934
f 4935 4936 4937
f 4937 4936 4938
f 4939 4940 4941
f 4941 4940 4942
f 4943 4944 4945
f 4945 4944 4946
f 4947 4948 4949
f 4949 4948 4950
f 4951 4952 4953
f 4953 4952 4954
f 4955 4956 4957
f 4957 4956 4958
f 5056 4960 4959
f 4959 5055 5056
f 5152 5056 5055
f 5055 5151 5152
f 5248 5152 5151
f 5151 5247 5248
f 5344 5248 5247
f 5247 5343 5344
f 5440 5344 5343
f 5343 5439 5440
f 5536 5440 5439
f 5439 5535 5536
f 5632 5536 5535
f 5535 5631 5632
f 5728 5632 5631
f 5631 5727 5728
f 5824 5728 5727
f 5727 5823 5824
f 5920 5824 5823
f 5823 5919 5920
f 6016 5920 5919
f 5919 6015 6016
f 6112 6016 6015
f 6015 6111 6112
f 6208 6112 6111
f 6111 6207 6208
f 6304 6208 6207
f 6207 6303 6304
f 6400 6304 6303
f 6303 6399 6400
f 6496 6400 6399
f 6399 6495 6496
f 6592 6496 6495
f 6495 6591 6592
f 6688 6592 6591
f 6591 6687 6688
f 6784 6688 6687
f 6687 6783 6784
f 6880 6784 6783
f 6783 6879 6880
f 6976 6880 6879
f 6879 6975 6976
f 7072 6976 6975
f 6975 7071 7072
f 7168 7072 7071
f 7071 7167 7168
f 7264 7168 7167
f 7167 7263 7264
f 7360 7264 7263
f 7263 7359 7360
f 7456 7360 7359
f 7359 7455 7456
f 7552 7456 7455
f 7455 7551 7552
f 7648 7552 7551
f 7551 7647 7648
f 7744 7648 7647
f 7647 7743 7744
f 7840 7744 7743
f 7743 7839 7840
f 7936 7840 7839
f 7839 7935 7936
f 8032 7936 7935
f 7935 8031 8032
f 8128 8032 8031
f 8031 8127 8128
f 8224 8128 8127
f 8127 8223 8224
f 8320 8224 8223
f 8223 8319 8320
f 8416 8320 8319
f 8319 8415 8416
f 8512 8416 8415
f 8415 8511 8512
f 8608 8512 8511
f 8511 8607 8608
f 8704 8608 8607
f 8607 8703 8704
f 8800 8704 8703
f 8703 8799 8800
f 8896 8800 8799
f 8799 8895 8896
f 8992 8896 8895
f 8895 8991 8992
f 9088 8992 8991
f 8991 9087 9088
f 9184 9088 9087
f 9087 9183 9184
f 9280 9184 9183
f 9183 9279 9280
f 9376 9280 9279
f 9279 9375 9376
f 9472 9376 9375
f 9375 9471 9472
f 9568 9472 9471
f 9471 9567 9568
f 9664 9568 9567
f 9567 9663 9664
f 9760 9664 9663
f 9663 9759 9760
f 9856 9760 9759
f 9759 9855 9856
f 9952 9856 9855
f 9855 9951 9952
f 10048 9952 9951
f 9951 10047 10048
f 10144 10048 10047
f 10047 10143 10144
f 10240 10144 10143
f 10143 10239 10240
f 10336 10240 10239
f 10239 10335 10336
f 10432 10336 10335
f 10335 10431 10432
f 10528 10432 10431
f 10431 10527 10528
f 10624 10528 10527
f 10527 10623 10624
f 10720 10624 10623
f 10623 10719 10720
f 10816 10720 10719
f 10719 10815 10816
f 10912 10816 10815
f 10815 10911 10912
f 11008 10912 10911
f 10911 11007 11008
f 11104 11008 11007
f 11007 11103 11104
f 11200 11104 11103
f 11103 11199 11200
f 11296 11200 11199
f 11199 11295 11296
f 11392 11296 11295
f 11295 11391 11392
f 11488 11392 11391
f 11391 11487 11488
f 11584 11488 11487
f 11487 11583 11584
f 11680 11584 11583
f 11583 11679 11680
f 11776 11680 11679
f 11679 11775 11776
f 11872 11776 11775
f 11775 11871 11872
f 11968 11872 11871
f 11871 11967 11968
f 12064 11968 11967
f 11967 12063 12064
f 12160 12064 12063
f 12063 12159 12160
f 12256 12160 12159
f 12159 12255 12256
f 12352 12256 12255
f 12255 12351 12352
f 12448 12352 12351
f 12351 12447 12448
f 12544 12448 12447
f 12447 12543 12544
f 12640 12544 12543
f 12543 12639 12640
f 12736 12640 12639
f 12639 12735 12736
f 12832 12736 12735
f 12735 12831 12832
f 12928 12832 12831
f 12831 12927 12928
f 13024 12928 12927
f 12927 13023 13024
f 13120 13024 13023
f 13023 13119 13120
f 13216 13120 13119
f 13119 13215 13216
f 13312 13216 13215
f 13215 13311 13312
f 13408 13312 13311
f 13311 13407 13408
f 13504 13408 13407
f 13407 13503 13504
f 13600 13504 13503
f 13503 13599 13600
f 13696 13600 13599
f 13599 13695 13696
f 13792 13696 13695
f 13695 13791 13792
f 13888 13792 13791
f 13791 13887 13888
f 13984 13888 13887
f 13887 13983 13984
f 14080 13984 13983
f 13983 14079 14080
f 5057 4961 4960
f 4960 5056 5057
f 5153 5057 5056
f 5056 5152 5153
f 5249 5153 5152
f 5152 5248 5249
f 5345 5249 5248
f 5248 5344 5345
f 5441 5345 5344
f 5344 5440 5441
f 5537 5441 5440
f 5440 5536 5537
f 5633 5537 5536
f 5536 5632 5633
f 5729 5633 5632
f 5632 5728 5729
f 5825 5729 5728
f 5728 5824 5825
f 5921 5825 5824
f 5824 5920 5921
f 6017 5921 5920
f 5920 6016 6017
f 6113 6017 6016
f 6016 6112 6113
f 6209 6113 6112
f 6112 6208 6209
f 6305 6209 6208
f 6208 6304 6305
f 6401 6305 6304
f 6304 6400 6401
f 6497 6401 6400
f 6400 6496 6497
f 6593 6497 6496
f 6496 6592 6593
f 6689 6593 6592
f 6592 6688 6689
f 6785 6689 6688
f 6688 6784 6785
f 6881 6785 6784
f 6784 6880 6881
f 6977 6881 6880
f 6880 6976 6977
f 7073 6977 6976
f 6976 7072 7073
f 7169 7073 7072
f 7072 7168 7169
f 7265 7169 7168
f 7168 7264 7265
f 7361 7265 7264
f 7264 7360 7361
f 7457 7361 7360
f 7360 7456 7457
f 7553 7457 7456
f 7456 7552 7553
f 7649 7553 7552
f 7552 7648 7649
f 7745 7649 7648
f 7648 7744 7745
f 7841 7745 7744
f 7744 7840 7841
f 7937 7841 7840
f 7840 7936 7937
f 8033 7937 7936
f 7936 8032 8033
f 8129 8033 8032
f 8032 8128 8129
f 8225 8129 8128
f 8128 8224 8225
f 8321 8225 8224
f 8224 8320 8321
f 8417 8321 8320
f 8320 8416 8417
f 8513 8417 8416
f 8416 8512 8513
f 8609 8513 8512
f 8512 8608 8609
f 8705 8609 8608
f 8608 8704 8705
f 8801 8705 8704
f 8704 8800 8801
f 8897 8801 8800
f 8800 8896 8897
f 8993 8897 8896
f 8896 8992 8993
f 9089 8993 8992
f 8992 9088 9089
f 9185 9089 9088
f 9088 9184 9185
f 9281 9185 9184
f 9184 9280 9281
f 9377 9281 9280
f 9280 9376 9377
f 9473 9377 9376
f 9376 9472 9473
f 9569 9473 9472
f 9472 9568 9569
f 9665 9569 9568
f 9568 9664 9665
f 9761 9665 9664
f 9664 9760 9761
f 9857 9761 9760
f 9760 9856 9857
f 9953 9857 9856
f 9856 9952 9953
f 10049 9953 9952
f 9952 10048 10049
f 10145 10049 10048
f 10048 10144 10145
f 10241 10145 10144
f 10144 10240 10241
f 10337 10241 10240
f 10240 10336 10337
f 10433 10337 10336
f 10336 10432 10433
f 10529 10433 10432
f 10432 10528 10529
f 10625 10529 10528
f 10528 10624 10625
f 10721 10625 10624
f 10624 10720 10721
f 10817 10721 10720
f 10720 10816 10817
f 10913 10817 10816
f 10816 10912 10913
f 11009 10913 10912
f 10912 11008 11009
f 11105 11009 11008
f 11008 11104 11105
f 11201 11105 11104
f 11104 11200 11201
f 11297 11201 11200
f 11200 11296 11297
f 11393 11297 11296
f 11296 11392 11393
f 11489 11393 11392
f 11392 11488 11489
f 11585 11489 11488
f 11488 11584 11585
f 11681 11585 11584
f 11584 11680 11681
f 11777 11681 11680
f 11680 11776 11777
f 11873 11777 11776
f 11776 11872 11873
f 11969 11873 11872
f 11872 11968 11969
f 12065 11969 11968
f 11968 12064 12065
f 12161 12065 12064
f 12064 12160 12161
f 12257 12161 12160
f 12160 12256 12257
f 12353 12257 12256
f 12256 12352 12353
f 12449 12353 12352
f 12352 12448 12449
f 12545 12449 12448
f 12448 12544 12545
f 12641 12545 12544
f 12544 12640 12641
f 12737 12641 12640
f 12640 12736 12737
f 12833 12737 12736
f 12736 12832 12833
f 12929 12833 12832
f 12832 12928 12929
f 13025 12929 12928
f 12928 13024 13025
f 13121 13025 13024
f 13024 13120 13121
f 13217 13121 13120
f 13120 13216 13217
f 13313 13217 13216
f 13216 13312 13313
f 13409 13313 13312
f 13312 13408 13409
f 13505 13409 13408
f 13408 13504 13505
f 13601 13505 13504
f 13504 13600 13601
f 13697 13601 13600
f 13600 13696 13697
f 13793 13697 13696
f 13696 13792 13793
f 13889 13793 13792
f 13792 13888 13889
f 13985 13889 13888
f 13888 13984 13985
f 14081 13985 13984
f 13984 14080 14081
f 5058 4962 4961
f 4961 5057 5058
f 5154 5058 5057
f 5057 5153 5154
f 5250 5154 5153
f 5153 5249 5250
f 5346 5250 5249
f 5249 5345 5346
f 5442 5346 5345
f 5345 5441 5442
f 5538 5442 5441
f 5441 5537 5538
f 5634 5538 5537
f 5537 5633 5634
f 5730 5634 5633
f 5633 5729 5730
f 5826 5730 5729
f 5729 5825 5826
f 5922 5826 5825
f 5825 5921 5922
f 6018 5922 5921
f 5921 6017 6018
f 6114 6018 6017
f 6017 6113 6114
f 6210 6114 6113
f 6113 6209 6210
f 6306 6210 6209
f 6209 6305 6306
f 6402 6306 6305
f 6305 6401 6402
f 6498 6402 6401
f 6401 6497 6498
f 6594 6498 6497
f 6497 6593 6594
f 6690 6594 6593
f 6593 6689 6690
f 6786 6690 6689
f 6689 6785 6786
f 6882 6786 6785
f 6785 6881 6882
f 6978 6882 6881
f 6881 6977 6978
f 7074 6978 6977
f 6977 7073 7074
f 7170 7074 7073
f 7073 7169 7170
f 7266 7170 7169
f 7169 7265 7266
f 7362 7266 7265
f 7265 7361 7362
f 7458 7362 7361
f 7361 7457 7458
f 7554 7458 7457
f 7457 7553 7554
f 7650 7554 7553
f 7553 7649 7650
f 7746 7650 7649
f 7649 7745 7746
f 7842 7746 7745
f 7745 7841 7842
f 7938 7842 7841
f 7841 7937 7938
f 8034 7938 7937
f 7937 8033 8034
f 8130 8034 8033
f 8033 8129 8130
f 8226 8130 8129
f 8129 8225 8226
f 8322 8226 8225
f 8225 8321 8322
f 8418 8322 8321
f 8321 8417 8418
f 8514 8418 8417
f 8417 8513 8514
f 8610 8514 8513
f 8513 8609 8610
f 8706 8610 8609
f 8609 8705 8706
f 8802 8706 8705
f 8705 8801 8802
f 8898 8802 8801
f 8801 8897 8898
f 8994 8898 8897
f 8897 8993 8994
f 9090 8994 8993
f 8993 9089 9090
f 9186 9090 9089
f 9089 9185 9186
f 9282 9186 9185
f 9185 9281 9282
f 9378 9282 9281
f 9281 9377 9378
f 9474 9378 9377
f 9377 9473 9474
f 9570 9474 9473
f 9473 9569 9570
f 9666 9570 9569
f 9569 9665 9666
f 9762 9666 9665
f 9665 9761 9762
f 9858 9762 9761
f 9761 9857 9858
f 9954 9858 9857
f 9857 9953 9954
f 10050 9954 9953
f 9953 10049 10050
f 10146 10050 10049
f 10049 10145 10146
f 10242 10146 10145
f 10145 10241 10242
f 10338 10242 10241
f 10241 10337 10338
f 10434 10338 10337
f 10337 10433 10434
f 10530 10434 10433
f 10433 10529 10530
f 10626 10530 10529
f 10529 10625 10626
f 10722 10626 10625
f 10625 10721 10722
f 10818 10722 10721
f 10721 10817 10818
f 10914 10818 10817
f 10817 10913 10914
f 11010 10914 10913
f 10913 11009 11010
f 11106 11010 11009
f 11009 11105 11106
f 11202 11106 11105
f 11105 11201 11202
f 11298 11202 11201
f 11201 11297 11298
f 11394 11298 11297
f 11297 11393 11394
f 11490 11394 11393
f 11393 11489 11490
f 11586 11490 11489
f 11489 11585 11586
f 11682 11586 11585
f 11585 11681 11682
f 11778 11682 11681
f 11681 11777 11778
f 11874 11778 11777
f 11777 11873 11874
f 11970 11874 11873
f 11873 11969 11970
f 12066 11970 11969
f 11969 12065 12066
f 12162 12066 12065
f 12065 12161 12162
f 12258 12162 12161
f 12161 12257 12258
f 12354 12258 12257
f 12257 12353 12354
f 12450 12354 12353
f 12353 12449 12450
f 12546 12450 12449
f 12449 12545 12546
f 12642 12546 12545
f 12545 12641 12642
f 12738 12642 12641
f 12641 12737 12738
f 12834 12738 12737
f 12737 12833 12834
f 12930 12834 12833
f 12833 12929 12930
f 13026 12930 12929
f 12929 13025 13026
f 13122 13026 13025
f 13025 13121 13122
f 13218 13122 13121
f 13121 13217 13218
f 13314 13218 13217
f 13217 13313 13314
f 13410 13314 13313
f 13313 13409 13410
f 13506 13410 13409
f 13409 13505 13506
f 13602 13506 13505
f 13505 13601 13602
f 13698 13602 13601
f 13601 13697 13698
f 13794 13698 13697
f 13697 13793 13794
f 13890 13794 13793
f 13793 13889 13890
f 13986 13890 13889
f 13889 13985 13986
f 14082 13986 13985
f 13985 14081 14082
f 5059 4963 4962
f 4962 5058 5059
f 5155 5059 5058
f 5058 5154 5155
f 5251 5155 5154
f 5154 5250 5251
f 5347 5251 5250
f 5250 5346 5347
f 5443 5347 5346
f 5346 5442 5443
f 5539 5443 5442
f 5442 5538 5539
f 5635 5539 5538
f 5538 5634 5635
f 5731 5635 5634
f 5634 5730 5731
f 5827 5731 5730
f 5730 5826 5827
f 5923 5827 5826
f 5826 5922 5923
f 6019 5923 5922
f 5922 6018 6019
f 6115 6019 6018
f 6018 6114 6115
f 6211 6115 6114
f 6114 6210 6211
f 6307 6211 6210
f 6210 6306 6307
f 6403 6307 6306
f 6306 6402 6403
f 6499 6403 6402
f 6402 6498 6499
f 6595 6499 6498
f 6498 6594 6595
f 6691 6595 6594
f 6594 6690 6691
f 6787 6691 6690
f 6690 6786 6787
f 6883 6787 6786
f 6786 6882 6883
f 6979 6883 6882
f 6882 6978 6979
f 7075 6979 6978
f 6978 7074 7075
f 7171 7075 7074
f 7074 7170 7171
f 7267 7171 7170
f 7170 7266 7267
f 7363 7267 7266
f 7266 7362 7363
f 7459 7363 7362
f 7362 7458 7459
f 7555 7459 7458
f 7458 7554 7555
f 7651 7555 7554
f 7554 7650 7651
f 7747 7651 7650
f 7650 7746 7747
f 7843 7747 7746
f 7746 7842 7843
f 7939 7843 7842
f 7842 7938 7939
f 8035 7939 7938
f 7938 8034 8035
f 8131 8035 8034
f 8034 8130 8131
f 8227 8131 8130
f 8130 8226 8227
f 8323 8227 8226
f 8226 8322 8323
f 8419 8323 8322
f 8322 8418 8419
f 8515 8419 8418
f 8418 8514 8515
f 8611 8515 8514
f 8514 8610 8611
f 8707 8611 8610
f 8610 8706 8707
f 8803 8707 8706
f 8706 8802 8803
f 8899 8803 8802
f 8802 8898 8899
f 8995 8899 8898
f 8898 8994 8995
f 9091 8995 8994
f 8994 9090 9091
f 9187 9091 9090
f 9090 9186 9187
f 9283 9187 9186
f 9186 9282 9283
f 9379 9283 9282
f 9282 9378 9379
f 9475 9379 9378
f 9378 9474 9475
f 9571 9475 9474
f 9474 9570 9571
f 9667 9571 9570
f 9570 9666 9667
f 9763 9667 9666
f 9666 9762 9763
f 9859 9763 9762
f 9762 9858 9859
f 9955 9859 9858
f 9858 9954 9955
f 10051 9955 9954
f 9954 10050 10051
f 10147 10051 10050
f 10050 10146 10147
f 10243 10147 10146
f 10146 10242 10243
f 10339 10243 10242
f 10242 10338 10339
f 10435 10339 10338
f 10338 10434 10435
f 10531 10435 10434
f 10434 10530 10531
f 10627 10531 10530
f 10530 10626 10627
f 10723 10627 10626
f 10626 10722 10723
f 10819 10723 10722
f 10722 10818 10819
f 10915 10819 10818
f 10818 10914 10915
f 11011 10915 10914
f 10914 11010 11011
f 11107 11011 11010
f 11010 11106 11107
f 11203 11107 11106
f 11106 11202 11203
f 11299 11203 11202
f 11202 11298 11299
f 11395 11299 11298
f 11298 11394 11395
f 11491 11395 11394
f 11394 11490 11491
f 11587 11491 11490
f 11490 11586 11587
f 11683 11587 11586
f 11586 11682 11683
f 11779 11683 11682
f 11682 11778 11779
f 11875 11779 11778
f 11778 11874 11875
f 11971 11875 11874
f 11874 11970 11971
f 12067 11971 11970
f 11970 12066 12067
f 12163 12067 12066
f 12066 12162 12163
f 12259 12163 12162
f 12162 12258 12259
f 12355 12259 12258
f 12258 12354 12355
f 12451 12355 12354
f 12354 12450 12451
f 12547 12451 12450
f 12450 12546 12547
f 12643 12547 12546
f 12546 12642 12643
f 12739 12643 12642
f 12642 12738 12739
f 12835 12739 12738
f 12738 12834 12835
f 12931 12835 12834
f 12834 12930 12931
f 13027 12931 12930
f 12930 13026 13027
f 13123 13027 13026
f 13026 13122 13123
f 13219 13123 13122
f 13122 13218 13219
f 13315 13219 13218
f 13218 13314 13315
f 13411 13315 13314
f 13314 13410 13411
f 13507 13411 13410
f 13410 13506 13507
f 13603 13507 13506
f 13506 13602 13603
f 13699 13603 13602
f 13602 13698 13699
f 13795 13699 13698
f 13698 13794 13795
f 13891 13795 13794
f 13794 13890 13891
f 13987 13891 13890
f 13890 13986 13987
f 14083 13987 13986
f 13986 14082 14083
f 5060 4964 4963
f 4963 5059 5060
f 5156 5060 5059
f 5059 5155 5156
f 5252 5156 5155
f 5155 5251 5252
f 5348 5252 5251
f 5251 5347 5348
f 5444 5348 5347
f 5347 5443 5444
f 5540 5444 5443
f 5443 5539 5540
f 5636 5540 5539
f 5539 5635 5636
f 5732 5636 5635
f 5635 5731 5732
f 5828 5732 5731
f 5731 5827 5828
f 5924 5828 5827
f 5827 5923 5924
f 6020 5924 5923
f 5923 6019 6020
f 6116 6020 6019
f 6019 6115 6116
f 6212 6116 6115
f 6115 6211 6212
f 6308 6212 6211
f 6211 6307 6308
f 6404 6308 6307
f 6307 6403 6404
f 6500 6404 6403
f 6403 6499 6500
f 6596 6500 6499
f 6499 6595 6596
f 6692 6596 6595
f 6595 6691 6692
f 6788 6692 6691
f 6691 6787 6788
f 6884 6788 6787
f 6787 6883 6884
f 6980 6884 6883
f 6883 6979 6980
f 7076 6980 6979
f 6979 7075 7076
f 7172 7076 7075
f 7075 7171 7172
f 7268 7172 7171
f 7171 7267 7268
f 7364 7268 7267
f 7267 7363 7364
f 7460 7364 7363
f 7363 7459 7460
f 7556 7460 7459
f 7459 7555 7556
f 7652 7556 7555
f 7555 7651 7652
f 7748 7652 7651
f 7651 7747 7748
f 7844 7748 7747
f 7747 7843 7844
f 7940 7844 7843
f 7843 7939 7940
f 8036 7940 7939
f 7939 8035 8036
f 8132 8036 8035
f 8035 8131 8132
f 8228 8132 8131
f 8131 8227 8228
f 8324 8228 8227
f 8227 8323 8324
f 8420 8324 8323
f 8323 8419 8420
f 8516 8420 8419
f 8419 8515 8516
f 8612 8516 8515
f 8515 8611 8612
f 8708 8612 8611
f 8611 8707 8708
f 8804 8708 8707
f 8707 8803 8804
f 8900 8804 8803
f 8803 8899 8900
f 8996 8900 8899
f 8899 8995 8996
f 9092 8996 8995
f 8995 9091 9092
f 9188 9092 9091
f 9091 9187 9188
f 9284 9188 9187
f 9187 9283 9284
f 9380 9284 9283
f 9283 9379 9380
f 9476 9380 9379
f 9379 9475 9476
f 9572 9476 9475
f 9475 9571 9572
f 9668 9572 9571
f 9571 9667 9668
f 9764 9668 9667
f 9667 9763 9764
f 9860 9764 9763
f 9763 9859 9860
f 9956 9860 9859
f 9859 9955 9956
f 10052 9956 9955
f 9955 10051 10052
f 10148 10052 10051
f 10051 10147 10148
f 10244 10148 10147
f 10147 10243 10244
f 10340 10244 10243
f 10243 10339 10340
f 10436 10340 10339
f 10339 10435 10436
f 10532 10436 10435
f 10435 10531 10532
f 10628 10532 10531
f 10531 10627 10628
f 10724 10628 10627
f 10627 10723 10724
f 10820 10724 10723
f 10723 10819 10820
f 10916 10820 10819
f 10819 10915 10916
f 11012 10916 10915
f 10915 11011 11012
f 11108 11012 11011
f 11011 11107 11108
f 11204 11108 11107
f 11107 11203 11204
f 11300 11204 11203
f 11203 11299 11300
f 11396 11300 11299
f 11299 11395 11396
f 11492 11396 11395
f 11395 11491 11492
f 11588 11492 11491
f 11491 11587 11588
f 11684 11588 11587
f 11587 11683 11684
f 11780 11684 11683
f 11683 11779 11780
f 11876 11780 11779
f 11779 11875 11876
f 11972 11876 11875
f 11875 11971 11972
f 12068 11972 11971
f 11971 12067 12068
f 12164 12068 12067
f 12067 12163 12164
f 12260 12164 12163
f 12163 12259 12260
f 12356 12260 12259
f 12259 12355 12356
f 12452 12356 12355
f 12355 12451 12452
f 12548 12452 12451
f 12451 12547 12548
f 12644 12548 12547
f 12547 12643 12644
f 12740 12644 12643
f 12643 12739 12740
f 12836 12740 12739
f 12739 12835 12836
f 12932 12836 12835
f 12835 12931 12932
f 13028 12932 12931
f 12931 13027 13028
f 13124 13028 13027
f 13027 13123 13124
f 13220 13124 13123
f 13123 13219 13220
f 13316 13220 13219
f 13219 13315 13316
f 13412 13316 13315
f 13315 13411 13412
f 13508 13412 13411
f 13411 13507 13508
f 13604 13508 13507
f 13507 13603 13604
f 13700 13604 13603
f 13603 13699 13700
f 13796 13700 13699
f 13699 13795 13796
f 13892 13796 13795
f 13795 13891 13892
f 13988 13892 13891
f 13891 13987 13988
f 14084 13988 13987
f 13987 14083 14084
f 5061 4965 4964
f 4964 5060 5061
f 5157 5061 5060
f 5060 5156 5157
f 5253 5157 5156
f 5156 5252 5253
f 5349 5253 5252
f 5252 5348 5349
f 5445 5349 5348
f 5348 5444 5445
f 5541 5445 5444
f 5444 5540 5541
f 5637 5541 5540
f 5540 5636 5637
f 5733 5637 5636
f 5636 5732 5733
f 5829 5733 5732
f 5732 5828 5829
f 5925 5829 5828
f 5828 5924 5925
f 6021 5925 5924
f 5924 6020 6021
f 6117 6021 6020
f 6020 6116 6117
f 6213 6117 6116
f 6116 6212 6213
f 6309 6213 6212
f 6212 6308 6309
f 6405 6309 6308
f 6308 6404 6405
f 6501 6405 6404
f 6404 6500 6501
f 6597 6501 6500
f 6500 6596 6597
f 6693 6597 6596
f 6596 6692 6693
f 6789 6693 6692
f 6692 6788 6789
f 6885 6789 6788
f 6788 6884 6885
f 6981 6885 6884
f 6884 6980 6981
f 7077 6981 6980
f 6980 7076 7077
f 7173 7077 7076
f 7076 7172 7173
f 7269 7173 7172
f 7172 7268 7269
f 7365 7269 7268
f 7268 7364 7365
f 7461 7365 7364
f 7364 7460 7461
f 7557 7461 7460
f 7460 7556 7557
f 7653 7557 7556
f 7556 7652 7653
f 7749 7653 7652
f 7652 7748 7749
f 7845 7749 7748
f 7748 7844 7845
f 7941 7845 7844
f 7844 7940 7941
f 8037 7941 7940
f 7940 8036 8037
f 8133 8037 8036
f 8036 8132 8133
f 8229 8133 8132
f 8132 8228 8229
f 8325 8229 8228
f 8228 8324 8325
f 8421 8325 8324
f 8324 8420 8421
f 8517 8421 8420
f 8420 8516 8517
f 8613 8517 8516
f 8516 8612 8613
f 8709 8613 8612
f 8612 8708 8709
f 8805 8709 8708
f 8708 8804 8805
f 8901 8805 8804
f 8804 8900 8901
f 8997 8901 8900
f 8900 8996 8997
f 9093 8997 8996
f 8996 9092 9093
f 9189 9093 9092
f 9092 9188 9189
f 9285 9189 9188
f 9188 9284 9285
f 9381 9285 9284
f 9284 9380 9381
f 9477 9381 9380
f 9380 9476 9477
f 9573 9477 9476
f 9476 9572 9573
f 9669 9573 9572
f 9572 9668 9669
f 9765 9669 9668
f 9668 9764 9765
f 9861 9765 9764
f 9764 9860 9861
f 9957 9861 9860
f 9860 9956 9957
f 10053 9957 9956
f 9956 10052 10053
f 10149 10053 10052
f 10052 10148 10149
f 10245 10149 10148
f 10148 10244 10245
f 10341 10245 10244
f 10244 10340 10341
f 10437 10341 10340
f 10340 10436 10437
f 10533 10437 10436
f 10436 10532 10533
f 10629 10533 10532
f 10532 10628 10629
f 10725 10629 10628
f 10628 10724 10725
f 10821 10725 10724
f 10724 10820 10821
f 10917 10821 10820
f 10820 10916 10917
f 11013 10917 10916
f 10916 11012 11013
f 11109 11013 11012
f 11012 11108 11109
f 11205 11109 11108
f 11108 11204 11205
f 11301 11205 11204
f 11204 11300 11301
f 11397 11301 11300
f 11300 11396 11397
f 11493 11397 11396
f 11396 11492 11493
f 11589 11493 11492
f 11492 11588 11589
f 11685 11589 11588
f 11588 11684 11685
f 11781 11685 11684
f 11684 11780 11781
f 11877 11781 11780
f 11780 11876 11877
f 11973 11877 11876
f 11876 11972 11973
f 12069 11973 11972
f 11972 12068 12069
f 12165 12069 12068
f 12068 12164 12165
f 12261 12165 12164
f 12164 12260 12261
f 12357 12261 12260
f 12260 12356 12357
f 12453 12357 12356
f 12356 12452 12453
f 12549 12453 12452
f 12452 12548 12549
f 12645 12549 12548
f 12548 12644 12645
f 12741 12645 12644
f 12644 12740 12741
f 12837 12741 12740
f 12740 12836 12837
f 12933 12837 12836
f 12836 12932 12933
f 13029 12933 12932
f 12932 13028 13029
f 13125 13029 13028
f 13028 13124 13125
f 13221 13125 13124
f 13124 13220 13221
f 13317 13221 13220
f 13220 13316 13317
f 13413 13317 13316
f 13316 13412 13413
f 13509 13413 13412
f 13412 13508 13509
f 13605 13509 13508
f 13508 13604 13605
f 13701 13605 13604
f 13604 13700 13701
f 13797 13701 13700
f 13700 13796 13797
f 13893 13797 13796
f 13796 13892 13893
f 13989 13893 13892
f 13892 13988 13989
f 14085 13989 13988
f 13988 14084 14085
f 5062 4966 4965
f 4965 5061 5062
f 5158 5062 5061
f 5061 5157 5158
f 5254 5158 5157
f 5157 5253 5254
f 5350 5254 5253
f 5253 5349 5350
f 5446 5350 5349
f 5349 5445 5446
f 5542 5446 5445
f 5445 5541 5542
f 5638 5542 5541
f 5541 5637 5638
f 5734 5638 5637
f 5637 5733 5734
f 5830 5734 5733
f 5733 5829 5830
f 5926 5830 5829
f 5829 5925 5926
f 6022 5926 5925
f 5925 6021 6022
f 6118 6022 6021
f 6021 6117 6118
f 6214 6118 6117
f 6117 6213 6214
f 6310 6214 6213
f 6213 6309 6310
f 6406 6310 6309
f 6309 6405 6406
f 6502 6406 6405
f 6405 6501 6502
f 6598 6502 6501
f 6501 6597 6598
f 6694 6598 6597
f 6597 6693 6694
f 6790 6694 6693
f 6693 6789 6790
f 6886 6790 6789
f 6789 6885 6886
f 6982 6886 6885
f 6885 6981 6982
f 7078 6982 6981
f 6981 7077 7078
f 7174 7078 7077
f 7077 7173 7174
f 7270 7174 7173
f 7173 7269 7270
f 7366 7270 7269
f 7269 7365 7366
f 7462 7366 7365
f 7365 7461 7462
f 7558 7462 7461
f 7461 7557 7558
f 7654 7558 7557
f 7557 7653 7654
f 7750 7654 7653
f 7653 7749 7750
f 7846 7750 7749
f 7749 7845 7846
f 7942 7846 7845
f 7845 7941 7942
f 8038 7942 7941
f 7941 8037 8038
f 8134 8038 8037
f 8037 8133 8134
f 8230 8134 8133
f 8133 8229 8230
f 8326 8230 8229
f 8229 8325 8326
f 8422 8326 8325
f 8325 8421 8422
f 8518 8422 8421
f 8421 8517 8518
f 8614 8518 8517
f 8517 8613 8614
f 8710 8614 8613
f 8613 8709 8710
f 8806 8710 8709
f 8709 8805 8806
f 8902 8806 8805
f 8805 8901 8902
f 8998 8902 8901
f 8901 8997 8998
f 9094 8998 8997
f 8997 9093 9094
f 9190 9094 9093
f 9093 9189 9190
f 9286 9190 9189
f 9189 9285 9286
f 9382 9286 9285
f 9285 9381 9382
f 9478 9382 9381
f 9381 9477 9478
f 9574 9478 9477
f 9477 9573 9574
f 9670 9574 9573
f 9573 9669 9670
f 9766 9670 9669
f 9669 9765 9766
f 9862 9766 9765
f 9765 9861 9862
f 9958 9862 9861
f 9861 9957 9958
f 10054 9958 9957
f 9957 10053 10054
f 10150 10054 10053
f 10053 10149 10150
f 10246 10150 10149
f 10149 10245 10246
f 10342 10246 10245
f 10245 10341 10342
f 10438 10342 10341
f 10341 10437 10438
f 10534 10438 10437
f 10437 10533 10534
f 10630 10534 10533
f 10533 10629 10630
f 10726 10630 10629
f 10629 10725 10726
f 10822 10726 10725
f 10725 10821 10822
f 10918 10822 10821
f 10821 10917 10918
f 11014 10918 10917
f 10917 11013 11014
f 11110 11014 11013
f 11013 11109 11110
f 11206 11110 11109
f 11109 11205 11206
f 11302 11206 11205
f 11205 11301 11302
f 11398 11302 11301
f 11301 11397 11398
f 11494 11398 11397
f 11397 11493 11494
f 11590 11494 11493
f 11493 11589 11590
f 11686 11590 11589
f 11589 11685 11686
f 11782 11686 11685
f 11685 11781 11782
f 11878 11782 11781
f 11781 11877 11878
f 11974 11878 11877
f 11877 11973 11974
f 12070 11974 11973
f 11973 12069 12070
f 12166 12070 12069
f 12069 12165 12166
f 12262 12166 12165
f 12165 12261 12262
f 12358 12262 12261
f 12261 12357 12358
f 12454 12358 12357
f 12357 12453 12454
f 12550 12454 12453
f 12453 12549 12550
f 12646 12550 12549
f 12549 12645 12646
f 12742 12646 12645
f 12645 12741 12742
f 12838 12742 12741
f 12741 12837 12838
f 12934 12838 12837
f 12837 12933 12934
f 13030 12934 12933
f 12933 13029 13030
f 13126 13030 13029
f 13029 13125 13126
f 13222 13126 13125
f 13125 13221 13222
f 13318 13222 13221
f 13221 13317 13318
f 13414 13318 13317
f 13317 13413 13414
f 13510 13414 13413
f 13413 13509 13510
f 13606 13510 13509
f 13509 13605 13606
f 13702 13606 13605
f 13605 13701 13702
f 13798 13702 13701
f 13701 13797 13798
f 13894 13798 13797
f 13797 13893 13894
f 13990 13894 13893
f 13893 13989 13990
f 14086 13990 13989
f 13989 14085 14086
f 5063 4967 4966
f 4966 5062 5063
f 5159 5063 5062
f 5062 5158 5159
f 5255 5159 5158
f 5158 5254 5255
f 5351 5255 5254
f 5254 5350 5351
f 5447 5351 5350
f 5350 5446 5447
f 5543 5447 5446
f 5446 5542 5543
f 5639 5543 5542
f 5542 5638 5639
f 5735 5639 5638
f 5638 5734 5735
f 5831 5735 5734
f 5734 5830 5831
f 5927 5831 5830
f 5830 5926 5927
f 6023 5927 5926
f 5926 6022 6023
f 6119 6023 6022
f 6022 6118 6119
f 6215 6119 6118
f 6118 6214 6215
f 6311 6215 6214
f 6214 6310 6311
f 6407 6311 6310
f 6310 6406 6407
f 6503 6407 6406
f 6406 6502 6503
f 6599 6503 6502
f 6502 6598 6599
f 6695 6599 6598
f 6598 6694 6695
f 6791 6695 6694
f 6694 6790 6791
f 6887 6791 6790
f 6790 6886 6887
f 6983 6887 6886
f 6886 6982 6983
f 7079 6983 6982
f 6982 7078 7079
f 7175 7079 7078
f 7078 7174 7175
f 7271 7175 7174
f 7174 7270 7271
f 7367 7271 7270
f 7270 7366 7367
f 7463 7367 7366
f 7366 7462 7463
f 7559 7463 7462
f 7462 7558 7559
f 7655 7559 7558
f 7558 7654 7655
f 7751 7655 7654
f 7654 7750 7751
f 7847 7751 7750
f 7750 7846 7847
f 7943 7847 7846
f 7846 7942 7943
f 8039 7943 7942
f 7942 8038 8039
f 8135 8039 8038
f 8038 8134 8135
f 8231 8135 8134
f 8134 8230 8231
f 8327 8231 8230
f 8230 8326 8327
f 8423 8327 8326
f 8326 8422 8423
f 8519 8423 8422
f 8422 8518 8519
f 8615 8519 8518
f 8518 8614 8615
f 8711 8615 8614
f 8614 8710 8711
f 8807 8711 8710
f 8710 8806 8807
f 8903 8807 8806
f 8806 8902 8903
f 8999 8903 8902
f 8902 8998 8999
f 9095 8999 8998
f 8998 9094 9095
f 9191 9095 9094
f 9094 9190 9191
f 9287 9191 9190
f 9190 9286 9287
f 9383 9287 9286
f 9286 9382 9383
f 9479 9383 9382
f 9382 9478 9479
f 9575 9479 9478
f 9478 9574 9575
f 9671 9575 9574
f 9574 9670 9671
f 9767 9671 9670
f 9670 9766 9767
f 9863 9767 9766
f 9766 9862 9863
f 9959 9863 9862
f 9862 9958 9959
f 10055 9959 9958
f 9958 10054 10055
f 10151 10055 10054
f 10054 10150 10151
f 10247 10151 10150
f 10150 10246 10247
f 10343 10247 10246
f 10246 10342 10343
f 10439 10343 10342
f 10342 10438 10439
f 10535 10439 10438
f 10438 10534 10535
f 10631 10535 10534
f 10534 10630 10631
f 10727 10631 10630
f 10630 10726 10727
f 10823 10727 10726
f 10726 10822 10823
f 10919 10823 10822
f 10822 10918 10919
f 11015 10919 10918
f 10918 11014 11015
f 11111 11015 11014
f 11014 11110 11111
f 11207 11111 11110
f 11110 11206 11207
f 11303 11207 11206
f 11206 11302 11303
f 11399 11303 11302
f 11302 11398 11399
f 11495 11399 11398
f 11398 11494 11495
f 11591 11495 11494
f 11494 11590 11591
f 11687 11591 11590
f 11590 11686 11687
f 11783 11687 11686
f 11686 11782 11783
f 11879 11783 11782
f 11782 11878 11879
f 11975 11879 11878
f 11878 11974 11975
f 12071 11975 11974
f 11974 12070 12071
f 12167 12071 12070
f 12070 12166 12167
f 12263 12167 12166
f 12166 12262 12263
f 12359 12263 12262
f 12262 12358 12359
f 12455 12359 12358
f 12358 12454 12455
f 12551 12455 12454
f 12454 12550 12551
f 12647 12551 12550
f 12550 12646 12647
f 12743 12647 12646
f 12646 12742 12743
f 12839 12743 12742
f 12742 12838 12839
f 12935 12839 12838
f 12838 12934 12935
f 13031 12935 12934
f 12934 13030 13031
f 13127 13031 13030
f 13030 13126 13127
f 13223 13127 13126
f 13126 13222 13223
f 13319 13223 13222
f 13222 13318 13319
f 13415 13319 13318
f 13318 13414 13415
f 13511 13415 13414
f 13414 13510 13511
f 13607 13511 13510
f 13510 13606 13607
f 13703 13607 13606
f 13606 13702 13703
f 13799 13703 13702
f 13702 13798 13799
f 13895 13799 13798
f 13798 13894 13895
f 13991 13895 13894
f 13894 13990 13991
f 14087 13991 13990
f 13990 14086 14087
f 5064 4968 4967
f 4967 5063 5064
f 5160 5064 5063
f 5063 5159 5160
f 5256 5160 5159
f 5159 5255 5256
f 5352 5256 5255
f 5255 5351 5352
f 5448 5352 5351
f 5351 5447 5448
f 5544 5448 5447
f 5447 5543 5544
f 5640 5544 5543
f 5543 5639 5640
f 5736 5640 5639
f 5639 5735 5736
f 5832 5736 5735
f 5735 5831 5832
f 5928 5832 5831
f 5831 5927 5928
f 6024 5928 5927
f 5927 6023 6024
f 6120 6024 6023
f 6023 6119 6120
f 6216 6120 6119
f 6119 6215 6216
f 6312 6216 6215
f 6215 6311 6312
f 6408 6312 6311
f 6311 6407 6408
f 6504 6408 6407
f 6407 6503 6504
f 6600 6504 6503
f 6503 6599 6600
f 6696 6600 6599
f 6599 6695 6696
f 6792 6696 6695
f 6695 6791 6792
f 6888 6792 6791
f 6791 6887 6888
f 6984 6888 6887
f 6887 6983 6984
f 7080 6984 6983
f 6983 7079 7080
f 7176 7080 7079
f 7079 7175 7176
f 7272 7176 7175
f 7175 7271 7272
f 7368 7272 7271
f 7271 7367 7368
f 7464 7368 7367
f 7367 7463 7464
f 7560 7464 7463
f 7463 7559 7560
f 7656 7560 7559
f 7559 7655 7656
f 7752 7656 7655
f 7655 7751 7752
f 7848 7752 7751
f 7751 7847 7848
f 7944 7848 7847
f 7847 7943 7944
f 8040 7944 7943
f 7943 8039 8040
f 8136 8040 8039
f 8039 8135 8136
f 8232 8136 8135
f 8135 8231 8232
f 8328 8232 8231
f 8231 8327 8328
f 8424 8328 8327
f 8327 8423 8424
f 8520 8424 8423
f 8423 8519 8520
f 8616 8520 8519
f 8519 8615 8616
f 8712 8616 8615
f 8615 8711 8712
f 8808 8712 8711
f 8711 8807 8808
f 8904 8808 8807
f 8807 8903 8904
f 9000 8904 8903
f 8903 8999 9000
f 9096 9000 8999
f 8999 9095 9096
f 9192 9096 9095
f 9095 9191 9192
f 9288 9192 9191
f 9191 9287 9288
f 9384 9288 9287
f 9287 9383 9384
f 9480 9384 9383
f 9383 9479 9480
f 9576 9480 9479
f 9479 9575 9576
f 9672 9576 9575
f 9575 9671 9672
f 9768 9672 9671
f 9671 9767 9768
f 9864 9768 9767
f 9767 9863 9864
f 9960 9864 9863
f 9863 9959 9960
f 10056 9960 9959
f 9959 10055 10056
f 10152 10056 10055
f 10055 10151 10152
f 10248 10152 10151
f 10151 10247 10248
f 10344 10248 10247
f 10247 10343 10344
f 10440 10344 10343
f 10343 10439 10440
f 10536 10440 10439
f 10439 10535 10536
f 10632 10536 10535
f 10535 10631 10632
f 10728 10632 10631
f 10631 10727 10728
f 10824 10728 10727
f 10727 10823 10824
f 10920 10824 10823
f 10823 10919 10920
f 11016 10920 10919
f 10919 11015 11016
f 11112 11016 11015
f 11015 11111 11112
f 11208 11112 11111
f 11111 11207 11208
f 11304 11208 11207
f 11207 11303 11304
f 11400 11304 11303
f 11303 11399 11400
f 11496 11400 11399
f 11399 11495 11496
f 11592 11496 11495
f 11495 11591 11592
f 11688 11592 11591
f 11591 11687 11688
f 11784 11688 11687
f 11687 11783 11784
f 11880 11784 11783
f 11783 11879 11880
f 11976 11880 11879
f 11879 11975 11976
f 12072 11976 11975
f 11975 12071 12072
f 12168 12072 12071
f 12071 12167 12168
f 12264 12168 12167
f 12167 12263 12264
f 12360 12264 12263
f 12263 12359 12360
f 12456 12360 12359
f 12359 12455 12456
f 12552 12456 12455
f 12455 12551 12552
f 12648 12552 12551
f 12551 12647 12648
f 12744 12648 12647
f 12647 12743 12744
f 12840 12744 12743
f 12743 12839 12840
f 12936 12840 12839
f 12839 12935 12936
f 13032 12936 12935
f 12935 13031 13032
f 13128 13032 13031
f 13031 13127 13128
f 13224 13128 13127
f 13127 13223 13224
f 13320 13224 13223
f 13223 13319 13320
f 13416 13320 13319
f 13319 13415 13416
f 13512 13416 13415
f 13415 13511 13512
f 13608 13512 13511
f 13511 13607 13608
f 13704 13608 13607
f 13607 13703 13704
f 13800 13704 13703
f 13703 13799 13800
f 13896 13800 13799
f 13799 13895 13896
f 13992 13896 13895
f 13895 13991 13992
f 14088 13992 13991
f 13991 14087 14088
f 5065 4969 4968
f 4968 5064 5065
f 5161 5065 5064
f 5064 5160 5161
f 5257 5161 5160
f 5160 5256 5257
f 5353 5257 5256
f 5256 5352 5353
f 5449 5353 5352
f 5352 5448 5449
f 5545 5449 5448
f 5448 5544 5545
f 5641 5545 5544
f 5544 5640 5641
f 5737 5641 5640
f 5640 5736 5737
f 5833 5737 5736
f 5736 5832 5833
f 5929 5833 5832
f 5832 5928 5929
f 6025 5929 5928
f 5928 6024 6025
f 6121 6025 6024
f 6024 6120 6121
f 6217 6121 6120
f 6120 6216 6217
f 6313 6217 6216
f 6216 6312 6313
f 6409 6313 6312
f 6312 6408 6409
f 6505 6409 6408
f 6408 6504 6505
f 6601 6505 6504
f 6504 6600 6601
f 6697 6601 6600
f 6600 6696 6697
f 6793 6697 6696
f 6696 6792 6793
f 6889 6793 6792
f 6792 6888 6889
f 6985 6889 6888
f 6888 6984 6985
f 7081 6985 6984
f 6984 7080 7081
f 7177 7081 7080
f 7080 7176 7177
f 7273 7177 7176
f 7176 7272 7273
f 7369 7273 7272
f 7272 7368 7369
f 7465 7369 7368
f 7368 7464 7465
f 7561 7465 7464
f 7464 7560 7561
f 7657 7561 7560
f 7560 7656 7657
f 7753 7657 7656
f 7656 7752 7753
f 7849 7753 7752
f 7752 7848 7849
f 7945 7849 7848
f 7848 7944 7945
f 8041 7945 7944
f 7944 8040 8041
f 8137 8041 8040
f 8040 8136 8137
f 8233 8137 8136
f 8136 8232 8233
f 8329 8233 8232
f 8232 8328 8329
f 8425 8329 8328
f 8328 8424 8425
f 8521 8425 8424
f 8424 8520 8521
f 8617 8521 8520
f 8520 8616 8617
f 8713 8617 8616
f 8616 8712 8713
f 8809 8713 8712
f 8712 8808 8809
f 8905 8809 8808
f 8808 8904 8905
f 9001 8905 8904
f 8904 9000 9001
f 9097 9001 9000
f 9000 9096 9097
f 9193 9097 9096
f 9096 9192 9193
f 9289 9193 9192
f 9192 9288 9289
f 9385 9289 9288
f 9288 9384 9385
f 9481 9385 9384
f 9384 9480 9481
f 9577 9481 9480
f 9480 9576 9577
f 9673 9577 9576
f 9576 9672 9673
f 9769 9673 9672
f 9672 9768 9769
f 9865 9769 9768
f 9768 9864 9865
f 9961 9865 9864
f 9864 9960 9961
f 10057 9961 9960
f 9960 10056 10057
f 10153 10057 10056
f 10056 10152 10153
f 10249 10153 10152
f 10152 10248 10249
f 10345 10249 10248
f 10248 10344 10345
f 10441 10345 10344
f 10344 10440 10441
f 10537 10441 10440
f 10440 10536 10537
f 10633 10537 10536
f 10536 10632 10633
f 10729 10633 10632
f 10632 10728 10729
f 10825 10729 10728
f 10728 10824 10825
f 10921 10825 10824
f 10824 10920 10921
f 11017 10921 10920
f 10920 11016 11017
f 11113 11017 11016
f 11016 11112 11113
f 11209 11113 11112
f 11112 11208 11209
f 11305 11209 11208
f 11208 11304 11305
f 11401 11305 11304
f 11304 11400 11401
f 11497 11401 11400
f 11400 11496 11497
f 11593 11497 11496
f 11496 11592 11593
f 11689 11593 11592
f 11592 11688 11689
f 11785 11689 11688
f 11688 11784 11785
f 11881 11785 11784
f 11784 11880 11881
f 11977 11881 11880
f 11880 11976 11977
f 12073 11977 11976
f 11976 12072 12073
f 12169 12073 12072
f 12072 12168 12169
f 12265 12169 12168
f 12168 12264 12265
f 12361 12265 12264
f 12264 12360 12361
f 12457 12361 12360
f 12360 12456 12457
f 12553 12457 12456
f 12456 12552 12553
f 12649 12553 12552
f 12552 12648 12649
f 12745 12649 12648
f 12648 12744 12745
f 12841 12745 12744
f 12744 12840 12841
f 12937 12841 12840
f 12840 12936 12937
f 13033 12937 12936
f 12936 13032 13033
f 13129 13033 13032
f 13032 13128 13129
f 13225 13129 13128
f 13128 13224 13225
f 13321 13225 13224
f 13224 13320 13321
f 13417 13321 13320
f 13320 13416 13417
f 13513 13417 13416
f 13416 13512 13513
f 13609 13513 13512
f 13512 13608 13609
f 13705 13609 13608
f 13608 13704 13705
f 13801 13705 13704
f 13704 13800 13801
f 13897 13801 13800
f 13800 13896 13897
f 13993 13897 13896
f 13896 13992 13993
f 14089 13993 13992
f 13992 14088 14089
f 5066 4970 4969
f 4969 5065 5066
f 5162 5066 5065
f 5065 5161 5162
f 5258 5162 5161
f 5161 5257 5258
f 5354 5258 5257
f 5257 5353 5354
f 5450 5354 5353
f 5353 5449 5450
f 5546 5450 5449
f 5449 5545 5546
f 5642 5546 5545
f 5545 5641 5642
f 5738 5642 5641
f 5641 5737 5738
f 5834 5738 5737
f 5737 5833 5834
f 5930 5834 5833
f 5833 5929 5930
f 6026 5930 5929
f 5929 6025 6026
f 6122 6026 6025
f 6025 6121 6122
f 6218 6122 6121
f 6121 6217 6218
f 6314 6218 6217
f 6217 6313 6314
f 6410 6314 6313
f 6313 6409 6410
f 6506 6410 6409
f 6409 6505 6506
f 6602 6506 6505
f 6505 6601 6602
f 6698 6602 6601
f 6601 6697 6698
f 6794 6698 6697
f 6697 6793 6794
f 6890 6794 6793
f 6793 6889 6890
f 6986 6890 6889
f 6889 6985 6986
f 7082 6986 6985
f 6985 7081 7082
f 7178 7082 7081
f 7081 7177 7178
f 7274 7178 7177
f 7177 7273 7274
f 7370 7274 7273
f 7273 7369 7370
f 7466 7370 7369
f 7369 7465 7466
f 7562 7466 7465
f 7465 7561 7562
f 7658 7562 7561
f 7561 7657 7658
f 7754 7658 7657
f 7657 7753 7754
f 7850 7754 7753
f 7753 7849 7850
f 7946 7850 7849
f 7849 7945 7946
f 8042 7946 7945
f 7945 8041 8042
f 8138 8042 8041
f 8041 8137 8138
f 8234 8138 8137
f 8137 8233 8234
f 8330 8234 8233
f 8233 8329 8330
f 8426 8330 8329
f 8329 8425 8426
f 8522 8426 8425
f 8425 8521 8522
f 8618 8522 8521
f 8521 8617 8618
f 8714 8618 8617
f 8617 8713 8714
f 8810 8714 8713
f 8713 8809 8810
f 8906 8810 8809
f 8809 8905 8906
f 9002 8906 8905
f 8905 9001 9002
f 9098 9002 9001
f 9001 9097 9098
f 9194 9098 9097
f 9097 9193 9194
f 9290 9194 9193
f 9193 9289 9290
f 9386 9290 9289
f 9289 9385 9386
f 9482 9386 9385
f 9385 9481 9482
f 9578 9482 9481
f 9481 9577 9578
f 9674 9578 9577
f 9577 9673 9674
f 9770 9674 9673
f 9673 9769 9770
f 9866 9770 9769
f 9769 9865 9866
f 9962 9866 9865
f 9865 9961 9962
f 10058 9962 9961
f 9961 10057 10058
f 10154 10058 10057
f 10057 10153 10154
f 10250 10154 10153
f 10153 10249 10250
f 10346 10250 10249
f 10249 10345 10346
f 10442 10346 10345
f 10345 10441 10442
f 10538 10442 10441
f 10441 10537 10538
f 10634 10538 10537
f 10537 10633 10634
f 10730 10634 10633
f 10633 10729 10730
f 10826 10730 10729
f 10729 10825 10826
f 10922 10826 10825
f 10825 10921 10922
f 11018 10922 10921
f 10921 11017 11018
f 11114 11018 11017
f 11017 11113 11114
f 11210 11114 11113
f 11113 11209 11210
f 11306 11210 11209
f 11209 11305 11306
f 11402 11306 11305
f 11305 11401 11402
f 11498 11402 11401
f 11401 11497 11498
f 11594 11498 11497
f 11497 11593 11594
f 11690 11594 11593
f 11593 11689 11690
f 11786 11690 11689
f 11689 11785 11786
f 11882 11786 11785
f 11785 11881 11882
f 11978 11882 11881
f 11881 11977 11978
f 12074 11978 11977
f 11977 12073 12074
f 12170 12074 12073
f 12073 12169 12170
f 12266 12170 12169
f 12169 12265 12266
f 12362 12266 12265
f 12265 12361 12362
f 12458 12362 12361
f 12361 12457 12458
f 12554 12458 12457
f 12457 12553 12554
f 12650 12554 12553
f 12553 12649 12650
f 12746 12650 12649
f 12649 12745 12746
f 12842 12746 12745
f 12745 12841 12842
f 12938 12842 12841
f 12841 12937 12938
f 13034 12938 12937
f 12937 13033 13034
f 13130 13034 13033
f 13033 13129 13130
f 13226 13130 13129
f 13129 13225 13226
f 13322 13226 13225
f 13225 13321 13322
f 13418 13322 13321
f 13321 13417 13418
f 13514 13418 13417
f 13417 13513 13514
f 13610 13514 13513
f 13513 13609 13610
f 13706 13610 13609
f 13609 13705 13706
f 13802 13706 13705
f 13705 13801 13802
f 13898 13802 13801
f 13801 13897 13898
f 13994 13898 13897
f 13897 13993 13994
f 14090 13994 13993
f 13993 14089 14090
f 5067 4971 4970
f 4970 5066 5067
f 5163 5067 5066
f 5066 5162 5163
f 5259 5163 5162
f 5162 5258 5259
f 5355 5259 5258
f 5258 5354 5355
f 5451 5355 5354
f 5354 5450 5451
f 5547 5451 5450
f 5450 5546 5547
f 5643 5547 5546
f 5546 5642 5643
f 5739 5643 5642
f 5642 5738 5739
f 5835 5739 5738
f 5738 5834 5835
f 5931 5835 5834
f 5834 5930 5931
f 6027 5931 5930
f 5930 6026 6027
f 6123 6027 6026
f 6026 6122 6123
f 6219 6123 6122
f 6122 6218 6219
f 6315 6219 6218
f 6218 6314 6315
f 6411 6315 6314
f 6314 6410 6411
f 6507 6411 6410
f 6410 6506 6507
f 6603 6507 6506
f 6506 6602 6603
f 6699 6603 6602
f 6602 6698 6699
f 6795 6699 6698
f 6698 6794 6795
f 6891 6795 6794
f 6794 6890 6891
f 6987 6891 6890
f 6890 6986 6987
f 7083 6987 6986
f 6986 7082 7083
f 7179 7083 7082
f 7082 7178 7179
f 7275 7179 7178
f 7178 7274 7275
f 7371 7275 7274
f 7274 7370 7371
f 7467 7371 7370
f 7370 7466 7467
f 7563 7467 7466
f 7466 7562 7563
f 7659 7563 7562
f 7562 7658 7659
f 7755 7659 7658
f 7658 7754 7755
f 7851 7755 7754
f 7754 7850 7851
f 7947 7851 7850
f 7850 7946 7947
f 8043 7947 7946
f 7946 8042 8043
f 8139 8043 8042
f 8042 8138 8139
f 8235 8139 8138
f 8138 8234 8235
f 8331 8235 8234
f 8234 8330 8331
f 8427 8331 8330
f 8330 8426 8427
f 8523 8427 8426
f 8426 8522 8523
f 8619 8523 8522
f 8522 8618 8619
f 8715 8619 8618
f 8618 8714 8715
f 8811 8715 8714
f 8714 8810 8811
f 8907 8811 8810
f 8810 8906 8907
f 9003 8907 8906
f 8906 9002 9003
f 9099 9003 9002
f 9002 9098 9099
f 9195 9099 9098
f 9098 9194 9195
f 9291 9195 9194
f 9194 9290 9291
f 9387 9291 9290
f 9290 9386 9387
f 9483 9387 9386
f 9386 9482 9483
f 9579 9483 9482
f 9482 9578 9579
f 9675 9579 9578
f 9578 9674 9675
f 9771 9675 9674
f 9674 9770 9771
f 9867 9771 9770
f 9770 9866 9867
f 9963 9867 9866
f 9866 9962 9963
f 10059 9963 9962
f 9962 10058 10059
f 10155 10059 10058
f 10058 10154 10155
f 10251 10155 10154
f 10154 10250 10251
f 10347 10251 10250
f 10250 10346 10347
f 10443 10347 10346
f 10346 10442 10443
f 10539 10443 10442
f 10442 10538 10539
f 10635 10539 10538
f 10538 10634 10635
f 10731 10635 10634
f 10634 10730 10731
f 10827 10731 10730
f 10730 10826 10827
f 10923 10827 10826
f 10826 10922 10923
f 11019 10923 10922
f 10922 11018 11019
f 11115 11019 11018
f 11018 11114 11115
f 11211 11115 11114
f 11114 11210 11211
f 11307 11211 11210
f 11210 11306 11307
f 11403 11307 11306
f 11306 11402 11403
f 11499 11403 11402
f 11402 11498 11499
f 11595 11499 11498
f 11498 11594 11595
f 11691 11595 11594
f 11594 11690 11691
f 11787 11691 11690
f 11690 11786 11787
f 11883 11787 11786
f 11786 11882 11883
f 11979 11883 11882
f 11882 11978 11979
f 12075 11979 11978
f 11978 12074 12075
f 12171 12075 12074
f 12074 12170 12171
f 12267 12171 12170
f 12170 12266 12267
f 12363 12267 12266
f 12266 12362 12363
f 12459 12363 12362
f 12362 12458 12459
f 12555 12459 12458
f 12458 12554 12555
f 12651 12555 12554
f 12554 12650 12651
f 12747 12651 12650
f 12650 12746 12747
f 12843 12747 12746
f 12746 12842 12843
f 12939 12843 12842
f 12842 12938 12939
f 13035 12939 12938
f 12938 13034 13035
f 13131 13035 13034
f 13034 13130 13131
f 13227 13131 13130
f 13130 13226 13227
f 13323 13227 13226
f 13226 13322 13323
f 13419 13323 13322
f 13322 13418 13419
f 13515 13419 13418
f 13418 13514 13515
f 13611 13515 13514
f 13514 13610 13611
f 13707 13611 13610
f 13610 13706 13707
f 13803 13707 13706
f 13706 13802 13803
f 13899 13803 13802
f 13802 13898 13899
f 13995 13899 13898
f 13898 13994 13995
f 14091 13995 13994
f 13994 14090 14091
f 5068 4972 4971
f 4971 5067 5068
f 5164 5068 5067
f 5067 5163 5164
f 5260 5164 5163
f 5163 5259 5260
f 5356 5260 5259
f 5259 5355 5356
f 5452 5356 5355
f 5355 5451 5452
f 5548 5452 5451
f 5451 5547 5548
f 5644 5548 5547
f 5547 5643 5644
f 5740 5644 5643
f 5643 5739 5740
f 5836 5740 5739
f 5739 5835 5836
f 5932 5836 5835
f 5835 5931 5932
f 6028 5932 5931
f 5931 6027 6028
f 6124 6028 6027
f 6027 6123 6124
f 6220 6124 6123
f 6123 6219 6220
f 6316 6220 6219
f 6219 6315 6316
f 6412 6316 6315
f 6315 6411 6412
f 6508 6412 6411
f 6411 6507 6508
f 6604 6508 6507
f 6507 6603 6604
f 6700 6604 6603
f 6603 6699 6700
f 6796 6700 6699
f 6699 6795 6796
f 6892 6796 6795
f 6795 6891 6892
f 6988 6892 6891
f 6891 6987 6988
f 7084 6988 6987
f 6987 7083 7084
f 7180 7084 7083
f 7083 7179 7180
f 7276 7180 7179
f 7179 7275 7276
f 7372 7276 7275
f 7275 7371 7372
f 7468 7372 7371
f 7371 7467 7468
f 7564 7468 7467
f 7467 7563 7564
f 7660 7564 7563
f 7563 7659 7660
f 7756 7660 7659
f 7659 7755 7756
f 7852 7756 7755
f 7755 7851 7852
f 7948 7852 7851
f 7851 7947 7948
f 8044 7948 7947
f 7947 8043 8044
f 8140 8044 8043
f 8043 8139 8140
f 8236 8140 8139
f 8139 8235 8236
f 8332 8236 8235
f 8235 8331 8332
f 8428 8332 8331
f 8331 8427 8428
f 8524 8428 8427
f 8427 8523 8524
f 8620 8524 8523
f 8523 8619 8620
f 8716 8620 8619
f 8619 8715 8716
f 8812 8716 8715
f 8715 8811 8812
f 8908 8812 8811
f 8811 8907 8908
f 9004 8908 8907
f 8907 9003 9004
f 9100 9004 9003
f 9003 9099 9100
f 9196 9100 9099
f 9099 9195 9196
f 9292 9196 9195
f 9195 9291 9292
f 9388 9292 9291
f 9291 9387 9388
f 9484 9388 9387
f 9387 9483 9484
f 9580 9484 9483
f 9483 9579 9580
f 9676 9580 9579
f 9579 9675 9676
f 9772 9676 9675
f 9675 9771 9772
f 9868 9772 9771
f 9771 9867 9868
f 9964 9868 9867
f 9867 9963 9964
f 10060 9964 9963
f 9963 10059 10060
f 10156 10060 10059
f 10059 10155 10156
f 10252 10156 10155
f 10155 10251 10252
f 10348 10252 10251
f 10251 10347 10348
f 10444 10348 10347
f 10347 10443 10444
f 10540 10444 10443
f 10443 10539 10540
f 10636 10540 10539
f 10539 10635 10636
f 10732 10636 10635
f 10635 10731 10732
f 10828 10732 10731
f 10731 10827 10828
f 10924 10828 10827
f 10827 10923 10924
f 11020 10924 10923
f 10923 11019 11020
f 11116 11020 11019
f 11019 11115 11116
f 11212 11116 11115
f 11115 11211 11212
f 11308 11212 11211
f 11211 11307 11308
f 11404 11308 11307
f 11307 11403 11404
f 11500 11404 11403
f 11403 11499 11500
f 11596 11500 11499
f 11499 11595 11596
f 11692 11596 11595
f 11595 11691 11692
f 11788 11692 11691
f 11691 11787 11788
f 11884 11788 11787
f 11787 11883 11884
f 11980 11884 11883
f 11883 11979 11980
f 12076 11980 11979
f 11979 12075 12076
f 12172 12076 12075
f 12075 12171 12172
f 12268 12172 12171
f 12171 12267 12268
f 12364 12268 12267
f 12267 12363 12364
f 12460 12364 12363
f 12363 12459 12460
f 12556 12460 12459
f 12459 12555 12556
f 12652 12556 12555
f 12555 12651 12652
f 12748 12652 12651
f 12651 12747 12748
f 12844 12748 12747
f 12747 12843 12844
f 12940 12844 12843
f 12843 12939 12940
f 13036 12940 12939
f 12939 13035 13036
f 13132 13036 13035
f 13035 13131 13132
f 13228 13132 13131
f 13131 13227 13228
f 13324 13228 13227
f 13227 13323 13324
f 13420 13324 13323
f 13323 13419 13420
f 13516 13420 13419
f 13419 13515 13516
f 13612 13516 13515
f 13515 13611 13612
f 13708 13612 13611
f 13611 13707 13708
f 13804 13708 13707
f 13707 13803 13804
f 13900 13804 13803
f 13803 13899 13900
f 13996 13900 13899
f 13899 13995 13996
f 14092 13996 13995
f 13995 14091 14092
f 5069 4973 4972
f 4972 5068 5069
f 5165 5069 5068
f 5068 5164 5165
f 5261 5165 5164
f 5164 5260 5261
f 5357 5261 5260
f 5260 5356 5357
f 5453 5357 5356
f 5356 5452 5453
f 5549 5453 5452
f 5452 5548 5549
f 5645 5549 5548
f 5548 5644 5645
f 5741 5645 5644
f 5644 5740 5741
f 5837 5741 5740
f 5740 5836 5837
f 5933 5837 5836
f 5836 5932 5933
f 6029 5933 5932
f 5932 6028 6029
f 6125 6029 6028
f 6028 6124 6125
f 6221 6125 6124
f 6124 6220 6221
f 6317 6221 6220
f 6220 6316 6317
f 6413 6317 6316
f 6316 6412 6413
f 6509 6413 6412
f 6412 6508 6509
f 6605 6509 6508
f 6508 6604 6605
f 6701 6605 6604
f 6604 6700 6701
f 6797 6701 6700
f 6700 6796 6797
f 6893 6797 6796
f 6796 6892 6893
f 6989 6893 6892
f 6892 6988 6989
f 7085 6989 6988
f 6988 7084 7085
f 7181 7085 7084
f 7084 7180 7181
f 7277 7181 7180
f 7180 7276 7277
f 7373 7277 7276
f 7276 7372 7373
f 7469 7373 7372
f 7372 7468 7469
f 7565 7469 7468
f 7468 7564 7565
f 7661 7565 7564
f 7564 7660 7661
f 7757 7661 7660
f 7660 7756 7757
f 7853 7757 7756
f 7756 7852 7853
f 7949 7853 7852
f 7852 7948 7949
f 8045 7949 7948
f 7948 8044 8045
f 8141 8045 8044
f 8044 8140 8141
f 8237 8141 8140
f 8140 8236 8237
f 8333 8237 8236
f 8236 8332 8333
f 8429 8333 8332
f 8332 8428 8429
f 8525 8429 8428
f 8428 8524 8525
f 8621 8525 8524
f 8524 8620 8621
f 8717 8621 8620
f 8620 8716 8717
f 8813 8717 8716
f 8716 8812 8813
f 8909 8813 8812
f 8812 8908 8909
f 9005 8909 8908
f 8908 9004 9005
f 9101 9005 9004
f 9004 9100 9101
f 9197 9101 9100
f 9100 9196 9197
f 9293 9197 9196
f 9196 9292 9293
f 9389 9293 9292
f 9292 9388 9389
f 9485 9389 9388
f 9388 9484 9485
f 9581 9485 9484
f 9484 9580 9581
f 9677 9581 9580
f 9580 9676 9677
f 9773 9677 9676
f 9676 9772 9773
f 9869 9773 9772
f 9772 9868 9869
f 9965 9869 9868
f 9868 9964 9965
f 10061 9965 9964
f 9964 10060 10061
f 10157 10061 10060
f 10060 10156 10157
f 10253 10157 10156
f 10156 10252 10253
f 10349 10253 10252
f 10252 10348 10349
f 10445 10349 10348
f 10348 10444 10445
f 10541 10445 10444
f 10444 10540 10541
f 10637 10541 10540
f 10540 10636 10637
f 10733 10637 10636
f 10636 10732 10733
f 10829 10733 10732
f 10732 10828 10829
f 10925 10829 10828
f 10828 10924 10925
f 11021 10925 10924
f 10924 11020 11021
f 11117 11021 11020
f 11020 11116 11117
f 11213 11117 11116
f 11116 11212 11213
f 11309 11213 11212
f 11212 11308 11309
f 11405 11309 11308
f 11308 11404 11405
f 11501 11405 11404
f 11404 11500 11501
f 11597 11501 11500
f 11500 11596 11597
f 11693 11597 11596
f 11596 11692 11693
f 11789 11693 11692
f 11692 11788 11789
f 11885 11789 11788
f 11788 11884 11885
f 11981 11885 11884
f 11884 11980 11981
f 12077 11981 11980
f 11980 12076 12077
f 12173 12077 12076
f 12076 12172 12173
f 12269 12173 12172
f 12172 12268 12269
f 12365 12269 12268
f 12268 12364 12365
f 12461 12365 12364
f 12364 12460 12461
f 12557 12461 12460
f 12460 12556 12557
f 12653 12557 12556
f 12556 12652 12653
f 12749 12653 12652
f 12652 12748 12749
f 12845 12749 12748
f 12748 12844 12845
f 12941 12845 12844
f 12844 12940 12941
f 13037 12941 12940
f 12940 13036 13037
f 13133 13037 13036
f 13036 13132 13133
f 13229 13133 13132
f 13132 13228 13229
f 13325 13229 13228
f 13228 13324 13325
f 13421 13325 13324
f 13324 13420 13421
f 13517 13421 13420
f 13420 13516 13517
f 13613 13517 13516
f 13516 13612 13613
f 13709 13613 13612
f 13612 13708 13709
f 13805 13709 13708
f 13708 13804 13805
f 13901 13805 13804
f 13804 13900 13901
f 13997 13901 13900
f 13900 13996 13997
f 14093 13997 13996
f 13996 14092 14093
f 5070 4974 4973
f 4973 5069 5070
f 5166 5070 5069
f 5069 5165 5166
f 5262 5166 5165
f 5165 5261 5262
f 5358 5262 5261
f 5261 5357 5358
f 5454 5358 5357
f 5357 5453 5454
f 5550 5454 5453
f 5453 5549 5550
f 5646 5550 5549
f 5549 5645 5646
f 5742 5646 5645
f 5645 5741 5742
f 5838 5742 5741
f 5741 5837 5838
f 5934 5838 5837
f 5837 5933 5934
f 6030 5934 5933
f 5933 6029 6030
f 6126 6030 6029
f 6029 6125 6126
f 6222 6126 6125
f 6125 6221 6222
f 6318 6222 6221
f 6221 6317 6318
f 6414 6318 6317
f 6317 6413 6414
f 6510 6414 6413
f 6413 6509 6510
f 6606 6510 6509
f 6509 6605 6606
f 6702 6606 6605
f 6605 6701 6702
f 6798 6702 6701
f 6701 6797 6798
f 6894 6798 6797
f 6797 6893 6894
f 6990 6894 6893
f 6893 6989 6990
f 7086 6990 6989
f 6989 7085 7086
f 7182 7086 7085
f 7085 7181 7182
f 7278 7182 7181
f 7181 7277 7278
f 7374 7278 7277
f 7277 7373 7374
f 7470 7374 7373
f 7373 7469 7470
f 7566 7470 7469
f 7469 7565 7566
f 7662 7566 7565
f 7565 7661 7662
f 7758 7662 7661
f 7661 7757 7758
f 7854 7758 7757
f 7757 7853 7854
f 7950 7854 7853
f 7853 7949 7950
f 8046 7950 7949
f 7949 8045 8046
f 8142 8046 8045
f 8045 8141 8142
f 8238 8142 8141
f 8141 8237 8238
f 8334 8238 8237
f 8237 8333 8334
f 8430 8334 8333
f 8333 8429 8430
f 8526 8430 8429
f 8429 8525 8526
f 8622 8526 8525
f 8525 8621 8622
f 8718 8622 8621
f 8621 8717 8718
f 8814 8718 8717
f 8717 8813 8814
f 8910 8814 8813
f 8813 8909 8910
f 9006 8910 8909
f 8909 9005 9006
f 9102 9006 9005
f 9005 9101 9102
f 9198 9102 9101
f 9101 9197 9198
f 9294 9198 9197
f 9197 9293 9294
f 9390 9294 9293
f 9293 9389 9390
f 9486 9390 9389
f 9389 9485 9486
f 9582 9486 9485
f 9485 9581 9582
f 9678 9582 9581
f 9581 9677 9678
f 9774 9678 9677
f 9677 9773 9774
f 9870 9774 9773
f 9773 9869 9870
f 9966 9870 9869
f 9869 9965 9966
f 10062 9966 9965
f 9965 10061 10062
f 10158 10062 10061
f 10061 10157 10158
f 10254 10158 10157
f 10157 10253 10254
f 10350 10254 10253
f 10253 10349 10350
f 10446 10350 10349
f 10349 10445 10446
f 10542 10446 10445
f 10445 10541 10542
f 10638 10542 10541
f 10541 10637 10638
f 10734 10638 10637
f 10637 10733 10734
f 10830 10734 10733
f 10733 10829 10830
f 10926 10830 10829
f 10829 10925 10926
f 11022 10926 10925
f 10925 11021 11022
f 11118 11022 11021
f 11021 11117 11118
f 11214 11118 11117
f 11117 11213 11214
f 11310 11214 11213
f 11213 11309 11310
f 11406 11310 11309
f 11309 11405 11406
f 11502 11406 11405
f 11405 11501 11502
f 11598 11502 11501
f 11501 11597 11598
f 11694 11598 11597
f 11597 11693 11694
f 11790 11694 11693
f 11693 11789 11790
f 11886 11790 11789
f 11789 11885 11886
f 11982 11886 11885
f 11885 11981 11982
f 12078 11982 11981
f 11981 12077 12078
f 12174 12078 12077
f 12077 12173 12174
f 12270 12174 12173
f 12173 12269 12270
f 12366 12270 12269
f 12269 12365 12366
f 12462 12366 12365
f 12365 12461 12462
f 12558 12462 12461
f 12461 12557 12558
f 12654 12558 12557
f 12557 12653 12654
f 12750 12654 12653
f 12653 12749 12750
f 12846 12750 12749
f 12749 12845 12846
f 12942 12846 12845
f 12845 12941 12942
f 13038 12942 12941
f 12941 13037 13038
f 13134 13038 13037
f 13037 13133 13134
f 13230 13134 13133
f 13133 13229 13230
f 13326 13230 13229
f 13229 13325 13326
f 13422 13326 13325
f 13325 13421 13422
f 13518 13422 13421
f 13421 13517 13518
f 13614 13518 13517
f 13517 13613 13614
f 13710 13614 13613
f 13613 13709 13710
f 13806 13710 13709
f 13709 13805 13806
f 13902 13806 13805
f 13805 13901 13902
f 13998 13902 13901
f 13901 13997 13998
f 14094 13998 13997
f 13997 14093 14094
f 5071 4975 4974
f 4974 5070 5071
f 5167 5071 5070
f 5070 5166 5167
f 5263 5167 5166
f 5166 5262 5263
f 5359 5263 5262
f 5262 5358 5359
f 5455 5359 5358
f 5358 5454 5455
f 5551 5455 5454
f 5454 5550 5551
f 5647 5551 5550
f 5550 5646 5647
f 5743 5647 5646
f 5646 5742 5743
f 5839 5743 5742
f 5742 5838 5839
f 5935 5839 5838
f 5838 5934 5935
f 6031 5935 5934
f 5934 6030 6031
f 6127 6031 6030
f 6030 6126 6127
f 6223 6127 6126
f 6126 6222 6223
f 6319 6223 6222
f 6222 6318 6319
f 6415 6319 6318
f 6318 6414 6415
f 6511 6415 6414
f 6414 6510 6511
f 6607 6511 6510
f 6510 6606 6607
f 6703 6607 6606
f 6606 6702 6703
f 6799 6703 6702
f 6702 6798 6799
f 6895 6799 6798
f 6798 6894 6895
f 6991 6895 6894
f 6894 6990 6991
f 7087 6991 6990
f 6990 7086 7087
f 7183 7087 7086
f 7086 7182 7183
f 7279 7183 7182
f 7182 7278 7279
f 7375 7279 7278
f 7278 7374 7375
f 7471 7375 7374
f 7374 7470 7471
f 7567 7471 7470
f 7470 7566 7567
f 7663 7567 7566
f 7566 7662 7663
f 7759 7663 7662
f 7662 7758 7759
f 7855 7759 7758
f 7758 7854 7855
f 7951 7855 7854
f 7854 7950 7951
f 8047 7951 7950
f 7950 8046 8047
f 8143 8047 8046
f 8046 8142 8143
f 8239 8143 8142
f 8142 8238 8239
f 8335 8239 8238
f 8238 8334 8335
f 8431 8335 8334
f 8334 8430 8431
f 8527 8431 8430
f 8430 8526 8527
f 8623 8527 8526
f 8526 8622 8623
f 8719 8623 8622
f 8622 8718 8719
f 8815 8719 8718
f 8718 8814 8815
f 8911 8815 8814
f 8814 8910 8911
f 9007 8911 8910
f 8910 9006 9007
f 9103 9007 9006
f 9006 9102 9103
f 9199 9103 9102
f 9102 9198 9199
f 9295 9199 9198
f 9198 9294 9295
f 9391 9295 9294
f 9294 9390 9391
f 9487 9391 9390
f 9390 9486 9487
f 9583 9487 9486
f 9486 9582 9583
f 9679 9583 9582
f 9582 9678 9679
f 9775 9679 9678
f 9678 9774 9775
f 9871 9775 9774
f 9774 9870 9871
f 9967 9871 9870
f 9870 9966 9967
f 10063 9967 9966
f 9966 10062 10063
f 10159 10063 10062
f 10062 10158 10159
f 10255 10159 10158
f 10158 10254 10255
f 10351 10255 10254
f 10254 10350 10351
f 10447 10351 10350
f 10350 10446 10447
f 10543 10447 10446
f 10446 10542 10543
f 10639 10543 10542
f 10542 10638 10639
f 10735 10639 10638
f 10638 10734 10735
f 10831 10735 10734
f 10734 10830 10831
f 10927 10831 10830
f 10830 10926 10927
f 11023 10927 10926
f 10926 11022 11023
f 11119 11023 11022
f 11022 11118 11119
f 11215 11119 11118
f 11118 11214 11215
f 11311 11215 11214
f 11214 11310 11311
f 11407 11311 11310
f 11310 11406 11407
f 11503 11407 11406
f 11406 11502 11503
f 11599 11503 11502
f 11502 11598 11599
f 11695 11599 11598
f 11598 11694 11695
f 11791 11695 11694
f 11694 11790 11791
f 11887 11791 11790
f 11790 11886 11887
f 11983 11887 11886
f 11886 11982 11983
f 12079 11983 11982
f 11982 12078 12079
f 12175 12079 12078
f 12078 12174 12175
f 12271 12175 12174
f 12174 12270 12271
f 12367 12271 12270
f 12270 12366 12367
f 12463 12367 12366
f 12366 12462 12463
f 12559 12463 12462
f 12462 12558 12559
f 12655 12559 12558
f 12558 12654 12655
f 12751 12655 12654
f 12654 12750 12751
f 12847 12751 12750
f 12750 12846 12847
f 12943 12847 12846
f 12846 12942 12943
f 13039 12943 12942
f 12942 13038 13039
f 13135 13039 13038
f 13038 13134 13135
f 13231 13135 13134
f 13134 13230 13231
f 13327 13231 13230
f 13230 13326 13327
f 13423 13327 13326
f 13326 13422 13423
f 13519 13423 13422
f 13422 13518 13519
f 13615 13519 13518
f 13518 13614 13615
f 13711 13615 13614
f 13614 13710 13711
f 13807 13711 13710
f 13710 13806 13807
f 13903 13807 13806
f 13806 13902 13903
f 13999 13903 13902
f 13902 13998 13999
f 14095 13999 13998
f 13998 14094 14095
f 5072 4976 4975
f 4975 5071 5072
f 5168 5072 5071
f 5071 5167 5168
f 5264 5168 5167
f 5167 5263 5264
f 5360 5264 5263
f 5263 5359 5360
f 5456 5360 5359
f 5359 5455 5456
f 5552 5456 5455
f 5455 5551 5552
f 5648 5552 5551
f 5551 5647 5648
f 5744 5648 5647
f 5647 5743 5744
f 5840 5744 5743
f 5743 5839 5840
f 5936 5840 5839
f 5839 5935 5936
f 6032 5936 5935
f 5935 6031 6032
f 6128 6032 6031
f 6031 6127 6128
f 6224 6128 6127
f 6127 6223 6224
f 6320 6224 6223
f 6223 6319 6320
f 6416 6320 6319
f 6319 6415 6416
f 6512 6416 6415
f 6415 6511 6512
f 6608 6512 6511
f 6511 6607 6608
f 6704 6608 6607
f 6607 6703 6704
f 6800 6704 6703
f 6703 6799 6800
f 6896 6800 6799
f 6799 6895 6896
f 6992 6896 6895
f 6895 6991 6992
f 7088 6992 6991
f 6991 7087 7088
f 7184 7088 7087
f 7087 7183 7184
f 7280 7184 7183
f 7183 7279 7280
f 7376 7280 7279
f 7279 7375 7376
f 7472 7376 7375
f 7375 7471 7472
f 7568 7472 7471
f 7471 7567 7568
f 7664 7568 7567
f 7567 7663 7664
f 7760 7664 7663
f 7663 7759 7760
f 7856 7760 7759
f 7759 7855 7856
f 7952 7856 7855
f 7855 7951 7952
f 8048 7952 7951
f 7951 8047 8048
f 8144 8048 8047
f 8047 8143 8144
f 8240 8144 8143
f 8143 8239 8240
f 8336 8240 8239
f 8239 8335 8336
f 8432 8336 8335
f 8335 8431 8432
f 8528 8432 8431
f 8431 8527 8528
f 8624 8528 8527
f 8527 8623 8624
f 8720 8624 8623
f 8623 8719 8720
f 8816 8720 8719
f 8719 8815 8816
f 8912 8816 8815
f 8815 8911 8912
f 9008 8912 8911
f 8911 9007 9008
f 9104 9008 9007
f 9007 9103 9104
f 9200 9104 9103
f 9103 9199 9200
f 9296 9200 9199
f 9199 9295 9296
f 9392 9296 9295
f 9295 9391 9392
f 9488 9392 9391
f 9391 9487 9488
f 9584 9488 9487
f 9487 9583 9584
f 9680 9584 9583
f 9583 9679 9680
f 9776 9680 9679
f 9679 9775 9776
f 9872 9776 9775
f 9775 9871 9872
f 9968 9872 9871
f 9871 9967 9968
f 10064 9968 9967
f 9967 10063 10064
f 10160 10064 10063
f 10063 10159 10160
f 10256 10160 10159
f 10159 10255 10256
f 10352 10256 10255
f 10255 10351 10352
f 10448 10352 10351
f 10351 10447 10448
f 10544 10448 10447
f 10447 10543 10544
f 10640 10544 10543
f 10543 10639 10640
f 10736 10640 10639
f 10639 10735 10736
f 10832 10736 10735
f 10735 10831 10832
f 10928 10832 10831
f 10831 10927 10928
f 11024 10928 10927
f 10927 11023 11024
f 11120 11024 11023
f 11023 11119 11120
f 11216 11120 11119
f 11119 11215 11216
f 11312 11216 11215
f 11215 11311 11312
f 11408 11312 11311
f 11311 11407 11408
f 11504 11408 11407
f 11407 11503 11504
f 11600 11504 11503
f 11503 11599 11600
f 11696 11600 11599
f 11599 11695 11696
f 11792 11696 11695
f 11695 11791 11792
f 11888 11792 11791
f 11791 11887 11888
f 11984 11888 11887
f 11887 11983 11984
f 12080 11984 11983
f 11983 12079 12080
f 12176 12080 12079
f 12079 12175 12176
f 12272 12176 12175
f 12175 12271 12272
f 12368 12272 12271
f 12271 12367 12368
f 12464 12368 12367
f 12367 12463 12464
f 12560 12464 12463
f 12463 12559 12560
f 12656 12560 12559
f 12559 12655 12656
f 12752 12656 12655
f 12655 12751 12752
f 12848 12752 12751
f 12751 12847 12848
f 12944 12848 12847
f 12847 12943 12944
f 13040 12944 12943
f 12943 13039 13040
f 13136 13040 13039
f 13039 13135 13136
f 13232 13136 13135
f 13135 13231 13232
f 13328 13232 13231
f 13231 13327 13328
f 13424 13328 13327
f 13327 13423 13424
f 13520 13424 13423
f 13423 13519 13520
f 13616 13520 13519
f 13519 13615 13616
f 13712 13616 13615
f 13615 13711 13712
f 13808 13712 13711
f 13711 13807 13808
f 13904 13808 13807
f 13807 13903 13904
f 14000 13904 13903
f 13903 13999 14000
f 14096 14000 13999
f 13999 14095 14096
f 5073 4977 4976
f 4976 5072 5073
f 5169 5073 5072
f 5072 5168 5169
f 5265 5169 5168
f 5168 5264 5265
f 5361 5265 5264
f 5264 5360 5361
f 5457 5361 5360
f 5360 5456 5457
f 5553 5457 5456
f 5456 5552 5553
f 5649 5553 5552
f 5552 5648 5649
f 5745 5649 5648
f 5648 5744 5745
f 5841 5745 5744
f 5744 5840 5841
f 5937 5841 5840
f 5840 5936 5937
f 6033 5937 5936
f 5936 6032 6033
f 6129 6033 6032
f 6032 6128 6129
f 6225 6129 6128
f 6128 6224 6225
f 6321 6225 6224
f 6224 6320 6321
f 6417 6321 6320
f 6320 6416 6417
f 6513 6417 6416
f 6416 6512 6513
f 6609 6513 6512
f 6512 6608 6609
f 6705 6609 6608
f 6608 6704 6705
f 6801 6705 6704
f 6704 6800 6801
f 6897 6801 6800
f 6800 6896 6897
f 6993 6897 6896
f 6896 6992 6993
f 7089 6993 6992
f 6992 7088 7089
f 7185 7089 7088
f 7088 7184 7185
f 7281 7185 7184
f 7184 7280 7281
f 7377 7281 7280
f 7280 7376 7377
f 7473 7377 7376
f 7376 7472 7473
f 7569 7473 7472
f 7472 7568 7569
f 7665 7569 7568
f 7568 7664 7665
f 7761 7665 7664
f 7664 7760 7761
f 7857 7761 7760
f 7760 7856 7857
f 7953 7857 7856
f 7856 7952 7953
f 8049 7953 7952
f 7952 8048 8049
f 8145 8049 8048
f 8048 8144 8145
f 8241 8145 8144
f 8144 8240 8241
f 8337 8241 8240
f 8240 8336 8337
f 8433 8337 8336
f 8336 8432 8433
f 8529 8433 8432
f 8432 8528 8529
f 8625 8529 8528
f 8528 8624 8625
f 8721 8625 8624
f 8624 8720 8721
f 8817 8721 8720
f 8720 8816 8817
f 8913 8817 8816
f 8816 8912 8913
f 9009 8913 8912
f 8912 9008 9009
f 9105 9009 9008
f 9008 9104 9105
f 9201 9105 9104
f 9104 9200 9201
f 9297 9201 9200
f 9200 9296 9297
f 9393 9297 9296
f 9296 9392 9393
f 9489 9393 9392
f 9392 9488 9489
f 9585 9489 9488
f 9488 9584 9585
f 9681 9585 9584
f 9584 9680 9681
f 9777 9681 9680
f 9680 9776 9777
f 9873 9777 9776
f 9776 9872 9873
f 9969 9873 9872
f 9872 9968 9969
f 10065 9969 9968
f 9968 10064 10065
f 10161 10065 10064
f 10064 10160 10161
f 10257 10161 10160
f 10160 10256 10257
f 10353 10257 10256
f 10256 10352 10353
f 10449 10353 10352
f 10352 10448 10449
f 10545 10449 10448
f 10448 10544 10545
f 10641 10545 10544
f 10544 10640 10641
f 10737 10641 10640
f 10640 10736 10737
f 10833 10737 10736
f 10736 10832 10833
f 10929 10833 10832
f 10832 10928 10929
f 11025 10929 10928
f 10928 11024 11025
f 11121 11025 11024
f 11024 11120 11121
f 11217 11121 11120
f 11120 11216 11217
f 11313 11217 11216
f 11216 11312 11313
f 11409 11313 11312
f 11312 11408 11409
f 11505 11409 11408
f 11408 11504 11505
f 11601 11505 11504
f 11504 11600 11601
f 11697 11601 11600
f 11600 11696 11697
f 11793 11697 11696
f 11696 11792 11793
f 11889 11793 11792
f 11792 11888 11889
f 11985 11889 11888
f 11888 11984 11985
f 12081 11985 11984
f 11984 12080 12081
f 12177 12081 12080
f 12080 12176 12177
f 12273 12177 12176
f 12176 12272 12273
f 12369 12273 12272
f 12272 12368 12369
f 12465 12369 12368
f 12368 12464 12465
f 12561 12465 12464
f 12464 12560 12561
f 12657 12561 12560
f 12560 12656 12657
f 12753 12657 12656
f 12656 12752 12753
f 12849 12753 12752
f 12752 12848 12849
f 12945 12849 12848
f 12848 12944 12945
f 13041 12945 12944
f 12944 13040 13041
f 13137 13041 13040
f 13040 13136 13137
f 13233 13137 13136
f 13136 13232 13233
f 13329 13233 13232
f 13232 13328 13329
f 13425 13329 13328
f 13328 13424 13425
f 13521 13425 13424
f 13424 13520 13521
f 13617 13521 13520
f 13520 13616 13617
f 13713 13617 13616
f 13616 13712 13713
f 13809 13713 13712
f 13712 13808 13809
f 13905 13809 13808
f 13808 13904 13905
f 14001 13905 13904
f 13904 14000 14001
f 14097 14001 14000
f 14000 14096 14097
f 5074 4978 4977
f 4977 5073 5074
f 5170 5074 5073
f 5073 5169 5170
f 5266 5170 5169
f 5169 5265 5266
f 5362 5266 5265
f 5265 5361 5362
f 5458 5362 5361
f 5361 5457 5458
f 5554 5458 5457
f 5457 5553 5554
f 5650 5554 5553
f 5553 5649 5650
f 5746 5650 5649
f 5649 5745 5746
f 5842 5746 5745
f 5745 5841 5842
f 5938 5842 5841
f 5841 5937 5938
f 6034 5938 5937
f 5937 6033 6034
f 6130 6034 6033
f 6033 6129 6130
f 6226 6130 6129
f 6129 6225 6226
f 6322 6226 6225
f 6225 6321 6322
f 6418 6322 6321
f 6321 6417 6418
f 6514 6418 6417
f 6417 6513 6514
f 6610 6514 6513
f 6513 6609 6610
f 6706 6610 6609
f 6609 6705 6706
f 6802 6706 6705
f 6705 6801 6802
f 6898 6802 6801
f 6801 6897 6898
f 6994 6898 6897
f 6897 6993 6994
f 7090 6994 6993
f 6993 7089 7090
f 7186 7090 7089
f 7089 7185 7186
f 7282 7186 7185
f 7185 7281 7282
f 7378 7282 7281
f 7281 7377 7378
f 7474 7378 7377
f 7377 7473 7474
f 7570 7474 7473
f 7473 7569 7570
f 7666 7570 7569
f 7569 7665 7666
f 7762 7666 7665
f 7665 7761 7762
f 7858 7762 7761
f 7761 7857 7858
f 7954 7858 7857
f 7857 7953 7954
f 8050 7954 7953
f 7953 8049 8050
f 8146 8050 8049
f 8049 8145 8146
f 8242 8146 8145
f 8145 8241 8242
f 8338 8242 8241
f 8241 8337 8338
f 8434 8338 8337
f 8337 8433 8434
f 8530 8434 8433
f 8433 8529 8530
f 8626 8530 8529
f 8529 8625 8626
f 8722 8626 8625
f 8625 8721 8722
f 8818 8722 8721
f 8721 8817 8818
f 8914 8818 8817
f 8817 8913 8914
f 9010 8914 8913
f 8913 9009 9010
f 9106 9010 9009
f 9009 9105 9106
f 9202 9106 9105
f 9105 9201 9202
f 9298 9202 9201
f 9201 9297 9298
f 9394 9298 9297
f 9297 9393 9394
f 9490 9394 9393
f 9393 9489 9490
f 9586 9490 9489
f 9489 9585 9586
f 9682 9586 9585
f 9585 9681 9682
f 9778 9682 9681
f 9681 9777 9778
f 9874 9778 9777
f 9777 9873 9874
f 9970 9874 9873
f 9873 9969 9970
f 10066 9970 9969
f 9969 10065 10066
f 10162 10066 10065
f 10065 10161 10162
f 10258 10162 10161
f 10161 10257 10258
f 10354 10258 10257
f 10257 10353 10354
f 10450 10354 10353
f 10353 10449 10450
f 10546 10450 10449
f 10449 10545 10546
f 10642 10546 10545
f 10545 10641 10642
f 10738 10642 10641
f 10641 10737 10738
f 10834 10738 10737
f 10737 10833 10834
f 10930 10834 10833
f 10833 10929 10930
f 11026 10930 10929
f 10929 11025 11026
f 11122 11026 11025
f 11025 11121 11122
f 11218 11122 11121
f 11121 11217 11218
f 11314 11218 11217
f 11217 11313 11314
f 11410 11314 11313
f 11313 11409 11410
f 11506 11410 11409
f 11409 11505 11506
f 11602 11506 11505
f 11505 11601 11602
f 11698 11602 11601
f 11601 11697 11698
f 11794 11698 11697
f 11697 11793 11794
f 11890 11794 11793
f 11793 11889 11890
f 11986 11890 11889
f 11889 11985 11986
f 12082 11986 11985
f 11985 12081 12082
f 12178 12082 12081
f 12081 12177 12178
f 12274 12178 12177
f 12177 12273 12274
f 12370 12274 12273
f 12273 12369 12370
f 12466 12370 12369
f 12369 12465 12466
f 12562 12466 12465
f 12465 12561 12562
f 12658 12562 12561
f 12561 12657 12658
f 12754 12658 12657
f 12657 12753 12754
f 12850 12754 12753
f 12753 12849 12850
f 12946 12850 12849
f 12849 12945 12946
f 13042 12946 12945
f 12945 13041 13042
f 13138 13042 13041
f 13041 13137 13138
f 13234 13138 13137
f 13137 13233 13234
f 13330 13234 13233
f 13233 13329 13330
f 13426 13330 13329
f 13329 13425 13426
f 13522 13426 13425
f 13425 13521 13522
f 13618 13522 13521
f 13521 13617 13618
f 13714 13618 13617
f 13617 13713 13714
f 13810 13714 13713
f 13713 13809 13810
f 13906 13810 13809
f 13809 13905 13906
f 14002 13906 13905
f 13905 14001 14002
f 14098 14002 14001
f 14001 14097 14098
f 5075 4979 4978
f 4978 5074 5075
f 5171 5075 5074
f 5074 5170 5171
f 5267 5171 5170
f 5170 5266 5267
f 5363 5267 5266
f 5266 5362 5363
f 5459 5363 5362
f 5362 5458 5459
f 5555 5459 5458
f 5458 5554 5555
f 5651 5555 5554
f 5554 5650 5651
f 5747 5651 5650
f 5650 5746 5747
f 5843 5747 5746
f 5746 5842 5843
f 5939 5843 5842
f 5842 5938 5939
f 6035 5939 5938
f 5938 6034 6035
f 6131 6035 6034
f 6034 6130 6131
f 6227 6131 6130
f 6130 6226 6227
f 6323 6227 6226
f 6226 6322 6323
f 6419 6323 6322
f 6322 6418 6419
f 6515 6419 6418
f 6418 6514 6515
f 6611 6515 6514
f 6514 6610 6611
f 6707 6611 6610
f 6610 6706 6707
f 6803 6707 6706
f 6706 6802 6803
f 6899 6803 6802
f 6802 6898 6899
f 6995 6899 6898
f 6898 6994 6995
f 7091 6995 6994
f 6994 7090 7091
f 7187 7091 7090
f 7090 7186 7187
f 7283 7187 7186
f 7186 7282 7283
f 7379 7283 7282
f 7282 7378 7379
f 7475 7379 7378
f 7378 7474 7475
f 7571 7475 7474
f 7474 7570 7571
f 7667 7571 7570
f 7570 7666 7667
f 7763 7667 7666
f 7666 7762 7763
f 7859 7763 7762
f 7762 7858 7859
f 7955 7859 7858
f 7858 7954 7955
f 8051 7955 7954
f 7954 8050 8051
f 8147 8051 8050
f 8050 8146 8147
f 8243 8147 8146
f 8146 8242 8243
f 8339 8243 8242
f 8242 8338 8339
f 8435 8339 8338
f 8338 8434 8435
f 8531 8435 8434
f 8434 8530 8531
f 8627 8531 8530
f 8530 8626 8627
f 8723 8627 8626
f 8626 8722 8723
f 8819 8723 8722
f 8722 8818 8819
f 8915 8819 8818
f 8818 8914 8915
f 9011 8915 8914
f 8914 9010 9011
f 9107 9011 9010
f 9010 9106 9107
f 9203 9107 9106
f 9106 9202 9203
f 9299 9203 9202
f 9202 9298 9299
f 9395 9299 9298
f 9298 9394 9395
f 9491 9395 9394
f 9394 9490 9491
f 9587 9491 9490
f 9490 9586 9587
f 9683 9587 9586
f 9586 9682 9683
f 9779 9683 9682
f 9682 9778 9779
f 9875 9779 9778
f 9778 9874 9875
f 9971 9875 9874
f 9874 9970 9971
f 10067 9971 9970
f 9970 10066 10067
f 10163 10067 10066
f 10066 10162 10163
f 10259 10163 10162
f 10162 10258 10259
f 10355 10259 10258
f 10258 10354 10355
f 10451 10355 10354
f 10354 10450 10451
f 10547 10451 10450
f 10450 10546 10547
f 10643 10547 10546
f 10546 10642 10643
f 10739 10643 10642
f 10642 10738 10739
f 10835 10739 10738
f 10738 10834 10835
f 10931 10835 10834
f 10834 10930 10931
f 11027 10931 10930
f 10930 11026 11027
f 11123 11027 11026
f 11026 11122 11123
f 11219 11123 11122
f 11122 11218 11219
f 11315 11219 11218
f 11218 11314 11315
f 11411 11315 11314
f 11314 11410 11411
f 11507 11411 11410
f 11410 11506 11507
f 11603 11507 11506
f 11506 11602 11603
f 11699 11603 11602
f 11602 11698 11699
f 11795 11699 11698
f 11698 11794 11795
f 11891 11795 11794
f 11794 11890 11891
f 11987 11891 11890
f 11890 11986 11987
f 12083 11987 11986
f 11986 12082 12083
f 12179 12083 12082
f 12082 12178 12179
f 12275 12179 12178
f 12178 12274 12275
f 12371 12275 12274
f 12274 12370 12371
f 12467 12371 12370
f 12370 12466 12467
f 12563 12467 12466
f 12466 12562 12563
f 12659 12563 12562
f 12562 12658 12659
f 12755 12659 12658
f 12658 12754 12755
f 12851 12755 12754
f 12754 12850 12851
f 12947 12851 12850
f 12850 12946 12947
f 13043 12947 12946
f 12946 13042 13043
f 13139 13043 13042
f 13042 13138 13139
f 13235 13139 13138
f 13138 13234 13235
f 13331 13235 13234
f 13234 13330 13331
f 13427 13331 13330
f 13330 13426 13427
f 13523 13427 13426
f 13426 13522 13523
f 13619 13523 13522
f 13522 13618 13619
f 13715 13619 13618
f 13618 13714 13715
f 13811 13715 13714
f 13714 13810 13811
f 13907 13811 13810
f 13810 13906 13907
f 14003 13907 13906
f 13906 14002 14003
f 14099 14003 14002
f 14002 14098 14099
f 5076 4980 4979
f 4979 5075 5076
f 5172 5076 5075
f 5075 5171 5172
f 5268 5172 5171
f 5171 5267 5268
f 5364 5268 5267
f 5267 5363 5364
f 5460 5364 5363
f 5363 5459 5460
f 5556 5460 5459
f 5459 5555 5556
f 5652 5556 5555
f 5555 5651 5652
f 5748 5652 5651
f 5651 5747 5748
f 5844 5748 5747
f 5747 5843 5844
f 5940 5844 5843
f 5843 5939 5940
f 6036 5940 5939
f 5939 6035 6036
f 6132 6036 6035
f 6035 6131 6132
f 6228 6132 6131
f 6131 6227 6228
f 6324 6228 6227
f 6227 6323 6324
f 6420 6324 6323
f 6323 6419 6420
f 6516 6420 6419
f 6419 6515 6516
f 6612 6516 6515
f 6515 6611 6612
f 6708 6612 6611
f 6611 6707 6708
f 6804 6708 6707
f 6707 6803 6804
f 6900 6804 6803
f 6803 6899 6900
f 6996 6900 6899
f 6899 6995 6996
f 7092 6996 6995
f 6995 7091 7092
f 7188 7092 7091
f 7091 7187 7188
f 7284 7188 7187
f 7187 7283 7284
f 7380 7284 7283
f 7283 7379 7380
f 7476 7380 7379
f 7379 7475 7476
f 7572 7476 7475
f 7475 7571 7572
f 7668 7572 7571
f 7571 7667 7668
f 7764 7668 7667
f 7667 7763 7764
f 7860 7764 7763
f 7763 7859 7860
f 7956 7860 7859
f 7859 7955 7956
f 8052 7956 7955
f 7955 8051 8052
f 8148 8052 8051
f 8051 8147 8148
f 8244 8148 8147
f 8147 8243 8244
f 8340 8244 8243
f 8243 8339 8340
f 8436 8340 8339
f 8339 8435 8436
f 8532 8436 8435
f 8435 8531 8532
f 8628 8532 8531
f 8531 8627 8628
f 8724 8628 8627
f 8627 8723 8724
f 8820 8724 8723
f 8723 8819 8820
f 8916 8820 8819
f 8819 8915 8916
f 9012 8916 8915
f 8915 9011 9012
f 9108 9012 9011
f 9011 9107 9108
f 9204 9108 9107
f 9107 9203 9204
f 9300 9204 9203
f 9203 9299 9300
f 9396 9300 9299
f 9299 9395 9396
f 9492 9396 9395
f 9395 9491 9492
f 9588 9492 9491
f 9491 9587 9588
f 9684 9588 9587
f 9587 9683 9684
f 9780 9684 9683
f 9683 9779 9780
f 9876 9780 9779
f 9779 9875 9876
f 9972 9876 9875
f 9875 9971 9972
f 10068 9972 9971
f 9971 10067 10068
f 10164 10068 10067
f 10067 10163 10164
f 10260 10164 10163
f 10163 10259 10260
f 10356 10260 10259
f 10259 10355 10356
f 10452 10356 10355
f 10355 10451 10452
f 10548 10452 10451
f 10451 10547 10548
f 10644 10548 10547
f 10547 10643 10644
f 10740 10644 10643
f 10643 10739 10740
f 10836 10740 10739
f 10739 10835 10836
f 10932 10836 10835
f 10835 10931 10932
f 11028 10932 10931
f 10931 11027 11028
f 11124 11028 11027
f 11027 11123 11124
f 11220 11124 11123
f 11123 11219 11220
f 11316 11220 11219
f 11219 11315 11316
f 11412 11316 11315
f 11315 11411 11412
f 11508 11412 11411
f 11411 11507 11508
f 11604 11508 11507
f 11507 11603 11604
f 11700 11604 11603
f 11603 11699 11700
f 11796 11700 11699
f 11699 11795 11796
f 11892 11796 11795
f 11795 11891 11892
f 11988 11892 11891
f 11891 11987 11988
f 12084 11988 11987
f 11987 12083 12084
f 12180 12084 12083
f 12083 12179 12180
f 12276 12180 12179
f 12179 12275 12276
f 12372 12276 12275
f 12275 12371 12372
f 12468 12372 12371
f 12371 12467 12468
f 12564 12468 12467
f 12467 12563 12564
f 12660 12564 12563
f 12563 12659 12660
f 12756 12660 12659
f 12659 12755 12756
f 12852 12756 12755
f 12755 12851 12852
f 12948 12852 12851
f 12851 12947 12948
f 13044 12948 12947
f 12947 13043 13044
f 13140 13044 13043
f 13043 13139 13140
f 13236 13140 13139
f 13139 13235 13236
f 13332 13236 13235
f 13235 13331 13332
f 13428 13332 13331
f 13331 13427 13428
f 13524 13428 13427
f 13427 13523 13524
f 13620 13524 13523
f 13523 13619 13620
f 13716 13620 13619
f 13619 13715 13716
f 13812 13716 13715
f 13715 13811 13812
f 13908 13812 13811
f 13811 13907 13908
f 14004 13908 13907
f 13907 14003 14004
f 14100 14004 14003
f 14003 14099 14100
f 5077 4981 4980
f 4980 5076 5077
f 5173 5077 5076
f 5076 5172 5173
f 5269 5173 5172
f 5172 5268 5269
f 5365 5269 5268
f 5268 5364 5365
f 5461 5365 5364
f 5364 5460 5461
f 5557 5461 5460
f 5460 5556 5557
f 5653 5557 5556
f 5556 5652 5653
f 5749 5653 5652
f 5652 5748 5749
f 5845 5749 5748
f 5748 5844 5845
f 5941 5845 5844
f 5844 5940 5941
f 6037 5941 5940
f 5940 6036 6037
f 6133 6037 6036
f 6036 6132 6133
f 6229 6133 6132
f 6132 6228 6229
f 6325 6229 6228
f 6228 6324 6325
f 6421 6325 6324
f 6324 6420 6421
f 6517 6421 6420
f 6420 6516 6517
f 6613 6517 6516
f 6516 6612 6613
f 6709 6613 6612
f 6612 6708 6709
f 6805 6709 6708
f 6708 6804 6805
f 6901 6805 6804
f 6804 6900 6901
f 6997 6901 6900
f 6900 6996 6997
f 7093 6997 6996
f 6996 7092 7093
f 7189 7093 7092
f 7092 7188 7189
f 7285 7189 7188
f 7188 7284 7285
f 7381 7285 7284
f 7284 7380 7381
f 7477 7381 7380
f 7380 7476 7477
f 7573 7477 7476
f 7476 7572 7573
f 7669 7573 7572
f 7572 7668 7669
f 7765 7669 7668
f 7668 7764 7765
f 7861 7765 7764
f 7764 7860 7861
f 7957 7861 7860
f 7860 7956 7957
f 8053 7957 7956
f 7956 8052 8053
f 8149 8053 8052
f 8052 8148 8149
f 8245 8149 8148
f 8148 8244 8245
f 8341 8245 8244
f 8244 8340 8341
f 8437 8341 8340
f 8340 8436 8437
f 8533 8437 8436
f 8436 8532 8533
f 8629 8533 8532
f 8532 8628 8629
f 8725 8629 8628
f 8628 8724 8725
f 8821 8725 8724
f 8724 8820 8821
f 8917 8821 8820
f 8820 8916 8917
f 9013 8917 8916
f 8916 9012 9013
f 9109 9013 9012
f 9012 9108 9109
f 9205 9109 9108
f 9108 9204 9205
f 9301 9205 9204
f 9204 9300 9301
f 9397 9301 9300
f 9300 9396 9397
f 9493 9397 9396
f 9396 9492 9493
f 9589 9493 9492
f 9492 9588 9589
f 9685 9589 9588
f 9588 9684 9685
f 9781 9685 9684
f 9684 9780 9781
f 9877 9781 9780
f 9780 9876 9877
f 9973 9877 9876
f 9876 9972 9973
f 10069 9973 9972
f 9972 10068 10069
f 10165 10069 10068
f 10068 10164 10165
f 10261 10165 10164
f 10164 10260 10261
f 10357 10261 10260
f 10260 10356 10357
f 10453 10357 10356
f 10356 10452 10453
f 10549 10453 10452
f 10452 10548 10549
f 10645 10549 10548
f 10548 10644 10645
f 10741 10645 10644
f 10644 10740 10741
f 10837 10741 10740
f 10740 10836 10837
f 10933 10837 10836
f 10836 10932 10933
f 11029 10933 10932
f 10932 11028 11029
f 11125 11029 11028
f 11028 11124 11125
f 11221 11125 11124
f 11124 11220 11221
f 11317 11221 11220
f 11220 11316 11317
f 11413 11317 11316
f 11316 11412 11413
f 11509 11413 11412
f 11412 11508 11509
f 11605 11509 11508
f 11508 11604 11605
f 11701 11605 11604
f 11604 11700 11701
f 11797 11701 11700
f 11700 11796 11797
f 11893 11797 11796
f 11796 11892 11893
f 11989 11893 11892
f 11892 11988 11989
f 12085 11989 11988
f 11988 12084 12085
f 12181 12085 12084
f 12084 12180 12181
f 12277 12181 12180
f 12180 12276 12277
f 12373 12277 12276
f 12276 12372 12373
f 12469 12373 12372
f 12372 12468 12469
f 12565 12469 12468
f 12468 12564 12565
f 12661 12565 12564
f 12564 12660 12661
f 12757 12661 12660
f 12660 12756 12757
f 12853 12757 12756
f 12756 12852 12853
f 12949 12853 12852
f 12852 12948 12949
f 13045 12949 12948
f 12948 13044 13045
f 13141 13045 13044
f 13044 13140 13141
f 13237 13141 13140
f 13140 13236 13237
f 13333 13237 13236
f 13236 13332 13333
f 13429 13333 13332
f 13332 13428 13429
f 13525 13429 13428
f 13428 13524 13525
f 13621 13525 13524
f 13524 13620 13621
f 13717 13621 13620
f 13620 13716 13717
f 13813 13717 13716
f 13716 13812 13813
f 13909 13813 13812
f 13812 13908 13909
f 14005 13909 13908
f 13908 14004 14005
f 14101 14005 14004
f 14004 14100 14101
f 5078 4982 4981
f 4981 5077 5078
f 5174 5078 5077
f 5077 5173 5174
f 5270 5174 5173
f 5173 5269 5270
f 5366 5270 5269
f 5269 5365 5366
f 5462 5366 5365
f 5365 5461 5462
f 5558 5462 5461
f 5461 5557 5558
f 5654 5558 5557
f 5557 5653 5654
f 5750 5654 5653
f 5653 5749 5750
f 5846 5750 5749
f 5749 5845 5846
f 5942 5846 5845
f 5845 5941 5942
f 6038 5942 5941
f 5941 6037 6038
f 6134 6038 6037
f 6037 6133 6134
f 6230 6134 6133
f 6133 6229 6230
f 6326 6230 6229
f 6229 6325 6326
f 6422 6326 6325
f 6325 6421 6422
f 6518 6422 6421
f 6421 6517 6518
f 6614 6518 6517
f 6517 6613 6614
f 6710 6614 6613
f 6613 6709 6710
f 6806 6710 6709
f 6709 6805 6806
f 6902 6806 6805
f 6805 6901 6902
f 6998 6902 6901
f 6901 6997 6998
f 7094 6998 6997
f 6997 7093 7094
f 7190 7094 7093
f 7093 7189 7190
f 7286 7190 7189
f 7189 7285 7286
f 7382 7286 7285
f 7285 7381 7382
f 7478 7382 7381
f 7381 7477 7478
f 7574 7478 7477
f 7477 7573 7574
f 7670 7574 7573
f 7573 7669 7670
f 7766 7670 7669
f 7669 7765 7766
f 7862 7766 7765
f 7765 7861 7862
f 7958 7862 7861
f 7861 7957 7958
f 8054 7958 7957
f 7957 8053 8054
f 8150 8054 8053
f 8053 8149 8150
f 8246 8150 8149
f 8149 8245 8246
f 8342 8246 8245
f 8245 8341 8342
f 8438 8342 8341
f 8341 8437 8438
f 8534 8438 8437
f 8437 8533 8534
f 8630 8534 8533
f 8533 8629 8630
f 8726 8630 8629
f 8629 8725 8726
f 8822 8726 8725
f 8725 8821 8822
f 8918 8822 8821
f 8821 8917 8918
f 9014 8918 8917
f 8917 9013 9014
f 9110 9014 9013
f 9013 9109 9110
f 9206 9110 9109
f 9109 9205 9206
f 9302 9206 9205
f 9205 9301 9302
f 9398 9302 9301
f 9301 9397 9398
f 9494 9398 9397
f 9397 9493 9494
f 9590 9494 9493
f 9493 9589 9590
f 9686 9590 9589
f 9589 9685 9686
f 9782 9686 9685
f 9685 9781 9782
f 9878 9782 9781
f 9781 9877 9878
f 9974 9878 9877
f 9877 9973 9974
f 10070 9974 9973
f 9973 10069 10070
f 10166 10070 10069
f 10069 10165 10166
f 10262 10166 10165
f 10165 10261 10262
f 10358 10262 10261
f 10261 10357 10358
f 10454 10358 10357
f 10357 10453 10454
f 10550 10454 10453
f 10453 10549 10550
f 10646 10550 10549
f 10549 10645 10646
f 10742 10646 10645
f 10645 10741 10742
f 10838 10742 10741
f 10741 10837 10838
f 10934 10838 10837
f 10837 10933 10934
f 11030 10934 10933
f 10933 11029 11030
f 11126 11030 11029
f 11029 11125 11126
f 11222 11126 11125
f 11125 11221 11222
f 11318 11222 11221
f 11221 11317 11318
f 11414 11318 11317
f 11317 11413 11414
f 11510 11414 11413
f 11413 11509 11510
f 11606 11510 11509
f 11509 11605 11606
f 11702 11606 11605
f 11605 11701 11702
f 11798 11702 11701
f 11701 11797 11798
f 11894 11798 11797
f 11797 11893 11894
f 11990 11894 11893
f 11893 11989 11990
f 12086 11990 11989
f 11989 12085 12086
f 12182 12086 12085
f 12085 12181 12182
f 12278 12182 12181
f 12181 12277 12278
f 12374 12278 12277
f 12277 12373 12374
f 12470 12374 12373
f 12373 12469 12470
f 12566 12470 12469
f 12469 12565 12566
f 12662 12566 12565
f 12565 12661 12662
f 12758 12662 12661
f 12661 12757 12758
f 12854 12758 12757
f 12757 12853 12854
f 12950 12854 12853
f 12853 12949 12950
f 13046 12950 12949
f 12949 13045 13046
f 13142 13046 13045
f 13045 13141 13142
f 13238 13142 13141
f 13141 13237 13238
f 13334 13238 13237
f 13237 13333 13334
f 13430 13334 13333
f 13333 13429 13430
f 13526 13430 13429
f 13429 13525 13526
f 13622 13526 13525
f 13525 13621 13622
f 13718 13622 13621
f 13621 13717 13718
f 13814 13718 13717
f 13717 13813 13814
f 13910 13814 13813
f 13813 13909 13910
f 14006 13910 13909
f 13909 14005 14006
f 14102 14006 14005
f 14005 14101 14102
f 5079 4983 4982
f 4982 5078 5079
f 5175 5079 5078
f 5078 5174 5175
f 5271 5175 5174
f 5174 5270 5271
f 5367 5271 5270
f 5270 5366 5367
f 5463 5367 5366
f 5366 5462 5463
f 5559 5463 5462
f 5462 5558 5559
f 5655 5559 5558
f 5558 5654 5655
f 5751 5655 5654
f 5654 5750 5751
f 5847 5751 5750
f 5750 5846 5847
f 5943 5847 5846
f 5846 5942 5943
f 6039 5943 5942
f 5942 6038 6039
f 6135 6039 6038
f 6038 6134 6135
f 6231 6135 6134
f 6134 6230 6231
f 6327 6231 6230
f 6230 6326 6327
f 6423 6327 6326
f 6326 6422 6423
f 6519 6423 6422
f 6422 6518 6519
f 6615 6519 6518
f 6518 6614 6615
f 6711 6615 6614
f 6614 6710 6711
f 6807 6711 6710
f 6710 6806 6807
f 6903 6807 6806
f 6806 6902 6903
f 6999 6903 6902
f 6902 6998 6999
f 7095 6999 6998
f 6998 7094 7095
f 7191 7095 7094
f 7094 7190 7191
f 7287 7191 7190
f 7190 7286 7287
f 7383 7287 7286
f 7286 7382 7383
f 7479 7383 7382
f 7382 7478 7479
f 7575 7479 7478
f 7478 7574 7575
f 7671 7575 7574
f 7574 7670 7671
f 7767 7671 7670
f 7670 7766 7767
f 7863 7767 7766
f 7766 7862 7863
f 7959 7863 7862
f 7862 7958 7959
f 8055 7959 7958
f 7958 8054 8055
f 8151 8055 8054
f 8054 8150 8151
f 8247 8151 8150
f 8150 8246 8247
f 8343 8247 8246
f 8246 8342 8343
f 8439 8343 8342
f 8342 8438 8439
f 8535 8439 8438
f 8438 8534 8535
f 8631 8535 8534
f 8534 8630 8631
f 8727 8631 8630
f 8630 8726 8727
f 8823 8727 8726
f 8726 8822 8823
f 8919 8823 8822
f 8822 8918 8919
f 9015 8919 8918
f 8918 9014 9015
f 9111 9015 9014
f 9014 9110 9111
f 9207 9111 9110
f 9110 9206 9207
f 9303 9207 9206
f 9206 9302 9303
f 9399 9303 9302
f 9302 9398 9399
f 9495 9399 9398
f 9398 9494 9495
f 9591 9495 9494
f 9494 9590 9591
f 9687 9591 9590
f 9590 9686 9687
f 9783 9687 9686
f 9686 9782 9783
f 9879 9783 9782
f 9782 9878 9879
f 9975 9879 9878
f 9878 9974 9975
f 10071 9975 9974
f 9974 10070 10071
f 10167 10071 10070
f 10070 10166 10167
f 10263 10167 10166
f 10166 10262 10263
f 10359 10263 10262
f 10262 10358 10359
f 10455 10359 10358
f 10358 10454 10455
f 10551 10455 10454
f 10454 10550 10551
f 10647 10551 10550
f 10550 10646 10647
f 10743 10647 10646
f 10646 10742 10743
f 10839 10743 10742
f 10742 10838 10839
f 10935 10839 10838
f 10838 10934 10935
f 11031 10935 10934
f 10934 11030 11031
f 11127 11031 11030
f 11030 11126 11127
f 11223 11127 11126
f 11126 11222 11223
f 11319 11223 11222
f 11222 11318 11319
f 11415 11319 11318
f 11318 11414 11415
f 11511 11415 11414
f 11414 11510 11511
f 11607 11511 11510
f 11510 11606 11607
f 11703 11607 11606
f 11606 11702 11703
f 11799 11703 11702
f 11702 11798 11799
f 11895 11799 11798
f 11798 11894 11895
f 11991 11895 11894
f 11894 11990 11991
f 12087 11991 11990
f 11990 12086 12087
f 12183 12087 12086
f 12086 12182 12183
f 12279 12183 12182
f 12182 12278 12279
f 12375 12279 12278
f 12278 12374 12375
f 12471 12375 12374
f 12374 12470 12471
f 12567 12471 12470
f 12470 12566 12567
f 12663 12567 12566
f 12566 12662 12663
f 12759 12663 12662
f 12662 12758 12759
f 12855 12759 12758
f 12758 12854 12855
f 12951 12855 12854
f 12854 12950 12951
f 13047 12951 12950
f 12950 13046 13047
f 13143 13047 13046
f 13046 13142 13143
f 13239 13143 13142
f 13142 13238 13239
f 13335 13239 13238
f 13238 13334 13335
f 13431 13335 13334
f 13334 13430 13431
f 13527 13431 13430
f 13430 13526 13527
f 13623 13527 13526
f 13526 13622 13623
f 13719 13623 13622
f 13622 13718 13719
f 13815 13719 13718
f 13718 13814 13815
f 13911 13815 13814
f 13814 13910 13911
f 14007 13911 13910
f 13910 14006 14007
f 14103 14007 14006
f 14006 14102 14103
f 5080 4984 4983
f 4983 5079 5080
f 5176 5080 5079
f 5079 5175 5176
f 5272 5176 5175
f 5175 5271 5272
f 5368 5272 5271
f 5271 5367 5368
f 5464 5368 5367
f 5367 5463 5464
f 5560 5464 5463
f 5463 5559 5560
f 5656 5560 5559
f 5559 5655 5656
f 5752 5656 5655
f 5655 5751 5752
f 5848 5752 5751
f 5751 5847 5848
f 5944 5848 5847
f 5847 5943 5944
f 6040 5944 5943
f 5943 6039 6040
f 6136 6040 6039
f 6039 6135 6136
f 6232 6136 6135
f 6135 6231 6232
f 6328 6232 6231
f 6231 6327 6328
f 6424 6328 6327
f 6327 6423 6424
f 6520 6424 6423
f 6423 6519 6520
f 6616 6520 6519
f 6519 6615 6616
f 6712 6616 6615
f 6615 6711 6712
f 6808 6712 6711
f 6711 6807 6808
f 6904 6808 6807
f 6807 6903 6904
f 7000 6904 6903
f 6903 6999 7000
f 7096 7000 6999
f 6999 7095 7096
f 7192 7096 7095
f 7095 7191 7192
f 7288 7192 7191
f 7191 7287 7288
f 7384 7288 7287
f 7287 7383 7384
f 7480 7384 7383
f 7383 7479 7480
f 7576 7480 7479
f 7479 7575 7576
f 7672 7576 7575
f 7575 7671 7672
f 7768 7672 7671
f 7671 7767 7768
f 7864 7768 7767
f 7767 7863 7864
f 7960 7864 7863
f 7863 7959 7960
f 8056 7960 7959
f 7959 8055 8056
f 8152 8056 8055
f 8055 8151 8152
f 8248 8152 8151
f 8151 8247 8248
f 8344 8248 8247
f 8247 8343 8344
f 8440 8344 8343
f 8343 8439 8440
f 8536 8440 8439
f 8439 8535 8536
f 8632 8536 8535
f 8535 8631 8632
f 8728 8632 8631
f 8631 8727 8728
f 8824 8728 8727
f 8727 8823 8824
f 8920 8824 8823
f 8823 8919 8920
f 9016 8920 8919
f 8919 9015 9016
f 9112 9016 9015
f 9015 9111 9112
f 9208 9112 9111
f 9111 9207 9208
f 9304 9208 9207
f 9207 9303 9304
f 9400 9304 9303
f 9303 9399 9400
f 9496 9400 9399
f 9399 9495 9496
f 9592 9496 9495
f 9495 9591 9592
f 9688 9592 9591
f 9591 9687 9688
f 9784 9688 9687
f 9687 9783 9784
f 9880 9784 9783
f 9783 9879 9880
f 9976 9880 9879
f 9879 9975 9976
f 10072 9976 9975
f 9975 10071 10072
f 10168 10072 10071
f 10071 10167 10168
f 10264 10168 10167
f 10167 10263 10264
f 10360 10264 10263
f 10263 10359 10360
f 10456 10360 10359
f 10359 10455 10456
f 10552 10456 10455
f 10455 10551 10552
f 10648 10552 10551
f 10551 10647 10648
f 10744 10648 10647
f 10647 10743 10744
f 10840 10744 10743
f 10743 10839 10840
f 10936 10840 10839
f 10839 10935 10936
f 11032 10936 10935
f 10935 11031 11032
f 11128 11032 11031
f 11031 11127 11128
f 11224 11128 11127
f 11127 11223 11224
f 11320 11224 11223
f 11223 11319 11320
f 11416 11320 11319
f 11319 11415 11416
f 11512 11416 11415
f 11415 11511 11512
f 11608 11512 11511
f 11511 11607 11608
f 11704 11608 11607
f 11607 11703 11704
f 11800 11704 11703
f 11703 11799 11800
f 11896 11800 11799
f 11799 11895 11896
f 11992 11896 11895
f 11895 11991 11992
f 12088 11992 11991
f 11991 12087 12088
f 12184 12088 12087
f 12087 12183 12184
f 12280 12184 12183
f 12183 12279 12280
f 12376 12280 12279
f 12279 12375 12376
f 12472 12376 12375
f 12375 12471 12472
f 12568 12472 12471
f 12471 12567 12568
f 12664 12568 12567
f 12567 12663 12664
f 12760 12664 12663
f 12663 12759 12760
f 12856 12760 12759
f 12759 12855 12856
f 12952 12856 12855
f 12855 12951 12952
f 13048 12952 12951
f 12951 13047 13048
f 13144 13048 13047
f 13047 13143 13144
f 13240 13144 13143
f 13143 13239 13240
f 13336 13240 13239
f 13239 13335 13336
f 13432 13336 13335
f 13335 13431 13432
f 13528 13432 13431
f 13431 13527 13528
f 13624 13528 13527
f 13527 13623 13624
f 13720 13624 13623
f 13623 13719 13720
f 13816 13720 13719
f 13719 13815 13816
f 13912 13816 13815
f 13815 13911 13912
f 14008 13912 13911
f 13911 14007 14008
f 14104 14008 14007
f 14007 14103 14104
f 5081 4985 4984
f 4984 5080 5081
f 5177 5081 5080
f 5080 5176 5177
f 5273 5177 5176
f 5176 5272 5273
f 5369 5273 5272
f 5272 5368 5369
f 5465 5369 5368
f 5368 5464 5465
f 5561 5465 5464
f 5464 5560 5561
f 5657 5561 5560
f 5560 5656 5657
f 5753 5657 5656
f 5656 5752 5753
f 5849 5753 5752
f 5752 5848 5849
f 5945 5849 5848
f 5848 5944 5945
f 6041 5945 5944
f 5944 6040 6041
f 6137 6041 6040
f 6040 6136 6137
f 6233 6137 6136
f 6136 6232 6233
f 6329 6233 6232
f 6232 6328 6329
f 6425 6329 6328
f 6328 6424 6425
f 6521 6425 6424
f 6424 6520 6521
f 6617 6521 6520
f 6520 6616 6617
f 6713 6617 6616
f 6616 6712 6713
f 6809 6713 6712
f 6712 6808 6809
f 6905 6809 6808
f 6808 6904 6905
f 7001 6905 6904
f 6904 7000 7001
f 7097 7001 7000
f 7000 7096 7097
f 7193 7097 7096
f 7096 7192 7193
f 7289 7193 7192
f 7192 7288 7289
f 7385 7289 7288
f 7288 7384 7385
f 7481 7385 7384
f 7384 7480 7481
f 7577 7481 7480
f 7480 7576 7577
f 7673 7577 7576
f 7576 7672 7673
f 7769 7673 7672
f 7672 7768 7769
f 7865 7769 7768
f 7768 7864 7865
f 7961 7865 7864
f 7864 7960 7961
f 8057 7961 7960
f 7960 8056 8057
f 8153 8057 8056
f 8056 8152 8153
f 8249 8153 8152
f 8152 8248 8249
f 8345 8249 8248
f 8248 8344 8345
f 8441 8345 8344
f 8344 8440 8441
f 8537 8441 8440
f 8440 8536 8537
f 8633 8537 8536
f 8536 8632 8633
f 8729 8633 8632
f 8632 8728 8729
f 8825 8729 8728
f 8728 8824 8825
f 8921 8825 8824
f 8824 8920 8921
f 9017 8921 8920
f 8920 9016 9017
f 9113 9017 9016
f 9016 9112 9113
f 9209 9113 9112
f 9112 9208 9209
f 9305 9209 9208
f 9208 9304 9305
f 9401 9305 9304
f 9304 9400 9401
f 9497 9401 9400
f 9400 9496 9497
f 9593 9497 9496
f 9496 9592 9593
f 9689 9593 9592
f 9592 9688 9689
f 9785 9689 9688
f 9688 9784 9785
f 9881 9785 9784
f 9784 9880 9881
f 9977 9881 9880
f 9880 9976 9977
f 10073 9977 9976
f 9976 10072 10073
f 10169 10073 10072
f 10072 10168 10169
f 10265 10169 10168
f 10168 10264 10265
f 10361 10265 10264
f 10264 10360 10361
f 10457 10361 10360
f 10360 10456 10457
f 10553 10457 10456
f 10456 10552 10553
f 10649 10553 10552
f 10552 10648 10649
f 10745 10649 10648
f 10648 10744 10745
f 10841 10745 10744
f 10744 10840 10841
f 10937 10841 10840
f 10840 10936 10937
f 11033 10937 10936
f 10936 11032 11033
f 11129 11033 11032
f 11032 11128 11129
f 11225 11129 11128
f 11128 11224 11225
f 11321 11225 11224
f 11224 11320 11321
f 11417 11321 11320
f 11320 11416 11417
f 11513 11417 11416
f 11416 11512 11513
f 11609 11513 11512
f 11512 11608 11609
f 11705 11609 11608
f 11608 11704 11705
f 11801 11705 11704
f 11704 11800 11801
f 11897 11801 11800
f 11800 11896 11897
f 11993 11897 11896
f 11896 11992 11993
f 12089 11993 11992
f 11992 12088 12089
f 12185 12089 12088
f 12088 12184 12185
f 12281 12185 12184
f 12184 12280 12281
f 12377 12281 12280
f 12280 12376 12377
f 12473 12377 12376
f 12376 12472 12473
f 12569 12473 12472
f 12472 12568 12569
f 12665 12569 12568
f 12568 12664 12665
f 12761 12665 12664
f 12664 12760 12761
f 12857 12761 12760
f 12760 12856 12857
f 12953 12857 12856
f 12856 12952 12953
f 13049 12953 12952
f 12952 13048 13049
f 13145 13049 13048
f 13048 13144 13145
f 13241 13145 13144
f 13144 13240 13241
f 13337 13241 13240
f 13240 13336 13337
f 13433 13337 13336
f 13336 13432 13433
f 13529 13433 13432
f 13432 13528 13529
f 13625 13529 13528
f 13528 13624 13625
f 13721 13625 13624
f 13624 13720 13721
f 13817 13721 13720
f 13720 13816 13817
f 13913 13817 13816
f 13816 13912 13913
f 14009 13913 13912
f 13912 14008 14009
f 14105 14009 14008
f 14008 14104 14105
f 5082 4986 4985
f 4985 5081 5082
f 5178 5082 5081
f 5081 5177 5178
f 5274 5178 5177
f 5177 5273 5274
f 5370 5274 5273
f 5273 5369 5370
f 5466 5370 5369
f 5369 5465 5466
f 5562 5466 5465
f 5465 5561 5562
f 5658 5562 5561
f 5561 5657 5658
f 5754 5658 5657
f 5657 5753 5754
f 5850 5754 5753
f 5753 5849 5850
f 5946 5850 5849
f 5849 5945 5946
f 6042 5946 5945
f 5945 6041 6042
f 6138 6042 6041
f 6041 6137 6138
f 6234 6138 6137
f 6137 6233 6234
f 6330 6234 6233
f 6233 6329 6330
f 6426 6330 6329
f 6329 6425 6426
f 6522 6426 6425
f 6425 6521 6522
f 6618 6522 6521
f 6521 6617 6618
f 6714 6618 6617
f 6617 6713 6714
f 6810 6714 6713
f 6713 6809 6810
f 6906 6810 6809
f 6809 6905 6906
f 7002 6906 6905
f 6905 7001 7002
f 7098 7002 7001
f 7001 7097 7098
f 7194 7098 7097
f 7097 7193 7194
f 7290 7194 7193
f 7193 7289 7290
f 7386 7290 7289
f 7289 7385 7386
f 7482 7386 7385
f 7385 7481 7482
f 7578 7482 7481
f 7481 7577 7578
f 7674 7578 7577
f 7577 7673 7674
f 7770 7674 7673
f 7673 7769 7770
f 7866 7770 7769
f 7769 7865 7866
f 7962 7866 7865
f 7865 7961 7962
f 8058 7962 7961
f 7961 8057 8058
f 8154 8058 8057
f 8057 8153 8154
f 8250 8154 8153
f 8153 8249 8250
f 8346 8250 8249
f 8249 8345 8346
f 8442 8346 8345
f 8345 8441 8442
f 8538 8442 8441
f 8441 8537 8538
f 8634 8538 8537
f 8537 8633 8634
f 8730 8634 8633
f 8633 8729 8730
f 8826 8730 8729
f 8729 8825 8826
f 8922 8826 8825
f 8825 8921 8922
f 9018 8922 8921
f 8921 9017 9018
f 9114 9018 9017
f 9017 9113 9114
f 9210 9114 9113
f 9113 9209 9210
f 9306 9210 9209
f 9209 9305 9306
f 9402 9306 9305
f 9305 9401 9402
f 9498 9402 9401
f 9401 9497 9498
f 9594 9498 9497
f 9497 9593 9594
f 9690 9594 9593
f 9593 9689 9690
f 9786 9690 9689
f 9689 9785 9786
f 9882 9786 9785
f 9785 9881 9882
f 9978 9882 9881
f 9881 9977 9978
f 10074 9978 9977
f 9977 10073 10074
f 10170 10074 10073
f 10073 10169 10170
f 10266 10170 10169
f 10169 10265 10266
f 10362 10266 10265
f 10265 10361 10362
f 10458 10362 10361
f 10361 10457 10458
f 10554 10458 10457
f 10457 10553 10554
f 10650 10554 10553
f 10553 10649 10650
f 10746 10650 10649
f 10649 10745 10746
f 10842 10746 10745
f 10745 10841 10842
f 10938 10842 10841
f 10841 10937 10938
f 11034 10938 10937
f 10937 11033 11034
f 11130 11034 11033
f 11033 11129 11130
f 11226 11130 11129
f 11129 11225 11226
f 11322 11226 11225
f 11225 11321 11322
f 11418 11322 11321
f 11321 11417 11418
f 11514 11418 11417
f 11417 11513 11514
f 11610 11514 11513
f 11513 11609 11610
f 11706 11610 11609
f 11609 11705 11706
f 11802 11706 11705
f 11705 11801 11802
f 11898 11802 11801
f 11801 11897 11898
f 11994 11898 11897
f 11897 11993 11994
f 12090 11994 11993
f 11993 12089 12090
f 12186 12090 12089
f 12089 12185 12186
f 12282 12186 12185
f 12185 12281 12282
f 12378 12282 12281
f 12281 12377 12378
f 12474 12378 12377
f 12377 12473 12474
f 12570 12474 12473
f 12473 12569 12570
f 12666 12570 12569
f 12569 12665 12666
f 12762 12666 12665
f 12665 12761 12762
f 12858 12762 12761
f 12761 12857 12858
f 12954 12858 12857
f 12857 12953 12954
f 13050 12954 12953
f 12953 13049 13050
f 13146 13050 13049
f 13049 13145 13146
f 13242 13146 13145
f 13145 13241 13242
f 13338 13242 13241
f 13241 13337 13338
f 13434 13338 13337
f 13337 13433 13434
f 13530 13434 13433
f 13433 13529 13530
f 13626 13530 13529
f 13529 13625 13626
f 13722 13626 13625
f 13625 13721 13722
f 13818 13722 13721
f 13721 13817 13818
f 13914 13818 13817
f 13817 13913 13914
f 14010 13914 13913
f 13913 14009 14010
f 14106 14010 14009
f 14009 14105 14106
f 5083 4987 4986
f 4986 5082 5083
f 5179 5083 5082
f 5082 5178 5179
f 5275 5179 5178
f 5178 5274 5275
f 5371 5275 5274
f 5274 5370 5371
f 5467 5371 5370
f 5370 5466 5467
f 5563 5467 5466
f 5466 5562 5563
f 5659 5563 5562
f 5562 5658 5659
f 5755 5659 5658
f 5658 5754 5755
f 5851 5755 5754
f 5754 5850 5851
f 5947 5851 5850
f 5850 5946 5947
f 6043 5947 5946
f 5946 6042 6043
f 6139 6043 6042
f 6042 6138 6139
f 6235 6139 6138
f 6138 6234 6235
f 6331 6235 6234
f 6234 6330 6331
f 6427 6331 6330
f 6330 6426 6427
f 6523 6427 6426
f 6426 6522 6523
f 6619 6523 6522
f 6522 6618 6619
f 6715 6619 6618
f 6618 6714 6715
f 6811 6715 6714
f 6714 6810 6811
f 6907 6811 6810
f 6810 6906 6907
f 7003 6907 6906
f 6906 7002 7003
f 7099 7003 7002
f 7002 7098 7099
f 7195 7099 7098
f 7098 7194 7195
f 7291 7195 7194
f 7194 7290 7291
f 7387 7291 7290
f 7290 7386 7387
f 7483 7387 7386
f 7386 7482 7483
f 7579 7483 7482
f 7482 7578 7579
f 7675 7579 7578
f 7578 7674 7675
f 7771 7675 7674
f 7674 7770 7771
f 7867 7771 7770
f 7770 7866 7867
f 7963 7867 7866
f 7866 7962 7963
f 8059 7963 7962
f 7962 8058 8059
f 8155 8059 8058
f 8058 8154 8155
f 8251 8155 8154
f 8154 8250 8251
f 8347 8251 8250
f 8250 8346 8347
f 8443 8347 8346
f 8346 8442 8443
f 8539 8443 8442
f 8442 8538 8539
f 8635 8539 8538
f 8538 8634 8635
f 8731 8635 8634
f 8634 8730 8731
f 8827 8731 8730
f 8730 8826 8827
f 8923 8827 8826
f 8826 8922 8923
f 9019 8923 8922
f 8922 9018 9019
f 9115 9019 9018
f 9018 9114 9115
f 9211 9115 9114
f 9114 9210 9211
f 9307 9211 9210
f 9210 9306 9307
f 9403 9307 9306
f 9306 9402 9403
f 9499 9403 9402
f 9402 9498 9499
f 9595 9499 9498
f 9498 9594 9595
f 9691 9595 9594
f 9594 9690 9691
f 9787 9691 9690
f 9690 9786 9787
f 9883 9787 9786
f 9786 9882 9883
f 9979 9883 9882
f 9882 9978 9979
f 10075 9979 9978
f 9978 10074 10075
f 10171 10075 10074
f 10074 10170 10171
f 10267 10171 10170
f 10170 10266 10267
f 10363 10267 10266
f 10266 10362 10363
f 10459 10363 10362
f 10362 10458 10459
f 10555 10459 10458
f 10458 10554 10555
f 10651 10555 10554
f 10554 10650 10651
f 10747 10651 10650
f 10650 10746 10747
f 10843 10747 10746
f 10746 10842 10843
f 10939 10843 10842
f 10842 10938 10939
f 11035 10939 10938
f 10938 11034 11035
f 11131 11035 11034
f 11034 11130 11131
f 11227 11131 11130
f 11130 11226 11227
f 11323 11227 11226
f 11226 11322 11323
f 11419 11323 11322
f 11322 11418 11419
f 11515 11419 11418
f 11418 11514 11515
f 11611 11515 11514
f 11514 11610 11611
f 11707 11611 11610
f 11610 11706 11707
f 11803 11707 11706
f 11706 11802 11803
f 11899 11803 11802
f 11802 11898 11899
f 11995 11899 11898
f 11898 11994 11995
f 12091 11995 11994
f 11994 12090 12091
f 12187 12091 12090
f 12090 12186 12187
f 12283 12187 12186
f 12186 12282 12283
f 12379 12283 12282
f 12282 12378 12379
f 12475 12379 12378
f 12378 12474 12475
f 12571 12475 12474
f 12474 12570 12571
f 12667 12571 12570
f 12570 12666 12667
f 12763 12667 12666
f 12666 12762 12763
f 12859 12763 12762
f 12762 12858 12859
f 12955 12859 12858
f 12858 12954 12955
f 13051 12955 12954
f 12954 13050 13051
f 13147 13051 13050
f 13050 13146 13147
f 13243 13147 13146
f 13146 13242 13243
f 13339 13243 13242
f 13242 13338 13339
f 13435 13339 13338
f 13338 13434 13435
f 13531 13435 13434
f 13434 13530 13531
f 13627 13531 13530
f 13530 13626 13627
f 13723 13627 13626
f 13626 13722 13723
f 13819 13723 13722
f 13722 13818 13819
f 13915 13819 13818
f 13818 13914 13915
f 14011 13915 13914
f 13914 14010 14011
f 14107 14011 14010
f 14010 14106 14107
f 5084 4988 4987
f 4987 5083 5084
f 5180 5084 5083
f 5083 5179 5180
f 5276 5180 5179
f 5179 5275 5276
f 5372 5276 5275
f 5275 5371 5372
f 5468 5372 5371
f 5371 5467 5468
f 5564 5468 5467
f 5467 5563 5564
f 5660 5564 5563
f 5563 5659 5660
f 5756 5660 5659
f 5659 5755 5756
f 5852 5756 5755
f 5755 5851 5852
f 5948 5852 5851
f 5851 5947 5948
f 6044 5948 5947
f 5947 6043 6044
f 6140 6044 6043
f 6043 6139 6140
f 6236 6140 6139
f 6139 6235 6236
f 6332 6236 6235
f 6235 6331 6332
f 6428 6332 6331
f 6331 6427 6428
f 6524 6428 6427
f 6427 6523 6524
f 6620 6524 6523
f 6523 6619 6620
f 6716 6620 6619
f 6619 6715 6716
f 6812 6716 6715
f 6715 6811 6812
f 6908 6812 6811
f 6811 6907 6908
f 7004 6908 6907
f 6907 7003 7004
f 7100 7004 7003
f 7003 7099 7100
f 7196 7100 7099
f 7099 7195 7196
f 7292 7196 7195
f 7195 7291 7292
f 7388 7292 7291
f 7291 7387 7388
f 7484 7388 7387
f 7387 7483 7484
f 7580 7484 7483
f 7483 7579 7580
f 7676 7580 7579
f 7579 7675 7676
f 7772 7676 7675
f 7675 7771 7772
f 7868 7772 7771
f 7771 7867 7868
f 7964 7868 7867
f 7867 7963 7964
f 8060 7964 7963
f 7963 8059 8060
f 8156 8060 8059
f 8059 8155 8156
f 8252 8156 8155
f 8155 8251 8252
f 8348 8252 8251
f 8251 8347 8348
f 8444 8348 8347
f 8347 8443 8444
f 8540 8444 8443
f 8443 8539 8540
f 8636 8540 8539
f 8539 8635 8636
f 8732 8636 8635
f 8635 8731 8732
f 8828 8732 8731
f 8731 8827 8828
f 8924 8828 8827
f 8827 8923 8924
f 9020 8924 8923
f 8923 9019 9020
f 9116 9020 9019
f 9019 9115 9116
f 9212 9116 9115
f 9115 9211 9212
f 9308 9212 9211
f 9211 9307 9308
f 9404 9308 9307
f 9307 9403 9404
f 9500 9404 9403
f 9403 9499 9500
f 9596 9500 9499
f 9499 9595 9596
f 9692 9596 9595
f 9595 9691 9692
f 9788 9692 9691
f 9691 9787 9788
f 9884 9788 9787
f 9787 9883 9884
f 9980 9884 9883
f 9883 9979 9980
f 10076 9980 9979
f 9979 10075 10076
f 10172 10076 10075
f 10075 10171 10172
f 10268 10172 10171
f 10171 10267 10268
f 10364 10268 10267
f 10267 10363 10364
f 10460 10364 10363
f 10363 10459 10460
f 10556 10460 10459
f 10459 10555 10556
f 10652 10556 10555
f 10555 10651 10652
f 10748 10652 10651
f 10651 10747 10748
f 10844 10748 10747
f 10747 10843 10844
f 10940 10844 10843
f 10843 10939 10940
f 11036 10940 10939
f 10939 11035 11036
f 11132 11036 11035
f 11035 11131 11132
f 11228 11132 11131
f 11131 11227 11228
f 11324 11228 11227
f 11227 11323 11324
f 11420 11324 11323
f 11323 11419 11420
f 11516 11420 11419
f 11419 11515 11516
f 11612 11516 11515
f 11515 11611 11612
f 11708 11612 11611
f 11611 11707 11708
f 11804 11708 11707
f 11707 11803 11804
f 11900 11804 11803
f 11803 11899 11900
f 11996 11900 11899
f 11899 11995 11996
f 12092 11996 11995
f 11995 12091 12092
f 12188 12092 12091
f 12091 12187 12188
f 12284 12188 12187
f 12187 12283 12284
f 12380 12284 12283
f 12283 12379 12380
f 12476 12380 12379
f 12379 12475 12476
f 12572 12476 12475
f 12475 12571 12572
f 12668 12572 12571
f 12571 12667 12668
f 12764 12668 12667
f 12667 12763 12764
f 12860 12764 12763
f 12763 12859 12860
f 12956 12860 12859
f 12859 12955 12956
f 13052 12956 12955
f 12955 13051 13052
f 13148 13052 13051
f 13051 13147 13148
f 13244 13148 13147
f 13147 13243 13244
f 13340 13244 13243
f 13243 13339 13340
f 13436 13340 13339
f 13339 13435 13436
f 13532 13436 13435
f 13435 13531 13532
f 13628 13532 13531
f 13531 13627 13628
f 13724 13628 13627
f 13627 13723 13724
f 13820 13724 13723
f 13723 13819 13820
f 13916 13820 13819
f 13819 13915 13916
f 14012 13916 13915
f 13915 14011 14012
f 14108 14012 14011
f 14011 14107 14108
f 5085 4989 4988
f 4988 5084 5085
f 5181 5085 5084
f 5084 5180 5181
f 5277 5181 5180
f 5180 5276 5277
f 5373 5277 5276
f 5276 5372 5373
f 5469 5373 5372
f 5372 5468 5469
f 5565 5469 5468
f 5468 5564 5565
f 5661 5565 5564
f 5564 5660 5661
f 5757 5661 5660
f 5660 5756 5757
f 5853 5757 5756
f 5756 5852 5853
f 5949 5853 5852
f 5852 5948 5949
f 6045 5949 5948
f 5948 6044 6045
f 6141 6045 6044
f 6044 6140 6141
f 6237 6141 6140
f 6140 6236 6237
f 6333 6237 6236
f 6236 6332 6333
f 6429 6333 6332
f 6332 6428 6429
f 6525 6429 6428
f 6428 6524 6525
f 6621 6525 6524
f 6524 6620 6621
f 6717 6621 6620
f 6620 6716 6717
f 6813 6717 6716
f 6716 6812 6813
f 6909 6813 6812
f 6812 6908 6909
f 7005 6909 6908
f 6908 7004 7005
f 7101 7005 7004
f 7004 7100 7101
f 7197 7101 7100
f 7100 7196 7197
f 7293 7197 7196
f 7196 7292 7293
f 7389 7293 7292
f 7292 7388 7389
f 7485 7389 7388
f 7388 7484 7485
f 7581 7485 7484
f 7484 7580 7581
f 7677 7581 7580
f 7580 7676 7677
f 7773 7677 7676
f 7676 7772 7773
f 7869 7773 7772
f 7772 7868 7869
f 7965 7869 7868
f 7868 7964 7965
f 8061 7965 7964
f 7964 8060 8061
f 8157 8061 8060
f 8060 8156 8157
f 8253 8157 8156
f 8156 8252 8253
f 8349 8253 8252
f 8252 8348 8349
f 8445 8349 8348
f 8348 8444 8445
f 8541 8445 8444
f 8444 8540 8541
f 8637 8541 8540
f 8540 8636 8637
f 8733 8637 8636
f 8636 8732 8733
f 8829 8733 8732
f 8732 8828 8829
f 8925 8829 8828
f 8828 8924 8925
f 9021 8925 8924
f 8924 9020 9021
f 9117 9021 9020
f 9020 9116 9117
f 9213 9117 9116
f 9116 9212 9213
f 9309 9213 9212
f 9212 9308 9309
f 9405 9309 9308
f 9308 9404 9405
f 9501 9405 9404
f 9404 9500 9501
f 9597 9501 9500
f 9500 9596 9597
f 9693 9597 9596
f 9596 9692 9693
f 9789 9693 9692
f 9692 9788 9789
f 9885 9789 9788
f 9788 9884 9885
f 9981 9885 9884
f 9884 9980 9981
f 10077 9981 9980
f 9980 10076 10077
f 10173 10077 10076
f 10076 10172 10173
f 10269 10173 10172
f 10172 10268 10269
f 10365 10269 10268
f 10268 10364 10365
f 10461 10365 10364
f 10364 10460 10461
f 10557 10461 10460
f 10460 10556 10557
f 10653 10557 10556
f 10556 10652 10653
f 10749 10653 10652
f 10652 10748 10749
f 10845 10749 10748
f 10748 10844 10845
f 10941 10845 10844
f 10844 10940 10941
f 11037 10941 10940
f 10940 11036 11037
f 11133 11037 11036
f 11036 11132 11133
f 11229 11133 11132
f 11132 11228 11229
f 11325 11229 11228
f 11228 11324 11325
f 11421 11325 11324
f 11324 11420 11421
f 11517 11421 11420
f 11420 11516 11517
f 11613 11517 11516
f 11516 11612 11613
f 11709 11613 11612
f 11612 11708 11709
f 11805 11709 11708
f 11708 11804 11805
f 11901 11805 11804
f 11804 11900 11901
f 11997 11901 11900
f 11900 11996 11997
f 12093 11997 11996
f 11996 12092 12093
f 12189 12093 12092
f 12092 12188 12189
f 12285 12189 12188
f 12188 12284 12285
f 12381 12285 12284
f 12284 12380 12381
f 12477 12381 12380
f 12380 12476 12477
f 12573 12477 12476
f 12476 12572 12573
f 12669 12573 12572
f 12572 12668 12669
f 12765 12669 12668
f 12668 12764 12765
f 12861 12765 12764
f 12764 12860 12861
f 12957 12861 12860
f 12860 12956 12957
f 13053 12957 12956
f 12956 13052 13053
f 13149 13053 13052
f 13052 13148 13149
f 13245 13149 13148
f 13148 13244 13245
f 13341 13245 13244
f 13244 13340 13341
f 13437 13341 13340
f 13340 13436 13437
f 13533 13437 13436
f 13436 13532 13533
f 13629 13533 13532
f 13532 13628 13629
f 13725 13629 13628
f 13628 13724 13725
f 13821 13725 13724
f 13724 13820 13821
f 13917 13821 13820
f 13820 13916 13917
f 14013 13917 13916
f 13916 14012 14013
f 14109 14013 14012
f 14012 14108 14109
f 5086 4990 4989
f 4989 5085 5086
f 5182 5086 5085
f 5085 5181 5182
f 5278 5182 5181
f 5181 5277 5278
f 5374 5278 5277
f 5277 5373 5374
f 5470 5374 5373
f 5373 5469 5470
f 5566 5470 5469
f 5469 5565 5566
f 5662 5566 5565
f 5565 5661 5662
f 5758 5662 5661
f 5661 5757 5758
f 5854 5758 5757
f 5757 5853 5854
f 5950 5854 5853
f 5853 5949 5950
f 6046 5950 5949
f 5949 6045 6046
f 6142 6046 6045
f 6045 6141 6142
f 6238 6142 6141
f 6141 6237 6238
f 6334 6238 6237
f 6237 6333 6334
f 6430 6334 6333
f 6333 6429 6430
f 6526 6430 6429
f 6429 6525 6526
f 6622 6526 6525
f 6525 6621 6622
f 6718 6622 6621
f 6621 6717 6718
f 6814 6718 6717
f 6717 6813 6814
f 6910 6814 6813
f 6813 6909 6910
f 7006 6910 6909
f 6909 7005 7006
f 7102 7006 7005
f 7005 7101 7102
f 7198 7102 7101
f 7101 7197 7198
f 7294 7198 7197
f 7197 7293 7294
f 7390 7294 7293
f 7293 7389 7390
f 7486 7390 7389
f 7389 7485 7486
f 7582 7486 7485
f 7485 7581 7582
f 7678 7582 7581
f 7581 7677 7678
f 7774 7678 7677
f 7677 7773 7774
f 7870 7774 7773
f 7773 7869 7870
f 7966 7870 7869
f 7869 7965 7966
f 8062 7966 7965
f 7965 8061 8062
f 8158 8062 8061
f 8061 8157 8158
f 8254 8158 8157
f 8157 8253 8254
f 8350 8254 8253
f 8253 8349 8350
f 8446 8350 8349
f 8349 8445 8446
f 8542 8446 8445
f 8445 8541 8542
f 8638 8542 8541
f 8541 8637 8638
f 8734 8638 8637
f 8637 8733 8734
f 8830 8734 8733
f 8733 8829 8830
f 8926 8830 8829
f 8829 8925 8926
f 9022 8926 8925
f 8925 9021 9022
f 9118 9022 9021
f 9021 9117 9118
f 9214 9118 9117
f 9117 9213 9214
f 9310 9214 9213
f 9213 9309 9310
f 9406 9310 9309
f 9309 9405 9406
f 9502 9406 9405
f 9405 9501 9502
f 9598 9502 9501
f 9501 9597 9598
f 9694 9598 9597
f 9597 9693 9694
f 9790 9694 9693
f 9693 9789 9790
f 9886 9790 9789
f 9789 9885 9886
f 9982 9886 9885
f 9885 9981 9982
f 10078 9982 9981
f 9981 10077 10078
f 10174 10078 10077
f 10077 10173 10174
f 10270 10174 10173
f 10173 10269 10270
f 10366 10270 10269
f 10269 10365 10366
f 10462 10366 10365
f 10365 10461 10462
f 10558 10462 10461
f 10461 10557 10558
f 10654 10558 10557
f 10557 10653 10654
f 10750 10654 10653
f 10653 10749 10750
f 10846 10750 10749
f 10749 10845 10846
f 10942 10846 10845
f 10845 10941 10942
f 11038 10942 10941
f 10941 11037 11038
f 11134 11038 11037
f 11037 11133 11134
f 11230 11134 11133
f 11133 11229 11230
f 11326 11230 11229
f 11229 11325 11326
f 11422 11326 11325
f 11325 11421 11422
f 11518 11422 11421
f 11421 11517 11518
f 11614 11518 11517
f 11517 11613 11614
f 11710 11614 11613
f 11613 11709 11710
f 11806 11710 11709
f 11709 11805 11806
f 11902 11806 11805
f 11805 11901 11902
f 11998 11902 11901
f 11901 11997 11998
f 12094 11998 11997
f 11997 12093 12094
f 12190 12094 12093
f 12093 12189 12190
f 12286 12190 12189
f 12189 12285 12286
f 12382 12286 12285
f 12285 12381 12382
f 12478 12382 12381
f 12381 12477 12478
f 12574 12478 12477
f 12477 12573 12574
f 12670 12574 12573
f 12573 12669 12670
f 12766 12670 12669
f 12669 12765 12766
f 12862 12766 12765
f 12765 12861 12862
f 12958 12862 12861
f 12861 12957 12958
f 13054 12958 12957
f 12957 13053 13054
f 13150 13054 13053
f 13053 13149 13150
f 13246 13150 13149
f 13149 13245 13246
f 13342 13246 13245
f 13245 13341 13342
f 13438 13342 13341
f 13341 13437 13438
f 13534 13438 13437
f 13437 13533 13534
f 13630 13534 13533
f 13533 13629 13630
f 13726 13630 13629
f 13629 13725 13726
f 13822 13726 13725
f 13725 13821 13822
f 13918 13822 13821
f 13821 13917 13918
f 14014 13918 13917
f 13917 14013 14014
f 14110 14014 14013
f 14013 14109 14110
f 5087 4991 4990
f 4990 5086 5087
f 5183 5087 5086
f 5086 5182 5183
f 5279 5183 5182
f 5182 5278 5279
f 5375 5279 5278
f 5278 5374 5375
f 5471 5375 5374
f 5374 5470 5471
f 5567 5471 5470
f 5470 5566 5567
f 5663 5567 5566
f 5566 5662 5663
f 5759 5663 5662
f 5662 5758 5759
f 5855 5759 5758
f 5758 5854 5855
f 5951 5855 5854
f 5854 5950 5951
f 6047 5951 5950
f 5950 6046 6047
f 6143 6047 6046
f 6046 6142 6143
f 6239 6143 6142
f 6142 6238 6239
f 6335 6239 6238
f 6238 6334 6335
f 6431 6335 6334
f 6334 6430 6431
f 6527 6431 6430
f 6430 6526 6527
f 6623 6527 6526
f 6526 6622 6623
f 6719 6623 6622
f 6622 6718 6719
f 6815 6719 6718
f 6718 6814 6815
f 6911 6815 6814
f 6814 6910 6911
f 7007 6911 6910
f 6910 7006 7007
f 7103 7007 7006
f 7006 7102 7103
f 7199 7103 7102
f 7102 7198 7199
f 7295 7199 7198
f 7198 7294 7295
f 7391 7295 7294
f 7294 7390 7391
f 7487 7391 7390
f 7390 7486 7487
f 7583 7487 7486
f 7486 7582 7583
f 7679 7583 7582
f 7582 7678 7679
f 7775 7679 7678
f 7678 7774 7775
f 7871 7775 7774
f 7774 7870 7871
f 7967 7871 7870
f 7870 7966 7967
f 8063 7967 7966
f 7966 8062 8063
f 8159 8063 8062
f 8062 8158 8159
f 8255 8159 8158
f 8158 8254 8255
f 8351 8255 8254
f 8254 8350 8351
f 8447 8351 8350
f 8350 8446 8447
f 8543 8447 8446
f 8446 8542 8543
f 8639 8543 8542
f 8542 8638 8639
f 8735 8639 8638
f 8638 8734 8735
f 8831 8735 8734
f 8734 8830 8831
f 8927 8831 8830
f 8830 8926 8927
f 9023 8927 8926
f 8926 9022 9023
f 9119 9023 9022
f 9022 9118 9119
f 9215 9119 9118
f 9118 9214 9215
f 9311 9215 9214
f 9214 9310 9311
f 9407 9311 9310
f 9310 9406 9407
f 9503 9407 9406
f 9406 9502 9503
f 9599 9503 9502
f 9502 9598 9599
f 9695 9599 9598
f 9598 9694 9695
f 9791 9695 9694
f 9694 9790 9791
f 9887 9791 9790
f 9790 9886 9887
f 9983 9887 9886
f 9886 9982 9983
f 10079 9983 9982
f 9982 10078 10079
f 10175 10079 10078
f 10078 10174 10175
f 10271 10175 10174
f 10174 10270 10271
f 10367 10271 10270
f 10270 10366 10367
f 10463 10367 10366
f 10366 10462 10463
f 10559 10463 10462
f 10462 10558 10559
f 10655 10559 10558
f 10558 10654 10655
f 10751 10655 10654
f 10654 10750 10751
f 10847 10751 10750
f 10750 10846 10847
f 10943 10847 10846
f 10846 10942 10943
f 11039 10943 10942
f 10942 11038 11039
f 11135 11039 11038
f 11038 11134 11135
f 11231 11135 11134
f 11134 11230 11231
f 11327 11231 11230
f 11230 11326 11327
f 11423 11327 11326
f 11326 11422 11423
f 11519 11423 11422
f 11422 11518 11519
f 11615 11519 11518
f 11518 11614 11615
f 11711 11615 11614
f 11614 11710 11711
f 11807 11711 11710
f 11710 11806 11807
f 11903 11807 11806
f 11806 11902 11903
f 11999 11903 11902
f 11902 11998 11999
f 12095 11999 11998
f 11998 12094 12095
f 12191 12095 12094
f 12094 12190 12191
f 12287 12191 12190
f 12190 12286 12287
f 12383 12287 12286
f 12286 12382 12383
f 12479 12383 12382
f 12382 12478 12479
f 12575 12479 12478
f 12478 12574 12575
f 12671 12575 12574
f 12574 12670 12671
f 12767 12671 12670
f 12670 12766 12767
f 12863 12767 12766
f 12766 12862 12863
f 12959 12863 12862
f 12862 12958 12959
f 13055 12959 12958
f 12958 13054 13055
f 13151 13055 13054
f 13054 13150 13151
f 13247 13151 13150
f 13150 13246 13247
f 13343 13247 13246
f 13246 13342 13343
f 13439 13343 13342
f 13342 13438 13439
f 13535 13439 13438
f 13438 13534 13535
f 13631 13535 13534
f 13534 13630 13631
f 13727 13631 13630
f 13630 13726 13727
f 13823 13727 13726
f 13726 13822 13823
f 13919 13823 13822
f 13822 13918 13919
f 14015 13919 13918
f 13918 14014 14015
f 14111 14015 14014
f 14014 14110 14111
f 5088 4992 4991
f 4991 5087 5088
f 5184 5088 5087
f 5087 5183 5184
f 5280 5184 5183
f 5183 5279 5280
f 5376 5280 5279
f 5279 5375 5376
f 5472 5376 5375
f 5375 5471 5472
f 5568 5472 5471
f 5471 5567 5568
f 5664 5568 5567
f 5567 5663 5664
f 5760 5664 5663
f 5663 5759 5760
f 5856 5760 5759
f 5759 5855 5856
f 5952 5856 5855
f 5855 5951 5952
f 6048 5952 5951
f 5951 6047 6048
f 6144 6048 6047
f 6047 6143 6144
f 6240 6144 6143
f 6143 6239 6240
f 6336 6240 6239
f 6239 6335 6336
f 6432 6336 6335
f 6335 6431 6432
f 6528 6432 6431
f 6431 6527 6528
f 6624 6528 6527
f 6527 6623 6624
f 6720 6624 6623
f 6623 6719 6720
f 6816 6720 6719
f 6719 6815 6816
f 6912 6816 6815
f 6815 6911 6912
f 7008 6912 6911
f 6911 7007 7008
f 7104 7008 7007
f 7007 7103 7104
f 7200 7104 7103
f 7103 7199 7200
f 7296 7200 7199
f 7199 7295 7296
f 7392 7296 7295
f 7295 7391 7392
f 7488 7392 7391
f 7391 7487 7488
f 7584 7488 7487
f 7487 7583 7584
f 7680 7584 7583
f 7583 7679 7680
f 7776 7680 7679
f 7679 7775 7776
f 7872 7776 7775
f 7775 7871 7872
f 7968 7872 7871
f 7871 7967 7968
f 8064 7968 7967
f 7967 8063 8064
f 8160 8064 8063
f 8063 8159 8160
f 8256 8160 8159
f 8159 8255 8256
f 8352 8256 8255
f 8255 8351 8352
f 8448 8352 8351
f 8351 8447 8448
f 8544 8448 8447
f 8447 8543 8544
f 8640 8544 8543
f 8543 8639 8640
f 8736 8640 8639
f 8639 8735 8736
f 8832 8736 8735
f 8735 8831 8832
f 8928 8832 8831
f 8831 8927 8928
f 9024 8928 8927
f 8927 9023 9024
f 9120 9024 9023
f 9023 9119 9120
f 9216 9120 9119
f 9119 9215 9216
f 9312 9216 9215
f 9215 9311 9312
f 9408 9312 9311
f 9311 9407 9408
f 9504 9408 9407
f 9407 9503 9504
f 9600 9504 9503
f 9503 9599 9600
f 9696 9600 9599
f 9599 9695 9696
f 9792 9696 9695
f 9695 9791 9792
f 9888 9792 9791
f 9791 9887 9888
f 9984 9888 9887
f 9887 9983 9984
f 10080 9984 9983
f 9983 10079 10080
f 10176 10080 10079
f 10079 10175 10176
f 10272 10176 10175
f 10175 10271 10272
f 10368 10272 10271
f 10271 10367 10368
f 10464 10368 10367
f 10367 10463 10464
f 10560 10464 10463
f 10463 10559 10560
f 10656 10560 10559
f 10559 10655 10656
f 10752 10656 10655
f 10655 10751 10752
f 10848 10752 10751
f 10751 10847 10848
f 10944 10848 10847
f 10847 10943 10944
f 11040 10944 10943
f 10943 11039 11040
f 11136 11040 11039
f 11039 11135 11136
f 11232 11136 11135
f 11135 11231 11232
f 11328 11232 11231
f 11231 11327 11328
f 11424 11328 11327
f 11327 11423 11424
f 11520 11424 11423
f 11423 11519 11520
f 11616 11520 11519
f 11519 11615 11616
f 11712 11616 11615
f 11615 11711 11712
f 11808 11712 11711
f 11711 11807 11808
f 11904 11808 11807
f 11807 11903 11904
f 12000 11904 11903
f 11903 11999 12000
f 12096 12000 11999
f 11999 12095 12096
f 12192 12096 12095
f 12095 12191 12192
f 12288 12192 12191
f 12191 12287 12288
f 12384 12288 12287
f 12287 12383 12384
f 12480 12384 12383
f 12383 12479 12480
f 12576 12480 12479
f 12479 12575 12576
f 12672 12576 12575
f 12575 12671 12672
f 12768 12672 12671
f 12671 12767 12768
f 12864 12768 12767
f 12767 12863 12864
f 12960 12864 12863
f 12863 12959 12960
f 13056 12960 12959
f 12959 13055 13056
f 13152 13056 13055
f 13055 13151 13152
f 13248 13152 13151
f 13151 13247 13248
f 13344 13248 13247
f 13247 13343 13344
f 13440 13344 13343
f 13343 13439 13440
f 13536 13440 13439
f 13439 13535 13536
f 13632 13536 13535
f 13535 13631 13632
f 13728 13632 13631
f 13631 13727 13728
f 13824 13728 13727
f 13727 13823 13824
f 13920 13824 13823
f 13823 13919 13920
f 14016 13920 13919
f 13919 14015 14016
f 14112 14016 14015
f 14015 14111 14112
f 5089 4993 4992
f 4992 5088 5089
f 5185 5089 5088
f 5088 5184 5185
f 5281 5185 5184
f 5184 5280 5281
f 5377 5281 5280
f 5280 5376 5377
f 5473 5377 5376
f 5376 5472 5473
f 5569 5473 5472
f 5472 5568 5569
f 5665 5569 5568
f 5568 5664 5665
f 5761 5665 5664
f 5664 5760 5761
f 5857 5761 5760
f 5760 5856 5857
f 5953 5857 5856
f 5856 5952 5953
f 6049 5953 5952
f 5952 6048 6049
f 6145 6049 6048
f 6048 6144 6145
f 6241 6145 6144
f 6144 6240 6241
f 6337 6241 6240
f 6240 6336 6337
f 6433 6337 6336
f 6336 6432 6433
f 6529 6433 6432
f 6432 6528 6529
f 6625 6529 6528
f 6528 6624 6625
f 6721 6625 6624
f 6624 6720 6721
f 6817 6721 6720
f 6720 6816 6817
f 6913 6817 6816
f 6816 6912 6913
f 7009 6913 6912
f 6912 7008 7009
f 7105 7009 7008
f 7008 7104 7105
f 7201 7105 7104
f 7104 7200 7201
f 7297 7201 7200
f 7200 7296 7297
f 7393 7297 7296
f 7296 7392 7393
f 7489 7393 7392
f 7392 7488 7489
f 7585 7489 7488
f 7488 7584 7585
f 7681 7585 7584
f 7584 7680 7681
f 7777 7681 7680
f 7680 7776 7777
f 7873 7777 7776
f 7776 7872 7873
f 7969 7873 7872
f 7872 7968 7969
f 8065 7969 7968
f 7968 8064 8065
f 8161 8065 8064
f 8064 8160 8161
f 8257 8161 8160
f 8160 8256 8257
f 8353 8257 8256
f 8256 8352 8353
f 8449 8353 8352
f 8352 8448 8449
f 8545 8449 8448
f 8448 8544 8545
f 8641 8545 8544
f 8544 8640 8641
f 8737 8641 8640
f 8640 8736 8737
f 8833 8737 8736
f 8736 8832 8833
f 8929 8833 8832
f 8832 8928 8929
f 9025 8929 8928
f 8928 9024 9025
f 9121 9025 9024
f 9024 9120 9121
f 9217 9121 9120
f 9120 9216 9217
f 9313 9217 9216
f 9216 9312 9313
f 9409 9313 9312
f 9312 9408 9409
f 9505 9409 9408
f 9408 9504 9505
f 9601 9505 9504
f 9504 9600 9601
f 9697 9601 9600
f 9600 9696 9697
f 9793 9697 9696
f 9696 9792 9793
f 9889 9793 9792
f 9792 9888 9889
f 9985 9889 9888
f 9888 9984 9985
f 10081 9985 9984
f 9984 10080 10081
f 10177 10081 10080
f 10080 10176 10177
f 10273 10177 10176
f 10176 10272 10273
f 10369 10273 10272
f 10272 10368 10369
f 10465 10369 10368
f 10368 10464 10465
f 10561 10465 10464
f 10464 10560 10561
f 10657 10561 10560
f 10560 10656 10657
f 10753 10657 10656
f 10656 10752 10753
f 10849 10753 10752
f 10752 10848 10849
f 10945 10849 10848
f 10848 10944 10945
f 11041 10945 10944
f 10944 11040 11041
f 11137 11041 11040
f 11040 11136 11137
f 11233 11137 11136
f 11136 11232 11233
f 11329 11233 11232
f 11232 11328 11329
f 11425 11329 11328
f 11328 11424 11425
f 11521 11425 11424
f 11424 11520 11521
f 11617 11521 11520
f 11520 11616 11617
f 11713 11617 11616
f 11616 11712 11713
f 11809 11713 11712
f 11712 11808 11809
f 11905 11809 11808
f 11808 11904 11905
f 12001 11905 11904
f 11904 12000 12001
f 12097 12001 12000
f 12000 12096 12097
f 12193 12097 12096
f 12096 12192 12193
f 12289 12193 12192
f 12192 12288 12289
f 12385 12289 12288
f 12288 12384 12385
f 12481 12385 12384
f 12384 12480 12481
f 12577 12481 12480
f 12480 12576 12577
f 12673 12577 12576
f 12576 12672 12673
f 12769 12673 12672
f 12672 12768 12769
f 12865 12769 12768
f 12768 12864 12865
f 12961 12865 12864
f 12864 12960 12961
f 13057 12961 12960
f 12960 13056 13057
f 13153 13057 13056
f 13056 13152 13153
f 13249 13153 13152
f 13152 13248 13249
f 13345 13249 13248
f 13248 13344 13345
f 13441 13345 13344
f 13344 13440 13441
f 13537 13441 13440
f 13440 13536 13537
f 13633 13537 13536
f 13536 13632 13633
f 13729 13633 13632
f 13632 13728 13729
f 13825 13729 13728
f 13728 13824 13825
f 13921 13825 13824
f 13824 13920 13921
f 14017 13921 13920
f 13920 14016 14017
f 14113 14017 14016
f 14016 14112 14113
f 5090 4994 4993
f 4993 5089 5090
f 5186 5090 5089
f 5089 5185 5186
f 5282 5186 5185
f 5185 5281 5282
f 5378 5282 5281
f 5281 5377 5378
f 5474 5378 5377
f 5377 5473 5474
f 5570 5474 5473
f 5473 5569 5570
f 5666 5570 5569
f 5569 5665 5666
f 5762 5666 5665
f 5665 5761 5762
f 5858 5762 5761
f 5761 5857 5858
f 5954 5858 5857
f 5857 5953 5954
f 6050 5954 5953
f 5953 6049 6050
f 6146 6050 6049
f 6049 6145 6146
f 6242 6146 6145
f 6145 6241 6242
f 6338 6242 6241
f 6241 6337 6338
f 6434 6338 6337
f 6337 6433 6434
f 6530 6434 6433
f 6433 6529 6530
f 6626 6530 6529
f 6529 6625 6626
f 6722 6626 6625
f 6625 6721 6722
f 6818 6722 6721
f 6721 6817 6818
f 6914 6818 6817
f 6817 6913 6914
f 7010 6914 6913
f 6913 7009 7010
f 7106 7010 7009
f 7009 7105 7106
f 7202 7106 7105
f 7105 7201 7202
f 7298 7202 7201
f 7201 7297 7298
f 7394 7298 7297
f 7297 7393 7394
f 7490 7394 7393
f 7393 7489 7490
f 7586 7490 7489
f 7489 7585 7586
f 7682 7586 7585
f 7585 7681 7682
f 7778 7682 7681
f 7681 7777 7778
f 7874 7778 7777
f 7777 7873 7874
f 7970 7874 7873
f 7873 7969 7970
f 8066 7970 7969
f 7969 8065 8066
f 8162 8066 8065
f 8065 8161 8162
f 8258 8162 8161
f 8161 8257 8258
f 8354 8258 8257
f 8257 8353 8354
f 8450 8354 8353
f 8353 8449 8450
f 8546 8450 8449
f 8449 8545 8546
f 8642 8546 8545
f 8545 8641 8642
f 8738 8642 8641
f 8641 8737 8738
f 8834 8738 8737
f 8737 8833 8834
f 8930 8834 8833
f 8833 8929 8930
f 9026 8930 8929
f 8929 9025 9026
f 9122 9026 9025
f 9025 9121 9122
f 9218 9122 9121
f 9121 9217 9218
f 9314 9218 9217
f 9217 9313 9314
f 9410 9314 9313
f 9313 9409 9410
f 9506 9410 9409
f 9409 9505 9506
f 9602 9506 9505
f 9505 9601 9602
f 9698 9602 9601
f 9601 9697 9698
f 9794 9698 9697
f 9697 9793 9794
f 9890 9794 9793
f 9793 9889 9890
f 9986 9890 9889
f 9889 9985 9986
f 10082 9986 9985
f 9985 10081 10082
f 10178 10082 10081
f 10081 10177 10178
f 10274 10178 10177
f 10177 10273 10274
f 10370 10274 10273
f 10273 10369 10370
f 10466 10370 10369
f 10369 10465 10466
f 10562 10466 10465
f 10465 10561 10562
f 10658 10562 10561
f 10561 10657 10658
f 10754 10658 10657
f 10657 10753 10754
f 10850 10754 10753
f 10753 10849 10850
f 10946 10850 10849
f 10849 10945 10946
f 11042 10946 10945
f 10945 11041 11042
f 11138 11042 11041
f 11041 11137 11138
f 11234 11138 11137
f 11137 11233 11234
f 11330 11234 11233
f 11233 11329 11330
f 11426 11330 11329
f 11329 11425 11426
f 11522 11426 11425
f 11425 11521 11522
f 11618 11522 11521
f 11521 11617 11618
f 11714 11618 11617
f 11617 11713 11714
f 11810 11714 11713
f 11713 11809 11810
f 11906 11810 11809
f 11809 11905 11906
f 12002 11906 11905
f 11905 12001 12002
f 12098 12002 12001
f 12001 12097 12098
f 12194 12098 12097
f 12097 12193 12194
f 12290 12194 12193
f 12193 12289 12290
f 12386 12290 12289
f 12289 12385 12386
f 12482 12386 12385
f 12385 12481 12482
f 12578 12482 12481
f 12481 12577 12578
f 12674 12578 12577
f 12577 12673 12674
f 12770 12674 12673
f 12673 12769 12770
f 12866 12770 12769
f 12769 12865 12866
f 12962 12866 12865
f 12865 12961 12962
f 13058 12962 12961
f 12961 13057 13058
f 13154 13058 13057
f 13057 13153 13154
f 13250 13154 13153
f 13153 13249 13250
f 13346 13250 13249
f 13249 13345 13346
f 13442 13346 13345
f 13345 13441 13442
f 13538 13442 13441
f 13441 13537 13538
f 13634 13538 13537
f 13537 13633 13634
f 13730 13634 13633
f 13633 13729 13730
f 13826 13730 13729
f 13729 13825 13826
f 13922 13826 13825
f 13825 13921 13922
f 14018 13922 13921
f 13921 14017 14018
f 14114 14018 14017
f 14017 14113 14114
f 5091 4995 4994
f 4994 5090 5091
f 5187 5091 5090
f 5090 5186 5187
f 5283 5187 5186
f 5186 5282 5283
f 5379 5283 5282
f 5282 5378 5379
f 5475 5379 5378
f 5378 5474 5475
f 5571 5475 5474
f 5474 5570 5571
f 5667 5571 5570
f 5570 5666 5667
f 5763 5667 5666
f 5666 5762 5763
f 5859 5763 5762
f 5762 5858 5859
f 5955 5859 5858
f 5858 5954 5955
f 6051 5955 5954
f 5954 6050 6051
f 6147 6051 6050
f 6050 6146 6147
f 6243 6147 6146
f 6146 6242 6243
f 6339 6243 6242
f 6242 6338 6339
f 6435 6339 6338
f 6338 6434 6435
f 6531 6435 6434
f 6434 6530 6531
f 6627 6531 6530
f 6530 6626 6627
f 6723 6627 6626
f 6626 6722 6723
f 6819 6723 6722
f 6722 6818 6819
f 6915 6819 6818
f 6818 6914 6915
f 7011 6915 6914
f 6914 7010 7011
f 7107 7011 7010
f 7010 7106 7107
f 7203 7107 7106
f 7106 7202 7203
f 7299 7203 7202
f 7202 7298 7299
f 7395 7299 7298
f 7298 7394 7395
f 7491 7395 7394
f 7394 7490 7491
f 7587 7491 7490
f 7490 7586 7587
f 7683 7587 7586
f 7586 7682 7683
f 7779 7683 7682
f 7682 7778 7779
f 7875 7779 7778
f 7778 7874 7875
f 7971 7875 7874
f 7874 7970 7971
f 8067 7971 7970
f 7970 8066 8067
f 8163 8067 8066
f 8066 8162 8163
f 8259 8163 8162
f 8162 8258 8259
f 8355 8259 8258
f 8258 8354 8355
f 8451 8355 8354
f 8354 8450 8451
f 8547 8451 8450
f 8450 8546 8547
f 8643 8547 8546
f 8546 8642 8643
f 8739 8643 8642
f 8642 8738 8739
f 8835 8739 8738
f 8738 8834 8835
f 8931 8835 8834
f 8834 8930 8931
f 9027 8931 8930
f 8930 9026 9027
f 9123 9027 9026
f 9026 9122 9123
f 9219 9123 9122
f 9122 9218 9219
f 9315 9219 9218
f 9218 9314 9315
f 9411 9315 9314
f 9314 9410 9411
f 9507 9411 9410
f 9410 9506 9507
f 9603 9507 9506
f 9506 9602 9603
f 9699 9603 9602
f 9602 9698 9699
f 9795 9699 9698
f 9698 9794 9795
f 9891 9795 9794
f 9794 9890 9891
f 9987 9891 9890
f 9890 9986 9987
f 10083 9987 9986
f 9986 10082 10083
f 10179 10083 10082
f 10082 10178 10179
f 10275 10179 10178
f 10178 10274 10275
f 10371 10275 10274
f 10274 10370 10371
f 10467 10371 10370
f 10370 10466 10467
f 10563 10467 10466
f 10466 10562 10563
f 10659 10563 10562
f 10562 10658 10659
f 10755 10659 10658
f 10658 10754 10755
f 10851 10755 10754
f 10754 10850 10851
f 10947 10851 10850
f 10850 10946 10947
f 11043 10947 10946
f 10946 11042 11043
f 11139 11043 11042
f 11042 11138 11139
f 11235 11139 11138
f 11138 11234 11235
f 11331 11235 11234
f 11234 11330 11331
f 11427 11331 11330
f 11330 11426 11427
f 11523 11427 11426
f 11426 11522 11523
f 11619 11523 11522
f 11522 11618 11619
f 11715 11619 11618
f 11618 11714 11715
f 11811 11715 11714
f 11714 11810 11811
f 11907 11811 11810
f 11810 11906 11907
f 12003 11907 11906
f 11906 12002 12003
f 12099 12003 12002
f 12002 12098 12099
f 12195 12099 12098
f 12098 12194 12195
f 12291 12195 12194
f 12194 12290 12291
f 12387 12291 12290
f 12290 12386 12387
f 12483 12387 12386
f 12386 12482 12483
f 12579 12483 12482
f 12482 12578 12579
f 12675 12579 12578
f 12578 12674 12675
f 12771 12675 12674
f 12674 12770 12771
f 12867 12771 12770
f 12770 12866 12867
f 12963 12867 12866
f 12866 12962 12963
f 13059 12963 12962
f 12962 13058 13059
f 13155 13059 13058
f 13058 13154 13155
f 13251 13155 13154
f 13154 13250 13251
f 13347 13251 13250
f 13250 13346 13347
f 13443 13347 13346
f 13346 13442 13443
f 13539 13443 13442
f 13442 13538 13539
f 13635 13539 13538
f 13538 13634 13635
f 13731 13635 13634
f 13634 13730 13731
f 13827 13731 13730
f 13730 13826 13827
f 13923 13827 13826
f 13826 13922 13923
f 14019 13923 13922
f 13922 14018 14019
f 14115 14019 14018
f 14018 14114 14115
f 5092 4996 4995
f 4995 5091 5092
f 5188 5092 5091
f 5091 5187 5188
f 5284 5188 5187
f 5187 5283 5284
f 5380 5284 5283
f 5283 5379 5380
f 5476 5380 5379
f 5379 5475 5476
f 5572 5476 5475
f 5475 5571 5572
f 5668 5572 5571
f 5571 5667 5668
f 5764 5668 5667
f 5667 5763 5764
f 5860 5764 5763
f 5763 5859 5860
f 5956 5860 5859
f 5859 5955 5956
f 6052 5956 5955
f 5955 6051 6052
f 6148 6052 6051
f 6051 6147 6148
f 6244 6148 6147
f 6147 6243 6244
f 6340 6244 6243
f 6243 6339 6340
f 6436 6340 6339
f 6339 6435 6436
f 6532 6436 6435
f 6435 6531 6532
f 6628 6532 6531
f 6531 6627 6628
f 6724 6628 6627
f 6627 6723 6724
f 6820 6724 6723
f 6723 6819 6820
f 6916 6820 6819
f 6819 6915 6916
f 7012 6916 6915
f 6915 7011 7012
f 7108 7012 7011
f 7011 7107 7108
f 7204 7108 7107
f 7107 7203 7204
f 7300 7204 7203
f 7203 7299 7300
f 7396 7300 7299
f 7299 7395 7396
f 7492 7396 7395
f 7395 7491 7492
f 7588 7492 7491
f 7491 7587 7588
f 7684 7588 7587
f 7587 7683 7684
f 7780 7684 7683
f 7683 7779 7780
f 7876 7780 7779
f 7779 7875 7876
f 7972 7876 7875
f 7875 7971 7972
f 8068 7972 7971
f 7971 8067 8068
f 8164 8068 8067
f 8067 8163 8164
f 8260 8164 8163
f 8163 8259 8260
f 8356 8260 8259
f 8259 8355 8356
f 8452 8356 8355
f 8355 8451 8452
f 8548 8452 8451
f 8451 8547 8548
f 8644 8548 8547
f 8547 8643 8644
f 8740 8644 8643
f 8643 8739 8740
f 8836 8740 8739
f 8739 8835 8836
f 8932 8836 8835
f 8835 8931 8932
f 9028 8932 8931
f 8931 9027 9028
f 9124 9028 9027
f 9027 9123 9124
f 9220 9124 9123
f 9123 9219 9220
f 9316 9220 9219
f 9219 9315 9316
f 9412 9316 9315
f 9315 9411 9412
f 9508 9412 9411
f 9411 9507 9508
f 9604 9508 9507
f 9507 9603 9604
f 9700 9604 9603
f 9603 9699 9700
f 9796 9700 9699
f 9699 9795 9796
f 9892 9796 9795
f 9795 9891 9892
f 9988 9892 9891
f 9891 9987 9988
f 10084 9988 9987
f 9987 10083 10084
f 10180 10084 10083
f 10083 10179 10180
f 10276 10180 10179
f 10179 10275 10276
f 10372 10276 10275
f 10275 10371 10372
f 10468 10372 10371
f 10371 10467 10468
f 10564 10468 10467
f 10467 10563 10564
f 10660 10564 10563
f 10563 10659 10660
f 10756 10660 10659
f 10659 10755 10756
f 10852 10756 10755
f 10755 10851 10852
f 10948 10852 10851
f 10851 10947 10948
f 11044 10948 10947
f 10947 11043 11044
f 11140 11044 11043
f 11043 11139 11140
f 11236 11140 11139
f 11139 11235 11236
f 11332 11236 11235
f 11235 11331 11332
f 11428 11332 11331
f 11331 11427 11428
f 11524 11428 11427
f 11427 11523 11524
f 11620 11524 11523
f 11523 11619 11620
f 11716 11620 11619
f 11619 11715 11716
f 11812 11716 11715
f 11715 11811 11812
f 11908 11812 11811
f 11811 11907 11908
f 12004 11908 11907
f 11907 12003 12004
f 12100 12004 12003
f 12003 12099 12100
f 12196 12100 12099
f 12099 12195 12196
f 12292 12196 12195
f 12195 12291 12292
f 12388 12292 12291
f 12291 12387 12388
f 12484 12388 12387
f 12387 12483 12484
f 12580 12484 12483
f 12483 12579 12580
f 12676 12580 12579
f 12579 12675 12676
f 12772 12676 12675
f 12675 12771 12772
f 12868 12772 12771
f 12771 12867 12868
f 12964 12868 12867
f 12867 12963 12964
f 13060 12964 12963
f 12963 13059 13060
f 13156 13060 13059
f 13059 13155 13156
f 13252 13156 13155
f 13155 13251 13252
f 13348 13252 13251
f 13251 13347 13348
f 13444 13348 13347
f 13347 13443 13444
f 13540 13444 13443
f 13443 13539 13540
f 13636 13540 13539
f 13539 13635 13636
f 13732 13636 13635
f 13635 13731 13732
f 13828 13732 13731
f 13731 13827 13828
f 13924 13828 13827
f 13827 13923 13924
f 14020 13924 13923
f 13923 14019 14020
f 14116 14020 14019
f 14019 14115 14116
f 5093 4997 4996
f 4996 5092 5093
f 5189 5093 5092
f 5092 5188 5189
f 5285 5189 5188
f 5188 5284 5285
f 5381 5285 5284
f 5284 5380 5381
f 5477 5381 5380
f 5380 5476 5477
f 5573 5477 5476
f 5476 5572 5573
f 5669 5573 5572
f 5572 5668 5669
f 5765 5669 5668
f 5668 5764 5765
f 5861 5765 5764
f 5764 5860 5861
f 5957 5861 5860
f 5860 5956 5957
f 6053 5957 5956
f 5956 6052 6053
f 6149 6053 6052
f 6052 6148 6149
f 6245 6149 6148
f 6148 6244 6245
f 6341 6245 6244
f 6244 6340 6341
f 6437 6341 6340
f 6340 6436 6437
f 6533 6437 6436
f 6436 6532 6533
f 6629 6533 6532
f 6532 6628 6629
f 6725 6629 6628
f 6628 6724 6725
f 6821 6725 6724
f 6724 6820 6821
f 6917 6821 6820
f 6820 6916 6917
f 7013 6917 6916
f 6916 7012 7013
f 7109 7013 7012
f 7012 7108 7109
f 7205 7109 7108
f 7108 7204 7205
f 7301 7205 7204
f 7204 7300 7301
f 7397 7301 7300
f 7300 7396 7397
f 7493 7397 7396
f 7396 7492 7493
f 7589 7493 7492
f 7492 7588 7589
f 7685 7589 7588
f 7588 7684 7685
f 7781 7685 7684
f 7684 7780 7781
f 7877 7781 7780
f 7780 7876 7877
f 7973 7877 7876
f 7876 7972 7973
f 8069 7973 7972
f 7972 8068 8069
f 8165 8069 8068
f 8068 8164 8165
f 8261 8165 8164
f 8164 8260 8261
f 8357 8261 8260
f 8260 8356 8357
f 8453 8357 8356
f 8356 8452 8453
f 8549 8453 8452
f 8452 8548 8549
f 8645 8549 8548
f 8548 8644 8645
f 8741 8645 8644
f 8644 8740 8741
f 8837 8741 8740
f 8740 8836 8837
f 8933 8837 8836
f 8836 8932 8933
f 9029 8933 8932
f 8932 9028 9029
f 9125 9029 9028
f 9028 9124 9125
f 9221 9125 9124
f 9124 9220 9221
f 9317 9221 9220
f 9220 9316 9317
f 9413 9317 9316
f 9316 9412 9413
f 9509 9413 9412
f 9412 9508 9509
f 9605 9509 9508
f 9508 9604 9605
f 9701 9605 9604
f 9604 9700 9701
f 9797 9701 9700
f 9700 9796 9797
f 9893 9797 9796
f 9796 9892 9893
f 9989 9893 9892
f 9892 9988 9989
f 10085 9989 9988
f 9988 10084 10085
f 10181 10085 10084
f 10084 10180 10181
f 10277 10181 10180
f 10180 10276 10277
f 10373 10277 10276
f 10276 10372 10373
f 10469 10373 10372
f 10372 10468 10469
f 10565 10469 10468
f 10468 10564 10565
f 10661 10565 10564
f 10564 10660 10661
f 10757 10661 10660
f 10660 10756 10757
f 10853 10757 10756
f 10756 10852 10853
f 10949 10853 10852
f 10852 10948 10949
f 11045 10949 10948
f 10948 11044 11045
f 11141 11045 11044
f 11044 11140 11141
f 11237 11141 11140
f 11140 11236 11237
f 11333 11237 11236
f 11236 11332 11333
f 11429 11333 11332
f 11332 11428 11429
f 11525 11429 11428
f 11428 11524 11525
f 11621 11525 11524
f 11524 11620 11621
f 11717 11621 11620
f 11620 11716 11717
f 11813 11717 11716
f 11716 11812 11813
f 11909 11813 11812
f 11812 11908 11909
f 12005 11909 11908
f 11908 12004 12005
f 12101 12005 12004
f 12004 12100 12101
f 12197 12101 12100
f 12100 12196 12197
f 12293 12197 12196
f 12196 12292 12293
f 12389 12293 12292
f 12292 12388 12389
f 12485 12389 12388
f 12388 12484 12485
f 12581 12485 12484
f 12484 12580 12581
f 12677 12581 12580
f 12580 12676 12677
f 12773 12677 12676
f 12676 12772 12773
f 12869 12773 12772
f 12772 12868 12869
f 12965 12869 12868
f 12868 12964 12965
f 13061 12965 12964
f 12964 13060 13061
f 13157 13061 13060
f 13060 13156 13157
f 13253 13157 13156
f 13156 13252 13253
f 13349 13253 13252
f 13252 13348 13349
f 13445 13349 13348
f 13348 13444 13445
f 13541 13445 13444
f 13444 13540 13541
f 13637 13541 13540
f 13540 13636 13637
f 13733 13637 13636
f 13636 13732 13733
f 13829 13733 13732
f 13732 13828 13829
f 13925 13829 13828
f 13828 13924 13925
f 14021 13925 13924
f 13924 14020 14021
f 14117 14021 14020
f 14020 14116 14117
f 5094 4998 4997
f 4997 5093 5094
f 5190 5094 5093
f 5093 5189 5190
f 5286 5190 5189
f 5189 5285 5286
f 5382 5286 5285
f 5285 5381 5382
f 5478 5382 5381
f 5381 5477 5478
f 5574 5478 5477
f 5477 5573 5574
f 5670 5574 5573
f 5573 5669 5670
f 5766 5670 5669
f 5669 5765 5766
f 5862 5766 5765
f 5765 5861 5862
f 5958 5862 5861
f 5861 5957 5958
f 6054 5958 5957
f 5957 6053 6054
f 6150 6054 6053
f 6053 6149 6150
f 6246 6150 6149
f 6149 6245 6246
f 6342 6246 6245
f 6245 6341 6342
f 6438 6342 6341
f 6341 6437 6438
f 6534 6438 6437
f 6437 6533 6534
f 6630 6534 6533
f 6533 6629 6630
f 6726 6630 6629
f 6629 6725 6726
f 6822 6726 6725
f 6725 6821 6822
f 6918 6822 6821
f 6821 6917 6918
f 7014 6918 6917
f 6917 7013 7014
f 7110 7014 7013
f 7013 7109 7110
f 7206 7110 7109
f 7109 7205 7206
f 7302 7206 7205
f 7205 7301 7302
f 7398 7302 7301
f 7301 7397 7398
f 7494 7398 7397
f 7397 7493 7494
f 7590 7494 7493
f 7493 7589 7590
f 7686 7590 7589
f 7589 7685 7686
f 7782 7686 7685
f 7685 7781 7782
f 7878 7782 7781
f 7781 7877 7878
f 7974 7878 7877
f 7877 7973 7974
f 8070 7974 7973
f 7973 8069 8070
f 8166 8070 8069
f 8069 8165 8166
f 8262 8166 8165
f 8165 8261 8262
f 8358 8262 8261
f 8261 8357 8358
f 8454 8358 8357
f 8357 8453 8454
f 8550 8454 8453
f 8453 8549 8550
f 8646 8550 8549
f 8549 8645 8646
f 8742 8646 8645
f 8645 8741 8742
f 8838 8742 8741
f 8741 8837 8838
f 8934 8838 8837
f 8837 8933 8934
f 9030 8934 8933
f 8933 9029 9030
f 9126 9030 9029
f 9029 9125 9126
f 9222 9126 9125
f 9125 9221 9222
f 9318 9222 9221
f 9221 9317 9318
f 9414 9318 9317
f 9317 9413 9414
f 9510 9414 9413
f 9413 9509 9510
f 9606 9510 9509
f 9509 9605 9606
f 9702 9606 9605
f 9605 9701 9702
f 9798 9702 9701
f 9701 9797 9798
f 9894 9798 9797
f 9797 9893 9894
f 9990 9894 9893
f 9893 9989 9990
f 10086 9990 9989
f 9989 10085 10086
f 10182 10086 10085
f 10085 10181 10182
f 10278 10182 10181
f 10181 10277 10278
f 10374 10278 10277
f 10277 10373 10374
f 10470 10374 10373
f 10373 10469 10470
f 10566 10470 10469
f 10469 10565 10566
f 10662 10566 10565
f 10565 10661 10662
f 10758 10662 10661
f 10661 10757 10758
f 10854 10758 10757
f 10757 10853 10854
f 10950 10854 10853
f 10853 10949 10950
f 11046 10950 10949
f 10949 11045 11046
f 11142 11046 11045
f 11045 11141 11142
f 11238 11142 11141
f 11141 11237 11238
f 11334 11238 11237
f 11237 11333 11334
f 11430 11334 11333
f 11333 11429 11430
f 11526 11430 11429
f 11429 11525 11526
f 11622 11526 11525
f 11525 11621 11622
f 11718 11622 11621
f 11621 11717 11718
f 11814 11718 11717
f 11717 11813 11814
f 11910 11814 11813
f 11813 11909 11910
f 12006 11910 11909
f 11909 12005 12006
f 12102 12006 12005
f 12005 12101 12102
f 12198 12102 12101
f 12101 12197 12198
f 12294 12198 12197
f 12197 12293 12294
f 12390 12294 12293
f 12293 12389 12390
f 12486 12390 12389
f 12389 12485 12486
f 12582 12486 12485
f 12485 12581 12582
f 12678 12582 12581
f 12581 12677 12678
f 12774 12678 12677
f 12677 12773 12774
f 12870 12774 12773
f 12773 12869 12870
f 12966 12870 12869
f 12869 12965 12966
f 13062 12966 12965
f 12965 13061 13062
f 13158 13062 13061
f 13061 13157 13158
f 13254 13158 13157
f 13157 13253 13254
f 13350 13254 13253
f 13253 13349 13350
f 13446 13350 13349
f 13349 13445 13446
f 13542 13446 13445
f 13445 13541 13542
f 13638 13542 13541
f 13541 13637 13638
f 13734 13638 13637
f 13637 13733 13734
f 13830 13734 13733
f 13733 13829 13830
f 13926 13830 13829
f 13829 13925 13926
f 14022 13926 13925
f 13925 14021 14022
f 14118 14022 14021
f 14021 14117 14118
f 5095 4999 4998
f 4998 5094 5095
f 5191 5095 5094
f 5094 5190 5191
f 5287 5191 5190
f 5190 5286 5287
f 5383 5287 5286
f 5286 5382 5383
f 5479 5383 5382
f 5382 5478 5479
f 5575 5479 5478
f 5478 5574 5575
f 5671 5575 5574
f 5574 5670 5671
f 5767 5671 5670
f 5670 5766 5767
f 5863 5767 5766
f 5766 5862 5863
f 5959 5863 5862
f 5862 5958 5959
f 6055 5959 5958
f 5958 6054 6055
f 6151 6055 6054
f 6054 6150 6151
f 6247 6151 6150
f 6150 6246 6247
f 6343 6247 6246
f 6246 6342 6343
f 6439 6343 6342
f 6342 6438 6439
f 6535 6439 6438
f 6438 6534 6535
f 6631 6535 6534
f 6534 6630 6631
f 6727 6631 6630
f 6630 6726 6727
f 6823 6727 6726
f 6726 6822 6823
f 6919 6823 6822
f 6822 6918 6919
f 7015 6919 6918
f 6918 7014 7015
f 7111 7015 7014
f 7014 7110 7111
f 7207 7111 7110
f 7110 7206 7207
f 7303 7207 7206
f 7206 7302 7303
f 7399 7303 7302
f 7302 7398 7399
f 7495 7399 7398
f 7398 7494 7495
f 7591 7495 7494
f 7494 7590 7591
f 7687 7591 7590
f 7590 7686 7687
f 7783 7687 7686
f 7686 7782 7783
f 7879 7783 7782
f 7782 7878 7879
f 7975 7879 7878
f 7878 7974 7975
f 8071 7975 7974
f 7974 8070 8071
f 8167 8071 8070
f 8070 8166 8167
f 8263 8167 8166
f 8166 8262 8263
f 8359 8263 8262
f 8262 8358 8359
f 8455 8359 8358
f 8358 8454 8455
f 8551 8455 8454
f 8454 8550 8551
f 8647 8551 8550
f 8550 8646 8647
f 8743 8647 8646
f 8646 8742 8743
f 8839 8743 8742
f 8742 8838 8839
f 8935 8839 8838
f 8838 8934 8935
f 9031 8935 8934
f 8934 9030 9031
f 9127 9031 9030
f 9030 9126 9127
f 9223 9127 9126
f 9126 9222 9223
f 9319 9223 9222
f 9222 9318 9319
f 9415 9319 9318
f 9318 9414 9415
f 9511 9415 9414
f 9414 9510 9511
f 9607 9511 9510
f 9510 9606 9607
f 9703 9607 9606
f 9606 9702 9703
f 9799 9703 9702
f 9702 9798 9799
f 9895 9799 9798
f 9798 9894 9895
f 9991 9895 9894
f 9894 9990 9991
f 10087 9991 9990
f 9990 10086 10087
f 10183 10087 10086
f 10086 10182 10183
f 10279 10183 10182
f 10182 10278 10279
f 10375 10279 10278
f 10278 10374 10375
f 10471 10375 10374
f 10374 10470 10471
f 10567 10471 10470
f 10470 10566 10567
f 10663 10567 10566
f 10566 10662 10663
f 10759 10663 10662
f 10662 10758 10759
f 10855 10759 10758
f 10758 10854 10855
f 10951 10855 10854
f 10854 10950 10951
f 11047 10951 10950
f 10950 11046 11047
f 11143 11047 11046
f 11046 11142 11143
f 11239 11143 11142
f 11142 11238 11239
f 11335 11239 11238
f 11238 11334 11335
f 11431 11335 11334
f 11334 11430 11431
f 11527 11431 11430
f 11430 11526 11527
f 11623 11527 11526
f 11526 11622 11623
f 11719 11623 11622
f 11622 11718 11719
f 11815 11719 11718
f 11718 11814 11815
f 11911 11815 11814
f 11814 11910 11911
f 12007 11911 11910
f 11910 12006 12007
f 12103 12007 12006
f 12006 12102 12103
f 12199 12103 12102
f 12102 12198 12199
f 12295 12199 12198
f 12198 12294 12295
f 12391 12295 12294
f 12294 12390 12391
f 12487 12391 12390
f 12390 12486 12487
f 12583 12487 12486
f 12486 12582 12583
f 12679 12583 12582
f 12582 12678 12679
f 12775 12679 12678
f 12678 12774 12775
f 12871 12775 12774
f 12774 12870 12871
f 12967 12871 12870
f 12870 12966 12967
f 13063 12967 12966
f 12966 13062 13063
f 13159 13063 13062
f 13062 13158 13159
f 13255 13159 13158
f 13158 13254 13255
f 13351 13255 13254
f 13254 13350 13351
f 13447 13351 13350
f 13350 13446 13447
f 13543 13447 13446
f 13446 13542 13543
f 13639 13543 13542
f 13542 13638 13639
f 13735 13639 13638
f 13638 13734 13735
f 13831 13735 13734
f 13734 13830 13831
f 13927 13831 13830
f 13830 13926 13927
f 14023 13927 13926
f 13926 14022 14023
f 14119 14023 14022
f 14022 14118 14119
f 5096 5000 4999
f 4999 5095 5096
f 5192 5096 5095
f 5095 5191 5192
f 5288 5192 5191
f 5191 5287 5288
f 5384 5288 5287
f 5287 5383 5384
f 5480 5384 5383
f 5383 5479 5480
f 5576 5480 5479
f 5479 5575 5576
f 5672 5576 5575
f 5575 5671 5672
f 5768 5672 5671
f 5671 5767 5768
f 5864 5768 5767
f 5767 5863 5864
f 5960 5864 5863
f 5863 5959 5960
f 6056 5960 5959
f 5959 6055 6056
f 6152 6056 6055
f 6055 6151 6152
f 6248 6152 6151
f 6151 6247 6248
f 6344 6248 6247
f 6247 6343 6344
f 6440 6344 6343
f 6343 6439 6440
f 6536 6440 6439
f 6439 6535 6536
f 6632 6536 6535
f 6535 6631 6632
f 6728 6632 6631
f 6631 6727 6728
f 6824 6728 6727
f 6727 6823 6824
f 6920 6824 6823
f 6823 6919 6920
f 7016 6920 6919
f 6919 7015 7016
f 7112 7016 7015
f 7015 7111 7112
f 7208 7112 7111
f 7111 7207 7208
f 7304 7208 7207
f 7207 7303 7304
f 7400 7304 7303
f 7303 7399 7400
f 7496 7400 7399
f 7399 7495 7496
f 7592 7496 7495
f 7495 7591 7592
f 7688 7592 7591
f 7591 7687 7688
f 7784 7688 7687
f 7687 7783 7784
f 7880 7784 7783
f 7783 7879 7880
f 7976 7880 7879
f 7879 7975 7976
f 8072 7976 7975
f 7975 8071 8072
f 8168 8072 8071
f 8071 8167 8168
f 8264 8168 8167
f 8167 8263 8264
f 8360 8264 8263
f 8263 8359 8360
f 8456 8360 8359
f 8359 8455 8456
f 8552 8456 8455
f 8455 8551 8552
f 8648 8552 8551
f 8551 8647 8648
f 8744 8648 8647
f 8647 8743 8744
f 8840 8744 8743
f 8743 8839 8840
f 8936 8840 8839
f 8839 8935 8936
f 9032 8936 8935
f 8935 9031 9032
f 9128 9032 9031
f 9031 9127 9128
f 9224 9128 9127
f 9127 9223 9224
f 9320 9224 9223
f 9223 9319 9320
f 9416 9320 9319
f 9319 9415 9416
f 9512 9416 9415
f 9415 9511 9512
f 9608 9512 9511
f 9511 9607 9608
f 9704 9608 9607
f 9607 9703 9704
f 9800 9704 9703
f 9703 9799 9800
f 9896 9800 9799
f 9799 9895 9896
f 9992 9896 9895
f 9895 9991 9992
f 10088 9992 9991
f 9991 10087 10088
f 10184 10088 10087
f 10087 10183 10184
f 10280 10184 10183
f 10183 10279 10280
f 10376 10280 10279
f 10279 10375 10376
f 10472 10376 10375
f 10375 10471 10472
f 10568 10472 10471
f 10471 10567 10568
f 10664 10568 10567
f 10567 10663 10664
f 10760 10664 10663
f 10663 10759 10760
f 10856 10760 10759
f 10759 10855 10856
f 10952 10856 10855
f 10855 10951 10952
f 11048 10952 10951
f 10951 11047 11048
f 11144 11048 11047
f 11047 11143 11144
f 11240 11144 11143
f 11143 11239 11240
f 11336 11240 11239
f 11239 11335 11336
f 11432 11336 11335
f 11335 11431 11432
f 11528 11432 11431
f 11431 11527 11528
f 11624 11528 11527
f 11527 11623 11624
f 11720 11624 11623
f 11623 11719 11720
f 11816 11720 11719
f 11719 11815 11816
f 11912 11816 11815
f 11815 11911 11912
f 12008 11912 11911
f 11911 12007 12008
f 12104 12008 12007
f 12007 12103 12104
f 12200 12104 12103
f 12103 12199 12200
f 12296 12200 12199
f 12199 12295 12296
f 12392 12296 12295
f 12295 12391 12392
f 12488 12392 12391
f 12391 12487 12488
f 12584 12488 12487
f 12487 12583 12584
f 12680 12584 12583
f 12583 12679 12680
f 12776 12680 12679
f 12679 12775 12776
f 12872 12776 12775
f 12775 12871 12872
f 12968 12872 12871
f 12871 12967 12968
f 13064 12968 12967
f 12967 13063 13064
f 13160 13064 13063
f 13063 13159 13160
f 13256 13160 13159
f 13159 13255 13256
f 13352 13256 13255
f 13255 13351 13352
f 13448 13352 13351
f 13351 13447 13448
f 13544 13448 13447
f 13447 13543 13544
f 13640 13544 13543
f 13543 13639 13640
f 13736 13640 13639
f 13639 13735 13736
f 13832 13736 13735
f 13735 13831 13832
f 13928 13832 13831
f 13831 13927 13928
f 14024 13928 13927
f 13927 14023 14024
f 14120 14024 14023
f 14023 14119 14120
f 5097 5001 5000
f 5000 5096 5097
f 5193 5097 5096
f 5096 5192 5193
f 5289 5193 5192
f 5192 5288 5289
f 5385 5289 5288
f 5288 5384 5385
f 5481 5385 5384
f 5384 5480 5481
f 5577 5481 5480
f 5480 5576 5577
f 5673 5577 5576
f 5576 5672 5673
f 5769 5673 5672
f 5672 5768 5769
f 5865 5769 5768
f 5768 5864 5865
f 5961 5865 5864
f 5864 5960 5961
f 6057 5961 5960
f 5960 6056 6057
f 6153 6057 6056
f 6056 6152 6153
f 6249 6153 6152
f 6152 6248 6249
f 6345 6249 6248
f 6248 6344 6345
f 6441 6345 6344
f 6344 6440 6441
f 6537 6441 6440
f 6440 6536 6537
f 6633 6537 6536
f 6536 6632 6633
f 6729 6633 6632
f 6632 6728 6729
f 6825 6729 6728
f 6728 6824 6825
f 6921 6825 6824
f 6824 6920 6921
f 7017 6921 6920
f 6920 7016 7017
f 7113 7017 7016
f 7016 7112 7113
f 7209 7113 7112
f 7112 7208 7209
f 7305 7209 7208
f 7208 7304 7305
f 7401 7305 7304
f 7304 7400 7401
f 7497 7401 7400
f 7400 7496 7497
f 7593 7497 7496
f 7496 7592 7593
f 7689 7593 7592
f 7592 7688 7689
f 7785 7689 7688
f 7688 7784 7785
f 7881 7785 7784
f 7784 7880 7881
f 7977 7881 7880
f 7880 7976 7977
f 8073 7977 7976
f 7976 8072 8073
f 8169 8073 8072
f 8072 8168 8169
f 8265 8169 8168
f 8168 8264 8265
f 8361 8265 8264
f 8264 8360 8361
f 8457 8361 8360
f 8360 8456 8457
f 8553 8457 8456
f 8456 8552 8553
f 8649 8553 8552
f 8552 8648 8649
f 8745 8649 8648
f 8648 8744 8745
f 8841 8745 8744
f 8744 8840 8841
f 8937 8841 8840
f 8840 8936 8937
f 9033 8937 8936
f 8936 9032 9033
f 9129 9033 9032
f 9032 9128 9129
f 9225 9129 9128
f 9128 9224 9225
f 9321 9225 9224
f 9224 9320 9321
f 9417 9321 9320
f 9320 9416 9417
f 9513 9417 9416
f 9416 9512 9513
f 9609 9513 9512
f 9512 9608 9609
f 9705 9609 9608
f 9608 9704 9705
f 9801 9705 9704
f 9704 9800 9801
f 9897 9801 9800
f 9800 9896 9897
f 9993 9897 9896
f 9896 9992 9993
f 10089 9993 9992
f 9992 10088 10089
f 10185 10089 10088
f 10088 10184 10185
f 10281 10185 10184
f 10184 10280 10281
f 10377 10281 10280
f 10280 10376 10377
f 10473 10377 10376
f 10376 10472 10473
f 10569 10473 10472
f 10472 10568 10569
f 10665 10569 10568
f 10568 10664 10665
f 10761 10665 10664
f 10664 10760 10761
f 10857 10761 10760
f 10760 10856 10857
f 10953 10857 10856
f 10856 10952 10953
f 11049 10953 10952
f 10952 11048 11049
f 11145 11049 11048
f 11048 11144 11145
f 11241 11145 11144
f 11144 11240 11241
f 11337 11241 11240
f 11240 11336 11337
f 11433 11337 11336
f 11336 11432 11433
f 11529 11433 11432
f 11432 11528 11529
f 11625 11529 11528
f 11528 11624 11625
f 11721 11625 11624
f 11624 11720 11721
f 11817 11721 11720
f 11720 11816 11817
f 11913 11817 11816
f 11816 11912 11913
f 12009 11913 11912
f 11912 12008 12009
f 12105 12009 12008
f 12008 12104 12105
f 12201 12105 12104
f 12104 12200 12201
f 12297 12201 12200
f 12200 12296 12297
f 12393 12297 12296
f 12296 12392 12393
f 12489 12393 12392
f 12392 12488 12489
f 12585 12489 12488
f 12488 12584 12585
f 12681 12585 12584
f 12584 12680 12681
f 12777 12681 12680
f 12680 12776 12777
f 12873 12777 12776
f 12776 12872 12873
f 12969 12873 12872
f 12872 12968 12969
f 13065 12969 12968
f 12968 13064 13065
f 13161 13065 13064
f 13064 13160 13161
f 13257 13161 13160
f 13160 13256 13257
f 13353 13257 13256
f 13256 13352 13353
f 13449 13353 13352
f 13352 13448 13449
f 13545 13449 13448
f 13448 13544 13545
f 13641 13545 13544
f 13544 13640 13641
f 13737 13641 13640
f 13640 13736 13737
f 13833 13737 13736
f 13736 13832 13833
f 13929 13833 13832
f 13832 13928 13929
f 14025 13929 13928
f 13928 14024 14025
f 14121 14025 14024
f 14024 14120 14121
f 5098 5002 5001
f 5001 5097 5098
f 5194 5098 5097
f 5097 5193 5194
f 5290 5194 5193
f 5193 5289 5290
f 5386 5290 5289
f 5289 5385 5386
f 5482 5386 5385
f 5385 5481 5482
f 5578 5482 5481
f 5481 5577 5578
f 5674 5578 5577
f 5577 5673 5674
f 5770 5674 5673
f 5673 5769 5770
f 5866 5770 5769
f 5769 5865 5866
f 5962 5866 5865
f 5865 5961 5962
f 6058 5962 5961
f 5961 6057 6058
f 6154 6058 6057
f 6057 6153 6154
f 6250 6154 6153
f 6153 6249 6250
f 6346 6250 6249
f 6249 6345 6346
f 6442 6346 6345
f 6345 6441 6442
f 6538 6442 6441
f 6441 6537 6538
f 6634 6538 6537
f 6537 6633 6634
f 6730 6634 6633
f 6633 6729 6730
f 6826 6730 6729
f 6729 6825 6826
f 6922 6826 6825
f 6825 6921 6922
f 7018 6922 6921
f 6921 7017 7018
f 7114 7018 7017
f 7017 7113 7114
f 7210 7114 7113
f 7113 7209 7210
f 7306 7210 7209
f 7209 7305 7306
f 7402 7306 7305
f 7305 7401 7402
f 7498 7402 7401
f 7401 7497 7498
f 7594 7498 7497
f 7497 7593 7594
f 7690 7594 7593
f 7593 7689 7690
f 7786 7690 7689
f 7689 7785 7786
f 7882 7786 7785
f 7785 7881 7882
f 7978 7882 7881
f 7881 7977 7978
f 8074 7978 7977
f 7977 8073 8074
f 8170 8074 8073
f 8073 8169 8170
f 8266 8170 8169
f 8169 8265 8266
f 8362 8266 8265
f 8265 8361 8362
f 8458 8362 8361
f 8361 8457 8458
f 8554 8458 8457
f 8457 8553 8554
f 8650 8554 8553
f 8553 8649 8650
f 8746 8650 8649
f 8649 8745 8746
f 8842 8746 8745
f 8745 8841 8842
f 8938 8842 8841
f 8841 8937 8938
f 9034 8938 8937
f 8937 9033 9034
f 9130 9034 9033
f 9033 9129 9130
f 9226 9130 9129
f 9129 9225 9226
f 9322 9226 9225
f 9225 9321 9322
f 9418 9322 9321
f 9321 9417 9418
f 9514 9418 9417
f 9417 9513 9514
f 9610 9514 9513
f 9513 9609 9610
f 9706 9610 9609
f 9609 9705 9706
f 9802 9706 9705
f 9705 9801 9802
f 9898 9802 9801
f 9801 9897 9898
f 9994 9898 9897
f 9897 9993 9994
f 10090 9994 9993
f 9993 10089 10090
f 10186 10090 10089
f 10089 10185 10186
f 10282 10186 10185
f 10185 10281 10282
f 10378 10282 10281
f 10281 10377 10378
f 10474 10378 10377
f 10377 10473 10474
f 10570 10474 10473
f 10473 10569 10570
f 10666 10570 10569
f 10569 10665 10666
f 10762 10666 10665
f 10665 10761 10762
f 10858 10762 10761
f 10761 10857 10858
f 10954 10858 10857
f 10857 10953 10954
f 11050 10954 10953
f 10953 11049 11050
f 11146 11050 11049
f 11049 11145 11146
f 11242 11146 11145
f 11145 11241 11242
f 11338 11242 11241
f 11241 11337 11338
f 11434 11338 11337
f 11337 11433 11434
f 11530 11434 11433
f 11433 11529 11530
f 11626 11530 11529
f 11529 11625 11626
f 11722 11626 11625
f 11625 11721 11722
f 11818 11722 11721
f 11721 11817 11818
f 11914 11818 11817
f 11817 11913 11914
f 12010 11914 11913
f 11913 12009 12010
f 12106 12010 12009
f 12009 12105 12106
f 12202 12106 12105
f 12105 12201 12202
f 12298 12202 12201
f 12201 12297 12298
f 12394 12298 12297
f 12297 12393 12394
f 12490 12394 12393
f 12393 12489 12490
f 12586 12490 12489
f 12489 12585 12586
f 12682 12586 12585
f 12585 12681 12682
f 12778 12682 12681
f 12681 12777 12778
f 12874 12778 12777
f 12777 12873 12874
f 12970 12874 12873
f 12873 12969 12970
f 13066 12970 12969
f 12969 13065 13066
f 13162 13066 13065
f 13065 13161 13162
f 13258 13162 13161
f 13161 13257 13258
f 13354 13258 13257
f 13257 13353 13354
f 13450 13354 13353
f 13353 13449 13450
f 13546 13450 13449
f 13449 13545 13546
f 13642 13546 13545
f 13545 13641 13642
f 13738 13642 13641
f 13641 13737 13738
f 13834 13738 13737
f 13737 13833 13834
f 13930 13834 13833
f 13833 13929 13930
f 14026 13930 13929
f 13929 14025 14026
f 14122 14026 14025
f 14025 14121 14122
f 5099 5003 5002
f 5002 5098 5099
f 5195 5099 5098
f 5098 5194 5195
f 5291 5195 5194
f 5194 5290 5291
f 5387 5291 5290
f 5290 5386 5387
f 5483 5387 5386
f 5386 5482 5483
f 5579 5483 5482
f 5482 5578 5579
f 5675 5579 5578
f 5578 5674 5675
f 5771 5675 5674
f 5674 5770 5771
f 5867 5771 5770
f 5770 5866 5867
f 5963 5867 5866
f 5866 5962 5963
f 6059 5963 5962
f 5962 6058 6059
f 6155 6059 6058
f 6058 6154 6155
f 6251 6155 6154
f 6154 6250 6251
f 6347 6251 6250
f 6250 6346 6347
f 6443 6347 6346
f 6346 6442 6443
f 6539 6443 6442
f 6442 6538 6539
f 6635 6539 6538
f 6538 6634 6635
f 6731 6635 6634
f 6634 6730 6731
f 6827 6731 6730
f 6730 6826 6827
f 6923 6827 6826
f 6826 6922 6923
f 7019 6923 6922
f 6922 7018 7019
f 7115 7019 7018
f 7018 7114 7115
f 7211 7115 7114
f 7114 7210 7211
f 7307 7211 7210
f 7210 7306 7307
f 7403 7307 7306
f 7306 7402 7403
f 7499 7403 7402
f 7402 7498 7499
f 7595 7499 7498
f 7498 7594 7595
f 7691 7595 7594
f 7594 7690 7691
f 7787 7691 7690
f 7690 7786 7787
f 7883 7787 7786
f 7786 7882 7883
f 7979 7883 7882
f 7882 7978 7979
f 8075 7979 7978
f 7978 8074 8075
f 8171 8075 8074
f 8074 8170 8171
f 8267 8171 8170
f 8170 8266 8267
f 8363 8267 8266
f 8266 8362 8363
f 8459 8363 8362
f 8362 8458 8459
f 8555 8459 8458
f 8458 8554 8555
f 8651 8555 8554
f 8554 8650 8651
f 8747 8651 8650
f 8650 8746 8747
f 8843 8747 8746
f 8746 8842 8843
f 8939 8843 8842
f 8842 8938 8939
f 9035 8939 8938
f 8938 9034 9035
f 9131 9035 9034
f 9034 9130 9131
f 9227 9131 9130
f 9130 9226 9227
f 9323 9227 9226
f 9226 9322 9323
f 9419 9323 9322
f 9322 9418 9419
f 9515 9419 9418
f 9418 9514 9515
f 9611 9515 9514
f 9514 9610 9611
f 9707 9611 9610
f 9610 9706 9707
f 9803 9707 9706
f 9706 9802 9803
f 9899 9803 9802
f 9802 9898 9899
f 9995 9899 9898
f 9898 9994 9995
f 10091 9995 9994
f 9994 10090 10091
f 10187 10091 10090
f 10090 10186 10187
f 10283 10187 10186
f 10186 10282 10283
f 10379 10283 10282
f 10282 10378 10379
f 10475 10379 10378
f 10378 10474 10475
f 10571 10475 10474
f 10474 10570 10571
f 10667 10571 10570
f 10570 10666 10667
f 10763 10667 10666
f 10666 10762 10763
f 10859 10763 10762
f 10762 10858 10859
f 10955 10859 10858
f 10858 10954 10955
f 11051 10955 10954
f 10954 11050 11051
f 11147 11051 11050
f 11050 11146 11147
f 11243 11147 11146
f 11146 11242 11243
f 11339 11243 11242
f 11242 11338 11339
f 11435 11339 11338
f 11338 11434 11435
f 11531 11435 11434
f 11434 11530 11531
f 11627 11531 11530
f 11530 11626 11627
f 11723 11627 11626
f 11626 11722 11723
f 11819 11723 11722
f 11722 11818 11819
f 11915 11819 11818
f 11818 11914 11915
f 12011 11915 11914
f 11914 12010 12011
f 12107 12011 12010
f 12010 12106 12107
f 12203 12107 12106
f 12106 12202 12203
f 12299 12203 12202
f 12202 12298 12299
f 12395 12299 12298
f 12298 12394 12395
f 12491 12395 12394
f 12394 12490 12491
f 12587 12491 12490
f 12490 12586 12587
f 12683 12587 12586
f 12586 12682 12683
f 12779 12683 12682
f 12682 12778 12779
f 12875 12779 12778
f 12778 12874 12875
f 12971 12875 12874
f 12874 12970 12971
f 13067 12971 12970
f 12970 13066 13067
f 13163 13067 13066
f 13066 13162 13163
f 13259 13163 13162
f 13162 13258 13259
f 13355 13259 13258
f 13258 13354 13355
f 13451 13355 13354
f 13354 13450 13451
f 13547 13451 13450
f 13450 13546 13547
f 13643 13547 13546
f 13546 13642 13643
f 13739 13643 13642
f 13642 13738 13739
f 13835 13739 13738
f 13738 13834 13835
f 13931 13835 13834
f 13834 13930 13931
f 14027 13931 13930
f 13930 14026 14027
f 14123 14027 14026
f 14026 14122 14123
f 5100 5004 5003
f 5003 5099 5100
f 5196 5100 5099
f 5099 5195 5196
f 5292 5196 5195
f 5195 5291 5292
f 5388 5292 5291
f 5291 5387 5388
f 5484 5388 5387
f 5387 5483 5484
f 5580 5484 5483
f 5483 5579 5580
f 5676 5580 5579
f 5579 5675 5676
f 5772 5676 5675
f 5675 5771 5772
f 5868 5772 5771
f 5771 5867 5868
f 5964 5868 5867
f 5867 5963 5964
f 6060 5964 5963
f 5963 6059 6060
f 6156 6060 6059
f 6059 6155 6156
f 6252 6156 6155
f 6155 6251 6252
f 6348 6252 6251
f 6251 6347 6348
f 6444 6348 6347
f 6347 6443 6444
f 6540 6444 6443
f 6443 6539 6540
f 6636 6540 6539
f 6539 6635 6636
f 6732 6636 6635
f 6635 6731 6732
f 6828 6732 6731
f 6731 6827 6828
f 6924 6828 6827
f 6827 6923 6924
f 7020 6924 6923
f 6923 7019 7020
f 7116 7020 7019
f 7019 7115 7116
f 7212 7116 7115
f 7115 7211 7212
f 7308 7212 7211
f 7211 7307 7308
f 7404 7308 7307
f 7307 7403 7404
f 7500 7404 7403
f 7403 7499 7500
f 7596 7500 7499
f 7499 7595 7596
f 7692 7596 7595
f 7595 7691 7692
f 7788 7692 7691
f 7691 7787 7788
f 7884 7788 7787
f 7787 7883 7884
f 7980 7884 7883
f 7883 7979 7980
f 8076 7980 7979
f 7979 8075 8076
f 8172 8076 8075
f 8075 8171 8172
f 8268 8172 8171
f 8171 8267 8268
f 8364 8268 8267
f 8267 8363 8364
f 8460 8364 8363
f 8363 8459 8460
f 8556 8460 8459
f 8459 8555 8556
f 8652 8556 8555
f 8555 8651 8652
f 8748 8652 8651
f 8651 8747 8748
f 8844 8748 8747
f 8747 8843 8844
f 8940 8844 8843
f 8843 8939 8940
f 9036 8940 8939
f 8939 9035 9036
f 9132 9036 9035
f 9035 9131 9132
f 9228 9132 9131
f 9131 9227 9228
f 9324 9228 9227
f 9227 9323 9324
f 9420 9324 9323
f 9323 9419 9420
f 9516 9420 9419
f 9419 9515 9516
f 9612 9516 9515
f 9515 9611 9612
f 9708 9612 9611
f 9611 9707 9708
f 9804 9708 9707
f 9707 9803 9804
f 9900 9804 9803
f 9803 9899 9900
f 9996 9900 9899
f 9899 9995 9996
f 10092 9996 9995
f 9995 10091 10092
f 10188 10092 10091
f 10091 10187 10188
f 10284 10188 10187
f 10187 10283 10284
f 10380 10284 10283
f 10283 10379 10380
f 10476 10380 10379
f 10379 10475 10476
f 10572 10476 10475
f 10475 10571 10572
f 10668 10572 10571
f 10571 10667 10668
f 10764 10668 10667
f 10667 10763 10764
f 10860 10764 10763
f 10763 10859 10860
f 10956 10860 10859
f 10859 10955 10956
f 11052 10956 10955
f 10955 11051 11052
f 11148 11052 11051
f 11051 11147 11148
f 11244 11148 11147
f 11147 11243 11244
f 11340 11244 11243
f 11243 11339 11340
f 11436 11340 11339
f 11339 11435 11436
f 11532 11436 11435
f 11435 11531 11532
f 11628 11532 11531
f 11531 11627 11628
f 11724 11628 11627
f 11627 11723 11724
f 11820 11724 11723
f 11723 11819 11820
f 11916 11820 11819
f 11819 11915 11916
f 12012 11916 11915
f 11915 12011 12012
f 12108 12012 12011
f 12011 12107 12108
f 12204 12108 12107
f 12107 12203 12204
f 12300 12204 12203
f 12203 12299 12300
f 12396 12300 12299
f 12299 12395 12396
f 12492 12396 12395
f 12395 12491 12492
f 12588 12492 12491
f 12491 12587 12588
f 12684 12588 12587
f 12587 12683 12684
f 12780 12684 12683
f 12683 12779 12780
f 12876 12780 12779
f 12779 12875 12876
f 12972 12876 12875
f 12875 12971 12972
f 13068 12972 12971
f 12971 13067 13068
f 13164 13068 13067
f 13067 13163 13164
f 13260 13164 13163
f 13163 13259 13260
f 13356 13260 13259
f 13259 13355 13356
f 13452 13356 13355
f 13355 13451 13452
f 13548 13452 13451
f 13451 13547 13548
f 13644 13548 13547
f 13547 13643 13644
f 13740 13644 13643
f 13643 13739 13740
f 13836 13740 13739
f 13739 13835 13836
f 13932 13836 13835
f 13835 13931 13932
f 14028 13932 13931
f 13931 14027 14028
f 14124 14028 14027
f 14027 14123 14124
f 5101 5005 5004
f 5004 5100 5101
f 5197 5101 5100
f 5100 5196 5197
f 5293 5197 5196
f 5196 5292 5293
f 5389 5293 5292
f 5292 5388 5389
f 5485 5389 5388
f 5388 5484 5485
f 5581 5485 5484
f 5484 5580 5581
f 5677 5581 5580
f 5580 5676 5677
f 5773 5677 5676
f 5676 5772 5773
f 5869 5773 5772
f 5772 5868 5869
f 5965 5869 5868
f 5868 5964 5965
f 6061 5965 5964
f 5964 6060 6061
f 6157 6061 6060
f 6060 6156 6157
f 6253 6157 6156
f 6156 6252 6253
f 6349 6253 6252
f 6252 6348 6349
f 6445 6349 6348
f 6348 6444 6445
f 6541 6445 6444
f 6444 6540 6541
f 6637 6541 6540
f 6540 6636 6637
f 6733 6637 6636
f 6636 6732 6733
f 6829 6733 6732
f 6732 6828 6829
f 6925 6829 6828
f 6828 6924 6925
f 7021 6925 6924
f 6924 7020 7021
f 7117 7021 7020
f 7020 7116 7117
f 7213 7117 7116
f 7116 7212 7213
f 7309 7213 7212
f 7212 7308 7309
f 7405 7309 7308
f 7308 7404 7405
f 7501 7405 7404
f 7404 7500 7501
f 7597 7501 7500
f 7500 7596 7597
f 7693 7597 7596
f 7596 7692 7693
f 7789 7693 7692
f 7692 7788 7789
f 7885 7789 7788
f 7788 7884 7885
f 7981 7885 7884
f 7884 7980 7981
f 8077 7981 7980
f 7980 8076 8077
f 8173 8077 8076
f 8076 8172 8173
f 8269 8173 8172
f 8172 8268 8269
f 8365 8269 8268
f 8268 8364 8365
f 8461 8365 8364
f 8364 8460 8461
f 8557 8461 8460
f 8460 8556 8557
f 8653 8557 8556
f 8556 8652 8653
f 8749 8653 8652
f 8652 8748 8749
f 8845 8749 8748
f 8748 8844 8845
f 8941 8845 8844
f 8844 8940 8941
f 9037 8941 8940
f 8940 9036 9037
f 9133 9037 9036
f 9036 9132 9133
f 9229 9133 9132
f 9132 9228 9229
f 9325 9229 9228
f 9228 9324 9325
f 9421 9325 9324
f 9324 9420 9421
f 9517 9421 9420
f 9420 9516 9517
f 9613 9517 9516
f 9516 9612 9613
f 9709 9613 9612
f 9612 9708 9709
f 9805 9709 9708
f 9708 9804 9805
f 9901 9805 9804
f 9804 9900 9901
f 9997 9901 9900
f 9900 9996 9997
f 10093 9997 9996
f 9996 10092 10093
f 10189 10093 10092
f 10092 10188 10189
f 10285 10189 10188
f 10188 10284 10285
f 10381 10285 10284
f 10284 10380 10381
f 10477 10381 10380
f 10380 10476 10477
f 10573 10477 10476
f 10476 10572 10573
f 10669 10573 10572
f 10572 10668 10669
f 10765 10669 10668
f 10668 10764 10765
f 10861 10765 10764
f 10764 10860 10861
f 10957 10861 10860
f 10860 10956 10957
f 11053 10957 10956
f 10956 11052 11053
f 11149 11053 11052
f 11052 11148 11149
f 11245 11149 11148
f 11148 11244 11245
f 11341 11245 11244
f 11244 11340 11341
f 11437 11341 11340
f 11340 11436 11437
f 11533 11437 11436
f 11436 11532 11533
f 11629 11533 11532
f 11532 11628 11629
f 11725 11629 11628
f 11628 11724 11725
f 11821 11725 11724
f 11724 11820 11821
f 11917 11821 11820
f 11820 11916 11917
f 12013 11917 11916
f 11916 12012 12013
f 12109 12013 12012
f 12012 12108 12109
f 12205 12109 12108
f 12108 12204 12205
f 12301 12205 12204
f 12204 12300 12301
f 12397 12301 12300
f 12300 12396 12397
f 12493 12397 12396
f 12396 12492 12493
f 12589 12493 12492
f 12492 12588 12589
f 12685 12589 12588
f 12588 12684 12685
f 12781 12685 12684
f 12684 12780 12781
f 12877 12781 12780
f 12780 12876 12877
f 12973 12877 12876
f 12876 12972 12973
f 13069 12973 12972
f 12972 13068 13069
f 13165 13069 13068
f 13068 13164 13165
f 13261 13165 13164
f 13164 13260 13261
f 13357 13261 13260
f 13260 13356 13357
f 13453 13357 13356
f 13356 13452 13453
f 13549 13453 13452
f 13452 13548 13549
f 13645 13549 13548
f 13548 13644 13645
f 13741 13645 13644
f 13644 13740 13741
f 13837 13741 13740
f 13740 13836 13837
f 13933 13837 13836
f 13836 13932 13933
f 14029 13933 13932
f 13932 14028 14029
f 14125 14029 14028
f 14028 14124 14125
f 5102 5006 5005
f 5005 5101 5102
f 5198 5102 5101
f 5101 5197 5198
f 5294 5198 5197
f 5197 5293 5294
f 5390 5294 5293
f 5293 5389 5390
f 5486 5390 5389
f 5389 5485 5486
f 5582 5486 5485
f 5485 5581 5582
f 5678 5582 5581
f 5581 5677 5678
f 5774 5678 5677
f 5677 5773 5774
f 5870 5774 5773
f 5773 5869 5870
f 5966 5870 5869
f 5869 5965 5966
f 6062 5966 5965
f 5965 6061 6062
f 6158 6062 6061
f 6061 6157 6158
f 6254 6158 6157
f 6157 6253 6254
f 6350 6254 6253
f 6253 6349 6350
f 6446 6350 6349
f 6349 6445 6446
f 6542 6446 6445
f 6445 6541 6542
f 6638 6542 6541
f 6541 6637 6638
f 6734 6638 6637
f 6637 6733 6734
f 6830 6734 6733
f 6733 6829 6830
f 6926 6830 6829
f 6829 6925 6926
f 7022 6926 6925
f 6925 7021 7022
f 7118 7022 7021
f 7021 7117 7118
f 7214 7118 7117
f 7117 7213 7214
f 7310 7214 7213
f 7213 7309 7310
f 7406 7310 7309
f 7309 7405 7406
f 7502 7406 7405
f 7405 7501 7502
f 7598 7502 7501
f 7501 7597 7598
f 7694 7598 7597
f 7597 7693 7694
f 7790 7694 7693
f 7693 7789 7790
f 7886 7790 7789
f 7789 7885 7886
f 7982 7886 7885
f 7885 7981 7982
f 8078 7982 7981
f 7981 8077 8078
f 8174 8078 8077
f 8077 8173 8174
f 8270 8174 8173
f 8173 8269 8270
f 8366 8270 8269
f 8269 8365 8366
f 8462 8366 8365
f 8365 8461 8462
f 8558 8462 8461
f 8461 8557 8558
f 8654 8558 8557
f 8557 8653 8654
f 8750 8654 8653
f 8653 8749 8750
f 8846 8750 8749
f 8749 8845 8846
f 8942 8846 8845
f 8845 8941 8942
f 9038 8942 8941
f 8941 9037 9038
f 9134 9038 9037
f 9037 9133 9134
f 9230 9134 9133
f 9133 9229 9230
f 9326 9230 9229
f 9229 9325 9326
f 9422 9326 9325
f 9325 9421 9422
f 9518 9422 9421
f 9421 9517 9518
f 9614 9518 9517
f 9517 9613 9614
f 9710 9614 9613
f 9613 9709 9710
f 9806 9710 9709
f 9709 9805 9806
f 9902 9806 9805
f 9805 9901 9902
f 9998 9902 9901
f 9901 9997 9998
f 10094 9998 9997
f 9997 10093 10094
f 10190 10094 10093
f 10093 10189 10190
f 10286 10190 10189
f 10189 10285 10286
f 10382 10286 10285
f 10285 10381 10382
f 10478 10382 10381
f 10381 10477 10478
f 10574 10478 10477
f 10477 10573 10574
f 10670 10574 10573
f 10573 10669 10670
f 10766 10670 10669
f 10669 10765 10766
f 10862 10766 10765
f 10765 10861 10862
f 10958 10862 10861
f 10861 10957 10958
f 11054 10958 10957
f 10957 11053 11054
f 11150 11054 11053
f 11053 11149 11150
f 11246 11150 11149
f 11149 11245 11246
f 11342 11246 11245
f 11245 11341 11342
f 11438 11342 11341
f 11341 11437 11438
f 11534 11438 11437
f 11437 11533 11534
f 11630 11534 11533
f 11533 11629 11630
f 11726 11630 11629
f 11629 11725 11726
f 11822 11726 11725
f 11725 11821 11822
f 11918 11822 11821
f 11821 11917 11918
f 12014 11918 11917
f 11917 12013 12014
f 12110 12014 12013
f 12013 12109 12110
f 12206 12110 12109
f 12109 12205 12206
f 12302 12206 12205
f 12205 12301 12302
f 12398 12302 12301
f 12301 12397 12398
f 12494 12398 12397
f 12397 12493 12494
f 12590 12494 12493
f 12493 12589 12590
f 12686 12590 12589
f 12589 12685 12686
f 12782 12686 12685
f 12685 12781 12782
f 12878 12782 12781
f 12781 12877 12878
f 12974 12878 12877
f 12877 12973 12974
f 13070 12974 12973
f 12973 13069 13070
f 13166 13070 13069
f 13069 13165 13166
f 13262 13166 13165
f 13165 13261 13262
f 13358 13262 13261
f 13261 13357 13358
f 13454 13358 13357
f 13357 13453 13454
f 13550 13454 13453
f 13453 13549 13550
f 13646 13550 13549
f 13549 13645 13646
f 13742 13646 13645
f 13645 13741 13742
f 13838 13742 13741
f 13741 13837 13838
f 13934 13838 13837
f 13837 13933 13934
f 14030 13934 13933
f 13933 14029 14030
f 14126 14030 14029
f 14029 14125 14126
f 5103 5007 5006
f 5006 5102 5103
f 5199 5103 5102
f 5102 5198 5199
f 5295 5199 5198
f 5198 5294 5295
f 5391 5295 5294
f 5294 5390 5391
f 5487 5391 5390
f 5390 5486 5487
f 5583 5487 5486
f 5486 5582 5583
f 5679 5583 5582
f 5582 5678 5679
f 5775 5679 5678
f 5678 5774 5775
f 5871 5775 5774
f 5774 5870 5871
f 5967 5871 5870
f 5870 5966 5967
f 6063 5967 5966
f 5966 6062 6063
f 6159 6063 6062
f 6062 6158 6159
f 6255 6159 6158
f 6158 6254 6255
f 6351 6255 6254
f 6254 6350 6351
f 6447 6351 6350
f 6350 6446 6447
f 6543 6447 6446
f 6446 6542 6543
f 6639 6543 6542
f 6542 6638 6639
f 6735 6639 6638
f 6638 6734 6735
f 6831 6735 6734
f 6734 6830 6831
f 6927 6831 6830
f 6830 6926 6927
f 7023 6927 6926
f 6926 7022 7023
f 7119 7023 7022
f 7022 7118 7119
f 7215 7119 7118
f 7118 7214 7215
f 7311 7215 7214
f 7214 7310 7311
f 7407 7311 7310
f 7310 7406 7407
f 7503 7407 7406
f 7406 7502 7503
f 7599 7503 7502
f 7502 7598 7599
f 7695 7599 7598
f 7598 7694 7695
f 7791 7695 7694
f 7694 7790 7791
f 7887 7791 7790
f 7790 7886 7887
f 7983 7887 7886
f 7886 7982 7983
f 8079 7983 7982
f 7982 8078 8079
f 8175 8079 8078
f 8078 8174 8175
f 8271 8175 8174
f 8174 8270 8271
f 8367 8271 8270
f 8270 8366 8367
f 8463 8367 8366
f 8366 8462 8463
f 8559 8463 8462
f 8462 8558 8559
f 8655 8559 8558
f 8558 8654 8655
f 8751 8655 8654
f 8654 8750 8751
f 8847 8751 8750
f 8750 8846 8847
f 8943 8847 8846
f 8846 8942 8943
f 9039 8943 8942
f 8942 9038 9039
f 9135 9039 9038
f 9038 9134 9135
f 9231 9135 9134
f 9134 9230 9231
f 9327 9231 9230
f 9230 9326 9327
f 9423 9327 9326
f 9326 9422 9423
f 9519 9423 9422
f 9422 9518 9519
f 9615 9519 9518
f 9518 9614 9615
f 9711 9615 9614
f 9614 9710 9711
f 9807 9711 9710
f 9710 9806 9807
f 9903 9807 9806
f 9806 9902 9903
f 9999 9903 9902
f 9902 9998 9999
f 10095 9999 9998
f 9998 10094 10095
f 10191 10095 10094
f 10094 10190 10191
f 10287 10191 10190
f 10190 10286 10287
f 10383 10287 10286
f 10286 10382 10383
f 10479 10383 10382
f 10382 10478 10479
f 10575 10479 10478
f 10478 10574 10575
f 10671 10575 10574
f 10574 10670 10671
f 10767 10671 10670
f 10670 10766 10767
f 10863 10767 10766
f 10766 10862 10863
f 10959 10863 10862
f 10862 10958 10959
f 11055 10959 10958
f 10958 11054 11055
f 11151 11055 11054
f 11054 11150 11151
f 11247 11151 11150
f 11150 11246 11247
f 11343 11247 11246
f 11246 11342 11343
f 11439 11343 11342
f 11342 11438 11439
f 11535 11439 11438
f 11438 11534 11535
f 11631 11535 11534
f 11534 11630 11631
f 11727 11631 11630
f 11630 11726 11727
f 11823 11727 11726
f 11726 11822 11823
f 11919 11823 11822
f 11822 11918 11919
f 12015 11919 11918
f 11918 12014 12015
f 12111 12015 12014
f 12014 12110 12111
f 12207 12111 12110
f 12110 12206 12207
f 12303 12207 12206
f 12206 12302 12303
f 12399 12303 12302
f 12302 12398 12399
f 12495 12399 12398
f 12398 12494 12495
f 12591 12495 12494
f 12494 12590 12591
f 12687 12591 12590
f 12590 12686 12687
f 12783 12687 12686
f 12686 12782 12783
f 12879 12783 12782
f 12782 12878 12879
f 12975 12879 12878
f 12878 12974 12975
f 13071 12975 12974
f 12974 13070 13071
f 13167 13071 13070
f 13070 13166 13167
f 13263 13167 13166
f 13166 13262 13263
f 13359 13263 13262
f 13262 13358 13359
f 13455 13359 13358
f 13358 13454 13455
f 13551 13455 13454
f 13454 13550 13551
f 13647 13551 13550
f 13550 13646 13647
f 13743 13647 13646
f 13646 13742 13743
f 13839 13743 13742
f 13742 13838 13839
f 13935 13839 13838
f 13838 13934 13935
f 14031 13935 13934
f 13934 14030 14031
f 14127 14031 14030
f 14030 14126 14127
f 5104 5008 5007
f 5007 5103 5104
f 5200 5104 5103
f 5103 5199 5200
f 5296 5200 5199
f 5199 5295 5296
f 5392 5296 5295
f 5295 5391 5392
f 5488 5392 5391
f 5391 5487 5488
f 5584 5488 5487
f 5487 5583 5584
f 5680 5584 5583
f 5583 5679 5680
f 5776 5680 5679
f 5679 5775 5776
f 5872 5776 5775
f 5775 5871 5872
f 5968 5872 5871
f 5871 5967 5968
f 6064 5968 5967
f 5967 6063 6064
f 6160 6064 6063
f 6063 6159 6160
f 6256 6160 6159
f 6159 6255 6256
f 6352 6256 6255
f 6255 6351 6352
f 6448 6352 6351
f 6351 6447 6448
f 6544 6448 6447
f 6447 6543 6544
f 6640 6544 6543
f 6543 6639 6640
f 6736 6640 6639
f 6639 6735 6736
f 6832 6736 6735
f 6735 6831 6832
f 6928 6832 6831
f 6831 6927 6928
f 7024 6928 6927
f 6927 7023 7024
f 7120 7024 7023
f 7023 7119 7120
f 7216 7120 7119
f 7119 7215 7216
f 7312 7216 7215
f 7215 7311 7312
f 7408 7312 7311
f 7311 7407 7408
f 7504 7408 7407
f 7407 7503 7504
f 7600 7504 7503
f 7503 7599 7600
f 7696 7600 7599
f 7599 7695 7696
f 7792 7696 7695
f 7695 7791 7792
f 7888 7792 7791
f 7791 7887 7888
f 7984 7888 7887
f 7887 7983 7984
f 8080 7984 7983
f 7983 8079 8080
f 8176 8080 8079
f 8079 8175 8176
f 8272 8176 8175
f 8175 8271 8272
f 8368 8272 8271
f 8271 8367 8368
f 8464 8368 8367
f 8367 8463 8464
f 8560 8464 8463
f 8463 8559 8560
f 8656 8560 8559
f 8559 8655 8656
f 8752 8656 8655
f 8655 8751 8752
f 8848 8752 8751
f 8751 8847 8848
f 8944 8848 8847
f 8847 8943 8944
f 9040 8944 8943
f 8943 9039 9040
f 9136 9040 9039
f 9039 9135 9136
f 9232 9136 9135
f 9135 9231 9232
f 9328 9232 9231
f 9231 9327 9328
f 9424 9328 9327
f 9327 9423 9424
f 9520 9424 9423
f 9423 9519 9520
f 9616 9520 9519
f 9519 9615 9616
f 9712 9616 9615
f 9615 9711 9712
f 9808 9712 9711
f 9711 9807 9808
f 9904 9808 9807
f 9807 9903 9904
f 10000 9904 9903
f 9903 9999 10000
f 10096 10000 9999
f 9999 10095 10096
f 10192 10096 10095
f 10095 10191 10192
f 10288 10192 10191
f 10191 10287 10288
f 10384 10288 10287
f 10287 10383 10384
f 10480 10384 10383
f 10383 10479 10480
f 10576 10480 10479
f 10479 10575 10576
f 10672 10576 10575
f 10575 10671 10672
f 10768 10672 10671
f 10671 10767 10768
f 10864 10768 10767
f 10767 10863 10864
f 10960 10864 10863
f 10863 10959 10960
f 11056 10960 10959
f 10959 11055 11056
f 11152 11056 11055
f 11055 11151 11152
f 11248 11152 11151
f 11151 11247 11248
f 11344 11248 11247
f 11247 11343 11344
f 11440 11344 11343
f 11343 11439 11440
f 11536 11440 11439
f 11439 11535 11536
f 11632 11536 11535
f 11535 11631 11632
f 11728 11632 11631
f 11631 11727 11728
f 11824 11728 11727
f 11727 11823 11824
f 11920 11824 11823
f 11823 11919 11920
f 12016 11920 11919
f 11919 12015 12016
f 12112 12016 12015
f 12015 12111 12112
f 12208 12112 12111
f 12111 12207 12208
f 12304 12208 12207
f 12207 12303 12304
f 12400 12304 12303
f 12303 12399 12400
f 12496 12400 12399
f 12399 12495 12496
f 12592 12496 12495
f 12495 12591 12592
f 12688 12592 12591
f 12591 12687 12688
f 12784 12688 12687
f 12687 12783 12784
f 12880 12784 12783
f 12783 12879 12880
f 12976 12880 12879
f 12879 12975 12976
f 13072 12976 12975
f 12975 13071 13072
f 13168 13072 13071
f 13071 13167 13168
f 13264 13168 13167
f 13167 13263 13264
f 13360 13264 13263
f 13263 13359 13360
f 13456 13360 13359
f 13359 13455 13456
f 13552 13456 13455
f 13455 13551 13552
f 13648 13552 13551
f 13551 13647 13648
f 13744 13648 13647
f 13647 13743 13744
f 13840 13744 13743
f 13743 13839 13840
f 13936 13840 13839
f 13839 13935 13936
f 14032 13936 13935
f 13935 14031 14032
f 14128 14032 14031
f 14031 14127 14128
f 5105 5009 5008
f 5008 5104 5105
f 5201 5105 5104
f 5104 5200 5201
f 5297 5201 5200
f 5200 5296 5297
f 5393 5297 5296
f 5296 5392 5393
f 5489 5393 5392
f 5392 5488 5489
f 5585 5489 5488
f 5488 5584 5585
f 5681 5585 5584
f 5584 5680 5681
f 5777 5681 5680
f 5680 5776 5777
f 5873 5777 5776
f 5776 5872 5873
f 5969 5873 5872
f 5872 5968 5969
f 6065 5969 5968
f 5968 6064 6065
f 6161 6065 6064
f 6064 6160 6161
f 6257 6161 6160
f 6160 6256 6257
f 6353 6257 6256
f 6256 6352 6353
f 6449 6353 6352
f 6352 6448 6449
f 6545 6449 6448
f 6448 6544 6545
f 6641 6545 6544
f 6544 6640 6641
f 6737 6641 6640
f 6640 6736 6737
f 6833 6737 6736
f 6736 6832 6833
f 6929 6833 6832
f 6832 6928 6929
f 7025 6929 6928
f 6928 7024 7025
f 7121 7025 7024
f 7024 7120 7121
f 7217 7121 7120
f 7120 7216 7217
f 7313 7217 7216
f 7216 7312 7313
f 7409 7313 7312
f 7312 7408 7409
f 7505 7409 7408
f 7408 7504 7505
f 7601 7505 7504
f 7504 7600 7601
f 7697 7601 7600
f 7600 7696 7697
f 7793 7697 7696
f 7696 7792 7793
f 7889 7793 7792
f 7792 7888 7889
f 7985 7889 7888
f 7888 7984 7985
f 8081 7985 7984
f 7984 8080 8081
f 8177 8081 8080
f 8080 8176 8177
f 8273 8177 8176
f 8176 8272 8273
f 8369 8273 8272
f 8272 8368 8369
f 8465 8369 8368
f 8368 8464 8465
f 8561 8465 8464
f 8464 8560 8561
f 8657 8561 8560
f 8560 8656 8657
f 8753 8657 8656
f 8656 8752 8753
f 8849 8753 8752
f 8752 8848 8849
f 8945 8849 8848
f 8848 8944 8945
f 9041 8945 8944
f 8944 9040 9041
f 9137 9041 9040
f 9040 9136 9137
f 9233 9137 9136
f 9136 9232 9233
f 9329 9233 9232
f 9232 9328 9329
f 9425 9329 9328
f 9328 9424 9425
f 9521 9425 9424
f 9424 9520 9521
f 9617 9521 9520
f 9520 9616 9617
f 9713 9617 9616
f 9616 9712 9713
f 9809 9713 9712
f 9712 9808 9809
f 9905 9809 9808
f 9808 9904 9905
f 10001 9905 9904
f 9904 10000 10001
f 10097 10001 10000
f 10000 10096 10097
f 10193 10097 10096
f 10096 10192 10193
f 10289 10193 10192
f 10192 10288 10289
f 10385 10289 10288
f 10288 10384 10385
f 10481 10385 10384
f 10384 10480 10481
f 10577 10481 10480
f 10480 10576 10577
f 10673 10577 10576
f 10576 10672 10673
f 10769 10673 10672
f 10672 10768 10769
f 10865 10769 10768
f 10768 10864 10865
f 10961 10865 10864
f 10864 10960 10961
f 11057 10961 10960
f 10960 11056 11057
f 11153 11057 11056
f 11056 11152 11153
f 11249 11153 11152
f 11152 11248 11249
f 11345 11249 11248
f 11248 11344 11345
f 11441 11345 11344
f 11344 11440 11441
f 11537 11441 11440
f 11440 11536 11537
f 11633 11537 11536
f 11536 11632 11633
f 11729 11633 11632
f 11632 11728 11729
f 11825 11729 11728
f 11728 11824 11825
f 11921 11825 11824
f 11824 11920 11921
f 12017 11921 11920
f 11920 12016 12017
f 12113 12017 12016
f 12016 12112 12113
f 12209 12113 12112
f 12112 12208 12209
f 12305 12209 12208
f 12208 12304 12305
f 12401 12305 12304
f 12304 12400 12401
f 12497 12401 12400
f 12400 12496 12497
f 12593 12497 12496
f 12496 12592 12593
f 12689 12593 12592
f 12592 12688 12689
f 12785 12689 12688
f 12688 12784 12785
f 12881 12785 12784
f 12784 12880 12881
f 12977 12881 12880
f 12880 12976 12977
f 13073 12977 12976
f 12976 13072 13073
f 13169 13073 13072
f 13072 13168 13169
f 13265 13169 13168
f 13168 13264 13265
f 13361 13265 13264
f 13264 13360 13361
f 13457 13361 13360
f 13360 13456 13457
f 13553 13457 13456
f 13456 13552 13553
f 13649 13553 13552
f 13552 13648 13649
f 13745 13649 13648
f 13648 13744 13745
f 13841 13745 13744
f 13744 13840 13841
f 13937 13841 13840
f 13840 13936 13937
f 14033 13937 13936
f 13936 14032 14033
f 14129 14033 14032
f 14032 14128 14129
f 5106 5010 5009
f 5009 5105 5106
f 5202 5106 5105
f 5105 5201 5202
f 5298 5202 5201
f 5201 5297 5298
f 5394 5298 5297
f 5297 5393 5394
f 5490 5394 5393
f 5393 5489 5490
f 5586 5490 5489
f 5489 5585 5586
f 5682 5586 5585
f 5585 5681 5682
f 5778 5682 5681
f 5681 5777 5778
f 5874 5778 5777
f 5777 5873 5874
f 5970 5874 5873
f 5873 5969 5970
f 6066 5970 5969
f 5969 6065 6066
f 6162 6066 6065
f 6065 6161 6162
f 6258 6162 6161
f 6161 6257 6258
f 6354 6258 6257
f 6257 6353 6354
f 6450 6354 6353
f 6353 6449 6450
f 6546 6450 6449
f 6449 6545 6546
f 6642 6546 6545
f 6545 6641 6642
f 6738 6642 6641
f 6641 6737 6738
f 6834 6738 6737
f 6737 6833 6834
f 6930 6834 6833
f 6833 6929 6930
f 7026 6930 6929
f 6929 7025 7026
f 7122 7026 7025
f 7025 7121 7122
f 7218 7122 7121
f 7121 7217 7218
f 7314 7218 7217
f 7217 7313 7314
f 7410 7314 7313
f 7313 7409 7410
f 7506 7410 7409
f 7409 7505 7506
f 7602 7506 7505
f 7505 7601 7602
f 7698 7602 7601
f 7601 7697 7698
f 7794 7698 7697
f 7697 7793 7794
f 7890 7794 7793
f 7793 7889 7890
f 7986 7890 7889
f 7889 7985 7986
f 8082 7986 7985
f 7985 8081 8082
f 8178 8082 8081
f 8081 8177 8178
f 8274 8178 8177
f 8177 8273 8274
f 8370 8274 8273
f 8273 8369 8370
f 8466 8370 8369
f 8369 8465 8466
f 8562 8466 8465
f 8465 8561 8562
f 8658 8562 8561
f 8561 8657 8658
f 8754 8658 8657
f 8657 8753 8754
f 8850 8754 8753
f 8753 8849 8850
f 8946 8850 8849
f 8849 8945 8946
f 9042 8946 8945
f 8945 9041 9042
f 9138 9042 9041
f 9041 9137 9138
f 9234 9138 9137
f 9137 9233 9234
f 9330 9234 9233
f 9233 9329 9330
f 9426 9330 9329
f 9329 9425 9426
f 9522 9426 9425
f 9425 9521 9522
f 9618 9522 9521
f 9521 9617 9618
f 9714 9618 9617
f 9617 9713 9714
f 9810 9714 9713
f 9713 9809 9810
f 9906 9810 9809
f 9809 9905 9906
f 10002 9906 9905
f 9905 10001 10002
f 10098 10002 10001
f 10001 10097 10098
f 10194 10098 10097
f 10097 10193 10194
f 10290 10194 10193
f 10193 10289 10290
f 10386 10290 10289
f 10289 10385 10386
f 10482 10386 10385
f 10385 10481 10482
f 10578 10482 10481
f 10481 10577 10578
f 10674 10578 10577
f 10577 10673 10674
f 10770 10674 10673
f 10673 10769 10770
f 10866 10770 10769
f 10769 10865 10866
f 10962 10866 10865
f 10865 10961 10962
f 11058 10962 10961
f 10961 11057 11058
f 11154 11058 11057
f 11057 11153 11154
f 11250 11154 11153
f 11153 11249 11250
f 11346 11250 11249
f 11249 11345 11346
f 11442 11346 11345
f 11345 11441 11442
f 11538 11442 11441
f 11441 11537 11538
f 11634 11538 11537
f 11537 11633 11634
f 11730 11634 11633
f 11633 11729 11730
f 11826 11730 11729
f 11729 11825 11826
f 11922 11826 11825
f 11825 11921 11922
f 12018 11922 11921
f 11921 12017 12018
f 12114 12018 12017
f 12017 12113 12114
f 12210 12114 12113
f 12113 12209 12210
f 12306 12210 12209
f 12209 12305 12306
f 12402 12306 12305
f 12305 12401 12402
f 12498 12402 12401
f 12401 12497 12498
f 12594 12498 12497
f 12497 12593 12594
f 12690 12594 12593
f 12593 12689 12690
f 12786 12690 12689
f 12689 12785 12786
f 12882 12786 12785
f 12785 12881 12882
f 12978 12882 12881
f 12881 12977 12978
f 13074 12978 12977
f 12977 13073 13074
f 13170 13074 13073
f 13073 13169 13170
f 13266 13170 13169
f 13169 13265 13266
f 13362 13266 13265
f 13265 13361 13362
f 13458 13362 13361
f 13361 13457 13458
f 13554 13458 13457
f 13457 13553 13554
f 13650 13554 13553
f 13553 13649 13650
f 13746 13650 13649
f 13649 13745 13746
f 13842 13746 13745
f 13745 13841 13842
f 13938 13842 13841
f 13841 13937 13938
f 14034 13938 13937
f 13937 14033 14034
f 14130 14034 14033
f 14033 14129 14130
f 5107 5011 5010
f 5010 5106 5107
f 5203 5107 5106
f 5106 5202 5203
f 5299 5203 5202
f 5202 5298 5299
f 5395 5299 5298
f 5298 5394 5395
f 5491 5395 5394
f 5394 5490 5491
f 5587 5491 5490
f 5490 5586 5587
f 5683 5587 5586
f 5586 5682 5683
f 5779 5683 5682
f 5682 5778 5779
f 5875 5779 5778
f 5778 5874 5875
f 5971 5875 5874
f 5874 5970 5971
f 6067 5971 5970
f 5970 6066 6067
f 6163 6067 6066
f 6066 6162 6163
f 6259 6163 6162
f 6162 6258 6259
f 6355 6259 6258
f 6258 6354 6355
f 6451 6355 6354
f 6354 6450 6451
f 6547 6451 6450
f 6450 6546 6547
f 6643 6547 6546
f 6546 6642 6643
f 6739 6643 6642
f 6642 6738 6739
f 6835 6739 6738
f 6738 6834 6835
f 6931 6835 6834
f 6834 6930 6931
f 7027 6931 6930
f 6930 7026 7027
f 7123 7027 7026
f 7026 7122 7123
f 7219 7123 7122
f 7122 7218 7219
f 7315 7219 7218
f 7218 7314 7315
f 7411 7315 7314
f 7314 7410 7411
f 7507 7411 7410
f 7410 7506 7507
f 7603 7507 7506
f 7506 7602 7603
f 7699 7603 7602
f 7602 7698 7699
f 7795 7699 7698
f 7698 7794 7795
f 7891 7795 7794
f 7794 7890 7891
f 7987 7891 7890
f 7890 7986 7987
f 8083 7987 7986
f 7986 8082 8083
f 8179 8083 8082
f 8082 8178 8179
f 8275 8179 8178
f 8178 8274 8275
f 8371 8275 8274
f 8274 8370 8371
f 8467 8371 8370
f 8370 8466 8467
f 8563 8467 8466
f 8466 8562 8563
f 8659 8563 8562
f 8562 8658 8659
f 8755 8659 8658
f 8658 8754 8755
f 8851 8755 8754
f 8754 8850 8851
f 8947 8851 8850
f 8850 8946 8947
f 9043 8947 8946
f 8946 9042 9043
f 9139 9043 9042
f 9042 9138 9139
f 9235 9139 9138
f 9138 9234 9235
f 9331 9235 9234
f 9234 9330 9331
f 9427 9331 9330
f 9330 9426 9427
f 9523 9427 9426
f 9426 9522 9523
f 9619 9523 9522
f 9522 9618 9619
f 9715 9619 9618
f 9618 9714 9715
f 9811 9715 9714
f 9714 9810 9811
f 9907 9811 9810
f 9810 9906 9907
f 10003 9907 9906
f 9906 10002 10003
f 10099 10003 10002
f 10002 10098 10099
f 10195 10099 10098
f 10098 10194 10195
f 10291 10195 10194
f 10194 10290 10291
f 10387 10291 10290
f 10290 10386 10387
f 10483 10387 10386
f 10386 10482 10483
f 10579 10483 10482
f 10482 10578 10579
f 10675 10579 10578
f 10578 10674 10675
f 10771 10675 10674
f 10674 10770 10771
f 10867 10771 10770
f 10770 10866 10867
f 10963 10867 10866
f 10866 10962 10963
f 11059 10963 10962
f 10962 11058 11059
f 11155 11059 11058
f 11058 11154 11155
f 11251 11155 11154
f 11154 11250 11251
f 11347 11251 11250
f 11250 11346 11347
f 11443 11347 11346
f 11346 11442 11443
f 11539 11443 11442
f 11442 11538 11539
f 11635 11539 11538
f 11538 11634 11635
f 11731 11635 11634
f 11634 11730 11731
f 11827 11731 11730
f 11730 11826 11827
f 11923 11827 11826
f 11826 11922 11923
f 12019 11923 11922
f 11922 12018 12019
f 12115 12019 12018
f 12018 12114 12115
f 12211 12115 12114
f 12114 12210 12211
f 12307 12211 12210
f 12210 12306 12307
f 12403 12307 12306
f 12306 12402 12403
f 12499 12403 12402
f 12402 12498 12499
f 12595 12499 12498
f 12498 12594 12595
f 12691 12595 12594
f 12594 12690 12691
f 12787 12691 12690
f 12690 12786 12787
f 12883 12787 12786
f 12786 12882 12883
f 12979 12883 12882
f 12882 12978 12979
f 13075 12979 12978
f 12978 13074 13075
f 13171 13075 13074
f 13074 13170 13171
f 13267 13171 13170
f 13170 13266 13267
f 13363 13267 13266
f 13266 13362 13363
f 13459 13363 13362
f 13362 13458 13459
f 13555 13459 13458
f 13458 13554 13555
f 13651 13555 13554
f 13554 13650 13651
f 13747 13651 13650
f 13650 13746 13747
f 13843 13747 13746
f 13746 13842 13843
f 13939 13843 13842
f 13842 13938 13939
f 14035 13939 13938
f 13938 14034 14035
f 14131 14035 14034
f 14034 14130 14131
f 5108 5012 5011
f 5011 5107 5108
f 5204 5108 5107
f 5107 5203 5204
f 5300 5204 5203
f 5203 5299 5300
f 5396 5300 5299
f 5299 5395 5396
f 5492 5396 5395
f 5395 5491 5492
f 5588 5492 5491
f 5491 5587 5588
f 5684 5588 5587
f 5587 5683 5684
f 5780 5684 5683
f 5683 5779 5780
f 5876 5780 5779
f 5779 5875 5876
f 5972 5876 5875
f 5875 5971 5972
f 6068 5972 5971
f 5971 6067 6068
f 6164 6068 6067
f 6067 6163 6164
f 6260 6164 6163
f 6163 6259 6260
f 6356 6260 6259
f 6259 6355 6356
f 6452 6356 6355
f 6355 6451 6452
f 6548 6452 6451
f 6451 6547 6548
f 6644 6548 6547
f 6547 6643 6644
f 6740 6644 6643
f 6643 6739 6740
f 6836 6740 6739
f 6739 6835 6836
f 6932 6836 6835
f 6835 6931 6932
f 7028 6932 6931
f 6931 7027 7028
f 7124 7028 7027
f 7027 7123 7124
f 7220 7124 7123
f 7123 7219 7220
f 7316 7220 7219
f 7219 7315 7316
f 7412 7316 7315
f 7315 7411 7412
f 7508 7412 7411
f 7411 7507 7508
f 7604 7508 7507
f 7507 7603 7604
f 7700 7604 7603
f 7603 7699 7700
f 7796 7700 7699
f 7699 7795 7796
f 7892 7796 7795
f 7795 7891 7892
f 7988 7892 7891
f 7891 7987 7988
f 8084 7988 7987
f 7987 8083 8084
f 8180 8084 8083
f 8083 8179 8180
f 8276 8180 8179
f 8179 8275 8276
f 8372 8276 8275
f 8275 8371 8372
f 8468 8372 8371
f 8371 8467 8468
f 8564 8468 8467
f 8467 8563 8564
f 8660 8564 8563
f 8563 8659 8660
f 8756 8660 8659
f 8659 8755 8756
f 8852 8756 8755
f 8755 8851 8852
f 8948 8852 8851
f 8851 8947 8948
f 9044 8948 8947
f 8947 9043 9044
f 9140 9044 9043
f 9043 9139 9140
f 9236 9140 9139
f 9139 9235 9236
f 9332 9236 9235
f 9235 9331 9332
f 9428 9332 9331
f 9331 9427 9428
f 9524 9428 9427
f 9427 9523 9524
f 9620 9524 9523
f 9523 9619 9620
f 9716 9620 9619
f 9619 9715 9716
f 9812 9716 9715
f 9715 9811 9812
f 9908 9812 9811
f 9811 9907 9908
f 10004 9908 9907
f 9907 10003 10004
f 10100 10004 10003
f 10003 10099 10100
f 10196 10100 10099
f 10099 10195 10196
f 10292 10196 10195
f 10195 10291 10292
f 10388 10292 10291
f 10291 10387 10388
f 10484 10388 10387
f 10387 10483 10484
f 10580 10484 10483
f 10483 10579 10580
f 10676 10580 10579
f 10579 10675 10676
f 10772 10676 10675
f 10675 10771 10772
f 10868 10772 10771
f 10771 10867 10868
f 10964 10868 10867
f 10867 10963 10964
f 11060 10964 10963
f 10963 11059 11060
f 11156 11060 11059
f 11059 11155 11156
f 11252 11156 11155
f 11155 11251 11252
f 11348 11252 11251
f 11251 11347 11348
f 11444 11348 11347
f 11347 11443 11444
f 11540 11444 11443
f 11443 11539 11540
f 11636 11540 11539
f 11539 11635 11636
f 11732 11636 11635
f 11635 11731 11732
f 11828 11732 11731
f 11731 11827 11828
f 11924 11828 11827
f 11827 11923 11924
f 12020 11924 11923
f 11923 12019 12020
f 12116 12020 12019
f 12019 12115 12116
f 12212 12116 12115
f 12115 12211 12212
f 12308 12212 12211
f 12211 12307 12308
f 12404 12308 12307
f 12307 12403 12404
f 12500 12404 12403
f 12403 12499 12500
f 12596 12500 12499
f 12499 12595 12596
f 12692 12596 12595
f 12595 12691 12692
f 12788 12692 12691
f 12691 12787 12788
f 12884 12788 12787
f 12787 12883 12884
f 12980 12884 12883
f 12883 12979 12980
f 13076 12980 12979
f 12979 13075 13076
f 13172 13076 13075
f 13075 13171 13172
f 13268 13172 13171
f 13171 13267 13268
f 13364 13268 13267
f 13267 13363 13364
f 13460 13364 13363
f 13363 13459 13460
f 13556 13460 13459
f 13459 13555 13556
f 13652 13556 13555
f 13555 13651 13652
f 13748 13652 13651
f 13651 13747 13748
f 13844 13748 13747
f 13747 13843 13844
f 13940 13844 13843
f 13843 13939 13940
f 14036 13940 13939
f 13939 14035 14036
f 14132 14036 14035
f 14035 14131 14132
f 5109 5013 5012
f 5012 5108 5109
f 5205 5109 5108
f 5108 5204 5205
f 5301 5205 5204
f 5204 5300 5301
f 5397 5301 5300
f 5300 5396 5397
f 5493 5397 5396
f 5396 5492 5493
f 5589 5493 5492
f 5492 5588 5589
f 5685 5589 5588
f 5588 5684 5685
f 5781 5685 5684
f 5684 5780 5781
f 5877 5781 5780
f 5780 5876 5877
f 5973 5877 5876
f 5876 5972 5973
f 6069 5973 5972
f 5972 6068 6069
f 6165 6069 6068
f 6068 6164 6165
f 6261 6165 6164
f 6164 6260 6261
f 6357 6261 6260
f 6260 6356 6357
f 6453 6357 6356
f 6356 6452 6453
f 6549 6453 6452
f 6452 6548 6549
f 6645 6549 6548
f 6548 6644 6645
f 6741 6645 6644
f 6644 6740 6741
f 6837 6741 6740
f 6740 6836 6837
f 6933 6837 6836
f 6836 6932 6933
f 7029 6933 6932
f 6932 7028 7029
f 7125 7029 7028
f 7028 7124 7125
f 7221 7125 7124
f 7124 7220 7221
f 7317 7221 7220
f 7220 7316 7317
f 7413 7317 7316
f 7316 7412 7413
f 7509 7413 7412
f 7412 7508 7509
f 7605 7509 7508
f 7508 7604 7605
f 7701 7605 7604
f 7604 7700 7701
f 7797 7701 7700
f 7700 7796 7797
f 7893 7797 7796
f 7796 7892 7893
f 7989 7893 7892
f 7892 7988 7989
f 8085 7989 7988
f 7988 8084 8085
f 8181 8085 8084
f 8084 8180 8181
f 8277 8181 8180
f 8180 8276 8277
f 8373 8277 8276
f 8276 8372 8373
f 8469 8373 8372
f 8372 8468 8469
f 8565 8469 8468
f 8468 8564 8565
f 8661 8565 8564
f 8564 8660 8661
f 8757 8661 8660
f 8660 8756 8757
f 8853 8757 8756
f 8756 8852 8853
f 8949 8853 8852
f 8852 8948 8949
f 9045 8949 8948
f 8948 9044 9045
f 9141 9045 9044
f 9044 9140 9141
f 9237 9141 9140
f 9140 9236 9237
f 9333 9237 9236
f 9236 9332 9333
f 9429 9333 9332
f 9332 9428 9429
f 9525 9429 9428
f 9428 9524 9525
f 9621 9525 9524
f 9524 9620 9621
f 9717 9621 9620
f 9620 9716 9717
f 9813 9717 9716
f 9716 9812 9813
f 9909 9813 9812
f 9812 9908 9909
f 10005 9909 9908
f 9908 10004 10005
f 10101 10005 10004
f 10004 10100 10101
f 10197 10101 10100
f 10100 10196 10197
f 10293 10197 10196
f 10196 10292 10293
f 10389 10293 10292
f 10292 10388 10389
f 10485 10389 10388
f 10388 10484 10485
f 10581 10485 10484
f 10484 10580 10581
f 10677 10581 10580
f 10580 10676 10677
f 10773 10677 10676
f 10676 10772 10773
f 10869 10773 10772
f 10772 10868 10869
f 10965 10869 10868
f 10868 10964 10965
f 11061 10965 10964
f 10964 11060 11061
f 11157 11061 11060
f 11060 11156 11157
f 11253 11157 11156
f 11156 11252 11253
f 11349 11253 11252
f 11252 11348 11349
f 11445 11349 11348
f 11348 11444 11445
f 11541 11445 11444
f 11444 11540 11541
f 11637 11541 11540
f 11540 11636 11637
f 11733 11637 11636
f 11636 11732 11733
f 11829 11733 11732
f 11732 11828 11829
f 11925 11829 11828
f 11828 11924 11925
f 12021 11925 11924
f 11924 12020 12021
f 12117 12021 12020
f 12020 12116 12117
f 12213 12117 12116
f 12116 12212 12213
f 12309 12213 12212
f 12212 12308 12309
f 12405 12309 12308
f 12308 12404 12405
f 12501 12405 12404
f 12404 12500 12501
f 12597 12501 12500
f 12500 12596 12597
f 12693 12597 12596
f 12596 12692 12693
f 12789 12693 12692
f 12692 12788 12789
f 12885 12789 12788
f 12788 12884 12885
f 12981 12885 12884
f 12884 12980 12981
f 13077 12981 12980
f 12980 13076 13077
f 13173 13077 13076
f 13076 13172 13173
f 13269 13173 13172
f 13172 13268 13269
f 13365 13269 13268
f 13268 13364 13365
f 13461 13365 13364
f 13364 13460 13461
f 13557 13461 13460
f 13460 13556 13557
f 13653 13557 13556
f 13556 13652 13653
f 13749 13653 13652
f 13652 13748 13749
f 13845 13749 13748
f 13748 13844 13845
f 13941 13845 13844
f 13844 13940 13941
f 14037 13941 13940
f 13940 14036 14037
f 14133 14037 14036
f 14036 14132 14133
f 5110 5014 5013
f 5013 5109 5110
f 5206 5110 5109
f 5109 5205 5206
f 5302 5206 5205
f 5205 5301 5302
f 5398 5302 5301
f 5301 5397 5398
f 5494 5398 5397
f 5397 5493 5494
f 5590 5494 5493
f 5493 5589 5590
f 5686 5590 5589
f 5589 5685 5686
f 5782 5686 5685
f 5685 5781 5782
f 5878 5782 5781
f 5781 5877 5878
f 5974 5878 5877
f 5877 5973 5974
f 6070 5974 5973
f 5973 6069 6070
f 6166 6070 6069
f 6069 6165 6166
f 6262 6166 6165
f 6165 6261 6262
f 6358 6262 6261
f 6261 6357 6358
f 6454 6358 6357
f 6357 6453 6454
f 6550 6454 6453
f 6453 6549 6550
f 6646 6550 6549
f 6549 6645 6646
f 6742 6646 6645
f 6645 6741 6742
f 6838 6742 6741
f 6741 6837 6838
f 6934 6838 6837
f 6837 6933 6934
f 7030 6934 6933
f 6933 7029 7030
f 7126 7030 7029
f 7029 7125 7126
f 7222 7126 7125
f 7125 7221 7222
f 7318 7222 7221
f 7221 7317 7318
f 7414 7318 7317
f 7317 7413 7414
f 7510 7414 7413
f 7413 7509 7510
f 7606 7510 7509
f 7509 7605 7606
f 7702 7606 7605
f 7605 7701 7702
f 7798 7702 7701
f 7701 7797 7798
f 7894 7798 7797
f 7797 7893 7894
f 7990 7894 7893
f 7893 7989 7990
f 8086 7990 7989
f 7989 8085 8086
f 8182 8086 8085
f 8085 8181 8182
f 8278 8182 8181
f 8181 8277 8278
f 8374 8278 8277
f 8277 8373 8374
f 8470 8374 8373
f 8373 8469 8470
f 8566 8470 8469
f 8469 8565 8566
f 8662 8566 8565
f 8565 8661 8662
f 8758 8662 8661
f 8661 8757 8758
f 8854 8758 8757
f 8757 8853 8854
f 8950 8854 8853
f 8853 8949 8950
f 9046 8950 8949
f 8949 9045 9046
f 9142 9046 9045
f 9045 9141 9142
f 9238 9142 9141
f 9141 9237 9238
f 9334 9238 9237
f 9237 9333 9334
f 9430 9334 9333
f 9333 9429 9430
f 9526 9430 9429
f 9429 9525 9526
f 9622 9526 9525
f 9525 9621 9622
f 9718 9622 9621
f 9621 9717 9718
f 9814 9718 9717
f 9717 9813 9814
f 9910 9814 9813
f 9813 9909 9910
f 10006 9910 9909
f 9909 10005 10006
f 10102 10006 10005
f 10005 10101 10102
f 10198 10102 10101
f 10101 10197 10198
f 10294 10198 10197
f 10197 10293 10294
f 10390 10294 10293
f 10293 10389 10390
f 10486 10390 10389
f 10389 10485 10486
f 10582 10486 10485
f 10485 10581 10582
f 10678 10582 10581
f 10581 10677 10678
f 10774 10678 10677
f 10677 10773 10774
f 10870 10774 10773
f 10773 10869 10870
f 10966 10870 10869
f 10869 10965 10966
f 11062 10966 10965
f 10965 11061 11062
f 11158 11062 11061
f 11061 11157 11158
f 11254 11158 11157
f 11157 11253 11254
f 11350 11254 11253
f 11253 11349 11350
f 11446 11350 11349
f 11349 11445 11446
f 11542 11446 11445
f 11445 11541 11542
f 11638 11542 11541
f 11541 11637 11638
f 11734 11638 11637
f 11637 11733 11734
f 11830 11734 11733
f 11733 11829 11830
f 11926 11830 11829
f 11829 11925 11926
f 12022 11926 11925
f 11925 12021 12022
f 12118 12022 12021
f 12021 12117 12118
f 12214 12118 12117
f 12117 12213 12214
f 12310 12214 12213
f 12213 12309 12310
f 12406 12310 12309
f 12309 12405 12406
f 12502 12406 12405
f 12405 12501 12502
f 12598 12502 12501
f 12501 12597 12598
f 12694 12598 12597
f 12597 12693 12694
f 12790 12694 12693
f 12693 12789 12790
f 12886 12790 12789
f 12789 12885 12886
f 12982 12886 12885
f 12885 12981 12982
f 13078 12982 12981
f 12981 13077 13078
f 13174 13078 13077
f 13077 13173 13174
f 13270 13174 13173
f 13173 13269 13270
f 13366 13270 13269
f 13269 13365 13366
f 13462 13366 13365
f 13365 13461 13462
f 13558 13462 13461
f 13461 13557 13558
f 13654 13558 13557
f 13557 13653 13654
f 13750 13654 13653
f 13653 13749 13750
f 13846 13750 13749
f 13749 13845 13846
f 13942 13846 13845
f 13845 13941 13942
f 14038 13942 13941
f 13941 14037 14038
f 14134 14038 14037
f 14037 14133 14134
f 5111 5015 5014
f 5014 5110 5111
f 5207 5111 5110
f 5110 5206 5207
f 5303 5207 5206
f 5206 5302 5303
f 5399 5303 5302
f 5302 5398 5399
f 5495 5399 5398
f 5398 5494 5495
f 5591 5495 5494
f 5494 5590 5591
f 5687 5591 5590
f 5590 5686 5687
f 5783 5687 5686
f 5686 5782 5783
f 5879 5783 5782
f 5782 5878 5879
f 5975 5879 5878
f 5878 5974 5975
f 6071 5975 5974
f 5974 6070 6071
f 6167 6071 6070
f 6070 6166 6167
f 6263 6167 6166
f 6166 6262 6263
f 6359 6263 6262
f 6262 6358 6359
f 6455 6359 6358
f 6358 6454 6455
f 6551 6455 6454
f 6454 6550 6551
f 6647 6551 6550
f 6550 6646 6647
f 6743 6647 6646
f 6646 6742 6743
f 6839 6743 6742
f 6742 6838 6839
f 6935 6839 6838
f 6838 6934 6935
f 7031 6935 6934
f 6934 7030 7031
f 7127 7031 7030
f 7030 7126 7127
f 7223 7127 7126
f 7126 7222 7223
f 7319 7223 7222
f 7222 7318 7319
f 7415 7319 7318
f 7318 7414 7415
f 7511 7415 7414
f 7414 7510 7511
f 7607 7511 7510
f 7510 7606 7607
f 7703 7607 7606
f 7606 7702 7703
f 7799 7703 7702
f 7702 7798 7799
f 7895 7799 7798
f 7798 7894 7895
f 7991 7895 7894
f 7894 7990 7991
f 8087 7991 7990
f 7990 8086 8087
f 8183 8087 8086
f 8086 8182 8183
f 8279 8183 8182
f 8182 8278 8279
f 8375 8279 8278
f 8278 8374 8375
f 8471 8375 8374
f 8374 8470 8471
f 8567 8471 8470
f 8470 8566 8567
f 8663 8567 8566
f 8566 8662 8663
f 8759 8663 8662
f 8662 8758 8759
f 8855 8759 8758
f 8758 8854 8855
f 8951 8855 8854
f 8854 8950 8951
f 9047 8951 8950
f 8950 9046 9047
f 9143 9047 9046
f 9046 9142 9143
f 9239 9143 9142
f 9142 9238 9239
f 9335 9239 9238
f 9238 9334 9335
f 9431 9335 9334
f 9334 9430 9431
f 9527 9431 9430
f 9430 9526 9527
f 9623 9527 9526
f 9526 9622 9623
f 9719 9623 9622
f 9622 9718 9719
f 9815 9719 9718
f 9718 9814 9815
f 9911 9815 9814
f 9814 9910 9911
f 10007 9911 9910
f 9910 10006 10007
f 10103 10007 10006
f 10006 10102 10103
f 10199 10103 10102
f 10102 10198 10199
f 10295 10199 10198
f 10198 10294 10295
f 10391 10295 10294
f 10294 10390 10391
f 10487 10391 10390
f 10390 10486 10487
f 10583 10487 10486
f 10486 10582 10583
f 10679 10583 10582
f 10582 10678 10679
f 10775 10679 10678
f 10678 10774 10775
f 10871 10775 10774
f 10774 10870 10871
f 10967 10871 10870
f 10870 10966 10967
f 11063 10967 10966
f 10966 11062 11063
f 11159 11063 11062
f 11062 11158 11159
f 11255 11159 11158
f 11158 11254 11255
f 11351 11255 11254
f 11254 11350 11351
f 11447 11351 11350
f 11350 11446 11447
f 11543 11447 11446
f 11446 11542 11543
f 11639 11543 11542
f 11542 11638 11639
f 11735 11639 11638
f 11638 11734 11735
f 11831 11735 11734
f 11734 11830 11831
f 11927 11831 11830
f 11830 11926 11927
f 12023 11927 11926
f 11926 12022 12023
f 12119 12023 12022
f 12022 12118 12119
f 12215 12119 12118
f 12118 12214 12215
f 12311 12215 12214
f 12214 12310 12311
f 12407 12311 12310
f 12310 12406 12407
f 12503 12407 12406
f 12406 12502 12503
f 12599 12503 12502
f 12502 12598 12599
f 12695 12599 12598
f 12598 12694 12695
f 12791 12695 12694
f 12694 12790 12791
f 12887 12791 12790
f 12790 12886 12887
f 12983 12887 12886
f 12886 12982 12983
f 13079 12983 12982
f 12982 13078 13079
f 13175 13079 13078
f 13078 13174 13175
f 13271 13175 13174
f 13174 13270 13271
f 13367 13271 13270
f 13270 13366 13367
f 13463 13367 13366
f 13366 13462 13463
f 13559 13463 13462
f 13462 13558 13559
f 13655 13559 13558
f 13558 13654 13655
f 13751 13655 13654
f 13654 13750 13751
f 13847 13751 13750
f 13750 13846 13847
f 13943 13847 13846
f 13846 13942 13943
f 14039 13943 13942
f 13942 14038 14039
f 14135 14039 14038
f 14038 14134 14135
f 5112 5016 5015
f 5015 5111 5112
f 5208 5112 5111
f 5111 5207 5208
f 5304 5208 5207
f 5207 5303 5304
f 5400 5304 5303
f 5303 5399 5400
f 5496 5400 5399
f 5399 5495 5496
f 5592 5496 5495
f 5495 5591 5592
f 5688 5592 5591
f 5591 5687 5688
f 5784 5688 5687
f 5687 5783 5784
f 5880 5784 5783
f 5783 5879 5880
f 5976 5880 5879
f 5879 5975 5976
f 6072 5976 5975
f 5975 6071 6072
f 6168 6072 6071
f 6071 6167 6168
f 6264 6168 6167
f 6167 6263 6264
f 6360 6264 6263
f 6263 6359 6360
f 6456 6360 6359
f 6359 6455 6456
f 6552 6456 6455
f 6455 6551 6552
f 6648 6552 6551
f 6551 6647 6648
f 6744 6648 6647
f 6647 6743 6744
f 6840 6744 6743
f 6743 6839 6840
f 6936 6840 6839
f 6839 6935 6936
f 7032 6936 6935
f 6935 7031 7032
f 7128 7032 7031
f 7031 7127 7128
f 7224 7128 7127
f 7127 7223 7224
f 7320 7224 7223
f 7223 7319 7320
f 7416 7320 7319
f 7319 7415 7416
f 7512 7416 7415
f 7415 7511 7512
f 7608 7512 7511
f 7511 7607 7608
f 7704 7608 7607
f 7607 7703 7704
f 7800 7704 7703
f 7703 7799 7800
f 7896 7800 7799
f 7799 7895 7896
f 7992 7896 7895
f 7895 7991 7992
f 8088 7992 7991
f 7991 8087 8088
f 8184 8088 8087
f 8087 8183 8184
f 8280 8184 8183
f 8183 8279 8280
f 8376 8280 8279
f 8279 8375 8376
f 8472 8376 8375
f 8375 8471 8472
f 8568 8472 8471
f 8471 8567 8568
f 8664 8568 8567
f 8567 8663 8664
f 8760 8664 8663
f 8663 8759 8760
f 8856 8760 8759
f 8759 8855 8856
f 8952 8856 8855
f 8855 8951 8952
f 9048 8952 8951
f 8951 9047 9048
f 9144 9048 9047
f 9047 9143 9144
f 9240 9144 9143
f 9143 9239 9240
f 9336 9240 9239
f 9239 9335 9336
f 9432 9336 9335
f 9335 9431 9432
f 9528 9432 9431
f 9431 9527 9528
f 9624 9528 9527
f 9527 9623 9624
f 9720 9624 9623
f 9623 9719 9720
f 9816 9720 9719
f 9719 9815 9816
f 9912 9816 9815
f 9815 9911 9912
f 10008 9912 9911
f 9911 10007 10008
f 10104 10008 10007
f 10007 10103 10104
f 10200 10104 10103
f 10103 10199 10200
f 10296 10200 10199
f 10199 10295 10296
f 10392 10296 10295
f 10295 10391 10392
f 10488 10392 10391
f 10391 10487 10488
f 10584 10488 10487
f 10487 10583 10584
f 10680 10584 10583
f 10583 10679 10680
f 10776 10680 10679
f 10679 10775 10776
f 10872 10776 10775
f 10775 10871 10872
f 10968 10872 10871
f 10871 10967 10968
f 11064 10968 10967
f 10967 11063 11064
f 11160 11064 11063
f 11063 11159 11160
f 11256 11160 11159
f 11159 11255 11256
f 11352 11256 11255
f 11255 11351 11352
f 11448 11352 11351
f 11351 11447 11448
f 11544 11448 11447
f 11447 11543 11544
f 11640 11544 11543
f 11543 11639 11640
f 11736 11640 11639
f 11639 11735 11736
f 11832 11736 11735
f 11735 11831 11832
f 11928 11832 11831
f 11831 11927 11928
f 12024 11928 11927
f 11927 12023 12024
f 12120 12024 12023
f 12023 12119 12120
f 12216 12120 12119
f 12119 12215 12216
f 12312 12216 12215
f 12215 12311 12312
f 12408 12312 12311
f 12311 12407 12408
f 12504 12408 12407
f 12407 12503 12504
f 12600 12504 12503
f 12503 12599 12600
f 12696 12600 12599
f 12599 12695 12696
f 12792 12696 12695
f 12695 12791 12792
f 12888 12792 12791
f 12791 12887 12888
f 12984 12888 12887
f 12887 12983 12984
f 13080 12984 12983
f 12983 13079 13080
f 13176 13080 13079
f 13079 13175 13176
f 13272 13176 13175
f 13175 13271 13272
f 13368 13272 13271
f 13271 13367 13368
f 13464 13368 13367
f 13367 13463 13464
f 13560 13464 13463
f 13463 13559 13560
f 13656 13560 13559
f 13559 13655 13656
f 13752 13656 13655
f 13655 13751 13752
f 13848 13752 13751
f 13751 13847 13848
f 13944 13848 13847
f 13847 13943 13944
f 14040 13944 13943
f 13943 14039 14040
f 14136 14040 14039
f 14039 14135 14136
f 5113 5017 5016
f 5016 5112 5113
f 5209 5113 5112
f 5112 5208 5209
f 5305 5209 5208
f 5208 5304 5305
f 5401 5305 5304
f 5304 5400 5401
f 5497 5401 5400
f 5400 5496 5497
f 5593 5497 5496
f 5496 5592 5593
f 5689 5593 5592
f 5592 5688 5689
f 5785 5689 5688
f 5688 5784 5785
f 5881 5785 5784
f 5784 5880 5881
f 5977 5881 5880
f 5880 5976 5977
f 6073 5977 5976
f 5976 6072 6073
f 6169 6073 6072
f 6072 6168 6169
f 6265 6169 6168
f 6168 6264 6265
f 6361 6265 6264
f 6264 6360 6361
f 6457 6361 6360
f 6360 6456 6457
f 6553 6457 6456
f 6456 6552 6553
f 6649 6553 6552
f 6552 6648 6649
f 6745 6649 6648
f 6648 6744 6745
f 6841 6745 6744
f 6744 6840 6841
f 6937 6841 6840
f 6840 6936 6937
f 7033 6937 6936
f 6936 7032 7033
f 7129 7033 7032
f 7032 7128 7129
f 7225 7129 7128
f 7128 7224 7225
f 7321 7225 7224
f 7224 7320 7321
f 7417 7321 7320
f 7320 7416 7417
f 7513 7417 7416
f 7416 7512 7513
f 7609 7513 7512
f 7512 7608 7609
f 7705 7609 7608
f 7608 7704 7705
f 7801 7705 7704
f 7704 7800 7801
f 7897 7801 7800
f 7800 7896 7897
f 7993 7897 7896
f 7896 7992 7993
f 8089 7993 7992
f 7992 8088 8089
f 8185 8089 8088
f 8088 8184 8185
f 8281 8185 8184
f 8184 8280 8281
f 8377 8281 8280
f 8280 8376 8377
f 8473 8377 8376
f 8376 8472 8473
f 8569 8473 8472
f 8472 8568 8569
f 8665 8569 8568
f 8568 8664 8665
f 8761 8665 8664
f 8664 8760 8761
f 8857 8761 8760
f 8760 8856 8857
f 8953 8857 8856
f 8856 8952 8953
f 9049 8953 8952
f 8952 9048 9049
f 9145 9049 9048
f 9048 9144 9145
f 9241 9145 9144
f 9144 9240 9241
f 9337 9241 9240
f 9240 9336 9337
f 9433 9337 9336
f 9336 9432 9433
f 9529 9433 9432
f 9432 9528 9529
f 9625 9529 9528
f 9528 9624 9625
f 9721 9625 9624
f 9624 9720 9721
f 9817 9721 9720
f 9720 9816 9817
f 9913 9817 9816
f 9816 9912 9913
f 10009 9913 9912
f 9912 10008 10009
f 10105 10009 10008
f 10008 10104 10105
f 10201 10105 10104
f 10104 10200 10201
f 10297 10201 10200
f 10200 10296 10297
f 10393 10297 10296
f 10296 10392 10393
f 10489 10393 10392
f 10392 10488 10489
f 10585 10489 10488
f 10488 10584 10585
f 10681 10585 10584
f 10584 10680 10681
f 10777 10681 10680
f 10680 10776 10777
f 10873 10777 10776
f 10776 10872 10873
f 10969 10873 10872
f 10872 10968 10969
f 11065 10969 10968
f 10968 11064 11065
f 11161 11065 11064
f 11064 11160 11161
f 11257 11161 11160
f 11160 11256 11257
f 11353 11257 11256
f 11256 11352 11353
f 11449 11353 11352
f 11352 11448 11449
f 11545 11449 11448
f 11448 11544 11545
f 11641 11545 11544
f 11544 11640 11641
f 11737 11641 11640
f 11640 11736 11737
f 11833 11737 11736
f 11736 11832 11833
f 11929 11833 11832
f 11832 11928 11929
f 12025 11929 11928
f 11928 12024 12025
f 12121 12025 12024
f 12024 12120 12121
f 12217 12121 12120
f 12120 12216 12217
f 12313 12217 12216
f 12216 12312 12313
f 12409 12313 12312
f 12312 12408 12409
f 12505 12409 12408
f 12408 12504 12505
f 12601 12505 12504
f 12504 12600 12601
f 12697 12601 12600
f 12600 12696 12697
f 12793 12697 12696
f 12696 12792 12793
f 12889 12793 12792
f 12792 12888 12889
f 12985 12889 12888
f 12888 12984 12985
f 13081 12985 12984
f 12984 13080 13081
f 13177 13081 13080
f 13080 13176 13177
f 13273 13177 13176
f 13176 13272 13273
f 13369 13273 13272
f 13272 13368 13369
f 13465 13369 13368
f 13368 13464 13465
f 13561 13465 13464
f 13464 13560 13561
f 13657 13561 13560
f 13560 13656 13657
f 13753 13657 13656
f 13656 13752 13753
f 13849 13753 13752
f 13752 13848 13849
f 13945 13849 13848
f 13848 13944 13945
f 14041 13945 13944
f 13944 14040 14041
f 14137 14041 14040
f 14040 14136 14137
f 5114 5018 5017
f 5017 5113 5114
f 5210 5114 5113
f 5113 5209 5210
f 5306 5210 5209
f 5209 5305 5306
f 5402 5306 5305
f 5305 5401 5402
f 5498 5402 5401
f 5401 5497 5498
f 5594 5498 5497
f 5497 5593 5594
f 5690 5594 5593
f 5593 5689 5690
f 5786 5690 5689
f 5689 5785 5786
f 5882 5786 5785
f 5785 5881 5882
f 5978 5882 5881
f 5881 5977 5978
f 6074 5978 5977
f 5977 6073 6074
f 6170 6074 6073
f 6073 6169 6170
f 6266 6170 6169
f 6169 6265 6266
f 6362 6266 6265
f 6265 6361 6362
f 6458 6362 6361
f 6361 6457 6458
f 6554 6458 6457
f 6457 6553 6554
f 6650 6554 6553
f 6553 6649 6650
f 6746 6650 6649
f 6649 6745 6746
f 6842 6746 6745
f 6745 6841 6842
f 6938 6842 6841
f 6841 6937 6938
f 7034 6938 6937
f 6937 7033 7034
f 7130 7034 7033
f 7033 7129 7130
f 7226 7130 7129
f 7129 7225 7226
f 7322 7226 7225
f 7225 7321 7322
f 7418 7322 7321
f 7321 7417 7418
f 7514 7418 7417
f 7417 7513 7514
f 7610 7514 7513
f 7513 7609 7610
f 7706 7610 7609
f 7609 7705 7706
f 7802 7706 7705
f 7705 7801 7802
f 7898 7802 7801
f 7801 7897 7898
f 7994 7898 7897
f 7897 7993 7994
f 8090 7994 7993
f 7993 8089 8090
f 8186 8090 8089
f 8089 8185 8186
f 8282 8186 8185
f 8185 8281 8282
f 8378 8282 8281
f 8281 8377 8378
f 8474 8378 8377
f 8377 8473 8474
f 8570 8474 8473
f 8473 8569 8570
f 8666 8570 8569
f 8569 8665 8666
f 8762 8666 8665
f 8665 8761 8762
f 8858 8762 8761
f 8761 8857 8858
f 8954 8858 8857
f 8857 8953 8954
f 9050 8954 8953
f 8953 9049 9050
f 9146 9050 9049
f 9049 9145 9146
f 9242 9146 9145
f 9145 9241 9242
f 9338 9242 9241
f 9241 9337 9338
f 9434 9338 9337
f 9337 9433 9434
f 9530 9434 9433
f 9433 9529 9530
f 9626 9530 9529
f 9529 9625 9626
f 9722 9626 9625
f 9625 9721 9722
f 9818 9722 9721
f 9721 9817 9818
f 9914 9818 9817
f 9817 9913 9914
f 10010 9914 9913
f 9913 10009 10010
f 10106 10010 10009
f 10009 10105 10106
f 10202 10106 10105
f 10105 10201 10202
f 10298 10202 10201
f 10201 10297 10298
f 10394 10298 10297
f 10297 10393 10394
f 10490 10394 10393
f 10393 10489 10490
f 10586 10490 10489
f 10489 10585 10586
f 10682 10586 10585
f 10585 10681 10682
f 10778 10682 10681
f 10681 10777 10778
f 10874 10778 10777
f 10777 10873 10874
f 10970 10874 10873
f 10873 10969 10970
f 11066 10970 10969
f 10969 11065 11066
f 11162 11066 11065
f 11065 11161 11162
f 11258 11162 11161
f 11161 11257 11258
f 11354 11258 11257
f 11257 11353 11354
f 11450 11354 11353
f 11353 11449 11450
f 11546 11450 11449
f 11449 11545 11546
f 11642 11546 11545
f 11545 11641 11642
f 11738 11642 11641
f 11641 11737 11738
f 11834 11738 11737
f 11737 11833 11834
f 11930 11834 11833
f 11833 11929 11930
f 12026 11930 11929
f 11929 12025 12026
f 12122 12026 12025
f 12025 12121 12122
f 12218 12122 12121
f 12121 12217 12218
f 12314 12218 12217
f 12217 12313 12314
f 12410 12314 12313
f 12313 12409 12410
f 12506 12410 12409
f 12409 12505 12506
f 12602 12506 12505
f 12505 12601 12602
f 12698 12602 12601
f 12601 12697 12698
f 12794 12698 12697
f 12697 12793 12794
f 12890 12794 12793
f 12793 12889 12890
f 12986 12890 12889
f 12889 12985 12986
f 13082 12986 12985
f 12985 13081 13082
f 13178 13082 13081
f 13081 13177 13178
f 13274 13178 13177
f 13177 13273 13274
f 13370 13274 13273
f 13273 13369 13370
f 13466 13370 13369
f 13369 13465 13466
f 13562 13466 13465
f 13465 13561 13562
f 13658 13562 13561
f 13561 13657 13658
f 13754 13658 13657
f 13657 13753 13754
f 13850 13754 13753
f 13753 13849 13850
f 13946 13850 13849
f 13849 13945 13946
f 14042 13946 13945
f 13945 14041 14042
f 14138 14042 14041
f 14041 14137 14138
f 5115 5019 5018
f 5018 5114 5115
f 5211 5115 5114
f 5114 5210 5211
f 5307 5211 5210
f 5210 5306 5307
f 5403 5307 5306
f 5306 5402 5403
f 5499 5403 5402
f 5402 5498 5499
f 5595 5499 5498
f 5498 5594 5595
f 5691 5595 5594
f 5594 5690 5691
f 5787 5691 5690
f 5690 5786 5787
f 5883 5787 5786
f 5786 5882 5883
f 5979 5883 5882
f 5882 5978 5979
f 6075 5979 5978
f 5978 6074 6075
f 6171 6075 6074
f 6074 6170 6171
f 6267 6171 6170
f 6170 6266 6267
f 6363 6267 6266
f 6266 6362 6363
f 6459 6363 6362
f 6362 6458 6459
f 6555 6459 6458
f 6458 6554 6555
f 6651 6555 6554
f 6554 6650 6651
f 6747 6651 6650
f 6650 6746 6747
f 6843 6747 6746
f 6746 6842 6843
f 6939 6843 6842
f 6842 6938 6939
f 7035 6939 6938
f 6938 7034 7035
f 7131 7035 7034
f 7034 7130 7131
f 7227 7131 7130
f 7130 7226 7227
f 7323 7227 7226
f 7226 7322 7323
f 7419 7323 7322
f 7322 7418 7419
f 7515 7419 7418
f 7418 7514 7515
f 7611 7515 7514
f 7514 7610 7611
f 7707 7611 7610
f 7610 7706 7707
f 7803 7707 7706
f 7706 7802 7803
f 7899 7803 7802
f 7802 7898 7899
f 7995 7899 7898
f 7898 7994 7995
f 8091 7995 7994
f 7994 8090 8091
f 8187 8091 8090
f 8090 8186 8187
f 8283 8187 8186
f 8186 8282 8283
f 8379 8283 8282
f 8282 8378 8379
f 8475 8379 8378
f 8378 8474 8475
f 8571 8475 8474
f 8474 8570 8571
f 8667 8571 8570
f 8570 8666 8667
f 8763 8667 8666
f 8666 8762 8763
f 8859 8763 8762
f 8762 8858 8859
f 8955 8859 8858
f 8858 8954 8955
f 9051 8955 8954
f 8954 9050 9051
f 9147 9051 9050
f 9050 9146 9147
f 9243 9147 9146
f 9146 9242 9243
f 9339 9243 9242
f 9242 9338 9339
f 9435 9339 9338
f 9338 9434 9435
f 9531 9435 9434
f 9434 9530 9531
f 9627 9531 9530
f 9530 9626 9627
f 9723 9627 9626
f 9626 9722 9723
f 9819 9723 9722
f 9722 9818 9819
f 9915 9819 9818
f 9818 9914 9915
f 10011 9915 9914
f 9914 10010 10011
f 10107 10011 10010
f 10010 10106 10107
f 10203 10107 10106
f 10106 10202 10203
f 10299 10203 10202
f 10202 10298 10299
f 10395 10299 10298
f 10298 10394 10395
f 10491 10395 10394
f 10394 10490 10491
f 10587 10491 10490
f 10490 10586 10587
f 10683 10587 10586
f 10586 10682 10683
f 10779 10683 10682
f 10682 10778 10779
f 10875 10779 10778
f 10778 10874 10875
f 10971 10875 10874
f 10874 10970 10971
f 11067 10971 10970
f 10970 11066 11067
f 11163 11067 11066
f 11066 11162 11163
f 11259 11163 11162
f 11162 11258 11259
f 11355 11259 11258
f 11258 11354 11355
f 11451 11355 11354
f 11354 11450 11451
f 11547 11451 11450
f 11450 11546 11547
f 11643 11547 11546
f 11546 11642 11643
f 11739 11643 11642
f 11642 11738 11739
f 11835 11739 11738
f 11738 11834 11835
f 11931 11835 11834
f 11834 11930 11931
f 12027 11931 11930
f 11930 12026 12027
f 12123 12027 12026
f 12026 12122 12123
f 12219 12123 12122
f 12122 12218 12219
f 12315 12219 12218
f 12218 12314 12315
f 12411 12315 12314
f 12314 12410 12411
f 12507 12411 12410
f 12410 12506 12507
f 12603 12507 12506
f 12506 12602 12603
f 12699 12603 12602
f 12602 12698 12699
f 12795 12699 12698
f 12698 12794 12795
f 12891 12795 12794
f 12794 12890 12891
f 12987 12891 12890
f 12890 12986 12987
f 13083 12987 12986
f 12986 13082 13083
f 13179 13083 13082
f 13082 13178 13179
f 13275 13179 13178
f 13178 13274 13275
f 13371 13275 13274
f 13274 13370 13371
f 13467 13371 13370
f 13370 13466 13467
f 13563 13467 13466
f 13466 13562 13563
f 13659 13563 13562
f 13562 13658 13659
f 13755 13659 13658
f 13658 13754 13755
f 13851 13755 13754
f 13754 13850 13851
f 13947 13851 13850
f 13850 13946 13947
f 14043 13947 13946
f 13946 14042 14043
f 14139 14043 14042
f 14042 14138 14139
f 5116 5020 5019
f 5019 5115 5116
f 5212 5116 5115
f 5115 5211 5212
f 5308 5212 5211
f 5211 5307 5308
f 5404 5308 5307
f 5307 5403 5404
f 5500 5404 5403
f 5403 5499 5500
f 5596 5500 5499
f 5499 5595 5596
f 5692 5596 5595
f 5595 5691 5692
f 5788 5692 5691
f 5691 5787 5788
f 5884 5788 5787
f 5787 5883 5884
f 5980 5884 5883
f 5883 5979 5980
f 6076 5980 5979
f 5979 6075 6076
f 6172 6076 6075
f 6075 6171 6172
f 6268 6172 6171
f 6171 6267 6268
f 6364 6268 6267
f 6267 6363 6364
f 6460 6364 6363
f 6363 6459 6460
f 6556 6460 6459
f 6459 6555 6556
f 6652 6556 6555
f 6555 6651 6652
f 6748 6652 6651
f 6651 6747 6748
f 6844 6748 6747
f 6747 6843 6844
f 6940 6844 6843
f 6843 6939 6940
f 7036 6940 6939
f 6939 7035 7036
f 7132 7036 7035
f 7035 7131 7132
f 7228 7132 7131
f 7131 7227 7228
f 7324 7228 7227
f 7227 7323 7324
f 7420 7324 7323
f 7323 7419 7420
f 7516 7420 7419
f 7419 7515 7516
f 7612 7516 7515
f 7515 7611 7612
f 7708 7612 7611
f 7611 7707 7708
f 7804 7708 7707
f 7707 7803 7804
f 7900 7804 7803
f 7803 7899 7900
f 7996 7900 7899
f 7899 7995 7996
f 8092 7996 7995
f 7995 8091 8092
f 8188 8092 8091
f 8091 8187 8188
f 8284 8188 8187
f 8187 8283 8284
f 8380 8284 8283
f 8283 8379 8380
f 8476 8380 8379
f 8379 8475 8476
f 8572 8476 8475
f 8475 8571 8572
f 8668 8572 8571
f 8571 8667 8668
f 8764 8668 8667
f 8667 8763 8764
f 8860 8764 8763
f 8763 8859 8860
f 8956 8860 8859
f 8859 8955 8956
f 9052 8956 8955
f 8955 9051 9052
f 9148 9052 9051
f 9051 9147 9148
f 9244 9148 9147
f 9147 9243 9244
f 9340 9244 9243
f 9243 9339 9340
f 9436 9340 9339
f 9339 9435 9436
f 9532 9436 9435
f 9435 9531 9532
f 9628 9532 9531
f 9531 9627 9628
f 9724 9628 9627
f 9627 9723 9724
f 9820 9724 9723
f 9723 9819 9820
f 9916 9820 9819
f 9819 9915 9916
f 10012 9916 9915
f 9915 10011 10012
f 10108 10012 10011
f 10011 10107 10108
f 10204 10108 10107
f 10107 10203 10204
f 10300 10204 10203
f 10203 10299 10300
f 10396 10300 10299
f 10299 10395 10396
f 10492 10396 10395
f 10395 10491 10492
f 10588 10492 10491
f 10491 10587 10588
f 10684 10588 10587
f 10587 10683 10684
f 10780 10684 10683
f 10683 10779 10780
f 10876 10780 10779
f 10779 10875 10876
f 10972 10876 10875
f 10875 10971 10972
f 11068 10972 10971
f 10971 11067 11068
f 11164 11068 11067
f 11067 11163 11164
f 11260 11164 11163
f 11163 11259 11260
f 11356 11260 11259
f 11259 11355 11356
f 11452 11356 11355
f 11355 11451 11452
f 11548 11452 11451
f 11451 11547 11548
f 11644 11548 11547
f 11547 11643 11644
f 11740 11644 11643
f 11643 11739 11740
f 11836 11740 11739
f 11739 11835 11836
f 11932 11836 11835
f 11835 11931 11932
f 12028 11932 11931
f 11931 12027 12028
f 12124 12028 12027
f 12027 12123 12124
f 12220 12124 12123
f 12123 12219 12220
f 12316 12220 12219
f 12219 12315 12316
f 12412 12316 12315
f 12315 12411 12412
f 12508 12412 12411
f 12411 12507 12508
f 12604 12508 12507
f 12507 12603 12604
f 12700 12604 12603
f 12603 12699 12700
f 12796 12700 12699
f 12699 12795 12796
f 12892 12796 12795
f 12795 12891 12892
f 12988 12892 12891
f 12891 12987 12988
f 13084 12988 12987
f 12987 13083 13084
f 13180 13084 13083
f 13083 13179 13180
f 13276 13180 13179
f 13179 13275 13276
f 13372 13276 13275
f 13275 13371 13372
f 13468 13372 13371
f 13371 13467 13468
f 13564 13468 13467
f 13467 13563 13564
f 13660 13564 13563
f 13563 13659 13660
f 13756 13660 13659
f 13659 13755 13756
f 13852 13756 13755
f 13755 13851 13852
f 13948 13852 13851
f 13851 13947 13948
f 14044 13948 13947
f 13947 14043 14044
f 14140 14044 14043
f 14043 14139 14140
f 5117 5021 5020
f 5020 5116 5117
f 5213 5117 5116
f 5116 5212 5213
f 5309 5213 5212
f 5212 5308 5309
f 5405 5309 5308
f 5308 5404 5405
f 5501 5405 5404
f 5404 5500 5501
f 5597 5501 5500
f 5500 5596 5597
f 5693 5597 5596
f 5596 5692 5693
f 5789 5693 5692
f 5692 5788 5789
f 5885 5789 5788
f 5788 5884 5885
f 5981 5885 5884
f 5884 5980 5981
f 6077 5981 5980
f 5980 6076 6077
f 6173 6077 6076
f 6076 6172 6173
f 6269 6173 6172
f 6172 6268 6269
f 6365 6269 6268
f 6268 6364 6365
f 6461 6365 6364
f 6364 6460 6461
f 6557 6461 6460
f 6460 6556 6557
f 6653 6557 6556
f 6556 6652 6653
f 6749 6653 6652
f 6652 6748 6749
f 6845 6749 6748
f 6748 6844 6845
f 6941 6845 6844
f 6844 6940 6941
f 7037 6941 6940
f 6940 7036 7037
f 7133 7037 7036
f 7036 7132 7133
f 7229 7133 7132
f 7132 7228 7229
f 7325 7229 7228
f 7228 7324 7325
f 7421 7325 7324
f 7324 7420 7421
f 7517 7421 7420
f 7420 7516 7517
f 7613 7517 7516
f 7516 7612 7613
f 7709 7613 7612
f 7612 7708 7709
f 7805 7709 7708
f 7708 7804 7805
f 7901 7805 7804
f 7804 7900 7901
f 7997 7901 7900
f 7900 7996 7997
f 8093 7997 7996
f 7996 8092 8093
f 8189 8093 8092
f 8092 8188 8189
f 8285 8189 8188
f 8188 8284 8285
f 8381 8285 8284
f 8284 8380 8381
f 8477 8381 8380
f 8380 8476 8477
f 8573 8477 8476
f 8476 8572 8573
f 8669 8573 8572
f 8572 8668 8669
f 8765 8669 8668
f 8668 8764 8765
f 8861 8765 8764
f 8764 8860 8861
f 8957 8861 8860
f 8860 8956 8957
f 9053 8957 8956
f 8956 9052 9053
f 9149 9053 9052
f 9052 9148 9149
f 9245 9149 9148
f 9148 9244 9245
f 9341 9245 9244
f 9244 9340 9341
f 9437 9341 9340
f 9340 9436 9437
f 9533 9437 9436
f 9436 9532 9533
f 9629 9533 9532
f 9532 9628 9629
f 9725 9629 9628
f 9628 9724 9725
f 9821 9725 9724
f 9724 9820 9821
f 9917 9821 9820
f 9820 9916 9917
f 10013 9917 9916
f 9916 10012 10013
f 10109 10013 10012
f 10012 10108 10109
f 10205 10109 10108
f 10108 10204 10205
f 10301 10205 10204
f 10204 10300 10301
f 10397 10301 10300
f 10300 10396 10397
f 10493 10397 10396
f 10396 10492 10493
f 10589 10493 10492
f 10492 10588 10589
f 10685 10589 10588
f 10588 10684 10685
f 10781 10685 10684
f 10684 10780 10781
f 10877 10781 10780
f 10780 10876 10877
f 10973 10877 10876
f 10876 10972 10973
f 11069 10973 10972
f 10972 11068 11069
f 11165 11069 11068
f 11068 11164 11165
f 11261 11165 11164
f 11164 11260 11261
f 11357 11261 11260
f 11260 11356 11357
f 11453 11357 11356
f 11356 11452 11453
f 11549 11453 11452
f 11452 11548 11549
f 11645 11549 11548
f 11548 11644 11645
f 11741 11645 11644
f 11644 11740 11741
f 11837 11741 11740
f 11740 11836 11837
f 11933 11837 11836
f 11836 11932 11933
f 12029 11933 11932
f 11932 12028 12029
f 12125 12029 12028
f 12028 12124 12125
f 12221 12125 12124
f 12124 12220 12221
f 12317 12221 12220
f 12220 12316 12317
f 12413 12317 12316
f 12316 12412 12413
f 12509 12413 12412
f 12412 12508 12509
f 12605 12509 12508
f 12508 12604 12605
f 12701 12605 12604
f 12604 12700 12701
f 12797 12701 12700
f 12700 12796 12797
f 12893 12797 12796
f 12796 12892 12893
f 12989 12893 12892
f 12892 12988 12989
f 13085 12989 12988
f 12988 13084 13085
f 13181 13085 13084
f 13084 13180 13181
f 13277 13181 13180
f 13180 13276 13277
f 13373 13277 13276
f 13276 13372 13373
f 13469 13373 13372
f 13372 13468 13469
f 13565 13469 13468
f 13468 13564 13565
f 13661 13565 13564
f 13564 13660 13661
f 13757 13661 13660
f 13660 13756 13757
f 13853 13757 13756
f 13756 13852 13853
f 13949 13853 13852
f 13852 13948 13949
f 14045 13949 13948
f 13948 14044 14045
f 14141 14045 14044
f 14044 14140 14141
f 5118 5022 5021
f 5021 5117 5118
f 5214 5118 5117
f 5117 5213 5214
f 5310 5214 5213
f 5213 5309 5310
f 5406 5310 5309
f 5309 5405 5406
f 5502 5406 5405
f 5405 5501 5502
f 5598 5502 5501
f 5501 5597 5598
f 5694 5598 5597
f 5597 5693 5694
f 5790 5694 5693
f 5693 5789 5790
f 5886 5790 5789
f 5789 5885 5886
f 5982 5886 5885
f 5885 5981 5982
f 6078 5982 5981
f 5981 6077 6078
f 6174 6078 6077
f 6077 6173 6174
f 6270 6174 6173
f 6173 6269 6270
f 6366 6270 6269
f 6269 6365 6366
f 6462 6366 6365
f 6365 6461 6462
f 6558 6462 6461
f 6461 6557 6558
f 6654 6558 6557
f 6557 6653 6654
f 6750 6654 6653
f 6653 6749 6750
f 6846 6750 6749
f 6749 6845 6846
f 6942 6846 6845
f 6845 6941 6942
f 7038 6942 6941
f 6941 7037 7038
f 7134 7038 7037
f 7037 7133 7134
f 7230 7134 7133
f 7133 7229 7230
f 7326 7230 7229
f 7229 7325 7326
f 7422 7326 7325
f 7325 7421 7422
f 7518 7422 7421
f 7421 7517 7518
f 7614 7518 7517
f 7517 7613 7614
f 7710 7614 7613
f 7613 7709 7710
f 7806 7710 7709
f 7709 7805 7806
f 7902 7806 7805
f 7805 7901 7902
f 7998 7902 7901
f 7901 7997 7998
f 8094 7998 7997
f 7997 8093 8094
f 8190 8094 8093
f 8093 8189 8190
f 8286 8190 8189
f 8189 8285 8286
f 8382 8286 8285
f 8285 8381 8382
f 8478 8382 8381
f 8381 8477 8478
f 8574 8478 8477
f 8477 8573 8574
f 8670 8574 8573
f 8573 8669 8670
f 8766 8670 8669
f 8669 8765 8766
f 8862 8766 8765
f 8765 8861 8862
f 8958 8862 8861
f 8861 8957 8958
f 9054 8958 8957
f 8957 9053 9054
f 9150 9054 9053
f 9053 9149 9150
f 9246 9150 9149
f 9149 9245 9246
f 9342 9246 9245
f 9245 9341 9342
f 9438 9342 9341
f 9341 9437 9438
f 9534 9438 9437
f 9437 9533 9534
f 9630 9534 9533
f 9533 9629 9630
f 9726 9630 9629
f 9629 9725 9726
f 9822 9726 9725
f 9725 9821 9822
f 9918 9822 9821
f 9821 9917 9918
f 10014 9918 9917
f 9917 10013 10014
f 10110 10014 10013
f 10013 10109 10110
f 10206 10110 10109
f 10109 10205 10206
f 10302 10206 10205
f 10205 10301 10302
f 10398 10302 10301
f 10301 10397 10398
f 10494 10398 10397
f 10397 10493 10494
f 10590 10494 10493
f 10493 10589 10590
f 10686 10590 10589
f 10589 10685 10686
f 10782 10686 10685
f 10685 10781 10782
f 10878 10782 10781
f 10781 10877 10878
f 10974 10878 10877
f 10877 10973 10974
f 11070 10974 10973
f 10973 11069 11070
f 11166 11070 11069
f 11069 11165 11166
f 11262 11166 11165
f 11165 11261 11262
f 11358 11262 11261
f 11261 11357 11358
f 11454 11358 11357
f 11357 11453 11454
f 11550 11454 11453
f 11453 11549 11550
f 11646 11550 11549
f 11549 11645 11646
f 11742 11646 11645
f 11645 11741 11742
f 11838 11742 11741
f 11741 11837 11838
f 11934 11838 11837
f 11837 11933 11934
f 12030 11934 11933
f 11933 12029 12030
f 12126 12030 12029
f 12029 12125 12126
f 12222 12126 12125
f 12125 12221 12222
f 12318 12222 12221
f 12221 12317 12318
f 12414 12318 12317
f 12317 12413 12414
f 12510 12414 12413
f 12413 12509 12510
f 12606 12510 12509
f 12509 12605 12606
f 12702 12606 12605
f 12605 12701 12702
f 12798 12702 12701
f 12701 12797 12798
f 12894 12798 12797
f 12797 12893 12894
f 12990 12894 12893
f 12893 12989 12990
f 13086 12990 12989
f 12989 13085 13086
f 13182 13086 13085
f 13085 13181 13182
f 13278 13182 13181
f 13181 13277 13278
f 13374 13278 13277
f 13277 13373 13374
f 13470 13374 13373
f 13373 13469 13470
f 13566 13470 13469
f 13469 13565 13566
f 13662 13566 13565
f 13565 13661 13662
f 13758 13662 13661
f 13661 13757 13758
f 13854 13758 13757
f 13757 13853 13854
f 13950 13854 13853
f 13853 13949 13950
f 14046 13950 13949
f 13949 14045 14046
f 14142 14046 14045
f 14045 14141 14142
f 5119 5023 5022
f 5022 5118 5119
f 5215 5119 5118
f 5118 5214 5215
f 5311 5215 5214
f 5214 5310 5311
f 5407 5311 5310
f 5310 5406 5407
f 5503 5407 5406
f 5406 5502 5503
f 5599 5503 5502
f 5502 5598 5599
f 5695 5599 5598
f 5598 5694 5695
f 5791 5695 5694
f 5694 5790 5791
f 5887 5791 5790
f 5790 5886 5887
f 5983 5887 5886
f 5886 5982 5983
f 6079 5983 5982
f 5982 6078 6079
f 6175 6079 6078
f 6078 6174 6175
f 6271 6175 6174
f 6174 6270 6271
f 6367 6271 6270
f 6270 6366 6367
f 6463 6367 6366
f 6366 6462 6463
f 6559 6463 6462
f 6462 6558 6559
f 6655 6559 6558
f 6558 6654 6655
f 6751 6655 6654
f 6654 6750 6751
f 6847 6751 6750
f 6750 6846 6847
f 6943 6847 6846
f 6846 6942 6943
f 7039 6943 6942
f 6942 7038 7039
f 7135 7039 7038
f 7038 7134 7135
f 7231 7135 7134
f 7134 7230 7231
f 7327 7231 7230
f 7230 7326 7327
f 7423 7327 7326
f 7326 7422 7423
f 7519 7423 7422
f 7422 7518 7519
f 7615 7519 7518
f 7518 7614 7615
f 7711 7615 7614
f 7614 7710 7711
f 7807 7711 7710
f 7710 7806 7807
f 7903 7807 7806
f 7806 7902 7903
f 7999 7903 7902
f 7902 7998 7999
f 8095 7999 7998
f 7998 8094 8095
f 8191 8095 8094
f 8094 8190 8191
f 8287 8191 8190
f 8190 8286 8287
f 8383 8287 8286
f 8286 8382 8383
f 8479 8383 8382
f 8382 8478 8479
f 8575 8479 8478
f 8478 8574 8575
f 8671 8575 8574
f 8574 8670 8671
f 8767 8671 8670
f 8670 8766 8767
f 8863 8767 8766
f 8766 8862 8863
f 8959 8863 8862
f 8862 8958 8959
f 9055 8959 8958
f 8958 9054 9055
f 9151 9055 9054
f 9054 9150 9151
f 9247 9151 9150
f 9150 9246 9247
f 9343 9247 9246
f 9246 9342 9343
f 9439 9343 9342
f 9342 9438 9439
f 9535 9439 9438
f 9438 9534 9535
f 9631 9535 9534
f 9534 9630 9631
f 9727 9631 9630
f 9630 9726 9727
f 9823 9727 9726
f 9726 9822 9823
f 9919 9823 9822
f 9822 9918 9919
f 10015 9919 9918
f 9918 10014 10015
f 10111 10015 10014
f 10014 10110 10111
f 10207 10111 10110
f 10110 10206 10207
f 10303 10207 10206
f 10206 10302 10303
f 10399 10303 10302
f 10302 10398 10399
f 10495 10399 10398
f 10398 10494 10495
f 10591 10495 10494
f 10494 10590 10591
f 10687 10591 10590
f 10590 10686 10687
f 10783 10687 10686
f 10686 10782 10783
f 10879 10783 10782
f 10782 10878 10879
f 10975 10879 10878
f 10878 10974 10975
f 11071 10975 10974
f 10974 11070 11071
f 11167 11071 11070
f 11070 11166 11167
f 11263 11167 11166
f 11166 11262 11263
f 11359 11263 11262
f 11262 11358 11359
f 11455 11359 11358
f 11358 11454 11455
f 11551 11455 11454
f 11454 11550 11551
f 11647 11551 11550
f 11550 11646 11647
f 11743 11647 11646
f 11646 11742 11743
f 11839 11743 11742
f 11742 11838 11839
f 11935 11839 11838
f 11838 11934 11935
f 12031 11935 11934
f 11934 12030 12031
f 12127 12031 12030
f 12030 12126 12127
f 12223 12127 12126
f 12126 12222 12223
f 12319 12223 12222
f 12222 12318 12319
f 12415 12319 12318
f 12318 12414 12415
f 12511 12415 12414
f 12414 12510 12511
f 12607 12511 12510
f 12510 12606 12607
f 12703 12607 12606
f 12606 12702 12703
f 12799 12703 12702
f 12702 12798 12799
f 12895 12799 12798
f 12798 12894 12895
f 12991 12895 12894
f 12894 12990 12991
f 13087 12991 12990
f 12990 13086 13087
f 13183 13087 13086
f 13086 13182 13183
f 13279 13183 13182
f 13182 13278 13279
f 13375 13279 13278
f 13278 13374 13375
f 13471 13375 13374
f 13374 13470 13471
f 13567 13471 13470
f 13470 13566 13567
f 13663 13567 13566
f 13566 13662 13663
f 13759 13663 13662
f 13662 13758 13759
f 13855 13759 13758
f 13758 13854 13855
f 13951 13855 13854
f 13854 13950 13951
f 14047 13951 13950
f 13950 14046 14047
f 14143 14047 14046
f 14046 14142 14143
f 5120 5024 5023
f 5023 5119 5120
f 5216 5120 5119
f 5119 5215 5216
f 5312 5216 5215
f 5215 5311 5312
f 5408 5312 5311
f 5311 5407 5408
f 5504 5408 5407
f 5407 5503 5504
f 5600 5504 5503
f 5503 5599 5600
f 5696 5600 5599
f 5599 5695 5696
f 5792 5696 5695
f 5695 5791 5792
f 5888 5792 5791
f 5791 5887 5888
f 5984 5888 5887
f 5887 5983 5984
f 6080 5984 5983
f 5983 6079 6080
f 6176 6080 6079
f 6079 6175 6176
f 6272 6176 6175
f 6175 6271 6272
f 6368 6272 6271
f 6271 6367 6368
f 6464 6368 6367
f 6367 6463 6464
f 6560 6464 6463
f 6463 6559 6560
f 6656 6560 6559
f 6559 6655 6656
f 6752 6656 6655
f 6655 6751 6752
f 6848 6752 6751
f 6751 6847 6848
f 6944 6848 6847
f 6847 6943 6944
f 7040 6944 6943
f 6943 7039 7040
f 7136 7040 7039
f 7039 7135 7136
f 7232 7136 7135
f 7135 7231 7232
f 7328 7232 7231
f 7231 7327 7328
f 7424 7328 7327
f 7327 7423 7424
f 7520 7424 7423
f 7423 7519 7520
f 7616 7520 7519
f 7519 7615 7616
f 7712 7616 7615
f 7615 7711 7712
f 7808 7712 7711
f 7711 7807 7808
f 7904 7808 7807
f 7807 7903 7904
f 8000 7904 7903
f 7903 7999 8000
f 8096 8000 7999
f 7999 8095 8096
f 8192 8096 8095
f 8095 8191 8192
f 8288 8192 8191
f 8191 8287 8288
f 8384 8288 8287
f 8287 8383 8384
f 8480 8384 8383
f 8383 8479 8480
f 8576 8480 8479
f 8479 8575 8576
f 8672 8576 8575
f 8575 8671 8672
f 8768 8672 8671
f 8671 8767 8768
f 8864 8768 8767
f 8767 8863 8864
f 8960 8864 8863
f 8863 8959 8960
f 9056 8960 8959
f 8959 9055 9056
f 9152 9056 9055
f 9055 9151 9152
f 9248 9152 9151
f 9151 9247 9248
f 9344 9248 9247
f 9247 9343 9344
f 9440 9344 9343
f 9343 9439 9440
f 9536 9440 9439
f 9439 9535 9536
f 9632 9536 9535
f 9535 9631 9632
f 9728 9632 9631
f 9631 9727 9728
f 9824 9728 9727
f 9727 9823 9824
f 9920 9824 9823
f 9823 9919 9920
f 10016 9920 9919
f 9919 10015 10016
f 10112 10016 10015
f 10015 10111 10112
f 10208 10112 10111
f 10111 10207 10208
f 10304 10208 10207
f 10207 10303 10304
f 10400 10304 10303
f 10303 10399 10400
f 10496 10400 10399
f 10399 10495 10496
f 10592 10496 10495
f 10495 10591 10592
f 10688 10592 10591
f 10591 10687 10688
f 10784 10688 10687
f 10687 10783 10784
f 10880 10784 10783
f 10783 10879 10880
f 10976 10880 10879
f 10879 10975 10976
f 11072 10976 10975
f 10975 11071 11072
f 11168 11072 11071
f 11071 11167 11168
f 11264 11168 11167
f 11167 11263 11264
f 11360 11264 11263
f 11263 11359 11360
f 11456 11360 11359
f 11359 11455 11456
f 11552 11456 11455
f 11455 11551 11552
f 11648 11552 11551
f 11551 11647 11648
f 11744 11648 11647
f 11647 11743 11744
f 11840 11744 11743
f 11743 11839 11840
f 11936 11840 11839
f 11839 11935 11936
f 12032 11936 11935
f 11935 12031 12032
f 12128 12032 12031
f 12031 12127 12128
f 12224 12128 12127
f 12127 12223 12224
f 12320 12224 12223
f 12223 12319 12320
f 12416 12320 12319
f 12319 12415 12416
f 12512 12416 12415
f 12415 12511 12512
f 12608 12512 12511
f 12511 12607 12608
f 12704 12608 12607
f 12607 12703 12704
f 12800 12704 12703
f 12703 12799 12800
f 12896 12800 12799
f 12799 12895 12896
f 12992 12896 12895
f 12895 12991 12992
f 13088 12992 12991
f 12991 13087 13088
f 13184 13088 13087
f 13087 13183 13184
f 13280 13184 13183
f 13183 13279 13280
f 13376 13280 13279
f 13279 13375 13376
f 13472 13376 13375
f 13375 13471 13472
f 13568 13472 13471
f 13471 13567 13568
f 13664 13568 13567
f 13567 13663 13664
f 13760 13664 13663
f 13663 13759 13760
f 13856 13760 13759
f 13759 13855 13856
f 13952 13856 13855
f 13855 13951 13952
f 14048 13952 13951
f 13951 14047 14048
f 14144 14048 14047
f 14047 14143 14144
f 5121 5025 5024
f 5024 5120 5121
f 5217 5121 5120
f 5120 5216 5217
f 5313 5217 5216
f 5216 5312 5313
f 5409 5313 5312
f 5312 5408 5409
f 5505 5409 5408
f 5408 5504 5505
f 5601 5505 5504
f 5504 5600 5601
f 5697 5601 5600
f 5600 5696 5697
f 5793 5697 5696
f 5696 5792 5793
f 5889 5793 5792
f 5792 5888 5889
f 5985 5889 5888
f 5888 5984 5985
f 6081 5985 5984
f 5984 6080 6081
f 6177 6081 6080
f 6080 6176 6177
f 6273 6177 6176
f 6176 6272 6273
f 6369 6273 6272
f 6272 6368 6369
f 6465 6369 6368
f 6368 6464 6465
f 6561 6465 6464
f 6464 6560 6561
f 6657 6561 6560
f 6560 6656 6657
f 6753 6657 6656
f 6656 6752 6753
f 6849 6753 6752
f 6752 6848 6849
f 6945 6849 6848
f 6848 6944 6945
f 7041 6945 6944
f 6944 7040 7041
f 7137 7041 7040
f 7040 7136 7137
f 7233 7137 7136
f 7136 7232 7233
f 7329 7233 7232
f 7232 7328 7329
f 7425 7329 7328
f 7328 7424 7425
f 7521 7425 7424
f 7424 7520 7521
f 7617 7521 7520
f 7520 7616 7617
f 7713 7617 7616
f 7616 7712 7713
f 7809 7713 7712
f 7712 7808 7809
f 7905 7809 7808
f 7808 7904 7905
f 8001 7905 7904
f 7904 8000 8001
f 8097 8001 8000
f 8000 8096 8097
f 8193 8097 8096
f 8096 8192 8193
f 8289 8193 8192
f 8192 8288 8289
f 8385 8289 8288
f 8288 8384 8385
f 8481 8385 8384
f 8384 8480 8481
f 8577 8481 8480
f 8480 8576 8577
f 8673 8577 8576
f 8576 8672 8673
f 8769 8673 8672
f 8672 8768 8769
f 8865 8769 8768
f 8768 8864 8865
f 8961 8865 8864
f 8864 8960 8961
f 9057 8961 8960
f 8960 9056 9057
f 9153 9057 9056
f 9056 9152 9153
f 9249 9153 9152
f 9152 9248 9249
f 9345 9249 9248
f 9248 9344 9345
f 9441 9345 9344
f 9344 9440 9441
f 9537 9441 9440
f 9440 9536 9537
f 9633 9537 9536
f 9536 9632 9633
f 9729 9633 9632
f 9632 9728 9729
f 9825 9729 9728
f 9728 9824 9825
f 9921 9825 9824
f 9824 9920 9921
f 10017 9921 9920
f 9920 10016 10017
f 10113 10017 10016
f 10016 10112 10113
f 10209 10113 10112
f 10112 10208 10209
f 10305 10209 10208
f 10208 10304 10305
f 10401 10305 10304
f 10304 10400 10401
f 10497 10401 10400
f 10400 10496 10497
f 10593 10497 10496
f 10496 10592 10593
f 10689 10593 10592
f 10592 10688 10689
f 10785 10689 10688
f 10688 10784 10785
f 10881 10785 10784
f 10784 10880 10881
f 10977 10881 10880
f 10880 10976 10977
f 11073 10977 10976
f 10976 11072 11073
f 11169 11073 11072
f 11072 11168 11169
f 11265 11169 11168
f 11168 11264 11265
f 11361 11265 11264
f 11264 11360 11361
f 11457 11361 11360
f 11360 11456 11457
f 11553 11457 11456
f 11456 11552 11553
f 11649 11553 11552
f 11552 11648 11649
f 11745 11649 11648
f 11648 11744 11745
f 11841 11745 11744
f 11744 11840 11841
f 11937 11841 11840
f 11840 11936 11937
f 12033 11937 11936
f 11936 12032 12033
f 12129 12033 12032
f 12032 12128 12129
f 12225 12129 12128
f 12128 12224 12225
f 12321 12225 12224
f 12224 12320 12321
f 12417 12321 12320
f 12320 12416 12417
f 12513 12417 12416
f 12416 12512 12513
f 12609 12513 12512
f 12512 12608 12609
f 12705 12609 12608
f 12608 12704 12705
f 12801 12705 12704
f 12704 12800 12801
f 12897 12801 12800
f 12800 12896 12897
f 12993 12897 12896
f 12896 12992 12993
f 13089 12993 12992
f 12992 13088 13089
f 13185 13089 13088
f 13088 13184 13185
f 13281 13185 13184
f 13184 13280 13281
f 13377 13281 13280
f 13280 13376 13377
f 13473 13377 13376
f 13376 13472 13473
f 13569 13473 13472
f 13472 13568 13569
f 13665 13569 13568
f 13568 13664 13665
f 13761 13665 13664
f 13664 13760 13761
f 13857 13761 13760
f 13760 13856 13857
f 13953 13857 13856
f 13856 13952 13953
f 14049 13953 13952
f 13952 14048 14049
f 14145 14049 14048
f 14048 14144 14145
f 5122 5026 5025
f 5025 5121 5122
f 5218 5122 5121
f 5121 5217 5218
f 5314 5218 5217
f 5217 5313 5314
f 5410 5314 5313
f 5313 5409 5410
f 5506 5410 5409
f 5409 5505 5506
f 5602 5506 5505
f 5505 5601 5602
f 5698 5602 5601
f 5601 5697 5698
f 5794 5698 5697
f 5697 5793 5794
f 5890 5794 5793
f 5793 5889 5890
f 5986 5890 5889
f 5889 5985 5986
f 6082 5986 5985
f 5985 6081 6082
f 6178 6082 6081
f 6081 6177 6178
f 6274 6178 6177
f 6177 6273 6274
f 6370 6274 6273
f 6273 6369 6370
f 6466 6370 6369
f 6369 6465 6466
f 6562 6466 6465
f 6465 6561 6562
f 6658 6562 6561
f 6561 6657 6658
f 6754 6658 6657
f 6657 6753 6754
f 6850 6754 6753
f 6753 6849 6850
f 6946 6850 6849
f 6849 6945 6946
f 7042 6946 6945
f 6945 7041 7042
f 7138 7042 7041
f 7041 7137 7138
f 7234 7138 7137
f 7137 7233 7234
f 7330 7234 7233
f 7233 7329 7330
f 7426 7330 7329
f 7329 7425 7426
f 7522 7426 7425
f 7425 7521 7522
f 7618 7522 7521
f 7521 7617 7618
f 7714 7618 7617
f 7617 7713 7714
f 7810 7714 7713
f 7713 7809 7810
f 7906 7810 7809
f 7809 7905 7906
f 8002 7906 7905
f 7905 8001 8002
f 8098 8002 8001
f 8001 8097 8098
f 8194 8098 8097
f 8097 8193 8194
f 8290 8194 8193
f 8193 8289 8290
f 8386 8290 8289
f 8289 8385 8386
f 8482 8386 8385
f 8385 8481 8482
f 8578 8482 8481
f 8481 8577 8578
f 8674 8578 8577
f 8577 8673 8674
f 8770 8674 8673
f 8673 8769 8770
f 8866 8770 8769
f 8769 8865 8866
f 8962 8866 8865
f 8865 8961 8962
f 9058 8962 8961
f 8961 9057 9058
f 9154 9058 9057
f 9057 9153 9154
f 9250 9154 9153
f 9153 9249 9250
f 9346 9250 9249
f 9249 9345 9346
f 9442 9346 9345
f 9345 9441 9442
f 9538 9442 9441
f 9441 9537 9538
f 9634 9538 9537
f 9537 9633 9634
f 9730 9634 9633
f 9633 9729 9730
f 9826 9730 9729
f 9729 9825 9826
f 9922 9826 9825
f 9825 9921 9922
f 10018 9922 9921
f 9921 10017 10018
f 10114 10018 10017
f 10017 10113 10114
f 10210 10114 10113
f 10113 10209 10210
f 10306 10210 10209
f 10209 10305 10306
f 10402 10306 10305
f 10305 10401 10402
f 10498 10402 10401
f 10401 10497 10498
f 10594 10498 10497
f 10497 10593 10594
f 10690 10594 10593
f 10593 10689 10690
f 10786 10690 10689
f 10689 10785 10786
f 10882 10786 10785
f 10785 10881 10882
f 10978 10882 10881
f 10881 10977 10978
f 11074 10978 10977
f 10977 11073 11074
f 11170 11074 11073
f 11073 11169 11170
f 11266 11170 11169
f 11169 11265 11266
f 11362 11266 11265
f 11265 11361 11362
f 11458 11362 11361
f 11361 11457 11458
f 11554 11458 11457
f 11457 11553 11554
f 11650 11554 11553
f 11553 11649 11650
f 11746 11650 11649
f 11649 11745 11746
f 11842 11746 11745
f 11745 11841 11842
f 11938 11842 11841
f 11841 11937 11938
f 12034 11938 11937
f 11937 12033 12034
f 12130 12034 12033
f 12033 12129 12130
f 12226 12130 12129
f 12129 12225 12226
f 12322 12226 12225
f 12225 12321 12322
f 12418 12322 12321
f 12321 12417 12418
f 12514 12418 12417
f 12417 12513 12514
f 12610 12514 12513
f 12513 12609 12610
f 12706 12610 12609
f 12609 12705 12706
f 12802 12706 12705
f 12705 12801 12802
f 12898 12802 12801
f 12801 12897 12898
f 12994 12898 12897
f 12897 12993 12994
f 13090 12994 12993
f 12993 13089 13090
f 13186 13090 13089
f 13089 13185 13186
f 13282 13186 13185
f 13185 13281 13282
f 13378 13282 13281
f 13281 13377 13378
f 13474 13378 13377
f 13377 13473 13474
f 13570 13474 13473
f 13473 13569 13570
f 13666 13570 13569
f 13569 13665 13666
f 13762 13666 13665
f 13665 13761 13762
f 13858 13762 13761
f 13761 13857 13858
f 13954 13858 13857
f 13857 13953 13954
f 14050 13954 13953
f 13953 14049 14050
f 14146 14050 14049
f 14049 14145 14146
f 5123 5027 5026
f 5026 5122 5123
f 5219 5123 5122
f 5122 5218 5219
f 5315 5219 5218
f 5218 5314 5315
f 5411 5315 5314
f 5314 5410 5411
f 5507 5411 5410
f 5410 5506 5507
f 5603 5507 5506
f 5506 5602 5603
f 5699 5603 5602
f 5602 5698 5699
f 5795 5699 5698
f 5698 5794 5795
f 5891 5795 5794
f 5794 5890 5891
f 5987 5891 5890
f 5890 5986 5987
f 6083 5987 5986
f 5986 6082 6083
f 6179 6083 6082
f 6082 6178 6179
f 6275 6179 6178
f 6178 6274 6275
f 6371 6275 6274
f 6274 6370 6371
f 6467 6371 6370
f 6370 6466 6467
f 6563 6467 6466
f 6466 6562 6563
f 6659 6563 6562
f 6562 6658 6659
f 6755 6659 6658
f 6658 6754 6755
f 6851 6755 6754
f 6754 6850 6851
f 6947 6851 6850
f 6850 6946 6947
f 7043 6947 6946
f 6946 7042 7043
f 7139 7043 7042
f 7042 7138 7139
f 7235 7139 7138
f 7138 7234 7235
f 7331 7235 7234
f 7234 7330 7331
f 7427 7331 7330
f 7330 7426 7427
f 7523 7427 7426
f 7426 7522 7523
f 7619 7523 7522
f 7522 7618 7619
f 7715 7619 7618
f 7618 7714 7715
f 7811 7715 7714
f 7714 7810 7811
f 7907 7811 7810
f 7810 7906 7907
f 8003 7907 7906
f 7906 8002 8003
f 8099 8003 8002
f 8002 8098 8099
f 8195 8099 8098
f 8098 8194 8195
f 8291 8195 8194
f 8194 8290 8291
f 8387 8291 8290
f 8290 8386 8387
f 8483 8387 8386
f 8386 8482 8483
f 8579 8483 8482
f 8482 8578 8579
f 8675 8579 8578
f 8578 8674 8675
f 8771 8675 8674
f 8674 8770 8771
f 8867 8771 8770
f 8770 8866 8867
f 8963 8867 8866
f 8866 8962 8963
f 9059 8963 8962
f 8962 9058 9059
f 9155 9059 9058
f 9058 9154 9155
f 9251 9155 9154
f 9154 9250 9251
f 9347 9251 9250
f 9250 9346 9347
f 9443 9347 9346
f 9346 9442 9443
f 9539 9443 9442
f 9442 9538 9539
f 9635 9539 9538
f 9538 9634 9635
f 9731 9635 9634
f 9634 9730 9731
f 9827 9731 9730
f 9730 9826 9827
f 9923 9827 9826
f 9826 9922 9923
f 10019 9923 9922
f 9922 10018 10019
f 10115 10019 10018
f 10018 10114 10115
f 10211 10115 10114
f 10114 10210 10211
f 10307 10211 10210
f 10210 10306 10307
f 10403 10307 10306
f 10306 10402 10403
f 10499 10403 10402
f 10402 10498 10499
f 10595 10499 10498
f 10498 10594 10595
f 10691 10595 10594
f 10594 10690 10691
f 10787 10691 10690
f 10690 10786 10787
f 10883 10787 10786
f 10786 10882 10883
f 10979 10883 10882
f 10882 10978 10979
f 11075 10979 10978
f 10978 11074 11075
f 11171 11075 11074
f 11074 11170 11171
f 11267 11171 11170
f 11170 11266 11267
f 11363 11267 11266
f 11266 11362 11363
f 11459 11363 11362
f 11362 11458 11459
f 11555 11459 11458
f 11458 11554 11555
f 11651 11555 11554
f 11554 11650 11651
f 11747 11651 11650
f 11650 11746 11747
f 11843 11747 11746
f 11746 11842 11843
f 11939 11843 11842
f 11842 11938 11939
f 12035 11939 11938
f 11938 12034 12035
f 12131 12035 12034
f 12034 12130 12131
f 12227 12131 12130
f 12130 12226 12227
f 12323 12227 12226
f 12226 12322 12323
f 12419 12323 12322
f 12322 12418 12419
f 12515 12419 12418
f 12418 12514 12515
f 12611 12515 12514
f 12514 12610 12611
f 12707 12611 12610
f 12610 12706 12707
f 12803 12707 12706
f 12706 12802 12803
f 12899 12803 12802
f 12802 12898 12899
f 12995 12899 12898
f 12898 12994 12995
f 13091 12995 12994
f 12994 13090 13091
f 13187 13091 13090
f 13090 13186 13187
f 13283 13187 13186
f 13186 13282 13283
f 13379 13283 13282
f 13282 13378 13379
f 13475 13379 13378
f 13378 13474 13475
f 13571 13475 13474
f 13474 13570 13571
f 13667 13571 13570
f 13570 13666 13667
f 13763 13667 13666
f 13666 13762 13763
f 13859 13763 13762
f 13762 13858 13859
f 13955 13859 13858
f 13858 13954 13955
f 14051 13955 13954
f 13954 14050 14051
f 14147 14051 14050
f 14050 14146 14147
f 5124 5028 5027
f 5027 5123 5124
f 5220 5124 5123
f 5123 5219 5220
f 5316 5220 5219
f 5219 5315 5316
f 5412 5316 5315
f 5315 5411 5412
f 5508 5412 5411
f 5411 5507 5508
f 5604 5508 5507
f 5507 5603 5604
f 5700 5604 5603
f 5603 5699 5700
f 5796 5700 5699
f 5699 5795 5796
f 5892 5796 5795
f 5795 5891 5892
f 5988 5892 5891
f 5891 5987 5988
f 6084 5988 5987
f 5987 6083 6084
f 6180 6084 6083
f 6083 6179 6180
f 6276 6180 6179
f 6179 6275 6276
f 6372 6276 6275
f 6275 6371 6372
f 6468 6372 6371
f 6371 6467 6468
f 6564 6468 6467
f 6467 6563 6564
f 6660 6564 6563
f 6563 6659 6660
f 6756 6660 6659
f 6659 6755 6756
f 6852 6756 6755
f 6755 6851 6852
f 6948 6852 6851
f 6851 6947 6948
f 7044 6948 6947
f 6947 7043 7044
f 7140 7044 7043
f 7043 7139 7140
f 7236 7140 7139
f 7139 7235 7236
f 7332 7236 7235
f 7235 7331 7332
f 7428 7332 7331
f 7331 7427 7428
f 7524 7428 7427
f 7427 7523 7524
f 7620 7524 7523
f 7523 7619 7620
f 7716 7620 7619
f 7619 7715 7716
f 7812 7716 7715
f 7715 7811 7812
f 7908 7812 7811
f 7811 7907 7908
f 8004 7908 7907
f 7907 8003 8004
f 8100 8004 8003
f 8003 8099 8100
f 8196 8100 8099
f 8099 8195 8196
f 8292 8196 8195
f 8195 8291 8292
f 8388 8292 8291
f 8291 8387 8388
f 8484 8388 8387
f 8387 8483 8484
f 8580 8484 8483
f 8483 8579 8580
f 8676 8580 8579
f 8579 8675 8676
f 8772 8676 8675
f 8675 8771 8772
f 8868 8772 8771
f 8771 8867 8868
f 8964 8868 8867
f 8867 8963 8964
f 9060 8964 8963
f 8963 9059 9060
f 9156 9060 9059
f 9059 9155 9156
f 9252 9156 9155
f 9155 9251 9252
f 9348 9252 9251
f 9251 9347 9348
f 9444 9348 9347
f 9347 9443 9444
f 9540 9444 9443
f 9443 9539 9540
f 9636 9540 9539
f 9539 9635 9636
f 9732 9636 9635
f 9635 9731 9732
f 9828 9732 9731
f 9731 9827 9828
f 9924 9828 9827
f 9827 9923 9924
f 10020 9924 9923
f 9923 10019 10020
f 10116 10020 10019
f 10019 10115 10116
f 10212 10116 10115
f 10115 10211 10212
f 10308 10212 10211
f 10211 10307 10308
f 10404 10308 10307
f 10307 10403 10404
f 10500 10404 10403
f 10403 10499 10500
f 10596 10500 10499
f 10499 10595 10596
f 10692 10596 10595
f 10595 10691 10692
f 10788 10692 10691
f 10691 10787 10788
f 10884 10788 10787
f 10787 10883 10884
f 10980 10884 10883
f 10883 10979 10980
f 11076 10980 10979
f 10979 11075 11076
f 11172 11076 11075
f 11075 11171 11172
f 11268 11172 11171
f 11171 11267 11268
f 11364 11268 11267
f 11267 11363 11364
f 11460 11364 11363
f 11363 11459 11460
f 11556 11460 11459
f 11459 11555 11556
f 11652 11556 11555
f 11555 11651 11652
f 11748 11652 11651
f 11651 11747 11748
f 11844 11748 11747
f 11747 11843 11844
f 11940 11844 11843
f 11843 11939 11940
f 12036 11940 11939
f 11939 12035 12036
f 12132 12036 12035
f 12035 12131 12132
f 12228 12132 12131
f 12131 12227 12228
f 12324 12228 12227
f 12227 12323 12324
f 12420 12324 12323
f 12323 12419 12420
f 12516 12420 12419
f 12419 12515 12516
f 12612 12516 12515
f 12515 12611 12612
f 12708 12612 12611
f 12611 12707 12708
f 12804 12708 12707
f 12707 12803 12804
f 12900 12804 12803
f 12803 12899 12900
f 12996 12900 12899
f 12899 12995 12996
f 13092 12996 12995
f 12995 13091 13092
f 13188 13092 13091
f 13091 13187 13188
f 13284 13188 13187
f 13187 13283 13284
f 13380 13284 13283
f 13283 13379 13380
f 13476 13380 13379
f 13379 13475 13476
f 13572 13476 13475
f 13475 13571 13572
f 13668 13572 13571
f 13571 13667 13668
f 13764 13668 13667
f 13667 13763 13764
f 13860 13764 13763
f 13763 13859 13860
f 13956 13860 13859
f 13859 13955 13956
f 14052 13956 13955
f 13955 14051 14052
f 14148 14052 14051
f 14051 14147 14148
f 5125 5029 5028
f 5028 5124 5125
f 5221 5125 5124
f 5124 5220 5221
f 5317 5221 5220
f 5220 5316 5317
f 5413 5317 5316
f 5316 5412 5413
f 5509 5413 5412
f 5412 5508 5509
f 5605 5509 5508
f 5508 5604 5605
f 5701 5605 5604
f 5604 5700 5701
f 5797 5701 5700
f 5700 5796 5797
f 5893 5797 5796
f 5796 5892 5893
f 5989 5893 5892
f 5892 5988 5989
f 6085 5989 5988
f 5988 6084 6085
f 6181 6085 6084
f 6084 6180 6181
f 6277 6181 6180
f 6180 6276 6277
f 6373 6277 6276
f 6276 6372 6373
f 6469 6373 6372
f 6372 6468 6469
f 6565 6469 6468
f 6468 6564 6565
f 6661 6565 6564
f 6564 6660 6661
f 6757 6661 6660
f 6660 6756 6757
f 6853 6757 6756
f 6756 6852 6853
f 6949 6853 6852
f 6852 6948 6949
f 7045 6949 6948
f 6948 7044 7045
f 7141 7045 7044
f 7044 7140 7141
f 7237 7141 7140
f 7140 7236 7237
f 7333 7237 7236
f 7236 7332 7333
f 7429 7333 7332
f 7332 7428 7429
f 7525 7429 7428
f 7428 7524 7525
f 7621 7525 7524
f 7524 7620 7621
f 7717 7621 7620
f 7620 7716 7717
f 7813 7717 7716
f 7716 7812 7813
f 7909 7813 7812
f 7812 7908 7909
f 8005 7909 7908
f 7908 8004 8005
f 8101 8005 8004
f 8004 8100 8101
f 8197 8101 8100
f 8100 8196 8197
f 8293 8197 8196
f 8196 8292 8293
f 8389 8293 8292
f 8292 8388 8389
f 8485 8389 8388
f 8388 8484 8485
f 8581 8485 8484
f 8484 8580 8581
f 8677 8581 8580
f 8580 8676 8677
f 8773 8677 8676
f 8676 8772 8773
f 8869 8773 8772
f 8772 8868 8869
f 8965 8869 8868
f 8868 8964 8965
f 9061 8965 8964
f 8964 9060 9061
f 9157 9061 9060
f 9060 9156 9157
f 9253 9157 9156
f 9156 9252 9253
f 9349 9253 9252
f 9252 9348 9349
f 9445 9349 9348
f 9348 9444 9445
f 9541 9445 9444
f 9444 9540 9541
f 9637 9541 9540
f 9540 9636 9637
f 9733 9637 9636
f 9636 9732 9733
f 9829 9733 9732
f 9732 9828 9829
f 9925 9829 9828
f 9828 9924 9925
f 10021 9925 9924
f 9924 10020 10021
f 10117 10021 10020
f 10020 10116 10117
f 10213 10117 10116
f 10116 10212 10213
f 10309 10213 10212
f 10212 10308 10309
f 10405 10309 10308
f 10308 10404 10405
f 10501 10405 10404
f 10404 10500 10501
f 10597 10501 10500
f 10500 10596 10597
f 10693 10597 10596
f 10596 10692 10693
f 10789 10693 10692
f 10692 10788 10789
f 10885 10789 10788
f 10788 10884 10885
f 10981 10885 10884
f 10884 10980 10981
f 11077 10981 10980
f 10980 11076 11077
f 11173 11077 11076
f 11076 11172 11173
f 11269 11173 11172
f 11172 11268 11269
f 11365 11269 11268
f 11268 11364 11365
f 11461 11365 11364
f 11364 11460 11461
f 11557 11461 11460
f 11460 11556 11557
f 11653 11557 11556
f 11556 11652 11653
f 11749 11653 11652
f 11652 11748 11749
f 11845 11749 11748
f 11748 11844 11845
f 11941 11845 11844
f 11844 11940 11941
f 12037 11941 11940
f 11940 12036 12037
f 12133 12037 12036
f 12036 12132 12133
f 12229 12133 12132
f 12132 12228 12229
f 12325 12229 12228
f 12228 12324 12325
f 12421 12325 12324
f 12324 12420 12421
f 12517 12421 12420
f 12420 12516 12517
f 12613 12517 12516
f 12516 12612 12613
f 12709 12613 12612
f 12612 12708 12709
f 12805 12709 12708
f 12708 12804 12805
f 12901 12805 12804
f 12804 12900 12901
f 12997 12901 12900
f 12900 12996 12997
f 13093 12997 12996
f 12996 13092 13093
f 13189 13093 13092
f 13092 13188 13189
f 13285 13189 13188
f 13188 13284 13285
f 13381 13285 13284
f 13284 13380 13381
f 13477 13381 13380
f 13380 13476 13477
f 13573 13477 13476
f 13476 13572 13573
f 13669 13573 13572
f 13572 13668 13669
f 13765 13669 13668
f 13668 13764 13765
f 13861 13765 13764
f 13764 13860 13861
f 13957 13861 13860
f 13860 13956 13957
f 14053 13957 13956
f 13956 14052 14053
f 14149 14053 14052
f 14052 14148 14149
f 5126 5030 5029
f 5029 5125 5126
f 5222 5126 5125
f 5125 5221 5222
f 5318 5222 5221
f 5221 5317 5318
f 5414 5318 5317
f 5317 5413 5414
f 5510 5414 5413
f 5413 5509 5510
f 5606 5510 5509
f 5509 5605 5606
f 5702 5606 5605
f 5605 5701 5702
f 5798 5702 5701
f 5701 5797 5798
f 5894 5798 5797
f 5797 5893 5894
f 5990 5894 5893
f 5893 5989 5990
f 6086 5990 5989
f 5989 6085 6086
f 6182 6086 6085
f 6085 6181 6182
f 6278 6182 6181
f 6181 6277 6278
f 6374 6278 6277
f 6277 6373 6374
f 6470 6374 6373
f 6373 6469 6470
f 6566 6470 6469
f 6469 6565 6566
f 6662 6566 6565
f 6565 6661 6662
f 6758 6662 6661
f 6661 6757 6758
f 6854 6758 6757
f 6757 6853 6854
f 6950 6854 6853
f 6853 6949 6950
f 7046 6950 6949
f 6949 7045 7046
f 7142 7046 7045
f 7045 7141 7142
f 7238 7142 7141
f 7141 7237 7238
f 7334 7238 7237
f 7237 7333 7334
f 7430 7334 7333
f 7333 7429 7430
f 7526 7430 7429
f 7429 7525 7526
f 7622 7526 7525
f 7525 7621 7622
f 7718 7622 7621
f 7621 7717 7718
f 7814 7718 7717
f 7717 7813 7814
f 7910 7814 7813
f 7813 7909 7910
f 8006 7910 7909
f 7909 8005 8006
f 8102 8006 8005
f 8005 8101 8102
f 8198 8102 8101
f 8101 8197 8198
f 8294 8198 8197
f 8197 8293 8294
f 8390 8294 8293
f 8293 8389 8390
f 8486 8390 8389
f 8389 8485 8486
f 8582 8486 8485
f 8485 8581 8582
f 8678 8582 8581
f 8581 8677 8678
f 8774 8678 8677
f 8677 8773 8774
f 8870 8774 8773
f 8773 8869 8870
f 8966 8870 8869
f 8869 8965 8966
f 9062 8966 8965
f 8965 9061 9062
f 9158 9062 9061
f 9061 9157 9158
f 9254 9158 9157
f 9157 9253 9254
f 9350 9254 9253
f 9253 9349 9350
f 9446 9350 9349
f 9349 9445 9446
f 9542 9446 9445
f 9445 9541 9542
f 9638 9542 9541
f 9541 9637 9638
f 9734 9638 9637
f 9637 9733 9734
f 9830 9734 9733
f 9733 9829 9830
f 9926 9830 9829
f 9829 9925 9926
f 10022 9926 9925
f 9925 10021 10022
f 10118 10022 10021
f 10021 10117 10118
f 10214 10118 10117
f 10117 10213 10214
f 10310 10214 10213
f 10213 10309 10310
f 10406 10310 10309
f 10309 10405 10406
f 10502 10406 10405
f 10405 10501 10502
f 10598 10502 10501
f 10501 10597 10598
f 10694 10598 10597
f 10597 10693 10694
f 10790 10694 10693
f 10693 10789 10790
f 10886 10790 10789
f 10789 10885 10886
f 10982 10886 10885
f 10885 10981 10982
f 11078 10982 10981
f 10981 11077 11078
f 11174 11078 11077
f 11077 11173 11174
f 11270 11174 11173
f 11173 11269 11270
f 11366 11270 11269
f 11269 11365 11366
f 11462 11366 11365
f 11365 11461 11462
f 11558 11462 11461
f 11461 11557 11558
f 11654 11558 11557
f 11557 11653 11654
f 11750 11654 11653
f 11653 11749 11750
f 11846 11750 11749
f 11749 11845 11846
f 11942 11846 11845
f 11845 11941 11942
f 12038 11942 11941
f 11941 12037 12038
f 12134 12038 12037
f 12037 12133 12134
f 12230 12134 12133
f 12133 12229 12230
f 12326 12230 12229
f 12229 12325 12326
f 12422 12326 12325
f 12325 12421 12422
f 12518 12422 12421
f 12421 12517 12518
f 12614 12518 12517
f 12517 12613 12614
f 12710 12614 12613
f 12613 12709 12710
f 12806 12710 12709
f 12709 12805 12806
f 12902 12806 12805
f 12805 12901 12902
f 12998 12902 12901
f 12901 12997 12998
f 13094 12998 12997
f 12997 13093 13094
f 13190 13094 13093
f 13093 13189 13190
f 13286 13190 13189
f 13189 13285 13286
f 13382 13286 13285
f 13285 13381 13382
f 13478 13382 13381
f 13381 13477 13478
f 13574 13478 13477
f 13477 13573 13574
f 13670 13574 13573
f 13573 13669 13670
f 13766 13670 13669
f 13669 13765 13766
f 13862 13766 13765
f 13765 13861 13862
f 13958 13862 13861
f 13861 13957 13958
f 14054 13958 13957
f 13957 14053 14054
f 14150 14054 14053
f 14053 14149 14150
f 5127 5031 5030
f 5030 5126 5127
f 5223 5127 5126
f 5126 5222 5223
f 5319 5223 5222
f 5222 5318 5319
f 5415 5319 5318
f 5318 5414 5415
f 5511 5415 5414
f 5414 5510 5511
f 5607 5511 5510
f 5510 5606 5607
f 5703 5607 5606
f 5606 5702 5703
f 5799 5703 5702
f 5702 5798 5799
f 5895 5799 5798
f 5798 5894 5895
f 5991 5895 5894
f 5894 5990 5991
f 6087 5991 5990
f 5990 6086 6087
f 6183 6087 6086
f 6086 6182 6183
f 6279 6183 6182
f 6182 6278 6279
f 6375 6279 6278
f 6278 6374 6375
f 6471 6375 6374
f 6374 6470 6471
f 6567 6471 6470
f 6470 6566 6567
f 6663 6567 6566
f 6566 6662 6663
f 6759 6663 6662
f 6662 6758 6759
f 6855 6759 6758
f 6758 6854 6855
f 6951 6855 6854
f 6854 6950 6951
f 7047 6951 6950
f 6950 7046 7047
f 7143 7047 7046
f 7046 7142 7143
f 7239 7143 7142
f 7142 7238 7239
f 7335 7239 7238
f 7238 7334 7335
f 7431 7335 7334
f 7334 7430 7431
f 7527 7431 7430
f 7430 7526 7527
f 7623 7527 7526
f 7526 7622 7623
f 7719 7623 7622
f 7622 7718 7719
f 7815 7719 7718
f 7718 7814 7815
f 7911 7815 7814
f 7814 7910 7911
f 8007 7911 7910
f 7910 8006 8007
f 8103 8007 8006
f 8006 8102 8103
f 8199 8103 8102
f 8102 8198 8199
f 8295 8199 8198
f 8198 8294 8295
f 8391 8295 8294
f 8294 8390 8391
f 8487 8391 8390
f 8390 8486 8487
f 8583 8487 8486
f 8486 8582 8583
f 8679 8583 8582
f 8582 8678 8679
f 8775 8679 8678
f 8678 8774 8775
f 8871 8775 8774
f 8774 8870 8871
f 8967 8871 8870
f 8870 8966 8967
f 9063 8967 8966
f 8966 9062 9063
f 9159 9063 9062
f 9062 9158 9159
f 9255 9159 9158
f 9158 9254 9255
f 9351 9255 9254
f 9254 9350 9351
f 9447 9351 9350
f 9350 9446 9447
f 9543 9447 9446
f 9446 9542 9543
f 9639 9543 9542
f 9542 9638 9639
f 9735 9639 9638
f 9638 9734 9735
f 9831 9735 9734
f 9734 9830 9831
f 9927 9831 9830
f 9830 9926 9927
f 10023 9927 9926
f 9926 10022 10023
f 10119 10023 10022
f 10022 10118 10119
f 10215 10119 10118
f 10118 10214 10215
f 10311 10215 10214
f 10214 10310 10311
f 10407 10311 10310
f 10310 10406 10407
f 10503 10407 10406
f 10406 10502 10503
f 10599 10503 10502
f 10502 10598 10599
f 10695 10599 10598
f 10598 10694 10695
f 10791 10695 10694
f 10694 10790 10791
f 10887 10791 10790
f 10790 10886 10887
f 10983 10887 10886
f 10886 10982 10983
f 11079 10983 10982
f 10982 11078 11079
f 11175 11079 11078
f 11078 11174 11175
f 11271 11175 11174
f 11174 11270 11271
f 11367 11271 11270
f 11270 11366 11367
f 11463 11367 11366
f 11366 11462 11463
f 11559 11463 11462
f 11462 11558 11559
f 11655 11559 11558
f 11558 11654 11655
f 11751 11655 11654
f 11654 11750 11751
f 11847 11751 11750
f 11750 11846 11847
f 11943 11847 11846
f 11846 11942 11943
f 12039 11943 11942
f 11942 12038 12039
f 12135 12039 12038
f 12038 12134 12135
f 12231 12135 12134
f 12134 12230 12231
f 12327 12231 12230
f 12230 12326 12327
f 12423 12327 12326
f 12326 12422 12423
f 12519 12423 12422
f 12422 12518 12519
f 12615 12519 12518
f 12518 12614 12615
f 12711 12615 12614
f 12614 12710 12711
f 12807 12711 12710
f 12710 12806 12807
f 12903 12807 12806
f 12806 12902 12903
f 12999 12903 12902
f 12902 12998 12999
f 13095 12999 12998
f 12998 13094 13095
f 13191 13095 13094
f 13094 13190 13191
f 13287 13191 13190
f 13190 13286 13287
f 13383 13287 13286
f 13286 13382 13383
f 13479 13383 13382
f 13382 13478 13479
f 13575 13479 13478
f 13478 13574 13575
f 13671 13575 13574
f 13574 13670 13671
f 13767 13671 13670
f 13670 13766 13767
f 13863 13767 13766
f 13766 13862 13863
f 13959 13863 13862
f 13862 13958 13959
f 14055 13959 13958
f 13958 14054 14055
f 14151 14055 14054
f 14054 14150 14151
f 5128 5032 5031
f 5031 5127 5128
f 5224 5128 5127
f 5127 5223 5224
f 5320 5224 5223
f 5223 5319 5320
f 5416 5320 5319
f 5319 5415 5416
f 5512 5416 5415
f 5415 5511 5512
f 5608 5512 5511
f 5511 5607 5608
f 5704 5608 5607
f 5607 5703 5704
f 5800 5704 5703
f 5703 5799 5800
f 5896 5800 5799
f 5799 5895 5896
f 5992 5896 5895
f 5895 5991 5992
f 6088 5992 5991
f 5991 6087 6088
f 6184 6088 6087
f 6087 6183 6184
f 6280 6184 6183
f 6183 6279 6280
f 6376 6280 6279
f 6279 6375 6376
f 6472 6376 6375
f 6375 6471 6472
f 6568 6472 6471
f 6471 6567 6568
f 6664 6568 6567
f 6567 6663 6664
f 6760 6664 6663
f 6663 6759 6760
f 6856 6760 6759
f 6759 6855 6856
f 6952 6856 6855
f 6855 6951 6952
f 7048 6952 6951
f 6951 7047 7048
f 7144 7048 7047
f 7047 7143 7144
f 7240 7144 7143
f 7143 7239 7240
f 7336 7240 7239
f 7239 7335 7336
f 7432 7336 7335
f 7335 7431 7432
f 7528 7432 7431
f 7431 7527 7528
f 7624 7528 7527
f 7527 7623 7624
f 7720 7624 7623
f 7623 7719 7720
f 7816 7720 7719
f 7719 7815 7816
f 7912 7816 7815
f 7815 7911 7912
f 8008 7912 7911
f 7911 8007 8008
f 8104 8008 8007
f 8007 8103 8104
f 8200 8104 8103
f 8103 8199 8200
f 8296 8200 8199
f 8199 8295 8296
f 8392 8296 8295
f 8295 8391 8392
f 8488 8392 8391
f 8391 8487 8488
f 8584 8488 8487
f 8487 8583 8584
f 8680 8584 8583
f 8583 8679 8680
f 8776 8680 8679
f 8679 8775 8776
f 8872 8776 8775
f 8775 8871 8872
f 8968 8872 8871
f 8871 8967 8968
f 9064 8968 8967
f 8967 9063 9064
f 9160 9064 9063
f 9063 9159 9160
f 9256 9160 9159
f 9159 9255 9256
f 9352 9256 9255
f 9255 9351 9352
f 9448 9352 9351
f 9351 9447 9448
f 9544 9448 9447
f 9447 9543 9544
f 9640 9544 9543
f 9543 9639 9640
f 9736 9640 9639
f 9639 9735 9736
f 9832 9736 9735
f 9735 9831 9832
f 9928 9832 9831
f 9831 9927 9928
f 10024 9928 9927
f 9927 10023 10024
f 10120 10024 10023
f 10023 10119 10120
f 10216 10120 10119
f 10119 10215 10216
f 10312 10216 10215
f 10215 10311 10312
f 10408 10312 10311
f 10311 10407 10408
f 10504 10408 10407
f 10407 10503 10504
f 10600 10504 10503
f 10503 10599 10600
f 10696 10600 10599
f 10599 10695 10696
f 10792 10696 10695
f 10695 10791 10792
f 10888 10792 10791
f 10791 10887 10888
f 10984 10888 10887
f 10887 10983 10984
f 11080 10984 10983
f 10983 11079 11080
f 11176 11080 11079
f 11079 11175 11176
f 11272 11176 11175
f 11175 11271 11272
f 11368 11272 11271
f 11271 11367 11368
f 11464 11368 11367
f 11367 11463 11464
f 11560 11464 11463
f 11463 11559 11560
f 11656 11560 11559
f 11559 11655 11656
f 11752 11656 11655
f 11655 11751 11752
f 11848 11752 11751
f 11751 11847 11848
f 11944 11848 11847
f 11847 11943 11944
f 12040 11944 11943
f 11943 12039 12040
f 12136 12040 12039
f 12039 12135 12136
f 12232 12136 12135
f 12135 12231 12232
f 12328 12232 12231
f 12231 12327 12328
f 12424 12328 12327
f 12327 12423 12424
f 12520 12424 12423
f 12423 12519 12520
f 12616 12520 12519
f 12519 12615 12616
f 12712 12616 12615
f 12615 12711 12712
f 12808 12712 12711
f 12711 12807 12808
f 12904 12808 12807
f 12807 12903 12904
f 13000 12904 12903
f 12903 12999 13000
f 13096 13000 12999
f 12999 13095 13096
f 13192 13096 13095
f 13095 13191 13192
f 13288 13192 13191
f 13191 13287 13288
f 13384 13288 13287
f 13287 13383 13384
f 13480 13384 13383
f 13383 13479 13480
f 13576 13480 13479
f 13479 13575 13576
f 13672 13576 13575
f 13575 13671 13672
f 13768 13672 13671
f 13671 13767 13768
f 13864 13768 13767
f 13767 13863 13864
f 13960 13864 13863
f 13863 13959 13960
f 14056 13960 13959
f 13959 14055 14056
f 14152 14056 14055
f 14055 14151 14152
f 5129 5033 5032
f 5032 5128 5129
f 5225 5129 5128
f 5128 5224 5225
f 5321 5225 5224
f 5224 5320 5321
f 5417 5321 5320
f 5320 5416 5417
f 5513 5417 5416
f 5416 5512 5513
f 5609 5513 5512
f 5512 5608 5609
f 5705 5609 5608
f 5608 5704 5705
f 5801 5705 5704
f 5704 5800 5801
f 5897 5801 5800
f 5800 5896 5897
f 5993 5897 5896
f 5896 5992 5993
f 6089 5993 5992
f 5992 6088 6089
f 6185 6089 6088
f 6088 6184 6185
f 6281 6185 6184
f 6184 6280 6281
f 6377 6281 6280
f 6280 6376 6377
f 6473 6377 6376
f 6376 6472 6473
f 6569 6473 6472
f 6472 6568 6569
f 6665 6569 6568
f 6568 6664 6665
f 6761 6665 6664
f 6664 6760 6761
f 6857 6761 6760
f 6760 6856 6857
f 6953 6857 6856
f 6856 6952 6953
f 7049 6953 6952
f 6952 7048 7049
f 7145 7049 7048
f 7048 7144 7145
f 7241 7145 7144
f 7144 7240 7241
f 7337 7241 7240
f 7240 7336 7337
f 7433 7337 7336
f 7336 7432 7433
f 7529 7433 7432
f 7432 7528 7529
f 7625 7529 7528
f 7528 7624 7625
f 7721 7625 7624
f 7624 7720 7721
f 7817 7721 7720
f 7720 7816 7817
f 7913 7817 7816
f 7816 7912 7913
f 8009 7913 7912
f 7912 8008 8009
f 8105 8009 8008
f 8008 8104 8105
f 8201 8105 8104
f 8104 8200 8201
f 8297 8201 8200
f 8200 8296 8297
f 8393 8297 8296
f 8296 8392 8393
f 8489 8393 8392
f 8392 8488 8489
f 8585 8489 8488
f 8488 8584 8585
f 8681 8585 8584
f 8584 8680 8681
f 8777 8681 8680
f 8680 8776 8777
f 8873 8777 8776
f 8776 8872 8873
f 8969 8873 8872
f 8872 8968 8969
f 9065 8969 8968
f 8968 9064 9065
f 9161 9065 9064
f 9064 9160 9161
f 9257 9161 9160
f 9160 9256 9257
f 9353 9257 9256
f 9256 9352 9353
f 9449 9353 9352
f 9352 9448 9449
f 9545 9449 9448
f 9448 9544 9545
f 9641 9545 9544
f 9544 9640 9641
f 9737 9641 9640
f 9640 9736 9737
f 9833 9737 9736
f 9736 9832 9833
f 9929 9833 9832
f 9832 9928 9929
f 10025 9929 9928
f 9928 10024 10025
f 10121 10025 10024
f 10024 10120 10121
f 10217 10121 10120
f 10120 10216 10217
f 10313 10217 10216
f 10216 10312 10313
f 10409 10313 10312
f 10312 10408 10409
f 10505 10409 10408
f 10408 10504 10505
f 10601 10505 10504
f 10504 10600 10601
f 10697 10601 10600
f 10600 10696 10697
f 10793 10697 10696
f 10696 10792 10793
f 10889 10793 10792
f 10792 10888 10889
f 10985 10889 10888
f 10888 10984 10985
f 11081 10985 10984
f 10984 11080 11081
f 11177 11081 11080
f 11080 11176 11177
f 11273 11177 11176
f 11176 11272 11273
f 11369 11273 11272
f 11272 11368 11369
f 11465 11369 11368
f 11368 11464 11465
f 11561 11465 11464
f 11464 11560 11561
f 11657 11561 11560
f 11560 11656 11657
f 11753 11657 11656
f 11656 11752 11753
f 11849 11753 11752
f 11752 11848 11849
f 11945 11849 11848
f 11848 11944 11945
f 12041 11945 11944
f 11944 12040 12041
f 12137 12041 12040
f 12040 12136 12137
f 12233 12137 12136
f 12136 12232 12233
f 12329 12233 12232
f 12232 12328 12329
f 12425 12329 12328
f 12328 12424 12425
f 12521 12425 12424
f 12424 12520 12521
f 12617 12521 12520
f 12520 12616 12617
f 12713 12617 12616
f 12616 12712 12713
f 12809 12713 12712
f 12712 12808 12809
f 12905 12809 12808
f 12808 12904 12905
f 13001 12905 12904
f 12904 13000 13001
f 13097 13001 13000
f 13000 13096 13097
f 13193 13097 13096
f 13096 13192 13193
f 13289 13193 13192
f 13192 13288 13289
f 13385 13289 13288
f 13288 13384 13385
f 13481 13385 13384
f 13384 13480 13481
f 13577 13481 13480
f 13480 13576 13577
f 13673 13577 13576
f 13576 13672 13673
f 13769 13673 13672
f 13672 13768 13769
f 13865 13769 13768
f 13768 13864 13865
f 13961 13865 13864
f 13864 13960 13961
f 14057 13961 13960
f 13960 14056 14057
f 14153 14057 14056
f 14056 14152 14153
f 5130 5034 5033
f 5033 5129 5130
f 5226 5130 5129
f 5129 5225 5226
f 5322 5226 5225
f 5225 5321 5322
f 5418 5322 5321
f 5321 5417 5418
f 5514 5418 5417
f 5417 5513 5514
f 5610 5514 5513
f 5513 5609 5610
f 5706 5610 5609
f 5609 5705 5706
f 5802 5706 5705
f 5705 5801 5802
f 5898 5802 5801
f 5801 5897 5898
f 5994 5898 5897
f 5897 5993 5994
f 6090 5994 5993
f 5993 6089 6090
f 6186 6090 6089
f 6089 6185 6186
f 6282 6186 6185
f 6185 6281 6282
f 6378 6282 6281
f 6281 6377 6378
f 6474 6378 6377
f 6377 6473 6474
f 6570 6474 6473
f 6473 6569 6570
f 6666 6570 6569
f 6569 6665 6666
f 6762 6666 6665
f 6665 6761 6762
f 6858 6762 6761
f 6761 6857 6858
f 6954 6858 6857
f 6857 6953 6954
f 7050 6954 6953
f 6953 7049 7050
f 7146 7050 7049
f 7049 7145 7146
f 7242 7146 7145
f 7145 7241 7242
f 7338 7242 7241
f 7241 7337 7338
f 7434 7338 7337
f 7337 7433 7434
f 7530 7434 7433
f 7433 7529 7530
f 7626 7530 7529
f 7529 7625 7626
f 7722 7626 7625
f 7625 7721 7722
f 7818 7722 7721
f 7721 7817 7818
f 7914 7818 7817
f 7817 7913 7914
f 8010 7914 7913
f 7913 8009 8010
f 8106 8010 8009
f 8009 8105 8106
f 8202 8106 8105
f 8105 8201 8202
f 8298 8202 8201
f 8201 8297 8298
f 8394 8298 8297
f 8297 8393 8394
f 8490 8394 8393
f 8393 8489 8490
f 8586 8490 8489
f 8489 8585 8586
f 8682 8586 8585
f 8585 8681 8682
f 8778 8682 8681
f 8681 8777 8778
f 8874 8778 8777
f 8777 8873 8874
f 8970 8874 8873
f 8873 8969 8970
f 9066 8970 8969
f 8969 9065 9066
f 9162 9066 9065
f 9065 9161 9162
f 9258 9162 9161
f 9161 9257 9258
f 9354 9258 9257
f 9257 9353 9354
f 9450 9354 9353
f 9353 9449 9450
f 9546 9450 9449
f 9449 9545 9546
f 9642 9546 9545
f 9545 9641 9642
f 9738 9642 9641
f 9641 9737 9738
f 9834 9738 9737
f 9737 9833 9834
f 9930 9834 9833
f 9833 9929 9930
f 10026 9930 9929
f 9929 10025 10026
f 10122 10026 10025
f 10025 10121 10122
f 10218 10122 10121
f 10121 10217 10218
f 10314 10218 10217
f 10217 10313 10314
f 10410 10314 10313
f 10313 10409 10410
f 10506 10410 10409
f 10409 10505 10506
f 10602 10506 10505
f 10505 10601 10602
f 10698 10602 10601
f 10601 10697 10698
f 10794 10698 10697
f 10697 10793 10794
f 10890 10794 10793
f 10793 10889 10890
f 10986 10890 10889
f 10889 10985 10986
f 11082 10986 10985
f 10985 11081 11082
f 11178 11082 11081
f 11081 11177 11178
f 11274 11178 11177
f 11177 11273 11274
f 11370 11274 11273
f 11273 11369 11370
f 11466 11370 11369
f 11369 11465 11466
f 11562 11466 11465
f 11465 11561 11562
f 11658 11562 11561
f 11561 11657 11658
f 11754 11658 11657
f 11657 11753 11754
f 11850 11754 11753
f 11753 11849 11850
f 11946 11850 11849
f 11849 11945 11946
f 12042 11946 11945
f 11945 12041 12042
f 12138 12042 12041
f 12041 12137 12138
f 12234 12138 12137
f 12137 12233 12234
f 12330 12234 12233
f 12233 12329 12330
f 12426 12330 12329
f 12329 12425 12426
f 12522 12426 12425
f 12425 12521 12522
f 12618 12522 12521
f 12521 12617 12618
f 12714 12618 12617
f 12617 12713 12714
f 12810 12714 12713
f 12713 12809 12810
f 12906 12810 12809
f 12809 12905 12906
f 13002 12906 12905
f 12905 13001 13002
f 13098 13002 13001
f 13001 13097 13098
f 13194 13098 13097
f 13097 13193 13194
f 13290 13194 13193
f 13193 13289 13290
f 13386 13290 13289
f 13289 13385 13386
f 13482 13386 13385
f 13385 13481 13482
f 13578 13482 13481
f 13481 13577 13578
f 13674 13578 13577
f 13577 13673 13674
f 13770 13674 13673
f 13673 13769 13770
f 13866 13770 13769
f 13769 13865 13866
f 13962 13866 13865
f 13865 13961 13962
f 14058 13962 13961
f 13961 14057 14058
f 14154 14058 14057
f 14057 14153 14154
f 5131 5035 5034
f 5034 5130 5131
f 5227 5131 5130
f 5130 5226 5227
f 5323 5227 5226
f 5226 5322 5323
f 5419 5323 5322
f 5322 5418 5419
f 5515 5419 5418
f 5418 5514 5515
f 5611 5515 5514
f 5514 5610 5611
f 5707 5611 5610
f 5610 5706 5707
f 5803 5707 5706
f 5706 5802 5803
f 5899 5803 5802
f 5802 5898 5899
f 5995 5899 5898
f 5898 5994 5995
f 6091 5995 5994
f 5994 6090 6091
f 6187 6091 6090
f 6090 6186 6187
f 6283 6187 6186
f 6186 6282 6283
f 6379 6283 6282
f 6282 6378 6379
f 6475 6379 6378
f 6378 6474 6475
f 6571 6475 6474
f 6474 6570 6571
f 6667 6571 6570
f 6570 6666 6667
f 6763 6667 6666
f 6666 6762 6763
f 6859 6763 6762
f 6762 6858 6859
f 6955 6859 6858
f 6858 6954 6955
f 7051 6955 6954
f 6954 7050 7051
f 7147 7051 7050
f 7050 7146 7147
f 7243 7147 7146
f 7146 7242 7243
f 7339 7243 7242
f 7242 7338 7339
f 7435 7339 7338
f 7338 7434 7435
f 7531 7435 7434
f 7434 7530 7531
f 7627 7531 7530
f 7530 7626 7627
f 7723 7627 7626
f 7626 7722 7723
f 7819 7723 7722
f 7722 7818 7819
f 7915 7819 7818
f 7818 7914 7915
f 8011 7915 7914
f 7914 8010 8011
f 8107 8011 8010
f 8010 8106 8107
f 8203 8107 8106
f 8106 8202 8203
f 8299 8203 8202
f 8202 8298 8299
f 8395 8299 8298
f 8298 8394 8395
f 8491 8395 8394
f 8394 8490 8491
f 8587 8491 8490
f 8490 8586 8587
f 8683 8587 8586
f 8586 8682 8683
f 8779 8683 8682
f 8682 8778 8779
f 8875 8779 8778
f 8778 8874 8875
f 8971 8875 8874
f 8874 8970 8971
f 9067 8971 8970
f 8970 9066 9067
f 9163 9067 9066
f 9066 9162 9163
f 9259 9163 9162
f 9162 9258 9259
f 9355 9259 9258
f 9258 9354 9355
f 9451 9355 9354
f 9354 9450 9451
f 9547 9451 9450
f 9450 9546 9547
f 9643 9547 9546
f 9546 9642 9643
f 9739 9643 9642
f 9642 9738 9739
f 9835 9739 9738
f 9738 9834 9835
f 9931 9835 9834
f 9834 9930 9931
f 10027 9931 9930
f 9930 10026 10027
f 10123 10027 10026
f 10026 10122 10123
f 10219 10123 10122
f 10122 10218 10219
f 10315 10219 10218
f 10218 10314 10315
f 10411 10315 10314
f 10314 10410 10411
f 10507 10411 10410
f 10410 10506 10507
f 10603 10507 10506
f 10506 10602 10603
f 10699 10603 10602
f 10602 10698 10699
f 10795 10699 10698
f 10698 10794 10795
f 10891 10795 10794
f 10794 10890 10891
f 10987 10891 10890
f 10890 10986 10987
f 11083 10987 10986
f 10986 11082 11083
f 11179 11083 11082
f 11082 11178 11179
f 11275 11179 11178
f 11178 11274 11275
f 11371 11275 11274
f 11274 11370 11371
f 11467 11371 11370
f 11370 11466 11467
f 11563 11467 11466
f 11466 11562 11563
f 11659 11563 11562
f 11562 11658 11659
f 11755 11659 11658
f 11658 11754 11755
f 11851 11755 11754
f 11754 11850 11851
f 11947 11851 11850
f 11850 11946 11947
f 12043 11947 11946
f 11946 12042 12043
f 12139 12043 12042
f 12042 12138 12139
f 12235 12139 12138
f 12138 12234 12235
f 12331 12235 12234
f 12234 12330 12331
f 12427 12331 12330
f 12330 12426 12427
f 12523 12427 12426
f 12426 12522 12523
f 12619 12523 12522
f 12522 12618 12619
f 12715 12619 12618
f 12618 12714 12715
f 12811 12715 12714
f 12714 12810 12811
f 12907 12811 12810
f 12810 12906 12907
f 13003 12907 12906
f 12906 13002 13003
f 13099 13003 13002
f 13002 13098 13099
f 13195 13099 13098
f 13098 13194 13195
f 13291 13195 13194
f 13194 13290 13291
f 13387 13291 13290
f 13290 13386 13387
f 13483 13387 13386
f 13386 13482 13483
f 13579 13483 13482
f 13482 13578 13579
f 13675 13579 13578
f 13578 13674 13675
f 13771 13675 13674
f 13674 13770 13771
f 13867 13771 13770
f 13770 13866 13867
f 13963 13867 13866
f 13866 13962 13963
f 14059 13963 13962
f 13962 14058 14059
f 14155 14059 14058
f 14058 14154 14155
f 5132 5036 5035
f 5035 5131 5132
f 5228 5132 5131
f 5131 5227 5228
f 5324 5228 5227
f 5227 5323 5324
f 5420 5324 5323
f 5323 5419 5420
f 5516 5420 5419
f 5419 5515 5516
f 5612 5516 5515
f 5515 5611 5612
f 5708 5612 5611
f 5611 5707 5708
f 5804 5708 5707
f 5707 5803 5804
f 5900 5804 5803
f 5803 5899 5900
f 5996 5900 5899
f 5899 5995 5996
f 6092 5996 5995
f 5995 6091 6092
f 6188 6092 6091
f 6091 6187 6188
f 6284 6188 6187
f 6187 6283 6284
f 6380 6284 6283
f 6283 6379 6380
f 6476 6380 6379
f 6379 6475 6476
f 6572 6476 6475
f 6475 6571 6572
f 6668 6572 6571
f 6571 6667 6668
f 6764 6668 6667
f 6667 6763 6764
f 6860 6764 6763
f 6763 6859 6860
f 6956 6860 6859
f 6859 6955 6956
f 7052 6956 6955
f 6955 7051 7052
f 7148 7052 7051
f 7051 7147 7148
f 7244 7148 7147
f 7147 7243 7244
f 7340 7244 7243
f 7243 7339 7340
f 7436 7340 7339
f 7339 7435 7436
f 7532 7436 7435
f 7435 7531 7532
f 7628 7532 7531
f 7531 7627 7628
f 7724 7628 7627
f 7627 7723 7724
f 7820 7724 7723
f 7723 7819 7820
f 7916 7820 7819
f 7819 7915 7916
f 8012 7916 7915
f 7915 8011 8012
f 8108 8012 8011
f 8011 8107 8108
f 8204 8108 8107
f 8107 8203 8204
f 8300 8204 8203
f 8203 8299 8300
f 8396 8300 8299
f 8299 8395 8396
f 8492 8396 8395
f 8395 8491 8492
f 8588 8492 8491
f 8491 8587 8588
f 8684 8588 8587
f 8587 8683 8684
f 8780 8684 8683
f 8683 8779 8780
f 8876 8780 8779
f 8779 8875 8876
f 8972 8876 8875
f 8875 8971 8972
f 9068 8972 8971
f 8971 9067 9068
f 9164 9068 9067
f 9067 9163 9164
f 9260 9164 9163
f 9163 9259 9260
f 9356 9260 9259
f 9259 9355 9356
f 9452 9356 9355
f 9355 9451 9452
f 9548 9452 9451
f 9451 9547 9548
f 9644 9548 9547
f 9547 9643 9644
f 9740 9644 9643
f 9643 9739 9740
f 9836 9740 9739
f 9739 9835 9836
f 9932 9836 9835
f 9835 9931 9932
f 10028 9932 9931
f 9931 10027 10028
f 10124 10028 10027
f 10027 10123 10124
f 10220 10124 10123
f 10123 10219 10220
f 10316 10220 10219
f 10219 10315 10316
f 10412 10316 10315
f 10315 10411 10412
f 10508 10412 10411
f 10411 10507 10508
f 10604 10508 10507
f 10507 10603 10604
f 10700 10604 10603
f 10603 10699 10700
f 10796 10700 10699
f 10699 10795 10796
f 10892 10796 10795
f 10795 10891 10892
f 10988 10892 10891
f 10891 10987 10988
f 11084 10988 10987
f 10987 11083 11084
f 11180 11084 11083
f 11083 11179 11180
f 11276 11180 11179
f 11179 11275 11276
f 11372 11276 11275
f 11275 11371 11372
f 11468 11372 11371
f 11371 11467 11468
f 11564 11468 11467
f 11467 11563 11564
f 11660 11564 11563
f 11563 11659 11660
f 11756 11660 11659
f 11659 11755 11756
f 11852 11756 11755
f 11755 11851 11852
f 11948 11852 11851
f 11851 11947 11948
f 12044 11948 11947
f 11947 12043 12044
f 12140 12044 12043
f 12043 12139 12140
f 12236 12140 12139
f 12139 12235 12236
f 12332 12236 12235
f 12235 12331 12332
f 12428 12332 12331
f 12331 12427 12428
f 12524 12428 12427
f 12427 12523 12524
f 12620 12524 12523
f 12523 12619 12620
f 12716 12620 12619
f 12619 12715 12716
f 12812 12716 12715
f 12715 12811 12812
f 12908 12812 12811
f 12811 12907 12908
f 13004 12908 12907
f 12907 13003 13004
f 13100 13004 13003
f 13003 13099 13100
f 13196 13100 13099
f 13099 13195 13196
f 13292 13196 13195
f 13195 13291 13292
f 13388 13292 13291
f 13291 13387 13388
f 13484 13388 13387
f 13387 13483 13484
f 13580 13484 13483
f 13483 13579 13580
f 13676 13580 13579
f 13579 13675 13676
f 13772 13676 13675
f 13675 13771 13772
f 13868 13772 13771
f 13771 13867 13868
f 13964 13868 13867
f 13867 13963 13964
f 14060 13964 13963
f 13963 14059 14060
f 14156 14060 14059
f 14059 14155 14156
f 5133 5037 5036
f 5036 5132 5133
f 5229 5133 5132
f 5132 5228 5229
f 5325 5229 5228
f 5228 5324 5325
f 5421 5325 5324
f 5324 5420 5421
f 5517 5421 5420
f 5420 5516 5517
f 5613 5517 5516
f 5516 5612 5613
f 5709 5613 5612
f 5612 5708 5709
f 5805 5709 5708
f 5708 5804 5805
f 5901 5805 5804
f 5804 5900 5901
f 5997 5901 5900
f 5900 5996 5997
f 6093 5997 5996
f 5996 6092 6093
f 6189 6093 6092
f 6092 6188 6189
f 6285 6189 6188
f 6188 6284 6285
f 6381 6285 6284
f 6284 6380 6381
f 6477 6381 6380
f 6380 6476 6477
f 6573 6477 6476
f 6476 6572 6573
f 6669 6573 6572
f 6572 6668 6669
f 6765 6669 6668
f 6668 6764 6765
f 6861 6765 6764
f 6764 6860 6861
f 6957 6861 6860
f 6860 6956 6957
f 7053 6957 6956
f 6956 7052 7053
f 7149 7053 7052
f 7052 7148 7149
f 7245 7149 7148
f 7148 7244 7245
f 7341 7245 7244
f 7244 7340 7341
f 7437 7341 7340
f 7340 7436 7437
f 7533 7437 7436
f 7436 7532 7533
f 7629 7533 7532
f 7532 7628 7629
f 7725 7629 7628
f 7628 7724 7725
f 7821 7725 7724
f 7724 7820 7821
f 7917 7821 7820
f 7820 7916 7917
f 8013 7917 7916
f 7916 8012 8013
f 8109 8013 8012
f 8012 8108 8109
f 8205 8109 8108
f 8108 8204 8205
f 8301 8205 8204
f 8204 8300 8301
f 8397 8301 8300
f 8300 8396 8397
f 8493 8397 8396
f 8396 8492 8493
f 8589 8493 8492
f 8492 8588 8589
f 8685 8589 8588
f 8588 8684 8685
f 8781 8685 8684
f 8684 8780 8781
f 8877 8781 8780
f 8780 8876 8877
f 8973 8877 8876
f 8876 8972 8973
f 9069 8973 8972
f 8972 9068 9069
f 9165 9069 9068
f 9068 9164 9165
f 9261 9165 9164
f 9164 9260 9261
f 9357 9261 9260
f 9260 9356 9357
f 9453 9357 9356
f 9356 9452 9453
f 9549 9453 9452
f 9452 9548 9549
f 9645 9549 9548
f 9548 9644 9645
f 9741 9645 9644
f 9644 9740 9741
f 9837 9741 9740
f 9740 9836 9837
f 9933 9837 9836
f 9836 9932 9933
f 10029 9933 9932
f 9932 10028 10029
f 10125 10029 10028
f 10028 10124 10125
f 10221 10125 10124
f 10124 10220 10221
f 10317 10221 10220
f 10220 10316 10317
f 10413 10317 10316
f 10316 10412 10413
f 10509 10413 10412
f 10412 10508 10509
f 10605 10509 10508
f 10508 10604 10605
f 10701 10605 10604
f 10604 10700 10701
f 10797 10701 10700
f 10700 10796 10797
f 10893 10797 10796
f 10796 10892 10893
f 10989 10893 10892
f 10892 10988 10989
f 11085 10989 10988
f 10988 11084 11085
f 11181 11085 11084
f 11084 11180 11181
f 11277 11181 11180
f 11180 11276 11277
f 11373 11277 11276
f 11276 11372 11373
f 11469 11373 11372
f 11372 11468 11469
f 11565 11469 11468
f 11468 11564 11565
f 11661 11565 11564
f 11564 11660 11661
f 11757 11661 11660
f 11660 11756 11757
f 11853 11757 11756
f 11756 11852 11853
f 11949 11853 11852
f 11852 11948 11949
f 12045 11949 11948
f 11948 12044 12045
f 12141 12045 12044
f 12044 12140 12141
f 12237 12141 12140
f 12140 12236 12237
f 12333 12237 12236
f 12236 12332 12333
f 12429 12333 12332
f 12332 12428 12429
f 12525 12429 12428
f 12428 12524 12525
f 12621 12525 12524
f 12524 12620 12621
f 12717 12621 12620
f 12620 12716 12717
f 12813 12717 12716
f 12716 12812 12813
f 12909 12813 12812
f 12812 12908 12909
f 13005 12909 12908
f 12908 13004 13005
f 13101 13005 13004
f 13004 13100 13101
f 13197 13101 13100
f 13100 13196 13197
f 13293 13197 13196
f 13196 13292 13293
f 13389 13293 13292
f 13292 13388 13389
f 13485 13389 13388
f 13388 13484 13485
f 13581 13485 13484
f 13484 13580 13581
f 13677 13581 13580
f 13580 13676 13677
f 13773 13677 13676
f 13676 13772 13773
f 13869 13773 13772
f 13772 13868 13869
f 13965 13869 13868
f 13868 13964 13965
f 14061 13965 13964
f 13964 14060 14061
f 14157 14061 14060
f 14060 14156 14157
f 5134 5038 5037
f 5037 5133 5134
f 5230 5134 5133
f 5133 5229 5230
f 5326 5230 5229
f 5229 5325 5326
f 5422 5326 5325
f 5325 5421 5422
f 5518 5422 5421
f 5421 5517 5518
f 5614 5518 5517
f 5517 5613 5614
f 5710 5614 5613
f 5613 5709 5710
f 5806 5710 5709
f 5709 5805 5806
f 5902 5806 5805
f 5805 5901 5902
f 5998 5902 5901
f 5901 5997 5998
f 6094 5998 5997
f 5997 6093 6094
f 6190 6094 6093
f 6093 6189 6190
f 6286 6190 6189
f 6189 6285 6286
f 6382 6286 6285
f 6285 6381 6382
f 6478 6382 6381
f 6381 6477 6478
f 6574 6478 6477
f 6477 6573 6574
f 6670 6574 6573
f 6573 6669 6670
f 6766 6670 6669
f 6669 6765 6766
f 6862 6766 6765
f 6765 6861 6862
f 6958 6862 6861
f 6861 6957 6958
f 7054 6958 6957
f 6957 7053 7054
f 7150 7054 7053
f 7053 7149 7150
f 7246 7150 7149
f 7149 7245 7246
f 7342 7246 7245
f 7245 7341 7342
f 7438 7342 7341
f 7341 7437 7438
f 7534 7438 7437
f 7437 7533 7534
f 7630 7534 7533
f 7533 7629 7630
f 7726 7630 7629
f 7629 7725 7726
f 7822 7726 7725
f 7725 7821 7822
f 7918 7822 7821
f 7821 7917 7918
f 8014 7918 7917
f 7917 8013 8014
f 8110 8014 8013
f 8013 8109 8110
f 8206 8110 8109
f 8109 8205 8206
f 8302 8206 8205
f 8205 8301 8302
f 8398 8302 8301
f 8301 8397 8398
f 8494 8398 8397
f 8397 8493 8494
f 8590 8494 8493
f 8493 8589 8590
f 8686 8590 8589
f 8589 8685 8686
f 8782 8686 8685
f 8685 8781 8782
f 8878 8782 8781
f 8781 8877 8878
f 8974 8878 8877
f 8877 8973 8974
f 9070 8974 8973
f 8973 9069 9070
f 9166 9070 9069
f 9069 9165 9166
f 9262 9166 9165
f 9165 9261 9262
f 9358 9262 9261
f 9261 9357 9358
f 9454 9358 9357
f 9357 9453 9454
f 9550 9454 9453
f 9453 9549 9550
f 9646 9550 9549
f 9549 9645 9646
f 9742 9646 9645
f 9645 9741 9742
f 9838 9742 9741
f 9741 9837 9838
f 9934 9838 9837
f 9837 9933 9934
f 10030 9934 9933
f 9933 10029 10030
f 10126 10030 10029
f 10029 10125 10126
f 10222 10126 10125
f 10125 10221 10222
f 10318 10222 10221
f 10221 10317 10318
f 10414 10318 10317
f 10317 10413 10414
f 10510 10414 10413
f 10413 10509 10510
f 10606 10510 10509
f 10509 10605 10606
f 10702 10606 10605
f 10605 10701 10702
f 10798 10702 10701
f 10701 10797 10798
f 10894 10798 10797
f 10797 10893 10894
f 10990 10894 10893
f 10893 10989 10990
f 11086 10990 10989
f 10989 11085 11086
f 11182 11086 11085
f 11085 11181 11182
f 11278 11182 11181
f 11181 11277 11278
f 11374 11278 11277
f 11277 11373 11374
f 11470 11374 11373
f 11373 11469 11470
f 11566 11470 11469
f 11469 11565 11566
f 11662 11566 11565
f 11565 11661 11662
f 11758 11662 11661
f 11661 11757 11758
f 11854 11758 11757
f 11757 11853 11854
f 11950 11854 11853
f 11853 11949 11950
f 12046 11950 11949
f 11949 12045 12046
f 12142 12046 12045
f 12045 12141 12142
f 12238 12142 12141
f 12141 12237 12238
f 12334 12238 12237
f 12237 12333 12334
f 12430 12334 12333
f 12333 12429 12430
f 12526 12430 12429
f 12429 12525 12526
f 12622 12526 12525
f 12525 12621 12622
f 12718 12622 12621
f 12621 12717 12718
f 12814 12718 12717
f 12717 12813 12814
f 12910 12814 12813
f 12813 12909 12910
f 13006 12910 12909
f 12909 13005 13006
f 13102 13006 13005
f 13005 13101 13102
f 13198 13102 13101
f 13101 13197 13198
f 13294 13198 13197
f 13197 13293 13294
f 13390 13294 13293
f 13293 13389 13390
f 13486 13390 13389
f 13389 13485 13486
f 13582 13486 13485
f 13485 13581 13582
f 13678 13582 13581
f 13581 13677 13678
f 13774 13678 13677
f 13677 13773 13774
f 13870 13774 13773
f 13773 13869 13870
f 13966 13870 13869
f 13869 13965 13966
f 14062 13966 13965
f 13965 14061 14062
f 14158 14062 14061
f 14061 14157 14158
f 5135 5039 5038
f 5038 5134 5135
f 5231 5135 5134
f 5134 5230 5231
f 5327 5231 5230
f 5230 5326 5327
f 5423 5327 5326
f 5326 5422 5423
f 5519 5423 5422
f 5422 5518 5519
f 5615 5519 5518
f 5518 5614 5615
f 5711 5615 5614
f 5614 5710 5711
f 5807 5711 5710
f 5710 5806 5807
f 5903 5807 5806
f 5806 5902 5903
f 5999 5903 5902
f 5902 5998 5999
f 6095 5999 5998
f 5998 6094 6095
f 6191 6095 6094
f 6094 6190 6191
f 6287 6191 6190
f 6190 6286 6287
f 6383 6287 6286
f 6286 6382 6383
f 6479 6383 6382
f 6382 6478 6479
f 6575 6479 6478
f 6478 6574 6575
f 6671 6575 6574
f 6574 6670 6671
f 6767 6671 6670
f 6670 6766 6767
f 6863 6767 6766
f 6766 6862 6863
f 6959 6863 6862
f 6862 6958 6959
f 7055 6959 6958
f 6958 7054 7055
f 7151 7055 7054
f 7054 7150 7151
f 7247 7151 7150
f 7150 7246 7247
f 7343 7247 7246
f 7246 7342 7343
f 7439 7343 7342
f 7342 7438 7439
f 7535 7439 7438
f 7438 7534 7535
f 7631 7535 7534
f 7534 7630 7631
f 7727 7631 7630
f 7630 7726 7727
f 7823 7727 7726
f 7726 7822 7823
f 7919 7823 7822
f 7822 7918 7919
f 8015 7919 7918
f 7918 8014 8015
f 8111 8015 8014
f 8014 8110 8111
f 8207 8111 8110
f 8110 8206 8207
f 8303 8207 8206
f 8206 8302 8303
f 8399 8303 8302
f 8302 8398 8399
f 8495 8399 8398
f 8398 8494 8495
f 8591 8495 8494
f 8494 8590 8591
f 8687 8591 8590
f 8590 8686 8687
f 8783 8687 8686
f 8686 8782 8783
f 8879 8783 8782
f 8782 8878 8879
f 8975 8879 8878
f 8878 8974 8975
f 9071 8975 8974
f 8974 9070 9071
f 9167 9071 9070
f 9070 9166 9167
f 9263 9167 9166
f 9166 9262 9263
f 9359 9263 9262
f 9262 9358 9359
f 9455 9359 9358
f 9358 9454 9455
f 9551 9455 9454
f 9454 9550 9551
f 9647 9551 9550
f 9550 9646 9647
f 9743 9647 9646
f 9646 9742 9743
f 9839 9743 9742
f 9742 9838 9839
f 9935 9839 9838
f 9838 9934 9935
f 10031 9935 9934
f 9934 10030 10031
f 10127 10031 10030
f 10030 10126 10127
f 10223 10127 10126
f 10126 10222 10223
f 10319 10223 10222
f 10222 10318 10319
f 10415 10319 10318
f 10318 10414 10415
f 10511 10415 10414
f 10414 10510 10511
f 10607 10511 10510
f 10510 10606 10607
f 10703 10607 10606
f 10606 10702 10703
f 10799 10703 10702
f 10702 10798 10799
f 10895 10799 10798
f 10798 10894 10895
f 10991 10895 10894
f 10894 10990 10991
f 11087 10991 10990
f 10990 11086 11087
f 11183 11087 11086
f 11086 11182 11183
f 11279 11183 11182
f 11182 11278 11279
f 11375 11279 11278
f 11278 11374 11375
f 11471 11375 11374
f 11374 11470 11471
f 11567 11471 11470
f 11470 11566 11567
f 11663 11567 11566
f 11566 11662 11663
f 11759 11663 11662
f 11662 11758 11759
f 11855 11759 11758
f 11758 11854 11855
f 11951 11855 11854
f 11854 11950 11951
f 12047 11951 11950
f 11950 12046 12047
f 12143 12047 12046
f 12046 12142 12143
f 12239 12143 12142
f 12142 12238 12239
f 12335 12239 12238
f 12238 12334 12335
f 12431 12335 12334
f 12334 12430 12431
f 12527 12431 12430
f 12430 12526 12527
f 12623 12527 12526
f 12526 12622 12623
f 12719 12623 12622
f 12622 12718 12719
f 12815 12719 12718
f 12718 12814 12815
f 12911 12815 12814
f 12814 12910 12911
f 13007 12911 12910
f 12910 13006 13007
f 13103 13007 13006
f 13006 13102 13103
f 13199 13103 13102
f 13102 13198 13199
f 13295 13199 13198
f 13198 13294 13295
f 13391 13295 13294
f 13294 13390 13391
f 13487 13391 13390
f 13390 13486 13487
f 13583 13487 13486
f 13486 13582 13583
f 13679 13583 13582
f 13582 13678 13679
f 13775 13679 13678
f 13678 13774 13775
f 13871 13775 13774
f 13774 13870 13871
f 13967 13871 13870
f 13870 13966 13967
f 14063 13967 13966
f 13966 14062 14063
f 14159 14063 14062
f 14062 14158 14159
f 5136 5040 5039
f 5039 5135 5136
f 5232 5136 5135
f 5135 5231 5232
f 5328 5232 5231
f 5231 5327 5328
f 5424 5328 5327
f 5327 5423 5424
f 5520 5424 5423
f 5423 5519 5520
f 5616 5520 5519
f 5519 5615 5616
f 5712 5616 5615
f 5615 5711 5712
f 5808 5712 5711
f 5711 5807 5808
f 5904 5808 5807
f 5807 5903 5904
f 6000 5904 5903
f 5903 5999 6000
f 6096 6000 5999
f 5999 6095 6096
f 6192 6096 6095
f 6095 6191 6192
f 6288 6192 6191
f 6191 6287 6288
f 6384 6288 6287
f 6287 6383 6384
f 6480 6384 6383
f 6383 6479 6480
f 6576 6480 6479
f 6479 6575 6576
f 6672 6576 6575
f 6575 6671 6672
f 6768 6672 6671
f 6671 6767 6768
f 6864 6768 6767
f 6767 6863 6864
f 6960 6864 6863
f 6863 6959 6960
f 7056 6960 6959
f 6959 7055 7056
f 7152 7056 7055
f 7055 7151 7152
f 7248 7152 7151
f 7151 7247 7248
f 7344 7248 7247
f 7247 7343 7344
f 7440 7344 7343
f 7343 7439 7440
f 7536 7440 7439
f 7439 7535 7536
f 7632 7536 7535
f 7535 7631 7632
f 7728 7632 7631
f 7631 7727 7728
f 7824 7728 7727
f 7727 7823 7824
f 7920 7824 7823
f 7823 7919 7920
f 8016 7920 7919
f 7919 8015 8016
f 8112 8016 8015
f 8015 8111 8112
f 8208 8112 8111
f 8111 8207 8208
f 8304 8208 8207
f 8207 8303 8304
f 8400 8304 8303
f 8303 8399 8400
f 8496 8400 8399
f 8399 8495 8496
f 8592 8496 8495
f 8495 8591 8592
f 8688 8592 8591
f 8591 8687 8688
f 8784 8688 8687
f 8687 8783 8784
f 8880 8784 8783
f 8783 8879 8880
f 8976 8880 8879
f 8879 8975 8976
f 9072 8976 8975
f 8975 9071 9072
f 9168 9072 9071
f 9071 9167 9168
f 9264 9168 9167
f 9167 9263 9264
f 9360 9264 9263
f 9263 9359 9360
f 9456 9360 9359
f 9359 9455 9456
f 9552 9456 9455
f 9455 9551 9552
f 9648 9552 9551
f 9551 9647 9648
f 9744 9648 9647
f 9647 9743 9744
f 9840 9744 9743
f 9743 9839 9840
f 9936 9840 9839
f 9839 9935 9936
f 10032 9936 9935
f 9935 10031 10032
f 10128 10032 10031
f 10031 10127 10128
f 10224 10128 10127
f 10127 10223 10224
f 10320 10224 10223
f 10223 10319 10320
f 10416 10320 10319
f 10319 10415 10416
f 10512 10416 10415
f 10415 10511 10512
f 10608 10512 10511
f 10511 10607 10608
f 10704 10608 10607
f 10607 10703 10704
f 10800 10704 10703
f 10703 10799 10800
f 10896 10800 10799
f 10799 10895 10896
f 10992 10896 10895
f 10895 10991 10992
f 11088 10992 10991
f 10991 11087 11088
f 11184 11088 11087
f 11087 11183 11184
f 11280 11184 11183
f 11183 11279 11280
f 11376 11280 11279
f 11279 11375 11376
f 11472 11376 11375
f 11375 11471 11472
f 11568 11472 11471
f 11471 11567 11568
f 11664 11568 11567
f 11567 11663 11664
f 11760 11664 11663
f 11663 11759 11760
f 11856 11760 11759
f 11759 11855 11856
f 11952 11856 11855
f 11855 11951 11952
f 12048 11952 11951
f 11951 12047 12048
f 12144 12048 12047
f 12047 12143 12144
f 12240 12144 12143
f 12143 12239 12240
f 12336 12240 12239
f 12239 12335 12336
f 12432 12336 12335
f 12335 12431 12432
f 12528 12432 12431
f 12431 12527 12528
f 12624 12528 12527
f 12527 12623 12624
f 12720 12624 12623
f 12623 12719 12720
f 12816 12720 12719
f 12719 12815 12816
f 12912 12816 12815
f 12815 12911 12912
f 13008 12912 12911
f 12911 13007 13008
f 13104 13008 13007
f 13007 13103 13104
f 13200 13104 13103
f 13103 13199 13200
f 13296 13200 13199
f 13199 13295 13296
f 13392 13296 13295
f 13295 13391 13392
f 13488 13392 13391
f 13391 13487 13488
f 13584 13488 13487
f 13487 13583 13584
f 13680 13584 13583
f 13583 13679 13680
f 13776 13680 13679
f 13679 13775 13776
f 13872 13776 13775
f 13775 13871 13872
f 13968 13872 13871
f 13871 13967 13968
f 14064 13968 13967
f 13967 14063 14064
f 14160 14064 14063
f 14063 14159 14160
f 5137 5041 5040
f 5040 5136 5137
f 5233 5137 5136
f 5136 5232 5233
f 5329 5233 5232
f 5232 5328 5329
f 5425 5329 5328
f 5328 5424 5425
f 5521 5425 5424
f 5424 5520 5521
f 5617 5521 5520
f 5520 5616 5617
f 5713 5617 5616
f 5616 5712 5713
f 5809 5713 5712
f 5712 5808 5809
f 5905 5809 5808
f 5808 5904 5905
f 6001 5905 5904
f 5904 6000 6001
f 6097 6001 6000
f 6000 6096 6097
f 6193 6097 6096
f 6096 6192 6193
f 6289 6193 6192
f 6192 6288 6289
f 6385 6289 6288
f 6288 6384 6385
f 6481 6385 6384
f 6384 6480 6481
f 6577 6481 6480
f 6480 6576 6577
f 6673 6577 6576
f 6576 6672 6673
f 6769 6673 6672
f 6672 6768 6769
f 6865 6769 6768
f 6768 6864 6865
f 6961 6865 6864
f 6864 6960 6961
f 7057 6961 6960
f 6960 7056 7057
f 7153 7057 7056
f 7056 7152 7153
f 7249 7153 7152
f 7152 7248 7249
f 7345 7249 7248
f 7248 7344 7345
f 7441 7345 7344
f 7344 7440 7441
f 7537 7441 7440
f 7440 7536 7537
f 7633 7537 7536
f 7536 7632 7633
f 7729 7633 7632
f 7632 7728 7729
f 7825 7729 7728
f 7728 7824 7825
f 7921 7825 7824
f 7824 7920 7921
f 8017 7921 7920
f 7920 8016 8017
f 8113 8017 8016
f 8016 8112 8113
f 8209 8113 8112
f 8112 8208 8209
f 8305 8209 8208
f 8208 8304 8305
f 8401 8305 8304
f 8304 8400 8401
f 8497 8401 8400
f 8400 8496 8497
f 8593 8497 8496
f 8496 8592 8593
f 8689 8593 8592
f 8592 8688 8689
f 8785 8689 8688
f 8688 8784 8785
f 8881 8785 8784
f 8784 8880 8881
f 8977 8881 8880
f 8880 8976 8977
f 9073 8977 8976
f 8976 9072 9073
f 9169 9073 9072
f 9072 9168 9169
f 9265 9169 9168
f 9168 9264 9265
f 9361 9265 9264
f 9264 9360 9361
f 9457 9361 9360
f 9360 9456 9457
f 9553 9457 9456
f 9456 9552 9553
f 9649 9553 9552
f 9552 9648 9649
f 9745 9649 9648
f 9648 9744 9745
f 9841 9745 9744
f 9744 9840 9841
f 9937 9841 9840
f 9840 9936 9937
f 10033 9937 9936
f 9936 10032 10033
f 10129 10033 10032
f 10032 10128 10129
f 10225 10129 10128
f 10128 10224 10225
f 10321 10225 10224
f 10224 10320 10321
f 10417 10321 10320
f 10320 10416 10417
f 10513 10417 10416
f 10416 10512 10513
f 10609 10513 10512
f 10512 10608 10609
f 10705 10609 10608
f 10608 10704 10705
f 10801 10705 10704
f 10704 10800 10801
f 10897 10801 10800
f 10800 10896 10897
f 10993 10897 10896
f 10896 10992 10993
f 11089 10993 10992
f 10992 11088 11089
f 11185 11089 11088
f 11088 11184 11185
f 11281 11185 11184
f 11184 11280 11281
f 11377 11281 11280
f 11280 11376 11377
f 11473 11377 11376
f 11376 11472 11473
f 11569 11473 11472
f 11472 11568 11569
f 11665 11569 11568
f 11568 11664 11665
f 11761 11665 11664
f 11664 11760 11761
f 11857 11761 11760
f 11760 11856 11857
f 11953 11857 11856
f 11856 11952 11953
f 12049 11953 11952
f 11952 12048 12049
f 12145 12049 12048
f 12048 12144 12145
f 12241 12145 12144
f 12144 12240 12241
f 12337 12241 12240
f 12240 12336 12337
f 12433 12337 12336
f 12336 12432 12433
f 12529 12433 12432
f 12432 12528 12529
f 12625 12529 12528
f 12528 12624 12625
f 12721 12625 12624
f 12624 12720 12721
f 12817 12721 12720
f 12720 12816 12817
f 12913 12817 12816
f 12816 12912 12913
f 13009 12913 12912
f 12912 13008 13009
f 13105 13009 13008
f 13008 13104 13105
f 13201 13105 13104
f 13104 13200 13201
f 13297 13201 13200
f 13200 13296 13297
f 13393 13297 13296
f 13296 13392 13393
f 13489 13393 13392
f 13392 13488 13489
f 13585 13489 13488
f 13488 13584 13585
f 13681 13585 13584
f 13584 13680 13681
f 13777 13681 13680
f 13680 13776 13777
f 13873 13777 13776
f 13776 13872 13873
f 13969 13873 13872
f 13872 13968 13969
f 14065 13969 13968
f 13968 14064 14065
f 14161 14065 14064
f 14064 14160 14161
f 5138 5042 5041
f 5041 5137 5138
f 5234 5138 5137
f 5137 5233 5234
f 5330 5234 5233
f 5233 5329 5330
f 5426 5330 5329
f 5329 5425 5426
f 5522 5426 5425
f 5425 5521 5522
f 5618 5522 5521
f 5521 5617 5618
f 5714 5618 5617
f 5617 5713 5714
f 5810 5714 5713
f 5713 5809 5810
f 5906 5810 5809
f 5809 5905 5906
f 6002 5906 5905
f 5905 6001 6002
f 6098 6002 6001
f 6001 6097 6098
f 6194 6098 6097
f 6097 6193 6194
f 6290 6194 6193
f 6193 6289 6290
f 6386 6290 6289
f 6289 6385 6386
f 6482 6386 6385
f 6385 6481 6482
f 6578 6482 6481
f 6481 6577 6578
f 6674 6578 6577
f 6577 6673 6674
f 6770 6674 6673
f 6673 6769 6770
f 6866 6770 6769
f 6769 6865 6866
f 6962 6866 6865
f 6865 6961 6962
f 7058 6962 6961
f 6961 7057 7058
f 7154 7058 7057
f 7057 7153 7154
f 7250 7154 7153
f 7153 7249 7250
f 7346 7250 7249
f 7249 7345 7346
f 7442 7346 7345
f 7345 7441 7442
f 7538 7442 7441
f 7441 7537 7538
f 7634 7538 7537
f 7537 7633 7634
f 7730 7634 7633
f 7633 7729 7730
f 7826 7730 7729
f 7729 7825 7826
f 7922 7826 7825
f 7825 7921 7922
f 8018 7922 7921
f 7921 8017 8018
f 8114 8018 8017
f 8017 8113 8114
f 8210 8114 8113
f 8113 8209 8210
f 8306 8210 8209
f 8209 8305 8306
f 8402 8306 8305
f 8305 8401 8402
f 8498 8402 8401
f 8401 8497 8498
f 8594 8498 8497
f 8497 8593 8594
f 8690 8594 8593
f 8593 8689 8690
f 8786 8690 8689
f 8689 8785 8786
f 8882 8786 8785
f 8785 8881 8882
f 8978 8882 8881
f 8881 8977 8978
f 9074 8978 8977
f 8977 9073 9074
f 9170 9074 9073
f 9073 9169 9170
f 9266 9170 9169
f 9169 9265 9266
f 9362 9266 9265
f 9265 9361 9362
f 9458 9362 9361
f 9361 9457 9458
f 9554 9458 9457
f 9457 9553 9554
f 9650 9554 9553
f 9553 9649 9650
f 9746 9650 9649
f 9649 9745 9746
f 9842 9746 9745
f 9745 9841 9842
f 9938 9842 9841
f 9841 9937 9938
f 10034 9938 9937
f 9937 10033 10034
f 10130 10034 10033
f 10033 10129 10130
f 10226 10130 10129
f 10129 10225 10226
f 10322 10226 10225
f 10225 10321 10322
f 10418 10322 10321
f 10321 10417 10418
f 10514 10418 10417
f 10417 10513 10514
f 10610 10514 10513
f 10513 10609 10610
f 10706 10610 10609
f 10609 10705 10706
f 10802 10706 10705
f 10705 10801 10802
f 10898 10802 10801
f 10801 10897 10898
f 10994 10898 10897
f 10897 10993 10994
f 11090 10994 10993
f 10993 11089 11090
f 11186 11090 11089
f 11089 11185 11186
f 11282 11186 11185
f 11185 11281 11282
f 11378 11282 11281
f 11281 11377 11378
f 11474 11378 11377
f 11377 11473 11474
f 11570 11474 11473
f 11473 11569 11570
f 11666 11570 11569
f 11569 11665 11666
f 11762 11666 11665
f 11665 11761 11762
f 11858 11762 11761
f 11761 11857 11858
f 11954 11858 11857
f 11857 11953 11954
f 12050 11954 11953
f 11953 12049 12050
f 12146 12050 12049
f 12049 12145 12146
f 12242 12146 12145
f 12145 12241 12242
f 12338 12242 12241
f 12241 12337 12338
f 12434 12338 12337
f 12337 12433 12434
f 12530 12434 12433
f 12433 12529 12530
f 12626 12530 12529
f 12529 12625 12626
f 12722 12626 12625
f 12625 12721 12722
f 12818 12722 12721
f 12721 12817 12818
f 12914 12818 12817
f 12817 12913 12914
f 13010 12914 12913
f 12913 13009 13010
f 13106 13010 13009
f 13009 13105 13106
f 13202 13106 13105
f 13105 13201 13202
f 13298 13202 13201
f 13201 13297 13298
f 13394 13298 13297
f 13297 13393 13394
f 13490 13394 13393
f 13393 13489 13490
f 13586 13490 13489
f 13489 13585 13586
f 13682 13586 13585
f 13585 13681 13682
f 13778 13682 13681
f 13681 13777 13778
f 13874 13778 13777
f 13777 13873 13874
f 13970 13874 13873
f 13873 13969 13970
f 14066 13970 13969
f 13969 14065 14066
f 14162 14066 14065
f 14065 14161 14162
f 5139 5043 5042
f 5042 5138 5139
f 5235 5139 5138
f 5138 5234 5235
f 5331 5235 5234
f 5234 5330 5331
f 5427 5331 5330
f 5330 5426 5427
f 5523 5427 5426
f 5426 5522 5523
f 5619 5523 5522
f 5522 5618 5619
f 5715 5619 5618
f 5618 5714 5715
f 5811 5715 5714
f 5714 5810 5811
f 5907 5811 5810
f 5810 5906 5907
f 6003 5907 5906
f 5906 6002 6003
f 6099 6003 6002
f 6002 6098 6099
f 6195 6099 6098
f 6098 6194 6195
f 6291 6195 6194
f 6194 6290 6291
f 6387 6291 6290
f 6290 6386 6387
f 6483 6387 6386
f 6386 6482 6483
f 6579 6483 6482
f 6482 6578 6579
f 6675 6579 6578
f 6578 6674 6675
f 6771 6675 6674
f 6674 6770 6771
f 6867 6771 6770
f 6770 6866 6867
f 6963 6867 6866
f 6866 6962 6963
f 7059 6963 6962
f 6962 7058 7059
f 7155 7059 7058
f 7058 7154 7155
f 7251 7155 7154
f 7154 7250 7251
f 7347 7251 7250
f 7250 7346 7347
f 7443 7347 7346
f 7346 7442 7443
f 7539 7443 7442
f 7442 7538 7539
f 7635 7539 7538
f 7538 7634 7635
f 7731 7635 7634
f 7634 7730 7731
f 7827 7731 7730
f 7730 7826 7827
f 7923 7827 7826
f 7826 7922 7923
f 8019 7923 7922
f 7922 8018 8019
f 8115 8019 8018
f 8018 8114 8115
f 8211 8115 8114
f 8114 8210 8211
f 8307 8211 8210
f 8210 8306 8307
f 8403 8307 8306
f 8306 8402 8403
f 8499 8403 8402
f 8402 8498 8499
f 8595 8499 8498
f 8498 8594 8595
f 8691 8595 8594
f 8594 8690 8691
f 8787 8691 8690
f 8690 8786 8787
f 8883 8787 8786
f 8786 8882 8883
f 8979 8883 8882
f 8882 8978 8979
f 9075 8979 8978
f 8978 9074 9075
f 9171 9075 9074
f 9074 9170 9171
f 9267 9171 9170
f 9170 9266 9267
f 9363 9267 9266
f 9266 9362 9363
f 9459 9363 9362
f 9362 9458 9459
f 9555 9459 9458
f 9458 9554 9555
f 9651 9555 9554
f 9554 9650 9651
f 9747 9651 9650
f 9650 9746 9747
f 9843 9747 9746
f 9746 9842 9843
f 9939 9843 9842
f 9842 9938 9939
f 10035 9939 9938
f 9938 10034 10035
f 10131 10035 10034
f 10034 10130 10131
f 10227 10131 10130
f 10130 10226 10227
f 10323 10227 10226
f 10226 10322 10323
f 10419 10323 10322
f 10322 10418 10419
f 10515 10419 10418
f 10418 10514 10515
f 10611 10515 10514
f 10514 10610 10611
f 10707 10611 10610
f 10610 10706 10707
f 10803 10707 10706
f 10706 10802 10803
f 10899 10803 10802
f 10802 10898 10899
f 10995 10899 10898
f 10898 10994 10995
f 11091 10995 10994
f 10994 11090 11091
f 11187 11091 11090
f 11090 11186 11187
f 11283 11187 11186
f 11186 11282 11283
f 11379 11283 11282
f 11282 11378 11379
f 11475 11379 11378
f 11378 11474 11475
f 11571 11475 11474
f 11474 11570 11571
f 11667 11571 11570
f 11570 11666 11667
f 11763 11667 11666
f 11666 11762 11763
f 11859 11763 11762
f 11762 11858 11859
f 11955 11859 11858
f 11858 11954 11955
f 12051 11955 11954
f 11954 12050 12051
f 12147 12051 12050
f 12050 12146 12147
f 12243 12147 12146
f 12146 12242 12243
f 12339 12243 12242
f 12242 12338 12339
f 12435 12339 12338
f 12338 12434 12435
f 12531 12435 12434
f 12434 12530 12531
f 12627 12531 12530
f 12530 12626 12627
f 12723 12627 12626
f 12626 12722 12723
f 12819 12723 12722
f 12722 12818 12819
f 12915 12819 12818
f 12818 12914 12915
f 13011 12915 12914
f 12914 13010 13011
f 13107 13011 13010
f 13010 13106 13107
f 13203 13107 13106
f 13106 13202 13203
f 13299 13203 13202
f 13202 13298 13299
f 13395 13299 13298
f 13298 13394 13395
f 13491 13395 13394
f 13394 13490 13491
f 13587 13491 13490
f 13490 13586 13587
f 13683 13587 13586
f 13586 13682 13683
f 13779 13683 13682
f 13682 13778 13779
f 13875 13779 13778
f 13778 13874 13875
f 13971 13875 13874
f 13874 13970 13971
f 14067 13971 13970
f 13970 14066 14067
f 14163 14067 14066
f 14066 14162 14163
f 5140 5044 5043
f 5043 5139 5140
f 5236 5140 5139
f 5139 5235 5236
f 5332 5236 5235
f 5235 5331 5332
f 5428 5332 5331
f 5331 5427 5428
f 5524 5428 5427
f 5427 5523 5524
f 5620 5524 5523
f 5523 5619 5620
f 5716 5620 5619
f 5619 5715 5716
f 5812 5716 5715
f 5715 5811 5812
f 5908 5812 5811
f 5811 5907 5908
f 6004 5908 5907
f 5907 6003 6004
f 6100 6004 6003
f 6003 6099 6100
f 6196 6100 6099
f 6099 6195 6196
f 6292 6196 6195
f 6195 6291 6292
f 6388 6292 6291
f 6291 6387 6388
f 6484 6388 6387
f 6387 6483 6484
f 6580 6484 6483
f 6483 6579 6580
f 6676 6580 6579
f 6579 6675 6676
f 6772 6676 6675
f 6675 6771 6772
f 6868 6772 6771
f 6771 6867 6868
f 6964 6868 6867
f 6867 6963 6964
f 7060 6964 6963
f 6963 7059 7060
f 7156 7060 7059
f 7059 7155 7156
f 7252 7156 7155
f 7155 7251 7252
f 7348 7252 7251
f 7251 7347 7348
f 7444 7348 7347
f 7347 7443 7444
f 7540 7444 7443
f 7443 7539 7540
f 7636 7540 7539
f 7539 7635 7636
f 7732 7636 7635
f 7635 7731 7732
f 7828 7732 7731
f 7731 7827 7828
f 7924 7828 7827
f 7827 7923 7924
f 8020 7924 7923
f 7923 8019 8020
f 8116 8020 8019
f 8019 8115 8116
f 8212 8116 8115
f 8115 8211 8212
f 8308 8212 8211
f 8211 8307 8308
f 8404 8308 8307
f 8307 8403 8404
f 8500 8404 8403
f 8403 8499 8500
f 8596 8500 8499
f 8499 8595 8596
f 8692 8596 8595
f 8595 8691 8692
f 8788 8692 8691
f 8691 8787 8788
f 8884 8788 8787
f 8787 8883 8884
f 8980 8884 8883
f 8883 8979 8980
f 9076 8980 8979
f 8979 9075 9076
f 9172 9076 9075
f 9075 9171 9172
f 9268 9172 9171
f 9171 9267 9268
f 9364 9268 9267
f 9267 9363 9364
f 9460 9364 9363
f 9363 9459 9460
f 9556 9460 9459
f 9459 9555 9556
f 9652 9556 9555
f 9555 9651 9652
f 9748 9652 9651
f 9651 9747 9748
f 9844 9748 9747
f 9747 9843 9844
f 9940 9844 9843
f 9843 9939 9940
f 10036 9940 9939
f 9939 10035 10036
f 10132 10036 10035
f 10035 10131 10132
f 10228 10132 10131
f 10131 10227 10228
f 10324 10228 10227
f 10227 10323 10324
f 10420 10324 10323
f 10323 10419 10420
f 10516 10420 10419
f 10419 10515 10516
f 10612 10516 10515
f 10515 10611 10612
f 10708 10612 10611
f 10611 10707 10708
f 10804 10708 10707
f 10707 10803 10804
f 10900 10804 10803
f 10803 10899 10900
f 10996 10900 10899
f 10899 10995 10996
f 11092 10996 10995
f 10995 11091 11092
f 11188 11092 11091
f 11091 11187 11188
f 11284 11188 11187
f 11187 11283 11284
f 11380 11284 11283
f 11283 11379 11380
f 11476 11380 11379
f 11379 11475 11476
f 11572 11476 11475
f 11475 11571 11572
f 11668 11572 11571
f 11571 11667 11668
f 11764 11668 11667
f 11667 11763 11764
f 11860 11764 11763
f 11763 11859 11860
f 11956 11860 11859
f 11859 11955 11956
f 12052 11956 11955
f 11955 12051 12052
f 12148 12052 12051
f 12051 12147 12148
f 12244 12148 12147
f 12147 12243 12244
f 12340 12244 12243
f 12243 12339 12340
f 12436 12340 12339
f 12339 12435 12436
f 12532 12436 12435
f 12435 12531 12532
f 12628 12532 12531
f 12531 12627 12628
f 12724 12628 12627
f 12627 12723 12724
f 12820 12724 12723
f 12723 12819 12820
f 12916 12820 12819
f 12819 12915 12916
f 13012 12916 12915
f 12915 13011 13012
f 13108 13012 13011
f 13011 13107 13108
f 13204 13108 13107
f 13107 13203 13204
f 13300 13204 13203
f 13203 13299 13300
f 13396 13300 13299
f 13299 13395 13396
f 13492 13396 13395
f 13395 13491 13492
f 13588 13492 13491
f 13491 13587 13588
f 13684 13588 13587
f 13587 13683 13684
f 13780 13684 13683
f 13683 13779 13780
f 13876 13780 13779
f 13779 13875 13876
f 13972 13876 13875
f 13875 13971 13972
f 14068 13972 13971
f 13971 14067 14068
f 14164 14068 14067
f 14067 14163 14164
f 5141 5045 5044
f 5044 5140 5141
f 5237 5141 5140
f 5140 5236 5237
f 5333 5237 5236
f 5236 5332 5333
f 5429 5333 5332
f 5332 5428 5429
f 5525 5429 5428
f 5428 5524 5525
f 5621 5525 5524
f 5524 5620 5621
f 5717 5621 5620
f 5620 5716 5717
f 5813 5717 5716
f 5716 5812 5813
f 5909 5813 5812
f 5812 5908 5909
f 6005 5909 5908
f 5908 6004 6005
f 6101 6005 6004
f 6004 6100 6101
f 6197 6101 6100
f 6100 6196 6197
f 6293 6197 6196
f 6196 6292 6293
f 6389 6293 6292
f 6292 6388 6389
f 6485 6389 6388
f 6388 6484 6485
f 6581 6485 6484
f 6484 6580 6581
f 6677 6581 6580
f 6580 6676 6677
f 6773 6677 6676
f 6676 6772 6773
f 6869 6773 6772
f 6772 6868 6869
f 6965 6869 6868
f 6868 6964 6965
f 7061 6965 6964
f 6964 7060 7061
f 7157 7061 7060
f 7060 7156 7157
f 7253 7157 7156
f 7156 7252 7253
f 7349 7253 7252
f 7252 7348 7349
f 7445 7349 7348
f 7348 7444 7445
f 7541 7445 7444
f 7444 7540 7541
f 7637 7541 7540
f 7540 7636 7637
f 7733 7637 7636
f 7636 7732 7733
f 7829 7733 7732
f 7732 7828 7829
f 7925 7829 7828
f 7828 7924 7925
f 8021 7925 7924
f 7924 8020 8021
f 8117 8021 8020
f 8020 8116 8117
f 8213 8117 8116
f 8116 8212 8213
f 8309 8213 8212
f 8212 8308 8309
f 8405 8309 8308
f 8308 8404 8405
f 8501 8405 8404
f 8404 8500 8501
f 8597 8501 8500
f 8500 8596 8597
f 8693 8597 8596
f 8596 8692 8693
f 8789 8693 8692
f 8692 8788 8789
f 8885 8789 8788
f 8788 8884 8885
f 8981 8885 8884
f 8884 8980 8981
f 9077 8981 8980
f 8980 9076 9077
f 9173 9077 9076
f 9076 9172 9173
f 9269 9173 9172
f 9172 9268 9269
f 9365 9269 9268
f 9268 9364 9365
f 9461 9365 9364
f 9364 9460 9461
f 9557 9461 9460
f 9460 9556 9557
f 9653 9557 9556
f 9556 9652 9653
f 9749 9653 9652
f 9652 9748 9749
f 9845 9749 9748
f 9748 9844 9845
f 9941 9845 9844
f 9844 9940 9941
f 10037 9941 9940
f 9940 10036 10037
f 10133 10037 10036
f 10036 10132 10133
f 10229 10133 10132
f 10132 10228 10229
f 10325 10229 10228
f 10228 10324 10325
f 10421 10325 10324
f 10324 10420 10421
f 10517 10421 10420
f 10420 10516 10517
f 10613 10517 10516
f 10516 10612 10613
f 10709 10613 10612
f 10612 10708 10709
f 10805 10709 10708
f 10708 10804 10805
f 10901 10805 10804
f 10804 10900 10901
f 10997 10901 10900
f 10900 10996 10997
f 11093 10997 10996
f 10996 11092 11093
f 11189 11093 11092
f 11092 11188 11189
f 11285 11189 11188
f 11188 11284 11285
f 11381 11285 11284
f 11284 11380 11381
f 11477 11381 11380
f 11380 11476 11477
f 11573 11477 11476
f 11476 11572 11573
f 11669 11573 11572
f 11572 11668 11669
f 11765 11669 11668
f 11668 11764 11765
f 11861 11765 11764
f 11764 11860 11861
f 11957 11861 11860
f 11860 11956 11957
f 12053 11957 11956
f 11956 12052 12053
f 12149 12053 12052
f 12052 12148 12149
f 12245 12149 12148
f 12148 12244 12245
f 12341 12245 12244
f 12244 12340 12341
f 12437 12341 12340
f 12340 12436 12437
f 12533 12437 12436
f 12436 12532 12533
f 12629 12533 12532
f 12532 12628 12629
f 12725 12629 12628
f 12628 12724 12725
f 12821 12725 12724
f 12724 12820 12821
f 12917 12821 12820
f 12820 12916 12917
f 13013 12917 12916
f 12916 13012 13013
f 13109 13013 13012
f 13012 13108 13109
f 13205 13109 13108
f 13108 13204 13205
f 13301 13205 13204
f 13204 13300 13301
f 13397 13301 13300
f 13300 13396 13397
f 13493 13397 13396
f 13396 13492 13493
f 13589 13493 13492
f 13492 13588 13589
f 13685 13589 13588
f 13588 13684 13685
f 13781 13685 13684
f 13684 13780 13781
f 13877 13781 13780
f 13780 13876 13877
f 13973 13877 13876
f 13876 13972 13973
f 14069 13973 13972
f 13972 14068 14069
f 14165 14069 14068
f 14068 14164 14165
f 5142 5046 5045
f 5045 5141 5142
f 5238 5142 5141
f 5141 5237 5238
f 5334 5238 5237
f 5237 5333 5334
f 5430 5334 5333
f 5333 5429 5430
f 5526 5430 5429
f 5429 5525 5526
f 5622 5526 5525
f 5525 5621 5622
f 5718 5622 5621
f 5621 5717 5718
f 5814 5718 5717
f 5717 5813 5814
f 5910 5814 5813
f 5813 5909 5910
f 6006 5910 5909
f 5909 6005 6006
f 6102 6006 6005
f 6005 6101 6102
f 6198 6102 6101
f 6101 6197 6198
f 6294 6198 6197
f 6197 6293 6294
f 6390 6294 6293
f 6293 6389 6390
f 6486 6390 6389
f 6389 6485 6486
f 6582 6486 6485
f 6485 6581 6582
f 6678 6582 6581
f 6581 6677 6678
f 6774 6678 6677
f 6677 6773 6774
f 6870 6774 6773
f 6773 6869 6870
f 6966 6870 6869
f 6869 6965 6966
f 7062 6966 6965
f 6965 7061 7062
f 7158 7062 7061
f 7061 7157 7158
f 7254 7158 7157
f 7157 7253 7254
f 7350 7254 7253
f 7253 7349 7350
f 7446 7350 7349
f 7349 7445 7446
f 7542 7446 7445
f 7445 7541 7542
f 7638 7542 7541
f 7541 7637 7638
f 7734 7638 7637
f 7637 7733 7734
f 7830 7734 7733
f 7733 7829 7830
f 7926 7830 7829
f 7829 7925 7926
f 8022 7926 7925
f 7925 8021 8022
f 8118 8022 8021
f 8021 8117 8118
f 8214 8118 8117
f 8117 8213 8214
f 8310 8214 8213
f 8213 8309 8310
f 8406 8310 8309
f 8309 8405 8406
f 8502 8406 8405
f 8405 8501 8502
f 8598 8502 8501
f 8501 8597 8598
f 8694 8598 8597
f 8597 8693 8694
f 8790 8694 8693
f 8693 8789 8790
f 8886 8790 8789
f 8789 8885 8886
f 8982 8886 8885
f 8885 8981 8982
f 9078 8982 8981
f 8981 9077 9078
f 9174 9078 9077
f 9077 9173 9174
f 9270 9174 9173
f 9173 9269 9270
f 9366 9270 9269
f 9269 9365 9366
f 9462 9366 9365
f 9365 9461 9462
f 9558 9462 9461
f 9461 9557 9558
f 9654 9558 9557
f 9557 9653 9654
f 9750 9654 9653
f 9653 9749 9750
f 9846 9750 9749
f 9749 9845 9846
f 9942 9846 9845
f 9845 9941 9942
f 10038 9942 9941
f 9941 10037 10038
f 10134 10038 10037
f 10037 10133 10134
f 10230 10134 10133
f 10133 10229 10230
f 10326 10230 10229
f 10229 10325 10326
f 10422 10326 10325
f 10325 10421 10422
f 10518 10422 10421
f 10421 10517 10518
f 10614 10518 10517
f 10517 10613 10614
f 10710 10614 10613
f 10613 10709 10710
f 10806 10710 10709
f 10709 10805 10806
f 10902 10806 10805
f 10805 10901 10902
f 10998 10902 10901
f 10901 10997 10998
f 11094 10998 10997
f 10997 11093 11094
f 11190 11094 11093
f 11093 11189 11190
f 11286 11190 11189
f 11189 11285 11286
f 11382 11286 11285
f 11285 11381 11382
f 11478 11382 11381
f 11381 11477 11478
f 11574 11478 11477
f 11477 11573 11574
f 11670 11574 11573
f 11573 11669 11670
f 11766 11670 11669
f 11669 11765 11766
f 11862 11766 11765
f 11765 11861 11862
f 11958 11862 11861
f 11861 11957 11958
f 12054 11958 11957
f 11957 12053 12054
f 12150 12054 12053
f 12053 12149 12150
f 12246 12150 12149
f 12149 12245 12246
f 12342 12246 12245
f 12245 12341 12342
f 12438 12342 12341
f 12341 12437 12438
f 12534 12438 12437
f 12437 12533 12534
f 12630 12534 12533
f 12533 12629 12630
f 12726 12630 12629
f 12629 12725 12726
f 12822 12726 12725
f 12725 12821 12822
f 12918 12822 12821
f 12821 12917 12918
f 13014 12918 12917
f 12917 13013 13014
f 13110 13014 13013
f 13013 13109 13110
f 13206 13110 13109
f 13109 13205 13206
f 13302 13206 13205
f 13205 13301 13302
f 13398 13302 13301
f 13301 13397 13398
f 13494 13398 13397
f 13397 13493 13494
f 13590 13494 13493
f 13493 13589 13590
f 13686 13590 13589
f 13589 13685 13686
f 13782 13686 13685
f 13685 13781 13782
f 13878 13782 13781
f 13781 13877 13878
f 13974 13878 13877
f 13877 13973 13974
f 14070 13974 13973
f 13973 14069 14070
f 14166 14070 14069
f 14069 14165 14166
f 5143 5047 5046
f 5046 5142 5143
f 5239 5143 5142
f 5142 5238 5239
f 5335 5239 5238
f 5238 5334 5335
f 5431 5335 5334
f 5334 5430 5431
f 5527 5431 5430
f 5430 5526 5527
f 5623 5527 5526
f 5526 5622 5623
f 5719 5623 5622
f 5622 5718 5719
f 5815 5719 5718
f 5718 5814 5815
f 5911 5815 5814
f 5814 5910 5911
f 6007 5911 5910
f 5910 6006 6007
f 6103 6007 6006
f 6006 6102 6103
f 6199 6103 6102
f 6102 6198 6199
f 6295 6199 6198
f 6198 6294 6295
f 6391 6295 6294
f 6294 6390 6391
f 6487 6391 6390
f 6390 6486 6487
f 6583 6487 6486
f 6486 6582 6583
f 6679 6583 6582
f 6582 6678 6679
f 6775 6679 6678
f 6678 6774 6775
f 6871 6775 6774
f 6774 6870 6871
f 6967 6871 6870
f 6870 6966 6967
f 7063 6967 6966
f 6966 7062 7063
f 7159 7063 7062
f 7062 7158 7159
f 7255 7159 7158
f 7158 7254 7255
f 7351 7255 7254
f 7254 7350 7351
f 7447 7351 7350
f 7350 7446 7447
f 7543 7447 7446
f 7446 7542 7543
f 7639 7543 7542
f 7542 7638 7639
f 7735 7639 7638
f 7638 7734 7735
f 7831 7735 7734
f 7734 7830 7831
f 7927 7831 7830
f 7830 7926 7927
f 8023 7927 7926
f 7926 8022 8023
f 8119 8023 8022
f 8022 8118 8119
f 8215 8119 8118
f 8118 8214 8215
f 8311 8215 8214
f 8214 8310 8311
f 8407 8311 8310
f 8310 8406 8407
f 8503 8407 8406
f 8406 8502 8503
f 8599 8503 8502
f 8502 8598 8599
f 8695 8599 8598
f 8598 8694 8695
f 8791 8695 8694
f 8694 8790 8791
f 8887 8791 8790
f 8790 8886 8887
f 8983 8887 8886
f 8886 8982 8983
f 9079 8983 8982
f 8982 9078 9079
f 9175 9079 9078
f 9078 9174 9175
f 9271 9175 9174
f 9174 9270 9271
f 9367 9271 9270
f 9270 9366 9367
f 9463 9367 9366
f 9366 9462 9463
f 9559 9463 9462
f 9462 9558 9559
f 9655 9559 9558
f 9558 9654 9655
f 9751 9655 9654
f 9654 9750 9751
f 9847 9751 9750
f 9750 9846 9847
f 9943 9847 9846
f 9846 9942 9943
f 10039 9943 9942
f 9942 10038 10039
f 10135 10039 10038
f 10038 10134 10135
f 10231 10135 10134
f 10134 10230 10231
f 10327 10231 10230
f 10230 10326 10327
f 10423 10327 10326
f 10326 10422 10423
f 10519 10423 10422
f 10422 10518 10519
f 10615 10519 10518
f 10518 10614 10615
f 10711 10615 10614
f 10614 10710 10711
f 10807 10711 10710
f 10710 10806 10807
f 10903 10807 10806
f 10806 10902 10903
f 10999 10903 10902
f 10902 10998 10999
f 11095 10999 10998
f 10998 11094 11095
f 11191 11095 11094
f 11094 11190 11191
f 11287 11191 11190
f 11190 11286 11287
f 11383 11287 11286
f 11286 11382 11383
f 11479 11383 11382
f 11382 11478 11479
f 11575 11479 11478
f 11478 11574 11575
f 11671 11575 11574
f 11574 11670 11671
f 11767 11671 11670
f 11670 11766 11767
f 11863 11767 11766
f 11766 11862 11863
f 11959 11863 11862
f 11862 11958 11959
f 12055 11959 11958
f 11958 12054 12055
f 12151 12055 12054
f 12054 12150 12151
f 12247 12151 12150
f 12150 12246 12247
f 12343 12247 12246
f 12246 12342 12343
f 12439 12343 12342
f 12342 12438 12439
f 12535 12439 12438
f 12438 12534 12535
f 12631 12535 12534
f 12534 12630 12631
f 12727 12631 12630
f 12630 12726 12727
f 12823 12727 12726
f 12726 12822 12823
f 12919 12823 12822
f 12822 12918 12919
f 13015 12919 12918
f 12918 13014 13015
f 13111 13015 13014
f 13014 13110 13111
f 13207 13111 13110
f 13110 13206 13207
f 13303 13207 13206
f 13206 13302 13303
f 13399 13303 13302
f 13302 13398 13399
f 13495 13399 13398
f 13398 13494 13495
f 13591 13495 13494
f 13494 13590 13591
f 13687 13591 13590
f 13590 13686 13687
f 13783 13687 13686
f 13686 13782 13783
f 13879 13783 13782
f 13782 13878 13879
f 13975 13879 13878
f 13878 13974 13975
f 14071 13975 13974
f 13974 14070 14071
f 14167 14071 14070
f 14070 14166 14167
f 5144 5048 5047
f 5047 5143 5144
f 5240 5144 5143
f 5143 5239 5240
f 5336 5240 5239
f 5239 5335 5336
f 5432 5336 5335
f 5335 5431 5432
f 5528 5432 5431
f 5431 5527 5528
f 5624 5528 5527
f 5527 5623 5624
f 5720 5624 5623
f 5623 5719 5720
f 5816 5720 5719
f 5719 5815 5816
f 5912 5816 5815
f 5815 5911 5912
f 6008 5912 5911
f 5911 6007 6008
f 6104 6008 6007
f 6007 6103 6104
f 6200 6104 6103
f 6103 6199 6200
f 6296 6200 6199
f 6199 6295 6296
f 6392 6296 6295
f 6295 6391 6392
f 6488 6392 6391
f 6391 6487 6488
f 6584 6488 6487
f 6487 6583 6584
f 6680 6584 6583
f 6583 6679 6680
f 6776 6680 6679
f 6679 6775 6776
f 6872 6776 6775
f 6775 6871 6872
f 6968 6872 6871
f 6871 6967 6968
f 7064 6968 6967
f 6967 7063 7064
f 7160 7064 7063
f 7063 7159 7160
f 7256 7160 7159
f 7159 7255 7256
f 7352 7256 7255
f 7255 7351 7352
f 7448 7352 7351
f 7351 7447 7448
f 7544 7448 7447
f 7447 7543 7544
f 7640 7544 7543
f 7543 7639 7640
f 7736 7640 7639
f 7639 7735 7736
f 7832 7736 7735
f 7735 7831 7832
f 7928 7832 7831
f 7831 7927 7928
f 8024 7928 7927
f 7927 8023 8024
f 8120 8024 8023
f 8023 8119 8120
f 8216 8120 8119
f 8119 8215 8216
f 8312 8216 8215
f 8215 8311 8312
f 8408 8312 8311
f 8311 8407 8408
f 8504 8408 8407
f 8407 8503 8504
f 8600 8504 8503
f 8503 8599 8600
f 8696 8600 8599
f 8599 8695 8696
f 8792 8696 8695
f 8695 8791 8792
f 8888 8792 8791
f 8791 8887 8888
f 8984 8888 8887
f 8887 8983 8984
f 9080 8984 8983
f 8983 9079 9080
f 9176 9080 9079
f 9079 9175 9176
f 9272 9176 9175
f 9175 9271 9272
f 9368 9272 9271
f 9271 9367 9368
f 9464 9368 9367
f 9367 9463 9464
f 9560 9464 9463
f 9463 9559 9560
f 9656 9560 9559
f 9559 9655 9656
f 9752 9656 9655
f 9655 9751 9752
f 9848 9752 9751
f 9751 9847 9848
f 9944 9848 9847
f 9847 9943 9944
f 10040 9944 9943
f 9943 10039 10040
f 10136 10040 10039
f 10039 10135 10136
f 10232 10136 10135
f 10135 10231 10232
f 10328 10232 10231
f 10231 10327 10328
f 10424 10328 10327
f 10327 10423 10424
f 10520 10424 10423
f 10423 10519 10520
f 10616 10520 10519
f 10519 10615 10616
f 10712 10616 10615
f 10615 10711 10712
f 10808 10712 10711
f 10711 10807 10808
f 10904 10808 10807
f 10807 10903 10904
f 11000 10904 10903
f 10903 10999 11000
f 11096 11000 10999
f 10999 11095 11096
f 11192 11096 11095
f 11095 11191 11192
f 11288 11192 11191
f 11191 11287 11288
f 11384 11288 11287
f 11287 11383 11384
f 11480 11384 11383
f 11383 11479 11480
f 11576 11480 11479
f 11479 11575 11576
f 11672 11576 11575
f 11575 11671 11672
f 11768 11672 11671
f 11671 11767 11768
f 11864 11768 11767
f 11767 11863 11864
f 11960 11864 11863
f 11863 11959 11960
f 12056 11960 11959
f 11959 12055 12056
f 12152 12056 12055
f 12055 12151 12152
f 12248 12152 12151
f 12151 12247 12248
f 12344 12248 12247
f 12247 12343 12344
f 12440 12344 12343
f 12343 12439 12440
f 12536 12440 12439
f 12439 12535 12536
f 12632 12536 12535
f 12535 12631 12632
f 12728 12632 12631
f 12631 12727 12728
f 12824 12728 12727
f 12727 12823 12824
f 12920 12824 12823
f 12823 12919 12920
f 13016 12920 12919
f 12919 13015 13016
f 13112 13016 13015
f 13015 13111 13112
f 13208 13112 13111
f 13111 13207 13208
f 13304 13208 13207
f 13207 13303 13304
f 13400 13304 13303
f 13303 13399 13400
f 13496 13400 13399
f 13399 13495 13496
f 13592 13496 13495
f 13495 13591 13592
f 13688 13592 13591
f 13591 13687 13688
f 13784 13688 13687
f 13687 13783 13784
f 13880 13784 13783
f 13783 13879 13880
f 13976 13880 13879
f 13879 13975 13976
f 14072 13976 13975
f 13975 14071 14072
f 14168 14072 14071
f 14071 14167 14168
f 5145 5049 5048
f 5048 5144 5145
f 5241 5145 5144
f 5144 5240 5241
f 5337 5241 5240
f 5240 5336 5337
f 5433 5337 5336
f 5336 5432 5433
f 5529 5433 5432
f 5432 5528 5529
f 5625 5529 5528
f 5528 5624 5625
f 5721 5625 5624
f 5624 5720 5721
f 5817 5721 5720
f 5720 5816 5817
f 5913 5817 5816
f 5816 5912 5913
f 6009 5913 5912
f 5912 6008 6009
f 6105 6009 6008
f 6008 6104 6105
f 6201 6105 6104
f 6104 6200 6201
f 6297 6201 6200
f 6200 6296 6297
f 6393 6297 6296
f 6296 6392 6393
f 6489 6393 6392
f 6392 6488 6489
f 6585 6489 6488
f 6488 6584 6585
f 6681 6585 6584
f 6584 6680 6681
f 6777 6681 6680
f 6680 6776 6777
f 6873 6777 6776
f 6776 6872 6873
f 6969 6873 6872
f 6872 6968 6969
f 7065 6969 6968
f 6968 7064 7065
f 7161 7065 7064
f 7064 7160 7161
f 7257 7161 7160
f 7160 7256 7257
f 7353 7257 7256
f 7256 7352 7353
f 7449 7353 7352
f 7352 7448 7449
f 7545 7449 7448
f 7448 7544 7545
f 7641 7545 7544
f 7544 7640 7641
f 7737 7641 7640
f 7640 7736 7737
f 7833 7737 7736
f 7736 7832 7833
f 7929 7833 7832
f 7832 7928 7929
f 8025 7929 7928
f 7928 8024 8025
f 8121 8025 8024
f 8024 8120 8121
f 8217 8121 8120
f 8120 8216 8217
f 8313 8217 8216
f 8216 8312 8313
f 8409 8313 8312
f 8312 8408 8409
f 8505 8409 8408
f 8408 8504 8505
f 8601 8505 8504
f 8504 8600 8601
f 8697 8601 8600
f 8600 8696 8697
f 8793 8697 8696
f 8696 8792 8793
f 8889 8793 8792
f 8792 8888 8889
f 8985 8889 8888
f 8888 8984 8985
f 9081 8985 8984
f 8984 9080 9081
f 9177 9081 9080
f 9080 9176 9177
f 9273 9177 9176
f 9176 9272 9273
f 9369 9273 9272
f 9272 9368 9369
f 9465 9369 9368
f 9368 9464 9465
f 9561 9465 9464
f 9464 9560 9561
f 9657 9561 9560
f 9560 9656 9657
f 9753 9657 9656
f 9656 9752 9753
f 9849 9753 9752
f 9752 9848 9849
f 9945 9849 9848
f 9848 9944 9945
f 10041 9945 9944
f 9944 10040 10041
f 10137 10041 10040
f 10040 10136 10137
f 10233 10137 10136
f 10136 10232 10233
f 10329 10233 10232
f 10232 10328 10329
f 10425 10329 10328
f 10328 10424 10425
f 10521 10425 10424
f 10424 10520 10521
f 10617 10521 10520
f 10520 10616 10617
f 10713 10617 10616
f 10616 10712 10713
f 10809 10713 10712
f 10712 10808 10809
f 10905 10809 10808
f 10808 10904 10905
f 11001 10905 10904
f 10904 11000 11001
f 11097 11001 11000
f 11000 11096 11097
f 11193 11097 11096
f 11096 11192 11193
f 11289 11193 11192
f 11192 11288 11289
f 11385 11289 11288
f 11288 11384 11385
f 11481 11385 11384
f 11384 11480 11481
f 11577 11481 11480
f 11480 11576 11577
f 11673 11577 11576
f 11576 11672 11673
f 11769 11673 11672
f 11672 11768 11769
f 11865 11769 11768
f 11768 11864 11865
f 11961 11865 11864
f 11864 11960 11961
f 12057 11961 11960
f 11960 12056 12057
f 12153 12057 12056
f 12056 12152 12153
f 12249 12153 12152
f 12152 12248 12249
f 12345 12249 12248
f 12248 12344 12345
f 12441 12345 12344
f 12344 12440 12441
f 12537 12441 12440
f 12440 12536 12537
f 12633 12537 12536
f 12536 12632 12633
f 12729 12633 12632
f 12632 12728 12729
f 12825 12729 12728
f 12728 12824 12825
f 12921 12825 12824
f 12824 12920 12921
f 13017 12921 12920
f 12920 13016 13017
f 13113 13017 13016
f 13016 13112 13113
f 13209 13113 13112
f 13112 13208 13209
f 13305 13209 13208
f 13208 13304 13305
f 13401 13305 13304
f 13304 13400 13401
f 13497 13401 13400
f 13400 13496 13497
f 13593 13497 13496
f 13496 13592 13593
f 13689 13593 13592
f 13592 13688 13689
f 13785 13689 13688
f 13688 13784 13785
f 13881 13785 13784
f 13784 13880 13881
f 13977 13881 13880
f 13880 13976 13977
f 14073 13977 13976
f 13976 14072 14073
f 14169 14073 14072
f 14072 14168 14169
f 5146 5050 5049
f 5049 5145 5146
f 5242 5146 5145
f 5145 5241 5242
f 5338 5242 5241
f 5241 5337 5338
f 5434 5338 5337
f 5337 5433 5434
f 5530 5434 5433
f 5433 5529 5530
f 5626 5530 5529
f 5529 5625 5626
f 5722 5626 5625
f 5625 5721 5722
f 5818 5722 5721
f 5721 5817 5818
f 5914 5818 5817
f 5817 5913 5914
f 6010 5914 5913
f 5913 6009 6010
f 6106 6010 6009
f 6009 6105 6106
f 6202 6106 6105
f 6105 6201 6202
f 6298 6202 6201
f 6201 6297 6298
f 6394 6298 6297
f 6297 6393 6394
f 6490 6394 6393
f 6393 6489 6490
f 6586 6490 6489
f 6489 6585 6586
f 6682 6586 6585
f 6585 6681 6682
f 6778 6682 6681
f 6681 6777 6778
f 6874 6778 6777
f 6777 6873 6874
f 6970 6874 6873
f 6873 6969 6970
f 7066 6970 6969
f 6969 7065 7066
f 7162 7066 7065
f 7065 7161 7162
f 7258 7162 7161
f 7161 7257 7258
f 7354 7258 7257
f 7257 7353 7354
f 7450 7354 7353
f 7353 7449 7450
f 7546 7450 7449
f 7449 7545 7546
f 7642 7546 7545
f 7545 7641 7642
f 7738 7642 7641
f 7641 7737 7738
f 7834 7738 7737
f 7737 7833 7834
f 7930 7834 7833
f 7833 7929 7930
f 8026 7930 7929
f 7929 8025 8026
f 8122 8026 8025
f 8025 8121 8122
f 8218 8122 8121
f 8121 8217 8218
f 8314 8218 8217
f 8217 8313 8314
f 8410 8314 8313
f 8313 8409 8410
f 8506 8410 8409
f 8409 8505 8506
f 8602 8506 8505
f 8505 8601 8602
f 8698 8602 8601
f 8601 8697 8698
f 8794 8698 8697
f 8697 8793 8794
f 8890 8794 8793
f 8793 8889 8890
f 8986 8890 8889
f 8889 8985 8986
f 9082 8986 8985
f 8985 9081 9082
f 9178 9082 9081
f 9081 9177 9178
f 9274 9178 9177
f 9177 9273 9274
f 9370 9274 9273
f 9273 9369 9370
f 9466 9370 9369
f 9369 9465 9466
f 9562 9466 9465
f 9465 9561 9562
f 9658 9562 9561
f 9561 9657 9658
f 9754 9658 9657
f 9657 9753 9754
f 9850 9754 9753
f 9753 9849 9850
f 9946 9850 9849
f 9849 9945 9946
f 10042 9946 9945
f 9945 10041 10042
f 10138 10042 10041
f 10041 10137 10138
f 10234 10138 10137
f 10137 10233 10234
f 10330 10234 10233
f 10233 10329 10330
f 10426 10330 10329
f 10329 10425 10426
f 10522 10426 10425
f 10425 10521 10522
f 10618 10522 10521
f 10521 10617 10618
f 10714 10618 10617
f 10617 10713 10714
f 10810 10714 10713
f 10713 10809 10810
f 10906 10810 10809
f 10809 10905 10906
f 11002 10906 10905
f 10905 11001 11002
f 11098 11002 11001
f 11001 11097 11098
f 11194 11098 11097
f 11097 11193 11194
f 11290 11194 11193
f 11193 11289 11290
f 11386 11290 11289
f 11289 11385 11386
f 11482 11386 11385
f 11385 11481 11482
f 11578 11482 11481
f 11481 11577 11578
f 11674 11578 11577
f 11577 11673 11674
f 11770 11674 11673
f 11673 11769 11770
f 11866 11770 11769
f 11769 11865 11866
f 11962 11866 11865
f 11865 11961 11962
f 12058 11962 11961
f 11961 12057 12058
f 12154 12058 12057
f 12057 12153 12154
f 12250 12154 12153
f 12153 12249 12250
f 12346 12250 12249
f 12249 12345 12346
f 12442 12346 12345
f 12345 12441 12442
f 12538 12442 12441
f 12441 12537 12538
f 12634 12538 12537
f 12537 12633 12634
f 12730 12634 12633
f 12633 12729 12730
f 12826 12730 12729
f 12729 12825 12826
f 12922 12826 12825
f 12825 12921 12922
f 13018 12922 12921
f 12921 13017 13018
f 13114 13018 13017
f 13017 13113 13114
f 13210 13114 13113
f 13113 13209 13210
f 13306 13210 13209
f 13209 13305 13306
f 13402 13306 13305
f 13305 13401 13402
f 13498 13402 13401
f 13401 13497 13498
f 13594 13498 13497
f 13497 13593 13594
f 13690 13594 13593
f 13593 13689 13690
f 13786 13690 13689
f 13689 13785 13786
f 13882 13786 13785
f 13785 13881 13882
f 13978 13882 13881
f 13881 13977 13978
f 14074 13978 13977
f 13977 14073 14074
f 14170 14074 14073
f 14073 14169 14170
f 5147 5051 5050
f 5050 5146 5147
f 5243 5147 5146
f 5146 5242 5243
f 5339 5243 5242
f 5242 5338 5339
f 5435 5339 5338
f 5338 5434 5435
f 5531 5435 5434
f 5434 5530 5531
f 5627 5531 5530
f 5530 5626 5627
f 5723 5627 5626
f 5626 5722 5723
f 5819 5723 5722
f 5722 5818 5819
f 5915 5819 5818
f 5818 5914 5915
f 6011 5915 5914
f 5914 6010 6011
f 6107 6011 6010
f 6010 6106 6107
f 6203 6107 6106
f 6106 6202 6203
f 6299 6203 6202
f 6202 6298 6299
f 6395 6299 6298
f 6298 6394 6395
f 6491 6395 6394
f 6394 6490 6491
f 6587 6491 6490
f 6490 6586 6587
f 6683 6587 6586
f 6586 6682 6683
f 6779 6683 6682
f 6682 6778 6779
f 6875 6779 6778
f 6778 6874 6875
f 6971 6875 6874
f 6874 6970 6971
f 7067 6971 6970
f 6970 7066 7067
f 7163 7067 7066
f 7066 7162 7163
f 7259 7163 7162
f 7162 7258 7259
f 7355 7259 7258
f 7258 7354 7355
f 7451 7355 7354
f 7354 7450 7451
f 7547 7451 7450
f 7450 7546 7547
f 7643 7547 7546
f 7546 7642 7643
f 7739 7643 7642
f 7642 7738 7739
f 7835 7739 7738
f 7738 7834 7835
f 7931 7835 7834
f 7834 7930 7931
f 8027 7931 7930
f 7930 8026 8027
f 8123 8027 8026
f 8026 8122 8123
f 8219 8123 8122
f 8122 8218 8219
f 8315 8219 8218
f 8218 8314 8315
f 8411 8315 8314
f 8314 8410 8411
f 8507 8411 8410
f 8410 8506 8507
f 8603 8507 8506
f 8506 8602 8603
f 8699 8603 8602
f 8602 8698 8699
f 8795 8699 8698
f 8698 8794 8795
f 8891 8795 8794
f 8794 8890 8891
f 8987 8891 8890
f 8890 8986 8987
f 9083 8987 8986
f 8986 9082 9083
f 9179 9083 9082
f 9082 9178 9179
f 9275 9179 9178
f 9178 9274 9275
f 9371 9275 9274
f 9274 9370 9371
f 9467 9371 9370
f 9370 9466 9467
f 9563 9467 9466
f 9466 9562 9563
f 9659 9563 9562
f 9562 9658 9659
f 9755 9659 9658
f 9658 9754 9755
f 9851 9755 9754
f 9754 9850 9851
f 9947 9851 9850
f 9850 9946 9947
f 10043 9947 9946
f 9946 10042 10043
f 10139 10043 10042
f 10042 10138 10139
f 10235 10139 10138
f 10138 10234 10235
f 10331 10235 10234
f 10234 10330 10331
f 10427 10331 10330
f 10330 10426 10427
f 10523 10427 10426
f 10426 10522 10523
f 10619 10523 10522
f 10522 10618 10619
f 10715 10619 10618
f 10618 10714 10715
f 10811 10715 10714
f 10714 10810 10811
f 10907 10811 10810
f 10810 10906 10907
f 11003 10907 10906
f 10906 11002 11003
f 11099 11003 11002
f 11002 11098 11099
f 11195 11099 11098
f 11098 11194 11195
f 11291 11195 11194
f 11194 11290 11291
f 11387 11291 11290
f 11290 11386 11387
f 11483 11387 11386
f 11386 11482 11483
f 11579 11483 11482
f 11482 11578 11579
f 11675 11579 11578
f 11578 11674 11675
f 11771 11675 11674
f 11674 11770 11771
f 11867 11771 11770
f 11770 11866 11867
f 11963 11867 11866
f 11866 11962 11963
f 12059 11963 11962
f 11962 12058 12059
f 12155 12059 12058
f 12058 12154 12155
f 12251 12155 12154
f 12154 12250 12251
f 12347 12251 12250
f 12250 12346 12347
f 12443 12347 12346
f 12346 12442 12443
f 12539 12443 12442
f 12442 12538 12539
f 12635 12539 12538
f 12538 12634 12635
f 12731 12635 12634
f 12634 12730 12731
f 12827 12731 12730
f 12730 12826 12827
f 12923 12827 12826
f 12826 12922 12923
f 13019 12923 12922
f 12922 13018 13019
f 13115 13019 13018
f 13018 13114 13115
f 13211 13115 13114
f 13114 13210 13211
f 13307 13211 13210
f 13210 13306 13307
f 13403 13307 13306
f 13306 13402 13403
f 13499 13403 13402
f 13402 13498 13499
f 13595 13499 13498
f 13498 13594 13595
f 13691 13595 13594
f 13594 13690 13691
f 13787 13691 13690
f 13690 13786 13787
f 13883 13787 13786
f 13786 13882 13883
f 13979 13883 13882
f 13882 13978 13979
f 14075 13979 13978
f 13978 14074 14075
f 14171 14075 14074
f 14074 14170 14171
f 5148 5052 5051
f 5051 5147 5148
f 5244 5148 5147
f 5147 5243 5244
f 5340 5244 5243
f 5243 5339 5340
f 5436 5340 5339
f 5339 5435 5436
f 5532 5436 5435
f 5435 5531 5532
f 5628 5532 5531
f 5531 5627 5628
f 5724 5628 5627
f 5627 5723 5724
f 5820 5724 5723
f 5723 5819 5820
f 5916 5820 5819
f 5819 5915 5916
f 6012 5916 5915
f 5915 6011 6012
f 6108 6012 6011
f 6011 6107 6108
f 6204 6108 6107
f 6107 6203 6204
f 6300 6204 6203
f 6203 6299 6300
f 6396 6300 6299
f 6299 6395 6396
f 6492 6396 6395
f 6395 6491 6492
f 6588 6492 6491
f 6491 6587 6588
f 6684 6588 6587
f 6587 6683 6684
f 6780 6684 6683
f 6683 6779 6780
f 6876 6780 6779
f 6779 6875 6876
f 6972 6876 6875
f 6875 6971 6972
f 7068 6972 6971
f 6971 7067 7068
f 7164 7068 7067
f 7067 7163 7164
f 7260 7164 7163
f 7163 7259 7260
f 7356 7260 7259
f 7259 7355 7356
f 7452 7356 7355
f 7355 7451 7452
f 7548 7452 7451
f 7451 7547 7548
f 7644 7548 7547
f 7547 7643 7644
f 7740 7644 7643
f 7643 7739 7740
f 7836 7740 7739
f 7739 7835 7836
f 7932 7836 7835
f 7835 7931 7932
f 8028 7932 7931
f 7931 8027 8028
f 8124 8028 8027
f 8027 8123 8124
f 8220 8124 8123
f 8123 8219 8220
f 8316 8220 8219
f 8219 8315 8316
f 8412 8316 8315
f 8315 8411 8412
f 8508 8412 8411
f 8411 8507 8508
f 8604 8508 8507
f 8507 8603 8604
f 8700 8604 8603
f 8603 8699 8700
f 8796 8700 8699
f 8699 8795 8796
f 8892 8796 8795
f 8795 8891 8892
f 8988 8892 8891
f 8891 8987 8988
f 9084 8988 8987
f 8987 9083 9084
f 9180 9084 9083
f 9083 9179 9180
f 9276 9180 9179
f 9179 9275 9276
f 9372 9276 9275
f 9275 9371 9372
f 9468 9372 9371
f 9371 9467 9468
f 9564 9468 9467
f 9467 9563 9564
f 9660 9564 9563
f 9563 9659 9660
f 9756 9660 9659
f 9659 9755 9756
f 9852 9756 9755
f 9755 9851 9852
f 9948 9852 9851
f 9851 9947 9948
f 10044 9948 9947
f 9947 10043 10044
f 10140 10044 10043
f 10043 10139 10140
f 10236 10140 10139
f 10139 10235 10236
f 10332 10236 10235
f 10235 10331 10332
f 10428 10332 10331
f 10331 10427 10428
f 10524 10428 10427
f 10427 10523 10524
f 10620 10524 10523
f 10523 10619 10620
f 10716 10620 10619
f 10619 10715 10716
f 10812 10716 10715
f 10715 10811 10812
f 10908 10812 10811
f 10811 10907 10908
f 11004 10908 10907
f 10907 11003 11004
f 11100 11004 11003
f 11003 11099 11100
f 11196 11100 11099
f 11099 11195 11196
f 11292 11196 11195
f 11195 11291 11292
f 11388 11292 11291
f 11291 11387 11388
f 11484 11388 11387
f 11387 11483 11484
f 11580 11484 11483
f 11483 11579 11580
f 11676 11580 11579
f 11579 11675 11676
f 11772 11676 11675
f 11675 11771 11772
f 11868 11772 11771
f 11771 11867 11868
f 11964 11868 11867
f 11867 11963 11964
f 12060 11964 11963
f 11963 12059 12060
f 12156 12060 12059
f 12059 12155 12156
f 12252 12156 12155
f 12155 12251 12252
f 12348 12252 12251
f 12251 12347 12348
f 12444 12348 12347
f 12347 12443 12444
f 12540 12444 12443
f 12443 12539 12540
f 12636 12540 12539
f 12539 12635 12636
f 12732 12636 12635
f 12635 12731 12732
f 12828 12732 12731
f 12731 12827 12828
f 12924 12828 12827
f 12827 12923 12924
f 13020 12924 12923
f 12923 13019 13020
f 13116 13020 13019
f 13019 13115 13116
f 13212 13116 13115
f 13115 13211 13212
f 13308 13212 13211
f 13211 13307 13308
f 13404 13308 13307
f 13307 13403 13404
f 13500 13404 13403
f 13403 13499 13500
f 13596 13500 13499
f 13499 13595 13596
f 13692 13596 13595
f 13595 13691 13692
f 13788 13692 13691
f 13691 13787 13788
f 13884 13788 13787
f 13787 13883 13884
f 13980 13884 13883
f 13883 13979 13980
f 14076 13980 13979
f 13979 14075 14076
f 14172 14076 14075
f 14075 14171 14172
f 5149 5053 5052
f 5052 5148 5149
f 5245 5149 5148
f 5148 5244 5245
f 5341 5245 5244
f 5244 5340 5341
f 5437 5341 5340
f 5340 5436 5437
f 5533 5437 5436
f 5436 5532 5533
f 5629 5533 5532
f 5532 5628 5629
f 5725 5629 5628
f 5628 5724 5725
f 5821 5725 5724
f 5724 5820 5821
f 5917 5821 5820
f 5820 5916 5917
f 6013 5917 5916
f 5916 6012 6013
f 6109 6013 6012
f 6012 6108 6109
f 6205 6109 6108
f 6108 6204 6205
f 6301 6205 6204
f 6204 6300 6301
f 6397 6301 6300
f 6300 6396 6397
f 6493 6397 6396
f 6396 6492 6493
f 6589 6493 6492
f 6492 6588 6589
f 6685 6589 6588
f 6588 6684 6685
f 6781 6685 6684
f 6684 6780 6781
f 6877 6781 6780
f 6780 6876 6877
f 6973 6877 6876
f 6876 6972 6973
f 7069 6973 6972
f 6972 7068 7069
f 7165 7069 7068
f 7068 7164 7165
f 7261 7165 7164
f 7164 7260 7261
f 7357 7261 7260
f 7260 7356 7357
f 7453 7357 7356
f 7356 7452 7453
f 7549 7453 7452
f 7452 7548 7549
f 7645 7549 7548
f 7548 7644 7645
f 7741 7645 7644
f 7644 7740 7741
f 7837 7741 7740
f 7740 7836 7837
f 7933 7837 7836
f 7836 7932 7933
f 8029 7933 7932
f 7932 8028 8029
f 8125 8029 8028
f 8028 8124 8125
f 8221 8125 8124
f 8124 8220 8221
f 8317 8221 8220
f 8220 8316 8317
f 8413 8317 8316
f 8316 8412 8413
f 8509 8413 8412
f 8412 8508 8509
f 8605 8509 8508
f 8508 8604 8605
f 8701 8605 8604
f 8604 8700 8701
f 8797 8701 8700
f 8700 8796 8797
f 8893 8797 8796
f 8796 8892 8893
f 8989 8893 8892
f 8892 8988 8989
f 9085 8989 8988
f 8988 9084 9085
f 9181 9085 9084
f 9084 9180 9181
f 9277 9181 9180
f 9180 9276 9277
f 9373 9277 9276
f 9276 9372 9373
f 9469 9373 9372
f 9372 9468 9469
f 9565 9469 9468
f 9468 9564 9565
f 9661 9565 9564
f 9564 9660 9661
f 9757 9661 9660
f 9660 9756 9757
f 9853 9757 9756
f 9756 9852 9853
f 9949 9853 9852
f 9852 9948 9949
f 10045 9949 9948
f 9948 10044 10045
f 10141 10045 10044
f 10044 10140 10141
f 10237 10141 10140
f 10140 10236 10237
f 10333 10237 10236
f 10236 10332 10333
f 10429 10333 10332
f 10332 10428 10429
f 10525 10429 10428
f 10428 10524 10525
f 10621 10525 10524
f 10524 10620 10621
f 10717 10621 10620
f 10620 10716 10717
f 10813 10717 10716
f 10716 10812 10813
f 10909 10813 10812
f 10812 10908 10909
f 11005 10909 10908
f 10908 11004 11005
f 11101 11005 11004
f 11004 11100 11101
f 11197 11101 11100
f 11100 11196 11197
f 11293 11197 11196
f 11196 11292 11293
f 11389 11293 11292
f 11292 11388 11389
f 11485 11389 11388
f 11388 11484 11485
f 11581 11485 11484
f 11484 11580 11581
f 11677 11581 11580
f 11580 11676 11677
f 11773 11677 11676
f 11676 11772 11773
f 11869 11773 11772
f 11772 11868 11869
f 11965 11869 11868
f 11868 11964 11965
f 12061 11965 11964
f 11964 12060 12061
f 12157 12061 12060
f 12060 12156 12157
f 12253 12157 12156
f 12156 12252 12253
f 12349 12253 12252
f 12252 12348 12349
f 12445 12349 12348
f 12348 12444 12445
f 12541 12445 12444
f 12444 12540 12541
f 12637 12541 12540
f 12540 12636 12637
f 12733 12637 12636
f 12636 12732 12733
f 12829 12733 12732
f 12732 12828 12829
f 12925 12829 12828
f 12828 12924 12925
f 13021 12925 12924
f 12924 13020 13021
f 13117 13021 13020
f 13020 13116 13117
f 13213 13117 13116
f 13116 13212 13213
f 13309 13213 13212
f 13212 13308 13309
f 13405 13309 13308
f 13308 13404 13405
f 13501 13405 13404
f 13404 13500 13501
f 13597 13501 13500
f 13500 13596 13597
f 13693 13597 13596
f 13596 13692 13693
f 13789 13693 13692
f 13692 13788 13789
f 13885 13789 13788
f 13788 13884 13885
f 13981 13885 13884
f 13884 13980 13981
f 14077 13981 13980
f 13980 14076 14077
f 14173 14077 14076
f 14076 14172 14173
f 5150 5054 5053
f 5053 5149 5150
f 5246 5150 5149
f 5149 5245 5246
f 5342 5246 5245
f 5245 5341 5342
f 5438 5342 5341
f 5341 5437 5438
f 5534 5438 5437
f 5437 5533 5534
f 5630 5534 5533
f 5533 5629 5630
f 5726 5630 5629
f 5629 5725 5726
f 5822 5726 5725
f 5725 5821 5822
f 5918 5822 5821
f 5821 5917 5918
f 6014 5918 5917
f 5917 6013 6014
f 6110 6014 6013
f 6013 6109 6110
f 6206 6110 6109
f 6109 6205 6206
f 6302 6206 6205
f 6205 6301 6302
f 6398 6302 6301
f 6301 6397 6398
f 6494 6398 6397
f 6397 6493 6494
f 6590 6494 6493
f 6493 6589 6590
f 6686 6590 6589
f 6589 6685 6686
f 6782 6686 6685
f 6685 6781 6782
f 6878 6782 6781
f 6781 6877 6878
f 6974 6878 6877
f 6877 6973 6974
f 7070 6974 6973
f 6973 7069 7070
f 7166 7070 7069
f 7069 7165 7166
f 7262 7166 7165
f 7165 7261 7262
f 7358 7262 7261
f 7261 7357 7358
f 7454 7358 7357
f 7357 7453 7454
f 7550 7454 7453
f 7453 7549 7550
f 7646 7550 7549
f 7549 7645 7646
f 7742 7646 7645
f 7645 7741 7742
f 7838 7742 7741
f 7741 7837 7838
f 7934 7838 7837
f 7837 7933 7934
f 8030 7934 7933
f 7933 8029 8030
f 8126 8030 8029
f 8029 8125 8126
f 8222 8126 8125
f 8125 8221 8222
f 8318 8222 8221
f 8221 8317 8318
f 8414 8318 8317
f 8317 8413 8414
f 8510 8414 8413
f 8413 8509 8510
f 8606 8510 8509
f 8509 8605 8606
f 8702 8606 8605
f 8605 8701 8702
f 8798 8702 8701
f 8701 8797 8798
f 8894 8798 8797
f 8797 8893 8894
f 8990 8894 8893
f 8893 8989 8990
f 9086 8990 8989
f 8989 9085 9086
f 9182 9086 9085
f 9085 9181 9182
f 9278 9182 9181
f 9181 9277 9278
f 9374 9278 9277
f 9277 9373 9374
f 9470 9374 9373
f 9373 9469 9470
f 9566 9470 9469
f 9469 9565 9566
f 9662 9566 9565
f 9565 9661 9662
f 9758 9662 9661
f 9661 9757 9758
f 9854 9758 9757
f 9757 9853 9854
f 9950 9854 9853
f 9853 9949 9950
f 10046 9950 9949
f 9949 10045 10046
f 10142 10046 10045
f 10045 10141 10142
f 10238 10142 10141
f 10141 10237 10238
f 10334 10238 10237
f 10237 10333 10334
f 10430 10334 10333
f 10333 10429 10430
f 10526 10430 10429
f 10429 10525 10526
f 10622 10526 10525
f 10525 10621 10622
f 10718 10622 10621
f 10621 10717 10718
f 10814 10718 10717
f 10717 10813 10814
f 10910 10814 10813
f 10813 10909 10910
f 11006 10910 10909
f 10909 11005 11006
f 11102 11006 11005
f 11005 11101 11102
f 11198 11102 11101
f 11101 11197 11198
f 11294 11198 11197
f 11197 11293 11294
f 11390 11294 11293
f 11293 11389 11390
f 11486 11390 11389
f 11389 11485 11486
f 11582 11486 11485
f 11485 11581 11582
f 11678 11582 11581
f 11581 11677 11678
f 11774 11678 11677
f 11677 11773 11774
f 11870 11774 11773
f 11773 11869 11870
f 11966 11870 11869
f 11869 11965 11966
f 12062 11966 11965
f 11965 12061 12062
f 12158 12062 12061
f 12061 12157 12158
f 12254 12158 12157
f 12157 12253 12254
f 12350 12254 12253
f 12253 12349 12350
f 12446 12350 12349
f 12349 12445 12446
f 12542 12446 12445
f 12445 12541 12542
f 12638 12542 12541
f 12541 12637 12638
f 12734 12638 12637
f 12637 12733 12734
f 12830 12734 12733
f 12733 12829 12830
f 12926 12830 12829
f 12829 12925 12926
f 13022 12926 12925
f 12925 13021 13022
f 13118 13022 13021
f 13021 13117 13118
f 13214 13118 13117
f 13117 13213 13214
f 13310 13214 13213
f 13213 13309 13310
f 13406 13310 13309
f 13309 13405 13406
f 13502 13406 13405
f 13405 13501 13502
f 13598 13502 13501
f 13501 13597 13598
f 13694 13598 13597
f 13597 13693 13694
f 13790 13694 13693
f 13693 13789 13790
f 13886 13790 13789
f 13789 13885 13886
f 13982 13886 13885
f 13885 13981 13982
f 14078 13982 13981
f 13981 14077 14078
f 14174 14078 14077
f 14077 14173 14174
