v -6319.26 4.68894 5076.98
v -6315.83 4.68894 5075.96
v -6316.4 4.68894 5086.57
v -6312.97 4.68894 5085.54
v -6315.83 4.46124 5075.96
v -6319.26 4.46124 5076.98
v -6312.97 4.46124 5085.54
v -6316.4 4.46124 5086.57
v -6316.4 4.46124 5086.57
v -6316.4 4.68894 5086.57
v -6312.97 4.46124 5085.54
v -6312.97 4.68894 5085.54
v -6315.83 4.46124 5075.96
v -6315.83 4.68894 5075.96
v -6319.26 4.46124 5076.98
v -6319.26 4.68894 5076.98
v -6319.26 4.46124 5076.98
v -6319.26 4.68894 5076.98
v -6316.4 4.46124 5086.57
v -6316.4 4.68894 5086.57
v -6315.83 4.68894 5075.96
v -6315.83 4.46124 5075.96
v -6312.97 4.68894 5085.54
v -6312.97 4.46124 5085.54
v -6316.24 5.73683 5086.34
v -6316.24 5.73683 5086.28
v -6316.18 5.73683 5086.37
v -6316.2 5.73683 5086.26
v -6316.15 5.73683 5086.28
v -6316.14 5.73683 5086.34
v -6316.11 5.67238 5086.45
v -6316.14 5.64562 5086.46
v -6316.14 5.69919 5086.46
v -6316.17 5.67243 5086.47
v -6318.94 5.61291 5076.94
v -6318.97 5.64046 5076.95
v -6318.97 5.5854 5076.95
v -6319 5.61295 5076.96
v -6318.98 5.73683 5077.11
v -6318.95 5.73683 5077.06
v -6318.95 5.73683 5077.17
v -6318.9 5.73683 5077.07
v -6318.87 5.73683 5077.12
v -6318.9 5.73683 5077.17
v -6315.99 5.73683 5076.22
v -6315.99 5.73683 5076.28
v -6316.05 5.73683 5076.2
v -6316.03 5.73683 5076.31
v -6316.08 5.73683 5076.29
v -6316.08 5.73683 5076.23
v -6316.11 5.67238 5076.11
v -6316.09 5.64562 5076.11
v -6316.09 5.69919 5076.1
v -6316.06 5.67243 5076.1
v -6313.29 5.61291 5085.62
v -6313.26 5.64046 5085.62
v -6313.26 5.5854 5085.62
v -6313.23 5.61295 5085.61
v -6313.24 5.73683 5085.45
v -6313.28 5.73683 5085.5
v -6313.28 5.73683 5085.4
v -6313.33 5.73683 5085.5
v -6313.36 5.73683 5085.45
v -6313.33 5.73683 5085.4
v -6316.23 4.62446 5086.28
v -6316.24 5.73683 5086.28
v -6316.23 4.62446 5086.34
v -6316.24 5.73683 5086.34
v -6316.2 5.73683 5086.26
v -6316.19 4.62446 5086.25
v -6316.15 5.73683 5086.28
v -6316.14 4.62446 5086.28
v -6316.14 5.73683 5086.34
v -6316.14 4.62446 5086.33
v -6316.18 5.73683 5086.37
v -6316.18 4.62446 5086.36
v -6316.23 4.62446 5086.34
v -6316.24 5.73683 5086.34
v -6318.94 4.62446 5077.07
v -6318.95 5.73683 5077.06
v -6318.98 4.62446 5077.11
v -6318.98 5.73683 5077.11
v -6318.9 5.73683 5077.07
v -6318.89 4.62446 5077.07
v -6318.87 5.73683 5077.12
v -6318.86 4.62446 5077.12
v -6318.9 5.73683 5077.17
v -6318.9 4.62446 5077.16
v -6318.95 5.73683 5077.17
v -6318.94 4.62446 5077.16
v -6318.98 4.62446 5077.11
v -6318.98 5.73683 5077.11
v -6316 4.62446 5076.29
v -6315.99 5.73683 5076.28
v -6316 4.62446 5076.23
v -6315.99 5.73683 5076.22
v -6316.03 5.73683 5076.31
v -6316.04 4.62446 5076.31
v -6316.08 5.73683 5076.29
v -6316.09 4.62446 5076.29
v -6316.08 5.73683 5076.23
v -6316.09 4.62446 5076.23
v -6316.05 5.73683 5076.2
v -6316.05 4.62446 5076.21
v -6316 4.62446 5076.23
v -6315.99 5.73683 5076.22
v -6313.29 4.62446 5085.5
v -6313.28 5.73683 5085.5
v -6313.25 4.62446 5085.45
v -6313.24 5.73683 5085.45
v -6313.33 5.73683 5085.5
v -6313.33 4.62446 5085.5
v -6313.36 5.73683 5085.45
v -6313.36 4.62446 5085.45
v -6313.33 5.73683 5085.4
v -6313.33 4.62446 5085.4
v -6313.28 5.73683 5085.4
v -6313.29 4.62446 5085.4
v -6313.25 4.62446 5085.45
v -6313.24 5.73683 5085.45
v -6318.97 5.5854 5076.95
v -6316.14 5.64562 5086.46
v -6318.94 5.61291 5076.94
v -6316.11 5.67238 5086.45
v -6318.97 5.64046 5076.95
v -6316.14 5.69919 5086.46
v -6316.17 5.67243 5086.47
v -6319 5.61295 5076.96
v -6316.14 5.64562 5086.46
v -6318.97 5.5854 5076.95
v -6313.26 5.5854 5085.62
v -6316.09 5.64562 5076.11
v -6313.29 5.61291 5085.62
v -6316.11 5.67238 5076.11
v -6313.26 5.64046 5085.62
v -6316.09 5.69919 5076.1
v -6316.06 5.67243 5076.1
v -6313.23 5.61295 5085.61
v -6316.09 5.64562 5076.11
v -6313.26 5.5854 5085.62
v -6316.06 4.69894 5086.46
v -6318.92 4.69894 5076.88
v -6316.06 7.69894 5086.46
v -6318.92 7.69894 5076.88
v -6316.18 4.69894 5076.06
v -6313.32 4.69894 5085.65
v -6316.18 7.69894 5076.06
v -6313.32 7.69894 5085.65
v -6317.4 3.38529 5082.06
v -6317.4 3.33135 5082.05
v -6317.41 3.42221 5082.02
v -6317.42 3.40519 5081.97
v -6317.42 3.35126 5081.96
v -6317.41 3.31433 5082
v -6313.59 3.39195 5081.11
v -6313.6 3.43343 5081.07
v -6313.59 3.33135 5081.1
v -6313.6 3.31223 5081.04
v -6313.61 3.35371 5081
v -6313.61 3.41432 5081.01
v -6313.65 4.15003 5081.03
v -6313.66 4.0961 5081.02
v -6313.64 4.16705 5081.08
v -6313.63 4.13013 5081.12
v -6313.63 4.07619 5081.11
v -6313.65 4.05917 5081.06
v -6317.46 4.15004 5081.98
v -6317.45 4.16916 5082.04
v -6317.47 4.08943 5081.97
v -6317.46 4.04795 5082.01
v -6317.44 4.06707 5082.07
v -6317.44 4.12767 5082.08
v -6314.37 1.43139 5080.79
v -6314.35 1.46488 5080.74
v -6314.42 1.45483 5080.81
v -6314.46 1.46475 5080.77
v -6314.44 1.47474 5080.72
v -6314.39 1.4748 5080.7
v -6314.28 4.35683 5081.41
v -6314.32 4.36797 5081.37
v -6314.22 4.3569 5081.4
v -6314.2 4.36812 5081.34
v -6314.24 4.37926 5081.3
v -6314.3 4.37919 5081.31
v -6317 1.42823 5081.45
v -6316.99 1.44901 5081.4
v -6317.06 1.43896 5081.46
v -6317.1 1.46159 5081.43
v -6317.03 1.47164 5081.36
v -6317.08 1.47158 5081.38
v -6316.91 4.34542 5082.07
v -6316.95 4.36482 5082.03
v -6316.85 4.34549 5082.06
v -6316.83 4.36496 5082
v -6316.88 4.36919 5081.96
v -6316.94 4.36911 5081.97
v -6314.34 4.08804 5081.19
v -6314.3 4.08734 5081.18
v -6314.3 4.15585 5081.2
v -6314.25 4.15551 5081.19
v -6314.26 4.17387 5081.25
v -6314.22 4.17383 5081.24
v -6314.22 4.07492 5081.37
v -6314.22 4.12746 5081.37
v -6314.21 4.11812 5081.3
v -6314.2 4.15131 5081.31
v -6314.29 4.04099 5081.37
v -6314.29 4.08949 5081.39
v -6314.34 4.06833 5081.33
v -6314.34 4.03268 5081.32
v -6314.32 4.04356 5081.24
v -6314.35 4.0436 5081.24
v -6314.34 4.03268 5081.32
v -6314.21 4.14863 5081.27
v -6314.22 4.17383 5081.24
v -6314.26 4.17387 5081.25
v -6314.23 4.16512 5081.28
v -6314.35 4.0436 5081.24
v -6314.29 4.04099 5081.37
v -6314.21 4.11812 5081.3
v -6314.22 4.07492 5081.37
v -6314.34 4.06833 5081.33
v -6314.2 4.15131 5081.31
v -6314.29 4.08949 5081.39
v -6314.22 4.12746 5081.37
v -6314.33 4.03241 5081.27
v -6314.35 4.05188 5081.28
v -6314.23 4.16512 5081.28
v -6314.21 4.14863 5081.27
v -6314.3 4.15585 5081.2
v -6314.34 4.08804 5081.19
v -6314.32 4.04356 5081.24
v -6314.3 4.08734 5081.18
v -6314.25 4.15551 5081.19
v -6314.33 4.03241 5081.27
v -6314.35 4.05188 5081.28
v -6314.34 4.03268 5081.32
v -6314.34 4.06833 5081.33
v -6314.35 4.15554 5081.21
v -6314.32 4.08579 5081.18
v -6314.3 4.1603 5081.19
v -6314.27 4.08757 5081.18
v -6314.31 4.17381 5081.26
v -6314.35 4.17368 5081.27
v -6314.29 4.07661 5081.38
v -6314.33 4.11797 5081.34
v -6314.28 4.12768 5081.39
v -6314.33 4.15116 5081.34
v -6314.23 4.04115 5081.35
v -6314.23 4.09133 5081.36
v -6314.21 4.06848 5081.29
v -6314.21 4.03283 5081.29
v -6314.27 4.04361 5081.22
v -6314.24 4.04374 5081.22
v -6314.27 4.04361 5081.22
v -6314.35 4.17368 5081.27
v -6314.24 4.03252 5081.25
v -6314.33 4.15116 5081.34
v -6314.24 4.04374 5081.22
v -6314.23 4.05203 5081.25
v -6314.33 4.11797 5081.34
v -6314.29 4.07661 5081.38
v -6314.21 4.03283 5081.29
v -6314.23 4.04115 5081.35
v -6314.21 4.06848 5081.29
v -6314.23 4.09133 5081.36
v -6314.28 4.12768 5081.39
v -6314.24 4.03252 5081.25
v -6314.23 4.05203 5081.25
v -6314.32 4.165 5081.3
v -6314.34 4.14848 5081.3
v -6314.31 4.17381 5081.26
v -6314.3 4.1603 5081.19
v -6314.27 4.08757 5081.18
v -6314.32 4.08579 5081.18
v -6314.35 4.15554 5081.21
v -6314.34 4.14848 5081.3
v -6314.32 4.165 5081.3
v -6314.21 4.03283 5081.29
v -6314.21 4.06848 5081.29
v -6316.86 3.33175 5081.93
v -6316.91 3.33228 5081.94
v -6316.9 3.39946 5081.95
v -6316.95 3.39963 5081.96
v -6316.94 3.44013 5081.92
v -6316.97 3.44 5081.92
v -6316.99 3.39458 5081.75
v -6316.98 3.44418 5081.77
v -6316.99 3.41013 5081.82
v -6316.99 3.44331 5081.83
v -6316.92 3.35567 5081.74
v -6316.92 3.40931 5081.74
v -6316.88 3.36062 5081.79
v -6316.88 3.32498 5081.78
v -6316.89 3.30994 5081.88
v -6316.86 3.31007 5081.87
v -6316.88 3.32498 5081.78
v -6316.99 3.42715 5081.87
v -6316.97 3.44 5081.92
v -6316.94 3.44013 5081.92
v -6316.97 3.44367 5081.87
v -6316.86 3.31007 5081.87
v -6316.92 3.35567 5081.74
v -6316.99 3.41013 5081.82
v -6316.99 3.39458 5081.75
v -6316.88 3.36062 5081.79
v -6316.99 3.44331 5081.83
v -6316.92 3.40931 5081.74
v -6316.98 3.44418 5081.77
v -6316.88 3.3112 5081.82
v -6316.87 3.3307 5081.82
v -6316.97 3.44367 5081.87
v -6316.99 3.42715 5081.87
v -6316.86 3.33175 5081.93
v -6316.9 3.39946 5081.95
v -6316.89 3.30994 5081.88
v -6316.91 3.33228 5081.94
v -6316.95 3.39963 5081.96
v -6316.88 3.3112 5081.82
v -6316.87 3.3307 5081.82
v -6316.88 3.32498 5081.78
v -6316.88 3.36062 5081.79
v -6316.85 3.39959 5081.94
v -6316.89 3.32613 5081.94
v -6316.9 3.40062 5081.96
v -6316.94 3.33223 5081.94
v -6316.89 3.44019 5081.9
v -6316.85 3.44015 5081.89
v -6316.92 3.39289 5081.74
v -6316.87 3.41026 5081.8
v -6316.92 3.44396 5081.75
v -6316.87 3.44345 5081.8
v -6316.98 3.3555 5081.75
v -6316.98 3.40746 5081.76
v -6316.99 3.36049 5081.81
v -6316.99 3.32485 5081.81
v -6316.94 3.30989 5081.89
v -6316.97 3.30993 5081.9
v -6316.94 3.30989 5081.89
v -6316.85 3.44015 5081.89
v -6316.98 3.31109 5081.84
v -6316.87 3.44345 5081.8
v -6316.97 3.30993 5081.9
v -6316.99 3.33056 5081.85
v -6316.87 3.41026 5081.8
v -6316.92 3.39289 5081.74
v -6316.99 3.32485 5081.81
v -6316.98 3.3555 5081.75
v -6316.99 3.36049 5081.81
v -6316.92 3.44396 5081.75
v -6316.98 3.40746 5081.76
v -6316.98 3.31109 5081.84
v -6316.99 3.33056 5081.85
v -6316.88 3.44378 5081.85
v -6316.86 3.4273 5081.84
v -6316.89 3.44019 5081.9
v -6316.94 3.33223 5081.94
v -6316.9 3.40062 5081.96
v -6316.89 3.32613 5081.94
v -6316.85 3.39959 5081.94
v -6316.86 3.4273 5081.84
v -6316.88 3.44378 5081.85
v -6316.99 3.32485 5081.81
v -6316.99 3.36049 5081.81
v -6314.23 3.41233 5081.29
v -6314.27 3.34486 5081.28
v -6314.27 3.41207 5081.3
v -6314.32 3.34426 5081.3
v -6314.26 3.45426 5081.25
v -6314.23 3.45422 5081.24
v -6314.29 3.41284 5081.1
v -6314.25 3.4292 5081.16
v -6314.29 3.46252 5081.12
v -6314.25 3.46239 5081.17
v -6314.36 3.37466 5081.12
v -6314.36 3.4274 5081.12
v -6314.37 3.38137 5081.17
v -6314.37 3.34572 5081.17
v -6314.32 3.32395 5081.23
v -6314.35 3.32399 5081.24
v -6314.37 3.34572 5081.17
v -6314.23 3.45422 5081.24
v -6314.23 3.44361 5081.2
v -6314.26 3.45426 5081.25
v -6314.35 3.32399 5081.24
v -6314.25 3.4601 5081.21
v -6314.25 3.4292 5081.16
v -6314.36 3.37466 5081.12
v -6314.29 3.41284 5081.1
v -6314.37 3.38137 5081.17
v -6314.36 3.4274 5081.12
v -6314.25 3.46239 5081.17
v -6314.29 3.46252 5081.12
v -6314.35 3.32739 5081.21
v -6314.36 3.34686 5081.21
v -6314.25 3.4601 5081.21
v -6314.23 3.44361 5081.2
v -6314.27 3.41207 5081.3
v -6314.32 3.34426 5081.3
v -6314.32 3.32395 5081.23
v -6314.27 3.34486 5081.28
v -6314.23 3.41233 5081.29
v -6314.35 3.32739 5081.21
v -6314.36 3.34686 5081.21
v -6314.37 3.34572 5081.17
v -6314.37 3.38137 5081.17
v -6314.24 3.34489 5081.28
v -6314.29 3.3388 5081.3
v -6314.27 3.41332 5081.31
v -6314.32 3.41208 5081.31
v -6314.31 3.4542 5081.26
v -6314.35 3.45407 5081.27
v -6314.35 3.41109 5081.13
v -6314.35 3.46217 5081.14
v -6314.37 3.42906 5081.19
v -6314.37 3.46225 5081.2
v -6314.29 3.42582 5081.11
v -6314.29 3.3739 5081.11
v -6314.26 3.38071 5081.15
v -6314.26 3.3452 5081.14
v -6314.28 3.324 5081.22
v -6314.24 3.32413 5081.21
v -6314.28 3.324 5081.22
v -6314.26 3.32751 5081.18
v -6314.35 3.45407 5081.27
v -6314.37 3.46225 5081.2
v -6314.24 3.34701 5081.18
v -6314.24 3.32413 5081.21
v -6314.37 3.42906 5081.19
v -6314.26 3.3452 5081.14
v -6314.35 3.41109 5081.13
v -6314.29 3.3739 5081.11
v -6314.26 3.38071 5081.15
v -6314.29 3.42582 5081.11
v -6314.35 3.46217 5081.14
v -6314.26 3.32751 5081.18
v -6314.24 3.34701 5081.18
v -6314.34 3.45998 5081.23
v -6314.36 3.44346 5081.23
v -6314.31 3.4542 5081.26
v -6314.27 3.41332 5081.31
v -6314.24 3.34489 5081.28
v -6314.29 3.3388 5081.3
v -6314.32 3.41208 5081.31
v -6314.36 3.44346 5081.23
v -6314.34 3.45998 5081.23
v -6314.26 3.3452 5081.14
v -6314.26 3.38071 5081.15
v -6316.98 4.15307 5081.86
v -6316.94 4.08502 5081.84
v -6316.93 4.15351 5081.85
v -6316.89 4.0858 5081.83
v -6316.94 4.17213 5081.91
v -6316.98 4.172 5081.92
v -6316.92 4.07481 5082.03
v -6316.96 4.11717 5081.98
v -6316.92 4.12728 5082.03
v -6316.96 4.15036 5081.99
v -6316.86 4.04089 5081.99
v -6316.85 4.08954 5082.01
v -6316.84 4.06768 5081.94
v -6316.84 4.03204 5081.93
v -6316.9 4.04194 5081.87
v -6316.86 4.04207 5081.87
v -6316.84 4.03204 5081.93
v -6316.98 4.172 5081.92
v -6316.97 4.14722 5081.95
v -6316.94 4.17213 5081.91
v -6316.86 4.04207 5081.87
v -6316.95 4.16374 5081.95
v -6316.96 4.11717 5081.98
v -6316.92 4.07481 5082.03
v -6316.86 4.04089 5081.99
v -6316.84 4.06768 5081.94
v -6316.85 4.08954 5082.01
v -6316.96 4.15036 5081.99
v -6316.92 4.12728 5082.03
v -6316.86 4.03127 5081.9
v -6316.85 4.05077 5081.9
v -6316.95 4.16374 5081.95
v -6316.97 4.14722 5081.95
v -6316.93 4.15351 5081.85
v -6316.89 4.0858 5081.83
v -6316.9 4.04194 5081.87
v -6316.94 4.08502 5081.84
v -6316.98 4.15307 5081.86
v -6316.86 4.03127 5081.9
v -6316.85 4.05077 5081.9
v -6316.84 4.03204 5081.93
v -6316.84 4.06768 5081.94
v -6316.97 4.08517 5081.85
v -6316.92 4.08338 5081.83
v -6316.93 4.15787 5081.84
v -6316.88 4.15332 5081.84
v -6316.89 4.17219 5081.9
v -6316.85 4.17215 5081.89
v -6316.86 4.07656 5082
v -6316.86 4.12763 5082.02
v -6316.84 4.11732 5081.95
v -6316.83 4.15051 5081.96
v -6316.92 4.09113 5082.02
v -6316.92 4.0409 5082.01
v -6316.96 4.06753 5081.97
v -6316.96 4.03189 5081.96
v -6316.94 4.04189 5081.89
v -6316.97 4.04193 5081.89
v -6316.94 4.04189 5081.89
v -6316.96 4.03116 5081.92
v -6316.85 4.17215 5081.89
v -6316.83 4.15051 5081.96
v -6316.97 4.05063 5081.93
v -6316.97 4.04193 5081.89
v -6316.84 4.11732 5081.95
v -6316.96 4.03189 5081.96
v -6316.86 4.07656 5082
v -6316.92 4.0409 5082.01
v -6316.96 4.06753 5081.97
v -6316.92 4.09113 5082.02
v -6316.86 4.12763 5082.02
v -6316.96 4.03116 5081.92
v -6316.97 4.05063 5081.93
v -6316.86 4.16385 5081.93
v -6316.84 4.14737 5081.92
v -6316.89 4.17219 5081.9
v -6316.93 4.15787 5081.84
v -6316.97 4.08517 5081.85
v -6316.92 4.08338 5081.83
v -6316.88 4.15332 5081.84
v -6316.84 4.14737 5081.92
v -6316.86 4.16385 5081.93
v -6316.96 4.03189 5081.96
v -6316.96 4.06753 5081.97
v -6313.98 1.43438 5081.67
v -6314.03 1.45777 5081.68
v -6313.94 1.46828 5081.7
v -6314.05 1.46815 5081.73
v -6314.01 1.4786 5081.77
v -6313.96 1.47866 5081.76
v -6314.19 4.35343 5081.04
v -6314.13 4.3535 5081.03
v -6314.21 4.36509 5081.1
v -6314.09 4.36524 5081.07
v -6314.11 4.37691 5081.13
v -6314.17 4.37683 5081.15
v -6316.62 1.43108 5082.3
v -6316.68 1.44177 5082.31
v -6316.58 1.45229 5082.34
v -6316.69 1.46485 5082.36
v -6316.6 1.47536 5082.39
v -6316.66 1.47529 5082.4
v -6316.83 4.34189 5081.68
v -6316.77 4.34197 5081.66
v -6316.85 4.36179 5081.73
v -6316.73 4.36194 5081.71
v -6316.75 4.3667 5081.76
v -6316.81 4.36662 5081.78
v -6314.15 4.06954 5081.26
v -6314.11 4.13729 5081.26
v -6314.11 4.07006 5081.25
v -6314.06 4.13745 5081.25
v -6314.09 4.17893 5081.21
v -6314.06 4.1788 5081.2
v -6314.12 4.07185 5081.06
v -6314.08 4.11562 5081.11
v -6314.13 4.12434 5081.06
v -6314.08 4.14874 5081.1
v -6314.19 4.03811 5081.1
v -6314.19 4.08638 5081.08
v -6314.21 4.06594 5081.15
v -6314.2 4.03036 5081.16
v -6314.17 4.04866 5081.2
v -6314.19 4.05721 5081.2
v -6314.2 4.03036 5081.16
v -6314.06 4.1788 5081.2
v -6314.07 4.16434 5081.15
v -6314.09 4.17893 5081.21
v -6314.19 4.05721 5081.2
v -6314.08 4.18088 5081.16
v -6314.08 4.11562 5081.11
v -6314.19 4.03811 5081.1
v -6314.12 4.07185 5081.06
v -6314.21 4.06594 5081.15
v -6314.19 4.08638 5081.08
v -6314.08 4.14874 5081.1
v -6314.13 4.12434 5081.06
v -6314.2 4.03036 5081.16
v -6314.21 4.06594 5081.15
v -6314.08 4.18088 5081.16
v -6314.07 4.16434 5081.15
v -6314.11 4.13729 5081.26
v -6314.15 4.06954 5081.26
v -6314.17 4.04866 5081.2
v -6314.11 4.07006 5081.25
v -6314.06 4.13745 5081.25
v -6314.16 4.13741 5081.27
v -6314.11 4.13847 5081.27
v -6314.12 4.06394 5081.26
v -6314.08 4.07001 5081.24
v -6314.15 4.17899 5081.22
v -6314.18 4.17894 5081.23
v -6314.19 4.07362 5081.09
v -6314.19 4.12458 5081.07
v -6314.21 4.11547 5081.14
v -6314.21 4.14858 5081.13
v -6314.12 4.03828 5081.08
v -6314.12 4.08831 5081.07
v -6314.08 4.06609 5081.12
v -6314.08 4.03052 5081.13
v -6314.1 4.04861 5081.18
v -6314.08 4.05075 5081.18
v -6314.21 4.11547 5081.14
v -6314.08 4.03052 5081.13
v -6314.19 4.07362 5081.09
v -6314.12 4.03828 5081.08
v -6314.08 4.06609 5081.12
v -6314.21 4.14858 5081.13
v -6314.12 4.08831 5081.07
v -6314.19 4.12458 5081.07
v -6314.18 4.17938 5081.18
v -6314.2 4.16289 5081.18
v -6314.15 4.17899 5081.22
v -6314.08 4.05075 5081.18
v -6314.11 4.13847 5081.27
v -6314.08 4.07001 5081.24
v -6314.1 4.04861 5081.18
v -6314.18 4.17894 5081.23
v -6314.12 4.06394 5081.26
v -6314.16 4.13741 5081.27
v -6314.2 4.16289 5081.18
v -6314.18 4.17938 5081.18
v -6314.08 4.03052 5081.13
v -6314.08 4.06609 5081.12
v -6316.73 3.35489 5081.78
v -6316.76 3.42283 5081.81
v -6316.77 3.35422 5081.8
v -6316.81 3.4225 5081.82
v -6316.78 3.44252 5081.87
v -6316.81 3.44247 5081.88
v -6316.75 3.39437 5082.01
v -6316.79 3.40921 5081.94
v -6316.75 3.4438 5081.99
v -6316.79 3.44233 5081.94
v -6316.68 3.35542 5081.99
v -6316.68 3.40907 5081.99
v -6316.67 3.35982 5081.93
v -6316.67 3.32425 5081.93
v -6316.73 3.31194 5081.83
v -6316.7 3.31199 5081.82
v -6316.67 3.32425 5081.93
v -6316.81 3.44247 5081.88
v -6316.81 3.42481 5081.9
v -6316.78 3.44252 5081.87
v -6316.7 3.31199 5081.82
v -6316.79 3.44133 5081.9
v -6316.79 3.40921 5081.94
v -6316.68 3.35542 5081.99
v -6316.75 3.39437 5082.01
v -6316.67 3.35982 5081.93
v -6316.68 3.40907 5081.99
v -6316.79 3.44233 5081.94
v -6316.75 3.4438 5081.99
v -6316.69 3.31874 5081.88
v -6316.68 3.33825 5081.88
v -6316.79 3.44133 5081.9
v -6316.81 3.42481 5081.9
v -6316.73 3.35489 5081.78
v -6316.76 3.42283 5081.81
v -6316.73 3.31194 5081.83
v -6316.77 3.35422 5081.8
v -6316.81 3.4225 5081.82
v -6316.69 3.31874 5081.88
v -6316.68 3.33825 5081.88
v -6316.67 3.32425 5081.93
v -6316.67 3.35982 5081.93
v -6316.72 3.42254 5081.8
v -6316.76 3.42721 5081.8
v -6316.76 3.35255 5081.78
v -6316.8 3.35444 5081.8
v -6316.72 3.44246 5081.86
v -6316.69 3.44233 5081.85
v -6316.69 3.3926 5081.98
v -6316.69 3.44356 5081.97
v -6316.67 3.40936 5081.91
v -6316.67 3.44247 5081.91
v -6316.75 3.35525 5082
v -6316.75 3.40714 5081.99
v -6316.78 3.35969 5081.95
v -6316.78 3.32412 5081.96
v -6316.77 3.31199 5081.84
v -6316.81 3.31212 5081.85
v -6316.77 3.31199 5081.84
v -6316.79 3.31245 5081.9
v -6316.69 3.44233 5081.85
v -6316.67 3.44247 5081.91
v -6316.8 3.33199 5081.9
v -6316.81 3.31212 5081.85
v -6316.67 3.40936 5081.91
v -6316.78 3.32412 5081.96
v -6316.69 3.3926 5081.98
v -6316.75 3.35525 5082
v -6316.69 3.44356 5081.97
v -6316.78 3.35969 5081.95
v -6316.75 3.40714 5081.99
v -6316.79 3.31245 5081.9
v -6316.8 3.33199 5081.9
v -6316.7 3.44218 5081.89
v -6316.68 3.42562 5081.88
v -6316.8 3.35444 5081.8
v -6316.72 3.44246 5081.86
v -6316.76 3.42721 5081.8
v -6316.76 3.35255 5081.78
v -6316.72 3.42254 5081.8
v -6316.68 3.42562 5081.88
v -6316.7 3.44218 5081.89
v -6316.78 3.32412 5081.96
v -6316.78 3.35969 5081.95
v -6314.09 3.4265 5081.14
v -6314.14 3.42681 5081.15
v -6314.13 3.35764 5081.14
v -6314.18 3.35816 5081.15
v -6314.1 3.44935 5081.2
v -6314.06 3.44924 5081.19
v -6314.06 3.4125 5081.33
v -6314.07 3.46201 5081.32
v -6314.06 3.4282 5081.26
v -6314.06 3.46132 5081.26
v -6314.13 3.37433 5081.35
v -6314.13 3.42703 5081.35
v -6314.16 3.38055 5081.31
v -6314.16 3.34498 5081.32
v -6314.15 3.31737 5081.19
v -6314.19 3.31749 5081.2
v -6314.16 3.34498 5081.32
v -6314.06 3.44086 5081.22
v -6314.06 3.44924 5081.19
v -6314.1 3.44935 5081.2
v -6314.07 3.4576 5081.23
v -6314.19 3.31749 5081.2
v -6314.13 3.37433 5081.35
v -6314.06 3.4282 5081.26
v -6314.06 3.4125 5081.33
v -6314.16 3.38055 5081.31
v -6314.06 3.46132 5081.26
v -6314.13 3.42703 5081.35
v -6314.07 3.46201 5081.32
v -6314.17 3.30926 5081.23
v -6314.18 3.32902 5081.24
v -6314.07 3.4576 5081.23
v -6314.06 3.44086 5081.22
v -6314.14 3.42681 5081.15
v -6314.18 3.35816 5081.15
v -6314.15 3.31737 5081.19
v -6314.13 3.35764 5081.14
v -6314.09 3.4265 5081.14
v -6314.17 3.30926 5081.23
v -6314.18 3.32902 5081.24
v -6314.16 3.34498 5081.32
v -6314.16 3.38055 5081.31
v -6314.1 3.35777 5081.13
v -6314.14 3.43063 5081.14
v -6314.15 3.35513 5081.13
v -6314.19 3.42666 5081.16
v -6314.15 3.44939 5081.21
v -6314.19 3.44933 5081.22
v -6314.13 3.41068 5081.34
v -6314.17 3.42805 5081.29
v -6314.13 3.46164 5081.33
v -6314.17 3.46117 5081.28
v -6314.06 3.42537 5081.32
v -6314.06 3.37353 5081.33
v -6314.05 3.37987 5081.28
v -6314.05 3.34444 5081.29
v -6314.11 3.31734 5081.19
v -6314.08 3.3174 5081.18
v -6314.11 3.31734 5081.19
v -6314.19 3.44933 5081.22
v -6314.08 3.30919 5081.21
v -6314.17 3.46117 5081.28
v -6314.08 3.3174 5081.18
v -6314.06 3.32893 5081.21
v -6314.17 3.42805 5081.29
v -6314.13 3.41068 5081.34
v -6314.05 3.34444 5081.29
v -6314.06 3.37353 5081.33
v -6314.05 3.37987 5081.28
v -6314.06 3.42537 5081.32
v -6314.13 3.46164 5081.33
v -6314.08 3.30919 5081.21
v -6314.06 3.32893 5081.21
v -6314.16 3.45667 5081.25
v -6314.18 3.43996 5081.25
v -6314.15 3.44939 5081.21
v -6314.14 3.43063 5081.14
v -6314.1 3.35777 5081.13
v -6314.15 3.35513 5081.13
v -6314.19 3.42666 5081.16
v -6314.18 3.43996 5081.25
v -6314.16 3.45667 5081.25
v -6314.05 3.34444 5081.29
v -6314.05 3.37987 5081.28
v -6316.78 4.13913 5081.93
v -6316.74 4.13887 5081.92
v -6316.75 4.07163 5081.91
v -6316.7 4.07104 5081.9
v -6316.78 4.17994 5081.88
v -6316.81 4.1799 5081.89
v -6316.82 4.07173 5081.72
v -6316.82 4.12415 5081.72
v -6316.84 4.11463 5081.78
v -6316.84 4.14775 5081.77
v -6316.75 4.03801 5081.72
v -6316.75 4.08644 5081.7
v -6316.71 4.06526 5081.76
v -6316.71 4.02969 5081.77
v -6316.73 4.04957 5081.85
v -6316.7 4.04962 5081.84
v -6316.71 4.02969 5081.77
v -6316.83 4.15509 5081.83
v -6316.81 4.1799 5081.89
v -6316.78 4.17994 5081.88
v -6316.81 4.17158 5081.83
v -6316.7 4.04962 5081.84
v -6316.84 4.11463 5081.78
v -6316.82 4.07173 5081.72
v -6316.75 4.03801 5081.72
v -6316.71 4.06526 5081.76
v -6316.84 4.14775 5081.77
v -6316.75 4.08644 5081.7
v -6316.82 4.12415 5081.72
v -6316.71 4.02969 5081.77
v -6316.71 4.06526 5081.76
v -6316.81 4.17158 5081.83
v -6316.83 4.15509 5081.83
v -6316.74 4.13887 5081.92
v -6316.7 4.07104 5081.9
v -6316.73 4.04957 5081.85
v -6316.75 4.07163 5081.91
v -6316.78 4.13913 5081.93
v -6316.78 4.07166 5081.92
v -6316.74 4.14014 5081.93
v -6316.73 4.06559 5081.91
v -6316.69 4.13888 5081.91
v -6316.72 4.17988 5081.87
v -6316.69 4.17975 5081.86
v -6316.75 4.07356 5081.71
v -6316.71 4.11479 5081.75
v -6316.76 4.12452 5081.7
v -6316.71 4.14791 5081.74
v -6316.82 4.0881 5081.73
v -6316.81 4.03802 5081.74
v -6316.83 4.0651 5081.79
v -6316.83 4.02954 5081.8
v -6316.77 4.04962 5081.85
v -6316.81 4.04975 5081.86
v -6316.77 4.04962 5081.85
v -6316.69 4.17975 5081.86
v -6316.83 4.02954 5081.8
v -6316.71 4.14791 5081.74
v -6316.81 4.04975 5081.86
v -6316.83 4.0651 5081.79
v -6316.71 4.11479 5081.75
v -6316.75 4.07356 5081.71
v -6316.81 4.03802 5081.74
v -6316.82 4.0881 5081.73
v -6316.76 4.12452 5081.7
v -6316.83 4.02954 5081.8
v -6316.83 4.0651 5081.79
v -6316.72 4.17542 5081.81
v -6316.7 4.15889 5081.8
v -6316.72 4.17988 5081.87
v -6316.74 4.14014 5081.93
v -6316.78 4.07166 5081.92
v -6316.73 4.06559 5081.91
v -6316.69 4.13888 5081.91
v -6316.7 4.15889 5081.8
v -6316.72 4.17542 5081.81
v -6317.4 3.33135 5082.05
v -6317.4 3.38529 5082.06
v -6315.05 3.3714 5081.48
v -6315.05 3.41868 5081.49
v -6317.41 3.31433 5082
v -6315.06 3.35649 5081.44
v -6317.41 3.31433 5082
v -6315.06 3.35649 5081.44
v -6317.42 3.35126 5081.96
v -6315.07 3.38885 5081.4
v -6317.42 3.40519 5081.97
v -6315.07 3.43612 5081.41
v -6317.41 3.42221 5082.02
v -6315.06 3.45104 5081.46
v -6313.59 3.33135 5081.1
v -6313.59 3.39195 5081.11
v -6313.6 3.31223 5081.04
v -6313.61 3.35371 5081
v -6313.6 3.31223 5081.04
v -6313.61 3.41432 5081.01
v -6313.6 3.43343 5081.07
v -6313.66 4.0961 5081.02
v -6313.65 4.15003 5081.03
v -6315.42 4.10612 5081.5
v -6315.42 4.15339 5081.51
v -6313.65 4.05917 5081.06
v -6315.41 4.07376 5081.54
v -6313.65 4.05917 5081.06
v -6315.41 4.07376 5081.54
v -6313.63 4.07619 5081.11
v -6315.4 4.08868 5081.58
v -6313.63 4.13013 5081.12
v -6315.4 4.13595 5081.59
v -6313.64 4.16705 5081.08
v -6315.4 4.16831 5081.56
v -6317.46 4.15004 5081.98
v -6317.47 4.08943 5081.97
v -6317.46 4.04795 5082.01
v -6317.44 4.06707 5082.07
v -6317.46 4.04795 5082.01
v -6317.44 4.12767 5082.08
v -6317.45 4.16916 5082.04
v -6314.26 3.74784 5081.29
v -6314.37 1.43139 5080.79
v -6314.31 3.74779 5081.3
v -6314.42 1.45483 5080.81
v -6314.35 1.46488 5080.74
v -6314.25 3.75659 5081.24
v -6314.39 1.4748 5080.7
v -6314.35 1.46488 5080.74
v -6314.28 3.76529 5081.21
v -6314.25 3.75659 5081.24
v -6314.44 1.47474 5080.72
v -6314.33 3.76523 5081.22
v -6314.46 1.46475 5080.77
v -6314.34 3.75648 5081.26
v -6314.28 4.35683 5081.41
v -6314.22 4.3569 5081.4
v -6314.2 4.36812 5081.34
v -6314.2 4.36812 5081.34
v -6314.24 4.37926 5081.3
v -6314.3 4.37919 5081.31
v -6314.32 4.36797 5081.37
v -6317 1.42823 5081.45
v -6317.06 1.43896 5081.46
v -6316.89 3.56572 5081.87
v -6316.94 3.56566 5081.88
v -6316.99 1.44901 5081.4
v -6316.88 3.57447 5081.82
v -6316.99 1.44901 5081.4
v -6316.88 3.57447 5081.82
v -6317.03 1.47164 5081.36
v -6316.91 3.58316 5081.79
v -6317.08 1.47158 5081.38
v -6316.96 3.58311 5081.8
v -6317.1 1.46159 5081.43
v -6316.97 3.57436 5081.85
v -6316.85 4.34549 5082.06
v -6316.91 4.34542 5082.07
v -6316.83 4.36496 5082
v -6316.83 4.36496 5082
v -6316.88 4.36919 5081.96
v -6316.94 4.36911 5081.97
v -6316.95 4.36482 5082.03
v -6314.12 3.74568 5081.16
v -6314.17 3.74562 5081.17
v -6313.98 1.43438 5081.67
v -6314.03 1.45777 5081.68
v -6313.94 1.46828 5081.7
v -6314.09 3.75484 5081.19
v -6313.96 1.47866 5081.76
v -6314.1 3.76393 5081.24
v -6313.94 1.46828 5081.7
v -6314.09 3.75484 5081.19
v -6314.01 1.4786 5081.77
v -6314.15 3.76388 5081.25
v -6314.05 1.46815 5081.73
v -6314.18 3.75472 5081.21
v -6314.19 4.35343 5081.04
v -6314.13 4.3535 5081.03
v -6314.09 4.36524 5081.07
v -6314.09 4.36524 5081.07
v -6314.11 4.37691 5081.13
v -6314.17 4.37683 5081.15
v -6314.21 4.36509 5081.1
v -6316.62 1.43108 5082.3
v -6316.72 3.56415 5081.86
v -6316.68 1.44177 5082.31
v -6316.77 3.56409 5081.87
v -6316.58 1.45229 5082.34
v -6316.69 3.57331 5081.89
v -6316.58 1.45229 5082.34
v -6316.6 1.47536 5082.39
v -6316.69 3.57331 5081.89
v -6316.7 3.58241 5081.94
v -6316.66 1.47529 5082.4
v -6316.75 3.58235 5081.95
v -6316.69 1.46485 5082.36
v -6316.78 3.57319 5081.91
v -6316.77 4.34197 5081.66
v -6316.83 4.34189 5081.68
v -6316.73 4.36194 5081.71
v -6316.73 4.36194 5081.71
v -6316.75 4.3667 5081.76
v -6316.81 4.36662 5081.78
v -6316.85 4.36179 5081.73
v -6315.97 4.71711 5078.65
v -6315.95 4.71711 5078.67
v -6315.91 4.71711 5078.66
v -6315.91 4.71711 5078.63
v -6315.93 4.71711 5078.61
v -6315.97 4.71711 5078.62
v -6315.97 6.51905 5078.65
v -6315.97 6.51905 5078.62
v -6315.93 6.51905 5078.61
v -6315.91 6.51905 5078.63
v -6315.91 6.51905 5078.66
v -6315.95 6.51905 5078.67
v -6316.94 4.71711 5077.82
v -6316.91 4.71711 5077.84
v -6316.88 4.71711 5077.83
v -6316.88 4.71711 5077.8
v -6316.9 4.71711 5077.77
v -6316.93 4.71711 5077.78
v -6316.94 6.51905 5077.82
v -6316.93 6.51905 5077.78
v -6316.9 6.51905 5077.77
v -6316.88 6.51905 5077.8
v -6316.88 6.51905 5077.83
v -6316.91 6.51905 5077.84
v -6316.7 4.71229 5077.54
v -6316.68 4.71229 5077.57
v -6316.65 4.71711 5077.55
v -6316.64 4.72193 5077.52
v -6316.67 4.72193 5077.5
v -6316.7 4.71711 5077.51
v -6316.9 6.51702 5077.77
v -6316.89 6.52184 5077.74
v -6316.86 6.52667 5077.73
v -6316.84 6.52667 5077.75
v -6316.84 6.52184 5077.78
v -6316.87 6.51702 5077.79
v -6315.74 4.71229 5078.38
v -6315.71 4.71229 5078.4
v -6315.68 4.71711 5078.39
v -6315.67 4.72193 5078.35
v -6315.7 4.72193 5078.33
v -6315.73 4.71711 5078.34
v -6315.93 6.51702 5078.6
v -6315.93 6.52184 5078.57
v -6315.89 6.52667 5078.56
v -6315.87 6.52667 5078.58
v -6315.87 6.52184 5078.61
v -6315.91 6.51702 5078.63
v -6316.93 6.3696 5077.75
v -6316.93 6.35119 5077.75
v -6316.92 6.34198 5077.73
v -6316.91 6.35119 5077.72
v -6316.91 6.3696 5077.72
v -6316.92 6.3788 5077.73
v -6315.88 6.3696 5078.66
v -6315.87 6.3788 5078.64
v -6315.86 6.3696 5078.63
v -6315.86 6.35119 5078.63
v -6315.87 6.34198 5078.64
v -6315.88 6.35119 5078.66
v -6316.76 4.79752 5077.55
v -6316.76 4.77911 5077.55
v -6316.75 4.76991 5077.54
v -6316.74 4.77911 5077.52
v -6316.74 4.79752 5077.52
v -6316.75 4.80672 5077.54
v -6315.71 4.79752 5078.46
v -6315.69 4.80672 5078.44
v -6315.68 4.79752 5078.43
v -6315.68 4.77911 5078.43
v -6315.69 4.76991 5078.44
v -6315.71 4.77911 5078.46
v -6316.94 4.79644 5077.76
v -6316.94 4.77803 5077.76
v -6316.93 4.76883 5077.75
v -6316.92 4.77803 5077.73
v -6316.92 4.79644 5077.73
v -6316.93 4.80564 5077.75
v -6315.89 4.79644 5078.67
v -6315.88 4.80564 5078.65
v -6315.86 4.79644 5078.64
v -6315.86 4.77803 5078.64
v -6315.88 4.76883 5078.65
v -6315.89 4.77803 5078.67
v -6316.18 5.72603 5078.39
v -6316.18 6.35194 5078.39
v -6316.17 6.35194 5078.39
v -6316.17 5.72603 5078.39
v -6316.17 6.35194 5078.38
v -6316.17 5.72603 5078.38
v -6316.18 6.35194 5078.38
v -6316.18 5.72603 5078.38
v -6316.18 6.35194 5078.39
v -6316.18 5.72603 5078.39
v -6316.4 5.57039 5078.19
v -6316.4 6.35194 5078.19
v -6316.39 6.35194 5078.19
v -6316.39 5.57039 5078.19
v -6316.4 6.35194 5078.18
v -6316.4 5.57039 5078.18
v -6316.4 6.35194 5078.18
v -6316.4 5.57039 5078.18
v -6316.4 6.35194 5078.19
v -6316.4 5.57039 5078.19
v -6316.63 5.53679 5078
v -6316.63 6.33985 5078
v -6316.62 6.33985 5078
v -6316.62 5.53679 5078
v -6316.62 6.33985 5077.99
v -6316.62 5.53679 5077.99
v -6316.63 6.33985 5077.99
v -6316.63 5.53679 5077.99
v -6316.63 6.33985 5078
v -6316.63 5.53679 5078
v -6316.39 5.13525 5078.16
v -6316.36 5.29823 5078.13
v -6316.43 5.30247 5078.13
v -6316.43 5.11947 5078.16
v -6316.49 5.30508 5078.16
v -6316.47 5.13969 5078.17
v -6316.34 5.47883 5078.13
v -6316.42 5.44716 5078.14
v -6316.49 5.42934 5078.16
v -6316.4 5.61691 5078.19
v -6316.33 5.55065 5078.17
v -6316.45 5.59493 5078.2
v -6316.33 5.47414 5078.2
v -6316.4 5.44218 5078.22
v -6316.48 5.42563 5078.22
v -6316.35 5.29452 5078.19
v -6316.41 5.29749 5078.21
v -6316.48 5.30208 5078.21
v -6316.5 5.30458 5078.19
v -6316.51 5.4286 5078.2
v -6316.33 5.29538 5078.15
v -6316.32 5.44041 5078.16
v -6316.07 5.26413 5078.39
v -6316.09 5.44862 5078.33
v -6316.16 5.44268 5078.36
v -6316.11 5.24059 5078.41
v -6316.22 5.43976 5078.42
v -6316.16 5.25827 5078.44
v -6316.1 5.655 5078.31
v -6316.18 5.60838 5078.35
v -6316.24 5.57999 5078.41
v -6316.17 5.81028 5078.38
v -6316.09 5.74381 5078.34
v -6316.22 5.77859 5078.41
v -6316.06 5.66373 5078.39
v -6316.13 5.61766 5078.43
v -6316.21 5.5869 5078.47
v -6316.05 5.45553 5078.39
v -6316.11 5.45195 5078.44
v -6316.19 5.44535 5078.47
v -6316.22 5.44123 5078.45
v -6316.24 5.58197 5078.45
v -6316.05 5.4534 5078.35
v -6316.06 5.62079 5078.34
v -6316.65 5.02914 5078.07
v -6316.65 5.21927 5078.1
v -6316.59 5.21577 5078.05
v -6316.62 5.00592 5078.03
v -6316.55 5.2107 5077.98
v -6316.59 5.02407 5077.99
v -6316.65 5.42767 5078.1
v -6316.59 5.38205 5078.04
v -6316.54 5.35249 5077.96
v -6316.63 5.57757 5077.99
v -6316.68 5.51018 5078.06
v -6316.59 5.54626 5077.95
v -6316.72 5.42313 5078.04
v -6316.66 5.37722 5077.98
v -6316.6 5.3489 5077.92
v -6316.7 5.21568 5078.05
v -6316.66 5.21095 5077.99
v -6316.6 5.20779 5077.94
v -6316.56 5.2081 5077.94
v -6316.56 5.34942 5077.92
v -6316.69 5.21862 5078.09
v -6316.7 5.38649 5078.09
v -6316.53 5.48638 5077.92
v -6316.52 5.62507 5077.94
v -6316.56 5.62759 5077.9
v -6316.56 5.47184 5077.9
v -6316.62 5.62371 5077.88
v -6316.59 5.4864 5077.88
v -6316.54 5.77294 5077.98
v -6316.58 5.74457 5077.93
v -6316.64 5.72495 5077.9
v -6316.63 5.87401 5077.99
v -6316.57 5.82351 5078.01
v -6316.66 5.85411 5077.96
v -6316.58 5.75447 5078.03
v -6316.62 5.72494 5077.99
v -6316.67 5.71033 5077.94
v -6316.55 5.61045 5077.98
v -6316.6 5.60796 5077.96
v -6316.64 5.61188 5077.91
v -6316.64 5.6178 5077.89
v -6316.67 5.71764 5077.91
v -6316.52 5.61775 5077.97
v -6316.54 5.73543 5078.01
v -6316.29 5.43062 5078.14
v -6316.29 5.59281 5078.19
v -6316.3 5.60243 5078.12
v -6316.3 5.41753 5078.1
v -6316.34 5.60542 5078.06
v -6316.32 5.43928 5078.06
v -6316.31 5.76875 5078.22
v -6316.33 5.7425 5078.14
v -6316.36 5.72722 5078.07
v -6316.4 5.89907 5078.19
v -6316.36 5.83117 5078.24
v -6316.41 5.88039 5078.14
v -6316.38 5.74962 5078.25
v -6316.4 5.72217 5078.17
v -6316.42 5.71208 5078.09
v -6316.34 5.57767 5078.2
v -6316.38 5.5821 5078.14
v -6316.38 5.59317 5078.08
v -6316.37 5.60124 5078.05
v -6316.39 5.72182 5078.06
v -6316.31 5.58329 5078.21
v -6316.33 5.72317 5078.25
v -6316.1 5.70103 5078.48
v -6316.08 5.85901 5078.42
v -6316.14 5.85112 5078.4
v -6316.14 5.67942 5078.47
v -6316.21 5.84745 5078.4
v -6316.18 5.69335 5078.46
v -6316.08 6.03662 5078.39
v -6316.15 5.99393 5078.37
v -6316.22 5.96771 5078.37
v -6316.17 6.1704 5078.38
v -6316.1 6.11538 5078.41
v -6316.22 6.14152 5078.38
v -6316.1 6.0488 5078.46
v -6316.17 6.00686 5078.45
v -6316.24 5.97734 5078.43
v -6316.09 5.86864 5078.48
v -6316.16 5.86405 5078.48
v -6316.22 5.85525 5078.45
v -6316.23 5.84962 5078.42
v -6316.25 5.9706 5078.4
v -6316.07 5.86555 5078.46
v -6316.07 6.01013 5078.43
v -6316.17 5.49565 5078.26
v -6316.14 5.67179 5078.26
v -6316.21 5.67711 5078.27
v -6316.22 5.47852 5078.27
v -6316.28 5.67563 5078.3
v -6316.26 5.49892 5078.28
v -6316.12 5.8617 5078.29
v -6316.2 5.82793 5078.3
v -6316.28 5.80615 5078.32
v -6316.17 5.99705 5078.38
v -6316.1 5.92914 5078.35
v -6316.23 5.97334 5078.39
v -6316.1 5.84208 5078.37
v -6316.18 5.80708 5078.39
v -6316.26 5.79062 5078.39
v -6316.12 5.65626 5078.32
v -6316.19 5.65626 5078.35
v -6316.27 5.66306 5078.35
v -6316.29 5.67008 5078.33
v -6316.29 5.79921 5078.36
v -6316.11 5.66328 5078.29
v -6316.09 5.81462 5078.32
v -6316.7 5.59157 5078.02
v -6316.63 5.74354 5078.03
v -6316.65 5.74831 5077.97
v -6316.72 5.57793 5077.99
v -6316.7 5.75778 5077.92
v -6316.74 5.59971 5077.95
v -6316.59 5.91894 5078.04
v -6316.62 5.89064 5077.97
v -6316.67 5.879 5077.91
v -6316.63 6.06725 5077.99
v -6316.61 5.99882 5078.05
v -6316.65 6.04788 5077.95
v -6316.66 5.93246 5078.07
v -6316.7 5.905 5078.01
v -6316.73 5.88969 5077.94
v -6316.69 5.75423 5078.06
v -6316.73 5.76267 5078.01
v -6316.74 5.76643 5077.94
v -6316.73 5.76394 5077.91
v -6316.71 5.88639 5077.9
v -6316.65 5.74705 5078.06
v -6316.62 5.88926 5078.08
v -6316.5 5.78201 5078.16
v -6316.52 5.94926 5078.17
v -6316.47 5.94263 5078.22
v -6316.47 5.75941 5078.19
v -6316.41 5.93323 5078.25
v -6316.44 5.77251 5078.21
v -6316.5 6.12997 5078.17
v -6316.45 6.08609 5078.22
v -6316.39 6.0554 5078.26
v -6316.4 6.25265 5078.19
v -6316.46 6.19892 5078.14
v -6316.37 6.22257 5078.22
v -6316.45 6.12201 5078.11
v -6316.4 6.07764 5078.16
v -6316.35 6.0491 5078.21
v -6316.48 5.94296 5078.12
v -6316.42 5.93417 5078.16
v -6316.38 5.92813 5078.21
v -6316.38 5.92854 5078.24
v -6316.36 6.04986 5078.25
v -6316.51 5.94825 5078.13
v -6316.5 6.09371 5078.12
v -6316.63 5.81461 5077.89
v -6316.67 5.94971 5077.94
v -6316.62 5.94787 5077.97
v -6316.59 5.79913 5077.9
v -6316.56 5.95153 5077.97
v -6316.56 5.81499 5077.91
v -6316.69 6.10519 5077.98
v -6316.63 6.07384 5077.99
v -6316.56 6.05789 5078
v -6316.63 6.23222 5077.99
v -6316.68 6.17752 5077.96
v -6316.58 6.21101 5078
v -6316.67 6.12103 5077.91
v -6316.6 6.09067 5077.92
v -6316.54 6.07042 5077.95
v -6316.65 5.96224 5077.89
v -6316.59 5.9647 5077.9
v -6316.54 5.96167 5077.93
v -6316.53 5.95668 5077.96
v -6316.53 6.06425 5077.98
v -6316.68 5.95589 5077.91
v -6316.7 6.08257 5077.93
v -6316.24 5.00127 5078.12
v -6316.6 5.02058 5078.19
v -6316.56 5.63626 5078.22
v -6316.21 5.61695 5078.15
v -6316.25 5.00145 5078.12
v -6316.21 5.61713 5078.15
v -6316.56 5.63644 5078.22
v -6316.6 5.02076 5078.19
v -6315.91 5.1313 5078.31
v -6316.26 5.10577 5078.52
v -6316.34 5.81088 5078.48
v -6315.98 5.83641 5078.27
v -6315.91 5.13096 5078.3
v -6315.98 5.83607 5078.27
v -6316.34 5.81054 5078.48
v -6316.27 5.10543 5078.51
v -6316.77 4.8941 5078.21
v -6316.5 4.87203 5077.89
v -6316.51 5.57957 5077.84
v -6316.77 5.60164 5078.16
v -6316.77 4.89428 5078.22
v -6316.77 5.60182 5078.17
v -6316.5 5.57974 5077.84
v -6316.5 4.87221 5077.9
v -6316.41 5.38444 5077.97
v -6316.66 5.38453 5077.8
v -6316.74 5.88229 5077.91
v -6316.49 5.88221 5078.09
v -6316.41 5.38516 5077.97
v -6316.49 5.88293 5078.09
v -6316.74 5.88301 5077.91
v -6316.66 5.38525 5077.79
v -6316.22 5.29255 5078.27
v -6316.34 5.33024 5077.92
v -6316.46 5.92624 5078.03
v -6316.34 5.88856 5078.37
v -6316.21 5.2933 5078.26
v -6316.33 5.8893 5078.37
v -6316.45 5.92699 5078.03
v -6316.33 5.33098 5077.92
v -6315.94 5.59152 5078.53
v -6316.3 5.55808 5078.45
v -6316.33 6.16575 5078.35
v -6315.98 6.1992 5078.43
v -6315.94 5.59105 5078.53
v -6315.98 6.19872 5078.42
v -6316.33 6.16528 5078.35
v -6316.3 5.5576 5078.45
v -6316.02 5.35824 5078.19
v -6316.4 5.37251 5078.28
v -6316.34 6.01428 5078.43
v -6315.97 6.00001 5078.34
v -6316.02 5.359 5078.19
v -6315.97 6.00078 5078.33
v -6316.34 6.01505 5078.42
v -6316.4 5.37327 5078.28
v -6316.66 5.45305 5078.16
v -6316.82 5.4885 5077.84
v -6316.7 6.09413 5077.84
v -6316.54 6.05868 5078.17
v -6316.66 5.45252 5078.16
v -6316.54 6.05815 5078.17
v -6316.7 6.0936 5077.84
v -6316.82 5.48797 5077.83
v -6316.64 5.67498 5078.06
v -6316.37 5.6336 5078.3
v -6316.27 6.24408 5078.29
v -6316.54 6.28546 5078.06
v -6316.64 5.67529 5078.06
v -6316.55 6.28577 5078.06
v -6316.27 6.24439 5078.3
v -6316.37 5.63391 5078.3
v -6316.75 5.70477 5077.82
v -6316.45 5.70645 5077.92
v -6316.49 6.24248 5078.04
v -6316.79 6.24081 5077.94
v -6316.75 5.70416 5077.82
v -6316.79 6.24019 5077.94
v -6316.49 6.24186 5078.04
v -6316.45 5.70583 5077.92
v -6315.97 5.36573 5078.65
v -6315.97 6.51905 5078.65
v -6315.95 6.51905 5078.67
v -6315.94 5.36573 5078.68
v -6315.91 6.51905 5078.66
v -6315.91 5.36573 5078.66
v -6315.91 5.36573 5078.66
v -6315.91 6.51905 5078.66
v -6315.91 6.51905 5078.63
v -6315.9 5.36573 5078.63
v -6315.93 6.51905 5078.61
v -6315.93 5.36573 5078.61
v -6315.97 6.51905 5078.62
v -6315.96 5.36573 5078.62
v -6315.91 4.71711 5078.66
v -6315.91 4.71711 5078.63
v -6315.93 4.71711 5078.61
v -6315.97 4.71711 5078.62
v -6315.97 4.71711 5078.65
v -6315.95 4.71711 5078.67
v -6315.91 4.71711 5078.66
v -6316.95 6.06104 5077.81
v -6316.94 6.51905 5077.82
v -6316.91 6.51905 5077.84
v -6316.92 6.06104 5077.83
v -6316.88 6.51905 5077.83
v -6316.89 6.06104 5077.82
v -6316.89 6.06104 5077.82
v -6316.88 6.51905 5077.83
v -6316.88 6.51905 5077.8
v -6316.89 6.06104 5077.79
v -6316.9 6.51905 5077.77
v -6316.91 6.06104 5077.77
v -6316.93 6.51905 5077.78
v -6316.94 6.06104 5077.78
v -6316.88 4.71711 5077.83
v -6316.88 4.71711 5077.8
v -6316.9 4.71711 5077.77
v -6316.93 4.71711 5077.78
v -6316.94 4.71711 5077.82
v -6316.91 4.71711 5077.84
v -6316.88 4.71711 5077.83
v -6316.79 5.57172 5077.65
v -6316.9 6.51702 5077.77
v -6316.87 6.51702 5077.79
v -6316.77 5.57172 5077.68
v -6316.84 6.52184 5077.78
v -6316.73 5.57654 5077.66
v -6316.73 5.57654 5077.66
v -6316.84 6.52184 5077.78
v -6316.84 6.52667 5077.75
v -6316.73 5.58136 5077.63
v -6316.86 6.52667 5077.73
v -6316.75 5.58136 5077.61
v -6316.89 6.52184 5077.74
v -6316.79 5.57654 5077.62
v -6316.65 4.71711 5077.55
v -6316.64 4.72193 5077.52
v -6316.67 4.72193 5077.5
v -6316.7 4.71711 5077.51
v -6316.7 4.71229 5077.54
v -6316.68 4.71229 5077.57
v -6316.65 4.71711 5077.55
v -6315.87 5.91937 5078.52
v -6315.93 6.51702 5078.6
v -6315.91 6.51702 5078.63
v -6315.85 5.91937 5078.54
v -6315.87 6.52184 5078.61
v -6315.81 5.92419 5078.53
v -6315.81 5.92419 5078.53
v -6315.87 6.52184 5078.61
v -6315.87 6.52667 5078.58
v -6315.81 5.92902 5078.5
v -6315.89 6.52667 5078.56
v -6315.83 5.92902 5078.48
v -6315.93 6.52184 5078.57
v -6315.87 5.92419 5078.49
v -6315.68 4.71711 5078.39
v -6315.67 4.72193 5078.35
v -6315.7 4.72193 5078.33
v -6315.73 4.71711 5078.34
v -6315.74 4.71229 5078.38
v -6315.71 4.71229 5078.4
v -6315.68 4.71711 5078.39
v -6316.92 6.34198 5077.73
v -6316.35 6.3313 5078.23
v -6316.33 6.34051 5078.22
v -6316.91 6.35119 5077.72
v -6316.34 6.35892 5078.22
v -6316.91 6.3696 5077.72
v -6316.34 6.36812 5078.23
v -6316.92 6.3788 5077.73
v -6316.36 6.35892 5078.24
v -6316.93 6.3696 5077.75
v -6316.37 6.34051 5078.23
v -6316.93 6.35119 5077.75
v -6316.35 6.3313 5078.23
v -6316.92 6.34198 5077.73
v -6315.87 6.3788 5078.64
v -6315.88 6.3696 5078.66
v -6315.86 6.3696 5078.63
v -6315.86 6.35119 5078.63
v -6315.87 6.34198 5078.64
v -6315.88 6.35119 5078.66
v -6315.87 6.34198 5078.64
v -6316.75 4.76991 5077.54
v -6316.29 4.77872 5077.93
v -6316.28 4.78792 5077.92
v -6316.74 4.77911 5077.52
v -6316.29 4.80633 5077.92
v -6316.74 4.79752 5077.52
v -6316.32 4.81554 5077.9
v -6316.75 4.80672 5077.54
v -6316.33 4.80633 5077.92
v -6316.76 4.79752 5077.55
v -6316.31 4.78792 5077.94
v -6316.76 4.77911 5077.55
v -6316.29 4.77872 5077.93
v -6316.75 4.76991 5077.54
v -6315.68 4.79752 5078.43
v -6315.69 4.80672 5078.44
v -6315.68 4.77911 5078.43
v -6315.69 4.76991 5078.44
v -6315.71 4.77911 5078.46
v -6315.69 4.76991 5078.44
v -6315.71 4.79752 5078.46
v -6315.93 4.74074 5078.63
v -6315.71 4.74074 5078.38
v -6315.73 4.74994 5078.37
v -6315.94 4.74994 5078.62
v -6315.73 4.76835 5078.37
v -6315.94 4.76835 5078.62
v -6315.71 4.77755 5078.38
v -6315.93 4.77755 5078.63
v -6315.7 4.76835 5078.39
v -6315.92 4.76835 5078.64
v -6315.7 4.74994 5078.39
v -6315.92 4.74994 5078.64
v -6315.71 4.74074 5078.38
v -6315.93 4.74074 5078.63
v -6316.9 4.74074 5077.79
v -6316.69 4.74074 5077.54
v -6316.7 4.74994 5077.53
v -6316.91 4.74994 5077.78
v -6316.7 4.76835 5077.53
v -6316.91 4.76835 5077.78
v -6316.69 4.77755 5077.54
v -6316.9 4.77755 5077.79
v -6316.67 4.76835 5077.55
v -6316.89 4.76835 5077.8
v -6316.67 4.74994 5077.55
v -6316.89 4.74994 5077.8
v -6316.69 4.74074 5077.54
v -6316.9 4.74074 5077.79
v -6316.93 4.76883 5077.75
v -6316.47 4.77764 5078.14
v -6316.46 4.78684 5078.13
v -6316.92 4.77803 5077.73
v -6316.47 4.80525 5078.12
v -6316.92 4.79644 5077.73
v -6316.5 4.81445 5078.11
v -6316.93 4.80564 5077.75
v -6316.51 4.80525 5078.13
v -6316.94 4.79644 5077.76
v -6316.49 4.78684 5078.15
v -6316.94 4.77803 5077.76
v -6316.47 4.77764 5078.14
v -6316.93 4.76883 5077.75
v -6315.86 4.79644 5078.64
v -6315.88 4.80564 5078.65
v -6315.86 4.77803 5078.64
v -6315.88 4.76883 5078.65
v -6315.89 4.77803 5078.67
v -6315.88 4.76883 5078.65
v -6315.89 4.79644 5078.67
v -6315.94 5.51148 5078.64
v -6315.79 5.51148 5078.47
v -6315.81 5.52069 5078.46
v -6315.95 5.52069 5078.63
v -6315.81 5.5391 5078.46
v -6315.95 5.5391 5078.63
v -6315.79 5.5483 5078.47
v -6315.94 5.5483 5078.64
v -6315.78 5.5391 5078.48
v -6315.93 5.5391 5078.65
v -6315.78 5.52069 5078.48
v -6315.93 5.52069 5078.65
v -6315.79 5.51148 5078.47
v -6315.94 5.51148 5078.64
v -6316.91 5.51148 5077.81
v -6316.77 5.51148 5077.64
v -6316.78 5.52069 5077.63
v -6316.92 5.52069 5077.79
v -6316.78 5.5391 5077.63
v -6316.92 5.5391 5077.79
v -6316.77 5.5483 5077.64
v -6316.91 5.5483 5077.81
v -6316.75 5.5391 5077.65
v -6316.9 5.5391 5077.82
v -6316.75 5.52069 5077.65
v -6316.9 5.52069 5077.82
v -6316.77 5.51148 5077.64
v -6316.91 5.51148 5077.81
v -6309.52 6.82871 5084.27
v -6309.49 6.74707 5084.28
v -6309.5 6.76971 5084.34
v -6309.82 6.92058 5084.25
v -6309.79 6.91808 5084.35
v -6309.96 6.88912 5084.34
v -6309.65 6.91331 5084.26
v -6309.65 6.86654 5084.33
v -6309.58 6.89443 5084.27
v -6309.53 6.80801 5084.39
v -6309.58 6.89443 5084.27
v -6309.59 6.66841 5084.27
v -6309.65 6.6834 5084.35
v -6309.89 6.6584 5084.24
v -6309.84 6.68813 5084.39
v -6309.99 6.75345 5084.24
v -6310 6.78275 5084.33
v -6309.93 6.90529 5084.24
v -6309.67 6.7775 5084.4
v -6309.6 6.82329 5084.43
v -6309.81 6.86087 5084.44
v -6309.93 6.86485 5084.44
v -6309.99 6.79228 5084.4
v -6309.91 6.83836 5084.49
v -6309.88 6.78136 5084.51
v -6309.93 6.738 5084.46
v -6310.02 6.8222 5084.5
v -6310.04 6.79819 5084.45
v -6310.02 6.78241 5084.52
v -6310.03 6.75757 5084.47
v -6310.05 6.7885 5084.48
v -6309.49 6.77 5084.21
v -6309.95 6.88954 5084.14
v -6309.77 6.91851 5084.16
v -6309.64 6.86685 5084.19
v -6309.51 6.80853 5084.16
v -6309.63 6.68379 5084.18
v -6309.81 6.68875 5084.11
v -6309.98 6.78318 5084.14
v -6309.64 6.7781 5084.13
v -6309.58 6.82401 5084.1
v -6309.9 6.86571 5084.05
v -6309.78 6.86167 5084.07
v -6309.97 6.79302 5084.07
v -6309.86 6.83945 5084
v -6309.83 6.78253 5083.98
v -6309.9 6.73898 5084.02
v -6310 6.79915 5084.02
v -6309.98 6.82337 5083.97
v -6309.97 6.78366 5083.95
v -6309.99 6.75863 5083.99
v -6310.01 6.7896 5083.98
v -6308.48 6.89571 5084.35
v -6308.44 6.82293 5084.32
v -6308.45 6.82025 5084.39
v -6308.79 6.9501 5084.37
v -6308.75 6.91758 5084.46
v -6308.92 6.87282 5084.45
v -6308.63 6.96032 5084.37
v -6308.61 6.89279 5084.42
v -6308.55 6.95049 5084.37
v -6308.48 6.83525 5084.45
v -6308.55 6.95049 5084.37
v -6308.54 6.73881 5084.29
v -6308.58 6.71738 5084.38
v -6308.83 6.69903 5084.28
v -6308.77 6.6842 5084.42
v -6308.95 6.77648 5084.31
v -6308.95 6.77005 5084.41
v -6308.9 6.92454 5084.36
v -6308.61 6.7865 5084.45
v -6308.55 6.82556 5084.5
v -6308.76 6.83266 5084.52
v -6308.88 6.81928 5084.53
v -6308.94 6.75537 5084.48
v -6308.85 6.78055 5084.57
v -6308.81 6.72415 5084.57
v -6308.87 6.69271 5084.51
v -6308.96 6.74675 5084.58
v -6308.98 6.73971 5084.53
v -6308.95 6.70373 5084.59
v -6308.96 6.69474 5084.54
v -6308.99 6.71763 5084.56
v -6308.45 6.86594 5084.27
v -6308.93 6.94116 5084.27
v -6308.76 6.98592 5084.28
v -6308.62 6.94242 5084.29
v -6308.48 6.91751 5084.23
v -6308.59 6.77897 5084.21
v -6308.77 6.78278 5084.16
v -6308.95 6.83838 5084.23
v -6308.61 6.88172 5084.2
v -6308.56 6.94103 5084.19
v -6308.89 6.95769 5084.16
v -6308.77 6.96148 5084.18
v -6308.94 6.8733 5084.17
v -6308.85 6.954 5084.11
v -6308.81 6.91089 5084.07
v -6308.87 6.84878 5084.1
v -6308.98 6.89227 5084.12
v -6308.97 6.93372 5084.08
v -6308.95 6.90446 5084.05
v -6308.97 6.86373 5084.08
v -6308.99 6.89424 5084.08
v -6310.98 6.73104 5084.19
v -6309.82 6.75943 5084.29
v -6309.82 6.73948 5084.27
v -6310.97 6.71109 5084.17
v -6309.82 6.75951 5084.25
v -6310.97 6.73113 5084.15
v -6309.82 6.77946 5084.27
v -6310.97 6.75108 5084.17
v -6309.82 6.75943 5084.29
v -6310.98 6.73104 5084.19
v -6308.67 6.82741 5084.34
v -6308.66 6.80746 5084.32
v -6308.66 6.82749 5084.3
v -6308.66 6.84744 5084.32
v -6308.67 6.82741 5084.34
v -6307.51 6.86071 5084.42
v -6307.51 6.84077 5084.4
v -6307.51 6.8608 5084.38
v -6307.51 6.88075 5084.4
v -6307.51 6.86071 5084.42
v -6310.98 6.73104 5084.19
v -6310.97 6.71109 5084.17
v -6310.97 6.73113 5084.15
v -6310.97 6.75108 5084.17
v -6307.51 6.86071 5084.42
v -6307.51 6.88075 5084.4
v -6307.51 6.8608 5084.38
v -6307.51 6.84077 5084.4
v -6307.78 6.81958 5084.43
v -6307.77 5.91782 5084.4
v -6307.81 5.91918 5084.4
v -6307.81 6.82064 5084.43
v -6307.82 5.01787 5084.41
v -6307.87 5.01954 5084.41
v -6307.76 6.81905 5084.41
v -6307.75 5.91713 5084.37
v -6307.79 5.01703 5084.37
v -6307.77 5.91782 5084.33
v -6307.82 5.01787 5084.32
v -6307.78 6.81958 5084.38
v -6307.81 5.91918 5084.33
v -6307.87 5.01954 5084.32
v -6307.81 6.82064 5084.38
v -6307.83 5.91987 5084.37
v -6307.89 5.02038 5084.37
v -6307.83 6.82117 5084.41
v -6307.81 6.82064 5084.43
v -6307.81 5.91918 5084.4
v -6307.87 5.01954 5084.41
v -6307.79 7.28901 5084.56
v -6307.8 7.29496 5084.54
v -6307.79 7.30054 5084.53
v -6307.77 7.30017 5084.53
v -6307.77 7.29422 5084.55
v -6307.78 7.28864 5084.56
v -6307.79 7.28901 5084.56
v -6307.78 7.28864 5084.56
v -6307.77 7.29422 5084.55
v -6307.77 7.30017 5084.53
v -6307.79 7.30054 5084.53
v -6307.8 7.29496 5084.54
v -6307.79 7.28901 5084.56
v -6307.75 7.12447 5084.26
v -6307.8 6.70766 5084.43
v -6307.81 6.70675 5084.42
v -6307.76 7.12372 5084.25
v -6307.73 7.11853 5084.25
v -6307.78 6.70043 5084.42
v -6307.73 7.11185 5084.23
v -6307.78 6.6923 5084.4
v -6307.75 7.1111 5084.23
v -6307.8 6.69139 5084.39
v -6307.76 7.11704 5084.23
v -6307.81 6.69862 5084.4
v -6307.76 7.12372 5084.25
v -6307.81 6.70675 5084.42
v -6307.76 7.37541 5084.22
v -6307.76 7.37433 5084.22
v -6307.75 7.37394 5084.21
v -6307.74 7.37461 5084.22
v -6307.74 7.37569 5084.23
v -6307.75 7.37608 5084.23
v -6307.76 7.37541 5084.22
v -6307.75 7.37608 5084.23
v -6307.74 7.37569 5084.23
v -6307.74 7.37461 5084.22
v -6307.75 7.37394 5084.21
v -6307.76 7.37433 5084.22
v -6307.76 7.37541 5084.22
v -6310.79 6.86976 5084.12
v -6310.76 5.96807 5084.22
v -6310.72 5.97141 5084.22
v -6310.77 6.87142 5084.12
v -6310.67 5.07147 5084.21
v -6310.62 5.07556 5084.21
v -6310.8 6.86891 5084.13
v -6310.78 5.96635 5084.26
v -6310.7 5.06936 5084.25
v -6310.76 5.96797 5084.29
v -6310.67 5.07133 5084.3
v -6310.79 6.86971 5084.15
v -6310.72 5.9713 5084.29
v -6310.62 5.07543 5084.3
v -6310.77 6.87136 5084.15
v -6310.7 5.97303 5084.26
v -6310.6 5.07754 5084.26
v -6310.76 6.87222 5084.13
v -6310.77 6.87142 5084.12
v -6310.72 5.97141 5084.22
v -6310.62 5.07556 5084.21
v -6310.77 7.3418 5084.17
v -6310.76 7.34804 5084.19
v -6310.77 7.35315 5084.2
v -6310.79 7.35203 5084.2
v -6310.79 7.34579 5084.18
v -6310.78 7.34068 5084.17
v -6310.77 7.3418 5084.17
v -6310.78 7.34068 5084.17
v -6310.79 7.34579 5084.18
v -6310.79 7.35203 5084.2
v -6310.77 7.35315 5084.2
v -6310.76 7.34804 5084.19
v -6310.77 7.3418 5084.17
v -6310.84 7.03573 5084.32
v -6310.77 6.62162 5084.15
v -6310.75 6.62156 5084.16
v -6310.83 7.03568 5084.33
v -6310.85 7.0291 5084.33
v -6310.78 6.61402 5084.16
v -6310.85 7.02242 5084.34
v -6310.78 6.60636 5084.18
v -6310.84 7.02237 5084.35
v -6310.77 6.6063 5084.19
v -6310.83 7.029 5084.34
v -6310.75 6.6139 5084.18
v -6310.83 7.03568 5084.33
v -6310.75 6.62156 5084.16
v -6310.84 7.28689 5084.35
v -6310.84 7.28579 5084.36
v -6310.85 7.28507 5084.36
v -6310.85 7.28547 5084.36
v -6310.85 7.28657 5084.35
v -6310.85 7.28729 5084.35
v -6310.84 7.28689 5084.35
v -6310.85 7.28729 5084.35
v -6310.85 7.28657 5084.35
v -6310.85 7.28547 5084.36
v -6310.85 7.28507 5084.36
v -6310.84 7.28579 5084.36
v -6310.84 7.28689 5084.35
v -6310.55 5.13841 5084.31
v -6310.22 5.3249 5084.28
v -6310.56 5.8206 5084.21
v -6310.78 5.36805 5084.29
v -6310.66 5.79311 5084.68
v -6310.83 5.39578 5084.59
v -6310.49 5.4059 5084.98
v -6310.76 5.16445 5084.82
v -6310.2 5.80772 5084.99
v -6309.96 5.6079 5084.77
v -6310.15 5.10782 5084.74
v -6309.97 5.73962 5084.41
v -6310.26 5.94659 5084.45
v -6310.38 6.06462 5084.76
v -6310.75 5.16846 5084.5
v -6310.11 5.88982 5084.68
v -6310.72 5.27878 5084.22
v -6310.68 5.53969 5083.96
v -6310.43 5.81977 5084.24
v -6310.57 5.56763 5084.5
v -6310.07 5.56702 5084.29
v -6310.26 5.31814 5084.44
v -6310.06 5.27986 5084.02
v -6310.42 5.19186 5083.75
v -6310.49 5.87982 5083.72
v -6310.3 5.97316 5083.98
v -6309.99 5.89952 5084
v -6309.95 5.64565 5083.76
v -6310.27 5.6272 5083.59
v -6310.21 5.81019 5083.83
v -6309.03 5.08781 5083.32
v -6309.03 5.4627 5083.36
v -6308.54 5.4627 5083.32
v -6308.73 5.12026 5083.19
v -6308.56 5.4627 5082.77
v -6308.73 5.12262 5082.89
v -6309.07 5.4627 5082.58
v -6309.04 5.06019 5082.72
v -6309.35 5.4627 5083.04
v -6309.24 5.07949 5083.04
v -6309.02 5.93899 5083.3
v -6308.68 5.97022 5083.23
v -6308.68 5.96938 5082.85
v -6309.01 5.91455 5082.81
v -6309.21 5.93463 5083.04
v -6308.94 6.01416 5083.04
v -6308.08 5.25152 5084.57
v -6308.14 5.75387 5084.45
v -6307.67 5.73945 5084.25
v -6307.84 5.2582 5084.31
v -6307.74 5.36136 5083.76
v -6307.86 5.11962 5084.08
v -6307.86 5.11962 5084.08
v -6308.23 5.30296 5083.83
v -6308.16 4.98055 5084.03
v -6308.16 4.98055 5084.03
v -6308.52 5.42817 5084.18
v -6308.32 5.10287 5084.33
v -6308.14 5.75387 5084.45
v -6308.08 5.25152 5084.57
v -6308.18 5.97665 5084.16
v -6307.88 6.03314 5084.02
v -6307.93 5.85712 5083.69
v -6308.3 5.7734 5083.66
v -6308.37 5.84743 5083.99
v -6308.16 5.9416 5083.91
v -6309.29 5.10571 5085.5
v -6309.36 5.4627 5085.69
v -6308.87 5.4627 5085.52
v -6308.96 5.08514 5085.45
v -6308.77 5.4627 5085.02
v -6308.94 5.09878 5085.11
v -6309.25 5.4627 5084.88
v -6309.24 5.11252 5084.99
v -6309.56 5.4627 5085.21
v -6309.41 5.13401 5085.23
v -6309.28 5.91336 5085.47
v -6308.98 5.9339 5085.43
v -6308.94 5.94186 5085.11
v -6309.24 5.93565 5084.99
v -6309.48 5.95765 5085.22
v -6309.18 5.95174 5085.25
v -6308.07 5.64124 5084.95
v -6307.86 5.6813 5084.76
v -6307.88 5.21695 5084.71
v -6308.1 5.27319 5084.91
v -6308.32 5.24722 5084.76
v -6308.18 5.19443 5084.5
v -6308.34 5.642 5084.42
v -6308.41 5.60339 5084.72
v -6308.11 5.93988 5084.61
v -6308.24 5.74353 5084.82
v -6307.74 5.68913 5084.49
v -6307.75 5.30615 5084.44
v -6307.98 5.29052 5084.28
v -6308.08 5.64888 5084.25
v -6307.93 5.81909 5084.37
v -6308.3 5.54563 5084.94
v -6307.87 5.6064 5084.33
v -6308.52 5.0504 5083.7
v -6308.53 5.4856 5083.81
v -6308.02 5.2629 5084.05
v -6308.23 4.94753 5083.81
v -6307.73 5.12579 5083.61
v -6308.03 4.85254 5083.58
v -6307.93 5.21083 5083.11
v -6308.17 4.911 5083.3
v -6308.45 5.44517 5083.22
v -6308.53 5.01287 5083.32
v -6308.24 5.95557 5083.72
v -6307.91 5.76121 5083.84
v -6307.67 5.6649 5083.58
v -6307.83 5.74282 5083.24
v -6308.15 5.83408 5083.36
v -6307.94 5.82807 5083.54
v -6309.78 5.13896 5083.46
v -6309.79 5.4627 5083.52
v -6309.46 5.4627 5083.38
v -6309.48 5.12243 5083.38
v -6309.36 5.57915 5082.97
v -6309.53 5.17302 5083.09
v -6309.78 5.57915 5082.95
v -6309.77 5.17493 5083.02
v -6309.98 5.4627 5083.22
v -6309.95 5.14604 5083.22
v -6309.79 5.92579 5083.49
v -6309.48 5.91803 5083.38
v -6309.48 5.92128 5083.05
v -6309.77 5.87211 5083.01
v -6309.88 5.84756 5083.22
v -6309.7 5.95684 5083.22
v -6310.49 5.2831 5083.71
v -6310.54 5.57915 5083.89
v -6310.28 5.57915 5083.71
v -6310.28 5.20535 5083.72
v -6310.22 5.57915 5083.43
v -6310.32 5.24894 5083.5
v -6310.51 5.57915 5083.38
v -6310.49 5.29155 5083.49
v -6310.68 5.57915 5083.59
v -6310.64 5.23511 5083.59
v -6310.51 5.79934 5083.76
v -6310.29 5.81899 5083.71
v -6310.34 5.77547 5083.51
v -6310.51 5.80458 5083.42
v -6310.59 5.76932 5083.59
v -6310.45 5.79558 5083.59
v -6309.65 5.06288 5085.35
v -6309.76 5.3943 5085.48
v -6309.41 5.68582 5085.27
v -6309.45 5.21516 5085.15
v -6309.55 5.74637 5084.79
v -6309.5 5.22083 5084.82
v -6310.02 5.45627 5084.82
v -6309.85 5.09931 5084.81
v -6310.1 5.32892 5085.24
v -6309.89 5.06947 5085.14
v -6309.9 5.87646 5085.55
v -6309.63 6.01911 5085.33
v -6309.78 5.96495 5085.03
v -6310.1 5.92434 5084.98
v -6310.09 5.79041 5085.27
v -6309.93 5.96801 5085.23
v -6308.49 5.25946 5085.51
v -6308.45 5.71226 5085.4
v -6308.32 5.42459 5085.06
v -6308.45 5.19328 5085.22
v -6308.62 5.32262 5084.85
v -6308.63 5.12627 5085.08
v -6308.99 5.39449 5085
v -6308.87 5.14026 5085.19
v -6308.82 5.67378 5085.33
v -6308.77 5.27619 5085.4
v -6308.5 5.9839 5085.19
v -6308.38 5.85473 5084.92
v -6308.63 5.74936 5084.79
v -6308.92 5.84593 5084.88
v -6308.79 5.92458 5085.15
v -6308.64 5.87118 5084.99
v -6309.29 5.29477 5083.29
v -6309.52 5.29477 5083.26
v -6309.25 5.76941 5083.11
v -6309.08 5.57293 5083.23
v -6309.13 5.69488 5082.84
v -6309.1 5.38411 5083
v -6309.31 5.29326 5082.67
v -6309.16 5.19459 5082.91
v -6309.58 5.73804 5083.01
v -6309.43 5.85359 5082.96
v -6309.36 5.81004 5082.77
v -6309.48 5.64552 5082.71
v -6309.58 5.61603 5082.87
v -6309.59 5.21525 5082.96
v -6309.53 5.7686 5082.84
v -6310.22 5.70986 5083.72
v -6310.11 5.87261 5083.51
v -6309.87 5.65307 5083.57
v -6310.01 5.58451 5083.85
v -6309.86 5.17433 5083.48
v -6310.08 5.23202 5083.71
v -6310.31 5.2223 5083.6
v -6310.23 5.20947 5083.31
v -6310.34 5.66555 5083.35
v -6310.34 5.57347 5083.6
v -6309.99 5.86094 5083.24
v -6309.84 5.68729 5083.31
v -6309.81 5.33895 5083.2
v -6310.06 5.38914 5083.16
v -6310.19 5.7366 5083.06
v -6310.21 5.39933 5083.69
v -6309.97 5.64542 5083.19
v -6310.27 5.2812 5085.36
v -6310.26 5.68955 5085.34
v -6309.87 5.6334 5085.21
v -6310.03 5.22295 5085.25
v -6310.01 5.37124 5084.83
v -6310.08 5.11486 5085
v -6310.08 5.11486 5085
v -6310.01 5.37124 5084.83
v -6310.36 5.38135 5084.85
v -6310.37 5.09099 5084.97
v -6310.48 5.48384 5085.11
v -6310.52 5.17984 5085.23
v -6310.52 5.17984 5085.23
v -6310.48 5.48384 5085.11
v -6310.26 5.94422 5085.17
v -6310.05 5.86056 5085.04
v -6310.09 5.7843 5084.8
v -6310.09 5.7843 5084.8
v -6310.37 5.79024 5084.73
v -6310.5 5.90259 5084.99
v -6310.5 5.90259 5084.99
v -6310.24 5.94032 5084.92
v -6310.37 5.79024 5084.73
v -6308.36 5.32707 5083.39
v -6308.3 5.67193 5083.37
v -6308.24 5.43935 5083.13
v -6308.22 5.18984 5083.26
v -6308.41 5.30867 5082.87
v -6308.43 5.22049 5083.15
v -6308.74 5.4043 5083.07
v -6308.66 5.17264 5083.23
v -6308.58 5.65353 5083.33
v -6308.57 5.30414 5083.43
v -6308.35 5.86216 5083.21
v -6308.25 5.78164 5083.03
v -6308.43 5.7081 5082.93
v -6308.56 5.73637 5083.05
v -6308.54 5.81872 5083.19
v -6308.44 5.79726 5083.07
v -6308.29 5.32707 5085.11
v -6308.23 5.67193 5085.09
v -6308.17 5.43935 5084.85
v -6308.14 5.18984 5084.98
v -6308.34 5.30867 5084.59
v -6308.36 5.22049 5084.87
v -6308.67 5.4043 5084.78
v -6308.59 5.17264 5084.95
v -6308.51 5.65353 5085.05
v -6308.5 5.30414 5085.15
v -6308.27 5.86216 5084.93
v -6308.18 5.78164 5084.75
v -6308.36 5.7081 5084.65
v -6308.49 5.73637 5084.77
v -6308.46 5.81872 5084.91
v -6308.37 5.79726 5084.79
v -6307.68 5.35144 5084.53
v -6307.61 5.60278 5084.53
v -6307.58 5.53526 5084.37
v -6307.61 5.2504 5084.43
v -6307.7 5.49769 5084.19
v -6307.74 5.31147 5084.36
v -6307.9 5.59849 5084.32
v -6307.89 5.31413 5084.41
v -6307.78 5.63912 5084.5
v -6307.82 5.48511 5084.55
v -6307.6 5.73846 5084.44
v -6307.55 5.68468 5084.32
v -6307.67 5.67385 5084.25
v -6307.75 5.70589 5084.32
v -6307.72 5.74402 5084.42
v -6307.67 5.72257 5084.35
v -6309.21 5.52195 5085.05
v -6309.21 5.71085 5084.98
v -6309.12 5.7523 5084.77
v -6309.16 5.57188 5084.78
v -6309.31 5.77827 5084.66
v -6309.35 5.65 5084.49
v -6309.45 5.74725 5084.78
v -6309.68 5.63469 5084.71
v -6309.41 5.71871 5084.94
v -6309.51 5.55672 5085.01
v -6309.32 5.75625 5084.82
v -6309.14 5.59275 5083.55
v -6309.16 5.7851 5083.48
v -6309.11 5.76198 5083.3
v -6309.12 5.55699 5083.33
v -6309.27 5.7438 5083.23
v -6309.29 5.53572 5083.11
v -6309.37 5.74706 5083.34
v -6309.53 5.58749 5083.32
v -6309.32 5.77348 5083.47
v -6309.37 5.61031 5083.54
v -6309.26 5.77828 5083.36
v -6308.4 5.46791 5084.53
v -6308.38 5.6832 5084.5
v -6308.31 5.68553 5084.32
v -6308.36 5.47402 5084.29
v -6308.47 5.71713 5084.22
v -6308.51 5.53551 5084.05
v -6308.58 5.71727 5084.33
v -6308.78 5.59472 5084.26
v -6308.55 5.70827 5084.47
v -6308.63 5.53574 5084.51
v -6308.46 5.72138 5084.37
v -6309.69 5.58563 5084.13
v -6309.73 5.77041 5084.09
v -6309.68 5.77596 5083.92
v -6309.67 5.58158 5083.92
v -6309.83 5.75314 5083.85
v -6309.83 5.57291 5083.71
v -6309.92 5.73287 5083.96
v -6310.06 5.57141 5083.92
v -6309.89 5.74554 5084.08
v -6309.91 5.57995 5084.13
v -6309.83 5.76935 5083.98
v -6309.86 5.59043 5084.4
v -6309.88 5.75004 5084.35
v -6309.84 5.73086 5084.2
v -6309.84 5.56076 5084.22
v -6309.97 5.71577 5084.14
v -6309.99 5.54312 5084.04
v -6310.05 5.71847 5084.23
v -6310.19 5.58607 5084.22
v -6310.02 5.7404 5084.34
v -6310.05 5.605 5084.4
v -6309.96 5.74438 5084.25
v -6308.41 5.50459 5083.68
v -6308.47 5.72991 5083.67
v -6308.43 5.76676 5083.47
v -6308.41 5.53569 5083.43
v -6308.61 5.74515 5083.39
v -6308.62 5.55323 5083.2
v -6308.71 5.69932 5083.52
v -6308.88 5.50706 5083.46
v -6308.65 5.69563 5083.67
v -6308.67 5.48812 5083.7
v -6308.59 5.74299 5083.55
v -6309.72 5.59981 5084.86
v -6309.76 5.74819 5084.81
v -6309.71 5.74175 5084.68
v -6309.69 5.58117 5084.69
v -6309.83 5.71246 5084.61
v -6309.82 5.55288 5084.51
v -6309.91 5.70075 5084.7
v -6310.02 5.55964 5084.67
v -6309.88 5.72176 5084.8
v -6309.9 5.58791 5084.86
v -6309.83 5.73602 5084.72
v -6309.2 5.57915 5082.93
v -6308.3 5.57915 5083.25
v -6309.2 5.81884 5084.14
v -6307.99 5.57915 5084.14
v -6310.1 5.57915 5083.25
v -6310.41 5.57915 5084.14
v -6308.3 5.57915 5085.04
v -6309.2 5.57915 5085.36
v -6310.1 5.57915 5085.04
v -6311.42 5.10913 5087.13
v -6311.47 5.13862 5087.13
v -6311.69 4.82816 5087.13
v -6311.65 4.79867 5087.13
v -6311.47 5.13862 5087.13
v -6311.49 5.11043 5089.63
v -6311.71 4.79997 5089.63
v -6311.69 4.82816 5087.13
v -6311.49 5.11043 5089.63
v -6311.45 5.08094 5089.63
v -6311.67 4.77048 5089.63
v -6311.71 4.79997 5089.63
v -6311.45 5.08094 5089.63
v -6311.42 5.10913 5087.13
v -6311.65 4.79867 5087.13
v -6311.67 4.77048 5089.63
v -6311.65 4.79867 5087.13
v -6311.69 4.82816 5087.13
v -6311.71 4.79997 5089.63
v -6311.67 4.77048 5089.63
v -6311.45 5.08094 5089.63
v -6311.49 5.11043 5089.63
v -6311.47 5.13862 5087.13
v -6311.42 5.10913 5087.13
v -6311.15 5.49092 5087.13
v -6311.19 5.52041 5087.13
v -6311.43 5.188 5087.13
v -6311.39 5.15851 5087.13
v -6311.19 5.52041 5087.13
v -6311.16 5.55815 5089.63
v -6311.4 5.22574 5089.63
v -6311.43 5.188 5087.13
v -6311.16 5.55815 5089.63
v -6311.12 5.52866 5089.63
v -6311.36 5.19625 5089.63
v -6311.4 5.22574 5089.63
v -6311.12 5.52866 5089.63
v -6311.15 5.49092 5087.13
v -6311.39 5.15851 5087.13
v -6311.36 5.19625 5089.63
v -6311.39 5.15851 5087.13
v -6311.43 5.188 5087.13
v -6311.4 5.22574 5089.63
v -6311.36 5.19625 5089.63
v -6311.12 5.52866 5089.63
v -6311.16 5.55815 5089.63
v -6311.19 5.52041 5087.13
v -6311.15 5.49092 5087.13
v -6310.86 5.88748 5087.13
v -6310.9 5.91697 5087.13
v -6311.12 5.60719 5087.13
v -6311.08 5.5777 5087.13
v -6310.9 5.91697 5087.13
v -6310.88 5.94652 5089.63
v -6311.1 5.63673 5089.63
v -6311.12 5.60719 5087.13
v -6310.88 5.94652 5089.63
v -6310.83 5.91703 5089.63
v -6311.06 5.60724 5089.63
v -6311.1 5.63673 5089.63
v -6310.83 5.91703 5089.63
v -6310.86 5.88748 5087.13
v -6311.08 5.5777 5087.13
v -6311.06 5.60724 5089.63
v -6311.08 5.5777 5087.13
v -6311.12 5.60719 5087.13
v -6311.1 5.63673 5089.63
v -6311.06 5.60724 5089.63
v -6310.83 5.91703 5089.63
v -6310.88 5.94652 5089.63
v -6310.9 5.91697 5087.13
v -6310.86 5.88748 5087.13
v -6310.54 6.31872 5087.14
v -6310.58 6.34821 5087.14
v -6310.81 6.03127 5087.13
v -6310.77 6.00179 5087.13
v -6310.58 6.34821 5087.14
v -6310.61 6.3079 5089.63
v -6310.84 5.99097 5089.63
v -6310.81 6.03127 5087.13
v -6310.61 6.3079 5089.63
v -6310.57 6.27841 5089.63
v -6310.8 5.96148 5089.63
v -6310.84 5.99097 5089.63
v -6310.57 6.27841 5089.63
v -6310.54 6.31872 5087.14
v -6310.77 6.00179 5087.13
v -6310.8 5.96148 5089.63
v -6310.77 6.00179 5087.13
v -6310.81 6.03127 5087.13
v -6310.84 5.99097 5089.63
v -6310.8 5.96148 5089.63
v -6310.57 6.27841 5089.63
v -6310.61 6.3079 5089.63
v -6310.58 6.34821 5087.14
v -6310.54 6.31872 5087.14
v -6310.26 6.70608 5087.13
v -6310.3 6.73557 5087.13
v -6310.54 6.40314 5087.13
v -6310.5 6.37365 5087.13
v -6310.3 6.73557 5087.13
v -6310.28 6.76568 5089.63
v -6310.52 6.43325 5089.63
v -6310.54 6.40314 5087.13
v -6310.28 6.76568 5089.63
v -6310.24 6.73619 5089.63
v -6310.48 6.40376 5089.63
v -6310.52 6.43325 5089.63
v -6310.24 6.73619 5089.63
v -6310.26 6.70608 5087.13
v -6310.5 6.37365 5087.13
v -6310.48 6.40376 5089.63
v -6310.5 6.37365 5087.13
v -6310.54 6.40314 5087.13
v -6310.52 6.43325 5089.63
v -6310.48 6.40376 5089.63
v -6310.24 6.73619 5089.63
v -6310.28 6.76568 5089.63
v -6310.3 6.73557 5087.13
v -6310.26 6.70608 5087.13
v -6310.32 6.50313 5087.33
v -6310.4 6.56211 5087.33
v -6311.61 4.91391 5089.37
v -6311.53 4.85493 5089.37
v -6310.4 6.56211 5087.33
v -6310.36 6.61922 5087.4
v -6311.57 4.97101 5089.44
v -6311.61 4.91391 5089.37
v -6310.36 6.61922 5087.4
v -6310.28 6.56024 5087.4
v -6311.49 4.91203 5089.44
v -6311.57 4.97101 5089.44
v -6310.28 6.56024 5087.4
v -6310.32 6.50313 5087.33
v -6311.53 4.85493 5089.37
v -6311.49 4.91203 5089.44
v -6311.53 4.85493 5089.37
v -6311.61 4.91391 5089.37
v -6311.57 4.97101 5089.44
v -6311.49 4.91203 5089.44
v -6310.28 6.56024 5087.4
v -6310.36 6.61922 5087.4
v -6310.4 6.56211 5087.33
v -6310.32 6.50313 5087.33
v -6310.28 6.56024 5089.37
v -6310.36 6.61922 5089.37
v -6311.57 4.97101 5087.33
v -6311.49 4.91203 5087.33
v -6310.36 6.61922 5089.37
v -6310.4 6.56211 5089.44
v -6311.61 4.91391 5087.4
v -6311.57 4.97101 5087.33
v -6310.4 6.56211 5089.44
v -6310.32 6.50313 5089.44
v -6311.53 4.85493 5087.4
v -6311.61 4.91391 5087.4
v -6310.32 6.50313 5089.44
v -6310.28 6.56024 5089.37
v -6311.49 4.91203 5087.33
v -6311.53 4.85493 5087.4
v -6311.49 4.91203 5087.33
v -6311.57 4.97101 5087.33
v -6311.61 4.91391 5087.4
v -6311.53 4.85493 5087.4
v -6310.32 6.50313 5089.44
v -6310.4 6.56211 5089.44
v -6310.36 6.61922 5089.37
v -6310.28 6.56024 5089.37
v -6310.14 6.69431 5088.28
v -6310.23 6.76612 5088.28
v -6311.71 4.74723 5088.28
v -6311.61 4.67541 5088.28
v -6310.23 6.76612 5088.48
v -6310.14 6.69431 5088.48
v -6311.61 4.67541 5088.48
v -6311.71 4.74723 5088.48
v -6311.61 4.67541 5088.28
v -6311.71 4.74723 5088.28
v -6311.71 4.74723 5088.48
v -6311.61 4.67541 5088.48
v -6310.14 6.69431 5088.48
v -6310.23 6.76612 5088.48
v -6310.23 6.76612 5088.28
v -6310.14 6.69431 5088.28
v -6310.14 6.69431 5087.28
v -6310.23 6.76612 5087.28
v -6311.71 4.74723 5087.28
v -6311.61 4.67541 5087.28
v -6310.23 6.76612 5087.48
v -6310.14 6.69431 5087.48
v -6311.61 4.67541 5087.48
v -6311.71 4.74723 5087.48
v -6311.61 4.67541 5087.28
v -6311.71 4.74723 5087.28
v -6311.71 4.74723 5087.48
v -6311.61 4.67541 5087.48
v -6310.14 6.69431 5087.48
v -6310.23 6.76612 5087.48
v -6310.23 6.76612 5087.28
v -6310.14 6.69431 5087.28
v -6310.14 6.69431 5089.28
v -6310.23 6.76612 5089.28
v -6311.71 4.74723 5089.28
v -6311.61 4.67541 5089.28
v -6310.23 6.76612 5089.48
v -6310.14 6.69431 5089.48
v -6311.61 4.67541 5089.48
v -6311.71 4.74723 5089.48
v -6311.61 4.67541 5089.28
v -6311.71 4.74723 5089.28
v -6311.71 4.74723 5089.48
v -6311.61 4.67541 5089.48
v -6310.14 6.69431 5089.48
v -6310.23 6.76612 5089.48
v -6310.23 6.76612 5089.28
v -6310.14 6.69431 5089.28
v -6310.23 6.76612 5088.28
v -6310.23 6.76612 5088.48
v -6311.71 4.74723 5088.48
v -6311.71 4.74723 5088.28
v -6310.14 6.69431 5088.48
v -6310.14 6.69431 5088.28
v -6311.61 4.67541 5088.28
v -6311.61 4.67541 5088.48
v -6310.23 6.76612 5087.28
v -6310.23 6.76612 5087.48
v -6311.71 4.74723 5087.48
v -6311.71 4.74723 5087.28
v -6310.14 6.69431 5087.48
v -6310.14 6.69431 5087.28
v -6311.61 4.67541 5087.28
v -6311.61 4.67541 5087.48
v -6310.23 6.76612 5089.28
v -6310.23 6.76612 5089.48
v -6311.71 4.74723 5089.48
v -6311.71 4.74723 5089.28
v -6310.14 6.69431 5089.48
v -6310.14 6.69431 5089.28
v -6311.61 4.67541 5089.28
v -6311.61 4.67541 5089.48
v -6309.94 6.15831 5087.14
v -6309.9 6.189 5087.14
v -6310.14 6.49252 5087.13
v -6310.18 6.46184 5087.13
v -6309.9 6.189 5087.14
v -6309.92 6.21656 5089.64
v -6310.16 6.52008 5089.63
v -6310.14 6.49252 5087.13
v -6309.92 6.21656 5089.64
v -6309.96 6.18587 5089.64
v -6310.2 6.48939 5089.63
v -6310.16 6.52008 5089.63
v -6309.96 6.18587 5089.64
v -6309.94 6.15831 5087.14
v -6310.18 6.46184 5087.13
v -6310.2 6.48939 5089.63
v -6310.18 6.46184 5087.13
v -6310.14 6.49252 5087.13
v -6310.16 6.52008 5089.63
v -6310.2 6.48939 5089.63
v -6309.96 6.18587 5089.64
v -6309.92 6.21656 5089.64
v -6309.9 6.189 5087.14
v -6309.94 6.15831 5087.14
v -6309.65 5.78506 5087.13
v -6309.61 5.81575 5087.13
v -6309.86 6.14073 5087.14
v -6309.9 6.11004 5087.14
v -6309.61 5.81575 5087.13
v -6309.58 5.77885 5089.63
v -6309.84 6.10383 5089.64
v -6309.86 6.14073 5087.14
v -6309.58 5.77885 5089.63
v -6309.62 5.74816 5089.63
v -6309.88 6.07314 5089.64
v -6309.84 6.10383 5089.64
v -6309.62 5.74816 5089.63
v -6309.65 5.78506 5087.13
v -6309.9 6.11004 5087.14
v -6309.88 6.07314 5089.64
v -6309.9 6.11004 5087.14
v -6309.86 6.14073 5087.14
v -6309.84 6.10383 5089.64
v -6309.88 6.07314 5089.64
v -6309.62 5.74816 5089.63
v -6309.58 5.77885 5089.63
v -6309.61 5.81575 5087.13
v -6309.65 5.78506 5087.13
v -6309.35 5.39736 5087.13
v -6309.31 5.42805 5087.13
v -6309.55 5.73091 5087.14
v -6309.59 5.70022 5087.14
v -6309.31 5.42805 5087.13
v -6309.29 5.39916 5089.63
v -6309.52 5.70202 5089.64
v -6309.55 5.73091 5087.14
v -6309.29 5.39916 5089.63
v -6309.33 5.36848 5089.63
v -6309.56 5.67134 5089.64
v -6309.52 5.70202 5089.64
v -6309.33 5.36848 5089.63
v -6309.35 5.39736 5087.13
v -6309.59 5.70022 5087.14
v -6309.56 5.67134 5089.64
v -6309.59 5.70022 5087.14
v -6309.55 5.73091 5087.14
v -6309.52 5.70202 5089.64
v -6309.56 5.67134 5089.64
v -6309.33 5.36848 5089.63
v -6309.29 5.39916 5089.63
v -6309.31 5.42805 5087.13
v -6309.35 5.39736 5087.13
v -6309.02 4.97577 5087.14
v -6308.98 5.00645 5087.14
v -6309.22 5.3163 5087.13
v -6309.26 5.28561 5087.13
v -6308.98 5.00645 5087.14
v -6309.01 5.04586 5089.64
v -6309.25 5.35571 5089.63
v -6309.22 5.3163 5087.13
v -6309.01 5.04586 5089.64
v -6309.05 5.01517 5089.64
v -6309.29 5.32502 5089.63
v -6309.25 5.35571 5089.63
v -6309.05 5.01517 5089.64
v -6309.02 4.97577 5087.14
v -6309.26 5.28561 5087.13
v -6309.29 5.32502 5089.63
v -6309.26 5.28561 5087.13
v -6309.22 5.3163 5087.13
v -6309.25 5.35571 5089.63
v -6309.29 5.32502 5089.63
v -6309.05 5.01517 5089.64
v -6309.01 5.04586 5089.64
v -6308.98 5.00645 5087.14
v -6309.02 4.97577 5087.14
v -6308.73 4.59706 5087.13
v -6308.69 4.62775 5087.13
v -6308.94 4.95275 5087.14
v -6308.98 4.92206 5087.14
v -6308.69 4.62775 5087.13
v -6308.67 4.59832 5089.63
v -6308.92 4.92331 5089.64
v -6308.94 4.95275 5087.14
v -6308.67 4.59832 5089.63
v -6308.71 4.56763 5089.63
v -6308.96 4.89263 5089.64
v -6308.92 4.92331 5089.64
v -6308.71 4.56763 5089.63
v -6308.73 4.59706 5087.13
v -6308.98 4.92206 5087.14
v -6308.96 4.89263 5089.64
v -6308.98 4.92206 5087.14
v -6308.94 4.95275 5087.14
v -6308.92 4.92331 5089.64
v -6308.96 4.89263 5089.64
v -6308.71 4.56763 5089.63
v -6308.67 4.59832 5089.63
v -6308.69 4.62775 5087.13
v -6308.73 4.59706 5087.13
v -6308.91 4.71518 5087.33
v -6308.83 4.77656 5087.33
v -6310.08 6.38792 5089.37
v -6310.16 6.32654 5089.37
v -6308.83 4.77656 5087.33
v -6308.78 4.72073 5087.4
v -6310.04 6.33209 5089.44
v -6310.08 6.38792 5089.37
v -6308.78 4.72073 5087.4
v -6308.86 4.65936 5087.4
v -6310.11 6.27072 5089.44
v -6310.04 6.33209 5089.44
v -6308.86 4.65936 5087.4
v -6308.91 4.71518 5087.33
v -6310.16 6.32654 5089.37
v -6310.11 6.27072 5089.44
v -6310.16 6.32654 5089.37
v -6310.08 6.38792 5089.37
v -6310.04 6.33209 5089.44
v -6310.11 6.27072 5089.44
v -6308.86 4.65936 5087.4
v -6308.78 4.72073 5087.4
v -6308.83 4.77656 5087.33
v -6308.91 4.71518 5087.33
v -6308.86 4.65936 5089.37
v -6308.78 4.72073 5089.37
v -6310.04 6.33209 5087.33
v -6310.11 6.27072 5087.33
v -6308.78 4.72073 5089.37
v -6308.83 4.77656 5089.44
v -6310.08 6.38792 5087.4
v -6310.04 6.33209 5087.33
v -6308.83 4.77656 5089.44
v -6308.91 4.71518 5089.44
v -6310.16 6.32654 5087.4
v -6310.08 6.38792 5087.4
v -6308.91 4.71518 5089.44
v -6308.86 4.65936 5089.37
v -6310.11 6.27072 5087.33
v -6310.16 6.32654 5087.4
v -6310.11 6.27072 5087.33
v -6310.04 6.33209 5087.33
v -6310.08 6.38792 5087.4
v -6310.16 6.32654 5087.4
v -6308.91 4.71518 5089.44
v -6308.83 4.77656 5089.44
v -6308.78 4.72073 5089.37
v -6308.86 4.65936 5089.37
v -6308.77 4.48243 5088.28
v -6308.68 4.55716 5088.28
v -6310.21 6.53092 5088.28
v -6310.31 6.45619 5088.28
v -6308.68 4.55716 5088.48
v -6308.77 4.48243 5088.48
v -6310.31 6.45619 5088.48
v -6310.21 6.53092 5088.48
v -6310.31 6.45619 5088.28
v -6310.21 6.53092 5088.28
v -6310.21 6.53092 5088.48
v -6310.31 6.45619 5088.48
v -6308.77 4.48243 5088.48
v -6308.68 4.55716 5088.48
v -6308.68 4.55716 5088.28
v -6308.77 4.48243 5088.28
v -6308.77 4.48243 5087.28
v -6308.68 4.55716 5087.28
v -6310.21 6.53092 5087.28
v -6310.31 6.45619 5087.28
v -6308.68 4.55716 5087.48
v -6308.77 4.48243 5087.48
v -6310.31 6.45619 5087.48
v -6310.21 6.53092 5087.48
v -6310.31 6.45619 5087.28
v -6310.21 6.53092 5087.28
v -6310.21 6.53092 5087.48
v -6310.31 6.45619 5087.48
v -6308.77 4.48243 5087.48
v -6308.68 4.55716 5087.48
v -6308.68 4.55716 5087.28
v -6308.77 4.48243 5087.28
v -6308.77 4.48243 5089.28
v -6308.68 4.55716 5089.28
v -6310.21 6.53092 5089.28
v -6310.31 6.45619 5089.28
v -6308.68 4.55716 5089.48
v -6308.77 4.48243 5089.48
v -6310.31 6.45619 5089.48
v -6310.21 6.53092 5089.48
v -6310.31 6.45619 5089.28
v -6310.21 6.53092 5089.28
v -6310.21 6.53092 5089.48
v -6310.31 6.45619 5089.48
v -6308.77 4.48243 5089.48
v -6308.68 4.55716 5089.48
v -6308.68 4.55716 5089.28
v -6308.77 4.48243 5089.28
v -6308.68 4.55716 5088.28
v -6308.68 4.55716 5088.48
v -6310.21 6.53092 5088.48
v -6310.21 6.53092 5088.28
v -6308.77 4.48243 5088.48
v -6308.77 4.48243 5088.28
v -6310.31 6.45619 5088.28
v -6310.31 6.45619 5088.48
v -6308.68 4.55716 5087.28
v -6308.68 4.55716 5087.48
v -6310.21 6.53092 5087.48
v -6310.21 6.53092 5087.28
v -6308.77 4.48243 5087.48
v -6308.77 4.48243 5087.28
v -6310.31 6.45619 5087.28
v -6310.31 6.45619 5087.48
v -6308.68 4.55716 5089.28
v -6308.68 4.55716 5089.48
v -6310.21 6.53092 5089.48
v -6310.21 6.53092 5089.28
v -6308.77 4.48243 5089.48
v -6308.77 4.48243 5089.28
v -6310.31 6.45619 5089.28
v -6310.31 6.45619 5089.48
v -6308.89 4.64966 5084.11
v -6308.89 4.77342 5084.11
v -6309.09 4.64966 5084.11
v -6309.09 4.77342 5084.11
v -6308.94 4.82649 5084.16
v -6308.94 4.82649 5084.26
v -6309.04 4.82649 5084.16
v -6309.04 4.82649 5084.26
v -6308.89 4.77342 5084.31
v -6308.89 4.64966 5084.31
v -6309.09 4.77342 5084.31
v -6309.09 4.64966 5084.31
v -6308.89 4.64966 5084.31
v -6308.89 4.64966 5084.11
v -6309.09 4.64966 5084.31
v -6309.09 4.64966 5084.11
v -6309.09 4.64966 5084.11
v -6309.09 4.77342 5084.11
v -6309.09 4.64966 5084.31
v -6309.09 4.77342 5084.31
v -6308.89 4.64966 5084.31
v -6308.89 4.77342 5084.31
v -6308.89 4.64966 5084.11
v -6308.89 4.77342 5084.11
v -6309.19 4.77807 5084.01
v -6309.09 4.77342 5084.11
v -6308.79 4.77807 5084.01
v -6308.89 4.77342 5084.11
v -6309.19 4.77807 5084.41
v -6309.09 4.77342 5084.31
v -6309.19 4.77807 5084.01
v -6309.09 4.77342 5084.11
v -6308.79 4.77807 5084.41
v -6308.89 4.77342 5084.31
v -6309.19 4.77807 5084.41
v -6309.09 4.77342 5084.31
v -6308.79 4.77807 5084.01
v -6308.89 4.77342 5084.11
v -6308.79 4.77807 5084.41
v -6308.89 4.77342 5084.31
v -6308.79 4.77807 5084.01
v -6308.93 4.84163 5084.14
v -6309.19 4.77807 5084.01
v -6309.05 4.84163 5084.14
v -6309.19 4.77807 5084.01
v -6309.05 4.84163 5084.14
v -6309.19 4.77807 5084.41
v -6309.05 4.84163 5084.27
v -6309.19 4.77807 5084.41
v -6309.05 4.84163 5084.27
v -6308.79 4.77807 5084.41
v -6308.93 4.84163 5084.27
v -6308.79 4.77807 5084.41
v -6308.93 4.84163 5084.27
v -6308.79 4.77807 5084.01
v -6308.93 4.84163 5084.14
v -6308.93 4.84163 5084.14
v -6308.94 4.82649 5084.16
v -6309.05 4.84163 5084.14
v -6309.04 4.82649 5084.16
v -6309.05 4.84163 5084.14
v -6309.04 4.82649 5084.16
v -6309.05 4.84163 5084.27
v -6309.04 4.82649 5084.26
v -6309.05 4.84163 5084.27
v -6309.04 4.82649 5084.26
v -6308.93 4.84163 5084.27
v -6308.94 4.82649 5084.26
v -6308.93 4.84163 5084.27
v -6308.94 4.82649 5084.26
v -6308.93 4.84163 5084.14
v -6308.94 4.82649 5084.16
v -6344 8.8825 5118
v -6344 8.86757 5116
v -6344 8.85693 5114
v -6344 8.8505 5112
v -6344 8.8482 5110
v -6344 8.84995 5108
v -6344 8.85563 5106
v -6344 8.86516 5104
v -6344 8.78196 5102
v -6344 8.21986 5100
v -6344 7.66394 5098
v -6344 7.2125 5096
v -6344 7.44989 5094
v -6344 7.10934 5092
v -6344 6.93971 5090
v -6344 7.42953 5088
v -6344 8.20952 5086
v -6344 8.80062 5084
v -6344 8.98403 5082
v -6344 9.06909 5080
v -6344 9.16366 5078
v -6344 9.25507 5076
v -6344 9.33658 5074
v -6344 9.40647 5072
v -6344 9.4634 5070
v -6344 9.51123 5068
v -6344 9.55925 5066
v -6344 9.60733 5064
v -6344 9.65534 5062
v -6344 9.70311 5060
v -6344 9.75051 5058
v -6344 9.79734 5056
v -6342 8.92932 5118
v -6342 8.91457 5116
v -6342 8.90427 5114
v -6342 8.89834 5112
v -6342 8.89669 5110
v -6342 8.89923 5108
v -6342 8.90587 5106
v -6342 8.91649 5104
v -6342 8.93097 5102
v -6342 8.75242 5100
v -6342 8.23755 5098
v -6342 7.69648 5096
v -6342 7.29997 5094
v -6342 7.33394 5092
v -6342 7.03816 5090
v -6342 7.09109 5088
v -6342 7.43554 5086
v -6342 8.3279 5084
v -6342 8.8681 5082
v -6342 9.00295 5080
v -6342 9.1207 5078
v -6342 9.238 5076
v -6342 9.34599 5074
v -6342 9.44204 5072
v -6342 9.52575 5070
v -6342 9.59253 5068
v -6342 9.64265 5066
v -6342 9.69249 5064
v -6342 9.74223 5062
v -6342 9.79171 5060
v -6342 9.84077 5058
v -6342 9.88922 5056
v -6340 8.95421 5118
v -6340 8.93972 5116
v -6340 8.92988 5114
v -6340 8.9246 5112
v -6340 8.92381 5110
v -6340 8.9274 5108
v -6340 8.93527 5106
v -6340 8.94663 5104
v -6340 8.94206 5102
v -6340 8.91513 5100
v -6340 8.589 5098
v -6340 8.18293 5096
v -6340 7.52134 5094
v -6340 7.05739 5092
v -6340 6.44306 5090
v -6340 6.27358 5088
v -6340 6.72667 5086
v -6340 7.71473 5084
v -6340 8.44951 5082
v -6340 8.86714 5080
v -6340 9.00298 5078
v -6340 9.14363 5076
v -6340 9.2808 5074
v -6340 9.41016 5072
v -6340 9.5296 5070
v -6340 9.63446 5068
v -6340 9.71216 5066
v -6340 9.76448 5064
v -6340 9.81648 5062
v -6340 9.86821 5060
v -6340 9.91953 5058
v -6340 9.97024 5056
v -6338 8.95443 5118
v -6338 8.94038 5116
v -6338 8.93124 5114
v -6338 8.92694 5112
v -6338 8.92736 5110
v -6338 8.93241 5108
v -6338 8.9404 5106
v -6338 8.92679 5104
v -6338 8.89299 5102
v -6338 8.84315 5100
v -6338 8.73292 5098
v -6338 8.26831 5096
v -6338 7.68393 5094
v -6338 6.85175 5092
v -6338 6.34618 5090
v -6338 5.88108 5088
v -6338 5.94629 5086
v -6338 6.74665 5084
v -6338 7.7971 5082
v -6338 8.4677 5080
v -6338 8.7841 5078
v -6338 8.94077 5076
v -6338 9.10816 5074
v -6338 9.28005 5072
v -6338 9.44972 5070
v -6338 9.60781 5068
v -6338 9.7398 5066
v -6338 9.82436 5064
v -6338 9.87912 5062
v -6338 9.93364 5060
v -6338 9.98778 5058
v -6338 10.0413 5056
v -6336 8.92925 5118
v -6336 8.91599 5116
v -6336 8.90796 5114
v -6336 8.90507 5112
v -6336 8.90722 5110
v -6336 8.91226 5108
v -6336 8.88937 5106
v -6336 8.84225 5104
v -6336 8.77615 5102
v -6336 8.69085 5100
v -6336 8.59594 5098
v -6336 8.34896 5096
v -6336 7.77428 5094
v -6336 6.5803 5092
v -6336 5.82802 5090
v -6336 5.17716 5088
v -6336 5.27013 5086
v -6336 5.52941 5084
v -6336 6.80285 5082
v -6336 7.83387 5080
v -6336 8.35305 5078
v -6336 8.58968 5076
v -6336 8.78666 5074
v -6336 9.01229 5072
v -6336 9.25227 5070
v -6336 9.48715 5068
v -6336 9.69418 5066
v -6336 9.84951 5064
v -6336 9.93231 5062
v -6336 9.99014 5060
v -6336 10.0476 5058
v -6336 10.1045 5056
v -6334 9.01742 5118
v -6334 9.00317 5116
v -6334 8.99275 5114
v -6334 8.98607 5112
v -6334 8.98139 5110
v -6334 8.94196 5108
v -6334 8.8687 5106
v -6334 8.7731 5104
v -6334 8.64909 5102
v -6334 8.49791 5100
v -6334 8.34168 5098
v -6334 8.18445 5096
v -6334 7.66793 5094
v -6334 6.83055 5092
v -6334 5.75978 5090
v -6334 4.92036 5088
v -6334 5.00548 5086
v -6334 5.01011 5084
v -6334 6.06135 5082
v -6334 6.9237 5080
v -6334 7.63347 5078
v -6334 8.02545 5076
v -6334 8.27442 5074
v -6334 8.56661 5072
v -6334 8.90174 5070
v -6334 9.24447 5068
v -6334 9.55672 5066
v -6334 9.80557 5064
v -6334 9.96778 5062
v -6334 10.042 5060
v -6334 10.1031 5058
v -6334 10.1636 5056
v -6332 9.08275 5118
v -6332 9.07008 5116
v -6332 9.06129 5114
v -6332 9.05554 5112
v -6332 9.01185 5110
v -6332 8.92272 5108
v -6332 8.80406 5106
v -6332 8.65806 5104
v -6332 8.4686 5102
v -6332 8.2465 5100
v -6332 8.03368 5098
v -6332 7.84426 5096
v -6332 7.59312 5094
v -6332 6.71499 5092
v -6332 5.33013 5090
v -6332 4.53769 5088
v -6332 4.20319 5086
v -6332 4.17758 5084
v -6332 5.15984 5082
v -6332 5.79713 5080
v -6332 6.51187 5078
v -6332 7.11589 5076
v -6332 7.53796 5074
v -6332 7.91789 5072
v -6332 8.37442 5070
v -6332 8.85962 5068
v -6332 9.31287 5066
v -6332 9.68521 5064
v -6332 9.94873 5062
v -6332 10.0949 5060
v -6332 10.1613 5058
v -6332 10.2251 5056
v -6330 9.13206 5118
v -6330 9.12118 5116
v -6330 9.11425 5114
v -6330 9.07034 5112
v -6330 8.96661 5110
v -6330 8.82181 5108
v -6330 8.64457 5106
v -6330 8.42833 5104
v -6330 8.14874 5102
v -6330 7.8343 5100
v -6330 7.55314 5098
v -6330 7.3236 5096
v -6330 7.15131 5094
v -6330 6.62425 5092
v -6330 5.47693 5090
v -6330 4.44239 5088
v -6330 3.81339 5086
v -6330 3.90271 5084
v -6330 4.20664 5082
v -6330 4.39856 5080
v -6330 5.2609 5078
v -6330 5.89763 5076
v -6330 6.49856 5074
v -6330 7.10893 5072
v -6330 7.70172 5070
v -6330 8.3549 5068
v -6330 8.98038 5066
v -6330 9.50646 5064
v -6330 9.89489 5062
v -6330 10.1417 5060
v -6330 10.2586 5058
v -6330 10.3297 5056
v -6328 9.17269 5118
v -6328 9.16384 5116
v -6328 9.12423 5114
v -6328 9.00884 5112
v -6328 8.83793 5110
v -6328 8.62573 5108
v -6328 8.3742 5106
v -6328 8.06931 5104
v -6328 7.67982 5102
v -6328 7.25809 5100
v -6328 6.90265 5098
v -6328 6.63458 5096
v -6328 6.45618 5094
v -6328 6.28233 5092
v -6328 5.49805 5090
v -6328 4.25301 5088
v -6328 3.5619 5086
v -6328 3.58968 5084
v -6328 3.7044 5082
v -6328 3.49231 5080
v -6328 3.47233 5078
v -6328 4.26937 5076
v -6328 5.2257 5074
v -6328 6.12066 5072
v -6328 6.98148 5070
v -6328 7.8032 5068
v -6328 8.60586 5066
v -6328 9.29422 5064
v -6328 9.8162 5062
v -6328 10.1683 5060
v -6328 10.3735 5058
v -6328 10.4602 5056
v -6326 9.19725 5118
v -6326 9.16464 5116
v -6326 9.0412 5114
v -6326 8.84442 5112
v -6326 8.59522 5110
v -6326 8.30481 5108
v -6326 7.96998 5106
v -6326 7.56978 5104
v -6326 7.06482 5102
v -6326 6.53311 5100
v -6326 6.10533 5098
v -6326 5.80301 5096
v -6326 5.62384 5094
v -6326 5.76157 5092
v -6326 5.64436 5090
v -6326 4.8204 5088
v -6326 4.09877 5086
v -6326 3.33661 5084
v -6326 2.97438 5082
v -6326 2.3394 5080
v -6326 2.20382 5078
v -6326 2.71088 5076
v -6326 3.58087 5074
v -6326 4.82629 5072
v -6326 6.11765 5070
v -6326 7.18443 5068
v -6326 8.15521 5066
v -6326 9.00489 5064
v -6326 9.66605 5062
v -6326 10.1311 5060
v -6326 10.4327 5058
v -6326 10.5855 5056
v -6324 9.18581 5118
v -6324 9.06018 5116
v -6324 8.83979 5114
v -6324 8.55285 5112
v -6324 8.22141 5110
v -6324 7.85386 5108
v -6324 7.44045 5106
v -6324 6.95009 5104
v -6324 6.33024 5102
v -6324 5.68562 5100
v -6324 5.18409 5098
v -6324 5.24506 5096
v -6324 5.44132 5094
v -6324 5.66705 5092
v -6324 5.80675 5090
v -6324 5.25438 5088
v -6324 4.45089 5086
v -6324 3.82732 5084
v -6324 2.61839 5082
v -6324 2.11488 5080
v -6324 1.47914 5078
v -6324 1.69327 5076
v -6324 2.15477 5074
v -6324 3.49786 5072
v -6324 5.04549 5070
v -6324 6.49435 5068
v -6324 7.67397 5066
v -6324 8.66799 5064
v -6324 9.46028 5062
v -6324 10.0361 5060
v -6324 10.4342 5058
v -6324 10.6708 5056
v -6322 9.06337 5118
v -6322 8.82345 5116
v -6322 8.49721 5114
v -6322 8.11842 5112
v -6322 7.70964 5110
v -6322 7.27428 5108
v -6322 6.79233 5106
v -6322 6.21779 5104
v -6322 5.47934 5102
v -6322 4.98072 5100
v -6322 4.97612 5098
v -6322 5.10136 5096
v -6322 5.31285 5094
v -6322 5.56715 5092
v -6322 5.82149 5090
v -6322 5.64115 5088
v -6322 5.08083 5086
v -6322 3.8317 5084
v -6322 2.5202 5082
v -6322 2.04817 5080
v -6322 1.33767 5078
v -6322 1.55179 5076
v -6322 1.84604 5074
v -6322 2.59834 5072
v -6322 3.96396 5070
v -6322 5.61248 5068
v -6322 7.14461 5066
v -6322 8.30011 5064
v -6322 9.21306 5062
v -6322 9.895 5060
v -6322 10.3873 5058
v -6322 10.7038 5056
v -6320 8.79811 5118
v -6320 8.43319 5116
v -6320 7.99891 5114
v -6320 7.53367 5112
v -6320 7.05822 5110
v -6320 6.56752 5108
v -6320 6.02705 5106
v -6320 5.37112 5104
v -6320 5.03872 5102
v -6320 4.84567 5100
v -6320 4.82253 5098
v -6320 4.93566 5096
v -6320 5.14841 5094
v -6320 5.42144 5092
v -6320 5.7133 5090
v -6320 5.83992 5088
v -6320 5.25253 5086
v -6320 4.41744 5084
v -6320 3.23989 5082
v -6320 2.21361 5080
v -6320 1.08571 5078
v -6320 1.20062 5076
v -6320 1.69801 5074
v -6320 2.22364 5072
v -6320 3.33461 5070
v -6320 4.59449 5068
v -6320 6.41895 5066
v -6320 7.88828 5064
v -6320 8.92455 5062
v -6320 9.71199 5060
v -6320 10.2996 5058
v -6320 10.6947 5056
v -6318 8.3747 5118
v -6318 7.88196 5116
v -6318 7.34487 5114
v -6318 6.80409 5112
v -6318 6.27507 5110
v -6318 5.74025 5108
v -6318 5.14636 5106
v -6318 5.11825 5104
v -6318 4.91539 5102
v -6318 4.69835 5100
v -6318 4.64143 5098
v -6318 4.72473 5096
v -6318 4.92182 5094
v -6318 5.19995 5092
v -6318 5.52057 5090
v -6318 5.81819 5088
v -6318 5.48002 5086
v -6318 4.66601 5084
v -6318 3.26581 5082
v -6318 2.42583 5080
v -6318 1.82147 5078
v -6318 1.65282 5076
v -6318 1.95857 5074
v -6318 2.44391 5072
v -6318 3.38756 5070
v -6318 4.12041 5068
v -6318 5.57935 5066
v -6318 7.33944 5064
v -6318 8.5814 5062
v -6318 9.4809 5060
v -6318 10.171 5058
v -6318 10.649 5056
v -6316 7.80215 5118
v -6316 7.18845 5116
v -6316 6.56108 5114
v -6316 5.95907 5112
v -6316 5.38837 5110
v -6316 4.86766 5108
v -6316 5.01473 5106
v -6316 4.99932 5104
v -6316 4.78443 5102
v -6316 4.53511 5100
v -6316 4.42871 5098
v -6316 4.46283 5096
v -6316 4.62457 5094
v -6316 4.89039 5092
v -6316 5.22647 5090
v -6316 5.58892 5088
v -6316 5.50729 5086
v -6316 4.64209 5084
v -6316 3.69697 5082
v -6316 3.0146 5080
v -6316 2.38706 5078
v -6316 2.39782 5076
v -6316 2.27892 5074
v -6316 2.66559 5072
v -6316 3.43569 5070
v -6316 4.2357 5068
v -6316 5.08145 5066
v -6316 6.61369 5064
v -6316 8.11 5062
v -6316 9.18426 5060
v -6316 9.99919 5058
v -6316 10.5758 5056
v -6314 7.13089 5118
v -6314 6.41524 5116
v -6314 5.71755 5114
v -6314 5.07003 5112
v -6314 4.52817 5110
v -6314 4.79599 5108
v -6314 4.93191 5106
v -6314 4.91461 5104
v -6314 4.70446 5102
v -6314 4.43827 5100
v -6314 4.28561 5098
v -6314 4.26224 5096
v -6314 4.37015 5094
v -6314 4.59713 5092
v -6314 4.9167 5090
v -6314 5.28799 5088
v -6314 5.50696 5086
v -6314 4.96006 5084
v -6314 4.09963 5082
v -6314 2.66951 5080
v -6314 2.68955 5078
v -6314 2.80223 5076
v -6314 2.73961 5074
v -6314 3.04311 5072
v -6314 3.32283 5070
v -6314 3.83315 5068
v -6314 4.88392 5066
v -6314 5.86304 5064
v -6314 7.54967 5062
v -6314 8.84959 5060
v -6314 9.80006 5058
v -6314 10.4768 5056
v -6312 6.45883 5118
v -6312 5.70583 5116
v -6312 5.00466 5114
v -6312 4.38163 5112
v -6312 4.74133 5110
v -6312 5.00198 5108
v -6312 5.12901 5106
v -6312 5.09449 5104
v -6312 4.87601 5102
v -6312 4.58817 5100
v -6312 4.37941 5098
v -6312 4.28432 5096
v -6312 4.32099 5094
v -6312 4.49017 5092
v -6312 4.77466 5090
v -6312 5.13904 5088
v -6312 5.51084 5086
v -6312 5.25279 5084
v -6312 4.62316 5082
v -6312 3.64319 5080
v -6312 2.89139 5078
v -6312 2.47296 5076
v -6312 2.9208 5074
v -6312 3.30619 5072
v -6312 3.54309 5070
v -6312 4.16924 5068
v -6312 4.84284 5066
v -6312 5.78851 5064
v -6312 6.75824 5062
v -6312 8.3265 5060
v -6312 9.50942 5058
v -6312 10.3128 5056
v -6310 5.96414 5118
v -6310 5.19621 5116
v -6310 4.49071 5114
v -6310 4.7346 5112
v -6310 5.02783 5110
v -6310 5.22342 5108
v -6310 5.294 5106
v -6310 5.21978 5104
v -6310 4.99559 5102
v -6310 4.70816 5100
v -6310 4.46888 5098
v -6310 4.32739 5096
v -6310 4.31442 5094
v -6310 4.44101 5092
v -6310 4.69771 5090
v -6310 5.05453 5088
v -6310 5.46128 5086
v -6310 5.55404 5084
v -6310 5.10662 5082
v -6310 4.14198 5080
v -6310 3.53389 5078
v -6310 2.75184 5076
v -6310 3.1653 5074
v -6310 2.82778 5072
v -6310 3.59944 5070
v -6310 4.01552 5068
v -6310 4.6751 5066
v -6310 5.22871 5064
v -6310 5.98399 5062
v -6310 7.47896 5060
v -6310 8.98182 5058
v -6310 10.0463 5056
v -6308 5.56636 5118
v -6308 4.80732 5116
v -6308 4.83737 5114
v -6308 5.11998 5112
v -6308 5.33805 5110
v -6308 5.46425 5108
v -6308 5.48013 5106
v -6308 5.37553 5104
v -6308 5.14841 5102
v -6308 4.84886 5100
v -6308 4.5707 5098
v -6308 4.37369 5096
v -6308 4.29804 5094
v -6308 4.36343 5092
v -6308 4.56789 5090
v -6308 4.88736 5088
v -6308 5.27569 5086
v -6308 5.63488 5084
v -6308 5.46673 5082
v -6308 4.79458 5080
v -6308 4.02597 5078
v -6308 2.7231 5076
v -6308 2.18049 5074
v -6308 2.42825 5072
v -6308 2.95476 5070
v -6308 3.28473 5068
v -6308 4.2598 5066
v -6308 4.51849 5064
v -6308 5.25369 5062
v -6308 6.27982 5060
v -6308 8.12323 5058
v -6308 9.51175 5056
v -6306 5.2898 5118
v -6306 5.02492 5116
v -6306 5.23731 5114
v -6306 5.4166 5112
v -6306 5.5337 5110
v -6306 5.56873 5108
v -6306 5.5106 5106
v -6306 5.35662 5104
v -6306 5.11282 5102
v -6306 4.806 5100
v -6306 4.50584 5098
v -6306 4.27605 5096
v -6306 4.16102 5094
v -6306 4.18479 5092
v -6306 4.34969 5090
v -6306 4.63556 5088
v -6306 4.99954 5086
v -6306 5.37586 5084
v -6306 5.53653 5082
v -6306 4.95407 5080
v -6306 3.98421 5078
v -6306 2.7892 5076
v -6306 2.34366 5074
v -6306 2.3056 5072
v -6306 2.28584 5070
v -6306 2.4556 5068
v -6306 3.14063 5066
v -6306 3.25934 5064
v -6306 4.25095 5062
v -6306 5.25289 5060
v -6306 6.9759 5058
v -6306 8.69275 5056
v -6304 5.28133 5118
v -6304 5.40778 5116
v -6304 5.53083 5114
v -6304 5.61908 5112
v -6304 5.64992 5110
v -6304 5.60913 5108
v -6304 5.49073 5106
v -6304 5.29687 5104
v -6304 5.03835 5102
v -6304 4.7204 5100
v -6304 4.39213 5098
v -6304 4.12097 5096
v -6304 3.95558 5094
v -6304 3.92471 5092
v -6304 4.03556 5090
v -6304 4.2728 5088
v -6304 4.59788 5086
v -6304 4.94864 5084
v -6304 5.23842 5082
v -6304 5.0354 5080
v -6304 4.11384 5078
v -6304 3.04077 5076
v -6304 1.95625 5074
v -6304 1.83605 5072
v -6304 1.01418 5070
v -6304 1.72673 5068
v -6304 2.09898 5066
v -6304 2.09589 5064
v -6304 2.78439 5062
v -6304 3.77023 5060
v -6304 5.19044 5058
v -6304 7.46059 5056
v -6302 5.6655 5118
v -6302 5.72458 5116
v -6302 5.77757 5114
v -6302 5.79857 5112
v -6302 5.76925 5110
v -6302 5.67847 5108
v -6302 5.52243 5106
v -6302 5.30461 5104
v -6302 5.03638 5102
v -6302 4.69915 5100
v -6302 4.32475 5098
v -6302 3.98781 5096
v -6302 3.74453 5094
v -6302 3.63154 5092
v -6302 3.66373 5090
v -6302 3.83291 5088
v -6302 4.10665 5086
v -6302 4.42762 5084
v -6302 4.71224 5082
v -6302 4.83151 5080
v -6302 4.25859 5078
v -6302 3.25668 5076
v -6302 2.40621 5074
v -6302 1.01099 5072
v -6302 0.649142 5070
v -6302 1.05085 5068
v -6302 0.913163 5066
v -6302 0.902802 5064
v -6302 1.57436 5062
v -6302 2.28547 5060
v -6302 3.64248 5058
v -6302 5.80293 5056
v -6300 5.92726 5118
v -6300 5.93611 5116
v -6300 5.94218 5114
v -6300 5.92306 5112
v -6300 5.86238 5110
v -6300 5.74958 5108
v -6300 5.5801 5106
v -6300 5.35535 5104
v -6300 5.08326 5102
v -6300 4.72364 5100
v -6300 4.29688 5098
v -6300 3.88631 5096
v -6300 3.55714 5094
v -6300 3.35514 5092
v -6300 3.30399 5090
v -6300 3.40346 5088
v -6300 3.62766 5086
v -6300 3.92401 5084
v -6300 4.21143 5082
v -6300 4.38379 5080
v -6300 4.34179 5078
v -6300 3.66926 5076
v -6300 2.28536 5074
v -6300 1.39115 5072
v -6300 1.01832 5070
v -6300 0.516246 5068
v -6300 0.743258 5066
v -6300 0.939734 5064
v -6300 1.20761 5062
v -6300 1.50952 5060
v -6300 2.89011 5058
v -6300 4.54058 5056
v -6298 6.04536 5118
v -6298 6.02311 5116
v -6298 6.00683 5114
v -6298 5.97557 5112
v -6298 5.91278 5110
v -6298 5.8061 5108
v -6298 5.64752 5106
v -6298 5.43325 5104
v -6298 5.16413 5102
v -6298 4.78387 5100
v -6298 4.30896 5098
v -6298 3.83141 5096
v -6298 3.42528 5094
v -6298 3.14521 5092
v -6298 3.02329 5090
v -6298 3.06664 5088
v -6298 3.25505 5086
v -6298 3.53959 5084
v -6298 3.8403 5082
v -6298 4.03996 5080
v -6298 4.12526 5078
v -6298 4.07555 5076
v -6298 3.44226 5074
v -6298 2.41188 5072
v -6298 1.52234 5070
v -6298 0.780447 5068
v -6298 0.751317 5066
v -6298 1.16471 5064
v -6298 1.35072 5062
v -6298 1.66988 5060
v -6298 2.64066 5058
v -6298 3.49118 5056
v -6296 6.01894 5118
v -6296 5.98493 5116
v -6296 5.97021 5114
v -6296 5.95347 5112
v -6296 5.91609 5110
v -6296 5.84186 5108
v -6296 5.71704 5106
v -6296 5.53013 5104
v -6296 5.27197 5102
v -6296 4.87792 5100
v -6296 4.36896 5098
v -6296 3.84446 5096
v -6296 3.38581 5094
v -6296 3.0548 5092
v -6296 2.89 5090
v -6296 2.9039 5088
v -6296 3.07995 5086
v -6296 3.37082 5084
v -6296 3.7296 5082
v -6296 4.04666 5080
v -6296 4.22392 5078
v -6296 4.31087 5076
v -6296 4.22664 5074
v -6296 3.63558 5072
v -6296 2.6054 5070
v -6296 1.79491 5068
v -6296 1.29075 5066
v -6296 1.8243 5064
v -6296 1.84953 5062
v -6296 2.67214 5060
v -6296 3.46747 5058
v -6296 3.47736 5056
v -6294 5.86013 5118
v -6294 5.83301 5116
v -6294 5.84166 5114
v -6294 5.86292 5112
v -6294 5.87459 5110
v -6294 5.85514 5108
v -6294 5.7836 5106
v -6294 5.63916 5104
v -6294 5.40101 5102
v -6294 5.00522 5100
v -6294 4.48533 5098
v -6294 3.94573 5096
v -6294 3.47238 5094
v -6294 3.1311 5092
v -6294 2.96363 5090
v -6294 2.98445 5088
v -6294 3.17762 5086
v -6294 3.49489 5084
v -6294 3.91079 5082
v -6294 4.25434 5080
v -6294 4.4483 5078
v -6294 4.54174 5076
v -6294 4.58014 5074
v -6294 4.51946 5072
v -6294 3.99116 5070
v -6294 3.40452 5068
v -6294 2.91625 5066
v -6294 2.78084 5064
v -6294 2.73684 5062
v -6294 3.03596 5060
v -6294 3.71623 5058
v -6294 4.5139 5056
v -6292 5.58055 5118
v -6292 5.57529 5116
v -6292 5.62351 5114
v -6292 5.69908 5112
v -6292 5.77519 5110
v -6292 5.82421 5108
v -6292 5.81733 5106
v -6292 5.72409 5104
v -6292 5.51183 5102
v -6292 5.12586 5100
v -6292 4.6186 5098
v -6292 4.09691 5096
v -6292 3.64834 5094
v -6292 3.33922 5092
v -6292 3.21068 5090
v -6292 3.2755 5088
v -6292 3.51497 5086
v -6292 3.87723 5084
v -6292 4.27509 5082
v -6292 4.57486 5080
v -6292 4.78304 5078
v -6292 4.87863 5076
v -6292 4.90859 5074
v -6292 4.91588 5072
v -6292 4.89224 5070
v -6292 4.57787 5068
v -6292 4.2078 5066
v -6292 3.77096 5064
v -6292 3.98473 5062
v -6292 4.52974 5060
v -6292 4.53147 5058
v -6292 5.23726 5056
v -6290 5.21509 5118
v -6290 5.2389 5116
v -6290 5.3328 5114
v -6290 5.46709 5112
v -6290 5.61016 5110
v -6290 5.72836 5108
v -6290 5.78553 5106
v -6290 5.74245 5104
v -6290 5.55594 5102
v -6290 5.18678 5100
v -6290 4.7095 5098
v -6290 4.23112 5096
v -6290 3.83807 5094
v -6290 3.59426 5092
v -6290 3.53706 5090
v -6290 3.67443 5088
v -6290 3.98212 5086
v -6290 4.40236 5084
v -6290 4.84234 5082
v -6290 5.16405 5080
v -6290 5.31369 5078
v -6290 5.33846 5076
v -6290 5.32279 5074
v -6290 5.30909 5072
v -6290 5.30725 5070
v -6290 5.3509 5068
v -6290 5.24242 5066
v -6290 4.98528 5064
v -6290 4.88577 5062
v -6290 5.05063 5060
v -6290 5.79086 5058
v -6290 5.58801 5056
v -6288 4.81814 5118
v -6288 4.86846 5116
v -6288 5.00154 5114
v -6288 5.18455 5112
v -6288 5.38194 5110
v -6288 5.55529 5108
v -6288 5.66284 5106
v -6288 5.65889 5104
v -6288 5.49264 5102
v -6288 5.14319 5100
v -6288 4.70645 5098
v -6288 4.28753 5096
v -6288 3.96965 5094
v -6288 3.81198 5092
v -6288 3.84597 5090
v -6288 4.07261 5088
v -6288 4.46035 5086
v -6288 4.94412 5084
v -6288 5.42452 5082
v -6288 5.76575 5080
v -6288 5.92663 5078
v -6288 5.95501 5076
v -6288 5.8977 5074
v -6288 5.80039 5072
v -6288 5.70814 5070
v -6288 5.72468 5068
v -6288 5.84039 5066
v -6288 5.9607 5064
v -6288 6.03083 5062
v -6288 6.13627 5060
v -6288 6.36709 5058
v -6288 6.12077 5056
v -6286 4.46672 5118
v -6286 4.52825 5116
v -6286 4.67796 5114
v -6286 4.88168 5112
v -6286 5.10215 5110
v -6286 5.29898 5108
v -6286 5.42814 5106
v -6286 5.44131 5104
v -6286 5.2847 5102
v -6286 4.95417 5100
v -6286 4.56134 5098
v -6286 4.20785 5096
v -6286 3.97225 5094
v -6286 3.90767 5092
v -6286 4.03841 5090
v -6286 4.35761 5088
v -6286 4.82577 5086
v -6286 5.37019 5084
v -6286 5.88477 5082
v -6286 6.23761 5080
v -6286 6.40395 5078
v -6286 6.43278 5076
v -6286 6.37156 5074
v -6286 6.26681 5072
v -6286 6.1646 5070
v -6286 6.11089 5068
v -6286 6.15115 5066
v -6286 6.36494 5064
v -6286 6.74853 5062
v -6286 7.06212 5060
v -6286 7.4182 5058
v -6286 7.70003 5056
v -6284 4.24061 5118
v -6284 4.2802 5116
v -6284 4.40221 5114
v -6284 4.57567 5112
v -6284 4.76652 5110
v -6284 4.93749 5108
v -6284 5.04772 5106
v -6284 5.05214 5104
v -6284 4.90044 5102
v -6284 4.60128 5100
v -6284 4.27111 5098
v -6284 4.00421 5096
v -6284 3.87112 5094
v -6284 3.91624 5092
v -6284 4.15492 5090
v -6284 4.57159 5088
v -6284 5.1189 5086
v -6284 5.71775 5084
v -6284 6.25741 5082
v -6284 6.61486 5080
v -6284 6.78631 5078
v -6284 6.81997 5076
v -6284 6.76213 5074
v -6284 6.65837 5072
v -6284 6.55412 5070
v -6284 6.49507 5068
v -6284 6.52685 5066
v -6284 6.69434 5064
v -6284 7.05005 5062
v -6284 7.65288 5060
v -6284 8.30407 5058
v -6284 8.64958 5056
v -6282 4.12457 5118
v -6282 4.10915 5116
v -6282 4.16003 5114
v -6282 4.25523 5112
v -6282 4.36955 5110
v -6282 4.47439 5108
v -6282 4.53752 5106
v -6282 4.52255 5104
v -6282 4.38835 5102
v -6282 4.15366 5100
v -6282 3.92824 5098
v -6282 3.79189 5096
v -6282 3.80124 5094
v -6282 3.98758 5092
v -6282 4.3547 5090
v -6282 4.87759 5088
v -6282 5.50247 5086
v -6282 6.14711 5084
v -6282 6.70138 5082
v -6282 7.05999 5080
v -6282 7.2444 5078
v -6282 7.297 5076
v -6282 7.25849 5074
v -6282 7.16976 5072
v -6282 7.07253 5070
v -6282 7.00989 5068
v -6282 7.02617 5066
v -6282 7.16646 5064
v -6282 7.47697 5062
v -6282 8.02399 5060
v -6282 8.68135 5058
v -6282 9.30655 5056
f 3 2 1
f 4 2 3
f 15 14 13
f 16 14 15
f 11 10 9
f 12 10 11
f 7 6 5
f 8 6 7
f 23 22 21
f 24 22 23
f 47 46 45
f 61 60 59
f 47 48 46
f 64 63 61
f 61 63 62
f 61 62 60
f 54 52 53
f 58 56 57
f 47 49 48
f 50 49 47
f 53 52 51
f 57 56 55
f 41 43 42
f 44 43 41
f 30 29 27
f 27 29 28
f 41 42 40
f 37 36 35
f 33 32 31
f 38 36 37
f 27 28 26
f 34 32 33
f 41 40 39
f 27 26 25
f 19 18 17
f 20 18 19
f 103 106 105
f 96 94 95
f 117 120 119
f 110 108 109
f 103 105 104
f 95 94 93
f 117 119 118
f 109 108 107
f 97 93 94
f 98 93 97
f 118 115 117
f 118 116 115
f 104 101 103
f 104 102 101
f 111 107 108
f 99 98 97
f 112 107 111
f 100 98 99
f 116 113 115
f 116 114 113
f 102 99 101
f 102 100 99
f 113 112 111
f 114 112 113
f 88 86 85
f 86 84 85
f 88 85 87
f 85 84 83
f 74 72 71
f 72 70 71
f 84 79 83
f 74 71 73
f 71 70 69
f 83 79 80
f 76 74 73
f 76 73 75
f 90 88 87
f 90 87 89
f 70 65 69
f 81 80 79
f 69 65 66
f 82 80 81
f 75 77 76
f 75 78 77
f 89 91 90
f 89 92 91
f 67 66 65
f 68 66 67
f 135 137 136
f 138 137 135
f 138 139 137
f 140 139 138
f 133 132 131
f 133 134 132
f 135 136 134
f 135 134 133
f 123 122 121
f 123 124 122
f 125 124 123
f 125 126 124
f 125 127 126
f 128 127 125
f 130 129 128
f 128 129 127
f 141 142 143
f 143 142 144
f 145 146 147
f 147 146 148
f 157 156 155
f 158 156 157
f 160 156 159
f 159 156 158
f 164 162 163
f 165 162 164
f 166 162 165
f 163 162 161
f 562 589 588
f 589 566 588
f 589 564 566
f 573 579 575
f 575 574 573
f 584 585 583
f 584 583 582
f 582 577 584
f 577 578 584
f 565 566 564
f 565 564 563
f 580 579 573
f 580 581 579
f 541 543 542
f 541 542 540
f 573 574 592
f 574 593 592
f 574 594 593
f 562 561 560
f 562 588 561
f 735 734 733
f 755 735 733
f 735 755 752
f 753 735 752
f 754 735 753
f 721 722 717
f 748 749 722
f 748 722 721
f 725 749 726
f 726 749 748
f 740 733 734
f 607 605 606
f 607 608 605
f 622 615 616
f 632 610 631
f 617 616 615
f 626 612 625
f 626 629 612
f 629 611 612
f 613 612 611
f 613 614 612
f 631 610 609
f 785 780 778
f 780 779 778
f 789 800 799
f 789 799 788
f 774 789 788
f 535 538 537
f 535 537 536
f 535 536 534
f 535 534 533
f 778 786 785
f 770 771 769
f 772 771 770
f 622 616 630
f 622 630 621
f 623 622 621
f 622 623 624
f 610 598 609
f 759 774 773
f 774 788 773
f 779 793 792
f 793 779 794
f 778 779 798
f 798 779 792
f 783 776 777
f 797 776 783
f 781 797 783
f 783 782 781
f 783 784 782
f 726 724 725
f 737 738 743
f 738 756 743
f 741 739 740
f 725 724 723
f 740 739 733
f 742 743 756
f 578 577 576
f 560 561 558
f 560 558 559
f 721 717 718
f 719 718 717
f 738 737 736
f 777 776 775
f 609 598 597
f 598 596 597
f 759 773 761
f 761 760 759
f 568 565 563
f 568 563 567
f 541 540 539
f 541 544 543
f 724 728 723
f 744 745 743
f 744 743 742
f 723 728 727
f 627 626 625
f 617 618 616
f 601 606 605
f 602 606 601
f 765 769 767
f 770 769 765
f 778 787 786
f 577 590 576
f 750 738 736
f 776 795 775
f 559 558 557
f 557 571 559
f 731 720 719
f 720 718 719
f 762 763 760
f 762 760 761
f 599 595 596
f 590 577 591
f 597 596 595
f 738 750 751
f 776 796 795
f 628 626 627
f 732 720 731
f 746 732 731
f 599 600 595
f 619 600 599
f 764 763 762
f 764 790 763
f 604 602 603
f 603 602 601
f 767 768 766
f 767 766 765
f 567 569 568
f 570 569 567
f 729 730 727
f 729 727 728
f 557 572 571
f 572 586 571
f 764 791 790
f 791 768 790
f 619 620 600
f 604 620 619
f 757 747 746
f 746 747 732
f 572 587 586
f 758 747 757
f 603 620 604
f 791 766 768
f 206 229 228
f 205 229 206
f 229 202 228
f 215 214 213
f 220 213 214
f 206 204 205
f 225 223 224
f 224 223 222
f 222 223 236
f 218 236 223
f 217 218 223
f 383 382 381
f 381 387 383
f 397 372 374
f 397 374 396
f 397 396 370
f 205 204 203
f 220 219 213
f 221 219 220
f 183 180 182
f 182 180 181
f 201 202 200
f 228 202 201
f 215 235 232
f 233 215 232
f 234 215 233
f 235 215 213
f 370 369 365
f 370 396 369
f 382 403 381
f 403 382 400
f 382 401 400
f 382 402 401
f 265 260 258
f 258 266 265
f 252 251 249
f 249 251 250
f 269 280 279
f 263 262 261
f 264 262 263
f 261 277 263
f 269 279 268
f 277 256 263
f 269 268 254
f 263 256 257
f 260 259 258
f 448 437 447
f 447 437 436
f 427 433 426
f 437 422 436
f 428 427 426
f 178 174 177
f 177 174 176
f 176 174 175
f 175 174 173
f 434 426 433
f 419 420 418
f 419 418 417
f 258 259 278
f 278 259 272
f 259 273 272
f 273 259 274
f 242 254 253
f 254 268 253
f 436 422 421
f 428 441 442
f 422 407 421
f 441 428 440
f 428 446 440
f 428 426 446
f 425 430 424
f 425 445 430
f 445 429 430
f 431 430 429
f 432 430 431
f 404 385 392
f 373 374 372
f 392 390 404
f 385 386 392
f 393 391 392
f 388 389 387
f 388 387 381
f 373 372 371
f 392 391 390
f 218 217 216
f 386 385 384
f 201 200 199
f 199 200 198
f 367 366 365
f 365 369 367
f 257 256 255
f 425 424 423
f 241 242 240
f 242 253 240
f 421 407 408
f 409 408 407
f 204 208 203
f 203 208 207
f 181 180 179
f 184 180 183
f 376 373 371
f 376 371 375
f 250 245 249
f 250 247 245
f 267 266 258
f 435 426 434
f 417 413 414
f 417 418 413
f 230 218 216
f 385 398 384
f 256 275 255
f 443 425 423
f 199 198 197
f 211 197 198
f 368 379 366
f 367 368 366
f 411 410 409
f 409 410 408
f 239 243 241
f 218 230 231
f 241 240 239
f 398 385 399
f 444 425 443
f 256 276 275
f 226 212 211
f 212 197 211
f 380 394 379
f 368 380 379
f 244 243 239
f 244 270 243
f 411 412 410
f 438 412 411
f 247 248 246
f 247 246 245
f 416 414 415
f 415 414 413
f 209 210 207
f 209 207 208
f 375 377 376
f 378 377 375
f 271 270 244
f 271 248 270
f 416 439 438
f 439 412 438
f 227 212 226
f 237 227 226
f 395 405 394
f 395 394 380
f 395 406 405
f 271 246 248
f 238 227 237
f 415 439 416
f 683 707 684
f 684 707 706
f 706 707 680
f 693 713 698
f 813 814 811
f 824 817 823
f 824 825 817
f 830 831 816
f 823 817 818
f 819 818 817
f 819 817 836
f 830 816 815
f 648 663 662
f 663 673 662
f 663 674 673
f 713 697 698
f 660 658 672
f 672 653 660
f 875 856 857
f 861 875 857
f 869 846 848
f 869 848 868
f 844 869 868
f 822 826 827
f 828 827 826
f 813 811 812
f 847 848 846
f 857 862 861
f 847 846 845
f 699 698 697
f 684 682 683
f 683 682 681
f 858 859 876
f 860 859 858
f 858 864 860
f 858 865 864
f 695 702 694
f 702 701 694
f 696 695 694
f 696 694 714
f 711 693 691
f 648 662 647
f 693 692 691
f 706 680 679
f 693 698 692
f 679 680 675
f 712 693 711
f 633 648 647
f 653 654 660
f 654 653 652
f 666 652 653
f 844 868 843
f 856 874 873
f 856 873 855
f 857 856 855
f 844 843 842
f 650 671 649
f 651 650 649
f 649 655 651
f 646 645 643
f 656 655 649
f 822 834 835
f 834 822 820
f 822 821 820
f 821 822 827
f 816 804 815
f 660 659 658
f 643 645 644
f 553 555 554
f 553 554 552
f 671 650 668
f 679 675 676
f 677 676 675
f 696 714 709
f 547 546 545
f 547 548 546
f 549 548 547
f 876 859 870
f 842 840 841
f 842 843 840
f 633 647 635
f 667 652 666
f 635 634 633
f 804 802 803
f 815 804 803
f 644 639 643
f 660 661 659
f 644 641 639
f 828 829 827
f 807 812 811
f 808 812 807
f 699 700 698
f 681 686 685
f 682 686 681
f 656 657 655
f 850 849 845
f 845 849 847
f 857 863 862
f 703 701 702
f 709 710 708
f 709 708 696
f 650 669 668
f 859 871 870
f 553 552 551
f 837 819 836
f 553 556 555
f 549 550 548
f 689 678 677
f 678 676 677
f 841 840 839
f 839 853 841
f 636 634 635
f 636 637 634
f 805 801 802
f 803 802 801
f 871 859 872
f 650 670 669
f 838 819 837
f 704 690 689
f 690 678 689
f 839 854 853
f 854 866 853
f 638 637 636
f 638 664 637
f 805 806 801
f 832 806 805
f 687 685 686
f 687 688 685
f 852 851 850
f 850 851 849
f 641 640 639
f 641 642 640
f 809 808 807
f 810 808 809
f 715 705 704
f 704 705 690
f 638 665 664
f 665 642 664
f 832 833 806
f 810 833 832
f 716 705 715
f 665 640 642
f 854 867 866
f 809 833 810
f 345 361 347
f 361 340 347
f 355 354 328
f 355 332 354
f 355 330 332
f 479 490 489
f 465 471 467
f 467 466 465
f 466 487 465
f 462 461 459
f 479 489 478
f 465 472 471
f 473 472 465
f 306 307 320
f 322 311 321
f 302 320 307
f 321 311 310
f 311 296 310
f 499 523 500
f 500 523 522
f 523 496 522
f 509 529 514
f 529 513 514
f 459 461 460
f 500 498 499
f 476 475 474
f 476 474 488
f 499 498 497
f 515 514 513
f 331 330 329
f 331 332 330
f 347 346 345
f 479 478 464
f 488 469 476
f 512 510 530
f 512 511 510
f 511 517 510
f 518 510 517
f 519 510 518
f 342 343 362
f 344 343 342
f 349 344 342
f 350 349 342
f 340 360 359
f 340 359 339
f 341 340 339
f 347 340 341
f 328 354 327
f 328 327 323
f 301 302 307
f 302 301 300
f 300 314 302
f 296 281 295
f 310 296 295
f 495 496 494
f 509 514 508
f 509 508 507
f 528 509 527
f 522 496 495
f 293 294 291
f 319 299 297
f 299 298 297
f 304 297 298
f 304 303 297
f 452 464 463
f 527 509 507
f 482 469 483
f 469 482 468
f 464 478 463
f 470 469 468
f 469 470 476
f 308 307 306
f 293 291 292
f 194 192 193
f 195 192 194
f 299 319 316
f 487 466 484
f 325 324 323
f 323 327 325
f 362 343 356
f 188 189 186
f 188 186 187
f 187 186 185
f 512 530 524
f 493 494 492
f 495 494 493
f 295 281 282
f 300 315 314
f 283 282 281
f 452 463 450
f 451 452 450
f 287 292 291
f 309 307 308
f 288 292 287
f 477 475 476
f 460 455 459
f 460 457 455
f 348 346 347
f 334 329 333
f 334 331 329
f 305 303 304
f 516 514 515
f 501 497 498
f 501 502 497
f 350 351 349
f 358 356 357
f 357 356 343
f 317 299 316
f 525 512 524
f 193 192 191
f 466 485 484
f 196 192 195
f 190 189 188
f 326 337 324
f 325 326 324
f 493 492 491
f 505 491 492
f 285 284 283
f 283 284 282
f 451 450 449
f 449 453 451
f 512 525 526
f 318 299 317
f 466 486 485
f 326 338 337
f 338 352 337
f 506 491 505
f 520 506 505
f 285 286 284
f 312 286 285
f 454 453 449
f 454 480 453
f 336 335 333
f 333 335 334
f 503 502 501
f 503 504 502
f 290 288 289
f 289 288 287
f 457 456 455
f 457 458 456
f 353 363 352
f 353 352 338
f 531 521 520
f 521 506 520
f 313 286 312
f 290 313 312
f 481 458 480
f 481 480 454
f 353 364 363
f 289 313 290
f 532 521 531
f 481 456 458
f 154 150 153
f 153 150 152
f 152 150 151
f 151 150 149
f 172 168 171
f 171 168 170
f 170 168 169
f 169 168 167
f 893 891 882
f 897 880 892
f 891 892 880
f 891 880 879
f 882 891 879
f 880 897 890
f 897 896 890
f 895 886 894
f 886 895 884
f 890 896 888
f 896 886 888
f 896 894 886
f 909 907 908
f 908 907 906
f 911 908 910
f 911 909 908
f 907 905 906
f 906 905 904
f 903 900 902
f 902 900 898
f 901 911 910
f 901 910 899
f 900 899 898
f 900 901 899
f 978 968 970
f 978 979 968
f 966 976 977
f 970 968 969
f 969 968 967
f 961 965 963
f 961 966 965
f 976 966 961
f 975 976 961
f 979 980 968
f 963 962 961
f 962 963 964
f 968 971 967
f 975 961 962
f 968 980 972
f 968 972 971
f 974 962 964
f 974 964 973
f 972 973 971
f 981 975 962
f 981 972 980
f 981 962 974
f 972 974 973
f 981 974 972
f 927 936 928
f 937 936 927
f 934 924 935
f 924 919 923
f 927 928 926
f 923 919 920
f 927 926 925
f 924 934 919
f 934 933 919
f 938 937 927
f 921 920 919
f 920 921 922
f 929 927 925
f 919 933 921
f 938 927 930
f 930 927 929
f 921 932 922
f 922 932 931
f 931 930 929
f 933 939 921
f 930 939 938
f 921 939 932
f 932 930 931
f 932 939 930
f 882 879 877
f 879 880 878
f 880 889 878
f 879 878 877
f 880 890 889
f 886 884 885
f 882 877 881
f 885 884 883
f 890 888 889
f 888 886 887
f 889 888 887
f 887 886 885
f 915 905 907
f 917 915 907
f 917 907 909
f 911 917 909
f 914 900 903
f 901 918 911
f 918 917 911
f 915 916 905
f 900 912 901
f 913 912 900
f 914 913 900
f 912 918 901
f 1000 990 999
f 987 996 998
f 983 987 986
f 996 987 983
f 990 989 988
f 990 991 989
f 1000 991 990
f 983 986 982
f 984 983 982
f 985 996 983
f 985 983 984
f 991 993 989
f 1000 993 991
f 997 996 985
f 1000 1001 993
f 989 993 992
f 994 985 984
f 995 985 994
f 997 985 995
f 993 995 992
f 1001 995 993
f 992 995 994
f 997 995 1002
f 995 1001 1002
f 954 945 956
f 947 958 957
f 949 947 948
f 949 958 947
f 945 942 944
f 945 954 942
f 948 947 946
f 944 942 940
f 954 943 942
f 942 941 940
f 942 943 941
f 951 958 949
f 951 949 948
f 954 955 943
f 959 958 951
f 951 948 950
f 943 955 953
f 943 953 952
f 943 952 941
f 953 959 951
f 953 951 950
f 953 950 952
f 953 955 960
f 959 953 960
f 1071 1070 1069
f 1072 1071 1069
f 1086 1085 1081
f 1085 1084 1081
f 1084 1083 1081
f 1083 1082 1081
f 1073 1072 1069
f 1074 1073 1069
f 1059 1058 1057
f 1060 1059 1057
f 1061 1060 1057
f 1062 1061 1057
f 1049 1048 1045
f 1050 1049 1045
f 1041 1040 1039
f 1042 1041 1039
f 1013 1012 1009
f 1014 1013 1009
f 1005 1004 1003
f 1006 1005 1003
f 1007 1006 1003
f 1012 1011 1009
f 1048 1047 1045
f 1043 1042 1039
f 1008 1007 1003
f 1047 1046 1045
f 1044 1043 1039
f 1011 1010 1009
f 1092 1091 1090
f 1091 1089 1090
f 1090 1089 1087
f 1089 1088 1087
f 1094 1093 1092
f 1093 1091 1092
f 1095 1093 1094
f 1096 1095 1094
f 1099 1098 1097
f 1100 1099 1097
f 1101 1099 1100
f 1102 1101 1100
f 1103 1101 1102
f 1104 1103 1102
f 1105 1103 1104
f 1106 1105 1104
f 1112 1111 1110
f 1111 1109 1110
f 1110 1109 1107
f 1109 1108 1107
f 1113 1111 1112
f 1114 1113 1112
f 1115 1113 1114
f 1116 1115 1114
f 1018 1017 1015
f 1017 1016 1015
f 1026 1025 1021
f 1025 1024 1021
f 1037 1036 1033
f 1030 1029 1027
f 1029 1028 1027
f 1038 1037 1033
f 1024 1023 1021
f 1019 1018 1015
f 1036 1035 1033
f 1031 1030 1027
f 1035 1034 1033
f 1032 1031 1027
f 1020 1019 1015
f 1023 1022 1021
f 1056 1055 1051
f 1055 1054 1051
f 1054 1053 1051
f 1053 1052 1051
f 1068 1067 1063
f 1067 1066 1063
f 1066 1065 1063
f 1065 1064 1063
f 1077 1076 1075
f 1078 1077 1075
f 1080 1079 1075
f 1079 1078 1075
f 1247 1242 1227
f 1228 1247 1227
f 1228 1233 1247
f 1247 1248 1242
f 1233 1248 1247
f 1243 1242 1239
f 1248 1239 1242
f 1243 1230 1242
f 1230 1227 1242
f 1233 1237 1248
f 1248 1237 1239
f 1230 1229 1227
f 1229 1228 1227
f 1240 1243 1239
f 1236 1240 1239
f 1236 1239 1237
f 1160 1151 1154
f 1155 1154 1151
f 1155 1142 1154
f 1159 1160 1154
f 1159 1154 1139
f 1142 1139 1154
f 1234 1233 1228
f 1229 1234 1228
f 1160 1149 1151
f 1152 1155 1151
f 1148 1152 1151
f 1148 1151 1149
f 1156 1155 1152
f 1144 1142 1155
f 1156 1144 1155
f 1232 1230 1243
f 1232 1231 1230
f 1231 1229 1230
f 1142 1141 1139
f 1140 1159 1139
f 1141 1140 1139
f 1233 1236 1237
f 1236 1233 1234
f 1140 1145 1159
f 1145 1160 1159
f 1244 1232 1243
f 1244 1243 1240
f 1153 1156 1152
f 1148 1153 1152
f 1144 1143 1142
f 1143 1141 1142
f 1145 1149 1160
f 1265 1264 1261
f 1270 1261 1264
f 1270 1259 1261
f 1262 1265 1261
f 1258 1262 1261
f 1258 1261 1259
f 1241 1244 1240
f 1236 1241 1240
f 1156 1157 1144
f 1157 1143 1144
f 1156 1153 1157
f 1245 1231 1232
f 1244 1245 1232
f 1145 1148 1149
f 1231 1235 1229
f 1235 1234 1229
f 1141 1146 1140
f 1146 1145 1140
f 1255 1259 1270
f 1255 1258 1259
f 1150 1153 1148
f 1153 1158 1157
f 1153 1150 1158
f 1255 1270 1269
f 1269 1270 1264
f 1157 1158 1143
f 1244 1241 1245
f 1238 1241 1236
f 1148 1145 1146
f 1256 1257 1258
f 1258 1255 1256
f 1245 1246 1231
f 1258 1263 1262
f 1260 1263 1258
f 1258 1257 1260
f 1234 1235 1236
f 1236 1235 1238
f 1146 1147 1148
f 1148 1147 1150
f 1269 1264 1249
f 1252 1249 1264
f 1265 1252 1264
f 1263 1266 1262
f 1266 1265 1262
f 1147 1146 1141
f 1143 1147 1141
f 1158 1147 1143
f 1158 1150 1147
f 1250 1255 1269
f 1256 1255 1250
f 1250 1269 1249
f 1241 1246 1245
f 1241 1238 1246
f 1246 1235 1231
f 1254 1252 1265
f 1266 1254 1265
f 1268 1260 1257
f 1246 1238 1235
f 1263 1260 1268
f 1251 1250 1249
f 1251 1256 1250
f 1266 1263 1267
f 1263 1268 1267
f 1257 1256 1251
f 1252 1251 1249
f 1266 1267 1254
f 1267 1268 1253
f 1268 1257 1253
f 1253 1251 1252
f 1253 1257 1251
f 1254 1253 1252
f 1267 1253 1254
f 1211 1215 1226
f 1211 1214 1215
f 1211 1226 1225
f 1212 1211 1206
f 1206 1211 1225
f 1214 1211 1212
f 1225 1226 1220
f 1226 1215 1217
f 1226 1217 1220
f 1225 1220 1205
f 1206 1225 1205
f 1207 1212 1206
f 1207 1206 1205
f 1307 1312 1311
f 1307 1304 1312
f 1311 1312 1297
f 1312 1301 1297
f 1312 1304 1301
f 1130 1133 1129
f 1133 1132 1129
f 1138 1129 1132
f 1138 1127 1129
f 1126 1130 1129
f 1126 1129 1127
f 1214 1217 1215
f 1208 1207 1205
f 1208 1205 1220
f 1221 1220 1217
f 1221 1208 1220
f 1302 1301 1304
f 1297 1301 1295
f 1301 1300 1295
f 1300 1301 1302
f 1302 1307 1306
f 1304 1307 1302
f 1307 1310 1306
f 1310 1307 1311
f 1218 1221 1217
f 1214 1218 1217
f 1310 1311 1298
f 1311 1297 1298
f 1123 1127 1138
f 1137 1138 1132
f 1123 1138 1137
f 1137 1132 1117
f 1120 1117 1132
f 1133 1120 1132
f 1123 1126 1127
f 1213 1212 1207
f 1209 1213 1207
f 1209 1207 1208
f 1298 1297 1296
f 1297 1295 1296
f 1310 1309 1306
f 1310 1298 1309
f 1118 1137 1117
f 1118 1123 1137
f 1212 1213 1214
f 1126 1131 1130
f 1134 1133 1130
f 1131 1134 1130
f 1210 1209 1208
f 1210 1208 1221
f 1134 1122 1133
f 1122 1120 1133
f 1126 1123 1124
f 1124 1123 1118
f 1302 1306 1305
f 1302 1305 1303
f 1128 1131 1126
f 1126 1125 1128
f 1299 1302 1303
f 1124 1125 1126
f 1302 1299 1300
f 1214 1213 1216
f 1216 1219 1214
f 1214 1219 1218
f 1119 1124 1118
f 1119 1118 1117
f 1222 1210 1221
f 1222 1221 1218
f 1120 1119 1117
f 1298 1296 1309
f 1219 1222 1218
f 1300 1299 1294
f 1295 1300 1294
f 1306 1309 1305
f 1222 1223 1210
f 1223 1209 1210
f 1131 1128 1136
f 1136 1128 1125
f 1223 1224 1209
f 1224 1213 1209
f 1296 1295 1293
f 1295 1294 1293
f 1309 1308 1305
f 1309 1296 1308
f 1131 1136 1135
f 1134 1131 1135
f 1121 1119 1120
f 1122 1121 1120
f 1219 1216 1224
f 1224 1216 1213
f 1134 1135 1122
f 1125 1124 1119
f 1296 1293 1308
f 1121 1125 1119
f 1222 1219 1223
f 1135 1121 1122
f 1219 1224 1223
f 1135 1136 1121
f 1136 1125 1121
f 1299 1303 1314
f 1314 1303 1305
f 1299 1314 1313
f 1294 1299 1313
f 1314 1305 1308
f 1313 1308 1293
f 1294 1313 1293
f 1313 1314 1308
f 1204 1193 1195
f 1189 1193 1204
f 1189 1204 1203
f 1203 1204 1198
f 1204 1195 1198
f 1164 1163 1161
f 1165 1163 1164
f 1165 1169 1163
f 1169 1168 1163
f 1163 1168 1162
f 1163 1162 1161
f 1184 1189 1203
f 1184 1203 1183
f 1203 1198 1183
f 1333 1334 1319
f 1329 1326 1334
f 1334 1326 1323
f 1334 1323 1319
f 1329 1334 1333
f 1192 1195 1193
f 1192 1196 1195
f 1196 1199 1195
f 1199 1198 1195
f 1280 1277 1278
f 1278 1277 1272
f 1277 1292 1291
f 1277 1281 1292
f 1277 1280 1281
f 1272 1277 1291
f 1291 1292 1286
f 1292 1281 1283
f 1292 1283 1286
f 1189 1192 1193
f 1319 1323 1317
f 1323 1322 1317
f 1322 1323 1324
f 1324 1323 1326
f 1168 1167 1162
f 1170 1167 1168
f 1168 1169 1170
f 1190 1189 1184
f 1192 1189 1190
f 1162 1167 1181
f 1162 1181 1161
f 1280 1283 1281
f 1167 1182 1181
f 1167 1170 1171
f 1167 1171 1182
f 1199 1186 1198
f 1186 1183 1198
f 1332 1329 1333
f 1332 1333 1320
f 1333 1319 1320
f 1185 1190 1184
f 1185 1184 1183
f 1180 1169 1165
f 1179 1180 1165
f 1179 1165 1166
f 1166 1165 1164
f 1180 1172 1169
f 1170 1169 1172
f 1320 1319 1318
f 1319 1317 1318
f 1326 1329 1324
f 1329 1332 1328
f 1324 1329 1328
f 1284 1287 1283
f 1287 1286 1283
f 1280 1284 1283
f 1291 1286 1271
f 1272 1291 1271
f 1166 1164 1177
f 1177 1164 1176
f 1164 1161 1176
f 1181 1176 1161
f 1178 1166 1177
f 1178 1179 1166
f 1186 1185 1183
f 1332 1320 1331
f 1332 1331 1328
f 1273 1278 1272
f 1273 1272 1271
f 1181 1182 1176
f 1178 1175 1179
f 1175 1180 1179
f 1182 1171 1173
f 1182 1173 1176
f 1175 1172 1180
f 1170 1173 1171
f 1322 1321 1316
f 1317 1322 1316
f 1324 1321 1322
f 1274 1271 1286
f 1287 1274 1286
f 1172 1175 1170
f 1170 1175 1174
f 1170 1174 1173
f 1282 1285 1280
f 1192 1191 1194
f 1194 1197 1192
f 1192 1197 1196
f 1190 1191 1192
f 1280 1285 1284
f 1324 1328 1327
f 1321 1324 1325
f 1324 1327 1325
f 1278 1279 1280
f 1320 1318 1331
f 1197 1200 1196
f 1200 1199 1196
f 1188 1186 1199
f 1200 1188 1199
f 1191 1190 1185
f 1317 1316 1315
f 1318 1317 1315
f 1280 1279 1282
f 1187 1185 1186
f 1187 1191 1185
f 1188 1187 1186
f 1279 1278 1273
f 1175 1178 1174
f 1178 1177 1174
f 1177 1176 1173
f 1328 1331 1327
f 1174 1177 1173
f 1275 1279 1273
f 1275 1273 1274
f 1274 1273 1271
f 1318 1315 1330
f 1331 1318 1330
f 1331 1330 1327
f 1202 1194 1191
f 1197 1194 1202
f 1285 1288 1284
f 1288 1287 1284
f 1200 1201 1188
f 1201 1187 1188
f 1285 1282 1290
f 1290 1282 1279
f 1316 1321 1335
f 1321 1336 1335
f 1321 1325 1336
f 1200 1197 1201
f 1336 1325 1327
f 1202 1191 1187
f 1201 1202 1187
f 1197 1202 1201
f 1276 1275 1274
f 1276 1274 1287
f 1288 1276 1287
f 1316 1335 1315
f 1335 1330 1315
f 1336 1327 1330
f 1290 1279 1275
f 1335 1336 1330
f 1289 1290 1275
f 1289 1275 1276
f 1285 1290 1289
f 1288 1285 1289
f 1288 1289 1276
f 1380 1379 1377
f 1379 1378 1377
f 1383 1382 1381
f 1384 1383 1381
f 1347 1346 1345
f 1348 1347 1345
f 1351 1350 1349
f 1352 1351 1349
f 1388 1387 1385
f 1391 1390 1389
f 1387 1386 1385
f 1392 1391 1389
f 1375 1374 1373
f 1376 1375 1373
f 1371 1370 1369
f 1372 1371 1369
f 1407 1406 1405
f 1408 1407 1405
f 1403 1402 1401
f 1404 1403 1401
f 1340 1339 1337
f 1343 1342 1341
f 1339 1338 1337
f 1344 1343 1341
f 1364 1363 1361
f 1367 1366 1365
f 1363 1362 1361
f 1368 1367 1365
f 1416 1415 1413
f 1399 1398 1397
f 1396 1395 1393
f 1415 1414 1413
f 1411 1410 1409
f 1412 1411 1409
f 1400 1399 1397
f 1395 1394 1393
f 1359 1358 1357
f 1360 1359 1357
f 1356 1355 1353
f 1355 1354 1353
f 1540 1542 1530
f 1530 1542 1528
f 1542 1537 1528
f 1587 1588 1572
f 1528 1537 1526
f 1537 1536 1526
f 1573 1587 1572
f 1585 1587 1573
f 1575 1585 1573
f 1586 1585 1575
f 1577 1586 1575
f 1591 1586 1577
f 1579 1591 1577
f 1589 1591 1579
f 1581 1589 1579
f 1590 1589 1581
f 1583 1590 1581
f 1526 1536 1524
f 1536 1538 1524
f 1524 1538 1523
f 1538 1539 1523
f 1513 1521 1511
f 1521 1520 1511
f 1511 1520 1509
f 1520 1516 1509
f 1509 1516 1507
f 1516 1515 1507
f 1507 1515 1505
f 1515 1517 1505
f 1505 1517 1503
f 1517 1518 1503
f 1503 1518 1502
f 1518 1519 1502
f 1534 1541 1532
f 1541 1540 1532
f 1532 1540 1530
f 1425 1424 1423
f 1426 1425 1423
f 1426 1423 1431
f 1422 1421 1420
f 1422 1420 1436
f 1437 1422 1436
f 1488 1487 1486
f 1489 1486 1494
f 1495 1489 1494
f 1500 1485 1499
f 1485 1484 1483
f 1484 1482 1483
f 1432 1426 1431
f 1421 1419 1420
f 1485 1483 1499
f 1489 1488 1486
f 1428 1426 1432
f 1428 1427 1426
f 1427 1425 1426
f 1420 1419 1417
f 1420 1417 1435
f 1436 1420 1435
f 1433 1428 1432
f 1490 1488 1489
f 1491 1489 1495
f 1496 1491 1495
f 1483 1482 1480
f 1482 1481 1480
f 1499 1483 1498
f 1419 1418 1417
f 1600 1598 1599
f 1601 1600 1599
f 1602 1600 1601
f 1603 1602 1601
f 1604 1602 1603
f 1605 1604 1603
f 1551 1549 1550
f 1552 1551 1550
f 1553 1551 1552
f 1554 1553 1552
f 1555 1553 1554
f 1556 1555 1554
f 1491 1490 1489
f 1483 1480 1498
f 1550 1549 1548
f 1549 1547 1548
f 1594 1593 1592
f 1595 1594 1592
f 1598 1596 1597
f 1546 1545 1543
f 1599 1598 1597
f 1545 1544 1543
f 1430 1429 1428
f 1429 1427 1428
f 1417 1418 1430
f 1430 1428 1433
f 1417 1430 1434
f 1435 1417 1434
f 1596 1594 1595
f 1597 1596 1595
f 1547 1545 1546
f 1548 1547 1546
f 1492 1490 1491
f 1434 1430 1433
f 1497 1493 1496
f 1493 1491 1496
f 1498 1480 1497
f 1480 1481 1493
f 1481 1492 1493
f 1418 1429 1430
f 1493 1492 1491
f 1480 1493 1497
f 1507 1505 1506
f 1508 1507 1506
f 1509 1507 1508
f 1503 1502 1501
f 1504 1503 1501
f 1505 1503 1504
f 1506 1505 1504
f 1513 1511 1512
f 1514 1513 1512
f 1510 1509 1508
f 1511 1509 1510
f 1512 1511 1510
f 1573 1572 1571
f 1584 1583 1582
f 1583 1581 1582
f 1524 1523 1522
f 1534 1532 1533
f 1535 1534 1533
f 1575 1573 1574
f 1574 1573 1571
f 1525 1524 1522
f 1526 1524 1525
f 1527 1526 1525
f 1528 1526 1527
f 1576 1575 1574
f 1577 1575 1576
f 1582 1581 1580
f 1581 1579 1580
f 1532 1530 1531
f 1533 1532 1531
f 1580 1579 1578
f 1579 1577 1578
f 1578 1577 1576
f 1531 1530 1529
f 1530 1528 1529
f 1529 1528 1527
f 1479 1464 1478
f 1464 1462 1478
f 1464 1463 1462
f 1468 1467 1465
f 1468 1465 1473
f 1467 1466 1465
f 1474 1468 1473
f 1447 1444 1452
f 1453 1447 1452
f 1442 1440 1441
f 1443 1442 1441
f 1458 1443 1457
f 1446 1445 1444
f 1463 1461 1462
f 1443 1441 1457
f 1447 1446 1444
f 1469 1467 1468
f 1470 1469 1468
f 1470 1468 1474
f 1462 1461 1459
f 1478 1462 1477
f 1462 1459 1477
f 1448 1446 1447
f 1454 1449 1453
f 1449 1447 1453
f 1475 1470 1474
f 1441 1440 1438
f 1440 1439 1438
f 1457 1441 1456
f 1461 1460 1459
f 1614 1612 1613
f 1570 1569 1568
f 1569 1567 1568
f 1615 1614 1613
f 1616 1614 1615
f 1617 1616 1615
f 1618 1616 1617
f 1619 1618 1617
f 1568 1567 1566
f 1567 1565 1566
f 1565 1563 1564
f 1566 1565 1564
f 1441 1438 1456
f 1449 1448 1447
f 1612 1610 1611
f 1613 1612 1611
f 1609 1608 1606
f 1608 1607 1606
f 1563 1561 1562
f 1564 1563 1562
f 1559 1558 1557
f 1560 1559 1557
f 1472 1470 1475
f 1471 1469 1470
f 1472 1471 1470
f 1477 1459 1476
f 1459 1472 1476
f 1459 1460 1472
f 1476 1472 1475
f 1455 1451 1454
f 1451 1449 1454
f 1450 1448 1449
f 1456 1438 1455
f 1439 1450 1451
f 1438 1439 1451
f 1460 1471 1472
f 1561 1559 1560
f 1562 1561 1560
f 1610 1608 1609
f 1611 1610 1609
f 1438 1451 1455
f 1451 1450 1449
f 1673 1674 1683
f 1674 1673 1672
f 1673 1703 1672
f 1703 1673 1683
f 1674 1684 1683
f 1681 1684 1674
f 1672 1681 1674
f 1708 1703 1683
f 1708 1707 1703
f 1707 1672 1703
f 1684 1681 1686
f 1682 1681 1672
f 1691 1681 1679
f 1691 1690 1681
f 1681 1690 1686
f 1680 1679 1681
f 1707 1682 1672
f 1707 1708 1709
f 1711 1712 1707
f 1707 1712 1706
f 1707 1706 1680
f 1711 1707 1709
f 1708 1683 1685
f 1683 1684 1685
f 1706 1678 1680
f 1678 1679 1680
f 1691 1679 1690
f 1706 1712 1711
f 1684 1686 1685
f 1709 1708 1685
f 1696 1690 1692
f 1692 1690 1676
f 1679 1676 1690
f 1697 1686 1690
f 1696 1697 1690
f 1676 1679 1678
f 1711 1714 1705
f 1711 1717 1714
f 1705 1706 1711
f 1718 1717 1711
f 1709 1718 1711
f 1706 1705 1678
f 1705 1675 1678
f 1675 1676 1678
f 1677 1676 1675
f 1692 1676 1677
f 1705 1704 1675
f 1705 1714 1704
f 1695 1696 1692
f 1693 1695 1692
f 1693 1692 1677
f 1717 1716 1714
f 1714 1713 1704
f 1716 1713 1714
f 1685 1686 1687
f 1686 1688 1687
f 1694 1688 1686
f 1697 1694 1686
f 1709 1685 1687
f 1715 1718 1709
f 1710 1709 1687
f 1710 1715 1709
f 1689 1677 1675
f 1704 1689 1675
f 1700 1696 1695
f 1700 1701 1696
f 1701 1697 1696
f 1722 1721 1717
f 1717 1721 1716
f 1718 1722 1717
f 1698 1700 1695
f 1698 1695 1693
f 1721 1720 1716
f 1716 1720 1713
f 1699 1694 1697
f 1701 1699 1697
f 1719 1722 1718
f 1715 1719 1718
f 1699 1698 1693
f 1699 1693 1694
f 1694 1693 1688
f 1693 1677 1688
f 1720 1719 1713
f 1704 1713 1710
f 1713 1719 1715
f 1713 1715 1710
f 1704 1710 1689
f 1688 1677 1689
f 1687 1688 1689
f 1710 1687 1689
f 1702 1700 1698
f 1702 1701 1700
f 1722 1723 1721
f 1721 1723 1720
f 1702 1698 1699
f 1702 1699 1701
f 1720 1723 1719
f 1719 1723 1722
f 1651 1621 1631
f 1621 1622 1631
f 1622 1621 1620
f 1621 1651 1620
f 1656 1651 1631
f 1655 1620 1651
f 1656 1655 1651
f 1629 1632 1622
f 1620 1629 1622
f 1622 1632 1631
f 1655 1656 1657
f 1655 1654 1628
f 1655 1630 1620
f 1655 1660 1654
f 1659 1660 1655
f 1659 1655 1657
f 1630 1629 1620
f 1632 1629 1634
f 1639 1629 1627
f 1639 1638 1629
f 1629 1638 1634
f 1628 1627 1629
f 1654 1660 1659
f 1654 1626 1628
f 1626 1627 1628
f 1656 1631 1633
f 1631 1632 1633
f 1639 1627 1638
f 1657 1656 1633
f 1653 1654 1659
f 1654 1653 1626
f 1666 1665 1659
f 1659 1665 1662
f 1659 1662 1653
f 1657 1666 1659
f 1632 1634 1633
f 1627 1624 1638
f 1624 1627 1626
f 1653 1623 1626
f 1623 1624 1626
f 1644 1645 1638
f 1644 1638 1640
f 1645 1634 1638
f 1640 1638 1624
f 1653 1662 1652
f 1653 1652 1623
f 1665 1664 1662
f 1664 1661 1662
f 1662 1661 1652
f 1640 1624 1625
f 1625 1624 1623
f 1663 1666 1657
f 1658 1663 1657
f 1657 1633 1635
f 1658 1657 1635
f 1641 1643 1640
f 1643 1644 1640
f 1641 1640 1625
f 1637 1625 1623
f 1652 1637 1623
f 1665 1669 1664
f 1670 1669 1665
f 1666 1670 1665
f 1634 1636 1635
f 1633 1634 1635
f 1645 1642 1634
f 1642 1636 1634
f 1669 1668 1664
f 1664 1668 1661
f 1649 1645 1644
f 1648 1644 1643
f 1648 1649 1644
f 1663 1667 1666
f 1667 1670 1666
f 1652 1661 1658
f 1661 1663 1658
f 1661 1667 1663
f 1668 1667 1661
f 1646 1648 1643
f 1646 1643 1641
f 1658 1635 1637
f 1652 1658 1637
f 1636 1625 1637
f 1635 1636 1637
f 1647 1642 1645
f 1649 1647 1645
f 1647 1641 1642
f 1647 1646 1641
f 1642 1641 1636
f 1641 1625 1636
f 1670 1671 1669
f 1669 1671 1668
f 1668 1671 1667
f 1667 1671 1670
f 1650 1649 1648
f 1650 1648 1646
f 1650 1646 1647
f 1650 1647 1649
f 1736 1741 1735
f 1742 1741 1736
f 1741 1740 1735
f 1750 1749 1748
f 1751 1750 1748
f 1735 1740 1734
f 1740 1739 1734
f 1737 1742 1736
f 1743 1742 1737
f 1738 1743 1737
f 1790 1808 1786
f 1809 1808 1790
f 1792 1809 1790
f 1786 1787 1790
f 1787 1791 1790
f 1792 1790 1791
f 1810 1809 1792
f 1794 1810 1792
f 1794 1792 1793
f 1793 1792 1791
f 1804 1803 1800
f 1803 1802 1800
f 1805 1804 1800
f 1808 1807 1786
f 1786 1807 1789
f 1795 1794 1793
f 1796 1794 1795
f 1796 1811 1794
f 1811 1810 1794
f 1802 1801 1800
f 1807 1806 1789
f 1761 1759 1760
f 1760 1759 1753
f 1753 1759 1758
f 1763 1758 1759
f 1761 1763 1759
f 1788 1787 1786
f 1789 1788 1786
f 1812 1811 1796
f 1798 1812 1796
f 1796 1797 1798
f 1797 1796 1795
f 1763 1782 1758
f 1782 1781 1758
f 1758 1781 1752
f 1752 1753 1758
f 1797 1799 1798
f 1778 1777 1773
f 1777 1776 1773
f 1781 1780 1752
f 1762 1761 1760
f 1756 1753 1754
f 1764 1761 1762
f 1754 1753 1752
f 1766 1763 1761
f 1764 1766 1761
f 1756 1760 1753
f 1783 1782 1763
f 1776 1775 1773
f 1780 1779 1755
f 1752 1780 1755
f 1766 1783 1763
f 1755 1754 1752
f 1784 1783 1766
f 1775 1774 1773
f 1785 1784 1769
f 1770 1785 1769
f 1769 1784 1766
f 1767 1771 1770
f 1769 1767 1770
f 1769 1766 1764
f 1772 1771 1767
f 1765 1764 1762
f 1757 1756 1754
f 1767 1764 1765
f 1767 1769 1764
f 1768 1772 1767
f 1768 1767 1765
f 1728 1736 1726
f 1736 1735 1726
f 1737 1736 1728
f 1735 1734 1725
f 1726 1735 1725
f 1730 1737 1728
f 1738 1737 1730
f 1732 1738 1730
f 1730 1728 1729
f 1729 1728 1727
f 1728 1726 1727
f 1726 1725 1724
f 1727 1726 1724
f 1731 1730 1729
f 1732 1730 1731
f 1733 1732 1731
f 1829 1833 1828
f 1829 1828 1826
f 1833 1832 1828
f 1818 1817 1815
f 1826 1825 1823
f 1828 1825 1826
f 1817 1814 1815
f 1817 1821 1814
f 1823 1822 1821
f 1825 1822 1823
f 1821 1820 1814
f 1822 1820 1821
f 1828 1830 1825
f 1830 1828 1831
f 1828 1832 1831
f 1816 1815 1813
f 1815 1814 1813
f 1830 1827 1825
f 1825 1827 1822
f 1858 1860 1859
f 1857 1858 1859
f 1858 1857 1856
f 1849 1848 1847
f 1850 1849 1847
f 1846 1845 1830
f 1831 1846 1830
f 1830 1845 1827
f 1814 1820 1819
f 1813 1814 1819
f 1827 1824 1822
f 1822 1824 1820
f 1836 1835 1834
f 1845 1844 1827
f 1857 1855 1856
f 1856 1855 1854
f 1847 1848 1851
f 1848 1852 1851
f 1839 1838 1834
f 1841 1840 1816
f 1837 1836 1834
f 1838 1837 1834
f 1813 1841 1816
f 1827 1844 1824
f 1844 1843 1824
f 1824 1819 1820
f 1855 1853 1854
f 1854 1853 1852
f 1853 1851 1852
f 1842 1841 1813
f 1824 1843 1819
f 1843 1842 1819
f 1819 1842 1813
f 1859 1873 1857
f 1873 1872 1857
f 1857 1872 1855
f 1868 1867 1850
f 1847 1868 1850
f 1872 1871 1855
f 1855 1871 1853
f 1851 1869 1847
f 1869 1868 1847
f 1866 1865 1861
f 1865 1864 1861
f 1864 1863 1861
f 1863 1862 1861
f 1871 1870 1853
f 1870 1869 1851
f 1853 1870 1851
f 1747 1746 1744
f 1746 1745 1744
f 2152 2151 2142
f 2152 2155 2151
f 2151 2155 2150
f 2151 2150 2141
f 2142 2151 2141
f 2144 2152 2142
f 2142 2141 2140
f 2143 2142 2140
f 2144 2142 2143
f 2150 2155 2154
f 2141 2150 2148
f 2150 2154 2148
f 2140 2141 2149
f 2141 2148 2149
f 2145 2144 2143
f 2153 2155 2152
f 2154 2155 2153
f 1986 1988 1985
f 1986 1985 1977
f 1985 1988 1984
f 1922 1935 1932
f 1936 1935 1922
f 1922 1921 1920
f 1923 1922 1920
f 1924 1922 1923
f 1985 1984 1975
f 1977 1985 1975
f 1924 1936 1922
f 2153 2152 2144
f 2146 2153 2144
f 2146 2144 2145
f 2154 2153 2146
f 2148 2154 2146
f 1979 1977 1978
f 1978 1977 1976
f 1977 1975 1976
f 1979 1986 1977
f 2147 2146 2145
f 1925 1924 1923
f 1927 1924 1926
f 1937 1936 1924
f 1927 1937 1924
f 1967 1966 1957
f 1967 1972 1966
f 1966 1972 1970
f 1966 1970 1964
f 1957 1966 1964
f 1968 1972 1967
f 1958 1967 1957
f 2149 2148 2147
f 2148 2146 2147
f 1987 1988 1986
f 1987 1986 1979
f 1956 1957 1965
f 1958 1957 1956
f 1957 1964 1965
f 1928 1927 1926
f 1970 1972 1969
f 1969 1972 1968
f 1936 1939 1935
f 1935 1934 1932
f 1935 1939 1934
f 1959 1958 1956
f 1984 1988 1983
f 1984 1983 1974
f 1975 1984 1974
f 1937 1939 1936
f 1964 1970 1962
f 1970 1969 1962
f 1980 1979 1978
f 1981 1979 1980
f 1981 1987 1979
f 1983 1988 1987
f 1969 1968 1961
f 1976 1975 1973
f 1975 1974 1973
f 1965 1971 1956
f 1956 1971 1959
f 1933 1932 1931
f 1962 1969 1961
f 1959 1971 1960
f 1965 1964 1963
f 1932 1930 1931
f 1964 1962 1963
f 2129 2128 2127
f 2128 2126 2127
f 2127 2126 2124
f 1932 1934 1930
f 1983 1987 1981
f 1938 1939 1937
f 1934 1939 1938
f 1930 1927 1929
f 1931 1930 1929
f 2128 2136 2126
f 2136 2135 2126
f 2126 2135 2125
f 2126 2125 2124
f 1982 1981 1980
f 1962 1961 1960
f 2135 2134 2125
f 2136 2139 2135
f 2135 2139 2134
f 1934 1938 1930
f 2113 2112 2111
f 2112 2110 2111
f 2111 2110 2108
f 1930 1938 1927
f 1938 1937 1927
f 2125 2134 2132
f 2124 2125 2133
f 2125 2132 2133
f 1963 1971 1965
f 2110 2109 2108
f 1974 1983 1981
f 2110 2119 2109
f 2112 2120 2110
f 2120 2119 2110
f 2119 2118 2109
f 2119 2123 2118
f 2120 2123 2119
f 2134 2139 2138
f 2134 2138 2132
f 1960 1971 1963
f 2109 2118 2116
f 2108 2109 2117
f 2109 2116 2117
f 2182 2188 2180
f 2180 2188 2179
f 2182 2180 2181
f 2181 2180 2178
f 1963 1962 1960
f 2180 2179 2178
f 2041 2039 2040
f 2039 2048 2038
f 2039 2038 2037
f 2041 2049 2039
f 2040 2039 2037
f 2049 2048 2039
f 2137 2136 2128
f 2130 2128 2129
f 2130 2137 2128
f 2118 2123 2122
f 2118 2122 2116
f 2137 2139 2136
f 2183 2182 2181
f 2131 2130 2129
f 2138 2139 2137
f 2048 2047 2038
f 2048 2052 2047
f 2049 2052 2048
f 2179 2188 2186
f 2179 2186 2187
f 2178 2179 2187
f 2214 2213 2211
f 2215 2213 2214
f 2216 2215 2214
f 2211 2212 2220
f 2213 2212 2211
f 2114 2112 2113
f 2114 2121 2112
f 2121 2120 2112
f 2213 2221 2212
f 2215 2221 2213
f 2121 2123 2120
f 2115 2114 2113
f 2122 2123 2121
f 2037 2038 2046
f 2038 2045 2046
f 2038 2047 2045
f 2042 2041 2040
f 1974 1981 1982
f 2138 2137 2130
f 2132 2138 2130
f 2186 2188 2184
f 2184 2188 2182
f 2184 2182 2183
f 2212 2221 2219
f 2212 2219 2220
f 2133 2132 2131
f 2047 2052 2051
f 2047 2051 2045
f 2132 2130 2131
f 2185 2184 2183
f 1973 1974 1982
f 2122 2121 2114
f 2116 2122 2114
f 1916 1915 1906
f 1908 1916 1906
f 1908 1906 1907
f 1907 1906 1904
f 1906 1905 1904
f 1906 1915 1905
f 2187 2186 2185
f 2186 2184 2185
f 1910 1917 1908
f 1917 1916 1908
f 1910 1908 1909
f 1909 1908 1907
f 2117 2116 2115
f 2116 2114 2115
f 2217 2221 2215
f 2219 2221 2217
f 2217 2215 2216
f 2043 2050 2041
f 2050 2049 2041
f 2043 2041 2042
f 2218 2217 2216
f 2050 2052 2049
f 2044 2043 2042
f 2051 2052 2050
f 2219 2217 2218
f 2220 2219 2218
f 1916 1919 1915
f 1915 1914 1905
f 1915 1919 1914
f 1917 1919 1916
f 1911 1910 1909
f 1946 1944 1945
f 1945 1944 1943
f 1944 1942 1943
f 1946 1953 1944
f 1953 1952 1944
f 1944 1952 1942
f 2046 2045 2044
f 2051 2050 2043
f 2045 2051 2043
f 2045 2043 2044
f 1942 1951 1941
f 1942 1941 1940
f 1943 1942 1940
f 1952 1951 1942
f 1914 1919 1918
f 1918 1919 1917
f 1947 1946 1945
f 1953 1955 1952
f 1952 1955 1951
f 1951 1950 1941
f 1951 1955 1950
f 1918 1917 1910
f 1905 1914 1912
f 1904 1905 1913
f 2058 2057 2056
f 1914 1918 1912
f 1905 1912 1913
f 1912 1910 1911
f 1912 1918 1910
f 2053 2058 2056
f 1913 1912 1911
f 2057 2055 2056
f 2056 2055 2053
f 2059 2057 2058
f 2060 2059 2058
f 2169 2177 2168
f 2171 2177 2169
f 2171 2169 2170
f 2170 2169 2167
f 2169 2168 2167
f 2172 2171 2170
f 2160 2166 2158
f 2158 2166 2157
f 2160 2158 2159
f 2158 2157 2156
f 2159 2158 2156
f 2064 2063 2057
f 2057 2063 2055
f 2059 2064 2057
f 2167 2168 2176
f 2168 2175 2176
f 2168 2177 2175
f 2161 2160 2159
f 1954 1955 1953
f 1950 1955 1954
f 2156 2157 2165
f 2157 2164 2165
f 2157 2166 2164
f 1949 1948 1947
f 1948 1946 1947
f 1954 1953 1946
f 2063 2062 2055
f 2055 2054 2053
f 2055 2062 2054
f 1948 1954 1946
f 2173 2177 2171
f 2175 2177 2173
f 2173 2171 2172
f 1941 1950 1948
f 1950 1954 1948
f 2174 2173 2172
f 1940 1941 1949
f 2066 2065 2059
f 2065 2064 2059
f 2162 2166 2160
f 2162 2160 2161
f 2164 2166 2162
f 2176 2175 2174
f 2175 2173 2174
f 2163 2162 2161
f 1995 1993 1994
f 1994 1993 1992
f 1993 1991 1992
f 1995 2002 1993
f 2002 2001 1993
f 1993 2001 1991
f 2063 2067 2062
f 2064 2067 2063
f 1941 1948 1949
f 2023 2022 2021
f 2033 2032 2023
f 2023 2032 2022
f 2024 2023 2021
f 2025 2033 2023
f 2025 2023 2024
f 2164 2162 2163
f 2165 2164 2163
f 2062 2061 2054
f 2062 2067 2061
f 2026 2025 2024
f 1992 1991 1989
f 1991 1990 1989
f 1991 2000 1990
f 2001 2000 1991
f 2001 2004 2000
f 2002 2004 2001
f 2000 1999 1990
f 2000 2004 1999
f 2065 2067 2064
f 2027 2025 2026
f 2028 2027 2026
f 2054 2061 2066
f 1996 1995 1994
f 2061 2067 2065
f 2034 2033 2025
f 2027 2034 2025
f 2061 2065 2066
f 2032 2031 2022
f 2032 2036 2031
f 2033 2036 2032
f 2021 2022 2030
f 2194 2193 2192
f 2193 2191 2192
f 2192 2191 2189
f 2191 2190 2189
f 2193 2199 2191
f 2191 2199 2190
f 2189 2190 2198
f 2227 2226 2225
f 2226 2224 2225
f 2225 2224 2222
f 1999 2004 2003
f 2003 2004 2002
f 2224 2223 2222
f 2226 2232 2224
f 2224 2232 2223
f 2222 2223 2231
f 2190 2199 2197
f 2190 2197 2198
f 2223 2230 2231
f 2223 2232 2230
f 2022 2029 2030
f 2022 2031 2029
f 1998 1997 1996
f 1997 1995 1996
f 2003 2002 1995
f 2034 2036 2033
f 1997 2003 1995
f 1989 1990 1998
f 1990 1997 1998
f 1990 1999 1997
f 1999 2003 1997
f 2072 2080 2070
f 2081 2084 2080
f 2080 2084 2079
f 2080 2079 2070
f 2229 2228 2227
f 2228 2226 2227
f 2197 2199 2195
f 2195 2199 2193
f 2228 2232 2226
f 2230 2232 2228
f 2195 2193 2194
f 2196 2195 2194
f 2202 2210 2201
f 2202 2201 2200
f 2203 2202 2200
f 2204 2202 2203
f 2204 2210 2202
f 2079 2084 2078
f 2079 2078 2069
f 2070 2079 2069
f 2205 2204 2203
f 2029 2027 2028
f 2030 2029 2028
f 2200 2201 2209
f 2073 2072 2071
f 2072 2070 2071
f 2071 2070 2068
f 2070 2069 2068
f 2101 2100 2087
f 2087 2100 2086
f 2087 2086 2085
f 2089 2101 2087
f 2089 2087 2088
f 2088 2087 2085
f 2230 2228 2229
f 2231 2230 2229
f 2201 2210 2208
f 2201 2208 2209
f 2197 2195 2196
f 2198 2197 2196
f 2031 2036 2035
f 2031 2035 2029
f 2035 2036 2034
f 1896 1901 1894
f 1902 1901 1896
f 1902 1903 1901
f 1901 1903 1900
f 2206 2210 2204
f 1901 1900 1894
f 2208 2210 2206
f 1885 1889 1883
f 1884 1883 1880
f 1885 1883 1884
f 1883 1882 1880
f 1883 1889 1882
f 2082 2084 2081
f 2078 2084 2082
f 2206 2204 2205
f 1886 1885 1875
f 1886 1889 1885
f 1875 1885 1884
f 2207 2206 2205
f 2069 2078 2076
f 2078 2082 2076
f 1894 1900 1892
f 1900 1899 1892
f 1900 1903 1899
f 2068 2083 2071
f 2071 2083 2073
f 2090 2089 2088
f 2103 2102 2092
f 2093 2092 2091
f 2035 2034 2027
f 2029 2035 2027
f 2093 2103 2092
f 2209 2208 2207
f 2208 2206 2207
f 2100 2106 2099
f 2101 2106 2100
f 2100 2099 2086
f 2082 2081 2075
f 2073 2083 2074
f 1897 1902 1896
f 1896 1894 1895
f 1894 1892 1893
f 1895 1894 1893
f 2094 2093 2091
f 2107 2106 2101
f 1882 1889 1887
f 1887 1889 1886
f 2069 2076 2077
f 2068 2069 2077
f 2076 2082 2075
f 1880 1882 1878
f 1882 1887 1878
f 1898 1903 1902
f 1899 1903 1898
f 2077 2083 2068
f 2074 2083 2077
f 2009 2017 2007
f 2011 2009 2010
f 2010 2009 2008
f 2009 2007 2008
f 2011 2018 2009
f 2018 2017 2009
f 1876 1886 1875
f 1876 1875 1874
f 2076 2075 2074
f 2105 2106 2107
f 2099 2106 2105
f 1890 1895 1893
f 1887 1886 1876
f 2086 2099 2098
f 2099 2105 2098
f 2086 2098 2097
f 2085 2086 2097
f 2008 2007 2005
f 2007 2016 2006
f 1898 1902 1897
f 2007 2006 2005
f 2017 2016 2007
f 2017 2020 2016
f 2016 2015 2006
f 2016 2020 2015
f 1892 1899 1891
f 1899 1898 1891
f 2077 2076 2074
f 2012 2011 2010
f 2018 2020 2017
f 2095 2093 2094
f 2104 2103 2093
f 2095 2104 2093
f 2096 2095 2094
f 1878 1887 1876
f 1891 1898 1897
f 1890 1891 1897
f 1892 1891 1890
f 1893 1892 1890
f 2015 2020 2019
f 2019 2020 2018
f 2014 2013 2012
f 2013 2011 2012
f 1881 1880 1879
f 1880 1878 1879
f 2005 2006 2014
f 2006 2015 2013
f 2015 2019 2013
f 2019 2018 2011
f 2013 2019 2011
f 2006 2013 2014
f 1877 1876 1874
f 1874 1888 1877
f 1878 1876 1877
f 1879 1878 1877
f 1879 1888 1881
f 1877 1888 1879
f 2235 2236 2234
f 2235 2239 2236
f 2235 2234 2233
f 2240 2239 2235
f 2241 2240 2235
f 2241 2235 2238
f 2238 2235 2237
f 2237 2235 2233
f 2352 2351 2350
f 2360 2359 2358
f 2361 2360 2358
f 2349 2348 2346
f 2348 2347 2346
f 2344 2343 2342
f 2340 2339 2338
f 2341 2340 2338
f 2345 2344 2342
f 2368 2367 2366
f 2372 2371 2370
f 2373 2372 2370
f 2376 2375 2374
f 2377 2376 2374
f 2389 2388 2386
f 2388 2387 2386
f 2392 2391 2390
f 2393 2392 2390
f 2400 2399 2398
f 2408 2407 2406
f 2409 2408 2406
f 2384 2383 2382
f 2385 2384 2382
f 2353 2352 2350
f 2364 2363 2362
f 2365 2364 2362
f 2369 2368 2366
f 2396 2395 2394
f 2397 2396 2394
f 2401 2400 2398
f 2356 2355 2354
f 2357 2356 2354
f 2337 2336 2334
f 2336 2335 2334
f 2328 2327 2326
f 2321 2320 2318
f 2320 2319 2318
f 2317 2316 2314
f 2316 2315 2314
f 2324 2323 2322
f 2325 2324 2322
f 2329 2328 2326
f 2332 2331 2330
f 2333 2332 2330
f 2296 2295 2294
f 2300 2299 2298
f 2301 2300 2298
f 2304 2303 2302
f 2305 2304 2302
f 2312 2311 2310
f 2313 2312 2310
f 2297 2296 2294
f 2293 2292 2290
f 2292 2291 2290
f 2308 2307 2306
f 2309 2308 2306
f 2272 2271 2270
f 2276 2275 2274
f 2277 2276 2274
f 2280 2279 2278
f 2281 2280 2278
f 2288 2287 2286
f 2289 2288 2286
f 2269 2268 2266
f 2268 2267 2266
f 2273 2272 2270
f 2284 2283 2282
f 2285 2284 2282
f 2248 2247 2246
f 2249 2248 2246
f 2265 2264 2262
f 2264 2263 2262
f 2256 2255 2254
f 2245 2244 2242
f 2244 2243 2242
f 2257 2256 2254
f 2253 2252 2250
f 2252 2251 2250
f 2381 2380 2378
f 2380 2379 2378
f 2404 2403 2402
f 2405 2404 2402
f 2261 2260 2258
f 2260 2259 2258
f 2457 2456 2454
f 2456 2455 2454
f 2449 2448 2446
f 2448 2447 2446
f 2445 2444 2442
f 2444 2443 2442
f 2441 2440 2438
f 2440 2439 2438
f 2433 2432 2430
f 2432 2431 2430
f 2429 2428 2426
f 2428 2427 2426
f 2425 2424 2422
f 2424 2423 2422
f 2417 2416 2414
f 2416 2415 2414
f 2413 2412 2410
f 2412 2411 2410
f 2436 2435 2434
f 2437 2436 2434
f 2421 2420 2418
f 2420 2419 2418
f 2452 2451 2450
f 2453 2452 2450
f 2460 2459 2458
f 2461 2460 2458
f 2464 2463 2462
f 2465 2464 2462
f 2468 2467 2466
f 2469 2468 2466
f 2472 2471 2470
f 2473 2472 2470
f 2476 2475 2474
f 2477 2476 2474
f 2480 2479 2478
f 2481 2480 2478
f 2592 2591 2590
f 2600 2599 2598
f 2601 2600 2598
f 2589 2588 2586
f 2588 2587 2586
f 2584 2583 2582
f 2580 2579 2578
f 2581 2580 2578
f 2585 2584 2582
f 2608 2607 2606
f 2612 2611 2610
f 2613 2612 2610
f 2616 2615 2614
f 2617 2616 2614
f 2629 2628 2626
f 2628 2627 2626
f 2632 2631 2630
f 2633 2632 2630
f 2640 2639 2638
f 2648 2647 2646
f 2649 2648 2646
f 2624 2623 2622
f 2625 2624 2622
f 2593 2592 2590
f 2604 2603 2602
f 2605 2604 2602
f 2609 2608 2606
f 2636 2635 2634
f 2637 2636 2634
f 2641 2640 2638
f 2596 2595 2594
f 2597 2596 2594
f 2577 2576 2574
f 2576 2575 2574
f 2568 2567 2566
f 2561 2560 2558
f 2560 2559 2558
f 2557 2556 2554
f 2556 2555 2554
f 2564 2563 2562
f 2565 2564 2562
f 2569 2568 2566
f 2572 2571 2570
f 2573 2572 2570
f 2536 2535 2534
f 2540 2539 2538
f 2541 2540 2538
f 2544 2543 2542
f 2545 2544 2542
f 2552 2551 2550
f 2553 2552 2550
f 2537 2536 2534
f 2533 2532 2530
f 2532 2531 2530
f 2548 2547 2546
f 2549 2548 2546
f 2512 2511 2510
f 2516 2515 2514
f 2517 2516 2514
f 2520 2519 2518
f 2521 2520 2518
f 2528 2527 2526
f 2529 2528 2526
f 2509 2508 2506
f 2508 2507 2506
f 2513 2512 2510
f 2524 2523 2522
f 2525 2524 2522
f 2488 2487 2486
f 2489 2488 2486
f 2505 2504 2502
f 2504 2503 2502
f 2496 2495 2494
f 2485 2484 2482
f 2484 2483 2482
f 2497 2496 2494
f 2493 2492 2490
f 2492 2491 2490
f 2621 2620 2618
f 2620 2619 2618
f 2644 2643 2642
f 2645 2644 2642
f 2501 2500 2498
f 2500 2499 2498
f 2697 2696 2694
f 2696 2695 2694
f 2689 2688 2686
f 2688 2687 2686
f 2685 2684 2682
f 2684 2683 2682
f 2681 2680 2678
f 2680 2679 2678
f 2673 2672 2670
f 2672 2671 2670
f 2669 2668 2666
f 2668 2667 2666
f 2665 2664 2662
f 2664 2663 2662
f 2657 2656 2654
f 2656 2655 2654
f 2653 2652 2650
f 2652 2651 2650
f 2676 2675 2674
f 2677 2676 2674
f 2661 2660 2658
f 2660 2659 2658
f 2692 2691 2690
f 2693 2692 2690
f 2700 2699 2698
f 2701 2700 2698
f 2704 2703 2702
f 2705 2704 2702
f 2708 2707 2706
f 2709 2708 2706
f 2712 2711 2710
f 2713 2712 2710
f 2716 2715 2714
f 2717 2716 2714
f 2720 2719 2718
f 2721 2720 2718
f 2776 2775 2774
f 2777 2775 2776
f 2772 2771 2770
f 2773 2771 2772
f 2764 2763 2762
f 2760 2759 2758
f 2759 2760 2761
f 2756 2755 2754
f 2748 2747 2746
f 2747 2748 2749
f 2724 2723 2722
f 2725 2723 2724
f 2755 2756 2757
f 2744 2743 2742
f 2745 2743 2744
f 2736 2735 2734
f 2737 2735 2736
f 2732 2731 2730
f 2733 2731 2732
f 2792 2791 2790
f 2793 2791 2792
f 2788 2787 2786
f 2789 2787 2788
f 2780 2779 2778
f 2765 2763 2764
f 2781 2779 2780
f 2728 2727 2726
f 2729 2727 2728
f 2784 2783 2782
f 2785 2783 2784
f 2768 2767 2766
f 2769 2767 2768
f 2752 2751 2750
f 2751 2752 2753
f 2740 2739 2738
f 2741 2739 2740
f 2827 2795 2794
f 2794 2826 2827
f 2859 2827 2826
f 2826 2858 2859
f 2891 2859 2858
f 2858 2890 2891
f 2923 2891 2890
f 2890 2922 2923
f 2955 2923 2922
f 2922 2954 2955
f 2987 2955 2954
f 2954 2986 2987
f 3019 2987 2986
f 2986 3018 3019
f 3051 3019 3018
f 3018 3050 3051
f 3083 3051 3050
f 3050 3082 3083
f 3115 3083 3082
f 3082 3114 3115
f 3147 3115 3114
f 3114 3146 3147
f 3179 3147 3146
f 3146 3178 3179
f 3211 3179 3178
f 3178 3210 3211
f 3243 3211 3210
f 3210 3242 3243
f 3275 3243 3242
f 3242 3274 3275
f 3307 3275 3274
f 3274 3306 3307
f 3339 3307 3306
f 3306 3338 3339
f 3371 3339 3338
f 3338 3370 3371
f 3403 3371 3370
f 3370 3402 3403
f 3435 3403 3402
f 3402 3434 3435
f 3467 3435 3434
f 3434 3466 3467
f 3499 3467 3466
f 3466 3498 3499
f 3531 3499 3498
f 3498 3530 3531
f 3563 3531 3530
f 3530 3562 3563
f 3595 3563 3562
f 3562 3594 3595
f 3627 3595 3594
f 3594 3626 3627
f 3659 3627 3626
f 3626 3658 3659
f 3691 3659 3658
f 3658 3690 3691
f 3723 3691 3690
f 3690 3722 3723
f 3755 3723 3722
f 3722 3754 3755
f 3787 3755 3754
f 3754 3786 3787
f 2828 2796 2795
f 2795 2827 2828
f 2860 2828 2827
f 2827 2859 2860
f 2892 2860 2859
f 2859 2891 2892
f 2924 2892 2891
f 2891 2923 2924
f 2956 2924 2923
f 2923 2955 2956
f 2988 2956 2955
f 2955 2987 2988
f 3020 2988 2987
f 2987 3019 3020
f 3052 3020 3019
f 3019 3051 3052
f 3084 3052 3051
f 3051 3083 3084
f 3116 3084 3083
f 3083 3115 3116
f 3148 3116 3115
f 3115 3147 3148
f 3180 3148 3147
f 3147 3179 3180
f 3212 3180 3179
f 3179 3211 3212
f 3244 3212 3211
f 3211 3243 3244
f 3276 3244 3243
f 3243 3275 3276
f 3308 3276 3275
f 3275 3307 3308
f 3340 3308 3307
f 3307 3339 3340
f 3372 3340 3339
f 3339 3371 3372
f 3404 3372 3371
f 3371 3403 3404
f 3436 3404 3403
f 3403 3435 3436
f 3468 3436 3435
f 3435 3467 3468
f 3500 3468 3467
f 3467 3499 3500
f 3532 3500 3499
f 3499 3531 3532
f 3564 3532 3531
f 3531 3563 3564
f 3596 3564 3563
f 3563 3595 3596
f 3628 3596 3595
f 3595 3627 3628
f 3660 3628 3627
f 3627 3659 3660
f 3692 3660 3659
f 3659 3691 3692
f 3724 3692 3691
f 3691 3723 3724
f 3756 3724 3723
f 3723 3755 3756
f 3788 3756 3755
f 3755 3787 3788
f 2829 2797 2796
f 2796 2828 2829
f 2861 2829 2828
f 2828 2860 2861
f 2893 2861 2860
f 2860 2892 2893
f 2925 2893 2892
f 2892 2924 2925
f 2957 2925 2924
f 2924 2956 2957
f 2989 2957 2956
f 2956 2988 2989
f 3021 2989 2988
f 2988 3020 3021
f 3053 3021 3020
f 3020 3052 3053
f 3085 3053 3052
f 3052 3084 3085
f 3117 3085 3084
f 3084 3116 3117
f 3149 3117 3116
f 3116 3148 3149
f 3181 3149 3148
f 3148 3180 3181
f 3213 3181 3180
f 3180 3212 3213
f 3245 3213 3212
f 3212 3244 3245
f 3277 3245 3244
f 3244 3276 3277
f 3309 3277 3276
f 3276 3308 3309
f 3341 3309 3308
f 3308 3340 3341
f 3373 3341 3340
f 3340 3372 3373
f 3405 3373 3372
f 3372 3404 3405
f 3437 3405 3404
f 3404 3436 3437
f 3469 3437 3436
f 3436 3468 3469
f 3501 3469 3468
f 3468 3500 3501
f 3533 3501 3500
f 3500 3532 3533
f 3565 3533 3532
f 3532 3564 3565
f 3597 3565 3564
f 3564 3596 3597
f 3629 3597 3596
f 3596 3628 3629
f 3661 3629 3628
f 3628 3660 3661
f 3693 3661 3660
f 3660 3692 3693
f 3725 3693 3692
f 3692 3724 3725
f 3757 3725 3724
f 3724 3756 3757
f 3789 3757 3756
f 3756 3788 3789
f 2830 2798 2797
f 2797 2829 2830
f 2862 2830 2829
f 2829 2861 2862
f 2894 2862 2861
f 2861 2893 2894
f 2926 2894 2893
f 2893 2925 2926
f 2958 2926 2925
f 2925 2957 2958
f 2990 2958 2957
f 2957 2989 2990
f 3022 2990 2989
f 2989 3021 3022
f 3054 3022 3021
f 3021 3053 3054
f 3086 3054 3053
f 3053 3085 3086
f 3118 3086 3085
f 3085 3117 3118
f 3150 3118 3117
f 3117 3149 3150
f 3182 3150 3149
f 3149 3181 3182
f 3214 3182 3181
f 3181 3213 3214
f 3246 3214 3213
f 3213 3245 3246
f 3278 3246 3245
f 3245 3277 3278
f 3310 3278 3277
f 3277 3309 3310
f 3342 3310 3309
f 3309 3341 3342
f 3374 3342 3341
f 3341 3373 3374
f 3406 3374 3373
f 3373 3405 3406
f 3438 3406 3405
f 3405 3437 3438
f 3470 3438 3437
f 3437 3469 3470
f 3502 3470 3469
f 3469 3501 3502
f 3534 3502 3501
f 3501 3533 3534
f 3566 3534 3533
f 3533 3565 3566
f 3598 3566 3565
f 3565 3597 3598
f 3630 3598 3597
f 3597 3629 3630
f 3662 3630 3629
f 3629 3661 3662
f 3694 3662 3661
f 3661 3693 3694
f 3726 3694 3693
f 3693 3725 3726
f 3758 3726 3725
f 3725 3757 3758
f 3790 3758 3757
f 3757 3789 3790
f 2831 2799 2798
f 2798 2830 2831
f 2863 2831 2830
f 2830 2862 2863
f 2895 2863 2862
f 2862 2894 2895
f 2927 2895 2894
f 2894 2926 2927
f 2959 2927 2926
f 2926 2958 2959
f 2991 2959 2958
f 2958 2990 2991
f 3023 2991 2990
f 2990 3022 3023
f 3055 3023 3022
f 3022 3054 3055
f 3087 3055 3054
f 3054 3086 3087
f 3119 3087 3086
f 3086 3118 3119
f 3151 3119 3118
f 3118 3150 3151
f 3183 3151 3150
f 3150 3182 3183
f 3215 3183 3182
f 3182 3214 3215
f 3247 3215 3214
f 3214 3246 3247
f 3279 3247 3246
f 3246 3278 3279
f 3311 3279 3278
f 3278 3310 3311
f 3343 3311 3310
f 3310 3342 3343
f 3375 3343 3342
f 3342 3374 3375
f 3407 3375 3374
f 3374 3406 3407
f 3439 3407 3406
f 3406 3438 3439
f 3471 3439 3438
f 3438 3470 3471
f 3503 3471 3470
f 3470 3502 3503
f 3535 3503 3502
f 3502 3534 3535
f 3567 3535 3534
f 3534 3566 3567
f 3599 3567 3566
f 3566 3598 3599
f 3631 3599 3598
f 3598 3630 3631
f 3663 3631 3630
f 3630 3662 3663
f 3695 3663 3662
f 3662 3694 3695
f 3727 3695 3694
f 3694 3726 3727
f 3759 3727 3726
f 3726 3758 3759
f 3791 3759 3758
f 3758 3790 3791
f 2832 2800 2799
f 2799 2831 2832
f 2864 2832 2831
f 2831 2863 2864
f 2896 2864 2863
f 2863 2895 2896
f 2928 2896 2895
f 2895 2927 2928
f 2960 2928 2927
f 2927 2959 2960
f 2992 2960 2959
f 2959 2991 2992
f 3024 2992 2991
f 2991 3023 3024
f 3056 3024 3023
f 3023 3055 3056
f 3088 3056 3055
f 3055 3087 3088
f 3120 3088 3087
f 3087 3119 3120
f 3152 3120 3119
f 3119 3151 3152
f 3184 3152 3151
f 3151 3183 3184
f 3216 3184 3183
f 3183 3215 3216
f 3248 3216 3215
f 3215 3247 3248
f 3280 3248 3247
f 3247 3279 3280
f 3312 3280 3279
f 3279 3311 3312
f 3344 3312 3311
f 3311 3343 3344
f 3376 3344 3343
f 3343 3375 3376
f 3408 3376 3375
f 3375 3407 3408
f 3440 3408 3407
f 3407 3439 3440
f 3472 3440 3439
f 3439 3471 3472
f 3504 3472 3471
f 3471 3503 3504
f 3536 3504 3503
f 3503 3535 3536
f 3568 3536 3535
f 3535 3567 3568
f 3600 3568 3567
f 3567 3599 3600
f 3632 3600 3599
f 3599 3631 3632
f 3664 3632 3631
f 3631 3663 3664
f 3696 3664 3663
f 3663 3695 3696
f 3728 3696 3695
f 3695 3727 3728
f 3760 3728 3727
f 3727 3759 3760
f 3792 3760 3759
f 3759 3791 3792
f 2833 2801 2800
f 2800 2832 2833
f 2865 2833 2832
f 2832 2864 2865
f 2897 2865 2864
f 2864 2896 2897
f 2929 2897 2896
f 2896 2928 2929
f 2961 2929 2928
f 2928 2960 2961
f 2993 2961 2960
f 2960 2992 2993
f 3025 2993 2992
f 2992 3024 3025
f 3057 3025 3024
f 3024 3056 3057
f 3089 3057 3056
f 3056 3088 3089
f 3121 3089 3088
f 3088 3120 3121
f 3153 3121 3120
f 3120 3152 3153
f 3185 3153 3152
f 3152 3184 3185
f 3217 3185 3184
f 3184 3216 3217
f 3249 3217 3216
f 3216 3248 3249
f 3281 3249 3248
f 3248 3280 3281
f 3313 3281 3280
f 3280 3312 3313
f 3345 3313 3312
f 3312 3344 3345
f 3377 3345 3344
f 3344 3376 3377
f 3409 3377 3376
f 3376 3408 3409
f 3441 3409 3408
f 3408 3440 3441
f 3473 3441 3440
f 3440 3472 3473
f 3505 3473 3472
f 3472 3504 3505
f 3537 3505 3504
f 3504 3536 3537
f 3569 3537 3536
f 3536 3568 3569
f 3601 3569 3568
f 3568 3600 3601
f 3633 3601 3600
f 3600 3632 3633
f 3665 3633 3632
f 3632 3664 3665
f 3697 3665 3664
f 3664 3696 3697
f 3729 3697 3696
f 3696 3728 3729
f 3761 3729 3728
f 3728 3760 3761
f 3793 3761 3760
f 3760 3792 3793
f 2834 2802 2801
f 2801 2833 2834
f 2866 2834 2833
f 2833 2865 2866
f 2898 2866 2865
f 2865 2897 2898
f 2930 2898 2897
f 2897 2929 2930
f 2962 2930 2929
f 2929 2961 2962
f 2994 2962 2961
f 2961 2993 2994
f 3026 2994 2993
f 2993 3025 3026
f 3058 3026 3025
f 3025 3057 3058
f 3090 3058 3057
f 3057 3089 3090
f 3122 3090 3089
f 3089 3121 3122
f 3154 3122 3121
f 3121 3153 3154
f 3186 3154 3153
f 3153 3185 3186
f 3218 3186 3185
f 3185 3217 3218
f 3250 3218 3217
f 3217 3249 3250
f 3282 3250 3249
f 3249 3281 3282
f 3314 3282 3281
f 3281 3313 3314
f 3346 3314 3313
f 3313 3345 3346
f 3378 3346 3345
f 3345 3377 3378
f 3410 3378 3377
f 3377 3409 3410
f 3442 3410 3409
f 3409 3441 3442
f 3474 3442 3441
f 3441 3473 3474
f 3506 3474 3473
f 3473 3505 3506
f 3538 3506 3505
f 3505 3537 3538
f 3570 3538 3537
f 3537 3569 3570
f 3602 3570 3569
f 3569 3601 3602
f 3634 3602 3601
f 3601 3633 3634
f 3666 3634 3633
f 3633 3665 3666
f 3698 3666 3665
f 3665 3697 3698
f 3730 3698 3697
f 3697 3729 3730
f 3762 3730 3729
f 3729 3761 3762
f 3794 3762 3761
f 3761 3793 3794
f 2835 2803 2802
f 2802 2834 2835
f 2867 2835 2834
f 2834 2866 2867
f 2899 2867 2866
f 2866 2898 2899
f 2931 2899 2898
f 2898 2930 2931
f 2963 2931 2930
f 2930 2962 2963
f 2995 2963 2962
f 2962 2994 2995
f 3027 2995 2994
f 2994 3026 3027
f 3059 3027 3026
f 3026 3058 3059
f 3091 3059 3058
f 3058 3090 3091
f 3123 3091 3090
f 3090 3122 3123
f 3155 3123 3122
f 3122 3154 3155
f 3187 3155 3154
f 3154 3186 3187
f 3219 3187 3186
f 3186 3218 3219
f 3251 3219 3218
f 3218 3250 3251
f 3283 3251 3250
f 3250 3282 3283
f 3315 3283 3282
f 3282 3314 3315
f 3347 3315 3314
f 3314 3346 3347
f 3379 3347 3346
f 3346 3378 3379
f 3411 3379 3378
f 3378 3410 3411
f 3443 3411 3410
f 3410 3442 3443
f 3475 3443 3442
f 3442 3474 3475
f 3507 3475 3474
f 3474 3506 3507
f 3539 3507 3506
f 3506 3538 3539
f 3571 3539 3538
f 3538 3570 3571
f 3603 3571 3570
f 3570 3602 3603
f 3635 3603 3602
f 3602 3634 3635
f 3667 3635 3634
f 3634 3666 3667
f 3699 3667 3666
f 3666 3698 3699
f 3731 3699 3698
f 3698 3730 3731
f 3763 3731 3730
f 3730 3762 3763
f 3795 3763 3762
f 3762 3794 3795
f 2836 2804 2803
f 2803 2835 2836
f 2868 2836 2835
f 2835 2867 2868
f 2900 2868 2867
f 2867 2899 2900
f 2932 2900 2899
f 2899 2931 2932
f 2964 2932 2931
f 2931 2963 2964
f 2996 2964 2963
f 2963 2995 2996
f 3028 2996 2995
f 2995 3027 3028
f 3060 3028 3027
f 3027 3059 3060
f 3092 3060 3059
f 3059 3091 3092
f 3124 3092 3091
f 3091 3123 3124
f 3156 3124 3123
f 3123 3155 3156
f 3188 3156 3155
f 3155 3187 3188
f 3220 3188 3187
f 3187 3219 3220
f 3252 3220 3219
f 3219 3251 3252
f 3284 3252 3251
f 3251 3283 3284
f 3316 3284 3283
f 3283 3315 3316
f 3348 3316 3315
f 3315 3347 3348
f 3380 3348 3347
f 3347 3379 3380
f 3412 3380 3379
f 3379 3411 3412
f 3444 3412 3411
f 3411 3443 3444
f 3476 3444 3443
f 3443 3475 3476
f 3508 3476 3475
f 3475 3507 3508
f 3540 3508 3507
f 3507 3539 3540
f 3572 3540 3539
f 3539 3571 3572
f 3604 3572 3571
f 3571 3603 3604
f 3636 3604 3603
f 3603 3635 3636
f 3668 3636 3635
f 3635 3667 3668
f 3700 3668 3667
f 3667 3699 3700
f 3732 3700 3699
f 3699 3731 3732
f 3764 3732 3731
f 3731 3763 3764
f 3796 3764 3763
f 3763 3795 3796
f 2837 2805 2804
f 2804 2836 2837
f 2869 2837 2836
f 2836 2868 2869
f 2901 2869 2868
f 2868 2900 2901
f 2933 2901 2900
f 2900 2932 2933
f 2965 2933 2932
f 2932 2964 2965
f 2997 2965 2964
f 2964 2996 2997
f 3029 2997 2996
f 2996 3028 3029
f 3061 3029 3028
f 3028 3060 3061
f 3093 3061 3060
f 3060 3092 3093
f 3125 3093 3092
f 3092 3124 3125
f 3157 3125 3124
f 3124 3156 3157
f 3189 3157 3156
f 3156 3188 3189
f 3221 3189 3188
f 3188 3220 3221
f 3253 3221 3220
f 3220 3252 3253
f 3285 3253 3252
f 3252 3284 3285
f 3317 3285 3284
f 3284 3316 3317
f 3349 3317 3316
f 3316 3348 3349
f 3381 3349 3348
f 3348 3380 3381
f 3413 3381 3380
f 3380 3412 3413
f 3445 3413 3412
f 3412 3444 3445
f 3477 3445 3444
f 3444 3476 3477
f 3509 3477 3476
f 3476 3508 3509
f 3541 3509 3508
f 3508 3540 3541
f 3573 3541 3540
f 3540 3572 3573
f 3605 3573 3572
f 3572 3604 3605
f 3637 3605 3604
f 3604 3636 3637
f 3669 3637 3636
f 3636 3668 3669
f 3701 3669 3668
f 3668 3700 3701
f 3733 3701 3700
f 3700 3732 3733
f 3765 3733 3732
f 3732 3764 3765
f 3797 3765 3764
f 3764 3796 3797
f 2838 2806 2805
f 2805 2837 2838
f 2870 2838 2837
f 2837 2869 2870
f 2902 2870 2869
f 2869 2901 2902
f 2934 2902 2901
f 2901 2933 2934
f 2966 2934 2933
f 2933 2965 2966
f 2998 2966 2965
f 2965 2997 2998
f 3030 2998 2997
f 2997 3029 3030
f 3062 3030 3029
f 3029 3061 3062
f 3094 3062 3061
f 3061 3093 3094
f 3126 3094 3093
f 3093 3125 3126
f 3158 3126 3125
f 3125 3157 3158
f 3190 3158 3157
f 3157 3189 3190
f 3222 3190 3189
f 3189 3221 3222
f 3254 3222 3221
f 3221 3253 3254
f 3286 3254 3253
f 3253 3285 3286
f 3318 3286 3285
f 3285 3317 3318
f 3350 3318 3317
f 3317 3349 3350
f 3382 3350 3349
f 3349 3381 3382
f 3414 3382 3381
f 3381 3413 3414
f 3446 3414 3413
f 3413 3445 3446
f 3478 3446 3445
f 3445 3477 3478
f 3510 3478 3477
f 3477 3509 3510
f 3542 3510 3509
f 3509 3541 3542
f 3574 3542 3541
f 3541 3573 3574
f 3606 3574 3573
f 3573 3605 3606
f 3638 3606 3605
f 3605 3637 3638
f 3670 3638 3637
f 3637 3669 3670
f 3702 3670 3669
f 3669 3701 3702
f 3734 3702 3701
f 3701 3733 3734
f 3766 3734 3733
f 3733 3765 3766
f 3798 3766 3765
f 3765 3797 3798
f 2839 2807 2806
f 2806 2838 2839
f 2871 2839 2838
f 2838 2870 2871
f 2903 2871 2870
f 2870 2902 2903
f 2935 2903 2902
f 2902 2934 2935
f 2967 2935 2934
f 2934 2966 2967
f 2999 2967 2966
f 2966 2998 2999
f 3031 2999 2998
f 2998 3030 3031
f 3063 3031 3030
f 3030 3062 3063
f 3095 3063 3062
f 3062 3094 3095
f 3127 3095 3094
f 3094 3126 3127
f 3159 3127 3126
f 3126 3158 3159
f 3191 3159 3158
f 3158 3190 3191
f 3223 3191 3190
f 3190 3222 3223
f 3255 3223 3222
f 3222 3254 3255
f 3287 3255 3254
f 3254 3286 3287
f 3319 3287 3286
f 3286 3318 3319
f 3351 3319 3318
f 3318 3350 3351
f 3383 3351 3350
f 3350 3382 3383
f 3415 3383 3382
f 3382 3414 3415
f 3447 3415 3414
f 3414 3446 3447
f 3479 3447 3446
f 3446 3478 3479
f 3511 3479 3478
f 3478 3510 3511
f 3543 3511 3510
f 3510 3542 3543
f 3575 3543 3542
f 3542 3574 3575
f 3607 3575 3574
f 3574 3606 3607
f 3639 3607 3606
f 3606 3638 3639
f 3671 3639 3638
f 3638 3670 3671
f 3703 3671 3670
f 3670 3702 3703
f 3735 3703 3702
f 3702 3734 3735
f 3767 3735 3734
f 3734 3766 3767
f 3799 3767 3766
f 3766 3798 3799
f 2840 2808 2807
f 2807 2839 2840
f 2872 2840 2839
f 2839 2871 2872
f 2904 2872 2871
f 2871 2903 2904
f 2936 2904 2903
f 2903 2935 2936
f 2968 2936 2935
f 2935 2967 2968
f 3000 2968 2967
f 2967 2999 3000
f 3032 3000 2999
f 2999 3031 3032
f 3064 3032 3031
f 3031 3063 3064
f 3096 3064 3063
f 3063 3095 3096
f 3128 3096 3095
f 3095 3127 3128
f 3160 3128 3127
f 3127 3159 3160
f 3192 3160 3159
f 3159 3191 3192
f 3224 3192 3191
f 3191 3223 3224
f 3256 3224 3223
f 3223 3255 3256
f 3288 3256 3255
f 3255 3287 3288
f 3320 3288 3287
f 3287 3319 3320
f 3352 3320 3319
f 3319 3351 3352
f 3384 3352 3351
f 3351 3383 3384
f 3416 3384 3383
f 3383 3415 3416
f 3448 3416 3415
f 3415 3447 3448
f 3480 3448 3447
f 3447 3479 3480
f 3512 3480 3479
f 3479 3511 3512
f 3544 3512 3511
f 3511 3543 3544
f 3576 3544 3543
f 3543 3575 3576
f 3608 3576 3575
f 3575 3607 3608
f 3640 3608 3607
f 3607 3639 3640
f 3672 3640 3639
f 3639 3671 3672
f 3704 3672 3671
f 3671 3703 3704
f 3736 3704 3703
f 3703 3735 3736
f 3768 3736 3735
f 3735 3767 3768
f 3800 3768 3767
f 3767 3799 3800
f 2841 2809 2808
f 2808 2840 2841
f 2873 2841 2840
f 2840 2872 2873
f 2905 2873 2872
f 2872 2904 2905
f 2937 2905 2904
f 2904 2936 2937
f 2969 2937 2936
f 2936 2968 2969
f 3001 2969 2968
f 2968 3000 3001
f 3033 3001 3000
f 3000 3032 3033
f 3065 3033 3032
f 3032 3064 3065
f 3097 3065 3064
f 3064 3096 3097
f 3129 3097 3096
f 3096 3128 3129
f 3161 3129 3128
f 3128 3160 3161
f 3193 3161 3160
f 3160 3192 3193
f 3225 3193 3192
f 3192 3224 3225
f 3257 3225 3224
f 3224 3256 3257
f 3289 3257 3256
f 3256 3288 3289
f 3321 3289 3288
f 3288 3320 3321
f 3353 3321 3320
f 3320 3352 3353
f 3385 3353 3352
f 3352 3384 3385
f 3417 3385 3384
f 3384 3416 3417
f 3449 3417 3416
f 3416 3448 3449
f 3481 3449 3448
f 3448 3480 3481
f 3513 3481 3480
f 3480 3512 3513
f 3545 3513 3512
f 3512 3544 3545
f 3577 3545 3544
f 3544 3576 3577
f 3609 3577 3576
f 3576 3608 3609
f 3641 3609 3608
f 3608 3640 3641
f 3673 3641 3640
f 3640 3672 3673
f 3705 3673 3672
f 3672 3704 3705
f 3737 3705 3704
f 3704 3736 3737
f 3769 3737 3736
f 3736 3768 3769
f 3801 3769 3768
f 3768 3800 3801
f 2842 2810 2809
f 2809 2841 2842
f 2874 2842 2841
f 2841 2873 2874
f 2906 2874 2873
f 2873 2905 2906
f 2938 2906 2905
f 2905 2937 2938
f 2970 2938 2937
f 2937 2969 2970
f 3002 2970 2969
f 2969 3001 3002
f 3034 3002 3001
f 3001 3033 3034
f 3066 3034 3033
f 3033 3065 3066
f 3098 3066 3065
f 3065 3097 3098
f 3130 3098 3097
f 3097 3129 3130
f 3162 3130 3129
f 3129 3161 3162
f 3194 3162 3161
f 3161 3193 3194
f 3226 3194 3193
f 3193 3225 3226
f 3258 3226 3225
f 3225 3257 3258
f 3290 3258 3257
f 3257 3289 3290
f 3322 3290 3289
f 3289 3321 3322
f 3354 3322 3321
f 3321 3353 3354
f 3386 3354 3353
f 3353 3385 3386
f 3418 3386 3385
f 3385 3417 3418
f 3450 3418 3417
f 3417 3449 3450
f 3482 3450 3449
f 3449 3481 3482
f 3514 3482 3481
f 3481 3513 3514
f 3546 3514 3513
f 3513 3545 3546
f 3578 3546 3545
f 3545 3577 3578
f 3610 3578 3577
f 3577 3609 3610
f 3642 3610 3609
f 3609 3641 3642
f 3674 3642 3641
f 3641 3673 3674
f 3706 3674 3673
f 3673 3705 3706
f 3738 3706 3705
f 3705 3737 3738
f 3770 3738 3737
f 3737 3769 3770
f 3802 3770 3769
f 3769 3801 3802
f 2843 2811 2810
f 2810 2842 2843
f 2875 2843 2842
f 2842 2874 2875
f 2907 2875 2874
f 2874 2906 2907
f 2939 2907 2906
f 2906 2938 2939
f 2971 2939 2938
f 2938 2970 2971
f 3003 2971 2970
f 2970 3002 3003
f 3035 3003 3002
f 3002 3034 3035
f 3067 3035 3034
f 3034 3066 3067
f 3099 3067 3066
f 3066 3098 3099
f 3131 3099 3098
f 3098 3130 3131
f 3163 3131 3130
f 3130 3162 3163
f 3195 3163 3162
f 3162 3194 3195
f 3227 3195 3194
f 3194 3226 3227
f 3259 3227 3226
f 3226 3258 3259
f 3291 3259 3258
f 3258 3290 3291
f 3323 3291 3290
f 3290 3322 3323
f 3355 3323 3322
f 3322 3354 3355
f 3387 3355 3354
f 3354 3386 3387
f 3419 3387 3386
f 3386 3418 3419
f 3451 3419 3418
f 3418 3450 3451
f 3483 3451 3450
f 3450 3482 3483
f 3515 3483 3482
f 3482 3514 3515
f 3547 3515 3514
f 3514 3546 3547
f 3579 3547 3546
f 3546 3578 3579
f 3611 3579 3578
f 3578 3610 3611
f 3643 3611 3610
f 3610 3642 3643
f 3675 3643 3642
f 3642 3674 3675
f 3707 3675 3674
f 3674 3706 3707
f 3739 3707 3706
f 3706 3738 3739
f 3771 3739 3738
f 3738 3770 3771
f 3803 3771 3770
f 3770 3802 3803
f 2844 2812 2811
f 2811 2843 2844
f 2876 2844 2843
f 2843 2875 2876
f 2908 2876 2875
f 2875 2907 2908
f 2940 2908 2907
f 2907 2939 2940
f 2972 2940 2939
f 2939 2971 2972
f 3004 2972 2971
f 2971 3003 3004
f 3036 3004 3003
f 3003 3035 3036
f 3068 3036 3035
f 3035 3067 3068
f 3100 3068 3067
f 3067 3099 3100
f 3132 3100 3099
f 3099 3131 3132
f 3164 3132 3131
f 3131 3163 3164
f 3196 3164 3163
f 3163 3195 3196
f 3228 3196 3195
f 3195 3227 3228
f 3260 3228 3227
f 3227 3259 3260
f 3292 3260 3259
f 3259 3291 3292
f 3324 3292 3291
f 3291 3323 3324
f 3356 3324 3323
f 3323 3355 3356
f 3388 3356 3355
f 3355 3387 3388
f 3420 3388 3387
f 3387 3419 3420
f 3452 3420 3419
f 3419 3451 3452
f 3484 3452 3451
f 3451 3483 3484
f 3516 3484 3483
f 3483 3515 3516
f 3548 3516 3515
f 3515 3547 3548
f 3580 3548 3547
f 3547 3579 3580
f 3612 3580 3579
f 3579 3611 3612
f 3644 3612 3611
f 3611 3643 3644
f 3676 3644 3643
f 3643 3675 3676
f 3708 3676 3675
f 3675 3707 3708
f 3740 3708 3707
f 3707 3739 3740
f 3772 3740 3739
f 3739 3771 3772
f 3804 3772 3771
f 3771 3803 3804
f 2845 2813 2812
f 2812 2844 2845
f 2877 2845 2844
f 2844 2876 2877
f 2909 2877 2876
f 2876 2908 2909
f 2941 2909 2908
f 2908 2940 2941
f 2973 2941 2940
f 2940 2972 2973
f 3005 2973 2972
f 2972 3004 3005
f 3037 3005 3004
f 3004 3036 3037
f 3069 3037 3036
f 3036 3068 3069
f 3101 3069 3068
f 3068 3100 3101
f 3133 3101 3100
f 3100 3132 3133
f 3165 3133 3132
f 3132 3164 3165
f 3197 3165 3164
f 3164 3196 3197
f 3229 3197 3196
f 3196 3228 3229
f 3261 3229 3228
f 3228 3260 3261
f 3293 3261 3260
f 3260 3292 3293
f 3325 3293 3292
f 3292 3324 3325
f 3357 3325 3324
f 3324 3356 3357
f 3389 3357 3356
f 3356 3388 3389
f 3421 3389 3388
f 3388 3420 3421
f 3453 3421 3420
f 3420 3452 3453
f 3485 3453 3452
f 3452 3484 3485
f 3517 3485 3484
f 3484 3516 3517
f 3549 3517 3516
f 3516 3548 3549
f 3581 3549 3548
f 3548 3580 3581
f 3613 3581 3580
f 3580 3612 3613
f 3645 3613 3612
f 3612 3644 3645
f 3677 3645 3644
f 3644 3676 3677
f 3709 3677 3676
f 3676 3708 3709
f 3741 3709 3708
f 3708 3740 3741
f 3773 3741 3740
f 3740 3772 3773
f 3805 3773 3772
f 3772 3804 3805
f 2846 2814 2813
f 2813 2845 2846
f 2878 2846 2845
f 2845 2877 2878
f 2910 2878 2877
f 2877 2909 2910
f 2942 2910 2909
f 2909 2941 2942
f 2974 2942 2941
f 2941 2973 2974
f 3006 2974 2973
f 2973 3005 3006
f 3038 3006 3005
f 3005 3037 3038
f 3070 3038 3037
f 3037 3069 3070
f 3102 3070 3069
f 3069 3101 3102
f 3134 3102 3101
f 3101 3133 3134
f 3166 3134 3133
f 3133 3165 3166
f 3198 3166 3165
f 3165 3197 3198
f 3230 3198 3197
f 3197 3229 3230
f 3262 3230 3229
f 3229 3261 3262
f 3294 3262 3261
f 3261 3293 3294
f 3326 3294 3293
f 3293 3325 3326
f 3358 3326 3325
f 3325 3357 3358
f 3390 3358 3357
f 3357 3389 3390
f 3422 3390 3389
f 3389 3421 3422
f 3454 3422 3421
f 3421 3453 3454
f 3486 3454 3453
f 3453 3485 3486
f 3518 3486 3485
f 3485 3517 3518
f 3550 3518 3517
f 3517 3549 3550
f 3582 3550 3549
f 3549 3581 3582
f 3614 3582 3581
f 3581 3613 3614
f 3646 3614 3613
f 3613 3645 3646
f 3678 3646 3645
f 3645 3677 3678
f 3710 3678 3677
f 3677 3709 3710
f 3742 3710 3709
f 3709 3741 3742
f 3774 3742 3741
f 3741 3773 3774
f 3806 3774 3773
f 3773 3805 3806
f 2847 2815 2814
f 2814 2846 2847
f 2879 2847 2846
f 2846 2878 2879
f 2911 2879 2878
f 2878 2910 2911
f 2943 2911 2910
f 2910 2942 2943
f 2975 2943 2942
f 2942 2974 2975
f 3007 2975 2974
f 2974 3006 3007
f 3039 3007 3006
f 3006 3038 3039
f 3071 3039 3038
f 3038 3070 3071
f 3103 3071 3070
f 3070 3102 3103
f 3135 3103 3102
f 3102 3134 3135
f 3167 3135 3134
f 3134 3166 3167
f 3199 3167 3166
f 3166 3198 3199
f 3231 3199 3198
f 3198 3230 3231
f 3263 3231 3230
f 3230 3262 3263
f 3295 3263 3262
f 3262 3294 3295
f 3327 3295 3294
f 3294 3326 3327
f 3359 3327 3326
f 3326 3358 3359
f 3391 3359 3358
f 3358 3390 3391
f 3423 3391 3390
f 3390 3422 3423
f 3455 3423 3422
f 3422 3454 3455
f 3487 3455 3454
f 3454 3486 3487
f 3519 3487 3486
f 3486 3518 3519
f 3551 3519 3518
f 3518 3550 3551
f 3583 3551 3550
f 3550 3582 3583
f 3615 3583 3582
f 3582 3614 3615
f 3647 3615 3614
f 3614 3646 3647
f 3679 3647 3646
f 3646 3678 3679
f 3711 3679 3678
f 3678 3710 3711
f 3743 3711 3710
f 3710 3742 3743
f 3775 3743 3742
f 3742 3774 3775
f 3807 3775 3774
f 3774 3806 3807
f 2848 2816 2815
f 2815 2847 2848
f 2880 2848 2847
f 2847 2879 2880
f 2912 2880 2879
f 2879 2911 2912
f 2944 2912 2911
f 2911 2943 2944
f 2976 2944 2943
f 2943 2975 2976
f 3008 2976 2975
f 2975 3007 3008
f 3040 3008 3007
f 3007 3039 3040
f 3072 3040 3039
f 3039 3071 3072
f 3104 3072 3071
f 3071 3103 3104
f 3136 3104 3103
f 3103 3135 3136
f 3168 3136 3135
f 3135 3167 3168
f 3200 3168 3167
f 3167 3199 3200
f 3232 3200 3199
f 3199 3231 3232
f 3264 3232 3231
f 3231 3263 3264
f 3296 3264 3263
f 3263 3295 3296
f 3328 3296 3295
f 3295 3327 3328
f 3360 3328 3327
f 3327 3359 3360
f 3392 3360 3359
f 3359 3391 3392
f 3424 3392 3391
f 3391 3423 3424
f 3456 3424 3423
f 3423 3455 3456
f 3488 3456 3455
f 3455 3487 3488
f 3520 3488 3487
f 3487 3519 3520
f 3552 3520 3519
f 3519 3551 3552
f 3584 3552 3551
f 3551 3583 3584
f 3616 3584 3583
f 3583 3615 3616
f 3648 3616 3615
f 3615 3647 3648
f 3680 3648 3647
f 3647 3679 3680
f 3712 3680 3679
f 3679 3711 3712
f 3744 3712 3711
f 3711 3743 3744
f 3776 3744 3743
f 3743 3775 3776
f 3808 3776 3775
f 3775 3807 3808
f 2849 2817 2816
f 2816 2848 2849
f 2881 2849 2848
f 2848 2880 2881
f 2913 2881 2880
f 2880 2912 2913
f 2945 2913 2912
f 2912 2944 2945
f 2977 2945 2944
f 2944 2976 2977
f 3009 2977 2976
f 2976 3008 3009
f 3041 3009 3008
f 3008 3040 3041
f 3073 3041 3040
f 3040 3072 3073
f 3105 3073 3072
f 3072 3104 3105
f 3137 3105 3104
f 3104 3136 3137
f 3169 3137 3136
f 3136 3168 3169
f 3201 3169 3168
f 3168 3200 3201
f 3233 3201 3200
f 3200 3232 3233
f 3265 3233 3232
f 3232 3264 3265
f 3297 3265 3264
f 3264 3296 3297
f 3329 3297 3296
f 3296 3328 3329
f 3361 3329 3328
f 3328 3360 3361
f 3393 3361 3360
f 3360 3392 3393
f 3425 3393 3392
f 3392 3424 3425
f 3457 3425 3424
f 3424 3456 3457
f 3489 3457 3456
f 3456 3488 3489
f 3521 3489 3488
f 3488 3520 3521
f 3553 3521 3520
f 3520 3552 3553
f 3585 3553 3552
f 3552 3584 3585
f 3617 3585 3584
f 3584 3616 3617
f 3649 3617 3616
f 3616 3648 3649
f 3681 3649 3648
f 3648 3680 3681
f 3713 3681 3680
f 3680 3712 3713
f 3745 3713 3712
f 3712 3744 3745
f 3777 3745 3744
f 3744 3776 3777
f 3809 3777 3776
f 3776 3808 3809
f 2850 2818 2817
f 2817 2849 2850
f 2882 2850 2849
f 2849 2881 2882
f 2914 2882 2881
f 2881 2913 2914
f 2946 2914 2913
f 2913 2945 2946
f 2978 2946 2945
f 2945 2977 2978
f 3010 2978 2977
f 2977 3009 3010
f 3042 3010 3009
f 3009 3041 3042
f 3074 3042 3041
f 3041 3073 3074
f 3106 3074 3073
f 3073 3105 3106
f 3138 3106 3105
f 3105 3137 3138
f 3170 3138 3137
f 3137 3169 3170
f 3202 3170 3169
f 3169 3201 3202
f 3234 3202 3201
f 3201 3233 3234
f 3266 3234 3233
f 3233 3265 3266
f 3298 3266 3265
f 3265 3297 3298
f 3330 3298 3297
f 3297 3329 3330
f 3362 3330 3329
f 3329 3361 3362
f 3394 3362 3361
f 3361 3393 3394
f 3426 3394 3393
f 3393 3425 3426
f 3458 3426 3425
f 3425 3457 3458
f 3490 3458 3457
f 3457 3489 3490
f 3522 3490 3489
f 3489 3521 3522
f 3554 3522 3521
f 3521 3553 3554
f 3586 3554 3553
f 3553 3585 3586
f 3618 3586 3585
f 3585 3617 3618
f 3650 3618 3617
f 3617 3649 3650
f 3682 3650 3649
f 3649 3681 3682
f 3714 3682 3681
f 3681 3713 3714
f 3746 3714 3713
f 3713 3745 3746
f 3778 3746 3745
f 3745 3777 3778
f 3810 3778 3777
f 3777 3809 3810
f 2851 2819 2818
f 2818 2850 2851
f 2883 2851 2850
f 2850 2882 2883
f 2915 2883 2882
f 2882 2914 2915
f 2947 2915 2914
f 2914 2946 2947
f 2979 2947 2946
f 2946 2978 2979
f 3011 2979 2978
f 2978 3010 3011
f 3043 3011 3010
f 3010 3042 3043
f 3075 3043 3042
f 3042 3074 3075
f 3107 3075 3074
f 3074 3106 3107
f 3139 3107 3106
f 3106 3138 3139
f 3171 3139 3138
f 3138 3170 3171
f 3203 3171 3170
f 3170 3202 3203
f 3235 3203 3202
f 3202 3234 3235
f 3267 3235 3234
f 3234 3266 3267
f 3299 3267 3266
f 3266 3298 3299
f 3331 3299 3298
f 3298 3330 3331
f 3363 3331 3330
f 3330 3362 3363
f 3395 3363 3362
f 3362 3394 3395
f 3427 3395 3394
f 3394 3426 3427
f 3459 3427 3426
f 3426 3458 3459
f 3491 3459 3458
f 3458 3490 3491
f 3523 3491 3490
f 3490 3522 3523
f 3555 3523 3522
f 3522 3554 3555
f 3587 3555 3554
f 3554 3586 3587
f 3619 3587 3586
f 3586 3618 3619
f 3651 3619 3618
f 3618 3650 3651
f 3683 3651 3650
f 3650 3682 3683
f 3715 3683 3682
f 3682 3714 3715
f 3747 3715 3714
f 3714 3746 3747
f 3779 3747 3746
f 3746 3778 3779
f 3811 3779 3778
f 3778 3810 3811
f 2852 2820 2819
f 2819 2851 2852
f 2884 2852 2851
f 2851 2883 2884
f 2916 2884 2883
f 2883 2915 2916
f 2948 2916 2915
f 2915 2947 2948
f 2980 2948 2947
f 2947 2979 2980
f 3012 2980 2979
f 2979 3011 3012
f 3044 3012 3011
f 3011 3043 3044
f 3076 3044 3043
f 3043 3075 3076
f 3108 3076 3075
f 3075 3107 3108
f 3140 3108 3107
f 3107 3139 3140
f 3172 3140 3139
f 3139 3171 3172
f 3204 3172 3171
f 3171 3203 3204
f 3236 3204 3203
f 3203 3235 3236
f 3268 3236 3235
f 3235 3267 3268
f 3300 3268 3267
f 3267 3299 3300
f 3332 3300 3299
f 3299 3331 3332
f 3364 3332 3331
f 3331 3363 3364
f 3396 3364 3363
f 3363 3395 3396
f 3428 3396 3395
f 3395 3427 3428
f 3460 3428 3427
f 3427 3459 3460
f 3492 3460 3459
f 3459 3491 3492
f 3524 3492 3491
f 3491 3523 3524
f 3556 3524 3523
f 3523 3555 3556
f 3588 3556 3555
f 3555 3587 3588
f 3620 3588 3587
f 3587 3619 3620
f 3652 3620 3619
f 3619 3651 3652
f 3684 3652 3651
f 3651 3683 3684
f 3716 3684 3683
f 3683 3715 3716
f 3748 3716 3715
f 3715 3747 3748
f 3780 3748 3747
f 3747 3779 3780
f 3812 3780 3779
f 3779 3811 3812
f 2853 2821 2820
f 2820 2852 2853
f 2885 2853 2852
f 2852 2884 2885
f 2917 2885 2884
f 2884 2916 2917
f 2949 2917 2916
f 2916 2948 2949
f 2981 2949 2948
f 2948 2980 2981
f 3013 2981 2980
f 2980 3012 3013
f 3045 3013 3012
f 3012 3044 3045
f 3077 3045 3044
f 3044 3076 3077
f 3109 3077 3076
f 3076 3108 3109
f 3141 3109 3108
f 3108 3140 3141
f 3173 3141 3140
f 3140 3172 3173
f 3205 3173 3172
f 3172 3204 3205
f 3237 3205 3204
f 3204 3236 3237
f 3269 3237 3236
f 3236 3268 3269
f 3301 3269 3268
f 3268 3300 3301
f 3333 3301 3300
f 3300 3332 3333
f 3365 3333 3332
f 3332 3364 3365
f 3397 3365 3364
f 3364 3396 3397
f 3429 3397 3396
f 3396 3428 3429
f 3461 3429 3428
f 3428 3460 3461
f 3493 3461 3460
f 3460 3492 3493
f 3525 3493 3492
f 3492 3524 3525
f 3557 3525 3524
f 3524 3556 3557
f 3589 3557 3556
f 3556 3588 3589
f 3621 3589 3588
f 3588 3620 3621
f 3653 3621 3620
f 3620 3652 3653
f 3685 3653 3652
f 3652 3684 3685
f 3717 3685 3684
f 3684 3716 3717
f 3749 3717 3716
f 3716 3748 3749
f 3781 3749 3748
f 3748 3780 3781
f 3813 3781 3780
f 3780 3812 3813
f 2854 2822 2821
f 2821 2853 2854
f 2886 2854 2853
f 2853 2885 2886
f 2918 2886 2885
f 2885 2917 2918
f 2950 2918 2917
f 2917 2949 2950
f 2982 2950 2949
f 2949 2981 2982
f 3014 2982 2981
f 2981 3013 3014
f 3046 3014 3013
f 3013 3045 3046
f 3078 3046 3045
f 3045 3077 3078
f 3110 3078 3077
f 3077 3109 3110
f 3142 3110 3109
f 3109 3141 3142
f 3174 3142 3141
f 3141 3173 3174
f 3206 3174 3173
f 3173 3205 3206
f 3238 3206 3205
f 3205 3237 3238
f 3270 3238 3237
f 3237 3269 3270
f 3302 3270 3269
f 3269 3301 3302
f 3334 3302 3301
f 3301 3333 3334
f 3366 3334 3333
f 3333 3365 3366
f 3398 3366 3365
f 3365 3397 3398
f 3430 3398 3397
f 3397 3429 3430
f 3462 3430 3429
f 3429 3461 3462
f 3494 3462 3461
f 3461 3493 3494
f 3526 3494 3493
f 3493 3525 3526
f 3558 3526 3525
f 3525 3557 3558
f 3590 3558 3557
f 3557 3589 3590
f 3622 3590 3589
f 3589 3621 3622
f 3654 3622 3621
f 3621 3653 3654
f 3686 3654 3653
f 3653 3685 3686
f 3718 3686 3685
f 3685 3717 3718
f 3750 3718 3717
f 3717 3749 3750
f 3782 3750 3749
f 3749 3781 3782
f 3814 3782 3781
f 3781 3813 3814
f 2855 2823 2822
f 2822 2854 2855
f 2887 2855 2854
f 2854 2886 2887
f 2919 2887 2886
f 2886 2918 2919
f 2951 2919 2918
f 2918 2950 2951
f 2983 2951 2950
f 2950 2982 2983
f 3015 2983 2982
f 2982 3014 3015
f 3047 3015 3014
f 3014 3046 3047
f 3079 3047 3046
f 3046 3078 3079
f 3111 3079 3078
f 3078 3110 3111
f 3143 3111 3110
f 3110 3142 3143
f 3175 3143 3142
f 3142 3174 3175
f 3207 3175 3174
f 3174 3206 3207
f 3239 3207 3206
f 3206 3238 3239
f 3271 3239 3238
f 3238 3270 3271
f 3303 3271 3270
f 3270 3302 3303
f 3335 3303 3302
f 3302 3334 3335
f 3367 3335 3334
f 3334 3366 3367
f 3399 3367 3366
f 3366 3398 3399
f 3431 3399 3398
f 3398 3430 3431
f 3463 3431 3430
f 3430 3462 3463
f 3495 3463 3462
f 3462 3494 3495
f 3527 3495 3494
f 3494 3526 3527
f 3559 3527 3526
f 3526 3558 3559
f 3591 3559 3558
f 3558 3590 3591
f 3623 3591 3590
f 3590 3622 3623
f 3655 3623 3622
f 3622 3654 3655
f 3687 3655 3654
f 3654 3686 3687
f 3719 3687 3686
f 3686 3718 3719
f 3751 3719 3718
f 3718 3750 3751
f 3783 3751 3750
f 3750 3782 3783
f 3815 3783 3782
f 3782 3814 3815
f 2856 2824 2823
f 2823 2855 2856
f 2888 2856 2855
f 2855 2887 2888
f 2920 2888 2887
f 2887 2919 2920
f 2952 2920 2919
f 2919 2951 2952
f 2984 2952 2951
f 2951 2983 2984
f 3016 2984 2983
f 2983 3015 3016
f 3048 3016 3015
f 3015 3047 3048
f 3080 3048 3047
f 3047 3079 3080
f 3112 3080 3079
f 3079 3111 3112
f 3144 3112 3111
f 3111 3143 3144
f 3176 3144 3143
f 3143 3175 3176
f 3208 3176 3175
f 3175 3207 3208
f 3240 3208 3207
f 3207 3239 3240
f 3272 3240 3239
f 3239 3271 3272
f 3304 3272 3271
f 3271 3303 3304
f 3336 3304 3303
f 3303 3335 3336
f 3368 3336 3335
f 3335 3367 3368
f 3400 3368 3367
f 3367 3399 3400
f 3432 3400 3399
f 3399 3431 3432
f 3464 3432 3431
f 3431 3463 3464
f 3496 3464 3463
f 3463 3495 3496
f 3528 3496 3495
f 3495 3527 3528
f 3560 3528 3527
f 3527 3559 3560
f 3592 3560 3559
f 3559 3591 3592
f 3624 3592 3591
f 3591 3623 3624
f 3656 3624 3623
f 3623 3655 3656
f 3688 3656 3655
f 3655 3687 3688
f 3720 3688 3687
f 3687 3719 3720
f 3752 3720 3719
f 3719 3751 3752
f 3784 3752 3751
f 3751 3783 3784
f 3816 3784 3783
f 3783 3815 3816
f 2857 2825 2824
f 2824 2856 2857
f 2889 2857 2856
f 2856 2888 2889
f 2921 2889 2888
f 2888 2920 2921
f 2953 2921 2920
f 2920 2952 2953
f 2985 2953 2952
f 2952 2984 2985
f 3017 2985 2984
f 2984 3016 3017
f 3049 3017 3016
f 3016 3048 3049
f 3081 3049 3048
f 3048 3080 3081
f 3113 3081 3080
f 3080 3112 3113
f 3145 3113 3112
f 3112 3144 3145
f 3177 3145 3144
f 3144 3176 3177
f 3209 3177 3176
f 3176 3208 3209
f 3241 3209 3208
f 3208 3240 3241
f 3273 3241 3240
f 3240 3272 3273
f 3305 3273 3272
f 3272 3304 3305
f 3337 3305 3304
f 3304 3336 3337
f 3369 3337 3336
f 3336 3368 3369
f 3401 3369 3368
f 3368 3400 3401
f 3433 3401 3400
f 3400 3432 3433
f 3465 3433 3432
f 3432 3464 3465
f 3497 3465 3464
f 3464 3496 3497
f 3529 3497 3496
f 3496 3528 3529
f 3561 3529 3528
f 3528 3560 3561
f 3593 3561 3560
f 3560 3592 3593
f 3625 3593 3592
f 3592 3624 3625
f 3657 3625 3624
f 3624 3656 3657
f 3689 3657 3656
f 3656 3688 3689
f 3721 3689 3688
f 3688 3720 3721
f 3753 3721 3720
f 3720 3752 3753
f 3785 3753 3752
f 3752 3784 3785
f 3817 3785 3784
f 3784 3816 3817
