v -1703.65 75.2045 -6144.38
v -1703.65 75.7144 -6144.38
v -1703.65 75.7144 -6141.38
v -1703.65 75.2045 -6141.38
v -1703.65 75.7144 -6144.38
v -1703.55 75.7519 -6144.38
v -1703.55 75.7519 -6141.38
v -1703.65 75.7144 -6141.38
v -1703.55 75.7519 -6144.38
v -1703.45 75.7144 -6144.38
v -1703.45 75.7144 -6141.38
v -1703.55 75.7519 -6141.38
v -1703.45 75.7144 -6144.38
v -1703.45 75.2045 -6144.38
v -1703.45 75.2045 -6141.38
v -1703.45 75.7144 -6141.38
v -1703.7 75.1625 -6144.56
v -1703.65 76.7195 -6144.56
v -1703.65 76.7195 -6144.36
v -1703.7 75.1625 -6144.36
v -1703.7 75.1625 -6144.46
v -1703.44 76.7195 -6144.56
v -1703.4 75.1625 -6144.56
v -1703.4 75.1625 -6144.36
v -1703.44 76.7195 -6144.36
v -1703.7 75.1625 -6144.36
v -1703.65 76.7195 -6144.36
v -1703.44 76.7195 -6144.36
v -1703.4 75.1625 -6144.36
v -1703.4 75.1625 -6144.56
v -1703.44 76.7195 -6144.56
v -1703.65 76.7195 -6144.56
v -1703.7 75.1625 -6144.56
v -1703.65 75.2045 -6147.46
v -1703.65 75.7144 -6147.46
v -1703.65 75.7144 -6144.46
v -1703.65 75.2045 -6144.46
v -1703.65 75.7144 -6147.46
v -1703.55 75.7519 -6147.46
v -1703.55 75.7519 -6144.46
v -1703.65 75.7144 -6144.46
v -1703.55 75.7519 -6147.46
v -1703.45 75.7144 -6147.46
v -1703.45 75.7144 -6144.46
v -1703.55 75.7519 -6144.46
v -1703.45 75.7144 -6147.46
v -1703.45 75.2045 -6147.46
v -1703.45 75.2045 -6144.46
v -1703.45 75.7144 -6144.46
v -1703.7 75.1625 -6147.63
v -1703.65 76.7195 -6147.63
v -1703.65 76.7195 -6147.43
v -1703.7 75.1625 -6147.43
v -1703.7 75.1625 -6147.53
v -1703.44 76.7195 -6147.63
v -1703.4 75.1625 -6147.63
v -1703.4 75.1625 -6147.43
v -1703.44 76.7195 -6147.43
v -1703.7 75.1625 -6147.43
v -1703.65 76.7195 -6147.43
v -1703.44 76.7195 -6147.43
v -1703.4 75.1625 -6147.43
v -1703.4 75.1625 -6147.63
v -1703.44 76.7195 -6147.63
v -1703.65 76.7195 -6147.63
v -1703.7 75.1625 -6147.63
v -1703.66 76.6945 -6144.57
v -1703.68 76.7445 -6144.59
v -1703.68 76.7445 -6144.33
v -1703.66 76.6945 -6144.34
v -1703.68 76.7445 -6144.59
v -1703.41 76.7445 -6144.59
v -1703.41 76.7445 -6144.33
v -1703.68 76.7445 -6144.33
v -1703.41 76.7445 -6144.59
v -1703.43 76.6945 -6144.57
v -1703.43 76.6945 -6144.34
v -1703.41 76.7445 -6144.33
v -1703.43 76.6945 -6144.57
v -1703.66 76.6945 -6144.57
v -1703.66 76.6945 -6144.34
v -1703.43 76.6945 -6144.34
v -1703.66 76.6945 -6144.34
v -1703.68 76.7445 -6144.33
v -1703.41 76.7445 -6144.33
v -1703.43 76.6945 -6144.34
v -1703.43 76.6945 -6144.57
v -1703.41 76.7445 -6144.59
v -1703.68 76.7445 -6144.59
v -1703.66 76.6945 -6144.57
v -1703.55 76.4189 -6144.38
v -1703.57 76.4409 -6144.38
v -1703.57 76.4409 -6141.38
v -1703.55 76.4189 -6141.38
v -1703.57 76.4409 -6144.38
v -1703.55 76.463 -6144.38
v -1703.55 76.463 -6141.38
v -1703.57 76.4409 -6141.38
v -1703.55 76.463 -6144.38
v -1703.52 76.4409 -6144.38
v -1703.52 76.4409 -6141.38
v -1703.55 76.463 -6141.38
v -1703.52 76.4409 -6144.38
v -1703.55 76.4189 -6144.38
v -1703.55 76.4189 -6141.38
v -1703.52 76.4409 -6141.38
v -1703.58 75.6894 -6144.38
v -1703.58 75.7644 -6144.38
v -1703.58 75.7644 -6141.38
v -1703.58 75.6894 -6141.38
v -1703.58 75.7644 -6144.38
v -1703.51 75.7644 -6144.38
v -1703.51 75.7644 -6141.38
v -1703.58 75.7644 -6141.38
v -1703.51 75.7644 -6144.38
v -1703.51 75.6894 -6144.38
v -1703.51 75.6894 -6141.38
v -1703.51 75.7644 -6141.38
v -1703.55 76.5675 -6144.39
v -1703.57 76.5908 -6144.38
v -1703.57 76.6674 -6144.2
v -1703.55 76.6443 -6144.2
v -1703.57 76.7001 -6144.01
v -1703.55 76.6773 -6144.01
v -1703.57 76.6674 -6143.82
v -1703.55 76.6443 -6143.82
v -1703.57 76.5908 -6143.63
v -1703.55 76.5675 -6143.63
v -1703.57 76.6674 -6143.45
v -1703.55 76.6443 -6143.45
v -1703.57 76.7001 -6143.26
v -1703.55 76.6773 -6143.26
v -1703.57 76.6674 -6143.07
v -1703.55 76.6443 -6143.07
v -1703.57 76.5908 -6142.88
v -1703.55 76.5675 -6142.88
v -1703.57 76.6674 -6142.7
v -1703.55 76.6443 -6142.7
v -1703.57 76.7001 -6142.51
v -1703.55 76.6773 -6142.51
v -1703.57 76.6674 -6142.32
v -1703.55 76.6443 -6142.32
v -1703.57 76.5908 -6142.13
v -1703.55 76.5675 -6142.13
v -1703.57 76.6674 -6141.95
v -1703.55 76.6443 -6141.95
v -1703.57 76.7001 -6141.76
v -1703.55 76.6773 -6141.76
v -1703.57 76.6674 -6141.57
v -1703.55 76.6443 -6141.57
v -1703.57 76.5908 -6141.38
v -1703.55 76.5675 -6141.38
v -1703.57 76.5908 -6144.38
v -1703.55 76.614 -6144.38
v -1703.55 76.6904 -6144.19
v -1703.57 76.6674 -6144.2
v -1703.55 76.723 -6144.01
v -1703.57 76.7001 -6144.01
v -1703.55 76.6904 -6143.82
v -1703.57 76.6674 -6143.82
v -1703.55 76.614 -6143.63
v -1703.57 76.5908 -6143.63
v -1703.55 76.6904 -6143.44
v -1703.57 76.6674 -6143.45
v -1703.55 76.723 -6143.26
v -1703.57 76.7001 -6143.26
v -1703.55 76.6904 -6143.07
v -1703.57 76.6674 -6143.07
v -1703.55 76.614 -6142.88
v -1703.57 76.5908 -6142.88
v -1703.55 76.6904 -6142.69
v -1703.57 76.6674 -6142.7
v -1703.55 76.723 -6142.51
v -1703.57 76.7001 -6142.51
v -1703.55 76.6904 -6142.32
v -1703.57 76.6674 -6142.32
v -1703.55 76.614 -6142.13
v -1703.57 76.5908 -6142.13
v -1703.55 76.6904 -6141.94
v -1703.57 76.6674 -6141.95
v -1703.55 76.723 -6141.76
v -1703.57 76.7001 -6141.76
v -1703.55 76.6904 -6141.57
v -1703.57 76.6674 -6141.57
v -1703.55 76.614 -6141.39
v -1703.57 76.5908 -6141.38
v -1703.55 76.614 -6144.38
v -1703.52 76.5908 -6144.38
v -1703.52 76.6674 -6144.2
v -1703.55 76.6904 -6144.19
v -1703.52 76.7001 -6144.01
v -1703.55 76.723 -6144.01
v -1703.52 76.6674 -6143.82
v -1703.55 76.6904 -6143.82
v -1703.52 76.5908 -6143.63
v -1703.55 76.614 -6143.63
v -1703.52 76.6674 -6143.45
v -1703.55 76.6904 -6143.44
v -1703.52 76.7001 -6143.26
v -1703.55 76.723 -6143.26
v -1703.52 76.6674 -6143.07
v -1703.55 76.6904 -6143.07
v -1703.52 76.5908 -6142.88
v -1703.55 76.614 -6142.88
v -1703.52 76.6674 -6142.7
v -1703.55 76.6904 -6142.69
v -1703.52 76.7001 -6142.51
v -1703.55 76.723 -6142.51
v -1703.52 76.6674 -6142.32
v -1703.55 76.6904 -6142.32
v -1703.52 76.5908 -6142.13
v -1703.55 76.614 -6142.13
v -1703.52 76.6674 -6141.95
v -1703.55 76.6904 -6141.94
v -1703.52 76.7001 -6141.76
v -1703.55 76.723 -6141.76
v -1703.52 76.6674 -6141.57
v -1703.55 76.6904 -6141.57
v -1703.52 76.5908 -6141.38
v -1703.55 76.614 -6141.39
v -1703.52 76.5908 -6144.38
v -1703.55 76.5675 -6144.39
v -1703.55 76.6443 -6144.2
v -1703.52 76.6674 -6144.2
v -1703.55 76.6773 -6144.01
v -1703.52 76.7001 -6144.01
v -1703.55 76.6443 -6143.82
v -1703.52 76.6674 -6143.82
v -1703.55 76.5675 -6143.63
v -1703.52 76.5908 -6143.63
v -1703.55 76.6443 -6143.45
v -1703.52 76.6674 -6143.45
v -1703.55 76.6773 -6143.26
v -1703.52 76.7001 -6143.26
v -1703.55 76.6443 -6143.07
v -1703.52 76.6674 -6143.07
v -1703.55 76.5675 -6142.88
v -1703.52 76.5908 -6142.88
v -1703.55 76.6443 -6142.7
v -1703.52 76.6674 -6142.7
v -1703.55 76.6773 -6142.51
v -1703.52 76.7001 -6142.51
v -1703.55 76.6443 -6142.32
v -1703.52 76.6674 -6142.32
v -1703.55 76.5675 -6142.13
v -1703.52 76.5908 -6142.13
v -1703.55 76.6443 -6141.95
v -1703.52 76.6674 -6141.95
v -1703.55 76.6773 -6141.76
v -1703.52 76.7001 -6141.76
v -1703.55 76.6443 -6141.57
v -1703.52 76.6674 -6141.57
v -1703.55 76.5675 -6141.38
v -1703.52 76.5908 -6141.38
v -1703.66 76.6945 -6147.65
v -1703.68 76.7445 -6147.66
v -1703.68 76.7445 -6147.4
v -1703.66 76.6945 -6147.42
v -1703.68 76.7445 -6147.66
v -1703.41 76.7445 -6147.66
v -1703.41 76.7445 -6147.4
v -1703.68 76.7445 -6147.4
v -1703.41 76.7445 -6147.66
v -1703.43 76.6945 -6147.65
v -1703.43 76.6945 -6147.42
v -1703.41 76.7445 -6147.4
v -1703.43 76.6945 -6147.65
v -1703.66 76.6945 -6147.65
v -1703.66 76.6945 -6147.42
v -1703.43 76.6945 -6147.42
v -1703.66 76.6945 -6147.42
v -1703.68 76.7445 -6147.4
v -1703.41 76.7445 -6147.4
v -1703.43 76.6945 -6147.42
v -1703.43 76.6945 -6147.65
v -1703.41 76.7445 -6147.66
v -1703.68 76.7445 -6147.66
v -1703.66 76.6945 -6147.65
v -1703.55 76.4189 -6147.46
v -1703.57 76.4409 -6147.46
v -1703.57 76.4409 -6144.46
v -1703.55 76.4189 -6144.46
v -1703.57 76.4409 -6147.46
v -1703.55 76.463 -6147.46
v -1703.55 76.463 -6144.46
v -1703.57 76.4409 -6144.46
v -1703.55 76.463 -6147.46
v -1703.52 76.4409 -6147.46
v -1703.52 76.4409 -6144.46
v -1703.55 76.463 -6144.46
v -1703.52 76.4409 -6147.46
v -1703.55 76.4189 -6147.46
v -1703.55 76.4189 -6144.46
v -1703.52 76.4409 -6144.46
v -1703.58 75.6894 -6147.46
v -1703.58 75.7644 -6147.46
v -1703.58 75.7644 -6144.46
v -1703.58 75.6894 -6144.46
v -1703.58 75.7644 -6147.46
v -1703.51 75.7644 -6147.46
v -1703.51 75.7644 -6144.46
v -1703.58 75.7644 -6144.46
v -1703.51 75.7644 -6147.46
v -1703.51 75.6894 -6147.46
v -1703.51 75.6894 -6144.46
v -1703.51 75.7644 -6144.46
v -1703.55 76.5675 -6147.46
v -1703.57 76.5908 -6147.46
v -1703.57 76.6674 -6147.27
v -1703.55 76.6443 -6147.27
v -1703.57 76.7001 -6147.08
v -1703.55 76.6773 -6147.08
v -1703.57 76.6674 -6146.9
v -1703.55 76.6443 -6146.89
v -1703.57 76.5908 -6146.71
v -1703.55 76.5675 -6146.71
v -1703.57 76.6674 -6146.52
v -1703.55 76.6443 -6146.52
v -1703.57 76.7001 -6146.33
v -1703.55 76.6773 -6146.33
v -1703.57 76.6674 -6146.15
v -1703.55 76.6443 -6146.14
v -1703.57 76.5908 -6145.96
v -1703.55 76.5675 -6145.96
v -1703.57 76.6674 -6145.77
v -1703.55 76.6443 -6145.77
v -1703.57 76.7001 -6145.58
v -1703.55 76.6773 -6145.58
v -1703.57 76.6674 -6145.4
v -1703.55 76.6443 -6145.39
v -1703.57 76.5908 -6145.21
v -1703.55 76.5675 -6145.21
v -1703.57 76.6674 -6145.02
v -1703.55 76.6443 -6145.02
v -1703.57 76.7001 -6144.83
v -1703.55 76.6773 -6144.83
v -1703.57 76.6674 -6144.65
v -1703.55 76.6443 -6144.64
v -1703.57 76.5908 -6144.46
v -1703.55 76.5675 -6144.45
v -1703.57 76.5908 -6147.46
v -1703.55 76.614 -6147.45
v -1703.55 76.6904 -6147.27
v -1703.57 76.6674 -6147.27
v -1703.55 76.723 -6147.08
v -1703.57 76.7001 -6147.08
v -1703.55 76.6904 -6146.9
v -1703.57 76.6674 -6146.9
v -1703.55 76.614 -6146.71
v -1703.57 76.5908 -6146.71
v -1703.55 76.6904 -6146.52
v -1703.57 76.6674 -6146.52
v -1703.55 76.723 -6146.33
v -1703.57 76.7001 -6146.33
v -1703.55 76.6904 -6146.15
v -1703.57 76.6674 -6146.15
v -1703.55 76.614 -6145.96
v -1703.57 76.5908 -6145.96
v -1703.55 76.6904 -6145.77
v -1703.57 76.6674 -6145.77
v -1703.55 76.723 -6145.58
v -1703.57 76.7001 -6145.58
v -1703.55 76.6904 -6145.4
v -1703.57 76.6674 -6145.4
v -1703.55 76.614 -6145.21
v -1703.57 76.5908 -6145.21
v -1703.55 76.6904 -6145.02
v -1703.57 76.6674 -6145.02
v -1703.55 76.723 -6144.83
v -1703.57 76.7001 -6144.83
v -1703.55 76.6904 -6144.65
v -1703.57 76.6674 -6144.65
v -1703.55 76.614 -6144.46
v -1703.57 76.5908 -6144.46
v -1703.55 76.614 -6147.45
v -1703.52 76.5908 -6147.46
v -1703.52 76.6674 -6147.27
v -1703.55 76.6904 -6147.27
v -1703.52 76.7001 -6147.08
v -1703.55 76.723 -6147.08
v -1703.52 76.6674 -6146.9
v -1703.55 76.6904 -6146.9
v -1703.52 76.5908 -6146.71
v -1703.55 76.614 -6146.71
v -1703.52 76.6674 -6146.52
v -1703.55 76.6904 -6146.52
v -1703.52 76.7001 -6146.33
v -1703.55 76.723 -6146.33
v -1703.52 76.6674 -6146.15
v -1703.55 76.6904 -6146.15
v -1703.52 76.5908 -6145.96
v -1703.55 76.614 -6145.96
v -1703.52 76.6674 -6145.77
v -1703.55 76.6904 -6145.77
v -1703.52 76.7001 -6145.58
v -1703.55 76.723 -6145.58
v -1703.52 76.6674 -6145.4
v -1703.55 76.6904 -6145.4
v -1703.52 76.5908 -6145.21
v -1703.55 76.614 -6145.21
v -1703.52 76.6674 -6145.02
v -1703.55 76.6904 -6145.02
v -1703.52 76.7001 -6144.83
v -1703.55 76.723 -6144.83
v -1703.52 76.6674 -6144.65
v -1703.55 76.6904 -6144.65
v -1703.52 76.5908 -6144.46
v -1703.55 76.614 -6144.46
v -1703.52 76.5908 -6147.46
v -1703.55 76.5675 -6147.46
v -1703.55 76.6443 -6147.27
v -1703.52 76.6674 -6147.27
v -1703.55 76.6773 -6147.08
v -1703.52 76.7001 -6147.08
v -1703.55 76.6443 -6146.89
v -1703.52 76.6674 -6146.9
v -1703.55 76.5675 -6146.71
v -1703.52 76.5908 -6146.71
v -1703.55 76.6443 -6146.52
v -1703.52 76.6674 -6146.52
v -1703.55 76.6773 -6146.33
v -1703.52 76.7001 -6146.33
v -1703.55 76.6443 -6146.14
v -1703.52 76.6674 -6146.15
v -1703.55 76.5675 -6145.96
v -1703.52 76.5908 -6145.96
v -1703.55 76.6443 -6145.77
v -1703.52 76.6674 -6145.77
v -1703.55 76.6773 -6145.58
v -1703.52 76.7001 -6145.58
v -1703.55 76.6443 -6145.39
v -1703.52 76.6674 -6145.4
v -1703.55 76.5675 -6145.21
v -1703.52 76.5908 -6145.21
v -1703.55 76.6443 -6145.02
v -1703.52 76.6674 -6145.02
v -1703.55 76.6773 -6144.83
v -1703.52 76.7001 -6144.83
v -1703.55 76.6443 -6144.64
v -1703.52 76.6674 -6144.65
v -1703.55 76.5675 -6144.45
v -1703.52 76.5908 -6144.46
v -1703.55 75.6598 -6144.38
v -1703.55 76.4297 -6144.38
v -1703.55 76.4297 -6141.38
v -1703.55 75.6598 -6141.38
v -1703.54 75.6598 -6144.38
v -1703.54 75.6598 -6141.38
v -1703.54 76.4297 -6141.38
v -1703.54 76.4297 -6144.38
v -1703.55 76.4587 -6144.38
v -1703.55 76.7395 -6144.38
v -1703.55 76.7395 -6141.38
v -1703.55 76.4587 -6141.38
v -1703.54 76.4587 -6144.38
v -1703.54 76.4587 -6141.38
v -1703.54 76.7395 -6141.38
v -1703.54 76.7395 -6144.38
v -1703.55 75.6598 -6147.46
v -1703.55 76.4297 -6147.46
v -1703.55 76.4297 -6144.46
v -1703.55 75.6598 -6144.46
v -1703.54 75.6598 -6147.46
v -1703.54 75.6598 -6144.46
v -1703.54 76.4297 -6144.46
v -1703.54 76.4297 -6147.46
v -1703.55 76.4587 -6147.46
v -1703.55 76.7395 -6147.46
v -1703.55 76.7395 -6144.46
v -1703.55 76.4587 -6144.46
v -1703.54 76.4587 -6147.46
v -1703.54 76.4587 -6144.46
v -1703.54 76.7395 -6144.46
v -1703.54 76.7395 -6147.46
v -1712.76 75.2414 -6147.5
v -1712.76 75.7512 -6147.5
v -1709.76 75.7512 -6147.5
v -1709.76 75.2414 -6147.5
v -1712.76 75.7512 -6147.5
v -1712.76 75.7887 -6147.6
v -1709.76 75.7887 -6147.6
v -1709.76 75.7512 -6147.5
v -1712.76 75.7887 -6147.6
v -1712.76 75.7512 -6147.7
v -1709.76 75.7512 -6147.7
v -1709.76 75.7887 -6147.6
v -1712.76 75.7512 -6147.7
v -1712.76 75.2414 -6147.7
v -1709.76 75.2414 -6147.7
v -1709.76 75.7512 -6147.7
v -1712.93 75.1993 -6147.45
v -1712.93 76.7563 -6147.5
v -1712.73 76.7563 -6147.5
v -1712.73 75.1993 -6147.45
v -1712.83 75.1993 -6147.45
v -1712.93 76.7563 -6147.7
v -1712.93 75.1993 -6147.75
v -1712.73 75.1993 -6147.75
v -1712.73 76.7563 -6147.7
v -1712.73 75.1993 -6147.45
v -1712.73 76.7563 -6147.5
v -1712.73 76.7563 -6147.7
v -1712.73 75.1993 -6147.75
v -1712.93 75.1993 -6147.75
v -1712.93 76.7563 -6147.7
v -1712.93 76.7563 -6147.5
v -1712.93 75.1993 -6147.45
v -1715.83 75.2414 -6147.5
v -1715.83 75.7512 -6147.5
v -1712.83 75.7512 -6147.5
v -1712.83 75.2414 -6147.5
v -1715.83 75.7512 -6147.5
v -1715.83 75.7887 -6147.6
v -1712.83 75.7887 -6147.6
v -1712.83 75.7512 -6147.5
v -1715.83 75.7887 -6147.6
v -1715.83 75.7512 -6147.7
v -1712.83 75.7512 -6147.7
v -1712.83 75.7887 -6147.6
v -1715.83 75.7512 -6147.7
v -1715.83 75.2414 -6147.7
v -1712.83 75.2414 -6147.7
v -1712.83 75.7512 -6147.7
v -1716.01 75.1993 -6147.45
v -1716.01 76.7563 -6147.5
v -1715.8 76.7563 -6147.5
v -1715.8 75.1993 -6147.45
v -1715.91 75.1993 -6147.45
v -1716.01 76.7563 -6147.7
v -1716.01 75.1993 -6147.75
v -1715.8 75.1993 -6147.75
v -1715.8 76.7563 -6147.7
v -1715.8 75.1993 -6147.45
v -1715.8 76.7563 -6147.5
v -1715.8 76.7563 -6147.7
v -1715.8 75.1993 -6147.75
v -1716.01 75.1993 -6147.75
v -1716.01 76.7563 -6147.7
v -1716.01 76.7563 -6147.5
v -1716.01 75.1993 -6147.45
v -1712.95 76.7313 -6147.49
v -1712.96 76.7813 -6147.47
v -1712.7 76.7813 -6147.47
v -1712.72 76.7313 -6147.49
v -1712.96 76.7813 -6147.47
v -1712.96 76.7813 -6147.73
v -1712.7 76.7813 -6147.73
v -1712.7 76.7813 -6147.47
v -1712.96 76.7813 -6147.73
v -1712.95 76.7313 -6147.72
v -1712.72 76.7313 -6147.72
v -1712.7 76.7813 -6147.73
v -1712.95 76.7313 -6147.72
v -1712.95 76.7313 -6147.49
v -1712.72 76.7313 -6147.49
v -1712.72 76.7313 -6147.72
v -1712.72 76.7313 -6147.49
v -1712.7 76.7813 -6147.47
v -1712.7 76.7813 -6147.73
v -1712.72 76.7313 -6147.72
v -1712.95 76.7313 -6147.72
v -1712.96 76.7813 -6147.73
v -1712.96 76.7813 -6147.47
v -1712.95 76.7313 -6147.49
v -1712.76 76.4557 -6147.6
v -1712.76 76.4778 -6147.58
v -1709.76 76.4778 -6147.58
v -1709.76 76.4557 -6147.6
v -1712.76 76.4778 -6147.58
v -1712.76 76.4998 -6147.6
v -1709.76 76.4998 -6147.6
v -1709.76 76.4778 -6147.58
v -1712.76 76.4998 -6147.6
v -1712.76 76.4778 -6147.62
v -1709.76 76.4778 -6147.62
v -1709.76 76.4998 -6147.6
v -1712.76 76.4778 -6147.62
v -1712.76 76.4557 -6147.6
v -1709.76 76.4557 -6147.6
v -1709.76 76.4778 -6147.62
v -1712.76 75.7262 -6147.56
v -1712.76 75.8012 -6147.56
v -1709.76 75.8012 -6147.56
v -1709.76 75.7262 -6147.56
v -1712.76 75.8012 -6147.56
v -1712.76 75.8012 -6147.64
v -1709.76 75.8012 -6147.64
v -1709.76 75.8012 -6147.56
v -1712.76 75.8012 -6147.64
v -1712.76 75.7262 -6147.64
v -1709.76 75.7262 -6147.64
v -1709.76 75.8012 -6147.64
v -1712.76 76.6044 -6147.6
v -1712.76 76.6276 -6147.58
v -1712.57 76.7042 -6147.58
v -1712.57 76.6812 -6147.6
v -1712.38 76.737 -6147.58
v -1712.38 76.7141 -6147.6
v -1712.19 76.7042 -6147.58
v -1712.19 76.6812 -6147.6
v -1712.01 76.6276 -6147.58
v -1712.01 76.6044 -6147.6
v -1711.82 76.7042 -6147.58
v -1711.82 76.6812 -6147.6
v -1711.63 76.737 -6147.58
v -1711.63 76.7141 -6147.6
v -1711.44 76.7042 -6147.58
v -1711.44 76.6812 -6147.6
v -1711.26 76.6276 -6147.58
v -1711.26 76.6044 -6147.6
v -1711.07 76.7042 -6147.58
v -1711.07 76.6812 -6147.6
v -1710.88 76.737 -6147.58
v -1710.88 76.7141 -6147.6
v -1710.69 76.7042 -6147.58
v -1710.69 76.6812 -6147.6
v -1710.51 76.6276 -6147.58
v -1710.51 76.6044 -6147.6
v -1710.32 76.7042 -6147.58
v -1710.32 76.6812 -6147.6
v -1710.13 76.737 -6147.58
v -1710.13 76.7141 -6147.6
v -1709.94 76.7042 -6147.58
v -1709.94 76.6812 -6147.6
v -1709.76 76.6276 -6147.58
v -1709.75 76.6044 -6147.6
v -1712.76 76.6276 -6147.58
v -1712.75 76.6508 -6147.6
v -1712.57 76.7273 -6147.6
v -1712.57 76.7042 -6147.58
v -1712.38 76.7598 -6147.6
v -1712.38 76.737 -6147.58
v -1712.2 76.7273 -6147.6
v -1712.19 76.7042 -6147.58
v -1712.01 76.6508 -6147.6
v -1712.01 76.6276 -6147.58
v -1711.82 76.7273 -6147.6
v -1711.82 76.7042 -6147.58
v -1711.63 76.7598 -6147.6
v -1711.63 76.737 -6147.58
v -1711.45 76.7273 -6147.6
v -1711.44 76.7042 -6147.58
v -1711.26 76.6508 -6147.6
v -1711.26 76.6276 -6147.58
v -1711.07 76.7273 -6147.6
v -1711.07 76.7042 -6147.58
v -1710.88 76.7598 -6147.6
v -1710.88 76.737 -6147.58
v -1710.7 76.7273 -6147.6
v -1710.69 76.7042 -6147.58
v -1710.51 76.6508 -6147.6
v -1710.51 76.6276 -6147.58
v -1710.32 76.7273 -6147.6
v -1710.32 76.7042 -6147.58
v -1710.13 76.7598 -6147.6
v -1710.13 76.737 -6147.58
v -1709.95 76.7273 -6147.6
v -1709.94 76.7042 -6147.58
v -1709.76 76.6508 -6147.6
v -1709.76 76.6276 -6147.58
v -1712.75 76.6508 -6147.6
v -1712.76 76.6276 -6147.62
v -1712.57 76.7042 -6147.62
v -1712.57 76.7273 -6147.6
v -1712.38 76.737 -6147.62
v -1712.38 76.7598 -6147.6
v -1712.19 76.7042 -6147.62
v -1712.2 76.7273 -6147.6
v -1712.01 76.6276 -6147.62
v -1712.01 76.6508 -6147.6
v -1711.82 76.7042 -6147.62
v -1711.82 76.7273 -6147.6
v -1711.63 76.737 -6147.62
v -1711.63 76.7598 -6147.6
v -1711.44 76.7042 -6147.62
v -1711.45 76.7273 -6147.6
v -1711.26 76.6276 -6147.62
v -1711.26 76.6508 -6147.6
v -1711.07 76.7042 -6147.62
v -1711.07 76.7273 -6147.6
v -1710.88 76.737 -6147.62
v -1710.88 76.7598 -6147.6
v -1710.69 76.7042 -6147.62
v -1710.7 76.7273 -6147.6
v -1710.51 76.6276 -6147.62
v -1710.51 76.6508 -6147.6
v -1710.32 76.7042 -6147.62
v -1710.32 76.7273 -6147.6
v -1710.13 76.737 -6147.62
v -1710.13 76.7598 -6147.6
v -1709.94 76.7042 -6147.62
v -1709.95 76.7273 -6147.6
v -1709.76 76.6276 -6147.62
v -1709.76 76.6508 -6147.6
v -1712.76 76.6276 -6147.62
v -1712.76 76.6044 -6147.6
v -1712.57 76.6812 -6147.6
v -1712.57 76.7042 -6147.62
v -1712.38 76.7141 -6147.6
v -1712.38 76.737 -6147.62
v -1712.19 76.6812 -6147.6
v -1712.19 76.7042 -6147.62
v -1712.01 76.6044 -6147.6
v -1712.01 76.6276 -6147.62
v -1711.82 76.6812 -6147.6
v -1711.82 76.7042 -6147.62
v -1711.63 76.7141 -6147.6
v -1711.63 76.737 -6147.62
v -1711.44 76.6812 -6147.6
v -1711.44 76.7042 -6147.62
v -1711.26 76.6044 -6147.6
v -1711.26 76.6276 -6147.62
v -1711.07 76.6812 -6147.6
v -1711.07 76.7042 -6147.62
v -1710.88 76.7141 -6147.6
v -1710.88 76.737 -6147.62
v -1710.69 76.6812 -6147.6
v -1710.69 76.7042 -6147.62
v -1710.51 76.6044 -6147.6
v -1710.51 76.6276 -6147.62
v -1710.32 76.6812 -6147.6
v -1710.32 76.7042 -6147.62
v -1710.13 76.7141 -6147.6
v -1710.13 76.737 -6147.62
v -1709.94 76.6812 -6147.6
v -1709.94 76.7042 -6147.62
v -1709.75 76.6044 -6147.6
v -1709.76 76.6276 -6147.62
v -1716.02 76.7313 -6147.49
v -1716.04 76.7813 -6147.47
v -1715.78 76.7813 -6147.47
v -1715.79 76.7313 -6147.49
v -1716.04 76.7813 -6147.47
v -1716.04 76.7813 -6147.73
v -1715.78 76.7813 -6147.73
v -1715.78 76.7813 -6147.47
v -1716.04 76.7813 -6147.73
v -1716.02 76.7313 -6147.72
v -1715.79 76.7313 -6147.72
v -1715.78 76.7813 -6147.73
v -1716.02 76.7313 -6147.72
v -1716.02 76.7313 -6147.49
v -1715.79 76.7313 -6147.49
v -1715.79 76.7313 -6147.72
v -1715.79 76.7313 -6147.49
v -1715.78 76.7813 -6147.47
v -1715.78 76.7813 -6147.73
v -1715.79 76.7313 -6147.72
v -1716.02 76.7313 -6147.72
v -1716.04 76.7813 -6147.73
v -1716.04 76.7813 -6147.47
v -1716.02 76.7313 -6147.49
v -1715.83 76.4557 -6147.6
v -1715.83 76.4778 -6147.58
v -1712.83 76.4778 -6147.58
v -1712.83 76.4557 -6147.6
v -1715.83 76.4778 -6147.58
v -1715.83 76.4998 -6147.6
v -1712.83 76.4998 -6147.6
v -1712.83 76.4778 -6147.58
v -1715.83 76.4998 -6147.6
v -1715.83 76.4778 -6147.62
v -1712.83 76.4778 -6147.62
v -1712.83 76.4998 -6147.6
v -1715.83 76.4778 -6147.62
v -1715.83 76.4557 -6147.6
v -1712.83 76.4557 -6147.6
v -1712.83 76.4778 -6147.62
v -1715.83 75.7262 -6147.56
v -1715.83 75.8012 -6147.56
v -1712.83 75.8012 -6147.56
v -1712.83 75.7262 -6147.56
v -1715.83 75.8012 -6147.56
v -1715.83 75.8012 -6147.64
v -1712.83 75.8012 -6147.64
v -1712.83 75.8012 -6147.56
v -1715.83 75.8012 -6147.64
v -1715.83 75.7262 -6147.64
v -1712.83 75.7262 -6147.64
v -1712.83 75.8012 -6147.64
v -1715.84 76.6044 -6147.6
v -1715.83 76.6276 -6147.58
v -1715.64 76.7042 -6147.58
v -1715.65 76.6812 -6147.6
v -1715.46 76.737 -6147.58
v -1715.46 76.7141 -6147.6
v -1715.27 76.7042 -6147.58
v -1715.27 76.6812 -6147.6
v -1715.08 76.6276 -6147.58
v -1715.08 76.6044 -6147.6
v -1714.89 76.7042 -6147.58
v -1714.9 76.6812 -6147.6
v -1714.71 76.737 -6147.58
v -1714.71 76.7141 -6147.6
v -1714.52 76.7042 -6147.58
v -1714.52 76.6812 -6147.6
v -1714.33 76.6276 -6147.58
v -1714.33 76.6044 -6147.6
v -1714.14 76.7042 -6147.58
v -1714.15 76.6812 -6147.6
v -1713.96 76.737 -6147.58
v -1713.96 76.7141 -6147.6
v -1713.77 76.7042 -6147.58
v -1713.77 76.6812 -6147.6
v -1713.58 76.6276 -6147.58
v -1713.58 76.6044 -6147.6
v -1713.39 76.7042 -6147.58
v -1713.4 76.6812 -6147.6
v -1713.21 76.737 -6147.58
v -1713.21 76.7141 -6147.6
v -1713.02 76.7042 -6147.58
v -1713.02 76.6812 -6147.6
v -1712.83 76.6276 -6147.58
v -1712.83 76.6044 -6147.6
v -1715.83 76.6276 -6147.58
v -1715.83 76.6508 -6147.6
v -1715.64 76.7273 -6147.6
v -1715.64 76.7042 -6147.58
v -1715.46 76.7598 -6147.6
v -1715.46 76.737 -6147.58
v -1715.27 76.7273 -6147.6
v -1715.27 76.7042 -6147.58
v -1715.08 76.6508 -6147.6
v -1715.08 76.6276 -6147.58
v -1714.89 76.7273 -6147.6
v -1714.89 76.7042 -6147.58
v -1714.71 76.7598 -6147.6
v -1714.71 76.737 -6147.58
v -1714.52 76.7273 -6147.6
v -1714.52 76.7042 -6147.58
v -1714.33 76.6508 -6147.6
v -1714.33 76.6276 -6147.58
v -1714.14 76.7273 -6147.6
v -1714.14 76.7042 -6147.58
v -1713.96 76.7598 -6147.6
v -1713.96 76.737 -6147.58
v -1713.77 76.7273 -6147.6
v -1713.77 76.7042 -6147.58
v -1713.58 76.6508 -6147.6
v -1713.58 76.6276 -6147.58
v -1713.39 76.7273 -6147.6
v -1713.39 76.7042 -6147.58
v -1713.21 76.7598 -6147.6
v -1713.21 76.737 -6147.58
v -1713.02 76.7273 -6147.6
v -1713.02 76.7042 -6147.58
v -1712.84 76.6508 -6147.6
v -1712.83 76.6276 -6147.58
v -1715.83 76.6508 -6147.6
v -1715.83 76.6276 -6147.62
v -1715.64 76.7042 -6147.62
v -1715.64 76.7273 -6147.6
v -1715.46 76.737 -6147.62
v -1715.46 76.7598 -6147.6
v -1715.27 76.7042 -6147.62
v -1715.27 76.7273 -6147.6
v -1715.08 76.6276 -6147.62
v -1715.08 76.6508 -6147.6
v -1714.89 76.7042 -6147.62
v -1714.89 76.7273 -6147.6
v -1714.71 76.737 -6147.62
v -1714.71 76.7598 -6147.6
v -1714.52 76.7042 -6147.62
v -1714.52 76.7273 -6147.6
v -1714.33 76.6276 -6147.62
v -1714.33 76.6508 -6147.6
v -1714.14 76.7042 -6147.62
v -1714.14 76.7273 -6147.6
v -1713.96 76.737 -6147.62
v -1713.96 76.7598 -6147.6
v -1713.77 76.7042 -6147.62
v -1713.77 76.7273 -6147.6
v -1713.58 76.6276 -6147.62
v -1713.58 76.6508 -6147.6
v -1713.39 76.7042 -6147.62
v -1713.39 76.7273 -6147.6
v -1713.21 76.737 -6147.62
v -1713.21 76.7598 -6147.6
v -1713.02 76.7042 -6147.62
v -1713.02 76.7273 -6147.6
v -1712.83 76.6276 -6147.62
v -1712.84 76.6508 -6147.6
v -1715.83 76.6276 -6147.62
v -1715.84 76.6044 -6147.6
v -1715.65 76.6812 -6147.6
v -1715.64 76.7042 -6147.62
v -1715.46 76.7141 -6147.6
v -1715.46 76.737 -6147.62
v -1715.27 76.6812 -6147.6
v -1715.27 76.7042 -6147.62
v -1715.08 76.6044 -6147.6
v -1715.08 76.6276 -6147.62
v -1714.9 76.6812 -6147.6
v -1714.89 76.7042 -6147.62
v -1714.71 76.7141 -6147.6
v -1714.71 76.737 -6147.62
v -1714.52 76.6812 -6147.6
v -1714.52 76.7042 -6147.62
v -1714.33 76.6044 -6147.6
v -1714.33 76.6276 -6147.62
v -1714.15 76.6812 -6147.6
v -1714.14 76.7042 -6147.62
v -1713.96 76.7141 -6147.6
v -1713.96 76.737 -6147.62
v -1713.77 76.6812 -6147.6
v -1713.77 76.7042 -6147.62
v -1713.58 76.6044 -6147.6
v -1713.58 76.6276 -6147.62
v -1713.4 76.6812 -6147.6
v -1713.39 76.7042 -6147.62
v -1713.21 76.7141 -6147.6
v -1713.21 76.737 -6147.62
v -1713.02 76.6812 -6147.6
v -1713.02 76.7042 -6147.62
v -1712.83 76.6044 -6147.6
v -1712.83 76.6276 -6147.62
v -1712.76 75.6966 -6147.6
v -1712.76 76.4665 -6147.6
v -1709.76 76.4665 -6147.6
v -1709.76 75.6966 -6147.6
v -1712.76 75.6966 -6147.6
v -1709.76 75.6966 -6147.6
v -1709.76 76.4665 -6147.6
v -1712.76 76.4665 -6147.6
v -1712.76 76.4956 -6147.6
v -1712.76 76.7764 -6147.6
v -1709.76 76.7764 -6147.6
v -1709.76 76.4956 -6147.6
v -1712.76 76.4956 -6147.6
v -1709.76 76.4956 -6147.6
v -1709.76 76.7764 -6147.6
v -1712.76 76.7764 -6147.6
v -1715.83 75.6966 -6147.6
v -1715.83 76.4665 -6147.6
v -1712.83 76.4665 -6147.6
v -1712.83 75.6966 -6147.6
v -1715.83 75.6966 -6147.6
v -1712.83 75.6966 -6147.6
v -1712.83 76.4665 -6147.6
v -1715.83 76.4665 -6147.6
v -1715.83 76.4956 -6147.6
v -1715.83 76.7764 -6147.6
v -1712.83 76.7764 -6147.6
v -1712.83 76.4956 -6147.6
v -1715.83 76.4956 -6147.6
v -1712.83 76.4956 -6147.6
v -1712.83 76.7764 -6147.6
v -1715.83 76.7764 -6147.6
v -1706.62 75.2049 -6147.45
v -1706.62 75.7148 -6147.45
v -1703.62 75.7148 -6147.45
v -1703.62 75.2049 -6147.45
v -1706.62 75.7148 -6147.45
v -1706.62 75.7523 -6147.55
v -1703.62 75.7523 -6147.55
v -1703.62 75.7148 -6147.45
v -1706.62 75.7523 -6147.55
v -1706.62 75.7148 -6147.65
v -1703.62 75.7148 -6147.65
v -1703.62 75.7523 -6147.55
v -1706.62 75.7148 -6147.65
v -1706.62 75.2049 -6147.65
v -1703.62 75.2049 -6147.65
v -1703.62 75.7148 -6147.65
v -1706.8 75.1628 -6147.4
v -1706.8 76.7199 -6147.44
v -1706.59 76.7199 -6147.44
v -1706.59 75.1628 -6147.4
v -1706.7 75.1628 -6147.4
v -1706.8 76.7199 -6147.65
v -1706.8 75.1628 -6147.7
v -1706.59 75.1628 -6147.7
v -1706.59 76.7199 -6147.65
v -1706.59 75.1628 -6147.4
v -1706.59 76.7199 -6147.44
v -1706.59 76.7199 -6147.65
v -1706.59 75.1628 -6147.7
v -1706.8 75.1628 -6147.7
v -1706.8 76.7199 -6147.65
v -1706.8 76.7199 -6147.44
v -1706.8 75.1628 -6147.4
v -1709.7 75.2049 -6147.45
v -1709.7 75.7148 -6147.45
v -1706.7 75.7148 -6147.45
v -1706.7 75.2049 -6147.45
v -1709.7 75.7148 -6147.45
v -1709.7 75.7523 -6147.55
v -1706.7 75.7523 -6147.55
v -1706.7 75.7148 -6147.45
v -1709.7 75.7523 -6147.55
v -1709.7 75.7148 -6147.65
v -1706.7 75.7148 -6147.65
v -1706.7 75.7523 -6147.55
v -1709.7 75.7148 -6147.65
v -1709.7 75.2049 -6147.65
v -1706.7 75.2049 -6147.65
v -1706.7 75.7148 -6147.65
v -1709.87 75.1628 -6147.4
v -1709.87 76.7199 -6147.44
v -1709.67 76.7199 -6147.44
v -1709.67 75.1628 -6147.4
v -1709.77 75.1628 -6147.4
v -1709.87 76.7199 -6147.65
v -1709.87 75.1628 -6147.7
v -1709.67 75.1628 -6147.7
v -1709.67 76.7199 -6147.65
v -1709.67 75.1628 -6147.4
v -1709.67 76.7199 -6147.44
v -1709.67 76.7199 -6147.65
v -1709.67 75.1628 -6147.7
v -1709.87 75.1628 -6147.7
v -1709.87 76.7199 -6147.65
v -1709.87 76.7199 -6147.44
v -1709.87 75.1628 -6147.4
v -1706.81 76.6949 -6147.43
v -1706.83 76.7449 -6147.41
v -1706.56 76.7449 -6147.41
v -1706.58 76.6949 -6147.43
v -1706.83 76.7449 -6147.41
v -1706.83 76.7449 -6147.68
v -1706.56 76.7449 -6147.68
v -1706.56 76.7449 -6147.41
v -1706.83 76.7449 -6147.68
v -1706.81 76.6949 -6147.66
v -1706.58 76.6949 -6147.66
v -1706.56 76.7449 -6147.68
v -1706.81 76.6949 -6147.66
v -1706.81 76.6949 -6147.43
v -1706.58 76.6949 -6147.43
v -1706.58 76.6949 -6147.66
v -1706.58 76.6949 -6147.43
v -1706.56 76.7449 -6147.41
v -1706.56 76.7449 -6147.68
v -1706.58 76.6949 -6147.66
v -1706.81 76.6949 -6147.66
v -1706.83 76.7449 -6147.68
v -1706.83 76.7449 -6147.41
v -1706.81 76.6949 -6147.43
v -1706.62 76.4193 -6147.55
v -1706.62 76.4413 -6147.52
v -1703.62 76.4413 -6147.52
v -1703.62 76.4193 -6147.55
v -1706.62 76.4413 -6147.52
v -1706.62 76.4633 -6147.55
v -1703.62 76.4633 -6147.55
v -1703.62 76.4413 -6147.52
v -1706.62 76.4633 -6147.55
v -1706.62 76.4413 -6147.57
v -1703.62 76.4413 -6147.57
v -1703.62 76.4633 -6147.55
v -1706.62 76.4413 -6147.57
v -1706.62 76.4193 -6147.55
v -1703.62 76.4193 -6147.55
v -1703.62 76.4413 -6147.57
v -1706.62 75.6898 -6147.51
v -1706.62 75.7648 -6147.51
v -1703.62 75.7648 -6147.51
v -1703.62 75.6898 -6147.51
v -1706.62 75.7648 -6147.51
v -1706.62 75.7648 -6147.58
v -1703.62 75.7648 -6147.58
v -1703.62 75.7648 -6147.51
v -1706.62 75.7648 -6147.58
v -1706.62 75.6898 -6147.58
v -1703.62 75.6898 -6147.58
v -1703.62 75.7648 -6147.58
v -1706.63 76.5679 -6147.55
v -1706.62 76.5911 -6147.52
v -1706.43 76.6678 -6147.52
v -1706.44 76.6447 -6147.55
v -1706.25 76.7005 -6147.52
v -1706.25 76.6777 -6147.55
v -1706.06 76.6678 -6147.52
v -1706.05 76.6447 -6147.55
v -1705.87 76.5911 -6147.52
v -1705.87 76.5679 -6147.55
v -1705.68 76.6678 -6147.52
v -1705.69 76.6447 -6147.55
v -1705.5 76.7005 -6147.52
v -1705.5 76.6777 -6147.55
v -1705.31 76.6678 -6147.52
v -1705.3 76.6447 -6147.55
v -1705.12 76.5911 -6147.52
v -1705.12 76.5679 -6147.55
v -1704.93 76.6678 -6147.52
v -1704.94 76.6447 -6147.55
v -1704.75 76.7005 -6147.52
v -1704.75 76.6777 -6147.55
v -1704.56 76.6678 -6147.52
v -1704.55 76.6447 -6147.55
v -1704.37 76.5911 -6147.52
v -1704.37 76.5679 -6147.55
v -1704.18 76.6678 -6147.52
v -1704.19 76.6447 -6147.55
v -1704 76.7005 -6147.52
v -1704 76.6777 -6147.55
v -1703.81 76.6678 -6147.52
v -1703.8 76.6447 -6147.55
v -1703.62 76.5911 -6147.52
v -1703.62 76.5679 -6147.55
v -1706.62 76.5911 -6147.52
v -1706.62 76.6144 -6147.55
v -1706.43 76.6908 -6147.55
v -1706.43 76.6678 -6147.52
v -1706.25 76.7233 -6147.55
v -1706.25 76.7005 -6147.52
v -1706.06 76.6908 -6147.55
v -1706.06 76.6678 -6147.52
v -1705.87 76.6144 -6147.55
v -1705.87 76.5911 -6147.52
v -1705.68 76.6908 -6147.55
v -1705.68 76.6678 -6147.52
v -1705.5 76.7233 -6147.55
v -1705.5 76.7005 -6147.52
v -1705.31 76.6908 -6147.55
v -1705.31 76.6678 -6147.52
v -1705.12 76.6144 -6147.55
v -1705.12 76.5911 -6147.52
v -1704.93 76.6908 -6147.55
v -1704.93 76.6678 -6147.52
v -1704.75 76.7233 -6147.55
v -1704.75 76.7005 -6147.52
v -1704.56 76.6908 -6147.55
v -1704.56 76.6678 -6147.52
v -1704.37 76.6144 -6147.55
v -1704.37 76.5911 -6147.52
v -1704.18 76.6908 -6147.55
v -1704.18 76.6678 -6147.52
v -1704 76.7233 -6147.55
v -1704 76.7005 -6147.52
v -1703.81 76.6908 -6147.55
v -1703.81 76.6678 -6147.52
v -1703.63 76.6144 -6147.55
v -1703.62 76.5911 -6147.52
v -1706.62 76.6144 -6147.55
v -1706.62 76.5911 -6147.57
v -1706.43 76.6678 -6147.57
v -1706.43 76.6908 -6147.55
v -1706.25 76.7005 -6147.57
v -1706.25 76.7233 -6147.55
v -1706.06 76.6678 -6147.57
v -1706.06 76.6908 -6147.55
v -1705.87 76.5911 -6147.57
v -1705.87 76.6144 -6147.55
v -1705.68 76.6678 -6147.57
v -1705.68 76.6908 -6147.55
v -1705.5 76.7005 -6147.57
v -1705.5 76.7233 -6147.55
v -1705.31 76.6678 -6147.57
v -1705.31 76.6908 -6147.55
v -1705.12 76.5911 -6147.57
v -1705.12 76.6144 -6147.55
v -1704.93 76.6678 -6147.57
v -1704.93 76.6908 -6147.55
v -1704.75 76.7005 -6147.57
v -1704.75 76.7233 -6147.55
v -1704.56 76.6678 -6147.57
v -1704.56 76.6908 -6147.55
v -1704.37 76.5911 -6147.57
v -1704.37 76.6144 -6147.55
v -1704.18 76.6678 -6147.57
v -1704.18 76.6908 -6147.55
v -1704 76.7005 -6147.57
v -1704 76.7233 -6147.55
v -1703.81 76.6678 -6147.57
v -1703.81 76.6908 -6147.55
v -1703.62 76.5911 -6147.57
v -1703.63 76.6144 -6147.55
v -1706.62 76.5911 -6147.57
v -1706.63 76.5679 -6147.55
v -1706.44 76.6447 -6147.55
v -1706.43 76.6678 -6147.57
v -1706.25 76.6777 -6147.55
v -1706.25 76.7005 -6147.57
v -1706.05 76.6447 -6147.55
v -1706.06 76.6678 -6147.57
v -1705.87 76.5679 -6147.55
v -1705.87 76.5911 -6147.57
v -1705.69 76.6447 -6147.55
v -1705.68 76.6678 -6147.57
v -1705.5 76.6777 -6147.55
v -1705.5 76.7005 -6147.57
v -1705.3 76.6447 -6147.55
v -1705.31 76.6678 -6147.57
v -1705.12 76.5679 -6147.55
v -1705.12 76.5911 -6147.57
v -1704.94 76.6447 -6147.55
v -1704.93 76.6678 -6147.57
v -1704.75 76.6777 -6147.55
v -1704.75 76.7005 -6147.57
v -1704.55 76.6447 -6147.55
v -1704.56 76.6678 -6147.57
v -1704.37 76.5679 -6147.55
v -1704.37 76.5911 -6147.57
v -1704.19 76.6447 -6147.55
v -1704.18 76.6678 -6147.57
v -1704 76.6777 -6147.55
v -1704 76.7005 -6147.57
v -1703.8 76.6447 -6147.55
v -1703.81 76.6678 -6147.57
v -1703.62 76.5679 -6147.55
v -1703.62 76.5911 -6147.57
v -1709.89 76.6949 -6147.43
v -1709.9 76.7449 -6147.41
v -1709.64 76.7449 -6147.41
v -1709.66 76.6949 -6147.43
v -1709.9 76.7449 -6147.41
v -1709.9 76.7449 -6147.68
v -1709.64 76.7449 -6147.68
v -1709.64 76.7449 -6147.41
v -1709.9 76.7449 -6147.68
v -1709.89 76.6949 -6147.66
v -1709.66 76.6949 -6147.66
v -1709.64 76.7449 -6147.68
v -1709.89 76.6949 -6147.66
v -1709.89 76.6949 -6147.43
v -1709.66 76.6949 -6147.43
v -1709.66 76.6949 -6147.66
v -1709.66 76.6949 -6147.43
v -1709.64 76.7449 -6147.41
v -1709.64 76.7449 -6147.68
v -1709.66 76.6949 -6147.66
v -1709.89 76.6949 -6147.66
v -1709.9 76.7449 -6147.68
v -1709.9 76.7449 -6147.41
v -1709.89 76.6949 -6147.43
v -1709.7 76.4193 -6147.55
v -1709.7 76.4413 -6147.52
v -1706.7 76.4413 -6147.52
v -1706.7 76.4193 -6147.55
v -1709.7 76.4413 -6147.52
v -1709.7 76.4633 -6147.55
v -1706.7 76.4633 -6147.55
v -1706.7 76.4413 -6147.52
v -1709.7 76.4633 -6147.55
v -1709.7 76.4413 -6147.57
v -1706.7 76.4413 -6147.57
v -1706.7 76.4633 -6147.55
v -1709.7 76.4413 -6147.57
v -1709.7 76.4193 -6147.55
v -1706.7 76.4193 -6147.55
v -1706.7 76.4413 -6147.57
v -1709.7 75.6898 -6147.51
v -1709.7 75.7648 -6147.51
v -1706.7 75.7648 -6147.51
v -1706.7 75.6898 -6147.51
v -1709.7 75.7648 -6147.51
v -1709.7 75.7648 -6147.58
v -1706.7 75.7648 -6147.58
v -1706.7 75.7648 -6147.51
v -1709.7 75.7648 -6147.58
v -1709.7 75.6898 -6147.58
v -1706.7 75.6898 -6147.58
v -1706.7 75.7648 -6147.58
v -1709.7 76.5679 -6147.55
v -1709.7 76.5911 -6147.52
v -1709.51 76.6678 -6147.52
v -1709.51 76.6447 -6147.55
v -1709.32 76.7005 -6147.52
v -1709.32 76.6777 -6147.55
v -1709.13 76.6678 -6147.52
v -1709.13 76.6447 -6147.55
v -1708.95 76.5911 -6147.52
v -1708.95 76.5679 -6147.55
v -1708.76 76.6678 -6147.52
v -1708.76 76.6447 -6147.55
v -1708.57 76.7005 -6147.52
v -1708.57 76.6777 -6147.55
v -1708.38 76.6678 -6147.52
v -1708.38 76.6447 -6147.55
v -1708.2 76.5911 -6147.52
v -1708.2 76.5679 -6147.55
v -1708.01 76.6678 -6147.52
v -1708.01 76.6447 -6147.55
v -1707.82 76.7005 -6147.52
v -1707.82 76.6777 -6147.55
v -1707.63 76.6678 -6147.52
v -1707.63 76.6447 -6147.55
v -1707.45 76.5911 -6147.52
v -1707.45 76.5679 -6147.55
v -1707.26 76.6678 -6147.52
v -1707.26 76.6447 -6147.55
v -1707.07 76.7005 -6147.52
v -1707.07 76.6777 -6147.55
v -1706.88 76.6678 -6147.52
v -1706.88 76.6447 -6147.55
v -1706.7 76.5911 -6147.52
v -1706.69 76.5679 -6147.55
v -1709.7 76.5911 -6147.52
v -1709.69 76.6144 -6147.55
v -1709.5 76.6908 -6147.55
v -1709.51 76.6678 -6147.52
v -1709.32 76.7233 -6147.55
v -1709.32 76.7005 -6147.52
v -1709.14 76.6908 -6147.55
v -1709.13 76.6678 -6147.52
v -1708.95 76.6144 -6147.55
v -1708.95 76.5911 -6147.52
v -1708.75 76.6908 -6147.55
v -1708.76 76.6678 -6147.52
v -1708.57 76.7233 -6147.55
v -1708.57 76.7005 -6147.52
v -1708.39 76.6908 -6147.55
v -1708.38 76.6678 -6147.52
v -1708.2 76.6144 -6147.55
v -1708.2 76.5911 -6147.52
v -1708 76.6908 -6147.55
v -1708.01 76.6678 -6147.52
v -1707.82 76.7233 -6147.55
v -1707.82 76.7005 -6147.52
v -1707.64 76.6908 -6147.55
v -1707.63 76.6678 -6147.52
v -1707.45 76.6144 -6147.55
v -1707.45 76.5911 -6147.52
v -1707.25 76.6908 -6147.55
v -1707.26 76.6678 -6147.52
v -1707.07 76.7233 -6147.55
v -1707.07 76.7005 -6147.52
v -1706.89 76.6908 -6147.55
v -1706.88 76.6678 -6147.52
v -1706.7 76.6144 -6147.55
v -1706.7 76.5911 -6147.52
v -1709.69 76.6144 -6147.55
v -1709.7 76.5911 -6147.57
v -1709.51 76.6678 -6147.57
v -1709.5 76.6908 -6147.55
v -1709.32 76.7005 -6147.57
v -1709.32 76.7233 -6147.55
v -1709.13 76.6678 -6147.57
v -1709.14 76.6908 -6147.55
v -1708.95 76.5911 -6147.57
v -1708.95 76.6144 -6147.55
v -1708.76 76.6678 -6147.57
v -1708.75 76.6908 -6147.55
v -1708.57 76.7005 -6147.57
v -1708.57 76.7233 -6147.55
v -1708.38 76.6678 -6147.57
v -1708.39 76.6908 -6147.55
v -1708.2 76.5911 -6147.57
v -1708.2 76.6144 -6147.55
v -1708.01 76.6678 -6147.57
v -1708 76.6908 -6147.55
v -1707.82 76.7005 -6147.57
v -1707.82 76.7233 -6147.55
v -1707.63 76.6678 -6147.57
v -1707.64 76.6908 -6147.55
v -1707.45 76.5911 -6147.57
v -1707.45 76.6144 -6147.55
v -1707.26 76.6678 -6147.57
v -1707.25 76.6908 -6147.55
v -1707.07 76.7005 -6147.57
v -1707.07 76.7233 -6147.55
v -1706.88 76.6678 -6147.57
v -1706.89 76.6908 -6147.55
v -1706.7 76.5911 -6147.57
v -1706.7 76.6144 -6147.55
v -1709.7 76.5911 -6147.57
v -1709.7 76.5679 -6147.55
v -1709.51 76.6447 -6147.55
v -1709.51 76.6678 -6147.57
v -1709.32 76.6777 -6147.55
v -1709.32 76.7005 -6147.57
v -1709.13 76.6447 -6147.55
v -1709.13 76.6678 -6147.57
v -1708.95 76.5679 -6147.55
v -1708.95 76.5911 -6147.57
v -1708.76 76.6447 -6147.55
v -1708.76 76.6678 -6147.57
v -1708.57 76.6777 -6147.55
v -1708.57 76.7005 -6147.57
v -1708.38 76.6447 -6147.55
v -1708.38 76.6678 -6147.57
v -1708.2 76.5679 -6147.55
v -1708.2 76.5911 -6147.57
v -1708.01 76.6447 -6147.55
v -1708.01 76.6678 -6147.57
v -1707.82 76.6777 -6147.55
v -1707.82 76.7005 -6147.57
v -1707.63 76.6447 -6147.55
v -1707.63 76.6678 -6147.57
v -1707.45 76.5679 -6147.55
v -1707.45 76.5911 -6147.57
v -1707.26 76.6447 -6147.55
v -1707.26 76.6678 -6147.57
v -1707.07 76.6777 -6147.55
v -1707.07 76.7005 -6147.57
v -1706.88 76.6447 -6147.55
v -1706.88 76.6678 -6147.57
v -1706.69 76.5679 -6147.55
v -1706.7 76.5911 -6147.57
v -1706.62 75.6602 -6147.54
v -1706.62 76.43 -6147.54
v -1703.62 76.43 -6147.54
v -1703.62 75.6602 -6147.54
v -1706.62 75.6602 -6147.55
v -1703.62 75.6602 -6147.55
v -1703.62 76.43 -6147.55
v -1706.62 76.43 -6147.55
v -1706.62 76.4591 -6147.54
v -1706.62 76.7399 -6147.54
v -1703.62 76.7399 -6147.54
v -1703.62 76.4591 -6147.54
v -1706.62 76.4591 -6147.55
v -1703.62 76.4591 -6147.55
v -1703.62 76.7399 -6147.55
v -1706.62 76.7399 -6147.55
v -1709.7 75.6602 -6147.54
v -1709.7 76.43 -6147.54
v -1706.7 76.43 -6147.54
v -1706.7 75.6602 -6147.54
v -1709.7 75.6602 -6147.55
v -1706.7 75.6602 -6147.55
v -1706.7 76.43 -6147.55
v -1709.7 76.43 -6147.55
v -1709.7 76.4591 -6147.54
v -1709.7 76.7399 -6147.54
v -1706.7 76.7399 -6147.54
v -1706.7 76.4591 -6147.54
v -1709.7 76.4591 -6147.55
v -1706.7 76.4591 -6147.55
v -1706.7 76.7399 -6147.55
v -1709.7 76.7399 -6147.55
v -1706.64 75.239 -6141.44
v -1706.64 75.7488 -6141.44
v -1709.64 75.7488 -6141.44
v -1709.64 75.239 -6141.44
v -1706.64 75.7488 -6141.44
v -1706.64 75.7863 -6141.34
v -1709.64 75.7863 -6141.34
v -1709.64 75.7488 -6141.44
v -1706.64 75.7863 -6141.34
v -1706.64 75.7488 -6141.24
v -1709.64 75.7488 -6141.24
v -1709.64 75.7863 -6141.34
v -1706.64 75.7488 -6141.24
v -1706.64 75.239 -6141.24
v -1709.64 75.239 -6141.24
v -1709.64 75.7488 -6141.24
v -1706.46 75.1969 -6141.49
v -1706.46 76.7539 -6141.44
v -1706.66 76.7539 -6141.44
v -1706.66 75.1969 -6141.49
v -1706.56 75.1969 -6141.49
v -1706.46 76.7539 -6141.24
v -1706.46 75.1969 -6141.19
v -1706.66 75.1969 -6141.19
v -1706.66 76.7539 -6141.24
v -1706.66 75.1969 -6141.49
v -1706.66 76.7539 -6141.44
v -1706.66 76.7539 -6141.24
v -1706.66 75.1969 -6141.19
v -1706.46 75.1969 -6141.19
v -1706.46 76.7539 -6141.24
v -1706.46 76.7539 -6141.44
v -1706.46 75.1969 -6141.49
v -1703.56 75.239 -6141.44
v -1703.56 75.7488 -6141.44
v -1706.56 75.7488 -6141.44
v -1706.56 75.239 -6141.44
v -1703.56 75.7488 -6141.44
v -1703.56 75.7863 -6141.34
v -1706.56 75.7863 -6141.34
v -1706.56 75.7488 -6141.44
v -1703.56 75.7863 -6141.34
v -1703.56 75.7488 -6141.24
v -1706.56 75.7488 -6141.24
v -1706.56 75.7863 -6141.34
v -1703.56 75.7488 -6141.24
v -1703.56 75.239 -6141.24
v -1706.56 75.239 -6141.24
v -1706.56 75.7488 -6141.24
v -1703.38 75.1969 -6141.49
v -1703.38 76.7539 -6141.44
v -1703.59 76.7539 -6141.44
v -1703.59 75.1969 -6141.49
v -1703.49 75.1969 -6141.49
v -1703.38 76.7539 -6141.24
v -1703.38 75.1969 -6141.19
v -1703.59 75.1969 -6141.19
v -1703.59 76.7539 -6141.24
v -1703.59 75.1969 -6141.49
v -1703.59 76.7539 -6141.44
v -1703.59 76.7539 -6141.24
v -1703.59 75.1969 -6141.19
v -1703.38 75.1969 -6141.19
v -1703.38 76.7539 -6141.24
v -1703.38 76.7539 -6141.44
v -1703.38 75.1969 -6141.49
v -1706.45 76.7289 -6141.46
v -1706.43 76.7789 -6141.47
v -1706.69 76.7789 -6141.47
v -1706.68 76.7289 -6141.46
v -1706.43 76.7789 -6141.47
v -1706.43 76.7789 -6141.21
v -1706.69 76.7789 -6141.21
v -1706.69 76.7789 -6141.47
v -1706.43 76.7789 -6141.21
v -1706.45 76.7289 -6141.23
v -1706.68 76.7289 -6141.23
v -1706.69 76.7789 -6141.21
v -1706.45 76.7289 -6141.23
v -1706.45 76.7289 -6141.46
v -1706.68 76.7289 -6141.46
v -1706.68 76.7289 -6141.23
v -1706.68 76.7289 -6141.46
v -1706.69 76.7789 -6141.47
v -1706.69 76.7789 -6141.21
v -1706.68 76.7289 -6141.23
v -1706.45 76.7289 -6141.23
v -1706.43 76.7789 -6141.21
v -1706.43 76.7789 -6141.47
v -1706.45 76.7289 -6141.46
v -1706.64 76.4533 -6141.34
v -1706.64 76.4753 -6141.36
v -1709.64 76.4753 -6141.36
v -1709.64 76.4533 -6141.34
v -1706.64 76.4753 -6141.36
v -1706.64 76.4974 -6141.34
v -1709.64 76.4974 -6141.34
v -1709.64 76.4753 -6141.36
v -1706.64 76.4974 -6141.34
v -1706.64 76.4753 -6141.32
v -1709.64 76.4753 -6141.32
v -1709.64 76.4974 -6141.34
v -1706.64 76.4753 -6141.32
v -1706.64 76.4533 -6141.34
v -1709.64 76.4533 -6141.34
v -1709.64 76.4753 -6141.32
v -1706.64 75.7238 -6141.38
v -1706.64 75.7988 -6141.38
v -1709.64 75.7988 -6141.38
v -1709.64 75.7238 -6141.38
v -1706.64 75.7988 -6141.38
v -1706.64 75.7988 -6141.3
v -1709.64 75.7988 -6141.3
v -1709.64 75.7988 -6141.38
v -1706.64 75.7988 -6141.3
v -1706.64 75.7238 -6141.3
v -1709.64 75.7238 -6141.3
v -1709.64 75.7988 -6141.3
v -1706.63 76.6019 -6141.34
v -1706.64 76.6252 -6141.37
v -1706.82 76.7018 -6141.36
v -1706.82 76.6788 -6141.34
v -1707.01 76.7345 -6141.36
v -1707.01 76.7117 -6141.34
v -1707.2 76.7018 -6141.36
v -1707.2 76.6788 -6141.34
v -1707.39 76.6252 -6141.37
v -1707.39 76.6019 -6141.34
v -1707.57 76.7018 -6141.36
v -1707.57 76.6788 -6141.34
v -1707.76 76.7345 -6141.36
v -1707.76 76.7117 -6141.34
v -1707.95 76.7018 -6141.36
v -1707.95 76.6788 -6141.34
v -1708.14 76.6252 -6141.37
v -1708.14 76.6019 -6141.34
v -1708.32 76.7018 -6141.36
v -1708.32 76.6788 -6141.34
v -1708.51 76.7345 -6141.36
v -1708.51 76.7117 -6141.34
v -1708.7 76.7018 -6141.36
v -1708.7 76.6788 -6141.34
v -1708.89 76.6252 -6141.37
v -1708.89 76.6019 -6141.34
v -1709.07 76.7018 -6141.36
v -1709.07 76.6788 -6141.34
v -1709.26 76.7345 -6141.36
v -1709.26 76.7117 -6141.34
v -1709.45 76.7018 -6141.36
v -1709.45 76.6788 -6141.34
v -1709.64 76.6252 -6141.37
v -1709.64 76.6019 -6141.34
v -1706.64 76.6252 -6141.37
v -1706.64 76.6484 -6141.34
v -1706.83 76.7249 -6141.34
v -1706.82 76.7018 -6141.36
v -1707.01 76.7574 -6141.34
v -1707.01 76.7345 -6141.36
v -1707.2 76.7249 -6141.34
v -1707.2 76.7018 -6141.36
v -1707.39 76.6484 -6141.34
v -1707.39 76.6252 -6141.37
v -1707.58 76.7249 -6141.34
v -1707.57 76.7018 -6141.36
v -1707.76 76.7574 -6141.34
v -1707.76 76.7345 -6141.36
v -1707.95 76.7249 -6141.34
v -1707.95 76.7018 -6141.36
v -1708.14 76.6484 -6141.34
v -1708.14 76.6252 -6141.37
v -1708.33 76.7249 -6141.34
v -1708.32 76.7018 -6141.36
v -1708.51 76.7574 -6141.34
v -1708.51 76.7345 -6141.36
v -1708.7 76.7249 -6141.34
v -1708.7 76.7018 -6141.36
v -1708.89 76.6484 -6141.34
v -1708.89 76.6252 -6141.37
v -1709.08 76.7249 -6141.34
v -1709.07 76.7018 -6141.36
v -1709.26 76.7574 -6141.34
v -1709.26 76.7345 -6141.36
v -1709.45 76.7249 -6141.34
v -1709.45 76.7018 -6141.36
v -1709.63 76.6484 -6141.34
v -1709.64 76.6252 -6141.37
v -1706.64 76.6484 -6141.34
v -1706.64 76.6252 -6141.32
v -1706.82 76.7018 -6141.32
v -1706.83 76.7249 -6141.34
v -1707.01 76.7345 -6141.32
v -1707.01 76.7574 -6141.34
v -1707.2 76.7018 -6141.32
v -1707.2 76.7249 -6141.34
v -1707.39 76.6252 -6141.32
v -1707.39 76.6484 -6141.34
v -1707.57 76.7018 -6141.32
v -1707.58 76.7249 -6141.34
v -1707.76 76.7345 -6141.32
v -1707.76 76.7574 -6141.34
v -1707.95 76.7018 -6141.32
v -1707.95 76.7249 -6141.34
v -1708.14 76.6252 -6141.32
v -1708.14 76.6484 -6141.34
v -1708.32 76.7018 -6141.32
v -1708.33 76.7249 -6141.34
v -1708.51 76.7345 -6141.32
v -1708.51 76.7574 -6141.34
v -1708.7 76.7018 -6141.32
v -1708.7 76.7249 -6141.34
v -1708.89 76.6252 -6141.32
v -1708.89 76.6484 -6141.34
v -1709.07 76.7018 -6141.32
v -1709.08 76.7249 -6141.34
v -1709.26 76.7345 -6141.32
v -1709.26 76.7574 -6141.34
v -1709.45 76.7018 -6141.32
v -1709.45 76.7249 -6141.34
v -1709.64 76.6252 -6141.32
v -1709.63 76.6484 -6141.34
v -1706.64 76.6252 -6141.32
v -1706.63 76.6019 -6141.34
v -1706.82 76.6788 -6141.34
v -1706.82 76.7018 -6141.32
v -1707.01 76.7117 -6141.34
v -1707.01 76.7345 -6141.32
v -1707.2 76.6788 -6141.34
v -1707.2 76.7018 -6141.32
v -1707.39 76.6019 -6141.34
v -1707.39 76.6252 -6141.32
v -1707.57 76.6788 -6141.34
v -1707.57 76.7018 -6141.32
v -1707.76 76.7117 -6141.34
v -1707.76 76.7345 -6141.32
v -1707.95 76.6788 -6141.34
v -1707.95 76.7018 -6141.32
v -1708.14 76.6019 -6141.34
v -1708.14 76.6252 -6141.32
v -1708.32 76.6788 -6141.34
v -1708.32 76.7018 -6141.32
v -1708.51 76.7117 -6141.34
v -1708.51 76.7345 -6141.32
v -1708.7 76.6788 -6141.34
v -1708.7 76.7018 -6141.32
v -1708.89 76.6019 -6141.34
v -1708.89 76.6252 -6141.32
v -1709.07 76.6788 -6141.34
v -1709.07 76.7018 -6141.32
v -1709.26 76.7117 -6141.34
v -1709.26 76.7345 -6141.32
v -1709.45 76.6788 -6141.34
v -1709.45 76.7018 -6141.32
v -1709.64 76.6019 -6141.34
v -1709.64 76.6252 -6141.32
v -1703.37 76.7289 -6141.46
v -1703.36 76.7789 -6141.47
v -1703.62 76.7789 -6141.47
v -1703.6 76.7289 -6141.46
v -1703.36 76.7789 -6141.47
v -1703.36 76.7789 -6141.21
v -1703.62 76.7789 -6141.21
v -1703.62 76.7789 -6141.47
v -1703.36 76.7789 -6141.21
v -1703.37 76.7289 -6141.23
v -1703.6 76.7289 -6141.23
v -1703.62 76.7789 -6141.21
v -1703.37 76.7289 -6141.23
v -1703.37 76.7289 -6141.46
v -1703.6 76.7289 -6141.46
v -1703.6 76.7289 -6141.23
v -1703.6 76.7289 -6141.46
v -1703.62 76.7789 -6141.47
v -1703.62 76.7789 -6141.21
v -1703.6 76.7289 -6141.23
v -1703.37 76.7289 -6141.23
v -1703.36 76.7789 -6141.21
v -1703.36 76.7789 -6141.47
v -1703.37 76.7289 -6141.46
v -1703.56 76.4533 -6141.34
v -1703.56 76.4753 -6141.36
v -1706.56 76.4753 -6141.36
v -1706.56 76.4533 -6141.34
v -1703.56 76.4753 -6141.36
v -1703.56 76.4974 -6141.34
v -1706.56 76.4974 -6141.34
v -1706.56 76.4753 -6141.36
v -1703.56 76.4974 -6141.34
v -1703.56 76.4753 -6141.32
v -1706.56 76.4753 -6141.32
v -1706.56 76.4974 -6141.34
v -1703.56 76.4753 -6141.32
v -1703.56 76.4533 -6141.34
v -1706.56 76.4533 -6141.34
v -1706.56 76.4753 -6141.32
v -1703.56 75.7238 -6141.38
v -1703.56 75.7988 -6141.38
v -1706.56 75.7988 -6141.38
v -1706.56 75.7238 -6141.38
v -1703.56 75.7988 -6141.38
v -1703.56 75.7988 -6141.3
v -1706.56 75.7988 -6141.3
v -1706.56 75.7988 -6141.38
v -1703.56 75.7988 -6141.3
v -1703.56 75.7238 -6141.3
v -1706.56 75.7238 -6141.3
v -1706.56 75.7988 -6141.3
v -1703.56 76.6019 -6141.34
v -1703.56 76.6252 -6141.37
v -1703.75 76.7018 -6141.36
v -1703.75 76.6788 -6141.34
v -1703.94 76.7345 -6141.36
v -1703.94 76.7117 -6141.34
v -1704.12 76.7018 -6141.36
v -1704.13 76.6788 -6141.34
v -1704.31 76.6252 -6141.37
v -1704.31 76.6019 -6141.34
v -1704.5 76.7018 -6141.36
v -1704.5 76.6788 -6141.34
v -1704.69 76.7345 -6141.36
v -1704.69 76.7117 -6141.34
v -1704.87 76.7018 -6141.36
v -1704.88 76.6788 -6141.34
v -1705.06 76.6252 -6141.37
v -1705.06 76.6019 -6141.34
v -1705.25 76.7018 -6141.36
v -1705.25 76.6788 -6141.34
v -1705.44 76.7345 -6141.36
v -1705.44 76.7117 -6141.34
v -1705.62 76.7018 -6141.36
v -1705.63 76.6788 -6141.34
v -1705.81 76.6252 -6141.37
v -1705.81 76.6019 -6141.34
v -1706 76.7018 -6141.36
v -1706 76.6788 -6141.34
v -1706.19 76.7345 -6141.36
v -1706.19 76.7117 -6141.34
v -1706.37 76.7018 -6141.36
v -1706.38 76.6788 -6141.34
v -1706.56 76.6252 -6141.37
v -1706.57 76.6019 -6141.34
v -1703.56 76.6252 -6141.37
v -1703.57 76.6484 -6141.34
v -1703.75 76.7249 -6141.34
v -1703.75 76.7018 -6141.36
v -1703.94 76.7574 -6141.34
v -1703.94 76.7345 -6141.36
v -1704.12 76.7249 -6141.34
v -1704.12 76.7018 -6141.36
v -1704.31 76.6484 -6141.34
v -1704.31 76.6252 -6141.37
v -1704.5 76.7249 -6141.34
v -1704.5 76.7018 -6141.36
v -1704.69 76.7574 -6141.34
v -1704.69 76.7345 -6141.36
v -1704.87 76.7249 -6141.34
v -1704.87 76.7018 -6141.36
v -1705.06 76.6484 -6141.34
v -1705.06 76.6252 -6141.37
v -1705.25 76.7249 -6141.34
v -1705.25 76.7018 -6141.36
v -1705.44 76.7574 -6141.34
v -1705.44 76.7345 -6141.36
v -1705.62 76.7249 -6141.34
v -1705.62 76.7018 -6141.36
v -1705.81 76.6484 -6141.34
v -1705.81 76.6252 -6141.37
v -1706 76.7249 -6141.34
v -1706 76.7018 -6141.36
v -1706.19 76.7574 -6141.34
v -1706.19 76.7345 -6141.36
v -1706.37 76.7249 -6141.34
v -1706.37 76.7018 -6141.36
v -1706.56 76.6484 -6141.34
v -1706.56 76.6252 -6141.37
v -1703.57 76.6484 -6141.34
v -1703.56 76.6252 -6141.32
v -1703.75 76.7018 -6141.32
v -1703.75 76.7249 -6141.34
v -1703.94 76.7345 -6141.32
v -1703.94 76.7574 -6141.34
v -1704.12 76.7018 -6141.32
v -1704.12 76.7249 -6141.34
v -1704.31 76.6252 -6141.32
v -1704.31 76.6484 -6141.34
v -1704.5 76.7018 -6141.32
v -1704.5 76.7249 -6141.34
v -1704.69 76.7345 -6141.32
v -1704.69 76.7574 -6141.34
v -1704.87 76.7018 -6141.32
v -1704.87 76.7249 -6141.34
v -1705.06 76.6252 -6141.32
v -1705.06 76.6484 -6141.34
v -1705.25 76.7018 -6141.32
v -1705.25 76.7249 -6141.34
v -1705.44 76.7345 -6141.32
v -1705.44 76.7574 -6141.34
v -1705.62 76.7018 -6141.32
v -1705.62 76.7249 -6141.34
v -1705.81 76.6252 -6141.32
v -1705.81 76.6484 -6141.34
v -1706 76.7018 -6141.32
v -1706 76.7249 -6141.34
v -1706.19 76.7345 -6141.32
v -1706.19 76.7574 -6141.34
v -1706.37 76.7018 -6141.32
v -1706.37 76.7249 -6141.34
v -1706.56 76.6252 -6141.32
v -1706.56 76.6484 -6141.34
v -1703.56 76.6252 -6141.32
v -1703.56 76.6019 -6141.34
v -1703.75 76.6788 -6141.34
v -1703.75 76.7018 -6141.32
v -1703.94 76.7117 -6141.34
v -1703.94 76.7345 -6141.32
v -1704.13 76.6788 -6141.34
v -1704.12 76.7018 -6141.32
v -1704.31 76.6019 -6141.34
v -1704.31 76.6252 -6141.32
v -1704.5 76.6788 -6141.34
v -1704.5 76.7018 -6141.32
v -1704.69 76.7117 -6141.34
v -1704.69 76.7345 -6141.32
v -1704.88 76.6788 -6141.34
v -1704.87 76.7018 -6141.32
v -1705.06 76.6019 -6141.34
v -1705.06 76.6252 -6141.32
v -1705.25 76.6788 -6141.34
v -1705.25 76.7018 -6141.32
v -1705.44 76.7117 -6141.34
v -1705.44 76.7345 -6141.32
v -1705.63 76.6788 -6141.34
v -1705.62 76.7018 -6141.32
v -1705.81 76.6019 -6141.34
v -1705.81 76.6252 -6141.32
v -1706 76.6788 -6141.34
v -1706 76.7018 -6141.32
v -1706.19 76.7117 -6141.34
v -1706.19 76.7345 -6141.32
v -1706.38 76.6788 -6141.34
v -1706.37 76.7018 -6141.32
v -1706.57 76.6019 -6141.34
v -1706.56 76.6252 -6141.32
v -1706.64 75.6942 -6141.34
v -1706.64 76.4641 -6141.34
v -1709.64 76.4641 -6141.34
v -1709.64 75.6942 -6141.34
v -1706.64 75.6942 -6141.34
v -1709.64 75.6942 -6141.34
v -1709.64 76.4641 -6141.34
v -1706.64 76.4641 -6141.34
v -1706.64 76.4931 -6141.34
v -1706.64 76.7739 -6141.34
v -1709.64 76.7739 -6141.34
v -1709.64 76.4931 -6141.34
v -1706.64 76.4931 -6141.34
v -1709.64 76.4931 -6141.34
v -1709.64 76.7739 -6141.34
v -1706.64 76.7739 -6141.34
v -1703.56 75.6942 -6141.34
v -1703.56 76.4641 -6141.34
v -1706.56 76.4641 -6141.34
v -1706.56 75.6942 -6141.34
v -1703.56 75.6942 -6141.34
v -1706.56 75.6942 -6141.34
v -1706.56 76.4641 -6141.34
v -1703.56 76.4641 -6141.34
v -1703.56 76.4931 -6141.34
v -1703.56 76.7739 -6141.34
v -1706.56 76.7739 -6141.34
v -1706.56 76.4931 -6141.34
v -1703.56 76.4931 -6141.34
v -1706.56 76.4931 -6141.34
v -1706.56 76.7739 -6141.34
v -1703.56 76.7739 -6141.34
v -1712.77 75.2025 -6141.5
v -1712.77 75.7124 -6141.5
v -1715.77 75.7124 -6141.5
v -1715.77 75.2025 -6141.5
v -1712.77 75.7124 -6141.5
v -1712.77 75.7499 -6141.4
v -1715.77 75.7499 -6141.4
v -1715.77 75.7124 -6141.5
v -1712.77 75.7499 -6141.4
v -1712.77 75.7124 -6141.3
v -1715.77 75.7124 -6141.3
v -1715.77 75.7499 -6141.4
v -1712.77 75.7124 -6141.3
v -1712.77 75.2025 -6141.3
v -1715.77 75.2025 -6141.3
v -1715.77 75.7124 -6141.3
v -1712.59 75.1604 -6141.55
v -1712.59 76.7175 -6141.5
v -1712.8 76.7175 -6141.5
v -1712.8 75.1604 -6141.55
v -1712.7 75.1604 -6141.55
v -1712.59 76.7175 -6141.29
v -1712.59 75.1604 -6141.25
v -1712.8 75.1604 -6141.25
v -1712.8 76.7175 -6141.29
v -1712.8 75.1604 -6141.55
v -1712.8 76.7175 -6141.5
v -1712.8 76.7175 -6141.29
v -1712.8 75.1604 -6141.25
v -1712.59 75.1604 -6141.25
v -1712.59 76.7175 -6141.29
v -1712.59 76.7175 -6141.5
v -1712.59 75.1604 -6141.55
v -1709.7 75.2025 -6141.5
v -1709.7 75.7124 -6141.5
v -1712.7 75.7124 -6141.5
v -1712.7 75.2025 -6141.5
v -1709.7 75.7124 -6141.5
v -1709.7 75.7499 -6141.4
v -1712.7 75.7499 -6141.4
v -1712.7 75.7124 -6141.5
v -1709.7 75.7499 -6141.4
v -1709.7 75.7124 -6141.3
v -1712.7 75.7124 -6141.3
v -1712.7 75.7499 -6141.4
v -1709.7 75.7124 -6141.3
v -1709.7 75.2025 -6141.3
v -1712.7 75.2025 -6141.3
v -1712.7 75.7124 -6141.3
v -1709.52 75.1604 -6141.55
v -1709.52 76.7175 -6141.5
v -1709.72 76.7175 -6141.5
v -1709.72 75.1604 -6141.55
v -1709.62 75.1604 -6141.55
v -1709.52 76.7175 -6141.29
v -1709.52 75.1604 -6141.25
v -1709.72 75.1604 -6141.25
v -1709.72 76.7175 -6141.29
v -1709.72 75.1604 -6141.55
v -1709.72 76.7175 -6141.5
v -1709.72 76.7175 -6141.29
v -1709.72 75.1604 -6141.25
v -1709.52 75.1604 -6141.25
v -1709.52 76.7175 -6141.29
v -1709.52 76.7175 -6141.5
v -1709.52 75.1604 -6141.55
v -1712.58 76.6925 -6141.51
v -1712.56 76.7425 -6141.53
v -1712.83 76.7425 -6141.53
v -1712.81 76.6925 -6141.51
v -1712.56 76.7425 -6141.53
v -1712.56 76.7425 -6141.27
v -1712.83 76.7425 -6141.27
v -1712.83 76.7425 -6141.53
v -1712.56 76.7425 -6141.27
v -1712.58 76.6925 -6141.28
v -1712.81 76.6925 -6141.28
v -1712.83 76.7425 -6141.27
v -1712.58 76.6925 -6141.28
v -1712.58 76.6925 -6141.51
v -1712.81 76.6925 -6141.51
v -1712.81 76.6925 -6141.28
v -1712.81 76.6925 -6141.51
v -1712.83 76.7425 -6141.53
v -1712.83 76.7425 -6141.27
v -1712.81 76.6925 -6141.28
v -1712.58 76.6925 -6141.28
v -1712.56 76.7425 -6141.27
v -1712.56 76.7425 -6141.53
v -1712.58 76.6925 -6141.51
v -1712.77 76.4169 -6141.4
v -1712.77 76.4389 -6141.42
v -1715.77 76.4389 -6141.42
v -1715.77 76.4169 -6141.4
v -1712.77 76.4389 -6141.42
v -1712.77 76.4609 -6141.4
v -1715.77 76.4609 -6141.4
v -1715.77 76.4389 -6141.42
v -1712.77 76.4609 -6141.4
v -1712.77 76.4389 -6141.37
v -1715.77 76.4389 -6141.37
v -1715.77 76.4609 -6141.4
v -1712.77 76.4389 -6141.37
v -1712.77 76.4169 -6141.4
v -1715.77 76.4169 -6141.4
v -1715.77 76.4389 -6141.37
v -1712.77 75.6874 -6141.43
v -1712.77 75.7624 -6141.43
v -1715.77 75.7624 -6141.43
v -1715.77 75.6874 -6141.43
v -1712.77 75.7624 -6141.43
v -1712.77 75.7624 -6141.36
v -1715.77 75.7624 -6141.36
v -1715.77 75.7624 -6141.43
v -1712.77 75.7624 -6141.36
v -1712.77 75.6874 -6141.36
v -1715.77 75.6874 -6141.36
v -1715.77 75.7624 -6141.36
v -1712.77 76.5655 -6141.4
v -1712.77 76.5887 -6141.42
v -1712.96 76.6654 -6141.42
v -1712.96 76.6423 -6141.4
v -1713.15 76.6981 -6141.42
v -1713.15 76.6752 -6141.4
v -1713.33 76.6654 -6141.42
v -1713.34 76.6423 -6141.4
v -1713.52 76.5887 -6141.42
v -1713.52 76.5655 -6141.4
v -1713.71 76.6654 -6141.42
v -1713.71 76.6423 -6141.4
v -1713.9 76.6981 -6141.42
v -1713.9 76.6752 -6141.4
v -1714.08 76.6654 -6141.42
v -1714.09 76.6423 -6141.4
v -1714.27 76.5887 -6141.42
v -1714.27 76.5655 -6141.4
v -1714.46 76.6654 -6141.42
v -1714.46 76.6423 -6141.4
v -1714.65 76.6981 -6141.42
v -1714.65 76.6752 -6141.4
v -1714.83 76.6654 -6141.42
v -1714.84 76.6423 -6141.4
v -1715.02 76.5887 -6141.42
v -1715.02 76.5655 -6141.4
v -1715.21 76.6654 -6141.42
v -1715.21 76.6423 -6141.4
v -1715.4 76.6981 -6141.42
v -1715.4 76.6752 -6141.4
v -1715.58 76.6654 -6141.42
v -1715.59 76.6423 -6141.4
v -1715.77 76.5887 -6141.42
v -1715.78 76.5655 -6141.4
v -1712.77 76.5887 -6141.42
v -1712.78 76.612 -6141.4
v -1712.96 76.6884 -6141.4
v -1712.96 76.6654 -6141.42
v -1713.15 76.7209 -6141.4
v -1713.15 76.6981 -6141.42
v -1713.33 76.6884 -6141.4
v -1713.33 76.6654 -6141.42
v -1713.52 76.612 -6141.4
v -1713.52 76.5887 -6141.42
v -1713.71 76.6884 -6141.4
v -1713.71 76.6654 -6141.42
v -1713.9 76.7209 -6141.4
v -1713.9 76.6981 -6141.42
v -1714.08 76.6884 -6141.4
v -1714.08 76.6654 -6141.42
v -1714.27 76.612 -6141.4
v -1714.27 76.5887 -6141.42
v -1714.46 76.6884 -6141.4
v -1714.46 76.6654 -6141.42
v -1714.65 76.7209 -6141.4
v -1714.65 76.6981 -6141.42
v -1714.83 76.6884 -6141.4
v -1714.83 76.6654 -6141.42
v -1715.02 76.612 -6141.4
v -1715.02 76.5887 -6141.42
v -1715.21 76.6884 -6141.4
v -1715.21 76.6654 -6141.42
v -1715.4 76.7209 -6141.4
v -1715.4 76.6981 -6141.42
v -1715.58 76.6884 -6141.4
v -1715.58 76.6654 -6141.42
v -1715.77 76.612 -6141.4
v -1715.77 76.5887 -6141.42
v -1712.78 76.612 -6141.4
v -1712.77 76.5887 -6141.37
v -1712.96 76.6654 -6141.37
v -1712.96 76.6884 -6141.4
v -1713.15 76.6981 -6141.37
v -1713.15 76.7209 -6141.4
v -1713.33 76.6654 -6141.37
v -1713.33 76.6884 -6141.4
v -1713.52 76.5887 -6141.37
v -1713.52 76.612 -6141.4
v -1713.71 76.6654 -6141.37
v -1713.71 76.6884 -6141.4
v -1713.9 76.6981 -6141.37
v -1713.9 76.7209 -6141.4
v -1714.08 76.6654 -6141.37
v -1714.08 76.6884 -6141.4
v -1714.27 76.5887 -6141.37
v -1714.27 76.612 -6141.4
v -1714.46 76.6654 -6141.37
v -1714.46 76.6884 -6141.4
v -1714.65 76.6981 -6141.37
v -1714.65 76.7209 -6141.4
v -1714.83 76.6654 -6141.37
v -1714.83 76.6884 -6141.4
v -1715.02 76.5887 -6141.37
v -1715.02 76.612 -6141.4
v -1715.21 76.6654 -6141.37
v -1715.21 76.6884 -6141.4
v -1715.4 76.6981 -6141.37
v -1715.4 76.7209 -6141.4
v -1715.58 76.6654 -6141.37
v -1715.58 76.6884 -6141.4
v -1715.77 76.5887 -6141.37
v -1715.77 76.612 -6141.4
v -1712.77 76.5887 -6141.37
v -1712.77 76.5655 -6141.4
v -1712.96 76.6423 -6141.4
v -1712.96 76.6654 -6141.37
v -1713.15 76.6752 -6141.4
v -1713.15 76.6981 -6141.37
v -1713.34 76.6423 -6141.4
v -1713.33 76.6654 -6141.37
v -1713.52 76.5655 -6141.4
v -1713.52 76.5887 -6141.37
v -1713.71 76.6423 -6141.4
v -1713.71 76.6654 -6141.37
v -1713.9 76.6752 -6141.4
v -1713.9 76.6981 -6141.37
v -1714.09 76.6423 -6141.4
v -1714.08 76.6654 -6141.37
v -1714.27 76.5655 -6141.4
v -1714.27 76.5887 -6141.37
v -1714.46 76.6423 -6141.4
v -1714.46 76.6654 -6141.37
v -1714.65 76.6752 -6141.4
v -1714.65 76.6981 -6141.37
v -1714.84 76.6423 -6141.4
v -1714.83 76.6654 -6141.37
v -1715.02 76.5655 -6141.4
v -1715.02 76.5887 -6141.37
v -1715.21 76.6423 -6141.4
v -1715.21 76.6654 -6141.37
v -1715.4 76.6752 -6141.4
v -1715.4 76.6981 -6141.37
v -1715.59 76.6423 -6141.4
v -1715.58 76.6654 -6141.37
v -1715.78 76.5655 -6141.4
v -1715.77 76.5887 -6141.37
v -1709.51 76.6925 -6141.51
v -1709.49 76.7425 -6141.53
v -1709.75 76.7425 -6141.53
v -1709.74 76.6925 -6141.51
v -1709.49 76.7425 -6141.53
v -1709.49 76.7425 -6141.27
v -1709.75 76.7425 -6141.27
v -1709.75 76.7425 -6141.53
v -1709.49 76.7425 -6141.27
v -1709.51 76.6925 -6141.28
v -1709.74 76.6925 -6141.28
v -1709.75 76.7425 -6141.27
v -1709.51 76.6925 -6141.28
v -1709.51 76.6925 -6141.51
v -1709.74 76.6925 -6141.51
v -1709.74 76.6925 -6141.28
v -1709.74 76.6925 -6141.51
v -1709.75 76.7425 -6141.53
v -1709.75 76.7425 -6141.27
v -1709.74 76.6925 -6141.28
v -1709.51 76.6925 -6141.28
v -1709.49 76.7425 -6141.27
v -1709.49 76.7425 -6141.53
v -1709.51 76.6925 -6141.51
v -1709.7 76.4169 -6141.4
v -1709.7 76.4389 -6141.42
v -1712.7 76.4389 -6141.42
v -1712.7 76.4169 -6141.4
v -1709.7 76.4389 -6141.42
v -1709.7 76.4609 -6141.4
v -1712.7 76.4609 -6141.4
v -1712.7 76.4389 -6141.42
v -1709.7 76.4609 -6141.4
v -1709.7 76.4389 -6141.37
v -1712.7 76.4389 -6141.37
v -1712.7 76.4609 -6141.4
v -1709.7 76.4389 -6141.37
v -1709.7 76.4169 -6141.4
v -1712.7 76.4169 -6141.4
v -1712.7 76.4389 -6141.37
v -1709.7 75.6874 -6141.43
v -1709.7 75.7624 -6141.43
v -1712.7 75.7624 -6141.43
v -1712.7 75.6874 -6141.43
v -1709.7 75.7624 -6141.43
v -1709.7 75.7624 -6141.36
v -1712.7 75.7624 -6141.36
v -1712.7 75.7624 -6141.43
v -1709.7 75.7624 -6141.36
v -1709.7 75.6874 -6141.36
v -1712.7 75.6874 -6141.36
v -1712.7 75.7624 -6141.36
v -1709.69 76.5655 -6141.4
v -1709.7 76.5887 -6141.42
v -1709.88 76.6654 -6141.42
v -1709.88 76.6423 -6141.4
v -1710.07 76.6981 -6141.42
v -1710.07 76.6752 -6141.4
v -1710.26 76.6654 -6141.42
v -1710.26 76.6423 -6141.4
v -1710.45 76.5887 -6141.42
v -1710.45 76.5655 -6141.4
v -1710.63 76.6654 -6141.42
v -1710.63 76.6423 -6141.4
v -1710.82 76.6981 -6141.42
v -1710.82 76.6752 -6141.4
v -1711.01 76.6654 -6141.42
v -1711.01 76.6423 -6141.4
v -1711.2 76.5887 -6141.42
v -1711.2 76.5655 -6141.4
v -1711.38 76.6654 -6141.42
v -1711.38 76.6423 -6141.4
v -1711.57 76.6981 -6141.42
v -1711.57 76.6752 -6141.4
v -1711.76 76.6654 -6141.42
v -1711.76 76.6423 -6141.4
v -1711.95 76.5887 -6141.42
v -1711.95 76.5655 -6141.4
v -1712.13 76.6654 -6141.42
v -1712.13 76.6423 -6141.4
v -1712.32 76.6981 -6141.42
v -1712.32 76.6752 -6141.4
v -1712.51 76.6654 -6141.42
v -1712.51 76.6423 -6141.4
v -1712.7 76.5887 -6141.42
v -1712.7 76.5655 -6141.4
v -1709.7 76.5887 -6141.42
v -1709.7 76.612 -6141.4
v -1709.89 76.6884 -6141.4
v -1709.88 76.6654 -6141.42
v -1710.07 76.7209 -6141.4
v -1710.07 76.6981 -6141.42
v -1710.26 76.6884 -6141.4
v -1710.26 76.6654 -6141.42
v -1710.45 76.612 -6141.4
v -1710.45 76.5887 -6141.42
v -1710.64 76.6884 -6141.4
v -1710.63 76.6654 -6141.42
v -1710.82 76.7209 -6141.4
v -1710.82 76.6981 -6141.42
v -1711.01 76.6884 -6141.4
v -1711.01 76.6654 -6141.42
v -1711.2 76.612 -6141.4
v -1711.2 76.5887 -6141.42
v -1711.39 76.6884 -6141.4
v -1711.38 76.6654 -6141.42
v -1711.57 76.7209 -6141.4
v -1711.57 76.6981 -6141.42
v -1711.76 76.6884 -6141.4
v -1711.76 76.6654 -6141.42
v -1711.95 76.612 -6141.4
v -1711.95 76.5887 -6141.42
v -1712.14 76.6884 -6141.4
v -1712.13 76.6654 -6141.42
v -1712.32 76.7209 -6141.4
v -1712.32 76.6981 -6141.42
v -1712.51 76.6884 -6141.4
v -1712.51 76.6654 -6141.42
v -1712.69 76.612 -6141.4
v -1712.7 76.5887 -6141.42
v -1709.7 76.612 -6141.4
v -1709.7 76.5887 -6141.37
v -1709.88 76.6654 -6141.37
v -1709.89 76.6884 -6141.4
v -1710.07 76.6981 -6141.37
v -1710.07 76.7209 -6141.4
v -1710.26 76.6654 -6141.37
v -1710.26 76.6884 -6141.4
v -1710.45 76.5887 -6141.37
v -1710.45 76.612 -6141.4
v -1710.63 76.6654 -6141.37
v -1710.64 76.6884 -6141.4
v -1710.82 76.6981 -6141.37
v -1710.82 76.7209 -6141.4
v -1711.01 76.6654 -6141.37
v -1711.01 76.6884 -6141.4
v -1711.2 76.5887 -6141.37
v -1711.2 76.612 -6141.4
v -1711.38 76.6654 -6141.37
v -1711.39 76.6884 -6141.4
v -1711.57 76.6981 -6141.37
v -1711.57 76.7209 -6141.4
v -1711.76 76.6654 -6141.37
v -1711.76 76.6884 -6141.4
v -1711.95 76.5887 -6141.37
v -1711.95 76.612 -6141.4
v -1712.13 76.6654 -6141.37
v -1712.14 76.6884 -6141.4
v -1712.32 76.6981 -6141.37
v -1712.32 76.7209 -6141.4
v -1712.51 76.6654 -6141.37
v -1712.51 76.6884 -6141.4
v -1712.7 76.5887 -6141.37
v -1712.69 76.612 -6141.4
v -1709.7 76.5887 -6141.37
v -1709.69 76.5655 -6141.4
v -1709.88 76.6423 -6141.4
v -1709.88 76.6654 -6141.37
v -1710.07 76.6752 -6141.4
v -1710.07 76.6981 -6141.37
v -1710.26 76.6423 -6141.4
v -1710.26 76.6654 -6141.37
v -1710.45 76.5655 -6141.4
v -1710.45 76.5887 -6141.37
v -1710.63 76.6423 -6141.4
v -1710.63 76.6654 -6141.37
v -1710.82 76.6752 -6141.4
v -1710.82 76.6981 -6141.37
v -1711.01 76.6423 -6141.4
v -1711.01 76.6654 -6141.37
v -1711.2 76.5655 -6141.4
v -1711.2 76.5887 -6141.37
v -1711.38 76.6423 -6141.4
v -1711.38 76.6654 -6141.37
v -1711.57 76.6752 -6141.4
v -1711.57 76.6981 -6141.37
v -1711.76 76.6423 -6141.4
v -1711.76 76.6654 -6141.37
v -1711.95 76.5655 -6141.4
v -1711.95 76.5887 -6141.37
v -1712.13 76.6423 -6141.4
v -1712.13 76.6654 -6141.37
v -1712.32 76.6752 -6141.4
v -1712.32 76.6981 -6141.37
v -1712.51 76.6423 -6141.4
v -1712.51 76.6654 -6141.37
v -1712.7 76.5655 -6141.4
v -1712.7 76.5887 -6141.37
v -1712.77 75.6578 -6141.4
v -1712.77 76.4276 -6141.4
v -1715.77 76.4276 -6141.4
v -1715.77 75.6578 -6141.4
v -1712.77 75.6578 -6141.39
v -1715.77 75.6578 -6141.39
v -1715.77 76.4276 -6141.39
v -1712.77 76.4276 -6141.39
v -1712.77 76.4567 -6141.4
v -1712.77 76.7375 -6141.4
v -1715.77 76.7375 -6141.4
v -1715.77 76.4567 -6141.4
v -1712.77 76.4567 -6141.39
v -1715.77 76.4567 -6141.39
v -1715.77 76.7375 -6141.39
v -1712.77 76.7375 -6141.39
v -1709.7 75.6578 -6141.4
v -1709.7 76.4276 -6141.4
v -1712.7 76.4276 -6141.4
v -1712.7 75.6578 -6141.4
v -1709.7 75.6578 -6141.39
v -1712.7 75.6578 -6141.39
v -1712.7 76.4276 -6141.39
v -1709.7 76.4276 -6141.39
v -1709.7 76.4567 -6141.4
v -1709.7 76.7375 -6141.4
v -1712.7 76.7375 -6141.4
v -1712.7 76.4567 -6141.4
v -1709.7 76.4567 -6141.39
v -1712.7 76.4567 -6141.39
v -1712.7 76.7375 -6141.39
v -1709.7 76.7375 -6141.39
v -1715.84 76.6348 -6144.3
v -1715.84 76.6348 -6141.3
v -1715.84 76.5452 -6144.3
v -1715.84 76.5452 -6141.3
v -1715.77 76.6348 -6144.3
v -1715.77 76.6348 -6141.3
v -1715.84 76.6348 -6144.3
v -1715.84 76.6348 -6141.3
v -1715.77 76.5452 -6144.3
v -1715.77 76.5452 -6141.3
v -1715.77 76.6348 -6144.3
v -1715.77 76.6348 -6141.3
v -1715.84 76.5452 -6141.3
v -1715.77 76.5452 -6141.3
v -1715.84 76.5452 -6144.3
v -1715.77 76.5452 -6144.3
v -1715.85 74.8419 -6144.3
v -1715.85 74.8419 -6141.3
v -1715.85 73.6237 -6144.3
v -1715.85 73.6237 -6141.3
v -1715.75 74.8419 -6144.3
v -1715.75 74.8419 -6141.3
v -1715.85 74.8419 -6144.3
v -1715.85 74.8419 -6141.3
v -1715.75 73.6237 -6141.3
v -1715.75 74.8419 -6141.3
v -1715.75 73.6237 -6144.3
v -1715.75 74.8419 -6144.3
v -1715.9 75.7598 -6142.8
v -1715.87 76.652 -6142.05
v -1715.86 75.9812 -6141.3
v -1715.85 76.6425 -6141.3
v -1715.89 76.6615 -6142.8
v -1715.86 75.959 -6144.3
v -1715.87 76.6581 -6143.55
v -1715.85 76.6546 -6144.3
v -1715.8 76.7065 -6142.8
v -1715.71 76.6615 -6142.8
v -1715.73 76.6581 -6143.55
v -1715.8 76.6825 -6143.55
v -1715.75 76.6546 -6144.3
v -1715.73 76.652 -6142.05
v -1715.8 76.6611 -6142.05
v -1715.75 76.6425 -6141.3
v -1715.71 75.7598 -6142.8
v -1715.75 75.9812 -6141.3
v -1715.75 75.959 -6144.3
v -1715.81 76.6109 -6141.3
v -1715.81 74.5802 -6141.3
v -1715.81 76.6109 -6144.3
v -1715.81 74.5802 -6144.3
v -1715.8 74.5802 -6141.3
v -1715.8 76.6109 -6141.3
v -1715.8 74.5802 -6144.3
v -1715.8 76.6109 -6144.3
v -1742 78.8013 -6112
v -1742 80.4934 -6114
v -1742 81.7834 -6116
v -1742 80.4066 -6118
v -1742 79.3003 -6120
v -1742 77.8193 -6122
v -1742 77.0132 -6124
v -1742 76.5589 -6126
v -1742 76.2494 -6128
v -1742 75.894 -6130
v -1742 75.4182 -6132
v -1742 74.9651 -6134
v -1742 74.5539 -6136
v -1742 74.1137 -6138
v -1742 74.7381 -6140
v -1742 75.298 -6142
v -1742 75.6135 -6144
v -1742 76.1912 -6146
v -1742 76.5262 -6148
v -1742 76.8066 -6150
v -1742 76.988 -6152
v -1742 77.0897 -6154
v -1742 77.4287 -6156
v -1742 77.6488 -6158
v -1742 78.3131 -6160
v -1742 79.1596 -6162
v -1742 79.4947 -6164
v -1742 80.0947 -6166
v -1742 79.4003 -6168
v -1742 80.3194 -6170
v -1742 81.5848 -6172
v -1742 82.703 -6174
v -1740 78.7219 -6112
v -1740 78.7065 -6114
v -1740 80.1911 -6116
v -1740 79.9969 -6118
v -1740 78.8734 -6120
v -1740 77.8483 -6122
v -1740 76.9978 -6124
v -1740 76.6214 -6126
v -1740 76.3819 -6128
v -1740 76.0092 -6130
v -1740 75.6141 -6132
v -1740 75.014 -6134
v -1740 74.6577 -6136
v -1740 74.2649 -6138
v -1740 74.7595 -6140
v -1740 75.188 -6142
v -1740 75.687 -6144
v -1740 76.1032 -6146
v -1740 76.3559 -6148
v -1740 76.6433 -6150
v -1740 76.93 -6152
v -1740 76.9805 -6154
v -1740 77.3673 -6156
v -1740 77.689 -6158
v -1740 78.765 -6160
v -1740 79.5959 -6162
v -1740 80.0613 -6164
v -1740 80.8384 -6166
v -1740 80.8243 -6168
v -1740 81.4109 -6170
v -1740 82.1721 -6172
v -1740 82.5282 -6174
v -1738 78.5348 -6112
v -1738 78.4873 -6114
v -1738 78.2612 -6116
v -1738 79.1385 -6118
v -1738 78.4999 -6120
v -1738 77.5693 -6122
v -1738 77.092 -6124
v -1738 76.7115 -6126
v -1738 76.407 -6128
v -1738 76.082 -6130
v -1738 75.7258 -6132
v -1738 75.2274 -6134
v -1738 74.6324 -6136
v -1738 74.2092 -6138
v -1738 74.8171 -6140
v -1738 75.2596 -6142
v -1738 75.577 -6144
v -1738 76.0997 -6146
v -1738 76.25 -6148
v -1738 76.5484 -6150
v -1738 76.7085 -6152
v -1738 76.9161 -6154
v -1738 77.2323 -6156
v -1738 77.5576 -6158
v -1738 78.605 -6160
v -1738 79.2735 -6162
v -1738 79.8103 -6164
v -1738 80.5246 -6166
v -1738 81.6679 -6168
v -1738 82.1671 -6170
v -1738 82.8814 -6172
v -1738 82.7006 -6174
v -1736 78.2114 -6112
v -1736 78.2167 -6114
v -1736 77.9965 -6116
v -1736 77.8815 -6118
v -1736 77.4726 -6120
v -1736 77.1854 -6122
v -1736 76.8934 -6124
v -1736 76.7255 -6126
v -1736 76.5363 -6128
v -1736 76.126 -6130
v -1736 75.6221 -6132
v -1736 75.0915 -6134
v -1736 74.6477 -6136
v -1736 74.3327 -6138
v -1736 74.7134 -6140
v -1736 75.1661 -6142
v -1736 75.5024 -6144
v -1736 75.8714 -6146
v -1736 76.0751 -6148
v -1736 76.4117 -6150
v -1736 76.5521 -6152
v -1736 76.7663 -6154
v -1736 77.0659 -6156
v -1736 77.2889 -6158
v -1736 77.8884 -6160
v -1736 78.8635 -6162
v -1736 80.0224 -6164
v -1736 80.6624 -6166
v -1736 81.5667 -6168
v -1736 82.9794 -6170
v -1736 82.9166 -6172
v -1736 82.2356 -6174
v -1734 78.1374 -6112
v -1734 77.9544 -6114
v -1734 77.6787 -6116
v -1734 77.5428 -6118
v -1734 77.464 -6120
v -1734 77.2015 -6122
v -1734 76.9825 -6124
v -1734 76.6734 -6126
v -1734 76.2496 -6128
v -1734 75.9973 -6130
v -1734 75.7135 -6132
v -1734 75.1238 -6134
v -1734 74.6809 -6136
v -1734 74.2221 -6138
v -1734 74.6395 -6140
v -1734 75.1554 -6142
v -1734 75.6811 -6144
v -1734 75.9854 -6146
v -1734 76.2002 -6148
v -1734 76.2756 -6150
v -1734 76.5405 -6152
v -1734 76.7067 -6154
v -1734 77.0258 -6156
v -1734 77.2408 -6158
v -1734 77.5827 -6160
v -1734 78.1749 -6162
v -1734 79.5042 -6164
v -1734 80.4734 -6166
v -1734 81.4245 -6168
v -1734 81.1288 -6170
v -1734 81.549 -6172
v -1734 81.2976 -6174
v -1732 77.9721 -6112
v -1732 77.7734 -6114
v -1732 77.6691 -6116
v -1732 77.3682 -6118
v -1732 77.1378 -6120
v -1732 76.947 -6122
v -1732 76.8737 -6124
v -1732 76.5295 -6126
v -1732 76.1823 -6128
v -1732 75.8647 -6130
v -1732 75.3828 -6132
v -1732 74.8112 -6134
v -1732 74.5364 -6136
v -1732 74.2356 -6138
v -1732 74.7404 -6140
v -1732 75.1757 -6142
v -1732 75.5653 -6144
v -1732 75.7737 -6146
v -1732 76.155 -6148
v -1732 76.3327 -6150
v -1732 76.4635 -6152
v -1732 76.5939 -6154
v -1732 76.907 -6156
v -1732 76.9783 -6158
v -1732 77.5052 -6160
v -1732 78.2699 -6162
v -1732 79.5164 -6164
v -1732 80.2941 -6166
v -1732 80.4827 -6168
v -1732 81.021 -6170
v -1732 80.6042 -6172
v -1732 80.5867 -6174
v -1730 77.9232 -6112
v -1730 77.6172 -6114
v -1730 77.4983 -6116
v -1730 77.1792 -6118
v -1730 77.0575 -6120
v -1730 76.8876 -6122
v -1730 76.5406 -6124
v -1730 76.3208 -6126
v -1730 75.9655 -6128
v -1730 75.5606 -6130
v -1730 75.2091 -6132
v -1730 74.7577 -6134
v -1730 74.3121 -6136
v -1730 74.2342 -6138
v -1730 74.7186 -6140
v -1730 75.143 -6142
v -1730 75.5408 -6144
v -1730 75.8007 -6146
v -1730 76.0547 -6148
v -1730 76.1882 -6150
v -1730 76.3733 -6152
v -1730 76.3901 -6154
v -1730 76.7784 -6156
v -1730 76.9491 -6158
v -1730 77.2374 -6160
v -1730 77.7757 -6162
v -1730 79.0922 -6164
v -1730 79.191 -6166
v -1730 80.1507 -6168
v -1730 79.9998 -6170
v -1730 80.0464 -6172
v -1730 79.1729 -6174
v -1728 77.8472 -6112
v -1728 77.468 -6114
v -1728 77.3578 -6116
v -1728 77.1911 -6118
v -1728 76.9644 -6120
v -1728 76.6654 -6122
v -1728 76.4033 -6124
v -1728 76.1784 -6126
v -1728 75.6756 -6128
v -1728 75.343 -6130
v -1728 74.9547 -6132
v -1728 74.6435 -6134
v -1728 74.3036 -6136
v -1728 74.3841 -6138
v -1728 74.7824 -6140
v -1728 75.2283 -6142
v -1728 75.5301 -6144
v -1728 75.8863 -6146
v -1728 75.8946 -6148
v -1728 76.0409 -6150
v -1728 76.1429 -6152
v -1728 76.4306 -6154
v -1728 76.5758 -6156
v -1728 76.9233 -6158
v -1728 77.0366 -6160
v -1728 77.3798 -6162
v -1728 78.0197 -6164
v -1728 78.9317 -6166
v -1728 79.3123 -6168
v -1728 79.3429 -6170
v -1728 79.2582 -6172
v -1728 78.7163 -6174
v -1726 77.5439 -6112
v -1726 77.3612 -6114
v -1726 77.277 -6116
v -1726 77.0289 -6118
v -1726 76.666 -6120
v -1726 76.361 -6122
v -1726 76.1408 -6124
v -1726 75.9799 -6126
v -1726 75.5189 -6128
v -1726 75.2418 -6130
v -1726 74.9477 -6132
v -1726 74.6163 -6134
v -1726 74.2205 -6136
v -1726 74.5446 -6138
v -1726 74.9813 -6140
v -1726 75.2923 -6142
v -1726 75.4504 -6144
v -1726 75.8102 -6146
v -1726 75.9013 -6148
v -1726 76.0428 -6150
v -1726 76.1014 -6152
v -1726 76.3622 -6154
v -1726 76.3844 -6156
v -1726 76.7426 -6158
v -1726 76.8942 -6160
v -1726 77.2084 -6162
v -1726 77.3756 -6164
v -1726 78.2006 -6166
v -1726 78.058 -6168
v -1726 78.564 -6170
v -1726 78.6096 -6172
v -1726 78.8482 -6174
v -1724 77.4046 -6112
v -1724 77.2304 -6114
v -1724 77.071 -6116
v -1724 76.7614 -6118
v -1724 76.5702 -6120
v -1724 76.222 -6122
v -1724 75.8337 -6124
v -1724 75.6273 -6126
v -1724 75.2318 -6128
v -1724 75.0444 -6130
v -1724 74.7535 -6132
v -1724 74.556 -6134
v -1724 74.2648 -6136
v -1724 74.6674 -6138
v -1724 74.9552 -6140
v -1724 75.26 -6142
v -1724 75.5387 -6144
v -1724 75.8326 -6146
v -1724 75.7599 -6148
v -1724 75.9293 -6150
v -1724 76.002 -6152
v -1724 76.2364 -6154
v -1724 76.2102 -6156
v -1724 76.4633 -6158
v -1724 76.6982 -6160
v -1724 76.8739 -6162
v -1724 76.8961 -6164
v -1724 77.3354 -6166
v -1724 77.2864 -6168
v -1724 77.6998 -6170
v -1724 77.8269 -6172
v -1724 78.0991 -6174
v -1722 76.9978 -6112
v -1722 76.9387 -6114
v -1722 76.8111 -6116
v -1722 76.4653 -6118
v -1722 76.1778 -6120
v -1722 75.7631 -6122
v -1722 75.4785 -6124
v -1722 75.3487 -6126
v -1722 74.9965 -6128
v -1722 74.8915 -6130
v -1722 74.6185 -6132
v -1722 74.5017 -6134
v -1722 74.4101 -6136
v -1722 74.628 -6138
v -1722 74.9512 -6140
v -1722 75.2592 -6142
v -1722 75.5942 -6144
v -1722 75.8521 -6146
v -1722 75.8207 -6148
v -1722 75.8512 -6150
v -1722 75.9075 -6152
v -1722 76.1825 -6154
v -1722 76.2499 -6156
v -1722 76.3783 -6158
v -1722 76.5672 -6160
v -1722 76.5707 -6162
v -1722 76.5654 -6164
v -1722 76.8583 -6166
v -1722 76.9688 -6168
v -1722 77.2528 -6170
v -1722 77.4162 -6172
v -1722 77.402 -6174
v -1720 76.8112 -6112
v -1720 76.7427 -6114
v -1720 76.4804 -6116
v -1720 76.1392 -6118
v -1720 75.8342 -6120
v -1720 75.5308 -6122
v -1720 75.0691 -6124
v -1720 74.931 -6126
v -1720 74.832 -6128
v -1720 74.6643 -6130
v -1720 74.4123 -6132
v -1720 74.4091 -6134
v -1720 74.3775 -6136
v -1720 74.7517 -6138
v -1720 74.9541 -6140
v -1720 75.2801 -6142
v -1720 75.5167 -6144
v -1720 75.6091 -6146
v -1720 75.7944 -6148
v -1720 75.7931 -6150
v -1720 75.9212 -6152
v -1720 75.9162 -6154
v -1720 76.1072 -6156
v -1720 76.3446 -6158
v -1720 76.3934 -6160
v -1720 76.4152 -6162
v -1720 76.3919 -6164
v -1720 76.4987 -6166
v -1720 76.6941 -6168
v -1720 76.8215 -6170
v -1720 76.9722 -6172
v -1720 77.1235 -6174
v -1718 76.5603 -6112
v -1718 76.4998 -6114
v -1718 76.1391 -6116
v -1718 75.7608 -6118
v -1718 75.464 -6120
v -1718 75.1207 -6122
v -1718 74.7914 -6124
v -1718 74.6453 -6126
v -1718 74.4134 -6128
v -1718 74.3569 -6130
v -1718 74.2022 -6132
v -1718 74.5446 -6134
v -1718 74.5662 -6136
v -1718 74.7147 -6138
v -1718 74.9614 -6140
v -1718 75.3078 -6142
v -1718 75.4186 -6144
v -1718 75.6637 -6146
v -1718 75.6122 -6148
v -1718 75.6444 -6150
v -1718 75.7303 -6152
v -1718 75.9374 -6154
v -1718 76.0208 -6156
v -1718 76.262 -6158
v -1718 76.2657 -6160
v -1718 76.2864 -6162
v -1718 76.2742 -6164
v -1718 76.4296 -6166
v -1718 76.3793 -6168
v -1718 76.4814 -6170
v -1718 76.621 -6172
v -1718 76.7845 -6174
v -1716 76.3115 -6112
v -1716 76.1025 -6114
v -1716 75.7591 -6116
v -1716 75.4444 -6118
v -1716 75.1738 -6120
v -1716 74.8239 -6122
v -1716 74.4207 -6124
v -1716 74.3102 -6126
v -1716 74.2223 -6128
v -1716 74.0828 -6130
v -1716 74.3349 -6132
v -1716 74.7533 -6134
v -1716 74.7969 -6136
v -1716 74.9738 -6138
v -1716 75.0689 -6140
v -1716 75.1282 -6142
v -1716 75.343 -6144
v -1716 75.4899 -6146
v -1716 75.6784 -6148
v -1716 75.7523 -6150
v -1716 75.7335 -6152
v -1716 75.8059 -6154
v -1716 75.9391 -6156
v -1716 76.1333 -6158
v -1716 76.2694 -6160
v -1716 76.2719 -6162
v -1716 76.2728 -6164
v -1716 76.231 -6166
v -1716 76.2128 -6168
v -1716 76.4029 -6170
v -1716 76.4081 -6172
v -1716 76.425 -6174
v -1714 75.8687 -6112
v -1714 75.7228 -6114
v -1714 75.4414 -6116
v -1714 75.1702 -6118
v -1714 74.7406 -6120
v -1714 74.4903 -6122
v -1714 74.1661 -6124
v -1714 74.0191 -6126
v -1714 74.1023 -6128
v -1714 74.4067 -6130
v -1714 74.59 -6132
v -1714 74.8543 -6134
v -1714 74.8426 -6136
v -1714 75.0318 -6138
v -1714 75.1792 -6140
v -1714 75.2603 -6142
v -1714 75.3791 -6144
v -1714 75.3128 -6146
v -1714 75.4467 -6148
v -1714 75.639 -6150
v -1714 75.7172 -6152
v -1714 75.7581 -6154
v -1714 75.9696 -6156
v -1714 76.0133 -6158
v -1714 75.9817 -6160
v -1714 76.1564 -6162
v -1714 76.1272 -6164
v -1714 76.0982 -6166
v -1714 76.1279 -6168
v -1714 75.9472 -6170
v -1714 76.0908 -6172
v -1714 76.1049 -6174
v -1712 75.4602 -6112
v -1712 75.2288 -6114
v -1712 74.9137 -6116
v -1712 74.7542 -6118
v -1712 74.377 -6120
v -1712 74.0543 -6122
v -1712 74.1466 -6124
v -1712 74.2346 -6126
v -1712 74.3707 -6128
v -1712 74.6654 -6130
v -1712 74.9552 -6132
v -1712 75.1333 -6134
v -1712 75.1887 -6136
v -1712 75.3358 -6138
v -1712 75.2048 -6140
v -1712 75.1359 -6142
v -1712 75.3004 -6144
v -1712 75.3489 -6146
v -1712 75.3925 -6148
v -1712 75.5253 -6150
v -1712 75.6868 -6152
v -1712 75.5917 -6154
v -1712 75.7543 -6156
v -1712 75.6662 -6158
v -1712 75.8353 -6160
v -1712 75.8274 -6162
v -1712 75.8825 -6164
v -1712 75.9944 -6166
v -1712 75.8372 -6168
v -1712 75.8102 -6170
v -1712 75.6916 -6172
v -1712 75.7 -6174
v -1710 74.9481 -6112
v -1710 74.7165 -6114
v -1710 74.6919 -6116
v -1710 74.3468 -6118
v -1710 74.3615 -6120
v -1710 74.3794 -6122
v -1710 74.5069 -6124
v -1710 74.5313 -6126
v -1710 74.8389 -6128
v -1710 74.996 -6130
v -1710 75.1608 -6132
v -1710 75.3458 -6134
v -1710 75.5612 -6136
v -1710 75.3693 -6138
v -1710 75.3449 -6140
v -1710 75.2717 -6142
v -1710 75.2374 -6144
v -1710 75.2697 -6146
v -1710 75.3274 -6148
v -1710 75.4889 -6150
v -1710 75.5017 -6152
v -1710 75.5518 -6154
v -1710 75.5393 -6156
v -1710 75.4184 -6158
v -1710 75.5018 -6160
v -1710 75.6495 -6162
v -1710 75.6885 -6164
v -1710 75.6397 -6166
v -1710 75.5934 -6168
v -1710 75.4687 -6170
v -1710 75.4125 -6172
v -1710 75.3595 -6174
v -1708 74.3768 -6112
v -1708 74.1995 -6114
v -1708 74.611 -6116
v -1708 74.7375 -6118
v -1708 74.8633 -6120
v -1708 74.872 -6122
v -1708 74.7932 -6124
v -1708 74.8948 -6126
v -1708 75.1264 -6128
v -1708 75.3405 -6130
v -1708 75.3882 -6132
v -1708 75.572 -6134
v -1708 75.4847 -6136
v -1708 75.4644 -6138
v -1708 75.4052 -6140
v -1708 75.3838 -6142
v -1708 75.1735 -6144
v -1708 75.2184 -6146
v -1708 75.2799 -6148
v -1708 75.3998 -6150
v -1708 75.4908 -6152
v -1708 75.3509 -6154
v -1708 75.2794 -6156
v -1708 75.2688 -6158
v -1708 75.2074 -6160
v -1708 75.3606 -6162
v -1708 75.3549 -6164
v -1708 75.4262 -6166
v -1708 75.2065 -6168
v -1708 75.0862 -6170
v -1708 75.0838 -6172
v -1708 75.1089 -6174
v -1706 74.3694 -6112
v -1706 74.6286 -6114
v -1706 74.9544 -6116
v -1706 75.026 -6118
v -1706 75.1544 -6120
v -1706 75.3503 -6122
v -1706 75.261 -6124
v -1706 75.4165 -6126
v -1706 75.5504 -6128
v -1706 75.4102 -6130
v -1706 75.5084 -6132
v -1706 75.763 -6134
v -1706 75.6409 -6136
v -1706 75.5813 -6138
v -1706 75.494 -6140
v -1706 75.2809 -6142
v -1706 75.3163 -6144
v -1706 75.2667 -6146
v -1706 75.3581 -6148
v -1706 75.4111 -6150
v -1706 75.4351 -6152
v -1706 75.3068 -6154
v -1706 75.2859 -6156
v -1706 75.2458 -6158
v -1706 75.076 -6160
v -1706 75.034 -6162
v -1706 75.0779 -6164
v -1706 75.0286 -6166
v -1706 74.8128 -6168
v -1706 74.7233 -6170
v -1706 74.614 -6172
v -1706 74.6278 -6174
v -1704 74.7421 -6112
v -1704 74.9696 -6114
v -1704 75.3115 -6116
v -1704 75.349 -6118
v -1704 75.5753 -6120
v -1704 75.5876 -6122
v -1704 75.6568 -6124
v -1704 75.7495 -6126
v -1704 75.6703 -6128
v -1704 75.7778 -6130
v -1704 75.7269 -6132
v -1704 75.775 -6134
v -1704 75.6022 -6136
v -1704 75.7026 -6138
v -1704 75.4594 -6140
v -1704 75.4105 -6142
v -1704 75.4482 -6144
v -1704 75.3184 -6146
v -1704 75.4796 -6148
v -1704 75.4565 -6150
v -1704 75.276 -6152
v -1704 75.2251 -6154
v -1704 75.1718 -6156
v -1704 75.1074 -6158
v -1704 75.0191 -6160
v -1704 74.8356 -6162
v -1704 74.7593 -6164
v -1704 74.6308 -6166
v -1704 74.6008 -6168
v -1704 74.5871 -6170
v -1704 74.4406 -6172
v -1704 74.3554 -6174
v -1702 75.0886 -6112
v -1702 75.0749 -6114
v -1702 75.4752 -6116
v -1702 75.5234 -6118
v -1702 75.6475 -6120
v -1702 75.7555 -6122
v -1702 75.9039 -6124
v -1702 75.9254 -6126
v -1702 75.8375 -6128
v -1702 75.8223 -6130
v -1702 75.7332 -6132
v -1702 75.8484 -6134
v -1702 75.6558 -6136
v -1702 75.6983 -6138
v -1702 75.6148 -6140
v -1702 75.5888 -6142
v -1702 75.4752 -6144
v -1702 75.3073 -6146
v -1702 75.4539 -6148
v -1702 75.3942 -6150
v -1702 75.327 -6152
v -1702 75.3573 -6154
v -1702 75.1317 -6156
v -1702 74.9378 -6158
v -1702 74.7771 -6160
v -1702 74.7402 -6162
v -1702 74.5933 -6164
v -1702 74.4003 -6166
v -1702 74.4221 -6168
v -1702 74.1678 -6170
v -1702 74.0244 -6172
v -1702 74.2107 -6174
v -1700 75.3182 -6112
v -1700 75.38 -6114
v -1700 75.6431 -6116
v -1700 75.6704 -6118
v -1700 75.8134 -6120
v -1700 75.886 -6122
v -1700 75.9868 -6124
v -1700 76.1249 -6126
v -1700 76.007 -6128
v -1700 75.9235 -6130
v -1700 75.8754 -6132
v -1700 75.7916 -6134
v -1700 75.9227 -6136
v -1700 75.7694 -6138
v -1700 75.7278 -6140
v -1700 75.5919 -6142
v -1700 75.5708 -6144
v -1700 75.3472 -6146
v -1700 75.4462 -6148
v -1700 75.2979 -6150
v -1700 75.1519 -6152
v -1700 75.133 -6154
v -1700 75.1578 -6156
v -1700 74.8876 -6158
v -1700 74.7187 -6160
v -1700 74.4825 -6162
v -1700 74.4629 -6164
v -1700 74.2808 -6166
v -1700 74.2112 -6168
v -1700 74.3439 -6170
v -1700 74.3687 -6172
v -1700 74.5847 -6174
v -1698 75.5682 -6112
v -1698 75.6528 -6114
v -1698 75.8545 -6116
v -1698 75.7675 -6118
v -1698 75.9474 -6120
v -1698 75.9547 -6122
v -1698 76.173 -6124
v -1698 76.0995 -6126
v -1698 76.0688 -6128
v -1698 75.9992 -6130
v -1698 76.0098 -6132
v -1698 75.9315 -6134
v -1698 75.972 -6136
v -1698 75.9591 -6138
v -1698 75.8372 -6140
v -1698 75.6171 -6142
v -1698 75.5359 -6144
v -1698 75.4327 -6146
v -1698 75.3664 -6148
v -1698 75.2091 -6150
v -1698 75.0041 -6152
v -1698 74.9496 -6154
v -1698 75.0389 -6156
v -1698 74.869 -6158
v -1698 74.676 -6160
v -1698 74.3538 -6162
v -1698 74.3133 -6164
v -1698 74.4139 -6166
v -1698 74.474 -6168
v -1698 74.6903 -6170
v -1698 74.7985 -6172
v -1698 74.7944 -6174
v -1696 76.0469 -6112
v -1696 76.0287 -6114
v -1696 76.0974 -6116
v -1696 76.0576 -6118
v -1696 76.187 -6120
v -1696 76.1164 -6122
v -1696 76.2882 -6124
v -1696 76.1947 -6126
v -1696 76.3634 -6128
v -1696 76.2556 -6130
v -1696 76.1305 -6132
v -1696 76.1517 -6134
v -1696 76.181 -6136
v -1696 76.0417 -6138
v -1696 75.849 -6140
v -1696 75.6982 -6142
v -1696 75.5683 -6144
v -1696 75.5015 -6146
v -1696 75.2548 -6148
v -1696 75.08 -6150
v -1696 75.0146 -6152
v -1696 75.0209 -6154
v -1696 74.9195 -6156
v -1696 74.7363 -6158
v -1696 74.6246 -6160
v -1696 74.3971 -6162
v -1696 74.2389 -6164
v -1696 74.4809 -6166
v -1696 74.6169 -6168
v -1696 74.8714 -6170
v -1696 74.9732 -6172
v -1696 75.1114 -6174
v -1694 76.3061 -6112
v -1694 76.3479 -6114
v -1694 76.4343 -6116
v -1694 76.4125 -6118
v -1694 76.2821 -6120
v -1694 76.3851 -6122
v -1694 76.3898 -6124
v -1694 76.287 -6126
v -1694 76.4522 -6128
v -1694 76.3879 -6130
v -1694 76.3012 -6132
v -1694 76.2622 -6134
v -1694 76.2308 -6136
v -1694 76.0444 -6138
v -1694 75.9387 -6140
v -1694 75.8153 -6142
v -1694 75.6431 -6144
v -1694 75.6096 -6146
v -1694 75.3363 -6148
v -1694 75.0687 -6150
v -1694 74.9209 -6152
v -1694 75.0663 -6154
v -1694 74.9111 -6156
v -1694 74.7477 -6158
v -1694 74.6573 -6160
v -1694 74.2543 -6162
v -1694 74.3852 -6164
v -1694 74.5756 -6166
v -1694 74.7048 -6168
v -1694 74.8495 -6170
v -1694 75.1232 -6172
v -1694 75.3801 -6174
v -1692 76.6485 -6112
v -1692 76.707 -6114
v -1692 76.8285 -6116
v -1692 76.8513 -6118
v -1692 76.7424 -6120
v -1692 76.6906 -6122
v -1692 76.4785 -6124
v -1692 76.4601 -6126
v -1692 76.5721 -6128
v -1692 76.6638 -6130
v -1692 76.6256 -6132
v -1692 76.6359 -6134
v -1692 76.5404 -6136
v -1692 76.2708 -6138
v -1692 76.1592 -6140
v -1692 76.0042 -6142
v -1692 75.8078 -6144
v -1692 75.7661 -6146
v -1692 75.5481 -6148
v -1692 75.3758 -6150
v -1692 75.1194 -6152
v -1692 75.0497 -6154
v -1692 74.8337 -6156
v -1692 74.8301 -6158
v -1692 74.5218 -6160
v -1692 74.2139 -6162
v -1692 74.4621 -6164
v -1692 74.496 -6166
v -1692 74.7834 -6168
v -1692 75.0577 -6170
v -1692 75.2134 -6172
v -1692 75.3769 -6174
v -1690 77.0074 -6112
v -1690 77.2124 -6114
v -1690 77.177 -6116
v -1690 77.1879 -6118
v -1690 77.0484 -6120
v -1690 76.9041 -6122
v -1690 76.8507 -6124
v -1690 76.7203 -6126
v -1690 76.7934 -6128
v -1690 76.8683 -6130
v -1690 76.8494 -6132
v -1690 76.9049 -6134
v -1690 76.5762 -6136
v -1690 76.5433 -6138
v -1690 76.3517 -6140
v -1690 76.2864 -6142
v -1690 76.1179 -6144
v -1690 76.0099 -6146
v -1690 75.7465 -6148
v -1690 75.5342 -6150
v -1690 75.2718 -6152
v -1690 75.1937 -6154
v -1690 74.9051 -6156
v -1690 74.6669 -6158
v -1690 74.4784 -6160
v -1690 74.1646 -6162
v -1690 74.1619 -6164
v -1690 74.5815 -6166
v -1690 74.7603 -6168
v -1690 75.0678 -6170
v -1690 75.2518 -6172
v -1690 75.6088 -6174
v -1688 77.4241 -6112
v -1688 77.8768 -6114
v -1688 77.523 -6116
v -1688 77.5156 -6118
v -1688 77.3854 -6120
v -1688 77.2884 -6122
v -1688 77.0428 -6124
v -1688 77.023 -6126
v -1688 77.0725 -6128
v -1688 77.1378 -6130
v -1688 77.113 -6132
v -1688 77.1233 -6134
v -1688 76.8336 -6136
v -1688 76.8032 -6138
v -1688 76.6004 -6140
v -1688 76.5748 -6142
v -1688 76.3699 -6144
v -1688 76.3024 -6146
v -1688 75.92 -6148
v -1688 75.7383 -6150
v -1688 75.4873 -6152
v -1688 75.2558 -6154
v -1688 74.9427 -6156
v -1688 74.6823 -6158
v -1688 74.3684 -6160
v -1688 74.0572 -6162
v -1688 74.2529 -6164
v -1688 74.4128 -6166
v -1688 74.8363 -6168
v -1688 75.0735 -6170
v -1688 75.4083 -6172
v -1688 75.4996 -6174
v -1686 78.1302 -6112
v -1686 78.6713 -6114
v -1686 78.3387 -6116
v -1686 77.6997 -6118
v -1686 77.6311 -6120
v -1686 77.5366 -6122
v -1686 77.3125 -6124
v -1686 77.3869 -6126
v -1686 77.3185 -6128
v -1686 77.3485 -6130
v -1686 77.2926 -6132
v -1686 77.3078 -6134
v -1686 77.1717 -6136
v -1686 76.927 -6138
v -1686 76.849 -6140
v -1686 76.7704 -6142
v -1686 76.6098 -6144
v -1686 76.5476 -6146
v -1686 76.2407 -6148
v -1686 75.8963 -6150
v -1686 75.6982 -6152
v -1686 75.4738 -6154
v -1686 75.057 -6156
v -1686 74.6093 -6158
v -1686 74.3633 -6160
v -1686 73.9302 -6162
v -1686 74.1547 -6164
v -1686 74.4027 -6166
v -1686 74.7205 -6168
v -1686 75.055 -6170
v -1686 75.2719 -6172
v -1686 75.5129 -6174
v -1684 78.6058 -6112
v -1684 79.034 -6114
v -1684 79.0622 -6116
v -1684 78.091 -6118
v -1684 78.03 -6120
v -1684 77.8531 -6122
v -1684 77.6422 -6124
v -1684 77.6039 -6126
v -1684 77.5123 -6128
v -1684 77.4824 -6130
v -1684 77.4904 -6132
v -1684 77.4563 -6134
v -1684 77.3245 -6136
v -1684 77.1519 -6138
v -1684 77.1311 -6140
v -1684 76.894 -6142
v -1684 76.7282 -6144
v -1684 76.511 -6146
v -1684 76.2228 -6148
v -1684 76.1436 -6150
v -1684 75.9207 -6152
v -1684 75.7502 -6154
v -1684 75.3062 -6156
v -1684 74.8982 -6158
v -1684 74.4183 -6160
v -1684 74.1236 -6162
v -1684 74.105 -6164
v -1684 74.502 -6166
v -1684 74.9061 -6168
v -1684 75.1575 -6170
v -1684 75.2868 -6172
v -1684 75.4783 -6174
v -1682 78.9181 -6112
v -1682 78.6493 -6114
v -1682 78.3118 -6116
v -1682 78.1289 -6118
v -1682 78.0813 -6120
v -1682 78.0488 -6122
v -1682 77.8813 -6124
v -1682 77.6434 -6126
v -1682 77.7411 -6128
v -1682 77.7796 -6130
v -1682 77.9198 -6132
v -1682 78.0908 -6134
v -1682 77.5015 -6136
v -1682 77.2627 -6138
v -1682 77.1034 -6140
v -1682 76.9587 -6142
v -1682 76.9055 -6144
v -1682 76.5747 -6146
v -1682 76.3387 -6148
v -1682 76.1632 -6150
v -1682 75.9759 -6152
v -1682 75.8588 -6154
v -1682 75.3604 -6156
v -1682 75.0574 -6158
v -1682 74.7376 -6160
v -1682 74.3136 -6162
v -1682 74.1067 -6164
v -1682 74.5251 -6166
v -1682 74.7621 -6168
v -1682 75.0343 -6170
v -1682 75.2499 -6172
v -1682 75.4538 -6174
v -1680 78.368 -6112
v -1680 78.3939 -6114
v -1680 78.3427 -6116
v -1680 78.3162 -6118
v -1680 78.2221 -6120
v -1680 78.1249 -6122
v -1680 77.9587 -6124
v -1680 77.8654 -6126
v -1680 78.4578 -6128
v -1680 78.7947 -6130
v -1680 78.8086 -6132
v -1680 78.2408 -6134
v -1680 77.8354 -6136
v -1680 77.3003 -6138
v -1680 77.2374 -6140
v -1680 77.0982 -6142
v -1680 77.0101 -6144
v -1680 76.6256 -6146
v -1680 76.423 -6148
v -1680 76.2257 -6150
v -1680 76.0474 -6152
v -1680 75.8596 -6154
v -1680 75.6499 -6156
v -1680 75.3064 -6158
v -1680 74.8906 -6160
v -1680 74.5245 -6162
v -1680 74.1718 -6164
v -1680 74.5408 -6166
v -1680 74.8712 -6168
v -1680 75.0558 -6170
v -1680 75.2311 -6172
v -1680 75.4298 -6174
f 65 64 63
f 66 65 63
f 57 56 55
f 58 57 55
f 52 51 50
f 53 52 50
f 54 53 50
f 48 47 46
f 49 48 46
f 44 43 42
f 45 44 42
f 40 39 38
f 41 40 38
f 36 35 34
f 37 36 34
f 61 60 59
f 62 61 59
f 19 18 17
f 20 19 17
f 21 20 17
f 32 31 30
f 33 32 30
f 24 23 22
f 25 24 22
f 3 2 1
f 4 3 1
f 15 14 13
f 16 15 13
f 11 10 9
f 12 11 9
f 7 6 5
f 8 7 5
f 28 27 26
f 29 28 26
f 257 256 255
f 261 260 259
f 262 261 259
f 265 264 263
f 266 265 263
f 277 276 275
f 278 277 275
f 258 257 255
f 269 268 267
f 270 269 267
f 309 308 307
f 310 309 307
f 411 410 409
f 343 342 341
f 344 343 341
f 377 376 375
f 281 280 279
f 282 281 279
f 285 284 283
f 286 285 283
f 289 288 287
f 290 289 287
f 293 292 291
f 294 293 291
f 297 296 295
f 298 297 295
f 301 300 299
f 302 301 299
f 305 304 303
f 306 305 303
f 378 377 375
f 412 411 409
f 273 272 271
f 274 273 271
f 311 309 310
f 312 311 310
f 413 411 412
f 345 343 344
f 346 345 344
f 379 377 378
f 414 413 412
f 380 379 378
f 313 311 312
f 314 313 312
f 415 413 414
f 347 345 346
f 348 347 346
f 416 415 414
f 381 379 380
f 382 381 380
f 315 313 314
f 316 315 314
f 349 347 348
f 417 415 416
f 418 417 416
f 383 381 382
f 384 383 382
f 350 349 348
f 351 349 350
f 352 351 350
f 317 315 316
f 318 317 316
f 385 383 384
f 386 385 384
f 419 417 418
f 420 419 418
f 319 317 318
f 320 319 318
f 421 419 420
f 353 351 352
f 354 353 352
f 387 385 386
f 422 421 420
f 388 387 386
f 321 319 320
f 322 321 320
f 355 353 354
f 356 355 354
f 423 421 422
f 424 423 422
f 389 387 388
f 390 389 388
f 323 321 322
f 324 323 322
f 357 355 356
f 425 423 424
f 426 425 424
f 391 389 390
f 392 391 390
f 358 357 356
f 359 357 358
f 360 359 358
f 325 323 324
f 326 325 324
f 393 391 392
f 394 393 392
f 427 425 426
f 428 427 426
f 327 325 326
f 328 327 326
f 429 427 428
f 361 359 360
f 362 361 360
f 395 393 394
f 430 429 428
f 396 395 394
f 329 327 328
f 330 329 328
f 363 361 362
f 364 363 362
f 431 429 430
f 432 431 430
f 397 395 396
f 398 397 396
f 331 329 330
f 332 331 330
f 365 363 364
f 366 365 364
f 433 431 432
f 434 433 432
f 399 397 398
f 400 399 398
f 367 365 366
f 368 367 366
f 333 331 332
f 334 333 332
f 401 399 400
f 402 401 400
f 435 433 434
f 436 435 434
f 437 435 436
f 369 367 368
f 370 369 368
f 335 333 334
f 336 335 334
f 403 401 402
f 438 437 436
f 404 403 402
f 337 335 336
f 338 337 336
f 371 369 370
f 372 371 370
f 439 437 438
f 440 439 438
f 405 403 404
f 406 405 404
f 339 337 338
f 441 439 440
f 442 441 440
f 407 405 406
f 408 407 406
f 340 339 338
f 373 371 372
f 374 373 372
f 69 68 67
f 73 72 71
f 74 73 71
f 77 76 75
f 78 77 75
f 89 88 87
f 90 89 87
f 70 69 67
f 81 80 79
f 82 81 79
f 155 154 153
f 156 155 153
f 121 120 119
f 122 121 119
f 97 96 95
f 98 97 95
f 189 188 187
f 101 100 99
f 102 101 99
f 105 104 103
f 106 105 103
f 109 108 107
f 110 109 107
f 113 112 111
f 114 113 111
f 117 116 115
f 118 117 115
f 93 92 91
f 94 93 91
f 190 189 187
f 223 222 221
f 224 223 221
f 85 84 83
f 86 85 83
f 225 223 224
f 157 155 156
f 158 157 156
f 123 121 122
f 124 123 122
f 191 189 190
f 226 225 224
f 192 191 190
f 125 123 124
f 126 125 124
f 159 157 158
f 160 159 158
f 227 225 226
f 228 227 226
f 193 191 192
f 194 193 192
f 127 125 126
f 229 227 228
f 230 229 228
f 195 193 194
f 196 195 194
f 128 127 126
f 161 159 160
f 162 161 160
f 163 161 162
f 164 163 162
f 129 127 128
f 130 129 128
f 197 195 196
f 198 197 196
f 231 229 230
f 232 231 230
f 233 231 232
f 165 163 164
f 166 165 164
f 131 129 130
f 132 131 130
f 199 197 198
f 234 233 232
f 200 199 198
f 133 131 132
f 134 133 132
f 167 165 166
f 168 167 166
f 235 233 234
f 236 235 234
f 201 199 200
f 202 201 200
f 237 235 236
f 238 237 236
f 203 201 202
f 204 203 202
f 135 133 134
f 136 135 134
f 169 167 168
f 170 169 168
f 171 169 170
f 172 171 170
f 137 135 136
f 138 137 136
f 205 203 204
f 206 205 204
f 239 237 238
f 240 239 238
f 241 239 240
f 173 171 172
f 174 173 172
f 139 137 138
f 140 139 138
f 207 205 206
f 242 241 240
f 208 207 206
f 141 139 140
f 142 141 140
f 175 173 174
f 176 175 174
f 243 241 242
f 244 243 242
f 209 207 208
f 210 209 208
f 143 141 142
f 245 243 244
f 246 245 244
f 144 143 142
f 177 175 176
f 211 209 210
f 212 211 210
f 178 177 176
f 179 177 178
f 180 179 178
f 145 143 144
f 146 145 144
f 213 211 212
f 214 213 212
f 247 245 246
f 248 247 246
f 249 247 248
f 181 179 180
f 182 181 180
f 147 145 146
f 148 147 146
f 215 213 214
f 250 249 248
f 216 215 214
f 149 147 148
f 150 149 148
f 183 181 182
f 184 183 182
f 251 249 250
f 252 251 250
f 217 215 216
f 218 217 216
f 151 149 150
f 253 251 252
f 254 253 252
f 152 151 150
f 185 183 184
f 219 217 218
f 220 219 218
f 186 185 184
f 461 460 459
f 462 461 459
f 465 464 463
f 466 465 463
f 469 468 467
f 470 469 467
f 473 472 471
f 474 473 471
f 445 444 443
f 446 445 443
f 449 448 447
f 450 449 447
f 453 452 451
f 454 453 451
f 457 456 455
f 458 457 455
f 539 538 537
f 540 539 537
f 531 530 529
f 532 531 529
f 526 525 524
f 527 526 524
f 528 527 524
f 522 521 520
f 523 522 520
f 518 517 516
f 519 518 516
f 514 513 512
f 515 514 512
f 510 509 508
f 511 510 508
f 535 534 533
f 536 535 533
f 493 492 491
f 494 493 491
f 495 494 491
f 506 505 504
f 507 506 504
f 498 497 496
f 499 498 496
f 477 476 475
f 478 477 475
f 489 488 487
f 490 489 487
f 485 484 483
f 486 485 483
f 481 480 479
f 482 481 479
f 502 501 500
f 503 502 500
f 731 730 729
f 735 734 733
f 736 735 733
f 739 738 737
f 740 739 737
f 751 750 749
f 752 751 749
f 732 731 729
f 743 742 741
f 744 743 741
f 783 782 781
f 784 783 781
f 885 884 883
f 817 816 815
f 818 817 815
f 851 850 849
f 755 754 753
f 756 755 753
f 759 758 757
f 760 759 757
f 763 762 761
f 764 763 761
f 767 766 765
f 768 767 765
f 771 770 769
f 772 771 769
f 775 774 773
f 776 775 773
f 779 778 777
f 780 779 777
f 852 851 849
f 886 885 883
f 747 746 745
f 748 747 745
f 785 783 784
f 786 785 784
f 887 885 886
f 819 817 818
f 820 819 818
f 853 851 852
f 888 887 886
f 854 853 852
f 787 785 786
f 788 787 786
f 889 887 888
f 821 819 820
f 822 821 820
f 890 889 888
f 855 853 854
f 856 855 854
f 789 787 788
f 790 789 788
f 823 821 822
f 891 889 890
f 892 891 890
f 857 855 856
f 858 857 856
f 824 823 822
f 825 823 824
f 826 825 824
f 791 789 790
f 792 791 790
f 859 857 858
f 860 859 858
f 893 891 892
f 894 893 892
f 793 791 792
f 794 793 792
f 895 893 894
f 827 825 826
f 828 827 826
f 861 859 860
f 896 895 894
f 862 861 860
f 795 793 794
f 796 795 794
f 829 827 828
f 830 829 828
f 897 895 896
f 898 897 896
f 863 861 862
f 864 863 862
f 797 795 796
f 798 797 796
f 831 829 830
f 899 897 898
f 900 899 898
f 865 863 864
f 866 865 864
f 832 831 830
f 833 831 832
f 834 833 832
f 799 797 798
f 800 799 798
f 867 865 866
f 868 867 866
f 901 899 900
f 902 901 900
f 801 799 800
f 802 801 800
f 903 901 902
f 835 833 834
f 836 835 834
f 869 867 868
f 904 903 902
f 870 869 868
f 803 801 802
f 804 803 802
f 837 835 836
f 838 837 836
f 905 903 904
f 906 905 904
f 871 869 870
f 872 871 870
f 805 803 804
f 806 805 804
f 839 837 838
f 840 839 838
f 907 905 906
f 908 907 906
f 873 871 872
f 874 873 872
f 841 839 840
f 842 841 840
f 807 805 806
f 808 807 806
f 875 873 874
f 876 875 874
f 909 907 908
f 910 909 908
f 911 909 910
f 843 841 842
f 844 843 842
f 809 807 808
f 810 809 808
f 877 875 876
f 912 911 910
f 878 877 876
f 811 809 810
f 812 811 810
f 845 843 844
f 846 845 844
f 913 911 912
f 914 913 912
f 879 877 878
f 880 879 878
f 813 811 812
f 915 913 914
f 916 915 914
f 881 879 880
f 882 881 880
f 814 813 812
f 847 845 846
f 848 847 846
f 543 542 541
f 547 546 545
f 548 547 545
f 551 550 549
f 552 551 549
f 563 562 561
f 564 563 561
f 544 543 541
f 555 554 553
f 556 555 553
f 629 628 627
f 630 629 627
f 595 594 593
f 596 595 593
f 571 570 569
f 572 571 569
f 663 662 661
f 575 574 573
f 576 575 573
f 579 578 577
f 580 579 577
f 583 582 581
f 584 583 581
f 587 586 585
f 588 587 585
f 591 590 589
f 592 591 589
f 567 566 565
f 568 567 565
f 664 663 661
f 697 696 695
f 698 697 695
f 559 558 557
f 560 559 557
f 699 697 698
f 631 629 630
f 632 631 630
f 597 595 596
f 598 597 596
f 665 663 664
f 700 699 698
f 666 665 664
f 599 597 598
f 600 599 598
f 633 631 632
f 634 633 632
f 701 699 700
f 702 701 700
f 667 665 666
f 668 667 666
f 601 599 600
f 703 701 702
f 704 703 702
f 669 667 668
f 670 669 668
f 602 601 600
f 635 633 634
f 636 635 634
f 637 635 636
f 638 637 636
f 603 601 602
f 604 603 602
f 671 669 670
f 672 671 670
f 705 703 704
f 706 705 704
f 707 705 706
f 639 637 638
f 640 639 638
f 605 603 604
f 606 605 604
f 673 671 672
f 708 707 706
f 674 673 672
f 607 605 606
f 608 607 606
f 641 639 640
f 642 641 640
f 709 707 708
f 710 709 708
f 675 673 674
f 676 675 674
f 711 709 710
f 712 711 710
f 677 675 676
f 678 677 676
f 609 607 608
f 610 609 608
f 643 641 642
f 644 643 642
f 645 643 644
f 646 645 644
f 611 609 610
f 612 611 610
f 679 677 678
f 680 679 678
f 713 711 712
f 714 713 712
f 715 713 714
f 647 645 646
f 648 647 646
f 613 611 612
f 614 613 612
f 681 679 680
f 716 715 714
f 682 681 680
f 615 613 614
f 616 615 614
f 649 647 648
f 650 649 648
f 717 715 716
f 718 717 716
f 683 681 682
f 684 683 682
f 617 615 616
f 719 717 718
f 720 719 718
f 618 617 616
f 651 649 650
f 685 683 684
f 686 685 684
f 652 651 650
f 653 651 652
f 654 653 652
f 619 617 618
f 620 619 618
f 687 685 686
f 688 687 686
f 721 719 720
f 722 721 720
f 723 721 722
f 655 653 654
f 656 655 654
f 621 619 620
f 622 621 620
f 689 687 688
f 724 723 722
f 690 689 688
f 623 621 622
f 624 623 622
f 657 655 656
f 658 657 656
f 725 723 724
f 726 725 724
f 691 689 690
f 692 691 690
f 625 623 624
f 727 725 726
f 728 727 726
f 626 625 624
f 659 657 658
f 693 691 692
f 694 693 692
f 660 659 658
f 935 934 933
f 936 935 933
f 939 938 937
f 940 939 937
f 943 942 941
f 944 943 941
f 947 946 945
f 948 947 945
f 919 918 917
f 920 919 917
f 923 922 921
f 924 923 921
f 927 926 925
f 928 927 925
f 931 930 929
f 932 931 929
f 1013 1012 1011
f 1014 1013 1011
f 1005 1004 1003
f 1006 1005 1003
f 1000 999 998
f 1001 1000 998
f 1002 1001 998
f 996 995 994
f 997 996 994
f 992 991 990
f 993 992 990
f 988 987 986
f 989 988 986
f 984 983 982
f 985 984 982
f 1009 1008 1007
f 1010 1009 1007
f 967 966 965
f 968 967 965
f 969 968 965
f 980 979 978
f 981 980 978
f 972 971 970
f 973 972 970
f 951 950 949
f 952 951 949
f 963 962 961
f 964 963 961
f 959 958 957
f 960 959 957
f 955 954 953
f 956 955 953
f 976 975 974
f 977 976 974
f 1205 1204 1203
f 1209 1208 1207
f 1210 1209 1207
f 1213 1212 1211
f 1214 1213 1211
f 1225 1224 1223
f 1226 1225 1223
f 1206 1205 1203
f 1217 1216 1215
f 1218 1217 1215
f 1257 1256 1255
f 1258 1257 1255
f 1359 1358 1357
f 1291 1290 1289
f 1292 1291 1289
f 1325 1324 1323
f 1229 1228 1227
f 1230 1229 1227
f 1233 1232 1231
f 1234 1233 1231
f 1237 1236 1235
f 1238 1237 1235
f 1241 1240 1239
f 1242 1241 1239
f 1245 1244 1243
f 1246 1245 1243
f 1249 1248 1247
f 1250 1249 1247
f 1253 1252 1251
f 1254 1253 1251
f 1326 1325 1323
f 1360 1359 1357
f 1221 1220 1219
f 1222 1221 1219
f 1259 1257 1258
f 1260 1259 1258
f 1361 1359 1360
f 1293 1291 1292
f 1294 1293 1292
f 1327 1325 1326
f 1362 1361 1360
f 1328 1327 1326
f 1261 1259 1260
f 1262 1261 1260
f 1363 1361 1362
f 1295 1293 1294
f 1296 1295 1294
f 1364 1363 1362
f 1329 1327 1328
f 1330 1329 1328
f 1263 1261 1262
f 1264 1263 1262
f 1297 1295 1296
f 1365 1363 1364
f 1366 1365 1364
f 1331 1329 1330
f 1332 1331 1330
f 1298 1297 1296
f 1299 1297 1298
f 1300 1299 1298
f 1265 1263 1264
f 1266 1265 1264
f 1333 1331 1332
f 1334 1333 1332
f 1367 1365 1366
f 1368 1367 1366
f 1267 1265 1266
f 1268 1267 1266
f 1369 1367 1368
f 1301 1299 1300
f 1302 1301 1300
f 1335 1333 1334
f 1370 1369 1368
f 1336 1335 1334
f 1269 1267 1268
f 1270 1269 1268
f 1303 1301 1302
f 1304 1303 1302
f 1371 1369 1370
f 1372 1371 1370
f 1337 1335 1336
f 1338 1337 1336
f 1271 1269 1270
f 1272 1271 1270
f 1305 1303 1304
f 1373 1371 1372
f 1374 1373 1372
f 1339 1337 1338
f 1340 1339 1338
f 1306 1305 1304
f 1307 1305 1306
f 1308 1307 1306
f 1273 1271 1272
f 1274 1273 1272
f 1341 1339 1340
f 1342 1341 1340
f 1375 1373 1374
f 1376 1375 1374
f 1275 1273 1274
f 1276 1275 1274
f 1377 1375 1376
f 1309 1307 1308
f 1310 1309 1308
f 1343 1341 1342
f 1378 1377 1376
f 1344 1343 1342
f 1277 1275 1276
f 1278 1277 1276
f 1311 1309 1310
f 1312 1311 1310
f 1379 1377 1378
f 1380 1379 1378
f 1345 1343 1344
f 1346 1345 1344
f 1279 1277 1278
f 1280 1279 1278
f 1313 1311 1312
f 1314 1313 1312
f 1381 1379 1380
f 1382 1381 1380
f 1347 1345 1346
f 1348 1347 1346
f 1315 1313 1314
f 1316 1315 1314
f 1281 1279 1280
f 1282 1281 1280
f 1349 1347 1348
f 1350 1349 1348
f 1383 1381 1382
f 1384 1383 1382
f 1385 1383 1384
f 1317 1315 1316
f 1318 1317 1316
f 1283 1281 1282
f 1284 1283 1282
f 1351 1349 1350
f 1386 1385 1384
f 1352 1351 1350
f 1285 1283 1284
f 1286 1285 1284
f 1319 1317 1318
f 1320 1319 1318
f 1387 1385 1386
f 1388 1387 1386
f 1353 1351 1352
f 1354 1353 1352
f 1287 1285 1286
f 1389 1387 1388
f 1390 1389 1388
f 1355 1353 1354
f 1356 1355 1354
f 1288 1287 1286
f 1321 1319 1320
f 1322 1321 1320
f 1017 1016 1015
f 1021 1020 1019
f 1022 1021 1019
f 1025 1024 1023
f 1026 1025 1023
f 1037 1036 1035
f 1038 1037 1035
f 1018 1017 1015
f 1029 1028 1027
f 1030 1029 1027
f 1103 1102 1101
f 1104 1103 1101
f 1069 1068 1067
f 1070 1069 1067
f 1045 1044 1043
f 1046 1045 1043
f 1137 1136 1135
f 1049 1048 1047
f 1050 1049 1047
f 1053 1052 1051
f 1054 1053 1051
f 1057 1056 1055
f 1058 1057 1055
f 1061 1060 1059
f 1062 1061 1059
f 1065 1064 1063
f 1066 1065 1063
f 1041 1040 1039
f 1042 1041 1039
f 1138 1137 1135
f 1171 1170 1169
f 1172 1171 1169
f 1033 1032 1031
f 1034 1033 1031
f 1173 1171 1172
f 1105 1103 1104
f 1106 1105 1104
f 1071 1069 1070
f 1072 1071 1070
f 1139 1137 1138
f 1174 1173 1172
f 1140 1139 1138
f 1073 1071 1072
f 1074 1073 1072
f 1107 1105 1106
f 1108 1107 1106
f 1175 1173 1174
f 1176 1175 1174
f 1141 1139 1140
f 1142 1141 1140
f 1075 1073 1074
f 1177 1175 1176
f 1178 1177 1176
f 1143 1141 1142
f 1144 1143 1142
f 1076 1075 1074
f 1109 1107 1108
f 1110 1109 1108
f 1111 1109 1110
f 1112 1111 1110
f 1077 1075 1076
f 1078 1077 1076
f 1145 1143 1144
f 1146 1145 1144
f 1179 1177 1178
f 1180 1179 1178
f 1181 1179 1180
f 1113 1111 1112
f 1114 1113 1112
f 1079 1077 1078
f 1080 1079 1078
f 1147 1145 1146
f 1182 1181 1180
f 1148 1147 1146
f 1081 1079 1080
f 1082 1081 1080
f 1115 1113 1114
f 1116 1115 1114
f 1183 1181 1182
f 1184 1183 1182
f 1149 1147 1148
f 1150 1149 1148
f 1185 1183 1184
f 1186 1185 1184
f 1151 1149 1150
f 1152 1151 1150
f 1083 1081 1082
f 1084 1083 1082
f 1117 1115 1116
f 1118 1117 1116
f 1119 1117 1118
f 1120 1119 1118
f 1085 1083 1084
f 1086 1085 1084
f 1153 1151 1152
f 1154 1153 1152
f 1187 1185 1186
f 1188 1187 1186
f 1189 1187 1188
f 1121 1119 1120
f 1122 1121 1120
f 1087 1085 1086
f 1088 1087 1086
f 1155 1153 1154
f 1190 1189 1188
f 1156 1155 1154
f 1089 1087 1088
f 1090 1089 1088
f 1123 1121 1122
f 1124 1123 1122
f 1191 1189 1190
f 1192 1191 1190
f 1157 1155 1156
f 1158 1157 1156
f 1091 1089 1090
f 1193 1191 1192
f 1194 1193 1192
f 1092 1091 1090
f 1125 1123 1124
f 1159 1157 1158
f 1160 1159 1158
f 1126 1125 1124
f 1127 1125 1126
f 1128 1127 1126
f 1093 1091 1092
f 1094 1093 1092
f 1161 1159 1160
f 1162 1161 1160
f 1195 1193 1194
f 1196 1195 1194
f 1197 1195 1196
f 1129 1127 1128
f 1130 1129 1128
f 1095 1093 1094
f 1096 1095 1094
f 1163 1161 1162
f 1198 1197 1196
f 1164 1163 1162
f 1097 1095 1096
f 1098 1097 1096
f 1131 1129 1130
f 1132 1131 1130
f 1199 1197 1198
f 1200 1199 1198
f 1165 1163 1164
f 1166 1165 1164
f 1099 1097 1098
f 1201 1199 1200
f 1202 1201 1200
f 1100 1099 1098
f 1133 1131 1132
f 1167 1165 1166
f 1168 1167 1166
f 1134 1133 1132
f 1409 1408 1407
f 1410 1409 1407
f 1413 1412 1411
f 1414 1413 1411
f 1417 1416 1415
f 1418 1417 1415
f 1421 1420 1419
f 1422 1421 1419
f 1393 1392 1391
f 1394 1393 1391
f 1397 1396 1395
f 1398 1397 1395
f 1401 1400 1399
f 1402 1401 1399
f 1405 1404 1403
f 1406 1405 1403
f 1487 1486 1485
f 1488 1487 1485
f 1479 1478 1477
f 1480 1479 1477
f 1474 1473 1472
f 1475 1474 1472
f 1476 1475 1472
f 1470 1469 1468
f 1471 1470 1468
f 1466 1465 1464
f 1467 1466 1464
f 1462 1461 1460
f 1463 1462 1460
f 1458 1457 1456
f 1459 1458 1456
f 1483 1482 1481
f 1484 1483 1481
f 1441 1440 1439
f 1442 1441 1439
f 1443 1442 1439
f 1454 1453 1452
f 1455 1454 1452
f 1446 1445 1444
f 1447 1446 1444
f 1425 1424 1423
f 1426 1425 1423
f 1437 1436 1435
f 1438 1437 1435
f 1433 1432 1431
f 1434 1433 1431
f 1429 1428 1427
f 1430 1429 1427
f 1450 1449 1448
f 1451 1450 1448
f 1679 1678 1677
f 1683 1682 1681
f 1684 1683 1681
f 1687 1686 1685
f 1688 1687 1685
f 1699 1698 1697
f 1700 1699 1697
f 1680 1679 1677
f 1691 1690 1689
f 1692 1691 1689
f 1731 1730 1729
f 1732 1731 1729
f 1833 1832 1831
f 1765 1764 1763
f 1766 1765 1763
f 1799 1798 1797
f 1703 1702 1701
f 1704 1703 1701
f 1707 1706 1705
f 1708 1707 1705
f 1711 1710 1709
f 1712 1711 1709
f 1715 1714 1713
f 1716 1715 1713
f 1719 1718 1717
f 1720 1719 1717
f 1723 1722 1721
f 1724 1723 1721
f 1727 1726 1725
f 1728 1727 1725
f 1800 1799 1797
f 1834 1833 1831
f 1695 1694 1693
f 1696 1695 1693
f 1733 1731 1732
f 1734 1733 1732
f 1835 1833 1834
f 1767 1765 1766
f 1768 1767 1766
f 1801 1799 1800
f 1836 1835 1834
f 1802 1801 1800
f 1735 1733 1734
f 1736 1735 1734
f 1837 1835 1836
f 1769 1767 1768
f 1770 1769 1768
f 1838 1837 1836
f 1803 1801 1802
f 1804 1803 1802
f 1737 1735 1736
f 1738 1737 1736
f 1771 1769 1770
f 1839 1837 1838
f 1840 1839 1838
f 1805 1803 1804
f 1806 1805 1804
f 1772 1771 1770
f 1773 1771 1772
f 1774 1773 1772
f 1739 1737 1738
f 1740 1739 1738
f 1807 1805 1806
f 1808 1807 1806
f 1841 1839 1840
f 1842 1841 1840
f 1741 1739 1740
f 1742 1741 1740
f 1843 1841 1842
f 1775 1773 1774
f 1776 1775 1774
f 1809 1807 1808
f 1844 1843 1842
f 1810 1809 1808
f 1743 1741 1742
f 1744 1743 1742
f 1777 1775 1776
f 1778 1777 1776
f 1845 1843 1844
f 1846 1845 1844
f 1811 1809 1810
f 1812 1811 1810
f 1745 1743 1744
f 1746 1745 1744
f 1779 1777 1778
f 1847 1845 1846
f 1848 1847 1846
f 1813 1811 1812
f 1814 1813 1812
f 1780 1779 1778
f 1781 1779 1780
f 1782 1781 1780
f 1747 1745 1746
f 1748 1747 1746
f 1815 1813 1814
f 1816 1815 1814
f 1849 1847 1848
f 1850 1849 1848
f 1749 1747 1748
f 1750 1749 1748
f 1851 1849 1850
f 1783 1781 1782
f 1784 1783 1782
f 1817 1815 1816
f 1852 1851 1850
f 1818 1817 1816
f 1751 1749 1750
f 1752 1751 1750
f 1785 1783 1784
f 1786 1785 1784
f 1853 1851 1852
f 1854 1853 1852
f 1819 1817 1818
f 1820 1819 1818
f 1753 1751 1752
f 1754 1753 1752
f 1787 1785 1786
f 1788 1787 1786
f 1855 1853 1854
f 1856 1855 1854
f 1821 1819 1820
f 1822 1821 1820
f 1789 1787 1788
f 1790 1789 1788
f 1755 1753 1754
f 1756 1755 1754
f 1823 1821 1822
f 1824 1823 1822
f 1857 1855 1856
f 1858 1857 1856
f 1859 1857 1858
f 1791 1789 1790
f 1792 1791 1790
f 1757 1755 1756
f 1758 1757 1756
f 1825 1823 1824
f 1860 1859 1858
f 1826 1825 1824
f 1759 1757 1758
f 1760 1759 1758
f 1793 1791 1792
f 1794 1793 1792
f 1861 1859 1860
f 1862 1861 1860
f 1827 1825 1826
f 1828 1827 1826
f 1761 1759 1760
f 1863 1861 1862
f 1864 1863 1862
f 1829 1827 1828
f 1830 1829 1828
f 1762 1761 1760
f 1795 1793 1794
f 1796 1795 1794
f 1491 1490 1489
f 1495 1494 1493
f 1496 1495 1493
f 1499 1498 1497
f 1500 1499 1497
f 1511 1510 1509
f 1512 1511 1509
f 1492 1491 1489
f 1503 1502 1501
f 1504 1503 1501
f 1577 1576 1575
f 1578 1577 1575
f 1543 1542 1541
f 1544 1543 1541
f 1519 1518 1517
f 1520 1519 1517
f 1611 1610 1609
f 1523 1522 1521
f 1524 1523 1521
f 1527 1526 1525
f 1528 1527 1525
f 1531 1530 1529
f 1532 1531 1529
f 1535 1534 1533
f 1536 1535 1533
f 1539 1538 1537
f 1540 1539 1537
f 1515 1514 1513
f 1516 1515 1513
f 1612 1611 1609
f 1645 1644 1643
f 1646 1645 1643
f 1507 1506 1505
f 1508 1507 1505
f 1647 1645 1646
f 1579 1577 1578
f 1580 1579 1578
f 1545 1543 1544
f 1546 1545 1544
f 1613 1611 1612
f 1648 1647 1646
f 1614 1613 1612
f 1547 1545 1546
f 1548 1547 1546
f 1581 1579 1580
f 1582 1581 1580
f 1649 1647 1648
f 1650 1649 1648
f 1615 1613 1614
f 1616 1615 1614
f 1549 1547 1548
f 1651 1649 1650
f 1652 1651 1650
f 1617 1615 1616
f 1618 1617 1616
f 1550 1549 1548
f 1583 1581 1582
f 1584 1583 1582
f 1585 1583 1584
f 1586 1585 1584
f 1551 1549 1550
f 1552 1551 1550
f 1619 1617 1618
f 1620 1619 1618
f 1653 1651 1652
f 1654 1653 1652
f 1655 1653 1654
f 1587 1585 1586
f 1588 1587 1586
f 1553 1551 1552
f 1554 1553 1552
f 1621 1619 1620
f 1656 1655 1654
f 1622 1621 1620
f 1555 1553 1554
f 1556 1555 1554
f 1589 1587 1588
f 1590 1589 1588
f 1657 1655 1656
f 1658 1657 1656
f 1623 1621 1622
f 1624 1623 1622
f 1659 1657 1658
f 1660 1659 1658
f 1625 1623 1624
f 1626 1625 1624
f 1557 1555 1556
f 1558 1557 1556
f 1591 1589 1590
f 1592 1591 1590
f 1593 1591 1592
f 1594 1593 1592
f 1559 1557 1558
f 1560 1559 1558
f 1627 1625 1626
f 1628 1627 1626
f 1661 1659 1660
f 1662 1661 1660
f 1663 1661 1662
f 1595 1593 1594
f 1596 1595 1594
f 1561 1559 1560
f 1562 1561 1560
f 1629 1627 1628
f 1664 1663 1662
f 1630 1629 1628
f 1563 1561 1562
f 1564 1563 1562
f 1597 1595 1596
f 1598 1597 1596
f 1665 1663 1664
f 1666 1665 1664
f 1631 1629 1630
f 1632 1631 1630
f 1565 1563 1564
f 1667 1665 1666
f 1668 1667 1666
f 1566 1565 1564
f 1599 1597 1598
f 1633 1631 1632
f 1634 1633 1632
f 1600 1599 1598
f 1601 1599 1600
f 1602 1601 1600
f 1567 1565 1566
f 1568 1567 1566
f 1635 1633 1634
f 1636 1635 1634
f 1669 1667 1668
f 1670 1669 1668
f 1671 1669 1670
f 1603 1601 1602
f 1604 1603 1602
f 1569 1567 1568
f 1570 1569 1568
f 1637 1635 1636
f 1672 1671 1670
f 1638 1637 1636
f 1571 1569 1570
f 1572 1571 1570
f 1605 1603 1604
f 1606 1605 1604
f 1673 1671 1672
f 1674 1673 1672
f 1639 1637 1638
f 1640 1639 1638
f 1573 1571 1572
f 1675 1673 1674
f 1676 1675 1674
f 1574 1573 1572
f 1607 1605 1606
f 1641 1639 1640
f 1642 1641 1640
f 1608 1607 1606
f 1883 1882 1881
f 1884 1883 1881
f 1887 1886 1885
f 1888 1887 1885
f 1891 1890 1889
f 1892 1891 1889
f 1895 1894 1893
f 1896 1895 1893
f 1867 1866 1865
f 1868 1867 1865
f 1871 1870 1869
f 1872 1871 1869
f 1875 1874 1873
f 1876 1875 1873
f 1879 1878 1877
f 1880 1879 1877
f 1961 1960 1959
f 1962 1961 1959
f 1953 1952 1951
f 1954 1953 1951
f 1948 1947 1946
f 1949 1948 1946
f 1950 1949 1946
f 1944 1943 1942
f 1945 1944 1942
f 1940 1939 1938
f 1941 1940 1938
f 1936 1935 1934
f 1937 1936 1934
f 1932 1931 1930
f 1933 1932 1930
f 1957 1956 1955
f 1958 1957 1955
f 1915 1914 1913
f 1916 1915 1913
f 1917 1916 1913
f 1928 1927 1926
f 1929 1928 1926
f 1920 1919 1918
f 1921 1920 1918
f 1899 1898 1897
f 1900 1899 1897
f 1911 1910 1909
f 1912 1911 1909
f 1907 1906 1905
f 1908 1907 1905
f 1903 1902 1901
f 1904 1903 1901
f 1924 1923 1922
f 1925 1924 1922
f 2153 2152 2151
f 2157 2156 2155
f 2158 2157 2155
f 2161 2160 2159
f 2162 2161 2159
f 2173 2172 2171
f 2174 2173 2171
f 2154 2153 2151
f 2165 2164 2163
f 2166 2165 2163
f 2205 2204 2203
f 2206 2205 2203
f 2307 2306 2305
f 2239 2238 2237
f 2240 2239 2237
f 2273 2272 2271
f 2177 2176 2175
f 2178 2177 2175
f 2181 2180 2179
f 2182 2181 2179
f 2185 2184 2183
f 2186 2185 2183
f 2189 2188 2187
f 2190 2189 2187
f 2193 2192 2191
f 2194 2193 2191
f 2197 2196 2195
f 2198 2197 2195
f 2201 2200 2199
f 2202 2201 2199
f 2274 2273 2271
f 2308 2307 2305
f 2169 2168 2167
f 2170 2169 2167
f 2207 2205 2206
f 2208 2207 2206
f 2309 2307 2308
f 2241 2239 2240
f 2242 2241 2240
f 2275 2273 2274
f 2310 2309 2308
f 2276 2275 2274
f 2209 2207 2208
f 2210 2209 2208
f 2311 2309 2310
f 2243 2241 2242
f 2244 2243 2242
f 2312 2311 2310
f 2277 2275 2276
f 2278 2277 2276
f 2211 2209 2210
f 2212 2211 2210
f 2245 2243 2244
f 2313 2311 2312
f 2314 2313 2312
f 2279 2277 2278
f 2280 2279 2278
f 2246 2245 2244
f 2247 2245 2246
f 2248 2247 2246
f 2213 2211 2212
f 2214 2213 2212
f 2281 2279 2280
f 2282 2281 2280
f 2315 2313 2314
f 2316 2315 2314
f 2215 2213 2214
f 2216 2215 2214
f 2317 2315 2316
f 2249 2247 2248
f 2250 2249 2248
f 2283 2281 2282
f 2318 2317 2316
f 2284 2283 2282
f 2217 2215 2216
f 2218 2217 2216
f 2251 2249 2250
f 2252 2251 2250
f 2319 2317 2318
f 2320 2319 2318
f 2285 2283 2284
f 2286 2285 2284
f 2219 2217 2218
f 2220 2219 2218
f 2253 2251 2252
f 2321 2319 2320
f 2322 2321 2320
f 2287 2285 2286
f 2288 2287 2286
f 2254 2253 2252
f 2255 2253 2254
f 2256 2255 2254
f 2221 2219 2220
f 2222 2221 2220
f 2289 2287 2288
f 2290 2289 2288
f 2323 2321 2322
f 2324 2323 2322
f 2223 2221 2222
f 2224 2223 2222
f 2325 2323 2324
f 2257 2255 2256
f 2258 2257 2256
f 2291 2289 2290
f 2326 2325 2324
f 2292 2291 2290
f 2225 2223 2224
f 2226 2225 2224
f 2259 2257 2258
f 2260 2259 2258
f 2327 2325 2326
f 2328 2327 2326
f 2293 2291 2292
f 2294 2293 2292
f 2227 2225 2226
f 2228 2227 2226
f 2261 2259 2260
f 2262 2261 2260
f 2329 2327 2328
f 2330 2329 2328
f 2295 2293 2294
f 2296 2295 2294
f 2263 2261 2262
f 2264 2263 2262
f 2229 2227 2228
f 2230 2229 2228
f 2297 2295 2296
f 2298 2297 2296
f 2331 2329 2330
f 2332 2331 2330
f 2333 2331 2332
f 2265 2263 2264
f 2266 2265 2264
f 2231 2229 2230
f 2232 2231 2230
f 2299 2297 2298
f 2334 2333 2332
f 2300 2299 2298
f 2233 2231 2232
f 2234 2233 2232
f 2267 2265 2266
f 2268 2267 2266
f 2335 2333 2334
f 2336 2335 2334
f 2301 2299 2300
f 2302 2301 2300
f 2235 2233 2234
f 2337 2335 2336
f 2338 2337 2336
f 2303 2301 2302
f 2304 2303 2302
f 2236 2235 2234
f 2269 2267 2268
f 2270 2269 2268
f 1965 1964 1963
f 1969 1968 1967
f 1970 1969 1967
f 1973 1972 1971
f 1974 1973 1971
f 1985 1984 1983
f 1986 1985 1983
f 1966 1965 1963
f 1977 1976 1975
f 1978 1977 1975
f 2051 2050 2049
f 2052 2051 2049
f 2017 2016 2015
f 2018 2017 2015
f 1993 1992 1991
f 1994 1993 1991
f 2085 2084 2083
f 1997 1996 1995
f 1998 1997 1995
f 2001 2000 1999
f 2002 2001 1999
f 2005 2004 2003
f 2006 2005 2003
f 2009 2008 2007
f 2010 2009 2007
f 2013 2012 2011
f 2014 2013 2011
f 1989 1988 1987
f 1990 1989 1987
f 2086 2085 2083
f 2119 2118 2117
f 2120 2119 2117
f 1981 1980 1979
f 1982 1981 1979
f 2121 2119 2120
f 2053 2051 2052
f 2054 2053 2052
f 2019 2017 2018
f 2020 2019 2018
f 2087 2085 2086
f 2122 2121 2120
f 2088 2087 2086
f 2021 2019 2020
f 2022 2021 2020
f 2055 2053 2054
f 2056 2055 2054
f 2123 2121 2122
f 2124 2123 2122
f 2089 2087 2088
f 2090 2089 2088
f 2023 2021 2022
f 2125 2123 2124
f 2126 2125 2124
f 2091 2089 2090
f 2092 2091 2090
f 2024 2023 2022
f 2057 2055 2056
f 2058 2057 2056
f 2059 2057 2058
f 2060 2059 2058
f 2025 2023 2024
f 2026 2025 2024
f 2093 2091 2092
f 2094 2093 2092
f 2127 2125 2126
f 2128 2127 2126
f 2129 2127 2128
f 2061 2059 2060
f 2062 2061 2060
f 2027 2025 2026
f 2028 2027 2026
f 2095 2093 2094
f 2130 2129 2128
f 2096 2095 2094
f 2029 2027 2028
f 2030 2029 2028
f 2063 2061 2062
f 2064 2063 2062
f 2131 2129 2130
f 2132 2131 2130
f 2097 2095 2096
f 2098 2097 2096
f 2133 2131 2132
f 2134 2133 2132
f 2099 2097 2098
f 2100 2099 2098
f 2031 2029 2030
f 2032 2031 2030
f 2065 2063 2064
f 2066 2065 2064
f 2067 2065 2066
f 2068 2067 2066
f 2033 2031 2032
f 2034 2033 2032
f 2101 2099 2100
f 2102 2101 2100
f 2135 2133 2134
f 2136 2135 2134
f 2137 2135 2136
f 2069 2067 2068
f 2070 2069 2068
f 2035 2033 2034
f 2036 2035 2034
f 2103 2101 2102
f 2138 2137 2136
f 2104 2103 2102
f 2037 2035 2036
f 2038 2037 2036
f 2071 2069 2070
f 2072 2071 2070
f 2139 2137 2138
f 2140 2139 2138
f 2105 2103 2104
f 2106 2105 2104
f 2039 2037 2038
f 2141 2139 2140
f 2142 2141 2140
f 2040 2039 2038
f 2073 2071 2072
f 2107 2105 2106
f 2108 2107 2106
f 2074 2073 2072
f 2075 2073 2074
f 2076 2075 2074
f 2041 2039 2040
f 2042 2041 2040
f 2109 2107 2108
f 2110 2109 2108
f 2143 2141 2142
f 2144 2143 2142
f 2145 2143 2144
f 2077 2075 2076
f 2078 2077 2076
f 2043 2041 2042
f 2044 2043 2042
f 2111 2109 2110
f 2146 2145 2144
f 2112 2111 2110
f 2045 2043 2044
f 2046 2045 2044
f 2079 2077 2078
f 2080 2079 2078
f 2147 2145 2146
f 2148 2147 2146
f 2113 2111 2112
f 2114 2113 2112
f 2047 2045 2046
f 2149 2147 2148
f 2150 2149 2148
f 2048 2047 2046
f 2081 2079 2080
f 2115 2113 2114
f 2116 2115 2114
f 2082 2081 2080
f 2357 2356 2355
f 2358 2357 2355
f 2361 2360 2359
f 2362 2361 2359
f 2365 2364 2363
f 2366 2365 2363
f 2369 2368 2367
f 2370 2369 2367
f 2341 2340 2339
f 2342 2341 2339
f 2345 2344 2343
f 2346 2345 2343
f 2349 2348 2347
f 2350 2349 2347
f 2353 2352 2351
f 2354 2353 2351
f 2373 2372 2371
f 2374 2372 2373
f 2397 2396 2395
f 2398 2396 2397
f 2393 2392 2391
f 2394 2392 2393
f 2389 2388 2387
f 2389 2390 2388
f 2385 2384 2383
f 2386 2384 2385
f 2381 2380 2379
f 2382 2380 2381
f 2377 2376 2375
f 2378 2376 2377
f 2411 2406 2410
f 2411 2410 2409
f 2409 2417 2411
f 2417 2409 2415
f 2410 2406 2405
f 2406 2404 2405
f 2405 2404 2399
f 2415 2409 2408
f 2407 2405 2403
f 2405 2399 2403
f 2410 2405 2407
f 2410 2407 2409
f 2409 2407 2408
f 2400 2407 2403
f 2413 2407 2400
f 2413 2412 2407
f 2407 2412 2408
f 2403 2399 2400
f 2401 2400 2399
f 2412 2416 2415
f 2408 2412 2415
f 2402 2400 2401
f 2402 2413 2400
f 2402 2414 2413
f 2412 2413 2414
f 2416 2412 2414
f 2420 2419 2418
f 2421 2419 2420
f 2424 2423 2422
f 2425 2423 2424
f 2459 2427 2426
f 2426 2458 2459
f 2491 2459 2458
f 2458 2490 2491
f 2523 2491 2490
f 2490 2522 2523
f 2555 2523 2522
f 2522 2554 2555
f 2587 2555 2554
f 2554 2586 2587
f 2619 2587 2586
f 2586 2618 2619
f 2651 2619 2618
f 2618 2650 2651
f 2683 2651 2650
f 2650 2682 2683
f 2715 2683 2682
f 2682 2714 2715
f 2747 2715 2714
f 2714 2746 2747
f 2779 2747 2746
f 2746 2778 2779
f 2811 2779 2778
f 2778 2810 2811
f 2843 2811 2810
f 2810 2842 2843
f 2875 2843 2842
f 2842 2874 2875
f 2907 2875 2874
f 2874 2906 2907
f 2939 2907 2906
f 2906 2938 2939
f 2971 2939 2938
f 2938 2970 2971
f 3003 2971 2970
f 2970 3002 3003
f 3035 3003 3002
f 3002 3034 3035
f 3067 3035 3034
f 3034 3066 3067
f 3099 3067 3066
f 3066 3098 3099
f 3131 3099 3098
f 3098 3130 3131
f 3163 3131 3130
f 3130 3162 3163
f 3195 3163 3162
f 3162 3194 3195
f 3227 3195 3194
f 3194 3226 3227
f 3259 3227 3226
f 3226 3258 3259
f 3291 3259 3258
f 3258 3290 3291
f 3323 3291 3290
f 3290 3322 3323
f 3355 3323 3322
f 3322 3354 3355
f 3387 3355 3354
f 3354 3386 3387
f 3419 3387 3386
f 3386 3418 3419
f 2460 2428 2427
f 2427 2459 2460
f 2492 2460 2459
f 2459 2491 2492
f 2524 2492 2491
f 2491 2523 2524
f 2556 2524 2523
f 2523 2555 2556
f 2588 2556 2555
f 2555 2587 2588
f 2620 2588 2587
f 2587 2619 2620
f 2652 2620 2619
f 2619 2651 2652
f 2684 2652 2651
f 2651 2683 2684
f 2716 2684 2683
f 2683 2715 2716
f 2748 2716 2715
f 2715 2747 2748
f 2780 2748 2747
f 2747 2779 2780
f 2812 2780 2779
f 2779 2811 2812
f 2844 2812 2811
f 2811 2843 2844
f 2876 2844 2843
f 2843 2875 2876
f 2908 2876 2875
f 2875 2907 2908
f 2940 2908 2907
f 2907 2939 2940
f 2972 2940 2939
f 2939 2971 2972
f 3004 2972 2971
f 2971 3003 3004
f 3036 3004 3003
f 3003 3035 3036
f 3068 3036 3035
f 3035 3067 3068
f 3100 3068 3067
f 3067 3099 3100
f 3132 3100 3099
f 3099 3131 3132
f 3164 3132 3131
f 3131 3163 3164
f 3196 3164 3163
f 3163 3195 3196
f 3228 3196 3195
f 3195 3227 3228
f 3260 3228 3227
f 3227 3259 3260
f 3292 3260 3259
f 3259 3291 3292
f 3324 3292 3291
f 3291 3323 3324
f 3356 3324 3323
f 3323 3355 3356
f 3388 3356 3355
f 3355 3387 3388
f 3420 3388 3387
f 3387 3419 3420
f 2461 2429 2428
f 2428 2460 2461
f 2493 2461 2460
f 2460 2492 2493
f 2525 2493 2492
f 2492 2524 2525
f 2557 2525 2524
f 2524 2556 2557
f 2589 2557 2556
f 2556 2588 2589
f 2621 2589 2588
f 2588 2620 2621
f 2653 2621 2620
f 2620 2652 2653
f 2685 2653 2652
f 2652 2684 2685
f 2717 2685 2684
f 2684 2716 2717
f 2749 2717 2716
f 2716 2748 2749
f 2781 2749 2748
f 2748 2780 2781
f 2813 2781 2780
f 2780 2812 2813
f 2845 2813 2812
f 2812 2844 2845
f 2877 2845 2844
f 2844 2876 2877
f 2909 2877 2876
f 2876 2908 2909
f 2941 2909 2908
f 2908 2940 2941
f 2973 2941 2940
f 2940 2972 2973
f 3005 2973 2972
f 2972 3004 3005
f 3037 3005 3004
f 3004 3036 3037
f 3069 3037 3036
f 3036 3068 3069
f 3101 3069 3068
f 3068 3100 3101
f 3133 3101 3100
f 3100 3132 3133
f 3165 3133 3132
f 3132 3164 3165
f 3197 3165 3164
f 3164 3196 3197
f 3229 3197 3196
f 3196 3228 3229
f 3261 3229 3228
f 3228 3260 3261
f 3293 3261 3260
f 3260 3292 3293
f 3325 3293 3292
f 3292 3324 3325
f 3357 3325 3324
f 3324 3356 3357
f 3389 3357 3356
f 3356 3388 3389
f 3421 3389 3388
f 3388 3420 3421
f 2462 2430 2429
f 2429 2461 2462
f 2494 2462 2461
f 2461 2493 2494
f 2526 2494 2493
f 2493 2525 2526
f 2558 2526 2525
f 2525 2557 2558
f 2590 2558 2557
f 2557 2589 2590
f 2622 2590 2589
f 2589 2621 2622
f 2654 2622 2621
f 2621 2653 2654
f 2686 2654 2653
f 2653 2685 2686
f 2718 2686 2685
f 2685 2717 2718
f 2750 2718 2717
f 2717 2749 2750
f 2782 2750 2749
f 2749 2781 2782
f 2814 2782 2781
f 2781 2813 2814
f 2846 2814 2813
f 2813 2845 2846
f 2878 2846 2845
f 2845 2877 2878
f 2910 2878 2877
f 2877 2909 2910
f 2942 2910 2909
f 2909 2941 2942
f 2974 2942 2941
f 2941 2973 2974
f 3006 2974 2973
f 2973 3005 3006
f 3038 3006 3005
f 3005 3037 3038
f 3070 3038 3037
f 3037 3069 3070
f 3102 3070 3069
f 3069 3101 3102
f 3134 3102 3101
f 3101 3133 3134
f 3166 3134 3133
f 3133 3165 3166
f 3198 3166 3165
f 3165 3197 3198
f 3230 3198 3197
f 3197 3229 3230
f 3262 3230 3229
f 3229 3261 3262
f 3294 3262 3261
f 3261 3293 3294
f 3326 3294 3293
f 3293 3325 3326
f 3358 3326 3325
f 3325 3357 3358
f 3390 3358 3357
f 3357 3389 3390
f 3422 3390 3389
f 3389 3421 3422
f 2463 2431 2430
f 2430 2462 2463
f 2495 2463 2462
f 2462 2494 2495
f 2527 2495 2494
f 2494 2526 2527
f 2559 2527 2526
f 2526 2558 2559
f 2591 2559 2558
f 2558 2590 2591
f 2623 2591 2590
f 2590 2622 2623
f 2655 2623 2622
f 2622 2654 2655
f 2687 2655 2654
f 2654 2686 2687
f 2719 2687 2686
f 2686 2718 2719
f 2751 2719 2718
f 2718 2750 2751
f 2783 2751 2750
f 2750 2782 2783
f 2815 2783 2782
f 2782 2814 2815
f 2847 2815 2814
f 2814 2846 2847
f 2879 2847 2846
f 2846 2878 2879
f 2911 2879 2878
f 2878 2910 2911
f 2943 2911 2910
f 2910 2942 2943
f 2975 2943 2942
f 2942 2974 2975
f 3007 2975 2974
f 2974 3006 3007
f 3039 3007 3006
f 3006 3038 3039
f 3071 3039 3038
f 3038 3070 3071
f 3103 3071 3070
f 3070 3102 3103
f 3135 3103 3102
f 3102 3134 3135
f 3167 3135 3134
f 3134 3166 3167
f 3199 3167 3166
f 3166 3198 3199
f 3231 3199 3198
f 3198 3230 3231
f 3263 3231 3230
f 3230 3262 3263
f 3295 3263 3262
f 3262 3294 3295
f 3327 3295 3294
f 3294 3326 3327
f 3359 3327 3326
f 3326 3358 3359
f 3391 3359 3358
f 3358 3390 3391
f 3423 3391 3390
f 3390 3422 3423
f 2464 2432 2431
f 2431 2463 2464
f 2496 2464 2463
f 2463 2495 2496
f 2528 2496 2495
f 2495 2527 2528
f 2560 2528 2527
f 2527 2559 2560
f 2592 2560 2559
f 2559 2591 2592
f 2624 2592 2591
f 2591 2623 2624
f 2656 2624 2623
f 2623 2655 2656
f 2688 2656 2655
f 2655 2687 2688
f 2720 2688 2687
f 2687 2719 2720
f 2752 2720 2719
f 2719 2751 2752
f 2784 2752 2751
f 2751 2783 2784
f 2816 2784 2783
f 2783 2815 2816
f 2848 2816 2815
f 2815 2847 2848
f 2880 2848 2847
f 2847 2879 2880
f 2912 2880 2879
f 2879 2911 2912
f 2944 2912 2911
f 2911 2943 2944
f 2976 2944 2943
f 2943 2975 2976
f 3008 2976 2975
f 2975 3007 3008
f 3040 3008 3007
f 3007 3039 3040
f 3072 3040 3039
f 3039 3071 3072
f 3104 3072 3071
f 3071 3103 3104
f 3136 3104 3103
f 3103 3135 3136
f 3168 3136 3135
f 3135 3167 3168
f 3200 3168 3167
f 3167 3199 3200
f 3232 3200 3199
f 3199 3231 3232
f 3264 3232 3231
f 3231 3263 3264
f 3296 3264 3263
f 3263 3295 3296
f 3328 3296 3295
f 3295 3327 3328
f 3360 3328 3327
f 3327 3359 3360
f 3392 3360 3359
f 3359 3391 3392
f 3424 3392 3391
f 3391 3423 3424
f 2465 2433 2432
f 2432 2464 2465
f 2497 2465 2464
f 2464 2496 2497
f 2529 2497 2496
f 2496 2528 2529
f 2561 2529 2528
f 2528 2560 2561
f 2593 2561 2560
f 2560 2592 2593
f 2625 2593 2592
f 2592 2624 2625
f 2657 2625 2624
f 2624 2656 2657
f 2689 2657 2656
f 2656 2688 2689
f 2721 2689 2688
f 2688 2720 2721
f 2753 2721 2720
f 2720 2752 2753
f 2785 2753 2752
f 2752 2784 2785
f 2817 2785 2784
f 2784 2816 2817
f 2849 2817 2816
f 2816 2848 2849
f 2881 2849 2848
f 2848 2880 2881
f 2913 2881 2880
f 2880 2912 2913
f 2945 2913 2912
f 2912 2944 2945
f 2977 2945 2944
f 2944 2976 2977
f 3009 2977 2976
f 2976 3008 3009
f 3041 3009 3008
f 3008 3040 3041
f 3073 3041 3040
f 3040 3072 3073
f 3105 3073 3072
f 3072 3104 3105
f 3137 3105 3104
f 3104 3136 3137
f 3169 3137 3136
f 3136 3168 3169
f 3201 3169 3168
f 3168 3200 3201
f 3233 3201 3200
f 3200 3232 3233
f 3265 3233 3232
f 3232 3264 3265
f 3297 3265 3264
f 3264 3296 3297
f 3329 3297 3296
f 3296 3328 3329
f 3361 3329 3328
f 3328 3360 3361
f 3393 3361 3360
f 3360 3392 3393
f 3425 3393 3392
f 3392 3424 3425
f 2466 2434 2433
f 2433 2465 2466
f 2498 2466 2465
f 2465 2497 2498
f 2530 2498 2497
f 2497 2529 2530
f 2562 2530 2529
f 2529 2561 2562
f 2594 2562 2561
f 2561 2593 2594
f 2626 2594 2593
f 2593 2625 2626
f 2658 2626 2625
f 2625 2657 2658
f 2690 2658 2657
f 2657 2689 2690
f 2722 2690 2689
f 2689 2721 2722
f 2754 2722 2721
f 2721 2753 2754
f 2786 2754 2753
f 2753 2785 2786
f 2818 2786 2785
f 2785 2817 2818
f 2850 2818 2817
f 2817 2849 2850
f 2882 2850 2849
f 2849 2881 2882
f 2914 2882 2881
f 2881 2913 2914
f 2946 2914 2913
f 2913 2945 2946
f 2978 2946 2945
f 2945 2977 2978
f 3010 2978 2977
f 2977 3009 3010
f 3042 3010 3009
f 3009 3041 3042
f 3074 3042 3041
f 3041 3073 3074
f 3106 3074 3073
f 3073 3105 3106
f 3138 3106 3105
f 3105 3137 3138
f 3170 3138 3137
f 3137 3169 3170
f 3202 3170 3169
f 3169 3201 3202
f 3234 3202 3201
f 3201 3233 3234
f 3266 3234 3233
f 3233 3265 3266
f 3298 3266 3265
f 3265 3297 3298
f 3330 3298 3297
f 3297 3329 3330
f 3362 3330 3329
f 3329 3361 3362
f 3394 3362 3361
f 3361 3393 3394
f 3426 3394 3393
f 3393 3425 3426
f 2467 2435 2434
f 2434 2466 2467
f 2499 2467 2466
f 2466 2498 2499
f 2531 2499 2498
f 2498 2530 2531
f 2563 2531 2530
f 2530 2562 2563
f 2595 2563 2562
f 2562 2594 2595
f 2627 2595 2594
f 2594 2626 2627
f 2659 2627 2626
f 2626 2658 2659
f 2691 2659 2658
f 2658 2690 2691
f 2723 2691 2690
f 2690 2722 2723
f 2755 2723 2722
f 2722 2754 2755
f 2787 2755 2754
f 2754 2786 2787
f 2819 2787 2786
f 2786 2818 2819
f 2851 2819 2818
f 2818 2850 2851
f 2883 2851 2850
f 2850 2882 2883
f 2915 2883 2882
f 2882 2914 2915
f 2947 2915 2914
f 2914 2946 2947
f 2979 2947 2946
f 2946 2978 2979
f 3011 2979 2978
f 2978 3010 3011
f 3043 3011 3010
f 3010 3042 3043
f 3075 3043 3042
f 3042 3074 3075
f 3107 3075 3074
f 3074 3106 3107
f 3139 3107 3106
f 3106 3138 3139
f 3171 3139 3138
f 3138 3170 3171
f 3203 3171 3170
f 3170 3202 3203
f 3235 3203 3202
f 3202 3234 3235
f 3267 3235 3234
f 3234 3266 3267
f 3299 3267 3266
f 3266 3298 3299
f 3331 3299 3298
f 3298 3330 3331
f 3363 3331 3330
f 3330 3362 3363
f 3395 3363 3362
f 3362 3394 3395
f 3427 3395 3394
f 3394 3426 3427
f 2468 2436 2435
f 2435 2467 2468
f 2500 2468 2467
f 2467 2499 2500
f 2532 2500 2499
f 2499 2531 2532
f 2564 2532 2531
f 2531 2563 2564
f 2596 2564 2563
f 2563 2595 2596
f 2628 2596 2595
f 2595 2627 2628
f 2660 2628 2627
f 2627 2659 2660
f 2692 2660 2659
f 2659 2691 2692
f 2724 2692 2691
f 2691 2723 2724
f 2756 2724 2723
f 2723 2755 2756
f 2788 2756 2755
f 2755 2787 2788
f 2820 2788 2787
f 2787 2819 2820
f 2852 2820 2819
f 2819 2851 2852
f 2884 2852 2851
f 2851 2883 2884
f 2916 2884 2883
f 2883 2915 2916
f 2948 2916 2915
f 2915 2947 2948
f 2980 2948 2947
f 2947 2979 2980
f 3012 2980 2979
f 2979 3011 3012
f 3044 3012 3011
f 3011 3043 3044
f 3076 3044 3043
f 3043 3075 3076
f 3108 3076 3075
f 3075 3107 3108
f 3140 3108 3107
f 3107 3139 3140
f 3172 3140 3139
f 3139 3171 3172
f 3204 3172 3171
f 3171 3203 3204
f 3236 3204 3203
f 3203 3235 3236
f 3268 3236 3235
f 3235 3267 3268
f 3300 3268 3267
f 3267 3299 3300
f 3332 3300 3299
f 3299 3331 3332
f 3364 3332 3331
f 3331 3363 3364
f 3396 3364 3363
f 3363 3395 3396
f 3428 3396 3395
f 3395 3427 3428
f 2469 2437 2436
f 2436 2468 2469
f 2501 2469 2468
f 2468 2500 2501
f 2533 2501 2500
f 2500 2532 2533
f 2565 2533 2532
f 2532 2564 2565
f 2597 2565 2564
f 2564 2596 2597
f 2629 2597 2596
f 2596 2628 2629
f 2661 2629 2628
f 2628 2660 2661
f 2693 2661 2660
f 2660 2692 2693
f 2725 2693 2692
f 2692 2724 2725
f 2757 2725 2724
f 2724 2756 2757
f 2789 2757 2756
f 2756 2788 2789
f 2821 2789 2788
f 2788 2820 2821
f 2853 2821 2820
f 2820 2852 2853
f 2885 2853 2852
f 2852 2884 2885
f 2917 2885 2884
f 2884 2916 2917
f 2949 2917 2916
f 2916 2948 2949
f 2981 2949 2948
f 2948 2980 2981
f 3013 2981 2980
f 2980 3012 3013
f 3045 3013 3012
f 3012 3044 3045
f 3077 3045 3044
f 3044 3076 3077
f 3109 3077 3076
f 3076 3108 3109
f 3141 3109 3108
f 3108 3140 3141
f 3173 3141 3140
f 3140 3172 3173
f 3205 3173 3172
f 3172 3204 3205
f 3237 3205 3204
f 3204 3236 3237
f 3269 3237 3236
f 3236 3268 3269
f 3301 3269 3268
f 3268 3300 3301
f 3333 3301 3300
f 3300 3332 3333
f 3365 3333 3332
f 3332 3364 3365
f 3397 3365 3364
f 3364 3396 3397
f 3429 3397 3396
f 3396 3428 3429
f 2470 2438 2437
f 2437 2469 2470
f 2502 2470 2469
f 2469 2501 2502
f 2534 2502 2501
f 2501 2533 2534
f 2566 2534 2533
f 2533 2565 2566
f 2598 2566 2565
f 2565 2597 2598
f 2630 2598 2597
f 2597 2629 2630
f 2662 2630 2629
f 2629 2661 2662
f 2694 2662 2661
f 2661 2693 2694
f 2726 2694 2693
f 2693 2725 2726
f 2758 2726 2725
f 2725 2757 2758
f 2790 2758 2757
f 2757 2789 2790
f 2822 2790 2789
f 2789 2821 2822
f 2854 2822 2821
f 2821 2853 2854
f 2886 2854 2853
f 2853 2885 2886
f 2918 2886 2885
f 2885 2917 2918
f 2950 2918 2917
f 2917 2949 2950
f 2982 2950 2949
f 2949 2981 2982
f 3014 2982 2981
f 2981 3013 3014
f 3046 3014 3013
f 3013 3045 3046
f 3078 3046 3045
f 3045 3077 3078
f 3110 3078 3077
f 3077 3109 3110
f 3142 3110 3109
f 3109 3141 3142
f 3174 3142 3141
f 3141 3173 3174
f 3206 3174 3173
f 3173 3205 3206
f 3238 3206 3205
f 3205 3237 3238
f 3270 3238 3237
f 3237 3269 3270
f 3302 3270 3269
f 3269 3301 3302
f 3334 3302 3301
f 3301 3333 3334
f 3366 3334 3333
f 3333 3365 3366
f 3398 3366 3365
f 3365 3397 3398
f 3430 3398 3397
f 3397 3429 3430
f 2471 2439 2438
f 2438 2470 2471
f 2503 2471 2470
f 2470 2502 2503
f 2535 2503 2502
f 2502 2534 2535
f 2567 2535 2534
f 2534 2566 2567
f 2599 2567 2566
f 2566 2598 2599
f 2631 2599 2598
f 2598 2630 2631
f 2663 2631 2630
f 2630 2662 2663
f 2695 2663 2662
f 2662 2694 2695
f 2727 2695 2694
f 2694 2726 2727
f 2759 2727 2726
f 2726 2758 2759
f 2791 2759 2758
f 2758 2790 2791
f 2823 2791 2790
f 2790 2822 2823
f 2855 2823 2822
f 2822 2854 2855
f 2887 2855 2854
f 2854 2886 2887
f 2919 2887 2886
f 2886 2918 2919
f 2951 2919 2918
f 2918 2950 2951
f 2983 2951 2950
f 2950 2982 2983
f 3015 2983 2982
f 2982 3014 3015
f 3047 3015 3014
f 3014 3046 3047
f 3079 3047 3046
f 3046 3078 3079
f 3111 3079 3078
f 3078 3110 3111
f 3143 3111 3110
f 3110 3142 3143
f 3175 3143 3142
f 3142 3174 3175
f 3207 3175 3174
f 3174 3206 3207
f 3239 3207 3206
f 3206 3238 3239
f 3271 3239 3238
f 3238 3270 3271
f 3303 3271 3270
f 3270 3302 3303
f 3335 3303 3302
f 3302 3334 3335
f 3367 3335 3334
f 3334 3366 3367
f 3399 3367 3366
f 3366 3398 3399
f 3431 3399 3398
f 3398 3430 3431
f 2472 2440 2439
f 2439 2471 2472
f 2504 2472 2471
f 2471 2503 2504
f 2536 2504 2503
f 2503 2535 2536
f 2568 2536 2535
f 2535 2567 2568
f 2600 2568 2567
f 2567 2599 2600
f 2632 2600 2599
f 2599 2631 2632
f 2664 2632 2631
f 2631 2663 2664
f 2696 2664 2663
f 2663 2695 2696
f 2728 2696 2695
f 2695 2727 2728
f 2760 2728 2727
f 2727 2759 2760
f 2792 2760 2759
f 2759 2791 2792
f 2824 2792 2791
f 2791 2823 2824
f 2856 2824 2823
f 2823 2855 2856
f 2888 2856 2855
f 2855 2887 2888
f 2920 2888 2887
f 2887 2919 2920
f 2952 2920 2919
f 2919 2951 2952
f 2984 2952 2951
f 2951 2983 2984
f 3016 2984 2983
f 2983 3015 3016
f 3048 3016 3015
f 3015 3047 3048
f 3080 3048 3047
f 3047 3079 3080
f 3112 3080 3079
f 3079 3111 3112
f 3144 3112 3111
f 3111 3143 3144
f 3176 3144 3143
f 3143 3175 3176
f 3208 3176 3175
f 3175 3207 3208
f 3240 3208 3207
f 3207 3239 3240
f 3272 3240 3239
f 3239 3271 3272
f 3304 3272 3271
f 3271 3303 3304
f 3336 3304 3303
f 3303 3335 3336
f 3368 3336 3335
f 3335 3367 3368
f 3400 3368 3367
f 3367 3399 3400
f 3432 3400 3399
f 3399 3431 3432
f 2473 2441 2440
f 2440 2472 2473
f 2505 2473 2472
f 2472 2504 2505
f 2537 2505 2504
f 2504 2536 2537
f 2569 2537 2536
f 2536 2568 2569
f 2601 2569 2568
f 2568 2600 2601
f 2633 2601 2600
f 2600 2632 2633
f 2665 2633 2632
f 2632 2664 2665
f 2697 2665 2664
f 2664 2696 2697
f 2729 2697 2696
f 2696 2728 2729
f 2761 2729 2728
f 2728 2760 2761
f 2793 2761 2760
f 2760 2792 2793
f 2825 2793 2792
f 2792 2824 2825
f 2857 2825 2824
f 2824 2856 2857
f 2889 2857 2856
f 2856 2888 2889
f 2921 2889 2888
f 2888 2920 2921
f 2953 2921 2920
f 2920 2952 2953
f 2985 2953 2952
f 2952 2984 2985
f 3017 2985 2984
f 2984 3016 3017
f 3049 3017 3016
f 3016 3048 3049
f 3081 3049 3048
f 3048 3080 3081
f 3113 3081 3080
f 3080 3112 3113
f 3145 3113 3112
f 3112 3144 3145
f 3177 3145 3144
f 3144 3176 3177
f 3209 3177 3176
f 3176 3208 3209
f 3241 3209 3208
f 3208 3240 3241
f 3273 3241 3240
f 3240 3272 3273
f 3305 3273 3272
f 3272 3304 3305
f 3337 3305 3304
f 3304 3336 3337
f 3369 3337 3336
f 3336 3368 3369
f 3401 3369 3368
f 3368 3400 3401
f 3433 3401 3400
f 3400 3432 3433
f 2474 2442 2441
f 2441 2473 2474
f 2506 2474 2473
f 2473 2505 2506
f 2538 2506 2505
f 2505 2537 2538
f 2570 2538 2537
f 2537 2569 2570
f 2602 2570 2569
f 2569 2601 2602
f 2634 2602 2601
f 2601 2633 2634
f 2666 2634 2633
f 2633 2665 2666
f 2698 2666 2665
f 2665 2697 2698
f 2730 2698 2697
f 2697 2729 2730
f 2762 2730 2729
f 2729 2761 2762
f 2794 2762 2761
f 2761 2793 2794
f 2826 2794 2793
f 2793 2825 2826
f 2858 2826 2825
f 2825 2857 2858
f 2890 2858 2857
f 2857 2889 2890
f 2922 2890 2889
f 2889 2921 2922
f 2954 2922 2921
f 2921 2953 2954
f 2986 2954 2953
f 2953 2985 2986
f 3018 2986 2985
f 2985 3017 3018
f 3050 3018 3017
f 3017 3049 3050
f 3082 3050 3049
f 3049 3081 3082
f 3114 3082 3081
f 3081 3113 3114
f 3146 3114 3113
f 3113 3145 3146
f 3178 3146 3145
f 3145 3177 3178
f 3210 3178 3177
f 3177 3209 3210
f 3242 3210 3209
f 3209 3241 3242
f 3274 3242 3241
f 3241 3273 3274
f 3306 3274 3273
f 3273 3305 3306
f 3338 3306 3305
f 3305 3337 3338
f 3370 3338 3337
f 3337 3369 3370
f 3402 3370 3369
f 3369 3401 3402
f 3434 3402 3401
f 3401 3433 3434
f 2475 2443 2442
f 2442 2474 2475
f 2507 2475 2474
f 2474 2506 2507
f 2539 2507 2506
f 2506 2538 2539
f 2571 2539 2538
f 2538 2570 2571
f 2603 2571 2570
f 2570 2602 2603
f 2635 2603 2602
f 2602 2634 2635
f 2667 2635 2634
f 2634 2666 2667
f 2699 2667 2666
f 2666 2698 2699
f 2731 2699 2698
f 2698 2730 2731
f 2763 2731 2730
f 2730 2762 2763
f 2795 2763 2762
f 2762 2794 2795
f 2827 2795 2794
f 2794 2826 2827
f 2859 2827 2826
f 2826 2858 2859
f 2891 2859 2858
f 2858 2890 2891
f 2923 2891 2890
f 2890 2922 2923
f 2955 2923 2922
f 2922 2954 2955
f 2987 2955 2954
f 2954 2986 2987
f 3019 2987 2986
f 2986 3018 3019
f 3051 3019 3018
f 3018 3050 3051
f 3083 3051 3050
f 3050 3082 3083
f 3115 3083 3082
f 3082 3114 3115
f 3147 3115 3114
f 3114 3146 3147
f 3179 3147 3146
f 3146 3178 3179
f 3211 3179 3178
f 3178 3210 3211
f 3243 3211 3210
f 3210 3242 3243
f 3275 3243 3242
f 3242 3274 3275
f 3307 3275 3274
f 3274 3306 3307
f 3339 3307 3306
f 3306 3338 3339
f 3371 3339 3338
f 3338 3370 3371
f 3403 3371 3370
f 3370 3402 3403
f 3435 3403 3402
f 3402 3434 3435
f 2476 2444 2443
f 2443 2475 2476
f 2508 2476 2475
f 2475 2507 2508
f 2540 2508 2507
f 2507 2539 2540
f 2572 2540 2539
f 2539 2571 2572
f 2604 2572 2571
f 2571 2603 2604
f 2636 2604 2603
f 2603 2635 2636
f 2668 2636 2635
f 2635 2667 2668
f 2700 2668 2667
f 2667 2699 2700
f 2732 2700 2699
f 2699 2731 2732
f 2764 2732 2731
f 2731 2763 2764
f 2796 2764 2763
f 2763 2795 2796
f 2828 2796 2795
f 2795 2827 2828
f 2860 2828 2827
f 2827 2859 2860
f 2892 2860 2859
f 2859 2891 2892
f 2924 2892 2891
f 2891 2923 2924
f 2956 2924 2923
f 2923 2955 2956
f 2988 2956 2955
f 2955 2987 2988
f 3020 2988 2987
f 2987 3019 3020
f 3052 3020 3019
f 3019 3051 3052
f 3084 3052 3051
f 3051 3083 3084
f 3116 3084 3083
f 3083 3115 3116
f 3148 3116 3115
f 3115 3147 3148
f 3180 3148 3147
f 3147 3179 3180
f 3212 3180 3179
f 3179 3211 3212
f 3244 3212 3211
f 3211 3243 3244
f 3276 3244 3243
f 3243 3275 3276
f 3308 3276 3275
f 3275 3307 3308
f 3340 3308 3307
f 3307 3339 3340
f 3372 3340 3339
f 3339 3371 3372
f 3404 3372 3371
f 3371 3403 3404
f 3436 3404 3403
f 3403 3435 3436
f 2477 2445 2444
f 2444 2476 2477
f 2509 2477 2476
f 2476 2508 2509
f 2541 2509 2508
f 2508 2540 2541
f 2573 2541 2540
f 2540 2572 2573
f 2605 2573 2572
f 2572 2604 2605
f 2637 2605 2604
f 2604 2636 2637
f 2669 2637 2636
f 2636 2668 2669
f 2701 2669 2668
f 2668 2700 2701
f 2733 2701 2700
f 2700 2732 2733
f 2765 2733 2732
f 2732 2764 2765
f 2797 2765 2764
f 2764 2796 2797
f 2829 2797 2796
f 2796 2828 2829
f 2861 2829 2828
f 2828 2860 2861
f 2893 2861 2860
f 2860 2892 2893
f 2925 2893 2892
f 2892 2924 2925
f 2957 2925 2924
f 2924 2956 2957
f 2989 2957 2956
f 2956 2988 2989
f 3021 2989 2988
f 2988 3020 3021
f 3053 3021 3020
f 3020 3052 3053
f 3085 3053 3052
f 3052 3084 3085
f 3117 3085 3084
f 3084 3116 3117
f 3149 3117 3116
f 3116 3148 3149
f 3181 3149 3148
f 3148 3180 3181
f 3213 3181 3180
f 3180 3212 3213
f 3245 3213 3212
f 3212 3244 3245
f 3277 3245 3244
f 3244 3276 3277
f 3309 3277 3276
f 3276 3308 3309
f 3341 3309 3308
f 3308 3340 3341
f 3373 3341 3340
f 3340 3372 3373
f 3405 3373 3372
f 3372 3404 3405
f 3437 3405 3404
f 3404 3436 3437
f 2478 2446 2445
f 2445 2477 2478
f 2510 2478 2477
f 2477 2509 2510
f 2542 2510 2509
f 2509 2541 2542
f 2574 2542 2541
f 2541 2573 2574
f 2606 2574 2573
f 2573 2605 2606
f 2638 2606 2605
f 2605 2637 2638
f 2670 2638 2637
f 2637 2669 2670
f 2702 2670 2669
f 2669 2701 2702
f 2734 2702 2701
f 2701 2733 2734
f 2766 2734 2733
f 2733 2765 2766
f 2798 2766 2765
f 2765 2797 2798
f 2830 2798 2797
f 2797 2829 2830
f 2862 2830 2829
f 2829 2861 2862
f 2894 2862 2861
f 2861 2893 2894
f 2926 2894 2893
f 2893 2925 2926
f 2958 2926 2925
f 2925 2957 2958
f 2990 2958 2957
f 2957 2989 2990
f 3022 2990 2989
f 2989 3021 3022
f 3054 3022 3021
f 3021 3053 3054
f 3086 3054 3053
f 3053 3085 3086
f 3118 3086 3085
f 3085 3117 3118
f 3150 3118 3117
f 3117 3149 3150
f 3182 3150 3149
f 3149 3181 3182
f 3214 3182 3181
f 3181 3213 3214
f 3246 3214 3213
f 3213 3245 3246
f 3278 3246 3245
f 3245 3277 3278
f 3310 3278 3277
f 3277 3309 3310
f 3342 3310 3309
f 3309 3341 3342
f 3374 3342 3341
f 3341 3373 3374
f 3406 3374 3373
f 3373 3405 3406
f 3438 3406 3405
f 3405 3437 3438
f 2479 2447 2446
f 2446 2478 2479
f 2511 2479 2478
f 2478 2510 2511
f 2543 2511 2510
f 2510 2542 2543
f 2575 2543 2542
f 2542 2574 2575
f 2607 2575 2574
f 2574 2606 2607
f 2639 2607 2606
f 2606 2638 2639
f 2671 2639 2638
f 2638 2670 2671
f 2703 2671 2670
f 2670 2702 2703
f 2735 2703 2702
f 2702 2734 2735
f 2767 2735 2734
f 2734 2766 2767
f 2799 2767 2766
f 2766 2798 2799
f 2831 2799 2798
f 2798 2830 2831
f 2863 2831 2830
f 2830 2862 2863
f 2895 2863 2862
f 2862 2894 2895
f 2927 2895 2894
f 2894 2926 2927
f 2959 2927 2926
f 2926 2958 2959
f 2991 2959 2958
f 2958 2990 2991
f 3023 2991 2990
f 2990 3022 3023
f 3055 3023 3022
f 3022 3054 3055
f 3087 3055 3054
f 3054 3086 3087
f 3119 3087 3086
f 3086 3118 3119
f 3151 3119 3118
f 3118 3150 3151
f 3183 3151 3150
f 3150 3182 3183
f 3215 3183 3182
f 3182 3214 3215
f 3247 3215 3214
f 3214 3246 3247
f 3279 3247 3246
f 3246 3278 3279
f 3311 3279 3278
f 3278 3310 3311
f 3343 3311 3310
f 3310 3342 3343
f 3375 3343 3342
f 3342 3374 3375
f 3407 3375 3374
f 3374 3406 3407
f 3439 3407 3406
f 3406 3438 3439
f 2480 2448 2447
f 2447 2479 2480
f 2512 2480 2479
f 2479 2511 2512
f 2544 2512 2511
f 2511 2543 2544
f 2576 2544 2543
f 2543 2575 2576
f 2608 2576 2575
f 2575 2607 2608
f 2640 2608 2607
f 2607 2639 2640
f 2672 2640 2639
f 2639 2671 2672
f 2704 2672 2671
f 2671 2703 2704
f 2736 2704 2703
f 2703 2735 2736
f 2768 2736 2735
f 2735 2767 2768
f 2800 2768 2767
f 2767 2799 2800
f 2832 2800 2799
f 2799 2831 2832
f 2864 2832 2831
f 2831 2863 2864
f 2896 2864 2863
f 2863 2895 2896
f 2928 2896 2895
f 2895 2927 2928
f 2960 2928 2927
f 2927 2959 2960
f 2992 2960 2959
f 2959 2991 2992
f 3024 2992 2991
f 2991 3023 3024
f 3056 3024 3023
f 3023 3055 3056
f 3088 3056 3055
f 3055 3087 3088
f 3120 3088 3087
f 3087 3119 3120
f 3152 3120 3119
f 3119 3151 3152
f 3184 3152 3151
f 3151 3183 3184
f 3216 3184 3183
f 3183 3215 3216
f 3248 3216 3215
f 3215 3247 3248
f 3280 3248 3247
f 3247 3279 3280
f 3312 3280 3279
f 3279 3311 3312
f 3344 3312 3311
f 3311 3343 3344
f 3376 3344 3343
f 3343 3375 3376
f 3408 3376 3375
f 3375 3407 3408
f 3440 3408 3407
f 3407 3439 3440
f 2481 2449 2448
f 2448 2480 2481
f 2513 2481 2480
f 2480 2512 2513
f 2545 2513 2512
f 2512 2544 2545
f 2577 2545 2544
f 2544 2576 2577
f 2609 2577 2576
f 2576 2608 2609
f 2641 2609 2608
f 2608 2640 2641
f 2673 2641 2640
f 2640 2672 2673
f 2705 2673 2672
f 2672 2704 2705
f 2737 2705 2704
f 2704 2736 2737
f 2769 2737 2736
f 2736 2768 2769
f 2801 2769 2768
f 2768 2800 2801
f 2833 2801 2800
f 2800 2832 2833
f 2865 2833 2832
f 2832 2864 2865
f 2897 2865 2864
f 2864 2896 2897
f 2929 2897 2896
f 2896 2928 2929
f 2961 2929 2928
f 2928 2960 2961
f 2993 2961 2960
f 2960 2992 2993
f 3025 2993 2992
f 2992 3024 3025
f 3057 3025 3024
f 3024 3056 3057
f 3089 3057 3056
f 3056 3088 3089
f 3121 3089 3088
f 3088 3120 3121
f 3153 3121 3120
f 3120 3152 3153
f 3185 3153 3152
f 3152 3184 3185
f 3217 3185 3184
f 3184 3216 3217
f 3249 3217 3216
f 3216 3248 3249
f 3281 3249 3248
f 3248 3280 3281
f 3313 3281 3280
f 3280 3312 3313
f 3345 3313 3312
f 3312 3344 3345
f 3377 3345 3344
f 3344 3376 3377
f 3409 3377 3376
f 3376 3408 3409
f 3441 3409 3408
f 3408 3440 3441
f 2482 2450 2449
f 2449 2481 2482
f 2514 2482 2481
f 2481 2513 2514
f 2546 2514 2513
f 2513 2545 2546
f 2578 2546 2545
f 2545 2577 2578
f 2610 2578 2577
f 2577 2609 2610
f 2642 2610 2609
f 2609 2641 2642
f 2674 2642 2641
f 2641 2673 2674
f 2706 2674 2673
f 2673 2705 2706
f 2738 2706 2705
f 2705 2737 2738
f 2770 2738 2737
f 2737 2769 2770
f 2802 2770 2769
f 2769 2801 2802
f 2834 2802 2801
f 2801 2833 2834
f 2866 2834 2833
f 2833 2865 2866
f 2898 2866 2865
f 2865 2897 2898
f 2930 2898 2897
f 2897 2929 2930
f 2962 2930 2929
f 2929 2961 2962
f 2994 2962 2961
f 2961 2993 2994
f 3026 2994 2993
f 2993 3025 3026
f 3058 3026 3025
f 3025 3057 3058
f 3090 3058 3057
f 3057 3089 3090
f 3122 3090 3089
f 3089 3121 3122
f 3154 3122 3121
f 3121 3153 3154
f 3186 3154 3153
f 3153 3185 3186
f 3218 3186 3185
f 3185 3217 3218
f 3250 3218 3217
f 3217 3249 3250
f 3282 3250 3249
f 3249 3281 3282
f 3314 3282 3281
f 3281 3313 3314
f 3346 3314 3313
f 3313 3345 3346
f 3378 3346 3345
f 3345 3377 3378
f 3410 3378 3377
f 3377 3409 3410
f 3442 3410 3409
f 3409 3441 3442
f 2483 2451 2450
f 2450 2482 2483
f 2515 2483 2482
f 2482 2514 2515
f 2547 2515 2514
f 2514 2546 2547
f 2579 2547 2546
f 2546 2578 2579
f 2611 2579 2578
f 2578 2610 2611
f 2643 2611 2610
f 2610 2642 2643
f 2675 2643 2642
f 2642 2674 2675
f 2707 2675 2674
f 2674 2706 2707
f 2739 2707 2706
f 2706 2738 2739
f 2771 2739 2738
f 2738 2770 2771
f 2803 2771 2770
f 2770 2802 2803
f 2835 2803 2802
f 2802 2834 2835
f 2867 2835 2834
f 2834 2866 2867
f 2899 2867 2866
f 2866 2898 2899
f 2931 2899 2898
f 2898 2930 2931
f 2963 2931 2930
f 2930 2962 2963
f 2995 2963 2962
f 2962 2994 2995
f 3027 2995 2994
f 2994 3026 3027
f 3059 3027 3026
f 3026 3058 3059
f 3091 3059 3058
f 3058 3090 3091
f 3123 3091 3090
f 3090 3122 3123
f 3155 3123 3122
f 3122 3154 3155
f 3187 3155 3154
f 3154 3186 3187
f 3219 3187 3186
f 3186 3218 3219
f 3251 3219 3218
f 3218 3250 3251
f 3283 3251 3250
f 3250 3282 3283
f 3315 3283 3282
f 3282 3314 3315
f 3347 3315 3314
f 3314 3346 3347
f 3379 3347 3346
f 3346 3378 3379
f 3411 3379 3378
f 3378 3410 3411
f 3443 3411 3410
f 3410 3442 3443
f 2484 2452 2451
f 2451 2483 2484
f 2516 2484 2483
f 2483 2515 2516
f 2548 2516 2515
f 2515 2547 2548
f 2580 2548 2547
f 2547 2579 2580
f 2612 2580 2579
f 2579 2611 2612
f 2644 2612 2611
f 2611 2643 2644
f 2676 2644 2643
f 2643 2675 2676
f 2708 2676 2675
f 2675 2707 2708
f 2740 2708 2707
f 2707 2739 2740
f 2772 2740 2739
f 2739 2771 2772
f 2804 2772 2771
f 2771 2803 2804
f 2836 2804 2803
f 2803 2835 2836
f 2868 2836 2835
f 2835 2867 2868
f 2900 2868 2867
f 2867 2899 2900
f 2932 2900 2899
f 2899 2931 2932
f 2964 2932 2931
f 2931 2963 2964
f 2996 2964 2963
f 2963 2995 2996
f 3028 2996 2995
f 2995 3027 3028
f 3060 3028 3027
f 3027 3059 3060
f 3092 3060 3059
f 3059 3091 3092
f 3124 3092 3091
f 3091 3123 3124
f 3156 3124 3123
f 3123 3155 3156
f 3188 3156 3155
f 3155 3187 3188
f 3220 3188 3187
f 3187 3219 3220
f 3252 3220 3219
f 3219 3251 3252
f 3284 3252 3251
f 3251 3283 3284
f 3316 3284 3283
f 3283 3315 3316
f 3348 3316 3315
f 3315 3347 3348
f 3380 3348 3347
f 3347 3379 3380
f 3412 3380 3379
f 3379 3411 3412
f 3444 3412 3411
f 3411 3443 3444
f 2485 2453 2452
f 2452 2484 2485
f 2517 2485 2484
f 2484 2516 2517
f 2549 2517 2516
f 2516 2548 2549
f 2581 2549 2548
f 2548 2580 2581
f 2613 2581 2580
f 2580 2612 2613
f 2645 2613 2612
f 2612 2644 2645
f 2677 2645 2644
f 2644 2676 2677
f 2709 2677 2676
f 2676 2708 2709
f 2741 2709 2708
f 2708 2740 2741
f 2773 2741 2740
f 2740 2772 2773
f 2805 2773 2772
f 2772 2804 2805
f 2837 2805 2804
f 2804 2836 2837
f 2869 2837 2836
f 2836 2868 2869
f 2901 2869 2868
f 2868 2900 2901
f 2933 2901 2900
f 2900 2932 2933
f 2965 2933 2932
f 2932 2964 2965
f 2997 2965 2964
f 2964 2996 2997
f 3029 2997 2996
f 2996 3028 3029
f 3061 3029 3028
f 3028 3060 3061
f 3093 3061 3060
f 3060 3092 3093
f 3125 3093 3092
f 3092 3124 3125
f 3157 3125 3124
f 3124 3156 3157
f 3189 3157 3156
f 3156 3188 3189
f 3221 3189 3188
f 3188 3220 3221
f 3253 3221 3220
f 3220 3252 3253
f 3285 3253 3252
f 3252 3284 3285
f 3317 3285 3284
f 3284 3316 3317
f 3349 3317 3316
f 3316 3348 3349
f 3381 3349 3348
f 3348 3380 3381
f 3413 3381 3380
f 3380 3412 3413
f 3445 3413 3412
f 3412 3444 3445
f 2486 2454 2453
f 2453 2485 2486
f 2518 2486 2485
f 2485 2517 2518
f 2550 2518 2517
f 2517 2549 2550
f 2582 2550 2549
f 2549 2581 2582
f 2614 2582 2581
f 2581 2613 2614
f 2646 2614 2613
f 2613 2645 2646
f 2678 2646 2645
f 2645 2677 2678
f 2710 2678 2677
f 2677 2709 2710
f 2742 2710 2709
f 2709 2741 2742
f 2774 2742 2741
f 2741 2773 2774
f 2806 2774 2773
f 2773 2805 2806
f 2838 2806 2805
f 2805 2837 2838
f 2870 2838 2837
f 2837 2869 2870
f 2902 2870 2869
f 2869 2901 2902
f 2934 2902 2901
f 2901 2933 2934
f 2966 2934 2933
f 2933 2965 2966
f 2998 2966 2965
f 2965 2997 2998
f 3030 2998 2997
f 2997 3029 3030
f 3062 3030 3029
f 3029 3061 3062
f 3094 3062 3061
f 3061 3093 3094
f 3126 3094 3093
f 3093 3125 3126
f 3158 3126 3125
f 3125 3157 3158
f 3190 3158 3157
f 3157 3189 3190
f 3222 3190 3189
f 3189 3221 3222
f 3254 3222 3221
f 3221 3253 3254
f 3286 3254 3253
f 3253 3285 3286
f 3318 3286 3285
f 3285 3317 3318
f 3350 3318 3317
f 3317 3349 3350
f 3382 3350 3349
f 3349 3381 3382
f 3414 3382 3381
f 3381 3413 3414
f 3446 3414 3413
f 3413 3445 3446
f 2487 2455 2454
f 2454 2486 2487
f 2519 2487 2486
f 2486 2518 2519
f 2551 2519 2518
f 2518 2550 2551
f 2583 2551 2550
f 2550 2582 2583
f 2615 2583 2582
f 2582 2614 2615
f 2647 2615 2614
f 2614 2646 2647
f 2679 2647 2646
f 2646 2678 2679
f 2711 2679 2678
f 2678 2710 2711
f 2743 2711 2710
f 2710 2742 2743
f 2775 2743 2742
f 2742 2774 2775
f 2807 2775 2774
f 2774 2806 2807
f 2839 2807 2806
f 2806 2838 2839
f 2871 2839 2838
f 2838 2870 2871
f 2903 2871 2870
f 2870 2902 2903
f 2935 2903 2902
f 2902 2934 2935
f 2967 2935 2934
f 2934 2966 2967
f 2999 2967 2966
f 2966 2998 2999
f 3031 2999 2998
f 2998 3030 3031
f 3063 3031 3030
f 3030 3062 3063
f 3095 3063 3062
f 3062 3094 3095
f 3127 3095 3094
f 3094 3126 3127
f 3159 3127 3126
f 3126 3158 3159
f 3191 3159 3158
f 3158 3190 3191
f 3223 3191 3190
f 3190 3222 3223
f 3255 3223 3222
f 3222 3254 3255
f 3287 3255 3254
f 3254 3286 3287
f 3319 3287 3286
f 3286 3318 3319
f 3351 3319 3318
f 3318 3350 3351
f 3383 3351 3350
f 3350 3382 3383
f 3415 3383 3382
f 3382 3414 3415
f 3447 3415 3414
f 3414 3446 3447
f 2488 2456 2455
f 2455 2487 2488
f 2520 2488 2487
f 2487 2519 2520
f 2552 2520 2519
f 2519 2551 2552
f 2584 2552 2551
f 2551 2583 2584
f 2616 2584 2583
f 2583 2615 2616
f 2648 2616 2615
f 2615 2647 2648
f 2680 2648 2647
f 2647 2679 2680
f 2712 2680 2679
f 2679 2711 2712
f 2744 2712 2711
f 2711 2743 2744
f 2776 2744 2743
f 2743 2775 2776
f 2808 2776 2775
f 2775 2807 2808
f 2840 2808 2807
f 2807 2839 2840
f 2872 2840 2839
f 2839 2871 2872
f 2904 2872 2871
f 2871 2903 2904
f 2936 2904 2903
f 2903 2935 2936
f 2968 2936 2935
f 2935 2967 2968
f 3000 2968 2967
f 2967 2999 3000
f 3032 3000 2999
f 2999 3031 3032
f 3064 3032 3031
f 3031 3063 3064
f 3096 3064 3063
f 3063 3095 3096
f 3128 3096 3095
f 3095 3127 3128
f 3160 3128 3127
f 3127 3159 3160
f 3192 3160 3159
f 3159 3191 3192
f 3224 3192 3191
f 3191 3223 3224
f 3256 3224 3223
f 3223 3255 3256
f 3288 3256 3255
f 3255 3287 3288
f 3320 3288 3287
f 3287 3319 3320
f 3352 3320 3319
f 3319 3351 3352
f 3384 3352 3351
f 3351 3383 3384
f 3416 3384 3383
f 3383 3415 3416
f 3448 3416 3415
f 3415 3447 3448
f 2489 2457 2456
f 2456 2488 2489
f 2521 2489 2488
f 2488 2520 2521
f 2553 2521 2520
f 2520 2552 2553
f 2585 2553 2552
f 2552 2584 2585
f 2617 2585 2584
f 2584 2616 2617
f 2649 2617 2616
f 2616 2648 2649
f 2681 2649 2648
f 2648 2680 2681
f 2713 2681 2680
f 2680 2712 2713
f 2745 2713 2712
f 2712 2744 2745
f 2777 2745 2744
f 2744 2776 2777
f 2809 2777 2776
f 2776 2808 2809
f 2841 2809 2808
f 2808 2840 2841
f 2873 2841 2840
f 2840 2872 2873
f 2905 2873 2872
f 2872 2904 2905
f 2937 2905 2904
f 2904 2936 2937
f 2969 2937 2936
f 2936 2968 2969
f 3001 2969 2968
f 2968 3000 3001
f 3033 3001 3000
f 3000 3032 3033
f 3065 3033 3032
f 3032 3064 3065
f 3097 3065 3064
f 3064 3096 3097
f 3129 3097 3096
f 3096 3128 3129
f 3161 3129 3128
f 3128 3160 3161
f 3193 3161 3160
f 3160 3192 3193
f 3225 3193 3192
f 3192 3224 3225
f 3257 3225 3224
f 3224 3256 3257
f 3289 3257 3256
f 3256 3288 3289
f 3321 3289 3288
f 3288 3320 3321
f 3353 3321 3320
f 3320 3352 3353
f 3385 3353 3352
f 3352 3384 3385
f 3417 3385 3384
f 3384 3416 3417
f 3449 3417 3416
f 3416 3448 3449
