v 20.4823 7.63489 924.959
v 20.1826 7.78489 924.974
v 20.4823 4.63489 924.959
v 19.883 7.85989 924.989
v 19.5834 7.85989 925.005
v 18.9842 4.63489 925.035
v 19.2838 7.78489 925.02
v 18.9842 7.63489 925.035
v 13.9906 7.63489 925.289
v 13.691 7.78489 925.304
v 13.9906 4.63489 925.289
v 13.3914 7.85989 925.319
v 13.0918 7.85989 925.335
v 12.4926 4.63489 925.365
v 12.7922 7.78489 925.35
v 12.4926 7.63489 925.365
v 21.8673 5.23489 924.629
v 21.8318 5.23489 923.93
v 21.8673 8.43489 924.629
v 21.8318 8.43489 923.93
v 10.9407 8.47631 924.384
v 10.9407 5.23489 924.384
v 11.0457 8.43489 924.478
v 11.0457 5.23489 924.478
v 11.0812 8.43489 925.177
v 11.0457 8.43489 924.478
v 11.0812 5.23489 925.177
v 11.0457 5.23489 924.478
v 21.9265 8.47631 923.825
v 21.8318 8.43489 923.93
v 21.9265 5.23489 923.825
v 21.8318 5.23489 923.93
v 23.6294 16.4349 923.839
v 23.9788 14.0349 930.711
v 24.3505 16.4349 938.02
v 24.2198 14.0349 935.451
v 24.3505 14.0349 938.02
v 24.199 14.0349 935.041
v 24.1118 14.0349 933.326
v 24.0915 14.0349 932.927
v 24.0011 14.0349 931.148
v 23.8884 14.0349 928.932
v 23.8681 14.0349 928.532
v 23.7824 14.0349 926.848
v 23.7616 14.0349 926.438
v 23.6294 14.0349 923.839
v 24.2557 14.0349 938.125
v 24.2557 16.4349 938.125
v 24.3505 14.0349 938.02
v 24.3505 16.4349 938.02
v 23.6294 14.0349 923.839
v 23.6294 16.4349 923.839
v 23.5245 14.0349 923.744
v 23.5245 16.4349 923.744
v 23.6294 8.47631 923.839
v 23.5245 5.23489 923.744
v 23.6294 5.23489 923.839
v 24.2557 5.23489 938.125
v 24.2557 8.47631 938.125
v 24.3505 5.23489 938.02
v 24.3505 8.47631 938.02
v 23.6294 8.47631 923.839
v 23.8884 5.23489 928.932
v 23.929 5.23489 929.731
v 24.3505 8.47631 938.02
v 24.2946 5.23489 936.922
v 24.3505 5.23489 938.02
v 24.254 5.23489 936.123
v 24.0915 5.23489 932.927
v 24.0509 5.23489 932.128
v 23.7259 5.23489 925.736
v 23.6853 5.23489 924.937
v 23.6294 5.23489 923.839
v 9.96901 16.4349 938.751
v 9.6196 14.0349 931.879
v 9.248 16.4349 924.57
v 9.37861 14.0349 927.139
v 9.248 14.0349 924.57
v 9.39944 14.0349 927.549
v 9.48664 14.0349 929.264
v 9.50695 14.0349 929.663
v 9.59739 14.0349 931.442
v 9.71005 14.0349 933.658
v 9.73036 14.0349 934.057
v 9.81601 14.0349 935.742
v 9.83683 14.0349 936.152
v 9.96901 14.0349 938.751
v 9.34279 14.0349 924.465
v 9.34279 16.4349 924.465
v 9.248 14.0349 924.57
v 9.248 16.4349 924.57
v 9.96901 14.0349 938.751
v 9.96901 16.4349 938.751
v 10.074 14.0349 938.846
v 10.074 16.4349 938.846
v 9.96901 8.47631 938.751
v 10.074 5.23489 938.846
v 9.96901 5.23489 938.751
v 9.34279 5.23489 924.465
v 9.34279 8.47631 924.465
v 9.248 5.23489 924.57
v 9.248 8.47631 924.57
v 9.66943 5.23489 932.859
v 9.248 8.47631 924.57
v 9.96901 8.47631 938.751
v 9.30385 5.23489 925.668
v 9.248 5.23489 924.57
v 9.34447 5.23489 926.467
v 9.50695 5.23489 929.663
v 9.54757 5.23489 930.462
v 9.71005 5.23489 933.658
v 9.87254 5.23489 936.854
v 9.91316 5.23489 937.653
v 9.96901 5.23489 938.751
v 24.2557 16.4349 938.125
v 17.3832 14.0349 938.475
v 10.074 16.4349 938.846
v 12.6431 14.0349 938.716
v 10.074 14.0349 938.846
v 13.0528 14.0349 938.695
v 14.7679 14.0349 938.608
v 15.1674 14.0349 938.587
v 16.9464 14.0349 938.497
v 19.1622 14.0349 938.384
v 19.5617 14.0349 938.364
v 21.2463 14.0349 938.278
v 21.656 14.0349 938.257
v 24.2557 14.0349 938.125
v 18.3633 5.23489 938.425
v 10.074 8.47882 938.846
v 24.2557 8.47631 938.125
v 11.1726 5.23489 938.79
v 10.074 5.23489 938.846
v 11.9715 5.23489 938.75
v 15.1674 5.23489 938.587
v 15.9664 5.23489 938.547
v 19.1622 5.23489 938.384
v 22.3581 5.23489 938.222
v 23.1571 5.23489 938.181
v 24.2557 5.23489 938.125
v 21.9265 8.47631 923.825
v 23.1095 5.23489 923.765
v 23.5245 8.47631 923.744
v 23.5245 5.23489 923.744
v 22.3106 5.23489 923.805
v 21.9265 5.23489 923.825
v 9.34279 5.23489 924.465
v 9.734 5.23489 924.445
v 9.34279 8.47631 924.465
v 10.9407 8.47631 924.384
v 10.533 5.23489 924.404
v 10.9407 5.23489 924.384
v 16.6521 14.0349 924.093
v 23.5245 16.4349 923.744
v 9.34279 16.4349 924.465
v 20.9554 14.0349 923.874
v 23.5245 14.0349 923.744
v 20.5457 14.0349 923.895
v 18.8305 14.0349 923.982
v 18.4311 14.0349 924.003
v 16.2152 14.0349 924.115
v 14.4362 14.0349 924.206
v 14.0367 14.0349 924.226
v 12.3522 14.0349 924.312
v 11.9425 14.0349 924.333
v 9.34279 14.0349 924.465
v 23.5245 8.47631 923.744
v 10.074 8.47882 938.846
v 14.4362 11.6349 924.206
v 16.2152 11.6349 924.115
v 14.4362 14.0349 924.206
v 16.2152 14.0349 924.115
v 14.0367 11.6349 924.226
v 14.0367 14.0349 924.226
v 12.3522 11.6349 924.312
v 12.3522 14.0349 924.312
v 16.6521 11.6349 924.093
v 18.4311 11.6349 924.003
v 16.6521 14.0349 924.093
v 18.4311 14.0349 924.003
v 18.8305 11.6349 923.982
v 20.5457 11.6349 923.895
v 18.8305 14.0349 923.982
v 20.5457 14.0349 923.895
v 23.5245 14.0349 923.744
v 20.9554 14.0349 923.874
v 23.5245 11.6349 923.744
v 20.9554 11.6349 923.874
v 21.5658 11.6349 923.843
v 9.34279 11.6349 924.465
v 11.9425 11.6349 924.333
v 9.34279 14.0349 924.465
v 11.9425 14.0349 924.333
v 13.9775 7.65725 925.03
v 13.9975 7.63489 925.029
v 13.9775 8.83489 925.03
v 18.971 8.83489 924.776
v 18.9511 7.63489 924.777
v 18.971 7.65725 924.776
v 19.2637 7.80376 924.761
v 20.4691 7.65725 924.7
v 20.4691 8.83489 924.7
v 20.1765 7.80376 924.715
v 19.5678 7.87989 924.746
v 19.8723 7.87989 924.73
v 11.0812 5.23489 925.177
v 12.4594 5.23489 925.107
v 11.0812 8.43489 925.177
v 12.4594 7.63489 925.107
v 11.4807 8.83489 925.157
v 12.4794 8.83489 925.106
v 12.4794 7.65725 925.106
v 12.7721 7.80376 925.091
v 13.6848 7.80376 925.045
v 13.0762 7.87989 925.076
v 13.3807 7.87989 925.061
v 21.4678 8.83489 924.649
v 20.4891 7.63489 924.699
v 21.8673 5.23489 924.629
v 21.8673 8.43489 924.629
v 20.4891 5.23489 924.699
v 13.9975 5.23489 925.029
v 18.9511 5.23489 924.777
v 23.8884 11.6349 928.932
v 23.9788 11.6349 930.711
v 23.8884 14.0349 928.932
v 23.9788 14.0349 930.711
v 23.8681 11.6349 928.532
v 23.8681 14.0349 928.532
v 23.7824 11.6349 926.848
v 23.7824 14.0349 926.848
v 24.0011 11.6349 931.148
v 24.0915 11.6349 932.927
v 24.0011 14.0349 931.148
v 24.0915 14.0349 932.927
v 24.1118 11.6349 933.326
v 24.199 11.6349 935.041
v 24.1118 14.0349 933.326
v 24.199 14.0349 935.041
v 24.3505 14.0349 938.02
v 24.2198 14.0349 935.451
v 24.3505 11.6349 938.02
v 24.2198 11.6349 935.451
v 24.2509 11.6349 936.062
v 23.6294 11.6349 923.839
v 23.7616 11.6349 926.438
v 23.6294 14.0349 923.839
v 23.7616 14.0349 926.438
v 24.3505 14.0349 938.02
v 24.3505 11.6349 938.02
v 24.2557 14.0349 938.125
v 24.2557 11.6349 938.125
v 24.2557 8.47631 938.125
v 24.2557 10.4349 938.125
v 24.3505 8.47631 938.02
v 24.2557 11.2349 938.125
v 23.6294 11.6349 923.839
v 23.6294 14.0349 923.839
v 23.5245 11.6349 923.744
v 23.5245 14.0349 923.744
v 23.6294 8.47631 923.839
v 23.5245 8.47631 923.744
v 23.6294 8.47631 923.839
v 24.3505 8.47631 938.02
v 9.71005 11.6349 933.658
v 9.61961 11.6349 931.879
v 9.71005 14.0349 933.658
v 9.6196 14.0349 931.879
v 9.73036 11.6349 934.057
v 9.73036 14.0349 934.057
v 9.81601 11.6349 935.742
v 9.81601 14.0349 935.742
v 9.5974 11.6349 931.442
v 9.50695 11.6349 929.663
v 9.59739 14.0349 931.442
v 9.50695 14.0349 929.663
v 9.48664 11.6349 929.264
v 9.39944 11.6349 927.549
v 9.48664 14.0349 929.264
v 9.39944 14.0349 927.549
v 9.248 14.0349 924.57
v 9.37861 14.0349 927.139
v 9.248 11.6349 924.57
v 9.37861 11.6349 927.139
v 9.34758 11.6349 926.528
v 9.96901 11.6349 938.751
v 9.83684 11.6349 936.152
v 9.96901 14.0349 938.751
v 9.83683 14.0349 936.152
v 9.248 14.0349 924.57
v 9.248 11.6349 924.57
v 9.34279 14.0349 924.465
v 9.34279 11.6349 924.465
v 9.34279 8.47631 924.465
v 9.248 8.47631 924.57
v 9.96901 11.6349 938.751
v 9.96901 14.0349 938.751
v 10.074 11.6349 938.846
v 10.074 14.0349 938.846
v 10.074 8.47882 938.846
v 9.96901 8.47631 938.751
v 14.4135 17.2349 935.421
v 14.4135 19.6349 935.421
v 21.6042 17.2349 935.056
v 21.6042 19.6349 935.056
v 21.6042 17.2349 935.056
v 21.6042 19.6349 935.056
v 21.3199 17.2349 929.463
v 21.3199 19.6349 929.463
v 21.3199 17.2349 929.463
v 21.3199 19.6349 929.463
v 14.1292 17.2349 929.829
v 14.1292 19.6349 929.829
v 14.1292 17.2349 929.829
v 14.1292 19.6349 929.829
v 14.4135 17.2349 935.421
v 14.4135 19.6349 935.421
v 9.96901 8.47631 938.751
v 9.248 8.47631 924.57
v 9.81601 14.0349 935.742
v 9.98027 14.0349 935.734
v 9.81601 11.6349 935.742
v 9.98027 11.6349 935.734
v 19.1622 11.6349 938.384
v 17.3832 11.6349 938.475
v 19.1622 14.0349 938.384
v 17.3832 14.0349 938.475
v 19.5617 11.6349 938.364
v 19.5617 14.0349 938.364
v 21.2463 11.6349 938.278
v 21.2463 14.0349 938.278
v 16.9464 11.6349 938.497
v 15.1674 11.6349 938.587
v 16.9464 14.0349 938.497
v 15.1674 14.0349 938.587
v 14.7679 11.6349 938.608
v 13.0528 11.6349 938.695
v 14.7679 14.0349 938.608
v 13.0528 14.0349 938.695
v 10.074 14.0349 938.846
v 12.6431 14.0349 938.716
v 10.074 11.6349 938.846
v 12.6431 11.6349 938.716
v 12.0327 11.6349 938.747
v 24.2557 11.6349 938.125
v 21.656 11.6349 938.257
v 24.2557 14.0349 938.125
v 21.656 14.0349 938.257
v 24.2557 8.47631 938.125
v 10.074 8.47882 938.846
v 23.5245 8.47631 923.744
v 21.9265 8.47631 923.825
v 21.5271 8.87632 923.845
v 21.4272 8.93489 923.85
v 16.4336 8.93489 924.104
v 11.4401 8.93489 924.358
v 11.3402 8.87632 924.363
v 9.34279 8.47631 924.465
v 10.9407 8.47631 924.384
v 20.9637 14.0349 924.039
v 20.554 14.0349 924.059
v 20.9637 11.6349 924.039
v 20.554 11.6349 924.059
v 20.9554 14.0349 923.874
v 20.9637 14.0349 924.039
v 20.9554 11.6349 923.874
v 20.9637 11.6349 924.039
v 20.9554 11.6349 923.874
v 20.9637 11.6349 924.039
v 20.5457 11.6349 923.895
v 20.554 11.6349 924.059
v 20.5457 11.6349 923.895
v 20.554 11.6349 924.059
v 20.5457 14.0349 923.895
v 20.554 14.0349 924.059
v 20.5457 14.0349 923.895
v 20.554 14.0349 924.059
v 20.9554 14.0349 923.874
v 20.9637 14.0349 924.039
v 18.8389 14.0349 924.147
v 18.4394 14.0349 924.167
v 18.8389 11.6349 924.147
v 18.4394 11.6349 924.167
v 18.8305 14.0349 923.982
v 18.8389 14.0349 924.147
v 18.8305 11.6349 923.982
v 18.8389 11.6349 924.147
v 18.8305 11.6349 923.982
v 18.8389 11.6349 924.147
v 18.4311 11.6349 924.003
v 18.4394 11.6349 924.167
v 18.4311 11.6349 924.003
v 18.4394 11.6349 924.167
v 18.4311 14.0349 924.003
v 18.4394 14.0349 924.167
v 18.4311 14.0349 924.003
v 18.4394 14.0349 924.167
v 18.8305 14.0349 923.982
v 18.8389 14.0349 924.147
v 16.6604 14.0349 924.257
v 16.2236 14.0349 924.28
v 16.6604 11.6349 924.257
v 16.2236 11.6349 924.28
v 16.6521 14.0349 924.093
v 16.6604 14.0349 924.257
v 16.6521 11.6349 924.093
v 16.6604 11.6349 924.257
v 16.6521 11.6349 924.093
v 16.6604 11.6349 924.257
v 16.2152 11.6349 924.115
v 16.2236 11.6349 924.28
v 16.2152 11.6349 924.115
v 16.2236 11.6349 924.28
v 16.2152 14.0349 924.115
v 16.2236 14.0349 924.28
v 16.2152 14.0349 924.115
v 16.2236 14.0349 924.28
v 16.6521 14.0349 924.093
v 16.6604 14.0349 924.257
v 14.4446 14.0349 924.37
v 14.0451 14.0349 924.39
v 14.4446 11.6349 924.37
v 14.0451 11.6349 924.39
v 14.4362 14.0349 924.206
v 14.4446 14.0349 924.37
v 14.4362 11.6349 924.206
v 14.4446 11.6349 924.37
v 14.4362 11.6349 924.206
v 14.4446 11.6349 924.37
v 14.0367 11.6349 924.226
v 14.0451 11.6349 924.39
v 14.0367 11.6349 924.226
v 14.0451 11.6349 924.39
v 14.0367 14.0349 924.226
v 14.0451 14.0349 924.39
v 14.0367 14.0349 924.226
v 14.0451 14.0349 924.39
v 14.4362 14.0349 924.206
v 14.4446 14.0349 924.37
v 12.3605 14.0349 924.476
v 11.9508 14.0349 924.497
v 12.3605 11.6349 924.476
v 11.9508 11.6349 924.497
v 12.3522 14.0349 924.312
v 12.3605 14.0349 924.476
v 12.3522 11.6349 924.312
v 12.3605 11.6349 924.476
v 12.3522 11.6349 924.312
v 12.3605 11.6349 924.476
v 11.9425 11.6349 924.333
v 11.9508 11.6349 924.497
v 11.9425 11.6349 924.333
v 11.9508 11.6349 924.497
v 11.9425 14.0349 924.333
v 11.9508 14.0349 924.497
v 11.9425 14.0349 924.333
v 11.9508 14.0349 924.497
v 12.3522 14.0349 924.312
v 12.3605 14.0349 924.476
v 24.0556 14.0349 935.459
v 24.0347 14.0349 935.05
v 24.0556 11.6349 935.459
v 24.0347 11.6349 935.05
v 24.2198 14.0349 935.451
v 24.0556 14.0349 935.459
v 24.2198 11.6349 935.451
v 24.0556 11.6349 935.459
v 24.2198 11.6349 935.451
v 24.0556 11.6349 935.459
v 24.199 11.6349 935.041
v 24.0347 11.6349 935.05
v 24.199 11.6349 935.041
v 24.0347 11.6349 935.05
v 24.199 14.0349 935.041
v 24.0347 14.0349 935.05
v 24.199 14.0349 935.041
v 24.0347 14.0349 935.05
v 24.2198 14.0349 935.451
v 24.0556 14.0349 935.459
v 23.9475 14.0349 933.335
v 23.9272 14.0349 932.935
v 23.9475 11.6349 933.335
v 23.9272 11.6349 932.935
v 24.1118 14.0349 933.326
v 23.9475 14.0349 933.335
v 24.1118 11.6349 933.326
v 23.9475 11.6349 933.335
v 24.1118 11.6349 933.326
v 23.9475 11.6349 933.335
v 24.0915 11.6349 932.927
v 23.9272 11.6349 932.935
v 24.0915 11.6349 932.927
v 23.9272 11.6349 932.935
v 24.0915 14.0349 932.927
v 23.9272 14.0349 932.935
v 24.0915 14.0349 932.927
v 23.9272 14.0349 932.935
v 24.1118 14.0349 933.326
v 23.9475 14.0349 933.335
v 23.8368 14.0349 931.156
v 23.8146 14.0349 930.719
v 23.8368 11.6349 931.156
v 23.8146 11.6349 930.719
v 24.0011 14.0349 931.148
v 23.8368 14.0349 931.156
v 24.0011 11.6349 931.148
v 23.8368 11.6349 931.156
v 24.0011 11.6349 931.148
v 23.8368 11.6349 931.156
v 23.9788 11.6349 930.711
v 23.8146 11.6349 930.719
v 23.9788 11.6349 930.711
v 23.8146 11.6349 930.719
v 23.9788 14.0349 930.711
v 23.8146 14.0349 930.719
v 23.9788 14.0349 930.711
v 23.8146 14.0349 930.719
v 24.0011 14.0349 931.148
v 23.8368 14.0349 931.156
v 23.7241 14.0349 928.94
v 23.7038 14.0349 928.541
v 23.7241 11.6349 928.94
v 23.7038 11.6349 928.541
v 23.8884 14.0349 928.932
v 23.7241 14.0349 928.94
v 23.8884 11.6349 928.932
v 23.7241 11.6349 928.94
v 23.8884 11.6349 928.932
v 23.7241 11.6349 928.94
v 23.8681 11.6349 928.532
v 23.7038 11.6349 928.541
v 23.8681 11.6349 928.532
v 23.7038 11.6349 928.541
v 23.8681 14.0349 928.532
v 23.7038 14.0349 928.541
v 23.8681 14.0349 928.532
v 23.7038 14.0349 928.541
v 23.8884 14.0349 928.932
v 23.7241 14.0349 928.94
v 23.6182 14.0349 926.856
v 23.5974 14.0349 926.447
v 23.6182 11.6349 926.856
v 23.5974 11.6349 926.447
v 23.7824 14.0349 926.848
v 23.6182 14.0349 926.856
v 23.7824 11.6349 926.848
v 23.6182 11.6349 926.856
v 23.7824 11.6349 926.848
v 23.6182 11.6349 926.856
v 23.7616 11.6349 926.438
v 23.5974 11.6349 926.447
v 23.7616 11.6349 926.438
v 23.5974 11.6349 926.447
v 23.7616 14.0349 926.438
v 23.5974 14.0349 926.447
v 23.7616 14.0349 926.438
v 23.5974 14.0349 926.447
v 23.7824 14.0349 926.848
v 23.6182 14.0349 926.856
v 9.54287 14.0349 927.13
v 9.5637 14.0349 927.54
v 9.54287 11.6349 927.13
v 9.5637 11.6349 927.54
v 9.37861 14.0349 927.139
v 9.54287 14.0349 927.13
v 9.37861 11.6349 927.139
v 9.54287 11.6349 927.13
v 9.37861 11.6349 927.139
v 9.54287 11.6349 927.13
v 9.39944 11.6349 927.549
v 9.5637 11.6349 927.54
v 9.39944 11.6349 927.549
v 9.5637 11.6349 927.54
v 9.39944 14.0349 927.549
v 9.5637 14.0349 927.54
v 9.39944 14.0349 927.549
v 9.5637 14.0349 927.54
v 9.37861 14.0349 927.139
v 9.54287 14.0349 927.13
v 9.6509 14.0349 929.255
v 9.67121 14.0349 929.655
v 9.6509 11.6349 929.255
v 9.67121 11.6349 929.655
v 9.48664 14.0349 929.264
v 9.6509 14.0349 929.255
v 9.48664 11.6349 929.264
v 9.6509 11.6349 929.255
v 9.48664 11.6349 929.264
v 9.6509 11.6349 929.255
v 9.50695 11.6349 929.663
v 9.67121 11.6349 929.655
v 9.50695 11.6349 929.663
v 9.67121 11.6349 929.655
v 9.50695 14.0349 929.663
v 9.67121 14.0349 929.655
v 9.50695 14.0349 929.663
v 9.67121 14.0349 929.655
v 9.48664 14.0349 929.264
v 9.6509 14.0349 929.255
v 9.76166 14.0349 931.434
v 9.78387 14.0349 931.871
v 9.76166 11.6349 931.434
v 9.78387 11.6349 931.871
v 9.59739 14.0349 931.442
v 9.76166 14.0349 931.434
v 9.5974 11.6349 931.442
v 9.76166 11.6349 931.434
v 9.5974 11.6349 931.442
v 9.76166 11.6349 931.434
v 9.61961 11.6349 931.879
v 9.78387 11.6349 931.871
v 9.61961 11.6349 931.879
v 9.78387 11.6349 931.871
v 9.6196 14.0349 931.879
v 9.78387 14.0349 931.871
v 9.6196 14.0349 931.879
v 9.78387 14.0349 931.871
v 9.59739 14.0349 931.442
v 9.76166 14.0349 931.434
v 9.87431 14.0349 933.65
v 9.89462 14.0349 934.049
v 9.87431 11.6349 933.65
v 9.89462 11.6349 934.049
v 9.71005 14.0349 933.658
v 9.87431 14.0349 933.65
v 9.71005 11.6349 933.658
v 9.87431 11.6349 933.65
v 9.71005 11.6349 933.658
v 9.87431 11.6349 933.65
v 9.73036 11.6349 934.057
v 9.89462 11.6349 934.049
v 9.73036 11.6349 934.057
v 9.89462 11.6349 934.049
v 9.73036 14.0349 934.057
v 9.89462 14.0349 934.049
v 9.73036 14.0349 934.057
v 9.89462 14.0349 934.049
v 9.71005 14.0349 933.658
v 9.87431 14.0349 933.65
v 9.98027 14.0349 935.734
v 10.0011 14.0349 936.143
v 9.98027 11.6349 935.734
v 10.0011 11.6349 936.143
v 9.81601 11.6349 935.742
v 9.98027 11.6349 935.734
v 9.83684 11.6349 936.152
v 10.0011 11.6349 936.143
v 9.83684 11.6349 936.152
v 10.0011 11.6349 936.143
v 9.83683 14.0349 936.152
v 10.0011 14.0349 936.143
v 9.83683 14.0349 936.152
v 10.0011 14.0349 936.143
v 9.81601 14.0349 935.742
v 9.98027 14.0349 935.734
v 12.6347 14.0349 938.551
v 13.0444 14.0349 938.531
v 12.6347 11.6349 938.551
v 13.0444 11.6349 938.531
v 12.6431 14.0349 938.716
v 12.6347 14.0349 938.551
v 12.6431 11.6349 938.716
v 12.6347 11.6349 938.551
v 12.6431 11.6349 938.716
v 12.6347 11.6349 938.551
v 13.0528 11.6349 938.695
v 13.0444 11.6349 938.531
v 13.0528 11.6349 938.695
v 13.0444 11.6349 938.531
v 13.0528 14.0349 938.695
v 13.0444 14.0349 938.531
v 13.0528 14.0349 938.695
v 13.0444 14.0349 938.531
v 12.6431 14.0349 938.716
v 12.6347 14.0349 938.551
v 14.7596 14.0349 938.443
v 15.159 14.0349 938.423
v 14.7596 11.6349 938.443
v 15.159 11.6349 938.423
v 14.7679 14.0349 938.608
v 14.7596 14.0349 938.443
v 14.7679 11.6349 938.608
v 14.7596 11.6349 938.443
v 14.7679 11.6349 938.608
v 14.7596 11.6349 938.443
v 15.1674 11.6349 938.587
v 15.159 11.6349 938.423
v 15.1674 11.6349 938.587
v 15.159 11.6349 938.423
v 15.1674 14.0349 938.587
v 15.159 14.0349 938.423
v 15.1674 14.0349 938.587
v 15.159 14.0349 938.423
v 14.7679 14.0349 938.608
v 14.7596 14.0349 938.443
v 16.938 14.0349 938.333
v 17.3749 14.0349 938.31
v 16.938 11.6349 938.333
v 17.3749 11.6349 938.31
v 16.9464 14.0349 938.497
v 16.938 14.0349 938.333
v 16.9464 11.6349 938.497
v 16.938 11.6349 938.333
v 16.9464 11.6349 938.497
v 16.938 11.6349 938.333
v 17.3832 11.6349 938.475
v 17.3749 11.6349 938.31
v 17.3832 11.6349 938.475
v 17.3749 11.6349 938.31
v 17.3832 14.0349 938.475
v 17.3749 14.0349 938.31
v 17.3832 14.0349 938.475
v 17.3749 14.0349 938.31
v 16.9464 14.0349 938.497
v 16.938 14.0349 938.333
v 19.1539 14.0349 938.22
v 19.5534 14.0349 938.2
v 19.1539 11.6349 938.22
v 19.5534 11.6349 938.2
v 19.1622 14.0349 938.384
v 19.1539 14.0349 938.22
v 19.1622 11.6349 938.384
v 19.1539 11.6349 938.22
v 19.1622 11.6349 938.384
v 19.1539 11.6349 938.22
v 19.5617 11.6349 938.364
v 19.5534 11.6349 938.2
v 19.5617 11.6349 938.364
v 19.5534 11.6349 938.2
v 19.5617 14.0349 938.364
v 19.5534 14.0349 938.2
v 19.5617 14.0349 938.364
v 19.5534 14.0349 938.2
v 19.1622 14.0349 938.384
v 19.1539 14.0349 938.22
v 21.2379 14.0349 938.114
v 21.6476 14.0349 938.093
v 21.2379 11.6349 938.114
v 21.6476 11.6349 938.093
v 21.2463 14.0349 938.278
v 21.2379 14.0349 938.114
v 21.2463 11.6349 938.278
v 21.2379 11.6349 938.114
v 21.2463 11.6349 938.278
v 21.2379 11.6349 938.114
v 21.656 11.6349 938.257
v 21.6476 11.6349 938.093
v 21.656 11.6349 938.257
v 21.6476 11.6349 938.093
v 21.656 14.0349 938.257
v 21.6476 14.0349 938.093
v 21.656 14.0349 938.257
v 21.6476 14.0349 938.093
v 21.2463 14.0349 938.278
v 21.2379 14.0349 938.114
v 20.4701 7.63489 924.72
v 20.4823 7.63489 924.959
v 20.4823 4.63489 924.959
v 20.4701 5.23489 924.72
v 12.4804 4.63489 925.126
v 12.4926 4.63489 925.365
v 12.4926 7.63489 925.365
v 12.4804 7.63489 925.126
v 12.4804 5.23489 925.126
v 13.9785 5.23489 925.05
v 13.9785 7.63489 925.05
v 13.9906 7.63489 925.289
v 13.9906 4.63489 925.289
v 13.9785 4.63489 925.05
v 20.4701 5.23489 924.72
v 20.4701 4.63489 924.72
v 20.4891 5.23489 924.699
v 20.4891 4.63489 924.699
v 18.9721 7.63489 924.796
v 18.9721 5.23489 924.796
v 18.9842 7.63489 925.035
v 18.9721 4.63489 924.796
v 18.9842 4.63489 925.035
v 20.4701 4.63489 924.72
v 20.4891 7.63489 924.699
v 20.4701 7.63489 924.72
v 18.9511 7.63489 924.777
v 18.9511 5.23489 924.777
v 18.9721 7.63489 924.796
v 18.9721 5.23489 924.796
v 13.9785 7.63489 925.05
v 13.9785 5.23489 925.05
v 13.9975 7.63489 925.029
v 13.9975 5.23489 925.029
v 12.4594 7.63489 925.107
v 12.4594 5.23489 925.107
v 12.4804 7.63489 925.126
v 12.4804 5.23489 925.126
v 12.4594 4.63489 925.107
v 12.4804 4.63489 925.126
v 18.9511 4.63489 924.777
v 18.9721 4.63489 924.796
v 13.9785 4.63489 925.05
v 13.9975 4.63489 925.029
v 24.254 4.43489 936.123
v 25.0529 4.43489 936.082
v 24.254 5.23489 936.123
v 24.2946 5.23489 936.922
v 24.254 5.23489 936.123
v 25.0936 4.43489 936.881
v 25.0529 4.43489 936.082
v 25.0936 4.43489 936.881
v 24.2946 4.43489 936.922
v 24.2946 5.23489 936.922
v 24.0509 4.43489 932.128
v 24.8498 4.43489 932.087
v 24.0509 5.23489 932.128
v 24.0915 5.23489 932.927
v 24.0509 5.23489 932.128
v 24.8905 4.43489 932.886
v 24.8498 4.43489 932.087
v 24.8905 4.43489 932.886
v 24.0915 4.43489 932.927
v 24.0915 5.23489 932.927
v 23.8884 4.43489 928.932
v 24.6874 4.43489 928.891
v 23.8884 5.23489 928.932
v 23.929 5.23489 929.731
v 23.8884 5.23489 928.932
v 24.728 4.43489 929.69
v 24.6874 4.43489 928.891
v 24.728 4.43489 929.69
v 23.929 4.43489 929.731
v 23.929 5.23489 929.731
v 23.6853 4.43489 924.937
v 24.4843 4.43489 924.896
v 23.6853 5.23489 924.937
v 23.7259 5.23489 925.736
v 23.6853 5.23489 924.937
v 24.5249 4.43489 925.695
v 24.4843 4.43489 924.896
v 24.5249 4.43489 925.695
v 23.7259 4.43489 925.736
v 23.7259 5.23489 925.736
v 15.7713 20.0349 932.011
v 15.7713 21.0147 932.011
v 16.7117 20.0349 931.964
v 16.7117 21.0147 931.964
v 16.7117 20.0349 931.964
v 16.7117 21.0147 931.964
v 16.6647 20.0349 931.038
v 16.6647 21.0147 931.038
v 16.6647 20.0349 931.038
v 16.6647 21.0147 931.038
v 15.7243 20.0349 931.086
v 15.7243 21.0147 931.086
v 15.7243 20.0349 931.086
v 15.7243 21.0147 931.086
v 15.7713 20.0349 932.011
v 15.7713 21.0147 932.011
v 15.7713 21.0147 932.011
v 15.8458 21.1746 931.93
v 16.7117 21.0147 931.964
v 16.6294 21.1746 931.891
v 16.7117 21.0147 931.964
v 16.6294 21.1746 931.891
v 16.6647 21.0147 931.038
v 16.5902 21.1746 931.119
v 16.6647 21.0147 931.038
v 16.5902 21.1746 931.119
v 15.7243 21.0147 931.086
v 15.8066 21.1746 931.159
v 15.7243 21.0147 931.086
v 15.8066 21.1746 931.159
v 15.7713 21.0147 932.011
v 15.8458 21.1746 931.93
v 9.34447 4.43489 926.467
v 8.5455 4.43489 926.508
v 9.34447 5.23489 926.467
v 9.30385 5.23489 925.668
v 9.34447 5.23489 926.467
v 8.50488 4.43489 925.709
v 8.5455 4.43489 926.508
v 8.50488 4.43489 925.709
v 9.30385 4.43489 925.668
v 9.30385 5.23489 925.668
v 9.54757 4.43489 930.462
v 8.7486 4.43489 930.503
v 9.54757 5.23489 930.462
v 9.50695 5.23489 929.663
v 9.54757 5.23489 930.462
v 8.70798 4.43489 929.704
v 8.7486 4.43489 930.503
v 8.70798 4.43489 929.704
v 9.50695 4.43489 929.663
v 9.50695 5.23489 929.663
v 9.71005 4.43489 933.658
v 8.91109 4.43489 933.699
v 9.71005 5.23489 933.658
v 9.66943 5.23489 932.859
v 9.71005 5.23489 933.658
v 8.87046 4.43489 932.9
v 8.91109 4.43489 933.699
v 8.87046 4.43489 932.9
v 9.66943 4.43489 932.859
v 9.66943 5.23489 932.859
v 9.91315 4.43489 937.653
v 9.11419 4.43489 937.693
v 9.91316 5.23489 937.653
v 9.87254 5.23489 936.854
v 9.91316 5.23489 937.653
v 9.07357 4.43489 936.894
v 9.11419 4.43489 937.693
v 9.07357 4.43489 936.894
v 9.87254 4.43489 936.854
v 9.87254 5.23489 936.854
v 11.9715 4.43489 938.75
v 12.0121 4.43489 939.549
v 11.9715 5.23489 938.75
v 11.1726 5.23489 938.79
v 11.9715 5.23489 938.75
v 11.2132 4.43489 939.589
v 12.0121 4.43489 939.549
v 11.2132 4.43489 939.589
v 11.1726 4.43489 938.79
v 11.1726 5.23489 938.79
v 15.9664 4.43489 938.547
v 16.007 4.43489 939.346
v 15.9664 5.23489 938.547
v 15.1674 5.23489 938.587
v 15.9664 5.23489 938.547
v 15.208 4.43489 939.386
v 16.007 4.43489 939.346
v 15.208 4.43489 939.386
v 15.1674 4.43489 938.587
v 15.1674 5.23489 938.587
v 19.1622 4.43489 938.384
v 19.2029 4.43489 939.183
v 19.1622 5.23489 938.384
v 18.3633 5.23489 938.425
v 19.1622 5.23489 938.384
v 18.4039 4.43489 939.224
v 19.2029 4.43489 939.183
v 18.4039 4.43489 939.224
v 18.3633 4.43489 938.425
v 18.3633 5.23489 938.425
v 23.1571 4.43489 938.181
v 23.1977 4.43489 938.98
v 23.1571 5.23489 938.181
v 22.3581 5.23489 938.222
v 23.1571 5.23489 938.181
v 22.3987 4.43489 939.021
v 23.1977 4.43489 938.98
v 22.3987 4.43489 939.021
v 22.3581 4.43489 938.222
v 22.3581 5.23489 938.222
v 22.3106 4.43489 923.805
v 22.2699 4.43489 923.006
v 22.3106 5.23489 923.805
v 23.1095 5.23489 923.765
v 22.3106 5.23489 923.805
v 23.0689 4.43489 922.966
v 22.2699 4.43489 923.006
v 23.0689 4.43489 922.966
v 23.1095 4.43489 923.765
v 23.1095 5.23489 923.765
v 9.734 4.43489 924.445
v 9.69338 4.43489 923.646
v 9.734 5.23489 924.445
v 10.533 5.23489 924.404
v 9.734 5.23489 924.445
v 10.4923 4.43489 923.605
v 9.69338 4.43489 923.646
v 10.4923 4.43489 923.605
v 10.533 4.43489 924.404
v 10.533 5.23489 924.404
v 12.4804 4.63489 925.126
v 13.9785 4.63489 925.05
v 12.4926 4.63489 925.365
v 13.9906 4.63489 925.289
v 13.9771 4.63489 924.63
v 12.4391 4.63489 924.708
v 13.9771 4.43489 924.63
v 12.4391 4.43489 924.708
v 13.9975 4.63489 925.029
v 13.9771 4.63489 924.63
v 13.9975 4.43489 925.029
v 13.9771 4.43489 924.63
v 12.4594 4.43489 925.107
v 12.4391 4.43489 924.708
v 12.4594 4.63489 925.107
v 12.4391 4.63489 924.708
v 12.4594 4.63489 925.107
v 12.4391 4.63489 924.708
v 13.9771 4.63489 924.63
v 13.9975 4.63489 925.029
v 20.4701 7.63489 924.72
v 20.1705 7.78489 924.735
v 20.4823 7.63489 924.959
v 20.1826 7.78489 924.974
v 13.9785 7.63489 925.05
v 13.6789 7.78489 925.065
v 13.9906 7.63489 925.289
v 13.691 7.78489 925.304
v 19.8709 7.85989 924.751
v 19.883 7.85989 924.989
v 19.5713 7.85989 924.766
v 19.5834 7.85989 925.005
v 19.2717 7.78489 924.781
v 19.2838 7.78489 925.02
v 18.9721 7.63489 924.796
v 18.9842 7.63489 925.035
v 13.3793 7.85989 925.081
v 13.3914 7.85989 925.319
v 13.0797 7.85989 925.096
v 13.0918 7.85989 925.335
v 12.7801 7.78489 925.111
v 12.7922 7.78489 925.35
v 12.4804 7.63489 925.126
v 12.4926 7.63489 925.365
v 20.4701 7.63489 924.72
v 20.4691 7.65725 924.7
v 20.1705 7.78489 924.735
v 20.1765 7.80376 924.715
v 19.8723 7.87989 924.73
v 19.8709 7.85989 924.751
v 19.5678 7.87989 924.746
v 19.5713 7.85989 924.766
v 19.2637 7.80376 924.761
v 19.2717 7.78489 924.781
v 18.9721 7.63489 924.796
v 18.971 7.65725 924.776
v 13.9785 7.63489 925.05
v 13.9775 7.65725 925.03
v 13.6789 7.78489 925.065
v 13.6848 7.80376 925.045
v 13.3807 7.87989 925.061
v 13.3793 7.85989 925.081
v 13.0762 7.87989 925.076
v 13.0797 7.85989 925.096
v 12.7721 7.80376 925.091
v 12.7801 7.78489 925.111
v 12.4804 7.63489 925.126
v 12.4794 7.65725 925.106
v 20.4691 7.65725 924.7
v 20.4701 7.63489 924.72
v 20.4891 7.63489 924.699
v 18.9721 7.63489 924.796
v 18.971 7.65725 924.776
v 18.9511 7.63489 924.777
v 13.9775 7.65725 925.03
v 13.9785 7.63489 925.05
v 13.9975 7.63489 925.029
v 12.4804 7.63489 925.126
v 12.4794 7.65725 925.106
v 12.4594 7.63489 925.107
v 18.9721 4.63489 924.796
v 20.4701 4.63489 924.72
v 18.9842 4.63489 925.035
v 20.4823 4.63489 924.959
v 20.4688 4.63489 924.3
v 18.9308 4.63489 924.378
v 20.4688 4.43489 924.3
v 18.9308 4.43489 924.378
v 20.4891 4.63489 924.699
v 20.4688 4.63489 924.3
v 20.4891 4.43489 924.699
v 20.4688 4.43489 924.3
v 18.9511 4.43489 924.777
v 18.9308 4.43489 924.378
v 18.9511 4.63489 924.777
v 18.9308 4.63489 924.378
v 18.9511 4.63489 924.777
v 18.9308 4.63489 924.378
v 20.4688 4.63489 924.3
v 20.4891 4.63489 924.699
v 21.8673 8.43489 924.629
v 21.4323 8.83489 923.95
v 21.4678 8.83489 924.649
v 18.971 8.83489 924.776
v 21.4323 8.83489 923.95
v 11.4452 8.83489 924.458
v 20.4691 8.83489 924.7
v 21.4678 8.83489 924.649
v 13.9775 8.83489 925.03
v 12.4794 8.83489 925.106
v 11.4807 8.83489 925.157
v 11.4452 8.83489 924.458
v 11.0457 8.43489 924.478
v 11.4807 8.83489 925.157
v 11.0812 8.43489 925.177
v 21.4323 8.83489 923.95
v 21.8318 8.43489 923.93
v 21.5271 8.87632 923.845
v 21.9265 8.47631 923.825
v 11.4401 8.93489 924.358
v 21.4323 8.83489 923.95
v 16.4336 8.93489 924.104
v 21.4272 8.93489 923.85
v 11.4452 8.83489 924.458
v 11.4452 8.83489 924.458
v 11.3402 8.87632 924.363
v 11.0457 8.43489 924.478
v 10.9407 8.47631 924.384
v 21.4272 8.93489 923.85
v 21.4323 8.83489 923.95
v 21.5271 8.87632 923.845
v 11.4452 8.83489 924.458
v 11.4401 8.93489 924.358
v 11.3402 8.87632 924.363
v 24.3505 16.4349 938.02
v 23.4517 17.2349 937.304
v 23.6294 16.4349 923.839
v 22.808 17.2349 924.643
v 24.2557 16.4349 938.125
v 23.4517 17.2349 937.304
v 24.3505 16.4349 938.02
v 23.6294 16.4349 923.839
v 22.808 17.2349 924.643
v 23.5245 16.4349 923.744
v 15.8458 21.1746 931.93
v 15.8066 21.1746 931.159
v 16.6294 21.1746 931.891
v 16.5902 21.1746 931.119
v 9.248 16.4349 924.57
v 10.1468 17.2349 925.286
v 9.96901 16.4349 938.751
v 10.7905 17.2349 937.947
v 9.34279 16.4349 924.465
v 10.1468 17.2349 925.286
v 9.248 16.4349 924.57
v 9.96901 16.4349 938.751
v 10.7905 17.2349 937.947
v 10.074 16.4349 938.846
v 10.7905 17.2349 937.947
v 14.4135 17.2349 935.421
v 23.4517 17.2349 937.304
v 21.6042 17.2349 935.056
v 21.3199 17.2349 929.463
v 14.1292 17.2349 929.829
v 10.1468 17.2349 925.286
v 22.808 17.2349 924.643
v 14.4135 19.6349 935.421
v 14.7927 20.0349 935.002
v 21.6042 19.6349 935.056
v 21.1844 20.0349 934.677
v 21.6042 19.6349 935.056
v 21.1844 20.0349 934.677
v 21.3199 19.6349 929.463
v 20.9407 20.0349 929.883
v 21.3199 19.6349 929.463
v 20.9407 20.0349 929.883
v 14.1292 19.6349 929.829
v 14.549 20.0349 930.208
v 14.1292 19.6349 929.829
v 14.549 20.0349 930.208
v 14.4135 19.6349 935.421
v 14.7927 20.0349 935.002
v 15.7713 20.0349 932.011
v 16.7117 20.0349 931.964
v 14.7927 20.0349 935.002
v 21.1844 20.0349 934.677
v 16.6647 20.0349 931.038
v 20.9407 20.0349 929.883
v 14.549 20.0349 930.208
v 15.7243 20.0349 931.086
v 10.074 16.4349 938.846
v 10.7905 17.2349 937.947
v 24.2557 16.4349 938.125
v 23.4517 17.2349 937.304
v 23.5245 16.4349 923.744
v 22.808 17.2349 924.643
v 9.34279 16.4349 924.465
v 10.1468 17.2349 925.286
v 21.8318 8.43489 923.93
v 10.9407 5.23489 924.384
v 10.9407 4.43489 924.384
v 11.0457 5.23489 924.478
v 11.0457 4.43489 924.478
v 21.9265 4.43489 923.825
v 21.9265 5.23489 923.825
v 21.8318 4.43489 923.93
v 21.8318 5.23489 923.93
v 11.0812 4.43489 925.177
v 12.4594 4.63489 925.107
v 11.0812 5.23489 925.177
v 12.4594 5.23489 925.107
v 21.8673 4.43489 924.629
v 21.8318 4.43489 923.93
v 21.8673 5.23489 924.629
v 21.8318 5.23489 923.93
v 13.9975 5.23489 925.029
v 13.9975 4.63489 925.029
v 18.9511 5.23489 924.777
v 18.9511 4.63489 924.777
v 21.8673 4.43489 924.629
v 21.8673 5.23489 924.629
v 20.4891 4.63489 924.699
v 20.4891 5.23489 924.699
v 11.0457 5.23489 924.478
v 11.0457 4.43489 924.478
v 11.0812 5.23489 925.177
v 11.0812 4.43489 925.177
v 12.4594 4.43489 925.107
v 20.4891 4.43489 924.699
v 18.9511 4.43489 924.777
v 13.9975 4.43489 925.029
v 24.3505 5.23489 938.02
v 24.3505 4.43489 938.02
v 24.2557 5.23489 938.125
v 24.2557 4.43489 938.125
v 23.5245 5.23489 923.744
v 23.5245 4.43489 923.744
v 23.6294 5.23489 923.839
v 23.6294 4.43489 923.839
v 24.2946 5.23489 936.922
v 24.2946 4.43489 936.922
v 24.3505 5.23489 938.02
v 24.3505 4.43489 938.02
v 24.0915 5.23489 932.927
v 24.0915 4.43489 932.927
v 24.254 5.23489 936.123
v 24.254 4.43489 936.123
v 23.929 5.23489 929.731
v 23.929 4.43489 929.731
v 24.0509 5.23489 932.128
v 24.0509 4.43489 932.128
v 23.7259 5.23489 925.736
v 23.7259 4.43489 925.736
v 23.8884 5.23489 928.932
v 23.8884 4.43489 928.932
v 23.6294 5.23489 923.839
v 23.6294 4.43489 923.839
v 23.6853 5.23489 924.937
v 23.6853 4.43489 924.937
v 9.248 5.23489 924.57
v 9.248 4.43489 924.57
v 9.34279 5.23489 924.465
v 9.34279 4.43489 924.465
v 10.074 5.23489 938.846
v 10.074 4.43489 938.846
v 9.96901 5.23489 938.751
v 9.96901 4.43489 938.751
v 9.30385 5.23489 925.668
v 9.30385 4.43489 925.668
v 9.248 5.23489 924.57
v 9.248 4.43489 924.57
v 9.50695 5.23489 929.663
v 9.50695 4.43489 929.663
v 9.34447 5.23489 926.467
v 9.34447 4.43489 926.467
v 9.66943 5.23489 932.859
v 9.66943 4.43489 932.859
v 9.54757 5.23489 930.462
v 9.54757 4.43489 930.462
v 9.87254 5.23489 936.854
v 9.87254 4.43489 936.854
v 9.71005 5.23489 933.658
v 9.71005 4.43489 933.658
v 9.96901 5.23489 938.751
v 9.96901 4.43489 938.751
v 9.91316 5.23489 937.653
v 9.91315 4.43489 937.653
v 11.1726 5.23489 938.79
v 11.1726 4.43489 938.79
v 10.074 5.23489 938.846
v 10.074 4.43489 938.846
v 15.1674 5.23489 938.587
v 15.1674 4.43489 938.587
v 11.9715 5.23489 938.75
v 11.9715 4.43489 938.75
v 18.3633 5.23489 938.425
v 18.3633 4.43489 938.425
v 15.9664 5.23489 938.547
v 15.9664 4.43489 938.547
v 22.3581 5.23489 938.222
v 22.3581 4.43489 938.222
v 19.1622 5.23489 938.384
v 19.1622 4.43489 938.384
v 24.2557 5.23489 938.125
v 24.2557 4.43489 938.125
v 23.1571 5.23489 938.181
v 23.1571 4.43489 938.181
v 23.5245 5.23489 923.744
v 23.1095 5.23489 923.765
v 23.5245 4.43489 923.744
v 23.1095 4.43489 923.765
v 22.3106 5.23489 923.805
v 21.9265 5.23489 923.825
v 22.3106 4.43489 923.805
v 21.9265 4.43489 923.825
v 10.9407 5.23489 924.384
v 10.533 5.23489 924.404
v 10.9407 4.43489 924.384
v 10.533 4.43489 924.404
v 9.734 5.23489 924.445
v 9.34279 5.23489 924.465
v 9.734 4.43489 924.445
v 9.34279 4.43489 924.465
v 12.4363 4.43489 924.652
v 11.0457 4.43489 924.478
v 12.4363 7.43489 924.652
v 11.0457 7.43489 924.478
v 11.0457 4.43489 924.478
v 10.4923 4.43489 923.605
v 11.0457 7.43489 924.478
v 10.4923 7.43489 923.605
v 18.9279 4.43489 924.322
v 13.9743 4.43489 924.573
v 18.9279 7.43489 924.322
v 13.9743 7.43489 924.573
v 22.2699 4.43489 923.006
v 21.9265 4.43489 923.825
v 22.2699 7.43489 923.006
v 21.9265 7.43489 923.825
v 21.9265 4.43489 923.825
v 20.4659 4.43489 924.243
v 21.9265 7.43489 923.825
v 20.4659 7.43489 924.243
v 10.4923 4.43489 923.605
v 9.69338 4.43489 923.646
v 10.4923 7.43489 923.605
v 9.69338 7.43489 923.646
v 8.50489 4.43489 925.709
v 9.1142 4.43489 937.693
v 8.50489 7.43489 925.709
v 9.1142 7.43489 937.693
v 9.69338 4.43489 923.646
v 8.50489 4.43489 925.709
v 9.69338 7.43489 923.646
v 8.50489 7.43489 925.709
v 9.80019 4.43489 938.963
v 11.2132 4.43489 939.589
v 9.80019 7.43489 938.963
v 11.2132 7.43489 939.589
v 9.1142 4.43489 937.693
v 9.80019 4.43489 938.963
v 9.1142 7.43489 937.693
v 9.80019 7.43489 938.963
v 11.2132 4.43489 939.589
v 23.1977 4.43489 938.98
v 11.2132 7.43489 939.589
v 23.1977 7.43489 938.98
v 24.4001 4.43489 938.229
v 25.0936 4.43489 936.881
v 24.4001 7.43489 938.229
v 25.0936 7.43489 936.881
v 23.1977 4.43489 938.98
v 24.4001 4.43489 938.229
v 23.1977 7.43489 938.98
v 24.4001 7.43489 938.229
v 25.0936 4.43489 936.881
v 24.4843 4.43489 924.896
v 25.0936 7.43489 936.881
v 24.4843 7.43489 924.896
v 24.4843 4.43489 924.896
v 23.0689 4.43489 922.966
v 24.4843 7.43489 924.896
v 23.0689 7.43489 922.966
v 20.4659 4.43489 924.243
v 20.4688 4.63489 924.3
v 20.4659 7.43489 924.243
v 20.4688 7.63489 924.3
v 18.9308 4.63489 924.378
v 18.9279 4.43489 924.322
v 18.9308 7.63489 924.378
v 18.9279 7.43489 924.322
v 20.4688 4.63489 924.3
v 20.4823 4.63489 924.959
v 20.4688 7.63489 924.3
v 20.4823 7.63489 924.959
v 20.4823 4.63489 924.959
v 18.9842 4.63489 925.035
v 20.4823 7.63489 924.959
v 18.9842 7.63489 925.035
v 18.9842 4.63489 925.035
v 18.9308 4.63489 924.378
v 18.9842 7.63489 925.035
v 18.9308 7.63489 924.378
v 13.9743 4.43489 924.573
v 13.9771 4.63489 924.63
v 13.9743 7.43489 924.573
v 13.9771 7.63489 924.63
v 12.4391 4.63489 924.708
v 12.4363 4.43489 924.652
v 12.4391 7.63489 924.708
v 12.4363 7.43489 924.652
v 13.9771 4.63489 924.63
v 13.9906 4.63489 925.289
v 13.9771 7.63489 924.63
v 13.9906 7.63489 925.289
v 13.9906 4.63489 925.289
v 12.4726 4.63489 925.366
v 13.9906 7.63489 925.289
v 12.4726 7.63489 925.366
v 12.4726 4.63489 925.366
v 12.4391 4.63489 924.708
v 12.4726 7.63489 925.366
v 12.4391 7.63489 924.708
v 23.0689 4.43489 922.966
v 22.2699 4.43489 923.006
v 23.0689 7.43489 922.966
v 22.2699 7.43489 923.006
v 21.0951 9.8504 904.044
v 21.0951 10.0004 904.344
v 21.0951 6.8504 904.044
v 21.0951 10.0754 904.645
v 21.0951 10.0754 904.945
v 21.0951 6.8504 905.544
v 21.0951 10.0004 905.245
v 21.0951 9.8504 905.544
v 21.0951 9.8504 897.544
v 21.0951 10.0004 897.844
v 21.0951 6.8504 897.544
v 21.0951 10.0754 898.145
v 21.0951 10.0754 898.445
v 21.0951 6.8504 899.044
v 21.0951 10.0004 898.745
v 21.0951 9.8504 899.044
v 21.236 13.0504 911.544
v 21.236 13.0504 921.844
v 21.236 10.6504 911.544
v 21.236 10.6504 921.844
v 34.436 16.2504 891.645
v 34.436 16.2504 894.344
v 34.436 18.6504 891.645
v 34.436 16.2504 895.145
v 34.436 16.2504 895.544
v 34.436 16.2504 896.344
v 34.436 16.2504 897.145
v 34.436 16.2504 897.544
v 34.436 16.2504 898.344
v 34.436 16.2504 899.145
v 34.436 16.2504 899.544
v 34.436 16.2504 900.344
v 34.436 18.6504 911.445
v 34.436 16.2504 901.145
v 34.436 16.2504 901.544
v 34.436 16.2504 902.344
v 34.436 16.2504 903.145
v 34.436 16.2504 903.544
v 34.436 16.2504 904.344
v 34.436 16.2504 905.145
v 34.436 16.2504 905.544
v 34.436 16.2504 906.344
v 34.436 16.2504 907.145
v 34.436 16.2504 907.544
v 34.436 16.2504 908.344
v 34.436 16.2504 911.445
v 20.136 16.2504 891.544
v 22.036 16.2504 891.544
v 20.136 18.6504 891.544
v 22.836 16.2504 891.544
v 23.236 16.2504 891.544
v 24.036 16.2504 891.544
v 24.836 16.2504 891.544
v 25.236 16.2504 891.544
v 26.036 16.2504 891.544
v 26.836 16.2504 891.544
v 34.336 18.6504 891.544
v 27.636 16.2504 891.544
v 28.436 16.2504 891.544
v 29.236 16.2504 891.544
v 29.636 16.2504 891.544
v 30.436 16.2504 891.544
v 31.236 16.2504 891.544
v 31.636 16.2504 891.544
v 32.436 16.2504 891.544
v 34.336 16.2504 891.544
v 34.336 18.6504 911.544
v 27.636 16.2504 911.544
v 20.136 18.6504 911.544
v 22.0972 16.2504 911.544
v 20.136 16.2504 911.544
v 22.836 16.2504 911.544
v 23.236 16.2504 911.544
v 24.836 16.2504 911.544
v 25.236 16.2504 911.544
v 26.836 16.2504 911.544
v 29.236 16.2504 911.544
v 29.636 16.2504 911.544
v 31.236 16.2504 911.544
v 31.636 16.2504 911.544
v 32.3747 16.2504 911.544
v 34.336 16.2504 911.544
v 33.236 10.6504 911.544
v 33.236 10.6504 921.844
v 33.236 13.0504 911.544
v 33.236 13.0504 921.844
v 21.336 13.0504 921.945
v 33.136 13.0504 921.945
v 21.336 10.6504 921.945
v 33.136 10.6504 921.945
v 20.036 16.2504 911.445
v 20.036 18.6504 911.445
v 20.136 16.2504 911.544
v 20.136 18.6504 911.544
v 20.136 16.2504 891.544
v 20.136 18.6504 891.544
v 20.036 16.2504 891.645
v 20.036 18.6504 891.645
v 34.436 16.2504 891.645
v 34.436 18.6504 891.645
v 34.336 16.2504 891.544
v 34.336 18.6504 891.544
v 34.336 16.2504 911.544
v 34.336 18.6504 911.544
v 34.436 16.2504 911.445
v 34.436 18.6504 911.445
v 20.036 16.2504 907.544
v 20.036 16.2504 895.544
v 20.036 18.6504 907.544
v 20.036 18.6504 895.544
v 20.036 16.2504 891.645
v 20.036 18.6504 891.645
v 20.036 16.2504 892.445
v 20.036 16.2504 893.645
v 20.036 16.2504 892.844
v 20.036 16.2504 894.445
v 20.036 16.2504 894.844
v 20.036 18.6504 911.445
v 20.036 16.2504 909.445
v 20.036 16.2504 908.245
v 20.036 16.2504 908.645
v 20.036 16.2504 910.245
v 20.036 16.2504 910.645
v 20.036 16.2504 911.445
v 21.236 13.0504 921.844
v 21.336 13.0504 921.945
v 21.236 10.6504 921.844
v 21.336 10.6504 921.945
v 33.136 13.0504 921.945
v 33.236 13.0504 921.844
v 33.136 10.6504 921.945
v 33.236 10.6504 921.844
v 21.236 7.4504 921.844
v 21.236 7.4504 921.145
v 21.236 10.6504 921.844
v 21.236 7.4504 920.344
v 21.236 10.6504 911.544
v 21.236 7.4504 911.544
v 21.236 7.4504 912.344
v 21.236 7.4504 913.145
v 21.336 10.6504 921.945
v 21.336 7.4504 921.945
v 21.236 10.6504 921.844
v 21.236 7.4504 921.844
v 33.136 7.4504 921.945
v 32.436 7.4504 921.945
v 33.136 10.6504 921.945
v 31.636 7.4504 921.945
v 21.336 10.6504 921.945
v 21.336 7.4504 921.945
v 22.036 7.4504 921.945
v 22.836 7.4504 921.945
v 33.236 10.6504 921.844
v 33.236 7.4504 921.844
v 33.136 10.6504 921.945
v 33.136 7.4504 921.945
v 33.236 7.4504 911.544
v 33.236 7.4504 912.344
v 33.236 10.6504 911.544
v 33.236 7.4504 913.145
v 33.236 10.6504 921.844
v 33.236 7.4504 921.844
v 33.236 7.4504 921.145
v 33.236 7.4504 920.344
v 20.856 6.8504 905.544
v 20.856 6.8504 904.044
v 21.0951 6.8504 905.544
v 21.0951 6.8504 904.044
v 20.436 6.8504 904.025
v 20.436 6.8504 905.565
v 20.436 6.6504 904.025
v 20.436 6.6504 905.565
v 20.836 6.8504 904.025
v 20.436 6.8504 904.025
v 20.836 6.6504 904.025
v 20.436 6.6504 904.025
v 20.836 6.6504 905.565
v 20.436 6.6504 905.565
v 20.836 6.8504 905.565
v 20.436 6.8504 905.565
v 20.836 6.8504 905.565
v 20.436 6.8504 905.565
v 20.436 6.8504 904.025
v 20.836 6.8504 904.025
v 20.856 9.8504 897.544
v 20.856 10.0004 897.844
v 21.0951 9.8504 897.544
v 21.0951 10.0004 897.844
v 20.856 9.8504 904.044
v 20.856 10.0004 904.344
v 21.0951 9.8504 904.044
v 21.0951 10.0004 904.344
v 20.856 10.0754 898.145
v 21.0951 10.0754 898.145
v 20.856 10.0754 898.445
v 21.0951 10.0754 898.445
v 20.856 10.0004 898.745
v 21.0951 10.0004 898.745
v 20.856 9.8504 899.044
v 21.0951 9.8504 899.044
v 20.856 10.0754 904.645
v 21.0951 10.0754 904.645
v 20.856 10.0754 904.945
v 21.0951 10.0754 904.945
v 20.856 10.0004 905.245
v 21.0951 10.0004 905.245
v 20.856 9.8504 905.544
v 21.0951 9.8504 905.544
v 20.856 9.8504 897.544
v 20.836 9.87276 897.544
v 20.856 10.0004 897.844
v 20.836 10.0193 897.838
v 20.836 10.0954 898.142
v 20.856 10.0754 898.145
v 20.836 10.0954 898.447
v 20.856 10.0754 898.445
v 20.836 10.0193 898.751
v 20.856 10.0004 898.745
v 20.856 9.8504 899.044
v 20.836 9.87276 899.044
v 20.856 9.8504 904.044
v 20.836 9.87276 904.044
v 20.856 10.0004 904.344
v 20.836 10.0193 904.338
v 20.836 10.0954 904.642
v 20.856 10.0754 904.645
v 20.836 10.0954 904.947
v 20.856 10.0754 904.945
v 20.836 10.0193 905.251
v 20.856 10.0004 905.245
v 20.856 9.8504 905.544
v 20.836 9.87276 905.544
v 20.836 9.87276 897.544
v 20.856 9.8504 897.544
v 20.836 9.8504 897.525
v 20.856 9.8504 899.044
v 20.836 9.87276 899.044
v 20.836 9.8504 899.065
v 20.836 9.87276 904.044
v 20.856 9.8504 904.044
v 20.836 9.8504 904.025
v 20.856 9.8504 905.544
v 20.836 9.87276 905.544
v 20.836 9.8504 905.565
v 20.856 6.8504 899.044
v 20.856 6.8504 897.544
v 21.0951 6.8504 899.044
v 21.0951 6.8504 897.544
v 20.436 6.8504 897.525
v 20.436 6.8504 899.065
v 20.436 6.6504 897.525
v 20.436 6.6504 899.065
v 20.836 6.8504 897.525
v 20.436 6.8504 897.525
v 20.836 6.6504 897.525
v 20.436 6.6504 897.525
v 20.836 6.6504 899.065
v 20.436 6.6504 899.065
v 20.836 6.8504 899.065
v 20.436 6.8504 899.065
v 20.836 6.8504 899.065
v 20.436 6.8504 899.065
v 20.436 6.8504 897.525
v 20.836 6.8504 897.525
v 20.2004 16.2504 892.445
v 20.2004 16.2504 892.844
v 20.2004 13.8504 892.445
v 20.2004 13.8504 892.844
v 20.036 16.2504 892.445
v 20.2004 16.2504 892.445
v 20.036 13.8504 892.445
v 20.2004 13.8504 892.445
v 20.036 13.8504 892.445
v 20.2004 13.8504 892.445
v 20.036 13.8504 892.844
v 20.2004 13.8504 892.844
v 20.036 13.8504 892.844
v 20.2004 13.8504 892.844
v 20.036 16.2504 892.844
v 20.2004 16.2504 892.844
v 20.036 16.2504 892.844
v 20.2004 16.2504 892.844
v 20.036 16.2504 892.445
v 20.2004 16.2504 892.445
v 20.2004 16.2504 894.445
v 20.2004 16.2504 894.844
v 20.2004 13.8504 894.445
v 20.2004 13.8504 894.844
v 20.036 16.2504 894.445
v 20.2004 16.2504 894.445
v 20.036 13.8504 894.445
v 20.2004 13.8504 894.445
v 20.036 13.8504 894.445
v 20.2004 13.8504 894.445
v 20.036 13.8504 894.844
v 20.2004 13.8504 894.844
v 20.036 13.8504 894.844
v 20.2004 13.8504 894.844
v 20.036 16.2504 894.844
v 20.2004 16.2504 894.844
v 20.036 16.2504 894.844
v 20.2004 16.2504 894.844
v 20.036 16.2504 894.445
v 20.2004 16.2504 894.445
v 20.2004 16.2504 908.245
v 20.2004 16.2504 908.645
v 20.2004 13.8504 908.245
v 20.2004 13.8504 908.645
v 20.036 16.2504 908.245
v 20.2004 16.2504 908.245
v 20.036 13.8504 908.245
v 20.2004 13.8504 908.245
v 20.036 13.8504 908.245
v 20.2004 13.8504 908.245
v 20.036 13.8504 908.645
v 20.2004 13.8504 908.645
v 20.036 13.8504 908.645
v 20.2004 13.8504 908.645
v 20.036 16.2504 908.645
v 20.2004 16.2504 908.645
v 20.036 16.2504 908.645
v 20.2004 16.2504 908.645
v 20.036 16.2504 908.245
v 20.2004 16.2504 908.245
v 20.2004 16.2504 910.245
v 20.2004 16.2504 910.645
v 20.2004 13.8504 910.245
v 20.2004 13.8504 910.645
v 20.036 16.2504 910.245
v 20.2004 16.2504 910.245
v 20.036 13.8504 910.245
v 20.2004 13.8504 910.245
v 20.036 13.8504 910.245
v 20.2004 13.8504 910.245
v 20.036 13.8504 910.645
v 20.2004 13.8504 910.645
v 20.036 13.8504 910.645
v 20.2004 13.8504 910.645
v 20.036 16.2504 910.645
v 20.2004 16.2504 910.645
v 20.036 16.2504 910.645
v 20.2004 16.2504 910.645
v 20.036 16.2504 910.245
v 20.2004 16.2504 910.245
v 22.836 16.2504 911.38
v 23.236 16.2504 911.38
v 22.836 13.8504 911.38
v 23.236 13.8504 911.38
v 22.836 16.2504 911.544
v 22.836 16.2504 911.38
v 22.836 13.8504 911.544
v 22.836 13.8504 911.38
v 22.836 13.8504 911.544
v 22.836 13.8504 911.38
v 23.236 13.8504 911.544
v 23.236 13.8504 911.38
v 23.236 13.8504 911.544
v 23.236 13.8504 911.38
v 23.236 16.2504 911.544
v 23.236 16.2504 911.38
v 23.236 16.2504 911.544
v 23.236 16.2504 911.38
v 22.836 16.2504 911.544
v 22.836 16.2504 911.38
v 24.836 16.2504 911.38
v 25.236 16.2504 911.38
v 24.836 13.8504 911.38
v 25.236 13.8504 911.38
v 24.836 16.2504 911.544
v 24.836 16.2504 911.38
v 24.836 13.8504 911.544
v 24.836 13.8504 911.38
v 24.836 13.8504 911.544
v 24.836 13.8504 911.38
v 25.236 13.8504 911.544
v 25.236 13.8504 911.38
v 25.236 13.8504 911.544
v 25.236 13.8504 911.38
v 25.236 16.2504 911.544
v 25.236 16.2504 911.38
v 25.236 16.2504 911.544
v 25.236 16.2504 911.38
v 24.836 16.2504 911.544
v 24.836 16.2504 911.38
v 26.836 16.2504 911.38
v 27.636 16.2504 911.38
v 26.836 13.8504 911.38
v 27.636 13.8504 911.38
v 26.836 16.2504 911.544
v 26.836 16.2504 911.38
v 26.836 13.8504 911.544
v 26.836 13.8504 911.38
v 26.836 13.8504 911.544
v 26.836 13.8504 911.38
v 27.636 13.8504 911.544
v 27.636 13.8504 911.38
v 27.636 13.8504 911.544
v 27.636 13.8504 911.38
v 27.636 16.2504 911.544
v 27.636 16.2504 911.38
v 27.636 16.2504 911.544
v 27.636 16.2504 911.38
v 26.836 16.2504 911.544
v 26.836 16.2504 911.38
v 29.236 16.2504 911.38
v 29.636 16.2504 911.38
v 29.236 13.8504 911.38
v 29.636 13.8504 911.38
v 29.236 16.2504 911.544
v 29.236 16.2504 911.38
v 29.236 13.8504 911.544
v 29.236 13.8504 911.38
v 29.236 13.8504 911.544
v 29.236 13.8504 911.38
v 29.636 13.8504 911.544
v 29.636 13.8504 911.38
v 29.636 13.8504 911.544
v 29.636 13.8504 911.38
v 29.636 16.2504 911.544
v 29.636 16.2504 911.38
v 29.636 16.2504 911.544
v 29.636 16.2504 911.38
v 29.236 16.2504 911.544
v 29.236 16.2504 911.38
v 31.236 16.2504 911.38
v 31.636 16.2504 911.38
v 31.236 13.8504 911.38
v 31.636 13.8504 911.38
v 31.236 16.2504 911.544
v 31.236 16.2504 911.38
v 31.236 13.8504 911.544
v 31.236 13.8504 911.38
v 31.236 13.8504 911.544
v 31.236 13.8504 911.38
v 31.636 13.8504 911.544
v 31.636 13.8504 911.38
v 31.636 13.8504 911.544
v 31.636 13.8504 911.38
v 31.636 16.2504 911.544
v 31.636 16.2504 911.38
v 31.636 16.2504 911.544
v 31.636 16.2504 911.38
v 31.236 16.2504 911.544
v 31.236 16.2504 911.38
v 34.2715 16.2504 907.544
v 34.2715 16.2504 907.145
v 34.2715 13.8504 907.544
v 34.2715 13.8504 907.145
v 34.436 16.2504 907.544
v 34.2715 16.2504 907.544
v 34.436 13.8504 907.544
v 34.2715 13.8504 907.544
v 34.436 13.8504 907.544
v 34.2715 13.8504 907.544
v 34.436 13.8504 907.145
v 34.2715 13.8504 907.145
v 34.436 13.8504 907.145
v 34.2715 13.8504 907.145
v 34.436 16.2504 907.145
v 34.2715 16.2504 907.145
v 34.436 16.2504 907.145
v 34.2715 16.2504 907.145
v 34.436 16.2504 907.544
v 34.2715 16.2504 907.544
v 34.2715 16.2504 905.544
v 34.2715 16.2504 905.145
v 34.2715 13.8504 905.544
v 34.2715 13.8504 905.145
v 34.436 16.2504 905.544
v 34.2715 16.2504 905.544
v 34.436 13.8504 905.544
v 34.2715 13.8504 905.544
v 34.436 13.8504 905.544
v 34.2715 13.8504 905.544
v 34.436 13.8504 905.145
v 34.2715 13.8504 905.145
v 34.436 13.8504 905.145
v 34.2715 13.8504 905.145
v 34.436 16.2504 905.145
v 34.2715 16.2504 905.145
v 34.436 16.2504 905.145
v 34.2715 16.2504 905.145
v 34.436 16.2504 905.544
v 34.2715 16.2504 905.544
v 34.2715 16.2504 903.544
v 34.2715 16.2504 903.145
v 34.2715 13.8504 903.544
v 34.2715 13.8504 903.145
v 34.436 16.2504 903.544
v 34.2715 16.2504 903.544
v 34.436 13.8504 903.544
v 34.2715 13.8504 903.544
v 34.436 13.8504 903.544
v 34.2715 13.8504 903.544
v 34.436 13.8504 903.145
v 34.2715 13.8504 903.145
v 34.436 13.8504 903.145
v 34.2715 13.8504 903.145
v 34.436 16.2504 903.145
v 34.2715 16.2504 903.145
v 34.436 16.2504 903.145
v 34.2715 16.2504 903.145
v 34.436 16.2504 903.544
v 34.2715 16.2504 903.544
v 34.2715 16.2504 901.544
v 34.2715 16.2504 901.145
v 34.2715 13.8504 901.544
v 34.2715 13.8504 901.145
v 34.436 16.2504 901.544
v 34.2715 16.2504 901.544
v 34.436 13.8504 901.544
v 34.2715 13.8504 901.544
v 34.436 13.8504 901.544
v 34.2715 13.8504 901.544
v 34.436 13.8504 901.145
v 34.2715 13.8504 901.145
v 34.436 13.8504 901.145
v 34.2715 13.8504 901.145
v 34.436 16.2504 901.145
v 34.2715 16.2504 901.145
v 34.436 16.2504 901.145
v 34.2715 16.2504 901.145
v 34.436 16.2504 901.544
v 34.2715 16.2504 901.544
v 34.2715 16.2504 899.544
v 34.2715 16.2504 899.145
v 34.2715 13.8504 899.544
v 34.2715 13.8504 899.145
v 34.436 16.2504 899.544
v 34.2715 16.2504 899.544
v 34.436 13.8504 899.544
v 34.2715 13.8504 899.544
v 34.436 13.8504 899.544
v 34.2715 13.8504 899.544
v 34.436 13.8504 899.145
v 34.2715 13.8504 899.145
v 34.436 13.8504 899.145
v 34.2715 13.8504 899.145
v 34.436 16.2504 899.145
v 34.2715 16.2504 899.145
v 34.436 16.2504 899.145
v 34.2715 16.2504 899.145
v 34.436 16.2504 899.544
v 34.2715 16.2504 899.544
v 34.2715 16.2504 897.544
v 34.2715 16.2504 897.145
v 34.2715 13.8504 897.544
v 34.2715 13.8504 897.145
v 34.436 16.2504 897.544
v 34.2715 16.2504 897.544
v 34.436 13.8504 897.544
v 34.2715 13.8504 897.544
v 34.436 13.8504 897.544
v 34.2715 13.8504 897.544
v 34.436 13.8504 897.145
v 34.2715 13.8504 897.145
v 34.436 13.8504 897.145
v 34.2715 13.8504 897.145
v 34.436 16.2504 897.145
v 34.2715 16.2504 897.145
v 34.436 16.2504 897.145
v 34.2715 16.2504 897.145
v 34.436 16.2504 897.544
v 34.2715 16.2504 897.544
v 34.2715 16.2504 895.544
v 34.2715 16.2504 895.145
v 34.2715 13.8504 895.544
v 34.2715 13.8504 895.145
v 34.436 16.2504 895.544
v 34.2715 16.2504 895.544
v 34.436 13.8504 895.544
v 34.2715 13.8504 895.544
v 34.436 13.8504 895.544
v 34.2715 13.8504 895.544
v 34.436 13.8504 895.145
v 34.2715 13.8504 895.145
v 34.436 13.8504 895.145
v 34.2715 13.8504 895.145
v 34.436 16.2504 895.145
v 34.2715 16.2504 895.145
v 34.436 16.2504 895.145
v 34.2715 16.2504 895.145
v 34.436 16.2504 895.544
v 34.2715 16.2504 895.544
v 31.636 16.2504 891.709
v 31.236 16.2504 891.709
v 31.636 13.8504 891.709
v 31.236 13.8504 891.709
v 31.636 16.2504 891.544
v 31.636 16.2504 891.709
v 31.636 13.8504 891.544
v 31.636 13.8504 891.709
v 31.636 13.8504 891.544
v 31.636 13.8504 891.709
v 31.236 13.8504 891.544
v 31.236 13.8504 891.709
v 31.236 13.8504 891.544
v 31.236 13.8504 891.709
v 31.236 16.2504 891.544
v 31.236 16.2504 891.709
v 31.236 16.2504 891.544
v 31.236 16.2504 891.709
v 31.636 16.2504 891.544
v 31.636 16.2504 891.709
v 29.636 16.2504 891.709
v 29.236 16.2504 891.709
v 29.636 13.8504 891.709
v 29.236 13.8504 891.709
v 29.636 16.2504 891.544
v 29.636 16.2504 891.709
v 29.636 13.8504 891.544
v 29.636 13.8504 891.709
v 29.636 13.8504 891.544
v 29.636 13.8504 891.709
v 29.236 13.8504 891.544
v 29.236 13.8504 891.709
v 29.236 13.8504 891.544
v 29.236 13.8504 891.709
v 29.236 16.2504 891.544
v 29.236 16.2504 891.709
v 29.236 16.2504 891.544
v 29.236 16.2504 891.709
v 29.636 16.2504 891.544
v 29.636 16.2504 891.709
v 27.636 16.2504 891.709
v 26.836 16.2504 891.709
v 27.636 13.8504 891.709
v 26.836 13.8504 891.709
v 27.636 16.2504 891.544
v 27.636 16.2504 891.709
v 27.636 13.8504 891.544
v 27.636 13.8504 891.709
v 27.636 13.8504 891.544
v 27.636 13.8504 891.709
v 26.836 13.8504 891.544
v 26.836 13.8504 891.709
v 26.836 13.8504 891.544
v 26.836 13.8504 891.709
v 26.836 16.2504 891.544
v 26.836 16.2504 891.709
v 26.836 16.2504 891.544
v 26.836 16.2504 891.709
v 27.636 16.2504 891.544
v 27.636 16.2504 891.709
v 25.236 16.2504 891.709
v 24.836 16.2504 891.709
v 25.236 13.8504 891.709
v 24.836 13.8504 891.709
v 25.236 16.2504 891.544
v 25.236 16.2504 891.709
v 25.236 13.8504 891.544
v 25.236 13.8504 891.709
v 25.236 13.8504 891.544
v 25.236 13.8504 891.709
v 24.836 13.8504 891.544
v 24.836 13.8504 891.709
v 24.836 13.8504 891.544
v 24.836 13.8504 891.709
v 24.836 16.2504 891.544
v 24.836 16.2504 891.709
v 24.836 16.2504 891.544
v 24.836 16.2504 891.709
v 25.236 16.2504 891.544
v 25.236 16.2504 891.709
v 23.236 16.2504 891.709
v 22.836 16.2504 891.709
v 23.236 13.8504 891.709
v 22.836 13.8504 891.709
v 23.236 16.2504 891.544
v 23.236 16.2504 891.709
v 23.236 13.8504 891.544
v 23.236 13.8504 891.709
v 23.236 13.8504 891.544
v 23.236 13.8504 891.709
v 22.836 13.8504 891.544
v 22.836 13.8504 891.709
v 22.836 13.8504 891.544
v 22.836 13.8504 891.709
v 22.836 16.2504 891.544
v 22.836 16.2504 891.709
v 22.836 16.2504 891.544
v 22.836 16.2504 891.709
v 23.236 16.2504 891.544
v 23.236 16.2504 891.709
v 20.036 7.4504 895.044
v 20.036 6.6504 895.044
v 20.036 7.4504 893.544
v 20.036 6.6504 893.544
v 20.036 6.6504 910.344
v 20.036 7.4504 910.344
v 20.036 6.6504 911.445
v 20.036 7.4504 911.445
v 20.036 6.6504 892.745
v 20.036 6.6504 891.645
v 20.036 7.4504 892.745
v 20.036 7.4504 891.645
v 34.436 7.4504 901.544
v 34.436 7.4504 901.145
v 34.436 6.6504 901.544
v 34.436 6.6504 901.145
v 34.436 7.4504 905.544
v 34.436 7.4504 905.145
v 34.436 6.6504 905.544
v 34.436 6.6504 905.145
v 34.436 7.4504 897.544
v 34.436 7.4504 897.145
v 34.436 6.6504 897.544
v 34.436 6.6504 897.145
v 34.436 7.4504 891.645
v 34.436 6.6504 891.645
v 34.436 7.4504 893.544
v 34.436 6.6504 893.544
v 29.636 7.4504 891.544
v 29.236 7.4504 891.544
v 29.636 6.6504 891.544
v 29.236 6.6504 891.544
v 25.236 7.4504 891.544
v 24.836 7.4504 891.544
v 25.236 6.6504 891.544
v 24.836 6.6504 891.544
v 20.136 6.6504 911.544
v 20.136 7.4504 911.544
v 21.236 6.6504 911.544
v 21.236 7.4504 911.544
v 34.336 6.6504 891.544
v 34.336 7.4504 891.544
v 33.236 6.6504 891.544
v 33.236 7.4504 891.544
v 34.436 6.6504 911.445
v 34.436 7.4504 911.445
v 34.436 6.6504 909.145
v 34.436 7.4504 909.145
v 34.336 7.4504 911.544
v 34.336 6.6504 911.544
v 33.236 7.4504 911.544
v 33.236 6.6504 911.544
v 20.136 7.4504 891.544
v 20.136 6.6504 891.544
v 21.236 7.4504 891.544
v 21.236 6.6504 891.544
v 20.136 7.4504 911.544
v 20.136 6.6504 911.544
v 20.036 7.4504 911.445
v 20.036 6.6504 911.445
v 20.036 7.4504 891.645
v 20.036 6.6504 891.645
v 20.136 7.4504 891.544
v 20.136 6.6504 891.544
v 34.336 7.4504 891.544
v 34.336 6.6504 891.544
v 34.436 7.4504 891.645
v 34.436 6.6504 891.645
v 34.436 7.4504 911.445
v 34.436 6.6504 911.445
v 34.336 7.4504 911.544
v 34.336 6.6504 911.544
v 20.036 6.6504 908.044
v 20.036 7.4504 908.044
v 20.036 6.6504 909.544
v 20.036 7.4504 909.544
v 20.036 7.4504 908.044
v 20.036 6.6504 908.044
v 20.136 7.4504 907.945
v 20.136 6.6504 907.945
v 20.036 6.6504 895.044
v 20.036 7.4504 895.044
v 20.136 6.6504 895.145
v 20.136 7.4504 895.145
v 21.336 7.4504 921.945
v 21.336 6.6504 921.945
v 21.236 7.4504 921.844
v 21.236 6.6504 921.844
v 33.236 7.4504 921.844
v 33.236 6.6504 921.844
v 33.136 7.4504 921.945
v 33.136 6.6504 921.945
v 21.236 7.4504 911.544
v 21.236 7.4504 912.344
v 21.236 6.6504 911.544
v 21.236 6.6504 912.344
v 21.236 7.4504 913.145
v 21.236 7.4504 920.344
v 21.236 6.6504 913.145
v 21.236 6.6504 920.344
v 21.236 7.4504 921.145
v 21.236 7.4504 921.844
v 21.236 6.6504 921.145
v 21.236 6.6504 921.844
v 21.336 7.4504 921.945
v 22.036 7.4504 921.945
v 21.336 6.6504 921.945
v 22.036 6.6504 921.945
v 22.836 7.4504 921.945
v 31.636 7.4504 921.945
v 22.836 6.6504 921.945
v 31.636 6.6504 921.945
v 32.436 7.4504 921.945
v 33.136 7.4504 921.945
v 32.436 6.6504 921.945
v 33.136 6.6504 921.945
v 33.236 7.4504 921.844
v 33.236 7.4504 921.145
v 33.236 6.6504 921.844
v 33.236 6.6504 921.145
v 33.236 7.4504 920.344
v 33.236 7.4504 913.145
v 33.236 6.6504 920.344
v 33.236 6.6504 913.145
v 33.236 7.4504 912.344
v 33.236 7.4504 911.544
v 33.236 6.6504 912.344
v 33.236 6.6504 911.544
v 20.836 6.6504 907.945
v 20.836 6.8504 905.565
v 20.836 7.4504 907.945
v 20.836 7.4504 905.565
v 20.836 6.6504 895.145
v 20.136 6.6504 895.145
v 20.836 7.4504 895.145
v 20.136 7.4504 895.145
v 20.836 7.4504 904.025
v 20.836 6.8504 904.025
v 20.836 7.4504 899.065
v 20.836 6.8504 899.065
v 20.836 6.6504 895.145
v 20.836 7.4504 895.145
v 20.836 6.8504 897.525
v 20.836 7.4504 897.525
v 20.136 7.4504 907.945
v 20.136 6.6504 907.945
v 20.836 7.4504 907.945
v 20.836 6.6504 907.945
v 20.836 6.8504 905.565
v 20.836 6.6504 907.945
v 20.836 6.6504 905.565
v 20.836 6.8504 897.525
v 20.836 6.6504 897.525
v 20.836 6.6504 895.145
v 20.836 6.8504 899.065
v 20.836 6.8504 904.025
v 20.836 6.6504 899.065
v 20.836 6.6504 904.025
v 20.036 6.6504 910.344
v 19.236 6.6504 910.344
v 20.036 7.4504 910.344
v 20.036 7.4504 909.544
v 20.036 7.4504 910.344
v 19.236 6.6504 909.544
v 19.236 6.6504 910.344
v 19.236 6.6504 909.544
v 20.036 6.6504 909.544
v 20.036 7.4504 909.544
v 21.236 6.6504 913.145
v 20.436 6.6504 913.145
v 21.236 7.4504 913.145
v 21.236 7.4504 912.344
v 21.236 7.4504 913.145
v 20.436 6.6504 912.344
v 20.436 6.6504 913.145
v 20.436 6.6504 912.344
v 21.236 6.6504 912.344
v 21.236 7.4504 912.344
v 21.236 6.6504 921.145
v 20.436 6.6504 921.145
v 21.236 7.4504 921.145
v 21.236 7.4504 920.344
v 21.236 7.4504 921.145
v 20.436 6.6504 920.344
v 20.436 6.6504 921.145
v 20.436 6.6504 920.344
v 21.236 6.6504 920.344
v 21.236 7.4504 920.344
v 22.836 6.6504 921.945
v 22.836 6.6504 922.745
v 22.836 7.4504 921.945
v 22.036 7.4504 921.945
v 22.836 7.4504 921.945
v 22.036 6.6504 922.745
v 22.836 6.6504 922.745
v 22.036 6.6504 922.745
v 22.036 6.6504 921.945
v 22.036 7.4504 921.945
v 32.436 6.6504 921.945
v 32.436 6.6504 922.745
v 32.436 7.4504 921.945
v 31.636 7.4504 921.945
v 32.436 7.4504 921.945
v 31.636 6.6504 922.745
v 32.436 6.6504 922.745
v 31.636 6.6504 922.745
v 31.636 6.6504 921.945
v 31.636 7.4504 921.945
v 33.236 6.6504 920.344
v 34.036 6.6504 920.344
v 33.236 7.4504 920.344
v 33.236 7.4504 921.145
v 33.236 7.4504 920.344
v 34.036 6.6504 921.145
v 34.036 6.6504 920.344
v 34.036 6.6504 921.145
v 33.236 6.6504 921.145
v 33.236 7.4504 921.145
v 33.236 6.6504 912.344
v 34.036 6.6504 912.344
v 33.236 7.4504 912.344
v 33.236 7.4504 913.145
v 33.236 7.4504 912.344
v 34.036 6.6504 913.145
v 34.036 6.6504 912.344
v 34.036 6.6504 913.145
v 33.236 6.6504 913.145
v 33.236 7.4504 913.145
v 34.436 13.8504 908.344
v 34.436 13.8504 907.544
v 35.236 6.6504 908.344
v 35.236 6.6504 906.344
v 34.436 13.8504 907.145
v 34.436 13.8504 906.344
v 34.436 7.4504 909.145
v 35.236 6.6504 909.145
v 34.436 6.6504 909.145
v 34.436 7.4504 906.344
v 35.236 6.6504 906.344
v 34.436 13.8504 906.344
v 34.436 13.8504 908.344
v 35.236 6.6504 908.344
v 34.436 7.4504 908.344
v 34.436 6.6504 905.544
v 35.236 6.6504 905.544
v 34.436 7.4504 905.544
v 35.236 6.6504 908.344
v 35.236 6.6504 909.145
v 34.436 7.4504 908.344
v 34.436 7.4504 909.145
v 34.436 7.4504 906.344
v 34.436 7.4504 905.544
v 35.236 6.6504 906.344
v 35.236 6.6504 905.544
v 34.436 13.8504 904.344
v 34.436 13.8504 903.544
v 35.236 6.6504 904.344
v 35.236 6.6504 902.344
v 34.436 13.8504 903.145
v 34.436 13.8504 902.344
v 34.436 7.4504 905.145
v 35.236 6.6504 905.145
v 34.436 6.6504 905.145
v 34.436 7.4504 902.344
v 35.236 6.6504 902.344
v 34.436 13.8504 902.344
v 34.436 13.8504 904.344
v 35.236 6.6504 904.344
v 34.436 7.4504 904.344
v 34.436 6.6504 901.544
v 35.236 6.6504 901.544
v 34.436 7.4504 901.544
v 35.236 6.6504 904.344
v 35.236 6.6504 905.145
v 34.436 7.4504 904.344
v 34.436 7.4504 905.145
v 34.436 7.4504 902.344
v 34.436 7.4504 901.544
v 35.236 6.6504 902.344
v 35.236 6.6504 901.544
v 34.436 13.8504 900.344
v 34.436 13.8504 899.544
v 35.236 6.6504 900.344
v 35.236 6.6504 898.344
v 34.436 13.8504 899.145
v 34.436 13.8504 898.344
v 34.436 7.4504 901.145
v 35.236 6.6504 901.145
v 34.436 6.6504 901.145
v 34.436 7.4504 898.344
v 35.236 6.6504 898.344
v 34.436 13.8504 898.344
v 34.436 13.8504 900.344
v 35.236 6.6504 900.344
v 34.436 7.4504 900.344
v 34.436 6.6504 897.544
v 35.236 6.6504 897.544
v 34.436 7.4504 897.544
v 35.236 6.6504 900.344
v 35.236 6.6504 901.145
v 34.436 7.4504 900.344
v 34.436 7.4504 901.145
v 34.436 7.4504 898.344
v 34.436 7.4504 897.544
v 35.236 6.6504 898.344
v 35.236 6.6504 897.544
v 34.436 13.8504 896.344
v 34.436 13.8504 895.544
v 35.236 6.6504 896.344
v 35.236 6.6504 894.344
v 34.436 13.8504 895.145
v 34.436 13.8504 894.344
v 34.436 7.4504 897.145
v 35.236 6.6504 897.145
v 34.436 6.6504 897.145
v 34.436 7.4504 894.344
v 35.236 6.6504 894.344
v 34.436 13.8504 894.344
v 34.436 13.8504 896.344
v 35.236 6.6504 896.344
v 34.436 7.4504 896.344
v 34.436 6.6504 893.544
v 35.236 6.6504 893.544
v 34.436 7.4504 893.544
v 35.236 6.6504 896.344
v 35.236 6.6504 897.145
v 34.436 7.4504 896.344
v 34.436 7.4504 897.145
v 34.436 7.4504 894.344
v 34.436 7.4504 893.544
v 35.236 6.6504 894.344
v 35.236 6.6504 893.544
v 32.436 13.8504 891.544
v 31.636 13.8504 891.544
v 32.436 6.6504 890.745
v 30.436 6.6504 890.745
v 31.236 13.8504 891.544
v 30.436 13.8504 891.544
v 33.236 7.4504 891.544
v 33.236 6.6504 890.745
v 33.236 6.6504 891.544
v 30.436 7.4504 891.544
v 30.436 6.6504 890.745
v 30.436 13.8504 891.544
v 32.436 13.8504 891.544
v 32.436 6.6504 890.745
v 32.436 7.4504 891.544
v 29.636 6.6504 891.544
v 29.636 6.6504 890.745
v 29.636 7.4504 891.544
v 32.436 6.6504 890.745
v 33.236 6.6504 890.745
v 32.436 7.4504 891.544
v 33.236 7.4504 891.544
v 30.436 7.4504 891.544
v 29.636 7.4504 891.544
v 30.436 6.6504 890.745
v 29.636 6.6504 890.745
v 20.036 6.6504 893.544
v 19.236 6.6504 893.544
v 20.036 7.4504 893.544
v 20.036 7.4504 892.745
v 20.036 7.4504 893.544
v 19.236 6.6504 892.745
v 19.236 6.6504 893.544
v 20.836 7.4504 895.145
v 20.136 7.4504 895.145
v 20.836 10.6504 895.145
v 20.136 10.6504 895.145
v 19.236 6.6504 892.745
v 20.036 6.6504 892.745
v 20.036 7.4504 892.745
v 27.8221 24.6815 899.937
v 27.0498 24.6815 899.937
v 27.8221 24.6815 899.152
v 27.0498 24.6815 899.152
v 21.236 13.0504 921.844
v 21.236 13.0504 911.544
v 22.0972 13.8504 921.083
v 22.0972 13.8504 911.544
v 34.436 18.6504 911.445
v 33.5747 19.4504 910.683
v 34.436 18.6504 891.645
v 33.5747 19.4504 892.406
v 24.036 13.8504 891.544
v 23.236 13.8504 891.544
v 24.036 6.6504 890.745
v 22.036 6.6504 890.745
v 22.836 13.8504 891.544
v 22.036 13.8504 891.544
v 24.836 7.4504 891.544
v 24.836 6.6504 890.745
v 24.836 6.6504 891.544
v 22.036 7.4504 891.544
v 22.036 6.6504 890.745
v 22.036 13.8504 891.544
v 24.036 13.8504 891.544
v 24.036 6.6504 890.745
v 24.036 7.4504 891.544
v 21.236 6.6504 891.544
v 21.236 6.6504 890.745
v 21.236 7.4504 891.544
v 24.036 6.6504 890.745
v 24.836 6.6504 890.745
v 24.036 7.4504 891.544
v 24.836 7.4504 891.544
v 22.036 7.4504 891.544
v 21.236 7.4504 891.544
v 22.036 6.6504 890.745
v 21.236 6.6504 890.745
v 20.136 18.6504 911.544
v 20.8972 19.4504 910.683
v 34.336 18.6504 911.544
v 33.5747 19.4504 910.683
v 20.036 18.6504 891.645
v 20.8972 19.4504 892.406
v 20.036 18.6504 895.544
v 20.8972 19.4504 910.683
v 20.036 18.6504 911.445
v 20.036 18.6504 907.544
v 34.336 18.6504 891.544
v 33.5747 19.4504 892.406
v 20.136 18.6504 891.544
v 20.8972 19.4504 892.406
v 22.0972 13.8504 921.083
v 21.336 13.0504 921.945
v 21.236 13.0504 921.844
v 21.336 13.0504 921.945
v 22.0972 13.8504 921.083
v 33.136 13.0504 921.945
v 32.3747 13.8504 921.083
v 20.036 18.6504 911.445
v 20.8972 19.4504 910.683
v 20.136 18.6504 911.544
v 20.136 18.6504 891.544
v 20.8972 19.4504 892.406
v 20.036 18.6504 891.645
v 34.436 18.6504 891.645
v 33.5747 19.4504 892.406
v 34.336 18.6504 891.544
v 34.336 18.6504 911.544
v 33.5747 19.4504 910.683
v 34.436 18.6504 911.445
v 33.5747 19.4504 910.683
v 31.236 19.4504 901.544
v 33.5747 19.4504 892.406
v 31.236 19.4504 894.344
v 20.8972 19.4504 892.406
v 25.636 19.4504 894.344
v 20.8972 19.4504 910.683
v 25.636 19.4504 901.544
v 31.236 21.8504 901.544
v 30.836 22.2504 901.145
v 31.236 21.8504 894.344
v 30.836 22.2504 894.745
v 31.236 21.8504 894.344
v 30.836 22.2504 894.745
v 25.636 21.8504 894.344
v 26.036 22.2504 894.745
v 25.636 21.8504 894.344
v 26.036 22.2504 894.745
v 25.636 21.8504 901.544
v 26.036 22.2504 901.145
v 25.636 21.8504 901.544
v 26.036 22.2504 901.145
v 31.236 21.8504 901.544
v 30.836 22.2504 901.145
v 27.8994 22.2504 900.015
v 27.8994 22.2504 899.074
v 30.836 22.2504 901.145
v 30.836 22.2504 894.745
v 26.9726 22.2504 899.074
v 26.036 22.2504 894.745
v 26.036 22.2504 901.145
v 26.9726 22.2504 900.015
v 27.8994 22.2504 900.015
v 27.8994 24.5215 900.015
v 27.8994 22.2504 899.074
v 27.8994 24.5215 899.074
v 27.8994 22.2504 899.074
v 27.8994 24.5215 899.074
v 26.9726 22.2504 899.074
v 26.9726 24.5215 899.074
v 26.9726 22.2504 899.074
v 26.9726 24.5215 899.074
v 26.9726 22.2504 900.015
v 26.9726 24.5215 900.015
v 26.9726 22.2504 900.015
v 26.9726 24.5215 900.015
v 27.8994 22.2504 900.015
v 27.8994 24.5215 900.015
v 27.636 13.8504 911.544
v 32.3747 13.8504 921.083
v 22.0972 13.8504 921.083
v 31.636 13.8504 911.544
v 32.3747 13.8504 911.544
v 31.236 13.8504 911.544
v 29.636 13.8504 911.544
v 29.236 13.8504 911.544
v 26.836 13.8504 911.544
v 25.236 13.8504 911.544
v 24.836 13.8504 911.544
v 23.236 13.8504 911.544
v 22.836 13.8504 911.544
v 22.0972 13.8504 911.544
v 20.036 10.6918 908.044
v 20.036 7.4504 908.044
v 20.136 10.6504 907.945
v 20.136 7.4504 907.945
v 20.136 10.6504 895.145
v 20.136 11.0504 895.544
v 20.836 10.6504 895.145
v 20.836 11.0504 895.544
v 20.136 11.0504 895.544
v 20.136 11.0504 907.544
v 20.836 11.0504 895.544
v 20.836 11.0504 897.544
v 20.836 11.0504 899.044
v 20.836 11.0504 904.044
v 20.836 11.0504 905.544
v 20.836 11.0504 907.544
v 20.136 11.0504 907.544
v 20.136 10.6504 907.945
v 20.836 11.0504 907.544
v 20.836 10.6504 907.945
v 20.836 10.6504 907.945
v 20.136 10.6504 907.945
v 20.836 7.4504 907.945
v 20.136 7.4504 907.945
v 20.036 10.6918 895.044
v 20.136 10.6504 895.145
v 20.036 7.4504 895.044
v 20.136 7.4504 895.145
v 20.136 11.0504 895.544
v 20.136 10.6504 895.145
v 20.036 11.0918 895.445
v 20.036 10.6918 895.044
v 20.036 11.1504 895.544
v 20.036 11.1504 907.544
v 20.136 11.0504 895.544
v 20.136 11.0504 907.544
v 20.136 11.0504 907.544
v 20.036 11.0918 907.645
v 20.136 10.6504 907.945
v 20.036 10.6918 908.044
v 20.036 11.1504 895.544
v 20.136 11.0504 895.544
v 20.036 11.0918 895.445
v 20.136 11.0504 907.544
v 20.036 11.1504 907.544
v 20.036 11.0918 907.645
v 33.236 13.0504 921.844
v 32.3747 13.8504 921.083
v 33.236 13.0504 911.544
v 32.3747 13.8504 911.544
v 33.136 13.0504 921.945
v 32.3747 13.8504 921.083
v 33.236 13.0504 921.844
v 27.8994 24.5215 900.015
v 27.8221 24.6815 899.937
v 27.8994 24.5215 899.074
v 27.8221 24.6815 899.152
v 27.8994 24.5215 899.074
v 27.8221 24.6815 899.152
v 26.9726 24.5215 899.074
v 27.0498 24.6815 899.152
v 26.9726 24.5215 899.074
v 27.0498 24.6815 899.152
v 26.9726 24.5215 900.015
v 27.0498 24.6815 899.937
v 26.9726 24.5215 900.015
v 27.0498 24.6815 899.937
v 27.8994 24.5215 900.015
v 27.8221 24.6815 899.937
v 20.856 9.8504 897.544
v 21.0951 9.8504 897.544
v 21.0951 6.8504 897.544
v 20.856 7.4504 897.544
v 20.856 9.8504 905.544
v 20.856 7.4504 905.544
v 21.0951 9.8504 905.544
v 20.856 6.8504 905.544
v 21.0951 6.8504 905.544
v 20.856 6.8504 904.044
v 20.856 7.4504 904.044
v 21.0951 6.8504 904.044
v 20.856 9.8504 904.044
v 21.0951 9.8504 904.044
v 20.856 7.4504 897.544
v 20.856 6.8504 897.544
v 20.836 7.4504 897.525
v 20.836 6.8504 897.525
v 20.856 9.8504 899.044
v 20.856 7.4504 899.044
v 21.0951 9.8504 899.044
v 20.856 6.8504 899.044
v 21.0951 6.8504 899.044
v 20.856 6.8504 897.544
v 20.836 9.8504 897.525
v 20.856 9.8504 897.544
v 20.836 9.8504 899.065
v 20.836 7.4504 899.065
v 20.856 9.8504 899.044
v 20.856 7.4504 899.044
v 20.856 9.8504 904.044
v 20.856 7.4504 904.044
v 20.836 9.8504 904.025
v 20.836 7.4504 904.025
v 20.836 9.8504 905.565
v 20.836 7.4504 905.565
v 20.856 9.8504 905.544
v 20.856 7.4504 905.544
v 20.836 6.8504 905.565
v 20.856 6.8504 905.544
v 20.836 6.8504 899.065
v 20.856 6.8504 899.044
v 20.856 6.8504 904.044
v 20.836 6.8504 904.025
v 28.436 13.8504 891.544
v 27.636 13.8504 891.544
v 28.436 6.6504 890.745
v 26.036 6.6504 890.745
v 27.236 13.8504 891.544
v 26.036 13.8504 891.544
v 29.236 7.4504 891.544
v 29.236 6.6504 890.745
v 29.236 6.6504 891.544
v 26.036 7.4504 891.544
v 26.036 6.6504 890.745
v 26.036 13.8504 891.544
v 28.436 13.8504 891.544
v 28.436 6.6504 890.745
v 28.436 7.4504 891.544
v 25.236 6.6504 891.544
v 25.236 6.6504 890.745
v 25.236 7.4504 891.544
v 28.436 6.6504 890.745
v 29.236 6.6504 890.745
v 28.436 7.4504 891.544
v 29.236 7.4504 891.544
v 26.036 7.4504 891.544
v 25.236 7.4504 891.544
v 26.036 6.6504 890.745
v 25.236 6.6504 890.745
v 20.036 16.2504 909.445
v 20.036 13.8504 909.445
v 20.036 16.2504 908.645
v 20.036 13.8504 908.645
v 20.036 16.2504 911.445
v 20.036 13.8504 911.445
v 20.036 16.2504 910.645
v 20.036 16.2504 910.245
v 20.036 13.8504 910.245
v 20.036 13.8504 910.645
v 29.236 13.8504 911.544
v 27.636 13.8504 911.544
v 29.236 16.2504 911.544
v 27.636 16.2504 911.544
v 32.3747 16.2504 911.544
v 32.3747 13.8504 911.544
v 31.636 16.2504 911.544
v 29.636 13.8504 911.544
v 29.636 16.2504 911.544
v 31.236 13.8504 911.544
v 31.236 16.2504 911.544
v 31.636 13.8504 911.544
v 26.836 13.8504 911.544
v 25.236 13.8504 911.544
v 26.836 16.2504 911.544
v 25.236 16.2504 911.544
v 24.836 13.8504 911.544
v 23.236 13.8504 911.544
v 24.836 16.2504 911.544
v 23.236 16.2504 911.544
v 22.0972 13.8504 911.544
v 22.836 16.2504 911.544
v 22.836 13.8504 911.544
v 22.0972 16.2504 911.544
v 34.436 16.2504 906.344
v 34.436 13.8504 906.344
v 34.436 16.2504 907.145
v 34.436 13.8504 908.344
v 34.436 16.2504 907.544
v 34.436 13.8504 907.544
v 34.436 13.8504 907.145
v 34.436 16.2504 908.344
v 34.436 13.8504 902.344
v 34.436 13.8504 901.544
v 34.436 7.4504 902.344
v 34.436 7.4504 901.544
v 34.436 13.8504 901.145
v 34.436 7.4504 901.145
v 34.436 13.8504 900.344
v 34.436 7.4504 900.344
v 34.436 16.2504 902.344
v 34.436 16.2504 901.544
v 34.436 13.8504 902.344
v 34.436 13.8504 900.344
v 34.436 13.8504 901.145
v 34.436 16.2504 901.145
v 34.436 13.8504 901.544
v 34.436 16.2504 900.344
v 34.436 16.2504 899.544
v 34.436 13.8504 898.344
v 34.436 13.8504 899.145
v 34.436 16.2504 899.145
v 34.436 13.8504 899.544
v 34.436 16.2504 898.344
v 34.436 13.8504 906.344
v 34.436 13.8504 905.544
v 34.436 7.4504 906.344
v 34.436 7.4504 905.544
v 34.436 13.8504 905.145
v 34.436 7.4504 905.145
v 34.436 13.8504 904.344
v 34.436 7.4504 904.344
v 34.436 16.2504 905.544
v 34.436 13.8504 904.344
v 34.436 13.8504 905.145
v 34.436 16.2504 905.145
v 34.436 13.8504 905.544
v 34.436 16.2504 904.344
v 34.436 16.2504 903.544
v 34.436 13.8504 903.145
v 34.436 16.2504 903.145
v 34.436 13.8504 903.544
v 34.436 13.8504 898.344
v 34.436 13.8504 897.544
v 34.436 7.4504 898.344
v 34.436 7.4504 897.544
v 34.436 13.8504 897.145
v 34.436 7.4504 897.145
v 34.436 13.8504 896.344
v 34.436 7.4504 896.344
v 34.436 16.2504 897.544
v 34.436 13.8504 896.344
v 34.436 13.8504 897.145
v 34.436 16.2504 897.145
v 34.436 13.8504 897.544
v 34.436 16.2504 896.344
v 34.436 16.2504 895.544
v 34.436 13.8504 894.344
v 34.436 13.8504 895.145
v 34.436 16.2504 895.145
v 34.436 13.8504 895.544
v 34.436 16.2504 894.344
v 30.436 16.2504 891.544
v 29.636 16.2504 891.544
v 30.436 13.8504 891.544
v 28.436 13.8504 891.544
v 29.236 13.8504 891.544
v 29.236 16.2504 891.544
v 29.636 13.8504 891.544
v 28.436 16.2504 891.544
v 20.136 13.8504 911.544
v 20.136 16.2504 911.544
v 34.436 16.2504 891.645
v 34.436 13.8504 891.645
v 21.236 13.0504 911.544
v 20.136 10.6504 911.544
v 21.236 10.6504 911.544
v 30.436 13.8504 891.544
v 29.636 13.8504 891.544
v 30.436 7.4504 891.544
v 29.636 7.4504 891.544
v 29.236 13.8504 891.544
v 29.236 7.4504 891.544
v 28.436 13.8504 891.544
v 28.436 7.4504 891.544
v 26.036 13.8504 891.544
v 25.236 13.8504 891.544
v 26.036 7.4504 891.544
v 25.236 7.4504 891.544
v 24.836 13.8504 891.544
v 24.836 7.4504 891.544
v 24.036 13.8504 891.544
v 24.036 7.4504 891.544
v 34.336 16.2504 911.544
v 34.336 13.8504 911.544
v 32.436 16.2504 891.544
v 31.636 16.2504 891.544
v 32.436 13.8504 891.544
v 31.236 13.8504 891.544
v 31.236 16.2504 891.544
v 31.636 13.8504 891.544
v 27.636 16.2504 891.544
v 26.036 13.8504 891.544
v 26.836 13.8504 891.544
v 26.836 16.2504 891.544
v 27.636 13.8504 891.544
v 26.036 16.2504 891.544
v 25.236 16.2504 891.544
v 24.036 13.8504 891.544
v 24.836 13.8504 891.544
v 24.836 16.2504 891.544
v 25.236 13.8504 891.544
v 24.036 16.2504 891.544
v 23.236 16.2504 891.544
v 22.036 13.8504 891.544
v 22.836 13.8504 891.544
v 22.836 16.2504 891.544
v 23.236 13.8504 891.544
v 22.036 16.2504 891.544
v 20.136 16.2504 891.544
v 20.136 13.8504 891.544
v 34.436 7.4504 891.645
v 34.436 7.4504 893.544
v 34.436 7.4504 894.344
v 34.336 7.4504 891.544
v 34.336 13.8504 891.544
v 33.236 7.4504 891.544
v 32.436 7.4504 891.544
v 33.236 13.0504 911.544
v 34.336 10.6504 911.544
v 33.236 10.6504 911.544
v 34.336 16.2504 891.544
v 34.436 7.4504 911.445
v 34.436 13.8504 911.445
v 34.436 7.4504 909.145
v 34.436 7.4504 908.344
v 20.136 7.4504 891.544
v 21.236 7.4504 891.544
v 22.036 7.4504 891.544
v 34.436 16.2504 911.445
v 20.136 16.2504 911.544
v 20.136 13.8504 911.544
v 20.036 16.2504 911.445
v 20.036 13.8504 911.445
v 20.036 16.2504 891.645
v 20.036 13.8504 891.645
v 20.136 16.2504 891.544
v 20.136 13.8504 891.544
v 34.336 16.2504 891.544
v 34.336 13.8504 891.544
v 34.436 16.2504 891.645
v 34.436 13.8504 891.645
v 34.336 7.4504 891.544
v 34.436 7.4504 891.645
v 20.036 10.6504 911.445
v 20.136 10.6504 911.544
v 20.036 13.0504 891.645
v 20.136 7.4504 891.544
v 20.036 10.6918 891.645
v 20.036 7.4504 891.645
v 34.336 13.8504 911.544
v 34.336 16.2504 911.544
v 34.436 13.8504 911.445
v 34.436 16.2504 911.445
v 34.436 7.4504 911.445
v 34.336 10.6504 911.544
v 34.336 7.4504 911.544
v 31.236 19.4504 901.544
v 31.236 21.8504 901.544
v 31.236 19.4504 894.344
v 31.236 21.8504 894.344
v 31.236 19.4504 894.344
v 31.236 21.8504 894.344
v 25.636 19.4504 894.344
v 25.636 21.8504 894.344
v 25.636 19.4504 894.344
v 25.636 21.8504 894.344
v 25.636 19.4504 901.544
v 25.636 21.8504 901.544
v 25.636 19.4504 901.544
v 25.636 21.8504 901.544
v 31.236 19.4504 901.544
v 31.236 21.8504 901.544
v 20.036 10.6918 891.645
v 20.036 10.6918 895.044
v 20.036 7.4504 891.645
v 20.036 7.4504 892.745
v 20.036 7.4504 893.544
v 20.036 7.4504 895.044
v 20.036 7.4504 911.445
v 20.036 7.4504 910.344
v 20.036 10.6504 911.445
v 20.036 10.6918 908.044
v 20.036 7.4504 909.544
v 20.036 7.4504 908.044
v 20.036 16.2504 893.645
v 20.036 16.2504 894.445
v 20.036 13.8504 893.645
v 20.036 13.8504 894.445
v 20.036 16.2504 891.645
v 20.036 16.2504 892.445
v 20.036 13.8504 891.645
v 20.036 13.8504 892.844
v 20.036 16.2504 892.844
v 20.036 13.8504 892.445
v 20.036 11.1504 895.544
v 20.036 13.8504 894.844
v 20.036 16.2504 895.544
v 20.036 16.2504 894.844
v 20.036 11.0918 907.645
v 20.036 13.8504 908.245
v 20.036 16.2504 907.544
v 20.036 16.2504 908.245
v 20.036 11.1504 907.544
v 20.836 11.0504 904.044
v 20.836 9.87276 904.044
v 20.836 11.0504 899.044
v 20.836 9.8504 904.025
v 20.836 9.8504 899.065
v 20.836 9.87276 899.044
v 20.836 10.0193 898.751
v 20.836 9.87276 897.544
v 20.836 11.0504 897.544
v 20.836 10.0193 897.838
v 20.836 10.0954 898.447
v 20.836 10.0954 898.142
v 20.836 7.4504 907.945
v 20.836 7.4504 905.565
v 20.836 10.6504 907.945
v 20.836 9.8504 905.565
v 20.836 11.0504 907.544
v 20.836 11.0504 905.544
v 20.836 9.87276 905.544
v 20.836 10.0193 905.251
v 20.836 10.0193 904.338
v 20.836 10.0954 904.947
v 20.836 10.0954 904.642
v 20.836 11.0504 895.544
v 20.836 9.8504 897.525
v 20.836 7.4504 895.145
v 20.836 10.6504 895.145
v 20.836 7.4504 897.525
v 20.836 7.4504 904.025
v 20.836 7.4504 899.065
v 20.036 7.4504 911.445
v 20.036 10.6504 911.445
v 20.136 7.4504 911.544
v 20.136 10.6504 911.544
v 20.136 7.4504 911.544
v 20.136 10.6504 911.544
v 21.236 7.4504 911.544
v 21.236 10.6504 911.544
v 34.336 10.6504 911.544
v 34.336 7.4504 911.544
v 33.236 10.6504 911.544
v 33.236 7.4504 911.544
v 20.036 13.0504 891.645
v 20.036 11.0918 895.445
v 20.036 11.1504 895.544
v 20.036 13.8504 894.844
v 21.236 6.6504 890.745
v 20.136 6.6504 891.544
v 21.236 9.6504 890.745
v 20.136 9.6504 891.544
v 34.336 6.6504 891.544
v 33.236 6.6504 890.745
v 34.336 9.6504 891.544
v 33.236 9.6504 890.745
v 33.236 6.6504 890.745
v 21.236 6.6504 890.745
v 33.236 9.6504 890.745
v 21.236 9.6504 890.745
v 20.136 6.6504 895.145
v 20.3517 6.6504 897.525
v 20.136 9.6504 895.145
v 20.3517 9.6504 897.525
v 19.236 6.6504 893.544
v 20.136 6.6504 895.145
v 19.236 9.6504 893.544
v 20.136 9.6504 895.145
v 20.3517 6.6504 905.565
v 20.136 6.6504 907.945
v 20.3517 9.6504 905.565
v 20.136 9.6504 907.945
v 20.136 6.6504 907.945
v 19.236 6.6504 909.544
v 20.136 9.6504 907.945
v 19.236 9.6504 909.544
v 20.136 6.6504 891.544
v 19.236 6.6504 892.745
v 20.136 9.6504 891.544
v 19.236 9.6504 892.745
v 19.236 6.6504 892.745
v 19.236 6.6504 893.544
v 19.236 9.6504 892.745
v 19.236 9.6504 893.544
v 20.436 6.6504 913.145
v 20.436 6.6504 921.145
v 20.436 9.6504 913.145
v 20.436 9.6504 921.145
v 20.036 6.6504 911.445
v 20.436 6.6504 913.145
v 20.036 9.6504 911.445
v 20.436 9.6504 913.145
v 19.236 6.6504 910.344
v 20.036 6.6504 911.445
v 19.236 9.6504 910.344
v 20.036 9.6504 911.445
v 20.3517 6.6504 899.065
v 20.3517 6.6504 904.025
v 20.3517 9.6504 899.065
v 20.3517 9.6504 904.025
v 19.236 6.6504 909.544
v 19.236 6.6504 910.344
v 19.236 9.6504 909.544
v 19.236 9.6504 910.344
v 20.3517 6.6504 897.525
v 20.436 6.8504 897.525
v 20.3517 9.6504 897.525
v 20.436 9.8504 897.525
v 20.436 6.8504 899.065
v 20.3517 6.6504 899.065
v 20.436 9.8504 899.065
v 20.3517 9.6504 899.065
v 20.3517 6.6504 904.025
v 20.436 6.8504 904.025
v 20.3517 9.6504 904.025
v 20.436 9.8504 904.025
v 20.436 6.8504 905.565
v 20.3517 6.6504 905.565
v 20.436 9.8504 905.565
v 20.3517 9.6504 905.565
v 20.436 6.8504 897.525
v 21.0951 6.8504 897.544
v 20.436 9.8504 897.525
v 21.0951 9.8504 897.544
v 21.0951 6.8504 897.544
v 21.0951 6.8504 899.044
v 21.0951 9.8504 897.544
v 21.0951 9.8504 899.044
v 21.0951 6.8504 899.044
v 20.436 6.8504 899.065
v 21.0951 9.8504 899.044
v 20.436 9.8504 899.065
v 20.436 6.8504 904.025
v 21.0951 6.8504 904.044
v 20.436 9.8504 904.025
v 21.0951 9.8504 904.044
v 21.0951 6.8504 904.044
v 21.0951 6.8504 905.544
v 21.0951 9.8504 904.044
v 21.0951 9.8504 905.544
v 21.0951 6.8504 905.544
v 20.436 6.8504 905.565
v 21.0951 9.8504 905.544
v 20.436 9.8504 905.565
v 22.036 6.6504 922.745
v 32.436 6.6504 922.745
v 22.036 9.6504 922.745
v 32.436 9.6504 922.745
v 20.436 6.6504 921.145
v 22.036 6.6504 922.745
v 20.436 9.6504 921.145
v 22.036 9.6504 922.745
v 32.436 6.6504 922.745
v 34.036 6.6504 921.145
v 32.436 9.6504 922.745
v 34.036 9.6504 921.145
v 35.236 6.6504 893.544
v 34.336 6.6504 891.544
v 35.236 9.6504 893.544
v 34.336 9.6504 891.544
v 35.236 6.6504 909.145
v 35.236 6.6504 893.544
v 35.236 9.6504 909.145
v 35.236 9.6504 893.544
v 34.436 6.6504 911.544
v 35.236 6.6504 909.145
v 34.436 9.6504 911.544
v 35.236 9.6504 909.145
v 34.036 6.6504 913.145
v 34.436 6.6504 911.544
v 34.036 9.6504 913.145
v 34.436 9.6504 911.544
v 34.036 6.6504 921.145
v 34.036 6.6504 913.145
v 34.036 9.6504 921.145
v 34.036 9.6504 913.145
v 8.86245 6.07036 910.782
v 8.77055 6.02109 907.815
v 8.74884 6.02693 907.815
v 8.84417 6.07528 910.782
v 8.73761 6.04641 907.815
v 8.83471 6.09169 910.783
v 8.74345 6.06813 907.815
v 8.83963 6.10998 910.782
v 8.76293 6.07936 907.815
v 8.85604 6.11944 910.782
v 8.78464 6.07352 907.814
v 8.87432 6.11452 910.781
v 8.79586 6.05403 907.814
v 8.88377 6.09811 910.781
v 8.79002 6.03231 907.814
v 8.87885 6.07982 910.781
v 8.77055 6.02109 907.815
v 8.86245 6.07036 910.782
v 8.93732 6.03361 914.168
v 8.82818 6.03445 910.569
v 8.81012 6.03931 910.57
v 8.91646 6.03922 914.169
v 8.80078 6.05553 910.57
v 8.90568 6.05794 914.169
v 8.80564 6.0736 910.57
v 8.91129 6.07881 914.169
v 8.82185 6.08295 910.569
v 8.93001 6.0896 914.169
v 8.83991 6.07809 910.569
v 8.95087 6.08399 914.168
v 8.84925 6.06187 910.568
v 8.96165 6.06526 914.168
v 8.84439 6.0438 910.569
v 8.95604 6.0444 914.168
v 8.82818 6.03445 910.569
v 8.93732 6.03361 914.168
v 9.00741 6.06662 916.019
v 8.94464 6.08631 913.986
v 8.92808 6.09077 913.986
v 8.9837 6.073 916.019
v 8.91952 6.10563 913.986
v 8.97144 6.09428 916.02
v 8.92398 6.12219 913.986
v 8.97782 6.118 916.019
v 8.93883 6.13076 913.986
v 8.99909 6.13026 916.019
v 8.95539 6.1263 913.985
v 9.0228 6.12388 916.018
v 8.96395 6.11144 913.985
v 9.03505 6.1026 916.018
v 8.9595 6.09487 913.985
v 9.02868 6.07888 916.018
v 8.94464 6.08631 913.986
v 9.00741 6.06662 916.019
v 9.09605 6.07036 918.778
v 9.00414 6.02109 915.811
v 8.98243 6.02693 915.812
v 9.07776 6.07528 918.779
v 8.97121 6.04641 915.812
v 9.06831 6.09169 918.779
v 8.97705 6.06813 915.812
v 9.07323 6.10998 918.779
v 8.99653 6.07936 915.811
v 9.08963 6.11944 918.779
v 9.01824 6.07352 915.811
v 9.10792 6.11452 918.778
v 9.02946 6.05403 915.81
v 9.11737 6.09811 918.778
v 9.02362 6.03231 915.811
v 9.11245 6.07982 918.778
v 9.00414 6.02109 915.811
v 9.09605 6.07036 918.778
v 9.17092 6.03361 922.165
v 9.06178 6.03445 918.566
v 9.04371 6.03931 918.566
v 9.15006 6.03922 922.166
v 9.03438 6.05553 918.566
v 9.13928 6.05794 922.166
v 9.03923 6.0736 918.566
v 9.14489 6.07881 922.166
v 9.05544 6.08295 918.566
v 9.1636 6.0896 922.165
v 9.07351 6.07809 918.565
v 9.18446 6.08399 922.165
v 9.08285 6.06187 918.565
v 9.19525 6.06526 922.164
v 9.07799 6.0438 918.565
v 9.18964 6.0444 922.164
v 9.06178 6.03445 918.566
v 9.17092 6.03361 922.165
v 9.23494 6.06662 923.808
v 9.17824 6.08631 921.982
v 9.16168 6.09077 921.983
v 9.21124 6.073 923.808
v 9.15312 6.10563 921.983
v 9.19898 6.09428 923.809
v 9.15757 6.12219 921.983
v 9.20536 6.118 923.809
v 9.17243 6.13076 921.982
v 9.22663 6.13026 923.808
v 9.18899 6.1263 921.982
v 9.25033 6.12388 923.807
v 9.19755 6.11144 921.982
v 9.26259 6.1026 923.807
v 9.1931 6.09487 921.982
v 9.25622 6.07888 923.807
v 9.17824 6.08631 921.982
v 9.23494 6.06662 923.808
v 8.79586 6.05403 907.814
v 8.78464 6.07352 907.814
v 8.76293 6.07936 907.815
v 8.74345 6.06813 907.815
v 8.73761 6.04641 907.815
v 8.74884 6.02693 907.815
v 8.77055 6.02109 907.815
v 8.79002 6.03231 907.814
v 8.83471 6.09169 910.783
v 8.83963 6.10998 910.782
v 8.85604 6.11944 910.782
v 8.87432 6.11452 910.781
v 8.88377 6.09811 910.781
v 8.87885 6.07982 910.781
v 8.86245 6.07036 910.782
v 8.84417 6.07528 910.782
v 8.84925 6.06187 910.568
v 8.83991 6.07809 910.569
v 8.82185 6.08295 910.569
v 8.80564 6.0736 910.57
v 8.80078 6.05553 910.57
v 8.81012 6.03931 910.57
v 8.82818 6.03445 910.569
v 8.84439 6.0438 910.569
v 8.90568 6.05794 914.169
v 8.91129 6.07881 914.169
v 8.93001 6.0896 914.169
v 8.95087 6.08399 914.168
v 8.96165 6.06526 914.168
v 8.95604 6.0444 914.168
v 8.93732 6.03361 914.168
v 8.91646 6.03922 914.169
v 8.88328 6.16519 910.658
v 8.86895 6.16496 910.696
v 8.83265 6.16089 910.712
v 8.79565 6.15537 910.698
v 8.77962 6.15163 910.661
v 8.79395 6.15186 910.624
v 8.83025 6.15593 910.608
v 8.86725 6.16145 910.622
v 8.80388 6.16573 907.943
v 8.78978 6.16375 907.98
v 8.75358 6.15895 907.996
v 8.71648 6.15416 907.982
v 8.70022 6.15218 907.946
v 8.71432 6.15416 907.908
v 8.75052 6.15895 907.892
v 8.78762 6.16375 907.906
v 8.91931 6.16502 912.081
v 8.90521 6.16304 912.118
v 8.86901 6.15824 912.135
v 8.83191 6.15345 912.12
v 8.81565 6.15146 912.084
v 8.82975 6.15345 912.046
v 8.86595 6.15824 912.03
v 8.90305 6.16304 912.044
v 8.96395 6.11144 913.985
v 8.95539 6.1263 913.985
v 8.93883 6.13076 913.986
v 8.92398 6.12219 913.986
v 8.91952 6.10563 913.986
v 8.92808 6.09077 913.986
v 8.94464 6.08631 913.986
v 8.9595 6.09487 913.985
v 8.97144 6.09428 916.02
v 8.97782 6.118 916.019
v 8.99909 6.13026 916.019
v 9.0228 6.12388 916.018
v 9.03505 6.1026 916.018
v 9.02868 6.07888 916.018
v 9.00741 6.06662 916.019
v 8.9837 6.073 916.019
v 8.98316 6.16573 914.08
v 8.96906 6.16375 914.117
v 8.93286 6.15895 914.134
v 8.89576 6.15416 914.119
v 8.8795 6.15218 914.083
v 8.8936 6.15416 914.045
v 8.9298 6.15895 914.029
v 8.9669 6.16375 914.043
v 9.02946 6.05403 915.81
v 9.01824 6.07352 915.811
v 8.99653 6.07936 915.811
v 8.97705 6.06813 915.812
v 8.97121 6.04641 915.812
v 8.98243 6.02693 915.812
v 9.00414 6.02109 915.811
v 9.02362 6.03231 915.811
v 9.06831 6.09169 918.779
v 9.07323 6.10998 918.779
v 9.08963 6.11944 918.779
v 9.10792 6.11452 918.778
v 9.11737 6.09811 918.778
v 9.11245 6.07982 918.778
v 9.09605 6.07036 918.778
v 9.07776 6.07528 918.779
v 9.08285 6.06187 918.565
v 9.07351 6.07809 918.565
v 9.05544 6.08295 918.566
v 9.03923 6.0736 918.566
v 9.03438 6.05553 918.566
v 9.04371 6.03931 918.566
v 9.06178 6.03445 918.566
v 9.07799 6.0438 918.565
v 9.13928 6.05794 922.166
v 9.14489 6.07881 922.166
v 9.1636 6.0896 922.165
v 9.18446 6.08399 922.165
v 9.19525 6.06526 922.164
v 9.18964 6.0444 922.164
v 9.17092 6.03361 922.165
v 9.15006 6.03922 922.166
v 9.11748 6.16573 918.678
v 9.10338 6.16375 918.715
v 9.06717 6.15895 918.732
v 9.03008 6.15416 918.717
v 9.01382 6.15218 918.681
v 9.02792 6.15416 918.643
v 9.06412 6.15895 918.627
v 9.10122 6.16375 918.641
v 9.03692 6.16543 915.919
v 9.02299 6.16213 915.956
v 8.98686 6.1568 915.973
v 8.94969 6.15255 915.958
v 8.93326 6.15187 915.922
v 8.94719 6.15517 915.885
v 8.98332 6.1605 915.868
v 9.02049 6.16475 915.882
v 9.26243 6.16573 923.64
v 9.24833 6.16375 923.677
v 9.21213 6.15895 923.694
v 9.17503 6.15416 923.68
v 9.15877 6.15218 923.643
v 9.17287 6.15416 923.606
v 9.20908 6.15895 923.589
v 9.24617 6.16375 923.603
v 9.15378 6.16428 920.104
v 9.13995 6.16026 920.141
v 9.10386 6.15462 920.158
v 9.06665 6.15067 920.144
v 9.05013 6.15073 920.107
v 9.06396 6.15475 920.07
v 9.10005 6.16039 920.053
v 9.13726 6.16434 920.068
v 9.19755 6.11144 921.982
v 9.18899 6.1263 921.982
v 9.17243 6.13076 921.982
v 9.15757 6.12219 921.983
v 9.15312 6.10563 921.983
v 9.16168 6.09077 921.983
v 9.17824 6.08631 921.982
v 9.1931 6.09487 921.982
v 9.19898 6.09428 923.809
v 9.20536 6.118 923.809
v 9.22663 6.13026 923.808
v 9.25033 6.12388 923.807
v 9.26259 6.1026 923.807
v 9.25622 6.07888 923.807
v 9.23494 6.06662 923.808
v 9.21124 6.073 923.808
v 9.21637 6.16553 922.062
v 9.20213 6.16461 922.1
v 9.16587 6.16026 922.116
v 9.12884 6.15503 922.102
v 9.11272 6.15197 922.065
v 9.12696 6.15289 922.028
v 9.16321 6.15725 922.012
v 9.20025 6.16248 922.026
v 8.95595 5.20327 910.645
v 8.83025 6.15593 910.608
v 8.79395 6.15186 910.624
v 8.91631 5.19883 910.663
v 8.77962 6.15163 910.661
v 8.90066 5.19858 910.704
v 8.79565 6.15537 910.698
v 8.91816 5.20266 910.744
v 8.83265 6.16089 910.712
v 8.95857 5.20869 910.759
v 8.86895 6.16496 910.696
v 8.99821 5.21313 910.741
v 8.88328 6.16519 910.658
v 9.01386 5.21339 910.7
v 8.86725 6.16145 910.622
v 8.99635 5.2093 910.661
v 8.83025 6.15593 910.608
v 8.95595 5.20327 910.645
v 8.87499 5.20544 907.883
v 8.75052 6.15895 907.892
v 8.71432 6.15416 907.908
v 8.83545 5.2002 907.901
v 8.70022 6.15218 907.946
v 8.82006 5.19803 907.942
v 8.71648 6.15416 907.982
v 8.83781 5.2002 907.982
v 8.75358 6.15895 907.996
v 8.87832 5.20544 907.998
v 8.78978 6.16375 907.98
v 8.91786 5.21067 907.98
v 8.80388 6.16573 907.943
v 8.93326 5.21284 907.939
v 8.78762 6.16375 907.906
v 8.9155 5.21067 907.899
v 8.75052 6.15895 907.892
v 8.87499 5.20544 907.883
v 8.99042 5.20472 912.022
v 8.86595 6.15824 912.03
v 8.82975 6.15345 912.046
v 8.95089 5.19949 912.039
v 8.81565 6.15146 912.084
v 8.93549 5.19732 912.08
v 8.83191 6.15345 912.12
v 8.95324 5.19949 912.12
v 8.86901 6.15824 912.135
v 8.99376 5.20472 912.136
v 8.90521 6.16304 912.118
v 9.03329 5.20996 912.118
v 8.91931 6.16502 912.081
v 9.04869 5.21213 912.077
v 8.90305 6.16304 912.044
v 9.03093 5.20996 912.037
v 8.86595 6.15824 912.03
v 8.99042 5.20472 912.022
v 9.05458 5.20544 914.031
v 8.9298 6.15895 914.029
v 8.8936 6.15416 914.045
v 9.01505 5.2002 914.049
v 8.8795 6.15218 914.083
v 8.99965 5.19803 914.09
v 8.89576 6.15416 914.119
v 9.0174 5.2002 914.13
v 8.93286 6.15895 914.134
v 9.05791 5.20544 914.145
v 8.96906 6.16375 914.117
v 9.09745 5.21067 914.128
v 8.98316 6.16573 914.08
v 9.11285 5.21284 914.087
v 8.9669 6.16375 914.043
v 9.09509 5.21067 914.047
v 8.9298 6.15895 914.029
v 9.05458 5.20544 914.031
v 9.18859 5.20544 918.619
v 9.06412 6.15895 918.627
v 9.02792 6.15416 918.643
v 9.14905 5.2002 918.637
v 9.01382 6.15218 918.681
v 9.13365 5.19803 918.677
v 9.03008 6.15416 918.717
v 9.15141 5.2002 918.717
v 9.06717 6.15895 918.732
v 9.19192 5.20544 918.733
v 9.10338 6.16375 918.715
v 9.23146 5.21067 918.715
v 9.11748 6.16573 918.678
v 9.24686 5.21284 918.674
v 9.10122 6.16375 918.641
v 9.2291 5.21067 918.634
v 9.06412 6.15895 918.627
v 9.18859 5.20544 918.619
v 9.10668 5.20777 915.825
v 8.98332 6.1605 915.868
v 8.94719 6.15517 915.885
v 9.06723 5.20194 915.843
v 8.93326 6.15187 915.922
v 9.05201 5.19834 915.884
v 8.94969 6.15255 915.958
v 9.06996 5.19907 915.924
v 8.98686 6.1568 915.973
v 9.11055 5.20372 915.939
v 9.02299 6.16213 915.956
v 9.15 5.20954 915.922
v 9.03692 6.16543 915.919
v 9.16522 5.21314 915.881
v 9.02049 6.16475 915.882
v 9.14727 5.21241 915.841
v 8.98332 6.1605 915.868
v 9.10668 5.20777 915.825
v 9.33354 5.20544 923.581
v 9.20908 6.15895 923.589
v 9.17287 6.15416 923.606
v 9.29401 5.2002 923.599
v 9.15877 6.15218 923.643
v 9.27861 5.19803 923.64
v 9.17503 6.15416 923.68
v 9.29637 5.2002 923.679
v 9.21213 6.15895 923.694
v 9.33688 5.20544 923.695
v 9.24833 6.16375 923.677
v 9.37641 5.21067 923.677
v 9.26243 6.16573 923.64
v 9.39181 5.21284 923.636
v 9.24617 6.16375 923.603
v 9.37405 5.21067 923.596
v 9.20908 6.15895 923.589
v 9.33354 5.20544 923.581
v 9.22273 5.20861 919.992
v 9.10005 6.16039 920.053
v 9.06396 6.15475 920.07
v 9.18332 5.20245 920.009
v 9.05013 6.15073 920.107
v 9.16821 5.19806 920.05
v 9.06665 6.15067 920.144
v 9.18625 5.198 920.09
v 9.10386 6.15462 920.158
v 9.22688 5.20231 920.106
v 9.13995 6.16026 920.141
v 9.2663 5.20847 920.088
v 9.15378 6.16428 920.104
v 9.28141 5.21286 920.047
v 9.13726 6.16434 920.068
v 9.26336 5.21292 920.007
v 9.10005 6.16039 920.053
v 9.22273 5.20861 919.992
v 9.28846 5.20399 922.031
v 9.16321 6.15725 922.012
v 9.12696 6.15289 922.028
v 9.24887 5.19924 922.049
v 9.11272 6.15197 922.065
v 9.23331 5.19823 922.09
v 9.12884 6.15503 922.102
v 9.25092 5.20156 922.13
v 9.16587 6.16026 922.116
v 9.29137 5.20728 922.145
v 9.20213 6.16461 922.1
v 9.33096 5.21203 922.127
v 9.21637 6.16553 922.062
v 9.34652 5.21304 922.087
v 9.20025 6.16248 922.026
v 9.32891 5.20971 922.047
v 9.16321 6.15725 922.012
v 9.28846 5.20399 922.031
v 15.1674 5.86836 910.855
v 14.9481 5.87301 910.638
v 15.1586 6.75059 910.882
v 14.9392 6.75525 910.666
v 14.9463 5.88274 910.329
v 14.9375 6.76498 910.357
v 14.9463 5.88274 910.329
v 15.1631 5.89184 910.11
v 14.9375 6.76498 910.357
v 15.1543 6.77407 910.138
v 15.4716 5.89497 910.109
v 15.4628 6.77721 910.136
v 15.4716 5.89497 910.109
v 15.6909 5.89032 910.325
v 15.4628 6.77721 910.136
v 15.6821 6.77256 910.353
v 15.6927 5.88059 910.634
v 15.6839 6.76283 910.662
v 15.6927 5.88059 910.634
v 15.4758 5.87149 910.853
v 15.6839 6.76283 910.662
v 15.467 6.75373 910.881
v 15.1674 5.86836 910.855
v 15.1586 6.75059 910.882
v 15.4403 6.80524 910.82
v 15.1836 6.80263 910.821
v 15.6207 6.81281 910.638
v 15.6193 6.82091 910.381
v 15.4367 6.82478 910.201
v 15.1801 6.82217 910.202
v 14.9996 6.8146 910.384
v 15.0011 6.80651 910.641
v 15.477 5.80781 910.543
v 15.4763 5.8119 910.414
v 15.3859 5.80399 910.635
v 15.2563 5.80267 910.636
v 15.1642 5.80463 910.545
v 15.1634 5.80871 910.415
v 15.2545 5.81254 910.323
v 15.3841 5.81385 910.323
v 15.4758 5.87149 910.853
v 15.4315 5.79571 910.743
v 15.1674 5.86836 910.855
v 15.2121 5.79347 910.744
v 15.1674 5.86836 910.855
v 15.2121 5.79347 910.744
v 14.9481 5.87301 910.638
v 15.0561 5.79679 910.59
v 14.9481 5.87301 910.638
v 15.0561 5.79679 910.59
v 14.9463 5.88274 910.329
v 15.0548 5.8037 910.371
v 14.9463 5.88274 910.329
v 15.0548 5.8037 910.371
v 15.1631 5.89184 910.11
v 15.2091 5.81018 910.215
v 15.1631 5.89184 910.11
v 15.2091 5.81018 910.215
v 15.4716 5.89497 910.109
v 15.4285 5.81241 910.214
v 15.4716 5.89497 910.109
v 15.4285 5.81241 910.214
v 15.6909 5.89032 910.325
v 15.5845 5.80909 910.368
v 15.6909 5.89032 910.325
v 15.5845 5.80909 910.368
v 15.6927 5.88059 910.634
v 15.5858 5.80218 910.587
v 15.6927 5.88059 910.634
v 15.5858 5.80218 910.587
v 15.4758 5.87149 910.853
v 15.4315 5.79571 910.743
v 15.4315 5.79571 910.743
v 15.4082 5.82068 910.689
v 15.2121 5.79347 910.744
v 15.2343 5.81892 910.69
v 15.0561 5.79679 910.59
v 15.1107 5.82154 910.568
v 15.0548 5.8037 910.371
v 15.1097 5.82702 910.394
v 15.2091 5.81018 910.215
v 15.2319 5.83215 910.271
v 15.4285 5.81241 910.214
v 15.4058 5.83392 910.27
v 15.5845 5.80909 910.368
v 15.5294 5.83129 910.392
v 15.5858 5.80218 910.587
v 15.5304 5.82581 910.566
v 15.6839 6.76283 910.662
v 15.6207 6.81281 910.638
v 15.6821 6.77256 910.353
v 15.6193 6.82091 910.381
v 15.4628 6.77721 910.136
v 15.4367 6.82478 910.201
v 15.4628 6.77721 910.136
v 15.4367 6.82478 910.201
v 15.1543 6.77407 910.138
v 15.1801 6.82217 910.202
v 14.9375 6.76498 910.357
v 14.9996 6.8146 910.384
v 14.9375 6.76498 910.357
v 14.9996 6.8146 910.384
v 14.9392 6.75525 910.666
v 15.0011 6.80651 910.641
v 15.1586 6.75059 910.882
v 15.1836 6.80263 910.821
v 15.1586 6.75059 910.882
v 15.1836 6.80263 910.821
v 15.467 6.75373 910.881
v 15.4403 6.80524 910.82
v 15.6839 6.76283 910.662
v 15.6207 6.81281 910.638
v 20.0919 6.22827 920.249
v 20.0919 6.51842 920.249
v 20.2288 6.22827 920.504
v 20.2288 6.51842 920.504
v 20.2288 6.51842 920.504
v 20.0919 6.51842 920.249
v 20.3431 6.53195 920.371
v 20.2563 6.50452 920.19
v 20.2288 6.22827 920.504
v 20.2288 6.51842 920.504
v 20.3431 6.53195 920.371
v 20.2563 6.50452 920.19
v 20.0919 6.51842 920.249
v 20.0919 6.22827 920.249
v 20.3987 6.1932 920.453
v 20.3133 6.58856 920.051
v 20.5162 6.58856 920.43
v 20.3431 6.53195 920.371
v 20.2288 6.1932 920.136
v 20.2563 6.50452 920.19
v 20.2288 6.1932 920.136
v 20.3657 6.15814 920.023
v 20.3431 6.53195 920.371
v 20.5162 6.58856 920.43
v 20.5686 6.15814 920.402
v 20.2563 6.50452 920.19
v 20.3987 6.1932 920.453
v 20.3133 6.58856 920.051
v 20.3133 6.58856 920.051
v 20.3288 6.56237 920.072
v 20.5162 6.58856 920.43
v 20.5071 6.56237 920.405
v 20.5686 6.15814 920.402
v 20.5531 6.18432 920.381
v 20.3657 6.15814 920.023
v 20.3748 6.18432 920.047
v 20.3288 6.56237 920.072
v 20.5162 6.58856 920.43
v 20.3288 6.56237 920.072
v 20.2823 6.43403 920.242
v 20.5071 6.56237 920.405
v 20.3395 6.43403 920.349
v 20.5531 6.18432 920.381
v 20.3543 6.31267 920.342
v 20.3748 6.18432 920.047
v 20.2971 6.31267 920.235
v 20.3748 6.18432 920.047
v 20.2971 6.31267 920.235
v 20.3288 6.56237 920.072
v 20.2823 6.43403 920.242
v 20.5531 6.18432 920.381
v 20.5071 6.56237 920.405
v 20.3543 6.31267 920.342
v 20.3395 6.43403 920.349
v 20.3395 6.43403 920.349
v 20.2823 6.43403 920.242
v 20.3543 6.31267 920.342
v 20.2971 6.31267 920.235
v 20.695 6.51216 920.002
v 20.2228 6.24305 920.002
v 20.695 6.51216 919.967
v 20.2228 6.24305 919.967
v 20.7103 6.48528 919.949
v 20.2382 6.21617 919.949
v 20.7256 6.4584 919.967
v 20.2535 6.18929 919.967
v 20.7256 6.4584 920.002
v 20.2535 6.18929 920.002
v 20.7103 6.48528 920.02
v 20.2382 6.21617 920.02
v 20.695 6.51216 920.002
v 20.2228 6.24305 920.002
v 20.695 6.51216 920.002
v 20.695 6.51216 919.967
v 20.7256 6.4584 919.967
v 20.7103 6.48528 919.949
v 20.7256 6.4584 920.002
v 20.7103 6.48528 920.02
v 20.2382 6.21617 919.949
v 20.2382 6.21617 920.02
v 20.2535 6.18929 919.967
v 20.2535 6.18929 920.002
v 20.2228 6.24305 919.967
v 20.2228 6.24305 920.002
v 19.886 6.22044 919.864
v 20.6291 6.39239 919.943
v 19.8839 6.22002 919.886
v 20.6281 6.39218 919.954
v 19.8997 6.20814 919.854
v 20.6315 6.38324 919.938
v 20.6329 6.37387 919.943
v 19.9114 6.19542 919.866
v 19.9093 6.195 919.887
v 20.6319 6.37366 919.954
v 20.6294 6.38281 919.96
v 19.8956 6.2073 919.897
v 19.8839 6.22002 919.886
v 20.6281 6.39218 919.954
v 20.6294 6.38281 919.96
v 20.6281 6.39218 919.954
v 20.6319 6.37366 919.954
v 20.6329 6.37387 919.943
v 20.6315 6.38324 919.938
v 20.6291 6.39239 919.943
v 19.8997 6.20814 919.854
v 19.886 6.22044 919.864
v 19.9114 6.19542 919.866
v 19.9093 6.195 919.887
v 19.8839 6.22002 919.886
v 19.8956 6.2073 919.897
v 20.6039 6.50156 920
v 20.5834 6.46972 920.013
v 20.5675 6.50156 919.994
v 20.6221 6.46972 920.002
v 20.6039 6.43788 920
v 20.5675 6.43788 919.994
v 20.5494 6.46972 919.992
v 20.5675 6.43788 919.994
v 20.5757 6.50156 919.938
v 20.6121 6.50156 919.944
v 20.6303 6.46972 919.946
v 20.6121 6.43788 919.944
v 20.5757 6.43788 919.938
v 20.5757 6.43788 919.938
v 20.5575 6.46972 919.936
v 20.6209 6.51336 919.93
v 20.5711 6.51336 919.923
v 20.6458 6.46972 919.934
v 20.6209 6.42608 919.93
v 20.5711 6.42608 919.923
v 20.5461 6.46972 919.919
v 20.5711 6.42608 919.923
v 20.5711 6.51336 919.923
v 20.5784 6.50571 919.903
v 20.6209 6.51336 919.93
v 20.6196 6.50571 919.909
v 20.6458 6.46972 919.934
v 20.6401 6.46972 919.912
v 20.6209 6.42608 919.93
v 20.6196 6.43373 919.909
v 20.5711 6.42608 919.923
v 20.5784 6.43373 919.903
v 20.5711 6.42608 919.923
v 20.5784 6.43373 919.903
v 20.5461 6.46972 919.919
v 20.5579 6.46972 919.9
v 20.6401 6.46972 919.912
v 20.5579 6.46972 919.9
v 20.6196 6.43373 919.909
v 20.6196 6.50571 919.909
v 20.5784 6.50571 919.903
v 20.5579 6.46972 919.9
v 20.5784 6.43373 919.903
v 20.1568 6.16167 919.726
v 20.1545 6.17742 919.736
v 20.1667 6.16167 919.711
v 20.1742 6.17742 919.704
v 20.1719 6.19317 919.714
v 20.162 6.19317 919.73
v 20.162 6.19317 919.73
v 20.084 6.21098 919.68
v 20.1719 6.19317 919.714
v 20.0939 6.21098 919.665
v 20.1742 6.17742 919.704
v 20.0962 6.19523 919.655
v 20.1667 6.16167 919.711
v 20.0887 6.17948 919.661
v 20.1568 6.16167 919.726
v 20.0788 6.17948 919.677
v 20.1545 6.17742 919.736
v 20.0765 6.19523 919.687
v 20.0771 6.24894 919.633
v 20.0479 6.24894 919.679
v 20.0841 6.20242 919.605
v 20.0619 6.1559 919.623
v 20.0257 6.20242 919.697
v 20.0327 6.1559 919.669
v 20.0479 6.24894 919.679
v 20.0292 6.24716 919.663
v 20.0771 6.24894 919.633
v 20.0544 6.24716 919.623
v 20.0841 6.20242 919.605
v 20.0605 6.20691 919.599
v 20.0619 6.1559 919.623
v 20.0413 6.16666 919.615
v 20.0327 6.1559 919.669
v 20.016 6.16666 919.655
v 20.0257 6.20242 919.697
v 20.01 6.20691 919.679
v 20.0605 6.20691 919.599
v 20.01 6.20691 919.679
v 20.016 6.16666 919.655
v 20.0544 6.24716 919.623
v 20.0292 6.24716 919.663
v 20.0413 6.16666 919.615
v 20.1252 6.2235 920.146
v 20.0923 6.35306 920.146
v 19.8731 6.15959 920.146
v 19.9505 6.31711 920.146
v 19.8403 6.28915 920.146
v 19.8564 6.29324 920.146
v 20.0923 6.35306 920.146
v 20.0923 6.35306 920.228
v 19.9505 6.31711 920.146
v 19.9503 6.31705 920.228
v 20.0923 6.35306 920.228
v 20.1252 6.2235 920.228
v 19.9503 6.31705 920.228
v 19.8731 6.15959 920.228
v 19.8403 6.28915 920.228
v 19.8564 6.29325 920.228
v 19.8731 6.15959 920.146
v 19.8403 6.28915 920.146
v 19.8731 6.15959 920.228
v 19.8403 6.28915 920.228
v 20.1252 6.2235 920.228
v 20.0923 6.35306 920.228
v 20.1252 6.2235 920.146
v 20.0923 6.35306 920.146
v 19.8403 6.28915 920.146
v 19.8564 6.29324 920.146
v 19.8403 6.28915 920.228
v 19.8564 6.29325 920.228
v 19.8564 6.29324 920.146
v 19.8619 6.315 920.146
v 19.8564 6.29325 920.228
v 19.8616 6.31493 920.228
v 19.9324 6.33289 920.146
v 19.8564 6.29324 920.146
v 19.8619 6.315 920.146
v 19.9321 6.33282 920.228
v 19.8616 6.31493 920.228
v 19.9505 6.31711 920.146
v 19.9503 6.31705 920.228
v 19.9324 6.33289 920.146
v 19.9321 6.33282 920.228
v 19.8616 6.31493 920.228
v 19.8619 6.315 920.146
v 19.9321 6.33282 920.228
v 19.9324 6.33289 920.146
v 20.1476 6.20504 919.675
v 20.1379 6.24331 919.675
v 19.9096 6.27818 919.675
v 19.9183 6.31161 919.675
v 20.1936 6.22874 919.867
v 19.9183 6.31161 919.867
v 20.1379 6.24331 919.675
v 19.9183 6.31161 919.675
v 20.1936 6.22874 919.867
v 20.1291 6.20988 919.867
v 19.9183 6.31161 919.867
v 19.9096 6.27818 919.867
v 19.9096 6.27818 919.675
v 19.9183 6.31161 919.675
v 19.9096 6.27818 919.867
v 19.9183 6.31161 919.867
v 20.3487 6.16327 919.867
v 20.3575 6.1967 919.867
v 20.3487 6.16327 919.675
v 20.3575 6.1967 919.675
v 20.1379 6.24331 919.675
v 20.3575 6.1967 919.675
v 20.1936 6.22874 919.867
v 20.3575 6.1967 919.867
v 20.3575 6.1967 919.675
v 20.3487 6.16327 919.675
v 20.1291 6.20988 919.867
v 20.1936 6.22874 919.867
v 20.3487 6.16327 919.867
v 20.3575 6.1967 919.867
v 20.2196 6.15747 920.163
v 20.2196 6.19203 920.163
v 20.0059 6.15747 919.763
v 20.0059 6.19203 919.763
v 20.2196 6.19203 920.163
v 20.0509 6.19203 920.253
v 20.0059 6.19203 919.763
v 19.8372 6.19203 919.853
v 20.0509 6.19203 920.253
v 20.0509 6.15747 920.253
v 19.8372 6.19203 919.853
v 19.8372 6.15747 919.853
v 20.0059 6.15747 919.763
v 20.0059 6.19203 919.763
v 19.8372 6.15747 919.853
v 19.8372 6.19203 919.853
v 20.0509 6.15747 920.253
v 20.0509 6.19203 920.253
v 20.2196 6.15747 920.163
v 20.2196 6.19203 920.163
v 20.5905 6.15915 919.619
v 20.6455 6.20715 919.598
v 20.5165 6.22789 919.598
v 20.5165 6.22789 919.598
v 20.496 6.28069 919.748
v 20.3635 6.21505 919.598
v 20.3635 6.271 919.748
v 20.6622 6.21195 919.769
v 20.6785 6.25995 919.748
v 20.8174 6.21195 919.769
v 20.8174 6.27103 919.748
v 20.3635 6.21193 919.769
v 20.3635 6.15915 919.619
v 20.3635 6.271 919.748
v 20.3635 6.21505 919.598
v 20.8174 6.21195 919.769
v 20.8174 6.27103 919.748
v 20.8174 6.15915 919.619
v 20.8174 6.21822 919.598
v 20.6455 6.20715 919.598
v 20.8174 6.21822 919.598
v 20.6785 6.25995 919.748
v 20.8174 6.27103 919.748
v 20.5905 6.15915 919.619
v 20.8174 6.15915 919.619
v 20.6455 6.20715 919.598
v 20.8174 6.21822 919.598
v 20.5165 6.22789 919.598
v 20.3635 6.21505 919.598
v 20.477 6.16751 919.619
v 20.3635 6.15915 919.619
v 20.496 6.28069 919.748
v 20.5165 6.22789 919.598
v 20.6785 6.25995 919.748
v 20.6455 6.20715 919.598
v 20.496 6.28069 919.748
v 20.473 6.22162 919.769
v 20.3635 6.271 919.748
v 20.3635 6.21193 919.769
v 20.473 6.22162 919.769
v 20.496 6.28069 919.748
v 20.6622 6.21195 919.769
v 20.6785 6.25995 919.748
v 20.5905 6.15915 919.619
v 20.5165 6.22789 919.598
v 20.477 6.16751 919.619
v 20.9037 6.15747 919.646
v 20.9037 6.19203 919.646
v 20.553 6.15747 919.935
v 20.553 6.19203 919.935
v 20.9037 6.19203 919.646
v 21.0252 6.19203 919.794
v 20.553 6.19203 919.935
v 20.6746 6.19203 920.082
v 21.0252 6.19203 919.794
v 21.0252 6.15747 919.794
v 20.6746 6.19203 920.082
v 20.6746 6.15747 920.082
v 20.553 6.15747 919.935
v 20.553 6.19203 919.935
v 20.6746 6.15747 920.082
v 20.6746 6.19203 920.082
v 21.0252 6.15747 919.794
v 21.0252 6.19203 919.794
v 20.9037 6.15747 919.646
v 20.9037 6.19203 919.646
v 20.7149 6.19465 919.887
v 20.7222 6.2145 919.881
v 20.4709 6.34925 920.243
v 20.4776 6.35595 920.238
v 20.7222 6.2145 919.881
v 20.7588 6.21364 919.918
v 20.4776 6.35595 920.238
v 20.5142 6.34772 920.275
v 20.7588 6.21364 919.918
v 20.7515 6.19379 919.924
v 20.5142 6.34772 920.275
v 20.5075 6.32787 920.279
v 20.4709 6.34925 920.243
v 20.4776 6.35595 920.238
v 20.5075 6.32787 920.279
v 20.5142 6.34772 920.275
v 20.7515 6.19379 919.924
v 20.7588 6.21364 919.918
v 20.7149 6.19465 919.887
v 20.7222 6.2145 919.881
v 20.56 6.17424 919.956
v 20.5661 6.19625 919.959
v 20.1605 6.27959 919.785
v 20.1666 6.3016 919.787
v 20.5661 6.19625 919.959
v 20.5421 6.19716 920.01
v 20.1666 6.3016 919.787
v 20.1426 6.31252 919.838
v 20.5421 6.19716 920.01
v 20.536 6.17515 920.007
v 20.1426 6.31252 919.838
v 20.1365 6.29052 919.835
v 20.1605 6.27959 919.785
v 20.1666 6.3016 919.787
v 20.1365 6.29052 919.835
v 20.1426 6.31252 919.838
v 20.536 6.17515 920.007
v 20.5421 6.19716 920.01
v 20.56 6.17424 919.956
v 20.5661 6.19625 919.959
v 20.3805 6.25693 919.869
v 20.6261 6.18496 919.863
v 20.3883 6.27464 919.857
v 20.6339 6.20268 919.85
v 20.3883 6.27464 919.857
v 20.6339 6.20268 919.85
v 20.4105 6.33288 919.954
v 20.6561 6.24974 919.948
v 20.6561 6.24974 919.948
v 20.6483 6.23202 919.96
v 20.4105 6.33288 919.954
v 20.4027 6.31516 919.967
v 20.3805 6.25693 919.869
v 20.3883 6.27464 919.857
v 20.4027 6.31516 919.967
v 20.4105 6.33288 919.954
v 20.6483 6.23202 919.96
v 20.6561 6.24974 919.948
v 20.6261 6.18496 919.863
v 20.6339 6.20268 919.85
v 20.0544 6.27648 919.767
v 20.4815 6.17422 919.849
v 20.0608 6.29849 919.768
v 20.488 6.19623 919.85
v 20.488 6.19623 919.85
v 20.4754 6.19714 919.905
v 20.0608 6.29849 919.768
v 20.0483 6.2994 919.823
v 20.4754 6.19714 919.905
v 20.4689 6.17513 919.904
v 20.0483 6.2994 919.823
v 20.0418 6.27739 919.822
v 20.0544 6.27648 919.767
v 20.0608 6.29849 919.768
v 20.0418 6.27739 919.822
v 20.0483 6.2994 919.823
v 20.4689 6.17513 919.904
v 20.4754 6.19714 919.905
v 20.4815 6.17422 919.849
v 20.488 6.19623 919.85
v 20.6333 6.17272 919.814
v 20.6363 6.19549 919.814
v 20.1914 6.23287 919.729
v 20.1944 6.25564 919.73
v 20.6363 6.19549 919.814
v 20.6237 6.19591 919.869
v 20.1944 6.25564 919.73
v 20.1817 6.25606 919.784
v 20.6237 6.19591 919.869
v 20.6207 6.17314 919.868
v 20.1817 6.25606 919.784
v 20.1787 6.23329 919.784
v 20.1914 6.23287 919.729
v 20.1944 6.25564 919.73
v 20.1787 6.23329 919.784
v 20.1817 6.25606 919.784
v 20.6207 6.17314 919.868
v 20.6237 6.19591 919.869
v 20.6333 6.17272 919.814
v 20.6363 6.19549 919.814
v 20.5363 6.26052 920.367
v 20.5581 6.29334 920.364
v 20.7618 6.23425 920.471
v 20.7664 6.26676 920.461
v 20.5854 6.22767 920.177
v 20.8455 6.20538 920.299
v 20.5581 6.29334 920.364
v 20.7664 6.26676 920.461
v 20.5854 6.22767 920.177
v 20.6326 6.19608 920.213
v 20.8455 6.20538 920.299
v 20.8409 6.17287 920.31
v 20.5363 6.26052 920.367
v 20.7618 6.23425 920.471
v 20.6326 6.19608 920.213
v 20.8409 6.17287 920.31
v 20.7618 6.23425 920.471
v 20.7664 6.26676 920.461
v 20.8409 6.17287 920.31
v 20.8455 6.20538 920.299
v 20.4321 6.20235 920.113
v 20.4367 6.23487 920.102
v 20.3529 6.2671 920.274
v 20.3575 6.29961 920.263
v 20.5581 6.29334 920.364
v 20.3575 6.29961 920.263
v 20.5854 6.22767 920.177
v 20.4367 6.23487 920.102
v 20.5581 6.29334 920.364
v 20.5363 6.26052 920.367
v 20.3575 6.29961 920.263
v 20.3529 6.2671 920.274
v 20.6326 6.19608 920.213
v 20.4321 6.20235 920.113
v 20.5363 6.26052 920.367
v 20.3529 6.2671 920.274
v 20.6326 6.19608 920.213
v 20.5854 6.22767 920.177
v 20.4321 6.20235 920.113
v 20.4367 6.23487 920.102
v 20.6199 6.18793 920.128
v 20.7772 6.15879 920.03
v 20.6585 6.1974 920.081
v 20.7772 6.18479 920.007
v 20.6585 6.1974 920.081
v 20.7772 6.18479 920.007
v 20.8325 6.33039 920.252
v 20.9505 6.281 920.183
v 20.8068 6.30647 920.289
v 20.8325 6.33039 920.252
v 20.9505 6.25501 920.206
v 20.9505 6.281 920.183
v 20.6199 6.18793 920.128
v 20.8068 6.30647 920.289
v 20.7772 6.15879 920.03
v 20.9505 6.25501 920.206
v 20.5042 6.24906 920.199
v 20.5042 6.27505 920.177
v 20.6632 6.38815 920.358
v 20.6632 6.41414 920.335
v 20.9505 6.25501 920.206
v 20.9505 6.281 920.183
v 20.7772 6.15879 920.03
v 20.7772 6.18479 920.007
v 20.8325 6.33039 920.252
v 20.6632 6.41414 920.335
v 20.6585 6.1974 920.081
v 20.5042 6.27505 920.177
v 20.8325 6.33039 920.252
v 20.8068 6.30647 920.289
v 20.6632 6.41414 920.335
v 20.6632 6.38815 920.358
v 20.8068 6.30647 920.289
v 20.6199 6.18793 920.128
v 20.6632 6.38815 920.358
v 20.5042 6.24906 920.199
v 20.6585 6.1974 920.081
v 20.5042 6.27505 920.177
v 20.6199 6.18793 920.128
v 20.5042 6.24906 920.199
v 20.5619 6.33386 920.32
v 20.9509 6.15646 920.22
v 20.5749 6.35245 920.317
v 20.964 6.17505 920.217
v 20.964 6.17505 920.217
v 20.9703 6.1813 920.272
v 20.5749 6.35245 920.317
v 20.5813 6.3587 920.372
v 20.9703 6.1813 920.272
v 20.9573 6.16272 920.276
v 20.5813 6.3587 920.372
v 20.5682 6.34012 920.375
v 20.5682 6.34012 920.375
v 20.9573 6.16272 920.276
v 20.5619 6.33386 920.32
v 20.9509 6.15646 920.22
v 20.5619 6.33386 920.32
v 20.5749 6.35245 920.317
v 20.5682 6.34012 920.375
v 20.5813 6.3587 920.372
v 20.9573 6.16272 920.276
v 20.9703 6.1813 920.272
v 20.9509 6.15646 920.22
v 20.964 6.17505 920.217
v 20.3853 6.35799 921.048
v 20.4263 6.07074 921.048
v 20.2499 6.33868 921.304
v 20.2908 6.05143 921.304
v 20.2908 6.05143 921.304
v 20.4263 6.07074 921.048
v 20.1796 6.02191 921.17
v 20.2616 6.06131 920.989
v 20.2499 6.33868 921.304
v 20.2908 6.05143 921.304
v 20.1796 6.02191 921.17
v 20.2616 6.06131 920.989
v 20.4263 6.07074 921.048
v 20.3853 6.35799 921.048
v 20.0767 6.34941 921.253
v 20.2171 5.97008 920.85
v 20.0161 5.94143 921.229
v 20.1796 6.02191 921.17
v 20.2449 6.37339 920.935
v 20.2616 6.06131 920.989
v 20.2449 6.37339 920.935
v 20.1044 6.38879 920.822
v 20.1796 6.02191 921.17
v 20.0161 5.94143 921.229
v 19.9035 6.36015 921.201
v 20.2616 6.06131 920.989
v 20.0767 6.34941 921.253
v 20.2171 5.97008 920.85
v 20.2171 5.97008 920.85
v 20.198 5.9938 920.871
v 20.0161 5.94143 921.229
v 20.0215 5.96865 921.205
v 19.9035 6.36015 921.201
v 19.9226 6.33642 921.18
v 20.1044 6.38879 920.822
v 20.0991 6.36158 920.847
v 20.198 5.9938 920.871
v 20.0161 5.94143 921.229
v 20.198 5.9938 920.871
v 20.2259 6.12743 921.042
v 20.0215 5.96865 921.205
v 20.1692 6.11935 921.149
v 19.9226 6.33642 921.18
v 20.1375 6.23741 921.141
v 20.0991 6.36158 920.847
v 20.1941 6.24549 921.034
v 20.0991 6.36158 920.847
v 20.1941 6.24549 921.034
v 20.198 5.9938 920.871
v 20.2259 6.12743 921.042
v 19.9226 6.33642 921.18
v 20.0215 5.96865 921.205
v 20.1375 6.23741 921.141
v 20.1692 6.11935 921.149
v 20.1692 6.11935 921.149
v 20.2259 6.12743 921.042
v 20.1375 6.23741 921.141
v 20.1941 6.24549 921.034
v 19.8284 5.99184 920.802
v 20.2578 6.32489 920.802
v 19.8284 5.99184 920.766
v 20.2578 6.32489 920.766
v 19.8094 6.01629 920.748
v 20.2389 6.34934 920.748
v 19.7905 6.04074 920.766
v 20.2199 6.37378 920.766
v 19.7905 6.04074 920.802
v 20.2199 6.37378 920.802
v 19.8094 6.01629 920.819
v 20.2389 6.34934 920.819
v 19.8284 5.99184 920.802
v 20.2578 6.32489 920.802
v 19.8284 5.99184 920.802
v 19.8284 5.99184 920.766
v 19.7905 6.04074 920.766
v 19.8094 6.01629 920.748
v 19.7905 6.04074 920.802
v 19.8094 6.01629 920.819
v 20.2389 6.34934 920.748
v 20.2389 6.34934 920.819
v 20.2199 6.37378 920.766
v 20.2199 6.37378 920.802
v 20.2578 6.32489 920.766
v 20.2578 6.32489 920.802
v 20.5881 6.39481 920.663
v 19.8767 6.11971 920.743
v 20.5901 6.39552 920.685
v 19.8777 6.12006 920.754
v 20.5728 6.40504 920.653
v 19.873 6.12843 920.737
v 19.8703 6.13751 920.743
v 20.5594 6.41599 920.665
v 20.5614 6.4167 920.687
v 19.8713 6.13787 920.754
v 19.875 6.12914 920.759
v 20.5768 6.40646 920.697
v 20.5901 6.39552 920.685
v 19.8777 6.12006 920.754
v 19.875 6.12914 920.759
v 19.8777 6.12006 920.754
v 19.8713 6.13787 920.754
v 19.8703 6.13751 920.743
v 19.873 6.12843 920.737
v 19.8767 6.11971 920.743
v 20.5728 6.40504 920.653
v 20.5881 6.39481 920.663
v 20.5594 6.41599 920.665
v 20.5614 6.4167 920.687
v 20.5901 6.39552 920.685
v 20.5768 6.40646 920.697
v 19.917 6.01519 920.799
v 19.9329 6.0496 920.812
v 19.953 6.02032 920.794
v 19.8945 6.04414 920.802
v 19.908 6.07823 920.799
v 19.9441 6.08336 920.794
v 19.9666 6.05441 920.791
v 19.9441 6.08336 920.794
v 19.945 6.01917 920.738
v 19.9089 6.01403 920.743
v 19.8864 6.04299 920.746
v 19.8999 6.07707 920.743
v 19.936 6.08221 920.738
v 19.936 6.08221 920.738
v 19.9585 6.05325 920.735
v 19.9019 6.00111 920.73
v 19.9512 6.00814 920.722
v 19.871 6.04079 920.733
v 19.8896 6.08751 920.73
v 19.9389 6.09454 920.722
v 19.9697 6.05486 920.719
v 19.9389 6.09454 920.722
v 19.9512 6.00814 920.722
v 19.9429 6.01467 920.703
v 19.9019 6.00111 920.73
v 19.9021 6.00887 920.708
v 19.871 6.04079 920.733
v 19.8767 6.0416 920.712
v 19.8896 6.08751 920.73
v 19.892 6.08013 920.708
v 19.9389 6.09454 920.722
v 19.9327 6.08594 920.703
v 19.9389 6.09454 920.722
v 19.9327 6.08594 920.703
v 19.9697 6.05486 920.719
v 19.9581 6.05321 920.7
v 19.8767 6.0416 920.712
v 19.9581 6.05321 920.7
v 19.892 6.08013 920.708
v 19.9021 6.00887 920.708
v 19.9429 6.01467 920.703
v 19.9581 6.05321 920.7
v 19.9327 6.08594 920.703
v 20.3117 6.41476 920.526
v 20.3162 6.3995 920.535
v 20.3019 6.41337 920.51
v 20.2967 6.39671 920.504
v 20.3012 6.38146 920.513
v 20.311 6.38285 920.529
v 20.311 6.38285 920.529
v 20.3908 6.37623 920.48
v 20.3012 6.38146 920.513
v 20.381 6.37483 920.464
v 20.2967 6.39671 920.504
v 20.3764 6.39009 920.455
v 20.3019 6.41337 920.51
v 20.3816 6.40674 920.461
v 20.3117 6.41476 920.526
v 20.3914 6.40814 920.476
v 20.3162 6.3995 920.535
v 20.396 6.39288 920.486
v 20.403 6.33962 920.432
v 20.4319 6.34374 920.478
v 20.3895 6.38469 920.404
v 20.4049 6.43388 920.422
v 20.4473 6.39293 920.497
v 20.4338 6.438 920.469
v 20.4319 6.34374 920.478
v 20.4501 6.34815 920.462
v 20.403 6.33962 920.432
v 20.4251 6.34459 920.422
v 20.3895 6.38469 920.404
v 20.4135 6.38358 920.398
v 20.4049 6.43388 920.422
v 20.4268 6.42614 920.414
v 20.4338 6.438 920.469
v 20.4518 6.4297 920.454
v 20.4473 6.39293 920.497
v 20.4634 6.39071 920.478
v 20.4135 6.38358 920.398
v 20.4634 6.39071 920.478
v 20.4518 6.4297 920.454
v 20.4251 6.34459 920.422
v 20.4501 6.34815 920.462
v 20.4268 6.42614 920.414
v 20.3518 6.35802 920.945
v 20.4026 6.2344 920.945
v 20.5922 6.45686 920.945
v 20.5379 6.29 920.945
v 20.643 6.33323 920.945
v 20.6276 6.3269 920.945
v 20.4026 6.2344 920.945
v 20.4026 6.2344 921.027
v 20.5379 6.29 920.945
v 20.5381 6.29009 921.027
v 20.4026 6.2344 921.027
v 20.3518 6.35802 921.027
v 20.5381 6.29009 921.027
v 20.5922 6.45686 921.027
v 20.643 6.33323 921.027
v 20.6276 6.3269 921.027
v 20.5922 6.45686 920.945
v 20.643 6.33323 920.945
v 20.5922 6.45686 921.027
v 20.643 6.33323 921.027
v 20.3518 6.35802 921.027
v 20.4026 6.2344 921.027
v 20.3518 6.35802 920.945
v 20.4026 6.2344 920.945
v 20.643 6.33323 920.945
v 20.6276 6.3269 920.945
v 20.643 6.33323 921.027
v 20.6276 6.3269 921.027
v 20.6276 6.3269 920.945
v 20.6253 6.30459 920.945
v 20.6276 6.3269 921.027
v 20.6256 6.3047 921.027
v 20.558 6.27694 920.945
v 20.6276 6.3269 920.945
v 20.6253 6.30459 920.945
v 20.5583 6.27703 921.027
v 20.6256 6.3047 921.027
v 20.5379 6.29 920.945
v 20.5381 6.29009 921.027
v 20.558 6.27694 920.945
v 20.5583 6.27703 921.027
v 20.6256 6.3047 921.027
v 20.6253 6.30459 920.945
v 20.5583 6.27703 921.027
v 20.558 6.27694 920.945
v 20.3269 6.37313 920.474
v 20.342 6.33661 920.474
v 20.5729 6.33432 920.474
v 20.569 6.29999 920.474
v 20.2848 6.34318 920.666
v 20.569 6.29999 920.666
v 20.342 6.33661 920.474
v 20.569 6.29999 920.474
v 20.2848 6.34318 920.666
v 20.3459 6.37094 920.666
v 20.569 6.29999 920.666
v 20.5729 6.33432 920.666
v 20.5729 6.33432 920.474
v 20.569 6.29999 920.474
v 20.5729 6.33432 920.666
v 20.569 6.29999 920.666
v 20.1219 6.3861 920.666
v 20.118 6.35177 920.666
v 20.1219 6.3861 920.474
v 20.118 6.35177 920.474
v 20.342 6.33661 920.474
v 20.118 6.35177 920.474
v 20.2848 6.34318 920.666
v 20.118 6.35177 920.666
v 20.118 6.35177 920.474
v 20.1219 6.3861 920.474
v 20.3459 6.37094 920.666
v 20.2848 6.34318 920.666
v 20.1219 6.3861 920.666
v 20.118 6.35177 920.666
v 20.2489 6.41006 920.962
v 20.2538 6.37584 920.962
v 20.4605 6.44021 920.562
v 20.4653 6.406 920.562
v 20.2538 6.37584 920.962
v 20.4209 6.39966 921.052
v 20.4653 6.406 920.562
v 20.6324 6.42982 920.652
v 20.4209 6.39966 921.052
v 20.416 6.43387 921.052
v 20.6324 6.42982 920.652
v 20.6276 6.46403 920.652
v 20.4605 6.44021 920.562
v 20.4653 6.406 920.562
v 20.6276 6.46403 920.652
v 20.6324 6.42982 920.652
v 20.416 6.43387 921.052
v 20.4209 6.39966 921.052
v 20.2489 6.41006 920.962
v 20.2538 6.37584 920.962
v 19.882 6.35607 920.418
v 19.8343 6.30078 920.397
v 19.965 6.29845 920.397
v 19.965 6.29845 920.397
v 19.9927 6.24906 920.547
v 20.1146 6.33276 920.397
v 20.1225 6.27737 920.547
v 19.8185 6.29367 920.568
v 19.8091 6.24384 920.547
v 19.6648 6.27176 920.568
v 19.6731 6.21328 920.547
v 20.1142 6.33585 920.568
v 20.1067 6.3881 920.418
v 20.1225 6.27737 920.547
v 20.1146 6.33276 920.397
v 19.6648 6.27176 920.568
v 19.6731 6.21328 920.547
v 19.6573 6.32404 920.418
v 19.6657 6.26555 920.397
v 19.8343 6.30078 920.397
v 19.6657 6.26555 920.397
v 19.8091 6.24384 920.547
v 19.6731 6.21328 920.547
v 19.882 6.35607 920.418
v 19.6573 6.32404 920.418
v 19.8343 6.30078 920.397
v 19.6657 6.26555 920.397
v 19.965 6.29845 920.397
v 20.1146 6.33276 920.397
v 19.9956 6.3638 920.418
v 20.1067 6.3881 920.418
v 19.9927 6.24906 920.547
v 19.965 6.29845 920.397
v 19.8091 6.24384 920.547
v 19.8343 6.30078 920.397
v 19.9927 6.24906 920.547
v 20.0072 6.31081 920.568
v 20.1225 6.27737 920.547
v 20.1142 6.33585 920.568
v 20.0072 6.31081 920.568
v 19.9927 6.24906 920.547
v 19.8185 6.29367 920.568
v 19.8091 6.24384 920.547
v 19.882 6.35607 920.418
v 19.965 6.29845 920.397
v 19.9956 6.3638 920.418
v 19.5717 6.31353 920.446
v 19.5766 6.27931 920.446
v 19.9188 6.36301 920.734
v 19.9237 6.32879 920.734
v 19.5766 6.27931 920.446
v 19.4563 6.26217 920.593
v 19.9237 6.32879 920.734
v 19.8034 6.31165 920.882
v 19.4563 6.26217 920.593
v 19.4514 6.29638 920.593
v 19.8034 6.31165 920.882
v 19.7986 6.34586 920.882
v 19.9188 6.36301 920.734
v 19.9237 6.32879 920.734
v 19.7986 6.34586 920.882
v 19.8034 6.31165 920.882
v 19.4514 6.29638 920.593
v 19.4563 6.26217 920.593
v 19.5717 6.31353 920.446
v 19.5766 6.27931 920.446
v 19.7639 6.30336 920.687
v 19.7594 6.28268 920.68
v 20.0272 6.18474 921.042
v 20.0215 6.17716 921.038
v 19.7594 6.28268 920.68
v 19.7231 6.27836 920.717
v 20.0215 6.17716 921.038
v 19.9841 6.18015 921.074
v 19.7231 6.27836 920.717
v 19.7275 6.29905 920.723
v 19.9841 6.18015 921.074
v 19.988 6.20075 921.079
v 20.0272 6.18474 921.042
v 20.0215 6.17716 921.038
v 19.988 6.20075 921.079
v 19.9841 6.18015 921.074
v 19.7275 6.29905 920.723
v 19.7231 6.27836 920.717
v 19.7639 6.30336 920.687
v 19.7594 6.28268 920.68
v 19.9144 6.34543 920.756
v 19.9114 6.32278 920.758
v 20.3247 6.29751 920.584
v 20.3218 6.27486 920.586
v 19.9114 6.32278 920.758
v 19.9353 6.32527 920.809
v 20.3218 6.27486 920.586
v 20.3471 6.26743 920.637
v 19.9353 6.32527 920.809
v 19.9382 6.34792 920.806
v 20.3471 6.26743 920.637
v 20.35 6.29008 920.634
v 20.3247 6.29751 920.584
v 20.3218 6.27486 920.586
v 20.35 6.29008 920.634
v 20.3471 6.26743 920.637
v 19.9382 6.34792 920.806
v 19.9353 6.32527 920.809
v 19.9144 6.34543 920.756
v 19.9114 6.32278 920.758
v 20.1037 6.2889 920.668
v 19.8504 6.32549 920.662
v 20.0984 6.27025 920.656
v 19.8452 6.30685 920.65
v 20.0984 6.27025 920.656
v 19.8452 6.30685 920.65
v 20.0847 6.20947 920.754
v 19.8298 6.25712 920.747
v 19.8298 6.25712 920.747
v 19.8351 6.27576 920.76
v 20.0847 6.20947 920.754
v 20.0899 6.22811 920.766
v 20.1037 6.2889 920.668
v 20.0984 6.27025 920.656
v 20.0899 6.22811 920.766
v 20.0847 6.20947 920.754
v 19.8351 6.27576 920.76
v 19.8298 6.25712 920.747
v 19.8504 6.32549 920.662
v 19.8452 6.30685 920.65
v 20.4293 6.31557 920.566
v 19.992 6.35652 920.648
v 20.426 6.29286 920.568
v 19.9887 6.33382 920.649
v 19.9887 6.33382 920.649
v 20.0013 6.3347 920.704
v 20.426 6.29286 920.568
v 20.4386 6.29374 920.622
v 20.0013 6.3347 920.704
v 20.0046 6.3574 920.703
v 20.4386 6.29374 920.622
v 20.4419 6.31644 920.621
v 20.4293 6.31557 920.566
v 20.426 6.29286 920.568
v 20.4419 6.31644 920.621
v 20.4386 6.29374 920.622
v 20.0046 6.3574 920.703
v 20.0013 6.3347 920.704
v 19.992 6.35652 920.648
v 19.9887 6.33382 920.649
v 19.8415 6.33659 920.613
v 19.8418 6.31362 920.614
v 20.2875 6.3394 920.529
v 20.2878 6.31643 920.529
v 19.8418 6.31362 920.614
v 19.8544 6.31499 920.668
v 20.2878 6.31643 920.529
v 20.3004 6.3178 920.583
v 19.8544 6.31499 920.668
v 19.8541 6.33796 920.668
v 20.3004 6.3178 920.583
v 20.3001 6.34077 920.583
v 20.2875 6.3394 920.529
v 20.2878 6.31643 920.529
v 20.3001 6.34077 920.583
v 20.3004 6.3178 920.583
v 19.8541 6.33796 920.668
v 19.8544 6.31499 920.668
v 19.8415 6.33659 920.613
v 19.8418 6.31362 920.614
v 19.95 6.26336 921.166
v 19.933 6.22778 921.163
v 19.723 6.25754 921.271
v 19.7231 6.2247 921.26
v 19.8967 6.28895 920.977
v 19.6361 6.27431 921.098
v 19.933 6.22778 921.163
v 19.7231 6.2247 921.26
v 19.8967 6.28895 920.977
v 19.8455 6.31356 921.013
v 19.6361 6.27431 921.098
v 19.636 6.30714 921.109
v 19.95 6.26336 921.166
v 19.723 6.25754 921.271
v 19.8455 6.31356 921.013
v 19.636 6.30714 921.109
v 19.723 6.25754 921.271
v 19.7231 6.2247 921.26
v 19.636 6.30714 921.109
v 19.6361 6.27431 921.098
v 20.045 6.33565 920.912
v 20.045 6.30281 920.901
v 20.1324 6.28272 921.074
v 20.1324 6.24988 921.063
v 19.933 6.22778 921.163
v 20.1324 6.24988 921.063
v 19.8967 6.28895 920.977
v 20.045 6.30281 920.901
v 19.933 6.22778 921.163
v 19.95 6.26336 921.166
v 20.1324 6.24988 921.063
v 20.1324 6.28272 921.074
v 19.8455 6.31356 921.013
v 20.045 6.33565 920.912
v 19.95 6.26336 921.166
v 20.1324 6.28272 921.074
v 19.8455 6.31356 921.013
v 19.8967 6.28895 920.977
v 20.045 6.33565 920.912
v 20.045 6.30281 920.901
v 19.857 6.32343 920.927
v 19.6971 6.33007 920.829
v 19.8201 6.3086 920.88
v 19.7008 6.30434 920.807
v 19.8201 6.3086 920.88
v 19.7008 6.30434 920.807
v 19.6666 6.15239 921.052
v 19.5428 6.18463 920.983
v 19.6886 6.17969 921.088
v 19.6666 6.15239 921.052
v 19.5392 6.21036 921.005
v 19.5428 6.18463 920.983
v 19.857 6.32343 920.927
v 19.6886 6.17969 921.088
v 19.6971 6.33007 920.829
v 19.5392 6.21036 921.005
v 19.9801 6.27923 920.999
v 19.9838 6.25349 920.976
v 19.8424 6.1191 921.157
v 19.8461 6.09337 921.135
v 19.5392 6.21036 921.005
v 19.5428 6.18463 920.983
v 19.6971 6.33007 920.829
v 19.7008 6.30434 920.807
v 19.6666 6.15239 921.052
v 19.8461 6.09337 921.135
v 19.8201 6.3086 920.88
v 19.9838 6.25349 920.976
v 19.6666 6.15239 921.052
v 19.6886 6.17969 921.088
v 19.8461 6.09337 921.135
v 19.8424 6.1191 921.157
v 19.6886 6.17969 921.088
v 19.857 6.32343 920.927
v 19.8424 6.1191 921.157
v 19.9801 6.27923 920.999
v 19.8201 6.3086 920.88
v 19.9838 6.25349 920.976
v 19.857 6.32343 920.927
v 19.9801 6.27923 920.999
v 19.9349 6.18713 921.119
v 19.5248 6.30786 921.02
v 19.9247 6.16689 921.116
v 19.5145 6.28762 921.016
v 19.5145 6.28762 921.016
v 19.5092 6.28054 921.071
v 19.9247 6.16689 921.116
v 19.9193 6.15981 921.171
v 19.5092 6.28054 921.071
v 19.5194 6.30077 921.075
v 19.9193 6.15981 921.171
v 19.9296 6.18005 921.175
v 19.9296 6.18005 921.175
v 19.5194 6.30077 921.075
v 19.9349 6.18713 921.119
v 19.5248 6.30786 921.02
v 19.9349 6.18713 921.119
v 19.9247 6.16689 921.116
v 19.9296 6.18005 921.175
v 19.9193 6.15981 921.171
v 19.5194 6.30077 921.075
v 19.5092 6.28054 921.071
v 19.5248 6.30786 921.02
v 19.5145 6.28762 921.016
v 19.352 8.3651 922.777
v 19.2739 4.28571 922.751
v 19.3378 7.8932 922.383
v 19.4798 7.5929 922.041
v 19.6888 7.45347 921.721
v 19.6233 4.40861 921.699
v 20.2843 8.51674 923.086
v 20.447 8.04484 922.751
v 20.2643 6.5991 923.198
v 20.5816 7.74454 922.407
v 20.5926 3.97927 922.021
v 20.4313 4.07803 922.462
v 20.5008 6.22077 922.137
v 20.3333 3.90121 923.103
v 20.6337 7.60511 922.035
v 20.3333 3.90121 923.103
v 19.8536 4.25552 922.943
v 20.2643 6.5991 923.198
v 20.2843 8.51674 923.086
v 19.9525 8.42575 922.914
v 19.352 8.3651 922.777
v 19.5742 8.33477 922.881
v 19.2739 4.28571 922.751
v 20.5926 3.97927 922.021
v 20.5008 6.22077 922.137
v 20.0826 4.19394 921.936
v 20.6337 7.60511 922.035
v 20.2707 7.51413 921.956
v 19.6233 4.40861 921.699
v 19.6888 7.45347 921.721
v 19.947 7.42314 921.759
v 19.479 4.78657 922.368
v 18.5793 5.0463 922.355
v 19.479 6.08452 922.368
v 17.1446 5.21881 921.593
v 17.3008 5.82518 921.645
v 18.1735 6.52498 921.861
v 18.6478 6.82876 922.175
v 19.479 6.52214 922.368
v 17.0561 5.21881 921.297
v 18.6589 5.0463 922.115
v 17.3805 5.82518 921.406
v 18.2532 6.52498 921.621
v 19.5587 4.78657 922.128
v 19.5587 6.08452 922.128
v 18.7275 6.66077 921.935
v 19.5587 6.6421 922.128
v 19.8048 7.45428 922.149
v 19.4798 7.5929 922.041
v 19.947 7.42314 921.759
v 19.6888 7.45347 921.721
v 19.6883 7.86287 922.499
v 19.3378 7.8932 922.383
v 19.352 8.3651 922.777
v 19.5742 8.33477 922.881
v 20.2707 7.51413 921.956
v 20.1553 7.65355 922.265
v 20.0388 8.07217 922.616
v 19.9525 8.42575 922.914
v 20.5816 7.74454 922.407
v 20.6337 7.60511 922.035
v 20.447 8.04484 922.751
v 20.2843 8.51674 923.086
v 19.8536 4.25552 922.943
v 19.9091 4.3357 922.42
v 19.2739 4.28571 922.751
v 19.6233 4.40861 921.699
v 20.0826 4.19394 921.936
v 20.5926 3.97927 922.021
v 20.4313 4.07803 922.462
v 20.3333 3.90121 923.103
v 17.1143 5.21881 921.449
v 17.0561 5.21881 921.297
v 17.3406 5.91123 921.526
v 17.3805 5.82518 921.406
v 17.3008 5.82518 921.645
v 17.1446 5.21881 921.593
v 18.2532 6.52498 921.621
v 18.2133 6.48817 921.741
v 18.1735 6.52498 921.861
v 18.6877 6.81052 922.055
v 18.7275 6.66077 921.935
v 18.6478 6.82876 922.175
v 19.5587 6.6421 922.128
v 19.5189 6.6421 922.248
v 19.479 6.52214 922.368
v 19.5587 4.78657 922.128
v 18.6589 5.0463 922.115
v 19.479 4.78657 922.368
v 18.5793 5.0463 922.355
v 17.0561 5.21881 921.297
v 17.1143 5.21881 921.449
v 17.1446 5.21881 921.593
v 20.4672 8.60109 922.612
v 20.3484 8.63107 922.524
v 20.4688 8.60826 922.436
v 20.3134 8.76462 922.384
v 20.2157 8.85282 922.529
v 20.3112 8.75718 922.67
v 19.8263 10.1482 922.412
v 19.7701 10.0706 922.342
v 19.953 10.0483 922.339
v 19.8417 10.0028 922.267
v 19.913 9.9859 922.274
v 20.3587 7.25049 922.576
v 20.4672 8.60109 922.612
v 20.36 7.25509 922.4
v 20.4688 8.60826 922.436
v 20.3134 8.76462 922.384
v 20.1933 7.26997 922.345
v 20.2157 8.85282 922.529
v 20.0889 7.27457 922.487
v 20.3112 8.75718 922.67
v 20.1911 7.26253 922.63
v 20.4672 8.60109 922.612
v 20.3587 7.25049 922.576
v 20.1397 7.43514 922.568
v 20.0634 8.90408 922.637
v 20.14 7.44028 922.48
v 20.0757 8.89263 922.532
v 20.0564 7.4367 922.452
v 19.9807 8.88323 922.521
v 19.8952 8.94269 922.585
v 20.0045 7.42935 922.523
v 20.0559 7.42838 922.594
v 19.9413 8.92907 922.706
v 19.953 10.0483 922.339
v 19.913 9.9859 922.274
v 19.8417 10.0028 922.267
v 19.7701 10.0706 922.342
v 19.8263 10.1482 922.412
v 19.8263 10.1482 922.412
v 15.8752 14.7637 895.016
v 15.7854 14.8118 895.066
v 15.8616 15.531 894.665
v 15.7759 15.5649 894.709
v 15.8532 14.7066 894.939
v 15.8383 15.4941 894.569
v 15.7393 15.5068 894.558
v 15.748 14.7025 894.893
v 15.6664 14.7447 894.95
v 15.6796 15.5392 894.605
v 15.6866 14.8003 895.04
v 15.6979 15.5682 894.681
v 15.7759 15.5649 894.709
v 15.7854 14.8118 895.066
v 15.7223 16.5429 894.445
v 15.7612 16.5218 894.414
v 15.7342 16.5619 894.495
v 15.812 16.5196 894.433
v 15.785 16.5598 894.513
v 15.824 16.5386 894.482
v 15.785 16.5598 894.513
v 15.824 16.5386 894.482
v 15.812 16.5196 894.433
v 15.7612 16.5218 894.414
v 15.7223 16.5429 894.445
v 15.7342 16.5619 894.495
v 15.785 16.5598 894.513
v 15.7622 14.0499 895.427
v 15.7517 14.3014 895.44
v 15.915 14.4128 895.414
v 16.0182 14.3256 895.397
v 15.915 14.4128 895.414
v 16.0237 14.1109 895.407
v 15.888 13.8646 895.423
v 15.9157 11.9192 895.898
v 15.8375 12.3769 895.884
v 16.236 12.0309 895.812
v 16.0912 12.4579 895.798
v 16.0961 12.4435 895.518
v 16.1843 11.9844 895.543
v 16.0912 12.4579 895.798
v 16.236 12.0309 895.812
v 15.8348 11.8944 895.457
v 15.8454 12.3535 895.432
v 15.675 11.8533 895.683
v 15.6856 12.3124 895.658
v 16.6574 19.8682 895.888
v 16.6204 19.8525 895.832
v 16.7193 19.8879 895.866
v 16.7205 19.8844 895.798
v 16.6594 19.8625 895.777
v 15.8824 13.8808 895.738
v 16.0589 13.9372 895.678
v 16.0589 13.9372 895.678
v 16.0623 13.9271 895.483
v 15.888 13.8646 895.423
v 15.7768 13.836 895.581
v 16.278 16.061 895.848
v 16.4042 16.1013 895.805
v 16.1437 14.4098 895.434
v 15.8362 14.3678 895.593
v 16.2025 16.029 895.735
v 16.7193 19.8879 895.866
v 16.6574 19.8682 895.888
v 16.4066 16.0941 895.666
v 16.4042 16.1013 895.805
v 16.7205 19.8844 895.798
v 16.7193 19.8879 895.866
v 16.282 16.0494 895.623
v 16.6594 19.8625 895.777
v 16.6204 19.8525 895.832
v 16.4974 11.8578 895.961
v 16.5102 11.7505 895.827
v 16.1014 11.3696 896.054
v 16.2686 11.3522 895.763
v 16.1623 11.6735 896.155
v 16.0913 11.9037 895.979
v 16.3977 11.998 895.951
v 19.1438 16.2829 895.26
v 19.0853 16.2793 895.257
v 19.177 16.2674 895.215
v 19.0602 16.26 895.207
v 19.1519 16.2482 895.165
v 19.0934 16.2445 895.162
v 16.5102 11.7505 895.827
v 16.4974 11.8578 895.961
v 17.7099 12.717 895.566
v 17.6708 12.771 895.673
v 16.4233 11.7836 895.682
v 16.5102 11.7505 895.827
v 17.6613 12.7533 895.455
v 17.7099 12.717 895.566
v 16.342 11.9684 895.634
v 17.5736 12.8435 895.452
v 16.236 12.0309 895.812
v 17.5346 12.8976 895.559
v 17.5832 12.8613 895.669
v 16.3977 11.998 895.951
v 18.541 14.1569 895.369
v 18.5043 14.1887 895.429
v 18.541 14.1569 895.369
v 18.502 14.1417 895.303
v 18.4265 14.1583 895.298
v 18.3899 14.1901 895.359
v 18.4288 14.2053 895.424
v 15.7668 11.4044 896.054
v 16.1014 11.3696 896.054
v 15.9365 10.0805 896.053
v 16.271 10.0994 896.053
v 16.271 10.0994 896.053
v 16.4383 10.1089 895.763
v 16.1014 11.3696 895.471
v 16.271 10.0994 895.472
v 15.7668 11.4044 895.471
v 15.9365 10.0805 895.472
v 15.658 11.4218 895.763
v 15.7692 10.071 895.763
v 16.8456 6.73689 896.345
v 16.5093 6.73689 895.763
v 16.6781 7.46038 896.184
v 16.4349 7.46038 895.763
v 16.8456 6.73689 895.18
v 16.6781 7.46038 895.341
v 17.5181 6.73689 895.18
v 17.1644 7.46038 895.341
v 17.8543 6.73689 895.763
v 17.4075 7.46038 895.763
v 17.5181 6.73689 896.345
v 17.1644 7.46038 896.184
v 17.5181 6.73689 896.345
v 17.1644 7.46038 896.184
v 16.9431 5.22939 896.176
v 16.7043 5.22939 895.763
v 16.9431 5.22939 895.349
v 17.4206 5.22939 895.349
v 17.6593 5.22939 895.763
v 17.4206 5.22939 896.176
v 17.4206 5.22939 896.176
v 17.1818 4.47455 895.763
v 16.1623 11.6735 896.155
v 15.878 11.6709 896.241
v 15.7129 11.7722 896.016
v 16.4625 14.1135 897.413
v 16.429 14.134 897.368
v 16.5201 14.114 897.396
v 16.5223 14.1348 897.339
v 16.466 14.1472 897.322
v 15.878 11.6709 896.241
v 16.1157 12.8618 896.998
v 16.1623 11.6735 896.155
v 16.2526 12.863 896.957
v 16.2578 12.9126 896.823
v 16.0913 11.9037 895.979
v 16.1623 11.6735 896.155
v 15.7129 11.7722 896.016
v 15.9157 11.9192 895.898
v 16.0362 12.9106 896.89
v 16.124 12.9419 896.781
v 16.5201 14.114 897.396
v 16.4625 14.1135 897.413
v 16.5223 14.1348 897.339
v 16.2578 12.9126 896.823
v 16.466 14.1472 897.322
v 16.5223 14.1348 897.339
v 16.429 14.134 897.368
v 16.0913 11.9037 895.979
v 16.342 11.9684 895.634
v 16.3013 11.6171 895.646
v 16.4233 11.7836 895.682
v 16.807 8.89626 895.763
v 16.5407 8.87152 895.414
v 16.1428 8.81307 895.414
v 16.0112 8.77937 895.763
v 16.3165 8.83017 896.111
v 16.7096 8.91492 896.111
v 16.7096 8.91492 896.111
v 16.0913 11.9037 895.979
v 16.0237 14.1109 895.407
v 15.7622 14.0499 895.427
v 16.0182 14.3256 895.397
v 15.7517 14.3014 895.44
v 15.915 14.4128 895.414
v 19.177 16.2674 895.215
v 19.1438 16.2829 895.26
v 19.177 16.2674 895.215
v 19.1519 16.2482 895.165
v 19.1519 16.2482 895.165
v 19.0934 16.2445 895.162
v 19.0934 16.2445 895.162
v 19.0602 16.26 895.207
v 19.0853 16.2793 895.257
v 19.0602 16.26 895.207
v 19.1438 16.2829 895.26
v 19.0853 16.2793 895.257
v 17.8997 15.042 896.647
v 16.9157 13.1612 896.737
v 16.4467 13.4575 897.571
v 16.9489 13.1407 895.65
v 16.1597 12.5369 896.686
v 16.9045 15.1459 897.769
v 17.5394 14.7079 895.241
v 17.007 16.6163 899.091
v 16.4876 13.8253 897.901
v 15.0756 14.1485 897.796
v 17.9306 13.8938 897.272
v 16.1555 12.8773 896.893
v 14.9163 16.6011 898.48
v 18.6594 16.2337 897.757
v 14.3299 15.0971 897.89
v 15.3971 12.9465 897.169
v 14.7103 12.9422 896.206
v 16.4722 13.3468 897.743
v 16.0581 12.2547 896.516
v 13.699 14.7557 896.268
v 16.0384 15.264 898.267
v 14.5879 17.5382 893.084
v 15.1688 15.3876 894.233
v 16.2105 15.3833 893.674
v 14.4637 15.7879 895.227
v 15.7332 14.6958 894.971
v 16.2769 17.1968 892.663
v 13.9989 17.7051 894.731
v 15.5862 18.1994 898.793
v 15.9296 15.5003 896.933
v 14.4481 15.6405 896.483
v 17.5444 15.936 896.717
v 16.0376 14.6958 895.645
v 13.6084 17.9993 897.573
v 17.6838 18.3603 897.838
v 16.5884 18.0578 892.862
v 16.0657 16.213 893.835
v 16.9713 16.2093 894.292
v 15.0203 16.5564 893.828
v 15.8242 15.6196 894.595
v 17.7147 17.7649 893.842
v 15.1409 18.2009 893.257
v 12.1826 17.8984 895.148
v 14.3617 14.3343 895.484
v 14.9543 14.5429 893.609
v 14.6515 14.8067 897.556
v 15.9436 13.2227 895.595
v 13.7335 17.6441 892.633
v 13.3889 17.9529 897.826
v 19.0717 18.8811 895.496
v 17.3596 16.2764 895.501
v 17.3923 16.2751 896.971
v 16.6771 16.7982 894.157
v 16.1884 15.4652 895.713
v 18.5685 18.4851 897.607
v 17.5883 19.1451 893.913
v 17.6638 19.624 897.047
v 16.9786 17.7872 896.228
v 16.2512 17.7628 896.917
v 17.3261 18.139 895.26
v 16.3678 17.1875 895.747
v 16.3833 19.3001 897.765
v 17.7763 19.7742 895.569
v 14.596 18.7746 894.506
v 15.5819 16.7352 895.303
v 16.2987 16.7523 894.426
v 15.3124 17.1075 896.443
v 16.3678 16.09 895.747
v 15.9444 18.4848 893.514
v 14.674 18.9298 896.181
v 18.3624 15.9419 892.883
v 17.8201 13.3494 894.452
v 18.9085 13.6843 895.353
v 16.3012 13.5069 894.064
v 17.3981 12.5548 895.554
v 19.6574 16.0142 894.633
v 16.2145 15.7536 892.975
v 20.6723 16.3473 896.303
v 19.1173 14.2781 895.816
v 18.281 14.7346 896.614
v 19.6226 14.2602 894.567
v 18.1454 13.69 895.38
v 19.0701 16.6852 897.193
v 20.8014 16.0412 894.487
v 20.1315 17.4368 894.719
v 19.4618 16.2273 895.086
v 19.4085 16.4562 895.718
v 19.1922 16.205 894.406
v 18.9535 15.8481 895.272
v 19.8214 17.5662 895.674
v 19.5196 17.2229 893.955
v 18.6015 16.2791 894.574
v 17.0706 14.2485 895.26
v 17.0505 14.6734 896.427
v 16.5557 14.2859 894.015
v 16.0488 13.69 895.613
v 18.0954 16.5876 896.341
v 17.4102 16.0588 893.181
v 16.5274 18.5434 897.477
v 16.7641 21.8361 897.477
v 16.5274 18.5434 894.176
v 16.7641 21.8361 894.176
v 14.8831 18.6616 895.91
v 15.1199 21.9543 895.91
v 18.1716 18.4251 895.743
v 18.4084 21.7179 895.743
v 15.0364 20.5765 894.722
v 15.8685 18.8551 895.394
v 16.4735 18.8695 894.654
v 15.641 19.1694 896.356
v 16.5318 18.3105 895.769
v 16.1745 20.3318 893.884
v 15.1022 20.7075 896.135
v 14.3299 15.1349 897.89
v 14.7103 12.98 896.206
v 15.3971 12.9843 897.169
v 16.4722 13.3846 897.743
v 16.0581 12.2925 896.516
v 13.699 14.7935 896.268
v 16.0384 15.3018 898.267
v 12.1826 17.9362 895.148
v 14.9543 14.5807 893.609
v 14.3617 14.3721 895.484
v 14.6515 14.8445 897.556
v 15.9436 13.2605 895.595
v 13.7335 17.6819 892.633
v 13.3889 17.9907 897.826
v 17.007 16.6541 899.091
v 15.0756 14.1863 897.796
v 16.4876 13.8631 897.901
v 17.9306 13.9316 897.272
v 16.1555 12.9151 896.893
v 14.9163 16.6389 898.48
v 18.6594 16.2715 897.757
v 17.8997 15.0798 896.647
v 16.4467 13.4953 897.571
v 16.9157 13.199 896.737
v 16.9489 13.1785 895.65
v 16.1597 12.5747 896.686
v 16.9045 15.1837 897.769
v 17.5394 14.7457 895.241
v 20.6723 16.3851 896.303
v 18.281 14.7724 896.614
v 19.1173 14.3159 895.816
v 19.6226 14.298 894.567
v 18.1454 13.7278 895.38
v 19.0701 16.723 897.193
v 20.8014 16.079 894.487
v 20.1315 17.4746 894.719
v 19.4085 16.494 895.718
v 19.4618 16.2651 895.086
v 19.1922 16.2428 894.406
v 18.9535 15.8859 895.272
v 19.8214 17.604 895.674
v 19.5196 17.2607 893.955
v 18.3624 15.9797 892.883
v 18.9085 13.7221 895.353
v 17.8201 13.3872 894.452
v 16.3012 13.5447 894.064
v 17.3981 12.5926 895.554
v 19.6574 16.052 894.633
v 16.2145 15.7914 892.975
v 18.6015 16.3169 894.574
v 17.0505 14.7112 896.427
v 17.0706 14.2863 895.26
v 16.5557 14.3237 894.015
v 16.0488 13.7278 895.613
v 18.0954 16.6254 896.341
v 17.4102 16.0966 893.181
v 15.5862 18.2372 898.793
v 14.4481 15.6783 896.483
v 15.9296 15.5381 896.933
v 17.5444 15.9738 896.717
v 16.0376 14.7336 895.645
v 13.6084 18.0371 897.573
v 17.6838 18.3981 897.838
v 19.0717 18.9189 895.496
v 17.3923 16.3129 896.971
v 17.3596 16.3142 895.501
v 16.6771 16.836 894.157
v 16.1884 15.503 895.713
v 18.5685 18.5229 897.607
v 17.5883 19.1829 893.913
v 16.5884 18.0956 892.862
v 16.9713 16.2471 894.292
v 16.0657 16.2508 893.835
v 15.0203 16.5942 893.828
v 15.8242 15.6574 894.595
v 17.7147 17.8027 893.842
v 15.1409 18.2387 893.257
v 14.5879 17.576 893.084
v 16.2105 15.4211 893.674
v 15.1688 15.4254 894.233
v 14.4637 15.8257 895.227
v 15.7332 14.7336 894.971
v 16.2769 17.2346 892.663
v 13.9989 17.7429 894.731
v 14.596 18.8124 894.506
v 16.2987 16.7901 894.426
v 15.5819 16.773 895.303
v 15.3124 17.1453 896.443
v 16.3678 16.1278 895.747
v 15.9444 18.5226 893.514
v 14.674 18.9676 896.181
v 15.0364 20.6143 894.722
v 16.4735 18.9073 894.654
v 15.8685 18.8929 895.394
v 15.641 19.2072 896.356
v 16.5318 18.3483 895.769
v 16.1745 20.3696 893.884
v 15.1022 20.7453 896.135
v 17.6638 19.6618 897.047
v 16.2512 17.8006 896.917
v 16.9786 17.825 896.228
v 17.3261 18.1768 895.26
v 16.3678 17.2253 895.747
v 16.3833 19.3379 897.765
v 17.7763 19.812 895.569
v 16.5188 18.5434 897.477
v 16.5188 18.5434 894.176
v 16.7556 21.8361 897.477
v 16.7556 21.8361 894.176
v 14.8831 18.6616 895.884
v 18.1716 18.4251 895.717
v 15.1199 21.9543 895.884
v 18.4084 21.7179 895.717
v 17.5622 14.2693 916.466
v 17.6155 14.3174 916.553
v 17.2116 15.0366 916.493
v 17.2586 15.0705 916.577
v 17.4855 14.2122 916.491
v 17.1168 14.9997 916.52
v 17.1093 15.0124 916.619
v 17.4441 14.2081 916.598
v 17.5041 14.2503 916.677
v 17.1591 15.0448 916.677
v 17.5937 14.3059 916.653
v 17.2338 15.0739 916.656
v 17.2586 15.0705 916.577
v 17.6155 14.3174 916.553
v 16.9977 16.0485 916.641
v 16.9652 16.0274 916.603
v 17.0464 16.0675 916.627
v 16.9814 16.0253 916.552
v 17.0626 16.0654 916.576
v 17.0301 16.0442 916.538
v 17.0626 16.0654 916.576
v 17.0301 16.0442 916.538
v 16.9814 16.0253 916.552
v 16.9652 16.0274 916.603
v 16.9977 16.0485 916.641
v 17.0464 16.0675 916.627
v 17.0626 16.0654 916.576
v 17.9768 13.5555 916.562
v 17.9906 13.8071 916.572
v 17.9578 13.9184 916.41
v 17.9372 13.8312 916.308
v 17.9578 13.9184 916.41
v 17.947 13.6165 916.302
v 17.9684 13.3702 916.437
v 18.4415 11.4248 916.391
v 18.4307 11.8826 916.469
v 18.3433 11.5365 916.074
v 18.3344 11.9635 916.219
v 18.0549 11.9491 916.225
v 18.0767 11.49 916.136
v 18.3344 11.9635 916.219
v 18.3433 11.5365 916.074
v 18.0041 11.4001 916.489
v 17.9784 11.8592 916.479
v 18.2363 11.3589 916.64
v 18.2106 11.818 916.63
v 18.402 19.3738 915.65
v 18.3483 19.3581 915.689
v 18.3785 19.3935 915.589
v 18.3103 19.39 915.59
v 18.2917 19.3681 915.652
v 18.283 13.3865 916.43
v 18.216 13.4428 916.256
v 18.216 13.4428 916.256
v 18.0216 13.4327 916.26
v 17.9684 13.3702 916.437
v 18.1299 13.3416 916.542
v 18.377 15.5667 916.031
v 18.3291 15.6069 915.906
v 17.9689 13.9154 916.181
v 18.1394 13.8734 916.482
v 18.2676 15.5346 916.11
v 18.3785 19.3935 915.589
v 18.402 19.3738 915.65
v 18.1901 15.5997 915.909
v 18.3291 15.6069 915.906
v 18.3103 19.39 915.59
v 18.3785 19.3935 915.589
v 18.1521 15.555 916.035
v 18.2917 19.3681 915.652
v 18.3483 19.3581 915.689
v 18.482 11.3634 915.807
v 18.3472 11.2562 915.799
v 18.5899 10.8752 916.199
v 18.2923 10.8578 916.043
v 18.689 11.1791 916.134
v 18.5161 11.4093 916.212
v 18.4752 11.5037 915.907
v 17.6779 15.7885 913.19
v 17.6765 15.7849 913.249
v 17.6309 15.773 913.159
v 17.6281 15.7657 913.276
v 17.5825 15.7538 913.186
v 17.5811 15.7501 913.244
v 18.3472 11.2562 915.799
v 18.482 11.3634 915.807
v 18.0393 12.2226 914.611
v 18.1475 12.2766 914.646
v 18.2055 11.2892 915.892
v 18.3472 11.2562 915.799
v 17.9309 12.2589 914.664
v 18.0393 12.2226 914.611
v 18.1608 11.474 915.975
v 17.9308 12.3492 914.751
v 18.3433 11.5365 916.074
v 18.0391 12.4032 914.786
v 18.1474 12.3669 914.733
v 18.4752 11.5037 915.907
v 17.8096 13.6625 913.788
v 17.8714 13.6944 913.822
v 17.8096 13.6625 913.788
v 17.7459 13.6473 913.83
v 17.7441 13.6639 913.905
v 17.8059 13.6957 913.94
v 17.8695 13.7109 913.898
v 18.603 10.91 916.533
v 18.5899 10.8752 916.199
v 18.5953 9.58608 916.364
v 18.5822 9.60506 916.03
v 18.5822 9.60506 916.03
v 18.2857 9.61455 915.874
v 18.0078 10.8752 916.222
v 18.0022 9.60506 916.052
v 18.0209 10.91 916.556
v 18.0154 9.58608 916.387
v 18.3163 10.9274 916.653
v 18.3119 9.57658 916.542
v 18.8517 6.2425 915.444
v 18.2829 6.2425 915.803
v 18.6971 6.96599 915.618
v 18.2858 6.96599 915.877
v 17.6878 6.2425 915.49
v 17.8555 6.96599 915.651
v 17.6614 6.2425 914.818
v 17.8364 6.96599 915.165
v 18.2302 6.2425 914.459
v 18.2477 6.96599 914.905
v 18.8253 6.2425 914.772
v 18.678 6.96599 915.132
v 18.8253 6.2425 914.772
v 18.678 6.96599 915.132
v 18.6791 4.73501 915.353
v 18.2752 4.73501 915.608
v 17.8527 4.73501 915.386
v 17.8339 4.73501 914.908
v 18.2378 4.73501 914.654
v 18.6604 4.73501 914.876
v 18.6604 4.73501 914.876
v 18.2565 3.98016 915.131
v 18.689 11.1791 916.134
v 18.7861 11.1765 916.415
v 18.5674 11.2779 916.589
v 19.9342 13.6191 915.785
v 19.8899 13.6396 915.82
v 19.9146 13.6196 915.728
v 19.8581 13.6405 915.728
v 19.8429 13.6528 915.785
v 18.7861 11.1765 916.415
v 19.533 12.3674 916.148
v 18.689 11.1791 916.134
v 19.4863 12.3686 916.013
v 19.3521 12.4182 916.013
v 18.5161 11.4093 916.212
v 18.689 11.1791 916.134
v 18.5674 11.2779 916.589
v 18.4415 11.4248 916.391
v 19.4277 12.4162 916.231
v 19.3159 12.4476 916.148
v 19.9146 13.6196 915.728
v 19.9342 13.6191 915.785
v 19.8581 13.6405 915.728
v 19.3521 12.4182 916.013
v 19.8429 13.6528 915.785
v 19.8581 13.6405 915.728
v 19.8899 13.6396 915.82
v 18.5161 11.4093 916.212
v 18.1608 11.474 915.975
v 18.1749 11.1227 916.015
v 18.2055 11.2892 915.892
v 18.2712 8.40187 915.505
v 17.9336 8.37713 915.785
v 17.9492 8.31869 916.183
v 18.3024 8.28499 916.301
v 18.6385 8.33578 915.982
v 18.6231 8.42053 915.589
v 18.6231 8.42053 915.589
v 18.5161 11.4093 916.212
v 17.947 13.6165 916.302
v 17.9768 13.5555 916.562
v 17.9372 13.8312 916.308
v 17.9906 13.8071 916.572
v 17.9578 13.9184 916.41
v 17.6309 15.773 913.159
v 17.6779 15.7885 913.19
v 17.6309 15.773 913.159
v 17.5825 15.7538 913.186
v 17.5825 15.7538 913.186
v 17.5811 15.7501 913.244
v 17.5811 15.7501 913.244
v 17.6281 15.7657 913.276
v 17.6765 15.7849 913.249
v 17.6281 15.7657 913.276
v 17.6779 15.7885 913.19
v 17.6765 15.7849 913.249
v 19.112 14.5476 914.379
v 19.2402 12.6668 915.359
v 20.0926 12.9631 915.794
v 18.1532 12.6463 915.368
v 19.2196 12.0425 916.116
v 20.2722 14.6515 915.329
v 17.7212 14.2135 914.794
v 21.5898 16.1219 915.175
v 20.4202 13.331 915.741
v 20.371 13.6542 917.156
v 19.7358 13.3995 914.323
v 19.4266 12.3829 916.112
v 21.0605 16.1067 917.288
v 20.1916 15.7393 913.576
v 20.4944 14.6027 917.897
v 19.7317 12.4521 916.859
v 18.7967 12.4478 917.583
v 20.2632 12.8524 915.762
v 19.0533 11.7603 916.224
v 18.898 14.2613 918.591
v 20.8035 14.7696 916.175
v 15.6814 17.0438 917.828
v 16.8075 14.8932 917.202
v 16.2072 14.8889 916.183
v 17.8284 15.2935 917.868
v 17.5229 14.2014 916.609
v 15.1944 16.7024 916.157
v 17.3505 17.2107 918.352
v 21.3468 17.705 916.606
v 19.4752 15.0059 916.336
v 19.0837 15.1461 917.834
v 19.1965 15.4417 914.731
v 18.1835 14.2014 916.279
v 20.206 17.5049 918.631
v 20.3105 17.8659 914.548
v 15.3813 17.5634 915.837
v 16.3745 15.7186 916.322
v 16.7958 15.7149 915.399
v 16.4084 16.062 917.367
v 17.1429 15.1252 916.533
v 16.3168 17.2705 914.674
v 15.8333 17.7066 917.268
v 17.8385 17.404 920.15
v 18.0886 13.8399 917.96
v 16.1923 14.0485 917.441
v 20.1474 14.3123 917.589
v 18.1381 12.7283 916.375
v 15.2647 17.1497 918.699
v 20.4675 17.4585 918.84
v 17.9163 18.3867 913.253
v 17.9884 15.782 914.963
v 19.456 15.7807 914.873
v 16.6722 16.3038 915.698
v 18.2462 14.9708 916.125
v 20.0451 17.9907 913.673
v 16.393 18.6507 914.797
v 19.5208 19.1296 914.599
v 18.7296 17.2928 915.316
v 19.4467 17.2684 916.015
v 17.7485 17.6446 915.006
v 18.2731 16.6931 915.945
v 20.2886 18.8057 915.85
v 18.04 19.2799 914.544
v 17.1027 18.2802 917.764
v 17.8602 16.2408 916.748
v 16.9559 16.2579 916.066
v 19.0094 16.6132 916.972
v 18.2731 15.5956 915.945
v 16.0582 17.9904 916.455
v 18.7727 18.4354 917.62
v 15.3325 15.4475 914.064
v 16.9219 12.8551 914.544
v 17.7798 13.1899 913.422
v 16.5942 13.0125 916.077
v 18.0395 12.0605 914.923
v 17.0308 15.5198 912.701
v 15.5096 15.2593 916.207
v 18.6598 15.8529 911.622
v 18.2345 13.7837 913.195
v 19.064 14.2402 913.999
v 16.9664 13.7658 912.739
v 17.8362 13.1956 914.183
v 19.612 16.1908 913.188
v 16.84 15.5468 911.564
v 17.0987 16.9424 912.224
v 17.4909 15.7329 912.879
v 18.1249 15.9618 912.908
v 16.822 15.7107 913.175
v 17.6965 15.3537 913.38
v 18.0647 17.0719 912.497
v 16.3583 16.7285 912.866
v 17.0136 15.7847 913.759
v 17.7583 13.7541 915.262
v 18.9255 14.1791 915.236
v 16.5345 13.7915 915.825
v 18.1517 13.1956 916.269
v 18.799 16.0932 914.195
v 15.6682 15.5644 915.004
v 19.9958 18.049 915.718
v 19.9865 21.3417 915.481
v 16.6971 18.049 915.847
v 16.6878 21.3417 915.61
v 18.4944 18.1672 917.422
v 18.4851 21.4599 917.185
v 18.1984 17.9307 914.143
v 18.1892 21.2235 913.906
v 17.3005 20.0821 917.315
v 17.9398 18.3607 916.458
v 17.1765 18.3751 915.882
v 18.9098 18.675 916.647
v 18.2883 17.8162 915.78
v 16.4188 19.8374 916.211
v 18.71 20.2131 917.194
v 20.4944 14.6405 917.897
v 18.7967 12.4856 917.583
v 19.7317 12.4899 916.859
v 20.2632 12.8902 915.762
v 19.0533 11.7981 916.224
v 18.898 14.2991 918.591
v 20.8035 14.8074 916.175
v 17.8385 17.4418 920.15
v 16.1923 14.0863 917.441
v 18.0886 13.8777 917.96
v 20.1474 14.3501 917.589
v 18.1381 12.7661 916.375
v 15.2647 17.1875 918.699
v 20.4675 17.4963 918.84
v 21.5898 16.1597 915.175
v 20.371 13.692 917.156
v 20.4202 13.3688 915.741
v 19.7358 13.4373 914.323
v 19.4266 12.4207 916.112
v 21.0605 16.1445 917.288
v 20.1916 15.7771 913.576
v 19.112 14.5854 914.379
v 20.0926 13.0009 915.794
v 19.2402 12.7046 915.359
v 18.1532 12.6841 915.368
v 19.2196 12.0803 916.116
v 20.2722 14.6893 915.329
v 17.7212 14.2513 914.794
v 18.6598 15.8907 911.622
v 19.064 14.278 913.999
v 18.2345 13.8215 913.195
v 16.9664 13.8036 912.739
v 17.8362 13.2334 914.183
v 19.612 16.2286 913.188
v 16.84 15.5846 911.564
v 17.0987 16.9802 912.224
v 18.1249 15.9996 912.908
v 17.4909 15.7707 912.879
v 16.822 15.7485 913.175
v 17.6965 15.3915 913.38
v 18.0647 17.1097 912.497
v 16.3583 16.7663 912.866
v 15.3325 15.4853 914.064
v 17.7798 13.2277 913.422
v 16.9219 12.8929 914.544
v 16.5942 13.0503 916.077
v 18.0395 12.0983 914.923
v 17.0308 15.5576 912.701
v 15.5096 15.2971 916.207
v 17.0136 15.8225 913.759
v 18.9255 14.2169 915.236
v 17.7583 13.7919 915.262
v 16.5345 13.8293 915.825
v 18.1517 13.2334 916.269
v 18.799 16.131 914.195
v 15.6682 15.6022 915.004
v 21.3468 17.7428 916.606
v 19.0837 15.1839 917.834
v 19.4752 15.0437 916.336
v 19.1965 15.4795 914.731
v 18.1835 14.2392 916.279
v 20.206 17.5427 918.631
v 20.3105 17.9037 914.548
v 17.9163 18.4245 913.253
v 19.456 15.8185 914.873
v 17.9884 15.8198 914.963
v 16.6722 16.3416 915.698
v 18.2462 15.0086 916.125
v 20.0451 18.0285 913.673
v 16.393 18.6885 914.797
v 15.3813 17.6012 915.837
v 16.7958 15.7527 915.399
v 16.3745 15.7564 916.322
v 16.4084 16.0998 917.367
v 17.1429 15.163 916.533
v 16.3168 17.3083 914.674
v 15.8333 17.7444 917.268
v 15.6814 17.0816 917.828
v 16.2072 14.9267 916.183
v 16.8075 14.931 917.202
v 17.8284 15.3313 917.868
v 17.5229 14.2392 916.609
v 15.1944 16.7402 916.157
v 17.3505 17.2485 918.352
v 17.1027 18.318 917.764
v 16.9559 16.2957 916.066
v 17.8602 16.2786 916.748
v 19.0094 16.651 916.972
v 18.2731 15.6334 915.945
v 16.0582 18.0282 916.455
v 18.7727 18.4732 917.62
v 17.3005 20.1199 917.315
v 17.1765 18.4129 915.882
v 17.9398 18.3985 916.458
v 18.9098 18.7128 916.647
v 18.2883 17.854 915.78
v 16.4188 19.8752 916.211
v 18.71 20.2509 917.194
v 19.5208 19.1674 914.599
v 19.4467 17.3062 916.015
v 18.7296 17.3306 915.316
v 17.7485 17.6824 915.006
v 18.2731 16.7309 915.945
v 20.2886 18.8435 915.85
v 18.04 19.3176 914.544
v 19.9961 18.049 915.726
v 16.6974 18.049 915.855
v 19.9868 21.3417 915.49
v 16.6881 21.3417 915.619
v 18.4679 18.1672 917.423
v 18.172 17.9307 914.144
v 18.4587 21.4599 917.186
v 18.1627 21.2235 913.907
v -15 0.0982607 942
v -15 0.552537 940
v -15 0.936125 938
v -15 1.26587 936
v -15 1.18592 934
v -15 1.27155 932
v -15 1.35445 930
v -15 1.44943 928
v -15 1.7916 926
v -15 2.09784 924
v -15 2.31082 922
v -15 2.45388 920
v -15 2.62609 918
v -15 2.79981 916
v -15 2.94287 914
v -15 2.96719 912
v -15 3.09774 910
v -15 3.18748 908
v -15 3.30311 906
v -15 3.43154 904
v -15 3.53508 902
v -15 3.62816 900
v -15 3.71285 898
v -15 3.74277 896
v -15 3.76003 894
v -15 3.76024 892
v -15 3.76559 890
v -15 3.95432 888
v -15 4.22513 886
v -15 4.43476 884
v -15 4.5334 882
v -15 4.46177 880
v -13 0.424997 942
v -13 0.898306 940
v -13 1.33483 938
v -13 1.3626 936
v -13 1.46814 934
v -13 1.47578 932
v -13 1.77998 930
v -13 2.03317 928
v -13 2.39156 926
v -13 2.47594 924
v -13 2.6031 922
v -13 2.81376 920
v -13 2.91097 918
v -13 3.06646 916
v -13 3.15811 914
v -13 3.30017 912
v -13 3.37392 910
v -13 3.47925 908
v -13 3.60446 906
v -13 3.67262 904
v -13 3.7328 902
v -13 3.867 900
v -13 3.9287 898
v -13 3.99669 896
v -13 3.98139 894
v -13 3.96783 892
v -13 3.89922 890
v -13 4.01688 888
v -13 4.2293 886
v -13 4.50959 884
v -13 4.72091 882
v -13 4.74468 880
v -11 0.73113 942
v -11 1.33163 940
v -11 1.60704 938
v -11 1.57871 936
v -11 1.75211 934
v -11 1.80347 932
v -11 2.08182 930
v -11 2.4583 928
v -11 2.74378 926
v -11 2.77916 924
v -11 2.93515 922
v -11 3.05247 920
v -11 3.18629 918
v -11 3.35959 916
v -11 3.44862 914
v -11 3.54629 912
v -11 3.60432 910
v -11 3.68738 908
v -11 3.81863 906
v -11 3.89649 904
v -11 3.97329 902
v -11 4.06932 900
v -11 4.14945 898
v -11 4.22567 896
v -11 4.15176 894
v -11 4.09211 892
v -11 4.01093 890
v -11 4.02686 888
v -11 4.36104 886
v -11 4.70466 884
v -11 4.96875 882
v -11 5.09021 880
v -9 1.43643 942
v -9 1.49636 940
v -9 1.68674 938
v -9 1.78557 936
v -9 2.01409 934
v -9 2.23591 932
v -9 2.54465 930
v -9 2.77596 928
v -9 2.90262 926
v -9 3.04202 924
v -9 3.17593 922
v -9 3.31975 920
v -9 3.45459 918
v -9 3.59777 916
v -9 3.67868 914
v -9 3.7566 912
v -9 3.83588 910
v -9 3.93553 908
v -9 4.05178 906
v -9 4.11446 904
v -9 4.17947 902
v -9 4.26786 900
v -9 4.36137 898
v -9 4.44002 896
v -9 4.29464 894
v -9 4.21671 892
v -9 4.12331 890
v -9 4.23969 888
v -9 4.56113 886
v -9 4.93554 884
v -9 5.28374 882
v -9 5.52584 880
v -7 1.66403 942
v -7 1.78303 940
v -7 1.98224 938
v -7 2.1305 936
v -7 2.40032 934
v -7 2.68094 932
v -7 2.88394 930
v -7 3.1101 928
v -7 3.17414 926
v -7 3.25595 924
v -7 3.44434 922
v -7 3.59007 920
v -7 3.70133 918
v -7 3.80124 916
v -7 3.90558 914
v -7 3.95285 912
v -7 4.03977 910
v -7 4.16086 908
v -7 4.25297 906
v -7 4.31002 904
v -7 4.38368 902
v -7 4.46182 900
v -7 4.53284 898
v -7 4.63369 896
v -7 4.48347 894
v -7 4.37392 892
v -7 4.3356 890
v -7 4.55138 888
v -7 4.82425 886
v -7 5.19252 884
v -7 5.59897 882
v -7 5.96003 880
v -5 1.92898 942
v -5 2.02719 940
v -5 2.26676 938
v -5 2.5328 936
v -5 2.80565 934
v -5 3.01234 932
v -5 3.16381 930
v -5 3.29395 928
v -5 3.40619 926
v -5 3.53866 924
v -5 3.6846 922
v -5 3.83302 920
v -5 3.9291 918
v -5 4.02538 916
v -5 4.10923 914
v -5 4.18728 912
v -5 4.27025 910
v -5 4.36133 908
v -5 4.45278 906
v -5 4.51522 904
v -5 4.58195 902
v -5 4.65362 900
v -5 4.72106 898
v -5 4.82661 896
v -5 4.70084 894
v -5 4.56106 892
v -5 4.66096 890
v -5 4.91471 888
v -5 5.15061 886
v -5 5.49679 884
v -5 5.96206 882
v -5 6.45096 880
v -3 2.22556 942
v -3 2.4748 940
v -3 2.66071 938
v -3 2.83716 936
v -3 3.13216 934
v -3 3.30385 932
v -3 3.42274 930
v -3 3.498 928
v -3 3.66526 926
v -3 3.81495 924
v -3 3.95461 922
v -3 4.0401 920
v -3 4.12732 918
v -3 4.23158 916
v -3 4.31675 914
v -3 4.39554 912
v -3 4.47363 910
v -3 4.55311 908
v -3 4.63106 906
v -3 4.70072 904
v -3 4.76712 902
v -3 4.83187 900
v -3 4.89431 898
v -3 4.99839 896
v -3 4.90343 894
v -3 4.72103 892
v -3 4.90229 890
v -3 5.16909 888
v -3 5.43666 886
v -3 5.8225 884
v -3 6.39474 882
v -3 7.00538 880
v -1 2.6456 942
v -1 2.84387 940
v -1 3.08044 938
v -1 3.25894 936
v -1 3.37691 934
v -1 3.50288 932
v -1 3.65651 930
v -1 3.76138 928
v -1 3.92057 926
v -1 4.05793 924
v -1 4.13518 922
v -1 4.22835 920
v -1 4.3249 918
v -1 4.41825 916
v -1 4.51133 914
v -1 4.59069 912
v -1 4.6633 910
v -1 4.73576 908
v -1 4.80537 906
v -1 4.87236 904
v -1 4.9351 902
v -1 4.9952 900
v -1 5.05318 898
v -1 5.16013 896
v -1 5.0818 894
v -1 4.90991 892
v -1 5.0606 890
v -1 5.31857 888
v -1 5.63435 886
v -1 6.12657 884
v -1 6.82529 882
v -1 7.55374 880
v 1 3.07843 942
v 1 3.19951 940
v 1 3.4029 938
v 1 3.52689 936
v 1 3.61916 934
v 1 3.75335 932
v 1 3.90129 930
v 1 4.03013 928
v 1 4.16884 926
v 1 4.25053 924
v 1 4.34189 922
v 1 4.43079 920
v 1 4.5147 918
v 1 4.60661 916
v 1 4.69192 914
v 1 4.76846 912
v 1 4.83874 910
v 1 4.9069 908
v 1 4.97115 906
v 1 5.03263 904
v 1 5.09277 902
v 1 5.15175 900
v 1 5.20958 898
v 1 5.33236 896
v 1 5.26069 894
v 1 5.10968 892
v 1 5.23242 890
v 1 5.50466 888
v 1 5.86649 886
v 1 6.43727 884
v 1 7.2223 882
v 1 8.03758 880
v 3 3.36597 942
v 3 3.5479 940
v 3 3.67818 938
v 3 3.77107 936
v 3 3.87742 934
v 3 4.02325 932
v 3 4.13722 930
v 3 4.26958 928
v 3 4.38135 926
v 3 4.45649 924
v 3 4.54314 922
v 3 4.62941 920
v 3 4.71169 918
v 3 4.7942 916
v 3 4.86918 914
v 3 4.93901 912
v 3 5.00469 910
v 3 5.06817 908
v 3 5.13049 906
v 3 5.19164 904
v 3 5.25163 902
v 3 5.31045 900
v 3 5.36813 898
v 3 5.48516 896
v 3 5.50535 894
v 3 5.39375 892
v 3 5.43759 890
v 3 5.71712 888
v 3 6.11862 886
v 3 6.73272 884
v 3 7.53483 882
v 3 8.33037 880
v 5 3.65088 942
v 5 3.7753 940
v 5 3.94596 938
v 5 4.03241 936
v 5 4.15329 934
v 5 4.24704 932
v 5 4.3677 930
v 5 4.4792 928
v 5 4.57905 926
v 5 4.66317 924
v 5 4.74298 922
v 5 4.82175 920
v 5 4.89799 918
v 5 4.96915 916
v 5 5.03636 914
v 5 5.10206 912
v 5 5.16657 910
v 5 5.22991 908
v 5 5.29207 906
v 5 5.35307 904
v 5 5.4129 902
v 5 5.47158 900
v 5 5.52909 898
v 5 5.60173 896
v 5 5.62744 894
v 5 5.66885 892
v 5 5.80558 890
v 5 6.07124 888
v 5 6.50743 886
v 5 7.17208 884
v 5 7.98961 882
v 5 8.73482 880
v 7 3.89268 942
v 7 4.02746 940
v 7 4.18037 938
v 7 4.285 936
v 7 4.38156 934
v 7 4.48226 932
v 7 4.58314 930
v 7 4.68201 928
v 7 4.76971 926
v 7 4.84966 924
v 7 4.92516 922
v 7 4.99714 920
v 7 5.06626 918
v 7 5.13419 916
v 7 5.20092 914
v 7 5.26647 912
v 7 5.33083 910
v 7 5.39401 908
v 7 5.45602 906
v 7 5.51687 904
v 7 5.57654 902
v 7 5.63505 900
v 7 5.69241 898
v 7 5.74948 896
v 7 5.78754 894
v 7 5.87996 892
v 7 6.10148 890
v 7 6.44959 888
v 7 6.97006 886
v 7 7.71427 884
v 7 8.5928 882
v 7 9.33922 880
v 9 4.14683 942
v 9 4.26446 940
v 9 4.40087 938
v 9 4.51487 936
v 9 4.60617 934
v 9 4.69662 932
v 9 4.78676 930
v 9 4.87131 928
v 9 4.94971 926
v 9 5.02297 924
v 9 5.09435 922
v 9 5.16453 920
v 9 5.2335 918
v 9 5.30128 916
v 9 5.36786 914
v 9 5.43326 912
v 9 5.49747 910
v 9 5.56049 908
v 9 5.62234 906
v 9 5.68302 904
v 9 5.74254 902
v 9 5.80088 900
v 9 5.85807 898
v 9 5.91411 896
v 9 5.96386 894
v 9 6.09284 892
v 9 6.37313 890
v 9 6.79636 888
v 9 7.41052 886
v 9 8.245 884
v 9 9.19133 882
v 9 9.99775 880
v 11 4.39654 942
v 11 4.51139 940
v 11 4.62072 938
v 11 4.72019 936
v 11 4.80708 934
v 11 4.89164 932
v 11 4.97164 930
v 11 5.04685 928
v 11 5.12051 926
v 11 5.19296 924
v 11 5.2642 922
v 11 5.33423 920
v 11 5.40305 918
v 11 5.47068 916
v 11 5.53711 914
v 11 5.60234 912
v 11 5.66639 910
v 11 5.72926 908
v 11 5.79095 906
v 11 5.85146 904
v 11 5.91081 902
v 11 5.96899 900
v 11 6.026 898
v 11 6.08186 896
v 11 6.13605 894
v 11 6.27718 892
v 11 6.60071 890
v 11 7.10842 888
v 11 7.82447 886
v 11 8.69966 884
v 11 9.6055 882
v 11 10.1306 880
v 13 4.62882 942
v 13 4.73132 940
v 13 4.82489 938
v 13 4.91057 936
v 13 4.9915 934
v 13 5.06873 932
v 13 5.14471 930
v 13 5.21945 928
v 13 5.29297 926
v 13 5.36527 924
v 13 5.43636 922
v 13 5.50624 920
v 13 5.57491 918
v 13 5.64238 916
v 13 5.70865 914
v 13 5.77372 912
v 13 5.83761 910
v 13 5.90031 908
v 13 5.96183 906
v 13 6.02218 904
v 13 6.08135 902
v 13 6.13936 900
v 13 6.1962 898
v 13 6.25188 896
v 13 6.30835 894
v 13 6.45177 892
v 13 6.79227 890
v 13 7.34772 888
v 13 8.09413 886
v 13 8.90706 884
v 13 9.67183 882
v 13 10.1888 880
v 15 4.83824 942
v 15 4.9264 940
v 15 5.00898 938
v 15 5.08852 936
v 15 5.16682 934
v 15 5.24389 932
v 15 5.31972 930
v 15 5.39432 928
v 15 5.46769 926
v 15 5.53984 924
v 15 5.61078 922
v 15 5.6805 920
v 15 5.74901 918
v 15 5.81632 916
v 15 5.88243 914
v 15 5.94734 912
v 15 6.01106 910
v 15 6.07359 908
v 15 6.13494 906
v 15 6.19511 904
v 15 6.25411 902
v 15 6.31194 900
v 15 6.3686 898
v 15 6.4241 896
v 15 6.47845 894
v 15 6.63559 892
v 15 6.98904 890
v 15 7.55636 888
v 15 8.27141 886
v 15 8.98555 884
v 15 9.59949 882
v 15 10.1402 880
v 17 5.02421 942
v 17 5.10611 940
v 17 5.18677 938
v 17 5.26617 936
v 17 5.34433 934
v 17 5.42125 932
v 17 5.49693 930
v 17 5.57138 928
v 17 5.6446 926
v 17 5.7166 924
v 17 5.78738 922
v 17 5.85694 920
v 17 5.92529 918
v 17 5.99244 916
v 17 6.05838 914
v 17 6.12312 912
v 17 6.18667 910
v 17 6.24903 908
v 17 6.3102 906
v 17 6.3702 904
v 17 6.42902 902
v 17 6.48666 900
v 17 6.54314 898
v 17 6.59846 896
v 17 6.65262 894
v 17 6.73408 892
v 17 7.00157 890
v 17 7.47033 888
v 17 8.06931 886
v 17 8.70736 884
v 17 9.37093 882
v 17 10.061 880
v 19 5.20449 942
v 19 5.28626 940
v 19 5.36677 938
v 19 5.44604 936
v 19 5.52405 934
v 19 5.60082 932
v 19 5.67635 930
v 19 5.75065 928
v 19 5.82371 926
v 19 5.89555 924
v 19 5.96617 922
v 19 6.03557 920
v 19 6.10375 918
v 19 6.17073 916
v 19 6.2365 914
v 19 6.30107 912
v 19 6.36445 910
v 19 6.42663 908
v 19 6.48763 906
v 19 6.54744 904
v 19 6.60607 902
v 19 6.66353 900
v 19 6.71983 898
v 19 6.77495 896
v 19 6.82892 894
v 19 6.87661 892
v 19 7.05549 890
v 19 7.41375 888
v 19 7.92036 886
v 19 8.56042 884
v 19 9.32887 882
v 19 10.0574 880
v 21 5.38691 942
v 21 5.46854 940
v 21 5.54891 938
v 21 5.62803 936
v 21 5.70589 934
v 21 5.78251 932
v 21 5.85789 930
v 21 5.93203 928
v 21 6.00493 926
v 21 6.07661 924
v 21 6.14706 922
v 21 6.2163 920
v 21 6.28431 918
v 21 6.35112 916
v 21 6.41672 914
v 21 6.48111 912
v 21 6.54431 910
v 21 6.60631 908
v 21 6.66712 906
v 21 6.72675 904
v 21 6.7852 902
v 21 6.84247 900
v 21 6.89857 898
v 21 6.95351 896
v 21 7.00728 894
v 21 7.0616 892
v 21 7.23603 890
v 21 7.55539 888
v 21 8.02653 886
v 21 8.70931 884
v 21 9.59557 882
v 21 10.1251 880
v 23 5.57147 942
v 23 5.65296 940
v 23 5.73318 938
v 23 5.81215 936
v 23 5.88986 934
v 23 5.96632 932
v 23 6.04154 930
v 23 6.11552 928
v 23 6.18826 926
v 23 6.25978 924
v 23 6.33006 922
v 23 6.39912 920
v 23 6.46697 918
v 23 6.5336 916
v 23 6.59902 914
v 23 6.66323 912
v 23 6.72625 910
v 23 6.78807 908
v 23 6.84869 906
v 23 6.90813 904
v 23 6.96639 902
v 23 7.02347 900
v 23 7.07938 898
v 23 7.13411 896
v 23 7.18769 894
v 23 7.24791 892
v 23 7.4285 890
v 23 7.74243 888
v 23 8.21847 886
v 23 8.9402 884
v 23 9.89201 882
v 23 10.2007 880
v 25 5.75811 942
v 25 5.83944 940
v 25 5.91952 938
v 25 5.99833 936
v 25 6.07589 934
v 25 6.15219 932
v 25 6.22725 930
v 25 6.30107 928
v 25 6.37364 926
v 25 6.44499 924
v 25 6.5151 922
v 25 6.58399 920
v 25 6.65166 918
v 25 6.71811 916
v 25 6.78335 914
v 25 6.84738 912
v 25 6.91021 910
v 25 6.97184 908
v 25 7.03228 906
v 25 7.09153 904
v 25 7.14959 902
v 25 7.20647 900
v 25 7.26218 898
v 25 7.31672 896
v 25 7.37009 894
v 25 7.44364 892
v 25 7.64286 890
v 25 7.9656 888
v 25 8.42707 886
v 25 9.11336 884
v 25 10.0122 882
v 25 10.2459 880
v 27 5.94675 942
v 27 6.02794 940
v 27 6.10786 938
v 27 6.18651 936
v 27 6.26391 934
v 27 6.34005 932
v 27 6.41495 930
v 27 6.4886 928
v 27 6.561 926
v 27 6.63218 924
v 27 6.70212 922
v 27 6.77083 920
v 27 6.83832 918
v 27 6.90459 916
v 27 6.96964 914
v 27 7.03349 912
v 27 7.09613 910
v 27 7.15757 908
v 27 7.21782 906
v 27 7.27687 904
v 27 7.33474 902
v 27 7.39142 900
v 27 7.44693 898
v 27 7.50126 896
v 27 7.55443 894
v 27 7.65243 892
v 27 7.87147 890
v 27 8.19971 888
v 27 8.6347 886
v 27 9.26874 884
v 27 10.0464 882
v 27 10.2797 880
v 29 6.1374 942
v 29 6.21844 940
v 29 6.2982 938
v 29 6.3767 936
v 29 6.45393 934
v 29 6.52991 932
v 29 6.60464 930
v 29 6.67812 928
v 29 6.75035 926
v 29 6.82135 924
v 29 6.89111 922
v 29 6.95964 920
v 29 7.02695 918
v 29 7.09304 916
v 29 7.15791 914
v 29 7.22156 912
v 29 7.28401 910
v 29 7.34526 908
v 29 7.40531 906
v 29 7.46416 904
v 29 7.52183 902
v 29 7.57831 900
v 29 7.63361 898
v 29 7.68774 896
v 29 7.746 894
v 29 7.87897 892
v 29 8.11517 890
v 29 8.44358 888
v 29 8.86659 886
v 29 9.49274 884
v 29 10.1129 882
v 29 10.3326 880
v 31 6.32999 942
v 31 6.41086 940
v 31 6.49046 938
v 31 6.5688 936
v 31 6.64587 934
v 31 6.72168 932
v 31 6.79624 930
v 31 6.86954 928
v 31 6.9416 926
v 31 7.01242 924
v 31 7.082 922
v 31 7.15035 920
v 31 7.21747 918
v 31 7.28337 916
v 31 7.34805 914
v 31 7.41152 912
v 31 7.47377 910
v 31 7.53482 908
v 31 7.59467 906
v 31 7.65332 904
v 31 7.71079 902
v 31 7.76706 900
v 31 7.82216 898
v 31 7.87819 896
v 31 7.97271 894
v 31 8.14006 892
v 31 8.39897 890
v 31 8.73431 888
v 31 9.19323 886
v 31 9.89408 884
v 31 10.2437 882
v 31 10.429 880
v 33 6.52449 942
v 33 6.60521 940
v 33 6.68465 938
v 33 6.76282 936
v 33 6.83972 934
v 33 6.91536 932
v 33 6.98975 930
v 33 7.06288 928
v 33 7.13476 926
v 33 7.20539 924
v 33 7.27479 922
v 33 7.34296 920
v 33 7.40989 918
v 33 7.4756 916
v 33 7.54008 914
v 33 7.60335 912
v 33 7.66541 910
v 33 7.75289 908
v 33 7.83005 906
v 33 7.8835 904
v 33 7.93448 902
v 33 7.98844 900
v 33 8.04852 898
v 33 8.13255 896
v 33 8.26418 894
v 33 8.47355 892
v 33 8.76466 890
v 33 9.11986 888
v 33 9.63732 886
v 33 10.1406 884
v 33 10.38 882
v 33 10.5138 880
v 35 6.77269 942
v 35 6.7971 940
v 35 6.87746 938
v 35 6.95869 936
v 35 7.03543 934
v 35 7.11089 932
v 35 7.1851 930
v 35 7.25805 928
v 35 7.32975 926
v 35 7.40021 924
v 35 7.46942 922
v 35 7.53739 920
v 35 7.61568 918
v 35 7.71932 916
v 35 7.83885 914
v 35 7.97074 912
v 35 8.10246 910
v 35 8.21136 908
v 35 8.26706 906
v 35 8.27724 904
v 35 8.29176 902
v 35 8.32756 900
v 35 8.39088 898
v 35 8.48931 896
v 35 8.65248 894
v 35 8.90216 892
v 35 9.22467 890
v 35 9.59648 888
v 35 10.0575 886
v 35 10.2969 884
v 35 10.4738 882
v 35 10.5561 880
v 37 7.07044 942
v 37 7.0422 940
v 37 7.09806 938
v 37 7.17076 936
v 37 7.24114 934
v 37 7.31564 932
v 37 7.40956 930
v 37 7.51276 928
v 37 7.62262 926
v 37 7.73597 924
v 37 7.8534 922
v 37 7.96729 920
v 37 8.07141 918
v 37 8.21139 916
v 37 8.36644 914
v 37 8.5358 912
v 37 8.69985 910
v 37 8.8292 908
v 37 8.87902 906
v 37 8.86203 904
v 37 8.84194 902
v 37 8.82014 900
v 37 8.85598 898
v 37 8.95212 896
v 37 9.13676 894
v 37 9.41953 892
v 37 9.76442 890
v 37 10.0567 888
v 37 10.2424 886
v 37 10.42 884
v 37 10.5434 882
v 37 10.6343 880
v 39 7.46386 942
v 39 7.40729 940
v 39 7.4438 938
v 39 7.50893 936
v 39 7.57764 934
v 39 7.68744 932
v 39 7.84048 930
v 39 8.01166 928
v 39 8.18112 926
v 39 8.33666 924
v 39 8.48064 922
v 39 8.60204 920
v 39 8.70941 918
v 39 8.87914 916
v 39 9.0453 914
v 39 9.22171 912
v 39 9.38775 910
v 39 9.5351 908
v 39 9.60453 906
v 39 9.59763 904
v 39 9.5536 902
v 39 9.45715 900
v 39 9.40919 898
v 39 9.48843 896
v 39 9.70812 894
v 39 10.018 892
v 39 10.172 890
v 39 10.2842 888
v 39 10.4188 886
v 39 10.5854 884
v 39 10.778 882
v 39 11.022 880
v 41 7.9903 942
v 41 7.92281 940
v 41 7.9193 938
v 41 7.97014 936
v 41 8.07556 934
v 41 8.25289 932
v 41 8.44804 930
v 41 8.64882 928
v 41 8.85387 926
v 41 9.05874 924
v 41 9.23312 922
v 41 9.35296 920
v 41 9.4689 918
v 41 9.63486 916
v 41 9.79944 914
v 41 9.94972 912
v 41 10.0533 910
v 41 10.1696 908
v 41 10.2405 906
v 41 10.2399 904
v 41 10.1748 902
v 41 10.0769 900
v 41 10.0388 898
v 41 10.0784 896
v 41 10.194 894
v 41 10.3322 892
v 41 10.4361 890
v 41 10.5156 888
v 41 10.6411 886
v 41 10.8343 884
v 41 11.0494 882
v 41 11.2035 880
v 43 8.586 942
v 43 8.52681 940
v 43 8.48858 938
v 43 8.5345 936
v 43 8.70425 934
v 43 8.94153 932
v 43 9.14034 930
v 43 9.32613 928
v 43 9.54634 926
v 43 9.81981 924
v 43 10.0358 922
v 43 10.1108 920
v 43 10.1576 918
v 43 10.2594 916
v 43 10.3947 914
v 43 10.5182 912
v 43 10.5819 910
v 43 10.6799 908
v 43 10.7514 906
v 43 10.7413 904
v 43 10.6248 902
v 43 10.471 900
v 43 10.3948 898
v 43 10.4053 896
v 43 10.5018 894
v 43 10.5986 892
v 43 10.6406 890
v 43 10.6417 888
v 43 10.6783 886
v 43 10.7865 884
v 43 10.9256 882
v 43 11.0131 880
v 45 9.14545 942
v 45 9.10266 940
v 45 9.08198 938
v 45 9.17501 936
v 45 9.41267 934
v 45 9.66624 932
v 45 9.84782 930
v 45 10.0144 928
v 45 10.1931 926
v 45 10.4258 924
v 45 10.575 922
v 45 10.5803 920
v 45 10.6081 918
v 45 10.7568 916
v 45 10.9122 914
v 45 11.0249 912
v 45 11.0679 910
v 45 11.1544 908
v 45 11.2267 906
v 45 11.2151 904
v 45 11.084 902
v 45 10.9038 900
v 45 10.765 898
v 45 10.6897 896
v 45 10.7084 894
v 45 10.757 892
v 45 10.7462 890
v 45 10.7093 888
v 45 10.6791 886
v 45 10.7116 884
v 45 10.7749 882
v 45 10.7985 880
v 47 9.66595 942
v 47 9.62061 940
v 47 9.63209 938
v 47 9.79487 936
v 47 10.0385 934
v 47 10.1816 932
v 47 10.3228 930
v 47 10.4707 928
v 47 10.659 926
v 47 10.8831 924
v 47 11.0052 922
v 47 10.9552 920
v 47 11.041 918
v 47 11.2852 916
v 47 11.4727 914
v 47 11.5733 912
v 47 11.6102 910
v 47 11.6326 908
v 47 11.6483 906
v 47 11.6405 904
v 47 11.5482 902
v 47 11.3295 900
v 47 11.0649 898
v 47 10.8608 896
v 47 10.7742 894
v 47 10.7825 892
v 47 10.7495 890
v 47 10.7056 888
v 47 10.6679 886
v 47 10.6529 884
v 47 10.6485 882
v 47 10.6215 880
f 127 115 126
f 126 115 125
f 125 115 124
f 127 128 115
f 124 115 116
f 117 116 115
f 123 116 117
f 122 123 117
f 121 122 117
f 120 121 117
f 118 120 117
f 119 118 117
f 133 132 130
f 132 134 130
f 134 135 130
f 135 136 130
f 136 129 130
f 131 130 129
f 137 131 129
f 138 131 137
f 139 131 138
f 140 131 139
f 94 93 92
f 95 93 94
f 49 48 47
f 50 48 49
f 168 96 97
f 98 97 96
f 60 59 58
f 61 59 60
f 65 64 62
f 70 64 65
f 69 70 65
f 68 69 65
f 66 68 65
f 67 66 65
f 37 36 35
f 105 104 103
f 111 105 103
f 112 105 111
f 113 105 112
f 114 105 113
f 35 34 33
f 41 34 35
f 40 41 35
f 39 40 35
f 38 39 35
f 36 38 35
f 86 87 74
f 86 74 85
f 85 74 84
f 84 74 83
f 83 74 75
f 76 75 74
f 110 103 104
f 82 75 76
f 81 82 76
f 42 33 34
f 109 110 104
f 64 63 62
f 108 109 104
f 80 81 76
f 71 62 63
f 43 33 42
f 79 80 76
f 44 33 43
f 45 33 44
f 77 79 76
f 45 46 33
f 78 77 76
f 106 108 104
f 72 62 71
f 107 106 104
f 73 62 72
f 3 2 1
f 2 3 4
f 4 3 5
f 3 6 5
f 6 7 5
f 8 7 6
f 11 10 9
f 10 11 12
f 12 11 13
f 11 14 13
f 14 15 13
f 16 15 14
f 19 18 17
f 20 18 19
f 27 26 25
f 28 26 27
f 31 30 29
f 32 30 31
f 23 22 21
f 22 23 24
f 101 100 99
f 102 100 101
f 90 89 88
f 91 89 90
f 167 55 56
f 57 56 55
f 53 52 51
f 54 52 53
f 149 150 148
f 150 151 148
f 152 151 150
f 146 141 145
f 145 141 142
f 143 142 141
f 149 148 147
f 144 142 143
f 155 154 153
f 161 155 153
f 162 155 161
f 163 155 162
f 164 155 163
f 165 155 164
f 166 155 165
f 157 156 154
f 156 158 154
f 158 159 154
f 159 160 154
f 160 153 154
f 331 329 330
f 330 329 328
f 342 341 340
f 344 341 342
f 341 344 343
f 338 337 336
f 339 337 338
f 334 333 332
f 335 333 334
f 326 325 324
f 327 325 326
f 348 346 347
f 342 350 344
f 344 350 343
f 343 350 337
f 337 350 336
f 336 350 333
f 330 328 349
f 328 324 349
f 324 325 349
f 349 325 350
f 332 350 325
f 333 350 332
f 346 330 349
f 346 349 345
f 347 346 345
f 299 297 298
f 296 300 298
f 296 301 300
f 251 250 249
f 252 250 251
f 298 297 296
f 252 256 250
f 250 256 254
f 250 254 255
f 255 254 253
f 233 264 232
f 232 264 225
f 225 264 263
f 236 264 233
f 237 264 236
f 242 241 240
f 244 241 242
f 242 264 244
f 244 264 243
f 243 264 237
f 269 265 318
f 271 269 318
f 287 271 318
f 287 318 286
f 288 287 286
f 289 287 288
f 265 266 318
f 266 273 318
f 319 318 273
f 241 244 243
f 238 237 236
f 239 237 238
f 322 321 320
f 323 321 322
f 271 270 269
f 272 270 271
f 304 303 302
f 305 303 304
f 316 315 314
f 317 315 316
f 308 307 306
f 309 307 308
f 268 266 267
f 267 266 265
f 235 233 234
f 234 233 232
f 274 319 273
f 275 274 273
f 276 274 275
f 227 225 226
f 224 225 263
f 226 225 224
f 312 311 310
f 313 311 312
f 277 319 274
f 263 228 224
f 279 278 277
f 280 278 279
f 278 319 277
f 231 229 230
f 230 229 228
f 230 228 263
f 246 230 263
f 284 319 278
f 246 263 245
f 247 246 245
f 248 246 247
f 283 282 281
f 285 282 283
f 285 319 284
f 282 285 284
f 283 319 285
f 198 222 195
f 223 222 198
f 197 200 199
f 199 198 197
f 197 198 195
f 196 197 195
f 196 195 194
f 214 196 194
f 216 196 214
f 196 216 215
f 196 215 213
f 196 213 211
f 211 213 212
f 212 210 211
f 212 209 210
f 210 209 208
f 208 209 207
f 208 207 206
f 221 220 219
f 221 217 220
f 221 218 217
f 217 218 201
f 217 201 202
f 203 202 201
f 205 202 203
f 202 205 204
f 202 204 200
f 202 200 197
f 259 258 257
f 259 257 262
f 262 257 261
f 292 291 290
f 293 291 292
f 294 291 293
f 295 291 294
f 260 258 259
f 352 189 351
f 353 189 352
f 359 190 357
f 190 359 358
f 354 355 181
f 355 178 181
f 354 189 353
f 354 188 189
f 354 182 188
f 182 354 181
f 356 175 173
f 356 173 169
f 356 169 170
f 356 170 355
f 355 170 177
f 355 177 178
f 356 190 191
f 356 191 175
f 357 190 356
f 175 174 173
f 192 191 190
f 193 191 192
f 187 186 185
f 189 186 187
f 351 189 187
f 183 182 181
f 184 182 183
f 186 189 188
f 171 170 169
f 172 170 171
f 176 174 175
f 179 178 177
f 180 178 179
f 754 753 752
f 755 753 754
f 742 741 740
f 734 733 732
f 730 729 728
f 731 729 730
f 750 749 748
f 751 749 750
f 735 733 734
f 722 721 720
f 714 713 712
f 715 713 714
f 710 709 708
f 711 709 710
f 702 701 700
f 694 693 692
f 695 693 694
f 690 689 688
f 691 689 690
f 682 681 680
f 674 673 672
f 675 673 674
f 670 669 668
f 671 669 670
f 662 661 660
f 746 745 744
f 747 745 746
f 743 741 742
f 726 725 724
f 723 721 722
f 706 705 704
f 707 705 706
f 703 701 702
f 686 685 684
f 687 685 686
f 683 681 682
f 666 665 664
f 667 665 666
f 663 661 662
f 727 725 726
f 738 737 736
f 718 717 716
f 698 697 696
f 678 677 676
f 658 657 656
f 739 737 738
f 719 717 718
f 699 697 698
f 679 677 678
f 659 657 658
f 478 477 476
f 479 477 478
f 470 469 468
f 466 465 464
f 467 465 466
f 471 469 470
f 462 461 460
f 463 461 462
f 654 653 652
f 655 653 654
f 650 649 648
f 651 649 650
f 647 645 646
f 642 641 640
f 643 641 642
f 646 645 644
f 474 473 472
f 475 473 474
f 638 637 636
f 639 637 638
f 634 633 632
f 635 633 634
f 631 629 630
f 622 621 620
f 623 621 622
f 630 629 628
f 490 489 488
f 486 485 484
f 487 485 486
f 498 497 496
f 499 497 498
f 491 489 490
f 482 481 480
f 483 481 482
f 626 625 624
f 627 625 626
f 494 493 492
f 495 493 494
f 618 617 616
f 619 617 618
f 614 613 612
f 615 613 614
f 611 609 610
f 602 601 600
f 603 601 602
f 610 609 608
f 518 517 516
f 519 517 518
f 506 505 504
f 510 509 508
f 507 505 506
f 511 509 510
f 502 501 500
f 503 501 502
f 606 605 604
f 607 605 606
f 514 513 512
f 515 513 514
f 598 597 596
f 599 597 598
f 594 593 592
f 595 593 594
f 591 589 590
f 582 581 580
f 583 581 582
f 590 589 588
f 530 529 528
f 526 525 524
f 527 525 526
f 538 537 536
f 539 537 538
f 531 529 530
f 522 521 520
f 523 521 522
f 586 585 584
f 587 585 586
f 534 533 532
f 535 533 534
f 558 557 556
f 559 557 558
f 550 549 548
f 546 545 544
f 547 545 546
f 551 549 550
f 542 541 540
f 543 541 542
f 578 577 576
f 579 577 578
f 574 573 572
f 575 573 574
f 571 569 570
f 562 561 560
f 563 561 562
f 570 569 568
f 554 553 552
f 555 553 554
f 566 565 564
f 567 565 566
f 430 429 428
f 431 429 430
f 427 425 426
f 422 421 420
f 423 421 422
f 362 361 360
f 363 361 362
f 374 373 372
f 375 373 374
f 370 369 368
f 371 369 370
f 367 365 366
f 458 457 456
f 459 457 458
f 454 453 452
f 455 453 454
f 450 449 448
f 451 449 450
f 447 445 446
f 442 441 440
f 443 441 442
f 438 437 436
f 439 437 438
f 434 433 432
f 435 433 434
f 418 417 416
f 419 417 418
f 414 413 412
f 415 413 414
f 410 409 408
f 411 409 410
f 407 405 406
f 402 401 400
f 403 401 402
f 398 397 396
f 399 397 398
f 394 393 392
f 395 393 394
f 390 389 388
f 391 389 390
f 387 385 386
f 382 381 380
f 383 381 382
f 378 377 376
f 379 377 378
f 366 365 364
f 446 445 444
f 426 425 424
f 406 405 404
f 386 385 384
f 951 950 949
f 947 946 945
f 948 946 947
f 931 930 929
f 927 926 925
f 928 926 927
f 921 920 919
f 917 916 915
f 918 916 917
f 944 943 942
f 941 940 939
f 937 936 935
f 938 936 937
f 924 923 922
f 914 913 912
f 934 933 932
f 907 906 905
f 908 906 907
f 904 903 902
f 805 804 803
f 806 804 805
f 809 808 807
f 911 910 909
f 802 801 800
f 897 896 895
f 898 896 897
f 894 893 892
f 815 814 813
f 819 818 817
f 816 814 815
f 901 900 899
f 812 811 810
f 842 841 840
f 843 841 842
f 846 845 844
f 847 845 846
f 854 853 852
f 855 853 854
f 858 857 856
f 859 857 858
f 862 861 860
f 870 869 868
f 871 869 870
f 863 861 862
f 866 865 864
f 867 865 866
f 850 849 848
f 851 849 850
f 884 883 882
f 887 886 885
f 888 886 887
f 825 824 823
f 829 828 827
f 826 824 825
f 891 890 889
f 822 821 820
f 874 873 872
f 877 876 875
f 878 876 877
f 839 838 837
f 835 834 833
f 836 834 835
f 881 880 879
f 832 831 830
f 767 766 765
f 768 767 765
f 769 768 765
f 762 761 760
f 763 762 760
f 776 775 774
f 775 776 777
f 776 778 777
f 758 759 779
f 759 758 756
f 758 757 756
f 781 780 770
f 770 780 772
f 772 771 770
f 773 771 772
f 784 783 782
f 785 783 784
f 785 796 783
f 797 796 785
f 788 787 786
f 789 787 788
f 789 798 787
f 799 798 789
f 792 791 790
f 793 791 792
f 793 794 791
f 795 794 793
f 764 763 760
f 971 970 969
f 967 966 965
f 954 953 952
f 957 956 955
f 958 956 957
f 968 966 967
f 964 963 962
f 961 960 959
f 1054 1053 1052
f 1055 1053 1054
f 974 973 972
f 975 973 974
f 1015 1014 1013
f 1013 1014 1012
f 1013 1012 1011
f 1011 1012 1010
f 1011 1010 1009
f 1009 1010 1008
f 1009 1008 999
f 999 1008 997
f 999 997 998
f 998 997 996
f 994 993 992
f 995 993 994
f 995 1000 993
f 1001 1000 995
f 1001 1002 1000
f 1003 1002 1001
f 1003 1004 1002
f 1005 1004 1003
f 1005 1006 1004
f 1007 1006 1005
f 1042 1041 1040
f 1071 1070 1053
f 1069 1053 1070
f 1053 1069 1052
f 1052 1069 1068
f 1051 1050 1049
f 991 990 973
f 989 973 990
f 973 989 972
f 972 989 988
f 1018 1017 1016
f 1018 1019 1017
f 1018 1020 1019
f 1021 1020 1018
f 1021 1022 1020
f 1023 1022 1021
f 1023 1024 1022
f 1025 1024 1023
f 1025 1027 1024
f 1027 1025 1026
f 1048 1047 1046
f 1030 1029 1028
f 1030 1031 1029
f 1030 1032 1031
f 1033 1032 1030
f 1033 1034 1032
f 1035 1034 1033
f 1035 1036 1034
f 1037 1036 1035
f 1037 1039 1036
f 1039 1037 1038
f 1045 1044 1043
f 1062 1061 1060
f 1063 1061 1062
f 982 981 980
f 983 981 982
f 986 985 984
f 1066 1065 1064
f 1067 1065 1066
f 987 985 986
f 1058 1057 1056
f 1059 1057 1058
f 978 977 976
f 979 977 978
f 1164 1163 1162
f 1163 1164 1165
f 1112 1111 1110
f 1129 1128 1127
f 1108 1107 1106
f 1121 1122 1123
f 1122 1121 1120
f 1132 1131 1130
f 1133 1131 1132
f 1134 1133 1132
f 1132 1137 1134
f 1107 1108 1109
f 1130 1135 1136
f 1131 1135 1130
f 1140 1139 1138
f 1141 1139 1140
f 1144 1143 1142
f 1152 1151 1150
f 1153 1151 1152
f 1154 1160 1156
f 1156 1155 1154
f 1157 1155 1156
f 1159 1155 1157
f 1145 1143 1144
f 1154 1161 1160
f 1155 1159 1158
f 1118 1117 1116
f 1119 1117 1118
f 1160 1158 1159
f 1161 1158 1160
f 1148 1147 1146
f 1149 1147 1148
f 1135 1134 1137
f 1137 1136 1135
f 1126 1125 1124
f 1168 1167 1166
f 1167 1168 1169
f 1115 1114 1113
f 1074 1073 1072
f 1170 1072 1073
f 1082 1077 1081
f 1081 1077 1080
f 1080 1077 1075
f 1078 1075 1076
f 1079 1078 1076
f 1085 1084 1083
f 1086 1084 1085
f 1077 1076 1075
f 1102 1101 1100
f 1095 1091 1092
f 1093 1092 1091
f 1092 1093 1094
f 1089 1088 1087
f 1090 1088 1089
f 1098 1097 1096
f 1098 1099 1097
f 1105 1104 1103
f 1278 1276 1277
f 1274 1272 1273
f 1270 1268 1269
f 1266 1264 1265
f 1277 1276 1275
f 1273 1272 1271
f 1269 1268 1267
f 1265 1264 1263
f 1261 1260 1259
f 1262 1260 1261
f 1237 1236 1235
f 1238 1236 1237
f 1205 1204 1203
f 1206 1204 1205
f 1257 1256 1255
f 1258 1256 1257
f 1213 1212 1211
f 1214 1212 1213
f 1253 1252 1251
f 1254 1252 1253
f 1218 1216 1217
f 1217 1216 1215
f 1249 1248 1247
f 1250 1248 1249
f 1221 1220 1219
f 1222 1220 1221
f 1245 1244 1243
f 1246 1244 1245
f 1225 1224 1223
f 1226 1224 1225
f 1241 1240 1239
f 1242 1240 1241
f 1230 1228 1229
f 1229 1228 1227
f 1197 1196 1195
f 1198 1196 1197
f 1185 1184 1183
f 1186 1184 1185
f 1189 1188 1187
f 1190 1188 1189
f 1201 1188 1190
f 1202 1188 1201
f 1199 1179 1180
f 1181 1180 1179
f 1181 1182 1180
f 1192 1193 1194
f 1193 1192 1191
f 1191 1200 1193
f 1173 1172 1171
f 1174 1172 1173
f 1177 1176 1175
f 1178 1176 1177
f 1233 1232 1231
f 1234 1232 1233
f 1209 1208 1207
f 1210 1208 1209
f 1289 1288 1287
f 1290 1288 1289
f 1285 1284 1283
f 1286 1284 1285
f 1293 1292 1291
f 1294 1292 1293
f 1281 1280 1279
f 1282 1280 1281
f 1295 1296 1297
f 1297 1296 1298
f 1299 1300 1301
f 1301 1300 1302
f 1303 1304 1305
f 1305 1304 1306
f 1307 1308 1309
f 1309 1308 1310
f 1311 1312 1313
f 1313 1312 1314
f 1315 1316 1317
f 1317 1316 1318
f 1319 1320 1321
f 1321 1320 1322
f 1323 1324 1325
f 1325 1324 1326
f 1327 1328 1329
f 1329 1328 1330
f 1331 1332 1333
f 1333 1332 1334
f 1335 1336 1337
f 1337 1336 1338
f 1339 1340 1341
f 1341 1340 1342
f 1343 1344 1345
f 1345 1344 1346
f 1347 1348 1349
f 1349 1348 1350
f 1351 1352 1353
f 1353 1352 1354
f 1355 1356 1357
f 1357 1356 1358
f 1359 1360 1361
f 1361 1360 1362
f 1363 1364 1365
f 1365 1364 1366
f 1367 1368 1369
f 1369 1368 1370
f 1371 1372 1373
f 1373 1372 1374
f 1375 1376 1377
f 1377 1376 1378
f 1379 1380 1381
f 1381 1380 1382
f 1383 1384 1385
f 1385 1384 1386
f 1387 1388 1389
f 1389 1388 1390
f 1391 1392 1393
f 1393 1392 1394
f 1395 1396 1397
f 1397 1396 1398
f 1431 1433 1432
f 1431 1439 1438
f 1431 1432 1430
f 1431 1438 1437
f 1425 1421 1426
f 1424 1421 1425
f 1431 1441 1440
f 1431 1442 1441
f 1431 1443 1442
f 1431 1440 1439
f 1431 1437 1436
f 1431 1436 1435
f 1431 1435 1434
f 1421 1422 1420
f 1422 1421 1423
f 1423 1421 1424
f 1426 1421 1427
f 1427 1421 1428
f 1428 1421 1429
f 1429 1421 1430
f 1431 1434 1433
f 1421 1420 1419
f 1421 1431 1430
f 1431 1444 1443
f 1503 1502 1501
f 1504 1502 1503
f 1499 1498 1497
f 1500 1498 1499
f 1467 1466 1465
f 1455 1464 1463
f 1455 1463 1462
f 1455 1462 1461
f 1455 1461 1460
f 1455 1460 1459
f 1455 1459 1458
f 1455 1458 1457
f 1455 1457 1456
f 1455 1456 1454
f 1447 1455 1454
f 1480 1465 1479
f 1479 1465 1478
f 1478 1465 1477
f 1477 1465 1476
f 1476 1465 1475
f 1475 1465 1466
f 1553 1552 1551
f 1554 1552 1553
f 1529 1528 1527
f 1530 1528 1529
f 1483 1482 1481
f 1484 1482 1483
f 1557 1559 1558
f 1562 1558 1559
f 1557 1556 1555
f 1561 1559 1560
f 1562 1559 1561
f 1557 1558 1556
f 1545 1547 1546
f 1544 1545 1546
f 1545 1544 1543
f 1487 1486 1485
f 1488 1486 1487
f 1550 1546 1547
f 1474 1466 1467
f 1473 1474 1467
f 1453 1447 1454
f 1452 1447 1453
f 1451 1447 1452
f 1472 1473 1467
f 1471 1472 1467
f 1450 1447 1451
f 1449 1447 1450
f 1470 1471 1467
f 1448 1447 1449
f 1550 1547 1549
f 1447 1448 1446
f 1468 1470 1467
f 1469 1468 1467
f 1549 1547 1548
f 1447 1446 1445
f 1541 1540 1539
f 1542 1540 1541
f 1525 1524 1523
f 1526 1524 1525
f 1533 1532 1531
f 1532 1533 1534
f 1538 1534 1535
f 1538 1535 1537
f 1533 1535 1534
f 1537 1535 1536
f 1418 1416 1417
f 1417 1416 1415
f 1404 1405 1403
f 1406 1405 1404
f 1414 1413 1412
f 1412 1413 1411
f 1401 1404 1403
f 1402 1401 1403
f 1400 1401 1402
f 1401 1400 1399
f 1409 1412 1411
f 1410 1409 1411
f 1408 1409 1410
f 1409 1408 1407
f 1495 1494 1493
f 1496 1494 1495
f 1491 1490 1489
f 1492 1490 1491
f 1505 1518 1507
f 1507 1506 1505
f 1508 1506 1507
f 1506 1508 1515
f 1518 1519 1507
f 1519 1517 1507
f 1517 1516 1507
f 1508 1510 1512
f 1514 1508 1512
f 1515 1508 1514
f 1520 1516 1517
f 1521 1516 1520
f 1522 1516 1521
f 1511 1510 1509
f 1511 1513 1510
f 1513 1512 1510
f 1589 1588 1587
f 1590 1588 1589
f 1590 1599 1588
f 1600 1599 1590
f 1600 1601 1599
f 1602 1601 1600
f 1602 1603 1601
f 1604 1603 1602
f 1604 1605 1603
f 1606 1605 1604
f 1585 1584 1583
f 1566 1564 1565
f 1565 1564 1563
f 1586 1584 1585
f 1586 1591 1584
f 1592 1591 1586
f 1592 1593 1591
f 1594 1593 1592
f 1594 1595 1593
f 1596 1595 1594
f 1596 1597 1595
f 1646 1644 1645
f 1598 1597 1596
f 1645 1644 1643
f 1616 1615 1614
f 1614 1615 1613
f 1614 1613 1612
f 1612 1613 1611
f 1616 1618 1615
f 1618 1616 1617
f 1639 1638 1637
f 1621 1620 1619
f 1621 1622 1620
f 1621 1623 1622
f 1624 1623 1621
f 1624 1625 1623
f 1626 1625 1624
f 1626 1627 1625
f 1628 1627 1626
f 1628 1630 1627
f 1630 1628 1629
f 1636 1635 1634
f 1633 1632 1631
f 1662 1661 1644
f 1660 1644 1661
f 1644 1660 1643
f 1643 1660 1659
f 1642 1641 1640
f 1582 1581 1564
f 1612 1611 1609
f 1609 1611 1610
f 1609 1610 1608
f 1609 1608 1607
f 1563 1580 1579
f 1564 1580 1563
f 1580 1564 1581
f 1653 1652 1651
f 1654 1652 1653
f 1573 1572 1571
f 1574 1572 1573
f 1577 1576 1575
f 1657 1656 1655
f 1658 1656 1657
f 1578 1576 1577
f 1649 1648 1647
f 1650 1648 1649
f 1569 1568 1567
f 1570 1568 1569
f 1917 1916 1915
f 1878 1876 1877
f 1877 1876 1875
f 1918 1916 1917
f 1881 1880 1879
f 1921 1920 1919
f 1958 1956 1957
f 1957 1956 1955
f 1961 1960 1959
f 1982 1980 1981
f 1981 1980 1979
f 1942 1940 1941
f 1937 1936 1935
f 1849 1848 1847
f 1858 1856 1857
f 1857 1856 1855
f 1862 1860 1861
f 1861 1860 1859
f 1938 1936 1937
f 1869 1868 1867
f 1929 1928 1927
f 1909 1908 1907
f 1922 1920 1921
f 1941 1940 1939
f 1882 1880 1881
f 1949 1948 1947
f 1889 1888 1887
f 1898 1896 1897
f 1897 1896 1895
f 1902 1900 1901
f 1901 1900 1899
f 1962 1960 1961
f 1969 1968 1967
f 1978 1976 1977
f 1977 1976 1975
f 1853 1852 1851
f 1854 1852 1853
f 1850 1848 1849
f 1970 1968 1969
f 1933 1932 1931
f 1934 1932 1933
f 1974 1972 1973
f 1930 1928 1929
f 1953 1952 1951
f 1973 1972 1971
f 1950 1948 1949
f 1873 1872 1871
f 1890 1888 1889
f 1894 1892 1893
f 1893 1892 1891
f 1870 1868 1869
f 1910 1908 1909
f 1913 1912 1911
f 1874 1872 1873
f 1954 1952 1953
f 1914 1912 1913
f 1945 1944 1943
f 1885 1884 1883
f 1925 1924 1923
f 1965 1964 1963
f 1905 1904 1903
f 1865 1864 1863
f 1845 1844 1843
f 1946 1944 1945
f 1886 1884 1885
f 1866 1864 1865
f 1926 1924 1925
f 1906 1904 1905
f 1846 1844 1845
f 1966 1964 1965
f 1826 1824 1825
f 1825 1824 1823
f 1841 1840 1839
f 1834 1832 1833
f 1838 1836 1837
f 1837 1836 1835
f 1842 1840 1841
f 1833 1832 1831
f 1989 1988 1987
f 2001 2000 1999
f 2002 2000 2001
f 1990 1988 1989
f 1993 1992 1991
f 1986 1984 1985
f 1985 1984 1983
f 1994 1992 1993
f 1830 1828 1829
f 1829 1828 1827
f 1997 1996 1995
f 1998 1996 1997
f 1806 1804 1805
f 1805 1804 1803
f 1814 1812 1813
f 1818 1816 1817
f 1821 1820 1819
f 1822 1820 1821
f 1817 1816 1815
f 2010 2008 2009
f 2009 2008 2007
f 2013 2012 2011
f 1813 1812 1811
f 2022 2020 2021
f 2021 2020 2019
f 2014 2012 2013
f 2005 2004 2003
f 2006 2004 2005
f 1809 1808 1807
f 1810 1808 1809
f 2017 2016 2015
f 2018 2016 2017
f 1801 1800 1799
f 1802 1800 1801
f 1797 1796 1795
f 1798 1796 1797
f 1794 1792 1793
f 1786 1784 1785
f 1785 1784 1783
f 2026 2024 2025
f 2025 2024 2023
f 2030 2028 2029
f 2029 2028 2027
f 2034 2032 2033
f 2033 2032 2031
f 1793 1792 1791
f 2042 2040 2041
f 2041 2040 2039
f 1790 1788 1789
f 1789 1788 1787
f 2038 2036 2037
f 2037 2036 2035
f 1766 1764 1765
f 1765 1764 1763
f 1774 1772 1773
f 1778 1776 1777
f 1777 1776 1775
f 1782 1780 1781
f 1781 1780 1779
f 1773 1772 1771
f 2049 2048 2047
f 2050 2048 2049
f 2053 2052 2051
f 2061 2060 2059
f 2062 2060 2061
f 2054 2052 2053
f 2045 2044 2043
f 2046 2044 2045
f 1769 1768 1767
f 1770 1768 1769
f 2058 2056 2057
f 2057 2056 2055
f 1761 1760 1759
f 1762 1760 1761
f 1757 1756 1755
f 1758 1756 1757
f 1754 1752 1753
f 1745 1744 1743
f 1746 1744 1745
f 1753 1752 1751
f 2070 2068 2069
f 2069 2068 2067
f 2081 2080 2079
f 2073 2072 2071
f 2082 2080 2081
f 2074 2072 2073
f 2065 2064 2063
f 2066 2064 2065
f 1750 1748 1749
f 1749 1748 1747
f 2077 2076 2075
f 2078 2076 2077
f 1726 1724 1725
f 1721 1720 1719
f 1722 1720 1721
f 1717 1716 1715
f 1718 1716 1717
f 1713 1712 1711
f 1714 1712 1713
f 1710 1708 1709
f 1705 1704 1703
f 1706 1704 1705
f 1701 1700 1699
f 1702 1700 1701
f 1697 1696 1695
f 1698 1696 1697
f 1693 1692 1691
f 1694 1692 1693
f 1690 1688 1689
f 1685 1684 1683
f 1686 1684 1685
f 1665 1664 1663
f 1666 1664 1665
f 1681 1680 1679
f 1682 1680 1681
f 1677 1676 1675
f 1678 1676 1677
f 1673 1672 1671
f 1674 1672 1673
f 1669 1668 1667
f 1670 1668 1669
f 1741 1740 1739
f 1742 1740 1741
f 1737 1736 1735
f 1738 1736 1737
f 1733 1732 1731
f 1734 1732 1733
f 1730 1728 1729
f 1725 1724 1723
f 1709 1708 1707
f 1689 1688 1687
f 1729 1728 1727
f 2129 2128 2127
f 2130 2128 2129
f 2102 2100 2101
f 2101 2100 2099
f 2110 2108 2109
f 2109 2108 2107
f 2105 2104 2103
f 2106 2104 2105
f 2098 2096 2097
f 2097 2096 2095
f 2154 2152 2153
f 2153 2152 2151
f 2150 2148 2149
f 2149 2148 2147
f 2134 2132 2133
f 2133 2132 2131
f 2125 2124 2123
f 2126 2124 2125
f 2210 2208 2209
f 2209 2208 2207
f 2173 2172 2171
f 2174 2172 2173
f 2201 2200 2199
f 2206 2204 2205
f 2205 2204 2203
f 2202 2200 2201
f 2197 2196 2195
f 2198 2196 2197
f 2194 2192 2193
f 2193 2192 2191
f 2114 2112 2113
f 2113 2112 2111
f 2118 2116 2117
f 2117 2116 2115
f 2189 2188 2187
f 2190 2188 2189
f 2169 2168 2167
f 2170 2168 2169
f 2181 2180 2179
f 2182 2180 2181
f 2185 2184 2183
f 2186 2184 2185
f 2138 2136 2137
f 2137 2136 2135
f 2121 2120 2119
f 2177 2176 2175
f 2178 2176 2177
f 2122 2120 2121
f 2213 2212 2211
f 2213 2214 2212
f 2217 2216 2215
f 2218 2216 2217
f 2221 2220 2219
f 2222 2220 2221
f 2225 2224 2223
f 2224 2225 2226
f 2229 2228 2227
f 2230 2228 2229
f 2236 2235 2234
f 2239 2238 2237
f 2240 2238 2239
f 2233 2232 2231
f 2161 2160 2159
f 2162 2160 2161
f 2165 2164 2163
f 2166 2164 2165
f 2146 2144 2145
f 2145 2144 2143
f 2142 2140 2141
f 2141 2140 2139
f 2158 2156 2157
f 2157 2156 2155
f 2085 2084 2083
f 2086 2084 2085
f 2093 2092 2091
f 2090 2088 2089
f 2089 2088 2087
f 2094 2092 2093
f 2322 2321 2320
f 2314 2316 2315
f 2314 2315 2312
f 2314 2312 2313
f 2335 2334 2333
f 2336 2334 2335
f 2328 2327 2326
f 2325 2324 2323
f 2332 2330 2331
f 2331 2330 2329
f 2313 2312 2311
f 2319 2318 2317
f 2348 2347 2346
f 2361 2360 2359
f 2362 2360 2361
f 2366 2364 2365
f 2366 2367 2364
f 2366 2368 2367
f 2340 2338 2339
f 2340 2341 2338
f 2340 2342 2341
f 2387 2386 2385
f 2388 2386 2387
f 2392 2390 2391
f 2392 2393 2390
f 2392 2394 2393
f 2374 2373 2372
f 2400 2399 2398
f 2413 2412 2411
f 2414 2412 2413
f 2377 2376 2375
f 2339 2338 2337
f 2409 2408 2407
f 2410 2408 2409
f 2345 2344 2343
f 2383 2382 2381
f 2351 2350 2349
f 2354 2353 2352
f 2384 2382 2383
f 2357 2356 2355
f 2358 2356 2357
f 2406 2405 2404
f 2380 2379 2378
f 2365 2364 2363
f 2391 2390 2389
f 2403 2402 2401
f 2397 2396 2395
f 2371 2370 2369
f 2522 2521 2520
f 2525 2524 2523
f 2465 2464 2463
f 2466 2464 2465
f 2495 2494 2493
f 2494 2495 2496
f 2505 2504 2503
f 2310 2309 2308
f 2307 2305 2306
f 2306 2305 2304
f 2300 2299 2298
f 2297 2295 2296
f 2296 2295 2294
f 2293 2292 2291
f 2303 2302 2301
f 2526 2533 2532
f 2527 2533 2526
f 2528 2527 2526
f 2529 2527 2528
f 2531 2528 2530
f 2531 2529 2528
f 2506 2504 2505
f 2640 2639 2638
f 2435 2434 2433
f 2423 2422 2421
f 2436 2434 2435
f 2637 2635 2636
f 2636 2635 2634
f 2512 2511 2510
f 2511 2512 2513
f 2283 2282 2281
f 2286 2285 2284
f 2287 2285 2286
f 2417 2416 2415
f 2429 2428 2427
f 2418 2416 2417
f 2576 2575 2574
f 2581 2574 2575
f 2580 2581 2575
f 2579 2580 2575
f 2577 2579 2575
f 2578 2577 2575
f 2290 2289 2288
f 2418 2419 2416
f 2548 2547 2546
f 2549 2547 2548
f 2540 2539 2538
f 2537 2535 2536
f 2536 2535 2534
f 2418 2420 2419
f 2541 2539 2540
f 2555 2551 2553
f 2553 2551 2552
f 2550 2556 2552
f 2552 2551 2550
f 2426 2425 2424
f 2439 2438 2437
f 2440 2438 2439
f 2432 2431 2430
f 2709 2708 2707
f 2721 2720 2719
f 2722 2720 2721
f 2704 2702 2703
f 2703 2702 2701
f 2715 2714 2713
f 2560 2559 2558
f 2561 2559 2560
f 2564 2563 2562
f 2572 2571 2570
f 2573 2571 2572
f 2550 2557 2556
f 2565 2563 2564
f 2551 2555 2554
f 2655 2654 2653
f 2656 2654 2655
f 2644 2642 2643
f 2643 2642 2641
f 2647 2646 2645
f 2458 2456 2457
f 2457 2456 2455
f 2648 2646 2647
f 2582 2576 2574
f 2704 2705 2702
f 2704 2706 2705
f 2652 2650 2651
f 2651 2650 2649
f 2568 2567 2566
f 2569 2567 2568
f 2557 2554 2556
f 2556 2554 2555
f 2583 2576 2582
f 2545 2543 2544
f 2544 2543 2542
f 2725 2724 2723
f 2712 2711 2710
f 2726 2724 2725
f 2533 2530 2532
f 2533 2531 2530
f 2584 2576 2583
f 2718 2717 2716
f 2475 2474 2473
f 2488 2486 2487
f 2487 2486 2485
f 2585 2576 2584
f 2469 2468 2467
f 2481 2480 2479
f 2470 2468 2469
f 2470 2471 2468
f 2586 2576 2585
f 2273 2272 2271
f 2277 2275 2276
f 2276 2275 2274
f 2587 2576 2586
f 2470 2472 2471
f 2462 2460 2461
f 2461 2460 2459
f 2509 2508 2507
f 2280 2279 2278
f 2478 2477 2476
f 2491 2490 2489
f 2492 2490 2491
f 2263 2262 2261
f 2253 2252 2251
f 2267 2265 2266
f 2266 2265 2264
f 2256 2255 2254
f 2257 2255 2256
f 2270 2269 2268
f 2260 2259 2258
f 2484 2483 2482
f 2663 2662 2661
f 2662 2663 2664
f 2663 2665 2664
f 2659 2658 2657
f 2668 2667 2666
f 2667 2668 2669
f 2668 2670 2669
f 2677 2676 2675
f 2676 2677 2678
f 2677 2679 2678
f 2660 2659 2657
f 2659 2660 2680
f 2516 2515 2514
f 2500 2502 2501
f 2502 2500 2499
f 2519 2518 2517
f 2499 2500 2498
f 2499 2498 2497
f 2694 2692 2693
f 2674 2672 2673
f 2693 2692 2691
f 2698 2697 2686
f 2686 2697 2684
f 2686 2684 2685
f 2685 2684 2683
f 2694 2695 2692
f 2673 2672 2671
f 2696 2695 2694
f 2671 2681 2673
f 2689 2688 2687
f 2690 2688 2689
f 2690 2699 2688
f 2700 2699 2690
f 2682 2681 2671
f 2594 2593 2592
f 2603 2597 2602
f 2606 2605 2604
f 2602 2597 2601
f 2601 2597 2600
f 2607 2605 2606
f 2600 2597 2599
f 2610 2609 2608
f 2611 2609 2610
f 2599 2597 2598
f 2598 2597 2596
f 2595 2593 2594
f 2450 2449 2448
f 2451 2449 2450
f 2626 2625 2624
f 2619 2617 2618
f 2614 2613 2612
f 2615 2613 2614
f 2618 2617 2616
f 2626 2627 2625
f 2622 2621 2620
f 2633 2632 2631
f 2630 2629 2628
f 2623 2621 2622
f 2590 2589 2588
f 2589 2590 2591
f 2454 2453 2452
f 2443 2442 2441
f 2447 2445 2446
f 2250 2249 2248
f 2246 2245 2244
f 2247 2245 2246
f 2243 2242 2241
f 2446 2445 2444
f 2784 2782 2780
f 2802 2801 2800
f 2782 2781 2780
f 2804 2802 2800
f 2822 2820 2818
f 2820 2819 2818
f 2818 2823 2822
f 2818 2827 2823
f 2807 2806 2779
f 2777 2807 2779
f 2779 2778 2777
f 2786 2821 2817
f 2786 2817 2790
f 2790 2788 2786
f 2788 2787 2786
f 2826 2825 2824
f 2828 2826 2824
f 2780 2785 2784
f 2780 2789 2785
f 2767 2762 2763
f 2763 2762 2761
f 2762 2799 2761
f 2762 2803 2799
f 2800 2808 2805
f 2800 2805 2804
f 2766 2765 2764
f 2765 2768 2764
f 2779 2783 2778
f 2768 2906 2764
f 2824 2840 2828
f 2828 2840 2839
f 2901 2900 2899
f 2764 2900 2901
f 2812 2813 2810
f 2812 2810 2811
f 2764 2901 2902
f 2811 2810 2809
f 2772 2773 2770
f 2772 2770 2771
f 2771 2770 2769
f 2796 2795 2794
f 2794 2795 2792
f 2794 2792 2793
f 2793 2792 2791
f 2796 2797 2795
f 2774 2773 2772
f 2774 2775 2773
f 2814 2813 2812
f 2764 2906 2900
f 2824 2889 2888
f 2890 2889 2824
f 2814 2815 2813
f 2824 2888 2840
f 2776 2775 2774
f 2816 2815 2814
f 2798 2797 2796
f 2917 2916 2915
f 2918 2916 2917
f 2918 2919 2916
f 2920 2919 2918
f 2927 2931 2929
f 2932 2931 2927
f 2933 2931 2932
f 2930 2928 2929
f 2929 2928 2927
f 2864 2898 2892
f 2893 2864 2892
f 2893 2892 2891
f 3022 3020 3021
f 2862 2898 2864
f 2741 2861 2860
f 2895 2896 2861
f 2897 2896 2895
f 3021 3020 3019
f 2742 2861 2741
f 2895 2861 2742
f 2894 2864 2893
f 2864 2863 2862
f 2864 2867 2863
f 2748 2742 2743
f 2743 2742 2741
f 2937 2935 2936
f 2936 2935 2934
f 2941 2939 2940
f 2940 2939 2938
f 2949 2947 2948
f 2948 2947 2946
f 2829 2866 2831
f 2746 2745 2744
f 2747 2745 2746
f 2866 2865 2831
f 2831 2830 2829
f 2846 2845 2844
f 2831 2835 2830
f 2847 2845 2846
f 2847 2848 2845
f 2849 2848 2847
f 2836 2834 2832
f 2834 2833 2832
f 2740 2738 2739
f 2739 2738 2737
f 2849 2850 2848
f 2851 2850 2849
f 2832 2868 2836
f 2832 2872 2868
f 2752 2750 2751
f 2751 2750 2749
f 2871 2870 2869
f 2873 2871 2869
f 2869 2874 2873
f 2854 2853 2852
f 2855 2853 2854
f 2869 2878 2874
f 2945 2943 2944
f 2944 2943 2942
f 2855 2856 2853
f 2857 2856 2855
f 2857 2858 2856
f 2859 2858 2857
f 2877 2876 2875
f 2879 2877 2875
f 2755 2754 2753
f 2756 2754 2755
f 2875 2884 2880
f 2875 2880 2879
f 2759 2758 2757
f 2885 2883 2881
f 2883 2882 2881
f 2758 2760 2757
f 2837 2841 2757
f 2757 2838 2837
f 2760 2838 2757
f 2885 2887 2886
f 2881 2887 2885
f 2881 2903 2887
f 2881 2904 2903
f 2905 2904 2881
f 2843 2841 2842
f 3017 3016 3015
f 3018 3016 3017
f 2842 2841 2837
f 2986 2985 2983
f 2983 2987 2986
f 2989 2987 2983
f 2989 2991 2987
f 3010 3009 2985
f 2985 3009 2984
f 2983 2985 2984
f 2983 2984 2982
f 2983 2982 2981
f 3001 2981 2982
f 3003 2981 3001
f 2981 3003 3002
f 2981 3002 3000
f 2981 3000 2998
f 2998 3000 2999
f 2999 2997 2998
f 2999 2996 2997
f 2997 2996 2995
f 2995 2996 2994
f 2995 2994 2993
f 3008 3007 3006
f 3008 3004 3007
f 3008 3005 3004
f 3004 3005 2988
f 3004 2988 2989
f 2990 2989 2988
f 2992 2989 2990
f 2989 2992 2991
f 2926 2925 2924
f 2924 2925 2923
f 2914 2924 2923
f 2914 2923 2912
f 2914 2912 2913
f 2913 2912 2911
f 3013 3012 3011
f 3014 3012 3013
f 2909 2908 2907
f 2910 2908 2909
f 2921 2908 2910
f 2922 2908 2921
f 2955 2951 2954
f 2951 2971 3023
f 2951 3023 2950
f 2952 2951 2950
f 2954 2951 2953
f 2953 2951 2952
f 2951 2964 2969
f 2951 2969 2971
f 3024 2965 2951
f 2951 2965 2964
f 2732 2959 2958
f 2959 2957 2958
f 2959 2960 2957
f 2961 2960 2959
f 2728 2959 2735
f 2730 2959 2728
f 2736 2959 2732
f 2735 2959 2736
f 2730 2976 2959
f 2978 2980 2976
f 3026 2965 3025
f 3025 2965 3024
f 2978 2974 2980
f 2980 2974 2972
f 2974 2973 2972
f 2977 2978 2976
f 2977 2976 2730
f 2958 2957 2956
f 3023 2971 2968
f 2968 2971 2967
f 2968 2967 2966
f 2736 2732 2733
f 2733 2732 2731
f 2970 2969 2964
f 2962 2970 2964
f 2730 2728 2729
f 2729 2728 2727
f 2734 2727 2728
f 2735 2734 2728
f 2964 2963 2962
f 2964 2965 2963
f 2979 2978 2977
f 2975 2973 2974
f 3027 3028 3029
f 3029 3028 3030
f 3031 3032 3033
f 3033 3032 3034
f 3035 3036 3037
f 3037 3036 3038
f 3039 3040 3041
f 3041 3040 3042
f 3043 3044 3045
f 3045 3044 3046
f 3047 3048 3049
f 3049 3048 3050
f 3051 3052 3053
f 3053 3052 3054
f 3055 3056 3057
f 3057 3056 3058
f 3059 3060 3061
f 3061 3060 3062
f 3063 3064 3065
f 3065 3064 3066
f 3067 3068 3069
f 3069 3068 3070
f 3071 3072 3073
f 3073 3072 3074
f 3075 3076 3077
f 3077 3076 3078
f 3079 3080 3081
f 3081 3080 3082
f 3083 3084 3085
f 3085 3084 3086
f 3087 3088 3089
f 3089 3088 3090
f 3091 3092 3093
f 3093 3092 3094
f 3095 3096 3097
f 3097 3096 3098
f 3099 3100 3101
f 3101 3100 3102
f 3103 3104 3105
f 3105 3104 3106
f 3107 3108 3109
f 3109 3108 3110
f 3111 3112 3113
f 3113 3112 3114
f 3115 3116 3117
f 3117 3116 3118
f 3119 3120 3121
f 3121 3120 3122
f 3123 3124 3125
f 3125 3124 3126
f 3127 3128 3129
f 3129 3128 3130
f 3131 3132 3133
f 3133 3132 3134
f 3135 3136 3137
f 3137 3136 3138
f 3139 3140 3141
f 3141 3140 3142
f 3143 3144 3145
f 3145 3144 3146
f 3147 3148 3149
f 3149 3148 3150
f 3151 3152 3153
f 3153 3152 3154
f 3157 3156 3155
f 3158 3157 3155
f 3159 3157 3158
f 3160 3159 3158
f 3161 3159 3160
f 3162 3161 3160
f 3163 3161 3162
f 3164 3163 3162
f 3165 3163 3164
f 3166 3165 3164
f 3167 3165 3166
f 3168 3167 3166
f 3169 3167 3168
f 3170 3169 3168
f 3171 3169 3170
f 3172 3171 3170
f 3175 3174 3173
f 3176 3175 3173
f 3177 3175 3176
f 3178 3177 3176
f 3179 3177 3178
f 3180 3179 3178
f 3181 3179 3180
f 3182 3181 3180
f 3183 3181 3182
f 3184 3183 3182
f 3185 3183 3184
f 3186 3185 3184
f 3187 3185 3186
f 3188 3187 3186
f 3189 3187 3188
f 3190 3189 3188
f 3193 3192 3191
f 3194 3193 3191
f 3195 3193 3194
f 3196 3195 3194
f 3197 3195 3196
f 3198 3197 3196
f 3199 3197 3198
f 3200 3199 3198
f 3201 3199 3200
f 3202 3201 3200
f 3203 3201 3202
f 3204 3203 3202
f 3205 3203 3204
f 3206 3205 3204
f 3207 3205 3206
f 3208 3207 3206
f 3211 3210 3209
f 3212 3211 3209
f 3213 3211 3212
f 3214 3213 3212
f 3215 3213 3214
f 3216 3215 3214
f 3217 3215 3216
f 3218 3217 3216
f 3219 3217 3218
f 3220 3219 3218
f 3221 3219 3220
f 3222 3221 3220
f 3223 3221 3222
f 3224 3223 3222
f 3225 3223 3224
f 3226 3225 3224
f 3229 3228 3227
f 3230 3229 3227
f 3231 3229 3230
f 3232 3231 3230
f 3233 3231 3232
f 3234 3233 3232
f 3235 3233 3234
f 3236 3235 3234
f 3237 3235 3236
f 3238 3237 3236
f 3239 3237 3238
f 3240 3239 3238
f 3241 3239 3240
f 3242 3241 3240
f 3243 3241 3242
f 3244 3243 3242
f 3257 3255 3256
f 3258 3257 3256
f 3259 3257 3258
f 3260 3259 3258
f 3261 3259 3260
f 3262 3261 3260
f 3247 3246 3245
f 3248 3247 3245
f 3249 3247 3248
f 3250 3249 3248
f 3251 3249 3250
f 3252 3251 3250
f 3253 3251 3252
f 3254 3253 3252
f 3255 3253 3254
f 3256 3255 3254
f 3265 3264 3263
f 3266 3265 3263
f 3267 3266 3263
f 3268 3267 3263
f 3269 3268 3263
f 3270 3269 3263
f 3309 3308 3303
f 3310 3309 3303
f 3308 3307 3303
f 3305 3304 3303
f 3306 3305 3303
f 3307 3306 3303
f 3281 3280 3279
f 3282 3281 3279
f 3283 3282 3279
f 3284 3283 3279
f 3285 3284 3279
f 3286 3285 3279
f 3301 3300 3295
f 3302 3301 3295
f 3300 3299 3295
f 3297 3296 3295
f 3298 3297 3295
f 3299 3298 3295
f 3273 3272 3271
f 3274 3273 3271
f 3275 3274 3271
f 3276 3275 3271
f 3277 3276 3271
f 3278 3277 3271
f 3317 3316 3311
f 3318 3317 3311
f 3316 3315 3311
f 3313 3312 3311
f 3314 3313 3311
f 3315 3314 3311
f 3321 3320 3319
f 3322 3321 3319
f 3323 3322 3319
f 3324 3323 3319
f 3325 3324 3319
f 3326 3325 3319
f 3341 3340 3335
f 3342 3341 3335
f 3340 3339 3335
f 3337 3336 3335
f 3338 3337 3335
f 3339 3338 3335
f 3289 3288 3287
f 3290 3289 3287
f 3291 3290 3287
f 3292 3291 3287
f 3293 3292 3287
f 3294 3293 3287
f 3345 3344 3343
f 3346 3345 3343
f 3347 3346 3343
f 3348 3347 3343
f 3349 3348 3343
f 3350 3349 3343
f 3389 3388 3383
f 3390 3389 3383
f 3388 3387 3383
f 3385 3384 3383
f 3386 3385 3383
f 3387 3386 3383
f 3329 3328 3327
f 3330 3329 3327
f 3331 3330 3327
f 3332 3331 3327
f 3333 3332 3327
f 3334 3333 3327
f 3361 3360 3359
f 3362 3361 3359
f 3363 3362 3359
f 3364 3363 3359
f 3365 3364 3359
f 3366 3365 3359
f 3381 3380 3375
f 3382 3381 3375
f 3380 3379 3375
f 3377 3376 3375
f 3378 3377 3375
f 3379 3378 3375
f 3353 3352 3351
f 3354 3353 3351
f 3355 3354 3351
f 3356 3355 3351
f 3357 3356 3351
f 3358 3357 3351
f 3405 3404 3399
f 3406 3405 3399
f 3404 3403 3399
f 3401 3400 3399
f 3402 3401 3399
f 3403 3402 3399
f 3409 3408 3407
f 3410 3409 3407
f 3411 3410 3407
f 3412 3411 3407
f 3413 3412 3407
f 3414 3413 3407
f 3429 3428 3423
f 3430 3429 3423
f 3428 3427 3423
f 3425 3424 3423
f 3426 3425 3423
f 3427 3426 3423
f 3369 3368 3367
f 3370 3369 3367
f 3371 3370 3367
f 3372 3371 3367
f 3373 3372 3367
f 3374 3373 3367
f 3397 3396 3391
f 3398 3397 3391
f 3396 3395 3391
f 3393 3392 3391
f 3394 3393 3391
f 3395 3394 3391
f 3417 3416 3415
f 3418 3417 3415
f 3419 3418 3415
f 3420 3419 3415
f 3421 3420 3415
f 3422 3421 3415
f 3451 3450 3449
f 3452 3451 3449
f 3466 3465 3464
f 3465 3463 3464
f 3453 3451 3452
f 3454 3453 3452
f 3464 3463 3462
f 3463 3461 3462
f 3455 3453 3454
f 3461 3459 3460
f 3462 3461 3460
f 3456 3455 3454
f 3457 3455 3456
f 3459 3457 3458
f 3460 3459 3458
f 3458 3457 3456
f 3433 3432 3431
f 3447 3445 3446
f 3448 3447 3446
f 3434 3433 3431
f 3435 3433 3434
f 3445 3443 3444
f 3446 3445 3444
f 3436 3435 3434
f 3437 3435 3436
f 3443 3441 3442
f 3444 3443 3442
f 3438 3437 3436
f 3439 3437 3438
f 3441 3439 3440
f 3442 3441 3440
f 3440 3439 3438
f 3469 3468 3467
f 3470 3469 3467
f 3484 3483 3482
f 3483 3481 3482
f 3471 3469 3470
f 3472 3471 3470
f 3482 3481 3480
f 3481 3479 3480
f 3473 3471 3472
f 3479 3477 3478
f 3480 3479 3478
f 3474 3473 3472
f 3475 3473 3474
f 3477 3475 3476
f 3478 3477 3476
f 3476 3475 3474
f 3487 3486 3485
f 3501 3499 3500
f 3502 3501 3500
f 3488 3487 3485
f 3489 3487 3488
f 3499 3497 3498
f 3500 3499 3498
f 3490 3489 3488
f 3491 3489 3490
f 3497 3495 3496
f 3498 3497 3496
f 3492 3491 3490
f 3493 3491 3492
f 3495 3493 3494
f 3496 3495 3494
f 3494 3493 3492
f 3523 3522 3521
f 3524 3523 3521
f 3538 3537 3536
f 3525 3523 3524
f 3526 3525 3524
f 3536 3535 3534
f 3537 3535 3536
f 3535 3533 3534
f 3527 3525 3526
f 3528 3527 3526
f 3534 3533 3532
f 3533 3531 3532
f 3529 3527 3528
f 3530 3529 3528
f 3532 3531 3530
f 3531 3529 3530
f 3505 3504 3503
f 3506 3505 3503
f 3520 3519 3518
f 3519 3517 3518
f 3507 3505 3506
f 3508 3507 3506
f 3518 3517 3516
f 3517 3515 3516
f 3509 3507 3508
f 3515 3513 3514
f 3516 3515 3514
f 3510 3509 3508
f 3511 3509 3510
f 3513 3511 3512
f 3514 3513 3512
f 3512 3511 3510
f 3559 3558 3557
f 3560 3559 3557
f 3574 3573 3572
f 3561 3559 3560
f 3562 3561 3560
f 3572 3571 3570
f 3573 3571 3572
f 3563 3561 3562
f 3564 3563 3562
f 3571 3569 3570
f 3570 3569 3568
f 3565 3563 3564
f 3566 3565 3564
f 3568 3567 3566
f 3569 3567 3568
f 3567 3565 3566
f 3591 3589 3590
f 3592 3591 3590
f 3577 3576 3575
f 3589 3587 3588
f 3590 3589 3588
f 3578 3577 3575
f 3579 3577 3578
f 3580 3579 3578
f 3587 3585 3586
f 3588 3587 3586
f 3581 3579 3580
f 3582 3581 3580
f 3583 3581 3582
f 3585 3583 3584
f 3586 3585 3584
f 3584 3583 3582
f 3541 3540 3539
f 3542 3541 3539
f 3556 3555 3554
f 3555 3553 3554
f 3543 3541 3542
f 3544 3543 3542
f 3554 3553 3552
f 3553 3551 3552
f 3545 3543 3544
f 3546 3545 3544
f 3551 3549 3550
f 3552 3551 3550
f 3547 3545 3546
f 3549 3547 3548
f 3550 3549 3548
f 3548 3547 3546
f 3610 3609 3608
f 3608 3609 3606
f 3614 3612 3613
f 3613 3612 3611
f 3703 3704 3702
f 3703 3702 3701
f 3659 3660 3658
f 3659 3658 3657
f 3663 3662 3661
f 3683 3682 3681
f 3655 3654 3653
f 3655 3656 3654
f 3683 3684 3682
f 3608 3606 3607
f 3607 3606 3605
f 3685 3684 3683
f 3619 3618 3617
f 3620 3618 3619
f 3621 3618 3620
f 3685 3686 3684
f 3665 3680 3679
f 3679 3680 3678
f 3679 3678 3677
f 3663 3664 3662
f 3677 3678 3676
f 3677 3676 3675
f 3680 3626 3678
f 3680 3625 3626
f 3665 3666 3680
f 3666 3625 3680
f 3678 3632 3676
f 3678 3626 3632
f 3666 3627 3625
f 3627 3626 3625
f 3701 3702 3700
f 3701 3700 3699
f 3635 3634 3633
f 3614 3615 3612
f 3616 3615 3614
f 3630 3626 3629
f 3629 3626 3628
f 3631 3626 3630
f 3632 3626 3631
f 3628 3626 3627
f 3689 3688 3687
f 3604 3603 3602
f 3602 3603 3600
f 3651 3652 3650
f 3651 3650 3649
f 3622 3618 3621
f 3689 3690 3688
f 3635 3636 3634
f 3667 3666 3665
f 3675 3674 3673
f 3675 3676 3674
f 3667 3668 3666
f 3668 3627 3666
f 3676 3632 3631
f 3676 3631 3674
f 3668 3628 3627
f 3629 3628 3670
f 3670 3628 3668
f 3674 3631 3630
f 3669 3668 3667
f 3669 3670 3668
f 3674 3630 3672
f 3673 3674 3672
f 3639 3638 3637
f 3639 3640 3638
f 3673 3672 3671
f 3647 3648 3646
f 3624 3618 3623
f 3697 3698 3696
f 3623 3618 3622
f 3691 3690 3689
f 3691 3692 3690
f 3697 3696 3695
f 3595 3594 3593
f 3596 3594 3595
f 3672 3629 3670
f 3672 3630 3629
f 3601 3600 3599
f 3647 3646 3645
f 3602 3600 3601
f 3671 3670 3669
f 3671 3672 3670
f 3643 3644 3642
f 3643 3642 3641
f 3695 3696 3694
f 3695 3694 3693
f 3596 3597 3594
f 3598 3597 3596
f 4243 4244 4242
f 4252 4250 4251
f 4223 4222 4221
f 4214 4215 4216
f 4052 4050 4051
f 4060 4058 4059
f 4059 4058 4057
f 4047 4046 4045
f 4048 4046 4047
f 4247 4246 4245
f 4248 4246 4247
f 4251 4250 4249
f 4263 4262 4261
f 4264 4262 4263
f 4255 4254 4253
f 4255 4256 4254
f 4243 4242 4241
f 4224 4222 4223
f 4210 4211 4212
f 4211 4210 4209
f 4207 4208 4206
f 4051 4050 4049
f 4043 4042 4041
f 4044 4042 4043
f 4168 4166 4167
f 4171 4172 4170
f 4180 4178 4179
f 4171 4170 4169
f 4167 4166 4165
f 4179 4178 4177
f 4176 4174 4175
f 4207 4206 4205
f 4231 4230 4229
f 4227 4226 4225
f 4013 4011 4012
f 4012 4011 4010
f 4016 4017 4015
f 4016 4015 4014
f 4004 4003 4002
f 4003 4004 4005
f 4020 4021 4019
f 4020 4019 4018
f 4215 4214 4213
f 4231 4232 4230
f 4235 4234 4233
f 4203 4202 4201
f 4203 4204 4202
f 4164 4162 4163
f 4175 4174 4173
f 4163 4162 4161
f 4080 4078 4079
f 4079 4078 4077
f 4071 4070 4069
f 4067 4066 4065
f 4068 4066 4067
f 4072 4070 4071
f 3769 3768 3767
f 4056 4054 4055
f 3770 3768 3769
f 3771 3770 3769
f 3773 3772 3771
f 3772 3770 3771
f 3778 3779 3780
f 3779 3778 3777
f 3777 3781 3779
f 3781 3777 3782
f 4063 4062 4061
f 4064 4062 4063
f 3774 3772 3773
f 3775 3774 3773
f 3767 3766 3765
f 3768 3766 3767
f 3776 3774 3775
f 3765 3764 3763
f 3766 3764 3765
f 4037 4035 4036
f 4027 4028 4029
f 4028 4027 4026
f 4055 4054 4053
f 4219 4218 4217
f 4220 4218 4219
f 4228 4226 4227
f 4235 4236 4234
f 4036 4035 4034
f 4239 4238 4237
f 4119 4118 4117
f 4120 4118 4119
f 4111 4110 4109
f 4107 4108 4106
f 4112 4110 4111
f 3841 3840 3839
f 3842 3840 3841
f 3843 3842 3841
f 3832 3826 3833
f 3826 3832 3825
f 3830 3825 3832
f 3997 3996 3995
f 3844 3842 3843
f 3852 3854 3851
f 3853 3852 3851
f 4143 4142 4141
f 4144 4142 4143
f 4107 4106 4105
f 4147 4146 4145
f 4160 4158 4159
f 4103 4104 4102
f 4159 4158 4157
f 4103 4102 4101
f 4148 4146 4147
f 4151 4150 4149
f 3798 3796 3795
f 3807 3805 3806
f 3795 3793 3794
f 3796 3793 3795
f 4199 4198 4197
f 4195 4194 4193
f 3805 3804 3803
f 3807 3804 3805
f 3800 3798 3799
f 3800 3797 3798
f 3796 3798 3797
f 3808 3804 3807
f 3794 3793 3790
f 3825 3830 3824
f 3825 3824 3818
f 3826 3825 3819
f 3819 3825 3818
f 3802 3800 3799
f 3790 3793 3789
f 3791 3790 3789
f 3790 3791 3792
f 3800 3802 3801
f 3818 3816 3819
f 3815 3816 3818
f 3818 3824 3815
f 3839 3838 3837
f 3840 3838 3839
f 3845 3844 3843
f 3827 3833 3826
f 3831 3824 3830
f 3833 3827 3834
f 4152 4150 4151
f 4240 4238 4239
f 3846 3844 3845
f 3853 3857 3856
f 3856 3855 3854
f 3820 3826 3819
f 3824 3823 3815
f 3824 3831 3823
f 3827 3826 3820
f 3819 3816 3820
f 3817 3816 3815
f 3815 3823 3817
f 4040 4039 4038
f 4187 4186 4185
f 4187 4188 4186
f 4198 4199 4200
f 3822 3816 3821
f 3821 3816 3817
f 4260 4258 4259
f 3849 3848 3847
f 3850 3848 3849
f 3838 3850 3837
f 3829 3828 3821
f 3821 3828 3822
f 3829 3836 3828
f 3823 3829 3817
f 3823 3835 3829
f 3835 3823 3831
f 4259 4258 4257
f 3836 3829 3835
f 3837 3850 3849
f 3737 3736 3742
f 3738 3736 3737
f 3757 3756 3755
f 3729 3728 3727
f 3731 3729 3727
f 3739 3738 3737
f 3817 3829 3821
f 4087 4086 4085
f 4083 4082 4081
f 4084 4082 4083
f 4100 4098 4099
f 4099 4098 4097
f 4191 4190 4189
f 3740 3738 3739
f 3749 3748 3747
f 4088 4086 4087
f 4091 4090 4089
f 4190 4191 4192
f 4195 4196 4194
f 4092 4090 4091
f 4024 4023 4022
f 4000 3999 3998
f 3736 3734 3735
f 3735 3734 3733
f 3722 3721 3720
f 4076 4074 4075
f 4075 4074 4073
f 3757 3758 3756
f 3746 3744 3745
f 3745 3744 3743
f 4000 4001 3999
f 4032 4031 4030
f 4140 4138 4139
f 4127 4126 4125
f 4123 4124 4122
f 4123 4122 4121
f 4139 4138 4137
f 4025 4023 4024
f 4128 4126 4127
f 4131 4130 4129
f 4032 4033 4031
f 4132 4130 4131
f 4184 4182 4183
f 4183 4182 4181
f 4116 4114 4115
f 4115 4114 4113
f 3719 3715 3713
f 3741 3740 3733
f 3733 3740 3739
f 3750 3748 3749
f 3753 3752 3751
f 3726 3725 3724
f 3726 3724 3732
f 4008 4009 4007
f 4008 4007 4006
f 3963 3962 3961
f 3964 3962 3963
f 3967 3966 3965
f 3967 3968 3966
f 3972 3973 3974
f 3969 3945 3946
f 3945 3969 3970
f 3761 3760 3759
f 3762 3760 3761
f 3973 3972 3971
f 3715 3714 3713
f 3722 3720 3730
f 3712 3710 3711
f 3711 3710 3709
f 3754 3752 3753
f 3723 3718 3716
f 3718 3717 3716
f 3786 3784 3785
f 3785 3784 3783
f 3784 3787 3783
f 3788 3787 3784
f 3708 3706 3707
f 3707 3706 3705
f 3981 3980 3979
f 3994 3992 3993
f 3978 3976 3977
f 3977 3976 3975
f 3993 3992 3991
f 4155 4154 4153
f 4156 4154 4155
f 3955 3954 3953
f 3951 3950 3949
f 3868 3867 3866
f 3870 3869 3868
f 3869 3867 3868
f 3862 3859 3861
f 3861 3859 3860
f 3866 3865 3864
f 3867 3865 3866
f 3863 3859 3862
f 3871 3869 3870
f 3860 3859 3858
f 4095 4094 4093
f 4096 4094 4095
f 3864 3875 3874
f 3865 3875 3864
f 3874 3873 3872
f 3875 3873 3874
f 3947 3946 3945
f 3952 3950 3951
f 3948 3946 3947
f 3955 3956 3954
f 3912 3911 3910
f 3912 3913 3911
f 3922 3921 3920
f 3923 3921 3922
f 3902 3901 3900
f 3876 3869 3878
f 3869 3876 3867
f 3871 3878 3869
f 3867 3877 3865
f 3877 3867 3876
f 3902 3903 3901
f 3908 3907 3906
f 3909 3907 3908
f 3878 3871 3879
f 3888 3887 3886
f 3887 3885 3886
f 3886 3885 3884
f 3865 3880 3875
f 3880 3865 3877
f 3875 3881 3873
f 3884 3883 3882
f 3885 3883 3884
f 3881 3875 3880
f 3889 3887 3888
f 3890 3889 3888
f 4136 4134 4135
f 4135 4134 4133
f 3894 3899 3896
f 3896 3895 3894
f 3895 3897 3894
f 3895 3898 3897
f 3982 3980 3981
f 3985 3984 3983
f 3986 3984 3985
f 3882 3893 3892
f 3883 3893 3882
f 3891 3889 3890
f 3892 3891 3890
f 3893 3891 3892
f 3989 3988 3987
f 3990 3988 3989
f 3939 3938 3937
f 3905 3903 3902
f 3933 3932 3903
f 3939 3940 3938
f 3915 3913 3912
f 3935 3915 3912
f 3934 3932 3933
f 3944 3942 3943
f 3943 3942 3941
f 3935 3936 3915
f 3960 3958 3959
f 3959 3958 3957
f 3812 3810 3811
f 3811 3810 3809
f 3814 3813 3812
f 3812 3813 3810
f 3913 3915 3914
f 3918 3917 3916
f 3905 3902 3904
f 3919 3917 3918
f 3931 3929 3930
f 3930 3929 3928
f 3926 3927 3925
f 3926 3925 3924
f 4803 4804 4802
f 4812 4810 4811
f 4783 4782 4781
f 4774 4775 4776
f 4612 4610 4611
f 4620 4618 4619
f 4619 4618 4617
f 4607 4606 4605
f 4608 4606 4607
f 4807 4806 4805
f 4808 4806 4807
f 4811 4810 4809
f 4823 4822 4821
f 4824 4822 4823
f 4815 4814 4813
f 4815 4816 4814
f 4803 4802 4801
f 4784 4782 4783
f 4770 4771 4772
f 4771 4770 4769
f 4767 4768 4766
f 4611 4610 4609
f 4603 4602 4601
f 4604 4602 4603
f 4728 4726 4727
f 4731 4732 4730
f 4740 4738 4739
f 4731 4730 4729
f 4727 4726 4725
f 4739 4738 4737
f 4736 4734 4735
f 4767 4766 4765
f 4791 4790 4789
f 4787 4786 4785
f 4573 4571 4572
f 4572 4571 4570
f 4576 4577 4575
f 4576 4575 4574
f 4564 4563 4562
f 4563 4564 4565
f 4580 4581 4579
f 4580 4579 4578
f 4775 4774 4773
f 4791 4792 4790
f 4795 4794 4793
f 4763 4762 4761
f 4763 4764 4762
f 4724 4722 4723
f 4735 4734 4733
f 4723 4722 4721
f 4640 4638 4639
f 4639 4638 4637
f 4631 4630 4629
f 4627 4626 4625
f 4628 4626 4627
f 4632 4630 4631
f 4329 4328 4327
f 4616 4614 4615
f 4330 4328 4329
f 4331 4330 4329
f 4333 4332 4331
f 4332 4330 4331
f 4338 4339 4340
f 4339 4338 4337
f 4337 4341 4339
f 4341 4337 4342
f 4623 4622 4621
f 4624 4622 4623
f 4334 4332 4333
f 4335 4334 4333
f 4327 4326 4325
f 4328 4326 4327
f 4336 4334 4335
f 4325 4324 4323
f 4326 4324 4325
f 4597 4595 4596
f 4587 4588 4589
f 4588 4587 4586
f 4615 4614 4613
f 4779 4778 4777
f 4780 4778 4779
f 4788 4786 4787
f 4795 4796 4794
f 4596 4595 4594
f 4799 4798 4797
f 4679 4678 4677
f 4680 4678 4679
f 4671 4670 4669
f 4667 4668 4666
f 4672 4670 4671
f 4401 4400 4399
f 4402 4400 4401
f 4403 4402 4401
f 4392 4386 4393
f 4386 4392 4385
f 4390 4385 4392
f 4557 4556 4555
f 4404 4402 4403
f 4412 4414 4411
f 4413 4412 4411
f 4703 4702 4701
f 4704 4702 4703
f 4667 4666 4665
f 4707 4706 4705
f 4720 4718 4719
f 4663 4664 4662
f 4719 4718 4717
f 4663 4662 4661
f 4708 4706 4707
f 4711 4710 4709
f 4358 4356 4355
f 4367 4365 4366
f 4355 4353 4354
f 4356 4353 4355
f 4759 4758 4757
f 4755 4754 4753
f 4365 4364 4363
f 4367 4364 4365
f 4360 4358 4359
f 4360 4357 4358
f 4356 4358 4357
f 4368 4364 4367
f 4354 4353 4350
f 4385 4390 4384
f 4385 4384 4378
f 4386 4385 4379
f 4379 4385 4378
f 4362 4360 4359
f 4350 4353 4349
f 4351 4350 4349
f 4350 4351 4352
f 4360 4362 4361
f 4378 4376 4379
f 4375 4376 4378
f 4378 4384 4375
f 4399 4398 4397
f 4400 4398 4399
f 4405 4404 4403
f 4387 4393 4386
f 4391 4384 4390
f 4393 4387 4394
f 4712 4710 4711
f 4800 4798 4799
f 4406 4404 4405
f 4413 4417 4416
f 4416 4415 4414
f 4380 4386 4379
f 4384 4383 4375
f 4384 4391 4383
f 4387 4386 4380
f 4379 4376 4380
f 4377 4376 4375
f 4375 4383 4377
f 4600 4599 4598
f 4747 4746 4745
f 4747 4748 4746
f 4758 4759 4760
f 4382 4376 4381
f 4381 4376 4377
f 4820 4818 4819
f 4409 4408 4407
f 4410 4408 4409
f 4398 4410 4397
f 4389 4388 4381
f 4381 4388 4382
f 4389 4396 4388
f 4383 4389 4377
f 4383 4395 4389
f 4395 4383 4391
f 4819 4818 4817
f 4396 4389 4395
f 4397 4410 4409
f 4297 4296 4302
f 4298 4296 4297
f 4317 4316 4315
f 4289 4288 4287
f 4291 4289 4287
f 4299 4298 4297
f 4377 4389 4381
f 4647 4646 4645
f 4643 4642 4641
f 4644 4642 4643
f 4660 4658 4659
f 4659 4658 4657
f 4751 4750 4749
f 4300 4298 4299
f 4309 4308 4307
f 4648 4646 4647
f 4651 4650 4649
f 4750 4751 4752
f 4755 4756 4754
f 4652 4650 4651
f 4584 4583 4582
f 4560 4559 4558
f 4296 4294 4295
f 4295 4294 4293
f 4282 4281 4280
f 4636 4634 4635
f 4635 4634 4633
f 4317 4318 4316
f 4306 4304 4305
f 4305 4304 4303
f 4560 4561 4559
f 4592 4591 4590
f 4700 4698 4699
f 4687 4686 4685
f 4683 4684 4682
f 4683 4682 4681
f 4699 4698 4697
f 4585 4583 4584
f 4688 4686 4687
f 4691 4690 4689
f 4592 4593 4591
f 4692 4690 4691
f 4744 4742 4743
f 4743 4742 4741
f 4676 4674 4675
f 4675 4674 4673
f 4279 4275 4273
f 4301 4300 4293
f 4293 4300 4299
f 4310 4308 4309
f 4313 4312 4311
f 4286 4285 4284
f 4286 4284 4292
f 4568 4569 4567
f 4568 4567 4566
f 4523 4522 4521
f 4524 4522 4523
f 4527 4526 4525
f 4527 4528 4526
f 4532 4533 4534
f 4529 4505 4506
f 4505 4529 4530
f 4321 4320 4319
f 4322 4320 4321
f 4533 4532 4531
f 4275 4274 4273
f 4282 4280 4290
f 4272 4270 4271
f 4271 4270 4269
f 4314 4312 4313
f 4283 4278 4276
f 4278 4277 4276
f 4346 4344 4345
f 4345 4344 4343
f 4344 4347 4343
f 4348 4347 4344
f 4268 4266 4267
f 4267 4266 4265
f 4541 4540 4539
f 4554 4552 4553
f 4538 4536 4537
f 4537 4536 4535
f 4553 4552 4551
f 4715 4714 4713
f 4716 4714 4715
f 4515 4514 4513
f 4511 4510 4509
f 4428 4427 4426
f 4430 4429 4428
f 4429 4427 4428
f 4422 4419 4421
f 4421 4419 4420
f 4426 4425 4424
f 4427 4425 4426
f 4423 4419 4422
f 4431 4429 4430
f 4420 4419 4418
f 4655 4654 4653
f 4656 4654 4655
f 4424 4435 4434
f 4425 4435 4424
f 4434 4433 4432
f 4435 4433 4434
f 4507 4506 4505
f 4512 4510 4511
f 4508 4506 4507
f 4515 4516 4514
f 4472 4471 4470
f 4472 4473 4471
f 4482 4481 4480
f 4483 4481 4482
f 4462 4461 4460
f 4436 4429 4438
f 4429 4436 4427
f 4431 4438 4429
f 4427 4437 4425
f 4437 4427 4436
f 4462 4463 4461
f 4468 4467 4466
f 4469 4467 4468
f 4438 4431 4439
f 4448 4447 4446
f 4447 4445 4446
f 4446 4445 4444
f 4425 4440 4435
f 4440 4425 4437
f 4435 4441 4433
f 4444 4443 4442
f 4445 4443 4444
f 4441 4435 4440
f 4449 4447 4448
f 4450 4449 4448
f 4696 4694 4695
f 4695 4694 4693
f 4454 4459 4456
f 4456 4455 4454
f 4455 4457 4454
f 4455 4458 4457
f 4542 4540 4541
f 4545 4544 4543
f 4546 4544 4545
f 4442 4453 4452
f 4443 4453 4442
f 4451 4449 4450
f 4452 4451 4450
f 4453 4451 4452
f 4549 4548 4547
f 4550 4548 4549
f 4499 4498 4497
f 4465 4463 4462
f 4493 4492 4463
f 4499 4500 4498
f 4475 4473 4472
f 4495 4475 4472
f 4494 4492 4493
f 4504 4502 4503
f 4503 4502 4501
f 4495 4496 4475
f 4520 4518 4519
f 4519 4518 4517
f 4372 4370 4371
f 4371 4370 4369
f 4374 4373 4372
f 4372 4373 4370
f 4473 4475 4474
f 4478 4477 4476
f 4465 4462 4464
f 4479 4477 4478
f 4491 4489 4490
f 4490 4489 4488
f 4486 4487 4485
f 4486 4485 4484
f 4855 4853 4854
f 4855 4849 4853
f 4849 4855 4852
f 4837 4836 4835
f 4839 4834 4837
f 4850 4849 4848
f 4853 4849 4850
f 4826 4829 4830
f 4829 4826 4828
f 4849 4852 4851
f 4837 4833 4836
f 4837 4834 4833
f 4867 4865 4866
f 4867 4869 4865
f 4870 4869 4867
f 4833 4834 4832
f 4828 4826 4827
f 4865 4869 4868
f 4866 4865 4864
f 4870 4871 4869
f 4836 4833 4838
f 4858 4862 4861
f 4858 4861 4857
f 4857 4861 4860
f 4858 4857 4856
f 4863 4862 4858
f 4857 4860 4859
f 4833 4832 4831
f 4827 4826 4825
f 4844 4842 4843
f 4846 4842 4844
f 4842 4841 4840
f 4842 4846 4841
f 4841 4846 4847
f 4847 4846 4845
f 4873 4874 4875
f 4872 4880 4874
f 4874 4873 4872
f 4885 4881 4884
f 4881 4885 4880
f 4892 4889 4891
f 4891 4889 4890
f 4894 4892 4893
f 4881 4880 4872
f 4894 4889 4892
f 4905 4906 4902
f 4905 4902 4903
f 4899 4903 4902
f 4877 4872 4873
f 4876 4881 4872
f 4872 4877 4876
f 4882 4881 4876
f 4882 4884 4881
f 4886 4884 4882
f 4909 4908 4905
f 4905 4908 4906
f 4898 4899 4897
f 4898 4897 4896
f 4913 4912 4911
f 4912 4916 4915
f 4898 4903 4899
f 4921 4919 4920
f 4920 4919 4918
f 4922 4919 4921
f 4928 4927 4926
f 4888 4894 4895
f 4889 4894 4888
f 4926 4927 4925
f 4904 4903 4898
f 4904 4905 4903
f 4926 4925 4924
f 4901 4900 4896
f 4907 4909 4905
f 4909 4907 4910
f 4896 4900 4898
f 4923 4919 4922
f 4918 4919 4923
f 4912 4917 4916
f 4904 4898 4900
f 4890 4889 4888
f 4907 4905 4904
f 4913 4914 4912
f 4914 4917 4912
f 4878 4876 4877
f 4879 4876 4878
f 4879 4882 4876
f 4883 4882 4879
f 4883 4886 4882
f 4886 4883 4887
f 4931 4930 4929
f 4932 4930 4931
f 4934 4932 4931
f 4932 4934 4933
f 4936 4933 4934
f 4933 4936 4935
f 4952 4946 4953
f 4946 4952 4944
f 4952 4951 4944
f 4954 4953 4947
f 4947 4953 4946
f 4944 4951 4942
f 4951 4956 4942
f 4954 4950 4955
f 4950 4954 4947
f 4948 4946 4945
f 4946 4944 4945
f 4945 4944 4943
f 4944 4942 4943
f 4943 4942 4941
f 4936 4937 4935
f 4938 4937 4936
f 4938 4939 4937
f 4940 4939 4938
f 4942 4956 4950
f 4946 4948 4947
f 4949 4947 4948
f 4942 4950 4941
f 4941 4950 4949
f 4950 4947 4949
f 5139 5140 5056
f 5037 5036 5035
f 5037 5038 5036
f 5039 5038 5037
f 5139 5056 5055
f 5057 5142 5141
f 5058 5144 5143
f 5058 5142 5057
f 5040 5038 5039
f 5149 5061 5056
f 5149 5150 5061
f 5059 5144 5058
f 5059 5146 5145
f 5147 5148 5060
f 5147 5060 5061
f 5060 5146 5059
f 5048 5058 5057
f 5055 5056 5044
f 5055 5044 5043
f 5056 5053 5044
f 5056 5061 5053
f 5047 5059 5058
f 5047 5058 5048
f 5061 5060 5052
f 5061 5052 5053
f 5050 5060 5059
f 5050 5059 5047
f 5052 5060 5050
f 5084 5092 5082
f 5092 5080 5082
f 5082 5085 5084
f 5085 5082 5083
f 5083 5082 5081
f 5081 5082 5080
f 5047 5048 5046
f 5043 5042 5041
f 5043 5044 5042
f 5044 5053 5054
f 5044 5054 5042
f 5047 5046 5045
f 5049 5047 5045
f 5050 5047 5049
f 5093 5095 5092
f 5092 5095 5091
f 5092 5091 5080
f 5093 5092 5084
f 5054 5053 5051
f 5051 5053 5052
f 5052 5050 5049
f 5052 5049 5051
f 5091 5078 5080
f 5079 5080 5078
f 5081 5080 5079
f 5074 5094 5086
f 5086 5076 5074
f 5076 5086 5087
f 5091 5095 5090
f 5091 5090 5078
f 5088 5094 5074
f 5088 5095 5094
f 5081 5126 5083
f 5126 5085 5083
f 5089 5095 5088
f 5090 5095 5089
f 5127 5126 5081
f 5079 5127 5081
f 5131 5076 5087
f 5126 5132 5085
f 5090 5075 5078
f 5090 5089 5075
f 5075 5088 5074
f 5089 5088 5075
f 5075 5079 5078
f 5076 5075 5074
f 5126 5067 5132
f 5127 5067 5126
f 5023 5024 5022
f 5023 5022 5021
f 5025 5023 5021
f 5026 5023 5025
f 5006 5004 5005
f 5007 5004 5006
f 5019 5020 5014
f 5019 5014 5015
f 5005 5004 5003
f 5131 5130 5076
f 5132 5067 5066
f 5131 5065 5130
f 5128 5127 5079
f 5077 5128 5079
f 5079 5075 5077
f 5130 5077 5076
f 5077 5075 5076
f 5018 5026 5025
f 5027 5026 5018
f 5020 5027 5018
f 5020 5018 5014
f 5067 5127 5069
f 5128 5069 5127
f 5102 5100 5101
f 5117 5107 5108
f 5117 5115 5107
f 5119 5120 5118
f 5103 5100 5102
f 5101 5100 5099
f 5115 5105 5107
f 5115 5116 5105
f 5030 5029 5028
f 5031 5029 5030
f 5029 5031 5124
f 5029 5124 5125
f 5028 5032 5030
f 5028 5034 5032
f 5119 5118 5114
f 5121 5119 5114
f 5116 5121 5105
f 5067 5030 5066
f 5031 5030 5067
f 5069 5031 5067
f 5129 5128 5077
f 5130 5129 5077
f 5121 5114 5113
f 5105 5121 5113
f 5125 5124 5123
f 5016 5021 5010
f 5010 5021 5022
f 5016 5025 5021
f 5015 5014 5009
f 5034 4998 5033
f 5034 5033 5032
f 5123 5124 4996
f 5123 4996 4998
f 5130 5065 5064
f 5130 5064 5129
f 5124 5031 5068
f 5124 5068 4996
f 5138 5025 5016
f 5018 5025 5138
f 5009 5014 5008
f 5014 5017 5008
f 5014 5018 5017
f 5069 5128 5071
f 5065 5063 5064
f 5071 5068 5069
f 5031 5069 5068
f 5114 5118 5122
f 5107 5109 5108
f 5107 5105 5106
f 5110 5109 5107
f 4996 4997 4998
f 4993 4991 5133
f 4993 4992 4991
f 4994 4992 4993
f 5096 5062 5063
f 5096 5097 5062
f 5134 5016 5011
f 5136 5138 5016
f 5136 5016 5134
f 5011 5016 5010
f 5018 5138 5017
f 4996 5068 4999
f 4997 4996 4995
f 5000 4996 4999
f 5000 4995 4996
f 5106 5105 5104
f 5129 5071 5128
f 5114 5122 5112
f 5113 5114 5112
f 5105 5111 5104
f 5105 5113 5111
f 5068 5071 5070
f 5064 5063 5062
f 5068 5070 4999
f 5012 4995 5000
f 4995 5010 4997
f 5011 5010 4995
f 5012 5011 4995
f 5009 5008 4994
f 4994 5008 4992
f 5012 5134 5011
f 5113 5112 5111
f 4961 4987 4989
f 4964 4961 4989
f 4964 4989 4990
f 4961 4957 4987
f 4957 4988 4987
f 5071 5129 5073
f 5129 5064 5073
f 5064 5062 5073
f 5073 5070 5071
f 4991 5001 5098
f 4991 4992 5001
f 4957 4958 4988
f 4986 4970 4985
f 5137 5017 5138
f 5013 5012 5000
f 5012 5013 5135
f 4962 4959 4957
f 4962 4957 4961
f 4990 4965 4964
f 4984 4965 4990
f 5008 5002 4992
f 5008 5013 5002
f 5008 5017 5013
f 5062 5097 5098
f 4959 4958 4957
f 4959 4960 4958
f 4959 4977 4960
f 4978 4977 4959
f 4962 4978 4959
f 4964 4962 4961
f 5001 5000 4999
f 5013 5000 5002
f 5002 5000 5001
f 4979 4978 4962
f 4980 4979 4962
f 4980 4962 4963
f 4962 4964 4963
f 5001 4992 5002
f 5137 5013 5017
f 5070 5001 4999
f 4976 4974 4975
f 4975 4974 4973
f 4973 4974 4972
f 4985 4970 4967
f 4970 4969 4967
f 4983 4968 4969
f 4983 4982 4968
f 5013 5137 5135
f 4967 4969 4968
f 5070 5073 5072
f 5073 5062 5072
f 5001 5070 5072
f 5062 5098 5072
f 4985 4965 4984
f 4973 4972 4971
f 4981 4980 4963
f 4967 4965 4985
f 4965 4963 4964
f 4981 4963 4966
f 4966 4963 4965
f 4982 4981 4966
f 4982 4966 4968
f 5001 5072 5098
f 4968 4966 4967
f 4967 4966 4965
f 5231 5234 5228
f 5298 5295 5292
f 5297 5292 5293
f 5229 5231 5228
f 5294 5293 5292
f 5295 5294 5292
f 5228 5233 5230
f 5230 5229 5228
f 5235 5240 5237
f 5302 5301 5299
f 5305 5302 5299
f 5237 5236 5235
f 5236 5238 5235
f 5238 5241 5235
f 5304 5299 5300
f 5301 5300 5299
f 5221 5226 5223
f 5311 5306 5307
f 5229 5232 5231
f 5296 5294 5295
f 5237 5239 5236
f 5303 5300 5301
f 5236 5239 5238
f 5303 5301 5302
f 5230 5232 5229
f 5296 5293 5294
f 5200 5205 5202
f 5332 5327 5328
f 5202 5201 5200
f 5329 5328 5327
f 5201 5203 5200
f 5203 5206 5200
f 5330 5329 5327
f 5333 5330 5327
f 5223 5222 5221
f 5223 5225 5222
f 5310 5307 5308
f 5308 5307 5306
f 5161 5164 5158
f 5284 5281 5278
f 5318 5313 5314
f 5315 5314 5313
f 5245 5248 5242
f 5316 5315 5313
f 5319 5316 5313
f 5243 5245 5242
f 5244 5243 5242
f 5242 5247 5244
f 5256 5254 5255
f 5375 5376 5374
f 5222 5224 5221
f 5224 5227 5221
f 5309 5308 5306
f 5312 5309 5306
f 5255 5254 5253
f 5375 5374 5373
f 5159 5161 5158
f 5281 5280 5278
f 5159 5162 5161
f 5282 5280 5281
f 5153 5152 5151
f 5152 5154 5151
f 5154 5157 5151
f 5151 5156 5153
f 5287 5286 5285
f 5288 5287 5285
f 5291 5288 5285
f 5290 5285 5286
f 5222 5225 5224
f 5310 5308 5309
f 5210 5213 5207
f 5368 5365 5362
f 5186 5191 5188
f 5339 5334 5335
f 5182 5185 5179
f 5326 5323 5320
f 5365 5364 5362
f 5364 5363 5362
f 5207 5212 5209
f 5209 5208 5207
f 5208 5210 5207
f 5367 5362 5363
f 5180 5183 5182
f 5180 5182 5179
f 5324 5322 5323
f 5323 5322 5320
f 5202 5204 5201
f 5331 5328 5329
f 5201 5204 5203
f 5331 5329 5330
f 5208 5211 5210
f 5366 5364 5365
f 5243 5246 5245
f 5244 5246 5243
f 5317 5314 5315
f 5317 5315 5316
f 5283 5278 5279
f 5280 5279 5278
f 5158 5163 5160
f 5160 5159 5158
f 5209 5211 5208
f 5366 5363 5364
f 5188 5190 5187
f 5188 5187 5186
f 5338 5335 5336
f 5336 5335 5334
f 5152 5155 5154
f 5289 5287 5288
f 5153 5155 5152
f 5289 5286 5287
f 5251 5250 5249
f 5252 5250 5251
f 5371 5372 5370
f 5371 5370 5369
f 5337 5336 5334
f 5340 5337 5334
f 5187 5189 5186
f 5189 5192 5186
f 5359 5356 5357
f 5359 5357 5358
f 5259 5261 5258
f 5258 5261 5260
f 5282 5279 5280
f 5160 5162 5159
f 5259 5258 5257
f 5360 5355 5356
f 5357 5356 5355
f 5257 5262 5259
f 5268 5266 5267
f 5166 5169 5168
f 5168 5171 5165
f 5267 5266 5264
f 5270 5267 5264
f 5166 5168 5165
f 5352 5349 5350
f 5216 5218 5215
f 5352 5350 5351
f 5215 5218 5217
f 5216 5215 5214
f 5353 5348 5349
f 5350 5349 5348
f 5214 5219 5216
f 5346 5341 5342
f 5172 5177 5174
f 5345 5342 5343
f 5174 5176 5173
f 5343 5342 5341
f 5174 5173 5172
f 5338 5336 5337
f 5187 5190 5189
f 5268 5265 5266
f 5167 5169 5166
f 5324 5321 5322
f 5181 5183 5180
f 5275 5272 5273
f 5195 5197 5194
f 5275 5273 5274
f 5194 5197 5196
f 5322 5321 5320
f 5181 5180 5179
f 5358 5357 5355
f 5258 5260 5257
f 5345 5343 5344
f 5173 5176 5175
f 5361 5358 5355
f 5260 5263 5257
f 5325 5320 5321
f 5179 5184 5181
f 5351 5350 5348
f 5215 5217 5214
f 5266 5265 5264
f 5167 5166 5165
f 5354 5351 5348
f 5217 5220 5214
f 5344 5343 5341
f 5173 5175 5172
f 5347 5344 5341
f 5175 5178 5172
f 5276 5271 5272
f 5273 5272 5271
f 5193 5198 5195
f 5195 5194 5193
f 5274 5273 5271
f 5277 5274 5271
f 5196 5199 5193
f 5194 5196 5193
f 5269 5264 5265
f 5165 5170 5167
f 5559 5560 5476
f 5457 5456 5455
f 5457 5458 5456
f 5459 5458 5457
f 5559 5476 5475
f 5477 5562 5561
f 5478 5564 5563
f 5478 5562 5477
f 5460 5458 5459
f 5569 5481 5476
f 5569 5570 5481
f 5479 5564 5478
f 5479 5566 5565
f 5567 5568 5480
f 5567 5480 5481
f 5480 5566 5479
f 5468 5478 5477
f 5475 5476 5464
f 5475 5464 5463
f 5476 5473 5464
f 5476 5481 5473
f 5467 5479 5478
f 5467 5478 5468
f 5481 5480 5472
f 5481 5472 5473
f 5470 5480 5479
f 5470 5479 5467
f 5472 5480 5470
f 5504 5512 5502
f 5512 5500 5502
f 5502 5505 5504
f 5505 5502 5503
f 5503 5502 5501
f 5501 5502 5500
f 5467 5468 5466
f 5463 5462 5461
f 5463 5464 5462
f 5464 5473 5474
f 5464 5474 5462
f 5467 5466 5465
f 5469 5467 5465
f 5470 5467 5469
f 5513 5515 5512
f 5512 5515 5511
f 5512 5511 5500
f 5513 5512 5504
f 5474 5473 5471
f 5471 5473 5472
f 5472 5470 5469
f 5472 5469 5471
f 5511 5498 5500
f 5499 5500 5498
f 5501 5500 5499
f 5494 5514 5506
f 5506 5496 5494
f 5496 5506 5507
f 5511 5515 5510
f 5511 5510 5498
f 5508 5514 5494
f 5508 5515 5514
f 5501 5546 5503
f 5546 5505 5503
f 5509 5515 5508
f 5510 5515 5509
f 5547 5546 5501
f 5499 5547 5501
f 5551 5496 5507
f 5546 5552 5505
f 5510 5495 5498
f 5510 5509 5495
f 5495 5508 5494
f 5509 5508 5495
f 5495 5499 5498
f 5496 5495 5494
f 5546 5487 5552
f 5547 5487 5546
f 5443 5444 5442
f 5443 5442 5441
f 5445 5443 5441
f 5446 5443 5445
f 5426 5424 5425
f 5427 5424 5426
f 5439 5440 5434
f 5439 5434 5435
f 5425 5424 5423
f 5551 5550 5496
f 5552 5487 5486
f 5551 5485 5550
f 5548 5547 5499
f 5497 5548 5499
f 5499 5495 5497
f 5550 5497 5496
f 5497 5495 5496
f 5438 5446 5445
f 5447 5446 5438
f 5440 5447 5438
f 5440 5438 5434
f 5487 5547 5489
f 5548 5489 5547
f 5522 5520 5521
f 5537 5527 5528
f 5537 5535 5527
f 5539 5540 5538
f 5523 5520 5522
f 5521 5520 5519
f 5535 5525 5527
f 5535 5536 5525
f 5450 5449 5448
f 5451 5449 5450
f 5449 5451 5544
f 5449 5544 5545
f 5448 5452 5450
f 5448 5454 5452
f 5539 5538 5534
f 5541 5539 5534
f 5536 5541 5525
f 5487 5450 5486
f 5451 5450 5487
f 5489 5451 5487
f 5549 5548 5497
f 5550 5549 5497
f 5541 5534 5533
f 5525 5541 5533
f 5545 5544 5543
f 5436 5441 5430
f 5430 5441 5442
f 5436 5445 5441
f 5435 5434 5429
f 5454 5418 5453
f 5454 5453 5452
f 5543 5544 5416
f 5543 5416 5418
f 5550 5485 5484
f 5550 5484 5549
f 5544 5451 5488
f 5544 5488 5416
f 5558 5445 5436
f 5438 5445 5558
f 5429 5434 5428
f 5434 5437 5428
f 5434 5438 5437
f 5489 5548 5491
f 5485 5483 5484
f 5491 5488 5489
f 5451 5489 5488
f 5534 5538 5542
f 5527 5529 5528
f 5527 5525 5526
f 5530 5529 5527
f 5416 5417 5418
f 5413 5411 5553
f 5413 5412 5411
f 5414 5412 5413
f 5516 5482 5483
f 5516 5517 5482
f 5554 5436 5431
f 5556 5558 5436
f 5556 5436 5554
f 5431 5436 5430
f 5438 5558 5437
f 5416 5488 5419
f 5417 5416 5415
f 5420 5416 5419
f 5420 5415 5416
f 5526 5525 5524
f 5549 5491 5548
f 5534 5542 5532
f 5533 5534 5532
f 5525 5531 5524
f 5525 5533 5531
f 5488 5491 5490
f 5484 5483 5482
f 5488 5490 5419
f 5432 5415 5420
f 5415 5430 5417
f 5431 5430 5415
f 5432 5431 5415
f 5429 5428 5414
f 5414 5428 5412
f 5432 5554 5431
f 5533 5532 5531
f 5381 5407 5409
f 5384 5381 5409
f 5384 5409 5410
f 5381 5377 5407
f 5377 5408 5407
f 5491 5549 5493
f 5549 5484 5493
f 5484 5482 5493
f 5493 5490 5491
f 5411 5421 5518
f 5411 5412 5421
f 5377 5378 5408
f 5406 5390 5405
f 5557 5437 5558
f 5433 5432 5420
f 5432 5433 5555
f 5382 5379 5377
f 5382 5377 5381
f 5410 5385 5384
f 5404 5385 5410
f 5428 5422 5412
f 5428 5433 5422
f 5428 5437 5433
f 5482 5517 5518
f 5379 5378 5377
f 5379 5380 5378
f 5379 5397 5380
f 5398 5397 5379
f 5382 5398 5379
f 5384 5382 5381
f 5421 5420 5419
f 5433 5420 5422
f 5422 5420 5421
f 5399 5398 5382
f 5400 5399 5382
f 5400 5382 5383
f 5382 5384 5383
f 5421 5412 5422
f 5557 5433 5437
f 5490 5421 5419
f 5396 5394 5395
f 5395 5394 5393
f 5393 5394 5392
f 5405 5390 5387
f 5390 5389 5387
f 5403 5388 5389
f 5403 5402 5388
f 5433 5557 5555
f 5387 5389 5388
f 5490 5493 5492
f 5493 5482 5492
f 5421 5490 5492
f 5482 5518 5492
f 5405 5385 5404
f 5393 5392 5391
f 5401 5400 5383
f 5387 5385 5405
f 5385 5383 5384
f 5401 5383 5386
f 5386 5383 5385
f 5402 5401 5386
f 5402 5386 5388
f 5421 5492 5518
f 5388 5386 5387
f 5387 5386 5385
f 5651 5654 5648
f 5718 5715 5712
f 5717 5712 5713
f 5649 5651 5648
f 5714 5713 5712
f 5715 5714 5712
f 5648 5653 5650
f 5650 5649 5648
f 5655 5660 5657
f 5722 5721 5719
f 5725 5722 5719
f 5657 5656 5655
f 5656 5658 5655
f 5658 5661 5655
f 5724 5719 5720
f 5721 5720 5719
f 5641 5646 5643
f 5731 5726 5727
f 5649 5652 5651
f 5716 5714 5715
f 5657 5659 5656
f 5723 5720 5721
f 5656 5659 5658
f 5723 5721 5722
f 5650 5652 5649
f 5716 5713 5714
f 5620 5625 5622
f 5752 5747 5748
f 5622 5621 5620
f 5749 5748 5747
f 5621 5623 5620
f 5623 5626 5620
f 5750 5749 5747
f 5753 5750 5747
f 5643 5642 5641
f 5643 5645 5642
f 5730 5727 5728
f 5728 5727 5726
f 5581 5584 5578
f 5704 5701 5698
f 5738 5733 5734
f 5735 5734 5733
f 5665 5668 5662
f 5736 5735 5733
f 5739 5736 5733
f 5663 5665 5662
f 5664 5663 5662
f 5662 5667 5664
f 5676 5674 5675
f 5795 5796 5794
f 5642 5644 5641
f 5644 5647 5641
f 5729 5728 5726
f 5732 5729 5726
f 5675 5674 5673
f 5795 5794 5793
f 5579 5581 5578
f 5701 5700 5698
f 5579 5582 5581
f 5702 5700 5701
f 5573 5572 5571
f 5572 5574 5571
f 5574 5577 5571
f 5571 5576 5573
f 5707 5706 5705
f 5708 5707 5705
f 5711 5708 5705
f 5710 5705 5706
f 5642 5645 5644
f 5730 5728 5729
f 5630 5633 5627
f 5788 5785 5782
f 5606 5611 5608
f 5759 5754 5755
f 5602 5605 5599
f 5746 5743 5740
f 5785 5784 5782
f 5784 5783 5782
f 5627 5632 5629
f 5629 5628 5627
f 5628 5630 5627
f 5787 5782 5783
f 5600 5603 5602
f 5600 5602 5599
f 5744 5742 5743
f 5743 5742 5740
f 5622 5624 5621
f 5751 5748 5749
f 5621 5624 5623
f 5751 5749 5750
f 5628 5631 5630
f 5786 5784 5785
f 5663 5666 5665
f 5664 5666 5663
f 5737 5734 5735
f 5737 5735 5736
f 5703 5698 5699
f 5700 5699 5698
f 5578 5583 5580
f 5580 5579 5578
f 5629 5631 5628
f 5786 5783 5784
f 5608 5610 5607
f 5608 5607 5606
f 5758 5755 5756
f 5756 5755 5754
f 5572 5575 5574
f 5709 5707 5708
f 5573 5575 5572
f 5709 5706 5707
f 5671 5670 5669
f 5672 5670 5671
f 5791 5792 5790
f 5791 5790 5789
f 5757 5756 5754
f 5760 5757 5754
f 5607 5609 5606
f 5609 5612 5606
f 5779 5776 5777
f 5779 5777 5778
f 5679 5681 5678
f 5678 5681 5680
f 5702 5699 5700
f 5580 5582 5579
f 5679 5678 5677
f 5780 5775 5776
f 5777 5776 5775
f 5677 5682 5679
f 5688 5686 5687
f 5586 5589 5588
f 5588 5591 5585
f 5687 5686 5684
f 5690 5687 5684
f 5586 5588 5585
f 5772 5769 5770
f 5636 5638 5635
f 5772 5770 5771
f 5635 5638 5637
f 5636 5635 5634
f 5773 5768 5769
f 5770 5769 5768
f 5634 5639 5636
f 5766 5761 5762
f 5592 5597 5594
f 5765 5762 5763
f 5594 5596 5593
f 5763 5762 5761
f 5594 5593 5592
f 5758 5756 5757
f 5607 5610 5609
f 5688 5685 5686
f 5587 5589 5586
f 5744 5741 5742
f 5601 5603 5600
f 5695 5692 5693
f 5615 5617 5614
f 5695 5693 5694
f 5614 5617 5616
f 5742 5741 5740
f 5601 5600 5599
f 5778 5777 5775
f 5678 5680 5677
f 5765 5763 5764
f 5593 5596 5595
f 5781 5778 5775
f 5680 5683 5677
f 5745 5740 5741
f 5599 5604 5601
f 5771 5770 5768
f 5635 5637 5634
f 5686 5685 5684
f 5587 5586 5585
f 5774 5771 5768
f 5637 5640 5634
f 5764 5763 5761
f 5593 5595 5592
f 5767 5764 5761
f 5595 5598 5592
f 5696 5691 5692
f 5693 5692 5691
f 5613 5618 5615
f 5615 5614 5613
f 5694 5693 5691
f 5697 5694 5691
f 5616 5619 5613
f 5614 5616 5613
f 5689 5684 5685
f 5585 5590 5587
f 5830 5798 5797
f 5797 5829 5830
f 5862 5830 5829
f 5829 5861 5862
f 5894 5862 5861
f 5861 5893 5894
f 5926 5894 5893
f 5893 5925 5926
f 5958 5926 5925
f 5925 5957 5958
f 5990 5958 5957
f 5957 5989 5990
f 6022 5990 5989
f 5989 6021 6022
f 6054 6022 6021
f 6021 6053 6054
f 6086 6054 6053
f 6053 6085 6086
f 6118 6086 6085
f 6085 6117 6118
f 6150 6118 6117
f 6117 6149 6150
f 6182 6150 6149
f 6149 6181 6182
f 6214 6182 6181
f 6181 6213 6214
f 6246 6214 6213
f 6213 6245 6246
f 6278 6246 6245
f 6245 6277 6278
f 6310 6278 6277
f 6277 6309 6310
f 6342 6310 6309
f 6309 6341 6342
f 6374 6342 6341
f 6341 6373 6374
f 6406 6374 6373
f 6373 6405 6406
f 6438 6406 6405
f 6405 6437 6438
f 6470 6438 6437
f 6437 6469 6470
f 6502 6470 6469
f 6469 6501 6502
f 6534 6502 6501
f 6501 6533 6534
f 6566 6534 6533
f 6533 6565 6566
f 6598 6566 6565
f 6565 6597 6598
f 6630 6598 6597
f 6597 6629 6630
f 6662 6630 6629
f 6629 6661 6662
f 6694 6662 6661
f 6661 6693 6694
f 6726 6694 6693
f 6693 6725 6726
f 6758 6726 6725
f 6725 6757 6758
f 6790 6758 6757
f 6757 6789 6790
f 5831 5799 5798
f 5798 5830 5831
f 5863 5831 5830
f 5830 5862 5863
f 5895 5863 5862
f 5862 5894 5895
f 5927 5895 5894
f 5894 5926 5927
f 5959 5927 5926
f 5926 5958 5959
f 5991 5959 5958
f 5958 5990 5991
f 6023 5991 5990
f 5990 6022 6023
f 6055 6023 6022
f 6022 6054 6055
f 6087 6055 6054
f 6054 6086 6087
f 6119 6087 6086
f 6086 6118 6119
f 6151 6119 6118
f 6118 6150 6151
f 6183 6151 6150
f 6150 6182 6183
f 6215 6183 6182
f 6182 6214 6215
f 6247 6215 6214
f 6214 6246 6247
f 6279 6247 6246
f 6246 6278 6279
f 6311 6279 6278
f 6278 6310 6311
f 6343 6311 6310
f 6310 6342 6343
f 6375 6343 6342
f 6342 6374 6375
f 6407 6375 6374
f 6374 6406 6407
f 6439 6407 6406
f 6406 6438 6439
f 6471 6439 6438
f 6438 6470 6471
f 6503 6471 6470
f 6470 6502 6503
f 6535 6503 6502
f 6502 6534 6535
f 6567 6535 6534
f 6534 6566 6567
f 6599 6567 6566
f 6566 6598 6599
f 6631 6599 6598
f 6598 6630 6631
f 6663 6631 6630
f 6630 6662 6663
f 6695 6663 6662
f 6662 6694 6695
f 6727 6695 6694
f 6694 6726 6727
f 6759 6727 6726
f 6726 6758 6759
f 6791 6759 6758
f 6758 6790 6791
f 5832 5800 5799
f 5799 5831 5832
f 5864 5832 5831
f 5831 5863 5864
f 5896 5864 5863
f 5863 5895 5896
f 5928 5896 5895
f 5895 5927 5928
f 5960 5928 5927
f 5927 5959 5960
f 5992 5960 5959
f 5959 5991 5992
f 6024 5992 5991
f 5991 6023 6024
f 6056 6024 6023
f 6023 6055 6056
f 6088 6056 6055
f 6055 6087 6088
f 6120 6088 6087
f 6087 6119 6120
f 6152 6120 6119
f 6119 6151 6152
f 6184 6152 6151
f 6151 6183 6184
f 6216 6184 6183
f 6183 6215 6216
f 6248 6216 6215
f 6215 6247 6248
f 6280 6248 6247
f 6247 6279 6280
f 6312 6280 6279
f 6279 6311 6312
f 6344 6312 6311
f 6311 6343 6344
f 6376 6344 6343
f 6343 6375 6376
f 6408 6376 6375
f 6375 6407 6408
f 6440 6408 6407
f 6407 6439 6440
f 6472 6440 6439
f 6439 6471 6472
f 6504 6472 6471
f 6471 6503 6504
f 6536 6504 6503
f 6503 6535 6536
f 6568 6536 6535
f 6535 6567 6568
f 6600 6568 6567
f 6567 6599 6600
f 6632 6600 6599
f 6599 6631 6632
f 6664 6632 6631
f 6631 6663 6664
f 6696 6664 6663
f 6663 6695 6696
f 6728 6696 6695
f 6695 6727 6728
f 6760 6728 6727
f 6727 6759 6760
f 6792 6760 6759
f 6759 6791 6792
f 5833 5801 5800
f 5800 5832 5833
f 5865 5833 5832
f 5832 5864 5865
f 5897 5865 5864
f 5864 5896 5897
f 5929 5897 5896
f 5896 5928 5929
f 5961 5929 5928
f 5928 5960 5961
f 5993 5961 5960
f 5960 5992 5993
f 6025 5993 5992
f 5992 6024 6025
f 6057 6025 6024
f 6024 6056 6057
f 6089 6057 6056
f 6056 6088 6089
f 6121 6089 6088
f 6088 6120 6121
f 6153 6121 6120
f 6120 6152 6153
f 6185 6153 6152
f 6152 6184 6185
f 6217 6185 6184
f 6184 6216 6217
f 6249 6217 6216
f 6216 6248 6249
f 6281 6249 6248
f 6248 6280 6281
f 6313 6281 6280
f 6280 6312 6313
f 6345 6313 6312
f 6312 6344 6345
f 6377 6345 6344
f 6344 6376 6377
f 6409 6377 6376
f 6376 6408 6409
f 6441 6409 6408
f 6408 6440 6441
f 6473 6441 6440
f 6440 6472 6473
f 6505 6473 6472
f 6472 6504 6505
f 6537 6505 6504
f 6504 6536 6537
f 6569 6537 6536
f 6536 6568 6569
f 6601 6569 6568
f 6568 6600 6601
f 6633 6601 6600
f 6600 6632 6633
f 6665 6633 6632
f 6632 6664 6665
f 6697 6665 6664
f 6664 6696 6697
f 6729 6697 6696
f 6696 6728 6729
f 6761 6729 6728
f 6728 6760 6761
f 6793 6761 6760
f 6760 6792 6793
f 5834 5802 5801
f 5801 5833 5834
f 5866 5834 5833
f 5833 5865 5866
f 5898 5866 5865
f 5865 5897 5898
f 5930 5898 5897
f 5897 5929 5930
f 5962 5930 5929
f 5929 5961 5962
f 5994 5962 5961
f 5961 5993 5994
f 6026 5994 5993
f 5993 6025 6026
f 6058 6026 6025
f 6025 6057 6058
f 6090 6058 6057
f 6057 6089 6090
f 6122 6090 6089
f 6089 6121 6122
f 6154 6122 6121
f 6121 6153 6154
f 6186 6154 6153
f 6153 6185 6186
f 6218 6186 6185
f 6185 6217 6218
f 6250 6218 6217
f 6217 6249 6250
f 6282 6250 6249
f 6249 6281 6282
f 6314 6282 6281
f 6281 6313 6314
f 6346 6314 6313
f 6313 6345 6346
f 6378 6346 6345
f 6345 6377 6378
f 6410 6378 6377
f 6377 6409 6410
f 6442 6410 6409
f 6409 6441 6442
f 6474 6442 6441
f 6441 6473 6474
f 6506 6474 6473
f 6473 6505 6506
f 6538 6506 6505
f 6505 6537 6538
f 6570 6538 6537
f 6537 6569 6570
f 6602 6570 6569
f 6569 6601 6602
f 6634 6602 6601
f 6601 6633 6634
f 6666 6634 6633
f 6633 6665 6666
f 6698 6666 6665
f 6665 6697 6698
f 6730 6698 6697
f 6697 6729 6730
f 6762 6730 6729
f 6729 6761 6762
f 6794 6762 6761
f 6761 6793 6794
f 5835 5803 5802
f 5802 5834 5835
f 5867 5835 5834
f 5834 5866 5867
f 5899 5867 5866
f 5866 5898 5899
f 5931 5899 5898
f 5898 5930 5931
f 5963 5931 5930
f 5930 5962 5963
f 5995 5963 5962
f 5962 5994 5995
f 6027 5995 5994
f 5994 6026 6027
f 6059 6027 6026
f 6026 6058 6059
f 6091 6059 6058
f 6058 6090 6091
f 6123 6091 6090
f 6090 6122 6123
f 6155 6123 6122
f 6122 6154 6155
f 6187 6155 6154
f 6154 6186 6187
f 6219 6187 6186
f 6186 6218 6219
f 6251 6219 6218
f 6218 6250 6251
f 6283 6251 6250
f 6250 6282 6283
f 6315 6283 6282
f 6282 6314 6315
f 6347 6315 6314
f 6314 6346 6347
f 6379 6347 6346
f 6346 6378 6379
f 6411 6379 6378
f 6378 6410 6411
f 6443 6411 6410
f 6410 6442 6443
f 6475 6443 6442
f 6442 6474 6475
f 6507 6475 6474
f 6474 6506 6507
f 6539 6507 6506
f 6506 6538 6539
f 6571 6539 6538
f 6538 6570 6571
f 6603 6571 6570
f 6570 6602 6603
f 6635 6603 6602
f 6602 6634 6635
f 6667 6635 6634
f 6634 6666 6667
f 6699 6667 6666
f 6666 6698 6699
f 6731 6699 6698
f 6698 6730 6731
f 6763 6731 6730
f 6730 6762 6763
f 6795 6763 6762
f 6762 6794 6795
f 5836 5804 5803
f 5803 5835 5836
f 5868 5836 5835
f 5835 5867 5868
f 5900 5868 5867
f 5867 5899 5900
f 5932 5900 5899
f 5899 5931 5932
f 5964 5932 5931
f 5931 5963 5964
f 5996 5964 5963
f 5963 5995 5996
f 6028 5996 5995
f 5995 6027 6028
f 6060 6028 6027
f 6027 6059 6060
f 6092 6060 6059
f 6059 6091 6092
f 6124 6092 6091
f 6091 6123 6124
f 6156 6124 6123
f 6123 6155 6156
f 6188 6156 6155
f 6155 6187 6188
f 6220 6188 6187
f 6187 6219 6220
f 6252 6220 6219
f 6219 6251 6252
f 6284 6252 6251
f 6251 6283 6284
f 6316 6284 6283
f 6283 6315 6316
f 6348 6316 6315
f 6315 6347 6348
f 6380 6348 6347
f 6347 6379 6380
f 6412 6380 6379
f 6379 6411 6412
f 6444 6412 6411
f 6411 6443 6444
f 6476 6444 6443
f 6443 6475 6476
f 6508 6476 6475
f 6475 6507 6508
f 6540 6508 6507
f 6507 6539 6540
f 6572 6540 6539
f 6539 6571 6572
f 6604 6572 6571
f 6571 6603 6604
f 6636 6604 6603
f 6603 6635 6636
f 6668 6636 6635
f 6635 6667 6668
f 6700 6668 6667
f 6667 6699 6700
f 6732 6700 6699
f 6699 6731 6732
f 6764 6732 6731
f 6731 6763 6764
f 6796 6764 6763
f 6763 6795 6796
f 5837 5805 5804
f 5804 5836 5837
f 5869 5837 5836
f 5836 5868 5869
f 5901 5869 5868
f 5868 5900 5901
f 5933 5901 5900
f 5900 5932 5933
f 5965 5933 5932
f 5932 5964 5965
f 5997 5965 5964
f 5964 5996 5997
f 6029 5997 5996
f 5996 6028 6029
f 6061 6029 6028
f 6028 6060 6061
f 6093 6061 6060
f 6060 6092 6093
f 6125 6093 6092
f 6092 6124 6125
f 6157 6125 6124
f 6124 6156 6157
f 6189 6157 6156
f 6156 6188 6189
f 6221 6189 6188
f 6188 6220 6221
f 6253 6221 6220
f 6220 6252 6253
f 6285 6253 6252
f 6252 6284 6285
f 6317 6285 6284
f 6284 6316 6317
f 6349 6317 6316
f 6316 6348 6349
f 6381 6349 6348
f 6348 6380 6381
f 6413 6381 6380
f 6380 6412 6413
f 6445 6413 6412
f 6412 6444 6445
f 6477 6445 6444
f 6444 6476 6477
f 6509 6477 6476
f 6476 6508 6509
f 6541 6509 6508
f 6508 6540 6541
f 6573 6541 6540
f 6540 6572 6573
f 6605 6573 6572
f 6572 6604 6605
f 6637 6605 6604
f 6604 6636 6637
f 6669 6637 6636
f 6636 6668 6669
f 6701 6669 6668
f 6668 6700 6701
f 6733 6701 6700
f 6700 6732 6733
f 6765 6733 6732
f 6732 6764 6765
f 6797 6765 6764
f 6764 6796 6797
f 5838 5806 5805
f 5805 5837 5838
f 5870 5838 5837
f 5837 5869 5870
f 5902 5870 5869
f 5869 5901 5902
f 5934 5902 5901
f 5901 5933 5934
f 5966 5934 5933
f 5933 5965 5966
f 5998 5966 5965
f 5965 5997 5998
f 6030 5998 5997
f 5997 6029 6030
f 6062 6030 6029
f 6029 6061 6062
f 6094 6062 6061
f 6061 6093 6094
f 6126 6094 6093
f 6093 6125 6126
f 6158 6126 6125
f 6125 6157 6158
f 6190 6158 6157
f 6157 6189 6190
f 6222 6190 6189
f 6189 6221 6222
f 6254 6222 6221
f 6221 6253 6254
f 6286 6254 6253
f 6253 6285 6286
f 6318 6286 6285
f 6285 6317 6318
f 6350 6318 6317
f 6317 6349 6350
f 6382 6350 6349
f 6349 6381 6382
f 6414 6382 6381
f 6381 6413 6414
f 6446 6414 6413
f 6413 6445 6446
f 6478 6446 6445
f 6445 6477 6478
f 6510 6478 6477
f 6477 6509 6510
f 6542 6510 6509
f 6509 6541 6542
f 6574 6542 6541
f 6541 6573 6574
f 6606 6574 6573
f 6573 6605 6606
f 6638 6606 6605
f 6605 6637 6638
f 6670 6638 6637
f 6637 6669 6670
f 6702 6670 6669
f 6669 6701 6702
f 6734 6702 6701
f 6701 6733 6734
f 6766 6734 6733
f 6733 6765 6766
f 6798 6766 6765
f 6765 6797 6798
f 5839 5807 5806
f 5806 5838 5839
f 5871 5839 5838
f 5838 5870 5871
f 5903 5871 5870
f 5870 5902 5903
f 5935 5903 5902
f 5902 5934 5935
f 5967 5935 5934
f 5934 5966 5967
f 5999 5967 5966
f 5966 5998 5999
f 6031 5999 5998
f 5998 6030 6031
f 6063 6031 6030
f 6030 6062 6063
f 6095 6063 6062
f 6062 6094 6095
f 6127 6095 6094
f 6094 6126 6127
f 6159 6127 6126
f 6126 6158 6159
f 6191 6159 6158
f 6158 6190 6191
f 6223 6191 6190
f 6190 6222 6223
f 6255 6223 6222
f 6222 6254 6255
f 6287 6255 6254
f 6254 6286 6287
f 6319 6287 6286
f 6286 6318 6319
f 6351 6319 6318
f 6318 6350 6351
f 6383 6351 6350
f 6350 6382 6383
f 6415 6383 6382
f 6382 6414 6415
f 6447 6415 6414
f 6414 6446 6447
f 6479 6447 6446
f 6446 6478 6479
f 6511 6479 6478
f 6478 6510 6511
f 6543 6511 6510
f 6510 6542 6543
f 6575 6543 6542
f 6542 6574 6575
f 6607 6575 6574
f 6574 6606 6607
f 6639 6607 6606
f 6606 6638 6639
f 6671 6639 6638
f 6638 6670 6671
f 6703 6671 6670
f 6670 6702 6703
f 6735 6703 6702
f 6702 6734 6735
f 6767 6735 6734
f 6734 6766 6767
f 6799 6767 6766
f 6766 6798 6799
f 5840 5808 5807
f 5807 5839 5840
f 5872 5840 5839
f 5839 5871 5872
f 5904 5872 5871
f 5871 5903 5904
f 5936 5904 5903
f 5903 5935 5936
f 5968 5936 5935
f 5935 5967 5968
f 6000 5968 5967
f 5967 5999 6000
f 6032 6000 5999
f 5999 6031 6032
f 6064 6032 6031
f 6031 6063 6064
f 6096 6064 6063
f 6063 6095 6096
f 6128 6096 6095
f 6095 6127 6128
f 6160 6128 6127
f 6127 6159 6160
f 6192 6160 6159
f 6159 6191 6192
f 6224 6192 6191
f 6191 6223 6224
f 6256 6224 6223
f 6223 6255 6256
f 6288 6256 6255
f 6255 6287 6288
f 6320 6288 6287
f 6287 6319 6320
f 6352 6320 6319
f 6319 6351 6352
f 6384 6352 6351
f 6351 6383 6384
f 6416 6384 6383
f 6383 6415 6416
f 6448 6416 6415
f 6415 6447 6448
f 6480 6448 6447
f 6447 6479 6480
f 6512 6480 6479
f 6479 6511 6512
f 6544 6512 6511
f 6511 6543 6544
f 6576 6544 6543
f 6543 6575 6576
f 6608 6576 6575
f 6575 6607 6608
f 6640 6608 6607
f 6607 6639 6640
f 6672 6640 6639
f 6639 6671 6672
f 6704 6672 6671
f 6671 6703 6704
f 6736 6704 6703
f 6703 6735 6736
f 6768 6736 6735
f 6735 6767 6768
f 6800 6768 6767
f 6767 6799 6800
f 5841 5809 5808
f 5808 5840 5841
f 5873 5841 5840
f 5840 5872 5873
f 5905 5873 5872
f 5872 5904 5905
f 5937 5905 5904
f 5904 5936 5937
f 5969 5937 5936
f 5936 5968 5969
f 6001 5969 5968
f 5968 6000 6001
f 6033 6001 6000
f 6000 6032 6033
f 6065 6033 6032
f 6032 6064 6065
f 6097 6065 6064
f 6064 6096 6097
f 6129 6097 6096
f 6096 6128 6129
f 6161 6129 6128
f 6128 6160 6161
f 6193 6161 6160
f 6160 6192 6193
f 6225 6193 6192
f 6192 6224 6225
f 6257 6225 6224
f 6224 6256 6257
f 6289 6257 6256
f 6256 6288 6289
f 6321 6289 6288
f 6288 6320 6321
f 6353 6321 6320
f 6320 6352 6353
f 6385 6353 6352
f 6352 6384 6385
f 6417 6385 6384
f 6384 6416 6417
f 6449 6417 6416
f 6416 6448 6449
f 6481 6449 6448
f 6448 6480 6481
f 6513 6481 6480
f 6480 6512 6513
f 6545 6513 6512
f 6512 6544 6545
f 6577 6545 6544
f 6544 6576 6577
f 6609 6577 6576
f 6576 6608 6609
f 6641 6609 6608
f 6608 6640 6641
f 6673 6641 6640
f 6640 6672 6673
f 6705 6673 6672
f 6672 6704 6705
f 6737 6705 6704
f 6704 6736 6737
f 6769 6737 6736
f 6736 6768 6769
f 6801 6769 6768
f 6768 6800 6801
f 5842 5810 5809
f 5809 5841 5842
f 5874 5842 5841
f 5841 5873 5874
f 5906 5874 5873
f 5873 5905 5906
f 5938 5906 5905
f 5905 5937 5938
f 5970 5938 5937
f 5937 5969 5970
f 6002 5970 5969
f 5969 6001 6002
f 6034 6002 6001
f 6001 6033 6034
f 6066 6034 6033
f 6033 6065 6066
f 6098 6066 6065
f 6065 6097 6098
f 6130 6098 6097
f 6097 6129 6130
f 6162 6130 6129
f 6129 6161 6162
f 6194 6162 6161
f 6161 6193 6194
f 6226 6194 6193
f 6193 6225 6226
f 6258 6226 6225
f 6225 6257 6258
f 6290 6258 6257
f 6257 6289 6290
f 6322 6290 6289
f 6289 6321 6322
f 6354 6322 6321
f 6321 6353 6354
f 6386 6354 6353
f 6353 6385 6386
f 6418 6386 6385
f 6385 6417 6418
f 6450 6418 6417
f 6417 6449 6450
f 6482 6450 6449
f 6449 6481 6482
f 6514 6482 6481
f 6481 6513 6514
f 6546 6514 6513
f 6513 6545 6546
f 6578 6546 6545
f 6545 6577 6578
f 6610 6578 6577
f 6577 6609 6610
f 6642 6610 6609
f 6609 6641 6642
f 6674 6642 6641
f 6641 6673 6674
f 6706 6674 6673
f 6673 6705 6706
f 6738 6706 6705
f 6705 6737 6738
f 6770 6738 6737
f 6737 6769 6770
f 6802 6770 6769
f 6769 6801 6802
f 5843 5811 5810
f 5810 5842 5843
f 5875 5843 5842
f 5842 5874 5875
f 5907 5875 5874
f 5874 5906 5907
f 5939 5907 5906
f 5906 5938 5939
f 5971 5939 5938
f 5938 5970 5971
f 6003 5971 5970
f 5970 6002 6003
f 6035 6003 6002
f 6002 6034 6035
f 6067 6035 6034
f 6034 6066 6067
f 6099 6067 6066
f 6066 6098 6099
f 6131 6099 6098
f 6098 6130 6131
f 6163 6131 6130
f 6130 6162 6163
f 6195 6163 6162
f 6162 6194 6195
f 6227 6195 6194
f 6194 6226 6227
f 6259 6227 6226
f 6226 6258 6259
f 6291 6259 6258
f 6258 6290 6291
f 6323 6291 6290
f 6290 6322 6323
f 6355 6323 6322
f 6322 6354 6355
f 6387 6355 6354
f 6354 6386 6387
f 6419 6387 6386
f 6386 6418 6419
f 6451 6419 6418
f 6418 6450 6451
f 6483 6451 6450
f 6450 6482 6483
f 6515 6483 6482
f 6482 6514 6515
f 6547 6515 6514
f 6514 6546 6547
f 6579 6547 6546
f 6546 6578 6579
f 6611 6579 6578
f 6578 6610 6611
f 6643 6611 6610
f 6610 6642 6643
f 6675 6643 6642
f 6642 6674 6675
f 6707 6675 6674
f 6674 6706 6707
f 6739 6707 6706
f 6706 6738 6739
f 6771 6739 6738
f 6738 6770 6771
f 6803 6771 6770
f 6770 6802 6803
f 5844 5812 5811
f 5811 5843 5844
f 5876 5844 5843
f 5843 5875 5876
f 5908 5876 5875
f 5875 5907 5908
f 5940 5908 5907
f 5907 5939 5940
f 5972 5940 5939
f 5939 5971 5972
f 6004 5972 5971
f 5971 6003 6004
f 6036 6004 6003
f 6003 6035 6036
f 6068 6036 6035
f 6035 6067 6068
f 6100 6068 6067
f 6067 6099 6100
f 6132 6100 6099
f 6099 6131 6132
f 6164 6132 6131
f 6131 6163 6164
f 6196 6164 6163
f 6163 6195 6196
f 6228 6196 6195
f 6195 6227 6228
f 6260 6228 6227
f 6227 6259 6260
f 6292 6260 6259
f 6259 6291 6292
f 6324 6292 6291
f 6291 6323 6324
f 6356 6324 6323
f 6323 6355 6356
f 6388 6356 6355
f 6355 6387 6388
f 6420 6388 6387
f 6387 6419 6420
f 6452 6420 6419
f 6419 6451 6452
f 6484 6452 6451
f 6451 6483 6484
f 6516 6484 6483
f 6483 6515 6516
f 6548 6516 6515
f 6515 6547 6548
f 6580 6548 6547
f 6547 6579 6580
f 6612 6580 6579
f 6579 6611 6612
f 6644 6612 6611
f 6611 6643 6644
f 6676 6644 6643
f 6643 6675 6676
f 6708 6676 6675
f 6675 6707 6708
f 6740 6708 6707
f 6707 6739 6740
f 6772 6740 6739
f 6739 6771 6772
f 6804 6772 6771
f 6771 6803 6804
f 5845 5813 5812
f 5812 5844 5845
f 5877 5845 5844
f 5844 5876 5877
f 5909 5877 5876
f 5876 5908 5909
f 5941 5909 5908
f 5908 5940 5941
f 5973 5941 5940
f 5940 5972 5973
f 6005 5973 5972
f 5972 6004 6005
f 6037 6005 6004
f 6004 6036 6037
f 6069 6037 6036
f 6036 6068 6069
f 6101 6069 6068
f 6068 6100 6101
f 6133 6101 6100
f 6100 6132 6133
f 6165 6133 6132
f 6132 6164 6165
f 6197 6165 6164
f 6164 6196 6197
f 6229 6197 6196
f 6196 6228 6229
f 6261 6229 6228
f 6228 6260 6261
f 6293 6261 6260
f 6260 6292 6293
f 6325 6293 6292
f 6292 6324 6325
f 6357 6325 6324
f 6324 6356 6357
f 6389 6357 6356
f 6356 6388 6389
f 6421 6389 6388
f 6388 6420 6421
f 6453 6421 6420
f 6420 6452 6453
f 6485 6453 6452
f 6452 6484 6485
f 6517 6485 6484
f 6484 6516 6517
f 6549 6517 6516
f 6516 6548 6549
f 6581 6549 6548
f 6548 6580 6581
f 6613 6581 6580
f 6580 6612 6613
f 6645 6613 6612
f 6612 6644 6645
f 6677 6645 6644
f 6644 6676 6677
f 6709 6677 6676
f 6676 6708 6709
f 6741 6709 6708
f 6708 6740 6741
f 6773 6741 6740
f 6740 6772 6773
f 6805 6773 6772
f 6772 6804 6805
f 5846 5814 5813
f 5813 5845 5846
f 5878 5846 5845
f 5845 5877 5878
f 5910 5878 5877
f 5877 5909 5910
f 5942 5910 5909
f 5909 5941 5942
f 5974 5942 5941
f 5941 5973 5974
f 6006 5974 5973
f 5973 6005 6006
f 6038 6006 6005
f 6005 6037 6038
f 6070 6038 6037
f 6037 6069 6070
f 6102 6070 6069
f 6069 6101 6102
f 6134 6102 6101
f 6101 6133 6134
f 6166 6134 6133
f 6133 6165 6166
f 6198 6166 6165
f 6165 6197 6198
f 6230 6198 6197
f 6197 6229 6230
f 6262 6230 6229
f 6229 6261 6262
f 6294 6262 6261
f 6261 6293 6294
f 6326 6294 6293
f 6293 6325 6326
f 6358 6326 6325
f 6325 6357 6358
f 6390 6358 6357
f 6357 6389 6390
f 6422 6390 6389
f 6389 6421 6422
f 6454 6422 6421
f 6421 6453 6454
f 6486 6454 6453
f 6453 6485 6486
f 6518 6486 6485
f 6485 6517 6518
f 6550 6518 6517
f 6517 6549 6550
f 6582 6550 6549
f 6549 6581 6582
f 6614 6582 6581
f 6581 6613 6614
f 6646 6614 6613
f 6613 6645 6646
f 6678 6646 6645
f 6645 6677 6678
f 6710 6678 6677
f 6677 6709 6710
f 6742 6710 6709
f 6709 6741 6742
f 6774 6742 6741
f 6741 6773 6774
f 6806 6774 6773
f 6773 6805 6806
f 5847 5815 5814
f 5814 5846 5847
f 5879 5847 5846
f 5846 5878 5879
f 5911 5879 5878
f 5878 5910 5911
f 5943 5911 5910
f 5910 5942 5943
f 5975 5943 5942
f 5942 5974 5975
f 6007 5975 5974
f 5974 6006 6007
f 6039 6007 6006
f 6006 6038 6039
f 6071 6039 6038
f 6038 6070 6071
f 6103 6071 6070
f 6070 6102 6103
f 6135 6103 6102
f 6102 6134 6135
f 6167 6135 6134
f 6134 6166 6167
f 6199 6167 6166
f 6166 6198 6199
f 6231 6199 6198
f 6198 6230 6231
f 6263 6231 6230
f 6230 6262 6263
f 6295 6263 6262
f 6262 6294 6295
f 6327 6295 6294
f 6294 6326 6327
f 6359 6327 6326
f 6326 6358 6359
f 6391 6359 6358
f 6358 6390 6391
f 6423 6391 6390
f 6390 6422 6423
f 6455 6423 6422
f 6422 6454 6455
f 6487 6455 6454
f 6454 6486 6487
f 6519 6487 6486
f 6486 6518 6519
f 6551 6519 6518
f 6518 6550 6551
f 6583 6551 6550
f 6550 6582 6583
f 6615 6583 6582
f 6582 6614 6615
f 6647 6615 6614
f 6614 6646 6647
f 6679 6647 6646
f 6646 6678 6679
f 6711 6679 6678
f 6678 6710 6711
f 6743 6711 6710
f 6710 6742 6743
f 6775 6743 6742
f 6742 6774 6775
f 6807 6775 6774
f 6774 6806 6807
f 5848 5816 5815
f 5815 5847 5848
f 5880 5848 5847
f 5847 5879 5880
f 5912 5880 5879
f 5879 5911 5912
f 5944 5912 5911
f 5911 5943 5944
f 5976 5944 5943
f 5943 5975 5976
f 6008 5976 5975
f 5975 6007 6008
f 6040 6008 6007
f 6007 6039 6040
f 6072 6040 6039
f 6039 6071 6072
f 6104 6072 6071
f 6071 6103 6104
f 6136 6104 6103
f 6103 6135 6136
f 6168 6136 6135
f 6135 6167 6168
f 6200 6168 6167
f 6167 6199 6200
f 6232 6200 6199
f 6199 6231 6232
f 6264 6232 6231
f 6231 6263 6264
f 6296 6264 6263
f 6263 6295 6296
f 6328 6296 6295
f 6295 6327 6328
f 6360 6328 6327
f 6327 6359 6360
f 6392 6360 6359
f 6359 6391 6392
f 6424 6392 6391
f 6391 6423 6424
f 6456 6424 6423
f 6423 6455 6456
f 6488 6456 6455
f 6455 6487 6488
f 6520 6488 6487
f 6487 6519 6520
f 6552 6520 6519
f 6519 6551 6552
f 6584 6552 6551
f 6551 6583 6584
f 6616 6584 6583
f 6583 6615 6616
f 6648 6616 6615
f 6615 6647 6648
f 6680 6648 6647
f 6647 6679 6680
f 6712 6680 6679
f 6679 6711 6712
f 6744 6712 6711
f 6711 6743 6744
f 6776 6744 6743
f 6743 6775 6776
f 6808 6776 6775
f 6775 6807 6808
f 5849 5817 5816
f 5816 5848 5849
f 5881 5849 5848
f 5848 5880 5881
f 5913 5881 5880
f 5880 5912 5913
f 5945 5913 5912
f 5912 5944 5945
f 5977 5945 5944
f 5944 5976 5977
f 6009 5977 5976
f 5976 6008 6009
f 6041 6009 6008
f 6008 6040 6041
f 6073 6041 6040
f 6040 6072 6073
f 6105 6073 6072
f 6072 6104 6105
f 6137 6105 6104
f 6104 6136 6137
f 6169 6137 6136
f 6136 6168 6169
f 6201 6169 6168
f 6168 6200 6201
f 6233 6201 6200
f 6200 6232 6233
f 6265 6233 6232
f 6232 6264 6265
f 6297 6265 6264
f 6264 6296 6297
f 6329 6297 6296
f 6296 6328 6329
f 6361 6329 6328
f 6328 6360 6361
f 6393 6361 6360
f 6360 6392 6393
f 6425 6393 6392
f 6392 6424 6425
f 6457 6425 6424
f 6424 6456 6457
f 6489 6457 6456
f 6456 6488 6489
f 6521 6489 6488
f 6488 6520 6521
f 6553 6521 6520
f 6520 6552 6553
f 6585 6553 6552
f 6552 6584 6585
f 6617 6585 6584
f 6584 6616 6617
f 6649 6617 6616
f 6616 6648 6649
f 6681 6649 6648
f 6648 6680 6681
f 6713 6681 6680
f 6680 6712 6713
f 6745 6713 6712
f 6712 6744 6745
f 6777 6745 6744
f 6744 6776 6777
f 6809 6777 6776
f 6776 6808 6809
f 5850 5818 5817
f 5817 5849 5850
f 5882 5850 5849
f 5849 5881 5882
f 5914 5882 5881
f 5881 5913 5914
f 5946 5914 5913
f 5913 5945 5946
f 5978 5946 5945
f 5945 5977 5978
f 6010 5978 5977
f 5977 6009 6010
f 6042 6010 6009
f 6009 6041 6042
f 6074 6042 6041
f 6041 6073 6074
f 6106 6074 6073
f 6073 6105 6106
f 6138 6106 6105
f 6105 6137 6138
f 6170 6138 6137
f 6137 6169 6170
f 6202 6170 6169
f 6169 6201 6202
f 6234 6202 6201
f 6201 6233 6234
f 6266 6234 6233
f 6233 6265 6266
f 6298 6266 6265
f 6265 6297 6298
f 6330 6298 6297
f 6297 6329 6330
f 6362 6330 6329
f 6329 6361 6362
f 6394 6362 6361
f 6361 6393 6394
f 6426 6394 6393
f 6393 6425 6426
f 6458 6426 6425
f 6425 6457 6458
f 6490 6458 6457
f 6457 6489 6490
f 6522 6490 6489
f 6489 6521 6522
f 6554 6522 6521
f 6521 6553 6554
f 6586 6554 6553
f 6553 6585 6586
f 6618 6586 6585
f 6585 6617 6618
f 6650 6618 6617
f 6617 6649 6650
f 6682 6650 6649
f 6649 6681 6682
f 6714 6682 6681
f 6681 6713 6714
f 6746 6714 6713
f 6713 6745 6746
f 6778 6746 6745
f 6745 6777 6778
f 6810 6778 6777
f 6777 6809 6810
f 5851 5819 5818
f 5818 5850 5851
f 5883 5851 5850
f 5850 5882 5883
f 5915 5883 5882
f 5882 5914 5915
f 5947 5915 5914
f 5914 5946 5947
f 5979 5947 5946
f 5946 5978 5979
f 6011 5979 5978
f 5978 6010 6011
f 6043 6011 6010
f 6010 6042 6043
f 6075 6043 6042
f 6042 6074 6075
f 6107 6075 6074
f 6074 6106 6107
f 6139 6107 6106
f 6106 6138 6139
f 6171 6139 6138
f 6138 6170 6171
f 6203 6171 6170
f 6170 6202 6203
f 6235 6203 6202
f 6202 6234 6235
f 6267 6235 6234
f 6234 6266 6267
f 6299 6267 6266
f 6266 6298 6299
f 6331 6299 6298
f 6298 6330 6331
f 6363 6331 6330
f 6330 6362 6363
f 6395 6363 6362
f 6362 6394 6395
f 6427 6395 6394
f 6394 6426 6427
f 6459 6427 6426
f 6426 6458 6459
f 6491 6459 6458
f 6458 6490 6491
f 6523 6491 6490
f 6490 6522 6523
f 6555 6523 6522
f 6522 6554 6555
f 6587 6555 6554
f 6554 6586 6587
f 6619 6587 6586
f 6586 6618 6619
f 6651 6619 6618
f 6618 6650 6651
f 6683 6651 6650
f 6650 6682 6683
f 6715 6683 6682
f 6682 6714 6715
f 6747 6715 6714
f 6714 6746 6747
f 6779 6747 6746
f 6746 6778 6779
f 6811 6779 6778
f 6778 6810 6811
f 5852 5820 5819
f 5819 5851 5852
f 5884 5852 5851
f 5851 5883 5884
f 5916 5884 5883
f 5883 5915 5916
f 5948 5916 5915
f 5915 5947 5948
f 5980 5948 5947
f 5947 5979 5980
f 6012 5980 5979
f 5979 6011 6012
f 6044 6012 6011
f 6011 6043 6044
f 6076 6044 6043
f 6043 6075 6076
f 6108 6076 6075
f 6075 6107 6108
f 6140 6108 6107
f 6107 6139 6140
f 6172 6140 6139
f 6139 6171 6172
f 6204 6172 6171
f 6171 6203 6204
f 6236 6204 6203
f 6203 6235 6236
f 6268 6236 6235
f 6235 6267 6268
f 6300 6268 6267
f 6267 6299 6300
f 6332 6300 6299
f 6299 6331 6332
f 6364 6332 6331
f 6331 6363 6364
f 6396 6364 6363
f 6363 6395 6396
f 6428 6396 6395
f 6395 6427 6428
f 6460 6428 6427
f 6427 6459 6460
f 6492 6460 6459
f 6459 6491 6492
f 6524 6492 6491
f 6491 6523 6524
f 6556 6524 6523
f 6523 6555 6556
f 6588 6556 6555
f 6555 6587 6588
f 6620 6588 6587
f 6587 6619 6620
f 6652 6620 6619
f 6619 6651 6652
f 6684 6652 6651
f 6651 6683 6684
f 6716 6684 6683
f 6683 6715 6716
f 6748 6716 6715
f 6715 6747 6748
f 6780 6748 6747
f 6747 6779 6780
f 6812 6780 6779
f 6779 6811 6812
f 5853 5821 5820
f 5820 5852 5853
f 5885 5853 5852
f 5852 5884 5885
f 5917 5885 5884
f 5884 5916 5917
f 5949 5917 5916
f 5916 5948 5949
f 5981 5949 5948
f 5948 5980 5981
f 6013 5981 5980
f 5980 6012 6013
f 6045 6013 6012
f 6012 6044 6045
f 6077 6045 6044
f 6044 6076 6077
f 6109 6077 6076
f 6076 6108 6109
f 6141 6109 6108
f 6108 6140 6141
f 6173 6141 6140
f 6140 6172 6173
f 6205 6173 6172
f 6172 6204 6205
f 6237 6205 6204
f 6204 6236 6237
f 6269 6237 6236
f 6236 6268 6269
f 6301 6269 6268
f 6268 6300 6301
f 6333 6301 6300
f 6300 6332 6333
f 6365 6333 6332
f 6332 6364 6365
f 6397 6365 6364
f 6364 6396 6397
f 6429 6397 6396
f 6396 6428 6429
f 6461 6429 6428
f 6428 6460 6461
f 6493 6461 6460
f 6460 6492 6493
f 6525 6493 6492
f 6492 6524 6525
f 6557 6525 6524
f 6524 6556 6557
f 6589 6557 6556
f 6556 6588 6589
f 6621 6589 6588
f 6588 6620 6621
f 6653 6621 6620
f 6620 6652 6653
f 6685 6653 6652
f 6652 6684 6685
f 6717 6685 6684
f 6684 6716 6717
f 6749 6717 6716
f 6716 6748 6749
f 6781 6749 6748
f 6748 6780 6781
f 6813 6781 6780
f 6780 6812 6813
f 5854 5822 5821
f 5821 5853 5854
f 5886 5854 5853
f 5853 5885 5886
f 5918 5886 5885
f 5885 5917 5918
f 5950 5918 5917
f 5917 5949 5950
f 5982 5950 5949
f 5949 5981 5982
f 6014 5982 5981
f 5981 6013 6014
f 6046 6014 6013
f 6013 6045 6046
f 6078 6046 6045
f 6045 6077 6078
f 6110 6078 6077
f 6077 6109 6110
f 6142 6110 6109
f 6109 6141 6142
f 6174 6142 6141
f 6141 6173 6174
f 6206 6174 6173
f 6173 6205 6206
f 6238 6206 6205
f 6205 6237 6238
f 6270 6238 6237
f 6237 6269 6270
f 6302 6270 6269
f 6269 6301 6302
f 6334 6302 6301
f 6301 6333 6334
f 6366 6334 6333
f 6333 6365 6366
f 6398 6366 6365
f 6365 6397 6398
f 6430 6398 6397
f 6397 6429 6430
f 6462 6430 6429
f 6429 6461 6462
f 6494 6462 6461
f 6461 6493 6494
f 6526 6494 6493
f 6493 6525 6526
f 6558 6526 6525
f 6525 6557 6558
f 6590 6558 6557
f 6557 6589 6590
f 6622 6590 6589
f 6589 6621 6622
f 6654 6622 6621
f 6621 6653 6654
f 6686 6654 6653
f 6653 6685 6686
f 6718 6686 6685
f 6685 6717 6718
f 6750 6718 6717
f 6717 6749 6750
f 6782 6750 6749
f 6749 6781 6782
f 6814 6782 6781
f 6781 6813 6814
f 5855 5823 5822
f 5822 5854 5855
f 5887 5855 5854
f 5854 5886 5887
f 5919 5887 5886
f 5886 5918 5919
f 5951 5919 5918
f 5918 5950 5951
f 5983 5951 5950
f 5950 5982 5983
f 6015 5983 5982
f 5982 6014 6015
f 6047 6015 6014
f 6014 6046 6047
f 6079 6047 6046
f 6046 6078 6079
f 6111 6079 6078
f 6078 6110 6111
f 6143 6111 6110
f 6110 6142 6143
f 6175 6143 6142
f 6142 6174 6175
f 6207 6175 6174
f 6174 6206 6207
f 6239 6207 6206
f 6206 6238 6239
f 6271 6239 6238
f 6238 6270 6271
f 6303 6271 6270
f 6270 6302 6303
f 6335 6303 6302
f 6302 6334 6335
f 6367 6335 6334
f 6334 6366 6367
f 6399 6367 6366
f 6366 6398 6399
f 6431 6399 6398
f 6398 6430 6431
f 6463 6431 6430
f 6430 6462 6463
f 6495 6463 6462
f 6462 6494 6495
f 6527 6495 6494
f 6494 6526 6527
f 6559 6527 6526
f 6526 6558 6559
f 6591 6559 6558
f 6558 6590 6591
f 6623 6591 6590
f 6590 6622 6623
f 6655 6623 6622
f 6622 6654 6655
f 6687 6655 6654
f 6654 6686 6687
f 6719 6687 6686
f 6686 6718 6719
f 6751 6719 6718
f 6718 6750 6751
f 6783 6751 6750
f 6750 6782 6783
f 6815 6783 6782
f 6782 6814 6815
f 5856 5824 5823
f 5823 5855 5856
f 5888 5856 5855
f 5855 5887 5888
f 5920 5888 5887
f 5887 5919 5920
f 5952 5920 5919
f 5919 5951 5952
f 5984 5952 5951
f 5951 5983 5984
f 6016 5984 5983
f 5983 6015 6016
f 6048 6016 6015
f 6015 6047 6048
f 6080 6048 6047
f 6047 6079 6080
f 6112 6080 6079
f 6079 6111 6112
f 6144 6112 6111
f 6111 6143 6144
f 6176 6144 6143
f 6143 6175 6176
f 6208 6176 6175
f 6175 6207 6208
f 6240 6208 6207
f 6207 6239 6240
f 6272 6240 6239
f 6239 6271 6272
f 6304 6272 6271
f 6271 6303 6304
f 6336 6304 6303
f 6303 6335 6336
f 6368 6336 6335
f 6335 6367 6368
f 6400 6368 6367
f 6367 6399 6400
f 6432 6400 6399
f 6399 6431 6432
f 6464 6432 6431
f 6431 6463 6464
f 6496 6464 6463
f 6463 6495 6496
f 6528 6496 6495
f 6495 6527 6528
f 6560 6528 6527
f 6527 6559 6560
f 6592 6560 6559
f 6559 6591 6592
f 6624 6592 6591
f 6591 6623 6624
f 6656 6624 6623
f 6623 6655 6656
f 6688 6656 6655
f 6655 6687 6688
f 6720 6688 6687
f 6687 6719 6720
f 6752 6720 6719
f 6719 6751 6752
f 6784 6752 6751
f 6751 6783 6784
f 6816 6784 6783
f 6783 6815 6816
f 5857 5825 5824
f 5824 5856 5857
f 5889 5857 5856
f 5856 5888 5889
f 5921 5889 5888
f 5888 5920 5921
f 5953 5921 5920
f 5920 5952 5953
f 5985 5953 5952
f 5952 5984 5985
f 6017 5985 5984
f 5984 6016 6017
f 6049 6017 6016
f 6016 6048 6049
f 6081 6049 6048
f 6048 6080 6081
f 6113 6081 6080
f 6080 6112 6113
f 6145 6113 6112
f 6112 6144 6145
f 6177 6145 6144
f 6144 6176 6177
f 6209 6177 6176
f 6176 6208 6209
f 6241 6209 6208
f 6208 6240 6241
f 6273 6241 6240
f 6240 6272 6273
f 6305 6273 6272
f 6272 6304 6305
f 6337 6305 6304
f 6304 6336 6337
f 6369 6337 6336
f 6336 6368 6369
f 6401 6369 6368
f 6368 6400 6401
f 6433 6401 6400
f 6400 6432 6433
f 6465 6433 6432
f 6432 6464 6465
f 6497 6465 6464
f 6464 6496 6497
f 6529 6497 6496
f 6496 6528 6529
f 6561 6529 6528
f 6528 6560 6561
f 6593 6561 6560
f 6560 6592 6593
f 6625 6593 6592
f 6592 6624 6625
f 6657 6625 6624
f 6624 6656 6657
f 6689 6657 6656
f 6656 6688 6689
f 6721 6689 6688
f 6688 6720 6721
f 6753 6721 6720
f 6720 6752 6753
f 6785 6753 6752
f 6752 6784 6785
f 6817 6785 6784
f 6784 6816 6817
f 5858 5826 5825
f 5825 5857 5858
f 5890 5858 5857
f 5857 5889 5890
f 5922 5890 5889
f 5889 5921 5922
f 5954 5922 5921
f 5921 5953 5954
f 5986 5954 5953
f 5953 5985 5986
f 6018 5986 5985
f 5985 6017 6018
f 6050 6018 6017
f 6017 6049 6050
f 6082 6050 6049
f 6049 6081 6082
f 6114 6082 6081
f 6081 6113 6114
f 6146 6114 6113
f 6113 6145 6146
f 6178 6146 6145
f 6145 6177 6178
f 6210 6178 6177
f 6177 6209 6210
f 6242 6210 6209
f 6209 6241 6242
f 6274 6242 6241
f 6241 6273 6274
f 6306 6274 6273
f 6273 6305 6306
f 6338 6306 6305
f 6305 6337 6338
f 6370 6338 6337
f 6337 6369 6370
f 6402 6370 6369
f 6369 6401 6402
f 6434 6402 6401
f 6401 6433 6434
f 6466 6434 6433
f 6433 6465 6466
f 6498 6466 6465
f 6465 6497 6498
f 6530 6498 6497
f 6497 6529 6530
f 6562 6530 6529
f 6529 6561 6562
f 6594 6562 6561
f 6561 6593 6594
f 6626 6594 6593
f 6593 6625 6626
f 6658 6626 6625
f 6625 6657 6658
f 6690 6658 6657
f 6657 6689 6690
f 6722 6690 6689
f 6689 6721 6722
f 6754 6722 6721
f 6721 6753 6754
f 6786 6754 6753
f 6753 6785 6786
f 6818 6786 6785
f 6785 6817 6818
f 5859 5827 5826
f 5826 5858 5859
f 5891 5859 5858
f 5858 5890 5891
f 5923 5891 5890
f 5890 5922 5923
f 5955 5923 5922
f 5922 5954 5955
f 5987 5955 5954
f 5954 5986 5987
f 6019 5987 5986
f 5986 6018 6019
f 6051 6019 6018
f 6018 6050 6051
f 6083 6051 6050
f 6050 6082 6083
f 6115 6083 6082
f 6082 6114 6115
f 6147 6115 6114
f 6114 6146 6147
f 6179 6147 6146
f 6146 6178 6179
f 6211 6179 6178
f 6178 6210 6211
f 6243 6211 6210
f 6210 6242 6243
f 6275 6243 6242
f 6242 6274 6275
f 6307 6275 6274
f 6274 6306 6307
f 6339 6307 6306
f 6306 6338 6339
f 6371 6339 6338
f 6338 6370 6371
f 6403 6371 6370
f 6370 6402 6403
f 6435 6403 6402
f 6402 6434 6435
f 6467 6435 6434
f 6434 6466 6467
f 6499 6467 6466
f 6466 6498 6499
f 6531 6499 6498
f 6498 6530 6531
f 6563 6531 6530
f 6530 6562 6563
f 6595 6563 6562
f 6562 6594 6595
f 6627 6595 6594
f 6594 6626 6627
f 6659 6627 6626
f 6626 6658 6659
f 6691 6659 6658
f 6658 6690 6691
f 6723 6691 6690
f 6690 6722 6723
f 6755 6723 6722
f 6722 6754 6755
f 6787 6755 6754
f 6754 6786 6787
f 6819 6787 6786
f 6786 6818 6819
f 5860 5828 5827
f 5827 5859 5860
f 5892 5860 5859
f 5859 5891 5892
f 5924 5892 5891
f 5891 5923 5924
f 5956 5924 5923
f 5923 5955 5956
f 5988 5956 5955
f 5955 5987 5988
f 6020 5988 5987
f 5987 6019 6020
f 6052 6020 6019
f 6019 6051 6052
f 6084 6052 6051
f 6051 6083 6084
f 6116 6084 6083
f 6083 6115 6116
f 6148 6116 6115
f 6115 6147 6148
f 6180 6148 6147
f 6147 6179 6180
f 6212 6180 6179
f 6179 6211 6212
f 6244 6212 6211
f 6211 6243 6244
f 6276 6244 6243
f 6243 6275 6276
f 6308 6276 6275
f 6275 6307 6308
f 6340 6308 6307
f 6307 6339 6340
f 6372 6340 6339
f 6339 6371 6372
f 6404 6372 6371
f 6371 6403 6404
f 6436 6404 6403
f 6403 6435 6436
f 6468 6436 6435
f 6435 6467 6468
f 6500 6468 6467
f 6467 6499 6500
f 6532 6500 6499
f 6499 6531 6532
f 6564 6532 6531
f 6531 6563 6564
f 6596 6564 6563
f 6563 6595 6596
f 6628 6596 6595
f 6595 6627 6628
f 6660 6628 6627
f 6627 6659 6660
f 6692 6660 6659
f 6659 6691 6692
f 6724 6692 6691
f 6691 6723 6724
f 6756 6724 6723
f 6723 6755 6756
f 6788 6756 6755
f 6755 6787 6788
f 6820 6788 6787
f 6787 6819 6820
