v -4463.55 31.9853 -5776.27
v -4463.62 31.899 -5776.4
v -4463.46 33.1054 -5777.4
v -4463.54 32.9944 -5777.51
v -4464.61 35.6929 -5783.35
v -4464.16 35.4773 -5781.68
v -4464.74 35.3406 -5783.32
v -4464.31 35.1335 -5781.71
v -4463.78 34.957 -5780.15
v -4463.94 34.635 -5780.25
v -4463.47 34.1337 -5778.73
v -4463.64 33.8458 -5778.91
v -4463.45 33.4149 -5777.75
v -4463.63 33.3797 -5778.26
v -4463.58 33.3356 -5778.07
v -4463.62 31.899 -5776.4
v -4463.55 31.8691 -5776.42
v -4463.54 32.9944 -5777.51
v -4463.47 32.9644 -5777.53
v -4463.58 33.3356 -5778.07
v -4463.51 33.3056 -5778.09
v -4463.63 33.3797 -5778.26
v -4463.55 33.3497 -5778.29
v -4463.64 33.8458 -5778.91
v -4463.57 33.8159 -5778.93
v -4463.94 34.635 -5780.25
v -4463.72 34.5464 -5780.33
v -4464.31 35.1335 -5781.71
v -4464.01 35.012 -5781.81
v -4464.44 35.2191 -5783.42
v -4464.74 35.3406 -5783.32
v -4463.47 31.9554 -5776.29
v -4463.39 33.0755 -5777.43
v -4463.55 31.8691 -5776.42
v -4463.47 32.9644 -5777.53
v -4464.31 35.5714 -5783.45
v -4464.44 35.2191 -5783.42
v -4463.86 35.3557 -5781.77
v -4464.01 35.012 -5781.81
v -4463.56 34.8685 -5780.22
v -4463.72 34.5464 -5780.33
v -4463.4 34.1038 -5778.76
v -4463.57 33.8159 -5778.93
v -4463.38 33.385 -5777.78
v -4463.55 33.3497 -5778.29
v -4463.51 33.3056 -5778.09
v -4463.47 31.9554 -5776.29
v -4463.55 31.9853 -5776.27
v -4463.39 33.0755 -5777.43
v -4463.46 33.1054 -5777.4
v -4463.38 33.385 -5777.78
v -4463.45 33.4149 -5777.75
v -4463.47 34.1337 -5778.73
v -4463.4 34.1038 -5778.76
v -4463.78 34.957 -5780.15
v -4463.56 34.8685 -5780.22
v -4464.16 35.4773 -5781.68
v -4463.86 35.3557 -5781.77
v -4464.61 35.6929 -5783.35
v -4464.31 35.5714 -5783.45
v -4464.61 35.6929 -5783.35
v -4464.74 35.3406 -5783.32
v -4464.31 35.5714 -5783.45
v -4464.44 35.2191 -5783.42
v -4463.47 31.9554 -5776.29
v -4463.55 31.8691 -5776.42
v -4463.55 31.9853 -5776.27
v -4463.62 31.899 -5776.4
v -4462.3 34.7086 -5784.12
v -4461.85 34.493 -5782.44
v -4462.43 34.3563 -5784.09
v -4461.98 34.1975 -5782.46
v -4461.4 34.0034 -5780.91
v -4461.61 33.699 -5781
v -4461.14 33.1977 -5779.48
v -4461.31 32.9098 -5779.65
v -4461.11 32.7201 -5778.8
v -4461.28 32.4535 -5779
v -4461.21 32.4562 -5778.79
v -4461.12 32.1694 -5778.15
v -4461.2 32.0584 -5778.26
v -4461.3 31.024 -5777.27
v -4461.38 30.9376 -5777.4
v -4461.38 30.9376 -5777.4
v -4461.3 30.9077 -5777.42
v -4461.2 32.0584 -5778.26
v -4461.13 32.0284 -5778.28
v -4461.21 32.4562 -5778.79
v -4461.14 32.4263 -5778.81
v -4461.28 32.4535 -5779
v -4461.21 32.4236 -5779.03
v -4461.31 32.9098 -5779.65
v -4461.23 32.8798 -5779.68
v -4461.61 33.699 -5781
v -4461.38 33.6104 -5781.07
v -4461.98 34.1975 -5782.46
v -4461.67 34.076 -5782.56
v -4462.13 34.2348 -5784.19
v -4462.43 34.3563 -5784.09
v -4462 34.5871 -5784.22
v -4462.13 34.2348 -5784.19
v -4461.55 34.3715 -5782.54
v -4461.67 34.076 -5782.56
v -4461.22 33.9324 -5780.96
v -4461.38 33.6104 -5781.07
v -4461.06 33.1677 -5779.5
v -4461.23 32.8798 -5779.68
v -4461.04 32.6901 -5778.82
v -4461.21 32.4236 -5779.03
v -4461.14 32.4263 -5778.81
v -4461.05 32.1394 -5778.17
v -4461.13 32.0284 -5778.28
v -4461.23 30.994 -5777.29
v -4461.3 30.9077 -5777.42
v -4461.23 30.994 -5777.29
v -4461.3 31.024 -5777.27
v -4461.05 32.1394 -5778.17
v -4461.12 32.1694 -5778.15
v -4461.11 32.7201 -5778.8
v -4461.04 32.6901 -5778.82
v -4461.06 33.1677 -5779.5
v -4461.14 33.1977 -5779.48
v -4461.4 34.0034 -5780.91
v -4461.22 33.9324 -5780.96
v -4461.85 34.493 -5782.44
v -4461.55 34.3715 -5782.54
v -4462.3 34.7086 -5784.12
v -4462 34.5871 -5784.22
v -4462.3 34.7086 -5784.12
v -4462.43 34.3563 -5784.09
v -4462 34.5871 -5784.22
v -4462.13 34.2348 -5784.19
v -4461.23 30.994 -5777.29
v -4461.3 30.9077 -5777.42
v -4461.3 31.024 -5777.27
v -4461.38 30.9376 -5777.4
v -4458.69 30.2813 -5777.9
v -4458.77 30.195 -5778.03
v -4458.63 31.2464 -5778.91
v -4458.7 31.1353 -5779.01
v -4459.81 33.7709 -5784.88
v -4459.36 33.5553 -5783.21
v -4459.94 33.4186 -5784.85
v -4459.51 33.2115 -5783.25
v -4458.98 33.035 -5781.68
v -4459.14 32.713 -5781.79
v -4458.67 32.2117 -5780.26
v -4458.84 31.9238 -5780.44
v -4458.62 31.7854 -5779.56
v -4458.71 31.5338 -5779.54
v -4458.78 31.5311 -5779.76
v -4458.77 30.195 -5778.03
v -4458.69 30.165 -5778.06
v -4458.7 31.1353 -5779.01
v -4458.63 31.1054 -5779.04
v -4458.71 31.5338 -5779.54
v -4458.64 31.5039 -5779.57
v -4458.78 31.5311 -5779.76
v -4458.71 31.5012 -5779.78
v -4458.84 31.9238 -5780.44
v -4458.77 31.8939 -5780.46
v -4459.14 32.713 -5781.79
v -4458.92 32.6244 -5781.86
v -4459.51 33.2115 -5783.25
v -4459.21 33.09 -5783.34
v -4459.64 33.2971 -5784.95
v -4459.94 33.4186 -5784.85
v -4458.62 30.2514 -5777.93
v -4458.55 31.2164 -5778.93
v -4458.69 30.165 -5778.06
v -4458.63 31.1054 -5779.04
v -4459.51 33.6494 -5784.98
v -4459.64 33.2971 -5784.95
v -4459.06 33.4337 -5783.3
v -4459.21 33.09 -5783.34
v -4458.76 32.9464 -5781.75
v -4458.92 32.6244 -5781.86
v -4458.6 32.1817 -5780.29
v -4458.77 31.8939 -5780.46
v -4458.54 31.7555 -5779.59
v -4458.64 31.5039 -5779.57
v -4458.71 31.5012 -5779.78
v -4458.62 30.2514 -5777.93
v -4458.69 30.2813 -5777.9
v -4458.55 31.2164 -5778.93
v -4458.63 31.2464 -5778.91
v -4458.62 31.7854 -5779.56
v -4458.54 31.7555 -5779.59
v -4458.6 32.1817 -5780.29
v -4458.67 32.2117 -5780.26
v -4458.98 33.035 -5781.68
v -4458.76 32.9464 -5781.75
v -4459.36 33.5553 -5783.21
v -4459.06 33.4337 -5783.3
v -4459.81 33.7709 -5784.88
v -4459.51 33.6494 -5784.98
v -4459.81 33.7709 -5784.88
v -4459.94 33.4186 -5784.85
v -4459.51 33.6494 -5784.98
v -4459.64 33.2971 -5784.95
v -4458.62 30.2514 -5777.93
v -4458.69 30.165 -5778.06
v -4458.69 30.2813 -5777.9
v -4458.77 30.195 -5778.03
v -4466.87 36.5947 -5782.63
v -4466.42 36.3791 -5780.96
v -4467 36.2424 -5782.6
v -4466.57 36.0353 -5781
v -4466.03 35.8588 -5779.43
v -4466.2 35.5368 -5779.54
v -4465.73 35.0355 -5778.01
v -4465.9 34.7476 -5778.19
v -4465.7 34.5579 -5777.33
v -4465.87 34.2914 -5777.54
v -4465.8 34.2941 -5777.32
v -4465.71 34.0072 -5776.68
v -4465.79 33.8962 -5776.79
v -4465.9 32.7903 -5775.73
v -4465.97 32.7039 -5775.86
v -4465.97 32.7039 -5775.86
v -4465.9 32.674 -5775.88
v -4465.79 33.8962 -5776.79
v -4465.72 33.8662 -5776.81
v -4465.8 34.2941 -5777.32
v -4465.73 34.2641 -5777.35
v -4465.8 34.2614 -5777.56
v -4465.87 34.2914 -5777.54
v -4465.9 34.7476 -5778.19
v -4465.82 34.7177 -5778.21
v -4466.2 35.5368 -5779.54
v -4465.98 35.4483 -5779.61
v -4466.57 36.0353 -5781
v -4466.26 35.9138 -5781.09
v -4466.69 36.1209 -5782.7
v -4467 36.2424 -5782.6
v -4466.56 36.4732 -5782.73
v -4466.69 36.1209 -5782.7
v -4466.11 36.2576 -5781.05
v -4466.26 35.9138 -5781.09
v -4465.81 35.7703 -5779.5
v -4465.98 35.4483 -5779.61
v -4465.65 35.0056 -5778.04
v -4465.82 34.7177 -5778.21
v -4465.63 34.528 -5777.36
v -4465.8 34.2614 -5777.56
v -4465.73 34.2641 -5777.35
v -4465.64 33.9773 -5776.71
v -4465.72 33.8662 -5776.81
v -4465.82 32.7603 -5775.75
v -4465.9 32.674 -5775.88
v -4465.82 32.7603 -5775.75
v -4465.9 32.7903 -5775.73
v -4465.64 33.9773 -5776.71
v -4465.71 34.0072 -5776.68
v -4465.63 34.528 -5777.36
v -4465.7 34.5579 -5777.33
v -4465.65 35.0056 -5778.04
v -4465.73 35.0355 -5778.01
v -4466.03 35.8588 -5779.43
v -4465.81 35.7703 -5779.5
v -4466.42 36.3791 -5780.96
v -4466.11 36.2576 -5781.05
v -4466.87 36.5947 -5782.63
v -4466.56 36.4732 -5782.73
v -4467 36.2424 -5782.6
v -4466.69 36.1209 -5782.7
v -4466.87 36.5947 -5782.63
v -4466.56 36.4732 -5782.73
v -4465.9 32.674 -5775.88
v -4465.97 32.7039 -5775.86
v -4465.82 32.7603 -5775.75
v -4465.9 32.7903 -5775.73
v -4464.29 34.1318 -5778.52
v -4464.12 33.0086 -5776.87
v -4464.32 33.7578 -5778.16
v -4464.1 32.9688 -5776.94
v -4464.32 33.7578 -5778.16
v -4464.1 32.9688 -5776.94
v -4464.25 33.7285 -5778.18
v -4464.02 32.9395 -5776.97
v -4464.21 34.1025 -5778.54
v -4464.25 33.7285 -5778.18
v -4464.05 32.9793 -5776.89
v -4464.02 32.9395 -5776.97
v -4464.05 32.9793 -5776.89
v -4464.12 33.0086 -5776.87
v -4464.21 34.1025 -5778.54
v -4464.29 34.1318 -5778.52
v -4464.29 34.1318 -5778.52
v -4464.32 33.7578 -5778.16
v -4464.21 34.1025 -5778.54
v -4464.25 33.7285 -5778.18
v -4464.12 33.0086 -5776.87
v -4464.05 32.9793 -5776.89
v -4464.1 32.9688 -5776.94
v -4464.02 32.9395 -5776.97
v -4464.59 33.0786 -5776.53
v -4464.62 33.083 -5776.63
v -4464.7 34.2949 -5778.39
v -4464.73 33.9208 -5778.03
v -4464.62 33.083 -5776.63
v -4464.55 33.0537 -5776.65
v -4464.73 33.9208 -5778.03
v -4464.66 33.8916 -5778.05
v -4464.52 33.0493 -5776.55
v -4464.62 34.2656 -5778.41
v -4464.55 33.0537 -5776.65
v -4464.66 33.8916 -5778.05
v -4464.52 33.0493 -5776.55
v -4464.59 33.0786 -5776.53
v -4464.62 34.2656 -5778.41
v -4464.7 34.2949 -5778.39
v -4464.7 34.2949 -5778.39
v -4464.73 33.9208 -5778.03
v -4464.62 34.2656 -5778.41
v -4464.66 33.8916 -5778.05
v -4464.52 33.0493 -5776.55
v -4464.55 33.0537 -5776.65
v -4464.59 33.0786 -5776.53
v -4464.62 33.083 -5776.63
v -4465.15 34.4775 -5778.24
v -4465.12 33.6594 -5776.95
v -4465.19 34.1035 -5777.89
v -4465.16 33.5795 -5776.97
v -4465.16 33.5795 -5776.97
v -4465.08 33.5503 -5776.99
v -4465.19 34.1035 -5777.89
v -4465.11 34.0742 -5777.91
v -4465.08 34.4482 -5778.26
v -4465.11 34.0742 -5777.91
v -4465.05 33.6302 -5776.97
v -4465.08 33.5503 -5776.99
v -4465.08 34.4482 -5778.26
v -4465.05 33.6302 -5776.97
v -4465.15 34.4775 -5778.24
v -4465.12 33.6594 -5776.95
v -4465.15 34.4775 -5778.24
v -4465.19 34.1035 -5777.89
v -4465.08 34.4482 -5778.26
v -4465.11 34.0742 -5777.91
v -4465.05 33.6302 -5776.97
v -4465.08 33.5503 -5776.99
v -4465.12 33.6594 -5776.95
v -4465.16 33.5795 -5776.97
v -4460.29 33.3488 -5781.14
v -4460.33 33.273 -5781.18
v -4460.75 34.0132 -5782.8
v -4460.79 33.9089 -5782.8
v -4460.79 33.9089 -5782.8
v -4460.33 33.273 -5781.18
v -4459.25 33.1943 -5783.35
v -4458.9 32.7017 -5781.64
v -4460.75 34.0132 -5782.8
v -4459.17 33.3613 -5783.31
v -4460.29 33.3488 -5781.14
v -4458.86 32.7775 -5781.6
v -4458.86 32.7775 -5781.6
v -4458.9 32.7017 -5781.64
v -4460.29 33.3488 -5781.14
v -4460.33 33.273 -5781.18
v -4466.24 36.0403 -5781.08
v -4461.71 34.2248 -5782.53
v -4466.67 36.1824 -5782.6
v -4459.66 33.3759 -5784.84
v -4461.71 34.2248 -5782.53
v -4461.65 34.3611 -5782.52
v -4460.79 33.9089 -5782.8
v -4460.75 34.0132 -5782.8
v -4463.55 34.3508 -5779.39
v -4461.28 33.4223 -5780.12
v -4463.61 34.2359 -5779.44
v -4461.33 33.3418 -5780.16
v -4461.65 34.0013 -5781.03
v -4461.95 34.3841 -5782.27
v -4463.51 34.7454 -5780.44
v -4463.77 35.1106 -5781.69
v -4461.99 34.2993 -5782.29
v -4463.81 35.0258 -5781.71
v -4461.45 33.7899 -5780.98
v -4461.69 33.9165 -5781.05
v -4465.95 35.5522 -5779.57
v -4463.55 34.6606 -5780.46
v -4461.69 33.9165 -5781.05
v -4461.65 34.0013 -5781.03
v -4463.55 34.6606 -5780.46
v -4463.51 34.7454 -5780.44
v -4463.81 35.0258 -5781.71
v -4463.55 34.6606 -5780.46
v -4463.77 35.1106 -5781.69
v -4463.51 34.7454 -5780.44
v -4463.81 35.0258 -5781.71
v -4463.77 35.1106 -5781.69
v -4461.99 34.2993 -5782.29
v -4461.95 34.3841 -5782.27
v -4461.99 34.2993 -5782.29
v -4461.95 34.3841 -5782.27
v -4461.69 33.9165 -5781.05
v -4461.65 34.0013 -5781.03
v -4461.33 33.3418 -5780.16
v -4463.61 34.2359 -5779.44
v -4465.8 34.7954 -5778.15
v -4463.56 33.8971 -5778.87
v -4463.49 33.1751 -5777.75
v -4465.73 34.0734 -5777.03
v -4463.44 33.2343 -5777.67
v -4465.68 34.1325 -5776.95
v -4463.47 34.0419 -5778.79
v -4465.72 34.9402 -5778.07
v -4466.57 36.4166 -5782.59
v -4466.67 36.1824 -5782.6
v -4459.59 33.5502 -5784.85
v -4459.66 33.3759 -5784.84
v -4463.44 33.2343 -5777.67
v -4463.49 33.1751 -5777.75
v -4465.68 34.1325 -5776.95
v -4465.73 34.0734 -5777.03
v -4461.65 34.3611 -5782.52
v -4461.38 33.9521 -5780.95
v -4466.16 36.2106 -5781.06
v -4465.87 35.7125 -5779.51
v -4459.59 33.5502 -5784.85
v -4466.57 36.4166 -5782.59
v -4461.65 34.3611 -5782.52
v -4461.28 33.4223 -5780.12
v -4463.55 34.3508 -5779.39
v -4460.64 27.8102 -5784.91
v -4460.64 31.3028 -5784.91
v -4462.15 27.8102 -5783.35
v -4462.15 31.3028 -5783.35
v -4461.09 31.9191 -5784.44
v -4460.93 31.9191 -5784.29
v -4461.72 31.9191 -5783.79
v -4461.56 31.9191 -5783.64
v -4460.93 27.1939 -5784.29
v -4461.09 27.1939 -5784.44
v -4461.53 27.1939 -5783.66
v -4461.69 27.1939 -5783.82
v -4462.15 27.8102 -5783.35
v -4462.15 31.3028 -5783.35
v -4461.99 27.8102 -5783.2
v -4461.99 31.3028 -5783.2
v -4460.47 27.8102 -5784.75
v -4460.47 31.3028 -5784.75
v -4460.64 27.8102 -5784.91
v -4460.64 31.3028 -5784.91
v -4460.64 31.3028 -5784.91
v -4461.09 31.9191 -5784.44
v -4462.15 31.3028 -5783.35
v -4461.72 31.9191 -5783.79
v -4462.15 31.3028 -5783.35
v -4461.72 31.9191 -5783.79
v -4461.99 31.3028 -5783.2
v -4461.56 31.9191 -5783.64
v -4460.47 31.3028 -5784.75
v -4460.93 31.9191 -5784.29
v -4460.64 31.3028 -5784.91
v -4461.09 31.9191 -5784.44
v -4461.99 27.8102 -5783.2
v -4461.53 27.1939 -5783.66
v -4462.15 27.8102 -5783.35
v -4461.69 27.1939 -5783.82
v -4462.15 27.8102 -5783.35
v -4461.69 27.1939 -5783.82
v -4460.64 27.8102 -5784.91
v -4461.09 27.1939 -5784.44
v -4460.64 27.8102 -5784.91
v -4461.09 27.1939 -5784.44
v -4460.47 27.8102 -5784.75
v -4460.93 27.1939 -5784.29
v -4460.69 30.4538 -5786.46
v -4460.8 31.4538 -5786.35
v -4461.21 30.6538 -5785.35
v -4461.21 31.2538 -5785.35
v -4460.75 30.0538 -5786.41
v -4461.21 29.8538 -5785.35
v -4460.8 29.0538 -5786.35
v -4461.21 29.2538 -5785.35
v -4460.85 28.6538 -5786.31
v -4461.21 28.4538 -5785.35
v -4460.86 27.6538 -5786.29
v -4461.21 27.8538 -5785.35
v -4460.69 30.4538 -5786.46
v -4460.37 30.4538 -5785.93
v -4460.75 30.0538 -5786.41
v -4460.37 30.0538 -5785.93
v -4460.37 29.0538 -5785.93
v -4460.42 28.6538 -5785.89
v -4460.8 29.0538 -5786.35
v -4460.85 28.6538 -5786.31
v -4461.07 29.8538 -5785.21
v -4460.37 30.0538 -5785.93
v -4461.07 30.6538 -5785.21
v -4460.37 30.4538 -5785.93
v -4461.07 28.4538 -5785.21
v -4460.42 28.6538 -5785.89
v -4461.07 29.2538 -5785.21
v -4460.37 29.0538 -5785.93
v -4461.49 27.2538 -5784.78
v -4460.37 27.2538 -5785.93
v -4461.07 27.8538 -5785.21
v -4460.43 27.6538 -5785.87
v -4461.49 31.8538 -5784.78
v -4461.07 31.2538 -5785.21
v -4460.42 31.8538 -5785.88
v -4460.37 31.4538 -5785.93
v -4460.44 27.6831 -5788.85
v -4460.09 27.7843 -5789.02
v -4460.33 31.7703 -5788.96
v -4460.09 31.7703 -5789.21
v -4460.33 31.7703 -5788.96
v -4460.09 31.7703 -5789.21
v -4458.65 31.7703 -5787.66
v -4458.4 31.7703 -5787.92
v -4458.65 31.7703 -5787.66
v -4458.4 31.7703 -5787.92
v -4459.07 27.6831 -5787.52
v -4460.44 27.6831 -5788.85
v -4459.07 27.6831 -5787.52
v -4460.09 27.7843 -5789.02
v -4463.59 30.4538 -5783.48
v -4462.61 30.6538 -5783.92
v -4463.59 31.4538 -5783.48
v -4462.61 31.2538 -5783.92
v -4463.59 29.0538 -5783.48
v -4462.96 29.1823 -5783.76
v -4463.59 30.0538 -5783.48
v -4462.97 29.9289 -5783.76
v -4463.59 28.6538 -5783.48
v -4463.59 27.6538 -5783.48
v -4462.61 28.4538 -5783.92
v -4462.61 27.8538 -5783.92
v -4463.16 30.4538 -5783.06
v -4463.59 30.4538 -5783.48
v -4463.16 30.0538 -5783.06
v -4463.59 30.0538 -5783.48
v -4463.16 29.0538 -5783.06
v -4463.59 29.0538 -5783.48
v -4463.16 28.6538 -5783.06
v -4463.59 28.6538 -5783.48
v -4462.46 30.6538 -5783.78
v -4463.16 30.4538 -5783.06
v -4462.46 29.933 -5783.78
v -4462.73 29.933 -5783.5
v -4463.16 30.0538 -5783.06
v -4462.46 28.4538 -5783.78
v -4462.46 29.1823 -5783.78
v -4463.16 28.6538 -5783.06
v -4462.72 29.1823 -5783.52
v -4463.16 29.0538 -5783.06
v -4462.05 27.2538 -5784.21
v -4462.46 27.8538 -5783.78
v -4463.16 27.2538 -5783.06
v -4463.16 27.6538 -5783.06
v -4462.05 31.8538 -5784.21
v -4463.16 31.9591 -5783.06
v -4462.46 31.2538 -5783.78
v -4463.16 31.4538 -5783.06
v -4466.56 26.6538 -5783.3
v -4464.01 26.9402 -5786.38
v -4465.8 27.0538 -5783.63
v -4463.94 27.1624 -5786.17
v -4463.94 27.1624 -5786.17
v -4464.01 26.9402 -5786.38
v -4462.14 27.0538 -5789.64
v -4462.05 26.8141 -5789.74
v -4462.05 26.8141 -5789.74
v -4461.21 28.6538 -5790.02
v -4462.14 27.0538 -5789.64
v -4461.3 28.6538 -5789.89
v -4466.16 27.9134 -5783.14
v -4466.56 26.6538 -5783.3
v -4465.8 27.0538 -5783.63
v -4463.21 32.2292 -5786.75
v -4463.04 32.5448 -5786.69
v -4464.02 32.2035 -5783.9
v -4464.02 32.4538 -5783.9
v -4464.02 32.4538 -5783.9
v -4464.92 32.0538 -5782.97
v -4464.02 32.2035 -5783.9
v -4461.08 32.2733 -5789.68
v -4461.07 31.5094 -5789.44
v -4460.59 30.5192 -5789.34
v -4460.74 30.2889 -5789.12
v -4461.21 28.6538 -5790.02
v -4461.05 29.5865 -5789.64
v -4461.3 28.6538 -5789.89
v -4461.28 29.5986 -5789.59
v -4460.59 30.5192 -5789.34
v -4460.74 30.2889 -5789.12
v -4461.05 29.5865 -5789.64
v -4461.28 29.5986 -5789.59
v -4461.08 32.2733 -5789.68
v -4461.47 32.0538 -5788.99
v -4461.07 31.5094 -5789.44
v -4462.71 29.933 -5784.02
v -4462.97 29.9289 -5783.76
v -4462.71 29.1823 -5784.02
v -4462.96 29.1823 -5783.76
v -4461.08 32.2733 -5789.68
v -4463.04 32.5448 -5786.69
v -4461.47 32.0538 -5788.99
v -4463.21 32.2292 -5786.75
v -4460.47 31.3028 -5784.75
v -4460.47 27.8102 -5784.75
v -4461.99 31.3028 -5783.2
v -4461.99 27.8102 -5783.2
v -4460.93 31.9191 -5784.29
v -4461.56 31.9191 -5783.64
v -4460.47 27.8102 -5784.75
v -4460.93 27.1939 -5784.29
v -4461.99 27.8102 -5783.2
v -4461.53 27.1939 -5783.66
v -4460.77 31.8538 -5784.09
v -4461.34 31.8538 -5783.5
v -4460.2 32.3851 -5783.53
v -4460.77 32.3851 -5782.94
v -4459.41 31.2538 -5784.34
v -4460.35 31.2538 -5784.52
v -4460.2 32.3851 -5783.53
v -4460.77 31.8538 -5784.09
v -4460.35 27.8538 -5784.52
v -4460.35 31.2538 -5784.52
v -4459.41 27.8538 -5784.34
v -4459.41 31.2538 -5784.34
v -4460.2 26.7225 -5783.53
v -4460.77 27.2538 -5784.09
v -4459.41 27.8538 -5784.34
v -4460.35 27.8538 -5784.52
v -4461.34 27.2538 -5783.5
v -4460.77 27.2538 -5784.09
v -4460.77 26.7225 -5782.94
v -4460.2 26.7225 -5783.53
v -4460.2 32.3851 -5783.53
v -4460.77 32.3851 -5782.94
v -4459.34 32.3851 -5782.69
v -4459.91 32.3851 -5782.11
v -4459.41 31.2538 -5784.34
v -4460.2 32.3851 -5783.53
v -4458.55 31.2538 -5783.5
v -4459.34 32.3851 -5782.69
v -4459.41 27.8538 -5784.34
v -4459.41 31.2538 -5784.34
v -4458.55 27.8538 -5783.5
v -4458.55 31.2538 -5783.5
v -4460.2 26.7225 -5783.53
v -4459.41 27.8538 -5784.34
v -4459.34 26.7225 -5782.69
v -4458.55 27.8538 -5783.5
v -4460.77 26.7225 -5782.94
v -4460.2 26.7225 -5783.53
v -4459.91 26.7225 -5782.11
v -4459.34 26.7225 -5782.69
v -4458.76 31.8538 -5782.14
v -4459.34 32.3851 -5782.69
v -4459.33 31.8538 -5781.55
v -4459.91 32.3851 -5782.11
v -4459.34 32.3851 -5782.69
v -4458.76 31.8538 -5782.14
v -4458.55 31.2538 -5783.5
v -4458.34 31.2538 -5782.57
v -4458.34 27.8538 -5782.57
v -4458.55 27.8538 -5783.5
v -4458.34 31.2538 -5782.57
v -4458.55 31.2538 -5783.5
v -4458.55 27.8538 -5783.5
v -4458.34 27.8538 -5782.57
v -4459.34 26.7225 -5782.69
v -4458.76 27.2538 -5782.14
v -4459.34 27.2538 -5781.54
v -4459.91 26.7225 -5782.11
v -4458.76 27.2538 -5782.14
v -4459.34 26.7225 -5782.69
v -4458.76 27.2538 -5782.14
v -4458.34 27.8538 -5782.57
v -4459.34 27.2538 -5781.54
v -4458.34 31.2538 -5782.57
v -4458.76 31.8538 -5782.14
v -4459.33 31.8538 -5781.55
v -4459.74 31.2538 -5781.13
v -4459.74 27.8538 -5781.13
v -4459.34 27.2538 -5781.54
v -4460.77 32.3851 -5782.94
v -4461.34 31.8538 -5783.5
v -4461.54 31.2538 -5782.15
v -4461.75 31.2538 -5783.08
v -4461.75 27.8538 -5783.08
v -4461.54 27.8538 -5782.15
v -4461.75 31.2538 -5783.08
v -4461.54 31.2538 -5782.15
v -4461.54 27.8538 -5782.15
v -4461.75 27.8538 -5783.08
v -4460.77 26.7225 -5782.94
v -4461.34 27.2538 -5783.5
v -4461.54 31.2538 -5782.15
v -4460.68 31.2538 -5781.31
v -4460.77 32.3851 -5782.94
v -4459.91 32.3851 -5782.11
v -4461.54 27.8538 -5782.15
v -4460.68 27.8538 -5781.31
v -4461.54 31.2538 -5782.15
v -4460.68 31.2538 -5781.31
v -4460.77 26.7225 -5782.94
v -4459.91 26.7225 -5782.11
v -4461.54 27.8538 -5782.15
v -4460.68 27.8538 -5781.31
v -4460.68 31.2538 -5781.31
v -4459.74 31.2538 -5781.13
v -4459.91 32.3851 -5782.11
v -4459.74 31.2538 -5781.13
v -4459.33 31.8538 -5781.55
v -4459.91 32.3851 -5782.11
v -4459.74 27.8538 -5781.13
v -4459.74 31.2538 -5781.13
v -4460.68 27.8538 -5781.31
v -4460.68 27.8538 -5781.31
v -4459.74 31.2538 -5781.13
v -4460.68 31.2538 -5781.31
v -4459.91 26.7225 -5782.11
v -4459.34 27.2538 -5781.54
v -4460.68 27.8538 -5781.31
v -4459.34 27.2538 -5781.54
v -4459.74 27.8538 -5781.13
v -4460.68 27.8538 -5781.31
v -4465.97 28.487 -5780.58
v -4465.78 27.6121 -5780.63
v -4464.28 28.6631 -5782.26
v -4464.28 27.7702 -5782.26
v -4465.97 28.487 -5780.58
v -4464.28 28.6631 -5782.26
v -4465.62 28.5312 -5780.23
v -4463.92 28.6631 -5781.91
v -4465.62 28.5312 -5780.23
v -4463.92 28.6631 -5781.91
v -4465.43 27.6564 -5780.28
v -4463.92 27.7702 -5781.91
v -4465.43 27.6564 -5780.28
v -4463.92 27.7702 -5781.91
v -4465.78 27.6121 -5780.63
v -4464.28 27.7702 -5782.26
v -4463.92 27.7702 -5781.91
v -4463.92 28.6631 -5781.91
v -4464.28 27.7702 -5782.26
v -4464.28 28.6631 -5782.26
v -4462.85 30.4318 -5782.2
v -4462.88 31.2276 -5782.23
v -4463.13 30.4318 -5781.92
v -4463.16 31.2276 -5781.94
v -4463.01 27.1739 -5782.36
v -4463.01 27.9707 -5782.36
v -4463.29 27.1739 -5782.07
v -4463.29 27.9707 -5782.07
v -4463.01 27.9707 -5782.36
v -4459.33 27.997 -5778.69
v -4463.29 27.9707 -5782.07
v -4459.6 27.9346 -5778.41
v -4459.24 27.2101 -5778.78
v -4463.01 27.1739 -5782.36
v -4459.57 27.1476 -5778.55
v -4463.29 27.1739 -5782.07
v -4459.6 27.9346 -5778.41
v -4459.57 27.1476 -5778.55
v -4463.29 27.9707 -5782.07
v -4463.29 27.1739 -5782.07
v -4463.01 27.1739 -5782.36
v -4459.24 27.2101 -5778.78
v -4463.01 27.9707 -5782.36
v -4459.33 27.997 -5778.69
v -4462.11 29.6538 -5781.27
v -4462.11 34.0538 -5781.27
v -4462.46 29.6538 -5780.92
v -4462.46 34.0538 -5780.92
v -4461.68 34.0538 -5780.86
v -4461.68 29.6538 -5780.86
v -4462.03 34.0538 -5780.5
v -4462.03 29.6538 -5780.5
v -4462.46 29.6538 -5780.92
v -4462.46 34.0538 -5780.92
v -4462.03 29.6538 -5780.5
v -4462.03 34.0538 -5780.5
v -4461.68 29.6538 -5780.86
v -4461.68 34.0538 -5780.86
v -4462.11 29.6538 -5781.27
v -4462.11 34.0538 -5781.27
v -4459.53 30.8538 -5786.23
v -4459.53 31.5153 -5786.23
v -4459.81 30.8538 -5785.94
v -4459.81 31.5153 -5785.94
v -4459.53 31.5153 -5786.23
v -4456.23 31.5153 -5783.02
v -4459.81 31.5153 -5785.94
v -4456.51 31.5153 -5782.74
v -4456.23 30.8538 -5783.02
v -4459.53 30.8538 -5786.23
v -4456.51 30.8538 -5782.74
v -4459.81 30.8538 -5785.94
v -4459.81 30.8538 -5785.94
v -4459.81 31.5153 -5785.94
v -4456.51 30.8538 -5782.74
v -4456.51 31.5153 -5782.74
v -4456.23 30.8538 -5783.02
v -4456.23 31.5153 -5783.02
v -4459.53 30.8538 -5786.23
v -4459.53 31.5153 -5786.23
v -4459.82 27.8538 -5786.5
v -4459.82 28.5118 -5786.5
v -4460.09 27.8538 -5786.22
v -4460.09 28.5118 -5786.22
v -4458.09 28.0005 -5782.04
v -4455.31 28.0005 -5784.91
v -4458.09 28.3978 -5782.04
v -4455.31 28.3978 -5784.91
v -4454.95 28.0005 -5784.57
v -4457.74 28.0005 -5781.7
v -4454.95 28.3978 -5784.57
v -4457.74 28.3978 -5781.7
v -4457.74 28.3978 -5781.7
v -4458.09 28.3978 -5782.04
v -4454.95 28.3978 -5784.57
v -4455.31 28.3978 -5784.91
v -4454.95 28.0005 -5784.57
v -4455.31 28.0005 -5784.91
v -4457.74 28.0005 -5781.7
v -4458.09 28.0005 -5782.04
v -4463.39 34.8472 -5782.92
v -4463.67 34.7993 -5782.63
v -4463.18 31.4538 -5782.71
v -4463.45 31.4538 -5782.42
v -4463.45 31.4538 -5782.42
v -4463.11 31.4538 -5782.09
v -4463.18 31.4538 -5782.71
v -4462.83 31.4538 -5782.38
v -4463.3 34.9082 -5782.33
v -4463.05 34.7289 -5782.59
v -4463.11 31.4538 -5782.09
v -4462.83 31.4538 -5782.38
v -4463.39 34.8472 -5782.92
v -4463.18 31.4538 -5782.71
v -4463.05 34.7289 -5782.59
v -4462.83 31.4538 -5782.38
v -4463.3 34.9082 -5782.33
v -4463.11 31.4538 -5782.09
v -4463.67 34.7993 -5782.63
v -4463.45 31.4538 -5782.42
v -4461.69 32.6552 -5787.16
v -4461.36 32.6552 -5787.5
v -4461.69 33.0524 -5787.16
v -4461.36 33.0524 -5787.5
v -4460.95 35.61 -5787.48
v -4461.22 35.5857 -5787.21
v -4461.17 33.0538 -5787.26
v -4461.45 33.0538 -5786.98
v -4461.45 33.0538 -5786.98
v -4461.02 33.0538 -5786.56
v -4461.17 33.0538 -5787.26
v -4460.74 33.0538 -5786.85
v -4460.8 35.6976 -5786.79
v -4460.57 35.61 -5787.02
v -4461.02 33.0538 -5786.56
v -4460.74 33.0538 -5786.85
v -4460.95 35.61 -5787.48
v -4461.17 33.0538 -5787.26
v -4460.57 35.61 -5787.02
v -4460.74 33.0538 -5786.85
v -4460.8 35.6976 -5786.79
v -4461.02 33.0538 -5786.56
v -4461.22 35.5857 -5787.21
v -4461.45 33.0538 -5786.98
v -4463.84 32.6466 -5789.54
v -4461.65 32.6552 -5787.78
v -4463.75 33.0438 -5789.45
v -4461.65 33.0524 -5787.78
v -4461.65 32.6552 -5787.78
v -4462 32.6552 -5787.41
v -4461.65 33.0524 -5787.78
v -4462 33.0524 -5787.41
v -4464.09 32.7246 -5789.21
v -4464.08 33.1218 -5789.08
v -4462 32.6552 -5787.41
v -4462 33.0524 -5787.41
v -4461.65 33.0524 -5787.78
v -4462 33.0524 -5787.41
v -4463.75 33.0438 -5789.45
v -4464.08 33.1218 -5789.08
v -4461.65 32.6552 -5787.78
v -4463.84 32.6466 -5789.54
v -4462 32.6552 -5787.41
v -4464.09 32.7246 -5789.21
v -4462.82 32.7612 -5786.77
v -4459.76 32.8025 -5783.69
v -4462.78 33.154 -5786.81
v -4459.76 33.1997 -5783.69
v -4463.31 32.8481 -5786.44
v -4463.17 33.2409 -5786.38
v -4460.18 32.8025 -5783.26
v -4460.18 33.1997 -5783.26
v -4462.78 33.154 -5786.81
v -4459.76 33.1997 -5783.69
v -4463.17 33.2409 -5786.38
v -4460.18 33.1997 -5783.26
v -4463.31 32.8481 -5786.44
v -4460.18 32.8025 -5783.26
v -4462.82 32.7612 -5786.77
v -4459.76 32.8025 -5783.69
v -4463.91 26.5658 -5790.04
v -4459.03 26.5658 -5785.3
v -4463.91 26.931 -5790.04
v -4459.03 26.931 -5785.3
v -4459.43 26.5658 -5784.9
v -4464.3 26.5658 -5789.64
v -4459.43 26.931 -5784.9
v -4464.3 26.931 -5789.64
v -4464.3 26.931 -5789.64
v -4463.91 26.931 -5790.04
v -4459.43 26.931 -5784.9
v -4459.03 26.931 -5785.3
v -4459.43 26.5658 -5784.9
v -4459.03 26.5658 -5785.3
v -4464.3 26.5658 -5789.64
v -4463.91 26.5658 -5790.04
v -4459.62 28.0409 -5789.63
v -4459.66 28.5781 -5789.67
v -4456.46 28.4631 -5787.05
v -4456.5 29.0002 -5787.08
v -4459.66 28.5781 -5789.67
v -4459.34 28.5737 -5790.05
v -4456.5 29.0002 -5787.08
v -4456.19 28.9958 -5787.47
v -4459.34 28.5737 -5790.05
v -4459.3 28.0366 -5790.01
v -4456.19 28.9958 -5787.47
v -4456.15 28.4587 -5787.43
v -4459.3 28.0366 -5790.01
v -4459.62 28.0409 -5789.63
v -4456.15 28.4587 -5787.43
v -4456.46 28.4631 -5787.05
v -4459.39 31.5515 -5787.02
v -4459.43 32.021 -5787.05
v -4456.81 31.9065 -5784.89
v -4456.85 32.376 -5784.93
v -4459.43 32.021 -5787.05
v -4459.14 32.017 -5787.41
v -4456.85 32.376 -5784.93
v -4456.55 32.372 -5785.28
v -4459.14 32.017 -5787.41
v -4459.1 31.5475 -5787.37
v -4456.55 32.372 -5785.28
v -4456.52 31.9025 -5785.25
v -4459.1 31.5475 -5787.37
v -4459.39 31.5515 -5787.02
v -4456.52 31.9025 -5785.25
v -4456.81 31.9065 -5784.89
v -4466.49 26.9735 -5785.33
v -4466.46 26.5819 -5785.36
v -4463.79 26.9444 -5782.42
v -4463.79 26.5508 -5782.42
v -4463.79 26.5508 -5782.42
v -4464.2 26.5508 -5781.99
v -4463.79 26.9444 -5782.42
v -4464.2 26.9444 -5781.99
v -4464.2 26.9444 -5781.99
v -4464.2 26.5508 -5781.99
v -4466.94 26.9132 -5784.96
v -4466.92 26.5216 -5784.98
v -4466.94 26.9132 -5784.96
v -4466.49 26.9735 -5785.33
v -4464.2 26.9444 -5781.99
v -4463.79 26.9444 -5782.42
v -4464.2 26.5508 -5781.99
v -4463.79 26.5508 -5782.42
v -4466.92 26.5216 -5784.98
v -4466.46 26.5819 -5785.36
v -4460.78 27.8538 -5784.94
v -4461.07 27.8538 -5785.21
v -4460.78 31.2538 -5784.94
v -4461.21 31.2538 -5785.35
v -4461.07 31.2538 -5785.21
v -4461.21 30.6538 -5785.35
v -4461.07 30.6538 -5785.21
v -4461.21 29.8538 -5785.35
v -4461.07 29.8538 -5785.21
v -4461.21 29.2538 -5785.35
v -4461.07 29.2538 -5785.21
v -4461.21 28.4538 -5785.35
v -4461.07 28.4538 -5785.21
v -4461.21 27.8538 -5785.35
v -4461.49 27.2538 -5784.78
v -4461.07 27.8538 -5785.21
v -4461.2 27.2538 -5784.51
v -4460.78 27.8538 -5784.94
v -4461.07 31.2538 -5785.21
v -4461.49 31.8538 -5784.78
v -4460.78 31.2538 -5784.94
v -4461.2 31.8538 -5784.51
v -4460.71 31.8538 -5786.16
v -4460.71 32.0538 -5786.16
v -4463.45 31.9591 -5783.34
v -4463.45 32.1591 -5783.34
v -4461.2 27.2538 -5784.51
v -4461.76 27.2538 -5783.93
v -4461.49 27.2538 -5784.78
v -4462.05 27.2538 -5784.21
v -4460.64 31.2538 -5784.8
v -4461.06 31.8538 -5784.37
v -4460.35 31.2538 -5784.52
v -4460.77 31.8538 -5784.09
v -4460.64 27.8538 -5784.8
v -4460.64 31.2538 -5784.8
v -4460.35 27.8538 -5784.52
v -4460.35 31.2538 -5784.52
v -4461.06 27.2538 -5784.37
v -4460.64 27.8538 -5784.8
v -4460.77 27.2538 -5784.09
v -4460.35 27.8538 -5784.52
v -4461.34 27.2538 -5783.5
v -4461.62 27.2538 -5783.79
v -4460.77 27.2538 -5784.09
v -4461.06 27.2538 -5784.37
v -4460.75 32.0467 -5784.11
v -4460.13 32.6225 -5783.51
v -4461.35 32.0467 -5783.49
v -4460.73 32.6225 -5782.89
v -4459.27 31.3963 -5784.39
v -4460.13 32.6225 -5783.51
v -4460.29 31.3963 -5784.58
v -4460.75 32.0467 -5784.11
v -4460.29 27.7112 -5784.58
v -4459.27 27.7112 -5784.39
v -4460.29 31.3963 -5784.58
v -4459.27 31.3963 -5784.39
v -4459.27 27.7112 -5784.39
v -4460.29 27.7112 -5784.58
v -4460.13 26.4851 -5783.51
v -4460.75 27.0609 -5784.11
v -4461.35 27.0609 -5783.49
v -4460.73 26.4851 -5782.89
v -4460.75 27.0609 -5784.11
v -4460.13 26.4851 -5783.51
v -4459.27 31.3963 -5784.39
v -4458.34 31.3963 -5783.48
v -4460.13 32.6225 -5783.51
v -4459.19 32.6225 -5782.6
v -4459.27 27.7112 -5784.39
v -4458.34 27.7112 -5783.48
v -4460.13 26.4851 -5783.51
v -4459.19 26.4851 -5782.6
v -4458.57 32.0467 -5782
v -4459.17 32.0467 -5781.38
v -4459.19 32.6225 -5782.6
v -4459.8 32.6225 -5781.98
v -4458.34 31.3963 -5783.48
v -4458.12 31.3963 -5782.46
v -4459.19 32.6225 -5782.6
v -4458.57 32.0467 -5782
v -4458.12 27.7112 -5782.46
v -4458.34 27.7112 -5783.48
v -4459.19 26.4851 -5782.6
v -4458.57 27.0609 -5782
v -4459.17 27.0609 -5781.38
v -4458.57 27.0609 -5782
v -4459.8 26.4851 -5781.98
v -4459.19 26.4851 -5782.6
v -4458.65 31.3963 -5781.47
v -4458.12 31.3963 -5782.46
v -4458.65 27.7112 -5781.47
v -4458.12 27.7112 -5782.46
v -4460.29 31.3963 -5784.58
v -4460.75 32.0467 -5784.11
v -4460.44 31.3963 -5784.72
v -4460.89 32.0467 -5784.25
v -4460.29 27.7112 -5784.58
v -4460.29 31.3963 -5784.58
v -4460.44 27.7112 -5784.72
v -4460.44 31.3963 -5784.72
v -4460.75 27.0609 -5784.11
v -4460.29 27.7112 -5784.58
v -4460.89 27.0609 -5784.25
v -4460.44 27.7112 -5784.72
v -4460.89 27.0609 -5784.25
v -4461.5 27.0609 -5783.63
v -4460.75 27.0609 -5784.11
v -4461.35 27.0609 -5783.49
v -4462.18 27.8538 -5783.5
v -4462.18 31.2538 -5783.5
v -4462.46 27.8538 -5783.78
v -4462.61 27.8538 -5783.92
v -4462.61 28.4538 -5783.92
v -4462.46 28.4538 -5783.78
v -4462.46 29.1823 -5783.78
v -4462.61 30.6538 -5783.92
v -4462.46 30.6538 -5783.78
v -4462.61 31.2538 -5783.92
v -4462.46 31.2538 -5783.78
v -4462.71 29.1823 -5784.02
v -4462.71 29.933 -5784.02
v -4462.46 29.933 -5783.78
v -4462.05 27.2538 -5784.21
v -4461.76 27.2538 -5783.93
v -4462.46 27.8538 -5783.78
v -4462.18 27.8538 -5783.5
v -4462.46 31.2538 -5783.78
v -4462.18 31.2538 -5783.5
v -4462.05 31.8538 -5784.21
v -4461.76 31.8538 -5783.93
v -4460.66 27.0538 -5786.21
v -4460.66 27.2538 -5786.21
v -4463.45 27.0538 -5783.34
v -4463.45 27.2538 -5783.34
v -4461.62 31.8538 -5783.79
v -4461.34 31.8538 -5783.5
v -4461.06 31.8538 -5784.37
v -4460.77 31.8538 -5784.09
v -4462.03 31.2538 -5783.36
v -4461.75 31.2538 -5783.08
v -4461.62 31.8538 -5783.79
v -4461.34 31.8538 -5783.5
v -4462.03 27.8538 -5783.36
v -4461.75 27.8538 -5783.08
v -4462.03 31.2538 -5783.36
v -4461.75 31.2538 -5783.08
v -4461.62 27.2538 -5783.79
v -4461.34 27.2538 -5783.5
v -4462.03 27.8538 -5783.36
v -4461.75 27.8538 -5783.08
v -4461.58 31.3963 -5782.01
v -4461.81 31.3963 -5783.02
v -4460.73 32.6225 -5782.89
v -4461.35 32.0467 -5783.49
v -4461.81 27.7112 -5783.02
v -4461.58 27.7112 -5782.01
v -4460.73 26.4851 -5782.89
v -4461.35 27.0609 -5783.49
v -4460.65 31.3963 -5781.1
v -4459.8 32.6225 -5781.98
v -4460.65 27.7112 -5781.1
v -4459.8 26.4851 -5781.98
v -4459.63 31.3963 -5780.91
v -4459.17 32.0467 -5781.38
v -4459.63 27.7112 -5780.91
v -4459.17 27.0609 -5781.38
v -4461.5 32.0467 -5783.63
v -4461.19 32.0467 -5783.94
v -4461.35 32.0467 -5783.49
v -4460.75 32.0467 -5784.11
v -4460.89 32.0467 -5784.25
v -4461.81 31.3963 -5783.02
v -4461.95 31.3963 -5783.16
v -4461.35 32.0467 -5783.49
v -4461.5 32.0467 -5783.63
v -4461.81 27.7112 -5783.02
v -4461.95 27.7112 -5783.16
v -4461.81 31.3963 -5783.02
v -4461.95 31.3963 -5783.16
v -4461.35 27.0609 -5783.49
v -4461.5 27.0609 -5783.63
v -4461.81 27.7112 -5783.02
v -4461.95 27.7112 -5783.16
v -4462.05 31.8538 -5784.21
v -4461.76 31.8538 -5783.93
v -4461.49 31.8538 -5784.78
v -4461.2 31.8538 -5784.51
v -4459.63 27.7112 -5780.91
v -4459.63 31.3963 -5780.91
v -4458.57 32.0467 -5782
v -4459.17 32.0467 -5781.38
v -4459.17 27.0609 -5781.38
v -4458.57 27.0609 -5782
v -4465.43 27.6564 -5780.28
v -4465.78 27.6121 -5780.63
v -4465.62 28.5312 -5780.23
v -4465.97 28.487 -5780.58
v -4459.57 27.1476 -5778.55
v -4459.6 27.9346 -5778.41
v -4459.24 27.2101 -5778.78
v -4459.33 27.997 -5778.69
v -4462.11 34.0538 -5781.27
v -4461.68 34.0538 -5780.86
v -4462.46 34.0538 -5780.92
v -4462.03 34.0538 -5780.5
v -4461.68 29.6538 -5780.86
v -4462.11 29.6538 -5781.27
v -4462.03 29.6538 -5780.5
v -4462.46 29.6538 -5780.92
v -4456.23 31.5153 -5783.02
v -4456.23 30.8538 -5783.02
v -4456.51 31.5153 -5782.74
v -4456.51 30.8538 -5782.74
v -4457.74 28.0005 -5781.7
v -4458.09 28.0005 -5782.04
v -4457.74 28.3978 -5781.7
v -4458.09 28.3978 -5782.04
v -4455.31 28.0005 -5784.91
v -4454.95 28.0005 -5784.57
v -4455.31 28.3978 -5784.91
v -4454.95 28.3978 -5784.57
v -4463.05 34.7289 -5782.59
v -4463.3 34.9082 -5782.33
v -4463.39 34.8472 -5782.92
v -4463.67 34.7993 -5782.63
v -4460.95 35.61 -5787.48
v -4460.57 35.61 -5787.02
v -4461.22 35.5857 -5787.21
v -4460.8 35.6976 -5786.79
v -4464.08 33.1218 -5789.08
v -4464.09 32.7246 -5789.21
v -4463.75 33.0438 -5789.45
v -4463.84 32.6466 -5789.54
v -4463.31 32.8481 -5786.44
v -4462.82 32.7612 -5786.77
v -4463.17 33.2409 -5786.38
v -4462.78 33.154 -5786.81
v -4459.76 32.8025 -5783.69
v -4460.18 32.8025 -5783.26
v -4459.76 33.1997 -5783.69
v -4460.18 33.1997 -5783.26
v -4464.3 26.5658 -5789.64
v -4463.91 26.5658 -5790.04
v -4464.3 26.931 -5789.64
v -4463.91 26.931 -5790.04
v -4459.03 26.5658 -5785.3
v -4459.43 26.5658 -5784.9
v -4459.03 26.931 -5785.3
v -4459.43 26.931 -5784.9
v -4456.46 28.4631 -5787.05
v -4456.5 29.0002 -5787.08
v -4456.15 28.4587 -5787.43
v -4456.19 28.9958 -5787.47
v -4459.3 28.0366 -5790.01
v -4459.34 28.5737 -5790.05
v -4459.62 28.0409 -5789.63
v -4459.66 28.5781 -5789.67
v -4456.81 31.9065 -5784.89
v -4456.85 32.376 -5784.93
v -4456.52 31.9025 -5785.25
v -4456.55 32.372 -5785.28
v -4466.92 26.5216 -5784.98
v -4466.46 26.5819 -5785.36
v -4466.94 26.9132 -5784.96
v -4466.49 26.9735 -5785.33
v -4463.93 31.6196 -5781.84
v -4463.93 32.1751 -5781.84
v -4466.83 31.6196 -5780.11
v -4466.83 32.1751 -5780.11
v -4463.93 32.1751 -5781.84
v -4463.67 32.1751 -5781.41
v -4466.83 32.1751 -5780.11
v -4466.58 32.1751 -5779.68
v -4463.67 32.1751 -5781.41
v -4463.67 31.6196 -5781.41
v -4466.58 32.1751 -5779.68
v -4466.58 31.6196 -5779.68
v -4463.67 31.6196 -5781.41
v -4463.93 31.6196 -5781.84
v -4466.58 31.6196 -5779.68
v -4466.83 31.6196 -5780.11
v -4463.67 31.6196 -5781.41
v -4463.67 32.1751 -5781.41
v -4463.93 31.6196 -5781.84
v -4463.93 32.1751 -5781.84
v -4463.16 31.2276 -5781.94
v -4462.88 31.2276 -5782.23
v -4459.3 31.5335 -5778.31
v -4459.03 31.4585 -5778.59
v -4459.04 30.6771 -5778.38
v -4462.85 30.4318 -5782.2
v -4459.44 30.7519 -5778.23
v -4463.13 30.4318 -5781.92
v -4459.3 31.5335 -5778.31
v -4459.44 30.7519 -5778.23
v -4463.16 31.2276 -5781.94
v -4463.13 30.4318 -5781.92
v -4459.04 30.6771 -5778.38
v -4459.03 31.4585 -5778.59
v -4462.85 30.4318 -5782.2
v -4462.88 31.2276 -5782.23
v -4460.83 26.6538 -5780.59
v -4460.83 32.0538 -5780.59
v -4461.17 26.6538 -5780.23
v -4461.17 32.0538 -5780.23
v -4460.4 32.0538 -5780.17
v -4460.4 26.6538 -5780.17
v -4460.74 32.0538 -5779.81
v -4460.74 26.6538 -5779.81
v -4461.17 26.6538 -5780.23
v -4461.17 32.0538 -5780.23
v -4460.74 26.6538 -5779.81
v -4460.74 32.0538 -5779.81
v -4460.4 26.6538 -5780.17
v -4460.4 32.0538 -5780.17
v -4460.83 26.6538 -5780.59
v -4460.83 32.0538 -5780.59
v -4459.82 28.5118 -5786.5
v -4455.8 28.5118 -5782.6
v -4460.09 28.5118 -5786.22
v -4456.08 28.5118 -5782.32
v -4455.8 27.8538 -5782.6
v -4459.82 27.8538 -5786.5
v -4456.08 27.8538 -5782.32
v -4460.09 27.8538 -5786.22
v -4460.09 27.8538 -5786.22
v -4460.09 28.5118 -5786.22
v -4456.08 27.8538 -5782.32
v -4456.08 28.5118 -5782.32
v -4455.8 27.8538 -5782.6
v -4455.8 28.5118 -5782.6
v -4459.82 27.8538 -5786.5
v -4459.82 28.5118 -5786.5
v -4458.21 27.4538 -5785.29
v -4458.21 31.8538 -5785.29
v -4458.56 27.4538 -5784.93
v -4458.56 31.8538 -5784.93
v -4457.78 31.8538 -5784.87
v -4457.78 27.4538 -5784.87
v -4458.13 31.8538 -5784.51
v -4458.13 27.4538 -5784.51
v -4458.56 27.4538 -5784.93
v -4458.56 31.8538 -5784.93
v -4458.13 27.4538 -5784.51
v -4458.13 31.8538 -5784.51
v -4457.78 27.4538 -5784.87
v -4457.78 31.8538 -5784.87
v -4458.21 27.4538 -5785.29
v -4458.21 31.8538 -5785.29
v -4462.99 32.8552 -5779.83
v -4460.9 32.8552 -5781.98
v -4462.99 33.2524 -5779.83
v -4460.9 33.2524 -5781.98
v -4460.56 32.8552 -5781.66
v -4462.65 32.8552 -5779.5
v -4460.56 33.2524 -5781.66
v -4462.65 33.2524 -5779.5
v -4462.65 33.2524 -5779.5
v -4462.99 33.2524 -5779.83
v -4460.56 33.2524 -5781.66
v -4460.9 33.2524 -5781.98
v -4460.56 32.8552 -5781.66
v -4460.9 32.8552 -5781.98
v -4462.65 32.8552 -5779.5
v -4462.99 32.8552 -5779.83
v -4462.17 30.9614 -5777.92
v -4456.46 30.9614 -5783.8
v -4462.17 31.3587 -5777.92
v -4456.46 31.3587 -5783.8
v -4456.08 30.9614 -5783.43
v -4461.79 30.9614 -5777.55
v -4456.08 31.3587 -5783.43
v -4461.79 31.3587 -5777.55
v -4461.79 31.3587 -5777.55
v -4462.17 31.3587 -5777.92
v -4456.08 31.3587 -5783.43
v -4456.46 31.3587 -5783.8
v -4456.08 30.9614 -5783.43
v -4456.46 30.9614 -5783.8
v -4461.79 30.9614 -5777.55
v -4462.17 30.9614 -5777.92
v -4463.49 32.6936 -5784.5
v -4458.51 32.65 -5789
v -4463.36 33.0878 -5784.56
v -4458.51 32.9387 -5789
v -4458.07 32.5706 -5788.74
v -4463.06 32.6198 -5784.08
v -4458.15 32.9678 -5788.65
v -4463.03 33.014 -5784.05
v -4463.03 33.014 -5784.05
v -4463.36 33.0878 -5784.56
v -4458.15 32.9678 -5788.65
v -4458.51 32.9387 -5789
v -4458.07 32.5706 -5788.74
v -4458.51 32.65 -5789
v -4463.06 32.6198 -5784.08
v -4463.49 32.6936 -5784.5
v -4461.36 32.6552 -5787.5
v -4458.21 32.6552 -5784.43
v -4461.36 33.0524 -5787.5
v -4458.21 33.0524 -5784.43
v -4458.53 32.6552 -5784.1
v -4461.69 32.6552 -5787.16
v -4458.53 33.0524 -5784.1
v -4461.69 33.0524 -5787.16
v -4461.69 33.0524 -5787.16
v -4461.36 33.0524 -5787.5
v -4458.53 33.0524 -5784.1
v -4458.21 33.0524 -5784.43
v -4458.53 32.6552 -5784.1
v -4458.21 32.6552 -5784.43
v -4461.69 32.6552 -5787.16
v -4461.36 32.6552 -5787.5
v -4458.39 28.2457 -5789.68
v -4458.44 28.7739 -5789.79
v -4460.03 28.4811 -5788.08
v -4460 29.0192 -5788.11
v -4458.44 28.7739 -5789.79
v -4458.08 28.8691 -5789.45
v -4460 29.0192 -5788.11
v -4459.64 29.0192 -5787.77
v -4458.08 28.8691 -5789.45
v -4458.04 28.341 -5789.35
v -4459.64 29.0192 -5787.77
v -4459.67 28.4811 -5787.73
v -4458.04 28.341 -5789.35
v -4458.39 28.2457 -5789.68
v -4459.67 28.4811 -5787.73
v -4460.03 28.4811 -5788.08
v -4460.03 28.4811 -5788.08
v -4460 29.0192 -5788.11
v -4459.67 28.4811 -5787.73
v -4459.64 29.0192 -5787.77
v -4458.54 32.8538 -5781.22
v -4458.54 29.4538 -5781.22
v -4458.25 32.8538 -5780.94
v -4458.25 29.4538 -5780.94
v -4458.95 29.4538 -5780.79
v -4458.95 32.8538 -5780.79
v -4458.67 29.4538 -5780.51
v -4458.67 32.8538 -5780.51
v -4458.67 32.8538 -5780.51
v -4458.25 32.8538 -5780.94
v -4458.67 29.4538 -5780.51
v -4458.25 29.4538 -5780.94
v -4458.95 29.4538 -5780.79
v -4458.54 29.4538 -5781.22
v -4458.95 32.8538 -5780.79
v -4458.54 32.8538 -5781.22
v -4464.78 26.9444 -5786.27
v -4464.8 26.5508 -5786.16
v -4459.8 26.9444 -5781.35
v -4459.8 26.5508 -5781.35
v -4465.25 26.5508 -5785.92
v -4465.22 26.9444 -5785.89
v -4460.16 26.5508 -5780.98
v -4460.16 26.9444 -5780.98
v -4465.22 26.9444 -5785.89
v -4464.78 26.9444 -5786.27
v -4460.16 26.9444 -5780.98
v -4459.8 26.9444 -5781.35
v -4465.25 26.5508 -5785.92
v -4460.16 26.5508 -5780.98
v -4464.8 26.5508 -5786.16
v -4459.8 26.5508 -5781.35
v -4462.85 26.4746 -5790.28
v -4462.95 26.7812 -5790.18
v -4465 26.4328 -5787.63
v -4465.04 26.7318 -5787.68
v -4464.74 26.524 -5787.32
v -4464.69 26.823 -5787.47
v -4462.57 26.4746 -5790.02
v -4462.55 26.7812 -5790
v -4462.55 26.7812 -5790
v -4464.69 26.823 -5787.47
v -4462.95 26.7812 -5790.18
v -4465.04 26.7318 -5787.68
v -4464.74 26.524 -5787.32
v -4462.57 26.4746 -5790.02
v -4465 26.4328 -5787.63
v -4462.85 26.4746 -5790.28
v -4459.1 31.5475 -5787.37
v -4459.14 32.017 -5787.41
v -4459.39 31.5515 -5787.02
v -4459.43 32.021 -5787.05
v -4461.06 32.0538 -5784.37
v -4461.06 31.8538 -5784.37
v -4460.5 31.2538 -5784.94
v -4460.64 31.2538 -5784.8
v -4460.64 27.8538 -5784.8
v -4460.5 27.8538 -5784.94
v -4461.06 27.0538 -5784.37
v -4461.06 27.2538 -5784.37
v -4460.69 30.4538 -5786.46
v -4461.28 32.0538 -5786.81
v -4460.8 31.4538 -5786.35
v -4460.71 32.0538 -5786.16
v -4460.71 31.8538 -5786.16
v -4460.37 31.4538 -5785.93
v -4460.42 31.8538 -5785.88
v -4460.8 31.4538 -5786.35
v -4460.37 31.4538 -5785.93
v -4461.21 31.2538 -5785.35
v -4461.07 31.2538 -5785.21
v -4461.07 30.6538 -5785.21
v -4460.37 30.4538 -5785.93
v -4461.21 30.6538 -5785.35
v -4460.69 30.4538 -5786.46
v -4461.07 29.8538 -5785.21
v -4461.21 29.8538 -5785.35
v -4460.37 30.0538 -5785.93
v -4460.75 30.0538 -5786.41
v -4460.8 29.0538 -5786.35
v -4461.21 29.2538 -5785.35
v -4460.37 29.0538 -5785.93
v -4461.07 29.2538 -5785.21
v -4460.85 28.6538 -5786.31
v -4460.42 28.6538 -5785.89
v -4461.21 28.4538 -5785.35
v -4461.07 28.4538 -5785.21
v -4460.86 27.6538 -5786.29
v -4461.21 27.8538 -5785.35
v -4460.43 27.6538 -5785.87
v -4461.07 27.8538 -5785.21
v -4460.71 31.8538 -5786.16
v -4463.45 31.9591 -5783.34
v -4460.42 31.8538 -5785.88
v -4461.49 31.8538 -5784.78
v -4462.05 31.8538 -5784.21
v -4463.16 31.9591 -5783.06
v -4460.85 28.6538 -5786.31
v -4460.86 27.6538 -5786.29
v -4461.23 27.1586 -5786.77
v -4460.66 27.0538 -5786.21
v -4460.66 27.2538 -5786.21
v -4460.43 27.6538 -5785.87
v -4460.37 27.2538 -5785.93
v -4461.2 31.8538 -5784.51
v -4461.76 31.8538 -5783.93
v -4461.2 32.0538 -5784.51
v -4461.76 32.0538 -5783.93
v -4460.64 31.2538 -5785.08
v -4460.78 31.2538 -5784.94
v -4460.78 27.8538 -5784.94
v -4460.64 27.8538 -5785.08
v -4461.2 27.0538 -5784.51
v -4461.2 27.2538 -5784.51
v -4461.76 27.0538 -5783.93
v -4461.76 27.2538 -5783.93
v -4461.2 32.0538 -5784.51
v -4461.06 32.0538 -5784.37
v -4460.64 31.2538 -5785.08
v -4460.5 31.2538 -5784.94
v -4460.64 31.2538 -5785.08
v -4460.5 31.2538 -5784.94
v -4460.64 27.8538 -5785.08
v -4460.5 27.8538 -5784.94
v -4460.64 27.8538 -5785.08
v -4460.5 27.8538 -5784.94
v -4461.2 27.0538 -5784.51
v -4461.06 27.0538 -5784.37
v -4461.06 27.0538 -5784.37
v -4461.62 27.0538 -5783.79
v -4461.2 27.0538 -5784.51
v -4461.76 27.0538 -5783.93
v -4461.62 31.8538 -5783.79
v -4461.62 32.0538 -5783.79
v -4462.17 31.2538 -5783.22
v -4462.03 31.2538 -5783.36
v -4462.03 27.8538 -5783.36
v -4462.17 27.8538 -5783.22
v -4461.62 27.0538 -5783.79
v -4461.62 27.2538 -5783.79
v -4463.59 30.4538 -5783.48
v -4463.59 31.4538 -5783.48
v -4464.02 32.2035 -5783.9
v -4463.45 32.1591 -5783.34
v -4463.45 31.9591 -5783.34
v -4463.16 31.4538 -5783.06
v -4463.16 31.9591 -5783.06
v -4463.59 31.4538 -5783.48
v -4462.61 31.2538 -5783.92
v -4463.16 31.4538 -5783.06
v -4462.46 31.2538 -5783.78
v -4462.46 30.6538 -5783.78
v -4462.61 30.6538 -5783.92
v -4463.16 30.4538 -5783.06
v -4463.59 30.4538 -5783.48
v -4462.73 29.933 -5783.5
v -4462.97 29.9289 -5783.76
v -4462.46 29.933 -5783.78
v -4462.71 29.933 -5784.02
v -4462.96 29.1823 -5783.76
v -4463.59 29.0538 -5783.48
v -4463.16 29.0538 -5783.06
v -4463.59 28.6538 -5783.48
v -4462.61 28.4538 -5783.92
v -4463.16 28.6538 -5783.06
v -4462.46 28.4538 -5783.78
v -4463.59 27.6538 -5783.48
v -4463.16 27.6538 -5783.06
v -4462.61 27.8538 -5783.92
v -4462.46 27.8538 -5783.78
v -4463.59 28.6538 -5783.48
v -4463.94 27.899 -5783.82
v -4463.59 27.6538 -5783.48
v -4464.02 27.0538 -5783.9
v -4463.45 27.0538 -5783.34
v -4463.45 27.2538 -5783.34
v -4463.16 27.6538 -5783.06
v -4463.16 27.2538 -5783.06
v -4462.32 31.2538 -5783.36
v -4462.18 31.2538 -5783.5
v -4462.32 27.8538 -5783.36
v -4462.18 27.8538 -5783.5
v -4461.06 32.0538 -5784.37
v -4461.2 32.0538 -5784.51
v -4461.62 32.0538 -5783.79
v -4461.76 32.0538 -5783.93
v -4461.76 32.0538 -5783.93
v -4462.32 31.2538 -5783.36
v -4461.62 32.0538 -5783.79
v -4462.17 31.2538 -5783.22
v -4462.32 27.8538 -5783.36
v -4461.76 27.0538 -5783.93
v -4462.17 27.8538 -5783.22
v -4461.62 27.0538 -5783.79
v -4463.59 30.0538 -5783.48
v -4462.97 29.9289 -5783.76
v -4463.16 30.0538 -5783.06
v -4462.73 29.933 -5783.5
v -4462.72 29.1823 -5783.52
v -4462.96 29.1823 -5783.76
v -4463.16 29.0538 -5783.06
v -4462.46 29.1823 -5783.78
v -4462.71 29.1823 -5784.02
v -4462.72 29.1823 -5783.52
v -4462.96 29.1823 -5783.76
v -4460.37 27.2538 -5785.93
v -4461.49 27.2538 -5784.78
v -4460.66 27.2538 -5786.21
v -4463.45 27.2538 -5783.34
v -4462.05 27.2538 -5784.21
v -4463.16 27.2538 -5783.06
v -4466.83 31.6196 -5780.11
v -4466.83 32.1751 -5780.11
v -4466.58 31.6196 -5779.68
v -4466.58 32.1751 -5779.68
v -4459.04 30.6771 -5778.38
v -4459.44 30.7519 -5778.23
v -4459.03 31.4585 -5778.59
v -4459.3 31.5335 -5778.31
v -4460.83 32.0538 -5780.59
v -4460.4 32.0538 -5780.17
v -4461.17 32.0538 -5780.23
v -4460.74 32.0538 -5779.81
v -4460.4 26.6538 -5780.17
v -4460.83 26.6538 -5780.59
v -4460.74 26.6538 -5779.81
v -4461.17 26.6538 -5780.23
v -4455.8 28.5118 -5782.6
v -4455.8 27.8538 -5782.6
v -4456.08 28.5118 -5782.32
v -4456.08 27.8538 -5782.32
v -4458.21 31.8538 -5785.29
v -4457.78 31.8538 -5784.87
v -4458.56 31.8538 -5784.93
v -4458.13 31.8538 -5784.51
v -4457.78 27.4538 -5784.87
v -4458.21 27.4538 -5785.29
v -4458.13 27.4538 -5784.51
v -4458.56 27.4538 -5784.93
v -4462.65 32.8552 -5779.5
v -4462.99 32.8552 -5779.83
v -4462.65 33.2524 -5779.5
v -4462.99 33.2524 -5779.83
v -4460.9 32.8552 -5781.98
v -4460.56 32.8552 -5781.66
v -4460.9 33.2524 -5781.98
v -4460.56 33.2524 -5781.66
v -4461.79 30.9614 -5777.55
v -4462.17 30.9614 -5777.92
v -4461.79 31.3587 -5777.55
v -4462.17 31.3587 -5777.92
v -4456.46 30.9614 -5783.8
v -4456.08 30.9614 -5783.43
v -4456.46 31.3587 -5783.8
v -4456.08 31.3587 -5783.43
v -4463.36 33.0878 -5784.56
v -4463.03 33.014 -5784.05
v -4463.49 32.6936 -5784.5
v -4463.06 32.6198 -5784.08
v -4458.07 32.5706 -5788.74
v -4458.15 32.9678 -5788.65
v -4458.51 32.65 -5789
v -4458.51 32.9387 -5789
v -4458.21 32.6552 -5784.43
v -4458.53 32.6552 -5784.1
v -4458.21 33.0524 -5784.43
v -4458.53 33.0524 -5784.1
v -4458.04 28.341 -5789.35
v -4458.08 28.8691 -5789.45
v -4458.39 28.2457 -5789.68
v -4458.44 28.7739 -5789.79
v -4458.95 32.8538 -5780.79
v -4458.54 32.8538 -5781.22
v -4458.67 32.8538 -5780.51
v -4458.25 32.8538 -5780.94
v -4458.54 29.4538 -5781.22
v -4458.95 29.4538 -5780.79
v -4458.25 29.4538 -5780.94
v -4458.67 29.4538 -5780.51
v -4464.78 26.9444 -5786.27
v -4465.22 26.9444 -5785.89
v -4464.8 26.5508 -5786.16
v -4465.25 26.5508 -5785.92
v -4459.8 26.5508 -5781.35
v -4460.16 26.5508 -5780.98
v -4459.8 26.9444 -5781.35
v -4460.16 26.9444 -5780.98
v -4464.69 26.823 -5787.47
v -4464.74 26.524 -5787.32
v -4465.04 26.7318 -5787.68
v -4465 26.4328 -5787.63
v -4462.95 26.7812 -5790.18
v -4462.85 26.4746 -5790.28
v -4462.55 26.7812 -5790
v -4462.57 26.4746 -5790.02
v -4459.84 30.2961 -5787.34
v -4460.69 30.4538 -5786.46
v -4460.24 29.5684 -5787.27
v -4460.75 30.0538 -5786.41
v -4460.8 29.0538 -5786.35
v -4460.04 28.6538 -5787.14
v -4460.85 28.6538 -5786.31
v -4461.28 32.0538 -5786.81
v -4460.69 30.4538 -5786.46
v -4460.56 31.7257 -5787.51
v -4459.84 30.2961 -5787.34
v -4460.04 28.6538 -5787.14
v -4460.85 28.6538 -5786.31
v -4460.6 27.163 -5787.42
v -4461.23 27.1586 -5786.77
v -4460.71 32.0538 -5786.16
v -4461.28 32.0538 -5786.81
v -4463.21 32.2292 -5786.75
v -4461.47 32.0538 -5788.99
v -4460.56 31.7257 -5787.51
v -4460.13 32.6225 -5783.51
v -4459.19 32.6225 -5782.6
v -4460.73 32.6225 -5782.89
v -4459.8 32.6225 -5781.98
v -4460.73 26.4851 -5782.89
v -4459.8 26.4851 -5781.98
v -4460.13 26.4851 -5783.51
v -4459.19 26.4851 -5782.6
v -4464.57 28.4098 -5782.48
v -4463.59 28.6538 -5783.48
v -4465.01 29.698 -5782.84
v -4463.59 29.0538 -5783.48
v -4463.59 30.0538 -5783.48
v -4464.87 30.6627 -5783.09
v -4463.59 30.4538 -5783.48
v -4463.59 30.4538 -5783.48
v -4464.02 32.2035 -5783.9
v -4464.87 30.6627 -5783.09
v -4464.92 32.0538 -5782.97
v -4463.59 28.6538 -5783.48
v -4464.57 28.4098 -5782.48
v -4463.94 27.899 -5783.82
v -4464.72 27.0538 -5783.18
v -4464.02 27.0538 -5783.9
v -4463.45 32.1591 -5783.34
v -4464.02 32.2035 -5783.9
v -4462.14 27.0538 -5789.64
v -4460.6 27.163 -5787.42
v -4463.94 27.1624 -5786.17
v -4461.23 27.1586 -5786.77
v -4465.8 27.0538 -5783.63
v -4464.72 27.0538 -5783.18
v -4464.02 27.0538 -5783.9
v -4460.66 27.0538 -5786.21
v -4463.45 27.0538 -5783.34
v -4461.3 28.6538 -5789.89
v -4461.28 29.5986 -5789.59
v -4460.04 28.6538 -5787.14
v -4460.24 29.5684 -5787.27
v -4460.74 30.2889 -5789.12
v -4459.84 30.2961 -5787.34
v -4459.84 30.2961 -5787.34
v -4460.74 30.2889 -5789.12
v -4460.56 31.7257 -5787.51
v -4461.07 31.5094 -5789.44
v -4461.47 32.0538 -5788.99
v -4460.04 28.6538 -5787.14
v -4460.6 27.163 -5787.42
v -4461.3 28.6538 -5789.89
v -4462.14 27.0538 -5789.64
v -4461.02 33.0325 -5788.58
v -4459.46 33.2538 -5787.06
v -4462.15 33.2538 -5787.27
v -4460.69 33.2538 -5785.78
v -4462.05 26.8141 -5789.74
v -4464.01 26.9402 -5786.38
v -4459.02 26.6538 -5787.04
v -4461.19 26.6538 -5783.94
v -4458.4 31.7703 -5787.92
v -4460.09 31.7703 -5789.21
v -4460.09 27.7843 -5789.02
v -4461.19 32.4538 -5783.94
v -4460.69 32.4538 -5785.78
v -4458.63 32.4538 -5787.31
v -4459.46 32.4538 -5787.06
v -4463.04 32.5448 -5786.69
v -4462.26 32.4538 -5787.3
v -4461.08 32.2733 -5789.68
v -4461.02 32.4538 -5788.58
v -4462.26 32.4538 -5787.3
v -4462.15 33.2538 -5787.27
v -4460.69 32.4538 -5785.78
v -4460.69 33.2538 -5785.78
v -4460.69 32.4538 -5785.78
v -4460.69 33.2538 -5785.78
v -4459.46 32.4538 -5787.06
v -4459.46 33.2538 -5787.06
v -4459.46 33.2538 -5787.06
v -4461.02 33.0325 -5788.58
v -4459.46 32.4538 -5787.06
v -4461.02 32.4538 -5788.58
v -4458.65 31.7703 -5787.66
v -4459.07 27.6831 -5787.52
v -4458.68 29.7602 -5786.83
v -4459.02 26.6538 -5787.04
v -4458.63 32.4538 -5787.31
v -4461.08 32.2733 -5789.68
v -4458.65 31.7703 -5787.66
v -4460.33 31.7703 -5788.96
v -4460.59 30.5192 -5789.34
v -4460.44 27.6831 -5788.85
v -4461.05 29.5865 -5789.64
v -4461.21 28.6538 -5790.02
v -4462.05 26.8141 -5789.74
v -4462.26 32.4538 -5787.3
v -4461.02 32.4538 -5788.58
v -4462.15 33.2538 -5787.27
v -4461.02 33.0325 -5788.58
v -4461.19 32.0467 -5783.94
v -4461.19 32.4538 -5783.94
v -4460.89 32.0467 -5784.25
v -4458.63 32.4538 -5787.31
v -4460.44 31.3963 -5784.72
v -4459.02 26.6538 -5787.04
v -4460.44 27.7112 -5784.72
v -4458.68 29.7602 -5786.83
v -4458.68 29.7602 -5786.83
v -4461.19 26.6538 -5783.94
v -4460.89 27.0609 -5784.25
v -4464.57 28.4098 -5782.48
v -4465.58 28.3988 -5782.95
v -4464.72 27.0538 -5783.18
v -4465.8 27.0538 -5783.63
v -4466.16 27.9134 -5783.14
v -4464.12 26.6538 -5780.93
v -4466.56 26.6538 -5783.3
v -4462.18 31.2538 -5783.5
v -4462.18 27.8538 -5783.5
v -4462.32 31.2538 -5783.36
v -4462.32 27.8538 -5783.36
v -4462.32 31.2538 -5783.36
v -4462.32 27.8538 -5783.36
v -4462.17 31.2538 -5783.22
v -4462.17 27.8538 -5783.22
v -4461.19 32.4538 -5783.94
v -4461.5 32.0467 -5783.63
v -4464.12 32.4538 -5780.93
v -4461.95 27.7112 -5783.16
v -4464.12 26.6538 -5780.93
v -4463.5 29.5538 -5780.98
v -4461.19 32.0467 -5783.94
v -4461.95 31.3963 -5783.16
v -4460.89 27.0609 -5784.25
v -4461.19 26.6538 -5783.94
v -4461.5 27.0609 -5783.63
v -4464.12 32.4538 -5780.93
v -4464.02 32.4538 -5783.9
v -4464.92 32.0538 -5782.97
v -4464.12 32.4538 -5780.93
v -4464.87 30.6627 -5783.09
v -4464.92 32.0538 -5782.97
v -4465.01 29.698 -5782.84
v -4463.5 29.5538 -5780.98
v -4464.12 26.6538 -5780.93
v -4466.56 26.6538 -5783.3
v -4466.16 27.9134 -5783.14
v -4464.57 28.4098 -5782.48
v -4465.58 28.3988 -5782.95
v -4458.68 29.7602 -5786.83
v -4460.44 27.7112 -5784.72
v -4459.07 27.6831 -5787.52
v -4467.08 33.0316 -5783.15
v -4467.15 33.1786 -5782.85
v -4467.47 33.1786 -5782.98
v -4467.45 33.0316 -5783.19
v -4467.8 33.1786 -5782.87
v -4467.82 33.0316 -5783.11
v -4467.31 33.2088 -5782.69
v -4467.42 33.2444 -5782.76
v -4467.54 33.2153 -5782.74
v -4467.32 33.2444 -5782.62
v -4467.45 33.2792 -5782.64
v -4467.61 33.2447 -5782.66
v -4467.34 33.211 -5782.49
v -4467.46 33.2444 -5782.48
v -4467.53 33.2064 -5782.56
v -4467.15 33.1786 -5782.29
v -4467.45 33.2144 -5782.24
v -4467.77 33.1786 -5782.46
v -4466.99 33.0316 -5782.21
v -4467.45 33.0316 -5782.08
v -4467.99 33.0316 -5782.32
v -4468 33.0316 -5782.64
v -4467.99 33.0316 -5782.32
v -4467.45 33.0316 -5782.08
v -4466.99 33.0316 -5782.21
v -4466.89 33.0316 -5782.64
v -4467.08 33.0316 -5783.15
v -4467.45 33.0316 -5783.19
v -4467.82 33.0316 -5783.11
v -4468 33.0316 -5782.64
v -4467.85 33.1786 -5782.64
v -4467.05 33.2053 -5782.64
v -4466.89 33.0316 -5782.64
v -4468 33.0316 -5782.64
v -4467.37 33.2144 -5782.84
v -4467.55 33.1917 -5782.76
v -4467.56 33.1531 -5782.75
v -4467.36 33.1593 -5782.85
v -4467.54 33.1666 -5782.68
v -4467.33 33.1664 -5782.73
v -4467.53 33.1979 -5782.69
v -4467.32 33.2209 -5782.75
v -4467.52 33.2085 -5782.73
v -4467.36 33.2315 -5782.79
v -4467.55 33.1917 -5782.76
v -4467.37 33.2144 -5782.84
v -4467.75 33.1957 -5782.68
v -4467.75 33.151 -5782.69
v -4467.7 33.1574 -5782.6
v -4467.72 33.2004 -5782.6
v -4467.73 33.218 -5782.65
v -4467.75 33.1957 -5782.68
v -4467.36 33.1593 -5782.85
v -4467.37 33.1645 -5782.78
v -4467.37 33.2144 -5782.84
v -4467.33 33.1664 -5782.73
v -4467.32 33.2209 -5782.75
v -4467.36 33.2315 -5782.79
v -4467.75 33.1957 -5782.68
v -4467.75 33.1646 -5782.64
v -4467.75 33.151 -5782.69
v -4467.7 33.1574 -5782.6
v -4467.72 33.2004 -5782.6
v -4467.73 33.218 -5782.65
v -4467.43 33.2769 -5782.54
v -4467.52 33.2235 -5782.71
v -4467.49 33.2204 -5782.74
v -4467.38 33.2821 -5782.56
v -4467.47 33.1948 -5782.74
v -4467.34 33.2434 -5782.56
v -4467.46 33.1656 -5782.73
v -4467.34 33.1878 -5782.55
v -4467.53 33.1562 -5782.7
v -4467.43 33.1826 -5782.5
v -4467.52 33.1952 -5782.68
v -4467.45 33.228 -5782.53
v -4467.52 33.2235 -5782.71
v -4467.43 33.2769 -5782.54
v -4467.63 33.1872 -5782.88
v -4467.6 33.1901 -5782.91
v -4467.56 33.17 -5782.91
v -4467.57 33.0436 -5782.91
v -4467.64 33.0392 -5782.87
v -4467.65 33.1531 -5782.86
v -4467.63 33.1872 -5782.88
v -4467.38 33.2821 -5782.56
v -4467.41 33.2137 -5782.57
v -4467.43 33.2769 -5782.54
v -4467.34 33.2434 -5782.56
v -4467.34 33.1878 -5782.55
v -4467.43 33.1826 -5782.5
v -4467.45 33.228 -5782.53
v -4467.63 33.1872 -5782.88
v -4467.61 33.1401 -5782.9
v -4467.6 33.1901 -5782.91
v -4467.56 33.17 -5782.91
v -4467.57 33.0436 -5782.91
v -4467.64 33.0392 -5782.87
v -4467.65 33.1531 -5782.86
v -4467.61 33.2854 -5782.49
v -4467.45 33.2138 -5782.58
v -4467.44 33.1762 -5782.57
v -4467.62 33.2398 -5782.46
v -4467.45 33.1478 -5782.58
v -4467.65 33.1931 -5782.47
v -4467.47 33.163 -5782.64
v -4467.67 33.2062 -5782.57
v -4467.47 33.1964 -5782.64
v -4467.68 33.2654 -5782.57
v -4467.47 33.2221 -5782.61
v -4467.62 33.2835 -5782.54
v -4467.45 33.2138 -5782.58
v -4467.61 33.2854 -5782.49
v -4467.26 33.1675 -5782.67
v -4467.26 33.1289 -5782.65
v -4467.28 33.0299 -5782.65
v -4467.32 33.0386 -5782.73
v -4467.3 33.1473 -5782.74
v -4467.29 33.1789 -5782.71
v -4467.26 33.1675 -5782.67
v -4467.62 33.2398 -5782.46
v -4467.62 33.2212 -5782.53
v -4467.61 33.2854 -5782.49
v -4467.65 33.1931 -5782.47
v -4467.67 33.2062 -5782.57
v -4467.68 33.2654 -5782.57
v -4467.62 33.2835 -5782.54
v -4467.26 33.1675 -5782.67
v -4467.27 33.1232 -5782.7
v -4467.26 33.1289 -5782.65
v -4467.28 33.0299 -5782.65
v -4467.32 33.0386 -5782.73
v -4467.3 33.1473 -5782.74
v -4467.29 33.1789 -5782.71
v -4467.16 33.1961 -5782.48
v -4467.23 33.187 -5782.66
v -4467.21 33.1912 -5782.69
v -4467.11 33.2058 -5782.49
v -4467.19 33.167 -5782.7
v -4467.06 33.1684 -5782.51
v -4467.18 33.1346 -5782.69
v -4467.07 33.0436 -5782.51
v -4467.24 33.1534 -5782.64
v -4467.18 33.1466 -5782.48
v -4467.23 33.187 -5782.66
v -4467.16 33.1961 -5782.48
v -4467.34 33.1967 -5782.84
v -4467.3 33.2046 -5782.86
v -4467.27 33.1846 -5782.87
v -4467.28 33.1296 -5782.88
v -4467.36 33.1565 -5782.82
v -4467.34 33.1967 -5782.84
v -4467.11 33.2058 -5782.49
v -4467.14 33.1382 -5782.53
v -4467.16 33.1961 -5782.48
v -4467.06 33.1684 -5782.51
v -4467.07 33.0436 -5782.51
v -4467.18 33.1466 -5782.48
v -4467.34 33.1967 -5782.84
v -4467.32 33.1546 -5782.87
v -4467.3 33.2046 -5782.86
v -4467.27 33.1846 -5782.87
v -4467.28 33.1296 -5782.88
v -4467.36 33.1565 -5782.82
v -4467.37 33.1974 -5782.39
v -4467.31 33.1935 -5782.57
v -4467.27 33.2001 -5782.58
v -4467.32 33.2098 -5782.36
v -4467.25 33.1772 -5782.57
v -4467.28 33.1746 -5782.35
v -4467.25 33.1447 -5782.56
v -4467.28 33.1189 -5782.35
v -4467.33 33.1588 -5782.57
v -4467.38 33.1474 -5782.4
v -4467.31 33.1935 -5782.57
v -4467.37 33.1974 -5782.39
v -4467.27 33.2073 -5782.78
v -4467.23 33.2177 -5782.77
v -4467.2 33.1991 -5782.76
v -4467.19 33.1446 -5782.77
v -4467.29 33.1659 -5782.78
v -4467.27 33.2073 -5782.78
v -4467.32 33.2098 -5782.36
v -4467.32 33.1504 -5782.39
v -4467.37 33.1974 -5782.39
v -4467.28 33.1746 -5782.35
v -4467.28 33.1189 -5782.35
v -4467.38 33.1474 -5782.4
v -4467.27 33.2073 -5782.78
v -4467.23 33.1674 -5782.79
v -4467.23 33.2177 -5782.77
v -4467.2 33.1991 -5782.76
v -4467.19 33.1446 -5782.77
v -4467.29 33.1659 -5782.78
v -4469.35 30.8651 -5777.74
v -4469.18 31.1764 -5778.01
v -4469.63 30.661 -5778.32
v -4469.41 31.0144 -5778.47
v -4468.98 31.2169 -5777.29
v -4468.9 31.4557 -5777.66
v -4468.58 31.6821 -5777.02
v -4468.57 31.8249 -5777.44
v -4468.17 32.215 -5776.95
v -4468.25 32.2479 -5777.38
v -4467.8 32.7636 -5777.08
v -4467.96 32.6833 -5777.49
v -4467.51 33.274 -5777.41
v -4467.72 33.0885 -5777.75
v -4467.31 33.6964 -5777.89
v -4467.57 33.4238 -5778.13
v -4467.24 33.9894 -5778.5
v -4467.51 33.6563 -5778.61
v -4467.3 34.1243 -5779.16
v -4467.56 33.7634 -5779.14
v -4467.48 34.0879 -5779.8
v -4467.7 33.7345 -5779.65
v -4467.76 33.8838 -5780.38
v -4467.93 33.5725 -5780.11
v -4468.13 33.5319 -5780.83
v -4468.22 33.2932 -5780.46
v -4468.53 33.0668 -5781.1
v -4468.54 32.924 -5780.68
v -4468.94 32.5338 -5781.18
v -4468.86 32.501 -5780.74
v -4469.31 31.9853 -5781.04
v -4469.15 32.0656 -5780.63
v -4469.6 31.4749 -5780.72
v -4469.39 31.6604 -5780.37
v -4469.79 31.0525 -5780.23
v -4469.54 31.3251 -5779.99
v -4469.87 30.7595 -5779.62
v -4469.6 31.0926 -5779.51
v -4469.81 30.6246 -5778.97
v -4469.55 30.9855 -5778.98
v -4469.63 30.661 -5778.32
v -4469.41 31.0144 -5778.47
v -4469.8 30.7752 -5777.4
v -4469.35 30.8651 -5777.74
v -4470.15 30.5297 -5778.1
v -4469.63 30.661 -5778.32
v -4469.37 31.1985 -5776.87
v -4468.98 31.2169 -5777.29
v -4469.8 30.7752 -5777.4
v -4469.35 30.8651 -5777.74
v -4468.88 31.758 -5776.54
v -4468.58 31.6821 -5777.02
v -4468.39 32.3991 -5776.45
v -4468.17 32.215 -5776.95
v -4467.95 33.0589 -5776.61
v -4467.8 32.7636 -5777.08
v -4467.59 33.6729 -5777
v -4467.51 33.274 -5777.41
v -4467.36 34.181 -5777.59
v -4467.31 33.6964 -5777.89
v -4467.27 34.5334 -5778.31
v -4467.24 33.9894 -5778.5
v -4467.34 34.6957 -5779.1
v -4467.3 34.1243 -5779.16
v -4467.56 34.652 -5779.89
v -4467.48 34.0879 -5779.8
v -4467.9 34.4064 -5780.58
v -4467.76 33.8838 -5780.38
v -4468.34 33.9832 -5781.12
v -4468.13 33.5319 -5780.83
v -4468.82 33.4236 -5781.45
v -4468.53 33.0668 -5781.1
v -4469.31 32.7826 -5781.54
v -4468.94 32.5338 -5781.18
v -4469.76 32.1227 -5781.38
v -4469.31 31.9853 -5781.04
v -4470.11 31.5087 -5780.98
v -4469.6 31.4749 -5780.72
v -4470.34 31.0006 -5780.39
v -4469.79 31.0525 -5780.23
v -4470.43 30.6482 -5779.67
v -4469.87 30.7595 -5779.62
v -4470.36 30.4859 -5778.88
v -4469.81 30.6246 -5778.97
v -4470.29 30.767 -5777.09
v -4470.68 30.4861 -5777.88
v -4469.79 31.2512 -5776.48
v -4470.29 30.767 -5777.09
v -4469.23 31.8914 -5776.1
v -4468.67 32.6248 -5776
v -4468.16 33.3797 -5776.18
v -4467.76 34.0822 -5776.63
v -4467.49 34.6634 -5777.3
v -4467.39 35.0666 -5778.13
v -4467.47 35.2523 -5779.04
v -4467.72 35.2022 -5779.93
v -4468.11 34.9213 -5780.73
v -4468.61 34.4371 -5781.34
v -4469.17 33.797 -5781.72
v -4469.73 33.0636 -5781.82
v -4470.23 32.3087 -5781.64
v -4470.64 31.6062 -5781.19
v -4470.91 31.0249 -5780.51
v -4471 30.6217 -5779.68
v -4470.93 30.436 -5778.78
v -4470.78 30.8402 -5776.82
v -4471.21 30.5312 -5777.69
v -4470.23 31.3728 -5776.14
v -4470.78 30.8402 -5776.82
v -4469.62 32.0769 -5775.73
v -4469 32.8836 -5775.62
v -4468.45 33.7139 -5775.82
v -4468 34.4865 -5776.31
v -4467.71 35.1259 -5777.05
v -4467.6 35.5694 -5777.97
v -4467.68 35.7736 -5778.96
v -4467.96 35.7185 -5779.94
v -4468.39 35.4095 -5780.82
v -4468.94 34.8769 -5781.49
v -4469.55 34.1728 -5781.91
v -4470.16 33.3662 -5782.02
v -4470.72 32.5358 -5781.82
v -4471.17 31.7632 -5781.32
v -4471.46 31.1238 -5780.58
v -4471.57 30.6803 -5779.67
v -4471.48 30.4761 -5778.67
v -4468.57 31.8249 -5777.44
v -4467.12 30.7645 -5777.78
v -4468.9 31.4557 -5777.66
v -4467.44 30.3952 -5778
v -4469.18 31.1764 -5778.01
v -4467.73 30.1159 -5778.36
v -4469.41 31.0144 -5778.47
v -4467.96 29.9539 -5778.81
v -4469.55 30.9855 -5778.98
v -4468.1 29.9251 -5779.33
v -4469.6 31.0926 -5779.51
v -4468.14 30.0321 -5779.85
v -4469.54 31.3251 -5779.99
v -4468.09 30.2647 -5780.33
v -4469.39 31.6604 -5780.37
v -4467.93 30.6 -5780.72
v -4469.15 32.0656 -5780.63
v -4467.7 31.0051 -5780.98
v -4468.86 32.501 -5780.74
v -4467.41 31.4405 -5781.08
v -4468.54 32.924 -5780.68
v -4467.08 31.8636 -5781.02
v -4468.22 33.2932 -5780.46
v -4466.76 32.2328 -5780.81
v -4467.93 33.5725 -5780.11
v -4466.48 32.5121 -5780.45
v -4467.7 33.7345 -5779.65
v -4466.25 32.6741 -5779.99
v -4467.56 33.7634 -5779.14
v -4466.11 32.703 -5779.48
v -4467.51 33.6563 -5778.61
v -4466.06 32.5959 -5778.96
v -4467.57 33.4238 -5778.13
v -4466.12 32.3633 -5778.48
v -4467.72 33.0885 -5777.75
v -4466.27 32.028 -5778.09
v -4467.96 32.6833 -5777.49
v -4466.51 31.6229 -5777.83
v -4467.96 32.6833 -5777.49
v -4466.51 31.6229 -5777.83
v -4468.25 32.2479 -5777.38
v -4466.8 31.1875 -5777.72
v -4469.66 30.7426 -5778.32
v -4469.38 31.1832 -5778.51
v -4469.38 30.9418 -5777.76
v -4469.18 31.33 -5778.1
v -4469.38 30.9418 -5777.76
v -4469.18 31.33 -5778.1
v -4469.03 31.2852 -5777.32
v -4468.92 31.5829 -5777.78
v -4468.63 31.7393 -5777.06
v -4468.63 31.9173 -5777.58
v -4468.24 32.2594 -5776.98
v -4468.34 32.3004 -5777.53
v -4467.88 32.7948 -5777.11
v -4468.07 32.6948 -5777.62
v -4467.59 33.293 -5777.43
v -4467.86 33.0617 -5777.86
v -4467.4 33.7053 -5777.91
v -4467.72 33.3654 -5778.21
v -4467.33 33.9913 -5778.5
v -4467.67 33.576 -5778.64
v -4467.39 34.123 -5779.14
v -4467.71 33.673 -5779.12
v -4467.56 34.0875 -5779.77
v -4467.84 33.6468 -5779.58
v -4467.84 33.8882 -5780.34
v -4468.04 33.5001 -5780
v -4468.19 33.5448 -5780.77
v -4468.3 33.2471 -5780.32
v -4468.59 33.0908 -5781.04
v -4468.59 32.9127 -5780.51
v -4468.98 32.5706 -5781.11
v -4468.89 32.5296 -5780.57
v -4469.34 32.0352 -5780.98
v -4469.15 32.1353 -5780.47
v -4469.63 31.537 -5780.66
v -4469.36 31.7683 -5780.24
v -4469.82 31.1247 -5780.19
v -4469.5 31.4647 -5779.89
v -4469.89 30.8387 -5779.6
v -4469.55 31.2541 -5779.45
v -4469.84 30.7071 -5778.95
v -4469.51 31.1571 -5778.98
v -4470.16 30.6143 -5778.11
v -4469.66 30.7426 -5778.32
v -4469.83 30.854 -5777.43
v -4469.38 30.9418 -5777.76
v -4469.83 30.854 -5777.43
v -4469.38 30.9418 -5777.76
v -4469.4 31.2671 -5776.9
v -4469.03 31.2852 -5777.32
v -4468.93 31.8133 -5776.58
v -4468.63 31.7393 -5777.06
v -4468.45 32.4391 -5776.5
v -4468.24 32.2594 -5776.98
v -4468.02 33.0832 -5776.65
v -4467.88 32.7948 -5777.11
v -4467.67 33.6825 -5777.04
v -4467.59 33.293 -5777.43
v -4467.44 34.1785 -5777.61
v -4467.4 33.7053 -5777.91
v -4467.36 34.5225 -5778.32
v -4467.33 33.9913 -5778.5
v -4467.43 34.6809 -5779.09
v -4467.39 34.123 -5779.14
v -4467.64 34.6382 -5779.85
v -4467.56 34.0875 -5779.77
v -4467.97 34.3985 -5780.53
v -4467.84 33.8882 -5780.34
v -4468.4 33.9854 -5781.05
v -4468.19 33.5448 -5780.77
v -4468.87 33.4392 -5781.38
v -4468.59 33.0908 -5781.04
v -4469.35 32.8134 -5781.46
v -4468.98 32.5706 -5781.11
v -4469.78 32.1694 -5781.31
v -4469.34 32.0352 -5780.98
v -4470.13 31.57 -5780.92
v -4469.63 31.537 -5780.66
v -4470.36 31.074 -5780.35
v -4469.82 31.1247 -5780.19
v -4470.44 30.73 -5779.64
v -4469.89 30.8387 -5779.6
v -4470.37 30.5716 -5778.87
v -4469.84 30.7071 -5778.95
v -4470.68 30.5717 -5777.9
v -4470.3 30.8459 -5777.13
v -4470.3 30.8459 -5777.13
v -4469.81 31.3186 -5776.53
v -4469.27 31.9435 -5776.16
v -4468.73 32.6595 -5776.06
v -4468.23 33.3964 -5776.24
v -4467.83 34.0821 -5776.68
v -4467.57 34.6496 -5777.33
v -4467.48 35.0432 -5778.14
v -4467.55 35.2244 -5779.03
v -4467.79 35.1755 -5779.9
v -4468.18 34.9013 -5780.67
v -4468.66 34.4286 -5781.27
v -4469.21 33.8037 -5781.64
v -4469.75 33.0878 -5781.74
v -4470.25 32.3508 -5781.56
v -4470.65 31.6651 -5781.12
v -4470.9 31.0977 -5780.47
v -4471 30.7041 -5779.66
v -4470.92 30.5228 -5778.77
v -4471.21 30.6158 -5777.71
v -4470.79 30.9178 -5776.86
v -4470.79 30.9178 -5776.86
v -4470.25 31.4383 -5776.2
v -4469.65 32.1266 -5775.79
v -4469.05 32.9151 -5775.68
v -4468.51 33.7267 -5775.88
v -4468.07 34.4819 -5776.36
v -4467.78 35.1069 -5777.08
v -4467.68 35.5404 -5777.98
v -4467.76 35.74 -5778.95
v -4468.03 35.6861 -5779.91
v -4468.45 35.3841 -5780.76
v -4468.99 34.8636 -5781.42
v -4469.58 34.1753 -5781.83
v -4470.18 33.3868 -5781.94
v -4470.73 32.5752 -5781.74
v -4471.17 31.82 -5781.26
v -4471.45 31.195 -5780.54
v -4471.56 30.7615 -5779.64
v -4471.48 30.5619 -5778.67
v -4468.63 31.9173 -5777.58
v -4468.92 31.5829 -5777.78
v -4467.12 30.8163 -5777.94
v -4467.41 30.4819 -5778.13
v -4469.18 31.33 -5778.1
v -4467.67 30.2289 -5778.45
v -4469.38 31.1832 -5778.51
v -4467.88 30.0822 -5778.87
v -4469.51 31.1571 -5778.98
v -4468 30.0561 -5779.33
v -4469.55 31.2541 -5779.45
v -4468.05 30.153 -5779.81
v -4469.5 31.4647 -5779.89
v -4467.99 30.3637 -5780.24
v -4469.36 31.7683 -5780.24
v -4467.85 30.6673 -5780.59
v -4469.15 32.1353 -5780.47
v -4467.64 31.0343 -5780.83
v -4468.89 32.5296 -5780.57
v -4467.38 31.4286 -5780.92
v -4468.59 32.9127 -5780.51
v -4467.08 31.8117 -5780.87
v -4468.3 33.2471 -5780.32
v -4466.79 32.1461 -5780.67
v -4468.04 33.5001 -5780
v -4466.53 32.3991 -5780.35
v -4467.84 33.6468 -5779.58
v -4466.33 32.5458 -5779.94
v -4467.71 33.673 -5779.12
v -4466.2 32.572 -5779.47
v -4467.67 33.576 -5778.64
v -4466.16 32.475 -5779
v -4467.72 33.3654 -5778.21
v -4466.21 32.2644 -5778.56
v -4467.86 33.0617 -5777.86
v -4466.35 31.9607 -5778.21
v -4468.07 32.6948 -5777.62
v -4466.56 31.5937 -5777.98
v -4468.07 32.6948 -5777.62
v -4468.34 32.3004 -5777.53
v -4466.56 31.5937 -5777.98
v -4466.83 31.1994 -5777.88
v -4467.12 30.7645 -5777.78
v -4467.12 30.8163 -5777.94
v -4467.44 30.3952 -5778
v -4467.41 30.4819 -5778.13
v -4467.73 30.1159 -5778.36
v -4467.67 30.2289 -5778.45
v -4467.96 29.9539 -5778.81
v -4467.88 30.0822 -5778.87
v -4468.1 29.9251 -5779.33
v -4468 30.0561 -5779.33
v -4468 30.0561 -5779.33
v -4468.14 30.0321 -5779.85
v -4468.05 30.153 -5779.81
v -4468.09 30.2647 -5780.33
v -4467.99 30.3637 -5780.24
v -4467.93 30.6 -5780.72
v -4467.85 30.6673 -5780.59
v -4467.7 31.0051 -5780.98
v -4467.64 31.0343 -5780.83
v -4467.7 31.0051 -5780.98
v -4467.41 31.4405 -5781.08
v -4467.38 31.4286 -5780.92
v -4467.08 31.8636 -5781.02
v -4467.08 31.8117 -5780.87
v -4467.08 31.8636 -5781.02
v -4467.08 31.8117 -5780.87
v -4466.76 32.2328 -5780.81
v -4466.79 32.1461 -5780.67
v -4466.48 32.5121 -5780.45
v -4466.53 32.3991 -5780.35
v -4466.48 32.5121 -5780.45
v -4466.25 32.6741 -5779.99
v -4466.33 32.5458 -5779.94
v -4466.11 32.703 -5779.48
v -4466.2 32.572 -5779.47
v -4466.06 32.5959 -5778.96
v -4466.16 32.475 -5779
v -4466.12 32.3633 -5778.48
v -4466.21 32.2644 -5778.56
v -4466.27 32.028 -5778.09
v -4466.35 31.9607 -5778.21
v -4466.51 31.6229 -5777.83
v -4466.56 31.5937 -5777.98
v -4466.8 31.1875 -5777.72
v -4466.83 31.1994 -5777.88
v -4469.54 31.0689 -5779.04
v -4469.71 31.0179 -5779.01
v -4469.83 30.6589 -5779.01
v -4471.42 30.5455 -5778.73
v -4470.56 30.519 -5778.89
v -4470.98 31.1644 -5778.77
v -4470.77 31.0379 -5778.81
v -4470.48 30.9462 -5778.87
v -4470.06 30.9679 -5778.95
v -4469.52 31.0611 -5778.93
v -4469.81 30.6512 -5778.91
v -4469.69 31.0102 -5778.9
v -4471.4 30.5377 -5778.63
v -4470.96 31.1566 -5778.66
v -4470.54 30.5113 -5778.79
v -4470.75 31.0302 -5778.71
v -4470.46 30.9385 -5778.77
v -4470.04 30.9601 -5778.84
v -4469.2 31.2251 -5778.1
v -4469.35 31.1905 -5777.99
v -4469.38 30.8715 -5777.79
v -4470.75 30.8731 -5776.92
v -4470 30.7923 -5777.36
v -4470.47 31.4069 -5777.39
v -4470.27 31.278 -5777.45
v -4470 31.1757 -5777.56
v -4469.64 31.168 -5777.79
v -4469.15 31.2689 -5778.02
v -4469.33 30.9153 -5777.71
v -4469.29 31.2343 -5777.9
v -4470.7 30.9169 -5776.84
v -4470.42 31.4507 -5777.31
v -4469.95 30.8361 -5777.28
v -4470.22 31.3218 -5777.37
v -4469.95 31.2195 -5777.48
v -4469.59 31.2119 -5777.7
v -4468.63 31.8261 -5777.52
v -4468.72 31.8468 -5777.36
v -4468.63 31.6639 -5777.05
v -4469.63 32.0562 -5775.84
v -4469.05 31.7909 -5776.43
v -4469.63 32.3011 -5776.56
v -4469.43 32.1636 -5776.63
v -4469.19 32.0254 -5776.77
v -4468.93 31.9182 -5777.08
v -4468.56 31.9048 -5777.5
v -4468.57 31.7426 -5777.02
v -4468.66 31.9254 -5777.34
v -4469.57 32.1349 -5775.81
v -4469.56 32.3797 -5776.53
v -4468.99 31.8695 -5776.41
v -4469.36 32.2423 -5776.6
v -4469.13 32.1041 -5776.74
v -4468.87 31.9969 -5777.05
v -4468.03 32.6423 -5777.54
v -4468.07 32.7362 -5777.38
v -4467.86 32.7335 -5777.07
v -4468.49 33.6429 -5775.89
v -4468.08 33.1333 -5776.48
v -4468.75 33.5053 -5776.59
v -4468.56 33.3566 -5776.66
v -4468.37 33.1708 -5776.8
v -4468.2 32.9319 -5777.1
v -4467.98 32.7258 -5777.57
v -4467.8 32.8169 -5777.11
v -4468.02 32.8197 -5777.42
v -4468.44 33.7264 -5775.93
v -4468.7 33.5888 -5776.63
v -4468.03 33.2168 -5776.51
v -4468.51 33.44 -5776.7
v -4468.31 33.2542 -5776.84
v -4468.14 33.0153 -5777.14
v -4467.65 33.3619 -5778.13
v -4467.66 33.519 -5778.03
v -4467.36 33.6716 -5777.86
v -4467.75 35.0272 -5777.06
v -4467.46 34.3069 -5777.46
v -4468.19 34.5597 -5777.48
v -4468.01 34.4012 -5777.54
v -4467.83 34.1744 -5777.64
v -4467.72 33.8218 -5777.85
v -4467.63 33.4183 -5778.22
v -4467.34 33.728 -5777.94
v -4467.64 33.5754 -5778.11
v -4467.73 35.0836 -5777.15
v -4468.17 34.6161 -5777.56
v -4467.44 34.3633 -5777.55
v -4467.99 34.4576 -5777.62
v -4467.81 34.2308 -5777.73
v -4467.7 33.8782 -5777.93
v -4467.95 33.5539 -5780.01
v -4467.99 33.7236 -5780.08
v -4467.77 33.9075 -5780.32
v -4468.38 35.3527 -5780.72
v -4467.98 34.59 -5780.56
v -4468.66 34.8189 -5780.25
v -4468.47 34.6584 -5780.29
v -4468.27 34.4234 -5780.28
v -4468.11 34.048 -5780.19
v -4468 33.5101 -5780.1
v -4467.82 33.8637 -5780.4
v -4468.04 33.6798 -5780.16
v -4468.43 35.3089 -5780.8
v -4468.71 34.7751 -5780.33
v -4468.03 34.5462 -5780.64
v -4468.52 34.6146 -5780.37
v -4468.32 34.3796 -5780.36
v -4468.16 34.0042 -5780.27
v -4468.53 32.9529 -5780.59
v -4468.62 33.0673 -5780.7
v -4468.52 33.1151 -5781.06
v -4469.5 34.1696 -5781.81
v -4468.93 33.5915 -5781.48
v -4469.51 33.9247 -5781.09
v -4469.31 33.7728 -5781.11
v -4469.08 33.5737 -5781.08
v -4468.82 33.2978 -5780.89
v -4468.59 32.8742 -5780.61
v -4468.58 33.0364 -5781.09
v -4468.68 32.9886 -5780.73
v -4469.56 34.0909 -5781.83
v -4469.57 33.846 -5781.11
v -4468.99 33.5128 -5781.51
v -4469.37 33.6941 -5781.14
v -4469.14 33.495 -5781.1
v -4468.88 33.2191 -5780.92
v -4469.12 32.1367 -5780.57
v -4469.26 32.1779 -5780.69
v -4469.29 32.0455 -5781.04
v -4470.65 32.5828 -5781.75
v -4469.9 32.249 -5781.44
v -4470.38 32.7204 -5781.05
v -4470.17 32.5798 -5781.08
v -4469.91 32.4283 -5781.04
v -4469.56 32.2841 -5780.87
v -4469.17 32.0532 -5780.54
v -4469.35 31.9621 -5781
v -4469.31 32.0944 -5780.65
v -4470.7 32.4994 -5781.72
v -4470.43 32.637 -5781.02
v -4469.95 32.1655 -5781.41
v -4470.23 32.4964 -5781.04
v -4469.96 32.3448 -5781.01
v -4469.61 32.2007 -5780.83
v -4469.5 31.4171 -5779.98
v -4469.68 31.3951 -5780.04
v -4469.79 31.1074 -5780.25
v -4471.38 31.1985 -5780.58
v -4470.52 31.0754 -5780.45
v -4470.94 31.6661 -5780.17
v -4470.73 31.5352 -5780.2
v -4470.44 31.4247 -5780.2
v -4470.03 31.3942 -5780.12
v -4469.52 31.3607 -5779.9
v -4469.82 31.051 -5780.17
v -4469.7 31.3387 -5779.95
v -4471.4 31.1422 -5780.49
v -4470.96 31.6097 -5780.08
v -4470.54 31.0191 -5780.37
v -4470.75 31.4788 -5780.11
v -4470.46 31.3683 -5780.12
v -4470.05 31.3378 -5780.04
v -4467.62 33.7101 -5779.08
v -4467.62 33.8962 -5779.06
v -4467.32 34.1201 -5779.1
v -4467.71 35.6803 -5778.91
v -4467.42 34.8633 -5779.02
v -4468.16 35.0614 -5778.88
v -4467.97 34.8985 -5778.92
v -4467.8 34.6528 -5778.97
v -4467.69 34.2481 -5779.02
v -4467.64 33.7179 -5779.18
v -4467.34 34.1278 -5779.2
v -4467.64 33.9039 -5779.16
v -4467.73 35.6881 -5779.01
v -4468.18 35.0692 -5778.98
v -4467.44 34.8711 -5779.13
v -4467.99 34.9062 -5779.03
v -4467.81 34.6606 -5779.08
v -4467.71 34.2559 -5779.13
v -4471.21 30.5312 -5777.69
v -4471.21 30.6158 -5777.71
v -4470.78 30.8402 -5776.82
v -4470.79 30.9178 -5776.86
v -4470.78 30.8402 -5776.82
v -4470.79 30.9178 -5776.86
v -4470.23 31.3728 -5776.14
v -4470.25 31.4383 -5776.2
v -4470.23 31.3728 -5776.14
v -4470.25 31.4383 -5776.2
v -4469.62 32.0769 -5775.73
v -4469.65 32.1266 -5775.79
v -4469.62 32.0769 -5775.73
v -4469.65 32.1266 -5775.79
v -4469 32.8836 -5775.62
v -4469.05 32.9151 -5775.68
v -4469 32.8836 -5775.62
v -4469.05 32.9151 -5775.68
v -4468.45 33.7139 -5775.82
v -4468.51 33.7267 -5775.88
v -4468.45 33.7139 -5775.82
v -4468.51 33.7267 -5775.88
v -4468 34.4865 -5776.31
v -4468.07 34.4819 -5776.36
v -4468 34.4865 -5776.31
v -4468.07 34.4819 -5776.36
v -4467.71 35.1259 -5777.05
v -4467.78 35.1069 -5777.08
v -4467.71 35.1259 -5777.05
v -4467.78 35.1069 -5777.08
v -4467.6 35.5694 -5777.97
v -4467.68 35.5404 -5777.98
v -4467.6 35.5694 -5777.97
v -4467.68 35.5404 -5777.98
v -4467.68 35.7736 -5778.96
v -4467.76 35.74 -5778.95
v -4467.68 35.7736 -5778.96
v -4467.76 35.74 -5778.95
v -4467.96 35.7185 -5779.94
v -4468.03 35.6861 -5779.91
v -4467.96 35.7185 -5779.94
v -4468.03 35.6861 -5779.91
v -4468.39 35.4095 -5780.82
v -4468.45 35.3841 -5780.76
v -4468.39 35.4095 -5780.82
v -4468.45 35.3841 -5780.76
v -4468.94 34.8769 -5781.49
v -4468.99 34.8636 -5781.42
v -4468.94 34.8769 -5781.49
v -4468.99 34.8636 -5781.42
v -4469.55 34.1728 -5781.91
v -4469.58 34.1753 -5781.83
v -4469.55 34.1728 -5781.91
v -4469.58 34.1753 -5781.83
v -4470.16 33.3662 -5782.02
v -4470.18 33.3868 -5781.94
v -4470.16 33.3662 -5782.02
v -4470.18 33.3868 -5781.94
v -4470.72 32.5358 -5781.82
v -4470.73 32.5752 -5781.74
v -4470.72 32.5358 -5781.82
v -4470.73 32.5752 -5781.74
v -4471.17 31.7632 -5781.32
v -4471.17 31.82 -5781.26
v -4471.17 31.7632 -5781.32
v -4471.17 31.82 -5781.26
v -4471.46 31.1238 -5780.58
v -4471.45 31.195 -5780.54
v -4471.46 31.1238 -5780.58
v -4471.45 31.195 -5780.54
v -4471.57 30.6803 -5779.67
v -4471.56 30.7615 -5779.64
v -4471.57 30.6803 -5779.67
v -4471.56 30.7615 -5779.64
v -4471.48 30.4761 -5778.67
v -4471.48 30.5619 -5778.67
v -4471.48 30.4761 -5778.67
v -4471.48 30.5619 -5778.67
v -4471.21 30.5312 -5777.69
v -4471.21 30.6158 -5777.71
v -4470.38 31.1011 -5777.22
v -4470.44 31.1519 -5777.2
v -4470.73 30.8466 -5777.94
v -4470.8 30.8974 -5777.92
v -4469.92 31.5399 -5776.66
v -4469.99 31.5907 -5776.64
v -4470.38 31.1011 -5777.22
v -4470.44 31.1519 -5777.2
v -4469.42 32.12 -5776.32
v -4469.49 32.1707 -5776.3
v -4468.91 32.7846 -5776.23
v -4468.98 32.8353 -5776.21
v -4468.45 33.4686 -5776.39
v -4468.52 33.5194 -5776.38
v -4468.08 34.1052 -5776.8
v -4468.15 34.1559 -5776.78
v -4467.84 34.6319 -5777.41
v -4467.91 34.6827 -5777.39
v -4467.75 34.9973 -5778.16
v -4467.82 35.048 -5778.15
v -4467.82 35.1655 -5778.98
v -4467.89 35.2163 -5778.97
v -4468.05 35.1201 -5779.79
v -4468.12 35.1709 -5779.78
v -4468.4 34.8656 -5780.51
v -4468.47 34.9164 -5780.49
v -4468.86 34.4268 -5781.07
v -4468.92 34.4776 -5781.05
v -4469.36 33.8467 -5781.41
v -4469.43 33.8975 -5781.39
v -4469.87 33.1821 -5781.5
v -4469.94 33.2329 -5781.49
v -4470.33 32.4981 -5781.34
v -4470.4 32.5489 -5781.32
v -4470.69 31.8615 -5780.93
v -4470.76 31.9123 -5780.91
v -4470.94 31.3348 -5780.32
v -4471.01 31.3856 -5780.3
v -4471.02 30.9694 -5779.57
v -4471.09 31.0202 -5779.55
v -4470.95 30.8012 -5778.75
v -4471.02 30.852 -5778.73
v -4469.96 31.0869 -5777.47
v -4470.03 31.1377 -5777.46
v -4470.27 30.8608 -5778.11
v -4470.34 30.9116 -5778.1
v -4469.56 31.4767 -5776.98
v -4469.63 31.5275 -5776.96
v -4469.96 31.0869 -5777.47
v -4470.03 31.1377 -5777.46
v -4469.11 31.9921 -5776.68
v -4469.18 32.0428 -5776.66
v -4468.66 32.5825 -5776.59
v -4468.73 32.6333 -5776.58
v -4468.25 33.1902 -5776.74
v -4468.32 33.241 -5776.72
v -4467.92 33.7557 -5777.1
v -4467.99 33.8065 -5777.09
v -4467.71 34.2236 -5777.64
v -4467.78 34.2744 -5777.63
v -4467.63 34.5482 -5778.31
v -4467.7 34.599 -5778.3
v -4467.69 34.6977 -5779.04
v -4467.76 34.7485 -5779.02
v -4467.89 34.6574 -5779.76
v -4467.96 34.7082 -5779.74
v -4468.21 34.4312 -5780.4
v -4468.28 34.482 -5780.38
v -4468.61 34.0414 -5780.89
v -4468.68 34.0922 -5780.88
v -4469.06 33.5261 -5781.2
v -4469.12 33.5769 -5781.18
v -4469.51 32.9357 -5781.28
v -4469.58 32.9865 -5781.26
v -4469.91 32.328 -5781.13
v -4469.98 32.3788 -5781.12
v -4470.24 31.7625 -5780.77
v -4470.31 31.8133 -5780.75
v -4470.46 31.2945 -5780.23
v -4470.53 31.3453 -5780.21
v -4470.54 30.9699 -5779.56
v -4470.6 31.0207 -5779.54
v -4470.47 30.8205 -5778.83
v -4470.54 30.8713 -5778.81
v -4469.55 31.1077 -5777.74
v -4469.62 31.1585 -5777.73
v -4469.82 30.9128 -5778.29
v -4469.89 30.9636 -5778.28
v -4469.2 31.4436 -5777.32
v -4469.27 31.4944 -5777.3
v -4468.82 31.8877 -5777.06
v -4468.89 31.9385 -5777.04
v -4468.43 32.3965 -5776.98
v -4468.5 32.4473 -5776.97
v -4468.08 32.9203 -5777.11
v -4468.15 32.9711 -5777.1
v -4467.79 33.4076 -5777.42
v -4467.86 33.4584 -5777.41
v -4467.61 33.8109 -5777.89
v -4467.68 33.8617 -5777.87
v -4467.54 34.0906 -5778.47
v -4467.61 34.1414 -5778.45
v -4467.6 34.2194 -5779.09
v -4467.67 34.2702 -5779.08
v -4467.77 34.1847 -5779.71
v -4467.84 34.2355 -5779.7
v -4468.04 33.9898 -5780.26
v -4468.11 34.0406 -5780.25
v -4468.39 33.6539 -5780.69
v -4468.45 33.7047 -5780.67
v -4468.77 33.2098 -5780.95
v -4468.84 33.2606 -5780.94
v -4469.16 32.7009 -5781.02
v -4469.23 32.7517 -5781.01
v -4469.51 32.1772 -5780.9
v -4469.58 32.228 -5780.88
v -4469.79 31.6899 -5780.58
v -4469.86 31.7407 -5780.57
v -4469.98 31.2866 -5780.12
v -4470.05 31.3374 -5780.1
v -4470.05 31.0069 -5779.54
v -4470.12 31.0576 -5779.53
v -4469.98 31.2866 -5780.12
v -4470.05 31.3374 -5780.1
v -4469.99 30.8781 -5778.91
v -4470.06 30.9288 -5778.9
v -4470.98 31.1644 -5778.77
v -4470.96 31.1566 -5778.66
v -4471.42 30.5455 -5778.73
v -4471.4 30.5377 -5778.63
v -4469.69 31.0102 -5778.9
v -4469.71 31.0179 -5779.01
v -4469.52 31.0611 -5778.93
v -4469.54 31.0689 -5779.04
v -4470.04 30.9601 -5778.84
v -4470.06 30.9679 -5778.95
v -4470.46 30.9385 -5778.77
v -4470.48 30.9462 -5778.87
v -4470.75 31.0302 -5778.71
v -4470.77 31.0379 -5778.81
v -4470.96 31.1566 -5778.66
v -4470.98 31.1644 -5778.77
v -4470.47 31.4069 -5777.39
v -4470.42 31.4507 -5777.31
v -4470.75 30.8731 -5776.92
v -4470.7 30.9169 -5776.84
v -4469.29 31.2343 -5777.9
v -4469.35 31.1905 -5777.99
v -4469.15 31.2689 -5778.02
v -4469.2 31.2251 -5778.1
v -4469.59 31.2119 -5777.7
v -4469.64 31.168 -5777.79
v -4469.95 31.2195 -5777.48
v -4470 31.1757 -5777.56
v -4470.22 31.3218 -5777.37
v -4470.27 31.278 -5777.45
v -4470.42 31.4507 -5777.31
v -4470.47 31.4069 -5777.39
v -4469.63 32.3011 -5776.56
v -4469.56 32.3797 -5776.53
v -4469.63 32.0562 -5775.84
v -4469.57 32.1349 -5775.81
v -4468.66 31.9254 -5777.34
v -4468.72 31.8468 -5777.36
v -4468.56 31.9048 -5777.5
v -4468.63 31.8261 -5777.52
v -4468.87 31.9969 -5777.05
v -4468.93 31.9182 -5777.08
v -4469.13 32.1041 -5776.74
v -4469.19 32.0254 -5776.77
v -4469.36 32.2423 -5776.6
v -4469.43 32.1636 -5776.63
v -4469.56 32.3797 -5776.53
v -4469.63 32.3011 -5776.56
v -4468.75 33.5053 -5776.59
v -4468.7 33.5888 -5776.63
v -4468.49 33.6429 -5775.89
v -4468.44 33.7264 -5775.93
v -4468.02 32.8197 -5777.42
v -4468.07 32.7362 -5777.38
v -4467.98 32.7258 -5777.57
v -4468.03 32.6423 -5777.54
v -4468.14 33.0153 -5777.14
v -4468.2 32.9319 -5777.1
v -4468.31 33.2542 -5776.84
v -4468.37 33.1708 -5776.8
v -4468.51 33.44 -5776.7
v -4468.56 33.3566 -5776.66
v -4468.7 33.5888 -5776.63
v -4468.75 33.5053 -5776.59
v -4468.19 34.5597 -5777.48
v -4468.17 34.6161 -5777.56
v -4467.75 35.0272 -5777.06
v -4467.73 35.0836 -5777.15
v -4467.64 33.5754 -5778.11
v -4467.66 33.519 -5778.03
v -4467.63 33.4183 -5778.22
v -4467.65 33.3619 -5778.13
v -4467.7 33.8782 -5777.93
v -4467.72 33.8218 -5777.85
v -4467.81 34.2308 -5777.73
v -4467.83 34.1744 -5777.64
v -4467.99 34.4576 -5777.62
v -4468.01 34.4012 -5777.54
v -4468.17 34.6161 -5777.56
v -4468.19 34.5597 -5777.48
v -4468.66 34.8189 -5780.25
v -4468.71 34.7751 -5780.33
v -4468.38 35.3527 -5780.72
v -4468.43 35.3089 -5780.8
v -4468.04 33.6798 -5780.16
v -4467.99 33.7236 -5780.08
v -4468 33.5101 -5780.1
v -4467.95 33.5539 -5780.01
v -4468.16 34.0042 -5780.27
v -4468.11 34.048 -5780.19
v -4468.32 34.3796 -5780.36
v -4468.27 34.4234 -5780.28
v -4468.52 34.6146 -5780.37
v -4468.47 34.6584 -5780.29
v -4468.71 34.7751 -5780.33
v -4468.66 34.8189 -5780.25
v -4469.51 33.9247 -5781.09
v -4469.57 33.846 -5781.11
v -4469.5 34.1696 -5781.81
v -4469.56 34.0909 -5781.83
v -4468.68 32.9886 -5780.73
v -4468.62 33.0673 -5780.7
v -4468.59 32.8742 -5780.61
v -4468.53 32.9529 -5780.59
v -4468.88 33.2191 -5780.92
v -4468.82 33.2978 -5780.89
v -4469.14 33.495 -5781.1
v -4469.08 33.5737 -5781.08
v -4469.37 33.6941 -5781.14
v -4469.31 33.7728 -5781.11
v -4469.57 33.846 -5781.11
v -4469.51 33.9247 -5781.09
v -4470.38 32.7204 -5781.05
v -4470.43 32.637 -5781.02
v -4470.65 32.5828 -5781.75
v -4470.7 32.4994 -5781.72
v -4469.31 32.0944 -5780.65
v -4469.26 32.1779 -5780.69
v -4469.17 32.0532 -5780.54
v -4469.12 32.1367 -5780.57
v -4469.61 32.2007 -5780.83
v -4469.56 32.2841 -5780.87
v -4469.96 32.3448 -5781.01
v -4469.91 32.4283 -5781.04
v -4470.23 32.4964 -5781.04
v -4470.17 32.5798 -5781.08
v -4470.43 32.637 -5781.02
v -4470.38 32.7204 -5781.05
v -4470.94 31.6661 -5780.17
v -4470.96 31.6097 -5780.08
v -4471.38 31.1985 -5780.58
v -4471.4 31.1422 -5780.49
v -4469.7 31.3387 -5779.95
v -4469.68 31.3951 -5780.04
v -4469.52 31.3607 -5779.9
v -4469.5 31.4171 -5779.98
v -4470.05 31.3378 -5780.04
v -4470.03 31.3942 -5780.12
v -4470.46 31.3683 -5780.12
v -4470.44 31.4247 -5780.2
v -4470.75 31.4788 -5780.11
v -4470.73 31.5352 -5780.2
v -4470.96 31.6097 -5780.08
v -4470.94 31.6661 -5780.17
v -4468.16 35.0614 -5778.88
v -4468.18 35.0692 -5778.98
v -4467.71 35.6803 -5778.91
v -4467.73 35.6881 -5779.01
v -4467.64 33.9039 -5779.16
v -4467.62 33.8962 -5779.06
v -4467.64 33.7179 -5779.18
v -4467.62 33.7101 -5779.08
v -4467.71 34.2559 -5779.13
v -4467.69 34.2481 -5779.02
v -4467.81 34.6606 -5779.08
v -4467.8 34.6528 -5778.97
v -4467.99 34.9062 -5779.03
v -4467.97 34.8985 -5778.92
v -4468.18 35.0692 -5778.98
v -4468.16 35.0614 -5778.88
v -4471.01 30.5601 -5777.77
v -4470.8 30.8974 -5777.92
v -4470.6 30.8548 -5776.94
v -4470.44 31.1519 -5777.2
v -4470.08 31.3628 -5776.3
v -4469.99 31.5907 -5776.64
v -4469.49 32.0345 -5775.9
v -4469.49 32.1707 -5776.3
v -4468.91 32.804 -5775.79
v -4468.98 32.8353 -5776.21
v -4468.37 33.596 -5775.99
v -4468.52 33.5194 -5776.38
v -4467.95 34.333 -5776.46
v -4468.15 34.1559 -5776.78
v -4467.67 34.9429 -5777.16
v -4467.91 34.6827 -5777.39
v -4467.56 35.3659 -5778.03
v -4467.82 35.048 -5778.15
v -4467.65 35.5607 -5778.98
v -4467.89 35.2163 -5778.97
v -4467.91 35.5082 -5779.92
v -4468.12 35.1709 -5779.78
v -4468.32 35.2135 -5780.75
v -4468.47 34.9164 -5780.49
v -4468.84 34.7054 -5781.4
v -4468.92 34.4776 -5781.05
v -4469.42 34.0338 -5781.79
v -4469.43 33.8975 -5781.39
v -4470.01 33.2643 -5781.9
v -4469.94 33.2329 -5781.49
v -4470.54 32.4723 -5781.71
v -4470.4 32.5489 -5781.32
v -4470.97 31.7353 -5781.24
v -4470.76 31.9123 -5780.91
v -4471.25 31.1254 -5780.53
v -4471.01 31.3856 -5780.3
v -4471.35 30.7023 -5779.66
v -4471.09 31.0202 -5779.55
v -4471.27 30.5075 -5778.71
v -4471.02 30.852 -5778.73
v -4470.53 30.804 -5776.96
v -4470.38 31.1011 -5777.22
v -4470.94 30.5093 -5777.79
v -4470.73 30.8466 -5777.94
v -4470.01 31.312 -5776.31
v -4469.92 31.5399 -5776.66
v -4469.42 31.9837 -5775.92
v -4469.42 32.12 -5776.32
v -4468.84 32.7532 -5775.81
v -4468.91 32.7846 -5776.23
v -4468.3 33.5452 -5776
v -4468.45 33.4686 -5776.39
v -4467.88 34.2822 -5776.47
v -4468.08 34.1052 -5776.8
v -4467.6 34.8921 -5777.18
v -4467.84 34.6319 -5777.41
v -4467.5 35.3152 -5778.05
v -4467.75 34.9973 -5778.16
v -4467.58 35.5099 -5779
v -4467.82 35.1655 -5778.98
v -4467.84 35.4574 -5779.94
v -4468.05 35.1201 -5779.79
v -4468.25 35.1627 -5780.77
v -4468.4 34.8656 -5780.51
v -4468.77 34.6547 -5781.42
v -4468.86 34.4268 -5781.07
v -4469.35 33.983 -5781.81
v -4469.36 33.8467 -5781.41
v -4469.94 33.2135 -5781.92
v -4469.87 33.1821 -5781.5
v -4470.47 32.4215 -5781.73
v -4470.33 32.4981 -5781.34
v -4470.9 31.6845 -5781.25
v -4470.69 31.8615 -5780.93
v -4471.18 31.0746 -5780.55
v -4470.94 31.3348 -5780.32
v -4471.28 30.6515 -5779.68
v -4471.02 30.9694 -5779.57
v -4471.2 30.4568 -5778.73
v -4470.95 30.8012 -5778.75
v -4470.55 30.5743 -5777.95
v -4470.34 30.9116 -5778.1
v -4470.18 30.8406 -5777.2
v -4470.03 31.1377 -5777.46
v -4469.71 31.2997 -5776.61
v -4469.63 31.5275 -5776.96
v -4469.18 31.9066 -5776.26
v -4469.18 32.0428 -5776.66
v -4468.65 32.6019 -5776.16
v -4468.73 32.6333 -5776.58
v -4468.17 33.3176 -5776.33
v -4468.32 33.241 -5776.72
v -4467.79 33.9835 -5776.76
v -4467.99 33.8065 -5777.09
v -4467.53 34.5346 -5777.4
v -4467.78 34.2744 -5777.63
v -4467.44 34.9169 -5778.19
v -4467.7 34.599 -5778.3
v -4467.51 35.0929 -5779.04
v -4467.76 34.7485 -5779.02
v -4467.75 35.0454 -5779.89
v -4467.96 34.7082 -5779.74
v -4468.12 34.7791 -5780.64
v -4468.28 34.482 -5780.38
v -4468.59 34.3201 -5781.23
v -4468.68 34.0922 -5780.88
v -4469.12 33.7132 -5781.58
v -4469.12 33.5769 -5781.18
v -4469.65 33.0178 -5781.68
v -4469.58 32.9865 -5781.26
v -4470.13 32.3022 -5781.51
v -4469.98 32.3788 -5781.12
v -4470.52 31.6362 -5781.08
v -4470.31 31.8133 -5780.75
v -4470.77 31.0851 -5780.44
v -4470.53 31.3453 -5780.21
v -4470.86 30.7028 -5779.65
v -4470.6 31.0207 -5779.54
v -4470.79 30.5268 -5778.8
v -4470.54 30.8713 -5778.81
v -4470.11 30.7898 -5777.21
v -4469.96 31.0869 -5777.47
v -4470.48 30.5235 -5777.97
v -4470.27 30.8608 -5778.11
v -4469.64 31.2489 -5776.63
v -4469.56 31.4767 -5776.98
v -4469.11 31.8558 -5776.27
v -4469.11 31.9921 -5776.68
v -4468.58 32.5511 -5776.18
v -4468.66 32.5825 -5776.59
v -4468.1 33.2668 -5776.35
v -4468.25 33.1902 -5776.74
v -4467.72 33.9328 -5776.78
v -4467.92 33.7557 -5777.1
v -4467.46 34.4838 -5777.41
v -4467.71 34.2236 -5777.64
v -4467.37 34.8661 -5778.2
v -4467.63 34.5482 -5778.31
v -4467.44 35.0421 -5779.06
v -4467.69 34.6977 -5779.04
v -4467.68 34.9946 -5779.91
v -4467.89 34.6574 -5779.76
v -4468.05 34.7283 -5780.66
v -4468.21 34.4312 -5780.4
v -4468.52 34.2693 -5781.24
v -4468.61 34.0414 -5780.89
v -4469.05 33.6624 -5781.6
v -4469.06 33.5261 -5781.2
v -4469.58 32.9671 -5781.7
v -4469.51 32.9357 -5781.28
v -4470.06 32.2514 -5781.52
v -4469.91 32.328 -5781.13
v -4470.45 31.5854 -5781.1
v -4470.24 31.7625 -5780.77
v -4470.7 31.0343 -5780.46
v -4470.46 31.2945 -5780.23
v -4470.79 30.6521 -5779.67
v -4470.54 30.9699 -5779.56
v -4470.72 30.476 -5778.81
v -4470.47 30.8205 -5778.83
v -4470.1 30.6263 -5778.13
v -4469.89 30.9636 -5778.28
v -4469.77 30.8614 -5777.47
v -4469.62 31.1585 -5777.73
v -4469.36 31.2666 -5776.95
v -4469.27 31.4944 -5777.3
v -4468.89 31.8022 -5776.64
v -4468.89 31.9385 -5777.04
v -4468.42 32.416 -5776.55
v -4468.5 32.4473 -5776.97
v -4468 33.0476 -5776.71
v -4468.15 32.9711 -5777.1
v -4467.66 33.6355 -5777.08
v -4467.86 33.4584 -5777.41
v -4467.44 34.1219 -5777.64
v -4467.68 33.8617 -5777.87
v -4467.35 34.4593 -5778.34
v -4467.61 34.1414 -5778.45
v -4467.42 34.6147 -5779.1
v -4467.67 34.2702 -5779.08
v -4467.62 34.5728 -5779.84
v -4467.84 34.2355 -5779.7
v -4467.95 34.3377 -5780.51
v -4468.11 34.0406 -5780.25
v -4468.37 33.9325 -5781.02
v -4468.45 33.7047 -5780.67
v -4468.84 33.3968 -5781.34
v -4468.84 33.2606 -5780.94
v -4469.3 32.7831 -5781.42
v -4469.23 32.7517 -5781.01
v -4469.73 32.1514 -5781.27
v -4469.58 32.228 -5780.88
v -4470.07 31.5636 -5780.89
v -4469.86 31.7407 -5780.57
v -4470.29 31.0772 -5780.33
v -4470.05 31.3374 -5780.1
v -4470.37 30.7398 -5779.64
v -4470.12 31.0576 -5779.53
v -4470.31 30.5844 -5778.88
v -4470.06 30.9288 -5778.9
v -4469.7 30.8106 -5777.48
v -4469.55 31.1077 -5777.74
v -4470.03 30.5755 -5778.15
v -4469.82 30.9128 -5778.29
v -4469.29 31.2158 -5776.97
v -4469.2 31.4436 -5777.32
v -4468.82 31.7514 -5776.65
v -4468.82 31.8877 -5777.06
v -4468.35 32.3652 -5776.57
v -4468.43 32.3965 -5776.98
v -4467.93 32.9969 -5776.72
v -4468.08 32.9203 -5777.11
v -4467.59 33.5847 -5777.1
v -4467.79 33.4076 -5777.42
v -4467.37 34.0711 -5777.66
v -4467.61 33.8109 -5777.89
v -4467.28 34.4085 -5778.36
v -4467.54 34.0906 -5778.47
v -4467.35 34.5639 -5779.11
v -4467.6 34.2194 -5779.09
v -4467.56 34.522 -5779.86
v -4467.77 34.1847 -5779.71
v -4467.88 34.2869 -5780.52
v -4468.04 33.9898 -5780.26
v -4468.3 33.8817 -5781.04
v -4468.39 33.6539 -5780.69
v -4468.77 33.346 -5781.35
v -4468.77 33.2098 -5780.95
v -4469.23 32.7323 -5781.44
v -4469.16 32.7009 -5781.02
v -4469.66 32.1006 -5781.29
v -4469.51 32.1772 -5780.9
v -4470 31.5128 -5780.91
v -4469.79 31.6899 -5780.58
v -4470.22 31.0264 -5780.35
v -4469.98 31.2866 -5780.12
v -4470.3 30.689 -5779.65
v -4470.05 31.0069 -5779.54
v -4470.24 30.5336 -5778.89
v -4469.99 30.8781 -5778.91
v -4463.38 33.0026 -5781.63
v -4463.73 32.9323 -5781.63
v -4463.52 32.955 -5781.62
v -4463.36 34.0879 -5780.76
v -4463.42 34.0879 -5780.69
v -4464.18 34.0879 -5780.69
v -4464.22 33.0026 -5780.64
v -4464.22 34.0614 -5780.64
v -4463.94 33.2137 -5780.64
v -4463.38 34.0614 -5780.64
v -4463.73 33.2137 -5780.64
v -4463.73 32.9323 -5780.64
v -4463.52 32.9323 -5780.64
v -4463.38 33.0026 -5780.64
v -4463.31 33.073 -5780.71
v -4463.38 33.0026 -5781.63
v -4463.31 33.073 -5781.56
v -4464.22 33.0026 -5780.64
v -4464.29 33.073 -5780.71
v -4464.22 34.0614 -5780.64
v -4464.29 34.0614 -5780.71
v -4463.38 33.0026 -5781.63
v -4463.31 33.073 -5781.56
v -4463.38 34.0614 -5781.63
v -4463.31 34.0614 -5781.56
v -4464.27 33.918 -5781.58
v -4464.22 33.9432 -5781.6
v -4464.24 33.9891 -5781.56
v -4464.22 34.0083 -5781.6
v -4464.29 33.9198 -5781.46
v -4464.27 33.918 -5781.58
v -4464.24 33.9891 -5781.56
v -4463.41 33.532 -5780.67
v -4463.38 34.0614 -5780.64
v -4463.34 33.6532 -5780.75
v -4463.31 34.0614 -5780.71
v -4463.31 34.0614 -5780.71
v -4463.31 34.0614 -5781.56
v -4463.31 33.073 -5781.56
v -4464.08 32.9323 -5780.64
v -4463.94 32.9323 -5780.64
v -4464.08 32.9323 -5781.63
v -4463.94 32.9323 -5781.08
v -4463.94 32.9323 -5781.63
v -4463.73 32.9323 -5780.64
v -4463.73 32.9323 -5781.63
v -4463.73 33.2137 -5780.64
v -4463.73 33.2137 -5781.63
v -4463.94 33.2137 -5780.64
v -4463.94 33.2137 -5781.63
v -4463.94 33.0924 -5780.83
v -4463.94 32.9323 -5781.08
v -4463.94 32.9323 -5781.63
v -4463.52 32.9323 -5781.59
v -4463.52 32.955 -5781.62
v -4463.73 32.9323 -5781.63
v -4464.23 33.0306 -5781.58
v -4464.29 33.073 -5781.56
v -4464.22 33.0026 -5781.57
v -4463.8 34.0614 -5781.56
v -4463.87 34.0614 -5781.56
v -4463.8 33.2137 -5781.56
v -4463.87 33.2137 -5781.56
v -4464.11 34.0614 -5781.63
v -4464.16 34.0276 -5781.61
v -4464.15 33.9882 -5781.63
v -4463.8 34.0614 -5781.63
v -4463.8 34.0614 -5781.56
v -4463.8 33.2137 -5781.63
v -4463.8 33.2137 -5781.56
v -4463.87 33.2137 -5781.63
v -4463.94 33.2137 -5781.63
v -4463.87 33.2137 -5781.56
v -4463.94 33.2137 -5780.64
v -4463.8 33.2137 -5781.56
v -4463.73 33.2137 -5780.64
v -4463.8 33.2137 -5781.63
v -4463.73 33.2137 -5781.63
v -4463.73 33.2137 -5780.64
v -4463.87 33.2137 -5781.63
v -4463.87 33.2137 -5781.56
v -4463.87 34.0614 -5781.63
v -4463.87 34.0614 -5781.56
v -4464.12 34.0879 -5781.58
v -4464.18 34.0312 -5781.58
v -4464.16 34.0276 -5781.61
v -4464.22 34.0083 -5781.6
v -4464.2 34.0681 -5781.55
v -4464.24 34.0497 -5781.52
v -4464.24 33.9891 -5781.56
v -4464.24 34.0879 -5781.48
v -4464.24 34.0879 -5781.35
v -4464.29 34.0614 -5781.33
v -4464.22 34.0614 -5780.64
v -4464.29 34.0614 -5780.71
v -4464.18 34.0879 -5780.69
v -4464.24 34.0879 -5780.76
v -4463.38 34.0614 -5780.64
v -4464.22 34.0614 -5780.64
v -4463.42 34.0879 -5780.69
v -4464.18 34.0879 -5780.69
v -4463.38 34.0614 -5780.64
v -4463.42 34.0879 -5780.69
v -4463.31 34.0614 -5780.71
v -4463.36 34.0879 -5780.76
v -4463.31 34.0614 -5780.71
v -4463.36 34.0879 -5780.76
v -4463.31 34.0614 -5781.56
v -4463.36 34.0879 -5781.52
v -4463.31 34.0614 -5781.56
v -4463.36 34.0879 -5781.52
v -4463.38 34.0614 -5781.63
v -4463.42 34.0879 -5781.58
v -4463.38 34.0614 -5781.63
v -4463.42 34.0879 -5781.58
v -4463.8 34.0614 -5781.63
v -4463.8 34.0879 -5781.58
v -4463.8 34.0879 -5781.56
v -4463.8 34.0614 -5781.56
v -4463.8 34.0879 -5781.58
v -4463.8 34.0614 -5781.63
v -4463.8 34.0614 -5781.56
v -4463.8 34.0879 -5781.56
v -4463.87 34.0614 -5781.56
v -4463.87 34.0879 -5781.56
v -4463.87 34.0879 -5781.56
v -4463.87 34.0879 -5781.58
v -4463.87 34.0614 -5781.56
v -4463.87 34.0614 -5781.63
v -4463.38 33.0026 -5781.63
v -4463.52 32.955 -5781.62
v -4463.52 32.9323 -5781.59
v -4464.08 32.9323 -5781.63
v -4464.23 33.0306 -5781.58
v -4464.22 33.0026 -5781.57
v -4464.17 34.0879 -5781.5
v -4464.24 34.0879 -5781.35
v -4464.24 34.0879 -5781.48
v -4464.12 34.0879 -5781.58
v -4464.17 34.0879 -5781.5
v -4464.2 34.0681 -5781.55
v -4464.17 34.0879 -5781.5
v -4464.24 34.0879 -5781.48
v -4464.2 34.0681 -5781.55
v -4464.12 34.0879 -5781.58
v -4464.11 34.0614 -5781.63
v -4463.87 34.0879 -5781.58
v -4463.87 34.0614 -5781.63
v -4464.22 33.0409 -5781.63
v -4464.23 33.0306 -5781.58
v -4464.08 32.9323 -5781.63
v -4464.23 33.0306 -5781.58
v -4464.22 33.0409 -5781.63
v -4464.29 33.073 -5781.56
v -4464.29 33.073 -5781.56
v -4464.29 33.8139 -5781.56
v -4464.29 33.073 -5780.71
v -4464.29 34.0614 -5780.71
v -4464.29 34.0614 -5781.33
v -4464.29 33.9198 -5781.46
v -4464.29 34.0614 -5780.71
v -4464.29 34.0614 -5781.33
v -4464.24 34.0879 -5780.76
v -4464.16 34.0276 -5781.61
v -4464.22 34.0083 -5781.6
v -4464.22 33.9432 -5781.6
v -4464.15 33.9882 -5781.63
v -4464.16 34.0276 -5781.61
v -4464.22 33.9432 -5781.6
v -4464.15 33.9882 -5781.63
v -4464.22 33.9432 -5781.6
v -4464.22 33.8654 -5781.63
v -4464.29 33.8139 -5781.56
v -4464.22 33.8654 -5781.63
v -4464.27 33.918 -5781.58
v -4464.22 33.9432 -5781.6
v -4464.29 33.8139 -5781.56
v -4464.27 33.918 -5781.58
v -4464.29 33.9198 -5781.46
v -4464.29 33.9198 -5781.46
v -4464.29 34.0317 -5781.45
v -4464.29 34.0614 -5781.33
v -4464.29 33.9198 -5781.46
v -4464.24 33.9891 -5781.56
v -4464.29 34.0317 -5781.45
v -4464.11 34.0614 -5781.63
v -4464.12 34.0879 -5781.58
v -4464.16 34.0276 -5781.61
v -4464.12 34.0879 -5781.58
v -4464.2 34.0681 -5781.55
v -4464.18 34.0312 -5781.58
v -4464.24 34.0879 -5781.48
v -4464.24 34.0497 -5781.52
v -4464.2 34.0681 -5781.55
v -4464.18 34.0312 -5781.58
v -4464.2 34.0681 -5781.55
v -4464.24 33.9891 -5781.56
v -4464.24 34.0879 -5781.48
v -4464.29 34.0614 -5781.33
v -4464.29 34.0317 -5781.45
v -4464.24 34.0497 -5781.52
v -4464.24 34.0879 -5781.48
v -4464.29 34.0317 -5781.45
v -4463.73 32.9323 -5781.63
v -4463.38 33.0026 -5781.63
v -4463.73 33.2137 -5781.63
v -4463.38 34.0614 -5781.63
v -4463.8 33.2137 -5781.63
v -4463.8 34.0614 -5781.63
v -4464.22 33.8654 -5781.63
v -4464.29 33.8139 -5781.56
v -4464.22 33.0409 -5781.63
v -4464.29 33.073 -5781.56
v -4463.87 34.0614 -5781.63
v -4464.11 34.0614 -5781.63
v -4463.87 33.2137 -5781.63
v -4464.15 33.9882 -5781.63
v -4464.22 33.8654 -5781.63
v -4463.94 33.2137 -5781.63
v -4464.22 33.0409 -5781.63
v -4464.08 32.9323 -5781.63
v -4463.94 32.9323 -5781.63
v -4464.08 32.9323 -5781.63
v -4464.22 33.0026 -5781.57
v -4464.08 32.9323 -5780.64
v -4464.22 33.0026 -5780.64
v -4464.22 33.0026 -5780.64
v -4464.22 33.0026 -5781.57
v -4464.29 33.073 -5780.71
v -4464.29 33.073 -5781.56
v -4463.52 32.9323 -5781.59
v -4463.52 32.9323 -5780.64
v -4463.73 32.9323 -5781.63
v -4463.73 32.9323 -5780.64
v -4463.94 33.2137 -5780.64
v -4463.98 33.0805 -5780.69
v -4464.02 32.9978 -5780.68
v -4463.98 33.0805 -5780.69
v -4463.94 32.9323 -5780.64
v -4464.02 32.9978 -5780.68
v -4464.08 32.9323 -5780.64
v -4464.22 33.0026 -5780.64
v -4464.02 32.9978 -5780.68
v -4463.94 33.2137 -5780.64
v -4463.94 32.9323 -5780.64
v -4464.08 32.9323 -5780.64
v -4464.02 32.9978 -5780.68
v -4463.94 33.2137 -5780.64
v -4463.94 33.0924 -5780.83
v -4463.98 33.0805 -5780.69
v -4463.94 32.9323 -5780.64
v -4463.94 33.0924 -5780.83
v -4463.94 32.9323 -5780.64
v -4463.98 33.0805 -5780.69
v -4463.34 33.6532 -5780.75
v -4463.31 33.073 -5780.71
v -4463.41 33.532 -5780.67
v -4463.38 33.0026 -5780.64
v -4463.38 34.0614 -5780.64
v -4463.41 33.532 -5780.67
v -4463.52 32.9323 -5780.64
v -4463.31 33.073 -5780.71
v -4463.34 33.6532 -5780.75
v -4463.31 33.073 -5781.56
v -4463.34 33.6532 -5780.75
v -4463.31 34.0614 -5780.71
v -4463.31 33.073 -5781.56
v -4463.41 33.532 -5780.67
v -4463.38 33.0026 -5780.64
v -4463.52 32.9323 -5780.64
v -4464.24 33.9891 -5781.56
v -4464.24 34.0497 -5781.52
v -4464.29 34.0317 -5781.45
v -4464.22 34.0083 -5781.6
v -4464.18 34.0312 -5781.58
v -4464.24 33.9891 -5781.56
v -4463.42 34.0879 -5781.58
v -4463.36 34.0879 -5781.52
v -4463.62 34.0879 -5781.39
v -4464.12 34.0879 -5781.58
v -4463.8 34.0879 -5781.56
v -4463.87 34.0879 -5781.56
v -4463.8 34.0879 -5781.58
v -4463.87 34.0879 -5781.58
v -4463.36 34.0879 -5780.76
v -4463.89 34.0879 -5780.97
v -4463.46 34.0879 -5780.99
v -4463.59 34.0879 -5781.14
v -4463.36 34.0879 -5781.52
v -4463.5 34.0879 -5781.27
v -4463.51 34.0538 -5781.36
v -4463.4 33.996 -5781.5
v -4463.4 33.996 -5781.06
v -4463.79 33.996 -5781.5
v -4463.8 33.996 -5781.05
v -4463.46 34.0879 -5780.99
v -4463.5 34.0879 -5781.27
v -4464.24 34.0879 -5781.35
v -4463.67 34.0879 -5781.33
v -4463.72 34.0753 -5781.31
v -4464.24 34.0879 -5780.76
v -4463.89 34.0879 -5780.97
v -4464.24 34.0879 -5781.35
v -4463.67 34.0879 -5781.33
v -4463.36 34.0879 -5781.52
v -4463.51 34.0538 -5781.36
v -4463.62 34.0879 -5781.39
v -4463.5 34.0879 -5781.27
v -4463.52 34.0628 -5781.27
v -4463.51 34.0538 -5781.36
v -4463.55 34.0136 -5781.32
v -4463.62 34.0879 -5781.39
v -4463.61 34.0629 -5781.35
v -4463.67 34.0879 -5781.33
v -4463.65 34.0688 -5781.32
v -4463.72 34.0753 -5781.31
v -4463.67 34.0491 -5781.28
v -4463.69 34.0686 -5781.18
v -4463.66 34.0285 -5781.2
v -4463.59 34.0879 -5781.14
v -4463.6 34.0631 -5781.2
v -4463.52 34.0703 -5781.2
v -4463.54 34.0649 -5781.22
v -4463.4 33.996 -5781.06
v -4463.4 33.996 -5781.5
v -4463.52 34.0628 -5781.27
v -4463.55 34.0136 -5781.32
v -4463.61 34.0629 -5781.35
v -4463.79 33.996 -5781.5
v -4463.65 34.0688 -5781.32
v -4463.67 34.0491 -5781.28
v -4463.8 33.996 -5781.05
v -4463.66 34.0285 -5781.2
v -4463.6 34.0631 -5781.2
v -4463.54 34.0649 -5781.22
v -4463.59 34.0879 -5781.14
v -4463.89 34.0879 -5780.97
v -4463.69 34.0686 -5781.18
v -4463.69 34.0686 -5781.18
v -4463.89 34.0879 -5780.97
v -4463.72 34.0753 -5781.31
v -4463.72 34.0753 -5781.31
v -4464.18 34.0879 -5780.69
v -4463.46 34.0879 -5780.99
v -4463.52 34.0703 -5781.2
v -4463.5 34.0879 -5781.27
v -4463.59 34.0879 -5781.14
v -4463.52 34.0703 -5781.2
v -4463.46 34.0879 -5780.99
v -4464.57 33.4494 -5781.36
v -4464.57 33.4596 -5781.36
v -4464.57 33.4494 -5781.34
v -4464.57 33.4596 -5781.34
v -4464.57 33.4599 -5781.36
v -4464.54 33.4596 -5781.36
v -4464.57 33.4616 -5781.36
v -4464.54 33.4596 -5781.36
v -4464.54 33.4494 -5781.36
v -4464.54 33.4596 -5781.34
v -4464.54 33.4494 -5781.34
v -4464.54 33.4494 -5781.36
v -4464.57 33.4494 -5781.36
v -4464.54 33.4494 -5781.34
v -4464.57 33.4494 -5781.34
v -4464.57 33.4494 -5781.34
v -4464.57 33.4599 -5781.34
v -4464.54 33.4494 -5781.34
v -4464.54 33.4596 -5781.34
v -4464.54 33.4494 -5781.36
v -4464.54 33.4596 -5781.36
v -4464.57 33.4494 -5781.36
v -4464.57 33.4599 -5781.36
v -4464.57 33.4616 -5781.34
v -4464.57 33.4599 -5781.34
v -4464.57 33.4494 -5781.34
v -4464.57 33.4494 -5781.34
v -4464.57 33.4616 -5781.36
v -4464.57 33.4494 -5781.36
v -4464.57 33.4599 -5781.36
v -4464.57 33.4494 -5781.36
v -4464.57 33.4494 -5781.36
v -4464.57 33.4494 -5781.34
v -4464.57 33.4494 -5781.34
v -4464.57 33.4616 -5781.34
v -4464.57 33.4494 -5781.34
v -4464.57 33.4596 -5781.34
v -4464.57 33.4494 -5781.34
v -4464.57 33.4616 -5781.34
v -4464.57 33.4596 -5781.34
v -4464.57 33.4616 -5781.36
v -4464.57 33.4596 -5781.36
v -4464.57 33.4616 -5781.36
v -4464.57 33.4596 -5781.36
v -4464.57 33.4494 -5781.36
v -4464.57 33.4494 -5781.36
v -4464.57 33.4616 -5781.34
v -4464.54 33.4596 -5781.34
v -4464.57 33.4599 -5781.34
v -4464.54 33.4596 -5781.34
v -4464.57 33.4616 -5781.34
v -4464.54 33.4596 -5781.36
v -4464.57 33.4616 -5781.36
v -4464.54 33.4494 -5781.36
v -4464.57 33.4494 -5781.36
v -4464.57 33.4494 -5781.36
v -4464.57 33.4494 -5781.34
v -4464.57 33.4494 -5781.29
v -4464.57 33.4596 -5781.29
v -4464.57 33.4494 -5781.28
v -4464.57 33.4596 -5781.28
v -4464.57 33.4599 -5781.3
v -4464.53 33.4596 -5781.3
v -4464.57 33.4616 -5781.29
v -4464.53 33.4596 -5781.3
v -4464.53 33.4494 -5781.3
v -4464.53 33.4596 -5781.28
v -4464.53 33.4494 -5781.28
v -4464.53 33.4494 -5781.3
v -4464.57 33.4494 -5781.29
v -4464.53 33.4494 -5781.28
v -4464.57 33.4494 -5781.28
v -4464.57 33.4494 -5781.27
v -4464.57 33.4599 -5781.27
v -4464.53 33.4494 -5781.28
v -4464.53 33.4596 -5781.28
v -4464.53 33.4494 -5781.3
v -4464.53 33.4596 -5781.3
v -4464.57 33.4494 -5781.3
v -4464.57 33.4599 -5781.3
v -4464.57 33.4616 -5781.28
v -4464.57 33.4599 -5781.27
v -4464.57 33.4494 -5781.28
v -4464.57 33.4494 -5781.27
v -4464.57 33.4616 -5781.29
v -4464.57 33.4494 -5781.29
v -4464.57 33.4599 -5781.3
v -4464.57 33.4494 -5781.3
v -4464.57 33.4494 -5781.29
v -4464.57 33.4494 -5781.28
v -4464.57 33.4494 -5781.28
v -4464.57 33.4616 -5781.28
v -4464.57 33.4494 -5781.28
v -4464.57 33.4596 -5781.28
v -4464.57 33.4494 -5781.28
v -4464.57 33.4616 -5781.28
v -4464.57 33.4596 -5781.28
v -4464.57 33.4616 -5781.29
v -4464.57 33.4596 -5781.29
v -4464.57 33.4616 -5781.29
v -4464.57 33.4596 -5781.29
v -4464.57 33.4494 -5781.29
v -4464.57 33.4494 -5781.29
v -4464.57 33.4616 -5781.28
v -4464.53 33.4596 -5781.28
v -4464.57 33.4599 -5781.27
v -4464.53 33.4596 -5781.28
v -4464.57 33.4616 -5781.28
v -4464.53 33.4596 -5781.3
v -4464.57 33.4616 -5781.29
v -4464.57 33.4494 -5781.3
v -4464.57 33.4494 -5781.27
v -4464.59 32.942 -5781.03
v -4464.68 33.0795 -5781.03
v -4464.58 32.942 -5780.85
v -4464.67 33.0795 -5780.85
v -4464.58 32.942 -5780.85
v -4464.67 33.0795 -5780.85
v -4464.58 33.0795 -5780.76
v -4464.58 32.942 -5780.85
v -4464.58 33.0795 -5780.76
v -4464.4 32.942 -5780.85
v -4464.4 33.0795 -5780.76
v -4464.4 32.942 -5780.85
v -4464.4 33.0795 -5780.76
v -4464.31 33.0795 -5780.86
v -4464.4 32.942 -5780.85
v -4464.31 33.0795 -5780.86
v -4464.41 32.942 -5781.03
v -4464.32 33.0795 -5781.04
v -4464.41 32.942 -5781.03
v -4464.32 33.0795 -5781.04
v -4464.41 33.0795 -5781.12
v -4464.41 32.942 -5781.03
v -4464.41 33.0795 -5781.12
v -4464.59 32.942 -5781.03
v -4464.59 33.0795 -5781.12
v -4464.59 32.942 -5781.03
v -4464.59 33.0795 -5781.12
v -4464.68 33.0795 -5781.03
v -4464.68 33.0795 -5781.03
v -4464.68 33.3118 -5781.03
v -4464.67 33.0795 -5780.85
v -4464.67 33.3118 -5780.85
v -4464.67 33.0795 -5780.85
v -4464.67 33.3118 -5780.85
v -4464.58 33.0795 -5780.76
v -4464.58 33.3118 -5780.76
v -4464.58 33.0795 -5780.76
v -4464.58 33.3118 -5780.76
v -4464.4 33.0795 -5780.76
v -4464.4 33.3118 -5780.76
v -4464.4 33.0795 -5780.76
v -4464.4 33.3118 -5780.76
v -4464.31 33.0795 -5780.86
v -4464.31 33.3118 -5780.86
v -4464.31 33.0795 -5780.86
v -4464.31 33.3118 -5780.86
v -4464.32 33.0795 -5781.04
v -4464.32 33.3118 -5781.04
v -4464.32 33.0795 -5781.04
v -4464.32 33.3118 -5781.04
v -4464.41 33.0795 -5781.12
v -4464.41 33.3118 -5781.12
v -4464.41 33.0795 -5781.12
v -4464.41 33.3118 -5781.12
v -4464.59 33.0795 -5781.12
v -4464.59 33.3118 -5781.12
v -4464.59 33.0795 -5781.12
v -4464.59 33.3118 -5781.12
v -4464.68 33.0795 -5781.03
v -4464.68 33.3118 -5781.03
v -4464.68 33.3118 -5781.03
v -4464.59 33.4505 -5781.03
v -4464.67 33.3118 -5780.85
v -4464.58 33.4505 -5780.85
v -4464.67 33.3118 -5780.85
v -4464.58 33.4505 -5780.85
v -4464.58 33.3118 -5780.76
v -4464.58 33.3118 -5780.76
v -4464.58 33.4505 -5780.85
v -4464.4 33.3118 -5780.76
v -4464.4 33.4505 -5780.85
v -4464.4 33.3118 -5780.76
v -4464.4 33.4505 -5780.85
v -4464.31 33.3118 -5780.86
v -4464.31 33.3118 -5780.86
v -4464.4 33.4505 -5780.85
v -4464.32 33.3118 -5781.04
v -4464.41 33.4505 -5781.03
v -4464.32 33.3118 -5781.04
v -4464.41 33.4505 -5781.03
v -4464.41 33.3118 -5781.12
v -4464.41 33.3118 -5781.12
v -4464.41 33.4505 -5781.03
v -4464.59 33.3118 -5781.12
v -4464.59 33.4505 -5781.03
v -4464.59 33.3118 -5781.12
v -4464.59 33.4505 -5781.03
v -4464.68 33.3118 -5781.03
v -4464.59 32.942 -5781.03
v -4464.58 32.942 -5780.85
v -4464.41 32.942 -5781.03
v -4464.4 32.942 -5780.85
v -4464.57 33.4338 -5781.02
v -4464.42 33.4338 -5781.02
v -4464.57 33.4338 -5780.86
v -4464.41 33.4338 -5780.86
v -4464.59 33.4505 -5781.03
v -4464.57 33.4338 -5781.02
v -4464.58 33.4505 -5780.85
v -4464.57 33.4338 -5780.86
v -4464.58 33.4505 -5780.85
v -4464.57 33.4338 -5780.86
v -4464.4 33.4505 -5780.85
v -4464.41 33.4338 -5780.86
v -4464.4 33.4505 -5780.85
v -4464.41 33.4338 -5780.86
v -4464.41 33.4505 -5781.03
v -4464.42 33.4338 -5781.02
v -4464.41 33.4505 -5781.03
v -4464.42 33.4338 -5781.02
v -4464.59 33.4505 -5781.03
v -4464.57 33.4338 -5781.02
v -4464.43 33.4323 -5780.93
v -4464.43 33.4695 -5780.93
v -4464.43 33.4323 -5780.95
v -4464.43 33.4695 -5780.95
v -4464.56 33.4695 -5780.93
v -4464.56 33.4323 -5780.93
v -4464.56 33.4695 -5780.95
v -4464.56 33.4323 -5780.95
v -4464.56 33.4323 -5780.93
v -4464.43 33.4323 -5780.93
v -4464.56 33.4323 -5780.95
v -4464.43 33.4323 -5780.95
v -4464.43 33.4323 -5780.95
v -4464.43 33.4695 -5780.95
v -4464.56 33.4323 -5780.95
v -4464.56 33.4695 -5780.95
v -4464.56 33.4323 -5780.93
v -4464.56 33.4695 -5780.93
v -4464.43 33.4323 -5780.93
v -4464.43 33.4695 -5780.93
v -4464.43 33.4881 -5780.94
v -4464.43 33.4881 -5780.94
v -4464.56 33.4881 -5780.94
v -4464.56 33.4881 -5780.94
v -4464.56 33.4881 -5780.94
v -4464.43 33.4881 -5780.94
v -4464.6 32.942 -5781.41
v -4464.69 33.0795 -5781.41
v -4464.59 32.942 -5781.23
v -4464.68 33.0795 -5781.23
v -4464.59 32.942 -5781.23
v -4464.68 33.0795 -5781.23
v -4464.59 33.0795 -5781.14
v -4464.59 32.942 -5781.23
v -4464.59 33.0795 -5781.14
v -4464.41 32.942 -5781.23
v -4464.41 33.0795 -5781.14
v -4464.41 32.942 -5781.23
v -4464.41 33.0795 -5781.14
v -4464.32 33.0795 -5781.24
v -4464.41 32.942 -5781.23
v -4464.32 33.0795 -5781.24
v -4464.42 32.942 -5781.41
v -4464.33 33.0795 -5781.42
v -4464.42 32.942 -5781.41
v -4464.33 33.0795 -5781.42
v -4464.42 33.0795 -5781.5
v -4464.42 32.942 -5781.41
v -4464.42 33.0795 -5781.5
v -4464.6 32.942 -5781.41
v -4464.6 33.0795 -5781.5
v -4464.6 32.942 -5781.41
v -4464.6 33.0795 -5781.5
v -4464.69 33.0795 -5781.41
v -4464.69 33.0795 -5781.41
v -4464.69 33.3118 -5781.41
v -4464.68 33.0795 -5781.23
v -4464.68 33.3118 -5781.23
v -4464.68 33.0795 -5781.23
v -4464.68 33.3118 -5781.23
v -4464.59 33.0795 -5781.14
v -4464.59 33.3118 -5781.14
v -4464.59 33.0795 -5781.14
v -4464.59 33.3118 -5781.14
v -4464.41 33.0795 -5781.14
v -4464.41 33.3118 -5781.14
v -4464.41 33.0795 -5781.14
v -4464.41 33.3118 -5781.14
v -4464.32 33.0795 -5781.24
v -4464.32 33.3118 -5781.24
v -4464.32 33.0795 -5781.24
v -4464.32 33.3118 -5781.24
v -4464.33 33.0795 -5781.42
v -4464.33 33.3118 -5781.42
v -4464.33 33.0795 -5781.42
v -4464.33 33.3118 -5781.42
v -4464.42 33.0795 -5781.5
v -4464.42 33.3118 -5781.5
v -4464.42 33.0795 -5781.5
v -4464.42 33.3118 -5781.5
v -4464.6 33.0795 -5781.5
v -4464.6 33.3118 -5781.5
v -4464.6 33.0795 -5781.5
v -4464.6 33.3118 -5781.5
v -4464.69 33.0795 -5781.41
v -4464.69 33.3118 -5781.41
v -4464.69 33.3118 -5781.41
v -4464.6 33.4505 -5781.41
v -4464.68 33.3118 -5781.23
v -4464.59 33.4505 -5781.23
v -4464.68 33.3118 -5781.23
v -4464.59 33.4505 -5781.23
v -4464.59 33.3118 -5781.14
v -4464.59 33.3118 -5781.14
v -4464.59 33.4505 -5781.23
v -4464.41 33.3118 -5781.14
v -4464.41 33.4505 -5781.23
v -4464.41 33.3118 -5781.14
v -4464.41 33.4505 -5781.23
v -4464.32 33.3118 -5781.24
v -4464.32 33.3118 -5781.24
v -4464.41 33.4505 -5781.23
v -4464.33 33.3118 -5781.42
v -4464.42 33.4505 -5781.41
v -4464.33 33.3118 -5781.42
v -4464.42 33.4505 -5781.41
v -4464.42 33.3118 -5781.5
v -4464.42 33.3118 -5781.5
v -4464.42 33.4505 -5781.41
v -4464.6 33.3118 -5781.5
v -4464.6 33.4505 -5781.41
v -4464.6 33.3118 -5781.5
v -4464.6 33.4505 -5781.41
v -4464.69 33.3118 -5781.41
v -4464.6 32.942 -5781.41
v -4464.59 32.942 -5781.23
v -4464.42 32.942 -5781.41
v -4464.41 32.942 -5781.23
v -4464.6 33.4505 -5781.41
v -4464.42 33.4505 -5781.41
v -4464.59 33.4505 -5781.23
v -4464.41 33.4505 -5781.23
v -4464.53 33.4492 -5781.38
v -4464.53 33.4564 -5781.38
v -4464.56 33.4492 -5781.35
v -4464.56 33.4564 -5781.35
v -4464.56 33.4492 -5781.35
v -4464.56 33.4564 -5781.35
v -4464.56 33.4492 -5781.29
v -4464.56 33.4564 -5781.29
v -4464.56 33.4492 -5781.29
v -4464.56 33.4564 -5781.29
v -4464.53 33.4492 -5781.26
v -4464.53 33.4564 -5781.26
v -4464.53 33.4492 -5781.26
v -4464.53 33.4564 -5781.26
v -4464.46 33.4492 -5781.26
v -4464.46 33.4564 -5781.26
v -4464.46 33.4492 -5781.26
v -4464.46 33.4564 -5781.26
v -4464.43 33.4492 -5781.29
v -4464.43 33.4564 -5781.29
v -4464.43 33.4492 -5781.29
v -4464.43 33.4564 -5781.29
v -4464.43 33.4492 -5781.35
v -4464.43 33.4564 -5781.35
v -4464.43 33.4492 -5781.35
v -4464.43 33.4564 -5781.35
v -4464.47 33.4492 -5781.39
v -4464.47 33.4564 -5781.39
v -4464.47 33.4492 -5781.39
v -4464.47 33.4564 -5781.39
v -4464.53 33.4492 -5781.38
v -4464.53 33.4564 -5781.38
v -4464.53 33.4492 -5781.38
v -4464.56 33.4492 -5781.35
v -4464.47 33.4492 -5781.39
v -4464.56 33.4492 -5781.29
v -4464.43 33.4492 -5781.35
v -4464.43 33.4492 -5781.29
v -4464.46 33.4492 -5781.26
v -4464.53 33.4492 -5781.26
v -4464.53 33.4578 -5781.38
v -4464.47 33.4578 -5781.38
v -4464.56 33.4578 -5781.35
v -4464.55 33.4578 -5781.29
v -4464.52 33.4578 -5781.26
v -4464.46 33.4578 -5781.26
v -4464.44 33.4578 -5781.29
v -4464.44 33.4578 -5781.35
v -4464.53 33.4564 -5781.38
v -4464.53 33.4578 -5781.38
v -4464.56 33.4564 -5781.35
v -4464.56 33.4578 -5781.35
v -4464.56 33.4564 -5781.35
v -4464.56 33.4578 -5781.35
v -4464.56 33.4564 -5781.29
v -4464.55 33.4578 -5781.29
v -4464.56 33.4564 -5781.29
v -4464.55 33.4578 -5781.29
v -4464.53 33.4564 -5781.26
v -4464.52 33.4578 -5781.26
v -4464.53 33.4564 -5781.26
v -4464.52 33.4578 -5781.26
v -4464.46 33.4564 -5781.26
v -4464.46 33.4578 -5781.26
v -4464.46 33.4564 -5781.26
v -4464.46 33.4578 -5781.26
v -4464.43 33.4564 -5781.29
v -4464.44 33.4578 -5781.29
v -4464.43 33.4564 -5781.29
v -4464.44 33.4578 -5781.29
v -4464.43 33.4564 -5781.35
v -4464.44 33.4578 -5781.35
v -4464.43 33.4564 -5781.35
v -4464.44 33.4578 -5781.35
v -4464.47 33.4564 -5781.39
v -4464.47 33.4578 -5781.38
v -4464.47 33.4564 -5781.39
v -4464.47 33.4578 -5781.38
v -4464.53 33.4564 -5781.38
v -4464.53 33.4578 -5781.38
v -4464.56 33.093 -5781.16
v -4464.58 33.1534 -5781.16
v -4464.55 33.093 -5781.1
v -4464.57 33.1534 -5781.1
v -4464.49 33.093 -5781.16
v -4464.49 33.093 -5781.1
v -4464.47 33.1534 -5781.16
v -4464.47 33.1533 -5781.1
v -4464.52 33.1906 -5781.16
v -4464.52 33.1906 -5781.1
v -4464.58 33.1534 -5781.16
v -4464.57 33.1534 -5781.1
v -4464.56 33.093 -5781.16
v -4464.55 33.093 -5781.1
v -4464.61 33.4092 -5780.91
v -4464.6 33.3642 -5780.89
v -4464.6 33.4257 -5780.89
v -4464.61 33.4092 -5780.91
v -4464.62 33.411 -5780.91
v -4464.63 33.3723 -5780.92
v -4464.64 33.3787 -5780.92
v -4464.65 33.3427 -5780.9
v -4464.65 33.3527 -5780.9
v -4464.65 33.3427 -5780.88
v -4464.65 33.3527 -5780.88
v -4464.63 33.3723 -5780.86
v -4464.64 33.3787 -5780.87
v -4464.61 33.4092 -5780.87
v -4464.62 33.411 -5780.87
v -4464.6 33.4257 -5780.89
v -4464.61 33.4254 -5780.89
v -4464.62 33.411 -5780.91
v -4464.63 33.4107 -5780.91
v -4464.64 33.3787 -5780.92
v -4464.64 33.3848 -5780.91
v -4464.65 33.3527 -5780.9
v -4464.66 33.364 -5780.9
v -4464.66 33.364 -5780.88
v -4464.64 33.3848 -5780.87
v -4464.63 33.4107 -5780.88
v -4464.62 33.4222 -5780.89
v -4464.63 33.4107 -5780.91
v -4464.63 33.4033 -5780.9
v -4464.64 33.3889 -5780.9
v -4464.65 33.3774 -5780.9
v -4464.65 33.3774 -5780.89
v -4464.64 33.3889 -5780.88
v -4464.63 33.4033 -5780.88
v -4464.63 33.4097 -5780.89
v -4464.63 33.4033 -5780.9
v -4464.6 33.3659 -5780.89
v -4464.64 33.3889 -5780.9
v -4464.65 33.3774 -5780.9
v -4464.65 33.3774 -5780.89
v -4464.64 33.3889 -5780.88
v -4464.63 33.4033 -5780.88
v -4464.63 33.4097 -5780.89
v -4464.63 33.3723 -5780.86
v -4464.61 33.4092 -5780.87
v -4464.63 33.3723 -5780.92
v -4464.65 33.3427 -5780.88
v -4464.65 33.3427 -5780.9
v -4464.33 33.2155 -5781.39
v -4464.36 33.2477 -5781.36
v -4464.33 33.1959 -5781.37
v -4464.33 33.2155 -5781.39
v -4464.32 33.2192 -5781.38
v -4464.33 33.2596 -5781.39
v -4464.32 33.2578 -5781.39
v -4464.33 33.2949 -5781.38
v -4464.32 33.2888 -5781.38
v -4464.33 33.2949 -5781.35
v -4464.32 33.2888 -5781.35
v -4464.33 33.2596 -5781.34
v -4464.32 33.2578 -5781.34
v -4464.33 33.2155 -5781.34
v -4464.32 33.2192 -5781.35
v -4464.33 33.1959 -5781.37
v -4464.32 33.2021 -5781.37
v -4464.31 33.2249 -5781.38
v -4464.31 33.2558 -5781.39
v -4464.31 33.2806 -5781.37
v -4464.31 33.2806 -5781.36
v -4464.31 33.2558 -5781.35
v -4464.31 33.2249 -5781.35
v -4464.31 33.2111 -5781.37
v -4464.31 33.235 -5781.37
v -4464.31 33.2522 -5781.38
v -4464.31 33.266 -5781.37
v -4464.31 33.266 -5781.36
v -4464.31 33.2522 -5781.35
v -4464.31 33.235 -5781.36
v -4464.31 33.2274 -5781.37
v -4464.31 33.235 -5781.37
v -4464.36 33.2477 -5781.36
v -4464.31 33.2522 -5781.38
v -4464.31 33.266 -5781.37
v -4464.31 33.266 -5781.36
v -4464.31 33.2522 -5781.35
v -4464.31 33.235 -5781.36
v -4464.31 33.2274 -5781.37
v -4464.33 33.2596 -5781.34
v -4464.33 33.2155 -5781.34
v -4464.33 33.2596 -5781.39
v -4464.33 33.2949 -5781.35
v -4464.33 33.2949 -5781.38
v -4464.5 33.2064 -5781.16
v -4464.52 33.2668 -5781.16
v -4464.5 33.2064 -5781.1
v -4464.52 33.2668 -5781.1
v -4464.44 33.2064 -5781.16
v -4464.43 33.2064 -5781.1
v -4464.42 33.2668 -5781.16
v -4464.42 33.2668 -5781.1
v -4464.47 33.3041 -5781.16
v -4464.47 33.3041 -5781.1
v -4464.52 33.2668 -5781.16
v -4464.52 33.2668 -5781.1
v -4464.5 33.2064 -5781.16
v -4464.5 33.2064 -5781.1
v -4464.43 33.4323 -5780.97
v -4464.43 33.4695 -5780.97
v -4464.43 33.4323 -5781
v -4464.43 33.4695 -5781
v -4464.56 33.4695 -5780.97
v -4464.56 33.4323 -5780.97
v -4464.56 33.4695 -5780.99
v -4464.56 33.4323 -5780.99
v -4464.56 33.4323 -5780.97
v -4464.43 33.4323 -5780.97
v -4464.56 33.4323 -5780.99
v -4464.43 33.4323 -5781
v -4464.43 33.4323 -5781
v -4464.43 33.4695 -5781
v -4464.56 33.4323 -5780.99
v -4464.56 33.4695 -5780.99
v -4464.56 33.4323 -5780.97
v -4464.56 33.4695 -5780.97
v -4464.43 33.4323 -5780.97
v -4464.43 33.4695 -5780.97
v -4464.43 33.4881 -5780.98
v -4464.43 33.4881 -5780.98
v -4464.56 33.4881 -5780.98
v -4464.56 33.4881 -5780.98
v -4464.56 33.4881 -5780.98
v -4464.43 33.4881 -5780.98
v -4464.42 33.4323 -5780.89
v -4464.42 33.4695 -5780.89
v -4464.43 33.4323 -5780.91
v -4464.43 33.4695 -5780.91
v -4464.56 33.4695 -5780.88
v -4464.56 33.4323 -5780.88
v -4464.56 33.4695 -5780.91
v -4464.56 33.4323 -5780.91
v -4464.56 33.4323 -5780.88
v -4464.42 33.4323 -5780.89
v -4464.56 33.4323 -5780.91
v -4464.43 33.4323 -5780.91
v -4464.43 33.4323 -5780.91
v -4464.43 33.4695 -5780.91
v -4464.56 33.4323 -5780.91
v -4464.56 33.4695 -5780.91
v -4464.56 33.4323 -5780.88
v -4464.56 33.4695 -5780.88
v -4464.42 33.4323 -5780.89
v -4464.42 33.4695 -5780.89
v -4464.42 33.4881 -5780.9
v -4464.42 33.4881 -5780.9
v -4464.56 33.4881 -5780.9
v -4464.56 33.4881 -5780.9
v -4464.56 33.4881 -5780.9
v -4464.42 33.4881 -5780.9
v -4461.01 32.9787 -5786.8
v -4460.95 32.6864 -5786.77
v -4461.17 32.9899 -5786.72
v -4461.1 32.6919 -5786.69
v -4460.9 32.683 -5786.93
v -4460.94 32.9919 -5786.94
v -4460.91 32.6786 -5787.15
v -4461.02 32.9911 -5787.09
v -4461.11 32.6791 -5787.23
v -4461.17 32.9963 -5787.19
v -4461.32 32.6994 -5787.14
v -4461.32 32.9786 -5787.1
v -4461.32 32.6967 -5786.74
v -4461.43 32.7133 -5786.93
v -4461.32 32.9743 -5786.8
v -4461.39 32.9959 -5786.94
v -4461.12 33.5934 -5786.83
v -4461.03 33.5949 -5786.87
v -4461.15 33.2974 -5786.8
v -4461.05 33.2995 -5786.81
v -4460.98 33.3041 -5786.94
v -4461.02 33.5871 -5786.96
v -4461.02 33.3035 -5787.07
v -4461.03 33.5728 -5787.04
v -4461.13 33.5721 -5787.09
v -4461.25 33.5843 -5786.96
v -4461.15 33.3094 -5787.14
v -4461.2 33.5894 -5786.87
v -4461.25 33.2974 -5786.84
v -4461.29 33.3004 -5786.94
v -4461.1 33.8393 -5786.82
v -4461.1 33.8747 -5786.87
v -4461.04 33.8381 -5786.86
v -4461.15 33.818 -5786.97
v -4461.1 33.8072 -5786.96
v -4461.09 33.8809 -5786.91
v -4461.14 33.8704 -5786.92
v -4461.15 33.8154 -5786.92
v -4461.1 33.8747 -5786.87
v -4461.1 33.8393 -5786.82
v -4461.17 32.9899 -5786.72
v -4461.1 32.6919 -5786.69
v -4461.15 33.2974 -5786.8
v -4461.02 33.8316 -5786.92
v -4461.12 33.5934 -5786.83
v -4461.09 33.8809 -5786.91
v -4496 32.5534 -5752
v -4496 32.6478 -5754
v -4496 32.781 -5756
v -4496 32.9463 -5758
v -4496 33.1376 -5760
v -4496 33.3486 -5762
v -4496 33.494 -5764
v -4496 33.2133 -5766
v -4496 32.9379 -5768
v -4496 32.6734 -5770
v -4496 32.4258 -5772
v -4496 32.2006 -5774
v -4496 32.0033 -5776
v -4496 31.8396 -5778
v -4496 31.7146 -5780
v -4496 31.6338 -5782
v -4496 31.6022 -5784
v -4496 31.625 -5786
v -4496 31.7071 -5788
v -4496 31.8534 -5790
v -4496 32.0688 -5792
v -4496 32.3578 -5794
v -4496 32.7196 -5796
v -4496 33.0522 -5798
v -4496 33.3216 -5800
v -4496 33.5338 -5802
v -4496 33.6951 -5804
v -4496 33.6758 -5806
v -4496 33.6954 -5808
v -4496 33.7556 -5810
v -4496 33.8505 -5812
v -4496 33.9434 -5814
v -4494 32.6157 -5752
v -4494 32.6943 -5754
v -4494 32.8097 -5756
v -4494 32.9557 -5758
v -4494 33.1261 -5760
v -4494 33.315 -5762
v -4494 33.4163 -5764
v -4494 33.1633 -5766
v -4494 32.916 -5768
v -4494 32.6801 -5770
v -4494 32.461 -5772
v -4494 32.2642 -5774
v -4494 32.095 -5776
v -4494 31.9585 -5778
v -4494 31.8599 -5780
v -4494 31.804 -5782
v -4494 31.7959 -5784
v -4494 31.8401 -5786
v -4494 31.9415 -5788
v -4494 32.1046 -5790
v -4494 32.3338 -5792
v -4494 32.6333 -5794
v -4494 33.002 -5796
v -4494 33.338 -5798
v -4494 33.5594 -5800
v -4494 33.4296 -5802
v -4494 33.3609 -5804
v -4494 33.3473 -5806
v -4494 33.3825 -5808
v -4494 33.4606 -5810
v -4494 33.5756 -5812
v -4494 33.7219 -5814
v -4492 32.7091 -5752
v -4492 32.7702 -5754
v -4492 32.8662 -5756
v -4492 32.9911 -5758
v -4492 33.1391 -5760
v -4492 33.3044 -5762
v -4492 33.3299 -5764
v -4492 33.1057 -5766
v -4492 32.8876 -5768
v -4492 32.6811 -5770
v -4492 32.4914 -5772
v -4492 32.3235 -5774
v -4492 32.1825 -5776
v -4492 32.0734 -5778
v -4492 32.0008 -5780
v -4492 31.9696 -5782
v -4492 31.9842 -5784
v -4492 32.0491 -5786
v -4492 32.1687 -5788
v -4492 32.3473 -5790
v -4492 32.5889 -5792
v -4492 32.8975 -5794
v -4492 33.2715 -5796
v -4492 33.4219 -5798
v -4492 33.2298 -5800
v -4492 33.1084 -5802
v -4492 33.0512 -5804
v -4492 33.0518 -5806
v -4492 33.1039 -5808
v -4492 33.2012 -5810
v -4492 33.3375 -5812
v -4492 33.5068 -5814
v -4490 32.835 -5752
v -4490 32.877 -5754
v -4490 32.9521 -5756
v -4490 33.0544 -5758
v -4490 33.1785 -5760
v -4490 33.3187 -5762
v -4490 33.2325 -5764
v -4490 33.0382 -5766
v -4490 32.8504 -5768
v -4490 32.674 -5770
v -4490 32.5141 -5772
v -4490 32.3755 -5774
v -4490 32.2628 -5776
v -4490 32.1809 -5778
v -4490 32.1341 -5780
v -4490 32.1268 -5782
v -4490 32.1635 -5784
v -4490 32.2481 -5786
v -4490 32.3847 -5788
v -4490 32.5774 -5790
v -4490 32.83 -5792
v -4490 33.146 -5794
v -4490 33.3845 -5796
v -4490 33.1183 -5798
v -4490 32.933 -5800
v -4490 32.8217 -5802
v -4490 32.7775 -5804
v -4490 32.7938 -5806
v -4490 32.864 -5808
v -4490 32.9816 -5810
v -4490 33.1401 -5812
v -4490 33.3333 -5814
v -4488 32.9714 -5752
v -4488 32.9942 -5754
v -4488 33.0482 -5756
v -4488 33.128 -5758
v -4488 33.2283 -5760
v -4488 33.3028 -5762
v -4488 33.1363 -5764
v -4488 32.9714 -5766
v -4488 32.8129 -5768
v -4488 32.6658 -5770
v -4488 32.5346 -5772
v -4488 32.424 -5774
v -4488 32.3383 -5776
v -4488 32.2821 -5778
v -4488 32.2594 -5780
v -4488 32.2744 -5782
v -4488 32.3312 -5784
v -4488 32.4336 -5786
v -4488 32.5854 -5788
v -4488 32.7904 -5790
v -4488 33.0519 -5792
v -4488 33.3735 -5794
v -4488 33.1122 -5796
v -4488 32.8511 -5798
v -4488 32.674 -5800
v -4488 32.574 -5802
v -4488 32.5439 -5804
v -4488 32.5767 -5806
v -4488 32.6657 -5808
v -4488 32.804 -5810
v -4488 32.9849 -5812
v -4488 33.202 -5814
v -4486 33.0849 -5752
v -4486 33.0904 -5754
v -4486 33.1255 -5756
v -4486 33.1851 -5758
v -4486 33.264 -5760
v -4486 33.2015 -5762
v -4486 33.0611 -5764
v -4486 32.9226 -5766
v -4486 32.7905 -5768
v -4486 32.6694 -5770
v -4486 32.5638 -5772
v -4486 32.4779 -5774
v -4486 32.4159 -5776
v -4486 32.3821 -5778
v -4486 32.3803 -5780
v -4486 32.4144 -5782
v -4486 32.4883 -5784
v -4486 32.6055 -5786
v -4486 32.7697 -5788
v -4486 32.9842 -5790
v -4486 33.2525 -5792
v -4486 33.1858 -5794
v -4486 32.8769 -5796
v -4486 32.622 -5798
v -4486 32.4543 -5800
v -4486 32.3663 -5802
v -4486 32.3507 -5804
v -4486 32.4002 -5806
v -4486 32.5076 -5808
v -4486 32.666 -5810
v -4486 32.8685 -5812
v -4486 33.1081 -5814
v -4484 33.1766 -5752
v -4484 33.1667 -5754
v -4484 33.1849 -5756
v -4484 33.2263 -5758
v -4484 33.2374 -5760
v -4484 33.1231 -5762
v -4484 33.0062 -5764
v -4484 32.8912 -5766
v -4484 32.7826 -5768
v -4484 32.6846 -5770
v -4484 32.6014 -5772
v -4484 32.5371 -5774
v -4484 32.4958 -5776
v -4484 32.4812 -5778
v -4484 32.4971 -5780
v -4484 32.5473 -5782
v -4484 32.6353 -5784
v -4484 32.7645 -5786
v -4484 32.9383 -5788
v -4484 33.16 -5790
v -4484 33.2411 -5792
v -4484 32.9813 -5794
v -4484 32.677 -5796
v -4484 32.4298 -5798
v -4484 32.2724 -5800
v -4484 32.1972 -5802
v -4484 32.1964 -5804
v -4484 32.2625 -5806
v -4484 32.3882 -5808
v -4484 32.5661 -5810
v -4484 32.7891 -5812
v -4484 33.05 -5814
v -4482 33.2479 -5752
v -4482 33.2242 -5754
v -4482 33.2274 -5756
v -4482 33.2472 -5758
v -4482 33.1603 -5760
v -4482 33.0667 -5762
v -4482 32.9707 -5764
v -4482 32.8766 -5766
v -4482 32.7887 -5768
v -4482 32.7109 -5770
v -4482 32.6472 -5772
v -4482 32.6016 -5774
v -4482 32.5778 -5776
v -4482 32.5794 -5778
v -4482 32.6101 -5780
v -4482 32.6734 -5782
v -4482 32.7727 -5784
v -4482 32.9112 -5786
v -4482 33.0921 -5788
v -4482 33.2775 -5790
v -4482 33.0657 -5792
v -4482 32.8093 -5794
v -4482 32.5112 -5796
v -4482 32.2729 -5798
v -4482 32.1268 -5800
v -4482 32.065 -5802
v -4482 32.0794 -5804
v -4482 32.1622 -5806
v -4482 32.3058 -5808
v -4482 32.5026 -5810
v -4482 32.7451 -5812
v -4482 33.0261 -5814
v -4480 33.3001 -5752
v -4480 33.2642 -5754
v -4480 33.2334 -5756
v -4480 33.1752 -5758
v -4480 33.1064 -5760
v -4480 33.0312 -5762
v -4480 32.9537 -5764
v -4480 32.8781 -5766
v -4480 32.8081 -5768
v -4480 32.7478 -5770
v -4480 32.701 -5772
v -4480 32.6711 -5774
v -4480 32.662 -5776
v -4480 32.6771 -5778
v -4480 32.7197 -5780
v -4480 32.7934 -5782
v -4480 32.9012 -5784
v -4480 33.0464 -5786
v -4480 33.232 -5788
v -4480 33.1287 -5790
v -4480 32.9198 -5792
v -4480 32.6686 -5794
v -4480 32.3782 -5796
v -4480 32.1499 -5798
v -4480 32.0161 -5800
v -4480 31.9683 -5802
v -4480 31.9981 -5804
v -4480 32.0977 -5806
v -4480 32.2589 -5808
v -4480 32.4739 -5810
v -4480 32.7351 -5812
v -4480 33.035 -5814
v -4478 33.2083 -5752
v -4478 33.1983 -5754
v -4478 33.17 -5756
v -4478 33.1274 -5758
v -4478 33.0746 -5760
v -4478 33.0157 -5762
v -4478 32.9545 -5764
v -4478 32.8948 -5766
v -4478 32.8405 -5768
v -4478 32.7951 -5770
v -4478 32.7623 -5772
v -4478 32.7456 -5774
v -4478 32.7485 -5776
v -4478 32.7742 -5778
v -4478 32.8262 -5780
v -4478 32.9075 -5782
v -4478 33.0214 -5784
v -4478 33.1708 -5786
v -4478 33.173 -5788
v -4478 33.0063 -5790
v -4478 32.8022 -5792
v -4478 32.5579 -5794
v -4478 32.2765 -5796
v -4478 32.0595 -5798
v -4478 31.9387 -5800
v -4478 31.9054 -5802
v -4478 31.9511 -5804
v -4478 32.0673 -5806
v -4478 32.2458 -5808
v -4478 32.4785 -5810
v -4478 32.7575 -5812
v -4478 33.075 -5814
v -4476 33.1438 -5752
v -4476 33.1464 -5754
v -4476 33.1314 -5756
v -4476 33.1026 -5758
v -4476 33.064 -5760
v -4476 33.0193 -5762
v -4476 32.9721 -5764
v -4476 32.9262 -5766
v -4476 32.885 -5768
v -4476 32.8522 -5770
v -4476 32.831 -5772
v -4476 32.8249 -5774
v -4476 32.8372 -5776
v -4476 32.8711 -5778
v -4476 32.9298 -5780
v -4476 33.0163 -5782
v -4476 33.1338 -5784
v -4476 33.2001 -5786
v -4476 33.0711 -5788
v -4476 32.9091 -5790
v -4476 32.7116 -5792
v -4476 32.4759 -5794
v -4476 32.2048 -5796
v -4476 32.0001 -5798
v -4476 31.8932 -5800
v -4476 31.875 -5802
v -4476 31.9367 -5804
v -4476 32.0696 -5806
v -4476 32.265 -5808
v -4476 32.5148 -5810
v -4476 32.8106 -5812
v -4476 33.1446 -5814
v -4474 33.1058 -5752
v -4474 33.1195 -5754
v -4474 33.1162 -5756
v -4474 33.0996 -5758
v -4474 33.0733 -5760
v -4474 33.0409 -5762
v -4474 33.0058 -5764
v -4474 32.9715 -5766
v -4474 32.9414 -5768
v -4474 32.9187 -5770
v -4474 32.9068 -5772
v -4474 32.9089 -5774
v -4474 32.9283 -5776
v -4474 32.9679 -5778
v -4474 33.0309 -5780
v -4474 33.1204 -5782
v -4474 33.211 -5784
v -4474 33.1153 -5786
v -4474 32.9913 -5788
v -4474 32.8361 -5790
v -4474 32.6469 -5792
v -4474 32.4212 -5794
v -4474 32.1618 -5796
v -4474 31.9703 -5798
v -4474 31.8781 -5800
v -4474 31.8755 -5802
v -4474 31.9535 -5804
v -4474 32.1029 -5806
v -4474 32.315 -5808
v -4474 32.5812 -5810
v -4474 32.893 -5812
v -4474 33.2424 -5814
v -4472 33.0927 -5752
v -4472 33.1162 -5754
v -4472 33.1233 -5756
v -4472 33.1173 -5758
v -4472 33.1017 -5760
v -4472 33.0797 -5762
v -4472 33.0548 -5764
v -4472 33.0301 -5766
v -4472 33.0089 -5768
v -4472 32.9943 -5770
v -4472 32.9895 -5772
v -4472 32.9976 -5774
v -4472 33.0217 -5776
v -4472 33.0648 -5778
v -4472 33.1299 -5780
v -4472 33.2061 -5782
v -4472 33.1401 -5784
v -4472 33.0499 -5786
v -4472 32.9329 -5788
v -4472 32.7861 -5790
v -4472 32.6069 -5792
v -4472 32.3926 -5794
v -4472 32.146 -5796
v -4472 31.9688 -5798
v -4472 31.8919 -5800
v -4472 31.9054 -5802
v -4472 31.9998 -5804
v -4472 32.1658 -5806
v -4472 32.3942 -5808
v -4472 32.6762 -5810
v -4472 33.0032 -5812
v -4472 33.3668 -5814
v -4470 33.1032 -5752
v -4470 33.1353 -5754
v -4470 33.1513 -5756
v -4470 33.1544 -5758
v -4470 33.1427 -5760
v -4470 33.1348 -5762
v -4470 33.1183 -5764
v -4470 33.1013 -5766
v -4470 33.0871 -5768
v -4470 33.0785 -5770
v -4470 33.0788 -5772
v -4470 33.0907 -5774
v -4470 33.1175 -5776
v -4470 33.1619 -5778
v -4470 33.186 -5780
v -4470 33.1457 -5782
v -4470 33.0857 -5784
v -4470 33.0029 -5786
v -4470 32.8947 -5788
v -4470 32.7581 -5790
v -4470 32.5904 -5792
v -4470 32.3888 -5794
v -4470 32.1562 -5796
v -4470 31.9942 -5798
v -4470 31.9332 -5800
v -4470 31.9632 -5802
v -4470 32.0743 -5804
v -4470 32.2567 -5806
v -4470 32.501 -5808
v -4470 32.7983 -5810
v -4470 33.1396 -5812
v -4470 33.5165 -5814
v -4468 33.1359 -5752
v -4468 33.1753 -5754
v -4468 33.1491 -5756
v -4468 33.1115 -5758
v -4468 33.0902 -5760
v -4468 33.0823 -5762
v -4468 33.0848 -5764
v -4468 33.0948 -5766
v -4468 33.1095 -5768
v -4468 33.1259 -5770
v -4468 33.1412 -5772
v -4468 33.1525 -5774
v -4468 33.1568 -5776
v -4468 33.1513 -5778
v -4468 33.1331 -5780
v -4468 33.0993 -5782
v -4468 33.047 -5784
v -4468 32.9735 -5786
v -4468 32.8757 -5788
v -4468 32.7509 -5790
v -4468 32.5961 -5792
v -4468 32.4086 -5794
v -4468 32.191 -5796
v -4468 32.0449 -5798
v -4468 32.0006 -5800
v -4468 32.0475 -5802
v -4468 32.1753 -5804
v -4468 32.374 -5806
v -4468 32.634 -5808
v -4468 32.946 -5810
v -4468 33.3008 -5812
v -4468 33.6898 -5814
v -4466 33.1892 -5752
v -4466 33.1574 -5754
v -4466 33.0974 -5756
v -4466 33.0566 -5758
v -4466 33.0323 -5760
v -4466 33.0218 -5762
v -4466 33.0224 -5764
v -4466 33.0312 -5766
v -4466 33.0456 -5768
v -4466 33.0628 -5770
v -4466 33.0799 -5772
v -4466 33.0942 -5774
v -4466 33.1028 -5776
v -4466 33.1029 -5778
v -4466 33.0916 -5780
v -4466 33.0661 -5782
v -4466 33.0235 -5784
v -4466 32.9607 -5786
v -4466 32.8751 -5788
v -4466 32.7634 -5790
v -4466 32.6229 -5792
v -4466 32.4506 -5794
v -4466 32.249 -5796
v -4466 32.1197 -5798
v -4466 32.0926 -5800
v -4466 32.1567 -5802
v -4466 32.3014 -5804
v -4466 32.5163 -5806
v -4466 32.7916 -5808
v -4466 33.1177 -5810
v -4466 33.4853 -5812
v -4466 33.8854 -5814
v -4464 33.1851 -5752
v -4464 33.1011 -5754
v -4464 33.0389 -5756
v -4464 32.996 -5758
v -4464 32.97 -5760
v -4464 32.9582 -5762
v -4464 32.9581 -5764
v -4464 32.9672 -5766
v -4464 32.9829 -5768
v -4464 33.0023 -5770
v -4464 33.0229 -5772
v -4464 33.0419 -5774
v -4464 33.0565 -5776
v -4464 33.0639 -5778
v -4464 33.0613 -5780
v -4464 33.0457 -5782
v -4464 33.0142 -5784
v -4464 32.9639 -5786
v -4464 32.8917 -5788
v -4464 32.7947 -5790
v -4464 32.6696 -5792
v -4464 32.5136 -5794
v -4464 32.329 -5796
v -4464 32.2172 -5798
v -4464 32.2078 -5800
v -4464 32.2893 -5802
v -4464 32.451 -5804
v -4464 32.6821 -5806
v -4464 32.9723 -5808
v -4464 33.312 -5810
v -4464 33.6915 -5812
v -4464 34.1019 -5814
v -4462 33.1233 -5752
v -4462 33.0381 -5754
v -4462 32.9746 -5756
v -4462 32.9307 -5758
v -4462 32.9039 -5760
v -4462 32.8921 -5762
v -4462 32.8927 -5764
v -4462 32.9034 -5766
v -4462 32.9217 -5768
v -4462 32.9449 -5770
v -4462 32.9704 -5772
v -4462 32.9956 -5774
v -4462 33.0178 -5776
v -4462 33.034 -5778
v -4462 33.0415 -5780
v -4462 33.0373 -5782
v -4462 33.0185 -5784
v -4462 32.982 -5786
v -4462 32.9247 -5788
v -4462 32.8435 -5790
v -4462 32.7351 -5792
v -4462 32.5964 -5794
v -4462 32.4295 -5796
v -4462 32.3359 -5798
v -4462 32.3446 -5800
v -4462 32.444 -5802
v -4462 32.6227 -5804
v -4462 32.8698 -5806
v -4462 33.1747 -5808
v -4462 33.5273 -5810
v -4462 33.9181 -5812
v -4462 34.2702 -5814
v -4460 33.0551 -5752
v -4460 32.9695 -5754
v -4460 32.9056 -5756
v -4460 32.8615 -5758
v -4460 32.8351 -5760
v -4460 32.8243 -5762
v -4460 32.8267 -5764
v -4460 32.8402 -5766
v -4460 32.8624 -5768
v -4460 32.8906 -5770
v -4460 32.9225 -5772
v -4460 32.9553 -5774
v -4460 32.9863 -5776
v -4460 33.0128 -5778
v -4460 33.0318 -5780
v -4460 33.0404 -5782
v -4460 33.0356 -5784
v -4460 33.0142 -5786
v -4460 32.9731 -5788
v -4460 32.9088 -5790
v -4460 32.8181 -5792
v -4460 32.6976 -5794
v -4460 32.5493 -5796
v -4460 32.4745 -5798
v -4460 32.5019 -5800
v -4460 32.6193 -5802
v -4460 32.815 -5804
v -4460 33.0779 -5806
v -4460 33.3971 -5808
v -4460 33.7623 -5810
v -4460 34.1636 -5812
v -4460 34.1524 -5814
v -4458 32.9817 -5752
v -4458 32.8963 -5754
v -4458 32.8328 -5756
v -4458 32.7894 -5758
v -4458 32.7643 -5760
v -4458 32.7554 -5762
v -4458 32.7608 -5764
v -4458 32.7782 -5766
v -4458 32.8053 -5768
v -4458 32.8398 -5770
v -4458 32.8791 -5772
v -4458 32.9208 -5774
v -4458 32.962 -5776
v -4458 33 -5778
v -4458 33.0318 -5780
v -4458 33.0545 -5782
v -4458 33.0649 -5784
v -4458 33.0598 -5786
v -4458 33.0358 -5788
v -4458 32.9896 -5790
v -4458 32.9176 -5792
v -4458 32.8161 -5794
v -4458 32.6871 -5796
v -4458 32.6316 -5798
v -4458 32.6779 -5800
v -4458 32.8136 -5802
v -4458 33.0265 -5804
v -4458 33.3051 -5806
v -4458 33.6382 -5808
v -4458 34.0154 -5810
v -4458 34.286 -5812
v -4458 34.0278 -5814
v -4456 32.9044 -5752
v -4456 32.8199 -5754
v -4456 32.7574 -5756
v -4456 32.7154 -5758
v -4456 32.6923 -5760
v -4456 32.6863 -5762
v -4456 32.6954 -5764
v -4456 32.7177 -5766
v -4456 32.7508 -5768
v -4456 32.7926 -5770
v -4456 32.8405 -5772
v -4456 32.8921 -5774
v -4456 32.9446 -5776
v -4456 32.9952 -5778
v -4456 33.041 -5780
v -4456 33.0788 -5782
v -4456 33.1055 -5784
v -4456 33.1177 -5786
v -4456 33.112 -5788
v -4456 33.0848 -5790
v -4456 33.0322 -5792
v -4456 32.9506 -5794
v -4456 32.8415 -5796
v -4456 32.8058 -5798
v -4456 32.8715 -5800
v -4456 33.0256 -5802
v -4456 33.2556 -5804
v -4456 33.5497 -5806
v -4456 33.8965 -5808
v -4456 34.2851 -5810
v -4456 34.1597 -5812
v -4456 33.8978 -5814
v -4454 32.8242 -5752
v -4454 32.7411 -5754
v -4454 32.6803 -5756
v -4454 32.6404 -5758
v -4454 32.6201 -5760
v -4454 32.6176 -5762
v -4454 32.6313 -5764
v -4454 32.6593 -5766
v -4454 32.6993 -5768
v -4454 32.7493 -5770
v -4454 32.8068 -5772
v -4454 32.8692 -5774
v -4454 32.934 -5776
v -4454 32.9982 -5778
v -4454 33.0589 -5780
v -4454 33.1129 -5782
v -4454 33.1569 -5784
v -4454 33.1873 -5786
v -4454 33.2007 -5788
v -4454 33.1932 -5790
v -4454 33.1609 -5792
v -4454 33.0998 -5794
v -4454 33.0113 -5796
v -4454 32.9959 -5798
v -4454 33.0812 -5800
v -4454 33.2538 -5802
v -4454 33.5009 -5804
v -4454 33.8103 -5806
v -4454 34.1705 -5808
v -4454 34.2812 -5810
v -4454 34.0286 -5812
v -4454 33.7637 -5814
v -4452 32.7425 -5752
v -4452 32.6612 -5754
v -4452 32.6025 -5756
v -4452 32.5653 -5758
v -4452 32.5483 -5760
v -4452 32.5501 -5762
v -4452 32.569 -5764
v -4452 32.6034 -5766
v -4452 32.6511 -5768
v -4452 32.71 -5770
v -4452 32.7778 -5772
v -4452 32.8521 -5774
v -4452 32.93 -5776
v -4452 33.0087 -5778
v -4452 33.0851 -5780
v -4452 33.1561 -5782
v -4452 33.2181 -5784
v -4452 33.2677 -5786
v -4452 33.3009 -5788
v -4452 33.3139 -5790
v -4452 33.3026 -5792
v -4452 33.2626 -5794
v -4452 33.1951 -5796
v -4452 33.2003 -5798
v -4452 33.3055 -5800
v -4452 33.4967 -5802
v -4452 33.761 -5804
v -4452 34.0856 -5806
v -4452 34.3894 -5808
v -4452 34.1514 -5810
v -4452 33.8939 -5812
v -4452 33.6268 -5814
v -4450 32.6603 -5752
v -4450 32.5813 -5754
v -4450 32.5251 -5756
v -4450 32.491 -5758
v -4450 32.4778 -5760
v -4450 32.4844 -5762
v -4450 32.5091 -5764
v -4450 32.5505 -5766
v -4450 32.6065 -5768
v -4450 32.675 -5770
v -4450 32.7539 -5772
v -4450 32.8405 -5774
v -4450 32.9323 -5776
v -4450 33.0262 -5778
v -4450 33.1191 -5780
v -4450 33.2078 -5782
v -4450 33.2886 -5784
v -4450 33.3579 -5786
v -4450 33.4117 -5788
v -4450 33.4459 -5790
v -4450 33.456 -5792
v -4450 33.4376 -5794
v -4450 33.3915 -5796
v -4450 33.4178 -5798
v -4450 33.543 -5800
v -4450 33.753 -5802
v -4450 34.0343 -5804
v -4450 34.3739 -5806
v -4450 34.264 -5808
v -4450 34.0189 -5810
v -4450 33.757 -5812
v -4450 33.4882 -5814
v -4448 32.5788 -5752
v -4448 32.5023 -5754
v -4448 32.4491 -5756
v -4448 32.4184 -5758
v -4448 32.4094 -5760
v -4448 32.4212 -5762
v -4448 32.4522 -5764
v -4448 32.501 -5766
v -4448 32.5658 -5768
v -4448 32.6445 -5770
v -4448 32.735 -5772
v -4448 32.8346 -5774
v -4448 32.9408 -5776
v -4448 33.0505 -5778
v -4448 33.1605 -5780
v -4448 33.2674 -5782
v -4448 33.3677 -5784
v -4448 33.4573 -5786
v -4448 33.5321 -5788
v -4448 33.5879 -5790
v -4448 33.62 -5792
v -4448 33.6237 -5794
v -4448 33.5995 -5796
v -4448 33.647 -5798
v -4448 33.7925 -5800
v -4448 34.0212 -5802
v -4448 34.3195 -5804
v -4448 34.3635 -5806
v -4448 34.1367 -5808
v -4448 33.885 -5810
v -4448 33.6191 -5812
v -4448 33.3493 -5814
v -4446 32.4992 -5752
v -4446 32.4254 -5754
v -4446 32.3753 -5756
v -4446 32.3484 -5758
v -4446 32.3439 -5760
v -4446 32.3611 -5762
v -4446 32.3988 -5764
v -4446 32.4555 -5766
v -4446 32.5294 -5768
v -4446 32.6187 -5770
v -4446 32.7212 -5772
v -4446 32.8343 -5774
v -4446 32.9553 -5776
v -4446 33.0812 -5778
v -4446 33.2087 -5780
v -4446 33.3345 -5782
v -4446 33.4545 -5784
v -4446 33.5649 -5786
v -4446 33.6613 -5788
v -4446 33.7391 -5790
v -4446 33.7936 -5792
v -4446 33.8196 -5794
v -4446 33.8176 -5796
v -4446 33.8866 -5798
v -4446 34.0524 -5800
v -4446 34.3 -5802
v -4446 34.4465 -5804
v -4446 34.2449 -5806
v -4446 34.0091 -5808
v -4446 33.751 -5810
v -4446 33.4816 -5812
v -4446 33.2114 -5814
v -4444 32.4225 -5752
v -4444 32.3517 -5754
v -4444 32.3048 -5756
v -4444 32.2818 -5758
v -4444 32.2821 -5760
v -4444 32.305 -5762
v -4444 32.3495 -5764
v -4444 32.4142 -5766
v -4444 32.4976 -5768
v -4444 32.5978 -5770
v -4444 32.7125 -5772
v -4444 32.8394 -5774
v -4444 32.9755 -5776
v -4444 33.118 -5778
v -4444 33.2635 -5780
v -4444 33.4082 -5782
v -4444 33.5485 -5784
v -4444 33.6799 -5786
v -4444 33.7981 -5788
v -4444 33.8983 -5790
v -4444 33.9754 -5792
v -4444 34.0241 -5794
v -4444 34.0445 -5796
v -4444 34.1351 -5798
v -4444 34.3214 -5800
v -4444 34.5082 -5802
v -4444 34.3399 -5804
v -4444 34.1269 -5806
v -4444 33.8823 -5808
v -4444 33.6182 -5810
v -4444 33.3458 -5812
v -4444 33.0755 -5814
v -4442 32.35 -5752
v -4442 32.2821 -5754
v -4442 32.2386 -5756
v -4442 32.2195 -5758
v -4442 32.2246 -5760
v -4442 32.2534 -5762
v -4442 32.3048 -5764
v -4442 32.3778 -5766
v -4442 32.4708 -5768
v -4442 32.5819 -5770
v -4442 32.7091 -5772
v -4442 32.8499 -5774
v -4442 33.0014 -5776
v -4442 33.1607 -5778
v -4442 33.3241 -5780
v -4442 33.4882 -5782
v -4442 33.6488 -5784
v -4442 33.8016 -5786
v -4442 33.9418 -5788
v -4442 34.0646 -5790
v -4442 34.1645 -5792
v -4442 34.236 -5794
v -4442 34.279 -5796
v -4442 34.3914 -5798
v -4442 34.5424 -5800
v -4442 34.4169 -5802
v -4442 34.235 -5804
v -4442 34.0109 -5806
v -4442 33.7577 -5808
v -4442 33.4879 -5810
v -4442 33.2128 -5812
v -4442 32.9431 -5814
v -4440 32.2826 -5752
v -4440 32.2177 -5754
v -4440 32.1775 -5756
v -4440 32.1625 -5758
v -4440 32.1724 -5760
v -4440 32.2069 -5762
v -4440 32.2654 -5764
v -4440 32.3466 -5766
v -4440 32.4492 -5768
v -4440 32.5714 -5770
v -4440 32.711 -5772
v -4440 32.8657 -5774
v -4440 33.0327 -5776
v -4440 33.2088 -5778
v -4440 33.3904 -5780
v -4440 33.5738 -5782
v -4440 33.7549 -5784
v -4440 33.929 -5786
v -4440 34.0914 -5788
v -4440 34.2368 -5790
v -4440 34.3597 -5792
v -4440 34.45 -5794
v -4440 34.5198 -5796
v -4440 34.5411 -5798
v -4440 34.4697 -5800
v -4440 34.3287 -5802
v -4440 34.1334 -5804
v -4440 33.8982 -5806
v -4440 33.6367 -5808
v -4440 33.3616 -5810
v -4440 33.0841 -5812
v -4440 32.8152 -5814
v -4438 32.2215 -5752
v -4438 32.1595 -5754
v -4438 32.1226 -5756
v -4438 32.1114 -5758
v -4438 32.1261 -5760
v -4438 32.1663 -5762
v -4438 32.2316 -5764
v -4438 32.321 -5766
v -4438 32.4331 -5768
v -4438 32.5662 -5770
v -4438 32.7183 -5772
v -4438 32.8869 -5774
v -4438 33.0692 -5776
v -4438 33.262 -5778
v -4438 33.4617 -5780
v -4438 33.6644 -5782
v -4438 33.8659 -5784
v -4438 34.0614 -5786
v -4438 34.2459 -5788
v -4438 34.4139 -5790
v -4438 34.4165 -5792
v -4438 34.4373 -5794
v -4438 34.4941 -5796
v -4438 34.49 -5798
v -4438 34.4013 -5800
v -4438 34.2448 -5802
v -4438 34.0362 -5804
v -4438 33.7902 -5806
v -4438 33.5207 -5808
v -4438 33.2404 -5810
v -4438 32.9609 -5812
v -4438 32.6931 -5814
v -4436 32.1679 -5752
v -4436 32.1085 -5754
v -4436 32.0747 -5756
v -4436 32.0672 -5758
v -4436 32.0864 -5760
v -4436 32.1322 -5762
v -4436 32.2041 -5764
v -4436 32.3014 -5766
v -4436 32.4228 -5768
v -4436 32.5667 -5770
v -4436 32.7309 -5772
v -4436 32.9132 -5774
v -4436 33.1107 -5776
v -4436 33.32 -5778
v -4436 33.5376 -5780
v -4436 33.7595 -5782
v -4436 33.9812 -5784
v -4436 34.1979 -5786
v -4436 34.4044 -5788
v -4436 34.4631 -5790
v -4436 34.429 -5792
v -4436 34.4299 -5794
v -4436 34.4672 -5796
v -4436 34.4445 -5798
v -4436 34.3385 -5800
v -4436 34.1667 -5802
v -4436 33.9449 -5804
v -4436 33.6883 -5806
v -4436 33.4108 -5808
v -4436 33.1257 -5810
v -4436 32.8444 -5812
v -4436 32.5779 -5814
v -4434 32.1226 -5752
v -4434 32.0657 -5754
v -4434 32.0348 -5756
v -4434 32.0307 -5758
v -4434 32.0541 -5760
v -4434 32.1051 -5762
v -4434 32.1834 -5764
v -4434 32.2884 -5766
v -4434 32.4187 -5768
v -4434 32.573 -5770
v -4434 32.7491 -5772
v -4434 32.9447 -5774
v -4434 33.157 -5776
v -4434 33.3825 -5778
v -4434 33.6177 -5780
v -4434 33.8584 -5782
v -4434 34.1001 -5784
v -4434 34.3378 -5786
v -4434 34.566 -5788
v -4434 34.5016 -5790
v -4434 34.4479 -5792
v -4434 34.4292 -5794
v -4434 34.447 -5796
v -4434 34.4057 -5798
v -4434 34.2827 -5800
v -4434 34.0956 -5802
v -4434 33.8608 -5804
v -4434 33.5938 -5806
v -4434 33.3086 -5808
v -4434 33.0187 -5810
v -4434 32.7358 -5812
v -4434 32.4709 -5814
f 154 153 152
f 167 166 164
f 164 166 165
f 165 162 164
f 162 165 163
f 203 202 201
f 204 202 203
f 199 198 197
f 200 198 199
f 193 196 195
f 194 196 193
f 191 194 193
f 192 194 191
f 190 192 191
f 189 192 190
f 190 187 189
f 189 187 188
f 185 184 183
f 186 184 185
f 185 187 186
f 188 187 185
f 174 173 172
f 174 175 173
f 176 175 174
f 176 177 175
f 178 177 176
f 178 179 177
f 178 182 179
f 178 180 182
f 182 180 181
f 181 180 171
f 171 180 169
f 171 169 170
f 170 169 168
f 163 160 162
f 160 163 161
f 161 159 160
f 155 153 154
f 156 155 154
f 157 155 156
f 158 157 156
f 159 157 158
f 160 159 158
f 139 138 137
f 139 140 138
f 149 140 139
f 149 150 140
f 149 151 150
f 147 151 149
f 146 147 145
f 148 147 146
f 151 147 148
f 144 145 142
f 146 145 144
f 143 142 141
f 144 142 143
f 99 98 96
f 131 130 129
f 125 128 127
f 126 128 125
f 96 98 97
f 102 103 101
f 102 101 100
f 132 130 131
f 121 124 122
f 124 126 123
f 122 124 123
f 122 119 121
f 123 126 125
f 95 92 94
f 92 95 93
f 93 91 92
f 92 91 90
f 91 89 90
f 90 89 88
f 89 87 88
f 88 87 86
f 87 85 86
f 86 85 84
f 94 97 95
f 136 134 135
f 135 134 133
f 113 112 111
f 111 112 110
f 111 110 108
f 108 110 109
f 108 109 107
f 108 107 106
f 106 107 105
f 114 112 113
f 121 119 120
f 120 119 117
f 117 119 118
f 118 116 117
f 117 116 115
f 104 103 102
f 104 105 103
f 106 105 104
f 97 94 96
f 83 82 81
f 81 82 80
f 74 75 73
f 76 75 74
f 76 77 75
f 78 77 76
f 79 77 78
f 79 80 77
f 81 80 79
f 74 73 72
f 72 73 70
f 71 70 69
f 72 70 71
f 28 30 29
f 29 26 28
f 26 29 27
f 24 27 25
f 25 23 24
f 24 23 22
f 23 21 22
f 22 21 20
f 56 58 55
f 54 56 53
f 54 53 51
f 51 53 52
f 52 50 51
f 51 50 49
f 50 48 49
f 64 62 63
f 49 48 47
f 67 66 65
f 68 66 67
f 58 60 57
f 55 58 57
f 34 33 32
f 35 33 34
f 33 35 44
f 44 35 46
f 44 46 45
f 44 45 43
f 44 43 42
f 42 43 41
f 42 41 40
f 40 41 39
f 40 39 38
f 38 39 37
f 38 37 36
f 21 19 20
f 20 19 18
f 19 17 18
f 18 17 16
f 31 30 28
f 53 56 55
f 27 24 26
f 57 60 59
f 63 62 61
f 10 11 9
f 12 11 10
f 12 13 11
f 3 2 1
f 3 4 2
f 3 13 4
f 14 13 12
f 15 13 14
f 4 13 15
f 10 9 8
f 8 9 6
f 7 6 5
f 8 6 7
f 295 296 294
f 282 283 284
f 279 280 278
f 295 294 293
f 287 286 285
f 283 282 281
f 279 278 277
f 275 276 274
f 291 290 289
f 292 290 291
f 288 286 287
f 275 274 273
f 304 302 303
f 303 302 301
f 308 306 307
f 307 306 305
f 319 318 317
f 320 318 319
f 315 314 313
f 316 314 315
f 312 310 311
f 311 310 309
f 300 298 299
f 299 298 297
f 339 338 337
f 340 338 339
f 328 326 327
f 330 331 332
f 331 330 329
f 335 334 333
f 344 342 343
f 343 342 341
f 327 326 325
f 335 336 334
f 323 324 322
f 323 322 321
f 229 226 228
f 228 231 229
f 231 228 230
f 230 233 231
f 233 230 232
f 232 234 233
f 249 248 247
f 250 248 249
f 238 237 236
f 262 264 261
f 259 262 261
f 260 262 259
f 258 260 259
f 257 260 258
f 258 256 257
f 257 256 255
f 255 256 254
f 255 254 253
f 254 252 253
f 253 252 251
f 272 270 271
f 271 270 269
f 238 239 237
f 240 239 238
f 240 241 239
f 242 241 240
f 242 243 241
f 244 243 242
f 244 245 243
f 244 246 245
f 247 246 244
f 247 248 246
f 223 221 222
f 224 223 222
f 225 223 224
f 224 226 225
f 227 226 224
f 228 226 227
f 235 234 232
f 222 221 220
f 267 266 265
f 268 266 267
f 261 264 263
f 219 218 217
f 217 218 216
f 217 216 215
f 215 216 213
f 215 213 214
f 212 211 210
f 212 213 211
f 214 213 212
f 210 211 209
f 210 209 208
f 208 209 206
f 208 206 207
f 207 206 205
f 351 352 350
f 410 411 412
f 411 410 409
f 351 350 349
f 351 349 364
f 422 354 421
f 354 355 356
f 355 354 353
f 422 353 354
f 364 349 362
f 364 362 363
f 360 358 359
f 359 358 357
f 348 346 347
f 347 346 345
f 368 366 367
f 367 366 365
f 422 423 353
f 419 418 417
f 419 423 422
f 363 362 361
f 380 362 379
f 380 377 362
f 377 361 362
f 418 425 424
f 371 372 370
f 371 370 369
f 400 379 399
f 400 381 379
f 381 380 379
f 420 418 419
f 420 425 418
f 381 382 380
f 375 374 373
f 386 384 385
f 397 396 395
f 398 396 397
f 385 384 383
f 378 361 377
f 393 392 391
f 394 392 393
f 376 374 375
f 389 390 388
f 389 388 387
f 382 361 378
f 361 382 381
f 402 401 400
f 403 401 402
f 404 401 403
f 416 414 415
f 415 414 413
f 407 425 408
f 408 406 407
f 407 406 405
f 408 425 420
f 400 401 381
f 516 515 514
f 513 511 512
f 509 507 508
f 512 511 510
f 508 507 506
f 519 518 517
f 568 567 566
f 568 569 567
f 586 585 584
f 590 589 588
f 582 581 580
f 583 581 582
f 601 600 599
f 594 593 592
f 586 587 585
f 591 589 590
f 564 565 563
f 602 600 601
f 564 563 562
f 472 471 470
f 484 483 482
f 476 475 474
f 484 485 483
f 473 471 472
f 477 475 476
f 488 487 486
f 489 487 488
f 492 491 490
f 491 492 493
f 495 496 497
f 500 499 498
f 499 500 501
f 503 504 505
f 480 479 478
f 496 495 494
f 504 503 502
f 481 479 480
f 428 427 426
f 429 427 428
f 444 443 442
f 445 443 444
f 448 447 446
f 456 455 454
f 457 455 456
f 464 463 462
f 465 463 464
f 468 467 466
f 469 467 468
f 575 574 573
f 576 574 575
f 432 431 430
f 433 431 432
f 436 435 434
f 437 435 436
f 449 447 448
f 560 559 558
f 561 559 560
f 552 551 550
f 556 555 554
f 460 459 458
f 461 459 460
f 452 451 450
f 453 451 452
f 547 548 546
f 547 546 545
f 597 596 595
f 596 597 598
f 522 521 520
f 523 521 522
f 530 529 528
f 531 529 530
f 542 541 540
f 543 541 542
f 551 552 553
f 555 556 557
f 440 439 438
f 441 439 440
f 549 548 547
f 526 525 524
f 527 525 526
f 543 544 541
f 535 533 534
f 579 578 577
f 534 533 532
f 538 537 536
f 539 537 538
f 572 571 570
f 639 638 637
f 640 638 639
f 644 642 643
f 659 658 657
f 658 659 660
f 664 662 663
f 619 618 617
f 623 622 621
f 624 622 623
f 627 626 625
f 627 628 626
f 643 642 641
f 647 646 645
f 648 646 647
f 663 662 661
f 667 666 665
f 606 604 605
f 605 604 603
f 607 605 603
f 611 610 609
f 675 676 674
f 675 674 673
f 666 667 668
f 675 677 676
f 619 620 618
f 607 608 605
f 612 610 611
f 671 670 669
f 672 670 671
f 615 614 613
f 616 614 615
f 631 630 629
f 632 630 631
f 635 634 633
f 652 650 651
f 636 634 635
f 651 650 649
f 655 654 653
f 656 654 655
f 675 678 677
f 675 679 678
f 697 695 696
f 684 683 682
f 683 684 685
f 708 707 706
f 711 710 709
f 720 719 718
f 692 691 690
f 691 692 693
f 704 703 702
f 705 703 704
f 696 695 694
f 679 681 680
f 723 722 721
f 688 687 686
f 689 687 688
f 717 716 715
f 714 713 712
f 700 699 698
f 701 699 700
f 934 933 932
f 935 933 934
f 930 929 928
f 931 929 930
f 927 925 926
f 926 925 924
f 922 921 920
f 923 921 922
f 822 821 820
f 823 821 822
f 818 817 816
f 819 817 818
f 814 813 812
f 815 813 814
f 810 809 808
f 811 809 810
f 950 949 948
f 951 949 950
f 946 945 944
f 947 945 946
f 943 941 942
f 942 941 940
f 938 937 936
f 939 937 938
f 802 801 800
f 803 801 802
f 794 793 792
f 790 789 788
f 791 789 790
f 806 805 804
f 807 805 806
f 795 793 794
f 786 785 784
f 787 785 786
f 862 861 860
f 850 849 848
f 863 861 862
f 858 857 856
f 859 857 858
f 918 917 916
f 919 917 918
f 915 913 914
f 906 905 904
f 907 905 906
f 914 913 912
f 886 885 884
f 882 881 880
f 874 873 872
f 875 873 874
f 870 869 868
f 871 869 870
f 846 845 844
f 847 845 846
f 798 797 796
f 799 797 798
f 855 853 854
f 854 853 852
f 850 851 849
f 866 865 864
f 866 867 865
f 887 885 886
f 881 882 883
f 1106 1105 1104
f 1107 1105 1106
f 996 995 994
f 996 997 995
f 878 877 876
f 879 877 878
f 910 909 908
f 911 909 910
f 1054 1056 1055
f 1055 1051 1054
f 1050 1051 1055
f 1052 1051 1050
f 1032 1031 1030
f 1028 1027 1026
f 1029 1027 1028
f 1024 1023 1022
f 1042 1045 1044
f 1043 1045 1042
f 1038 1043 1042
f 1039 1043 1038
f 1040 1039 1038
f 1041 1039 1040
f 1076 1075 1074
f 1077 1075 1076
f 1072 1071 1070
f 1073 1071 1072
f 1065 1063 1064
f 1064 1166 1065
f 1056 1054 1057
f 1031 1032 1033
f 1068 1067 1066
f 1069 1067 1068
f 1064 1063 1062
f 1062 1063 1163
f 1052 1053 1051
f 1025 1023 1024
f 1012 1011 1010
f 1013 1011 1012
f 1008 1007 1006
f 1009 1007 1008
f 992 991 990
f 993 991 992
f 988 987 986
f 989 987 988
f 985 984 983
f 973 984 985
f 974 973 972
f 974 984 973
f 974 982 984
f 974 980 982
f 982 980 981
f 981 980 979
f 977 976 975
f 978 976 977
f 978 974 976
f 978 980 974
f 1004 1003 1002
f 1005 1003 1004
f 898 897 896
f 890 889 888
f 891 889 890
f 902 901 900
f 902 903 901
f 899 897 898
f 1080 1079 1078
f 1081 1079 1080
f 1166 1064 1165
f 1060 1059 1058
f 1061 1059 1060
f 1036 1035 1034
f 1037 1035 1036
f 1048 1047 1046
f 1049 1047 1048
f 1020 1019 1018
f 1021 1019 1020
f 1143 1141 1142
f 1143 1144 1141
f 1163 1164 1062
f 1159 1158 1157
f 1160 1158 1159
f 1110 1109 1108
f 1109 1110 1111
f 1016 1015 1014
f 1017 1015 1016
f 1000 999 998
f 1001 999 1000
f 894 893 892
f 895 893 894
f 1142 1141 1140
f 1064 1161 1165
f 1062 1161 1064
f 1162 1161 1062
f 1062 1164 1162
f 1114 1113 1112
f 1115 1113 1114
f 1122 1121 1120
f 1103 1101 1102
f 1098 1097 1096
f 1099 1097 1098
f 1102 1101 1100
f 1123 1121 1122
f 1148 1146 1147
f 1147 1146 1145
f 1133 1126 1132
f 1132 1126 1124
f 1126 1125 1124
f 1126 1127 1125
f 1136 1133 1132
f 1137 1133 1136
f 1138 1135 1139
f 1135 1129 1130
f 1134 1129 1135
f 1135 1138 1134
f 1128 1130 1129
f 1130 1128 1131
f 1155 1154 1153
f 1156 1154 1155
f 1118 1117 1116
f 1119 1117 1118
f 1088 1083 1087
f 1084 1083 1082
f 1087 1083 1084
f 1087 1084 1086
f 1086 1084 1085
f 1094 1088 1093
f 1095 1088 1094
f 1095 1083 1088
f 1090 1083 1095
f 1083 1090 1092
f 1092 1090 1091
f 1091 1090 1089
f 1136 1134 1138
f 1132 1134 1136
f 1124 1125 1129
f 1129 1125 1128
f 1151 1150 1149
f 1152 1150 1151
f 1132 1124 1134
f 1134 1124 1129
f 839 837 838
f 835 833 834
f 831 829 830
f 838 837 836
f 834 833 832
f 830 829 828
f 826 825 824
f 826 827 825
f 766 765 764
f 766 767 765
f 758 757 756
f 750 749 748
f 751 749 750
f 746 745 744
f 747 745 746
f 759 757 758
f 754 753 752
f 755 753 754
f 782 781 780
f 783 781 782
f 774 773 772
f 775 773 774
f 770 769 768
f 771 769 770
f 842 841 840
f 971 969 970
f 954 953 952
f 954 955 953
f 842 843 841
f 966 965 964
f 967 965 966
f 762 761 760
f 761 762 763
f 970 969 968
f 958 957 956
f 959 957 958
f 778 777 776
f 779 777 778
f 962 963 961
f 962 961 960
f 742 741 740
f 743 741 742
f 738 737 736
f 738 739 737
f 734 735 733
f 734 733 732
f 725 726 727
f 726 725 724
f 730 729 728
f 730 731 729
f 1225 1224 1223
f 1226 1224 1225
f 1229 1228 1227
f 1230 1228 1229
f 1193 1192 1191
f 1194 1192 1193
f 1233 1232 1231
f 1234 1232 1233
f 1185 1184 1183
f 1186 1184 1185
f 1201 1200 1199
f 1200 1201 1202
f 1221 1220 1219
f 1222 1220 1221
f 1217 1216 1215
f 1218 1216 1217
f 1205 1204 1203
f 1205 1206 1204
f 1210 1208 1209
f 1209 1208 1207
f 1213 1212 1211
f 1214 1212 1213
f 1189 1188 1187
f 1190 1188 1189
f 1197 1196 1195
f 1197 1198 1196
f 1173 1172 1171
f 1172 1173 1174
f 1181 1180 1179
f 1182 1180 1181
f 1177 1176 1175
f 1178 1176 1177
f 1237 1236 1235
f 1238 1236 1237
f 1169 1168 1167
f 1169 1170 1168
f 1393 1392 1391
f 1394 1392 1393
f 1397 1396 1395
f 1389 1388 1387
f 1390 1388 1389
f 1398 1396 1397
f 1401 1400 1399
f 1402 1400 1401
f 1369 1368 1367
f 1361 1360 1359
f 1357 1356 1355
f 1358 1356 1357
f 1365 1364 1363
f 1366 1364 1365
f 1362 1360 1361
f 1370 1368 1369
f 1457 1456 1455
f 1458 1456 1457
f 1405 1404 1403
f 1406 1404 1405
f 1441 1440 1439
f 1445 1444 1443
f 1446 1444 1445
f 1449 1448 1447
f 1453 1452 1451
f 1453 1454 1452
f 1442 1440 1441
f 1449 1450 1448
f 1341 1340 1339
f 1342 1340 1341
f 1345 1344 1343
f 1346 1344 1345
f 1349 1348 1347
f 1350 1348 1349
f 1353 1352 1351
f 1354 1352 1353
f 1309 1308 1307
f 1310 1308 1309
f 1313 1312 1311
f 1314 1312 1313
f 1321 1320 1319
f 1322 1320 1321
f 1293 1292 1291
f 1294 1292 1293
f 1297 1296 1295
f 1305 1304 1303
f 1306 1304 1305
f 1298 1296 1297
f 1317 1316 1315
f 1318 1316 1317
f 1373 1372 1371
f 1374 1372 1373
f 1382 1380 1381
f 1385 1384 1383
f 1386 1384 1385
f 1381 1380 1379
f 1301 1300 1299
f 1302 1300 1301
f 1469 1468 1467
f 1481 1479 1480
f 1485 1483 1484
f 1614 1613 1612
f 1615 1613 1614
f 1469 1470 1468
f 1469 1471 1470
f 1472 1471 1469
f 1473 1471 1472
f 1506 1505 1504
f 1507 1505 1506
f 1508 1505 1507
f 1508 1509 1505
f 1510 1509 1508
f 1476 1475 1474
f 1476 1477 1475
f 1480 1479 1478
f 1484 1483 1482
f 1488 1487 1486
f 1487 1488 1489
f 1377 1376 1375
f 1378 1376 1377
f 1492 1491 1490
f 1492 1493 1491
f 1500 1499 1498
f 1501 1499 1500
f 1496 1495 1494
f 1495 1496 1497
f 1513 1516 1515
f 1517 1515 1516
f 1518 1515 1517
f 1520 1518 1517
f 1518 1520 1519
f 1461 1460 1459
f 1461 1462 1460
f 1461 1463 1462
f 1464 1463 1461
f 1465 1463 1464
f 1525 1524 1523
f 1526 1524 1525
f 1529 1528 1527
f 1530 1528 1529
f 1533 1532 1531
f 1534 1532 1533
f 1516 1513 1511
f 1465 1466 1463
f 1520 1521 1519
f 1545 1466 1465
f 1537 1536 1535
f 1538 1536 1537
f 1522 1521 1520
f 1513 1512 1511
f 1615 1616 1613
f 1502 1499 1501
f 1546 1466 1545
f 1539 1459 1460
f 1514 1512 1513
f 1540 1459 1539
f 1591 1590 1589
f 1592 1590 1591
f 1409 1408 1407
f 1410 1408 1409
f 1418 1416 1417
f 1421 1420 1419
f 1422 1420 1421
f 1417 1416 1415
f 1540 1542 1541
f 1542 1540 1539
f 1595 1594 1593
f 1596 1594 1595
f 1585 1512 1514
f 1521 1522 1588
f 1585 1586 1512
f 1615 1617 1616
f 1544 1546 1545
f 1546 1544 1543
f 1503 1499 1502
f 1521 1588 1587
f 1599 1598 1597
f 1600 1598 1599
f 1413 1412 1411
f 1414 1412 1413
f 1425 1424 1423
f 1433 1432 1431
f 1434 1432 1433
f 1425 1426 1424
f 1437 1438 1436
f 1437 1436 1435
f 1543 1541 1542
f 1610 1609 1608
f 1611 1609 1610
f 1544 1541 1543
f 1575 1574 1573
f 1574 1575 1576
f 1571 1570 1569
f 1572 1570 1571
f 1564 1563 1562
f 1565 1563 1564
f 1560 1559 1558
f 1561 1559 1560
f 1556 1555 1554
f 1557 1555 1556
f 1325 1324 1323
f 1326 1324 1325
f 1329 1328 1327
f 1330 1328 1329
f 1333 1332 1331
f 1334 1332 1333
f 1337 1336 1335
f 1338 1336 1337
f 1568 1567 1566
f 1607 1606 1605
f 1603 1602 1601
f 1604 1602 1603
f 1429 1428 1427
f 1430 1428 1429
f 1549 1548 1547
f 1550 1548 1549
f 1579 1578 1577
f 1579 1580 1578
f 1579 1581 1580
f 1579 1582 1581
f 1583 1582 1579
f 1584 1582 1583
f 1551 1548 1550
f 1551 1552 1548
f 1553 1552 1551
f 1277 1276 1275
f 1278 1276 1277
f 1281 1280 1279
f 1282 1280 1281
f 1289 1288 1287
f 1290 1288 1289
f 1261 1262 1260
f 1273 1272 1271
f 1274 1272 1273
f 1261 1260 1259
f 1265 1264 1263
f 1266 1264 1265
f 1285 1284 1283
f 1286 1284 1285
f 1269 1268 1267
f 1268 1269 1270
f 1257 1256 1255
f 1258 1256 1257
f 1253 1252 1251
f 1254 1252 1253
f 1245 1244 1243
f 1241 1240 1239
f 1242 1240 1241
f 1249 1248 1247
f 1250 1248 1249
f 1246 1244 1245
f 1676 1675 1674
f 1677 1675 1676
f 1668 1667 1666
f 1669 1667 1668
f 1700 1699 1698
f 1700 1701 1699
f 1660 1659 1658
f 1661 1659 1660
f 1644 1643 1642
f 1645 1643 1644
f 1640 1639 1638
f 1641 1639 1640
f 1636 1635 1634
f 1637 1635 1636
f 1672 1671 1670
f 1673 1671 1672
f 1696 1695 1694
f 1696 1697 1695
f 1684 1683 1682
f 1685 1683 1684
f 1680 1679 1678
f 1681 1679 1680
f 1688 1687 1686
f 1692 1691 1690
f 1693 1691 1692
f 1687 1688 1689
f 1664 1663 1662
f 1652 1651 1650
f 1653 1651 1652
f 1663 1664 1665
f 1632 1631 1630
f 1633 1631 1632
f 1628 1627 1626
f 1629 1627 1628
f 1624 1623 1622
f 1625 1623 1624
f 1648 1647 1646
f 1649 1647 1648
f 1656 1655 1654
f 1657 1655 1656
f 1620 1619 1618
f 1621 1619 1620
f 1721 1718 1720
f 1720 1718 1719
f 1710 1711 1712
f 1704 1703 1702
f 1715 1714 1713
f 1707 1706 1704
f 1708 1706 1707
f 1704 1705 1703
f 1704 1706 1705
f 1711 1710 1709
f 1715 1716 1714
f 1719 1718 1717
f 1717 1747 1719
f 1747 1717 1746
f 1728 1727 1726
f 1729 1727 1728
f 1724 1723 1722
f 1725 1723 1724
f 1739 1738 1737
f 1740 1738 1739
f 1736 1734 1735
f 1735 1734 1732
f 1732 1734 1733
f 1732 1733 1731
f 1732 1731 1730
f 1743 1745 1744
f 1743 1744 1742
f 1743 1742 1741
f 1750 1749 1748
f 1750 1751 1749
f 1750 1754 1751
f 1751 1754 1756
f 1751 1756 1755
f 1753 1750 1752
f 1754 1750 1753
f 1782 1781 1780
f 1872 1782 1780
f 1807 1870 1809
f 1809 1808 1807
f 1810 1808 1809
f 1805 1804 1803
f 1813 1812 1814
f 1812 1815 1814
f 1810 1811 1808
f 1812 1811 1810
f 1813 1811 1812
f 1788 1789 1787
f 1790 1789 1788
f 1790 1786 1789
f 1789 1786 1785
f 1785 1786 1784
f 1785 1784 1783
f 1822 1823 1821
f 1824 1823 1822
f 1823 1824 1828
f 1812 1806 1815
f 1812 1804 1806
f 1770 1769 1768
f 1770 1771 1769
f 1759 1758 1757
f 1806 1804 1805
f 1760 1761 1758
f 1762 1761 1760
f 1765 1764 1763
f 1765 1766 1764
f 1765 1767 1766
f 1760 1758 1759
f 1827 1826 1825
f 1871 1828 1824
f 1825 1830 1829
f 1826 1830 1825
f 1778 1777 1776
f 1778 1779 1777
f 1818 1817 1816
f 1801 1800 1799
f 1802 1800 1801
f 1774 1773 1772
f 1817 1818 1819
f 1797 1796 1795
f 1798 1796 1797
f 1775 1773 1774
f 1793 1792 1791
f 1794 1792 1793
f 1784 1787 1783
f 1788 1787 1784
f 1787 1858 1783
f 1856 1855 1854
f 1822 1821 1820
f 1836 1777 1779
f 1855 1856 1850
f 1846 1847 1852
f 1858 1857 1783
f 1848 1847 1846
f 1836 1837 1777
f 1847 1848 1853
f 1856 1849 1850
f 1840 1839 1838
f 1841 1839 1840
f 1853 1851 1849
f 1848 1851 1853
f 1851 1850 1849
f 1844 1843 1842
f 1845 1843 1844
f 1859 1857 1858
f 1833 1832 1831
f 1834 1832 1833
f 1864 1861 1863
f 1864 1860 1861
f 1862 1861 1860
f 1869 1865 1868
f 1865 1864 1868
f 1864 1863 1868
f 1834 1835 1832
f 1869 1867 1865
f 1867 1866 1865
f 1898 1897 1894
f 1899 1898 1894
f 1874 1904 1905
f 1905 1904 1891
f 1873 1874 1905
f 1897 1896 1894
f 1904 1888 1891
f 1892 1891 1888
f 1874 1879 1904
f 1879 1882 1904
f 1904 1882 1888
f 1900 1899 1894
f 1876 1875 1873
f 1875 1874 1873
f 1880 1879 1874
f 1875 1880 1874
f 1882 1885 1888
f 1889 1888 1885
f 1889 1892 1888
f 1880 1883 1879
f 1883 1882 1879
f 1883 1886 1882
f 1886 1885 1882
f 1886 1889 1885
f 1881 1880 1875
f 1881 1884 1880
f 1884 1883 1880
f 1877 1875 1876
f 1878 1877 1876
f 1893 1892 1889
f 1890 1893 1889
f 1890 1889 1886
f 1884 1887 1883
f 1896 1895 1894
f 1901 1900 1894
f 1887 1886 1883
f 1887 1890 1886
f 1877 1881 1875
f 1890 1887 1903
f 1887 1884 1903
f 1884 1881 1877
f 1903 1884 1877
f 1893 1890 1902
f 1890 1903 1902
f 1902 1903 1877
f 1906 1877 1878
f 2013 2011 2012
f 2014 2013 2012
f 2012 2011 2010
f 2025 2026 2028
f 2028 2026 2029
f 2029 2026 2030
f 2014 2016 2013
f 2011 2009 2010
f 2027 2026 2025
f 2010 2009 2007
f 2030 2026 2027
f 2009 2008 2007
f 2018 2017 2016
f 2017 2015 2016
f 2016 2015 2013
f 2013 2022 2011
f 2013 2015 2022
f 2011 2021 2009
f 2022 2021 2011
f 2052 2051 2041
f 2043 2052 2041
f 2065 2062 2064
f 2065 2066 2062
f 2045 2053 2052
f 2043 2045 2052
f 2051 2050 2039
f 2041 2051 2039
f 2064 2062 2063
f 2021 2020 2009
f 2009 2020 2008
f 2039 2050 2038
f 2063 2062 2061
f 2050 2049 2038
f 2061 2062 2066
f 2017 2024 2015
f 2020 2019 2008
f 2024 2023 2015
f 2015 2023 2022
f 2041 2039 2040
f 2042 2041 2040
f 2043 2041 2042
f 2044 2043 2042
f 2044 2046 2043
f 2046 2045 2043
f 1987 1986 1973
f 2002 2001 2000
f 2000 2001 2006
f 1992 1991 1982
f 1984 1992 1982
f 1988 1987 1974
f 2003 2001 2002
f 2039 2038 2037
f 2040 2039 2037
f 1974 1987 1973
f 2047 2054 2045
f 2006 2001 2005
f 2054 2053 2045
f 2005 2001 2004
f 2003 2004 2001
f 2035 2032 2034
f 2034 2032 2033
f 2056 2060 2059
f 2058 2056 2059
f 2035 2036 2032
f 2055 2056 2058
f 1976 1988 1974
f 1978 1989 1988
f 1976 1978 1988
f 1982 1991 1980
f 1991 1990 1980
f 1990 1989 1978
f 1980 1990 1978
f 2033 2032 2031
f 2047 2045 2046
f 2048 2047 2046
f 1928 1926 1929
f 1929 1926 1930
f 1914 1913 1912
f 1916 1915 1914
f 1915 1913 1914
f 2057 2056 2055
f 2031 2032 2036
f 2060 2056 2057
f 1913 1911 1912
f 1910 1912 1911
f 1925 1926 1928
f 1958 1959 1961
f 1961 1959 1962
f 1942 1941 1940
f 1943 1941 1942
f 1944 1943 1942
f 1944 1946 1945
f 1943 1944 1945
f 1962 1959 1963
f 1930 1926 1927
f 1918 1917 1916
f 1917 1915 1916
f 1909 1910 1911
f 1927 1926 1925
f 1910 1909 1907
f 1909 1908 1907
f 1941 1939 1940
f 1960 1959 1958
f 1940 1939 1937
f 1964 1959 1960
f 1963 1959 1964
f 1948 1947 1946
f 1947 1945 1946
f 1939 1938 1937
f 1950 1949 1948
f 1976 1974 1975
f 1975 1974 1972
f 1974 1973 1972
f 1985 1984 1983
f 1984 1982 1983
f 1949 1947 1948
f 1977 1976 1975
f 1976 1977 1978
f 1943 1954 1941
f 1943 1945 1954
f 1954 1953 1941
f 1941 1953 1939
f 1982 1980 1981
f 1980 1978 1979
f 1977 1979 1978
f 1983 1982 1981
f 1981 1980 1979
f 1953 1952 1939
f 1939 1952 1938
f 1952 1951 1938
f 1949 1957 1947
f 1917 1924 1915
f 1915 1923 1913
f 1924 1923 1915
f 1957 1956 1947
f 1947 1956 1945
f 1945 1955 1954
f 1956 1955 1945
f 1913 1922 1911
f 1923 1922 1913
f 1909 1911 1920
f 1911 1921 1920
f 1922 1921 1911
f 1920 1919 1908
f 1909 1920 1908
f 1969 1966 1968
f 1968 1966 1967
f 1969 1970 1966
f 1967 1966 1965
f 1995 1994 1993
f 1999 1994 1995
f 1971 1966 1970
f 1965 1966 1971
f 1993 1994 1996
f 1996 1994 1997
f 1997 1994 1998
f 1998 1994 1999
f 1935 1932 1934
f 1933 1934 1932
f 1936 1932 1935
f 1931 1932 1936
f 1933 1932 1931
f 2182 2162 2183
f 2162 2182 2161
f 2181 2161 2182
f 2350 2328 2349
f 2350 2329 2328
f 2351 2329 2350
f 2624 2623 2622
f 2615 2614 2613
f 2183 2163 2184
f 2163 2183 2162
f 2161 2181 2160
f 2180 2160 2181
f 2352 2330 2351
f 2351 2330 2329
f 2349 2327 2348
f 2349 2328 2327
f 2161 2131 2162
f 2131 2161 2129
f 2160 2129 2161
f 2329 2297 2295
f 2329 2295 2328
f 2330 2297 2329
f 2159 2127 2160
f 2129 2160 2127
f 2133 2162 2131
f 2162 2133 2163
f 2160 2180 2159
f 2330 2299 2297
f 2331 2299 2330
f 2164 2184 2163
f 2184 2164 2185
f 2543 2542 2541
f 2127 2159 2125
f 2328 2295 2293
f 2328 2293 2327
f 2352 2331 2330
f 2616 2614 2615
f 2617 2614 2616
f 2617 2618 2614
f 2614 2618 2612
f 2624 2625 2623
f 2624 2626 2625
f 2627 2626 2624
f 2627 2624 2620
f 2179 2159 2180
f 2534 2533 2532
f 2129 2132 2131
f 2132 2129 2130
f 2127 2130 2129
f 2353 2331 2352
f 2348 2327 2326
f 2348 2326 2347
f 2525 2524 2523
f 2297 2296 2295
f 2297 2298 2296
f 2299 2298 2297
f 2131 2134 2133
f 2134 2131 2132
f 2130 2127 2128
f 2125 2128 2127
f 2301 2300 2299
f 2299 2300 2298
f 2295 2296 2294
f 2331 2301 2299
f 2295 2294 2293
f 2159 2179 2158
f 2158 2125 2159
f 2135 2163 2133
f 2552 2551 2550
f 2163 2135 2164
f 2353 2332 2331
f 2327 2291 2326
f 2327 2293 2291
f 2332 2301 2331
f 2542 2546 2540
f 2545 2546 2542
f 2545 2542 2544
f 2544 2542 2543
f 2537 2536 2534
f 2537 2534 2530
f 2534 2536 2535
f 2534 2535 2533
f 2088 2085 2086
f 2085 2088 2087
f 2083 2086 2085
f 2552 2553 2551
f 2552 2554 2553
f 2555 2554 2552
f 2555 2552 2548
f 2524 2528 2522
f 2527 2528 2524
f 2527 2524 2526
f 2526 2524 2525
f 2627 2620 2621
f 2621 2620 2619
f 2612 2618 2611
f 2612 2611 2610
f 2257 2256 2255
f 2255 2256 2254
f 2255 2254 2253
f 2136 2133 2134
f 2133 2136 2135
f 2128 2125 2126
f 2123 2126 2125
f 2125 2158 2123
f 2086 2083 2084
f 2087 2090 2089
f 2090 2087 2088
f 2081 2084 2083
f 2301 2302 2300
f 2303 2302 2301
f 2332 2303 2301
f 2293 2292 2291
f 2293 2294 2292
f 2253 2252 2251
f 2253 2254 2252
f 2259 2258 2257
f 2257 2258 2256
f 2178 2158 2179
f 2185 2165 2186
f 2165 2185 2164
f 2347 2325 2346
f 2347 2326 2325
f 2354 2332 2353
f 2540 2539 2538
f 2540 2546 2539
f 2531 2530 2529
f 2537 2530 2531
f 2079 2082 2081
f 2084 2081 2082
f 2126 2123 2124
f 2092 2089 2090
f 2089 2092 2091
f 2158 2178 2157
f 2157 2123 2158
f 2137 2164 2135
f 2164 2137 2165
f 2221 2220 2219
f 2223 2222 2221
f 2222 2220 2221
f 2436 2435 2434
f 2224 2222 2223
f 2435 2436 2437
f 2438 2437 2436
f 2326 2289 2325
f 2326 2291 2289
f 2333 2303 2332
f 2251 2250 2249
f 2251 2252 2250
f 2303 2304 2302
f 2259 2260 2258
f 2261 2260 2259
f 2354 2333 2332
f 2555 2548 2549
f 2549 2548 2547
f 2522 2521 2520
f 2522 2528 2521
f 2225 2224 2223
f 2220 2218 2219
f 2219 2218 2217
f 2226 2224 2225
f 2440 2439 2438
f 2437 2438 2439
f 2432 2434 2435
f 2434 2432 2433
f 2390 2389 2388
f 2390 2391 2389
f 2392 2391 2390
f 2388 2389 2387
f 2138 2135 2136
f 2123 2157 2121
f 2121 2124 2123
f 2135 2138 2137
f 2291 2292 2290
f 2291 2290 2289
f 2333 2305 2303
f 2305 2304 2303
f 2392 2393 2391
f 2439 2440 2441
f 2394 2393 2392
f 2386 2387 2385
f 2388 2387 2386
f 2227 2226 2225
f 2082 2079 2080
f 2217 2216 2215
f 2218 2216 2217
f 2228 2226 2227
f 2442 2441 2440
f 2431 2430 2429
f 2430 2431 2432
f 2077 2080 2079
f 2094 2091 2092
f 2091 2094 2093
f 2124 2121 2122
f 2396 2395 2394
f 2394 2395 2393
f 2441 2442 2443
f 2384 2385 2383
f 2386 2385 2384
f 2261 2262 2260
f 2249 2248 2247
f 2249 2250 2248
f 2305 2306 2304
f 2263 2262 2261
f 2561 2560 2559
f 2516 2515 2514
f 2177 2157 2178
f 2166 2186 2165
f 2186 2166 2187
f 2229 2228 2227
f 2080 2077 2078
f 2215 2214 2213
f 2216 2214 2215
f 2230 2228 2229
f 2444 2443 2442
f 2428 2429 2430
f 2429 2428 2427
f 2355 2333 2354
f 2570 2569 2568
f 2507 2506 2505
f 2157 2177 2156
f 2346 2325 2324
f 2346 2324 2345
f 2156 2121 2157
f 2139 2165 2137
f 2165 2139 2166
f 2396 2397 2395
f 2398 2397 2396
f 2443 2444 2445
f 2382 2383 2381
f 2384 2383 2382
f 2263 2264 2262
f 2325 2287 2324
f 2325 2289 2287
f 2355 2334 2333
f 2560 2564 2558
f 2563 2564 2560
f 2563 2560 2562
f 2562 2560 2561
f 2334 2305 2333
f 2519 2516 2512
f 2519 2518 2516
f 2516 2518 2517
f 2516 2517 2515
f 2119 2122 2121
f 2121 2156 2119
f 2140 2137 2138
f 2137 2140 2139
f 2289 2290 2288
f 2289 2288 2287
f 2334 2307 2305
f 2307 2306 2305
f 2573 2570 2566
f 2573 2572 2570
f 2570 2572 2571
f 2570 2571 2569
f 2506 2510 2504
f 2508 2506 2507
f 2509 2506 2508
f 2509 2510 2506
f 2558 2557 2556
f 2558 2564 2557
f 2513 2512 2511
f 2519 2512 2513
f 2122 2119 2120
f 2075 2078 2077
f 2093 2096 2095
f 2096 2093 2094
f 2247 2248 2246
f 2247 2246 2245
f 2307 2308 2306
f 2265 2264 2263
f 2573 2566 2567
f 2567 2566 2565
f 2504 2510 2503
f 2504 2503 2502
f 2233 2232 2231
f 2078 2075 2076
f 2213 2212 2211
f 2214 2212 2213
f 2234 2232 2233
f 2446 2445 2444
f 2425 2424 2423
f 2424 2425 2426
f 2401 2400 2399
f 2402 2400 2401
f 2445 2446 2447
f 2382 2381 2380
f 2380 2381 2379
f 2265 2266 2264
f 2403 2447 2446
f 2363 2361 2402
f 2447 2403 2404
f 2402 2361 2400
f 2194 2234 2193
f 2193 2234 2233
f 2380 2379 2378
f 2421 2423 2424
f 2212 2210 2211
f 2423 2421 2422
f 2167 2187 2166
f 2141 2166 2139
f 2166 2141 2167
f 2187 2167 2188
f 2139 2142 2141
f 2142 2139 2140
f 2098 2095 2096
f 2095 2098 2097
f 2245 2246 2244
f 2356 2334 2355
f 2356 2335 2334
f 2335 2307 2334
f 2335 2309 2307
f 2309 2308 2307
f 2267 2266 2265
f 2309 2310 2308
f 2211 2210 2209
f 2378 2379 2377
f 2267 2268 2266
f 2076 2073 2074
f 2073 2076 2075
f 2117 2120 2119
f 2120 2117 2118
f 2176 2156 2177
f 2324 2287 2285
f 2324 2285 2323
f 2156 2176 2155
f 2155 2119 2156
f 2119 2155 2117
f 2245 2244 2243
f 2345 2323 2344
f 2345 2324 2323
f 2287 2288 2286
f 2287 2286 2285
f 2576 2575 2574
f 2495 2494 2493
f 2378 2377 2376
f 2419 2420 2421
f 2376 2377 2375
f 2269 2268 2267
f 2269 2270 2268
f 2243 2244 2242
f 2363 2362 2361
f 2405 2404 2403
f 2364 2362 2363
f 2404 2405 2406
f 2576 2582 2575
f 2501 2494 2495
f 2420 2419 2418
f 2210 2208 2209
f 2196 2194 2195
f 2195 2194 2193
f 2209 2208 2207
f 2100 2097 2098
f 2074 2071 2072
f 2071 2074 2073
f 2585 2584 2583
f 2486 2485 2484
f 2581 2582 2578
f 2578 2582 2576
f 2501 2498 2494
f 2501 2500 2498
f 2591 2584 2585
f 2486 2492 2485
f 2311 2312 2310
f 2311 2310 2309
f 2243 2242 2241
f 2285 2286 2284
f 2581 2578 2580
f 2498 2500 2499
f 2591 2588 2584
f 2144 2141 2142
f 2097 2100 2099
f 2491 2492 2488
f 2488 2492 2486
f 2113 2118 2117
f 2118 2113 2114
f 2591 2590 2588
f 2580 2578 2579
f 2498 2499 2497
f 2579 2578 2577
f 2498 2497 2496
f 2588 2590 2589
f 2491 2488 2490
f 2336 2311 2309
f 2336 2309 2335
f 2323 2285 2283
f 2285 2284 2283
f 2588 2589 2587
f 2490 2488 2489
f 2588 2587 2586
f 2489 2488 2487
f 2141 2144 2143
f 2143 2167 2141
f 2323 2283 2322
f 2153 2117 2155
f 2117 2153 2113
f 2357 2336 2335
f 2357 2335 2356
f 2344 2323 2322
f 2271 2272 2270
f 2271 2270 2269
f 2417 2418 2419
f 2374 2375 2373
f 2376 2375 2374
f 2241 2242 2240
f 2364 2365 2362
f 2366 2365 2364
f 2407 2406 2405
f 2406 2407 2408
f 2167 2143 2168
f 2168 2188 2167
f 2344 2322 2343
f 2174 2155 2176
f 2155 2174 2153
f 2208 2206 2207
f 2418 2417 2416
f 2198 2196 2197
f 2197 2196 2195
f 2102 2099 2100
f 2207 2206 2205
f 2067 2072 2071
f 2072 2067 2068
f 2188 2168 2189
f 2313 2314 2312
f 2313 2312 2311
f 2241 2240 2239
f 2283 2284 2282
f 2273 2272 2271
f 2273 2274 2272
f 2372 2373 2371
f 2374 2373 2372
f 2415 2416 2417
f 2366 2367 2365
f 2237 2238 2236
f 2409 2408 2407
f 2408 2409 2410
f 2368 2367 2366
f 2146 2143 2144
f 2099 2102 2101
f 2114 2115 2116
f 2115 2114 2113
f 2594 2593 2592
f 2477 2476 2475
f 2603 2602 2601
f 2468 2467 2466
f 2416 2415 2414
f 2206 2204 2205
f 2199 2198 2197
f 2200 2198 2199
f 2104 2101 2102
f 2205 2204 2203
f 2069 2068 2067
f 2068 2069 2070
f 2594 2600 2593
f 2483 2476 2477
f 2609 2602 2603
f 2468 2474 2467
f 2413 2414 2415
f 2370 2371 2369
f 2372 2371 2370
f 2275 2276 2274
f 2275 2274 2273
f 2237 2236 2235
f 2235 2236 2276
f 2368 2369 2367
f 2410 2411 2412
f 2411 2410 2409
f 2370 2369 2368
f 2337 2311 2336
f 2337 2313 2311
f 2283 2282 2281
f 2322 2283 2281
f 2145 2168 2143
f 2143 2146 2145
f 2154 2113 2153
f 2113 2154 2115
f 2235 2276 2275
f 2414 2413 2411
f 2599 2600 2596
f 2596 2600 2594
f 2483 2480 2476
f 2483 2482 2480
f 2204 2202 2203
f 2201 2200 2199
f 2202 2200 2201
f 2106 2103 2104
f 2203 2202 2201
f 2101 2104 2103
f 2105 2108 2107
f 2108 2105 2106
f 2450 2449 2448
f 2459 2458 2457
f 2609 2608 2606
f 2609 2606 2602
f 2473 2474 2470
f 2470 2474 2468
f 2315 2316 2314
f 2315 2314 2313
f 2358 2336 2357
f 2358 2337 2336
f 2279 2280 2278
f 2343 2322 2321
f 2322 2281 2321
f 2103 2106 2105
f 2169 2189 2168
f 2168 2145 2169
f 2153 2175 2154
f 2175 2153 2174
f 2148 2145 2146
f 2111 2110 2109
f 2110 2111 2112
f 2450 2456 2449
f 2465 2458 2459
f 2599 2596 2598
f 2480 2482 2481
f 2343 2321 2342
f 2606 2608 2607
f 2473 2470 2472
f 2598 2596 2597
f 2480 2481 2479
f 2597 2596 2595
f 2480 2479 2478
f 2189 2169 2190
f 2606 2607 2605
f 2472 2470 2471
f 2606 2605 2604
f 2471 2470 2469
f 2317 2318 2316
f 2317 2316 2315
f 2277 2278 2318
f 2279 2278 2277
f 2465 2462 2458
f 2465 2464 2462
f 2455 2456 2452
f 2452 2456 2450
f 2338 2313 2337
f 2338 2315 2313
f 2320 2279 2277
f 2150 2147 2148
f 2145 2148 2147
f 2147 2169 2145
f 2152 2109 2151
f 2109 2152 2111
f 2277 2318 2317
f 2149 2112 2111
f 2112 2149 2150
f 2147 2150 2149
f 2455 2452 2454
f 2462 2464 2463
f 2359 2338 2337
f 2359 2337 2358
f 2320 2277 2319
f 2341 2320 2319
f 2454 2452 2453
f 2462 2463 2461
f 2169 2147 2170
f 2170 2190 2169
f 2341 2319 2340
f 2151 2173 2152
f 2173 2151 2172
f 2462 2461 2460
f 2453 2452 2451
f 2339 2315 2338
f 2339 2317 2315
f 2319 2277 2317
f 2149 2170 2147
f 2319 2317 2339
f 2171 2111 2152
f 2111 2171 2149
f 2170 2149 2171
f 2190 2170 2191
f 2360 2338 2359
f 2360 2339 2338
f 2340 2319 2339
f 2171 2191 2170
f 2340 2339 2360
f 2152 2192 2171
f 2192 2152 2173
f 2191 2171 2192
f 2661 2662 2663
f 2662 2661 2660
f 2666 2665 2664
f 2665 2666 2667
f 2981 2979 2980
f 2980 2979 2978
f 2670 2669 2668
f 2657 2658 2659
f 2658 2657 2656
f 2669 2670 2671
f 2726 2729 2728
f 2727 2729 2726
f 2728 2731 2730
f 2729 2731 2728
f 2674 2673 2672
f 2654 2653 2652
f 2653 2654 2655
f 2917 2915 2916
f 2916 2915 2914
f 2901 2899 2900
f 2673 2674 2675
f 2731 2733 2730
f 2730 2733 2732
f 2724 2727 2726
f 2725 2727 2724
f 2900 2899 2898
f 2993 2992 2991
f 2991 2992 2990
f 2770 2773 2772
f 2771 2773 2770
f 2769 2771 2768
f 2768 2771 2770
f 2991 2990 2989
f 2989 2990 2988
f 2989 2988 2987
f 2987 2988 2986
f 2772 2775 2774
f 2773 2775 2772
f 2766 2769 2768
f 2767 2769 2766
f 2723 2725 2722
f 2722 2725 2724
f 2733 2735 2732
f 2732 2735 2734
f 2809 2811 2808
f 2808 2811 2810
f 2811 2813 2810
f 2810 2813 2812
f 2983 2986 2982
f 2987 2986 2983
f 2929 2928 2927
f 2913 2912 2911
f 2911 2912 2910
f 2927 2928 2926
f 2927 2926 2925
f 2911 2910 2909
f 2909 2910 2908
f 2806 2809 2808
f 2813 2815 2812
f 2812 2815 2814
f 2807 2809 2806
f 2764 2767 2766
f 2765 2767 2764
f 2775 2777 2774
f 2774 2777 2776
f 2649 2650 2651
f 2650 2649 2648
f 2678 2677 2676
f 2925 2926 2924
f 2925 2924 2923
f 2909 2908 2907
f 2907 2908 2906
f 2677 2678 2679
f 2923 2924 2922
f 2985 2983 2984
f 2984 2983 2982
f 2815 2817 2814
f 2923 2922 2919
f 2903 2906 2902
f 2804 2807 2806
f 2805 2807 2804
f 2907 2906 2903
f 2814 2817 2816
f 2919 2922 2918
f 2720 2723 2722
f 2721 2723 2720
f 2734 2737 2736
f 2735 2737 2734
f 2921 2919 2920
f 2920 2919 2918
f 2904 2903 2902
f 2905 2903 2904
f 2762 2765 2764
f 2763 2765 2762
f 2777 2779 2776
f 2776 2779 2778
f 2802 2805 2804
f 2803 2805 2802
f 2817 2819 2816
f 2816 2819 2818
f 2933 2931 2932
f 2932 2931 2930
f 2885 2883 2884
f 2646 2645 2644
f 2645 2646 2647
f 2682 2681 2680
f 2681 2682 2683
f 2884 2883 2882
f 2718 2721 2720
f 2719 2721 2718
f 2737 2739 2736
f 2736 2739 2738
f 2945 2944 2943
f 2895 2896 2894
f 2897 2896 2895
f 2943 2942 2941
f 2943 2944 2942
f 2893 2894 2892
f 2895 2894 2893
f 2941 2942 2940
f 2941 2940 2939
f 2891 2892 2890
f 2893 2892 2891
f 2760 2763 2762
f 2761 2763 2760
f 2779 2781 2778
f 2778 2781 2780
f 2939 2940 2938
f 2939 2938 2935
f 2891 2890 2887
f 2887 2890 2886
f 2800 2803 2802
f 2801 2803 2800
f 2819 2821 2818
f 2818 2821 2820
f 2937 2935 2936
f 2936 2935 2934
f 2935 2938 2934
f 2888 2887 2886
f 2889 2887 2888
f 2686 2685 2684
f 2685 2686 2687
f 2641 2642 2643
f 2642 2641 2640
f 2798 2801 2800
f 2799 2801 2798
f 2759 2761 2758
f 2758 2761 2760
f 2716 2719 2718
f 2717 2719 2716
f 2821 2823 2820
f 2820 2823 2822
f 2781 2783 2780
f 2780 2783 2782
f 2739 2741 2738
f 2738 2741 2740
f 2953 2951 2952
f 2872 2871 2870
f 2873 2871 2872
f 2952 2951 2950
f 2951 2954 2950
f 2955 2954 2951
f 2871 2874 2870
f 2957 2956 2955
f 2955 2956 2954
f 2875 2874 2871
f 2875 2876 2874
f 2823 2825 2822
f 2822 2825 2824
f 2797 2799 2796
f 2796 2799 2798
f 2957 2958 2956
f 2959 2958 2957
f 2877 2878 2876
f 2877 2876 2875
f 2959 2960 2958
f 2961 2960 2959
f 2879 2880 2878
f 2879 2878 2877
f 2948 2947 2946
f 2868 2867 2866
f 2869 2867 2868
f 2881 2880 2879
f 2783 2785 2782
f 2782 2785 2784
f 2754 2759 2758
f 2755 2759 2754
f 2949 2947 2948
f 2740 2743 2742
f 2741 2743 2740
f 2713 2717 2712
f 2712 2717 2716
f 2690 2689 2688
f 2689 2690 2691
f 2637 2638 2639
f 2638 2637 2636
f 2793 2797 2792
f 2792 2797 2796
f 2969 2967 2968
f 2857 2855 2856
f 2856 2855 2854
f 2968 2967 2966
f 2784 2787 2786
f 2785 2787 2784
f 2756 2755 2754
f 2757 2755 2756
f 2967 2970 2966
f 2971 2970 2967
f 2825 2827 2824
f 2824 2827 2826
f 2855 2858 2854
f 2859 2858 2855
f 2743 2745 2742
f 2742 2745 2744
f 2714 2713 2712
f 2715 2713 2714
f 2973 2972 2971
f 2971 2972 2970
f 2859 2860 2858
f 2841 2839 2840
f 2840 2839 2838
f 2831 2829 2830
f 2830 2829 2828
f 2794 2793 2792
f 2795 2793 2794
f 2861 2860 2859
f 2843 2842 2839
f 2839 2842 2838
f 2975 2974 2973
f 2973 2974 2972
f 2861 2862 2860
f 2693 2694 2695
f 2694 2693 2692
f 2633 2634 2635
f 2863 2862 2861
f 2975 2976 2974
f 2977 2976 2975
f 2863 2864 2862
f 2964 2963 2962
f 2865 2864 2863
f 2852 2851 2850
f 2853 2851 2852
f 2634 2633 2632
f 2786 2789 2788
f 2787 2789 2786
f 2753 2751 2752
f 2752 2751 2750
f 2828 2833 2832
f 2829 2833 2828
f 2832 2795 2794
f 2833 2795 2832
f 2965 2963 2964
f 2843 2844 2842
f 2845 2844 2843
f 2744 2747 2746
f 2745 2747 2744
f 2711 2709 2710
f 2710 2709 2708
f 2789 2791 2788
f 2788 2791 2790
f 2791 2753 2790
f 2790 2753 2752
f 2847 2846 2845
f 2845 2846 2844
f 2849 2848 2847
f 2847 2848 2846
f 2836 2835 2834
f 2837 2835 2836
f 2746 2749 2748
f 2747 2749 2746
f 2748 2711 2710
f 2749 2711 2748
f 2697 2698 2699
f 2698 2697 2696
f 2629 2630 2631
f 2630 2629 2628
f 2701 2702 2703
f 2702 2701 2700
f 2705 2706 2707
f 2706 2705 2704
f 3014 3013 3012
f 3011 3012 3013
f 3050 3053 3052
f 3053 3055 3052
f 3052 3055 3054
f 3012 3011 3010
f 3013 3014 3015
f 3048 3051 3050
f 3051 3053 3050
f 3055 3057 3054
f 3054 3057 3056
f 3016 3015 3014
f 3009 3010 3011
f 3010 3009 3008
f 3133 3135 3132
f 3132 3135 3134
f 3094 3093 3092
f 3091 3092 3093
f 3092 3091 3090
f 3130 3133 3132
f 3135 3137 3134
f 3134 3137 3136
f 3131 3133 3130
f 3096 3095 3094
f 3093 3094 3095
f 3089 3090 3091
f 3090 3089 3088
f 3128 3131 3130
f 3015 3016 3017
f 3049 3051 3048
f 3007 3008 3009
f 3008 3007 3006
f 3046 3049 3048
f 3056 3059 3058
f 3057 3059 3056
f 3018 3017 3016
f 3174 3173 3172
f 3172 3171 3170
f 3171 3172 3173
f 3212 3215 3214
f 3213 3215 3212
f 3210 3213 3212
f 3173 3174 3175
f 3176 3175 3174
f 3169 3170 3171
f 3170 3169 3168
f 3214 3217 3216
f 3215 3217 3214
f 3211 3213 3210
f 3208 3211 3210
f 3088 3087 3086
f 3126 3129 3128
f 3129 3131 3128
f 3087 3088 3089
f 3095 3096 3097
f 3098 3097 3096
f 3137 3139 3136
f 3136 3139 3138
f 3047 3049 3046
f 3017 3018 3019
f 3168 3167 3166
f 3206 3209 3208
f 3209 3211 3208
f 3167 3168 3169
f 3217 3219 3216
f 3216 3219 3218
f 3175 3176 3177
f 3178 3177 3176
f 3127 3129 3126
f 3097 3098 3099
f 3044 3047 3046
f 3005 3006 3007
f 3006 3005 3004
f 3058 3061 3060
f 3059 3061 3058
f 3020 3019 3018
f 3207 3209 3206
f 3177 3178 3179
f 3085 3086 3087
f 3086 3085 3084
f 3124 3127 3126
f 3138 3141 3140
f 3139 3141 3138
f 3100 3099 3098
f 3045 3047 3044
f 3019 3020 3021
f 3165 3166 3167
f 3166 3165 3164
f 3204 3207 3206
f 3180 3179 3178
f 3218 3221 3220
f 3219 3221 3218
f 3125 3127 3124
f 3099 3100 3101
f 3205 3207 3204
f 3179 3180 3181
f 3004 3003 3002
f 3042 3045 3044
f 3003 3004 3005
f 3060 3063 3062
f 3061 3063 3060
f 3022 3021 3020
f 3084 3083 3082
f 3083 3084 3085
f 3122 3125 3124
f 3141 3143 3140
f 3102 3101 3100
f 3140 3143 3142
f 3043 3045 3042
f 3021 3022 3023
f 3163 3164 3165
f 3164 3163 3162
f 3202 3205 3204
f 3220 3223 3222
f 3221 3223 3220
f 3182 3181 3180
f 3123 3125 3122
f 3101 3102 3103
f 3203 3205 3202
f 3181 3182 3183
f 3201 3203 3200
f 3161 3162 3163
f 3200 3203 3202
f 3120 3123 3122
f 3121 3123 3120
f 3081 3082 3083
f 3162 3161 3160
f 3040 3043 3042
f 3041 3043 3040
f 3001 3002 3003
f 3082 3081 3080
f 3183 3184 3185
f 3184 3183 3182
f 3223 3225 3222
f 3002 3001 3000
f 3143 3145 3142
f 3104 3103 3102
f 3103 3104 3105
f 3222 3225 3224
f 3024 3023 3022
f 3063 3065 3062
f 3023 3024 3025
f 3142 3145 3144
f 3062 3065 3064
f 3225 3227 3224
f 3186 3185 3184
f 3185 3186 3187
f 3159 3160 3161
f 3198 3201 3200
f 3199 3201 3198
f 3106 3105 3104
f 3105 3106 3107
f 3145 3147 3144
f 3079 3080 3081
f 3118 3121 3120
f 3119 3121 3118
f 3224 3227 3226
f 3160 3159 3158
f 3026 3025 3024
f 3025 3026 3027
f 3065 3067 3064
f 3039 3041 3038
f 3038 3041 3040
f 2999 3000 3001
f 3144 3147 3146
f 3080 3079 3078
f 3064 3067 3066
f 3000 2999 2998
f 3187 3188 3189
f 3227 3229 3226
f 3188 3187 3186
f 3157 3158 3159
f 3194 3199 3198
f 3195 3199 3194
f 3107 3108 3109
f 3108 3107 3106
f 3147 3149 3146
f 3115 3119 3114
f 3114 3119 3118
f 3077 3078 3079
f 3226 3229 3228
f 3158 3157 3156
f 3067 3069 3066
f 3027 3028 3029
f 3028 3027 3026
f 3034 3039 3038
f 3035 3039 3034
f 2997 2998 2999
f 3146 3149 3148
f 3078 3077 3076
f 3229 3231 3228
f 3189 3190 3191
f 3190 3189 3188
f 3155 3156 3157
f 3197 3195 3196
f 3196 3195 3194
f 3066 3069 3068
f 2998 2997 2996
f 3109 3110 3111
f 3149 3151 3148
f 3110 3109 3108
f 3075 3076 3077
f 3116 3115 3114
f 3117 3115 3116
f 3231 3233 3230
f 3192 3191 3190
f 3191 3192 3193
f 3228 3231 3230
f 3233 3197 3232
f 3232 3197 3196
f 3193 3154 3155
f 3156 3155 3154
f 3230 3233 3232
f 3154 3193 3192
f 3069 3071 3068
f 3030 3029 3028
f 3029 3030 3031
f 2995 2996 2997
f 3036 3035 3034
f 3037 3035 3036
f 3151 3153 3150
f 3148 3151 3150
f 3111 3112 3113
f 3112 3111 3110
f 3152 3117 3116
f 3153 3117 3152
f 3113 3074 3075
f 3076 3075 3074
f 3074 3113 3112
f 3150 3153 3152
f 3068 3071 3070
f 2996 2995 2994
f 3031 3032 3033
f 3032 3031 3030
f 3071 3073 3070
f 3033 2994 2995
f 3072 3037 3036
f 3073 3037 3072
f 2994 3033 3032
f 3070 3073 3072
f 3272 3271 3270
f 3250 3248 3249
f 3249 3248 3247
f 3490 3489 3488
f 3489 3490 3491
f 3257 3258 3256
f 3257 3256 3255
f 3500 3499 3498
f 3497 3496 3495
f 3338 3336 3337
f 3341 3340 3339
f 3342 3340 3341
f 3345 3344 3343
f 3337 3336 3335
f 3269 3267 3268
f 3268 3267 3266
f 3512 3511 3510
f 3530 3529 3511
f 3511 3529 3237
f 3239 3238 3237
f 3540 3539 3538
f 3346 3344 3345
f 3524 3523 3522
f 3520 3519 3518
f 3518 3519 3576
f 3349 3348 3347
f 3247 3464 3249
f 3465 3464 3247
f 3439 3438 3437
f 3365 3364 3363
f 3439 3440 3438
f 3442 3440 3439
f 3503 3502 3501
f 3333 3332 3331
f 3242 3243 3241
f 3244 3243 3242
f 3244 3246 3243
f 3494 3493 3492
f 3236 3235 3234
f 3527 3526 3525
f 3562 3558 3561
f 3559 3558 3557
f 3560 3558 3559
f 3568 3557 3567
f 3565 3567 3557
f 3527 3528 3526
f 3559 3557 3568
f 3510 3516 3514
f 3512 3510 3514
f 3350 3348 3349
f 3333 3334 3332
f 3579 3578 3577
f 3582 3581 3580
f 3519 3520 3521
f 3541 3556 3555
f 3542 3556 3541
f 3543 3542 3541
f 3544 3542 3543
f 3546 3544 3543
f 3546 3543 3545
f 3561 3558 3560
f 3246 3244 3245
f 3289 3288 3287
f 3467 3464 3465
f 3464 3467 3466
f 3556 3554 3555
f 3555 3554 3553
f 3554 3551 3553
f 3571 3570 3569
f 3567 3565 3566
f 3554 3552 3551
f 3547 3546 3545
f 3563 3562 3561
f 3548 3546 3547
f 3537 3512 3370
f 3513 3370 3512
f 3513 3512 3515
f 3512 3514 3515
f 3550 3548 3547
f 3564 3562 3563
f 3552 3550 3551
f 3566 3565 3564
f 3550 3547 3549
f 3533 3532 3531
f 3551 3550 3549
f 3565 3562 3564
f 3574 3573 3572
f 3535 3575 3536
f 3281 3279 3280
f 3280 3279 3278
f 3442 3439 3441
f 3308 3309 3307
f 3311 3308 3310
f 3311 3312 3308
f 3308 3307 3306
f 3303 3301 3302
f 3302 3301 3300
f 3296 3294 3295
f 3295 3294 3293
f 3353 3352 3351
f 3352 3353 3354
f 3357 3356 3355
f 3358 3356 3357
f 3452 3451 3449
f 3449 3451 3450
f 3306 3305 3304
f 3315 3314 3313
f 3449 3448 3447
f 3449 3450 3448
f 3513 3515 3517
f 3362 3360 3361
f 3380 3379 3378
f 3379 3380 3381
f 3316 3314 3315
f 3361 3360 3359
f 3306 3307 3305
f 3535 3534 3239
f 3536 3534 3535
f 3487 3486 3485
f 3480 3479 3478
f 3483 3482 3481
f 3455 3454 3452
f 3275 3274 3273
f 3275 3276 3274
f 3277 3276 3275
f 3473 3472 3471
f 3284 3283 3282
f 3285 3283 3284
f 3484 3285 3284
f 3286 3283 3285
f 3452 3453 3451
f 3470 3469 3468
f 3242 3241 3240
f 3475 3476 3477
f 3452 3454 3453
f 3476 3475 3474
f 3384 3383 3382
f 3368 3367 3366
f 3458 3457 3456
f 3459 3457 3458
f 3421 3420 3419
f 3299 3298 3297
f 3319 3318 3317
f 3374 3373 3372
f 3424 3423 3422
f 3513 3369 3370
f 3402 3401 3400
f 3405 3404 3403
f 3320 3318 3319
f 3399 3398 3397
f 3377 3376 3375
f 3371 3370 3369
f 3430 3429 3428
f 3329 3330 3328
f 3329 3328 3327
f 3509 3508 3507
f 3427 3426 3425
f 3323 3322 3321
f 3261 3262 3260
f 3253 3252 3251
f 3253 3254 3252
f 3261 3260 3259
f 3387 3386 3385
f 3408 3407 3406
f 3408 3409 3407
f 3292 3291 3290
f 3461 3462 3463
f 3462 3461 3460
f 3445 3444 3443
f 3446 3444 3445
f 3265 3264 3263
f 3418 3417 3416
f 3506 3505 3504
f 3326 3325 3324
f 3436 3435 3434
f 3433 3432 3431
f 3396 3395 3394
f 3395 3396 3325
f 3412 3411 3410
f 3415 3414 3413
f 3390 3389 3388
f 3392 3390 3391
f 3393 3390 3392
f 3393 3389 3390
f 3892 3890 3891
f 3891 3890 3889
f 3920 3919 3918
f 3916 3915 3914
f 3888 3886 3887
f 3887 3886 3885
f 3884 3882 3883
f 3883 3882 3881
f 3917 3915 3916
f 3913 3912 3911
f 3853 3852 3851
f 3857 3855 3856
f 3856 3855 3854
f 3860 3859 3858
f 3924 3922 3923
f 3923 3922 3921
f 3928 3926 3927
f 3927 3926 3925
f 3909 3908 3907
f 3910 3908 3909
f 3849 3848 3847
f 3850 3848 3849
f 3880 3878 3879
f 3895 3894 3893
f 3863 3862 3861
f 3864 3862 3863
f 3896 3894 3895
f 3879 3878 3877
f 3836 3834 3835
f 3835 3834 3833
f 4072 4114 4112
f 4072 4112 4071
f 4079 4076 4078
f 4079 4077 4076
f 4077 4075 4076
f 4076 4075 4074
f 3979 3978 3977
f 4003 4002 4001
f 4004 4002 4003
f 4007 4006 4005
f 4008 4006 4007
f 3955 3954 3953
f 3956 3954 3955
f 3959 3958 3957
f 3932 3930 3931
f 3960 3958 3959
f 3963 3962 3961
f 3963 3964 3962
f 3931 3930 3929
f 3965 3964 3963
f 4090 4077 4079
f 4090 4089 4077
f 4089 4088 4077
f 4077 4088 4075
f 4074 4087 4086
f 4075 4087 4074
f 4073 4072 4071
f 3971 3970 3969
f 3972 3970 3971
f 3973 3970 3972
f 3974 3970 3973
f 3975 3970 3974
f 3980 3978 3979
f 3976 3970 3975
f 4089 4095 4088
f 4096 4095 4089
f 4097 4096 4089
f 4088 4094 4075
f 4097 4089 4090
f 4075 4094 4087
f 4095 4101 4088
f 4088 4101 4094
f 4072 4113 4114
f 4080 4079 4078
f 4105 4103 4104
f 4081 4090 4079
f 4104 4103 4102
f 4081 4079 4080
f 4102 4103 4109
f 4091 4097 4090
f 4091 4090 4081
f 3638 3637 3636
f 3605 3603 3604
f 3589 3588 3587
f 3612 3611 3610
f 3604 3603 3602
f 3613 3611 3612
f 4098 4097 4091
f 4106 4103 4105
f 3633 3634 3635
f 3634 3633 3632
f 3592 3591 3590
f 3593 3591 3592
f 3596 3595 3594
f 4072 4110 4113
f 4087 4085 4084
f 4087 4084 4086
f 4073 4111 4072
f 4111 4110 4072
f 4094 4085 4087
f 4094 4093 4085
f 4101 4093 4094
f 4101 4100 4093
f 4108 4103 4107
f 4107 4103 4106
f 4109 4103 4108
f 3615 3614 3595
f 3597 3595 3596
f 3627 3626 3625
f 3628 3626 3627
f 3624 3622 3623
f 3616 3614 3615
f 3586 3584 3585
f 3585 3584 3583
f 3623 3622 3621
f 4092 4098 4091
f 4099 4098 4092
f 3952 3950 3951
f 4000 3998 3999
f 3999 3998 3997
f 3935 3934 3933
f 3936 3934 3935
f 3966 3964 3965
f 3951 3950 3949
f 3983 3982 3981
f 3984 3982 3983
f 4083 4091 4081
f 4092 4091 4083
f 4100 4099 4092
f 4100 4092 4093
f 4082 4081 4080
f 4083 4081 4082
f 3607 3608 3609
f 3608 3607 3606
f 3619 3620 3618
f 3619 3618 3617
f 3596 3639 3597
f 3631 3630 3629
f 4093 4092 4083
f 4093 4083 4085
f 3601 3599 3600
f 3600 3599 3598
f 4085 4082 4084
f 4085 4083 4082
f 3670 3668 3669
f 3646 3645 3644
f 3661 3660 3659
f 3662 3660 3661
f 3669 3668 3667
f 3652 3693 3651
f 3690 3691 3692
f 3691 3690 3689
f 3653 3652 3651
f 3650 3648 3649
f 3649 3648 3647
f 3654 3652 3653
f 3672 3671 3652
f 3685 3683 3684
f 3684 3683 3682
f 3673 3671 3672
f 3681 3679 3680
f 3643 3641 3642
f 3642 3641 3640
f 3680 3679 3678
f 3987 3986 3985
f 3988 3986 3987
f 3996 3994 3995
f 3967 3964 3966
f 3948 3946 3947
f 3968 3964 3967
f 3939 3938 3937
f 3940 3938 3939
f 3947 3946 3945
f 3995 3994 3993
f 3665 3664 3663
f 3664 3665 3666
f 3653 3694 3654
f 3676 3677 3675
f 3676 3675 3674
f 3688 3687 3686
f 3657 3656 3655
f 3658 3656 3657
f 3992 3990 3991
f 3991 3990 3989
f 3943 3942 3941
f 3944 3942 3943
f 3906 3905 3904
f 3876 3874 3875
f 3875 3874 3873
f 3846 3845 3844
f 3899 3898 3897
f 3903 3901 3902
f 3902 3901 3900
f 3839 3838 3837
f 3843 3841 3842
f 3842 3841 3840
f 3867 3866 3865
f 3868 3866 3867
f 4010 4021 4009
f 4009 4021 4013
f 4017 4021 4019
f 4116 4127 4115
f 4115 4127 4119
f 4015 4021 4017
f 4121 4127 4123
f 4123 4127 4125
f 4013 4021 4015
f 4119 4127 4121
f 4123 4122 4121
f 4121 4120 4119
f 4016 4014 4015
f 4122 4120 4121
f 4015 4014 4013
f 4017 4016 4015
f 4011 4012 4010
f 4117 4118 4116
f 4117 4116 4115
f 4119 4117 4115
f 4120 4117 4119
f 4018 4016 4017
f 4126 4124 4123
f 4020 4017 4019
f 4126 4123 4125
f 4124 4122 4123
f 4020 4018 4017
f 4014 4011 4013
f 4013 4011 4009
f 4011 4010 4009
f 3872 3870 3871
f 3871 3870 3869
f 3715 3714 3713
f 3718 3717 3716
f 3719 3717 3718
f 3749 3748 3747
f 3750 3748 3749
f 3745 3744 3743
f 3746 3744 3745
f 3775 3774 3773
f 3778 3777 3776
f 3782 3781 3780
f 3779 3777 3778
f 3753 3752 3751
f 3754 3752 3753
f 3722 3721 3720
f 4014 4022 4011
f 4011 4022 4012
f 4016 4022 4014
f 4018 4022 4016
f 4020 4022 4018
f 4122 4128 4120
f 4124 4128 4122
f 4117 4128 4118
f 4120 4128 4117
f 4126 4128 4124
f 3793 3792 3791
f 3698 3696 3697
f 3697 3696 3695
f 3772 3770 3771
f 3771 3770 3769
f 3785 3784 3783
f 3712 3710 3711
f 3711 3710 3709
f 3757 3756 3755
f 3758 3756 3757
f 3801 3800 3799
f 3802 3800 3801
f 3786 3784 3785
f 3726 3724 3725
f 3725 3724 3723
f 3741 3740 3739
f 3805 3804 3803
f 3806 3804 3805
f 3742 3740 3741
f 3789 3788 3787
f 3790 3788 3789
f 3794 3792 3793
f 4144 4142 4143
f 4143 4142 4141
f 4140 4138 4139
f 4139 4138 4137
f 4144 4150 4142
f 4151 4150 4144
f 4133 4152 4135
f 4135 4134 4133
f 4136 4134 4135
f 4131 4130 4129
f 4132 4130 4131
f 4132 4149 4130
f 4148 4153 4146
f 4154 4153 4148
f 4147 4146 4145
f 4148 4146 4147
f 3811 3830 3813
f 3813 3812 3811
f 3814 3812 3813
f 3809 3808 3807
f 3829 3828 3822
f 3822 3828 3820
f 3822 3820 3821
f 3821 3820 3819
f 3818 3816 3817
f 3817 3816 3815
f 3810 3827 3808
f 3810 3808 3809
f 3826 3831 3824
f 3832 3831 3826
f 3825 3824 3823
f 3826 3824 3825
f 4029 4027 4028
f 4031 4029 4028
f 4031 4028 4030
f 4024 4070 4068
f 4024 4068 4023
f 4028 4027 4026
f 4045 4042 4044
f 4045 4043 4042
f 4043 4041 4042
f 4042 4041 4040
f 4025 4024 4023
f 4026 4039 4038
f 4027 4039 4026
f 4041 4049 4040
f 4040 4049 4039
f 4053 4052 4043
f 4052 4051 4043
f 4043 4051 4050
f 4053 4043 4045
f 4051 4057 4050
f 4050 4057 4049
f 4165 4164 4163
f 4166 4164 4165
f 4159 4178 4161
f 4161 4160 4159
f 4162 4160 4161
f 4177 4176 4170
f 4170 4176 4168
f 4170 4168 4169
f 4169 4168 4167
f 4157 4156 4155
f 4158 4175 4156
f 4158 4156 4157
f 4024 4069 4070
f 4032 4031 4030
f 4033 4045 4044
f 4061 4059 4060
f 4033 4031 4032
f 4060 4059 4058
f 4058 4059 4065
f 4046 4053 4045
f 4046 4045 4033
f 4054 4053 4046
f 4062 4059 4061
f 4174 4179 4172
f 4180 4179 4174
f 4057 4056 4048
f 4039 4036 4038
f 4039 4037 4036
f 4049 4037 4039
f 4049 4048 4037
f 4024 4066 4069
f 4065 4059 4064
f 4064 4059 4063
f 4063 4059 4062
f 4025 4067 4024
f 4067 4066 4024
f 4057 4048 4049
f 4047 4054 4046
f 4055 4054 4047
f 4056 4055 4047
f 4035 4046 4033
f 4047 4046 4035
f 4056 4047 4048
f 4173 4172 4171
f 4174 4172 4173
f 4035 4033 4034
f 4034 4033 4032
f 4048 4047 4035
f 4048 4035 4037
f 4037 4035 4034
f 4037 4034 4036
f 3798 3796 3797
f 3797 3796 3795
f 3768 3767 3766
f 3704 3703 3702
f 3705 3703 3704
f 3730 3728 3729
f 3729 3728 3727
f 3738 3736 3737
f 3737 3736 3735
f 3701 3700 3699
f 3764 3763 3762
f 3765 3763 3764
f 3761 3760 3759
f 3708 3707 3706
f 3734 3732 3733
f 3733 3732 3731
f 4187 4186 4185
f 4186 4182 4185
f 4186 4187 4188
f 4187 4190 4188
f 4189 4190 4187
f 4201 4186 4203
f 4201 4181 4186
f 4203 4186 4188
f 4186 4181 4182
f 4184 4182 4183
f 4183 4182 4181
f 4203 4202 4201
f 4200 4181 4201
f 4201 4198 4200
f 4202 4198 4201
f 4200 4183 4181
f 4224 4212 4213
f 4212 4224 4226
f 4215 4226 4224
f 4204 4215 4224
f 4204 4224 4202
f 4202 4224 4198
f 4198 4224 4213
f 4203 4204 4202
f 4207 4204 4203
f 4203 4190 4207
f 4203 4188 4190
f 4200 4198 4199
f 4199 4198 4197
f 4198 4211 4197
f 4211 4198 4213
f 4215 4204 4205
f 4205 4204 4207
f 4213 4212 4211
f 4199 4183 4200
f 4216 4215 4214
f 4216 4217 4219
f 4217 4216 4214
f 4215 4205 4214
f 4220 4208 4225
f 4218 4208 4220
f 4220 4219 4218
f 4219 4217 4218
f 4222 4195 4193
f 4195 4222 4221
f 4191 4190 4189
f 4225 4209 4223
f 4225 4208 4209
f 4214 4205 4206
f 4207 4206 4205
f 4218 4217 4214
f 4223 4209 4221
f 4192 4207 4190
f 4210 4206 4207
f 4210 4207 4192
f 4218 4214 4206
f 4208 4218 4206
f 4221 4209 4195
f 4191 4192 4190
f 4206 4209 4208
f 4210 4209 4206
f 4209 4196 4195
f 4210 4196 4209
f 4210 4192 4196
f 4194 4195 4196
f 4195 4194 4193
f 4194 4192 4191
f 4194 4196 4192
f 4260 4228 4227
f 4227 4259 4260
f 4292 4260 4259
f 4259 4291 4292
f 4324 4292 4291
f 4291 4323 4324
f 4356 4324 4323
f 4323 4355 4356
f 4388 4356 4355
f 4355 4387 4388
f 4420 4388 4387
f 4387 4419 4420
f 4452 4420 4419
f 4419 4451 4452
f 4484 4452 4451
f 4451 4483 4484
f 4516 4484 4483
f 4483 4515 4516
f 4548 4516 4515
f 4515 4547 4548
f 4580 4548 4547
f 4547 4579 4580
f 4612 4580 4579
f 4579 4611 4612
f 4644 4612 4611
f 4611 4643 4644
f 4676 4644 4643
f 4643 4675 4676
f 4708 4676 4675
f 4675 4707 4708
f 4740 4708 4707
f 4707 4739 4740
f 4772 4740 4739
f 4739 4771 4772
f 4804 4772 4771
f 4771 4803 4804
f 4836 4804 4803
f 4803 4835 4836
f 4868 4836 4835
f 4835 4867 4868
f 4900 4868 4867
f 4867 4899 4900
f 4932 4900 4899
f 4899 4931 4932
f 4964 4932 4931
f 4931 4963 4964
f 4996 4964 4963
f 4963 4995 4996
f 5028 4996 4995
f 4995 5027 5028
f 5060 5028 5027
f 5027 5059 5060
f 5092 5060 5059
f 5059 5091 5092
f 5124 5092 5091
f 5091 5123 5124
f 5156 5124 5123
f 5123 5155 5156
f 5188 5156 5155
f 5155 5187 5188
f 5220 5188 5187
f 5187 5219 5220
f 4261 4229 4228
f 4228 4260 4261
f 4293 4261 4260
f 4260 4292 4293
f 4325 4293 4292
f 4292 4324 4325
f 4357 4325 4324
f 4324 4356 4357
f 4389 4357 4356
f 4356 4388 4389
f 4421 4389 4388
f 4388 4420 4421
f 4453 4421 4420
f 4420 4452 4453
f 4485 4453 4452
f 4452 4484 4485
f 4517 4485 4484
f 4484 4516 4517
f 4549 4517 4516
f 4516 4548 4549
f 4581 4549 4548
f 4548 4580 4581
f 4613 4581 4580
f 4580 4612 4613
f 4645 4613 4612
f 4612 4644 4645
f 4677 4645 4644
f 4644 4676 4677
f 4709 4677 4676
f 4676 4708 4709
f 4741 4709 4708
f 4708 4740 4741
f 4773 4741 4740
f 4740 4772 4773
f 4805 4773 4772
f 4772 4804 4805
f 4837 4805 4804
f 4804 4836 4837
f 4869 4837 4836
f 4836 4868 4869
f 4901 4869 4868
f 4868 4900 4901
f 4933 4901 4900
f 4900 4932 4933
f 4965 4933 4932
f 4932 4964 4965
f 4997 4965 4964
f 4964 4996 4997
f 5029 4997 4996
f 4996 5028 5029
f 5061 5029 5028
f 5028 5060 5061
f 5093 5061 5060
f 5060 5092 5093
f 5125 5093 5092
f 5092 5124 5125
f 5157 5125 5124
f 5124 5156 5157
f 5189 5157 5156
f 5156 5188 5189
f 5221 5189 5188
f 5188 5220 5221
f 4262 4230 4229
f 4229 4261 4262
f 4294 4262 4261
f 4261 4293 4294
f 4326 4294 4293
f 4293 4325 4326
f 4358 4326 4325
f 4325 4357 4358
f 4390 4358 4357
f 4357 4389 4390
f 4422 4390 4389
f 4389 4421 4422
f 4454 4422 4421
f 4421 4453 4454
f 4486 4454 4453
f 4453 4485 4486
f 4518 4486 4485
f 4485 4517 4518
f 4550 4518 4517
f 4517 4549 4550
f 4582 4550 4549
f 4549 4581 4582
f 4614 4582 4581
f 4581 4613 4614
f 4646 4614 4613
f 4613 4645 4646
f 4678 4646 4645
f 4645 4677 4678
f 4710 4678 4677
f 4677 4709 4710
f 4742 4710 4709
f 4709 4741 4742
f 4774 4742 4741
f 4741 4773 4774
f 4806 4774 4773
f 4773 4805 4806
f 4838 4806 4805
f 4805 4837 4838
f 4870 4838 4837
f 4837 4869 4870
f 4902 4870 4869
f 4869 4901 4902
f 4934 4902 4901
f 4901 4933 4934
f 4966 4934 4933
f 4933 4965 4966
f 4998 4966 4965
f 4965 4997 4998
f 5030 4998 4997
f 4997 5029 5030
f 5062 5030 5029
f 5029 5061 5062
f 5094 5062 5061
f 5061 5093 5094
f 5126 5094 5093
f 5093 5125 5126
f 5158 5126 5125
f 5125 5157 5158
f 5190 5158 5157
f 5157 5189 5190
f 5222 5190 5189
f 5189 5221 5222
f 4263 4231 4230
f 4230 4262 4263
f 4295 4263 4262
f 4262 4294 4295
f 4327 4295 4294
f 4294 4326 4327
f 4359 4327 4326
f 4326 4358 4359
f 4391 4359 4358
f 4358 4390 4391
f 4423 4391 4390
f 4390 4422 4423
f 4455 4423 4422
f 4422 4454 4455
f 4487 4455 4454
f 4454 4486 4487
f 4519 4487 4486
f 4486 4518 4519
f 4551 4519 4518
f 4518 4550 4551
f 4583 4551 4550
f 4550 4582 4583
f 4615 4583 4582
f 4582 4614 4615
f 4647 4615 4614
f 4614 4646 4647
f 4679 4647 4646
f 4646 4678 4679
f 4711 4679 4678
f 4678 4710 4711
f 4743 4711 4710
f 4710 4742 4743
f 4775 4743 4742
f 4742 4774 4775
f 4807 4775 4774
f 4774 4806 4807
f 4839 4807 4806
f 4806 4838 4839
f 4871 4839 4838
f 4838 4870 4871
f 4903 4871 4870
f 4870 4902 4903
f 4935 4903 4902
f 4902 4934 4935
f 4967 4935 4934
f 4934 4966 4967
f 4999 4967 4966
f 4966 4998 4999
f 5031 4999 4998
f 4998 5030 5031
f 5063 5031 5030
f 5030 5062 5063
f 5095 5063 5062
f 5062 5094 5095
f 5127 5095 5094
f 5094 5126 5127
f 5159 5127 5126
f 5126 5158 5159
f 5191 5159 5158
f 5158 5190 5191
f 5223 5191 5190
f 5190 5222 5223
f 4264 4232 4231
f 4231 4263 4264
f 4296 4264 4263
f 4263 4295 4296
f 4328 4296 4295
f 4295 4327 4328
f 4360 4328 4327
f 4327 4359 4360
f 4392 4360 4359
f 4359 4391 4392
f 4424 4392 4391
f 4391 4423 4424
f 4456 4424 4423
f 4423 4455 4456
f 4488 4456 4455
f 4455 4487 4488
f 4520 4488 4487
f 4487 4519 4520
f 4552 4520 4519
f 4519 4551 4552
f 4584 4552 4551
f 4551 4583 4584
f 4616 4584 4583
f 4583 4615 4616
f 4648 4616 4615
f 4615 4647 4648
f 4680 4648 4647
f 4647 4679 4680
f 4712 4680 4679
f 4679 4711 4712
f 4744 4712 4711
f 4711 4743 4744
f 4776 4744 4743
f 4743 4775 4776
f 4808 4776 4775
f 4775 4807 4808
f 4840 4808 4807
f 4807 4839 4840
f 4872 4840 4839
f 4839 4871 4872
f 4904 4872 4871
f 4871 4903 4904
f 4936 4904 4903
f 4903 4935 4936
f 4968 4936 4935
f 4935 4967 4968
f 5000 4968 4967
f 4967 4999 5000
f 5032 5000 4999
f 4999 5031 5032
f 5064 5032 5031
f 5031 5063 5064
f 5096 5064 5063
f 5063 5095 5096
f 5128 5096 5095
f 5095 5127 5128
f 5160 5128 5127
f 5127 5159 5160
f 5192 5160 5159
f 5159 5191 5192
f 5224 5192 5191
f 5191 5223 5224
f 4265 4233 4232
f 4232 4264 4265
f 4297 4265 4264
f 4264 4296 4297
f 4329 4297 4296
f 4296 4328 4329
f 4361 4329 4328
f 4328 4360 4361
f 4393 4361 4360
f 4360 4392 4393
f 4425 4393 4392
f 4392 4424 4425
f 4457 4425 4424
f 4424 4456 4457
f 4489 4457 4456
f 4456 4488 4489
f 4521 4489 4488
f 4488 4520 4521
f 4553 4521 4520
f 4520 4552 4553
f 4585 4553 4552
f 4552 4584 4585
f 4617 4585 4584
f 4584 4616 4617
f 4649 4617 4616
f 4616 4648 4649
f 4681 4649 4648
f 4648 4680 4681
f 4713 4681 4680
f 4680 4712 4713
f 4745 4713 4712
f 4712 4744 4745
f 4777 4745 4744
f 4744 4776 4777
f 4809 4777 4776
f 4776 4808 4809
f 4841 4809 4808
f 4808 4840 4841
f 4873 4841 4840
f 4840 4872 4873
f 4905 4873 4872
f 4872 4904 4905
f 4937 4905 4904
f 4904 4936 4937
f 4969 4937 4936
f 4936 4968 4969
f 5001 4969 4968
f 4968 5000 5001
f 5033 5001 5000
f 5000 5032 5033
f 5065 5033 5032
f 5032 5064 5065
f 5097 5065 5064
f 5064 5096 5097
f 5129 5097 5096
f 5096 5128 5129
f 5161 5129 5128
f 5128 5160 5161
f 5193 5161 5160
f 5160 5192 5193
f 5225 5193 5192
f 5192 5224 5225
f 4266 4234 4233
f 4233 4265 4266
f 4298 4266 4265
f 4265 4297 4298
f 4330 4298 4297
f 4297 4329 4330
f 4362 4330 4329
f 4329 4361 4362
f 4394 4362 4361
f 4361 4393 4394
f 4426 4394 4393
f 4393 4425 4426
f 4458 4426 4425
f 4425 4457 4458
f 4490 4458 4457
f 4457 4489 4490
f 4522 4490 4489
f 4489 4521 4522
f 4554 4522 4521
f 4521 4553 4554
f 4586 4554 4553
f 4553 4585 4586
f 4618 4586 4585
f 4585 4617 4618
f 4650 4618 4617
f 4617 4649 4650
f 4682 4650 4649
f 4649 4681 4682
f 4714 4682 4681
f 4681 4713 4714
f 4746 4714 4713
f 4713 4745 4746
f 4778 4746 4745
f 4745 4777 4778
f 4810 4778 4777
f 4777 4809 4810
f 4842 4810 4809
f 4809 4841 4842
f 4874 4842 4841
f 4841 4873 4874
f 4906 4874 4873
f 4873 4905 4906
f 4938 4906 4905
f 4905 4937 4938
f 4970 4938 4937
f 4937 4969 4970
f 5002 4970 4969
f 4969 5001 5002
f 5034 5002 5001
f 5001 5033 5034
f 5066 5034 5033
f 5033 5065 5066
f 5098 5066 5065
f 5065 5097 5098
f 5130 5098 5097
f 5097 5129 5130
f 5162 5130 5129
f 5129 5161 5162
f 5194 5162 5161
f 5161 5193 5194
f 5226 5194 5193
f 5193 5225 5226
f 4267 4235 4234
f 4234 4266 4267
f 4299 4267 4266
f 4266 4298 4299
f 4331 4299 4298
f 4298 4330 4331
f 4363 4331 4330
f 4330 4362 4363
f 4395 4363 4362
f 4362 4394 4395
f 4427 4395 4394
f 4394 4426 4427
f 4459 4427 4426
f 4426 4458 4459
f 4491 4459 4458
f 4458 4490 4491
f 4523 4491 4490
f 4490 4522 4523
f 4555 4523 4522
f 4522 4554 4555
f 4587 4555 4554
f 4554 4586 4587
f 4619 4587 4586
f 4586 4618 4619
f 4651 4619 4618
f 4618 4650 4651
f 4683 4651 4650
f 4650 4682 4683
f 4715 4683 4682
f 4682 4714 4715
f 4747 4715 4714
f 4714 4746 4747
f 4779 4747 4746
f 4746 4778 4779
f 4811 4779 4778
f 4778 4810 4811
f 4843 4811 4810
f 4810 4842 4843
f 4875 4843 4842
f 4842 4874 4875
f 4907 4875 4874
f 4874 4906 4907
f 4939 4907 4906
f 4906 4938 4939
f 4971 4939 4938
f 4938 4970 4971
f 5003 4971 4970
f 4970 5002 5003
f 5035 5003 5002
f 5002 5034 5035
f 5067 5035 5034
f 5034 5066 5067
f 5099 5067 5066
f 5066 5098 5099
f 5131 5099 5098
f 5098 5130 5131
f 5163 5131 5130
f 5130 5162 5163
f 5195 5163 5162
f 5162 5194 5195
f 5227 5195 5194
f 5194 5226 5227
f 4268 4236 4235
f 4235 4267 4268
f 4300 4268 4267
f 4267 4299 4300
f 4332 4300 4299
f 4299 4331 4332
f 4364 4332 4331
f 4331 4363 4364
f 4396 4364 4363
f 4363 4395 4396
f 4428 4396 4395
f 4395 4427 4428
f 4460 4428 4427
f 4427 4459 4460
f 4492 4460 4459
f 4459 4491 4492
f 4524 4492 4491
f 4491 4523 4524
f 4556 4524 4523
f 4523 4555 4556
f 4588 4556 4555
f 4555 4587 4588
f 4620 4588 4587
f 4587 4619 4620
f 4652 4620 4619
f 4619 4651 4652
f 4684 4652 4651
f 4651 4683 4684
f 4716 4684 4683
f 4683 4715 4716
f 4748 4716 4715
f 4715 4747 4748
f 4780 4748 4747
f 4747 4779 4780
f 4812 4780 4779
f 4779 4811 4812
f 4844 4812 4811
f 4811 4843 4844
f 4876 4844 4843
f 4843 4875 4876
f 4908 4876 4875
f 4875 4907 4908
f 4940 4908 4907
f 4907 4939 4940
f 4972 4940 4939
f 4939 4971 4972
f 5004 4972 4971
f 4971 5003 5004
f 5036 5004 5003
f 5003 5035 5036
f 5068 5036 5035
f 5035 5067 5068
f 5100 5068 5067
f 5067 5099 5100
f 5132 5100 5099
f 5099 5131 5132
f 5164 5132 5131
f 5131 5163 5164
f 5196 5164 5163
f 5163 5195 5196
f 5228 5196 5195
f 5195 5227 5228
f 4269 4237 4236
f 4236 4268 4269
f 4301 4269 4268
f 4268 4300 4301
f 4333 4301 4300
f 4300 4332 4333
f 4365 4333 4332
f 4332 4364 4365
f 4397 4365 4364
f 4364 4396 4397
f 4429 4397 4396
f 4396 4428 4429
f 4461 4429 4428
f 4428 4460 4461
f 4493 4461 4460
f 4460 4492 4493
f 4525 4493 4492
f 4492 4524 4525
f 4557 4525 4524
f 4524 4556 4557
f 4589 4557 4556
f 4556 4588 4589
f 4621 4589 4588
f 4588 4620 4621
f 4653 4621 4620
f 4620 4652 4653
f 4685 4653 4652
f 4652 4684 4685
f 4717 4685 4684
f 4684 4716 4717
f 4749 4717 4716
f 4716 4748 4749
f 4781 4749 4748
f 4748 4780 4781
f 4813 4781 4780
f 4780 4812 4813
f 4845 4813 4812
f 4812 4844 4845
f 4877 4845 4844
f 4844 4876 4877
f 4909 4877 4876
f 4876 4908 4909
f 4941 4909 4908
f 4908 4940 4941
f 4973 4941 4940
f 4940 4972 4973
f 5005 4973 4972
f 4972 5004 5005
f 5037 5005 5004
f 5004 5036 5037
f 5069 5037 5036
f 5036 5068 5069
f 5101 5069 5068
f 5068 5100 5101
f 5133 5101 5100
f 5100 5132 5133
f 5165 5133 5132
f 5132 5164 5165
f 5197 5165 5164
f 5164 5196 5197
f 5229 5197 5196
f 5196 5228 5229
f 4270 4238 4237
f 4237 4269 4270
f 4302 4270 4269
f 4269 4301 4302
f 4334 4302 4301
f 4301 4333 4334
f 4366 4334 4333
f 4333 4365 4366
f 4398 4366 4365
f 4365 4397 4398
f 4430 4398 4397
f 4397 4429 4430
f 4462 4430 4429
f 4429 4461 4462
f 4494 4462 4461
f 4461 4493 4494
f 4526 4494 4493
f 4493 4525 4526
f 4558 4526 4525
f 4525 4557 4558
f 4590 4558 4557
f 4557 4589 4590
f 4622 4590 4589
f 4589 4621 4622
f 4654 4622 4621
f 4621 4653 4654
f 4686 4654 4653
f 4653 4685 4686
f 4718 4686 4685
f 4685 4717 4718
f 4750 4718 4717
f 4717 4749 4750
f 4782 4750 4749
f 4749 4781 4782
f 4814 4782 4781
f 4781 4813 4814
f 4846 4814 4813
f 4813 4845 4846
f 4878 4846 4845
f 4845 4877 4878
f 4910 4878 4877
f 4877 4909 4910
f 4942 4910 4909
f 4909 4941 4942
f 4974 4942 4941
f 4941 4973 4974
f 5006 4974 4973
f 4973 5005 5006
f 5038 5006 5005
f 5005 5037 5038
f 5070 5038 5037
f 5037 5069 5070
f 5102 5070 5069
f 5069 5101 5102
f 5134 5102 5101
f 5101 5133 5134
f 5166 5134 5133
f 5133 5165 5166
f 5198 5166 5165
f 5165 5197 5198
f 5230 5198 5197
f 5197 5229 5230
f 4271 4239 4238
f 4238 4270 4271
f 4303 4271 4270
f 4270 4302 4303
f 4335 4303 4302
f 4302 4334 4335
f 4367 4335 4334
f 4334 4366 4367
f 4399 4367 4366
f 4366 4398 4399
f 4431 4399 4398
f 4398 4430 4431
f 4463 4431 4430
f 4430 4462 4463
f 4495 4463 4462
f 4462 4494 4495
f 4527 4495 4494
f 4494 4526 4527
f 4559 4527 4526
f 4526 4558 4559
f 4591 4559 4558
f 4558 4590 4591
f 4623 4591 4590
f 4590 4622 4623
f 4655 4623 4622
f 4622 4654 4655
f 4687 4655 4654
f 4654 4686 4687
f 4719 4687 4686
f 4686 4718 4719
f 4751 4719 4718
f 4718 4750 4751
f 4783 4751 4750
f 4750 4782 4783
f 4815 4783 4782
f 4782 4814 4815
f 4847 4815 4814
f 4814 4846 4847
f 4879 4847 4846
f 4846 4878 4879
f 4911 4879 4878
f 4878 4910 4911
f 4943 4911 4910
f 4910 4942 4943
f 4975 4943 4942
f 4942 4974 4975
f 5007 4975 4974
f 4974 5006 5007
f 5039 5007 5006
f 5006 5038 5039
f 5071 5039 5038
f 5038 5070 5071
f 5103 5071 5070
f 5070 5102 5103
f 5135 5103 5102
f 5102 5134 5135
f 5167 5135 5134
f 5134 5166 5167
f 5199 5167 5166
f 5166 5198 5199
f 5231 5199 5198
f 5198 5230 5231
f 4272 4240 4239
f 4239 4271 4272
f 4304 4272 4271
f 4271 4303 4304
f 4336 4304 4303
f 4303 4335 4336
f 4368 4336 4335
f 4335 4367 4368
f 4400 4368 4367
f 4367 4399 4400
f 4432 4400 4399
f 4399 4431 4432
f 4464 4432 4431
f 4431 4463 4464
f 4496 4464 4463
f 4463 4495 4496
f 4528 4496 4495
f 4495 4527 4528
f 4560 4528 4527
f 4527 4559 4560
f 4592 4560 4559
f 4559 4591 4592
f 4624 4592 4591
f 4591 4623 4624
f 4656 4624 4623
f 4623 4655 4656
f 4688 4656 4655
f 4655 4687 4688
f 4720 4688 4687
f 4687 4719 4720
f 4752 4720 4719
f 4719 4751 4752
f 4784 4752 4751
f 4751 4783 4784
f 4816 4784 4783
f 4783 4815 4816
f 4848 4816 4815
f 4815 4847 4848
f 4880 4848 4847
f 4847 4879 4880
f 4912 4880 4879
f 4879 4911 4912
f 4944 4912 4911
f 4911 4943 4944
f 4976 4944 4943
f 4943 4975 4976
f 5008 4976 4975
f 4975 5007 5008
f 5040 5008 5007
f 5007 5039 5040
f 5072 5040 5039
f 5039 5071 5072
f 5104 5072 5071
f 5071 5103 5104
f 5136 5104 5103
f 5103 5135 5136
f 5168 5136 5135
f 5135 5167 5168
f 5200 5168 5167
f 5167 5199 5200
f 5232 5200 5199
f 5199 5231 5232
f 4273 4241 4240
f 4240 4272 4273
f 4305 4273 4272
f 4272 4304 4305
f 4337 4305 4304
f 4304 4336 4337
f 4369 4337 4336
f 4336 4368 4369
f 4401 4369 4368
f 4368 4400 4401
f 4433 4401 4400
f 4400 4432 4433
f 4465 4433 4432
f 4432 4464 4465
f 4497 4465 4464
f 4464 4496 4497
f 4529 4497 4496
f 4496 4528 4529
f 4561 4529 4528
f 4528 4560 4561
f 4593 4561 4560
f 4560 4592 4593
f 4625 4593 4592
f 4592 4624 4625
f 4657 4625 4624
f 4624 4656 4657
f 4689 4657 4656
f 4656 4688 4689
f 4721 4689 4688
f 4688 4720 4721
f 4753 4721 4720
f 4720 4752 4753
f 4785 4753 4752
f 4752 4784 4785
f 4817 4785 4784
f 4784 4816 4817
f 4849 4817 4816
f 4816 4848 4849
f 4881 4849 4848
f 4848 4880 4881
f 4913 4881 4880
f 4880 4912 4913
f 4945 4913 4912
f 4912 4944 4945
f 4977 4945 4944
f 4944 4976 4977
f 5009 4977 4976
f 4976 5008 5009
f 5041 5009 5008
f 5008 5040 5041
f 5073 5041 5040
f 5040 5072 5073
f 5105 5073 5072
f 5072 5104 5105
f 5137 5105 5104
f 5104 5136 5137
f 5169 5137 5136
f 5136 5168 5169
f 5201 5169 5168
f 5168 5200 5201
f 5233 5201 5200
f 5200 5232 5233
f 4274 4242 4241
f 4241 4273 4274
f 4306 4274 4273
f 4273 4305 4306
f 4338 4306 4305
f 4305 4337 4338
f 4370 4338 4337
f 4337 4369 4370
f 4402 4370 4369
f 4369 4401 4402
f 4434 4402 4401
f 4401 4433 4434
f 4466 4434 4433
f 4433 4465 4466
f 4498 4466 4465
f 4465 4497 4498
f 4530 4498 4497
f 4497 4529 4530
f 4562 4530 4529
f 4529 4561 4562
f 4594 4562 4561
f 4561 4593 4594
f 4626 4594 4593
f 4593 4625 4626
f 4658 4626 4625
f 4625 4657 4658
f 4690 4658 4657
f 4657 4689 4690
f 4722 4690 4689
f 4689 4721 4722
f 4754 4722 4721
f 4721 4753 4754
f 4786 4754 4753
f 4753 4785 4786
f 4818 4786 4785
f 4785 4817 4818
f 4850 4818 4817
f 4817 4849 4850
f 4882 4850 4849
f 4849 4881 4882
f 4914 4882 4881
f 4881 4913 4914
f 4946 4914 4913
f 4913 4945 4946
f 4978 4946 4945
f 4945 4977 4978
f 5010 4978 4977
f 4977 5009 5010
f 5042 5010 5009
f 5009 5041 5042
f 5074 5042 5041
f 5041 5073 5074
f 5106 5074 5073
f 5073 5105 5106
f 5138 5106 5105
f 5105 5137 5138
f 5170 5138 5137
f 5137 5169 5170
f 5202 5170 5169
f 5169 5201 5202
f 5234 5202 5201
f 5201 5233 5234
f 4275 4243 4242
f 4242 4274 4275
f 4307 4275 4274
f 4274 4306 4307
f 4339 4307 4306
f 4306 4338 4339
f 4371 4339 4338
f 4338 4370 4371
f 4403 4371 4370
f 4370 4402 4403
f 4435 4403 4402
f 4402 4434 4435
f 4467 4435 4434
f 4434 4466 4467
f 4499 4467 4466
f 4466 4498 4499
f 4531 4499 4498
f 4498 4530 4531
f 4563 4531 4530
f 4530 4562 4563
f 4595 4563 4562
f 4562 4594 4595
f 4627 4595 4594
f 4594 4626 4627
f 4659 4627 4626
f 4626 4658 4659
f 4691 4659 4658
f 4658 4690 4691
f 4723 4691 4690
f 4690 4722 4723
f 4755 4723 4722
f 4722 4754 4755
f 4787 4755 4754
f 4754 4786 4787
f 4819 4787 4786
f 4786 4818 4819
f 4851 4819 4818
f 4818 4850 4851
f 4883 4851 4850
f 4850 4882 4883
f 4915 4883 4882
f 4882 4914 4915
f 4947 4915 4914
f 4914 4946 4947
f 4979 4947 4946
f 4946 4978 4979
f 5011 4979 4978
f 4978 5010 5011
f 5043 5011 5010
f 5010 5042 5043
f 5075 5043 5042
f 5042 5074 5075
f 5107 5075 5074
f 5074 5106 5107
f 5139 5107 5106
f 5106 5138 5139
f 5171 5139 5138
f 5138 5170 5171
f 5203 5171 5170
f 5170 5202 5203
f 5235 5203 5202
f 5202 5234 5235
f 4276 4244 4243
f 4243 4275 4276
f 4308 4276 4275
f 4275 4307 4308
f 4340 4308 4307
f 4307 4339 4340
f 4372 4340 4339
f 4339 4371 4372
f 4404 4372 4371
f 4371 4403 4404
f 4436 4404 4403
f 4403 4435 4436
f 4468 4436 4435
f 4435 4467 4468
f 4500 4468 4467
f 4467 4499 4500
f 4532 4500 4499
f 4499 4531 4532
f 4564 4532 4531
f 4531 4563 4564
f 4596 4564 4563
f 4563 4595 4596
f 4628 4596 4595
f 4595 4627 4628
f 4660 4628 4627
f 4627 4659 4660
f 4692 4660 4659
f 4659 4691 4692
f 4724 4692 4691
f 4691 4723 4724
f 4756 4724 4723
f 4723 4755 4756
f 4788 4756 4755
f 4755 4787 4788
f 4820 4788 4787
f 4787 4819 4820
f 4852 4820 4819
f 4819 4851 4852
f 4884 4852 4851
f 4851 4883 4884
f 4916 4884 4883
f 4883 4915 4916
f 4948 4916 4915
f 4915 4947 4948
f 4980 4948 4947
f 4947 4979 4980
f 5012 4980 4979
f 4979 5011 5012
f 5044 5012 5011
f 5011 5043 5044
f 5076 5044 5043
f 5043 5075 5076
f 5108 5076 5075
f 5075 5107 5108
f 5140 5108 5107
f 5107 5139 5140
f 5172 5140 5139
f 5139 5171 5172
f 5204 5172 5171
f 5171 5203 5204
f 5236 5204 5203
f 5203 5235 5236
f 4277 4245 4244
f 4244 4276 4277
f 4309 4277 4276
f 4276 4308 4309
f 4341 4309 4308
f 4308 4340 4341
f 4373 4341 4340
f 4340 4372 4373
f 4405 4373 4372
f 4372 4404 4405
f 4437 4405 4404
f 4404 4436 4437
f 4469 4437 4436
f 4436 4468 4469
f 4501 4469 4468
f 4468 4500 4501
f 4533 4501 4500
f 4500 4532 4533
f 4565 4533 4532
f 4532 4564 4565
f 4597 4565 4564
f 4564 4596 4597
f 4629 4597 4596
f 4596 4628 4629
f 4661 4629 4628
f 4628 4660 4661
f 4693 4661 4660
f 4660 4692 4693
f 4725 4693 4692
f 4692 4724 4725
f 4757 4725 4724
f 4724 4756 4757
f 4789 4757 4756
f 4756 4788 4789
f 4821 4789 4788
f 4788 4820 4821
f 4853 4821 4820
f 4820 4852 4853
f 4885 4853 4852
f 4852 4884 4885
f 4917 4885 4884
f 4884 4916 4917
f 4949 4917 4916
f 4916 4948 4949
f 4981 4949 4948
f 4948 4980 4981
f 5013 4981 4980
f 4980 5012 5013
f 5045 5013 5012
f 5012 5044 5045
f 5077 5045 5044
f 5044 5076 5077
f 5109 5077 5076
f 5076 5108 5109
f 5141 5109 5108
f 5108 5140 5141
f 5173 5141 5140
f 5140 5172 5173
f 5205 5173 5172
f 5172 5204 5205
f 5237 5205 5204
f 5204 5236 5237
f 4278 4246 4245
f 4245 4277 4278
f 4310 4278 4277
f 4277 4309 4310
f 4342 4310 4309
f 4309 4341 4342
f 4374 4342 4341
f 4341 4373 4374
f 4406 4374 4373
f 4373 4405 4406
f 4438 4406 4405
f 4405 4437 4438
f 4470 4438 4437
f 4437 4469 4470
f 4502 4470 4469
f 4469 4501 4502
f 4534 4502 4501
f 4501 4533 4534
f 4566 4534 4533
f 4533 4565 4566
f 4598 4566 4565
f 4565 4597 4598
f 4630 4598 4597
f 4597 4629 4630
f 4662 4630 4629
f 4629 4661 4662
f 4694 4662 4661
f 4661 4693 4694
f 4726 4694 4693
f 4693 4725 4726
f 4758 4726 4725
f 4725 4757 4758
f 4790 4758 4757
f 4757 4789 4790
f 4822 4790 4789
f 4789 4821 4822
f 4854 4822 4821
f 4821 4853 4854
f 4886 4854 4853
f 4853 4885 4886
f 4918 4886 4885
f 4885 4917 4918
f 4950 4918 4917
f 4917 4949 4950
f 4982 4950 4949
f 4949 4981 4982
f 5014 4982 4981
f 4981 5013 5014
f 5046 5014 5013
f 5013 5045 5046
f 5078 5046 5045
f 5045 5077 5078
f 5110 5078 5077
f 5077 5109 5110
f 5142 5110 5109
f 5109 5141 5142
f 5174 5142 5141
f 5141 5173 5174
f 5206 5174 5173
f 5173 5205 5206
f 5238 5206 5205
f 5205 5237 5238
f 4279 4247 4246
f 4246 4278 4279
f 4311 4279 4278
f 4278 4310 4311
f 4343 4311 4310
f 4310 4342 4343
f 4375 4343 4342
f 4342 4374 4375
f 4407 4375 4374
f 4374 4406 4407
f 4439 4407 4406
f 4406 4438 4439
f 4471 4439 4438
f 4438 4470 4471
f 4503 4471 4470
f 4470 4502 4503
f 4535 4503 4502
f 4502 4534 4535
f 4567 4535 4534
f 4534 4566 4567
f 4599 4567 4566
f 4566 4598 4599
f 4631 4599 4598
f 4598 4630 4631
f 4663 4631 4630
f 4630 4662 4663
f 4695 4663 4662
f 4662 4694 4695
f 4727 4695 4694
f 4694 4726 4727
f 4759 4727 4726
f 4726 4758 4759
f 4791 4759 4758
f 4758 4790 4791
f 4823 4791 4790
f 4790 4822 4823
f 4855 4823 4822
f 4822 4854 4855
f 4887 4855 4854
f 4854 4886 4887
f 4919 4887 4886
f 4886 4918 4919
f 4951 4919 4918
f 4918 4950 4951
f 4983 4951 4950
f 4950 4982 4983
f 5015 4983 4982
f 4982 5014 5015
f 5047 5015 5014
f 5014 5046 5047
f 5079 5047 5046
f 5046 5078 5079
f 5111 5079 5078
f 5078 5110 5111
f 5143 5111 5110
f 5110 5142 5143
f 5175 5143 5142
f 5142 5174 5175
f 5207 5175 5174
f 5174 5206 5207
f 5239 5207 5206
f 5206 5238 5239
f 4280 4248 4247
f 4247 4279 4280
f 4312 4280 4279
f 4279 4311 4312
f 4344 4312 4311
f 4311 4343 4344
f 4376 4344 4343
f 4343 4375 4376
f 4408 4376 4375
f 4375 4407 4408
f 4440 4408 4407
f 4407 4439 4440
f 4472 4440 4439
f 4439 4471 4472
f 4504 4472 4471
f 4471 4503 4504
f 4536 4504 4503
f 4503 4535 4536
f 4568 4536 4535
f 4535 4567 4568
f 4600 4568 4567
f 4567 4599 4600
f 4632 4600 4599
f 4599 4631 4632
f 4664 4632 4631
f 4631 4663 4664
f 4696 4664 4663
f 4663 4695 4696
f 4728 4696 4695
f 4695 4727 4728
f 4760 4728 4727
f 4727 4759 4760
f 4792 4760 4759
f 4759 4791 4792
f 4824 4792 4791
f 4791 4823 4824
f 4856 4824 4823
f 4823 4855 4856
f 4888 4856 4855
f 4855 4887 4888
f 4920 4888 4887
f 4887 4919 4920
f 4952 4920 4919
f 4919 4951 4952
f 4984 4952 4951
f 4951 4983 4984
f 5016 4984 4983
f 4983 5015 5016
f 5048 5016 5015
f 5015 5047 5048
f 5080 5048 5047
f 5047 5079 5080
f 5112 5080 5079
f 5079 5111 5112
f 5144 5112 5111
f 5111 5143 5144
f 5176 5144 5143
f 5143 5175 5176
f 5208 5176 5175
f 5175 5207 5208
f 5240 5208 5207
f 5207 5239 5240
f 4281 4249 4248
f 4248 4280 4281
f 4313 4281 4280
f 4280 4312 4313
f 4345 4313 4312
f 4312 4344 4345
f 4377 4345 4344
f 4344 4376 4377
f 4409 4377 4376
f 4376 4408 4409
f 4441 4409 4408
f 4408 4440 4441
f 4473 4441 4440
f 4440 4472 4473
f 4505 4473 4472
f 4472 4504 4505
f 4537 4505 4504
f 4504 4536 4537
f 4569 4537 4536
f 4536 4568 4569
f 4601 4569 4568
f 4568 4600 4601
f 4633 4601 4600
f 4600 4632 4633
f 4665 4633 4632
f 4632 4664 4665
f 4697 4665 4664
f 4664 4696 4697
f 4729 4697 4696
f 4696 4728 4729
f 4761 4729 4728
f 4728 4760 4761
f 4793 4761 4760
f 4760 4792 4793
f 4825 4793 4792
f 4792 4824 4825
f 4857 4825 4824
f 4824 4856 4857
f 4889 4857 4856
f 4856 4888 4889
f 4921 4889 4888
f 4888 4920 4921
f 4953 4921 4920
f 4920 4952 4953
f 4985 4953 4952
f 4952 4984 4985
f 5017 4985 4984
f 4984 5016 5017
f 5049 5017 5016
f 5016 5048 5049
f 5081 5049 5048
f 5048 5080 5081
f 5113 5081 5080
f 5080 5112 5113
f 5145 5113 5112
f 5112 5144 5145
f 5177 5145 5144
f 5144 5176 5177
f 5209 5177 5176
f 5176 5208 5209
f 5241 5209 5208
f 5208 5240 5241
f 4282 4250 4249
f 4249 4281 4282
f 4314 4282 4281
f 4281 4313 4314
f 4346 4314 4313
f 4313 4345 4346
f 4378 4346 4345
f 4345 4377 4378
f 4410 4378 4377
f 4377 4409 4410
f 4442 4410 4409
f 4409 4441 4442
f 4474 4442 4441
f 4441 4473 4474
f 4506 4474 4473
f 4473 4505 4506
f 4538 4506 4505
f 4505 4537 4538
f 4570 4538 4537
f 4537 4569 4570
f 4602 4570 4569
f 4569 4601 4602
f 4634 4602 4601
f 4601 4633 4634
f 4666 4634 4633
f 4633 4665 4666
f 4698 4666 4665
f 4665 4697 4698
f 4730 4698 4697
f 4697 4729 4730
f 4762 4730 4729
f 4729 4761 4762
f 4794 4762 4761
f 4761 4793 4794
f 4826 4794 4793
f 4793 4825 4826
f 4858 4826 4825
f 4825 4857 4858
f 4890 4858 4857
f 4857 4889 4890
f 4922 4890 4889
f 4889 4921 4922
f 4954 4922 4921
f 4921 4953 4954
f 4986 4954 4953
f 4953 4985 4986
f 5018 4986 4985
f 4985 5017 5018
f 5050 5018 5017
f 5017 5049 5050
f 5082 5050 5049
f 5049 5081 5082
f 5114 5082 5081
f 5081 5113 5114
f 5146 5114 5113
f 5113 5145 5146
f 5178 5146 5145
f 5145 5177 5178
f 5210 5178 5177
f 5177 5209 5210
f 5242 5210 5209
f 5209 5241 5242
f 4283 4251 4250
f 4250 4282 4283
f 4315 4283 4282
f 4282 4314 4315
f 4347 4315 4314
f 4314 4346 4347
f 4379 4347 4346
f 4346 4378 4379
f 4411 4379 4378
f 4378 4410 4411
f 4443 4411 4410
f 4410 4442 4443
f 4475 4443 4442
f 4442 4474 4475
f 4507 4475 4474
f 4474 4506 4507
f 4539 4507 4506
f 4506 4538 4539
f 4571 4539 4538
f 4538 4570 4571
f 4603 4571 4570
f 4570 4602 4603
f 4635 4603 4602
f 4602 4634 4635
f 4667 4635 4634
f 4634 4666 4667
f 4699 4667 4666
f 4666 4698 4699
f 4731 4699 4698
f 4698 4730 4731
f 4763 4731 4730
f 4730 4762 4763
f 4795 4763 4762
f 4762 4794 4795
f 4827 4795 4794
f 4794 4826 4827
f 4859 4827 4826
f 4826 4858 4859
f 4891 4859 4858
f 4858 4890 4891
f 4923 4891 4890
f 4890 4922 4923
f 4955 4923 4922
f 4922 4954 4955
f 4987 4955 4954
f 4954 4986 4987
f 5019 4987 4986
f 4986 5018 5019
f 5051 5019 5018
f 5018 5050 5051
f 5083 5051 5050
f 5050 5082 5083
f 5115 5083 5082
f 5082 5114 5115
f 5147 5115 5114
f 5114 5146 5147
f 5179 5147 5146
f 5146 5178 5179
f 5211 5179 5178
f 5178 5210 5211
f 5243 5211 5210
f 5210 5242 5243
f 4284 4252 4251
f 4251 4283 4284
f 4316 4284 4283
f 4283 4315 4316
f 4348 4316 4315
f 4315 4347 4348
f 4380 4348 4347
f 4347 4379 4380
f 4412 4380 4379
f 4379 4411 4412
f 4444 4412 4411
f 4411 4443 4444
f 4476 4444 4443
f 4443 4475 4476
f 4508 4476 4475
f 4475 4507 4508
f 4540 4508 4507
f 4507 4539 4540
f 4572 4540 4539
f 4539 4571 4572
f 4604 4572 4571
f 4571 4603 4604
f 4636 4604 4603
f 4603 4635 4636
f 4668 4636 4635
f 4635 4667 4668
f 4700 4668 4667
f 4667 4699 4700
f 4732 4700 4699
f 4699 4731 4732
f 4764 4732 4731
f 4731 4763 4764
f 4796 4764 4763
f 4763 4795 4796
f 4828 4796 4795
f 4795 4827 4828
f 4860 4828 4827
f 4827 4859 4860
f 4892 4860 4859
f 4859 4891 4892
f 4924 4892 4891
f 4891 4923 4924
f 4956 4924 4923
f 4923 4955 4956
f 4988 4956 4955
f 4955 4987 4988
f 5020 4988 4987
f 4987 5019 5020
f 5052 5020 5019
f 5019 5051 5052
f 5084 5052 5051
f 5051 5083 5084
f 5116 5084 5083
f 5083 5115 5116
f 5148 5116 5115
f 5115 5147 5148
f 5180 5148 5147
f 5147 5179 5180
f 5212 5180 5179
f 5179 5211 5212
f 5244 5212 5211
f 5211 5243 5244
f 4285 4253 4252
f 4252 4284 4285
f 4317 4285 4284
f 4284 4316 4317
f 4349 4317 4316
f 4316 4348 4349
f 4381 4349 4348
f 4348 4380 4381
f 4413 4381 4380
f 4380 4412 4413
f 4445 4413 4412
f 4412 4444 4445
f 4477 4445 4444
f 4444 4476 4477
f 4509 4477 4476
f 4476 4508 4509
f 4541 4509 4508
f 4508 4540 4541
f 4573 4541 4540
f 4540 4572 4573
f 4605 4573 4572
f 4572 4604 4605
f 4637 4605 4604
f 4604 4636 4637
f 4669 4637 4636
f 4636 4668 4669
f 4701 4669 4668
f 4668 4700 4701
f 4733 4701 4700
f 4700 4732 4733
f 4765 4733 4732
f 4732 4764 4765
f 4797 4765 4764
f 4764 4796 4797
f 4829 4797 4796
f 4796 4828 4829
f 4861 4829 4828
f 4828 4860 4861
f 4893 4861 4860
f 4860 4892 4893
f 4925 4893 4892
f 4892 4924 4925
f 4957 4925 4924
f 4924 4956 4957
f 4989 4957 4956
f 4956 4988 4989
f 5021 4989 4988
f 4988 5020 5021
f 5053 5021 5020
f 5020 5052 5053
f 5085 5053 5052
f 5052 5084 5085
f 5117 5085 5084
f 5084 5116 5117
f 5149 5117 5116
f 5116 5148 5149
f 5181 5149 5148
f 5148 5180 5181
f 5213 5181 5180
f 5180 5212 5213
f 5245 5213 5212
f 5212 5244 5245
f 4286 4254 4253
f 4253 4285 4286
f 4318 4286 4285
f 4285 4317 4318
f 4350 4318 4317
f 4317 4349 4350
f 4382 4350 4349
f 4349 4381 4382
f 4414 4382 4381
f 4381 4413 4414
f 4446 4414 4413
f 4413 4445 4446
f 4478 4446 4445
f 4445 4477 4478
f 4510 4478 4477
f 4477 4509 4510
f 4542 4510 4509
f 4509 4541 4542
f 4574 4542 4541
f 4541 4573 4574
f 4606 4574 4573
f 4573 4605 4606
f 4638 4606 4605
f 4605 4637 4638
f 4670 4638 4637
f 4637 4669 4670
f 4702 4670 4669
f 4669 4701 4702
f 4734 4702 4701
f 4701 4733 4734
f 4766 4734 4733
f 4733 4765 4766
f 4798 4766 4765
f 4765 4797 4798
f 4830 4798 4797
f 4797 4829 4830
f 4862 4830 4829
f 4829 4861 4862
f 4894 4862 4861
f 4861 4893 4894
f 4926 4894 4893
f 4893 4925 4926
f 4958 4926 4925
f 4925 4957 4958
f 4990 4958 4957
f 4957 4989 4990
f 5022 4990 4989
f 4989 5021 5022
f 5054 5022 5021
f 5021 5053 5054
f 5086 5054 5053
f 5053 5085 5086
f 5118 5086 5085
f 5085 5117 5118
f 5150 5118 5117
f 5117 5149 5150
f 5182 5150 5149
f 5149 5181 5182
f 5214 5182 5181
f 5181 5213 5214
f 5246 5214 5213
f 5213 5245 5246
f 4287 4255 4254
f 4254 4286 4287
f 4319 4287 4286
f 4286 4318 4319
f 4351 4319 4318
f 4318 4350 4351
f 4383 4351 4350
f 4350 4382 4383
f 4415 4383 4382
f 4382 4414 4415
f 4447 4415 4414
f 4414 4446 4447
f 4479 4447 4446
f 4446 4478 4479
f 4511 4479 4478
f 4478 4510 4511
f 4543 4511 4510
f 4510 4542 4543
f 4575 4543 4542
f 4542 4574 4575
f 4607 4575 4574
f 4574 4606 4607
f 4639 4607 4606
f 4606 4638 4639
f 4671 4639 4638
f 4638 4670 4671
f 4703 4671 4670
f 4670 4702 4703
f 4735 4703 4702
f 4702 4734 4735
f 4767 4735 4734
f 4734 4766 4767
f 4799 4767 4766
f 4766 4798 4799
f 4831 4799 4798
f 4798 4830 4831
f 4863 4831 4830
f 4830 4862 4863
f 4895 4863 4862
f 4862 4894 4895
f 4927 4895 4894
f 4894 4926 4927
f 4959 4927 4926
f 4926 4958 4959
f 4991 4959 4958
f 4958 4990 4991
f 5023 4991 4990
f 4990 5022 5023
f 5055 5023 5022
f 5022 5054 5055
f 5087 5055 5054
f 5054 5086 5087
f 5119 5087 5086
f 5086 5118 5119
f 5151 5119 5118
f 5118 5150 5151
f 5183 5151 5150
f 5150 5182 5183
f 5215 5183 5182
f 5182 5214 5215
f 5247 5215 5214
f 5214 5246 5247
f 4288 4256 4255
f 4255 4287 4288
f 4320 4288 4287
f 4287 4319 4320
f 4352 4320 4319
f 4319 4351 4352
f 4384 4352 4351
f 4351 4383 4384
f 4416 4384 4383
f 4383 4415 4416
f 4448 4416 4415
f 4415 4447 4448
f 4480 4448 4447
f 4447 4479 4480
f 4512 4480 4479
f 4479 4511 4512
f 4544 4512 4511
f 4511 4543 4544
f 4576 4544 4543
f 4543 4575 4576
f 4608 4576 4575
f 4575 4607 4608
f 4640 4608 4607
f 4607 4639 4640
f 4672 4640 4639
f 4639 4671 4672
f 4704 4672 4671
f 4671 4703 4704
f 4736 4704 4703
f 4703 4735 4736
f 4768 4736 4735
f 4735 4767 4768
f 4800 4768 4767
f 4767 4799 4800
f 4832 4800 4799
f 4799 4831 4832
f 4864 4832 4831
f 4831 4863 4864
f 4896 4864 4863
f 4863 4895 4896
f 4928 4896 4895
f 4895 4927 4928
f 4960 4928 4927
f 4927 4959 4960
f 4992 4960 4959
f 4959 4991 4992
f 5024 4992 4991
f 4991 5023 5024
f 5056 5024 5023
f 5023 5055 5056
f 5088 5056 5055
f 5055 5087 5088
f 5120 5088 5087
f 5087 5119 5120
f 5152 5120 5119
f 5119 5151 5152
f 5184 5152 5151
f 5151 5183 5184
f 5216 5184 5183
f 5183 5215 5216
f 5248 5216 5215
f 5215 5247 5248
f 4289 4257 4256
f 4256 4288 4289
f 4321 4289 4288
f 4288 4320 4321
f 4353 4321 4320
f 4320 4352 4353
f 4385 4353 4352
f 4352 4384 4385
f 4417 4385 4384
f 4384 4416 4417
f 4449 4417 4416
f 4416 4448 4449
f 4481 4449 4448
f 4448 4480 4481
f 4513 4481 4480
f 4480 4512 4513
f 4545 4513 4512
f 4512 4544 4545
f 4577 4545 4544
f 4544 4576 4577
f 4609 4577 4576
f 4576 4608 4609
f 4641 4609 4608
f 4608 4640 4641
f 4673 4641 4640
f 4640 4672 4673
f 4705 4673 4672
f 4672 4704 4705
f 4737 4705 4704
f 4704 4736 4737
f 4769 4737 4736
f 4736 4768 4769
f 4801 4769 4768
f 4768 4800 4801
f 4833 4801 4800
f 4800 4832 4833
f 4865 4833 4832
f 4832 4864 4865
f 4897 4865 4864
f 4864 4896 4897
f 4929 4897 4896
f 4896 4928 4929
f 4961 4929 4928
f 4928 4960 4961
f 4993 4961 4960
f 4960 4992 4993
f 5025 4993 4992
f 4992 5024 5025
f 5057 5025 5024
f 5024 5056 5057
f 5089 5057 5056
f 5056 5088 5089
f 5121 5089 5088
f 5088 5120 5121
f 5153 5121 5120
f 5120 5152 5153
f 5185 5153 5152
f 5152 5184 5185
f 5217 5185 5184
f 5184 5216 5217
f 5249 5217 5216
f 5216 5248 5249
f 4290 4258 4257
f 4257 4289 4290
f 4322 4290 4289
f 4289 4321 4322
f 4354 4322 4321
f 4321 4353 4354
f 4386 4354 4353
f 4353 4385 4386
f 4418 4386 4385
f 4385 4417 4418
f 4450 4418 4417
f 4417 4449 4450
f 4482 4450 4449
f 4449 4481 4482
f 4514 4482 4481
f 4481 4513 4514
f 4546 4514 4513
f 4513 4545 4546
f 4578 4546 4545
f 4545 4577 4578
f 4610 4578 4577
f 4577 4609 4610
f 4642 4610 4609
f 4609 4641 4642
f 4674 4642 4641
f 4641 4673 4674
f 4706 4674 4673
f 4673 4705 4706
f 4738 4706 4705
f 4705 4737 4738
f 4770 4738 4737
f 4737 4769 4770
f 4802 4770 4769
f 4769 4801 4802
f 4834 4802 4801
f 4801 4833 4834
f 4866 4834 4833
f 4833 4865 4866
f 4898 4866 4865
f 4865 4897 4898
f 4930 4898 4897
f 4897 4929 4930
f 4962 4930 4929
f 4929 4961 4962
f 4994 4962 4961
f 4961 4993 4994
f 5026 4994 4993
f 4993 5025 5026
f 5058 5026 5025
f 5025 5057 5058
f 5090 5058 5057
f 5057 5089 5090
f 5122 5090 5089
f 5089 5121 5122
f 5154 5122 5121
f 5121 5153 5154
f 5186 5154 5153
f 5153 5185 5186
f 5218 5186 5185
f 5185 5217 5218
f 5250 5218 5217
f 5217 5249 5250
