v 923.712 16.9252 -6854.16
v 923.587 16.773 -6854.24
v 923.398 16.8844 -6854.08
v 923.471 16.7608 -6854.25
v 923.67 16.8271 -6854.24
v 923.461 16.9522 -6853.87
v 923.32 16.9338 -6853.89
v 923.461 17.1228 -6853.77
v 923.879 17.1461 -6854.12
v 923.582 16.9829 -6853.92
v 923.568 17.052 -6854.49
v 923.763 17.0106 -6854.34
v 923.635 17.1332 -6854.68
v 923.789 17.138 -6854.56
v 923.56 16.8744 -6854.46
v 923.368 16.9202 -6854.47
v 923.468 17.0427 -6854.51
v 923.245 16.9881 -6854.46
v 923.235 17.0845 -6854.48
v 923.474 17.0665 -6854.66
v 923.389 16.8125 -6854.43
v 923.205 16.8855 -6854.35
v 923.097 16.9388 -6854.23
v 923.037 17.0258 -6854.23
v 923.186 16.8868 -6854.12
v 923.114 16.9279 -6854.09
v 923.038 17.1215 -6854.07
v 923.302 17.1208 -6853.81
v 923.303 17.2246 -6853.8
v 923.469 17.325 -6853.74
v 923.836 17.3335 -6854.61
v 923.924 17.2179 -6854.41
v 923.916 17.1272 -6854.41
v 923.483 17.1325 -6854.72
v 923.326 17.1545 -6854.67
v 923.77 17.5176 -6853.95
v 923.821 17.3358 -6853.89
v 923.157 17.3293 -6853.87
v 923.146 17.2294 -6853.92
v 923.599 17.1477 -6853.85
v 922.991 17.3336 -6854.05
v 923.146 17.431 -6853.93
v 923.16 17.5225 -6853.95
v 923.897 17.2323 -6854.1
v 923.983 17.3271 -6854.25
v 923.963 17.2191 -6854.25
v 923.874 17.4237 -6854.07
v 923.665 17.334 -6854.73
v 923.001 17.3361 -6854.43
v 923.068 17.1403 -6854.42
v 923.29 17.3354 -6854.72
v 923.317 17.6049 -6854.7
v 923.149 17.6011 -6854.56
v 923.045 17.4342 -6854.4
v 923.473 17.609 -6853.87
v 923.472 17.4994 -6853.88
v 923.044 17.4938 -6854.08
v 923.201 17.6005 -6853.98
v 923.607 17.6074 -6853.9
v 923.798 17.58 -6854.09
v 923.689 17.6698 -6854.01
v 923.055 17.5378 -6854.4
v 922.999 17.5462 -6854.24
v 923.03 17.6481 -6854.25
v 923.365 17.6776 -6853.94
v 923.474 17.6985 -6853.9
v 923.474 17.7537 -6853.96
v 923.589 17.6901 -6853.93
v 923.711 17.7377 -6854.24
v 923.193 17.7557 -6854.52
v 923.085 17.7435 -6854.25
v 923.171 17.8193 -6854.37
v 923.326 17.8406 -6854.38
v 923.251 17.827 -6854.25
v 923.348 17.8018 -6854.54
v 923.319 17.7538 -6854.62
v 923.175 17.6509 -6854.54
v 923.205 17.7697 -6854.16
v 923.352 17.8786 -6854.2
v 923.415 17.7452 -6854.09
v 923.505 17.8284 -6854.17
v 923.583 17.8395 -6854.24
v 923.524 17.784 -6854.43
v 923.582 17.6954 -6854.58
v 923.344 17.9011 -6854.29
v 923.468 16.7705 -6854.36
v 923.385 16.7712 -6854.33
v 923.281 16.814 -6854.33
v 923.47 17.8857 -6854.24
v 923.469 17.8639 -6854.33
v 923.163 17.015 -6853.93
v 923.898 17.052 -6854.25
v 923.855 17.5159 -6854.42
v 923.74 17.5997 -6854.53
v 923.648 17.5502 -6854.69
v 923.469 17.6592 -6854.7
v 923.734 17.6393 -6854.36
v 927.018 13.798 -6856.71
v 926.769 13.4935 -6856.88
v 926.392 13.7163 -6856.54
v 926.537 13.4691 -6856.88
v 926.935 13.6018 -6856.88
v 926.518 13.8519 -6856.14
v 926.235 13.8152 -6856.16
v 926.518 14.1931 -6855.93
v 927.354 14.2398 -6856.62
v 926.759 13.9133 -6856.24
v 926.732 14.0516 -6857.37
v 927.122 13.9688 -6857.07
v 926.866 14.2139 -6857.76
v 927.174 14.2235 -6857.51
v 926.714 13.6963 -6857.3
v 926.331 13.788 -6857.32
v 926.531 14.0329 -6857.42
v 926.086 13.9237 -6857.3
v 926.066 14.1166 -6857.34
v 926.542 14.0805 -6857.7
v 926.373 13.5725 -6857.24
v 926.005 13.7186 -6857.09
v 925.789 13.8251 -6856.86
v 925.669 13.9992 -6856.85
v 925.968 13.7212 -6856.62
v 925.823 13.8034 -6856.57
v 925.672 14.1906 -6856.53
v 926.2 14.1891 -6856
v 926.201 14.3968 -6855.99
v 926.533 14.5976 -6855.87
v 927.266 14.6145 -6857.61
v 927.444 14.3833 -6857.21
v 927.427 14.202 -6857.2
v 926.561 14.2125 -6857.83
v 926.247 14.2566 -6857.73
v 927.136 14.9828 -6856.28
v 927.238 14.6191 -6856.18
v 925.91 14.6062 -6856.13
v 925.888 14.4064 -6856.22
v 926.793 14.243 -6856.08
v 925.577 14.6147 -6856.49
v 925.887 14.8096 -6856.25
v 925.916 14.9926 -6856.29
v 927.39 14.4121 -6856.59
v 927.562 14.6017 -6856.88
v 927.522 14.3858 -6856.89
v 927.344 14.795 -6856.52
v 926.925 14.6156 -6857.85
v 925.598 14.6197 -6857.24
v 925.731 14.2281 -6857.23
v 926.174 14.6184 -6857.82
v 926.23 15.1573 -6857.79
v 925.894 15.1497 -6857.51
v 925.685 14.816 -6857.19
v 926.541 15.1655 -6856.12
v 926.539 14.9464 -6856.16
v 925.683 14.9351 -6856.55
v 925.997 15.1485 -6856.36
v 926.81 15.1624 -6856.19
v 927.192 15.1076 -6856.57
v 926.973 15.2872 -6856.41
v 925.705 15.0231 -6857.18
v 925.593 15.0399 -6856.87
v 925.655 15.2439 -6856.88
v 926.324 15.3027 -6856.26
v 926.544 15.3445 -6856.18
v 926.544 15.4549 -6856.32
v 926.773 15.3277 -6856.24
v 927.017 15.423 -6856.87
v 925.98 15.459 -6857.44
v 925.765 15.4346 -6856.9
v 925.937 15.5861 -6857.12
v 926.248 15.6287 -6857.15
v 926.097 15.6016 -6856.88
v 926.291 15.5512 -6857.47
v 926.234 15.4551 -6857.62
v 925.946 15.2493 -6857.47
v 926.005 15.4869 -6856.72
v 926.299 15.7048 -6856.8
v 926.426 15.4379 -6856.57
v 926.604 15.6043 -6856.72
v 926.762 15.6266 -6856.87
v 926.644 15.5155 -6857.25
v 926.76 15.3383 -6857.55
v 926.283 15.7497 -6856.97
v 926.531 13.4885 -6857.1
v 926.365 13.49 -6857.05
v 926.157 13.5755 -6857.04
v 926.536 15.719 -6856.88
v 926.533 15.6754 -6857.06
v 925.922 13.9776 -6856.26
v 927.392 14.0515 -6856.89
v 927.305 14.9793 -6857.24
v 927.075 15.147 -6857.45
v 926.891 15.0479 -6857.78
v 926.534 15.2659 -6857.8
v 927.063 15.2261 -6857.1
v 933.171 11.9308 -6861.25
v 933.379 13.2997 -6861.05
v 933.359 13.2987 -6861.26
v 933.025 11.9916 -6861.35
v 933.025 11.9916 -6861.35
v 933.359 13.2987 -6861.26
v 933.212 13.297 -6861.37
v 932.831 12.0381 -6861.25
v 933.023 13.2957 -6861.32
v 932.702 12.0433 -6861.03
v 932.904 13.2954 -6861.14
v 932.714 12.0039 -6860.8
v 932.924 13.2964 -6860.94
v 932.861 11.9432 -6860.7
v 933.071 13.2981 -6860.83
v 933.055 11.8966 -6860.79
v 933.169 14.7046 -6861.04
v 933.284 14.7191 -6861.18
v 933.284 14.7191 -6861.18
v 933.271 14.6852 -6861.36
v 933.137 14.6227 -6861.47
v 932.962 14.5682 -6861.45
v 932.848 14.5537 -6861.31
v 932.861 14.5877 -6861.13
v 932.568 15.9356 -6861.24
v 932.723 16.0421 -6861.26
v 932.723 16.0421 -6861.26
v 932.84 16.0778 -6861.4
v 932.851 16.0216 -6861.58
v 932.748 15.9065 -6861.69
v 932.594 15.8 -6861.67
v 932.477 15.7644 -6861.53
v 931.707 16.839 -6861.66
v 931.767 16.9927 -6861.55
v 931.767 16.9927 -6861.55
v 931.887 17.1438 -6861.57
v 931.998 17.2039 -6861.71
v 932.034 17.1376 -6861.88
v 931.974 16.9839 -6861.98
v 931.854 16.8327 -6861.96
v 930.728 17.3806 -6862.21
v 930.668 17.4453 -6862.05
v 930.668 17.4453 -6862.05
v 930.678 17.6201 -6861.96
v 930.753 17.8026 -6861.99
v 930.848 17.8859 -6862.12
v 930.908 17.8211 -6862.29
v 930.897 17.6463 -6862.38
v 929.699 17.589 -6862.83
v 929.628 17.4885 -6862.69
v 929.628 17.4885 -6862.69
v 929.549 17.5426 -6862.53
v 929.509 17.7196 -6862.45
v 929.531 17.9157 -6862.49
v 929.602 18.0162 -6862.64
v 929.68 17.9622 -6862.79
v 928.635 17.4566 -6863.43
v 928.669 17.2667 -6863.38
v 928.669 17.2667 -6863.38
v 928.629 17.1592 -6863.22
v 928.539 17.1971 -6863.07
v 928.452 17.3581 -6863
v 928.419 17.5481 -6863.06
v 928.458 17.6556 -6863.21
v 927.593 16.9238 -6863.93
v 927.718 16.7935 -6864
v 927.718 16.7935 -6864
v 927.803 16.6298 -6863.93
v 927.798 16.5285 -6863.77
v 927.705 16.549 -6863.61
v 927.58 16.6793 -6863.55
v 927.494 16.8431 -6863.62
v 926.714 15.9693 -6864.28
v 926.802 15.963 -6864.44
v 926.802 15.963 -6864.44
v 926.955 15.8735 -6864.5
v 927.082 15.7532 -6864.43
v 927.11 15.6726 -6864.26
v 927.022 15.679 -6864.1
v 926.869 15.7685 -6864.04
v 926.168 14.6951 -6864.45
v 926.112 14.7414 -6864.62
v 926.112 14.7414 -6864.62
v 926.191 14.7426 -6864.78
v 926.357 14.6982 -6864.85
v 926.514 14.634 -6864.77
v 926.57 14.5878 -6864.6
v 926.492 14.5865 -6864.44
v 926.033 13.2989 -6864.45
v 925.861 13.3006 -6864.51
v 925.861 13.3006 -6864.51
v 925.796 13.3019 -6864.69
v 925.876 13.302 -6864.89
v 926.054 13.301 -6864.99
v 926.225 13.2993 -6864.92
v 926.291 13.298 -6864.74
v 926.288 11.9596 -6864.36
v 926.103 11.9241 -6864.21
v 926.103 11.9241 -6864.21
v 925.93 11.864 -6864.25
v 925.87 11.8144 -6864.45
v 925.959 11.8045 -6864.69
v 926.145 11.84 -6864.84
v 926.318 11.9001 -6864.8
v 933.451 11.7868 -6860.88
v 933.317 13.3013 -6860.54
v 933.429 13.3016 -6860.7
v 933.439 11.8237 -6861.1
v 933.411 13.3006 -6860.89
v 933.302 11.8807 -6861.19
v 933.273 13.2991 -6860.99
v 933.12 11.9243 -6861.1
v 932.984 13.2975 -6860.79
v 933.011 11.8922 -6860.68
v 933.003 13.2985 -6860.6
v 933.148 11.8353 -6860.58
v 933.141 13.3 -6860.49
v 933.33 11.7916 -6860.67
v 933.317 13.3013 -6860.54
v 933.451 11.7868 -6860.88
v 932.815 14.6333 -6860.76
v 932.979 14.6844 -6860.78
v 933.087 14.698 -6860.91
v 933.074 14.6662 -6861.08
v 932.785 14.5565 -6861.17
v 932.678 14.5429 -6861.03
v 932.69 14.5747 -6860.86
v 932.815 14.6333 -6860.76
v 932.2 15.6453 -6861.3
v 932.296 15.7532 -6861.2
v 932.441 15.8531 -6861.21
v 932.55 15.8864 -6861.34
v 932.464 15.7259 -6861.61
v 932.319 15.6261 -6861.6
v 932.209 15.5927 -6861.47
v 932.2 15.6453 -6861.3
v 931.626 16.5018 -6861.99
v 931.593 16.5639 -6861.83
v 931.649 16.708 -6861.73
v 931.762 16.8497 -6861.75
v 931.899 16.8439 -6862.04
v 931.843 16.6997 -6862.13
v 931.73 16.558 -6862.11
v 931.626 16.5018 -6861.99
v 930.916 17.3295 -6862.62
v 930.826 17.2515 -6862.5
v 930.77 17.3122 -6862.34
v 930.78 17.4761 -6862.26
v 930.939 17.7252 -6862.41
v 930.996 17.6645 -6862.57
v 930.986 17.5006 -6862.65
v 930.916 17.3295 -6862.62
v 929.847 17.9346 -6863.13
v 929.826 17.7507 -6863.09
v 929.76 17.6565 -6862.96
v 929.686 17.7072 -6862.81
v 929.669 18.057 -6862.77
v 929.735 18.1512 -6862.91
v 929.809 18.1005 -6863.05
v 929.847 17.9346 -6863.13
v 928.502 17.9381 -6863.48
v 928.584 17.7871 -6863.54
v 928.615 17.609 -6863.49
v 928.578 17.5082 -6863.35
v 928.412 17.6947 -6863.14
v 928.381 17.8728 -6863.19
v 928.418 17.9736 -6863.33
v 928.502 17.9381 -6863.48
v 927.285 17.1805 -6863.69
v 927.372 17.1612 -6863.84
v 927.49 17.0391 -6863.9
v 927.57 16.8856 -6863.83
v 927.478 16.8099 -6863.54
v 927.36 16.932 -6863.48
v 927.28 17.0855 -6863.54
v 927.285 17.1805 -6863.69
v 926.574 15.915 -6863.85
v 926.548 15.9906 -6864
v 926.631 15.9846 -6864.15
v 926.774 15.9007 -6864.21
v 926.92 15.7124 -6863.99
v 926.837 15.7184 -6863.84
v 926.694 15.8023 -6863.78
v 926.574 15.915 -6863.85
v 926.399 14.5575 -6864.07
v 926.252 14.6176 -6864.14
v 926.2 14.661 -6864.3
v 926.273 14.6622 -6864.46
v 926.577 14.5603 -6864.45
v 926.629 14.517 -6864.29
v 926.555 14.5158 -6864.13
v 926.399 14.5575 -6864.07
v 926.496 13.2949 -6864.41
v 926.329 13.2959 -6864.32
v 926.168 13.2975 -6864.38
v 926.106 13.2987 -6864.55
v 926.348 13.2979 -6864.82
v 926.509 13.2963 -6864.77
v 926.57 13.2951 -6864.59
v 926.496 13.2949 -6864.41
v 926.703 12.0168 -6864.82
v 926.619 12.0261 -6864.59
v 926.445 11.9928 -6864.46
v 926.283 11.9365 -6864.49
v 926.31 11.8807 -6864.91
v 926.484 11.914 -6865.04
v 926.647 11.9704 -6865.01
v 926.703 12.0168 -6864.82
v 933.555 11.8159 -6861.28
v 933.587 13.3028 -6860.73
v 933.662 13.3029 -6860.84
v 933.547 11.8405 -6861.42
v 933.65 13.3023 -6860.96
v 933.456 11.8784 -6861.48
v 933.558 13.3013 -6861.03
v 933.334 11.9076 -6861.43
v 933.44 13.3004 -6861
v 933.254 11.9107 -6861.28
v 933.365 13.3002 -6860.89
v 933.261 11.8862 -6861.14
v 933.47 13.3019 -6860.7
v 933.474 11.8191 -6861.14
v 933.587 13.3028 -6860.73
v 933.555 11.8159 -6861.28
v 933.084 14.7356 -6860.68
v 933.193 14.7697 -6860.69
v 933.265 14.7787 -6860.78
v 933.256 14.7575 -6860.89
v 933.173 14.7184 -6860.96
v 933.064 14.6844 -6860.95
v 933 14.6965 -6860.75
v 933.084 14.7356 -6860.68
v 932.278 15.7937 -6861.05
v 932.342 15.8656 -6860.98
v 932.438 15.9322 -6860.99
v 932.512 15.9545 -6861.08
v 932.518 15.9194 -6861.19
v 932.454 15.8475 -6861.26
v 932.284 15.7586 -6861.16
v 932.278 15.7937 -6861.05
v 931.497 16.5049 -6861.72
v 931.474 16.5463 -6861.61
v 931.512 16.6423 -6861.55
v 931.587 16.7368 -6861.56
v 931.656 16.7743 -6861.65
v 931.679 16.7329 -6861.75
v 931.566 16.5424 -6861.81
v 931.497 16.5049 -6861.72
v 930.768 17.0956 -6862.48
v 930.708 17.0436 -6862.39
v 930.671 17.0841 -6862.29
v 930.677 17.1933 -6862.23
v 930.724 17.3074 -6862.25
v 930.784 17.3594 -6862.34
v 930.814 17.2097 -6862.5
v 930.768 17.0956 -6862.48
v 929.864 17.6092 -6863.17
v 929.85 17.4866 -6863.14
v 929.806 17.4237 -6863.05
v 929.757 17.4575 -6862.95
v 929.732 17.5681 -6862.9
v 929.746 17.6907 -6862.93
v 929.839 17.7198 -6863.11
v 929.864 17.6092 -6863.17
v 928.657 17.7667 -6863.68
v 928.711 17.666 -6863.72
v 928.732 17.5473 -6863.69
v 928.707 17.4801 -6863.59
v 928.651 17.5038 -6863.49
v 928.597 17.6044 -6863.45
v 928.601 17.7903 -6863.58
v 928.657 17.7667 -6863.68
v 927.369 17.2533 -6863.97
v 927.427 17.2404 -6864.06
v 927.506 17.159 -6864.1
v 927.559 17.0566 -6864.06
v 927.556 16.9933 -6863.96
v 927.498 17.0062 -6863.86
v 927.366 17.19 -6863.87
v 927.369 17.2533 -6863.97
v 926.436 16.0911 -6864.06
v 926.419 16.1415 -6864.16
v 926.474 16.1375 -6864.26
v 926.57 16.0816 -6864.3
v 926.649 16.0064 -6864.25
v 926.667 15.9561 -6864.15
v 926.516 16.016 -6864.01
v 926.436 16.0911 -6864.06
v 926.116 14.652 -6864.08
v 926.018 14.6921 -6864.13
v 925.983 14.721 -6864.23
v 926.032 14.7218 -6864.34
v 926.136 14.694 -6864.38
v 926.235 14.6539 -6864.33
v 926.221 14.6242 -6864.12
v 926.116 14.652 -6864.08
v 926.273 13.2957 -6864.15
v 926.161 13.2964 -6864.09
v 926.054 13.2974 -6864.13
v 926.013 13.2982 -6864.24
v 926.063 13.2983 -6864.37
v 926.174 13.2977 -6864.43
v 926.322 13.2958 -6864.27
v 926.273 13.2957 -6864.15
v 926.68 12.0695 -6864.44
v 926.624 12.0757 -6864.28
v 926.508 12.0535 -6864.19
v 926.4 12.0159 -6864.22
v 926.363 11.985 -6864.34
v 926.418 11.9787 -6864.49
v 926.642 12.0385 -6864.56
v 926.68 12.0695 -6864.44
v 932.99 13.2981 -6860.66
v 933.052 13.2976 -6860.9
v 932.994 11.9188 -6860.81
v 933.093 11.8563 -6860.61
v 932.96 13.2966 -6860.97
v 932.873 11.9479 -6860.76
v 932.842 13.2957 -6860.94
v 932.792 11.9511 -6860.62
v 932.768 13.2956 -6860.83
v 932.8 11.9265 -6860.47
v 932.78 13.2962 -6860.7
v 932.891 11.8886 -6860.41
v 932.872 13.2972 -6860.63
v 933.013 11.8595 -6860.47
v 932.99 13.2981 -6860.66
v 933.093 11.8563 -6860.61
v 932.713 14.5459 -6861.09
v 932.894 14.589 -6861.19
v 932.886 14.5678 -6861.3
v 932.803 14.5288 -6861.37
v 932.693 14.4947 -6861.36
v 932.622 14.4856 -6861.27
v 932.63 14.5069 -6861.16
v 932.713 14.5459 -6861.09
v 932.372 15.6609 -6861.61
v 932.533 15.7994 -6861.55
v 932.606 15.8216 -6861.63
v 932.613 15.7865 -6861.74
v 932.549 15.7146 -6861.81
v 932.452 15.648 -6861.8
v 932.379 15.6258 -6861.72
v 932.372 15.6609 -6861.61
v 931.867 16.7544 -6862.1
v 931.882 16.8919 -6861.93
v 931.957 16.9864 -6861.95
v 932.027 17.0239 -6862.03
v 932.049 16.9825 -6862.14
v 932.012 16.8864 -6862.2
v 931.936 16.792 -6862.19
v 931.867 16.7544 -6862.1
v 930.977 17.6925 -6862.51
v 930.88 17.6809 -6862.32
v 930.887 17.7902 -6862.27
v 930.934 17.9043 -6862.29
v 930.993 17.9563 -6862.37
v 931.031 17.9158 -6862.47
v 931.024 17.8066 -6862.53
v 930.977 17.6925 -6862.51
v 929.71 18.1223 -6862.85
v 929.652 17.9369 -6862.74
v 929.603 17.9707 -6862.64
v 929.578 18.0813 -6862.59
v 929.591 18.2039 -6862.62
v 929.636 18.2667 -6862.7
v 929.685 18.2329 -6862.8
v 929.71 18.1223 -6862.85
v 928.389 17.8087 -6863.17
v 928.465 17.5894 -6863.18
v 928.44 17.5222 -6863.08
v 928.384 17.5459 -6862.98
v 928.33 17.6465 -6862.94
v 928.309 17.7652 -6862.98
v 928.333 17.8324 -6863.07
v 928.389 17.8087 -6863.17
v 927.403 16.8841 -6863.49
v 927.539 16.7898 -6863.63
v 927.593 16.6875 -6863.59
v 927.589 16.6242 -6863.49
v 927.531 16.637 -6863.39
v 927.453 16.7184 -6863.35
v 927.4 16.8208 -6863.4
v 927.403 16.8841 -6863.49
v 926.871 15.7124 -6863.89
v 926.909 15.7588 -6864.09
v 927.005 15.7028 -6864.13
v 927.084 15.6277 -6864.08
v 927.102 15.5773 -6863.98
v 927.047 15.5813 -6863.88
v 926.951 15.6372 -6863.84
v 926.871 15.7124 -6863.89
v 926.615 14.5314 -6864.35
v 926.482 14.6004 -6864.5
v 926.531 14.6012 -6864.61
v 926.635 14.5734 -6864.65
v 926.733 14.5333 -6864.6
v 926.768 14.5044 -6864.49
v 926.719 14.5036 -6864.39
v 926.615 14.5314 -6864.35
v 926.452 13.2969 -6864.79
v 926.234 13.2986 -6864.77
v 926.193 13.2994 -6864.89
v 926.243 13.2995 -6865.01
v 926.354 13.2988 -6865.07
v 926.461 13.2978 -6865.03
v 926.502 13.297 -6864.92
v 926.452 13.2969 -6864.79
v 926.247 11.8842 -6864.76
v 926.419 11.9002 -6865
v 926.139 11.8467 -6864.78
v 926.102 11.8157 -6864.91
v 926.157 11.8095 -6865.06
v 926.273 11.8317 -6865.15
v 926.381 11.8693 -6865.13
v 926.419 11.9002 -6865
v 933.214 11.9313 -6861.34
v 933.448 13.3002 -6861.08
v 933.523 13.3003 -6861.19
v 933.206 11.9559 -6861.48
v 933.51 13.2997 -6861.31
v 933.114 11.9939 -6861.54
v 933.418 13.2987 -6861.38
v 932.993 12.023 -6861.48
v 933.301 13.2978 -6861.35
v 932.912 12.0262 -6861.34
v 933.226 13.2976 -6861.24
v 932.92 12.0016 -6861.2
v 933.33 13.2993 -6861.05
v 933.133 11.9345 -6861.19
v 933.448 13.3002 -6861.08
v 933.214 11.9313 -6861.34
v 933.223 14.7285 -6861
v 933.333 14.7625 -6861.02
v 933.404 14.7716 -6861.1
v 933.396 14.7504 -6861.22
v 933.313 14.7113 -6861.29
v 933.203 14.6773 -6861.27
v 933.14 14.6894 -6861.07
v 933.223 14.7285 -6861
v 932.571 15.9607 -6861.18
v 932.635 16.0326 -6861.11
v 932.731 16.0992 -6861.12
v 932.804 16.1214 -6861.21
v 932.811 16.0863 -6861.32
v 932.747 16.0144 -6861.39
v 932.577 15.9256 -6861.29
v 932.571 15.9607 -6861.18
v 931.668 16.8226 -6861.6
v 931.646 16.864 -6861.5
v 931.683 16.9601 -6861.43
v 931.758 17.0546 -6861.44
v 931.827 17.0921 -6861.53
v 931.85 17.0507 -6861.63
v 931.737 16.8601 -6861.69
v 931.668 16.8226 -6861.6
v 930.697 17.3151 -6862.19
v 930.638 17.2631 -6862.11
v 930.6 17.3036 -6862.01
v 930.607 17.4128 -6861.95
v 930.654 17.5269 -6861.97
v 930.713 17.5789 -6862.05
v 930.744 17.4292 -6862.21
v 930.697 17.3151 -6862.19
v 929.711 17.5192 -6862.86
v 929.697 17.3966 -6862.83
v 929.653 17.3338 -6862.74
v 929.604 17.3676 -6862.64
v 929.579 17.4782 -6862.59
v 929.592 17.6008 -6862.62
v 929.686 17.6298 -6862.81
v 929.711 17.5192 -6862.86
v 928.67 17.4351 -6863.49
v 928.724 17.3345 -6863.53
v 928.745 17.2158 -6863.5
v 928.72 17.1486 -6863.4
v 928.664 17.1722 -6863.3
v 928.61 17.2729 -6863.26
v 928.614 17.4588 -6863.39
v 928.67 17.4351 -6863.49
v 927.599 16.9565 -6864
v 927.657 16.9436 -6864.09
v 927.736 16.8622 -6864.13
v 927.789 16.7598 -6864.09
v 927.786 16.6966 -6863.99
v 927.728 16.7094 -6863.89
v 927.596 16.8932 -6863.9
v 927.599 16.9565 -6864
v 926.67 16.0139 -6864.31
v 926.652 16.0642 -6864.42
v 926.707 16.0603 -6864.52
v 926.803 16.0043 -6864.56
v 926.883 15.9291 -6864.51
v 926.9 15.8788 -6864.41
v 926.749 15.9387 -6864.27
v 926.67 16.0139 -6864.31
v 926.104 14.7135 -6864.43
v 926.006 14.7536 -6864.48
v 925.971 14.7825 -6864.58
v 926.02 14.7833 -6864.68
v 926.124 14.7555 -6864.73
v 926.222 14.7154 -6864.68
v 926.208 14.6857 -6864.47
v 926.104 14.7135 -6864.43
v 925.997 13.2989 -6864.37
v 925.886 13.2996 -6864.31
v 925.778 13.3006 -6864.35
v 925.738 13.3014 -6864.47
v 925.787 13.3015 -6864.59
v 925.898 13.3009 -6864.65
v 926.047 13.299 -6864.5
v 925.997 13.2989 -6864.37
v 926.303 11.9767 -6864.28
v 926.248 11.9829 -6864.12
v 926.132 11.9607 -6864.03
v 926.024 11.9231 -6864.06
v 925.986 11.8921 -6864.18
v 926.042 11.8859 -6864.33
v 926.266 11.9457 -6864.4
v 926.303 11.9767 -6864.28
v 929.723 17.6845 -6862.64
v 929.53 23.7161 -6862.86
v 929.645 23.7161 -6862.96
v 929.81 17.6845 -6862.72
v 929.655 23.7161 -6863.11
v 929.817 17.6845 -6862.83
v 929.555 23.7161 -6863.23
v 929.742 17.6845 -6862.92
v 929.403 23.7161 -6863.24
v 929.627 17.6845 -6862.93
v 929.289 23.7161 -6863.14
v 929.541 17.6845 -6862.85
v 929.278 23.7161 -6862.99
v 929.533 17.6845 -6862.74
v 929.378 23.7161 -6862.87
v 929.609 17.6845 -6862.65
v 929.53 23.7161 -6862.86
v 929.723 17.6845 -6862.64
v 925.272 21.803 -6865.01
v 934.121 22.3293 -6860.62
v 934.182 22.2756 -6860.73
v 925.332 21.7492 -6865.12
v 934.237 22.3293 -6860.85
v 925.388 21.803 -6865.24
v 934.255 22.4592 -6860.9
v 925.405 21.9328 -6865.29
v 934.225 22.5891 -6860.85
v 925.375 22.0627 -6865.25
v 934.164 22.6428 -6860.74
v 925.315 22.1165 -6865.13
v 934.109 22.5891 -6860.62
v 925.26 22.0627 -6865.02
v 934.091 22.4592 -6860.57
v 925.242 21.9328 -6864.96
v 934.121 22.3293 -6860.62
v 925.272 21.803 -6865.01
v 929.909 17.8025 -6862.58
v 930.491 22.6087 -6862.49
v 930.547 22.6028 -6862.54
v 929.964 17.7966 -6862.62
v 930.552 22.6035 -6862.62
v 929.969 17.7973 -6862.7
v 930.503 22.6103 -6862.67
v 929.921 17.8042 -6862.75
v 930.429 22.6194 -6862.68
v 929.847 17.8132 -6862.76
v 930.373 22.6253 -6862.63
v 929.791 17.8191 -6862.71
v 930.368 22.6246 -6862.55
v 929.786 17.8185 -6862.64
v 930.417 22.6178 -6862.5
v 929.835 17.8116 -6862.58
v 930.491 22.6087 -6862.49
v 929.909 17.8025 -6862.58
v 929.387 22.307 -6863.1
v 929.252 22.3013 -6863.17
v 929.213 22.2377 -6862.93
v 929.361 22.2645 -6862.94
v 929.495 22.2645 -6863.21
v 929.414 22.2377 -6863.34
v 929.621 22.1621 -6863.22
v 929.604 22.084 -6863.35
v 929.693 22.0596 -6863.12
v 929.711 21.9303 -6863.19
v 929.667 22.0172 -6862.96
v 929.672 21.8667 -6862.96
v 929.559 22.0596 -6862.85
v 929.51 21.9303 -6862.79
v 929.432 22.1621 -6862.84
v 929.32 22.084 -6862.78
v 929.361 22.2645 -6862.94
v 929.213 22.2377 -6862.93
v 929.247 22.4518 -6863.17
v 929.195 22.367 -6862.86
v 929.463 22.367 -6863.4
v 929.716 22.1621 -6863.41
v 929.858 21.9572 -6863.2
v 929.806 21.8723 -6862.89
v 929.591 21.9572 -6862.66
v 929.337 22.1621 -6862.65
v 929.195 22.367 -6862.86
v 929.382 22.4575 -6863.1
v 929.343 22.3938 -6862.87
v 929.544 22.3938 -6863.27
v 929.734 22.2402 -6863.28
v 929.84 22.0865 -6863.13
v 929.801 22.0228 -6862.89
v 929.639 22.0865 -6862.72
v 929.45 22.2402 -6862.71
v 929.343 22.3938 -6862.87
v 929.387 22.307 -6863.1
v 929.361 22.2645 -6862.94
v 929.495 22.2645 -6863.21
v 929.621 22.1621 -6863.22
v 929.693 22.0596 -6863.12
v 929.667 22.0172 -6862.96
v 929.559 22.0596 -6862.85
v 929.432 22.1621 -6862.84
v 929.361 22.2645 -6862.94
v 929.659 22.3152 -6862.96
v 929.645 22.4618 -6862.93
v 929.539 22.3433 -6862.75
v 929.589 22.2363 -6862.84
v 929.652 22.3045 -6863.13
v 929.635 22.4457 -6863.18
v 929.572 22.2103 -6863.23
v 929.514 22.3044 -6863.33
v 929.465 22.0879 -6863.22
v 929.353 22.1208 -6863.32
v 929.394 22.0089 -6863.1
v 929.248 22.0023 -6863.13
v 929.401 22.0197 -6862.93
v 929.258 22.0184 -6862.89
v 929.482 22.1138 -6862.83
v 929.379 22.1597 -6862.73
v 929.589 22.2363 -6862.84
v 929.539 22.3433 -6862.75
v 929.792 22.4684 -6862.9
v 929.651 22.3105 -6862.65
v 929.778 22.4469 -6863.22
v 929.616 22.2586 -6863.43
v 929.403 22.0137 -6863.41
v 929.262 21.8558 -6863.16
v 929.276 21.8773 -6862.84
v 929.437 22.0656 -6862.62
v 929.651 22.3105 -6862.65
v 929.806 22.3218 -6862.93
v 929.7 22.2034 -6862.74
v 929.795 22.3057 -6863.17
v 929.674 22.1645 -6863.33
v 929.514 21.9808 -6863.31
v 929.408 21.8624 -6863.13
v 929.419 21.8785 -6862.88
v 929.54 22.0197 -6862.72
v 929.7 22.2034 -6862.74
v 929.659 22.3152 -6862.96
v 929.589 22.2363 -6862.84
v 929.652 22.3045 -6863.13
v 929.572 22.2103 -6863.23
v 929.465 22.0879 -6863.22
v 929.394 22.0089 -6863.1
v 929.401 22.0197 -6862.93
v 929.482 22.1138 -6862.83
v 929.589 22.2363 -6862.84
v 925.105 11.9865 -6865.31
v 925.267 12.0782 -6865.46
v 925.236 12.6722 -6865.55
v 925.709 12.591 -6865.33
v 925.97 11.931 -6865.23
v 924.91 14.0981 -6865.17
v 925.363 14.4204 -6865.24
v 924.999 14.7984 -6865.14
v 925.408 14.5864 -6865.07
v 925.28 13.9091 -6865.44
v 925.698 14.0976 -6865.31
v 925.363 14.4204 -6865.24
v 925.534 14.5943 -6865.28
v 925.408 14.5864 -6865.07
v 925.534 14.5943 -6865.28
v 924.999 14.7984 -6865.14
v 925.463 14.7004 -6864.91
v 925.075 15.0306 -6865.04
v 924.976 15.0595 -6864.82
v 925.075 15.0306 -6865.04
v 924.945 14.0836 -6864.39
v 924.813 14.8376 -6864.65
v 925.218 14.7747 -6864.35
v 925.04 15.1562 -6864.59
v 924.813 14.8376 -6864.65
v 924.976 15.0595 -6864.82
v 925.149 15.3066 -6864.78
v 925.04 15.1562 -6864.59
v 924.813 14.8376 -6864.65
v 924.744 14.0442 -6864.65
v 924.744 14.0442 -6864.65
v 925.697 14.8272 -6865.32
v 925.697 14.8272 -6865.32
v 925.569 14.9895 -6864.95
v 925.697 14.8272 -6865.32
v 926.099 14.061 -6865.08
v 926.123 14.8165 -6865.08
v 925.992 15.1127 -6865.06
v 925.788 15.1007 -6865.18
v 925.788 15.1007 -6865.18
v 925.314 15.31 -6864.94
v 925.427 14.7636 -6864.31
v 925.283 15.4159 -6864.56
v 925.974 14.7814 -6864.89
v 925.992 15.1127 -6865.06
v 926.209 11.8626 -6865.13
v 926.129 11.8866 -6864.88
v 926.163 12.5206 -6865.1
v 925.994 11.9387 -6864.6
v 925.833 11.9343 -6864.38
v 925.077 12.4965 -6864.08
v 925.68 11.9971 -6864.2
v 925.089 11.8411 -6864.06
v 925.794 12.5681 -6864.43
v 925.654 12.6009 -6864.3
v 925.401 12.5725 -6864.15
v 924.886 11.8422 -6864.31
v 925.111 13.3005 -6864.15
v 924.685 12.5544 -6864.63
v 925.632 14.0634 -6864.36
v 925.388 14.0715 -6864.22
v 925.314 15.31 -6864.94
v 925.379 15.4399 -6864.73
v 925.075 15.0306 -6865.04
v 925.149 15.3066 -6864.78
v 925.442 15.3815 -6864.55
v 925.283 15.4159 -6864.56
v 925.442 15.3815 -6864.55
v 925.663 15.2845 -6865
v 925.779 15.3329 -6864.93
v 925.568 15.3431 -6864.94
v 925.8 15.3148 -6864.79
v 925.663 15.2845 -6865
v 925.568 15.3431 -6864.94
v 925.788 15.1007 -6865.18
v 925.693 15.3317 -6864.67
v 925.8 15.3148 -6864.79
v 925.779 15.3329 -6864.93
v 925.706 15.0868 -6864.62
v 925.693 15.3317 -6864.67
v 924.878 12.5631 -6865.16
v 925.025 13.3352 -6865.42
v 925.431 13.2985 -6865.47
v 924.82 11.8922 -6864.89
v 924.685 12.5544 -6864.63
v 924.743 13.3024 -6864.9
v 924.82 11.8922 -6864.89
v 925.992 15.1127 -6865.06
v 925.622 15.0917 -6864.43
v 925.622 15.0917 -6864.43
v 925.772 13.9376 -6864.61
v 925.991 13.3057 -6864.87
v 925.92 13.298 -6865.18
v 925.726 14.7689 -6864.5
v 933.461 12.1142 -6861.14
v 933.663 12.1525 -6861.3
v 933.5 13.3657 -6861.19
v 933.891 13.3764 -6861.43
v 933.663 12.1525 -6861.3
v 933.949 12.0821 -6861.37
v 933.891 13.3764 -6861.43
v 933.299 12.8106 -6860.97
v 933.272 12.1309 -6860.98
v 933.129 12.8174 -6860.71
v 933.278 12.1249 -6860.75
v 933.039 13.3811 -6860.43
v 933.16 12.8372 -6860.47
v 933.233 13.9604 -6860.69
v 933.282 13.3824 -6860.26
v 933.085 13.9441 -6860.44
v 934.194 13.3979 -6861.42
v 934.632 13.3778 -6860.98
v 934.567 14.4931 -6860.95
v 934.186 14.3806 -6861.34
v 934.643 12.8358 -6860.99
v 933.975 13.8182 -6861.3
v 934.211 12.7407 -6861.43
v 934.194 13.3979 -6861.42
v 934.186 14.3806 -6861.34
v 933.975 13.8182 -6861.3
v 934.422 12.0478 -6861.21
v 933.558 14.4808 -6860.1
v 933.82 13.9442 -6860.05
v 933.572 14.931 -6860.16
v 934.028 14.8252 -6860.19
v 934.482 13.945 -6860.71
v 934.443 14.4882 -6860.71
v 934.42 14.868 -6860.91
v 934.42 14.868 -6860.91
v 934.298 14.5097 -6860.48
v 934.159 15.2289 -6860.57
v 934.195 13.9349 -6860.33
v 934.423 12.7613 -6860.43
v 934.065 13.4162 -6860.03
v 934.052 13.9372 -6860.12
v 934.214 13.3782 -6860.22
v 934.083 12.8502 -6860.02
v 933.828 12.8096 -6860.05
v 934.627 12.0872 -6860.98
v 934.546 12.0751 -6860.69
v 934.432 12.0837 -6860.41
v 934.085 12.1575 -6860.03
v 933.874 12.1173 -6860.12
v 933.659 12.1314 -6860.25
v 933.475 12.1462 -6860.38
v 933.455 15.1506 -6860.83
v 933.601 15.4308 -6860.9
v 933.464 15.0907 -6860.6
v 933.499 14.3087 -6860.95
v 933.455 15.1506 -6860.83
v 933.464 15.0907 -6860.6
v 933.601 15.4308 -6860.9
v 933.695 15.5143 -6860.6
v 933.608 15.3235 -6860.24
v 933.361 14.9278 -6860.33
v 933.361 14.9278 -6860.33
v 933.826 15.2543 -6860.19
v 933.779 15.6378 -6860.96
v 933.975 15.4649 -6861.12
v 933.779 15.6378 -6860.96
v 934.094 15.2077 -6860.35
v 933.975 15.4649 -6861.12
v 934.159 15.2289 -6860.57
v 934.218 15.1955 -6860.73
v 934.218 15.1955 -6860.73
v 934.094 15.2077 -6860.35
v 934.029 15.1468 -6860.17
v 933.302 12.0953 -6860.5
v 934.222 15.2537 -6861.05
v 934.42 14.868 -6860.91
v 933.975 15.4649 -6861.12
v 934.222 15.2537 -6861.05
v 929.53 23.7161 -6862.86
v 929.378 23.7161 -6862.87
v 929.278 23.7161 -6862.99
v 929.289 23.7161 -6863.14
v 929.403 23.7161 -6863.24
v 929.555 23.7161 -6863.23
v 929.655 23.7161 -6863.11
v 929.645 23.7161 -6862.96
v 925.272 21.803 -6865.01
v 925.332 21.7492 -6865.12
v 925.388 21.803 -6865.24
v 925.405 21.9328 -6865.29
v 925.375 22.0627 -6865.25
v 925.315 22.1165 -6865.13
v 925.26 22.0627 -6865.02
v 925.242 21.9328 -6864.96
v 934.121 22.3293 -6860.62
v 934.091 22.4592 -6860.57
v 934.109 22.5891 -6860.62
v 934.164 22.6428 -6860.74
v 934.225 22.5891 -6860.85
v 934.255 22.4592 -6860.9
v 934.237 22.3293 -6860.85
v 934.182 22.2756 -6860.73
v 930.491 22.6087 -6862.49
v 930.417 22.6178 -6862.5
v 930.368 22.6246 -6862.55
v 930.373 22.6253 -6862.63
v 930.429 22.6194 -6862.68
v 930.503 22.6103 -6862.67
v 930.552 22.6035 -6862.62
v 930.547 22.6028 -6862.54
v 933.176 18.7036 -6861.23
v 933.176 22.2847 -6861.23
v 933.843 22.2847 -6860.9
v 933.843 18.7036 -6860.9
v 932.02 18.8438 -6861.89
v 931.986 22.2235 -6861.82
v 932.653 22.2235 -6861.49
v 932.687 18.8438 -6861.56
v 930.777 18.3074 -6862.34
v 930.809 22.1626 -6862.41
v 931.476 22.1626 -6862.07
v 931.444 18.3074 -6862.01
v 928.491 18.726 -6863.4
v 928.552 21.9911 -6863.53
v 929.219 21.9911 -6863.19
v 929.158 18.726 -6863.07
v 927.56 18.2993 -6864.02
v 927.56 21.9911 -6864.02
v 928.182 21.9911 -6863.71
v 928.182 18.2993 -6863.71
v 926.394 18.6922 -6864.47
v 926.446 21.9911 -6864.57
v 927.113 21.9911 -6864.24
v 927.061 18.6922 -6864.14
v 925.638 18.1493 -6865.09
v 925.59 21.9911 -6865
v 926.103 21.9911 -6864.74
v 926.15 18.1493 -6864.84
v 933.178 18.7036 -6861.23
v 933.845 18.7036 -6860.9
v 933.845 22.2847 -6860.9
v 933.178 22.2847 -6861.23
v 932.022 18.8439 -6861.89
v 932.689 18.8439 -6861.56
v 932.655 22.2236 -6861.49
v 931.988 22.2236 -6861.83
v 930.78 18.3073 -6862.35
v 931.447 18.3073 -6862.01
v 931.478 22.1625 -6862.08
v 930.811 22.1625 -6862.41
v 928.493 18.7258 -6863.41
v 929.16 18.7258 -6863.08
v 929.222 21.9909 -6863.2
v 928.555 21.9909 -6863.53
v 927.562 18.2993 -6864.02
v 928.184 18.2993 -6863.71
v 928.184 21.9911 -6863.71
v 927.562 21.9911 -6864.02
v 926.397 18.692 -6864.47
v 927.064 18.692 -6864.14
v 927.115 21.9909 -6864.24
v 926.448 21.9909 -6864.58
v 925.64 18.1494 -6865.1
v 926.152 18.1494 -6864.84
v 926.105 21.9912 -6864.75
v 925.592 21.9912 -6865
v 930.369 22.1514 -6862.59
v 930.289 20.8605 -6862.63
v 929.878 20.414 -6862.84
v 929.973 21.4974 -6862.79
v 929.511 20.6957 -6863.02
v 929.51 21.5279 -6863.02
v 929.365 22.8226 -6863.09
v 929.607 23.585 -6862.97
v 930.083 22.7489 -6862.74
v 929.67 22.2305 -6862.94
v 930.846 22.4297 -6862.36
v 930.263 22.1553 -6862.65
v 928.959 21.9556 -6863.29
v 928.286 22.2542 -6863.63
v 928.925 22.7018 -6863.31
v 929.374 22.2217 -6863.09
v 929.367 23.5937 -6863.09
v 929.59 22.9322 -6862.98
v 930.371 22.1514 -6862.6
v 929.975 21.4974 -6862.8
v 929.88 20.414 -6862.84
v 930.291 20.8605 -6862.64
v 929.512 21.5279 -6863.03
v 929.513 20.6957 -6863.02
v 929.367 22.8226 -6863.1
v 929.672 22.2305 -6862.95
v 930.085 22.7489 -6862.74
v 929.609 23.585 -6862.98
v 930.265 22.1553 -6862.65
v 930.848 22.4297 -6862.36
v 928.962 21.9556 -6863.3
v 929.376 22.2217 -6863.09
v 928.927 22.7018 -6863.32
v 928.288 22.2542 -6863.63
v 929.592 22.9322 -6862.99
v 929.369 23.5937 -6863.1
v 930.65 17.0446 -6862.41
v 929.863 17.3868 -6862.4
v 930.523 17.3155 -6862.03
v 930.301 17.9751 -6862.93
v 930.975 17.8089 -6862.6
v 930.923 17.9877 -6862.37
v 930.2 18.1711 -6862.6
v 929.886 17.757 -6862.27
v 930.587 17.777 -6861.99
v 930.975 17.8089 -6862.6
v 930.301 17.9751 -6862.93
v 930.256 17.7072 -6863.01
v 930.93 17.5167 -6862.68
v 930.733 17.9136 -6862.11
v 930.018 17.9916 -6862.36
v 930.784 17.093 -6862.59
v 930.141 17.308 -6862.96
v 929.983 17.2517 -6862.65
v 924.717 13.8844 -6864.62
v 924.9 13.9098 -6865.22
v 924.762 14.4851 -6864.64
v 924.955 14.5011 -6865.18
v 926.656 14.0729 -6864.75
v 926.547 13.5063 -6864.96
v 926.686 14.027 -6864.54
v 926.598 13.4478 -6864.56
v 926.143 13.4963 -6864.06
v 924.995 13.7814 -6864.24
v 926.172 14.1164 -6864.08
v 925.033 14.3928 -6864.35
v 926.656 14.0729 -6864.75
v 925.665 14.3597 -6865.33
v 926.547 13.5063 -6864.96
v 925.425 14.399 -6865.26
v 925.353 13.8384 -6865.49
v 926.544 14.0493 -6864.22
v 926.428 13.4684 -6864.25
v 926.306 14.0717 -6864.18
v 924.962 12.763 -6865.34
v 924.929 13.3543 -6865.33
v 924.629 12.7395 -6864.66
v 924.679 13.3402 -6864.7
v 926.439 13.0374 -6865.06
v 926.439 12.4275 -6865.08
v 926.638 12.4222 -6864.91
v 926.56 13.0383 -6864.82
v 925.08 12.5754 -6864.08
v 925.104 13.1842 -6864.13
v 926.005 13.0126 -6864.26
v 926.051 12.3952 -6864.12
v 926.439 12.4275 -6865.08
v 926.439 13.0374 -6865.06
v 925.255 13.3043 -6865.54
v 925.212 12.7112 -6865.59
v 926.192 13.0392 -6864.08
v 926.294 12.417 -6864.15
v 926.675 12.4209 -6864.69
v 926.609 13.0385 -6864.61
v 926.358 13.0388 -6864.17
v 926.506 12.4196 -6864.21
v 932.765 12.725 -6860.96
v 932.801 13.268 -6860.93
v 932.745 13.2727 -6860.71
v 932.757 12.7294 -6860.62
v 934.172 13.3322 -6861.44
v 934.185 12.7884 -6861.45
v 934.705 13.3701 -6861
v 933.432 13.3194 -6860.17
v 933.411 12.7745 -6860.15
v 934.185 12.7884 -6861.45
v 934.172 13.3322 -6861.44
v 933.17 13.2787 -6861.43
v 933.134 12.7321 -6861.45
v 934.715 12.827 -6860.97
v 934.355 12.8226 -6860.27
v 934.374 13.3669 -6860.31
v 932.947 13.2632 -6861.27
v 932.925 12.7207 -6861.29
v 934.095 12.8149 -6859.97
v 934.047 13.3564 -6859.99
v 932.676 13.7409 -6861.01
v 932.591 14.2872 -6861.13
v 932.763 14.3239 -6860.76
v 932.837 13.7587 -6860.64
v 934.148 14.5897 -6861.32
v 934.289 14.0564 -6861.37
v 934.536 14.7133 -6860.97
v 933.552 14.5798 -6860.1
v 933.603 14.039 -6860.03
v 934.289 14.0564 -6861.37
v 934.148 14.5897 -6861.32
v 933.087 14.333 -6861.49
v 933.143 13.7882 -6861.46
v 934.655 14.1858 -6860.91
v 934.129 14.1511 -6860.09
v 934.045 14.6877 -6860.13
v 932.832 14.2506 -6861.39
v 932.87 13.7231 -6861.29
v 930.651 17.0488 -6862.41
v 930.525 17.3178 -6862.04
v 929.865 17.3898 -6862.4
v 930.299 17.9727 -6862.93
v 930.199 18.167 -6862.6
v 930.922 17.9837 -6862.37
v 930.973 17.8066 -6862.6
v 930.589 17.7759 -6861.99
v 929.888 17.7558 -6862.27
v 930.973 17.8066 -6862.6
v 930.927 17.5169 -6862.68
v 930.254 17.7075 -6863.01
v 930.299 17.9727 -6862.93
v 930.019 17.988 -6862.37
v 930.734 17.91 -6862.12
v 930.783 17.0959 -6862.58
v 929.985 17.2561 -6862.65
v 930.141 17.3109 -6862.95
v 924.721 13.884 -6864.62
v 924.766 14.4847 -6864.64
v 924.904 13.9093 -6865.22
v 924.958 14.5001 -6865.18
v 926.652 14.0728 -6864.75
v 926.682 14.0276 -6864.54
v 926.543 13.5063 -6864.96
v 926.593 13.4486 -6864.56
v 926.142 13.4962 -6864.06
v 926.172 14.116 -6864.09
v 924.997 13.7807 -6864.25
v 925.035 14.3921 -6864.35
v 926.652 14.0728 -6864.75
v 926.543 13.5063 -6864.96
v 925.664 14.3587 -6865.33
v 925.426 14.3971 -6865.25
v 925.353 13.8373 -6865.49
v 926.541 14.05 -6864.22
v 926.304 14.0718 -6864.18
v 926.425 13.4688 -6864.25
v 924.966 12.7632 -6865.33
v 924.633 12.7393 -6864.66
v 924.933 13.3542 -6865.33
v 924.683 13.3399 -6864.7
v 926.436 13.0371 -6865.05
v 926.556 13.0377 -6864.82
v 926.634 12.4216 -6864.91
v 926.436 12.4271 -6865.08
v 925.082 12.5748 -6864.08
v 926.052 12.3948 -6864.13
v 926.005 13.0122 -6864.26
v 925.106 13.1836 -6864.14
v 926.436 12.4271 -6865.08
v 925.214 12.711 -6865.59
v 925.255 13.3039 -6865.53
v 926.436 13.0371 -6865.05
v 926.192 13.0392 -6864.09
v 926.294 12.417 -6864.16
v 926.604 13.0379 -6864.61
v 926.671 12.4203 -6864.69
v 926.355 13.0385 -6864.17
v 926.503 12.4194 -6864.21
v 932.769 12.7248 -6860.96
v 932.76 12.7291 -6860.62
v 932.749 13.2725 -6860.71
v 932.805 13.2678 -6860.93
v 934.17 13.3321 -6861.44
v 934.701 13.3701 -6861
v 934.183 12.7884 -6861.44
v 933.413 12.7742 -6860.15
v 933.434 13.3191 -6860.18
v 934.183 12.7884 -6861.44
v 933.135 12.7319 -6861.45
v 933.171 13.2785 -6861.43
v 934.17 13.3321 -6861.44
v 934.37 13.3667 -6860.32
v 934.351 12.8224 -6860.27
v 934.711 12.827 -6860.97
v 932.928 12.7204 -6861.28
v 932.951 13.2629 -6861.27
v 934.046 13.3561 -6859.99
v 934.094 12.8147 -6859.97
v 932.68 13.7415 -6861.01
v 932.841 13.7585 -6860.64
v 932.767 14.3238 -6860.76
v 932.595 14.2878 -6861.13
v 934.146 14.589 -6861.31
v 934.533 14.7125 -6860.96
v 934.287 14.0558 -6861.36
v 933.554 14.5794 -6860.11
v 933.605 14.0386 -6860.03
v 934.287 14.0558 -6861.36
v 933.144 13.7884 -6861.46
v 933.088 14.3332 -6861.48
v 934.146 14.589 -6861.31
v 934.043 14.6869 -6860.14
v 934.127 14.1503 -6860.1
v 934.651 14.1851 -6860.91
v 932.872 13.7239 -6861.29
v 932.835 14.2514 -6861.39
v 918.457 15.5359 -6849.39
v 918.25 16.9048 -6849.59
v 918.27 16.9038 -6849.38
v 918.604 15.5967 -6849.29
v 918.604 15.5967 -6849.29
v 918.27 16.9038 -6849.38
v 918.417 16.9021 -6849.27
v 918.798 15.6432 -6849.39
v 918.605 16.9007 -6849.32
v 918.927 15.6483 -6849.61
v 918.725 16.9005 -6849.5
v 918.914 15.609 -6849.84
v 918.705 16.9015 -6849.7
v 918.768 15.5482 -6849.94
v 918.558 16.9031 -6849.81
v 918.574 15.5017 -6849.85
v 918.459 18.3097 -6849.6
v 918.345 18.3242 -6849.46
v 918.345 18.3242 -6849.46
v 918.358 18.2903 -6849.28
v 918.491 18.2278 -6849.17
v 918.666 18.1733 -6849.19
v 918.781 18.1588 -6849.33
v 918.768 18.1927 -6849.51
v 919.06 19.5407 -6849.39
v 918.905 19.6472 -6849.38
v 918.905 19.6472 -6849.38
v 918.788 19.6828 -6849.24
v 918.778 19.6267 -6849.06
v 918.88 19.5116 -6848.95
v 919.035 19.4051 -6848.97
v 919.152 19.3695 -6849.11
v 919.922 20.444 -6848.98
v 919.862 20.5978 -6849.09
v 919.862 20.5978 -6849.09
v 919.741 20.7489 -6849.07
v 919.631 20.8089 -6848.93
v 919.595 20.7427 -6848.76
v 919.654 20.589 -6848.66
v 919.775 20.4378 -6848.68
v 920.901 20.9856 -6848.43
v 920.961 21.0504 -6848.59
v 920.961 21.0504 -6848.59
v 920.95 21.2252 -6848.68
v 920.876 21.4077 -6848.65
v 920.781 21.491 -6848.51
v 920.721 21.4262 -6848.35
v 920.731 21.2514 -6848.26
v 921.93 21.1941 -6847.81
v 922.001 21.0936 -6847.95
v 922.001 21.0936 -6847.95
v 922.079 21.1477 -6848.11
v 922.12 21.3246 -6848.19
v 922.098 21.5208 -6848.15
v 922.027 21.6213 -6848
v 921.949 21.5673 -6847.84
v 922.993 21.0617 -6847.21
v 922.96 20.8718 -6847.26
v 922.96 20.8718 -6847.26
v 923 20.7643 -6847.41
v 923.089 20.8022 -6847.57
v 923.177 20.9632 -6847.64
v 923.21 21.1531 -6847.58
v 923.17 21.2606 -6847.43
v 924.036 20.5289 -6846.7
v 923.91 20.3986 -6846.64
v 923.91 20.3986 -6846.64
v 923.825 20.2349 -6846.71
v 923.831 20.1336 -6846.87
v 923.923 20.1541 -6847.02
v 924.049 20.2844 -6847.09
v 924.134 20.4482 -6847.02
v 924.915 19.5744 -6846.36
v 924.827 19.5681 -6846.2
v 924.827 19.5681 -6846.2
v 924.674 19.4785 -6846.14
v 924.546 19.3583 -6846.21
v 924.518 19.2777 -6846.38
v 924.607 19.284 -6846.54
v 924.759 19.3736 -6846.6
v 925.461 18.3002 -6846.19
v 925.516 18.3465 -6846.02
v 925.516 18.3465 -6846.02
v 925.438 18.3477 -6845.86
v 925.271 18.3032 -6845.79
v 925.114 18.2391 -6845.87
v 925.059 18.1928 -6846.04
v 925.137 18.1916 -6846.2
v 925.595 16.904 -6846.19
v 925.767 16.9056 -6846.13
v 925.767 16.9056 -6846.13
v 925.833 16.9069 -6845.95
v 925.753 16.9071 -6845.75
v 925.575 16.906 -6845.65
v 925.403 16.9043 -6845.72
v 925.338 16.903 -6845.9
v 925.34 15.5647 -6846.28
v 925.526 15.5292 -6846.43
v 925.526 15.5292 -6846.43
v 925.699 15.469 -6846.39
v 925.758 15.4195 -6846.19
v 925.67 15.4095 -6845.95
v 925.484 15.445 -6845.8
v 925.311 15.5052 -6845.84
v 918.178 15.3919 -6849.76
v 918.311 16.9064 -6850.1
v 918.199 16.9066 -6849.94
v 918.19 15.4288 -6849.54
v 918.218 16.9057 -6849.75
v 918.327 15.4857 -6849.45
v 918.356 16.9041 -6849.65
v 918.509 15.5294 -6849.54
v 918.644 16.9026 -6849.85
v 918.618 15.4973 -6849.96
v 918.626 16.9035 -6850.04
v 918.481 15.4403 -6850.05
v 918.488 16.9051 -6850.15
v 918.299 15.3967 -6849.97
v 918.311 16.9064 -6850.1
v 918.178 15.3919 -6849.76
v 918.813 18.2384 -6849.88
v 918.649 18.2895 -6849.86
v 918.542 18.3031 -6849.73
v 918.554 18.2712 -6849.56
v 918.843 18.1616 -6849.47
v 918.951 18.148 -6849.61
v 918.938 18.1798 -6849.77
v 918.813 18.2384 -6849.88
v 919.429 19.2504 -6849.34
v 919.333 19.3582 -6849.44
v 919.188 19.4581 -6849.42
v 919.078 19.4915 -6849.3
v 919.164 19.331 -6849.03
v 919.31 19.2311 -6849.04
v 919.419 19.1977 -6849.17
v 919.429 19.2504 -6849.34
v 920.002 20.1068 -6848.65
v 920.036 20.1689 -6848.81
v 919.98 20.3131 -6848.91
v 919.867 20.4548 -6848.89
v 919.729 20.4489 -6848.6
v 919.785 20.3048 -6848.51
v 919.898 20.1631 -6848.53
v 920.002 20.1068 -6848.65
v 920.713 20.9346 -6848.01
v 920.802 20.8565 -6848.14
v 920.858 20.9172 -6848.3
v 920.849 21.0811 -6848.38
v 920.689 21.3303 -6848.23
v 920.633 21.2696 -6848.07
v 920.643 21.1057 -6847.99
v 920.713 20.9346 -6848.01
v 921.782 21.5397 -6847.51
v 921.802 21.3558 -6847.55
v 921.869 21.2616 -6847.68
v 921.942 21.3123 -6847.83
v 921.96 21.6621 -6847.87
v 921.893 21.7563 -6847.73
v 921.82 21.7056 -6847.59
v 921.782 21.5397 -6847.51
v 923.127 21.5431 -6847.16
v 923.045 21.3921 -6847.1
v 923.013 21.2141 -6847.15
v 923.051 21.1133 -6847.29
v 923.216 21.2998 -6847.5
v 923.248 21.4778 -6847.45
v 923.211 21.5786 -6847.31
v 923.127 21.5431 -6847.16
v 924.343 20.7856 -6846.95
v 924.257 20.7663 -6846.8
v 924.139 20.6442 -6846.74
v 924.059 20.4906 -6846.81
v 924.151 20.4149 -6847.1
v 924.269 20.5371 -6847.16
v 924.349 20.6906 -6847.1
v 924.343 20.7856 -6846.95
v 925.055 19.5201 -6846.79
v 925.081 19.5956 -6846.63
v 924.998 19.5897 -6846.48
v 924.855 19.5058 -6846.43
v 924.709 19.3175 -6846.65
v 924.792 19.3234 -6846.8
v 924.935 19.4073 -6846.86
v 925.055 19.5201 -6846.79
v 925.229 18.1626 -6846.56
v 925.377 18.2227 -6846.5
v 925.429 18.2661 -6846.34
v 925.356 18.2672 -6846.18
v 925.052 18.1654 -6846.19
v 925 18.122 -6846.35
v 925.073 18.1209 -6846.5
v 925.229 18.1626 -6846.56
v 925.133 16.9 -6846.23
v 925.3 16.901 -6846.32
v 925.461 16.9026 -6846.26
v 925.522 16.9038 -6846.09
v 925.281 16.9029 -6845.81
v 925.12 16.9014 -6845.87
v 925.058 16.9001 -6846.05
v 925.133 16.9 -6846.23
v 924.926 15.6219 -6845.82
v 925.009 15.6312 -6846.05
v 925.183 15.5979 -6846.18
v 925.346 15.5415 -6846.15
v 925.318 15.4858 -6845.73
v 925.144 15.519 -6845.59
v 924.982 15.5754 -6845.63
v 924.926 15.6219 -6845.82
v 918.074 15.421 -6849.36
v 918.041 16.9078 -6849.91
v 917.967 16.908 -6849.8
v 918.082 15.4456 -6849.22
v 917.979 16.9074 -6849.67
v 918.173 15.4835 -6849.16
v 918.071 16.9063 -6849.61
v 918.295 15.5126 -6849.21
v 918.189 16.9055 -6849.63
v 918.375 15.5158 -6849.35
v 918.263 16.9053 -6849.74
v 918.367 15.4912 -6849.5
v 918.159 16.907 -6849.94
v 918.154 15.4242 -6849.5
v 918.041 16.9078 -6849.91
v 918.074 15.421 -6849.36
v 918.545 18.3407 -6849.96
v 918.436 18.3747 -6849.95
v 918.364 18.3838 -6849.86
v 918.372 18.3626 -6849.75
v 918.456 18.3235 -6849.68
v 918.565 18.2895 -6849.69
v 918.628 18.3016 -6849.89
v 918.545 18.3407 -6849.96
v 919.351 19.3988 -6849.59
v 919.287 19.4707 -6849.66
v 919.19 19.5373 -6849.65
v 919.117 19.5596 -6849.56
v 919.111 19.5244 -6849.45
v 919.174 19.4525 -6849.38
v 919.344 19.3637 -6849.48
v 919.351 19.3988 -6849.59
v 920.132 20.1099 -6848.92
v 920.154 20.1513 -6849.02
v 920.117 20.2474 -6849.09
v 920.042 20.3419 -6849.08
v 919.972 20.3794 -6848.99
v 919.95 20.338 -6848.89
v 920.063 20.1474 -6848.83
v 920.132 20.1099 -6848.92
v 920.861 20.7007 -6848.16
v 920.92 20.6487 -6848.25
v 920.958 20.6891 -6848.35
v 920.951 20.7984 -6848.41
v 920.905 20.9125 -6848.39
v 920.845 20.9645 -6848.3
v 920.814 20.8147 -6848.14
v 920.861 20.7007 -6848.16
v 921.765 21.2142 -6847.47
v 921.778 21.0916 -6847.5
v 921.822 21.0288 -6847.59
v 921.872 21.0626 -6847.69
v 921.897 21.1732 -6847.74
v 921.883 21.2958 -6847.71
v 921.79 21.3248 -6847.52
v 921.765 21.2142 -6847.47
v 922.972 21.3717 -6846.96
v 922.918 21.2711 -6846.92
v 922.897 21.1524 -6846.95
v 922.922 21.0852 -6847.05
v 922.978 21.1088 -6847.14
v 923.032 21.2095 -6847.19
v 923.028 21.3954 -6847.06
v 922.972 21.3717 -6846.96
v 924.259 20.8583 -6846.67
v 924.201 20.8455 -6846.58
v 924.123 20.7641 -6846.54
v 924.07 20.6617 -6846.58
v 924.073 20.5984 -6846.68
v 924.131 20.6112 -6846.78
v 924.263 20.795 -6846.77
v 924.259 20.8583 -6846.67
v 925.192 19.6962 -6846.58
v 925.21 19.7465 -6846.48
v 925.155 19.7426 -6846.38
v 925.059 19.6866 -6846.34
v 924.979 19.6115 -6846.39
v 924.962 19.5611 -6846.49
v 925.112 19.621 -6846.63
v 925.192 19.6962 -6846.58
v 925.512 18.257 -6846.56
v 925.61 18.2971 -6846.51
v 925.645 18.3261 -6846.41
v 925.596 18.3268 -6846.3
v 925.492 18.299 -6846.26
v 925.394 18.2589 -6846.31
v 925.408 18.2292 -6846.52
v 925.512 18.257 -6846.56
v 925.356 16.9008 -6846.49
v 925.467 16.9014 -6846.55
v 925.575 16.9025 -6846.51
v 925.616 16.9033 -6846.39
v 925.566 16.9034 -6846.27
v 925.455 16.9027 -6846.21
v 925.306 16.9009 -6846.37
v 925.356 16.9008 -6846.49
v 924.949 15.6746 -6846.2
v 925.005 15.6808 -6846.35
v 925.12 15.6586 -6846.45
v 925.229 15.621 -6846.42
v 925.266 15.59 -6846.3
v 925.21 15.5838 -6846.15
v 924.986 15.6436 -6846.08
v 924.949 15.6746 -6846.2
v 918.639 16.9032 -6849.98
v 918.576 16.9027 -6849.74
v 918.634 15.5239 -6849.82
v 918.535 15.4614 -6850.03
v 918.669 16.9017 -6849.67
v 918.756 15.553 -6849.88
v 918.786 16.9008 -6849.7
v 918.836 15.5562 -6850.02
v 918.861 16.9006 -6849.81
v 918.829 15.5316 -6850.17
v 918.849 16.9013 -6849.94
v 918.737 15.4937 -6850.23
v 918.756 16.9023 -6850.01
v 918.616 15.4646 -6850.17
v 918.639 16.9032 -6849.98
v 918.535 15.4614 -6850.03
v 918.916 18.151 -6849.55
v 918.735 18.1941 -6849.45
v 918.743 18.1729 -6849.34
v 918.826 18.1338 -6849.27
v 918.936 18.0998 -6849.28
v 919.007 18.0907 -6849.37
v 918.999 18.1119 -6849.48
v 918.916 18.151 -6849.55
v 919.256 19.2659 -6849.03
v 919.095 19.4044 -6849.09
v 919.022 19.4267 -6849
v 919.016 19.3916 -6848.89
v 919.08 19.3197 -6848.83
v 919.177 19.2531 -6848.84
v 919.25 19.2308 -6848.92
v 919.256 19.2659 -6849.03
v 919.761 20.3595 -6848.54
v 919.747 20.497 -6848.71
v 919.671 20.5915 -6848.69
v 919.602 20.629 -6848.61
v 919.579 20.5876 -6848.5
v 919.617 20.4915 -6848.44
v 919.692 20.397 -6848.45
v 919.761 20.3595 -6848.54
v 920.651 21.2976 -6848.13
v 920.748 21.286 -6848.32
v 920.742 21.3953 -6848.37
v 920.695 21.5093 -6848.35
v 920.635 21.5614 -6848.27
v 920.598 21.5209 -6848.17
v 920.605 21.4116 -6848.11
v 920.651 21.2976 -6848.13
v 921.919 21.7274 -6847.79
v 921.977 21.5419 -6847.9
v 922.026 21.5757 -6848
v 922.051 21.6863 -6848.05
v 922.037 21.8089 -6848.02
v 921.993 21.8718 -6847.93
v 921.944 21.838 -6847.84
v 921.919 21.7274 -6847.79
v 923.239 21.4138 -6847.47
v 923.164 21.1945 -6847.46
v 923.189 21.1273 -6847.56
v 923.245 21.1509 -6847.66
v 923.299 21.2516 -6847.7
v 923.32 21.3703 -6847.66
v 923.295 21.4375 -6847.57
v 923.239 21.4138 -6847.47
v 924.226 20.4891 -6847.14
v 924.089 20.3949 -6847.01
v 924.036 20.2925 -6847.05
v 924.039 20.2292 -6847.15
v 924.097 20.2421 -6847.25
v 924.176 20.3235 -6847.29
v 924.229 20.4258 -6847.24
v 924.226 20.4891 -6847.14
v 924.757 19.3174 -6846.75
v 924.72 19.3638 -6846.55
v 924.624 19.3079 -6846.51
v 924.544 19.2327 -6846.55
v 924.527 19.1824 -6846.66
v 924.582 19.1863 -6846.76
v 924.677 19.2423 -6846.8
v 924.757 19.3174 -6846.75
v 925.014 18.1365 -6846.29
v 925.147 18.2055 -6846.14
v 925.098 18.2063 -6846.03
v 924.994 18.1785 -6845.99
v 924.895 18.1384 -6846.04
v 924.861 18.1095 -6846.15
v 924.91 18.1087 -6846.25
v 925.014 18.1365 -6846.29
v 925.176 16.9019 -6845.85
v 925.395 16.9037 -6845.87
v 925.436 16.9045 -6845.75
v 925.386 16.9046 -6845.63
v 925.275 16.9039 -6845.57
v 925.167 16.9028 -6845.61
v 925.127 16.902 -6845.72
v 925.176 16.9019 -6845.85
v 925.381 15.4893 -6845.88
v 925.21 15.5053 -6845.64
v 925.49 15.4517 -6845.86
v 925.527 15.4208 -6845.73
v 925.471 15.4145 -6845.58
v 925.356 15.4367 -6845.49
v 925.247 15.4743 -6845.51
v 925.21 15.5053 -6845.64
v 918.415 15.5364 -6849.3
v 918.181 16.9052 -6849.56
v 918.106 16.9054 -6849.45
v 918.423 15.561 -6849.16
v 918.118 16.9048 -6849.32
v 918.514 15.5989 -6849.1
v 918.21 16.9037 -6849.26
v 918.636 15.628 -6849.16
v 918.328 16.9029 -6849.28
v 918.716 15.6312 -6849.3
v 918.403 16.9027 -6849.39
v 918.708 15.6066 -6849.44
v 918.298 16.9044 -6849.59
v 918.496 15.5396 -6849.44
v 918.181 16.9052 -6849.56
v 918.415 15.5364 -6849.3
v 918.405 18.3335 -6849.64
v 918.296 18.3676 -6849.62
v 918.224 18.3766 -6849.53
v 918.233 18.3554 -6849.42
v 918.316 18.3164 -6849.35
v 918.425 18.2823 -6849.37
v 918.489 18.2945 -6849.57
v 918.405 18.3335 -6849.64
v 919.058 19.5657 -6849.46
v 918.994 19.6377 -6849.53
v 918.897 19.7042 -6849.52
v 918.824 19.7265 -6849.43
v 918.818 19.6914 -6849.32
v 918.882 19.6195 -6849.25
v 919.052 19.5306 -6849.35
v 919.058 19.5657 -6849.46
v 919.961 20.4277 -6849.04
v 919.983 20.4691 -6849.14
v 919.946 20.5652 -6849.21
v 919.87 20.6596 -6849.19
v 919.801 20.6972 -6849.11
v 919.779 20.6558 -6849
v 919.891 20.4652 -6848.95
v 919.961 20.4277 -6849.04
v 920.931 20.9202 -6848.44
v 920.991 20.8682 -6848.53
v 921.028 20.9086 -6848.63
v 921.022 21.0179 -6848.69
v 920.975 21.132 -6848.67
v 920.915 21.184 -6848.59
v 920.885 21.0343 -6848.43
v 920.931 20.9202 -6848.44
v 921.918 21.1243 -6847.78
v 921.931 21.0017 -6847.81
v 921.976 20.9389 -6847.9
v 922.025 20.9727 -6848
v 922.05 21.0832 -6848.05
v 922.036 21.2059 -6848.02
v 921.943 21.2349 -6847.83
v 921.918 21.1243 -6847.78
v 922.959 21.0402 -6847.15
v 922.904 20.9395 -6847.11
v 922.883 20.8208 -6847.14
v 922.908 20.7537 -6847.24
v 922.964 20.7773 -6847.33
v 923.019 20.878 -6847.38
v 923.015 21.0639 -6847.25
v 922.959 21.0402 -6847.15
v 924.029 20.5615 -6846.64
v 923.971 20.5487 -6846.54
v 923.893 20.4673 -6846.51
v 923.84 20.3649 -6846.55
v 923.843 20.3016 -6846.65
v 923.901 20.3144 -6846.75
v 924.033 20.4982 -6846.74
v 924.029 20.5615 -6846.64
v 924.959 19.6189 -6846.33
v 924.977 19.6693 -6846.22
v 924.921 19.6653 -6846.12
v 924.826 19.6094 -6846.08
v 924.746 19.5342 -6846.13
v 924.729 19.4839 -6846.23
v 924.879 19.5438 -6846.37
v 924.959 19.6189 -6846.33
v 925.525 18.3186 -6846.21
v 925.623 18.3587 -6846.16
v 925.658 18.3876 -6846.06
v 925.609 18.3884 -6845.95
v 925.505 18.3606 -6845.91
v 925.407 18.3205 -6845.96
v 925.421 18.2908 -6846.17
v 925.525 18.3186 -6846.21
v 925.632 16.904 -6846.26
v 925.743 16.9046 -6846.32
v 925.85 16.9057 -6846.28
v 925.891 16.9065 -6846.17
v 925.841 16.9066 -6846.05
v 925.73 16.9059 -6845.99
v 925.582 16.9041 -6846.14
v 925.632 16.904 -6846.26
v 925.325 15.5817 -6846.36
v 925.381 15.5879 -6846.52
v 925.497 15.5658 -6846.61
v 925.605 15.5282 -6846.58
v 925.642 15.4972 -6846.46
v 925.587 15.491 -6846.3
v 925.362 15.5508 -6846.24
v 925.325 15.5817 -6846.36
v 921.906 21.2896 -6848
v 922.099 27.3212 -6847.78
v 921.984 27.3212 -6847.68
v 921.819 21.2896 -6847.92
v 921.974 27.3212 -6847.53
v 921.811 21.2896 -6847.81
v 922.074 27.3212 -6847.41
v 921.887 21.2896 -6847.72
v 922.226 27.3212 -6847.4
v 922.001 21.2896 -6847.71
v 922.34 27.3212 -6847.5
v 922.088 21.2896 -6847.79
v 922.351 27.3212 -6847.65
v 922.096 21.2896 -6847.9
v 922.25 27.3212 -6847.77
v 922.02 21.2896 -6847.99
v 922.099 27.3212 -6847.78
v 921.906 21.2896 -6848
v 926.357 25.4081 -6845.63
v 917.507 25.9344 -6850.02
v 917.447 25.8806 -6849.91
v 926.296 25.3543 -6845.52
v 917.392 25.9344 -6849.79
v 926.241 25.4081 -6845.4
v 917.374 26.0643 -6849.74
v 926.223 25.5379 -6845.35
v 917.404 26.1941 -6849.78
v 926.253 25.6678 -6845.39
v 917.464 26.2479 -6849.9
v 926.314 25.7216 -6845.51
v 917.52 26.1941 -6850.02
v 926.369 25.6678 -6845.62
v 917.537 26.0643 -6850.07
v 926.387 25.5379 -6845.68
v 917.507 25.9344 -6850.02
v 926.357 25.4081 -6845.63
v 921.72 21.4076 -6848.06
v 921.138 26.2138 -6848.15
v 921.082 26.2079 -6848.1
v 921.664 21.4017 -6848.01
v 921.077 26.2085 -6848.02
v 921.659 21.4023 -6847.94
v 921.126 26.2154 -6847.97
v 921.708 21.4092 -6847.88
v 921.2 26.2244 -6847.96
v 921.782 21.4183 -6847.88
v 921.256 26.2304 -6848.01
v 921.838 21.4242 -6847.93
v 921.261 26.2297 -6848.08
v 921.843 21.4235 -6848
v 921.212 26.2228 -6848.14
v 921.794 21.4166 -6848.06
v 921.138 26.2138 -6848.15
v 921.72 21.4076 -6848.06
v 922.242 25.912 -6847.54
v 922.377 25.9064 -6847.47
v 922.416 25.8427 -6847.71
v 922.268 25.8696 -6847.7
v 922.134 25.8696 -6847.43
v 922.215 25.8427 -6847.3
v 922.007 25.7671 -6847.42
v 922.025 25.6891 -6847.29
v 921.936 25.6647 -6847.52
v 921.918 25.5354 -6847.45
v 921.962 25.6223 -6847.68
v 921.957 25.4718 -6847.68
v 922.07 25.6647 -6847.79
v 922.119 25.5354 -6847.85
v 922.197 25.7671 -6847.8
v 922.309 25.6891 -6847.86
v 922.268 25.8696 -6847.7
v 922.416 25.8427 -6847.71
v 922.382 26.0569 -6847.47
v 922.434 25.972 -6847.78
v 922.166 25.972 -6847.24
v 921.913 25.7671 -6847.23
v 921.77 25.5623 -6847.44
v 921.822 25.4774 -6847.75
v 922.038 25.5623 -6847.98
v 922.291 25.7671 -6847.99
v 922.434 25.972 -6847.78
v 922.247 26.0625 -6847.54
v 922.286 25.9989 -6847.77
v 922.085 25.9989 -6847.37
v 921.895 25.8452 -6847.36
v 921.788 25.6916 -6847.51
v 921.827 25.6279 -6847.75
v 921.989 25.6916 -6847.92
v 922.179 25.8452 -6847.93
v 922.286 25.9989 -6847.77
v 922.242 25.912 -6847.54
v 922.268 25.8696 -6847.7
v 922.134 25.8696 -6847.43
v 922.007 25.7671 -6847.42
v 921.936 25.6647 -6847.52
v 921.962 25.6223 -6847.68
v 922.07 25.6647 -6847.79
v 922.197 25.7671 -6847.8
v 922.268 25.8696 -6847.7
v 921.969 25.9203 -6847.68
v 921.983 26.0669 -6847.71
v 922.089 25.9484 -6847.89
v 922.04 25.8413 -6847.8
v 921.977 25.9096 -6847.51
v 921.994 26.0507 -6847.46
v 922.057 25.8154 -6847.41
v 922.115 25.9095 -6847.3
v 922.164 25.693 -6847.42
v 922.275 25.7258 -6847.32
v 922.234 25.614 -6847.54
v 922.381 25.6074 -6847.51
v 922.227 25.6247 -6847.71
v 922.37 25.6235 -6847.75
v 922.147 25.7189 -6847.81
v 922.249 25.7648 -6847.91
v 922.04 25.8413 -6847.8
v 922.089 25.9484 -6847.89
v 921.837 26.0735 -6847.74
v 921.978 25.9155 -6847.99
v 921.851 26.052 -6847.42
v 922.012 25.8636 -6847.2
v 922.226 25.6188 -6847.23
v 922.367 25.4608 -6847.48
v 922.353 25.4823 -6847.8
v 922.192 25.6707 -6848.01
v 921.978 25.9155 -6847.99
v 921.823 25.9269 -6847.71
v 921.929 25.8085 -6847.9
v 921.833 25.9108 -6847.47
v 921.954 25.7695 -6847.31
v 922.115 25.5859 -6847.33
v 922.221 25.4674 -6847.51
v 922.21 25.4836 -6847.76
v 922.089 25.6248 -6847.91
v 921.929 25.8085 -6847.9
v 921.969 25.9203 -6847.68
v 922.04 25.8413 -6847.8
v 921.977 25.9096 -6847.51
v 922.057 25.8154 -6847.41
v 922.164 25.693 -6847.42
v 922.234 25.614 -6847.54
v 922.227 25.6247 -6847.71
v 922.147 25.7189 -6847.81
v 922.04 25.8413 -6847.8
v 926.524 15.5916 -6845.33
v 926.361 15.6833 -6845.18
v 926.392 16.2772 -6845.09
v 925.92 16.1961 -6845.31
v 925.659 15.5361 -6845.4
v 926.719 17.7032 -6845.47
v 926.265 18.0255 -6845.4
v 926.63 18.4035 -6845.5
v 926.221 18.1914 -6845.57
v 926.348 17.5142 -6845.2
v 925.931 17.7027 -6845.33
v 926.265 18.0255 -6845.4
v 926.095 18.1994 -6845.36
v 926.221 18.1914 -6845.57
v 926.095 18.1994 -6845.36
v 926.63 18.4035 -6845.5
v 926.166 18.3054 -6845.73
v 926.553 18.6357 -6845.6
v 926.652 18.6646 -6845.82
v 926.553 18.6357 -6845.6
v 926.684 17.6887 -6846.25
v 926.816 18.4427 -6845.99
v 926.41 18.3798 -6846.29
v 926.589 18.7613 -6846.05
v 926.816 18.4427 -6845.99
v 926.652 18.6646 -6845.82
v 926.48 18.9116 -6845.86
v 926.589 18.7613 -6846.05
v 926.816 18.4427 -6845.99
v 926.884 17.6492 -6845.99
v 926.884 17.6492 -6845.99
v 925.932 18.4322 -6845.32
v 925.932 18.4322 -6845.32
v 926.06 18.5946 -6845.68
v 925.932 18.4322 -6845.32
v 925.53 17.6661 -6845.56
v 925.505 18.4216 -6845.56
v 925.637 18.7177 -6845.58
v 925.841 18.7058 -6845.46
v 925.841 18.7058 -6845.46
v 926.314 18.9151 -6845.7
v 926.202 18.3686 -6846.32
v 926.345 19.021 -6846.08
v 925.655 18.3865 -6845.75
v 925.637 18.7177 -6845.58
v 925.419 15.4676 -6845.51
v 925.499 15.4916 -6845.76
v 925.465 16.1257 -6845.54
v 925.635 15.5437 -6846.04
v 925.796 15.5393 -6846.26
v 926.552 16.1016 -6846.56
v 925.949 15.6021 -6846.44
v 926.539 15.4462 -6846.58
v 925.835 16.1731 -6846.21
v 925.975 16.206 -6846.34
v 926.227 16.1776 -6846.49
v 926.743 15.4473 -6846.33
v 926.517 16.9056 -6846.49
v 926.943 16.1595 -6846.01
v 925.997 17.6684 -6846.28
v 926.24 17.6766 -6846.42
v 926.314 18.9151 -6845.7
v 926.25 19.0449 -6845.91
v 926.553 18.6357 -6845.6
v 926.48 18.9116 -6845.86
v 926.187 18.9866 -6846.09
v 926.345 19.021 -6846.08
v 926.187 18.9866 -6846.09
v 925.966 18.8895 -6845.64
v 925.85 18.9379 -6845.71
v 926.06 18.9482 -6845.7
v 925.828 18.9199 -6845.85
v 925.966 18.8895 -6845.64
v 926.06 18.9482 -6845.7
v 925.841 18.7058 -6845.46
v 925.936 18.9368 -6845.97
v 925.828 18.9199 -6845.85
v 925.85 18.9379 -6845.71
v 925.923 18.6919 -6846.02
v 925.936 18.9368 -6845.97
v 926.751 16.1682 -6845.48
v 926.604 16.9403 -6845.22
v 926.198 16.9035 -6845.17
v 926.809 15.4973 -6845.75
v 926.943 16.1595 -6846.01
v 926.886 16.9074 -6845.74
v 926.809 15.4973 -6845.75
v 925.637 18.7177 -6845.58
v 926.006 18.6967 -6846.2
v 926.006 18.6967 -6846.2
v 925.856 17.5426 -6846.03
v 925.638 16.9108 -6845.77
v 925.709 16.9031 -6845.46
v 925.903 18.374 -6846.14
v 918.168 15.7193 -6849.5
v 917.965 15.7576 -6849.34
v 918.129 16.9707 -6849.45
v 917.738 16.9815 -6849.21
v 917.965 15.7576 -6849.34
v 917.68 15.6871 -6849.27
v 917.738 16.9815 -6849.21
v 918.33 16.4157 -6849.67
v 918.357 15.7359 -6849.66
v 918.5 16.4225 -6849.93
v 918.35 15.73 -6849.89
v 918.59 16.9862 -6850.21
v 918.469 16.4423 -6850.17
v 918.395 17.5655 -6849.95
v 918.347 16.9875 -6850.38
v 918.544 17.5492 -6850.2
v 917.435 17.003 -6849.22
v 916.997 16.9829 -6849.66
v 917.061 18.0982 -6849.69
v 917.443 17.9857 -6849.3
v 916.986 16.4408 -6849.65
v 917.654 17.4232 -6849.34
v 917.417 16.3458 -6849.21
v 917.435 17.003 -6849.22
v 917.443 17.9857 -6849.3
v 917.654 17.4232 -6849.34
v 917.207 15.6528 -6849.43
v 918.071 18.0859 -6850.54
v 917.809 17.5493 -6850.59
v 918.057 18.536 -6850.48
v 917.601 18.4302 -6850.45
v 917.147 17.5501 -6849.93
v 917.186 18.0933 -6849.93
v 917.209 18.4731 -6849.73
v 917.209 18.4731 -6849.73
v 917.33 18.1148 -6850.16
v 917.469 18.834 -6850.06
v 917.433 17.5399 -6850.31
v 917.206 16.3664 -6850.21
v 917.564 17.0213 -6850.61
v 917.577 17.5423 -6850.52
v 917.414 16.9832 -6850.42
v 917.545 16.4552 -6850.62
v 917.8 16.4146 -6850.59
v 917.001 15.6922 -6849.66
v 917.083 15.6801 -6849.95
v 917.197 15.6887 -6850.23
v 917.543 15.7626 -6850.61
v 917.755 15.7223 -6850.52
v 917.969 15.7365 -6850.39
v 918.154 15.7513 -6850.26
v 918.174 18.7556 -6849.81
v 918.028 19.0358 -6849.74
v 918.164 18.6958 -6850.04
v 918.13 17.9138 -6849.69
v 918.174 18.7556 -6849.81
v 918.164 18.6958 -6850.04
v 918.028 19.0358 -6849.74
v 917.934 19.1194 -6850.04
v 918.02 18.9286 -6850.4
v 918.267 18.5329 -6850.31
v 918.267 18.5329 -6850.31
v 917.803 18.8593 -6850.45
v 917.85 19.2429 -6849.67
v 917.654 19.07 -6849.52
v 917.85 19.2429 -6849.67
v 917.534 18.8128 -6850.28
v 917.654 19.07 -6849.52
v 917.469 18.834 -6850.06
v 917.411 18.8005 -6849.9
v 917.411 18.8005 -6849.9
v 917.534 18.8128 -6850.28
v 917.6 18.7519 -6850.47
v 918.326 15.7004 -6850.14
v 917.407 18.8587 -6849.59
v 917.209 18.4731 -6849.73
v 917.654 19.07 -6849.52
v 917.407 18.8587 -6849.59
v 922.099 27.3212 -6847.78
v 922.25 27.3212 -6847.77
v 922.351 27.3212 -6847.65
v 922.34 27.3212 -6847.5
v 922.226 27.3212 -6847.4
v 922.074 27.3212 -6847.41
v 921.974 27.3212 -6847.53
v 921.984 27.3212 -6847.68
v 926.357 25.4081 -6845.63
v 926.296 25.3543 -6845.52
v 926.241 25.4081 -6845.4
v 926.223 25.5379 -6845.35
v 926.253 25.6678 -6845.39
v 926.314 25.7216 -6845.51
v 926.369 25.6678 -6845.62
v 926.387 25.5379 -6845.68
v 917.507 25.9344 -6850.02
v 917.537 26.0643 -6850.07
v 917.52 26.1941 -6850.02
v 917.464 26.2479 -6849.9
v 917.404 26.1941 -6849.78
v 917.374 26.0643 -6849.74
v 917.392 25.9344 -6849.79
v 917.447 25.8806 -6849.91
v 921.138 26.2138 -6848.15
v 921.212 26.2228 -6848.14
v 921.261 26.2297 -6848.08
v 921.256 26.2304 -6848.01
v 921.2 26.2244 -6847.96
v 921.126 26.2154 -6847.97
v 921.077 26.2085 -6848.02
v 921.082 26.2079 -6848.1
v 918.453 22.3086 -6849.41
v 918.453 25.8897 -6849.41
v 917.786 25.8897 -6849.74
v 917.786 22.3086 -6849.74
v 919.609 22.4488 -6848.75
v 919.643 25.8286 -6848.82
v 918.976 25.8286 -6849.15
v 918.942 22.4488 -6849.08
v 920.851 21.9125 -6848.3
v 920.82 25.7677 -6848.23
v 920.152 25.7677 -6848.56
v 920.184 21.9125 -6848.63
v 923.138 22.3311 -6847.24
v 923.076 25.5961 -6847.11
v 922.409 25.5961 -6847.44
v 922.471 22.3311 -6847.57
v 924.069 21.9044 -6846.62
v 924.069 25.5961 -6846.62
v 923.447 25.5961 -6846.93
v 923.447 21.9044 -6846.93
v 925.234 22.2973 -6846.17
v 925.183 25.5961 -6846.07
v 924.516 25.5961 -6846.4
v 924.567 22.2973 -6846.5
v 925.991 21.7544 -6845.55
v 926.039 25.5961 -6845.64
v 925.526 25.5961 -6845.9
v 925.479 21.7544 -6845.8
v 918.45 22.3086 -6849.4
v 917.783 22.3086 -6849.74
v 917.783 25.8897 -6849.74
v 918.45 25.8897 -6849.4
v 919.606 22.449 -6848.74
v 918.939 22.449 -6849.08
v 918.974 25.8287 -6849.15
v 919.641 25.8287 -6848.81
v 920.849 21.9124 -6848.29
v 920.182 21.9124 -6848.62
v 920.15 25.7676 -6848.56
v 920.817 25.7676 -6848.23
v 923.135 22.3308 -6847.23
v 922.468 22.3308 -6847.56
v 922.407 25.5959 -6847.44
v 923.074 25.5959 -6847.11
v 924.067 21.9044 -6846.62
v 923.445 21.9044 -6846.93
v 923.445 25.5961 -6846.93
v 924.067 25.5961 -6846.62
v 925.232 22.2971 -6846.17
v 924.565 22.2971 -6846.5
v 924.514 25.596 -6846.39
v 925.181 25.596 -6846.06
v 925.989 21.7545 -6845.54
v 925.476 21.7545 -6845.8
v 925.524 25.5963 -6845.89
v 926.036 25.5963 -6845.64
v 921.26 25.7565 -6848.04
v 921.339 24.4655 -6848
v 921.751 24.0191 -6847.8
v 921.656 25.1025 -6847.85
v 922.118 24.3008 -6847.62
v 922.119 25.133 -6847.62
v 922.264 26.4276 -6847.55
v 922.022 27.1901 -6847.67
v 921.546 26.354 -6847.9
v 921.958 25.8356 -6847.7
v 920.782 26.0348 -6848.28
v 921.366 25.7604 -6847.99
v 922.669 25.5607 -6847.34
v 923.343 25.8593 -6847.01
v 922.704 26.3068 -6847.33
v 922.255 25.8268 -6847.55
v 922.262 27.1987 -6847.55
v 922.038 26.5372 -6847.66
v 921.257 25.7565 -6848.04
v 921.653 25.1025 -6847.84
v 921.748 24.0191 -6847.8
v 921.337 24.4655 -6848
v 922.116 25.133 -6847.61
v 922.115 24.3008 -6847.61
v 922.262 26.4276 -6847.54
v 921.956 25.8356 -6847.69
v 921.543 26.354 -6847.9
v 922.02 27.1901 -6847.66
v 921.364 25.7604 -6847.99
v 920.78 26.0348 -6848.28
v 922.667 25.5607 -6847.34
v 922.253 25.8268 -6847.55
v 922.701 26.3068 -6847.32
v 923.34 25.8593 -6847.01
v 922.036 26.5372 -6847.65
v 922.26 27.1987 -6847.54
v 920.979 20.6496 -6848.23
v 921.765 20.9919 -6848.24
v 921.106 20.9206 -6848.6
v 921.327 21.5801 -6847.71
v 920.654 21.414 -6848.04
v 920.705 21.5928 -6848.27
v 921.428 21.7762 -6848.04
v 921.742 21.362 -6848.37
v 921.042 21.3821 -6848.65
v 920.654 21.414 -6848.04
v 921.327 21.5801 -6847.71
v 921.373 21.3123 -6847.62
v 920.699 21.1217 -6847.96
v 920.896 21.5187 -6848.53
v 921.61 21.5967 -6848.28
v 920.845 20.698 -6848.05
v 921.487 20.9131 -6847.68
v 921.645 20.8568 -6847.99
v 926.912 17.4895 -6846.02
v 926.729 17.5148 -6845.42
v 926.867 18.0902 -6846
v 926.673 18.1062 -6845.46
v 924.973 17.678 -6845.89
v 925.082 17.1113 -6845.68
v 924.942 17.632 -6846.1
v 925.031 17.0529 -6846.08
v 925.486 17.1014 -6846.58
v 926.633 17.3864 -6846.4
v 925.456 17.7215 -6846.55
v 926.596 17.9979 -6846.29
v 924.973 17.678 -6845.89
v 925.964 17.9647 -6845.31
v 925.082 17.1113 -6845.68
v 926.203 18.004 -6845.38
v 926.276 17.4435 -6845.15
v 925.084 17.6544 -6846.42
v 925.201 17.0734 -6846.39
v 925.323 17.6768 -6846.46
v 926.666 16.3681 -6845.3
v 926.7 16.9594 -6845.31
v 927 16.3445 -6845.97
v 926.949 16.9453 -6845.94
v 925.189 16.6425 -6845.58
v 925.19 16.0325 -6845.56
v 924.99 16.0273 -6845.73
v 925.069 16.6434 -6845.82
v 926.548 16.1805 -6846.56
v 926.524 16.7892 -6846.51
v 925.624 16.6177 -6846.38
v 925.577 16.0003 -6846.52
v 925.19 16.0325 -6845.56
v 925.189 16.6425 -6845.58
v 926.374 16.9093 -6845.1
v 926.416 16.3163 -6845.05
v 925.436 16.6443 -6846.56
v 925.334 16.0221 -6846.49
v 924.953 16.026 -6845.95
v 925.02 16.6436 -6846.03
v 925.27 16.6438 -6846.47
v 925.122 16.0247 -6846.43
v 918.864 16.3301 -6849.68
v 918.828 16.873 -6849.71
v 918.884 16.8778 -6849.93
v 918.872 16.3344 -6850.02
v 917.457 16.9373 -6849.2
v 917.444 16.3935 -6849.19
v 916.924 16.9752 -6849.64
v 918.197 16.9245 -6850.46
v 918.218 16.3796 -6850.49
v 917.444 16.3935 -6849.19
v 917.457 16.9373 -6849.2
v 918.459 16.8838 -6849.21
v 918.495 16.3371 -6849.19
v 916.914 16.432 -6849.67
v 917.274 16.4276 -6850.37
v 917.255 16.972 -6850.32
v 918.681 16.8683 -6849.37
v 918.704 16.3258 -6849.35
v 917.533 16.42 -6850.67
v 917.581 16.9614 -6850.65
v 918.953 17.3459 -6849.63
v 919.037 17.8923 -6849.51
v 918.866 17.929 -6849.88
v 918.792 17.3637 -6850
v 917.481 18.1947 -6849.32
v 917.339 17.6614 -6849.27
v 917.092 18.3184 -6849.67
v 918.077 18.1849 -6850.54
v 918.025 17.644 -6850.61
v 917.339 17.6614 -6849.27
v 917.481 18.1947 -6849.32
v 918.541 17.9381 -6849.15
v 918.485 17.3933 -6849.18
v 916.973 17.7909 -6849.73
v 917.499 17.7562 -6850.55
v 917.584 18.2928 -6850.5
v 918.797 17.8556 -6849.25
v 918.759 17.3282 -6849.35
v 920.977 20.6538 -6848.23
v 921.104 20.9229 -6848.6
v 921.764 20.9948 -6848.24
v 921.329 21.5778 -6847.71
v 921.429 21.7721 -6848.04
v 920.706 21.5887 -6848.27
v 920.656 21.4116 -6848.04
v 921.04 21.3809 -6848.65
v 921.741 21.3609 -6848.36
v 920.656 21.4116 -6848.04
v 920.701 21.122 -6847.96
v 921.375 21.3126 -6847.63
v 921.329 21.5778 -6847.71
v 921.61 21.5931 -6848.27
v 920.895 21.5151 -6848.52
v 920.845 20.701 -6848.06
v 921.644 20.8612 -6847.99
v 921.488 20.916 -6847.69
v 926.908 17.4891 -6846.02
v 926.863 18.0898 -6846
v 926.725 17.5144 -6845.42
v 926.671 18.1052 -6845.46
v 924.977 17.6778 -6845.89
v 924.947 17.6327 -6846.1
v 925.085 17.1114 -6845.68
v 925.035 17.0537 -6846.08
v 925.487 17.1012 -6846.58
v 925.457 17.7211 -6846.55
v 926.631 17.3858 -6846.39
v 926.593 17.9972 -6846.29
v 924.977 17.6778 -6845.89
v 925.085 17.1114 -6845.68
v 925.965 17.9637 -6845.31
v 926.203 18.0021 -6845.39
v 926.275 17.4424 -6845.15
v 925.087 17.6551 -6846.42
v 925.325 17.6768 -6846.46
v 925.203 17.0738 -6846.39
v 926.662 16.3683 -6845.31
v 926.995 16.3444 -6845.97
v 926.696 16.9593 -6845.31
v 926.945 16.9449 -6845.94
v 925.192 16.6421 -6845.59
v 925.073 16.6428 -6845.82
v 924.995 16.0267 -6845.73
v 925.193 16.0322 -6845.56
v 926.547 16.1799 -6846.55
v 925.577 15.9999 -6846.51
v 925.624 16.6173 -6846.38
v 926.523 16.7886 -6846.5
v 925.193 16.0322 -6845.56
v 926.415 16.3161 -6845.05
v 926.373 16.9089 -6845.11
v 925.192 16.6421 -6845.59
v 925.437 16.6443 -6846.55
v 925.334 16.0221 -6846.48
v 925.024 16.643 -6846.03
v 924.958 16.0254 -6845.95
v 925.273 16.6436 -6846.47
v 925.125 16.0244 -6846.43
v 918.86 16.3299 -6849.68
v 918.868 16.3342 -6850.02
v 918.88 16.8775 -6849.93
v 918.824 16.8728 -6849.71
v 917.459 16.9372 -6849.2
v 916.928 16.9752 -6849.64
v 917.446 16.3935 -6849.2
v 918.216 16.3793 -6850.49
v 918.194 16.9242 -6850.46
v 917.446 16.3935 -6849.2
v 918.493 16.3369 -6849.19
v 918.457 16.8836 -6849.21
v 917.459 16.9372 -6849.2
v 917.259 16.9718 -6850.32
v 917.277 16.4274 -6850.37
v 916.918 16.432 -6849.67
v 918.7 16.3254 -6849.35
v 918.678 16.868 -6849.37
v 917.582 16.9612 -6850.65
v 917.534 16.4198 -6850.66
v 918.949 17.3465 -6849.63
v 918.788 17.3636 -6850
v 918.862 17.9289 -6849.88
v 919.033 17.8929 -6849.51
v 917.483 18.1941 -6849.33
v 917.096 18.3175 -6849.68
v 917.342 17.6608 -6849.27
v 918.075 18.1845 -6850.53
v 918.024 17.6437 -6850.6
v 917.342 17.6608 -6849.27
v 918.485 17.3935 -6849.18
v 918.541 17.9383 -6849.16
v 917.483 18.1941 -6849.33
v 917.586 18.292 -6850.5
v 917.501 17.7554 -6850.54
v 916.977 17.7902 -6849.73
v 918.756 17.329 -6849.35
v 918.794 17.8565 -6849.25
v 929.865 15.4222 -6857.41
v 929.74 15.2699 -6857.49
v 929.551 15.3813 -6857.32
v 929.624 15.2577 -6857.49
v 929.823 15.3241 -6857.49
v 929.614 15.4491 -6857.12
v 929.473 15.4308 -6857.14
v 929.614 15.6197 -6857.02
v 930.033 15.6431 -6857.37
v 929.735 15.4798 -6857.17
v 929.721 15.549 -6857.74
v 929.916 15.5076 -6857.59
v 929.788 15.6301 -6857.93
v 929.943 15.6349 -6857.81
v 929.713 15.3713 -6857.7
v 929.521 15.4172 -6857.71
v 929.621 15.5396 -6857.76
v 929.398 15.485 -6857.7
v 929.388 15.5815 -6857.73
v 929.627 15.5634 -6857.91
v 929.542 15.3094 -6857.68
v 929.358 15.3825 -6857.6
v 929.25 15.4357 -6857.48
v 929.19 15.5228 -6857.48
v 929.339 15.3838 -6857.37
v 929.267 15.4249 -6857.34
v 929.191 15.6185 -6857.32
v 929.456 15.6177 -6857.06
v 929.456 15.7216 -6857.05
v 929.622 15.822 -6856.99
v 929.989 15.8304 -6857.86
v 930.078 15.7148 -6857.66
v 930.069 15.6242 -6857.66
v 929.636 15.6294 -6857.97
v 929.479 15.6515 -6857.92
v 929.923 16.0146 -6857.2
v 929.974 15.8327 -6857.14
v 929.31 15.8263 -6857.12
v 929.3 15.7264 -6857.17
v 929.752 15.6447 -6857.09
v 929.144 15.8305 -6857.3
v 929.299 15.928 -6857.18
v 929.313 16.0195 -6857.2
v 930.05 15.7292 -6857.35
v 930.137 15.824 -6857.49
v 930.116 15.7161 -6857.5
v 930.028 15.9207 -6857.32
v 929.818 15.831 -6857.98
v 929.155 15.833 -6857.67
v 929.221 15.6372 -6857.67
v 929.443 15.8324 -6857.97
v 929.47 16.1018 -6857.95
v 929.302 16.098 -6857.81
v 929.198 15.9312 -6857.65
v 929.626 16.1059 -6857.11
v 929.625 15.9964 -6857.13
v 929.197 15.9907 -6857.33
v 929.354 16.0974 -6857.23
v 929.76 16.1044 -6857.15
v 929.951 16.077 -6857.34
v 929.842 16.1668 -6857.26
v 929.208 16.0347 -6857.65
v 929.152 16.0431 -6857.49
v 929.183 16.1451 -6857.5
v 929.518 16.1745 -6857.18
v 929.627 16.1954 -6857.15
v 929.627 16.2506 -6857.21
v 929.742 16.187 -6857.17
v 929.864 16.2347 -6857.49
v 929.346 16.2527 -6857.77
v 929.238 16.2405 -6857.5
v 929.324 16.3162 -6857.62
v 929.479 16.3375 -6857.63
v 929.404 16.324 -6857.5
v 929.501 16.2988 -6857.79
v 929.472 16.2507 -6857.86
v 929.328 16.1478 -6857.79
v 929.358 16.2666 -6857.41
v 929.505 16.3756 -6857.45
v 929.568 16.2421 -6857.34
v 929.658 16.3253 -6857.41
v 929.737 16.3365 -6857.49
v 929.677 16.2809 -6857.68
v 929.735 16.1923 -6857.83
v 929.497 16.398 -6857.54
v 929.621 15.2674 -6857.6
v 929.538 15.2682 -6857.58
v 929.434 15.3109 -6857.58
v 929.623 16.3827 -6857.49
v 929.622 16.3608 -6857.58
v 929.316 15.512 -6857.18
v 930.051 15.5489 -6857.5
v 930.008 16.0128 -6857.67
v 929.893 16.0967 -6857.78
v 929.801 16.0471 -6857.94
v 929.622 16.1561 -6857.95
v 929.887 16.1362 -6857.6
v 927.391 19.6726 -6853.29
v 927.219 20.0311 -6853.14
v 927.546 20.2695 -6853.51
v 927.21 20.2482 -6853.22
v 927.223 19.8338 -6853.16
v 927.953 20.1024 -6853.58
v 927.919 20.3701 -6853.68
v 928.162 19.9489 -6853.88
v 927.484 19.1726 -6853.53
v 927.859 19.8587 -6853.52
v 926.719 19.7975 -6853.65
v 927.029 19.4957 -6853.4
v 926.34 19.5971 -6853.72
v 926.595 19.3234 -6853.59
v 926.796 19.9783 -6853.34
v 926.767 20.2758 -6853.6
v 926.673 19.9841 -6853.72
v 926.781 20.4308 -6853.83
v 926.736 20.3593 -6854.01
v 926.385 19.9463 -6853.75
v 926.844 20.3394 -6853.39
v 926.987 20.6016 -6853.69
v 927.218 20.748 -6853.88
v 927.223 20.7746 -6854.09
v 927.455 20.6418 -6853.71
v 927.507 20.7331 -6853.85
v 927.537 20.6894 -6854.27
v 928.081 20.2311 -6854.03
v 928.089 20.1345 -6854.21
v 928.216 19.7504 -6854.24
v 926.492 19.0595 -6853.9
v 926.896 19.0157 -6853.61
v 926.905 19.1145 -6853.46
v 926.263 19.8667 -6853.86
v 926.349 20.1265 -6854.05
v 927.817 19.03 -6854.3
v 927.927 19.1092 -6853.93
v 927.943 20.2943 -6854.53
v 927.854 20.4036 -6854.36
v 928.014 19.6787 -6853.8
v 927.579 20.5791 -6854.69
v 927.828 20.2188 -6854.72
v 927.788 20.108 -6854.87
v 927.521 19.062 -6853.67
v 927.231 18.8164 -6853.76
v 927.224 18.952 -6853.58
v 927.582 18.9273 -6854.03
v 926.247 19.3572 -6854.05
v 926.831 20.5438 -6854.67
v 926.846 20.6072 -6854.26
v 926.258 20.0225 -6854.4
v 926.289 19.7253 -6854.85
v 926.569 20.0321 -6855
v 926.881 20.3771 -6854.81
v 927.97 19.4764 -6854.73
v 927.932 19.5784 -6854.54
v 927.524 20.336 -6854.92
v 927.722 19.9625 -6854.97
v 927.901 19.2381 -6854.61
v 927.535 18.9173 -6854.38
v 927.684 19.0313 -6854.64
v 926.888 20.2644 -6854.98
v 927.2 20.3615 -6855.05
v 927.186 20.2121 -6855.2
v 927.828 19.603 -6854.95
v 927.908 19.3903 -6854.89
v 927.774 19.3372 -6854.99
v 927.855 19.1935 -6854.77
v 927.233 18.9218 -6854.74
v 926.642 19.8143 -6855.24
v 927.178 20.0262 -6855.32
v 926.954 19.7998 -6855.38
v 926.931 19.5042 -6855.27
v 927.196 19.6556 -6855.32
v 926.614 19.496 -6855.18
v 926.465 19.5878 -6855.12
v 926.604 19.9407 -6855.07
v 927.363 19.7927 -6855.26
v 927.289 19.4304 -6855.32
v 927.513 19.4447 -6855.02
v 927.372 19.2069 -6855.09
v 927.222 19.0536 -6855.03
v 926.846 19.2028 -6854.99
v 926.548 19.1762 -6854.77
v 927.118 19.4208 -6855.36
v 926.992 20.2404 -6853.24
v 927.036 20.3884 -6853.32
v 927.039 20.5332 -6853.49
v 927.213 19.2121 -6855.22
v 927.033 19.2309 -6855.18
v 927.821 20.5711 -6853.96
v 927.221 19.2213 -6853.35
v 926.87 18.8641 -6854.21
v 926.646 18.9864 -6854.46
v 926.321 19.1897 -6854.45
v 926.294 19.4058 -6854.81
v 927.002 18.9674 -6854.54
v 923.666 23.5761 -6854.92
v 923.52 23.6197 -6854.77
v 923.563 23.3559 -6854.7
v 923.492 23.5642 -6854.67
v 923.584 23.6482 -6854.84
v 923.592 23.2063 -6854.86
v 923.557 23.1491 -6854.73
v 923.733 23.0765 -6854.92
v 923.893 23.5696 -6855.08
v 923.65 23.3013 -6854.94
v 923.842 23.7385 -6854.62
v 923.797 23.7279 -6854.86
v 923.973 23.9066 -6854.57
v 923.972 23.8848 -6854.77
v 923.661 23.7498 -6854.63
v 923.68 23.6465 -6854.46
v 923.824 23.7058 -6854.52
v 923.726 23.557 -6854.37
v 923.823 23.5443 -6854.35
v 923.88 23.8194 -6854.45
v 923.571 23.6551 -6854.5
v 923.598 23.4787 -6854.39
v 923.608 23.313 -6854.36
v 923.682 23.2555 -6854.31
v 923.544 23.2787 -6854.5
v 923.567 23.2079 -6854.45
v 923.739 23.1035 -6854.4
v 923.717 23.0247 -6854.76
v 923.816 22.9941 -6854.77
v 923.923 23.0044 -6854.94
v 924.179 23.899 -6854.78
v 924.035 23.8136 -6854.96
v 923.946 23.8297 -6854.96
v 923.958 23.8563 -6854.42
v 923.947 23.7313 -6854.32
v 924.198 23.2771 -6855.08
v 924.018 23.308 -6855.15
v 923.912 22.947 -6854.61
v 923.824 23.004 -6854.57
v 923.794 23.2037 -6854.99
v 923.932 23.0044 -6854.37
v 924.021 22.9606 -6854.57
v 924.116 22.9603 -6854.57
v 923.975 23.5415 -6855.11
v 924.112 23.6802 -6855.1
v 924.005 23.701 -6855.08
v 924.149 23.4533 -6855.1
v 924.181 23.907 -6854.57
v 924.02 23.3136 -6854.18
v 923.839 23.3948 -6854.24
v 924.126 23.7008 -6854.26
v 924.386 23.6314 -6854.29
v 924.326 23.4285 -6854.23
v 924.115 23.2905 -6854.23
v 924.225 23.031 -6854.88
v 924.123 23.0751 -6854.86
v 924.1 23.0126 -6854.4
v 924.204 22.9881 -6854.58
v 924.251 23.1316 -6854.97
v 924.294 23.3902 -6855.03
v 924.348 23.247 -6854.98
v 924.216 23.2653 -6854.24
v 924.181 23.1062 -6854.27
v 924.285 23.1014 -6854.3
v 924.291 23.0125 -6854.75
v 924.318 23.0334 -6854.86
v 924.387 23.0728 -6854.82
v 924.333 23.1185 -6854.94
v 924.467 23.424 -6854.87
v 924.474 23.381 -6854.28
v 924.386 23.1089 -6854.34
v 924.497 23.2257 -6854.35
v 924.543 23.3128 -6854.47
v 924.489 23.1681 -6854.48
v 924.544 23.4633 -6854.41
v 924.51 23.5215 -6854.34
v 924.374 23.4152 -6854.26
v 924.408 23.0914 -6854.49
v 924.543 23.1708 -6854.59
v 924.399 23.1496 -6854.7
v 924.508 23.2325 -6854.74
v 924.547 23.3329 -6854.77
v 924.527 23.4686 -6854.62
v 924.484 23.6445 -6854.58
v 924.583 23.2302 -6854.54
v 923.526 23.6488 -6854.61
v 923.509 23.5859 -6854.55
v 923.534 23.5175 -6854.46
v 924.576 23.2633 -6854.67
v 924.575 23.3419 -6854.62
v 923.623 23.0836 -6854.58
v 923.835 23.7114 -6855.03
v 924.315 23.7077 -6854.9
v 924.404 23.7145 -6854.74
v 924.379 23.8103 -6854.58
v 924.461 23.6964 -6854.42
v 924.401 23.5561 -6854.83
v 912.638 26.8351 -6861.28
v 912.687 29.1297 -6862.04
v 912.735 26.8404 -6861.26
v 912.784 29.135 -6862.02
v 912.71 29.0986 -6862.13
v 912.661 26.804 -6861.37
v 912.807 29.1039 -6862.11
v 912.758 26.8093 -6861.35
v 912.638 26.8351 -6861.28
v 912.687 29.1297 -6862.04
v 911.081 26.8844 -6859.81
v 910.381 29.0778 -6860.55
v 911.171 26.9002 -6859.85
v 910.472 29.0936 -6860.59
v 910.351 29.0388 -6860.64
v 911.05 26.8454 -6859.9
v 910.442 29.0546 -6860.68
v 911.141 26.8612 -6859.94
v 911.081 26.8844 -6859.81
v 910.381 29.0778 -6860.55
v 911.253 26.8222 -6858.12
v 910.543 29.0666 -6857.56
v 911.346 26.8552 -6858.13
v 910.636 29.0996 -6857.58
v 910.522 29.0838 -6857.66
v 911.232 26.8394 -6858.21
v 910.616 29.1168 -6857.67
v 911.325 26.8724 -6858.23
v 911.253 26.8222 -6858.12
v 910.543 29.0666 -6857.56
v 913.156 26.8493 -6857.66
v 913.299 29.0333 -6856.63
v 913.184 26.8888 -6857.74
v 913.327 29.0727 -6856.71
v 913.203 29.0502 -6856.65
v 913.06 26.8663 -6857.68
v 913.231 29.0897 -6856.74
v 913.088 26.9057 -6857.77
v 913.156 26.8493 -6857.66
v 913.299 29.0333 -6856.63
v 914.652 26.6472 -6858.9
v 914.749 26.6322 -6858.92
v 915.185 29.1451 -6858.26
v 915.282 29.1301 -6858.28
v 915.294 29.1048 -6858.18
v 914.762 26.6069 -6858.82
v 915.197 29.1198 -6858.17
v 914.664 26.6219 -6858.8
v 914.749 26.6322 -6858.92
v 915.282 29.1301 -6858.28
v 914.259 26.8864 -6860.5
v 915.132 29.0508 -6861.13
v 914.247 26.9188 -6860.4
v 915.119 29.0832 -6861.03
v 915.224 29.0202 -6861.11
v 914.351 26.8558 -6860.47
v 915.212 29.0526 -6861.01
v 914.339 26.8882 -6860.38
v 914.259 26.8864 -6860.5
v 915.132 29.0508 -6861.13
v 909.934 29.0725 -6857.67
v 911.128 28.9484 -6856.48
v 911.168 28.6064 -6858.39
v 911.841 28.6064 -6857.71
v 912.76 29.0537 -6856.04
v 912.76 28.6064 -6857.47
v 914.392 28.9567 -6856.48
v 913.68 28.6064 -6857.71
v 915.587 28.9085 -6857.67
v 914.352 28.6064 -6858.39
v 916.024 29.0906 -6859.3
v 914.599 28.6064 -6859.3
v 915.587 29.0089 -6860.94
v 914.352 28.6064 -6860.22
v 915.587 29.0089 -6860.94
v 914.392 28.9185 -6862.13
v 914.352 28.6064 -6860.22
v 913.68 28.6064 -6860.9
v 912.76 29.0238 -6862.57
v 912.76 28.6064 -6861.14
v 911.128 29.0821 -6862.13
v 911.841 28.6064 -6860.9
v 909.934 29.0645 -6860.94
v 911.168 28.6064 -6860.22
v 909.496 29.0616 -6859.3
v 910.922 28.6064 -6859.3
v 911.128 29.1076 -6856.48
v 909.934 29.2316 -6857.67
v 911.738 29.9983 -6857.5
v 911.117 29.6707 -6858.35
v 912.76 29.2129 -6856.04
v 912.78 29.8378 -6857.3
v 914.392 29.1158 -6856.48
v 913.763 29.7591 -6857.61
v 915.587 29.0677 -6857.67
v 914.526 29.8584 -6858.3
v 916.024 29.2498 -6859.3
v 914.686 29.6388 -6859.31
v 915.587 29.1681 -6860.94
v 914.482 29.7585 -6860.29
v 914.392 29.0776 -6862.13
v 915.587 29.1681 -6860.94
v 913.768 29.7776 -6861.02
v 914.482 29.7585 -6860.29
v 912.76 29.183 -6862.57
v 912.78 29.7899 -6861.29
v 911.128 29.2413 -6862.13
v 911.751 29.9452 -6861.09
v 909.934 29.2237 -6860.94
v 911.105 29.6974 -6860.28
v 909.496 29.2207 -6859.3
v 910.746 29.897 -6859.31
v 912.76 30.8658 -6859.3
v 912.76 30.8658 -6859.3
v 912.76 30.8658 -6859.3
v 912.76 30.8658 -6859.3
v 912.76 30.8658 -6859.3
v 912.76 30.8658 -6859.3
v 914.586 20.8732 -6861.75
v 914.295 20.8732 -6861.5
v 914.551 20.9232 -6861.78
v 914.262 20.9232 -6861.54
v 914.586 20.8732 -6861.75
v 914.725 20.8732 -6861.51
v 914.471 20.8732 -6861.29
v 914.725 20.8732 -6861.51
v 914.74 20.9232 -6861.46
v 914.471 20.8732 -6861.29
v 914.503 20.9232 -6861.25
v 914.74 20.9232 -6861.46
v 914.728 20.9839 -6861.44
v 914.597 22.5964 -6861.33
v 914.503 22.5964 -6861.25
v 914.588 21.9889 -6861.33
v 914.58 22.6464 -6861.38
v 914.471 22.6464 -6861.29
v 914.597 22.5964 -6861.33
v 914.4 22.6464 -6861.59
v 914.295 22.6464 -6861.5
v 914.58 22.6464 -6861.39
v 914.58 22.6464 -6861.38
v 914.374 22.5964 -6861.63
v 914.262 22.5964 -6861.54
v 914.4 22.6464 -6861.59
v 914.551 20.9232 -6861.78
v 914.53 21.0281 -6861.77
v 914.448 21.622 -6861.7
v 914.454 22.0644 -6861.7
v 914.374 22.5964 -6861.63
v 914.728 20.9839 -6861.44
v 914.999 20.9233 -6861.01
v 914.588 21.9889 -6861.33
v 914.894 22.1576 -6860.23
v 914.826 22.6094 -6860.7
v 914.588 21.9889 -6861.33
v 914.597 22.5964 -6861.33
v 914.58 22.6464 -6861.39
v 914.58 22.6464 -6861.38
v 914.67 23.0636 -6861.16
v 912.45 25.5549 -6857.4
v 912.414 25.5766 -6857.47
v 912.454 26.1212 -6857.44
v 912.414 27.4333 -6857.47
v 912.45 27.4549 -6857.39
v 912.45 27.4208 -6857.39
v 912.4 25.5049 -6857.39
v 912.373 25.5277 -6857.48
v 911.993 25.5049 -6857.36
v 912.046 25.5277 -6857.51
v 912.229 25.5049 -6857.4
v 912.4 25.5049 -6857.39
v 912.046 25.5277 -6857.51
v 911.993 25.5049 -6857.36
v 912.005 25.5766 -6857.52
v 911.944 25.5549 -6857.37
v 911.949 27.4549 -6857.41
v 912.005 27.4333 -6857.52
v 911.949 27.3081 -6857.41
v 911.949 27.4549 -6857.41
v 911.998 27.5049 -6857.41
v 912.046 27.4822 -6857.51
v 912.398 27.5049 -6857.38
v 912.373 27.4822 -6857.48
v 912.32 27.5049 -6857.36
v 910.885 27.178 -6858.29
v 911.524 29.0217 -6857.46
v 911.223 26.7234 -6857.9
v 911.737 27.1678 -6857.44
v 911.852 24.472 -6857.35
v 911.018 24.5623 -6858.16
v 910.743 29.0216 -6858.51
v 910.565 27.5515 -6858.7
v 910.473 24.8715 -6859.26
v 910.329 27.0908 -6859.43
v 913.811 29.0215 -6861.35
v 912.847 29.0216 -6861.24
v 912.787 26.8928 -6861.59
v 912.391 27.2632 -6861.48
v 911.86 26.8425 -6861.32
v 911.905 29.0216 -6860.95
v 915.192 26.9578 -6859.49
v 914.925 29.0211 -6859.52
v 914.919 27.2774 -6860.09
v 914.679 29.0215 -6860.24
v 914.653 26.92 -6860.5
v 914.922 24.5682 -6860.28
v 914.846 25.5717 -6860.26
v 914.715 24.5501 -6860.91
v 914.438 26.4646 -6861.05
v 914.858 25.6217 -6860.21
v 914.996 25.6217 -6859.83
v 915.206 24.5931 -6859.42
v 915.079 24.5819 -6859.81
v 915.019 25.5717 -6859.79
v 914.544 24.5031 -6858.34
v 914.635 26.9721 -6858.52
v 914.335 24.7084 -6858.16
v 914.295 26.6084 -6858.2
v 914.254 26.6584 -6858.17
v 914.299 24.6584 -6858.12
v 913.706 24.0417 -6857.54
v 914.007 24.6584 -6857.85
v 913.764 29.0216 -6857.69
v 913.947 26.6584 -6857.91
v 913.757 26.7727 -6857.76
v 913.97 24.7084 -6857.81
v 913.91 26.6084 -6857.88
v 914.934 27.3161 -6858.87
v 914.699 29.0215 -6858.78
v 913.2 26.5898 -6857.57
v 912.788 27.0345 -6857.48
v 912.787 24.4853 -6857.3
v 912.32 27.5049 -6857.36
v 912.536 29.0217 -6857.42
v 912.398 27.5049 -6857.38
v 912.45 27.4208 -6857.39
v 912.45 27.4549 -6857.39
v 911.214 22.5386 -6858.3
v 911.474 22.146 -6857.97
v 911.899 22.5025 -6857.53
v 911.826 20.6517 -6857.52
v 910.961 20.7838 -6858.47
v 911.005 24.3945 -6858.21
v 911.039 24.0809 -6858.23
v 911.014 24.0309 -6858.27
v 910.976 24.0309 -6858.33
v 910.89 22.9586 -6858.65
v 910.437 20.956 -6859.65
v 910.651 22.7535 -6859.33
v 911.863 24.2538 -6861.55
v 911.022 24.469 -6860.43
v 911.121 22.5132 -6860.51
v 910.864 22.9568 -6860.04
v 911.214 22.0862 -6860.91
v 911.638 22.3493 -6861.82
v 910.676 20.9476 -6861.36
v 914.148 22.841 -6861.82
v 914.068 24.5626 -6861.74
v 913.413 23.0254 -6861.92
v 913.167 24.5169 -6861.89
v 912.49 24.3804 -6861.71
v 912.49 24.3727 -6861.71
v 912.95 22.5657 -6861.91
v 912.204 24.3227 -6861.64
v 912.442 24.3227 -6861.7
v 912.456 21.0055 -6862.58
v 914.244 21.0921 -6862.23
v 912.423 22.109 -6861.74
v 915.02 23.6217 -6860.05
v 915.059 23.6217 -6859.85
v 914.976 22.5417 -6859.4
v 915.072 23.6717 -6859.81
v 915.091 23.9884 -6859.81
v 914.448 21.622 -6861.7
v 914.53 21.0281 -6861.77
v 914.454 22.0644 -6861.7
v 914.4 22.6464 -6861.59
v 914.374 22.5964 -6861.63
v 914.372 22.5098 -6858.35
v 914.678 22.934 -6858.75
v 914.257 22.1017 -6857.78
v 913.89 22.3398 -6857.23
v 914.756 20.86 -6857.83
v 915.164 20.6915 -6859.44
v 911.899 22.5025 -6857.53
v 911.852 24.472 -6857.35
v 912.433 22.857 -6857.43
v 910.329 19.1468 -6859.67
v 910.657 19.5201 -6858.88
v 910.767 19.1213 -6858.39
v 910.164 17.5816 -6859.61
v 910.293 17.7734 -6857.8
v 910.734 18.7363 -6857.59
v 911.329 19.1003 -6856.85
v 910.634 19.9464 -6861.78
v 910.483 19.4176 -6861.37
v 910.316 18.7908 -6860.86
v 910.407 17.7782 -6861.39
v 911.09 18.1446 -6862.9
v 912.065 20.0082 -6862.75
v 912.554 19.5176 -6862.84
v 911.062 19.7756 -6862.64
v 911.25 21.017 -6862.36
v 913.196 18.9965 -6863.02
v 914.402 19.4924 -6862.6
v 913.081 18.0487 -6863.14
v 914.897 19.8818 -6861.72
v 915.147 19.4208 -6861.38
v 914.728 20.9839 -6861.44
v 914.74 20.9232 -6861.46
v 914.725 20.8732 -6861.51
v 914.586 20.8732 -6861.75
v 914.551 20.9232 -6861.78
v 914.53 21.0281 -6861.77
v 915.518 18.8679 -6860.9
v 915.584 19.0362 -6859.59
v 914.73 18.2428 -6862.68
v 915.524 17.9054 -6861.4
v 914.25 20.8952 -6857.03
v 914.252 19.4718 -6857
v 914.633 19.6862 -6857.62
v 914.838 19.1871 -6858.09
v 914.179 17.9435 -6857.08
v 915.253 17.6742 -6858.08
v 915.266 18.7145 -6858.53
v 912.991 19.1928 -6857.01
v 911.826 20.6517 -6857.52
v 913.534 19.6776 -6857.01
v 913.315 20.8505 -6857.03
v 912.28 18.7681 -6856.66
v 911.329 19.1003 -6856.85
v 912.651 17.8116 -6856.39
v 910.216 16.7308 -6858.42
v 910.015 16.0626 -6859.52
v 910.121 16.2799 -6857.93
v 910.927 17.679 -6856.21
v 909.477 14.3669 -6859.47
v 909.891 14.3669 -6857.6
v 909.92 15.6826 -6857.14
v 911.054 16.0158 -6856.38
v 911.332 16.2789 -6862.38
v 910.89 16.7085 -6861.55
v 910.67 16.057 -6861.15
v 909.974 15.4444 -6860.83
v 910.041 14.3669 -6861.11
v 911.176 14.3669 -6862.39
v 913.55 16.9649 -6862.97
v 914.425 16.6315 -6862.32
v 913.073 16.3429 -6863.01
v 914.496 14.3669 -6862.29
v 912.835 14.3669 -6862.69
v 912.333 15.7146 -6862.97
v 915.224 16.7892 -6861.64
v 916.028 17.4678 -6859.55
v 915.485 16.1995 -6861.24
v 915.959 15.5572 -6860.79
v 916.003 15.8709 -6859.48
v 915.766 14.3669 -6861.06
v 914.868 16.5942 -6857.68
v 914.234 16.379 -6856.98
v 915.249 16.1297 -6857.9
v 915.978 15.5553 -6858.17
v 915.791 14.3669 -6857.87
v 914.542 14.3669 -6856.56
v 913.253 16.7637 -6856.64
v 912.866 16.2883 -6856.35
v 910.927 17.679 -6856.21
v 912.248 15.6833 -6855.8
v 911.054 16.0158 -6856.38
v 912.711 14.3669 -6855.98
v 910.57 29.0212 -6859.37
v 911.351 26.392 -6860.84
v 910.871 29.0215 -6860.1
v 910.666 27.3174 -6860.03
v 912.454 26.1212 -6857.44
v 912.45 25.5549 -6857.4
v 912.4 25.5049 -6857.39
v 912.229 25.5049 -6857.4
v 911.998 27.5049 -6857.41
v 911.524 29.0217 -6857.46
v 911.737 27.1678 -6857.44
v 911.949 27.4549 -6857.41
v 911.949 27.3081 -6857.41
v 910.976 24.0309 -6858.33
v 910.83 24.0309 -6858.63
v 910.806 24.0809 -6858.67
v 910.773 24.7014 -6858.66
v 913.296 22.0972 -6857.47
v 910.907 14.3669 -6856.08
v 916.439 14.3669 -6859.47
v 910.907 14.3669 -6856.08
v 910.806 24.0809 -6858.67
v 910.961 24.0809 -6858.75
v 910.83 24.0309 -6858.63
v 910.982 24.0309 -6858.7
v 910.744 25.9809 -6858.64
v 910.961 25.9809 -6858.75
v 910.773 24.7014 -6858.66
v 910.744 25.9809 -6858.64
v 910.982 26.0309 -6858.7
v 910.765 26.0309 -6858.6
v 910.765 26.0309 -6858.6
v 910.941 26.0309 -6858.24
v 911.155 26.0309 -6858.34
v 910.941 26.0309 -6858.24
v 910.944 26.0235 -6858.23
v 911.177 25.9809 -6858.3
v 910.973 25.9809 -6858.2
v 910.977 25.3644 -6858.2
v 911.177 24.0809 -6858.3
v 910.995 24.5753 -6858.21
v 911.005 24.3945 -6858.21
v 911.039 24.0809 -6858.23
v 911.014 24.0309 -6858.27
v 911.155 24.0309 -6858.34
v 910.83 24.0309 -6858.63
v 910.982 24.0309 -6858.7
v 910.976 24.0309 -6858.33
v 911.014 24.0309 -6858.27
v 910.995 24.5753 -6858.21
v 911.005 24.3945 -6858.21
v 910.944 26.0235 -6858.23
v 910.941 26.0309 -6858.24
v 910.765 26.0309 -6858.6
v 910.773 24.7014 -6858.66
v 910.744 25.9809 -6858.64
v 910.977 25.3644 -6858.2
v 910.995 24.5753 -6858.21
v 910.977 25.3644 -6858.2
v 910.973 25.9809 -6858.2
v 910.944 26.0235 -6858.23
v 912.12 24.3727 -6861.24
v 912.008 24.3727 -6861.58
v 912.168 24.3227 -6861.25
v 912.055 24.3227 -6861.59
v 912.055 24.3227 -6861.59
v 912.204 24.3227 -6861.64
v 912.547 24.3227 -6861.38
v 912.442 24.3227 -6861.7
v 912.442 24.3227 -6861.7
v 912.49 24.3727 -6861.71
v 912.547 24.3227 -6861.38
v 912.595 24.3727 -6861.4
v 912.49 24.3727 -6861.71
v 912.49 24.3804 -6861.71
v 912.515 25.2671 -6861.64
v 912.595 26.2727 -6861.4
v 912.537 26.2727 -6861.57
v 912.535 26.1728 -6861.58
v 912.488 26.3227 -6861.56
v 912.547 26.3227 -6861.38
v 912.537 26.2727 -6861.57
v 912.101 26.3227 -6861.46
v 912.168 26.3227 -6861.25
v 912.226 26.3227 -6861.5
v 912.101 26.3227 -6861.46
v 912.12 26.2727 -6861.24
v 912.053 26.2727 -6861.44
v 912.012 24.4851 -6861.57
v 912.016 24.6917 -6861.55
v 912.025 25.1755 -6861.53
v 912.515 25.2671 -6861.64
v 913.281 26.458 -6861.75
v 912.535 26.1728 -6861.58
v 912.055 24.3227 -6861.59
v 912.012 24.4851 -6861.57
v 912.008 24.3727 -6861.58
v 912.535 26.1728 -6861.58
v 912.537 26.2727 -6861.57
v 912.488 26.3227 -6861.56
v 912.226 26.3227 -6861.5
v 912.016 24.6917 -6861.55
v 912.012 24.4851 -6861.57
v 912.515 25.2671 -6861.64
v 912.49 24.3804 -6861.71
v 912.025 25.1755 -6861.53
v 912.016 24.6917 -6861.55
v 912.053 26.2727 -6861.44
v 912.226 26.3227 -6861.5
v 912.101 26.3227 -6861.46
v 914.705 23.6717 -6860.21
v 914.941 23.6717 -6860.29
v 914.721 23.6217 -6860.16
v 914.957 23.6217 -6860.24
v 914.957 23.6217 -6860.24
v 915.02 23.6217 -6860.05
v 914.85 23.6217 -6859.78
v 915.059 23.6217 -6859.85
v 915.059 23.6217 -6859.85
v 915.072 23.6717 -6859.81
v 914.85 23.6217 -6859.78
v 914.866 23.6717 -6859.74
v 915.091 23.9884 -6859.81
v 914.866 25.5717 -6859.74
v 915.086 24.2508 -6859.81
v 915.079 24.5819 -6859.81
v 915.019 25.5717 -6859.79
v 915.019 25.5717 -6859.79
v 914.996 25.6217 -6859.83
v 914.85 25.6217 -6859.78
v 914.996 25.6217 -6859.83
v 914.858 25.6217 -6860.21
v 914.721 25.6217 -6860.16
v 914.846 25.5717 -6860.26
v 914.705 25.5717 -6860.21
v 914.858 25.6217 -6860.21
v 914.941 23.6717 -6860.29
v 914.939 23.8298 -6860.29
v 914.922 24.5682 -6860.28
v 914.846 25.5717 -6860.26
v 914.939 23.8298 -6860.29
v 914.941 23.6717 -6860.29
v 915.02 23.6217 -6860.05
v 914.957 23.6217 -6860.24
v 914.922 24.5682 -6860.28
v 914.939 23.8298 -6860.29
v 915.086 24.2508 -6859.81
v 915.086 24.2508 -6859.81
v 915.079 24.5819 -6859.81
v 911.944 25.5549 -6857.37
v 911.993 25.5049 -6857.36
v 912.229 25.5049 -6857.4
v 912.45 27.4208 -6857.39
v 912.454 26.1212 -6857.44
v 914.295 26.6084 -6858.2
v 914.227 26.6084 -6858.27
v 914.254 26.6584 -6858.17
v 914.191 26.6584 -6858.24
v 914.254 26.6584 -6858.17
v 913.947 26.6584 -6857.91
v 913.9 26.6584 -6857.96
v 913.863 26.6084 -6857.93
v 913.91 26.6084 -6857.88
v 913.97 24.7084 -6857.81
v 913.863 24.7084 -6857.93
v 914.007 24.6584 -6857.85
v 913.97 24.7084 -6857.81
v 913.9 24.6584 -6857.96
v 914.299 24.6584 -6858.12
v 914.007 24.6584 -6857.85
v 914.191 24.6584 -6858.24
v 913.9 24.6584 -6857.96
v 914.227 24.7084 -6858.27
v 914.335 24.7084 -6858.16
v 914.299 24.6584 -6858.12
v 914.295 26.6084 -6858.2
v 913.717 26.7608 -6861.6
v 913.71 26.9394 -6861.58
v 913.921 26.9936 -6861.58
v 913.762 26.9902 -6861.58
v 913.735 26.6469 -6861.65
v 913.717 26.7608 -6861.6
v 914.131 26.7819 -6861.3
v 914.125 26.9263 -6861.28
v 914.09 26.9789 -6861.33
v 913.921 26.9936 -6861.58
v 914.156 26.6134 -6861.36
v 914.131 26.7819 -6861.3
v 913.763 25.2961 -6861.74
v 913.768 25.0481 -6861.76
v 913.887 24.9994 -6861.74
v 913.819 24.9987 -6861.75
v 913.887 24.9994 -6861.74
v 914.041 25.0006 -6861.72
v 914.2 25.2408 -6861.5
v 914.205 25.0394 -6861.51
v 914.152 24.9935 -6861.59
v 914.171 24.9921 -6861.56
v 914.2 25.2408 -6861.5
v 914.156 26.6134 -6861.36
v 914.041 25.0006 -6861.72
v 914.152 24.9935 -6861.59
v 913.735 26.6469 -6861.65
v 913.763 25.2961 -6861.74
v 913.819 24.9987 -6861.75
v 913.887 24.9994 -6861.74
v 913.718 24.9794 -6861.52
v 914.085 24.9756 -6861.36
v 914.041 25.0006 -6861.72
v 914.171 24.9921 -6861.56
v 914.152 24.9935 -6861.59
v 913.819 24.9987 -6861.75
v 913.768 25.0481 -6861.76
v 913.671 25.0297 -6861.54
v 913.763 25.2961 -6861.74
v 913.63 26.9241 -6861.4
v 913.71 26.9394 -6861.58
v 913.717 26.7608 -6861.6
v 913.735 26.6469 -6861.65
v 913.762 26.9902 -6861.58
v 913.675 26.9735 -6861.38
v 913.762 26.9902 -6861.58
v 913.921 26.9936 -6861.58
v 914.09 26.9789 -6861.33
v 914.042 26.9697 -6861.22
v 914.09 26.9789 -6861.33
v 914.125 26.9263 -6861.28
v 914.089 26.9194 -6861.2
v 914.205 25.0394 -6861.51
v 914.2 25.2408 -6861.5
v 914.13 25.025 -6861.34
v 914.125 26.9263 -6861.28
v 914.131 26.7819 -6861.3
v 914.156 26.6134 -6861.36
v 914.171 24.9921 -6861.56
v 914.085 24.9756 -6861.36
v 911.049 26.9019 -6860.39
v 911.055 26.9019 -6860.4
v 911.069 26.8771 -6860.42
v 911.069 26.8771 -6860.42
v 911.083 26.8519 -6860.44
v 911.079 26.8166 -6860.45
v 911.079 26.8166 -6860.45
v 911.053 24.9519 -6860.46
v 911.025 24.9045 -6860.42
v 911.025 24.9045 -6860.42
v 911.024 24.9019 -6860.42
v 910.851 24.9019 -6860.06
v 910.845 26.19 -6860
v 910.83 24.9519 -6860.01
v 910.961 26.9019 -6860.28
v 910.816 26.9019 -6860.08
v 910.791 26.8519 -6860.04
v 911.019 26.9019 -6860.37
v 910.961 26.9019 -6860.28
v 911.038 26.9019 -6860.39
v 911.019 26.9019 -6860.37
v 911.038 26.9019 -6860.39
v 911.053 24.9519 -6860.46
v 911.206 24.9519 -6860.37
v 911.025 24.9045 -6860.42
v 911.024 24.9019 -6860.42
v 911.179 24.9019 -6860.32
v 911.024 24.9019 -6860.42
v 911.179 24.9019 -6860.32
v 910.851 24.9019 -6860.06
v 910.964 24.9019 -6859.99
v 910.83 24.9519 -6860.01
v 910.937 24.9519 -6859.94
v 910.791 26.8519 -6860.04
v 910.845 26.19 -6860
v 910.937 26.8519 -6859.94
v 910.816 26.9019 -6860.08
v 910.791 26.8519 -6860.04
v 910.964 26.9019 -6859.99
v 910.961 26.9019 -6860.28
v 911.179 26.9019 -6860.32
v 911.019 26.9019 -6860.37
v 911.038 26.9019 -6860.39
v 911.049 26.9019 -6860.39
v 911.055 26.9019 -6860.4
v 911.055 26.9019 -6860.4
v 911.069 26.8771 -6860.42
v 911.206 26.8519 -6860.37
v 911.083 26.8519 -6860.44
v 911.053 24.9519 -6860.46
v 911.079 26.8166 -6860.45
v 912.552 22.7453 -6857.42
v 912.552 23.1423 -6857.4
v 912.602 23.1922 -6857.39
v 912.83 23.1922 -6857.37
v 912.88 22.5697 -6857.41
v 912.88 23.1423 -6857.38
v 912.88 21.6877 -6857.48
v 912.88 21.4229 -6857.39
v 912.83 21.3729 -6857.39
v 912.552 21.9749 -6857.43
v 912.552 21.4229 -6857.49
v 912.602 21.3729 -6857.48
v 912.88 22.4778 -6857.4
v 912.88 22.4778 -6857.4
v 912.88 22.4445 -6857.41
v 912.552 22.4898 -6857.44
v 912.552 21.9749 -6857.43
v 912.552 22.4898 -6857.44
v 912.552 22.7453 -6857.42
v 912.88 22.4445 -6857.41
v 912.88 21.6877 -6857.48
v 912.88 21.4229 -6857.39
v 912.88 21.4229 -6857.59
v 912.88 21.6877 -6857.48
v 912.88 23.1423 -6857.59
v 912.88 22.4445 -6857.41
v 912.88 22.4778 -6857.4
v 912.88 22.5697 -6857.41
v 912.88 23.1423 -6857.38
v 912.83 23.1922 -6857.37
v 912.83 23.1922 -6857.59
v 912.602 23.1922 -6857.39
v 912.602 23.1922 -6857.59
v 912.552 23.1423 -6857.4
v 912.552 23.1423 -6857.59
v 912.552 23.1423 -6857.4
v 912.552 22.7453 -6857.42
v 912.552 21.4229 -6857.59
v 912.552 22.4898 -6857.44
v 912.552 21.9749 -6857.43
v 912.552 21.4229 -6857.49
v 912.602 21.3729 -6857.48
v 912.552 21.4229 -6857.49
v 912.602 21.3729 -6857.59
v 912.83 21.3729 -6857.39
v 912.602 21.3729 -6857.48
v 912.83 21.3729 -6857.59
v 912.602 21.3729 -6857.59
v 914.471 20.8732 -6861.29
v 914.503 20.9232 -6861.25
v 914.295 20.8732 -6861.5
v 914.503 22.5964 -6861.25
v 914.262 20.9232 -6861.54
v 914.471 22.6464 -6861.29
v 914.262 22.5964 -6861.54
v 914.295 22.6464 -6861.5
v 910.982 24.0309 -6858.7
v 910.961 24.0809 -6858.75
v 911.155 24.0309 -6858.34
v 910.961 25.9809 -6858.75
v 911.177 24.0809 -6858.3
v 910.982 26.0309 -6858.7
v 911.177 25.9809 -6858.3
v 911.155 26.0309 -6858.34
v 912.547 24.3227 -6861.38
v 912.595 24.3727 -6861.4
v 912.168 24.3227 -6861.25
v 912.595 26.2727 -6861.4
v 912.12 24.3727 -6861.24
v 912.547 26.3227 -6861.38
v 912.12 26.2727 -6861.24
v 912.168 26.3227 -6861.25
v 914.85 23.6217 -6859.78
v 914.866 23.6717 -6859.74
v 914.721 23.6217 -6860.16
v 914.866 25.5717 -6859.74
v 914.705 23.6717 -6860.21
v 914.85 25.6217 -6859.78
v 914.705 25.5717 -6860.21
v 914.721 25.6217 -6860.16
v 912.046 25.5277 -6857.51
v 912.005 25.5766 -6857.52
v 912.373 25.5277 -6857.48
v 912.005 27.4333 -6857.52
v 912.414 25.5766 -6857.47
v 912.046 27.4822 -6857.51
v 912.373 27.4822 -6857.48
v 912.414 27.4333 -6857.47
v 913.9 24.6584 -6857.96
v 913.863 24.7084 -6857.93
v 914.191 24.6584 -6858.24
v 913.863 26.6084 -6857.93
v 914.227 24.7084 -6858.27
v 913.9 26.6584 -6857.96
v 914.227 26.6084 -6858.27
v 914.191 26.6584 -6858.24
v 914.085 24.9756 -6861.36
v 914.13 25.025 -6861.34
v 913.718 24.9794 -6861.52
v 914.089 26.9194 -6861.2
v 913.671 25.0297 -6861.54
v 914.042 26.9697 -6861.22
v 913.63 26.9241 -6861.4
v 913.675 26.9735 -6861.38
v 911.179 24.9019 -6860.32
v 911.206 24.9519 -6860.37
v 910.964 24.9019 -6859.99
v 911.206 26.8519 -6860.37
v 910.937 24.9519 -6859.94
v 911.179 26.9019 -6860.32
v 910.937 26.8519 -6859.94
v 910.964 26.9019 -6859.99
v 912.602 21.3729 -6857.59
v 912.552 21.4229 -6857.59
v 912.83 21.3729 -6857.59
v 912.552 23.1423 -6857.59
v 912.88 21.4229 -6857.59
v 912.602 23.1922 -6857.59
v 912.88 23.1423 -6857.59
v 912.83 23.1922 -6857.59
v 914.576 14.9034 -6863
v 912.829 14.9034 -6863.1
v 914.576 17.9034 -6863
v 912.829 17.9034 -6863.1
v 912.829 14.9034 -6863.1
v 911.201 14.9034 -6862.76
v 912.829 17.9034 -6863.1
v 911.201 17.9034 -6862.76
v 911.201 14.9034 -6862.76
v 909.889 14.9034 -6861.35
v 911.201 17.9034 -6862.76
v 909.889 17.9034 -6861.35
v 909.889 14.9034 -6861.35
v 909.515 14.9034 -6859.57
v 909.889 17.9034 -6861.35
v 909.515 17.9034 -6859.57
v 909.515 14.9034 -6859.57
v 909.731 14.9034 -6857.65
v 909.515 17.9034 -6859.57
v 909.731 17.9034 -6857.65
v 909.731 14.9034 -6857.65
v 910.913 14.9034 -6855.82
v 909.731 17.9034 -6857.65
v 910.913 17.9034 -6855.82
v 910.913 14.9034 -6855.82
v 912.558 14.9034 -6855.72
v 910.913 17.9034 -6855.82
v 912.558 17.9034 -6855.72
v 912.558 14.9034 -6855.72
v 914.519 14.9034 -6856.63
v 912.558 17.9034 -6855.72
v 914.519 17.9034 -6856.63
v 914.519 14.9034 -6856.63
v 915.897 14.9034 -6857.94
v 914.519 17.9034 -6856.63
v 915.897 17.9034 -6857.94
v 915.897 14.9034 -6857.94
v 916.463 14.9034 -6859.51
v 915.897 17.9034 -6857.94
v 916.463 17.9034 -6859.51
v 916.463 14.9034 -6859.51
v 915.722 14.9034 -6861.19
v 916.463 17.9034 -6859.51
v 915.722 17.9034 -6861.19
v 915.722 14.9034 -6861.19
v 914.576 14.9034 -6863
v 915.722 17.9034 -6861.19
v 914.576 17.9034 -6863
v 934.382 15.7448 -6853.52
v 934.036 15.6612 -6852.73
v 934.232 15.1468 -6853.46
v 934.043 15.2949 -6852.89
v 933.844 15.0875 -6852.59
v 933.724 14.9422 -6852.34
v 934.035 14.5827 -6853.25
v 933.808 14.73 -6852.4
v 932.903 15.6963 -6850.6
v 932.274 15.7542 -6849.31
v 932.76 15.4394 -6850.48
v 932.276 15.3 -6849.46
v 933.445 14.8038 -6851.47
v 933.494 15.1512 -6851.68
v 932.89 14.8371 -6850.56
v 933.027 15.0787 -6850.81
v 931.818 15.8078 -6848.41
v 931.659 15.8539 -6847.63
v 931.85 15.5327 -6848.33
v 931.751 15.3941 -6847.78
v 932.386 14.9088 -6849.5
v 931.921 14.9099 -6848.57
v 932.003 15.1641 -6848.69
v 934.047 16.9284 -6852.9
v 934.023 16.5425 -6853.03
v 934.381 16.9817 -6853.7
v 934.369 16.3513 -6853.48
v 933.928 16.0824 -6852.53
v 933.915 16.3078 -6852.78
v 933.591 15.5904 -6851.81
v 933.045 16.0722 -6850.85
v 933.558 16.2225 -6851.85
v 932.928 16.3259 -6850.6
v 932.253 16.3879 -6849.34
v 932.772 16.5847 -6850.35
v 931.896 16.2089 -6848.59
v 931.798 16.4397 -6848.35
v 931.44 16.4233 -6847.46
v 931.695 16.637 -6848.11
v 933.993 17.1822 -6853
v 934.334 17.3941 -6853.61
v 933.55 16.8865 -6851.94
v 933.898 17.3245 -6852.69
v 933.527 17.3314 -6851.73
v 933.796 17.5044 -6852.44
v 932.88 16.9583 -6850.61
v 932.975 17.1854 -6850.74
v 932.136 17.0103 -6849.24
v 932.81 17.3756 -6850.52
v 932.202 17.4246 -6849.3
v 932.773 17.5293 -6850.34
v 931.733 16.9944 -6848.26
v 931.778 17.2712 -6848.42
v 931.714 17.529 -6848.18
v 931.504 17.3601 -6847.54
v 931.757 17.4077 -6848.28
v 931.416 16.9717 -6847.45
v 934.381 18.0882 -6852.73
v 934.302 18.0703 -6852.78
v 934.825 17.89 -6853.64
v 934.558 17.8855 -6853.49
v 933.908 17.7648 -6852.49
v 934.292 17.7417 -6853.31
v 933.993 17.9103 -6852.39
v 934.107 18.0309 -6852.56
v 933.253 17.9336 -6850.49
v 932.501 18.1117 -6848.95
v 933.146 17.966 -6850.45
v 932.491 17.9322 -6849.23
v 933.56 17.7166 -6851.53
v 933.725 17.9528 -6851.62
v 933.153 17.9568 -6850.64
v 933.006 17.7395 -6850.59
v 932.079 17.9264 -6847.97
v 931.85 17.6202 -6847.36
v 932.005 17.841 -6848
v 931.71 17.6553 -6847.44
v 931.889 17.725 -6848.29
v 932.404 17.7597 -6849.36
v 931.967 17.8599 -6848.33
v 934.848 17.8685 -6853.33
v 934.448 18.0398 -6852.7
v 933.879 18.1805 -6851.67
v 934.386 17.9893 -6852.42
v 933.969 17.973 -6851.51
v 934.393 17.9245 -6852.19
v 932.73 17.9041 -6849.12
v 933.445 17.8695 -6850.51
v 933.569 17.7435 -6850.34
v 932.169 17.9468 -6847.88
v 932.013 17.6472 -6847.32
v 932.306 17.9241 -6848
v 932.445 17.9017 -6848.1
v 935.155 16.9883 -6853.36
v 934.798 16.8546 -6852.33
v 935.048 17.3891 -6853.22
v 934.714 17.0746 -6852.47
v 934.616 17.2063 -6852.18
v 934.435 17.3884 -6852.02
v 934.786 17.6844 -6852.97
v 934.475 17.7305 -6852.2
v 933.791 16.8394 -6850.27
v 933.814 17.1199 -6850.45
v 934.294 16.8266 -6851.32
v 934.18 17.2641 -6851.29
v 933.68 17.3015 -6850.27
v 933.549 17.4997 -6850.06
v 933.98 17.699 -6851.34
v 933.569 17.7435 -6850.34
v 932.765 16.935 -6847.94
v 932.273 16.935 -6847.1
v 932.663 17.1723 -6847.8
v 932.241 17.323 -6847.18
v 932.923 17.742 -6849.23
v 933.068 17.3824 -6849.1
v 932.494 17.7293 -6848.05
v 932.71 17.5066 -6848.19
v 935.149 15.6812 -6853.29
v 934.72 15.7277 -6852.35
v 935.04 16.2723 -6853.17
v 934.843 16.09 -6852.49
v 934.681 16.3108 -6852.33
v 934.228 16.3382 -6851.27
v 933.701 15.7955 -6850.13
v 933.312 15.8413 -6848.98
v 933.58 16.1294 -6850.01
v 933.196 16.3604 -6849.16
v 933.836 16.5104 -6850.42
v 932.148 16.4224 -6847.2
v 932.64 16.2026 -6847.89
v 932.123 15.8947 -6847.41
v 932.68 15.8536 -6848.11
v 933.251 16.9058 -6849.11
v 932.928 16.6079 -6848.19
v 935.013 15.1798 -6853.06
v 934.742 15.4107 -6852.4
v 934.57 15.222 -6852.07
v 934.447 15.0518 -6851.86
v 934.246 15.7642 -6851.23
v 934.118 15.2163 -6851.23
v 933.626 15.4618 -6849.95
v 933.221 15.2896 -6849.13
v 933.711 15.2486 -6850.17
v 933.816 15.0469 -6850.37
v 932.303 15.3701 -6847.48
v 932.709 15.5381 -6848.02
v 932.889 15.335 -6848.14
v 932.865 15.1362 -6848.38
v 933.815 14.7619 -6851.54
v 933.957 14.7885 -6851.4
v 934.269 14.647 -6852.5
v 934.31 14.6023 -6852.32
v 934.777 14.6606 -6853.07
v 934.477 14.6904 -6852.37
v 934.793 14.786 -6852.75
v 934.509 14.7144 -6852.06
v 932.642 14.5413 -6849.28
v 932.864 14.6568 -6849.17
v 933.218 14.6557 -6850.37
v 933.296 14.6837 -6850.21
v 933.626 14.8066 -6850.25
v 934.1 14.7783 -6851.32
v 933.602 14.7708 -6850.38
v 932.163 14.6408 -6848.15
v 932.386 14.6439 -6848.21
v 932.429 14.7899 -6848.08
v 932.507 14.719 -6847.96
v 933.184 14.7274 -6849.16
v 932.697 14.8604 -6848.19
v 934.687 14.6114 -6853.34
v 934.388 14.5531 -6853.35
v 934.17 14.6518 -6852.63
v 933.964 14.6843 -6852.45
v 933.616 14.7562 -6851.52
v 933.826 14.6517 -6852.34
v 933.167 14.6628 -6850.48
v 933.045 14.7147 -6850.37
v 932.51 14.7552 -6849.33
v 932.908 14.7517 -6850.32
v 932.077 14.6919 -6848.33
v 931.996 14.8022 -6848.28
v 931.934 14.8466 -6848.28
v 931.842 14.8034 -6847.34
v 931.723 14.9058 -6847.51
v 931.842 14.8034 -6847.34
v 931.793 15.2866 -6847.21
v 932.065 14.8537 -6847.27
v 931.952 15.1992 -6847.28
v 932.049 15.3125 -6847.29
v 932.133 15.4175 -6847.34
v 932.362 14.9164 -6847.37
v 932.303 15.3701 -6847.48
v 931.764 15.8218 -6847.17
v 931.664 15.8295 -6847.34
v 931.691 15.3892 -6847.32
v 931.76 15.0352 -6847.85
v 931.723 14.9058 -6847.51
v 931.715 15.2362 -6847.53
v 931.629 16.4412 -6846.9
v 931.76 16.3374 -6846.96
v 931.941 15.8394 -6847.23
v 931.83 16.4469 -6846.92
v 931.944 16.56 -6846.91
v 932.123 15.8947 -6847.41
v 932.148 16.4224 -6847.2
v 931.504 16.5436 -6846.97
v 931.628 17.0513 -6846.86
v 931.475 16.9965 -6847.08
v 931.544 16.3126 -6847.27
v 932.273 16.935 -6847.1
v 931.917 17.0027 -6846.85
v 932.241 17.323 -6847.18
v 931.992 17.2707 -6847.04
v 931.922 17.3631 -6847.09
v 931.862 17.4592 -6847.07
v 931.732 17.3987 -6847.1
v 931.48 17.2849 -6847.23
v 931.671 17.4165 -6847.22
v 931.603 17.3628 -6847.22
v 934.906 15.5923 -6853.88
v 934.833 15.0853 -6853.7
v 935.037 15.6522 -6853.63
v 934.93 15.2128 -6853.6
v 934.908 15.0559 -6853.25
v 934.793 14.786 -6852.75
v 934.777 14.6606 -6853.07
v 934.687 14.6114 -6853.34
v 934.388 14.5531 -6853.35
v 934.617 14.9758 -6853.62
v 934.47 15.1932 -6853.62
v 934.529 15.074 -6853.67
v 934.843 16.2182 -6853.7
v 934.965 16.1369 -6853.59
v 934.997 16.421 -6853.37
v 935.023 16.2775 -6853.49
v 934.668 15.6548 -6853.71
v 934.706 16.1419 -6853.64
v 934.602 16.2952 -6853.54
v 934.641 16.9983 -6853.75
v 934.878 17.5317 -6853.75
v 934.872 17.0016 -6853.77
v 935.007 17.4537 -6853.74
v 935.084 17.0078 -6853.67
v 935.085 17.554 -6853.65
v 935.016 17.5801 -6853.47
v 934.825 17.89 -6853.64
v 934.558 17.8855 -6853.49
v 934.711 17.5917 -6853.72
v 934.622 17.4527 -6853.72
v 934.552 17.3669 -6853.76
v 932.928 15.2476 -6850.69
v 931.853 15.3403 -6848.52
v 931.612 17.6338 -6847.62
v 931.98 17.8954 -6848.16
v 934.786 17.6844 -6852.97
v 934.475 17.7305 -6852.2
v 933.98 17.699 -6851.34
v 932.923 17.742 -6849.23
v 932.239 17.6432 -6847.33
v 932.494 17.7293 -6848.05
v 932.668 17.3147 -6848
v 932.239 17.6432 -6847.33
v 933.713 16.3294 -6850.22
v 932.819 16.4093 -6848.04
v 934.1 14.7783 -6851.32
v 934.509 14.7144 -6852.06
v 933.184 14.7274 -6849.16
v 933.626 14.8066 -6850.25
v 932.362 14.9164 -6847.37
v 932.697 14.8604 -6848.19
v 934.411 14.6165 -6852.35
v 933.495 14.7298 -6850.33
v 932.362 14.9164 -6847.37
v 932.065 14.8537 -6847.27
v 931.77 15.3112 -6847.46
v 931.46 16.3961 -6847.1
v 932.239 17.6432 -6847.33
v 932.013 17.6472 -6847.32
v 931.85 17.6202 -6847.36
v 931.71 17.6553 -6847.44
v 935.004 15.0918 -6853.45
v 934.848 17.8685 -6853.33
v 935.385 15.9451 -6853.75
v 934.455 16.1025 -6851.61
v 934.501 16.1025 -6851.59
v 935.43 15.9451 -6853.73
v 934.523 16.1458 -6851.58
v 935.453 15.9884 -6853.72
v 934.501 16.1891 -6851.59
v 935.43 16.0317 -6853.73
v 934.455 16.1891 -6851.61
v 935.385 16.0317 -6853.75
v 934.433 16.1458 -6851.62
v 935.362 15.9884 -6853.76
v 934.455 16.1025 -6851.61
v 935.385 15.9451 -6853.75
v 933.453 16.235 -6849.14
v 933.498 16.235 -6849.12
v 933.521 16.2783 -6849.11
v 933.498 16.3216 -6849.12
v 933.453 16.3216 -6849.14
v 933.43 16.2783 -6849.15
v 933.453 16.235 -6849.14
v 932.236 16.2132 -6847.05
v 932.281 16.2132 -6847.03
v 932.304 16.2565 -6847.02
v 932.281 16.2998 -6847.03
v 932.236 16.2998 -6847.05
v 932.213 16.2565 -6847.06
v 932.236 16.2132 -6847.05
v 935.385 15.9188 -6853.75
v 934.543 15.6746 -6851.57
v 934.588 15.6746 -6851.55
v 935.43 15.9188 -6853.73
v 934.61 15.7179 -6851.54
v 935.453 15.9621 -6853.72
v 934.588 15.7612 -6851.55
v 935.43 16.0054 -6853.73
v 934.543 15.7612 -6851.57
v 935.385 16.0054 -6853.75
v 934.52 15.7179 -6851.58
v 935.362 15.9621 -6853.76
v 934.543 15.6746 -6851.57
v 935.385 15.9188 -6853.75
v 933.449 16.0988 -6849.14
v 933.495 16.0988 -6849.12
v 933.517 16.1421 -6849.11
v 933.495 16.1854 -6849.12
v 933.449 16.1854 -6849.14
v 933.427 16.1421 -6849.15
v 933.449 16.0988 -6849.14
v 932.246 16.0378 -6847.06
v 932.291 16.0378 -6847.04
v 932.313 16.0811 -6847.03
v 932.291 16.1244 -6847.04
v 932.246 16.1244 -6847.06
v 932.223 16.0811 -6847.07
v 932.246 16.0378 -6847.06
v 934.552 16.0996 -6854.01
v 933.544 16.0476 -6852.04
v 933.589 16.0476 -6852.02
v 934.597 16.0996 -6853.99
v 933.612 16.0909 -6852.01
v 934.62 16.1429 -6853.98
v 933.589 16.1342 -6852.02
v 934.597 16.1862 -6853.99
v 933.544 16.1342 -6852.04
v 934.552 16.1862 -6854.01
v 933.522 16.0909 -6852.05
v 934.53 16.1429 -6854.02
v 933.544 16.0476 -6852.04
v 934.552 16.0996 -6854.01
v 932.24 15.8214 -6849.53
v 932.285 15.8214 -6849.5
v 932.308 15.8647 -6849.49
v 932.285 15.908 -6849.5
v 932.24 15.908 -6849.53
v 932.218 15.8647 -6849.54
v 932.24 15.8214 -6849.53
v 931.408 16.1022 -6847.32
v 931.453 16.1022 -6847.3
v 931.476 16.1455 -6847.29
v 931.453 16.1888 -6847.3
v 931.408 16.1888 -6847.32
v 931.385 16.1455 -6847.33
v 931.408 16.1022 -6847.32
v 934.552 15.9816 -6854.01
v 933.518 15.8784 -6852.06
v 933.564 15.8784 -6852.03
v 934.597 15.9816 -6853.99
v 933.586 15.9217 -6852.02
v 934.62 16.0249 -6853.98
v 933.564 15.965 -6852.03
v 934.597 16.0682 -6853.99
v 933.518 15.965 -6852.06
v 934.552 16.0682 -6854.01
v 933.496 15.9217 -6852.07
v 934.53 16.0249 -6854.02
v 933.518 15.8784 -6852.06
v 934.552 15.9816 -6854.01
v 932.237 15.7292 -6849.53
v 932.282 15.7292 -6849.51
v 932.305 15.7725 -6849.5
v 932.282 15.8158 -6849.51
v 932.237 15.8158 -6849.53
v 932.214 15.7725 -6849.54
v 932.237 15.7292 -6849.53
v 931.304 15.9474 -6847.2
v 931.349 15.9474 -6847.18
v 931.372 15.9907 -6847.17
v 931.349 16.034 -6847.18
v 931.304 16.034 -6847.2
v 931.281 15.9907 -6847.21
v 931.304 15.9474 -6847.2
v 935.356 15.9106 -6854.16
v 935.417 15.7727 -6854.19
v 935.101 15.7972 -6854.35
v 935.103 15.9302 -6854.28
v 935.413 15.972 -6853.89
v 935.489 15.8494 -6853.85
v 935.242 16.0785 -6853.63
v 935.275 15.9825 -6853.53
v 934.942 16.1676 -6853.54
v 934.9 16.0939 -6853.42
v 934.689 16.1872 -6853.66
v 934.584 16.1185 -6853.57
v 934.632 16.1258 -6853.93
v 934.512 16.0417 -6853.91
v 934.803 16.0194 -6854.19
v 934.726 15.9086 -6854.23
v 935.103 15.9302 -6854.28
v 935.101 15.7972 -6854.35
v 935.522 15.8414 -6854.28
v 935.143 15.8709 -6854.47
v 935.609 15.9335 -6853.88
v 935.352 16.0932 -6853.49
v 934.902 16.227 -6853.35
v 934.523 16.2564 -6853.54
v 934.436 16.1643 -6853.94
v 934.693 16.0046 -6854.33
v 935.143 15.8709 -6854.47
v 935.461 15.9793 -6854.25
v 935.145 16.0039 -6854.4
v 935.533 16.0561 -6853.91
v 935.319 16.1892 -6853.59
v 934.944 16.3006 -6853.47
v 934.628 16.3252 -6853.63
v 934.556 16.2484 -6853.97
v 934.77 16.1153 -6854.29
v 935.145 16.0039 -6854.4
v 935.356 15.9106 -6854.16
v 935.103 15.9302 -6854.28
v 935.413 15.972 -6853.89
v 935.242 16.0785 -6853.63
v 934.942 16.1676 -6853.54
v 934.689 16.1872 -6853.66
v 934.632 16.1258 -6853.93
v 934.803 16.0194 -6854.19
v 935.103 15.9302 -6854.28
v 935.397 16.146 -6854.2
v 935.486 16.0671 -6854.3
v 935.166 16.1096 -6854.44
v 935.141 16.18 -6854.31
v 935.451 16.0551 -6853.94
v 935.554 15.9535 -6853.97
v 935.272 15.9606 -6853.68
v 935.329 15.8354 -6853.65
v 934.964 15.9179 -6853.58
v 934.944 15.782 -6853.53
v 934.708 15.9519 -6853.7
v 934.624 15.8245 -6853.67
v 934.654 16.0427 -6853.96
v 934.557 15.938 -6854
v 934.833 16.1372 -6854.22
v 934.781 16.0561 -6854.32
v 935.141 16.18 -6854.31
v 935.166 16.1096 -6854.44
v 935.57 16.1945 -6854.33
v 935.185 16.2455 -6854.5
v 935.651 16.0582 -6853.93
v 935.382 15.9165 -6853.55
v 934.92 15.8524 -6853.4
v 934.536 15.9033 -6853.57
v 934.454 16.0396 -6853.96
v 934.724 16.1813 -6854.35
v 935.185 16.2455 -6854.5
v 935.481 16.2734 -6854.23
v 935.161 16.3158 -6854.37
v 935.548 16.1598 -6853.9
v 935.324 16.0417 -6853.58
v 934.939 15.9882 -6853.45
v 934.619 16.0307 -6853.6
v 934.551 16.1443 -6853.93
v 934.776 16.2624 -6854.25
v 935.161 16.3158 -6854.37
v 935.397 16.146 -6854.2
v 935.141 16.18 -6854.31
v 935.451 16.0551 -6853.94
v 935.272 15.9606 -6853.68
v 934.964 15.9179 -6853.58
v 934.708 15.9519 -6853.7
v 934.654 16.0427 -6853.96
v 934.833 16.1372 -6854.22
v 935.141 16.18 -6854.31
v 932.176 16.0618 -6847.18
v 932.252 15.9355 -6847.19
v 931.96 15.9273 -6847.45
v 931.943 16.0553 -6847.38
v 932.185 16.1422 -6846.88
v 932.263 16.0359 -6846.82
v 931.963 16.2493 -6846.66
v 931.985 16.1698 -6846.54
v 931.64 16.3204 -6846.65
v 931.582 16.2587 -6846.53
v 931.407 16.3139 -6846.85
v 931.29 16.2505 -6846.79
v 931.399 16.2335 -6847.16
v 931.28 16.1501 -6847.16
v 931.621 16.1264 -6847.38
v 931.558 16.0162 -6847.44
v 931.943 16.0553 -6847.38
v 931.96 15.9273 -6847.45
v 932.369 15.9988 -6847.26
v 932.018 15.989 -6847.57
v 932.381 16.1194 -6846.81
v 932.048 16.28 -6846.48
v 931.565 16.3867 -6846.46
v 931.214 16.3769 -6846.77
v 931.202 16.2563 -6847.22
v 931.535 16.0957 -6847.55
v 932.018 15.989 -6847.57
v 932.293 16.1252 -6847.25
v 932.001 16.117 -6847.5
v 932.303 16.2256 -6846.87
v 932.026 16.3595 -6846.59
v 931.623 16.4484 -6846.58
v 931.331 16.4402 -6846.84
v 931.32 16.3398 -6847.22
v 931.598 16.2059 -6847.49
v 932.001 16.117 -6847.5
v 932.176 16.0618 -6847.18
v 931.943 16.0553 -6847.38
v 932.185 16.1422 -6846.88
v 931.963 16.2493 -6846.66
v 931.64 16.3204 -6846.65
v 931.407 16.3139 -6846.85
v 931.399 16.2335 -6847.16
v 931.621 16.1264 -6847.38
v 931.943 16.0553 -6847.38
v 932.162 16.2723 -6847.2
v 932.285 16.2135 -6847.25
v 931.995 16.1581 -6847.51
v 931.93 16.228 -6847.4
v 932.177 16.2324 -6846.89
v 932.303 16.1636 -6846.87
v 931.966 16.1316 -6846.65
v 932.039 16.0376 -6846.58
v 931.653 16.029 -6846.63
v 931.648 15.9093 -6846.55
v 931.421 15.9846 -6846.84
v 931.359 15.8539 -6846.81
v 931.406 16.0246 -6847.15
v 931.34 15.9038 -6847.19
v 931.617 16.1254 -6847.38
v 931.604 16.0298 -6847.48
v 931.93 16.228 -6847.4
v 931.995 16.1581 -6847.51
v 932.347 16.3442 -6847.29
v 932 16.2777 -6847.59
v 932.369 16.2843 -6846.82
v 932.053 16.1331 -6846.47
v 931.583 15.9792 -6846.44
v 931.236 15.9127 -6846.75
v 931.214 15.9726 -6847.21
v 931.53 16.1238 -6847.56
v 932 16.2777 -6847.59
v 932.225 16.403 -6847.23
v 931.935 16.3476 -6847.48
v 932.243 16.3531 -6846.84
v 931.979 16.2271 -6846.55
v 931.588 16.0989 -6846.52
v 931.298 16.0434 -6846.78
v 931.28 16.0934 -6847.16
v 931.544 16.2193 -6847.46
v 931.935 16.3476 -6847.48
v 932.162 16.2723 -6847.2
v 931.93 16.228 -6847.4
v 932.177 16.2324 -6846.89
v 931.966 16.1316 -6846.65
v 931.653 16.029 -6846.63
v 931.421 15.9846 -6846.84
v 931.406 16.0246 -6847.15
v 931.617 16.1254 -6847.38
v 931.93 16.228 -6847.4
v 935.255 19.1241 -6854.21
v 935.265 19.1354 -6854.36
v 935.373 19.1068 -6854.46
v 935.517 19.0549 -6854.46
v 935.612 19.0103 -6854.35
v 935.602 18.999 -6854.19
v 935.494 19.0276 -6854.09
v 935.35 19.0795 -6854.09
v 935.128 18.1669 -6853.53
v 935.125 18.1878 -6853.64
v 935.202 18.1671 -6853.72
v 935.315 18.117 -6853.72
v 935.396 18.0667 -6853.64
v 935.398 18.0458 -6853.53
v 935.321 18.0665 -6853.46
v 935.209 18.1166 -6853.46
v 934.368 18.8761 -6853.97
v 934.369 18.921 -6854.07
v 934.444 18.9709 -6854.13
v 934.549 18.9966 -6854.12
v 934.624 18.983 -6854.04
v 934.623 18.9381 -6853.94
v 934.548 18.8882 -6853.88
v 934.442 18.8625 -6853.89
v 934.672 18.4571 -6853.86
v 934.685 18.4989 -6854.07
v 934.843 18.5439 -6854.22
v 935.055 18.5659 -6854.21
v 935.195 18.5519 -6854.05
v 935.182 18.5101 -6853.83
v 935.024 18.4651 -6853.69
v 934.813 18.4431 -6853.7
v 931.527 18.0687 -6846.78
v 931.534 18.0358 -6847
v 931.694 18.0681 -6847.14
v 931.912 18.1466 -6847.12
v 932.06 18.2254 -6846.96
v 932.053 18.2582 -6846.75
v 931.893 18.226 -6846.61
v 931.676 18.1475 -6846.62
v 931.225 18.8701 -6847.23
v 931.234 18.8261 -6847.36
v 931.334 18.7879 -6847.44
v 931.468 18.778 -6847.44
v 931.555 18.8021 -6847.34
v 931.546 18.8462 -6847.21
v 931.446 18.8844 -6847.12
v 931.313 18.8943 -6847.13
v 931.067 19.1321 -6846.88
v 931.06 19.2369 -6847.04
v 931.174 19.3497 -6847.15
v 931.343 19.4045 -6847.15
v 931.468 19.3691 -6847.03
v 931.475 19.2644 -6846.86
v 931.361 19.1516 -6846.75
v 931.192 19.0968 -6846.75
v 932.151 18.5965 -6847.02
v 932.164 18.6278 -6847.17
v 932.272 18.5899 -6847.28
v 932.411 18.5049 -6847.27
v 932.499 18.4227 -6847.17
v 932.486 18.3914 -6847.02
v 932.378 18.4294 -6846.91
v 932.239 18.5143 -6846.91
v 934.975 14.533 -6854.05
v 935.255 19.1241 -6854.21
v 935.35 19.0795 -6854.09
v 935.063 14.5308 -6853.95
v 935.494 19.0276 -6854.09
v 935.193 14.5224 -6853.95
v 935.602 18.999 -6854.19
v 935.288 14.5129 -6854.04
v 935.612 19.0103 -6854.35
v 935.293 14.5077 -6854.17
v 935.517 19.0549 -6854.46
v 935.205 14.5099 -6854.26
v 935.373 19.1068 -6854.46
v 935.076 14.5182 -6854.27
v 935.265 19.1354 -6854.36
v 934.98 14.5278 -6854.18
v 935.255 19.1241 -6854.21
v 934.975 14.533 -6854.05
v 935.028 14.4936 -6853.6
v 935.128 18.1669 -6853.53
v 935.209 18.1166 -6853.46
v 935.095 14.4912 -6853.53
v 935.321 18.0665 -6853.46
v 935.188 14.489 -6853.53
v 935.398 18.0458 -6853.53
v 935.253 14.4882 -6853.6
v 935.396 18.0667 -6853.64
v 935.251 14.4892 -6853.69
v 935.315 18.117 -6853.72
v 935.185 14.4915 -6853.76
v 935.202 18.1671 -6853.72
v 935.092 14.4938 -6853.75
v 935.125 18.1878 -6853.64
v 935.027 14.4946 -6853.69
v 935.128 18.1669 -6853.53
v 935.028 14.4936 -6853.6
v 934.568 14.5048 -6853.75
v 934.368 18.8761 -6853.97
v 934.442 18.8625 -6853.89
v 934.628 14.5108 -6853.68
v 934.548 18.8882 -6853.88
v 934.721 14.515 -6853.67
v 934.623 18.9381 -6853.94
v 934.792 14.5151 -6853.73
v 934.624 18.983 -6854.04
v 934.799 14.5109 -6853.82
v 934.549 18.9966 -6854.12
v 934.738 14.5048 -6853.89
v 934.444 18.9709 -6854.13
v 934.646 14.5006 -6853.9
v 934.369 18.921 -6854.07
v 934.575 14.5005 -6853.84
v 934.368 18.8761 -6853.97
v 934.568 14.5048 -6853.75
v 934.772 14.5319 -6853.82
v 934.672 18.4571 -6853.86
v 934.813 18.4431 -6853.7
v 934.891 14.5356 -6853.69
v 935.024 18.4651 -6853.69
v 935.07 14.5386 -6853.68
v 935.182 18.5101 -6853.83
v 935.204 14.5391 -6853.8
v 935.195 18.5519 -6854.05
v 935.215 14.5368 -6853.98
v 935.055 18.5659 -6854.21
v 935.095 14.5331 -6854.11
v 934.843 18.5439 -6854.22
v 934.916 14.5301 -6854.12
v 934.685 18.4989 -6854.07
v 934.782 14.5296 -6854
v 934.672 18.4571 -6853.86
v 934.772 14.5319 -6853.82
v 931.652 14.5318 -6846.77
v 931.527 18.0687 -6846.78
v 931.676 18.1475 -6846.62
v 931.76 14.5347 -6846.65
v 931.893 18.226 -6846.61
v 931.922 14.5373 -6846.64
v 932.053 18.2582 -6846.75
v 932.042 14.5382 -6846.75
v 932.06 18.2254 -6846.96
v 932.05 14.5368 -6846.91
v 931.912 18.1466 -6847.12
v 931.941 14.534 -6847.03
v 931.694 18.0681 -6847.14
v 931.78 14.5314 -6847.04
v 931.534 18.0358 -6847
v 931.66 14.5305 -6846.93
v 931.527 18.0687 -6846.78
v 931.652 14.5318 -6846.77
v 931.471 14.5032 -6847.09
v 931.225 18.8701 -6847.23
v 931.313 18.8943 -6847.13
v 931.539 14.5091 -6847.01
v 931.446 18.8844 -6847.12
v 931.64 14.5142 -6847
v 931.546 18.8462 -6847.21
v 931.716 14.5154 -6847.07
v 931.555 18.8021 -6847.34
v 931.722 14.5121 -6847.17
v 931.468 18.778 -6847.44
v 931.654 14.5062 -6847.25
v 931.334 18.7879 -6847.44
v 931.552 14.5012 -6847.26
v 931.234 18.8261 -6847.36
v 931.477 14.5 -6847.19
v 931.225 18.8701 -6847.23
v 931.471 14.5032 -6847.09
v 931.419 14.4874 -6846.77
v 931.067 19.1321 -6846.88
v 931.192 19.0968 -6846.75
v 931.477 14.4923 -6846.71
v 931.361 19.1516 -6846.75
v 931.561 14.4968 -6846.71
v 931.475 19.2644 -6846.86
v 931.622 14.4983 -6846.76
v 931.468 19.3691 -6847.03
v 931.623 14.4959 -6846.85
v 931.343 19.4045 -6847.15
v 931.565 14.491 -6846.91
v 931.174 19.3497 -6847.15
v 931.481 14.4865 -6846.91
v 931.06 19.2369 -6847.04
v 931.421 14.485 -6846.85
v 931.067 19.1321 -6846.88
v 931.419 14.4874 -6846.77
v 931.891 14.5304 -6847.08
v 932.151 18.5965 -6847.02
v 932.239 18.5143 -6846.91
v 931.969 14.5239 -6846.99
v 932.378 18.4294 -6846.91
v 932.086 14.5154 -6846.98
v 932.486 18.3914 -6847.02
v 932.173 14.5097 -6847.06
v 932.499 18.4227 -6847.17
v 932.179 14.5103 -6847.18
v 932.411 18.5049 -6847.27
v 932.1 14.5167 -6847.27
v 932.272 18.5899 -6847.28
v 931.983 14.5252 -6847.27
v 932.164 18.6278 -6847.17
v 931.897 14.5309 -6847.19
v 932.151 18.5965 -6847.02
v 931.891 14.5304 -6847.08
v 931.407 16.5595 -6847.38
v 931.39 17.5595 -6847.4
v 931.296 17.5595 -6847.31
v 931.34 16.5595 -6847.27
v 931.9 17.5595 -6846.61
v 931.9 16.5595 -6846.61
v 931.507 16.5595 -6846.61
v 931.461 17.5595 -6846.63
v 932.369 16.5595 -6847.05
v 932.439 17.5595 -6847.05
v 932.414 17.5595 -6847.29
v 932.368 16.5595 -6847.24
v 931.9 16.5595 -6846.61
v 931.9 17.5595 -6846.61
v 932.201 17.5595 -6846.78
v 932.184 16.5595 -6846.79
v 931.242 16.5595 -6846.78
v 931.152 17.5595 -6846.81
v 931.262 16.5595 -6846.96
v 931.183 17.5595 -6846.98
v 931.294 17.5595 -6847.11
v 931.362 16.5595 -6847.08
v 931.561 14.9993 -6847.31
v 931.493 15.9993 -6847.36
v 931.384 15.9993 -6847.23
v 931.423 14.9993 -6847.2
v 931.918 15.9993 -6846.63
v 931.918 14.9993 -6846.63
v 931.576 14.9993 -6846.61
v 931.536 15.9993 -6846.62
v 932.224 14.9993 -6847.07
v 932.305 15.9993 -6847.05
v 932.298 15.9993 -6847.28
v 932.221 14.9993 -6847.24
v 932.089 15.9993 -6846.76
v 932.074 14.9993 -6846.77
v 931.392 14.9993 -6846.74
v 931.313 15.9993 -6846.76
v 931.313 15.9993 -6846.76
v 931.392 14.9993 -6846.74
v 931.36 14.9993 -6846.86
v 931.291 15.9993 -6846.88
v 931.368 15.9993 -6847.01
v 931.427 14.9993 -6846.98
v 935.25 16.5595 -6853.44
v 935.269 17.5595 -6853.42
v 935.415 17.5595 -6853.57
v 935.366 16.5595 -6853.61
v 935.083 17.5595 -6854.21
v 935.083 16.5595 -6854.21
v 935.177 16.5595 -6854.35
v 935.239 17.5595 -6854.4
v 934.445 16.5595 -6853.92
v 934.394 17.5595 -6853.95
v 934.45 17.5595 -6853.84
v 934.496 16.5595 -6853.79
v 935.083 16.5595 -6854.21
v 935.083 17.5595 -6854.21
v 934.831 17.5595 -6854.19
v 934.849 16.5595 -6854.18
v 935.38 17.5595 -6854.42
v 935.325 16.5595 -6854.37
v 935.442 16.5595 -6854.29
v 935.513 17.5595 -6854.32
v 934.463 17.5595 -6854.05
v 934.512 16.5595 -6854.01
v 935.446 16.5595 -6854.11
v 935.513 17.5595 -6854.13
v 935.27 17.5595 -6853.89
v 935.217 16.5595 -6853.93
v 935.316 14.8726 -6853.6
v 935.371 15.8726 -6853.58
v 935.286 15.8726 -6853.71
v 935.247 14.8726 -6853.74
v 934.849 15.8726 -6854.12
v 934.849 14.8726 -6854.12
v 935.055 14.8726 -6854.29
v 935.112 15.8726 -6854.33
v 934.561 14.8726 -6853.89
v 934.482 15.8726 -6853.92
v 934.49 15.8726 -6853.76
v 934.553 14.8726 -6853.74
v 934.668 15.8726 -6854.05
v 934.738 14.8726 -6853.99
v 935.253 14.8726 -6854.29
v 935.349 15.8726 -6854.32
v 934.553 14.8726 -6853.74
v 934.49 15.8726 -6853.76
v 935.198 15.8726 -6853.48
v 935.184 14.8726 -6853.47
v 935.383 14.8726 -6854.09
v 935.431 15.8726 -6854.14
v 935.31 15.8726 -6853.95
v 935.288 14.8726 -6853.95
v 919.84 15.1313 -6861.93
v 919.47 15.0477 -6861.15
v 919.689 14.5334 -6861.87
v 919.483 14.6815 -6861.31
v 919.274 14.474 -6861.02
v 919.147 14.3287 -6860.77
v 919.485 13.9692 -6861.67
v 919.233 14.1165 -6860.82
v 918.274 15.0828 -6859.05
v 917.607 15.1408 -6857.79
v 918.128 14.8259 -6858.94
v 917.613 14.6865 -6857.93
v 918.843 14.1903 -6859.91
v 918.898 14.5377 -6860.11
v 918.26 14.2236 -6859.01
v 918.404 14.4653 -6859.26
v 917.124 15.1944 -6856.9
v 916.941 15.2404 -6856.12
v 917.154 14.9192 -6856.81
v 917.038 14.7806 -6856.27
v 917.724 14.2954 -6857.97
v 917.232 14.2964 -6857.05
v 917.317 14.5507 -6857.18
v 919.487 16.315 -6861.32
v 919.467 15.9291 -6861.45
v 919.845 16.3683 -6862.11
v 919.826 15.7378 -6861.89
v 919.356 15.4689 -6860.95
v 919.352 15.6944 -6861.2
v 918.998 14.9769 -6860.24
v 918.424 15.4587 -6859.3
v 918.966 15.609 -6860.29
v 918.299 15.7124 -6859.05
v 917.586 15.7744 -6857.81
v 918.136 15.9713 -6858.81
v 917.208 15.5955 -6857.07
v 917.102 15.8263 -6856.83
v 916.718 15.8099 -6855.96
v 916.992 16.0236 -6856.6
v 919.436 16.5687 -6861.42
v 919.795 16.7807 -6862.02
v 918.961 16.273 -6860.37
v 919.332 16.711 -6861.12
v 918.931 16.718 -6860.17
v 919.222 16.8909 -6860.87
v 918.252 16.3448 -6859.07
v 918.35 16.5719 -6859.19
v 917.467 16.3968 -6857.72
v 918.178 16.7621 -6858.97
v 917.534 16.8111 -6857.78
v 918.137 16.9158 -6858.8
v 917.035 16.3809 -6856.75
v 917.084 16.6578 -6856.91
v 917.013 16.9155 -6856.67
v 916.784 16.7467 -6856.03
v 917.059 16.7942 -6856.77
v 916.693 16.3582 -6855.95
v 919.815 17.4747 -6861.13
v 919.738 17.4568 -6861.19
v 920.286 17.2765 -6862.03
v 920.015 17.272 -6861.9
v 919.336 17.1513 -6860.91
v 919.744 17.1282 -6861.72
v 919.417 17.2969 -6860.81
v 919.537 17.4174 -6860.98
v 918.621 17.3202 -6858.93
v 917.823 17.4983 -6857.42
v 918.512 17.3526 -6858.9
v 917.822 17.3188 -6857.7
v 918.959 17.1031 -6859.96
v 919.127 17.3393 -6860.05
v 918.526 17.3433 -6859.09
v 918.377 17.126 -6859.04
v 917.372 17.313 -6856.45
v 917.125 17.0068 -6855.85
v 917.299 17.2276 -6856.48
v 916.987 17.0418 -6855.94
v 917.192 17.1116 -6856.78
v 917.739 17.1463 -6857.83
v 917.271 17.2464 -6856.81
v 920.3 17.255 -6861.73
v 919.882 17.4263 -6861.11
v 919.282 17.5671 -6860.09
v 919.811 17.3759 -6860.82
v 919.367 17.3596 -6859.93
v 919.812 17.311 -6860.6
v 918.057 17.2906 -6857.58
v 918.814 17.256 -6858.94
v 918.932 17.1301 -6858.78
v 917.459 17.3333 -6856.36
v 917.286 17.0337 -6855.8
v 917.6 17.3107 -6856.47
v 917.742 17.2883 -6856.56
v 920.608 16.3748 -6861.74
v 920.22 16.2412 -6860.72
v 920.497 16.7756 -6861.61
v 920.141 16.4611 -6860.87
v 920.034 16.5929 -6860.58
v 919.848 16.7749 -6860.43
v 920.228 17.0709 -6861.37
v 919.893 17.1171 -6860.61
v 919.151 16.226 -6858.69
v 919.18 16.5064 -6858.87
v 919.686 16.2132 -6859.74
v 919.571 16.6506 -6859.71
v 919.041 16.6881 -6858.7
v 918.903 16.8862 -6858.5
v 919.373 17.0856 -6859.76
v 918.932 17.1301 -6858.78
v 918.056 16.3215 -6856.4
v 917.54 16.3215 -6855.57
v 917.95 16.5588 -6856.26
v 917.51 16.7095 -6855.66
v 918.253 17.1285 -6857.68
v 918.394 16.7689 -6857.55
v 917.789 17.1158 -6856.52
v 918.009 16.8931 -6856.65
v 920.6 15.0677 -6861.68
v 920.142 15.1143 -6860.74
v 920.487 15.6588 -6861.56
v 920.27 15.4765 -6860.89
v 920.103 15.6973 -6860.73
v 919.619 15.7248 -6859.69
v 919.057 15.1821 -6858.56
v 918.634 15.2278 -6857.43
v 918.933 15.5159 -6858.44
v 918.524 15.747 -6857.61
v 919.202 15.8969 -6858.85
v 917.418 15.8089 -6855.68
v 917.93 15.5892 -6856.35
v 917.399 15.2812 -6855.89
v 917.976 15.2401 -6856.57
v 918.577 16.2924 -6857.56
v 918.226 15.9945 -6856.64
v 920.457 14.5664 -6861.45
v 920.166 14.7973 -6860.8
v 919.985 14.6086 -6860.47
v 919.855 14.4384 -6860.27
v 919.635 15.1508 -6859.64
v 919.508 14.6028 -6859.65
v 918.978 14.8483 -6858.38
v 918.548 14.6761 -6857.57
v 919.069 14.6351 -6858.6
v 919.18 14.4334 -6858.8
v 917.581 14.7566 -6855.96
v 918.003 14.9246 -6856.48
v 918.186 14.7216 -6856.59
v 918.169 14.5227 -6856.83
v 919.214 14.1485 -6859.96
v 919.352 14.175 -6859.83
v 919.697 14.0335 -6860.92
v 919.732 13.9888 -6860.73
v 920.222 14.0472 -6861.47
v 919.9 14.077 -6860.77
v 920.228 14.1725 -6861.15
v 919.924 14.1009 -6860.46
v 917.974 13.9279 -6857.74
v 918.192 14.0433 -6857.63
v 918.582 14.0422 -6858.82
v 918.655 14.0702 -6858.65
v 918.987 14.1932 -6858.68
v 919.493 14.1648 -6859.74
v 918.966 14.1574 -6858.81
v 917.461 14.0273 -6856.63
v 917.686 14.0305 -6856.68
v 917.725 14.1765 -6856.55
v 917.8 14.1055 -6856.43
v 918.512 14.1139 -6857.6
v 917.996 14.2469 -6856.65
v 920.14 13.998 -6861.74
v 919.84 13.9397 -6861.75
v 919.601 14.0384 -6861.05
v 919.39 14.0709 -6860.87
v 919.014 14.1428 -6859.95
v 919.249 14.0382 -6860.76
v 918.535 14.0494 -6858.92
v 918.409 14.1012 -6858.82
v 917.843 14.1418 -6857.8
v 918.271 14.1382 -6858.77
v 917.38 14.0784 -6856.81
v 917.298 14.1888 -6856.77
v 917.236 14.2332 -6856.76
v 917.116 14.1899 -6855.83
v 917.002 14.2924 -6856
v 917.116 14.1899 -6855.83
v 917.063 14.6732 -6855.7
v 917.336 14.2403 -6855.76
v 917.224 14.5857 -6855.76
v 917.322 14.699 -6855.77
v 917.407 14.804 -6855.82
v 917.636 14.3029 -6855.84
v 917.581 14.7566 -6855.96
v 917.033 15.2084 -6855.66
v 916.938 15.2161 -6855.84
v 916.964 14.7758 -6855.82
v 917.049 14.4217 -6856.34
v 917.002 14.2924 -6856
v 916.994 14.6228 -6856.02
v 916.89 15.8277 -6855.4
v 917.022 15.7239 -6855.45
v 917.212 15.2259 -6855.71
v 917.091 15.8334 -6855.4
v 917.205 15.9465 -6855.39
v 917.399 15.2812 -6855.89
v 917.418 15.8089 -6855.68
v 916.767 15.9302 -6855.47
v 916.887 16.4379 -6855.36
v 916.741 16.383 -6855.58
v 916.816 15.6992 -6855.77
v 917.54 16.3215 -6855.57
v 917.176 16.3892 -6855.34
v 917.51 16.7095 -6855.66
v 917.257 16.6572 -6855.53
v 917.188 16.7496 -6855.57
v 917.127 16.8457 -6855.55
v 916.999 16.7853 -6855.59
v 916.751 16.6714 -6855.72
v 916.941 16.803 -6855.71
v 916.874 16.7494 -6855.72
v 920.375 14.9788 -6862.27
v 920.296 14.4719 -6862.09
v 920.498 15.0388 -6862.01
v 920.391 14.5994 -6861.99
v 920.358 14.4424 -6861.64
v 920.228 14.1725 -6861.15
v 920.222 14.0472 -6861.47
v 920.14 13.998 -6861.74
v 919.84 13.9397 -6861.75
v 920.078 14.3623 -6862.02
v 919.931 14.5797 -6862.02
v 919.991 14.4606 -6862.08
v 920.306 15.6048 -6862.09
v 920.425 15.5234 -6861.98
v 920.45 15.8075 -6861.76
v 920.48 15.6641 -6861.87
v 920.132 15.0414 -6862.11
v 920.168 15.5285 -6862.04
v 920.06 15.6818 -6861.94
v 920.106 16.3849 -6862.15
v 920.343 16.9182 -6862.14
v 920.338 16.3882 -6862.16
v 920.472 16.8403 -6862.13
v 920.546 16.3943 -6862.06
v 920.547 16.9405 -6862.04
v 920.472 16.9666 -6861.86
v 920.286 17.2765 -6862.03
v 920.015 17.272 -6861.9
v 920.175 16.9782 -6862.12
v 920.086 16.8393 -6862.12
v 920.017 16.7534 -6862.16
v 918.302 14.6341 -6859.14
v 917.162 14.7268 -6857.01
v 916.895 17.0204 -6856.11
v 917.278 17.2819 -6856.64
v 920.228 17.0709 -6861.37
v 919.893 17.1171 -6860.61
v 919.373 17.0856 -6859.76
v 918.253 17.1285 -6857.68
v 917.512 17.0298 -6855.8
v 917.789 17.1158 -6856.52
v 917.961 16.7012 -6856.46
v 917.512 17.0298 -6855.8
v 919.073 15.716 -6858.65
v 918.113 15.7958 -6856.49
v 919.493 14.1648 -6859.74
v 919.924 14.1009 -6860.46
v 918.512 14.1139 -6857.6
v 918.987 14.1932 -6858.68
v 917.636 14.3029 -6855.84
v 917.996 14.2469 -6856.65
v 919.834 14.003 -6860.76
v 918.858 14.1163 -6858.76
v 917.636 14.3029 -6855.84
v 917.336 14.2403 -6855.76
v 917.048 14.6978 -6855.95
v 916.727 15.7826 -6855.6
v 917.512 17.0298 -6855.8
v 917.286 17.0337 -6855.8
v 917.125 17.0068 -6855.85
v 916.987 17.0418 -6855.94
v 920.46 14.4784 -6861.84
v 920.3 17.255 -6861.73
v 920.85 15.3316 -6862.13
v 919.856 15.489 -6860.02
v 919.901 15.489 -6860
v 920.894 15.3316 -6862.11
v 919.923 15.5323 -6859.99
v 920.917 15.375 -6862.09
v 919.901 15.5756 -6860
v 920.894 15.4183 -6862.11
v 919.856 15.5756 -6860.02
v 920.85 15.4183 -6862.13
v 919.834 15.5323 -6860.03
v 920.827 15.375 -6862.14
v 919.856 15.489 -6860.02
v 920.85 15.3316 -6862.13
v 918.78 15.6215 -6857.58
v 918.825 15.6215 -6857.56
v 918.847 15.6648 -6857.54
v 918.825 15.7081 -6857.56
v 918.78 15.7081 -6857.58
v 918.758 15.6648 -6857.59
v 918.78 15.6215 -6857.58
v 917.501 15.5997 -6855.53
v 917.546 15.5997 -6855.5
v 917.568 15.643 -6855.49
v 917.546 15.6864 -6855.5
v 917.501 15.6864 -6855.53
v 917.479 15.643 -6855.54
v 917.501 15.5997 -6855.53
v 920.85 15.3054 -6862.13
v 919.942 15.0611 -6859.98
v 919.987 15.0611 -6859.95
v 920.894 15.3054 -6862.11
v 920.009 15.1044 -6859.94
v 920.917 15.3487 -6862.09
v 919.987 15.1477 -6859.95
v 920.894 15.392 -6862.11
v 919.942 15.1477 -6859.98
v 920.85 15.392 -6862.13
v 919.92 15.1044 -6859.99
v 920.827 15.3487 -6862.14
v 919.942 15.0611 -6859.98
v 920.85 15.3054 -6862.13
v 918.777 15.4853 -6857.58
v 918.821 15.4853 -6857.56
v 918.843 15.5286 -6857.55
v 918.821 15.5719 -6857.56
v 918.777 15.5719 -6857.58
v 918.754 15.5286 -6857.59
v 918.777 15.4853 -6857.58
v 917.511 15.4243 -6855.53
v 917.555 15.4243 -6855.51
v 917.578 15.4677 -6855.5
v 917.555 15.511 -6855.51
v 917.511 15.511 -6855.53
v 917.489 15.4677 -6855.54
v 917.511 15.4243 -6855.53
v 920.025 15.4862 -6862.41
v 918.958 15.4341 -6860.48
v 919.003 15.4341 -6860.45
v 920.07 15.4862 -6862.39
v 919.025 15.4774 -6860.44
v 920.092 15.5295 -6862.38
v 919.003 15.5207 -6860.45
v 920.07 15.5728 -6862.39
v 918.958 15.5207 -6860.48
v 920.025 15.5728 -6862.41
v 918.936 15.4774 -6860.49
v 920.003 15.5295 -6862.42
v 918.958 15.4341 -6860.48
v 920.025 15.4862 -6862.41
v 917.579 15.2079 -6858
v 917.624 15.2079 -6857.98
v 917.646 15.2512 -6857.97
v 917.624 15.2945 -6857.98
v 917.579 15.2945 -6858
v 917.557 15.2512 -6858.01
v 917.579 15.2079 -6858
v 916.681 15.4887 -6855.82
v 916.726 15.4887 -6855.8
v 916.748 15.532 -6855.79
v 916.726 15.5753 -6855.8
v 916.681 15.5753 -6855.82
v 916.659 15.532 -6855.83
v 916.681 15.4887 -6855.82
v 920.025 15.3681 -6862.41
v 918.933 15.2649 -6860.49
v 918.978 15.2649 -6860.47
v 920.07 15.3681 -6862.39
v 919 15.3082 -6860.46
v 920.092 15.4114 -6862.38
v 918.978 15.3515 -6860.47
v 920.07 15.4547 -6862.39
v 918.933 15.3515 -6860.49
v 920.025 15.4547 -6862.41
v 918.911 15.3082 -6860.5
v 920.003 15.4114 -6862.42
v 918.933 15.2649 -6860.49
v 920.025 15.3681 -6862.41
v 917.576 15.1158 -6858
v 917.621 15.1158 -6857.98
v 917.643 15.1591 -6857.97
v 917.621 15.2024 -6857.98
v 917.576 15.2024 -6858
v 917.554 15.1591 -6858.01
v 917.576 15.1158 -6858
v 916.574 15.334 -6855.71
v 916.619 15.334 -6855.68
v 916.641 15.3773 -6855.67
v 916.619 15.4206 -6855.68
v 916.574 15.4206 -6855.71
v 916.552 15.3773 -6855.72
v 916.574 15.334 -6855.71
v 920.833 15.2971 -6862.54
v 920.895 15.1592 -6862.57
v 920.584 15.1837 -6862.73
v 920.584 15.3167 -6862.67
v 920.882 15.3585 -6862.26
v 920.957 15.236 -6862.23
v 920.703 15.465 -6862.01
v 920.733 15.369 -6861.91
v 920.401 15.5542 -6861.93
v 920.355 15.4805 -6861.81
v 920.152 15.5738 -6862.06
v 920.044 15.505 -6861.98
v 920.102 15.5124 -6862.33
v 919.982 15.4283 -6862.31
v 920.281 15.4059 -6862.58
v 920.205 15.2952 -6862.63
v 920.584 15.3167 -6862.67
v 920.584 15.1837 -6862.73
v 921.003 15.228 -6862.65
v 920.629 15.2574 -6862.85
v 921.077 15.3201 -6862.25
v 920.809 15.4798 -6861.87
v 920.355 15.6135 -6861.74
v 919.981 15.6429 -6861.94
v 919.907 15.5508 -6862.35
v 920.175 15.3911 -6862.73
v 920.629 15.2574 -6862.85
v 920.94 15.3659 -6862.62
v 920.629 15.3904 -6862.79
v 921.002 15.4426 -6862.28
v 920.779 15.5757 -6861.97
v 920.401 15.6872 -6861.86
v 920.089 15.7117 -6862.03
v 920.027 15.635 -6862.37
v 920.251 15.5019 -6862.68
v 920.629 15.3904 -6862.79
v 920.833 15.2971 -6862.54
v 920.584 15.3167 -6862.67
v 920.882 15.3585 -6862.26
v 920.703 15.465 -6862.01
v 920.401 15.5542 -6861.93
v 920.152 15.5738 -6862.06
v 920.102 15.5124 -6862.33
v 920.281 15.4059 -6862.58
v 920.584 15.3167 -6862.67
v 920.875 15.5325 -6862.58
v 920.967 15.4536 -6862.67
v 920.651 15.4961 -6862.83
v 920.623 15.5665 -6862.7
v 920.922 15.4417 -6862.31
v 921.025 15.3401 -6862.34
v 920.734 15.3472 -6862.06
v 920.791 15.222 -6862.03
v 920.424 15.3044 -6861.97
v 920.402 15.1685 -6861.92
v 920.171 15.3384 -6862.1
v 920.087 15.211 -6862.07
v 920.125 15.4292 -6862.36
v 920.029 15.3246 -6862.4
v 920.312 15.5237 -6862.61
v 920.263 15.4427 -6862.71
v 920.623 15.5665 -6862.7
v 920.651 15.4961 -6862.83
v 921.051 15.581 -6862.7
v 920.673 15.632 -6862.88
v 921.121 15.4448 -6862.3
v 920.84 15.3031 -6861.93
v 920.374 15.2389 -6861.79
v 919.995 15.2899 -6861.98
v 919.926 15.4261 -6862.37
v 920.206 15.5679 -6862.75
v 920.673 15.632 -6862.88
v 920.96 15.6599 -6862.6
v 920.644 15.7024 -6862.75
v 921.017 15.5464 -6862.27
v 920.784 15.4283 -6861.96
v 920.395 15.3748 -6861.85
v 920.08 15.4173 -6862
v 920.022 15.5308 -6862.33
v 920.255 15.6489 -6862.64
v 920.644 15.7024 -6862.75
v 920.875 15.5325 -6862.58
v 920.623 15.5665 -6862.7
v 920.922 15.4417 -6862.31
v 920.734 15.3472 -6862.06
v 920.424 15.3044 -6861.97
v 920.171 15.3384 -6862.1
v 920.125 15.4292 -6862.36
v 920.312 15.5237 -6862.61
v 920.623 15.5665 -6862.7
v 917.445 15.4484 -6855.66
v 917.522 15.322 -6855.67
v 917.237 15.3139 -6855.93
v 917.218 15.4419 -6855.87
v 917.444 15.5287 -6855.35
v 917.521 15.4224 -6855.29
v 917.216 15.6358 -6855.14
v 917.235 15.5563 -6855.03
v 916.894 15.7069 -6855.14
v 916.832 15.6452 -6855.03
v 916.666 15.7004 -6855.35
v 916.548 15.637 -6855.29
v 916.667 15.6201 -6855.66
v 916.549 15.5366 -6855.67
v 916.896 15.513 -6855.87
v 916.835 15.4027 -6855.93
v 917.218 15.4419 -6855.87
v 917.237 15.3139 -6855.93
v 917.64 15.3854 -6855.73
v 917.299 15.3756 -6856.05
v 917.639 15.5059 -6855.28
v 917.296 15.6665 -6854.96
v 916.813 15.7732 -6854.96
v 916.472 15.7634 -6855.28
v 916.473 15.6429 -6855.73
v 916.816 15.4822 -6856.05
v 917.299 15.3756 -6856.05
v 917.564 15.5118 -6855.72
v 917.279 15.5036 -6855.98
v 917.563 15.6122 -6855.34
v 917.277 15.746 -6855.08
v 916.874 15.8349 -6855.08
v 916.59 15.8268 -6855.34
v 916.591 15.7263 -6855.72
v 916.877 15.5925 -6855.98
v 917.279 15.5036 -6855.98
v 917.445 15.4484 -6855.66
v 917.218 15.4419 -6855.87
v 917.444 15.5287 -6855.35
v 917.216 15.6358 -6855.14
v 916.894 15.7069 -6855.14
v 916.666 15.7004 -6855.35
v 916.667 15.6201 -6855.66
v 916.896 15.513 -6855.87
v 917.218 15.4419 -6855.87
v 917.432 15.6589 -6855.67
v 917.556 15.6 -6855.73
v 917.274 15.5446 -6855.99
v 917.206 15.6145 -6855.88
v 917.437 15.6189 -6855.36
v 917.563 15.5501 -6855.34
v 917.219 15.5181 -6855.14
v 917.29 15.4241 -6855.06
v 916.905 15.4155 -6855.13
v 916.898 15.2959 -6855.04
v 916.68 15.3712 -6855.34
v 916.617 15.2405 -6855.31
v 916.675 15.4111 -6855.65
v 916.61 15.2904 -6855.69
v 916.893 15.5119 -6855.87
v 916.882 15.4164 -6855.98
v 917.206 15.6145 -6855.88
v 917.274 15.5446 -6855.99
v 917.619 15.7308 -6855.76
v 917.281 15.6643 -6856.07
v 917.627 15.6709 -6855.29
v 917.301 15.5197 -6854.95
v 916.83 15.3658 -6854.94
v 916.492 15.2993 -6855.25
v 916.484 15.3592 -6855.72
v 916.811 15.5103 -6856.06
v 917.281 15.6643 -6856.07
v 917.495 15.7896 -6855.7
v 917.213 15.7342 -6855.97
v 917.502 15.7397 -6855.32
v 917.229 15.6137 -6855.03
v 916.837 15.4854 -6855.02
v 916.556 15.43 -6855.28
v 916.549 15.4799 -6855.67
v 916.821 15.6059 -6855.95
v 917.213 15.7342 -6855.97
v 917.432 15.6589 -6855.67
v 917.206 15.6145 -6855.88
v 917.437 15.6189 -6855.36
v 917.219 15.5181 -6855.14
v 916.905 15.4155 -6855.13
v 916.68 15.3712 -6855.34
v 916.675 15.4111 -6855.65
v 916.893 15.5119 -6855.87
v 917.206 15.6145 -6855.88
v 920.733 18.5107 -6862.59
v 920.748 18.522 -6862.74
v 920.859 18.4933 -6862.84
v 921.003 18.4415 -6862.83
v 921.095 18.3968 -6862.72
v 921.08 18.3855 -6862.56
v 920.968 18.4142 -6862.46
v 920.825 18.466 -6862.47
v 920.586 17.5534 -6861.92
v 920.586 17.5743 -6862.03
v 920.666 17.5537 -6862.1
v 920.778 17.5035 -6862.1
v 920.857 17.4533 -6862.02
v 920.857 17.4323 -6861.91
v 920.777 17.453 -6861.84
v 920.665 17.5032 -6861.84
v 919.84 18.2626 -6862.38
v 919.843 18.3076 -6862.47
v 919.92 18.3575 -6862.53
v 920.025 18.3832 -6862.52
v 920.097 18.3696 -6862.44
v 920.094 18.3246 -6862.34
v 920.017 18.2747 -6862.28
v 919.912 18.249 -6862.29
v 920.14 17.8437 -6862.26
v 920.159 17.8854 -6862.47
v 920.322 17.9305 -6862.61
v 920.533 17.9524 -6862.59
v 920.669 17.9384 -6862.43
v 920.649 17.8967 -6862.22
v 920.487 17.8516 -6862.08
v 920.276 17.8297 -6862.09
v 916.784 17.4553 -6855.28
v 916.798 17.4224 -6855.49
v 916.962 17.4546 -6855.63
v 917.179 17.5331 -6855.61
v 917.323 17.6119 -6855.44
v 917.309 17.6448 -6855.23
v 917.145 17.6125 -6855.1
v 916.928 17.534 -6855.12
v 916.496 18.2567 -6855.73
v 916.509 18.2126 -6855.86
v 916.612 18.1744 -6855.95
v 916.745 18.1645 -6855.93
v 916.829 18.1887 -6855.83
v 916.817 18.2327 -6855.7
v 916.713 18.2709 -6855.62
v 916.581 18.2808 -6855.63
v 916.328 18.5187 -6855.39
v 916.325 18.6234 -6855.55
v 916.443 18.7362 -6855.66
v 916.611 18.791 -6855.65
v 916.732 18.7557 -6855.52
v 916.734 18.6509 -6855.36
v 916.617 18.5381 -6855.25
v 916.448 18.4834 -6855.26
v 917.415 17.9831 -6855.5
v 917.433 18.0144 -6855.65
v 917.544 17.9764 -6855.75
v 917.682 17.8914 -6855.74
v 917.768 17.8093 -6855.63
v 917.75 17.778 -6855.48
v 917.639 17.8159 -6855.38
v 917.5 17.9009 -6855.39
v 920.449 13.9195 -6862.44
v 920.733 18.5107 -6862.59
v 920.825 18.466 -6862.47
v 920.534 13.9173 -6862.34
v 920.968 18.4142 -6862.46
v 920.663 13.909 -6862.33
v 921.08 18.3855 -6862.56
v 920.761 13.8994 -6862.42
v 921.095 18.3968 -6862.72
v 920.77 13.8942 -6862.55
v 921.003 18.4415 -6862.83
v 920.685 13.8965 -6862.64
v 920.859 18.4933 -6862.84
v 920.556 13.9048 -6862.65
v 920.748 18.522 -6862.74
v 920.458 13.9143 -6862.57
v 920.733 18.5107 -6862.59
v 920.449 13.9195 -6862.44
v 920.488 13.8801 -6861.98
v 920.586 17.5534 -6861.92
v 920.665 17.5032 -6861.84
v 920.553 13.8778 -6861.92
v 920.777 17.453 -6861.84
v 920.646 13.8755 -6861.92
v 920.857 17.4323 -6861.91
v 920.713 13.8747 -6861.98
v 920.857 17.4533 -6862.02
v 920.714 13.8757 -6862.07
v 920.778 17.5035 -6862.1
v 920.649 13.8781 -6862.14
v 920.666 17.5537 -6862.1
v 920.556 13.8803 -6862.14
v 920.586 17.5743 -6862.03
v 920.49 13.8811 -6862.08
v 920.586 17.5534 -6861.92
v 920.488 13.8801 -6861.98
v 920.033 13.8913 -6862.15
v 919.84 18.2626 -6862.38
v 919.912 18.249 -6862.29
v 920.091 13.8973 -6862.08
v 920.017 18.2747 -6862.28
v 920.183 13.9016 -6862.07
v 920.094 18.3246 -6862.34
v 920.256 13.9016 -6862.13
v 920.097 18.3696 -6862.44
v 920.266 13.8974 -6862.22
v 920.025 18.3832 -6862.52
v 920.208 13.8914 -6862.29
v 919.92 18.3575 -6862.53
v 920.115 13.8871 -6862.3
v 919.843 18.3076 -6862.47
v 920.043 13.8871 -6862.24
v 919.84 18.2626 -6862.38
v 920.033 13.8913 -6862.15
v 920.239 13.9184 -6862.22
v 920.14 17.8437 -6862.26
v 920.276 17.8297 -6862.09
v 920.354 13.9221 -6862.08
v 920.487 17.8516 -6862.08
v 920.533 13.9251 -6862.07
v 920.649 17.8967 -6862.22
v 920.671 13.9257 -6862.18
v 920.669 17.9384 -6862.43
v 920.686 13.9234 -6862.36
v 920.533 17.9524 -6862.59
v 920.57 13.9196 -6862.5
v 920.322 17.9305 -6862.61
v 920.392 13.9166 -6862.52
v 920.159 17.8854 -6862.47
v 920.254 13.9161 -6862.4
v 920.14 17.8437 -6862.26
v 920.239 13.9184 -6862.22
v 916.908 13.9184 -6855.26
v 916.784 17.4553 -6855.28
v 916.928 17.534 -6855.12
v 917.013 13.9212 -6855.14
v 917.145 17.6125 -6855.1
v 917.175 13.9239 -6855.12
v 917.309 17.6448 -6855.23
v 917.298 13.9247 -6855.23
v 917.323 17.6119 -6855.44
v 917.311 13.9234 -6855.39
v 917.179 17.5331 -6855.61
v 917.206 13.9205 -6855.51
v 916.962 17.4546 -6855.63
v 917.044 13.9179 -6855.53
v 916.798 17.4224 -6855.49
v 916.921 13.917 -6855.42
v 916.784 17.4553 -6855.28
v 916.908 13.9184 -6855.26
v 916.737 13.8898 -6855.58
v 916.496 18.2567 -6855.73
v 916.581 18.2808 -6855.63
v 916.803 13.8957 -6855.51
v 916.713 18.2709 -6855.62
v 916.904 13.9007 -6855.5
v 916.817 18.2327 -6855.7
v 916.982 13.9019 -6855.56
v 916.829 18.1887 -6855.83
v 916.991 13.8987 -6855.67
v 916.745 18.1645 -6855.93
v 916.925 13.8928 -6855.74
v 916.612 18.1744 -6855.95
v 916.824 13.8877 -6855.75
v 916.509 18.2126 -6855.86
v 916.746 13.8865 -6855.69
v 916.496 18.2567 -6855.73
v 916.737 13.8898 -6855.58
v 916.676 13.874 -6855.27
v 916.328 18.5187 -6855.39
v 916.448 18.4834 -6855.26
v 916.732 13.8789 -6855.21
v 916.617 18.5381 -6855.25
v 916.816 13.8834 -6855.2
v 916.734 18.6509 -6855.36
v 916.878 13.8848 -6855.26
v 916.732 18.7557 -6855.52
v 916.882 13.8824 -6855.34
v 916.611 18.791 -6855.65
v 916.826 13.8775 -6855.4
v 916.443 18.7362 -6855.66
v 916.742 13.873 -6855.41
v 916.325 18.6234 -6855.55
v 916.68 13.8715 -6855.35
v 916.328 18.5187 -6855.39
v 916.676 13.874 -6855.27
v 917.157 13.9169 -6855.56
v 917.415 17.9831 -6855.5
v 917.5 17.9009 -6855.39
v 917.232 13.9105 -6855.47
v 917.639 17.8159 -6855.38
v 917.349 13.9019 -6855.46
v 917.75 17.778 -6855.48
v 917.438 13.8963 -6855.54
v 917.768 17.8093 -6855.63
v 917.448 13.8968 -6855.66
v 917.682 17.8914 -6855.74
v 917.372 13.9032 -6855.75
v 917.544 17.9764 -6855.75
v 917.255 13.9118 -6855.75
v 917.433 18.0144 -6855.65
v 917.166 13.9175 -6855.68
v 917.415 17.9831 -6855.5
v 917.157 13.9169 -6855.56
v 916.683 15.9461 -6855.88
v 916.666 16.9461 -6855.9
v 916.569 16.9461 -6855.81
v 916.612 15.9461 -6855.77
v 917.152 16.9461 -6855.1
v 917.152 15.9461 -6855.1
v 916.76 15.9461 -6855.11
v 916.714 16.9461 -6855.12
v 917.634 15.9461 -6855.52
v 917.704 16.9461 -6855.52
v 917.687 16.9461 -6855.76
v 917.639 15.9461 -6855.71
v 917.152 15.9461 -6855.1
v 917.152 16.9461 -6855.1
v 917.458 16.9461 -6855.26
v 917.441 15.9461 -6855.27
v 916.5 15.9461 -6855.29
v 916.41 16.9461 -6855.32
v 916.525 15.9461 -6855.46
v 916.446 16.9461 -6855.49
v 916.561 16.9461 -6855.62
v 916.628 15.9461 -6855.58
v 916.835 14.3858 -6855.8
v 916.768 15.3858 -6855.86
v 916.655 15.3858 -6855.73
v 916.693 14.3858 -6855.7
v 917.171 15.3858 -6855.11
v 917.171 14.3858 -6855.11
v 916.828 14.3858 -6855.1
v 916.788 15.3858 -6855.12
v 917.49 14.3858 -6855.55
v 917.571 15.3858 -6855.53
v 917.57 15.3858 -6855.76
v 917.492 14.3858 -6855.71
v 917.345 15.3858 -6855.24
v 917.331 14.3858 -6855.25
v 916.648 14.3858 -6855.24
v 916.57 15.3858 -6855.27
v 916.57 15.3858 -6855.27
v 916.648 14.3858 -6855.24
v 916.62 14.3858 -6855.36
v 916.552 15.3858 -6855.38
v 916.632 15.3858 -6855.51
v 916.69 14.3858 -6855.48
v 920.706 15.9461 -6861.82
v 920.724 16.9461 -6861.8
v 920.874 16.9461 -6861.95
v 920.827 15.9461 -6861.98
v 920.562 16.9461 -6862.6
v 920.562 15.9461 -6862.6
v 920.659 15.9461 -6862.74
v 920.723 16.9461 -6862.78
v 919.915 15.9461 -6862.32
v 919.864 16.9461 -6862.35
v 919.918 16.9461 -6862.25
v 919.962 15.9461 -6862.2
v 920.562 15.9461 -6862.6
v 920.562 16.9461 -6862.6
v 920.309 16.9461 -6862.58
v 920.326 15.9461 -6862.57
v 920.864 16.9461 -6862.8
v 920.808 15.9461 -6862.75
v 920.922 15.9461 -6862.67
v 920.995 16.9461 -6862.69
v 919.937 16.9461 -6862.45
v 919.985 15.9461 -6862.42
v 920.922 15.9461 -6862.48
v 920.989 16.9461 -6862.51
v 920.739 16.9461 -6862.27
v 920.687 15.9461 -6862.31
v 920.776 14.2592 -6861.98
v 920.831 15.2592 -6861.96
v 920.749 15.2592 -6862.09
v 920.711 14.2592 -6862.12
v 920.325 15.2592 -6862.51
v 920.325 14.2592 -6862.51
v 920.536 14.2592 -6862.67
v 920.595 15.2592 -6862.72
v 920.03 14.2592 -6862.29
v 919.952 15.2592 -6862.32
v 919.955 15.2592 -6862.17
v 920.017 14.2592 -6862.14
v 920.142 15.2592 -6862.45
v 920.21 14.2592 -6862.39
v 920.734 14.2592 -6862.67
v 920.831 15.2592 -6862.7
v 920.017 14.2592 -6862.14
v 919.955 15.2592 -6862.17
v 920.654 15.2592 -6861.86
v 920.641 14.2592 -6861.86
v 920.857 14.2592 -6862.47
v 920.907 15.2592 -6862.52
v 920.781 15.2592 -6862.33
v 920.758 14.2592 -6862.33
v 883 24.3406 -6826
v 883 24.6995 -6828
v 883 25.2595 -6830
v 883 25.2851 -6832
v 883 24.8524 -6834
v 883 24.4228 -6836
v 883 23.9965 -6838
v 883 23.5729 -6840
v 883 23.1519 -6842
v 883 22.7333 -6844
v 883 22.3169 -6846
v 883 21.9022 -6848
v 883 21.4891 -6850
v 883 21.077 -6852
v 883 20.6659 -6854
v 883 20.2359 -6856
v 883 19.732 -6858
v 883 19.1844 -6860
v 883 18.5983 -6862
v 883 17.9938 -6864
v 883 17.463 -6866
v 883 16.9945 -6868
v 883 16.5666 -6870
v 883 16.1477 -6872
v 883 15.8545 -6874
v 883 15.6422 -6876
v 883 15.3468 -6878
v 883 14.9756 -6880
v 883 14.5476 -6882
v 883 14.0619 -6884
v 883 13.5653 -6886
v 883 13.0585 -6888
v 885 24.0745 -6826
v 885 23.898 -6828
v 885 24.4375 -6830
v 885 24.9712 -6832
v 885 24.8071 -6834
v 885 24.375 -6836
v 885 23.946 -6838
v 885 23.5196 -6840
v 885 23.0956 -6842
v 885 22.6737 -6844
v 885 22.2538 -6846
v 885 21.8355 -6848
v 885 21.4185 -6850
v 885 21.0023 -6852
v 885 20.5868 -6854
v 885 20.1714 -6856
v 885 19.7533 -6858
v 885 19.2814 -6860
v 885 18.7485 -6862
v 885 18.1725 -6864
v 885 17.6087 -6866
v 885 17.1219 -6868
v 885 16.7035 -6870
v 885 16.3324 -6872
v 885 15.9984 -6874
v 885 15.6716 -6876
v 885 15.2928 -6878
v 885 14.8723 -6880
v 885 14.4162 -6882
v 885 13.9276 -6884
v 885 13.4281 -6886
v 885 12.9186 -6888
v 887 23.8095 -6826
v 887 23.5974 -6828
v 887 23.7285 -6830
v 887 24.2876 -6832
v 887 24.66 -6834
v 887 24.3262 -6836
v 887 23.8944 -6838
v 887 23.465 -6840
v 887 23.0379 -6842
v 887 22.6127 -6844
v 887 22.1892 -6846
v 887 21.7671 -6848
v 887 21.3462 -6850
v 887 20.9259 -6852
v 887 20.5061 -6854
v 887 20.0861 -6856
v 887 19.6657 -6858
v 887 19.2432 -6860
v 887 18.8086 -6862
v 887 18.3251 -6864
v 887 17.8191 -6866
v 887 17.3401 -6868
v 887 16.9042 -6870
v 887 16.4913 -6872
v 887 16.0864 -6874
v 887 15.6744 -6876
v 887 15.233 -6878
v 887 14.7673 -6880
v 887 14.2847 -6882
v 887 13.7916 -6884
v 887 13.2893 -6886
v 887 12.7771 -6888
v 889 23.5007 -6826
v 889 23.5103 -6828
v 889 23.2903 -6830
v 889 23.6073 -6832
v 889 24.1221 -6834
v 889 24.2709 -6836
v 889 23.8416 -6838
v 889 23.4092 -6840
v 889 22.9788 -6842
v 889 22.5502 -6844
v 889 22.1232 -6846
v 889 21.6973 -6848
v 889 21.2724 -6850
v 889 20.848 -6852
v 889 20.4238 -6854
v 889 19.9993 -6856
v 889 19.5743 -6858
v 889 19.1477 -6860
v 889 18.7185 -6862
v 889 18.2858 -6864
v 889 17.849 -6866
v 889 17.4006 -6868
v 889 16.9508 -6870
v 889 16.5031 -6872
v 889 16.0518 -6874
v 889 15.5882 -6876
v 889 15.1168 -6878
v 889 14.6376 -6880
v 889 14.1505 -6882
v 889 13.6546 -6884
v 889 13.1496 -6886
v 889 12.6348 -6888
v 891 23.2158 -6826
v 891 23.2079 -6828
v 891 23.2267 -6830
v 891 22.9592 -6832
v 891 23.4164 -6834
v 891 23.9399 -6836
v 891 23.7879 -6838
v 891 23.3523 -6840
v 891 22.9187 -6842
v 891 22.4866 -6844
v 891 22.0561 -6846
v 891 21.6264 -6848
v 891 21.1976 -6850
v 891 20.7691 -6852
v 891 20.3406 -6854
v 891 19.9117 -6856
v 891 19.4821 -6858
v 891 19.0511 -6860
v 891 18.618 -6862
v 891 18.1815 -6864
v 891 17.7411 -6866
v 891 17.2963 -6868
v 891 16.8466 -6870
v 891 16.3914 -6872
v 891 15.9303 -6874
v 891 15.4627 -6876
v 891 14.9882 -6878
v 891 14.5061 -6880
v 891 14.0161 -6882
v 891 13.5175 -6884
v 891 13.0099 -6886
v 891 12.4928 -6888
v 893 23.0345 -6826
v 893 22.8799 -6828
v 893 22.8455 -6830
v 893 22.5062 -6832
v 893 22.6402 -6834
v 893 23.3299 -6836
v 893 23.6674 -6838
v 893 23.2947 -6840
v 893 22.8578 -6842
v 893 22.4224 -6844
v 893 21.9882 -6846
v 893 21.5549 -6848
v 893 21.1222 -6850
v 893 20.6896 -6852
v 893 20.2571 -6854
v 893 19.8239 -6856
v 893 19.3899 -6858
v 893 18.9544 -6860
v 893 18.5171 -6862
v 893 18.0768 -6864
v 893 17.6329 -6866
v 893 17.1845 -6868
v 893 16.7314 -6870
v 893 16.2728 -6872
v 893 15.8085 -6874
v 893 15.3378 -6876
v 893 14.8603 -6878
v 893 14.3754 -6880
v 893 13.8827 -6882
v 893 13.3815 -6884
v 893 12.8716 -6886
v 893 12.3522 -6888
v 895 22.8036 -6826
v 895 22.6272 -6828
v 895 22.4964 -6830
v 895 22.3353 -6832
v 895 22.0429 -6834
v 895 22.6207 -6836
v 895 23.2083 -6838
v 895 23.2365 -6840
v 895 22.7965 -6842
v 895 22.3577 -6844
v 895 21.92 -6846
v 895 21.4831 -6848
v 895 21.0466 -6850
v 895 20.6102 -6852
v 895 20.1737 -6854
v 895 19.7364 -6856
v 895 19.2982 -6858
v 895 18.8584 -6860
v 895 18.4168 -6862
v 895 17.9727 -6864
v 895 17.5252 -6866
v 895 17.0735 -6868
v 895 16.6171 -6870
v 895 16.1554 -6872
v 895 15.688 -6874
v 895 15.2144 -6876
v 895 14.7341 -6878
v 895 14.2465 -6880
v 895 13.7513 -6882
v 895 13.2478 -6884
v 895 12.7356 -6886
v 895 12.2142 -6888
v 897 22.5613 -6826
v 897 22.3636 -6828
v 897 22.153 -6830
v 897 22.0637 -6832
v 897 21.9871 -6834
v 897 21.9196 -6836
v 897 22.4496 -6838
v 897 22.9272 -6840
v 897 22.7347 -6842
v 897 22.2927 -6844
v 897 21.8516 -6846
v 897 21.4112 -6848
v 897 20.9712 -6850
v 897 20.5311 -6852
v 897 20.0908 -6854
v 897 19.6496 -6856
v 897 19.2075 -6858
v 897 18.7638 -6860
v 897 18.3181 -6862
v 897 17.8699 -6864
v 897 17.4189 -6866
v 897 16.9639 -6868
v 897 16.5044 -6870
v 897 16.0398 -6872
v 897 15.5696 -6874
v 897 15.0932 -6876
v 897 14.6104 -6878
v 897 14.1204 -6880
v 897 13.6229 -6882
v 897 13.1172 -6884
v 897 12.6032 -6886
v 897 12.0799 -6888
v 899 22.3629 -6826
v 899 22.0644 -6828
v 899 21.8995 -6830
v 899 21.6984 -6832
v 899 21.7112 -6834
v 899 21.5227 -6836
v 899 21.578 -6838
v 899 22.17 -6840
v 899 22.548 -6842
v 899 22.2277 -6844
v 899 21.7834 -6846
v 899 21.3397 -6848
v 899 20.8963 -6850
v 899 20.4527 -6852
v 899 20.0089 -6854
v 899 19.5641 -6856
v 899 19.1184 -6858
v 899 18.671 -6860
v 899 18.2216 -6862
v 899 17.7698 -6864
v 899 17.315 -6866
v 899 16.8568 -6868
v 899 16.3945 -6870
v 899 15.9271 -6872
v 899 15.4543 -6874
v 899 14.9755 -6876
v 899 14.4904 -6878
v 899 13.9982 -6880
v 899 13.4987 -6882
v 899 12.9912 -6884
v 899 12.4754 -6886
v 899 11.9506 -6888
v 901 22.2204 -6826
v 901 21.8262 -6828
v 901 21.5625 -6830
v 901 21.4199 -6832
v 901 21.2397 -6834
v 901 21.1703 -6836
v 901 20.9135 -6838
v 901 21.2224 -6840
v 901 21.8691 -6842
v 901 22.0857 -6844
v 901 21.7158 -6846
v 901 21.269 -6848
v 901 20.8225 -6850
v 901 20.3758 -6852
v 901 19.9578 -6854
v 901 19.4807 -6856
v 901 19.0317 -6858
v 901 18.581 -6860
v 901 18.1284 -6862
v 901 17.6732 -6864
v 901 17.2153 -6866
v 901 16.7538 -6868
v 901 16.2885 -6870
v 901 15.8187 -6872
v 901 15.3436 -6874
v 901 14.8627 -6876
v 901 14.3755 -6878
v 901 13.8814 -6880
v 901 13.3802 -6882
v 901 12.8712 -6884
v 901 12.3539 -6886
v 901 11.8278 -6888
v 903 22.1151 -6826
v 903 21.6471 -6828
v 903 21.2844 -6830
v 903 21.0522 -6832
v 903 20.9348 -6834
v 903 20.7454 -6836
v 903 20.7119 -6838
v 903 20.5843 -6840
v 903 20.93 -6842
v 903 21.4392 -6844
v 903 21.5535 -6846
v 903 21.1993 -6848
v 903 20.7502 -6850
v 903 20.3056 -6852
v 903 19.8829 -6854
v 903 19.4003 -6856
v 903 18.9485 -6858
v 903 18.495 -6860
v 903 18.0396 -6862
v 903 17.5817 -6864
v 903 17.121 -6866
v 903 16.6568 -6868
v 903 16.1889 -6870
v 903 15.7165 -6872
v 903 15.2392 -6874
v 903 14.7564 -6876
v 903 14.2674 -6878
v 903 13.7717 -6880
v 903 13.2689 -6882
v 903 12.7585 -6884
v 903 12.2399 -6886
v 903 11.7127 -6888
v 905 22.0034 -6826
v 905 21.5358 -6828
v 905 21.0787 -6830
v 905 20.7297 -6832
v 905 20.512 -6834
v 905 20.4166 -6836
v 905 20.2483 -6838
v 905 20.2989 -6840
v 905 20.1954 -6842
v 905 20.3038 -6844
v 905 20.7481 -6846
v 905 20.9492 -6848
v 905 20.6793 -6850
v 905 20.2312 -6852
v 905 19.778 -6854
v 905 19.3229 -6856
v 905 18.8688 -6858
v 905 18.413 -6860
v 905 17.9553 -6862
v 905 17.495 -6864
v 905 17.032 -6866
v 905 16.5655 -6868
v 905 16.0953 -6870
v 905 15.6207 -6872
v 905 15.1414 -6874
v 905 14.6566 -6876
v 905 14.1659 -6878
v 905 13.6688 -6880
v 905 13.1646 -6882
v 905 12.6529 -6884
v 905 12.1332 -6886
v 905 11.6049 -6888
v 907 21.8834 -6826
v 907 21.4234 -6828
v 907 20.9596 -6830
v 907 20.5106 -6832
v 907 20.157 -6834
v 907 19.9371 -6836
v 907 19.8408 -6838
v 907 19.6791 -6840
v 907 19.6563 -6842
v 907 19.4017 -6844
v 907 19.3084 -6846
v 907 19.9054 -6848
v 907 20.258 -6850
v 907 20.1391 -6852
v 907 19.7031 -6854
v 907 19.2484 -6856
v 907 18.7924 -6858
v 907 18.3347 -6860
v 907 17.8751 -6862
v 907 17.413 -6864
v 907 16.948 -6866
v 907 16.4797 -6868
v 907 16.0076 -6870
v 907 15.5312 -6872
v 907 15.05 -6874
v 907 14.5635 -6876
v 907 14.0712 -6878
v 907 13.5726 -6880
v 907 13.0671 -6882
v 907 12.5542 -6884
v 907 12.0334 -6886
v 907 11.5042 -6888
v 909 21.7904 -6826
v 909 21.3042 -6828
v 909 20.8457 -6830
v 909 20.3859 -6832
v 909 19.9371 -6834
v 909 19.5709 -6836
v 909 19.3282 -6838
v 909 19.2042 -6840
v 909 19.0637 -6842
v 909 18.837 -6844
v 909 18.6172 -6846
v 909 18.4734 -6848
v 909 19.0903 -6850
v 909 19.4801 -6852
v 909 19.4925 -6854
v 909 19.1769 -6856
v 909 18.7195 -6858
v 909 18.2604 -6860
v 909 17.7992 -6862
v 909 17.3355 -6864
v 909 16.8691 -6866
v 909 16.3991 -6868
v 909 15.9255 -6870
v 909 15.4475 -6872
v 909 14.9649 -6874
v 909 14.4769 -6876
v 909 13.9833 -6878
v 909 13.4833 -6880
v 909 12.9766 -6882
v 909 12.4626 -6884
v 909 11.9409 -6886
v 909 11.4109 -6888
v 911 21.7687 -6826
v 911 21.2178 -6828
v 911 20.7273 -6830
v 911 20.2707 -6832
v 911 19.8146 -6834
v 911 19.3634 -6836
v 911 18.9832 -6838
v 911 18.689 -6840
v 911 18.529 -6842
v 911 18.4145 -6844
v 911 18.1622 -6846
v 911 18.1401 -6848
v 911 18.1683 -6850
v 911 18.2321 -6852
v 911 18.4834 -6854
v 911 18.567 -6856
v 911 18.511 -6858
v 911 18.1898 -6860
v 911 17.7275 -6862
v 911 17.2626 -6864
v 911 16.7948 -6866
v 911 16.3237 -6868
v 911 15.8488 -6870
v 911 15.3695 -6872
v 911 14.8856 -6874
v 911 14.3965 -6876
v 911 13.9017 -6878
v 911 13.4006 -6880
v 911 12.8928 -6882
v 911 12.3778 -6884
v 911 11.8553 -6886
v 911 11.3245 -6888
v 913 21.8288 -6826
v 913 21.2139 -6828
v 913 20.657 -6830
v 913 20.1543 -6832
v 913 19.6987 -6834
v 913 19.2452 -6836
v 913 18.7898 -6838
v 913 18.3839 -6840
v 913 18.0517 -6842
v 913 17.8365 -6844
v 913 17.7212 -6846
v 913 17.5874 -6848
v 913 17.4919 -6850
v 913 17.4412 -6852
v 913 17.0485 -6854
v 913 17.0316 -6856
v 913 17.2726 -6858
v 913 17.5197 -6860
v 913 17.5126 -6862
v 913 17.1903 -6864
v 913 16.725 -6866
v 913 16.2528 -6868
v 913 15.7769 -6870
v 913 15.2967 -6872
v 913 14.8118 -6874
v 913 14.3216 -6876
v 913 13.8258 -6878
v 913 13.3237 -6880
v 913 12.8151 -6882
v 913 12.2993 -6884
v 913 11.7759 -6886
v 913 11.2445 -6888
v 915 21.9874 -6826
v 915 21.2934 -6828
v 915 20.6788 -6830
v 915 20.1117 -6832
v 915 19.5886 -6834
v 915 19.1286 -6836
v 915 18.677 -6838
v 915 18.2214 -6840
v 915 17.7858 -6842
v 915 17.4371 -6844
v 915 17.1438 -6846
v 915 16.9849 -6848
v 915 16.8883 -6850
v 915 16.618 -6852
v 915 16.4014 -6854
v 915 16.1417 -6856
v 915 15.8541 -6858
v 915 16.1987 -6860
v 915 16.5107 -6862
v 915 16.5589 -6864
v 915 16.3937 -6866
v 915 16.0918 -6868
v 915 15.6932 -6870
v 915 15.2287 -6872
v 915 14.743 -6874
v 915 14.252 -6876
v 915 13.7553 -6878
v 915 13.2524 -6880
v 915 12.743 -6882
v 915 12.2264 -6884
v 915 11.7024 -6886
v 915 11.1703 -6888
v 917 22.2599 -6826
v 917 21.4998 -6828
v 917 20.79 -6830
v 917 20.1636 -6832
v 917 19.5801 -6834
v 917 19.0341 -6836
v 917 18.5586 -6838
v 917 18.1101 -6840
v 917 17.657 -6842
v 917 17.2038 -6844
v 917 16.8109 -6846
v 917 16.486 -6848
v 917 16.2099 -6850
v 917 16.0888 -6852
v 917 15.9244 -6854
v 917 15.6311 -6856
v 917 15.5472 -6858
v 917 15.5263 -6860
v 917 15.2501 -6862
v 917 15.2308 -6864
v 917 15.1674 -6866
v 917 15.0782 -6868
v 917 14.901 -6870
v 917 14.6584 -6872
v 917 14.3299 -6874
v 917 13.9244 -6876
v 917 13.523 -6878
v 917 13.105 -6880
v 917 12.6653 -6882
v 917 12.1591 -6884
v 917 11.6344 -6886
v 917 11.1018 -6888
v 919 22.4669 -6826
v 919 21.8409 -6828
v 919 21.0596 -6830
v 919 20.3238 -6832
v 919 19.6717 -6834
v 919 19.071 -6836
v 919 18.4983 -6838
v 919 17.9951 -6840
v 919 17.5458 -6842
v 919 17.0947 -6844
v 919 16.6358 -6846
v 919 16.1901 -6848
v 919 15.809 -6850
v 919 15.5046 -6852
v 919 15.286 -6854
v 919 15.1801 -6856
v 919 15.0387 -6858
v 919 14.7948 -6860
v 919 14.5969 -6862
v 919 14.2179 -6864
v 919 13.6944 -6866
v 919 13.5392 -6868
v 919 13.5495 -6870
v 919 13.5332 -6872
v 919 13.4266 -6874
v 919 13.1862 -6876
v 919 12.9546 -6878
v 919 12.6791 -6880
v 919 12.3941 -6882
v 919 12.057 -6884
v 919 11.5718 -6886
v 919 11.0385 -6888
v 921 22.7904 -6826
v 921 22.0538 -6828
v 921 21.4239 -6830
v 921 20.6729 -6832
v 921 19.9067 -6834
v 921 19.2076 -6836
v 921 18.5935 -6838
v 921 17.9821 -6840
v 921 17.4461 -6842
v 921 16.9818 -6844
v 921 16.5349 -6846
v 921 16.0765 -6848
v 921 15.6046 -6850
v 921 15.1771 -6852
v 921 14.8363 -6854
v 921 14.5723 -6856
v 921 14.3908 -6858
v 921 14.261 -6860
v 921 14.0017 -6862
v 921 13.6271 -6864
v 921 13.3003 -6866
v 921 13.0165 -6868
v 921 12.8486 -6870
v 921 12.6887 -6872
v 921 12.5855 -6874
v 921 12.3555 -6876
v 921 12.1994 -6878
v 921 12.0828 -6880
v 921 11.9603 -6882
v 921 11.8006 -6884
v 921 11.4997 -6886
v 921 10.98 -6888
v 923 23.3236 -6826
v 923 22.592 -6828
v 923 21.7799 -6830
v 923 21.0113 -6832
v 923 20.3493 -6834
v 923 19.5329 -6836
v 923 18.7717 -6838
v 923 18.1192 -6840
v 923 17.468 -6842
v 923 16.9062 -6844
v 923 16.4186 -6846
v 923 15.9747 -6848
v 923 15.5207 -6850
v 923 15.0478 -6852
v 923 14.5882 -6854
v 923 14.2005 -6856
v 923 13.8945 -6858
v 923 13.6134 -6860
v 923 13.4874 -6862
v 923 13.291 -6864
v 923 13.0062 -6866
v 923 12.7405 -6868
v 923 12.6758 -6870
v 923 12.6154 -6872
v 923 12.4043 -6874
v 923 11.9692 -6876
v 923 11.5466 -6878
v 923 11.4031 -6880
v 923 11.4633 -6882
v 923 11.4566 -6884
v 923 11.3442 -6886
v 923 10.926 -6888
v 925 23.6127 -6826
v 925 23.1033 -6828
v 925 22.3926 -6830
v 925 21.5204 -6832
v 925 20.6881 -6834
v 925 19.9927 -6836
v 925 19.1953 -6838
v 925 18.3748 -6840
v 925 17.639 -6842
v 925 16.9729 -6844
v 925 16.3814 -6846
v 925 15.8684 -6848
v 925 15.4129 -6850
v 925 14.9644 -6852
v 925 14.4965 -6854
v 925 14.0201 -6856
v 925 13.5854 -6858
v 925 13.2106 -6860
v 925 12.9369 -6862
v 925 12.6773 -6864
v 925 12.5959 -6866
v 925 12.4499 -6868
v 925 12.2173 -6870
v 925 11.9752 -6872
v 925 11.7354 -6874
v 925 11.4103 -6876
v 925 11.1548 -6878
v 925 10.9796 -6880
v 925 10.9537 -6882
v 925 11.0953 -6884
v 925 11.1449 -6886
v 925 10.8763 -6888
v 927 24.1749 -6826
v 927 23.3957 -6828
v 927 22.4689 -6830
v 927 21.8608 -6832
v 927 21.236 -6834
v 927 20.4381 -6836
v 927 19.5531 -6838
v 927 18.8403 -6840
v 927 18.0112 -6842
v 927 17.1763 -6844
v 927 16.493 -6846
v 927 15.8547 -6848
v 927 15.319 -6850
v 927 14.8515 -6852
v 927 14.4072 -6854
v 927 13.9423 -6856
v 927 13.4613 -6858
v 927 13.0051 -6860
v 927 12.6003 -6862
v 927 12.3029 -6864
v 927 12.0784 -6866
v 927 11.8895 -6868
v 927 11.7243 -6870
v 927 11.5663 -6872
v 927 11.2004 -6874
v 927 10.8222 -6876
v 927 10.578 -6878
v 927 10.529 -6880
v 927 10.5065 -6882
v 927 10.7416 -6884
v 927 10.9484 -6886
v 927 10.8204 -6888
v 929 24.6904 -6826
v 929 23.9601 -6828
v 929 23.1068 -6830
v 929 22.2227 -6832
v 929 21.3925 -6834
v 929 20.9129 -6836
v 929 20.0337 -6838
v 929 19.0756 -6840
v 929 18.3589 -6842
v 929 17.6081 -6844
v 929 16.7155 -6846
v 929 15.9985 -6848
v 929 15.316 -6850
v 929 14.7771 -6852
v 929 14.2992 -6854
v 929 13.8511 -6856
v 929 13.3861 -6858
v 929 12.9052 -6860
v 929 12.4465 -6862
v 929 12.0471 -6864
v 929 11.7313 -6866
v 929 11.4964 -6868
v 929 11.2086 -6870
v 929 11.0467 -6872
v 929 10.8368 -6874
v 929 10.5595 -6876
v 929 10.1749 -6878
v 929 10.105 -6880
v 929 10.2863 -6882
v 929 10.4043 -6884
v 929 10.7805 -6886
v 929 10.7638 -6888
v 931 25.1414 -6826
v 931 24.5334 -6828
v 931 23.8288 -6830
v 931 23.0598 -6832
v 931 22.2471 -6834
v 931 21.2329 -6836
v 931 20.1043 -6838
v 931 19.2818 -6840
v 931 18.5341 -6842
v 931 17.8821 -6844
v 931 17.1814 -6846
v 931 16.254 -6848
v 931 15.4789 -6850
v 931 14.7775 -6852
v 931 14.2379 -6854
v 931 13.7526 -6856
v 931 13.2967 -6858
v 931 12.8286 -6860
v 931 12.3488 -6862
v 931 11.8967 -6864
v 931 11.4946 -6866
v 931 11.1492 -6868
v 931 10.9068 -6870
v 931 10.6406 -6872
v 931 10.4368 -6874
v 931 10.2363 -6876
v 931 10.0458 -6878
v 931 9.88978 -6880
v 931 10.2033 -6882
v 931 10.2532 -6884
v 931 10.6774 -6886
v 931 10.7218 -6888
v 933 25.2666 -6826
v 933 24.8136 -6828
v 933 24.3134 -6830
v 933 23.715 -6832
v 933 23.0085 -6834
v 933 22.085 -6836
v 933 20.8466 -6838
v 933 19.443 -6840
v 933 18.714 -6842
v 933 18.1783 -6844
v 933 17.4218 -6846
v 933 16.7017 -6848
v 933 15.7322 -6850
v 933 14.9293 -6852
v 933 14.2248 -6854
v 933 13.6956 -6856
v 933 13.2041 -6858
v 933 12.7429 -6860
v 933 12.2705 -6862
v 933 11.7907 -6864
v 933 11.3461 -6866
v 933 10.9399 -6868
v 933 10.6185 -6870
v 933 10.4076 -6872
v 933 10.138 -6874
v 933 9.93539 -6876
v 933 9.87698 -6878
v 933 9.74182 -6880
v 933 10.132 -6882
v 933 10.176 -6884
v 933 10.6397 -6886
v 933 10.6976 -6888
v 935 25.2046 -6826
v 935 24.7557 -6828
v 935 24.3083 -6830
v 935 23.8622 -6832
v 935 23.4011 -6834
v 935 22.7616 -6836
v 935 21.8178 -6838
v 935 20.5557 -6840
v 935 19.2011 -6842
v 935 18.3816 -6844
v 935 17.7223 -6846
v 935 16.8593 -6848
v 935 16.1591 -6850
v 935 15.1406 -6852
v 935 14.3293 -6854
v 935 13.6691 -6856
v 935 13.143 -6858
v 935 12.6541 -6860
v 935 12.1888 -6862
v 935 11.7114 -6864
v 935 11.2381 -6866
v 935 10.814 -6868
v 935 10.4464 -6870
v 935 10.184 -6872
v 935 9.98032 -6874
v 935 9.7003 -6876
v 935 9.6795 -6878
v 935 9.64925 -6880
v 935 10.044 -6882
v 935 10.1492 -6884
v 935 10.6682 -6886
v 935 10.6801 -6888
v 937 25.1444 -6826
v 937 24.6979 -6828
v 937 24.2529 -6830
v 937 23.809 -6832
v 937 23.3662 -6834
v 937 22.924 -6836
v 937 22.4255 -6838
v 937 21.5403 -6840
v 937 20.2602 -6842
v 937 18.8581 -6844
v 937 17.7733 -6846
v 937 17.0212 -6848
v 937 16.2863 -6850
v 937 15.5776 -6852
v 937 14.529 -6854
v 937 13.6906 -6856
v 937 13.1047 -6858
v 937 12.5834 -6860
v 937 12.1062 -6862
v 937 11.6326 -6864
v 937 11.1512 -6866
v 937 10.7054 -6868
v 937 10.3222 -6870
v 937 10.0144 -6872
v 937 9.79872 -6874
v 937 9.56327 -6876
v 937 9.53846 -6878
v 937 9.5961 -6880
v 937 10.0385 -6882
v 937 10.2143 -6884
v 937 10.7591 -6886
v 937 10.6518 -6888
v 939 25.0861 -6826
v 939 24.642 -6828
v 939 24.1994 -6830
v 939 23.7579 -6832
v 939 23.3173 -6834
v 939 22.8773 -6836
v 939 22.4378 -6838
v 939 21.9947 -6840
v 939 21.1834 -6842
v 939 19.8634 -6844
v 939 18.2916 -6846
v 939 17.1191 -6848
v 939 16.4002 -6850
v 939 15.7536 -6852
v 939 14.8026 -6854
v 939 13.8172 -6856
v 939 13.086 -6858
v 939 12.5389 -6860
v 939 12.0258 -6862
v 939 11.5546 -6864
v 939 11.0745 -6866
v 939 10.607 -6868
v 939 10.2145 -6870
v 939 9.87762 -6872
v 939 9.66047 -6874
v 939 9.48141 -6876
v 939 9.47052 -6878
v 939 9.57194 -6880
v 939 10.1402 -6882
v 939 10.3717 -6884
v 939 10.8931 -6886
v 939 10.6241 -6888
v 941 25.03 -6826
v 941 24.5884 -6828
v 941 24.1482 -6830
v 941 23.709 -6832
v 941 23.2707 -6834
v 941 22.8329 -6836
v 941 22.3955 -6838
v 941 21.9581 -6840
v 941 21.5204 -6842
v 941 20.7238 -6844
v 941 19.322 -6846
v 941 17.5885 -6848
v 941 16.5873 -6850
v 941 15.8174 -6852
v 941 15.1052 -6854
v 941 13.9932 -6856
v 941 13.1163 -6858
v 941 12.5132 -6860
v 941 11.9592 -6862
v 941 11.4778 -6864
v 941 10.999 -6866
v 941 10.5211 -6868
v 941 10.1135 -6870
v 941 9.77229 -6872
v 941 9.55637 -6874
v 941 9.43124 -6876
v 941 9.47936 -6878
v 941 9.6317 -6880
v 941 10.3232 -6882
v 941 10.613 -6884
v 941 11.0259 -6886
v 941 10.5983 -6888
v 943 24.9763 -6826
v 943 24.5371 -6828
v 943 24.0993 -6830
v 943 23.6625 -6832
v 943 23.2265 -6834
v 943 22.7909 -6836
v 943 22.3557 -6838
v 943 21.9203 -6840
v 943 21.4847 -6842
v 943 21.0457 -6844
v 943 20.1585 -6846
v 943 18.6361 -6848
v 943 16.9551 -6850
v 943 16.0951 -6852
v 943 15.2971 -6854
v 943 14.1425 -6856
v 943 13.2016 -6858
v 943 12.4942 -6860
v 943 11.9005 -6862
v 943 11.4027 -6864
v 943 10.925 -6866
v 943 10.443 -6868
v 943 10.0269 -6870
v 943 9.69488 -6872
v 943 9.49052 -6874
v 943 9.41208 -6876
v 943 9.57463 -6878
v 943 9.83369 -6880
v 943 10.3649 -6882
v 943 10.8878 -6884
v 943 11.109 -6886
v 943 10.574 -6888
v 945 24.925 -6826
v 945 24.4882 -6828
v 945 24.0528 -6830
v 945 23.6183 -6832
v 945 23.1846 -6834
v 945 22.7513 -6836
v 945 22.3182 -6838
v 945 21.8849 -6840
v 945 21.4513 -6842
v 945 21.0169 -6844
v 945 20.5205 -6846
v 945 19.3739 -6848
v 945 17.7364 -6850
v 945 16.5863 -6852
v 945 15.406 -6854
v 945 14.3703 -6856
v 945 13.2662 -6858
v 945 12.4653 -6860
v 945 11.8416 -6862
v 945 11.3293 -6864
v 945 10.8524 -6866
v 945 10.3695 -6868
v 945 9.95534 -6870
v 945 9.64498 -6872
v 945 9.48707 -6874
v 945 9.42688 -6876
v 945 9.77397 -6878
v 945 10.1554 -6880
v 945 10.4649 -6882
v 945 11.1944 -6884
v 945 11.0923 -6886
v 945 10.5507 -6888
f 45 47 37
f 37 44 45
f 46 45 44
f 46 32 45
f 31 45 32
f 93 45 31
f 60 45 93
f 60 47 45
f 46 92 33
f 33 32 46
f 92 46 9
f 44 9 46
f 33 14 32
f 31 32 14
f 12 14 33
f 92 12 33
f 92 9 1
f 92 1 5
f 5 12 92
f 37 40 44
f 40 9 44
f 10 1 9
f 9 40 10
f 36 37 47
f 47 60 36
f 31 94 93
f 60 93 97
f 97 93 94
f 31 14 13
f 13 48 31
f 31 48 95
f 31 95 94
f 37 36 30
f 40 37 30
f 60 69 61
f 60 61 36
f 97 69 60
f 12 13 14
f 36 56 30
f 61 59 36
f 59 56 36
f 13 12 11
f 11 12 15
f 5 15 12
f 94 95 84
f 97 94 84
f 97 84 69
f 5 1 2
f 3 2 1
f 1 6 3
f 10 6 1
f 69 82 61
f 84 83 69
f 69 83 82
f 61 68 59
f 61 81 68
f 61 82 81
f 15 5 2
f 52 48 51
f 13 34 48
f 48 34 51
f 95 48 96
f 48 52 96
f 96 84 95
f 20 13 11
f 20 34 13
f 56 59 55
f 55 59 66
f 59 68 66
f 8 40 30
f 6 40 8
f 10 40 6
f 68 67 66
f 68 81 67
f 4 2 3
f 2 4 86
f 2 86 15
f 81 82 89
f 82 90 89
f 82 83 90
f 76 75 84
f 84 75 83
f 84 96 76
f 15 17 11
f 11 17 20
f 21 15 86
f 21 16 15
f 17 15 16
f 90 83 85
f 83 73 85
f 83 75 73
f 80 67 81
f 81 79 80
f 81 89 79
f 20 35 34
f 51 34 35
f 55 66 65
f 65 66 67
f 67 80 65
f 20 17 19
f 19 35 20
f 56 55 43
f 55 58 43
f 65 58 55
f 56 43 30
f 3 88 4
f 88 87 4
f 86 4 87
f 85 79 89
f 90 85 89
f 76 96 52
f 30 29 8
f 30 38 29
f 42 38 30
f 43 42 30
f 86 87 21
f 18 17 16
f 18 19 17
f 28 8 29
f 7 3 6
f 7 8 28
f 8 7 6
f 74 80 79
f 80 74 78
f 80 78 65
f 3 7 25
f 88 3 25
f 22 21 88
f 21 22 16
f 88 21 87
f 16 22 18
f 58 65 78
f 85 74 79
f 73 75 70
f 76 70 75
f 74 85 73
f 74 73 72
f 72 73 70
f 35 49 51
f 49 35 19
f 28 91 7
f 26 7 91
f 25 7 26
f 76 52 53
f 76 53 77
f 77 70 76
f 51 53 52
f 39 29 38
f 29 39 28
f 91 28 39
f 49 53 51
f 88 25 22
f 74 72 71
f 74 71 78
f 23 18 22
f 23 24 18
f 19 18 24
f 19 50 49
f 24 50 19
f 71 57 78
f 58 78 57
f 22 25 23
f 57 43 58
f 77 64 70
f 71 70 64
f 71 72 70
f 25 26 23
f 77 53 54
f 62 77 54
f 77 62 64
f 27 91 39
f 91 27 26
f 42 43 57
f 41 38 42
f 39 38 41
f 53 49 54
f 39 41 27
f 42 57 41
f 26 27 23
f 24 23 27
f 71 64 57
f 50 24 49
f 62 63 64
f 54 63 62
f 54 57 63
f 54 49 57
f 57 64 63
f 41 57 49
f 41 24 27
f 41 49 24
f 142 144 134
f 134 141 142
f 143 142 141
f 143 129 142
f 128 142 129
f 190 142 128
f 157 142 190
f 157 144 142
f 143 189 130
f 130 129 143
f 189 143 106
f 141 106 143
f 130 111 129
f 128 129 111
f 109 111 130
f 189 109 130
f 189 106 98
f 189 98 102
f 102 109 189
f 134 137 141
f 137 106 141
f 107 98 106
f 106 137 107
f 133 134 144
f 144 157 133
f 128 191 190
f 157 190 194
f 194 190 191
f 128 111 110
f 110 145 128
f 128 145 192
f 128 192 191
f 134 133 127
f 137 134 127
f 157 166 158
f 157 158 133
f 194 166 157
f 109 110 111
f 133 153 127
f 158 156 133
f 156 153 133
f 110 109 108
f 108 109 112
f 102 112 109
f 191 192 181
f 194 191 181
f 194 181 166
f 102 98 99
f 100 99 98
f 98 103 100
f 107 103 98
f 166 179 158
f 181 180 166
f 166 180 179
f 158 165 156
f 158 178 165
f 158 179 178
f 112 102 99
f 149 145 148
f 110 131 145
f 145 131 148
f 192 145 193
f 145 149 193
f 193 181 192
f 117 110 108
f 117 131 110
f 153 156 152
f 152 156 163
f 156 165 163
f 105 137 127
f 103 137 105
f 107 137 103
f 165 164 163
f 165 178 164
f 101 99 100
f 99 101 183
f 99 183 112
f 178 179 186
f 179 187 186
f 179 180 187
f 173 172 181
f 181 172 180
f 181 193 173
f 112 114 108
f 108 114 117
f 118 112 183
f 118 113 112
f 114 112 113
f 180 172 170
f 177 164 178
f 178 176 177
f 178 186 176
f 117 132 131
f 148 131 132
f 152 163 162
f 162 163 164
f 164 177 162
f 117 114 116
f 116 132 117
f 153 152 140
f 152 155 140
f 162 155 152
f 153 140 127
f 100 185 101
f 185 184 101
f 183 101 184
f 182 176 186
f 187 182 186
f 187 180 182
f 180 170 182
f 173 193 149
f 127 126 105
f 127 135 126
f 139 135 127
f 140 139 127
f 183 184 118
f 115 114 113
f 115 116 114
f 125 105 126
f 104 100 103
f 104 105 125
f 105 104 103
f 171 177 176
f 177 171 175
f 177 175 162
f 100 104 122
f 185 100 122
f 119 118 185
f 118 119 113
f 185 118 184
f 113 119 115
f 155 162 175
f 182 171 176
f 170 172 167
f 173 167 172
f 171 182 170
f 171 170 169
f 169 170 167
f 132 146 148
f 146 132 116
f 125 188 104
f 123 104 188
f 122 104 123
f 173 149 150
f 173 150 174
f 174 167 173
f 148 150 149
f 136 126 135
f 126 136 125
f 188 125 136
f 146 150 148
f 185 122 119
f 171 169 168
f 171 168 175
f 120 115 119
f 120 121 115
f 116 115 121
f 116 147 146
f 121 147 116
f 168 154 175
f 155 175 154
f 119 122 120
f 154 140 155
f 174 161 167
f 168 167 161
f 168 169 167
f 122 123 120
f 174 150 151
f 159 174 151
f 174 159 161
f 124 188 136
f 188 124 123
f 139 140 154
f 138 135 139
f 136 135 138
f 150 146 151
f 136 138 124
f 139 154 138
f 123 124 120
f 121 120 124
f 168 161 154
f 147 121 146
f 159 160 161
f 151 160 159
f 151 154 160
f 151 146 154
f 154 161 160
f 138 154 146
f 138 121 124
f 138 146 121
f 402 401 393
f 393 401 392
f 401 400 392
f 609 608 600
f 610 609 601
f 601 609 600
f 608 607 599
f 600 608 599
f 392 400 391
f 400 399 391
f 601 600 592
f 592 600 591
f 600 599 591
f 776 790 778
f 790 791 778
f 790 799 791
f 798 799 790
f 789 798 790
f 789 790 776
f 599 598 590
f 599 607 598
f 591 599 590
f 835 836 823
f 821 835 823
f 834 835 821
f 835 844 836
f 834 843 835
f 843 844 835
f 602 610 601
f 604 595 603
f 544 543 535
f 544 552 543
f 536 544 535
f 545 544 536
f 553 552 544
f 545 553 544
f 408 407 406
f 409 407 408
f 410 409 408
f 396 395 387
f 394 402 393
f 407 405 406
f 406 405 403
f 593 601 592
f 602 601 593
f 844 845 836
f 843 852 844
f 852 853 844
f 844 853 845
f 543 551 542
f 552 551 543
f 543 542 534
f 535 543 534
f 607 606 598
f 798 807 799
f 799 800 791
f 799 808 800
f 774 776 775
f 775 776 777
f 776 778 777
f 807 808 799
f 774 789 776
f 554 553 545
f 546 554 545
f 537 545 536
f 546 545 537
f 598 597 589
f 598 606 597
f 590 598 589
f 345 353 344
f 345 344 336
f 337 345 336
f 354 353 345
f 346 354 345
f 346 345 337
f 787 789 774
f 787 796 789
f 796 798 789
f 791 800 792
f 778 791 780
f 791 792 780
f 832 841 834
f 819 834 821
f 832 834 819
f 841 843 834
f 823 836 825
f 836 845 837
f 836 837 825
f 458 457 449
f 460 459 451
f 452 451 443
f 450 458 449
f 452 460 451
f 458 466 457
f 820 821 822
f 821 823 822
f 819 821 820
f 616 615 614
f 617 615 616
f 618 617 616
f 460 468 459
f 461 469 460
f 461 460 452
f 469 468 460
f 411 409 410
f 412 411 410
f 619 631 617
f 631 630 617
f 617 630 615
f 619 617 618
f 527 535 526
f 536 535 527
f 535 534 526
f 340 348 339
f 348 347 339
f 340 339 331
f 338 346 337
f 390 391 399
f 398 390 399
f 841 850 843
f 850 852 843
f 853 854 845
f 845 846 837
f 845 854 846
f 614 613 611
f 615 613 614
f 444 452 443
f 453 461 452
f 453 452 444
f 353 352 344
f 344 352 343
f 344 343 335
f 336 344 335
f 615 629 613
f 630 629 615
f 462 461 453
f 462 470 461
f 470 469 461
f 356 355 347
f 348 356 347
f 354 362 353
f 224 223 215
f 216 224 215
f 233 232 224
f 225 233 224
f 225 224 216
f 224 232 223
f 281 289 280
f 290 289 281
f 289 288 280
f 289 297 288
f 290 298 289
f 298 297 289
f 328 336 327
f 336 335 327
f 337 336 328
f 777 778 779
f 778 780 779
f 770 787 774
f 773 774 775
f 770 774 773
f 800 801 792
f 796 805 798
f 805 807 798
f 808 809 800
f 800 809 801
f 418 417 416
f 405 404 403
f 534 542 533
f 534 533 525
f 526 534 525
f 272 280 271
f 281 280 272
f 280 279 271
f 280 288 279
f 562 561 553
f 554 562 553
f 553 561 552
f 288 287 279
f 279 287 278
f 279 278 270
f 271 279 270
f 551 550 542
f 542 541 533
f 542 550 541
f 449 457 456
f 456 457 464
f 466 465 457
f 457 465 464
f 587 588 595
f 588 596 595
f 595 596 603
f 594 602 593
f 384 392 383
f 393 392 384
f 392 391 383
f 216 215 203
f 203 215 201
f 215 223 214
f 215 214 201
f 531 532 539
f 532 540 539
f 539 540 547
f 538 546 537
f 297 296 288
f 288 296 287
f 528 536 527
f 537 536 528
f 818 819 820
f 742 741 740
f 739 737 738
f 740 739 738
f 741 739 740
f 383 391 390
f 468 467 459
f 466 474 465
f 686 685 677
f 678 686 677
f 678 677 669
f 677 685 676
f 677 676 668
f 669 677 668
f 721 719 720
f 357 356 348
f 349 357 348
f 722 721 720
f 723 721 722
f 349 348 340
f 606 605 597
f 597 605 596
f 589 597 588
f 597 596 588
f 540 548 547
f 547 548 555
f 815 832 819
f 815 819 818
f 823 825 824
f 822 823 824
f 679 678 670
f 679 687 678
f 670 678 669
f 687 686 678
f 632 631 619
f 620 619 618
f 621 619 620
f 621 632 619
f 232 231 223
f 223 222 214
f 223 231 222
f 270 278 269
f 270 269 261
f 271 270 262
f 262 270 261
f 201 214 200
f 214 222 213
f 214 213 200
f 552 560 551
f 561 560 552
f 335 343 342
f 334 335 342
f 327 335 334
f 272 271 263
f 263 271 262
f 591 590 582
f 592 591 583
f 583 591 582
f 582 590 581
f 590 589 581
f 329 337 328
f 338 337 329
f 298 290 291
f 686 694 685
f 687 695 686
f 695 694 686
f 233 241 232
f 234 242 233
f 234 233 225
f 242 241 233
f 769 770 773
f 809 810 801
f 688 696 687
f 688 687 679
f 696 695 687
f 203 201 202
f 201 200 199
f 202 201 199
f 362 361 353
f 353 361 352
f 217 225 216
f 226 234 225
f 226 225 217
f 814 815 818
f 854 855 846
f 445 453 444
f 454 453 445
f 454 462 453
f 738 737 736
f 737 735 736
f 743 741 742
f 744 743 742
f 471 470 462
f 463 471 462
f 463 462 454
f 725 723 724
f 724 723 722
f 720 719 718
f 719 717 718
f 629 628 613
f 613 612 611
f 613 628 612
f 640 639 631
f 631 639 630
f 632 640 631
f 626 625 624
f 676 675 667
f 668 676 667
f 676 684 675
f 685 684 676
f 533 541 532
f 525 533 524
f 533 532 524
f 198 197 195
f 197 196 195
f 197 212 196
f 205 216 203
f 217 216 205
f 758 757 756
f 759 757 758
f 757 755 756
f 541 549 540
f 541 540 532
f 550 549 541
f 397 396 388
f 388 396 387
f 341 349 340
f 341 340 332
f 332 340 331
f 605 603 596
f 441 449 448
f 448 449 456
f 450 449 441
f 639 638 630
f 630 638 629
f 413 411 412
f 414 413 412
f 273 281 272
f 282 281 273
f 282 290 281
f 668 667 659
f 669 668 660
f 660 668 659
f 538 537 529
f 529 537 528
f 290 283 291
f 275 283 290
f 282 275 290
f 496 497 505
f 506 505 497
f 504 496 505
f 671 679 670
f 680 688 679
f 680 679 671
f 761 759 760
f 760 759 758
f 755 753 754
f 756 755 754
f 278 286 277
f 278 277 269
f 287 286 278
f 584 592 583
f 593 592 584
f 394 393 385
f 385 393 384
f 232 240 231
f 241 240 232
f 464 465 472
f 465 473 472
f 474 473 465
f 581 589 580
f 589 588 580
f 694 693 685
f 685 693 684
f 226 219 234
f 234 227 242
f 219 227 234
f 342 343 350
f 343 351 350
f 352 351 343
f 670 669 661
f 661 669 660
f 680 681 688
f 681 689 688
f 688 689 696
f 549 548 540
f 469 477 468
f 478 477 469
f 470 478 469
f 252 260 251
f 260 259 251
f 260 268 259
f 262 261 253
f 632 633 640
f 623 633 632
f 621 623 632
f 551 559 550
f 560 559 551
f 417 415 416
f 416 415 413
f 414 416 413
f 444 443 435
f 442 450 441
f 268 276 267
f 268 267 259
f 479 478 470
f 471 479 470
f 624 623 621
f 622 621 620
f 622 624 621
f 287 295 286
f 296 295 287
f 365 364 356
f 357 365 356
f 356 364 355
f 254 262 253
f 263 262 254
f 358 357 349
f 350 349 341
f 350 358 349
f 326 327 334
f 319 327 326
f 328 327 319
f 842 851 841
f 851 850 841
f 842 841 832
f 846 855 847
f 846 847 838
f 837 846 838
f 446 454 445
f 455 454 446
f 455 463 454
f 674 682 673
f 305 303 304
f 304 303 302
f 306 305 304
f 264 272 263
f 273 272 264
f 227 235 242
f 242 235 250
f 242 250 241
f 472 471 463
f 464 472 463
f 464 463 455
f 674 673 665
f 666 674 665
f 195 196 209
f 210 195 209
f 204 203 202
f 205 203 204
f 762 761 760
f 754 753 751
f 753 752 751
f 763 761 762
f 222 221 213
f 212 211 196
f 212 220 211
f 231 230 222
f 222 230 221
f 745 743 744
f 746 745 744
f 735 734 733
f 736 735 733
f 524 532 531
f 682 690 681
f 684 683 675
f 682 681 673
f 303 301 302
f 302 301 299
f 358 366 357
f 366 365 357
f 696 704 695
f 696 697 704
f 689 697 696
f 695 703 694
f 704 703 695
f 409 422 407
f 423 422 409
f 411 423 409
f 456 455 447
f 448 456 447
f 456 464 455
f 629 637 628
f 638 637 629
f 833 832 815
f 833 842 832
f 817 816 814
f 816 815 814
f 780 782 781
f 779 780 781
f 810 811 802
f 801 810 802
f 806 805 796
f 797 806 796
f 797 796 787
f 792 793 782
f 792 801 793
f 771 770 769
f 771 788 770
f 788 787 770
f 788 797 787
f 772 771 769
f 780 792 782
f 801 802 793
f 855 856 847
f 824 825 826
f 837 838 827
f 825 837 827
f 330 338 329
f 332 331 323
f 628 627 612
f 625 623 624
f 625 634 623
f 500 499 491
f 498 506 497
f 477 476 468
f 468 476 467
f 530 538 529
f 523 524 531
f 726 725 724
f 718 717 715
f 717 716 715
f 727 725 726
f 407 421 405
f 422 421 407
f 352 360 351
f 361 360 352
f 662 670 661
f 671 670 662
f 672 673 680
f 673 681 680
f 672 680 671
f 447 455 446
f 513 526 511
f 527 526 513
f 526 525 511
f 594 593 585
f 585 593 584
f 211 219 226
f 218 211 226
f 218 226 217
f 548 556 555
f 250 249 241
f 549 557 548
f 557 556 548
f 816 833 815
f 825 827 826
f 580 588 587
f 693 692 684
f 684 692 683
f 243 251 258
f 251 259 266
f 258 251 266
f 252 251 243
f 640 641 648
f 633 641 640
f 640 648 639
f 375 383 382
f 384 383 375
f 382 383 390
f 559 558 550
f 550 558 549
f 480 479 471
f 472 480 471
f 320 328 319
f 329 328 320
f 440 441 448
f 436 444 435
f 445 444 436
f 259 267 274
f 266 259 274
f 241 249 240
f 767 765 766
f 768 767 766
f 764 763 762
f 765 763 764
f 362 370 361
f 364 363 355
f 525 524 508
f 511 525 508
f 196 211 218
f 209 196 218
f 440 448 439
f 342 341 333
f 342 350 341
f 333 341 332
f 448 447 439
f 207 217 205
f 218 217 207
f 496 504 495
f 504 503 495
f 244 252 243
f 254 253 245
f 648 647 639
f 639 647 638
f 660 659 651
f 658 666 657
f 666 665 657
f 424 423 411
f 413 424 411
f 562 570 561
f 703 702 694
f 694 702 693
f 558 557 549
f 766 765 764
f 690 689 681
f 634 633 623
f 665 673 672
f 231 239 230
f 240 239 231
f 267 275 282
f 274 267 282
f 274 282 273
f 528 527 515
f 515 527 513
f 389 397 388
f 398 397 389
f 286 285 277
f 276 275 267
f 276 284 275
f 250 243 258
f 555 556 563
f 235 243 250
f 244 243 235
f 661 660 652
f 652 660 651
f 264 263 255
f 255 263 254
f 637 636 628
f 628 636 627
f 579 580 587
f 586 594 585
f 386 394 385
f 388 387 379
f 750 749 748
f 749 747 748
f 748 747 746
f 747 745 746
f 692 691 683
f 690 698 689
f 474 482 473
f 476 475 467
f 405 420 404
f 421 420 405
f 698 697 689
f 350 351 358
f 306 308 305
f 366 374 365
f 374 373 365
f 365 373 364
f 664 665 672
f 657 665 664
f 390 398 389
f 360 359 351
f 570 569 561
f 561 569 560
f 582 581 573
f 573 581 572
f 581 580 572
f 351 359 358
f 358 359 366
f 334 342 333
f 663 671 662
f 672 671 663
f 574 582 573
f 583 582 574
f 857 858 849
f 829 831 830
f 828 829 830
f 847 856 848
f 856 857 848
f 826 827 828
f 250 258 249
f 634 642 633
f 642 641 633
f 732 731 730
f 731 729 730
f 728 727 726
f 729 727 728
f 359 367 366
f 366 367 374
f 783 784 785
f 784 786 785
f 812 813 804
f 781 782 783
f 802 811 803
f 811 812 803
f 326 334 325
f 334 333 325
f 508 524 523
f 437 445 436
f 446 445 437
f 265 273 264
f 274 273 265
f 472 473 480
f 308 307 305
f 305 318 303
f 305 307 318
f 324 332 323
f 333 332 324
f 390 389 381
f 382 390 381
f 712 704 713
f 704 705 713
f 697 705 704
f 704 712 703
f 376 384 375
f 385 384 376
f 220 228 219
f 220 219 211
f 230 229 221
f 439 447 438
f 447 446 438
f 374 382 373
f 374 375 382
f 367 375 374
f 318 319 326
f 318 326 317
f 326 325 317
f 492 500 491
f 501 500 492
f 307 319 318
f 318 317 303
f 382 381 373
f 286 294 285
f 295 294 286
f 636 635 627
f 647 646 638
f 638 646 637
f 478 486 477
f 479 487 478
f 487 486 478
f 314 313 312
f 301 300 299
f 848 857 849
f 848 849 840
f 838 847 839
f 847 848 839
f 480 488 479
f 488 487 479
f 440 439 431
f 432 440 431
f 433 441 440
f 432 433 440
f 706 705 697
f 698 706 697
f 303 317 301
f 206 205 204
f 207 205 206
f 658 657 649
f 656 657 664
f 649 657 656
f 442 441 433
f 702 701 693
f 693 701 692
f 236 244 235
f 236 235 227
f 664 672 663
f 517 528 515
f 529 528 517
f 438 446 437
f 827 829 828
f 650 649 641
f 641 649 648
f 642 650 641
f 653 661 652
f 662 661 653
f 565 564 556
f 556 564 563
f 557 565 556
f 413 415 424
f 330 329 321
f 321 329 320
f 730 729 728
f 473 481 480
f 482 481 473
f 572 580 579
f 782 784 783
f 803 812 804
f 648 656 647
f 648 649 656
f 209 218 207
f 320 319 307
f 650 658 649
f 325 333 324
f 714 713 705
f 361 369 360
f 370 369 361
f 240 248 239
f 249 248 240
f 246 254 245
f 255 254 246
f 284 283 275
f 584 583 575
f 575 583 574
f 794 795 786
f 784 794 786
f 803 804 795
f 793 802 794
f 782 793 784
f 802 803 794
f 652 651 643
f 432 431 423
f 423 431 422
f 424 432 423
f 503 502 494
f 495 503 494
f 706 714 705
f 364 372 363
f 373 372 364
f 488 496 487
f 488 489 496
f 496 495 487
f 489 497 496
f 560 568 559
f 569 568 560
f 228 227 219
f 839 840 831
f 829 839 831
f 827 838 829
f 292 291 283
f 239 238 230
f 230 238 229
f 486 485 477
f 477 485 476
f 417 426 415
f 420 419 404
f 431 430 422
f 422 430 421
f 246 245 237
f 228 236 227
f 703 711 702
f 712 711 703
f 839 848 840
f 700 699 691
f 692 700 691
f 380 388 379
f 389 388 380
f 480 481 488
f 701 700 692
f 266 274 265
f 373 381 372
f 646 645 637
f 637 645 636
f 838 839 829
f 284 292 283
f 424 425 432
f 425 433 432
f 256 264 255
f 265 264 256
f 381 389 380
f 431 439 430
f 439 438 430
f 415 425 424
f 436 435 427
f 434 442 433
f 530 529 519
f 519 529 517
f 481 489 488
f 493 501 492
f 502 501 493
f 794 803 795
f 793 794 784
f 376 375 367
f 487 495 486
f 636 644 635
f 644 643 635
f 294 293 285
f 498 497 489
f 317 325 316
f 317 316 301
f 663 662 654
f 654 662 653
f 708 707 699
f 258 257 249
f 558 566 557
f 566 565 557
f 513 511 512
f 512 511 509
f 511 508 509
f 249 257 248
f 656 655 647
f 647 655 646
f 507 508 523
f 521 530 519
f 494 502 493
f 644 652 643
f 238 237 229
f 325 324 316
f 653 652 644
f 377 385 376
f 386 385 377
f 426 425 415
f 645 644 636
f 381 380 372
f 664 663 655
f 656 664 655
f 509 508 507
f 585 584 576
f 576 584 575
f 495 494 486
f 565 573 564
f 573 572 564
f 258 266 257
f 564 572 571
f 563 564 571
f 559 567 558
f 568 567 559
f 571 572 579
f 301 316 300
f 430 429 421
f 421 429 420
f 574 573 565
f 324 323 315
f 322 330 321
f 208 207 206
f 209 207 208
f 369 368 360
f 360 368 359
f 700 708 699
f 485 484 476
f 476 484 475
f 655 663 654
f 238 246 237
f 567 566 558
f 266 265 257
f 570 578 569
f 486 494 485
f 309 320 307
f 321 320 309
f 248 247 239
f 239 247 238
f 210 209 208
f 702 710 701
f 711 710 702
f 430 438 429
f 438 437 429
f 514 513 512
f 515 513 514
f 257 265 256
f 368 367 359
f 437 436 428
f 428 436 427
f 256 255 247
f 247 255 246
f 370 378 369
f 372 371 363
f 316 324 315
f 578 586 577
f 586 585 577
f 577 585 576
f 313 311 312
f 312 311 310
f 655 654 646
f 646 654 645
f 645 653 644
f 247 246 238
f 566 574 565
f 654 653 645
f 510 509 507
f 429 437 428
f 492 491 483
f 490 498 489
f 434 433 425
f 575 574 566
f 372 380 371
f 484 483 475
f 482 490 481
f 380 379 371
f 378 386 377
f 368 376 367
f 490 489 481
f 429 428 420
f 420 428 419
f 701 709 700
f 709 708 700
f 257 256 248
f 377 376 368
f 309 307 308
f 494 493 485
f 248 256 247
f 710 709 701
f 316 315 300
f 569 577 568
f 578 577 569
f 485 493 484
f 426 434 425
f 428 427 419
f 517 515 516
f 516 515 514
f 311 321 309
f 322 321 311
f 378 377 369
f 369 377 368
f 484 492 483
f 493 492 484
f 313 322 311
f 567 575 566
f 310 309 308
f 576 575 567
f 521 519 520
f 522 521 520
f 311 309 310
f 568 576 567
f 577 576 568
f 519 517 518
f 518 517 516
f 520 519 518
f 959 969 975
f 958 959 975
f 958 975 979
f 979 975 969
f 959 974 969
f 973 979 969
f 970 973 969
f 978 977 976
f 971 970 969
f 971 969 972
f 1017 977 978
f 972 987 971
f 972 1030 987
f 1030 972 1029
f 973 997 979
f 978 956 1007
f 959 958 957
f 956 955 1007
f 955 956 954
f 973 970 991
f 991 998 973
f 973 998 997
f 970 971 984
f 984 991 970
f 978 1016 1017
f 978 1010 1016
f 1010 978 1007
f 906 904 863
f 906 905 904
f 863 862 906
f 863 860 862
f 985 971 986
f 984 971 985
f 941 868 869
f 868 941 861
f 862 861 941
f 941 869 862
f 861 862 860
f 862 869 951
f 951 906 862
f 912 908 906
f 906 907 905
f 906 908 907
f 906 951 894
f 950 906 894
f 906 950 912
f 940 861 939
f 859 939 861
f 861 860 859
f 940 868 861
f 896 893 898
f 895 894 893
f 892 897 891
f 894 869 893
f 873 893 869
f 875 890 872
f 895 893 896
f 875 892 891
f 872 890 871
f 951 869 894
f 868 865 869
f 873 869 865
f 894 895 902
f 902 895 903
f 1020 1022 1027
f 1027 1022 1028
f 950 894 949
f 902 949 894
f 955 954 953
f 985 986 1023
f 864 868 940
f 864 865 868
f 1020 1019 1021
f 1022 1020 1021
f 1020 1018 1019
f 928 933 927
f 946 933 928
f 892 931 897
f 902 903 936
f 872 871 870
f 939 864 940
f 991 999 998
f 985 990 984
f 990 991 984
f 866 867 865
f 866 865 864
f 953 960 955
f 960 1007 955
f 985 988 990
f 1023 989 985
f 989 988 985
f 936 935 902
f 902 935 937
f 952 902 937
f 952 949 902
f 939 859 942
f 949 912 950
f 953 961 960
f 932 931 892
f 929 928 927
f 1011 1018 1005
f 1011 1019 1018
f 929 930 928
f 875 872 874
f 899 892 875
f 932 892 899
f 929 934 930
f 929 921 934
f 920 921 929
f 938 937 935
f 1010 1007 1008
f 1006 1005 1004
f 1011 1005 1006
f 1014 1009 1007
f 1009 1008 1007
f 1014 1007 966
f 966 1007 962
f 962 1007 960
f 875 874 876
f 877 878 866
f 899 875 876
f 864 877 866
f 944 864 939
f 864 888 887
f 864 944 888
f 864 887 877
f 989 990 988
f 1024 990 989
f 1000 999 991
f 991 995 1000
f 991 994 995
f 990 994 991
f 943 939 942
f 944 939 943
f 921 920 885
f 920 922 885
f 960 961 962
f 962 961 963
f 877 923 878
f 924 934 921
f 948 937 938
f 934 924 947
f 949 918 912
f 952 918 949
f 948 952 937
f 921 885 886
f 921 925 924
f 921 886 925
f 1012 1011 1006
f 1011 1012 1015
f 1015 1019 1011
f 993 990 983
f 990 993 994
f 990 1024 983
f 1024 1025 983
f 1015 1025 1019
f 965 963 1026
f 963 965 962
f 952 900 918
f 900 952 948
f 885 884 883
f 885 883 886
f 918 916 912
f 912 916 913
f 912 913 910
f 912 910 908
f 1012 1006 1013
f 994 992 995
f 994 993 992
f 945 909 917
f 915 909 945
f 968 966 964
f 966 968 1014
f 962 964 966
f 943 888 944
f 926 901 900
f 900 948 926
f 962 965 964
f 901 882 881
f 901 881 900
f 919 918 900
f 918 919 916
f 1015 983 1025
f 982 983 1015
f 982 980 983
f 981 993 983
f 981 983 980
f 913 916 914
f 913 914 910
f 1026 1003 965
f 993 981 992
f 881 882 880
f 1003 967 965
f 1003 1002 967
f 1015 1012 982
f 889 879 880
f 881 880 879
f 996 967 1002
f 1001 996 1002
f 1001 1000 996
f 995 996 1000
f 914 909 910
f 911 910 909
f 995 992 996
f 996 992 981
f 900 881 879
f 900 879 919
f 889 917 879
f 965 967 964
f 982 1012 1013
f 982 1013 968
f 917 909 916
f 917 916 879
f 967 982 968
f 968 964 967
f 967 996 981
f 967 981 980
f 919 879 916
f 967 980 982
f 914 916 909
f 915 911 909
f 1042 1041 1039
f 1043 1042 1039
f 1053 1052 1047
f 1052 1051 1047
f 1036 1035 1031
f 1037 1036 1031
f 1054 1053 1047
f 1041 1040 1039
f 1044 1043 1039
f 1051 1050 1047
f 1035 1034 1031
f 1038 1037 1031
f 1061 1060 1055
f 1060 1059 1055
f 1059 1058 1055
f 1062 1061 1055
f 1058 1057 1055
f 1050 1049 1047
f 1045 1044 1039
f 1034 1033 1031
f 1057 1056 1055
f 1049 1048 1047
f 1046 1045 1039
f 1033 1032 1031
f 1118 1117 1115
f 1117 1116 1115
f 1090 1089 1087
f 1089 1088 1087
f 1098 1097 1095
f 1097 1096 1095
f 1069 1068 1067
f 1070 1069 1067
f 1094 1093 1091
f 1093 1092 1091
f 1110 1109 1107
f 1109 1108 1107
f 1101 1100 1099
f 1102 1101 1099
f 1114 1113 1111
f 1113 1112 1111
f 1106 1105 1103
f 1105 1104 1103
f 1065 1064 1063
f 1066 1065 1063
f 1073 1072 1071
f 1074 1073 1071
f 1077 1076 1075
f 1078 1077 1075
f 1081 1080 1079
f 1082 1081 1079
f 1086 1085 1083
f 1085 1084 1083
f 1226 1225 1224
f 1227 1226 1224
f 1221 1220 1219
f 1221 1228 1220
f 1328 1318 1319
f 1319 1318 1317
f 1325 1324 1322
f 1324 1323 1322
f 1247 1246 1244
f 1246 1245 1244
f 1241 1240 1239
f 1241 1248 1240
f 1348 1338 1339
f 1339 1338 1337
f 1345 1344 1342
f 1344 1343 1342
f 1328 1327 1318
f 1229 1228 1221
f 1230 1229 1221
f 1327 1326 1318
f 1207 1206 1205
f 1208 1207 1205
f 1199 1198 1197
f 1298 1297 1295
f 1306 1305 1303
f 1305 1304 1303
f 1200 1199 1197
f 1297 1296 1295
f 1189 1186 1187
f 1187 1186 1185
f 1179 1178 1177
f 1180 1178 1179
f 1277 1278 1276
f 1277 1276 1275
f 1285 1284 1283
f 1285 1287 1284
f 1211 1199 1200
f 1297 1310 1296
f 1348 1347 1338
f 1249 1248 1241
f 1347 1346 1338
f 1250 1249 1241
f 1194 1207 1208
f 1193 1194 1208
f 1293 1291 1304
f 1305 1293 1304
f 1174 1176 1189
f 1176 1188 1189
f 1186 1189 1188
f 1287 1285 1286
f 1286 1274 1287
f 1274 1273 1287
f 1166 1165 1164
f 1167 1166 1164
f 1171 1166 1167
f 1170 1171 1167
f 1270 1268 1263
f 1264 1270 1263
f 1264 1263 1262
f 1265 1264 1262
f 1212 1211 1200
f 1310 1309 1296
f 1161 1160 1158
f 1160 1159 1158
f 1259 1258 1256
f 1258 1257 1256
f 1214 1211 1212
f 1310 1312 1309
f 1172 1171 1170
f 1251 1246 1247
f 1252 1251 1247
f 1270 1269 1268
f 1344 1350 1343
f 1350 1349 1343
f 1232 1231 1227
f 1231 1226 1227
f 1330 1329 1323
f 1324 1330 1323
f 1155 1172 1170
f 1269 1253 1268
f 1312 1311 1309
f 1213 1214 1212
f 1190 1180 1179
f 1278 1288 1276
f 1290 1288 1278
f 1190 1191 1180
f 1195 1194 1193
f 1293 1292 1291
f 1258 1267 1257
f 1168 1160 1161
f 1294 1292 1293
f 1195 1196 1194
f 1236 1251 1252
f 1350 1336 1349
f 1140 1139 1137
f 1154 1153 1150
f 1151 1154 1150
f 1151 1150 1149
f 1152 1151 1149
f 1145 1144 1143
f 1146 1145 1143
f 1142 1141 1138
f 1139 1142 1138
f 1139 1138 1137
f 1145 1148 1144
f 1148 1147 1144
f 1127 1126 1125
f 1128 1127 1125
f 1129 1127 1128
f 1136 1135 1134
f 1135 1133 1134
f 1130 1129 1128
f 1121 1120 1119
f 1134 1133 1131
f 1133 1132 1131
f 1122 1121 1119
f 1123 1121 1122
f 1124 1123 1122
f 1330 1316 1329
f 1215 1216 1232
f 1216 1231 1232
f 1316 1313 1329
f 1255 1254 1253
f 1269 1255 1253
f 1157 1156 1155
f 1156 1172 1155
f 1235 1236 1252
f 1336 1333 1349
f 1267 1266 1257
f 1169 1168 1161
f 1274 1272 1273
f 1175 1176 1174
f 1273 1272 1271
f 1175 1174 1173
f 1290 1289 1288
f 1192 1191 1190
f 1327 1332 1326
f 1332 1331 1326
f 1234 1233 1230
f 1233 1229 1230
f 1266 1267 1260
f 1168 1169 1163
f 1312 1308 1311
f 1290 1279 1289
f 1210 1214 1213
f 1181 1191 1192
f 1336 1335 1333
f 1237 1236 1235
f 1261 1266 1260
f 1169 1162 1163
f 1308 1307 1311
f 1209 1210 1213
f 1289 1279 1280
f 1181 1192 1183
f 1335 1334 1333
f 1238 1237 1235
f 1316 1315 1313
f 1315 1314 1313
f 1218 1217 1215
f 1217 1216 1215
f 1255 1261 1254
f 1308 1300 1307
f 1204 1210 1209
f 1261 1260 1254
f 1162 1156 1157
f 1163 1162 1157
f 1301 1300 1299
f 1302 1301 1299
f 1300 1301 1307
f 1203 1202 1201
f 1204 1203 1201
f 1203 1204 1209
f 1281 1280 1279
f 1282 1280 1281
f 1183 1184 1182
f 1183 1182 1181
f 1347 1341 1346
f 1341 1340 1346
f 1243 1249 1250
f 1242 1243 1250
f 1340 1334 1335
f 1238 1242 1237
f 1315 1321 1314
f 1222 1217 1218
f 1294 1302 1292
f 1202 1196 1195
f 1341 1334 1340
f 1238 1243 1242
f 1272 1282 1271
f 1184 1175 1173
f 1332 1320 1331
f 1223 1233 1234
f 1271 1282 1281
f 1302 1299 1292
f 1320 1321 1331
f 1184 1173 1182
f 1201 1202 1195
f 1222 1223 1234
f 1321 1320 1314
f 1223 1222 1218
f 1558 1557 1549
f 1549 1557 1548
f 1557 1556 1548
f 1765 1764 1756
f 1766 1765 1757
f 1757 1765 1756
f 1764 1763 1755
f 1756 1764 1755
f 1548 1556 1547
f 1556 1555 1547
f 1757 1756 1748
f 1748 1756 1747
f 1756 1755 1747
f 1932 1946 1934
f 1946 1947 1934
f 1946 1955 1947
f 1954 1955 1946
f 1945 1954 1946
f 1945 1946 1932
f 1755 1754 1746
f 1755 1763 1754
f 1747 1755 1746
f 1991 1992 1979
f 1977 1991 1979
f 1990 1991 1977
f 1991 2000 1992
f 1990 1999 1991
f 1999 2000 1991
f 1758 1766 1757
f 1760 1751 1759
f 1700 1699 1691
f 1700 1708 1699
f 1692 1700 1691
f 1701 1700 1692
f 1709 1708 1700
f 1701 1709 1700
f 1564 1563 1562
f 1565 1563 1564
f 1566 1565 1564
f 1552 1551 1543
f 1550 1558 1549
f 1563 1561 1562
f 1562 1561 1559
f 1749 1757 1748
f 1758 1757 1749
f 2000 2001 1992
f 1999 2008 2000
f 2008 2009 2000
f 2000 2009 2001
f 1699 1707 1698
f 1708 1707 1699
f 1699 1698 1690
f 1691 1699 1690
f 1763 1762 1754
f 1954 1963 1955
f 1955 1956 1947
f 1955 1964 1956
f 1930 1932 1931
f 1931 1932 1933
f 1932 1934 1933
f 1963 1964 1955
f 1930 1945 1932
f 1710 1709 1701
f 1702 1710 1701
f 1693 1701 1692
f 1702 1701 1693
f 1754 1753 1745
f 1754 1762 1753
f 1746 1754 1745
f 1501 1509 1500
f 1501 1500 1492
f 1493 1501 1492
f 1510 1509 1501
f 1502 1510 1501
f 1502 1501 1493
f 1943 1945 1930
f 1943 1952 1945
f 1952 1954 1945
f 1947 1956 1948
f 1934 1947 1936
f 1947 1948 1936
f 1988 1997 1990
f 1975 1990 1977
f 1988 1990 1975
f 1997 1999 1990
f 1979 1992 1981
f 1992 2001 1993
f 1992 1993 1981
f 1614 1613 1605
f 1616 1615 1607
f 1608 1607 1599
f 1606 1614 1605
f 1608 1616 1607
f 1614 1622 1613
f 1976 1977 1978
f 1977 1979 1978
f 1975 1977 1976
f 1772 1771 1770
f 1773 1771 1772
f 1774 1773 1772
f 1616 1624 1615
f 1617 1625 1616
f 1617 1616 1608
f 1625 1624 1616
f 1567 1565 1566
f 1568 1567 1566
f 1775 1787 1773
f 1787 1786 1773
f 1773 1786 1771
f 1775 1773 1774
f 1683 1691 1682
f 1692 1691 1683
f 1691 1690 1682
f 1496 1504 1495
f 1504 1503 1495
f 1496 1495 1487
f 1494 1502 1493
f 1546 1547 1555
f 1554 1546 1555
f 1997 2006 1999
f 2006 2008 1999
f 2009 2010 2001
f 2001 2002 1993
f 2001 2010 2002
f 1770 1769 1767
f 1771 1769 1770
f 1600 1608 1599
f 1609 1617 1608
f 1609 1608 1600
f 1509 1508 1500
f 1500 1508 1499
f 1500 1499 1491
f 1492 1500 1491
f 1771 1785 1769
f 1786 1785 1771
f 1618 1617 1609
f 1618 1626 1617
f 1626 1625 1617
f 1512 1511 1503
f 1504 1512 1503
f 1510 1518 1509
f 1380 1379 1371
f 1372 1380 1371
f 1389 1388 1380
f 1381 1389 1380
f 1381 1380 1372
f 1380 1388 1379
f 1437 1445 1436
f 1446 1445 1437
f 1445 1444 1436
f 1445 1453 1444
f 1446 1454 1445
f 1454 1453 1445
f 1484 1492 1483
f 1492 1491 1483
f 1493 1492 1484
f 1933 1934 1935
f 1934 1936 1935
f 1926 1943 1930
f 1929 1930 1931
f 1926 1930 1929
f 1956 1957 1948
f 1952 1961 1954
f 1961 1963 1954
f 1964 1965 1956
f 1956 1965 1957
f 1574 1573 1572
f 1561 1560 1559
f 1690 1698 1689
f 1690 1689 1681
f 1682 1690 1681
f 1428 1436 1427
f 1437 1436 1428
f 1436 1435 1427
f 1436 1444 1435
f 1718 1717 1709
f 1710 1718 1709
f 1709 1717 1708
f 1444 1443 1435
f 1435 1443 1434
f 1435 1434 1426
f 1427 1435 1426
f 1707 1706 1698
f 1698 1697 1689
f 1698 1706 1697
f 1605 1613 1612
f 1612 1613 1620
f 1622 1621 1613
f 1613 1621 1620
f 1743 1744 1751
f 1744 1752 1751
f 1751 1752 1759
f 1750 1758 1749
f 1540 1548 1539
f 1549 1548 1540
f 1548 1547 1539
f 1372 1371 1359
f 1359 1371 1357
f 1371 1379 1370
f 1371 1370 1357
f 1687 1688 1695
f 1688 1696 1695
f 1695 1696 1703
f 1694 1702 1693
f 1453 1452 1444
f 1444 1452 1443
f 1684 1692 1683
f 1693 1692 1684
f 1974 1975 1976
f 1898 1897 1896
f 1895 1893 1894
f 1896 1895 1894
f 1897 1895 1896
f 1539 1547 1546
f 1624 1623 1615
f 1622 1630 1621
f 1842 1841 1833
f 1834 1842 1833
f 1834 1833 1825
f 1833 1841 1832
f 1833 1832 1824
f 1825 1833 1824
f 1877 1875 1876
f 1513 1512 1504
f 1505 1513 1504
f 1878 1877 1876
f 1879 1877 1878
f 1505 1504 1496
f 1762 1761 1753
f 1753 1761 1752
f 1745 1753 1744
f 1753 1752 1744
f 1696 1704 1703
f 1703 1704 1711
f 1971 1988 1975
f 1971 1975 1974
f 1979 1981 1980
f 1978 1979 1980
f 1835 1834 1826
f 1835 1843 1834
f 1826 1834 1825
f 1843 1842 1834
f 1788 1787 1775
f 1776 1775 1774
f 1777 1775 1776
f 1777 1788 1775
f 1388 1387 1379
f 1379 1378 1370
f 1379 1387 1378
f 1426 1434 1425
f 1426 1425 1417
f 1427 1426 1418
f 1418 1426 1417
f 1357 1370 1356
f 1370 1378 1369
f 1370 1369 1356
f 1708 1716 1707
f 1717 1716 1708
f 1491 1499 1498
f 1490 1491 1498
f 1483 1491 1490
f 1428 1427 1419
f 1419 1427 1418
f 1747 1746 1738
f 1748 1747 1739
f 1739 1747 1738
f 1738 1746 1737
f 1746 1745 1737
f 1485 1493 1484
f 1494 1493 1485
f 1454 1446 1447
f 1842 1850 1841
f 1843 1851 1842
f 1851 1850 1842
f 1389 1397 1388
f 1390 1398 1389
f 1390 1389 1381
f 1398 1397 1389
f 1925 1926 1929
f 1965 1966 1957
f 1844 1852 1843
f 1844 1843 1835
f 1852 1851 1843
f 1359 1357 1358
f 1357 1356 1355
f 1358 1357 1355
f 1518 1517 1509
f 1509 1517 1508
f 1373 1381 1372
f 1382 1390 1381
f 1382 1381 1373
f 1970 1971 1974
f 2010 2011 2002
f 1601 1609 1600
f 1610 1609 1601
f 1610 1618 1609
f 1894 1893 1892
f 1893 1891 1892
f 1899 1897 1898
f 1900 1899 1898
f 1627 1626 1618
f 1619 1627 1618
f 1619 1618 1610
f 1881 1879 1880
f 1880 1879 1878
f 1876 1875 1874
f 1875 1873 1874
f 1785 1784 1769
f 1769 1768 1767
f 1769 1784 1768
f 1796 1795 1787
f 1787 1795 1786
f 1788 1796 1787
f 1782 1781 1780
f 1832 1831 1823
f 1824 1832 1823
f 1832 1840 1831
f 1841 1840 1832
f 1689 1697 1688
f 1681 1689 1680
f 1689 1688 1680
f 1354 1353 1351
f 1353 1352 1351
f 1353 1368 1352
f 1361 1372 1359
f 1373 1372 1361
f 1914 1913 1912
f 1915 1913 1914
f 1913 1911 1912
f 1697 1705 1696
f 1697 1696 1688
f 1706 1705 1697
f 1553 1552 1544
f 1544 1552 1543
f 1497 1505 1496
f 1497 1496 1488
f 1488 1496 1487
f 1761 1759 1752
f 1597 1605 1604
f 1604 1605 1612
f 1606 1605 1597
f 1795 1794 1786
f 1786 1794 1785
f 1569 1567 1568
f 1570 1569 1568
f 1429 1437 1428
f 1438 1437 1429
f 1438 1446 1437
f 1824 1823 1815
f 1825 1824 1816
f 1816 1824 1815
f 1694 1693 1685
f 1685 1693 1684
f 1446 1439 1447
f 1431 1439 1446
f 1438 1431 1446
f 1652 1653 1661
f 1662 1661 1653
f 1660 1652 1661
f 1827 1835 1826
f 1836 1844 1835
f 1836 1835 1827
f 1917 1915 1916
f 1916 1915 1914
f 1911 1909 1910
f 1912 1911 1910
f 1434 1442 1433
f 1434 1433 1425
f 1443 1442 1434
f 1740 1748 1739
f 1749 1748 1740
f 1550 1549 1541
f 1541 1549 1540
f 1388 1396 1387
f 1397 1396 1388
f 1620 1621 1628
f 1621 1629 1628
f 1630 1629 1621
f 1737 1745 1736
f 1745 1744 1736
f 1850 1849 1841
f 1841 1849 1840
f 1382 1375 1390
f 1390 1383 1398
f 1375 1383 1390
f 1498 1499 1506
f 1499 1507 1506
f 1508 1507 1499
f 1826 1825 1817
f 1817 1825 1816
f 1836 1837 1844
f 1837 1845 1844
f 1844 1845 1852
f 1705 1704 1696
f 1625 1633 1624
f 1634 1633 1625
f 1626 1634 1625
f 1408 1416 1407
f 1416 1415 1407
f 1416 1424 1415
f 1418 1417 1409
f 1788 1789 1796
f 1779 1789 1788
f 1777 1779 1788
f 1707 1715 1706
f 1716 1715 1707
f 1573 1571 1572
f 1572 1571 1569
f 1570 1572 1569
f 1600 1599 1591
f 1598 1606 1597
f 1424 1432 1423
f 1424 1423 1415
f 1635 1634 1626
f 1627 1635 1626
f 1780 1779 1777
f 1778 1777 1776
f 1778 1780 1777
f 1443 1451 1442
f 1452 1451 1443
f 1521 1520 1512
f 1513 1521 1512
f 1512 1520 1511
f 1410 1418 1409
f 1419 1418 1410
f 1514 1513 1505
f 1506 1505 1497
f 1506 1514 1505
f 1482 1483 1490
f 1475 1483 1482
f 1484 1483 1475
f 1998 2007 1997
f 2007 2006 1997
f 1998 1997 1988
f 2002 2011 2003
f 2002 2003 1994
f 1993 2002 1994
f 1602 1610 1601
f 1611 1610 1602
f 1611 1619 1610
f 1830 1838 1829
f 1461 1459 1460
f 1460 1459 1458
f 1462 1461 1460
f 1420 1428 1419
f 1429 1428 1420
f 1383 1391 1398
f 1398 1391 1406
f 1398 1406 1397
f 1628 1627 1619
f 1620 1628 1619
f 1620 1619 1611
f 1830 1829 1821
f 1822 1830 1821
f 1351 1352 1365
f 1366 1351 1365
f 1360 1359 1358
f 1361 1359 1360
f 1918 1917 1916
f 1910 1909 1907
f 1909 1908 1907
f 1919 1917 1918
f 1378 1377 1369
f 1368 1367 1352
f 1368 1376 1367
f 1387 1386 1378
f 1378 1386 1377
f 1901 1899 1900
f 1902 1901 1900
f 1891 1890 1889
f 1892 1891 1889
f 1680 1688 1687
f 1838 1846 1837
f 1840 1839 1831
f 1838 1837 1829
f 1459 1457 1458
f 1458 1457 1455
f 1514 1522 1513
f 1522 1521 1513
f 1852 1860 1851
f 1852 1853 1860
f 1845 1853 1852
f 1851 1859 1850
f 1860 1859 1851
f 1565 1578 1563
f 1579 1578 1565
f 1567 1579 1565
f 1612 1611 1603
f 1604 1612 1603
f 1612 1620 1611
f 1785 1793 1784
f 1794 1793 1785
f 1989 1988 1971
f 1989 1998 1988
f 1973 1972 1970
f 1972 1971 1970
f 1936 1938 1937
f 1935 1936 1937
f 1966 1967 1958
f 1957 1966 1958
f 1962 1961 1952
f 1953 1962 1952
f 1953 1952 1943
f 1948 1949 1938
f 1948 1957 1949
f 1927 1926 1925
f 1927 1944 1926
f 1944 1943 1926
f 1944 1953 1943
f 1928 1927 1925
f 1936 1948 1938
f 1957 1958 1949
f 2011 2012 2003
f 1980 1981 1982
f 1993 1994 1983
f 1981 1993 1983
f 1486 1494 1485
f 1488 1487 1479
f 1784 1783 1768
f 1781 1779 1780
f 1781 1790 1779
f 1656 1655 1647
f 1654 1662 1653
f 1633 1632 1624
f 1624 1632 1623
f 1686 1694 1685
f 1679 1680 1687
f 1882 1881 1880
f 1874 1873 1871
f 1873 1872 1871
f 1883 1881 1882
f 1563 1577 1561
f 1578 1577 1563
f 1508 1516 1507
f 1517 1516 1508
f 1818 1826 1817
f 1827 1826 1818
f 1828 1829 1836
f 1829 1837 1836
f 1828 1836 1827
f 1603 1611 1602
f 1669 1682 1667
f 1683 1682 1669
f 1682 1681 1667
f 1750 1749 1741
f 1741 1749 1740
f 1367 1375 1382
f 1374 1367 1382
f 1374 1382 1373
f 1704 1712 1711
f 1406 1405 1397
f 1705 1713 1704
f 1713 1712 1704
f 1972 1989 1971
f 1981 1983 1982
f 1736 1744 1743
f 1849 1848 1840
f 1840 1848 1839
f 1399 1407 1414
f 1407 1415 1422
f 1414 1407 1422
f 1408 1407 1399
f 1796 1797 1804
f 1789 1797 1796
f 1796 1804 1795
f 1531 1539 1538
f 1540 1539 1531
f 1538 1539 1546
f 1715 1714 1706
f 1706 1714 1705
f 1636 1635 1627
f 1628 1636 1627
f 1476 1484 1475
f 1485 1484 1476
f 1596 1597 1604
f 1592 1600 1591
f 1601 1600 1592
f 1415 1423 1430
f 1422 1415 1430
f 1397 1405 1396
f 1923 1921 1922
f 1924 1923 1922
f 1920 1919 1918
f 1921 1919 1920
f 1518 1526 1517
f 1520 1519 1511
f 1681 1680 1664
f 1667 1681 1664
f 1352 1367 1374
f 1365 1352 1374
f 1596 1604 1595
f 1498 1497 1489
f 1498 1506 1497
f 1489 1497 1488
f 1604 1603 1595
f 1363 1373 1361
f 1374 1373 1363
f 1652 1660 1651
f 1660 1659 1651
f 1400 1408 1399
f 1410 1409 1401
f 1804 1803 1795
f 1795 1803 1794
f 1816 1815 1807
f 1814 1822 1813
f 1822 1821 1813
f 1580 1579 1567
f 1569 1580 1567
f 1718 1726 1717
f 1859 1858 1850
f 1850 1858 1849
f 1714 1713 1705
f 1922 1921 1920
f 1846 1845 1837
f 1790 1789 1779
f 1821 1829 1828
f 1387 1395 1386
f 1396 1395 1387
f 1423 1431 1438
f 1430 1423 1438
f 1430 1438 1429
f 1684 1683 1671
f 1671 1683 1669
f 1545 1553 1544
f 1554 1553 1545
f 1442 1441 1433
f 1432 1431 1423
f 1432 1440 1431
f 1406 1399 1414
f 1711 1712 1719
f 1391 1399 1406
f 1400 1399 1391
f 1817 1816 1808
f 1808 1816 1807
f 1420 1419 1411
f 1411 1419 1410
f 1793 1792 1784
f 1784 1792 1783
f 1735 1736 1743
f 1742 1750 1741
f 1542 1550 1541
f 1544 1543 1535
f 1906 1905 1904
f 1905 1903 1904
f 1904 1903 1902
f 1903 1901 1902
f 1848 1847 1839
f 1846 1854 1845
f 1630 1638 1629
f 1632 1631 1623
f 1561 1576 1560
f 1577 1576 1561
f 1854 1853 1845
f 1506 1507 1514
f 1462 1464 1461
f 1522 1530 1521
f 1530 1529 1521
f 1521 1529 1520
f 1820 1821 1828
f 1813 1821 1820
f 1546 1554 1545
f 1516 1515 1507
f 1726 1725 1717
f 1717 1725 1716
f 1738 1737 1729
f 1729 1737 1728
f 1737 1736 1728
f 1507 1515 1514
f 1514 1515 1522
f 1490 1498 1489
f 1819 1827 1818
f 1828 1827 1819
f 1730 1738 1729
f 1739 1738 1730
f 2013 2014 2005
f 1985 1987 1986
f 1984 1985 1986
f 2003 2012 2004
f 2012 2013 2004
f 1982 1983 1984
f 1406 1414 1405
f 1790 1798 1789
f 1798 1797 1789
f 1888 1887 1886
f 1887 1885 1886
f 1884 1883 1882
f 1885 1883 1884
f 1515 1523 1522
f 1522 1523 1530
f 1939 1940 1941
f 1940 1942 1941
f 1968 1969 1960
f 1937 1938 1939
f 1958 1967 1959
f 1967 1968 1959
f 1482 1490 1481
f 1490 1489 1481
f 1664 1680 1679
f 1593 1601 1592
f 1602 1601 1593
f 1421 1429 1420
f 1430 1429 1421
f 1628 1629 1636
f 1464 1463 1461
f 1461 1474 1459
f 1461 1463 1474
f 1480 1488 1479
f 1489 1488 1480
f 1546 1545 1537
f 1538 1546 1537
f 1868 1860 1869
f 1860 1861 1869
f 1853 1861 1860
f 1860 1868 1859
f 1532 1540 1531
f 1541 1540 1532
f 1376 1384 1375
f 1376 1375 1367
f 1386 1385 1377
f 1595 1603 1594
f 1603 1602 1594
f 1530 1538 1529
f 1530 1531 1538
f 1523 1531 1530
f 1474 1475 1482
f 1474 1482 1473
f 1482 1481 1473
f 1648 1656 1647
f 1657 1656 1648
f 1463 1475 1474
f 1474 1473 1459
f 1538 1537 1529
f 1442 1450 1441
f 1451 1450 1442
f 1792 1791 1783
f 1803 1802 1794
f 1794 1802 1793
f 1634 1642 1633
f 1635 1643 1634
f 1643 1642 1634
f 1470 1469 1468
f 1457 1456 1455
f 2004 2013 2005
f 2004 2005 1996
f 1994 2003 1995
f 2003 2004 1995
f 1636 1644 1635
f 1644 1643 1635
f 1596 1595 1587
f 1588 1596 1587
f 1589 1597 1596
f 1588 1589 1596
f 1862 1861 1853
f 1854 1862 1853
f 1459 1473 1457
f 1362 1361 1360
f 1363 1361 1362
f 1814 1813 1805
f 1812 1813 1820
f 1805 1813 1812
f 1598 1597 1589
f 1858 1857 1849
f 1849 1857 1848
f 1392 1400 1391
f 1392 1391 1383
f 1820 1828 1819
f 1673 1684 1671
f 1685 1684 1673
f 1594 1602 1593
f 1983 1985 1984
f 1806 1805 1797
f 1797 1805 1804
f 1798 1806 1797
f 1809 1817 1808
f 1818 1817 1809
f 1721 1720 1712
f 1712 1720 1719
f 1713 1721 1712
f 1569 1571 1580
f 1486 1485 1477
f 1477 1485 1476
f 1886 1885 1884
f 1629 1637 1636
f 1638 1637 1629
f 1728 1736 1735
f 1938 1940 1939
f 1959 1968 1960
f 1804 1812 1803
f 1804 1805 1812
f 1365 1374 1363
f 1476 1475 1463
f 1806 1814 1805
f 1481 1489 1480
f 1870 1869 1861
f 1517 1525 1516
f 1526 1525 1517
f 1396 1404 1395
f 1405 1404 1396
f 1402 1410 1401
f 1411 1410 1402
f 1440 1439 1431
f 1740 1739 1731
f 1731 1739 1730
f 1950 1951 1942
f 1940 1950 1942
f 1959 1960 1951
f 1949 1958 1950
f 1938 1949 1940
f 1958 1959 1950
f 1808 1807 1799
f 1588 1587 1579
f 1579 1587 1578
f 1580 1588 1579
f 1659 1658 1650
f 1651 1659 1650
f 1862 1870 1861
f 1520 1528 1519
f 1529 1528 1520
f 1644 1652 1643
f 1644 1645 1652
f 1652 1651 1643
f 1645 1653 1652
f 1716 1724 1715
f 1725 1724 1716
f 1384 1383 1375
f 1995 1996 1987
f 1985 1995 1987
f 1983 1994 1985
f 1448 1447 1439
f 1395 1394 1386
f 1386 1394 1385
f 1642 1641 1633
f 1633 1641 1632
f 1573 1582 1571
f 1576 1575 1560
f 1587 1586 1578
f 1578 1586 1577
f 1402 1401 1393
f 1384 1392 1383
f 1859 1867 1858
f 1868 1867 1859
f 1995 2004 1996
f 1856 1855 1847
f 1848 1856 1847
f 1536 1544 1535
f 1545 1544 1536
f 1636 1637 1644
f 1857 1856 1848
f 1422 1430 1421
f 1529 1537 1528
f 1802 1801 1793
f 1793 1801 1792
f 1994 1995 1985
f 1440 1448 1439
f 1580 1581 1588
f 1581 1589 1588
f 1412 1420 1411
f 1421 1420 1412
f 1537 1545 1536
f 1587 1595 1586
f 1595 1594 1586
f 1571 1581 1580
f 1592 1591 1583
f 1590 1598 1589
f 1686 1685 1675
f 1675 1685 1673
f 1637 1645 1644
f 1649 1657 1648
f 1658 1657 1649
f 1950 1959 1951
f 1949 1950 1940
f 1532 1531 1523
f 1643 1651 1642
f 1792 1800 1791
f 1800 1799 1791
f 1450 1449 1441
f 1654 1653 1645
f 1473 1481 1472
f 1473 1472 1457
f 1819 1818 1810
f 1810 1818 1809
f 1864 1863 1855
f 1414 1413 1405
f 1714 1722 1713
f 1722 1721 1713
f 1669 1667 1668
f 1668 1667 1665
f 1667 1664 1665
f 1405 1413 1404
f 1812 1811 1803
f 1803 1811 1802
f 1663 1664 1679
f 1677 1686 1675
f 1650 1658 1649
f 1800 1808 1799
f 1394 1393 1385
f 1481 1480 1472
f 1809 1808 1800
f 1533 1541 1532
f 1542 1541 1533
f 1582 1581 1571
f 1801 1800 1792
f 1537 1536 1528
f 1820 1819 1811
f 1812 1820 1811
f 1665 1664 1663
f 1741 1740 1732
f 1732 1740 1731
f 1651 1650 1642
f 1721 1729 1720
f 1729 1728 1720
f 1414 1422 1413
f 1720 1728 1727
f 1719 1720 1727
f 1715 1723 1714
f 1724 1723 1715
f 1727 1728 1735
f 1457 1472 1456
f 1586 1585 1577
f 1577 1585 1576
f 1730 1729 1721
f 1480 1479 1471
f 1478 1486 1477
f 1364 1363 1362
f 1365 1363 1364
f 1525 1524 1516
f 1516 1524 1515
f 1856 1864 1855
f 1641 1640 1632
f 1632 1640 1631
f 1811 1819 1810
f 1394 1402 1393
f 1723 1722 1714
f 1422 1421 1413
f 1726 1734 1725
f 1642 1650 1641
f 1465 1476 1463
f 1477 1476 1465
f 1404 1403 1395
f 1395 1403 1394
f 1366 1365 1364
f 1858 1866 1857
f 1867 1866 1858
f 1586 1594 1585
f 1594 1593 1585
f 1670 1669 1668
f 1671 1669 1670
f 1413 1421 1412
f 1524 1523 1515
f 1593 1592 1584
f 1584 1592 1583
f 1412 1411 1403
f 1403 1411 1402
f 1526 1534 1525
f 1528 1527 1519
f 1472 1480 1471
f 1734 1742 1733
f 1742 1741 1733
f 1733 1741 1732
f 1469 1467 1468
f 1468 1467 1466
f 1811 1810 1802
f 1802 1810 1801
f 1801 1809 1800
f 1403 1402 1394
f 1722 1730 1721
f 1810 1809 1801
f 1666 1665 1663
f 1585 1593 1584
f 1648 1647 1639
f 1646 1654 1645
f 1590 1589 1581
f 1731 1730 1722
f 1528 1536 1527
f 1640 1639 1631
f 1638 1646 1637
f 1536 1535 1527
f 1534 1542 1533
f 1524 1532 1523
f 1646 1645 1637
f 1585 1584 1576
f 1576 1584 1575
f 1857 1865 1856
f 1865 1864 1856
f 1413 1412 1404
f 1533 1532 1524
f 1465 1463 1464
f 1650 1649 1641
f 1404 1412 1403
f 1866 1865 1857
f 1472 1471 1456
f 1725 1733 1724
f 1734 1733 1725
f 1641 1649 1640
f 1582 1590 1581
f 1584 1583 1575
f 1673 1671 1672
f 1672 1671 1670
f 1467 1477 1465
f 1478 1477 1467
f 1534 1533 1525
f 1525 1533 1524
f 1640 1648 1639
f 1649 1648 1640
f 1469 1478 1467
f 1723 1731 1722
f 1466 1465 1464
f 1732 1731 1723
f 1677 1675 1676
f 1678 1677 1676
f 1467 1465 1466
f 1724 1732 1723
f 1733 1732 1724
f 1675 1673 1674
f 1674 1673 1672
f 1676 1675 1674
f 2115 2125 2131
f 2114 2115 2131
f 2114 2131 2135
f 2135 2131 2125
f 2115 2130 2125
f 2129 2135 2125
f 2126 2129 2125
f 2134 2133 2132
f 2127 2126 2125
f 2127 2125 2128
f 2173 2133 2134
f 2128 2143 2127
f 2128 2186 2143
f 2186 2128 2185
f 2129 2153 2135
f 2134 2112 2163
f 2115 2114 2113
f 2112 2111 2163
f 2111 2112 2110
f 2129 2126 2147
f 2147 2154 2129
f 2129 2154 2153
f 2126 2127 2140
f 2140 2147 2126
f 2134 2172 2173
f 2134 2166 2172
f 2166 2134 2163
f 2062 2060 2019
f 2062 2061 2060
f 2019 2018 2062
f 2019 2016 2018
f 2141 2127 2142
f 2140 2127 2141
f 2097 2024 2025
f 2024 2097 2017
f 2018 2017 2097
f 2097 2025 2018
f 2017 2018 2016
f 2018 2025 2107
f 2107 2062 2018
f 2068 2064 2062
f 2062 2063 2061
f 2062 2064 2063
f 2062 2107 2050
f 2106 2062 2050
f 2062 2106 2068
f 2096 2017 2095
f 2015 2095 2017
f 2017 2016 2015
f 2096 2024 2017
f 2052 2049 2054
f 2051 2050 2049
f 2048 2053 2047
f 2050 2025 2049
f 2029 2049 2025
f 2031 2046 2028
f 2051 2049 2052
f 2031 2048 2047
f 2028 2046 2027
f 2107 2025 2050
f 2024 2021 2025
f 2029 2025 2021
f 2050 2051 2058
f 2058 2051 2059
f 2176 2178 2183
f 2183 2178 2184
f 2106 2050 2105
f 2058 2105 2050
f 2111 2110 2109
f 2141 2142 2179
f 2020 2024 2096
f 2020 2021 2024
f 2176 2175 2177
f 2178 2176 2177
f 2176 2174 2175
f 2084 2089 2083
f 2102 2089 2084
f 2048 2087 2053
f 2058 2059 2092
f 2028 2027 2026
f 2095 2020 2096
f 2147 2155 2154
f 2141 2146 2140
f 2146 2147 2140
f 2022 2023 2021
f 2022 2021 2020
f 2109 2116 2111
f 2116 2163 2111
f 2141 2144 2146
f 2179 2145 2141
f 2145 2144 2141
f 2092 2091 2058
f 2058 2091 2093
f 2108 2058 2093
f 2108 2105 2058
f 2095 2015 2098
f 2105 2068 2106
f 2109 2117 2116
f 2088 2087 2048
f 2085 2084 2083
f 2167 2174 2161
f 2167 2175 2174
f 2085 2086 2084
f 2031 2028 2030
f 2055 2048 2031
f 2088 2048 2055
f 2085 2090 2086
f 2085 2077 2090
f 2076 2077 2085
f 2094 2093 2091
f 2166 2163 2164
f 2162 2161 2160
f 2167 2161 2162
f 2170 2165 2163
f 2165 2164 2163
f 2170 2163 2122
f 2122 2163 2118
f 2118 2163 2116
f 2031 2030 2032
f 2033 2034 2022
f 2055 2031 2032
f 2020 2033 2022
f 2100 2020 2095
f 2020 2044 2043
f 2020 2100 2044
f 2020 2043 2033
f 2145 2146 2144
f 2180 2146 2145
f 2156 2155 2147
f 2147 2151 2156
f 2147 2150 2151
f 2146 2150 2147
f 2099 2095 2098
f 2100 2095 2099
f 2077 2076 2041
f 2076 2078 2041
f 2116 2117 2118
f 2118 2117 2119
f 2033 2079 2034
f 2080 2090 2077
f 2104 2093 2094
f 2090 2080 2103
f 2105 2074 2068
f 2108 2074 2105
f 2104 2108 2093
f 2077 2041 2042
f 2077 2081 2080
f 2077 2042 2081
f 2168 2167 2162
f 2167 2168 2171
f 2171 2175 2167
f 2149 2146 2139
f 2146 2149 2150
f 2146 2180 2139
f 2180 2181 2139
f 2171 2181 2175
f 2121 2119 2182
f 2119 2121 2118
f 2108 2056 2074
f 2056 2108 2104
f 2041 2040 2039
f 2041 2039 2042
f 2074 2072 2068
f 2068 2072 2069
f 2068 2069 2066
f 2068 2066 2064
f 2168 2162 2169
f 2150 2148 2151
f 2150 2149 2148
f 2101 2065 2073
f 2071 2065 2101
f 2124 2122 2120
f 2122 2124 2170
f 2118 2120 2122
f 2099 2044 2100
f 2082 2057 2056
f 2056 2104 2082
f 2118 2121 2120
f 2057 2038 2037
f 2057 2037 2056
f 2075 2074 2056
f 2074 2075 2072
f 2171 2139 2181
f 2138 2139 2171
f 2138 2136 2139
f 2137 2149 2139
f 2137 2139 2136
f 2069 2072 2070
f 2069 2070 2066
f 2182 2159 2121
f 2149 2137 2148
f 2037 2038 2036
f 2159 2123 2121
f 2159 2158 2123
f 2171 2168 2138
f 2045 2035 2036
f 2037 2036 2035
f 2152 2123 2158
f 2157 2152 2158
f 2157 2156 2152
f 2151 2152 2156
f 2070 2065 2066
f 2067 2066 2065
f 2151 2148 2152
f 2152 2148 2137
f 2056 2037 2035
f 2056 2035 2075
f 2045 2073 2035
f 2121 2123 2120
f 2138 2168 2169
f 2138 2169 2124
f 2073 2065 2072
f 2073 2072 2035
f 2123 2138 2124
f 2124 2120 2123
f 2123 2152 2137
f 2123 2137 2136
f 2075 2035 2072
f 2123 2136 2138
f 2070 2072 2065
f 2071 2067 2065
f 2198 2197 2195
f 2199 2198 2195
f 2209 2208 2203
f 2208 2207 2203
f 2192 2191 2187
f 2193 2192 2187
f 2210 2209 2203
f 2197 2196 2195
f 2200 2199 2195
f 2207 2206 2203
f 2191 2190 2187
f 2194 2193 2187
f 2217 2216 2211
f 2216 2215 2211
f 2215 2214 2211
f 2218 2217 2211
f 2214 2213 2211
f 2206 2205 2203
f 2201 2200 2195
f 2190 2189 2187
f 2213 2212 2211
f 2205 2204 2203
f 2202 2201 2195
f 2189 2188 2187
f 2274 2273 2271
f 2273 2272 2271
f 2246 2245 2243
f 2245 2244 2243
f 2254 2253 2251
f 2253 2252 2251
f 2225 2224 2223
f 2226 2225 2223
f 2250 2249 2247
f 2249 2248 2247
f 2266 2265 2263
f 2265 2264 2263
f 2257 2256 2255
f 2258 2257 2255
f 2270 2269 2267
f 2269 2268 2267
f 2262 2261 2259
f 2261 2260 2259
f 2221 2220 2219
f 2222 2221 2219
f 2229 2228 2227
f 2230 2229 2227
f 2233 2232 2231
f 2234 2233 2231
f 2237 2236 2235
f 2238 2237 2235
f 2242 2241 2239
f 2241 2240 2239
f 2382 2381 2380
f 2383 2382 2380
f 2377 2376 2375
f 2377 2384 2376
f 2484 2474 2475
f 2475 2474 2473
f 2481 2480 2478
f 2480 2479 2478
f 2403 2402 2400
f 2402 2401 2400
f 2397 2396 2395
f 2397 2404 2396
f 2504 2494 2495
f 2495 2494 2493
f 2501 2500 2498
f 2500 2499 2498
f 2484 2483 2474
f 2385 2384 2377
f 2386 2385 2377
f 2483 2482 2474
f 2363 2362 2361
f 2364 2363 2361
f 2355 2354 2353
f 2454 2453 2451
f 2462 2461 2459
f 2461 2460 2459
f 2356 2355 2353
f 2453 2452 2451
f 2345 2342 2343
f 2343 2342 2341
f 2335 2334 2333
f 2336 2334 2335
f 2433 2434 2432
f 2433 2432 2431
f 2441 2440 2439
f 2441 2443 2440
f 2367 2355 2356
f 2453 2466 2452
f 2504 2503 2494
f 2405 2404 2397
f 2503 2502 2494
f 2406 2405 2397
f 2350 2363 2364
f 2349 2350 2364
f 2449 2447 2460
f 2461 2449 2460
f 2330 2332 2345
f 2332 2344 2345
f 2342 2345 2344
f 2443 2441 2442
f 2442 2430 2443
f 2430 2429 2443
f 2322 2321 2320
f 2323 2322 2320
f 2327 2322 2323
f 2326 2327 2323
f 2426 2424 2419
f 2420 2426 2419
f 2420 2419 2418
f 2421 2420 2418
f 2368 2367 2356
f 2466 2465 2452
f 2317 2316 2314
f 2316 2315 2314
f 2415 2414 2412
f 2414 2413 2412
f 2370 2367 2368
f 2466 2468 2465
f 2328 2327 2326
f 2407 2402 2403
f 2408 2407 2403
f 2426 2425 2424
f 2500 2506 2499
f 2506 2505 2499
f 2388 2387 2383
f 2387 2382 2383
f 2486 2485 2479
f 2480 2486 2479
f 2311 2328 2326
f 2425 2409 2424
f 2468 2467 2465
f 2369 2370 2368
f 2346 2336 2335
f 2434 2444 2432
f 2446 2444 2434
f 2346 2347 2336
f 2351 2350 2349
f 2449 2448 2447
f 2414 2423 2413
f 2324 2316 2317
f 2450 2448 2449
f 2351 2352 2350
f 2392 2407 2408
f 2506 2492 2505
f 2296 2295 2293
f 2310 2309 2306
f 2307 2310 2306
f 2307 2306 2305
f 2308 2307 2305
f 2301 2300 2299
f 2302 2301 2299
f 2298 2297 2294
f 2295 2298 2294
f 2295 2294 2293
f 2301 2304 2300
f 2304 2303 2300
f 2283 2282 2281
f 2284 2283 2281
f 2285 2283 2284
f 2292 2291 2290
f 2291 2289 2290
f 2286 2285 2284
f 2277 2276 2275
f 2290 2289 2287
f 2289 2288 2287
f 2278 2277 2275
f 2279 2277 2278
f 2280 2279 2278
f 2486 2472 2485
f 2371 2372 2388
f 2372 2387 2388
f 2472 2469 2485
f 2411 2410 2409
f 2425 2411 2409
f 2313 2312 2311
f 2312 2328 2311
f 2391 2392 2408
f 2492 2489 2505
f 2423 2422 2413
f 2325 2324 2317
f 2430 2428 2429
f 2331 2332 2330
f 2429 2428 2427
f 2331 2330 2329
f 2446 2445 2444
f 2348 2347 2346
f 2483 2488 2482
f 2488 2487 2482
f 2390 2389 2386
f 2389 2385 2386
f 2422 2423 2416
f 2324 2325 2319
f 2468 2464 2467
f 2446 2435 2445
f 2366 2370 2369
f 2337 2347 2348
f 2492 2491 2489
f 2393 2392 2391
f 2417 2422 2416
f 2325 2318 2319
f 2464 2463 2467
f 2365 2366 2369
f 2445 2435 2436
f 2337 2348 2339
f 2491 2490 2489
f 2394 2393 2391
f 2472 2471 2469
f 2471 2470 2469
f 2374 2373 2371
f 2373 2372 2371
f 2411 2417 2410
f 2464 2456 2463
f 2360 2366 2365
f 2417 2416 2410
f 2318 2312 2313
f 2319 2318 2313
f 2457 2456 2455
f 2458 2457 2455
f 2456 2457 2463
f 2359 2358 2357
f 2360 2359 2357
f 2359 2360 2365
f 2437 2436 2435
f 2438 2436 2437
f 2339 2340 2338
f 2339 2338 2337
f 2503 2497 2502
f 2497 2496 2502
f 2399 2405 2406
f 2398 2399 2406
f 2496 2490 2491
f 2394 2398 2393
f 2471 2477 2470
f 2378 2373 2374
f 2450 2458 2448
f 2358 2352 2351
f 2497 2490 2496
f 2394 2399 2398
f 2428 2438 2427
f 2340 2331 2329
f 2488 2476 2487
f 2379 2389 2390
f 2427 2438 2437
f 2458 2455 2448
f 2476 2477 2487
f 2340 2329 2338
f 2357 2358 2351
f 2378 2379 2390
f 2477 2476 2470
f 2379 2378 2374
f 2551 2553 2543
f 2543 2550 2551
f 2552 2551 2550
f 2552 2538 2551
f 2537 2551 2538
f 2599 2551 2537
f 2566 2551 2599
f 2566 2553 2551
f 2552 2598 2539
f 2539 2538 2552
f 2598 2552 2515
f 2550 2515 2552
f 2539 2520 2538
f 2537 2538 2520
f 2518 2520 2539
f 2598 2518 2539
f 2598 2515 2507
f 2598 2507 2511
f 2511 2518 2598
f 2543 2546 2550
f 2546 2515 2550
f 2516 2507 2515
f 2515 2546 2516
f 2542 2543 2553
f 2553 2566 2542
f 2537 2600 2599
f 2566 2599 2603
f 2603 2599 2600
f 2537 2520 2519
f 2519 2554 2537
f 2537 2554 2601
f 2537 2601 2600
f 2543 2542 2536
f 2546 2543 2536
f 2566 2575 2567
f 2566 2567 2542
f 2603 2575 2566
f 2518 2519 2520
f 2542 2562 2536
f 2567 2565 2542
f 2565 2562 2542
f 2519 2518 2517
f 2517 2518 2521
f 2511 2521 2518
f 2600 2601 2590
f 2603 2600 2590
f 2603 2590 2575
f 2511 2507 2508
f 2509 2508 2507
f 2507 2512 2509
f 2516 2512 2507
f 2575 2588 2567
f 2590 2589 2575
f 2575 2589 2588
f 2567 2574 2565
f 2567 2587 2574
f 2567 2588 2587
f 2521 2511 2508
f 2558 2554 2557
f 2519 2540 2554
f 2554 2540 2557
f 2601 2554 2602
f 2554 2558 2602
f 2602 2590 2601
f 2526 2519 2517
f 2526 2540 2519
f 2562 2565 2561
f 2561 2565 2572
f 2565 2574 2572
f 2514 2546 2536
f 2512 2546 2514
f 2516 2546 2512
f 2574 2573 2572
f 2574 2587 2573
f 2510 2508 2509
f 2508 2510 2592
f 2508 2592 2521
f 2587 2588 2595
f 2588 2596 2595
f 2588 2589 2596
f 2582 2581 2590
f 2590 2581 2589
f 2590 2602 2582
f 2521 2523 2517
f 2517 2523 2526
f 2527 2521 2592
f 2527 2522 2521
f 2523 2521 2522
f 2596 2589 2591
f 2589 2579 2591
f 2589 2581 2579
f 2586 2573 2587
f 2587 2585 2586
f 2587 2595 2585
f 2526 2541 2540
f 2557 2540 2541
f 2561 2572 2571
f 2571 2572 2573
f 2573 2586 2571
f 2526 2523 2525
f 2525 2541 2526
f 2562 2561 2549
f 2561 2564 2549
f 2571 2564 2561
f 2562 2549 2536
f 2509 2594 2510
f 2594 2593 2510
f 2592 2510 2593
f 2591 2585 2595
f 2596 2591 2595
f 2582 2602 2558
f 2536 2535 2514
f 2536 2544 2535
f 2548 2544 2536
f 2549 2548 2536
f 2592 2593 2527
f 2524 2523 2522
f 2524 2525 2523
f 2534 2514 2535
f 2513 2509 2512
f 2513 2514 2534
f 2514 2513 2512
f 2580 2586 2585
f 2586 2580 2584
f 2586 2584 2571
f 2509 2513 2531
f 2594 2509 2531
f 2528 2527 2594
f 2527 2528 2522
f 2594 2527 2593
f 2522 2528 2524
f 2564 2571 2584
f 2591 2580 2585
f 2579 2581 2576
f 2582 2576 2581
f 2580 2591 2579
f 2580 2579 2578
f 2578 2579 2576
f 2541 2555 2557
f 2555 2541 2525
f 2534 2597 2513
f 2532 2513 2597
f 2531 2513 2532
f 2582 2558 2559
f 2582 2559 2583
f 2583 2576 2582
f 2557 2559 2558
f 2545 2535 2544
f 2535 2545 2534
f 2597 2534 2545
f 2555 2559 2557
f 2594 2531 2528
f 2580 2578 2577
f 2580 2577 2584
f 2529 2524 2528
f 2529 2530 2524
f 2525 2524 2530
f 2525 2556 2555
f 2530 2556 2525
f 2577 2563 2584
f 2564 2584 2563
f 2528 2531 2529
f 2563 2549 2564
f 2583 2570 2576
f 2577 2576 2570
f 2577 2578 2576
f 2531 2532 2529
f 2583 2559 2560
f 2568 2583 2560
f 2583 2568 2570
f 2533 2597 2545
f 2597 2533 2532
f 2548 2549 2563
f 2547 2544 2548
f 2545 2544 2547
f 2559 2555 2560
f 2545 2547 2533
f 2548 2563 2547
f 2532 2533 2529
f 2530 2529 2533
f 2577 2570 2563
f 2556 2530 2555
f 2568 2569 2570
f 2560 2569 2568
f 2560 2563 2569
f 2560 2555 2563
f 2563 2570 2569
f 2547 2563 2555
f 2547 2530 2533
f 2547 2555 2530
f 2648 2650 2640
f 2640 2647 2648
f 2649 2648 2647
f 2649 2635 2648
f 2634 2648 2635
f 2696 2648 2634
f 2663 2648 2696
f 2663 2650 2648
f 2649 2695 2636
f 2636 2635 2649
f 2695 2649 2612
f 2647 2612 2649
f 2636 2617 2635
f 2634 2635 2617
f 2615 2617 2636
f 2695 2615 2636
f 2695 2612 2604
f 2695 2604 2608
f 2608 2615 2695
f 2640 2643 2647
f 2643 2612 2647
f 2613 2604 2612
f 2612 2643 2613
f 2639 2640 2650
f 2650 2663 2639
f 2634 2697 2696
f 2663 2696 2700
f 2700 2696 2697
f 2634 2617 2616
f 2616 2651 2634
f 2634 2651 2698
f 2634 2698 2697
f 2640 2639 2633
f 2643 2640 2633
f 2663 2672 2664
f 2663 2664 2639
f 2700 2672 2663
f 2615 2616 2617
f 2639 2659 2633
f 2664 2662 2639
f 2662 2659 2639
f 2616 2615 2614
f 2614 2615 2618
f 2608 2618 2615
f 2697 2698 2687
f 2700 2697 2687
f 2700 2687 2672
f 2608 2604 2605
f 2606 2605 2604
f 2604 2609 2606
f 2613 2609 2604
f 2672 2685 2664
f 2687 2686 2672
f 2672 2686 2685
f 2664 2671 2662
f 2664 2684 2671
f 2664 2685 2684
f 2618 2608 2605
f 2655 2651 2654
f 2616 2637 2651
f 2651 2637 2654
f 2698 2651 2699
f 2651 2655 2699
f 2699 2687 2698
f 2623 2616 2614
f 2623 2637 2616
f 2659 2662 2658
f 2658 2662 2669
f 2662 2671 2669
f 2611 2643 2633
f 2609 2643 2611
f 2613 2643 2609
f 2671 2670 2669
f 2671 2684 2670
f 2607 2605 2606
f 2605 2607 2689
f 2605 2689 2618
f 2684 2685 2692
f 2685 2693 2692
f 2685 2686 2693
f 2679 2678 2687
f 2687 2678 2686
f 2687 2699 2679
f 2618 2620 2614
f 2614 2620 2623
f 2624 2618 2689
f 2624 2619 2618
f 2620 2618 2619
f 2686 2678 2676
f 2683 2670 2684
f 2684 2682 2683
f 2684 2692 2682
f 2623 2638 2637
f 2654 2637 2638
f 2658 2669 2668
f 2668 2669 2670
f 2670 2683 2668
f 2623 2620 2622
f 2622 2638 2623
f 2659 2658 2646
f 2658 2661 2646
f 2668 2661 2658
f 2659 2646 2633
f 2606 2691 2607
f 2691 2690 2607
f 2689 2607 2690
f 2688 2682 2692
f 2693 2688 2692
f 2693 2686 2688
f 2686 2676 2688
f 2679 2699 2655
f 2633 2632 2611
f 2633 2641 2632
f 2645 2641 2633
f 2646 2645 2633
f 2689 2690 2624
f 2621 2620 2619
f 2621 2622 2620
f 2631 2611 2632
f 2610 2606 2609
f 2610 2611 2631
f 2611 2610 2609
f 2677 2683 2682
f 2683 2677 2681
f 2683 2681 2668
f 2606 2610 2628
f 2691 2606 2628
f 2625 2624 2691
f 2624 2625 2619
f 2691 2624 2690
f 2619 2625 2621
f 2661 2668 2681
f 2688 2677 2682
f 2676 2678 2673
f 2679 2673 2678
f 2677 2688 2676
f 2677 2676 2675
f 2675 2676 2673
f 2638 2652 2654
f 2652 2638 2622
f 2631 2694 2610
f 2629 2610 2694
f 2628 2610 2629
f 2679 2655 2656
f 2679 2656 2680
f 2680 2673 2679
f 2654 2656 2655
f 2642 2632 2641
f 2632 2642 2631
f 2694 2631 2642
f 2652 2656 2654
f 2691 2628 2625
f 2677 2675 2674
f 2677 2674 2681
f 2626 2621 2625
f 2626 2627 2621
f 2622 2621 2627
f 2622 2653 2652
f 2627 2653 2622
f 2674 2660 2681
f 2661 2681 2660
f 2625 2628 2626
f 2660 2646 2661
f 2680 2667 2673
f 2674 2673 2667
f 2674 2675 2673
f 2628 2629 2626
f 2680 2656 2657
f 2665 2680 2657
f 2680 2665 2667
f 2630 2694 2642
f 2694 2630 2629
f 2645 2646 2660
f 2644 2641 2645
f 2642 2641 2644
f 2656 2652 2657
f 2642 2644 2630
f 2645 2660 2644
f 2629 2630 2626
f 2627 2626 2630
f 2674 2667 2660
f 2653 2627 2652
f 2665 2666 2667
f 2657 2666 2665
f 2657 2660 2666
f 2657 2652 2660
f 2660 2667 2666
f 2644 2660 2652
f 2644 2627 2630
f 2644 2652 2627
f 2745 2747 2737
f 2737 2744 2745
f 2746 2745 2744
f 2746 2732 2745
f 2731 2745 2732
f 2793 2745 2731
f 2760 2745 2793
f 2760 2747 2745
f 2746 2792 2733
f 2733 2732 2746
f 2792 2746 2709
f 2744 2709 2746
f 2733 2714 2732
f 2731 2732 2714
f 2712 2714 2733
f 2792 2712 2733
f 2792 2709 2701
f 2792 2701 2705
f 2705 2712 2792
f 2737 2740 2744
f 2740 2709 2744
f 2710 2701 2709
f 2709 2740 2710
f 2736 2737 2747
f 2747 2760 2736
f 2731 2794 2793
f 2760 2793 2797
f 2797 2793 2794
f 2731 2714 2713
f 2713 2748 2731
f 2731 2748 2795
f 2731 2795 2794
f 2737 2736 2730
f 2740 2737 2730
f 2760 2769 2761
f 2760 2761 2736
f 2797 2769 2760
f 2712 2713 2714
f 2736 2756 2730
f 2761 2759 2736
f 2759 2756 2736
f 2713 2712 2711
f 2711 2712 2715
f 2705 2715 2712
f 2794 2795 2784
f 2797 2794 2784
f 2797 2784 2769
f 2705 2701 2702
f 2703 2702 2701
f 2701 2706 2703
f 2710 2706 2701
f 2769 2782 2761
f 2784 2783 2769
f 2769 2783 2782
f 2761 2768 2759
f 2761 2781 2768
f 2761 2782 2781
f 2715 2705 2702
f 2752 2748 2751
f 2713 2734 2748
f 2748 2734 2751
f 2795 2748 2796
f 2748 2752 2796
f 2796 2784 2795
f 2720 2713 2711
f 2720 2734 2713
f 2756 2759 2755
f 2755 2759 2766
f 2759 2768 2766
f 2708 2740 2730
f 2706 2740 2708
f 2710 2740 2706
f 2768 2767 2766
f 2768 2781 2767
f 2704 2702 2703
f 2702 2704 2786
f 2702 2786 2715
f 2781 2782 2789
f 2782 2790 2789
f 2782 2783 2790
f 2776 2775 2784
f 2784 2775 2783
f 2784 2796 2776
f 2715 2717 2711
f 2711 2717 2720
f 2721 2715 2786
f 2721 2716 2715
f 2717 2715 2716
f 2790 2783 2785
f 2783 2773 2785
f 2783 2775 2773
f 2780 2767 2781
f 2781 2779 2780
f 2781 2789 2779
f 2720 2735 2734
f 2751 2734 2735
f 2755 2766 2765
f 2765 2766 2767
f 2767 2780 2765
f 2720 2717 2719
f 2719 2735 2720
f 2756 2755 2743
f 2755 2758 2743
f 2765 2758 2755
f 2756 2743 2730
f 2703 2788 2704
f 2788 2787 2704
f 2786 2704 2787
f 2785 2779 2789
f 2790 2785 2789
f 2776 2796 2752
f 2730 2729 2708
f 2730 2738 2729
f 2742 2738 2730
f 2743 2742 2730
f 2786 2787 2721
f 2718 2717 2716
f 2718 2719 2717
f 2728 2708 2729
f 2707 2703 2706
f 2707 2708 2728
f 2708 2707 2706
f 2774 2780 2779
f 2780 2774 2778
f 2780 2778 2765
f 2703 2707 2725
f 2788 2703 2725
f 2722 2721 2788
f 2721 2722 2716
f 2788 2721 2787
f 2716 2722 2718
f 2758 2765 2778
f 2785 2774 2779
f 2773 2775 2770
f 2776 2770 2775
f 2774 2785 2773
f 2774 2773 2772
f 2772 2773 2770
f 2735 2749 2751
f 2749 2735 2719
f 2728 2791 2707
f 2726 2707 2791
f 2725 2707 2726
f 2776 2752 2753
f 2776 2753 2777
f 2777 2770 2776
f 2751 2753 2752
f 2739 2729 2738
f 2729 2739 2728
f 2791 2728 2739
f 2749 2753 2751
f 2788 2725 2722
f 2774 2772 2771
f 2774 2771 2778
f 2723 2718 2722
f 2723 2724 2718
f 2719 2718 2724
f 2719 2750 2749
f 2724 2750 2719
f 2771 2757 2778
f 2758 2778 2757
f 2722 2725 2723
f 2757 2743 2758
f 2777 2764 2770
f 2771 2770 2764
f 2771 2772 2770
f 2725 2726 2723
f 2777 2753 2754
f 2762 2777 2754
f 2777 2762 2764
f 2727 2791 2739
f 2791 2727 2726
f 2742 2743 2757
f 2741 2738 2742
f 2739 2738 2741
f 2753 2749 2754
f 2739 2741 2727
f 2742 2757 2741
f 2726 2727 2723
f 2724 2723 2727
f 2771 2764 2757
f 2750 2724 2749
f 2762 2763 2764
f 2754 2763 2762
f 2754 2757 2763
f 2754 2749 2757
f 2757 2764 2763
f 2741 2757 2749
f 2741 2724 2727
f 2741 2749 2724
f 2844 2843 2842
f 2847 2842 2843
f 2847 2843 2846
f 2840 2841 2839
f 2854 2853 2852
f 2856 2852 2853
f 2857 2852 2856
f 2855 2853 2854
f 2854 2851 2855
f 2845 2843 2844
f 2844 2840 2845
f 2840 2839 2838
f 2845 2840 2838
f 2850 2849 2848
f 2851 2849 2850
f 2855 2851 2850
f 2831 2829 2830
f 2835 2831 2830
f 2834 2831 2835
f 2830 2829 2828
f 2837 2832 2836
f 2835 2833 2834
f 2834 2833 2832
f 2836 2832 2833
f 2804 2801 2805
f 2805 2803 2804
f 2804 2803 2802
f 2805 2801 2800
f 2801 2799 2800
f 2800 2799 2798
f 2806 2802 2803
f 2807 2802 2806
f 2820 2819 2818
f 2821 2819 2820
f 2825 2821 2820
f 2824 2821 2825
f 2825 2823 2824
f 2826 2822 2823
f 2827 2822 2826
f 2824 2823 2822
f 2810 2809 2808
f 2811 2809 2810
f 2815 2811 2810
f 2814 2811 2815
f 2815 2813 2814
f 2816 2812 2813
f 2817 2812 2816
f 2814 2813 2812
f 2869 2870 2868
f 2896 2868 2870
f 2896 2894 2868
f 2897 2894 2896
f 2897 2895 2894
f 2895 2893 2894
f 2894 2893 2892
f 2894 2892 2868
f 2868 2892 2866
f 2866 2869 2868
f 2871 2870 2869
f 2892 2891 2890
f 2893 2891 2892
f 2892 2864 2866
f 2892 2890 2864
f 2865 2866 2864
f 2867 2866 2865
f 2869 2866 2867
f 2874 2873 2872
f 2898 2872 2873
f 2898 2899 2872
f 2900 2899 2898
f 2900 2901 2899
f 2897 2912 2895
f 2895 2912 2893
f 2893 2911 2891
f 2900 2913 2901
f 2891 2889 2890
f 2890 2888 2864
f 2890 2889 2888
f 2864 2888 2862
f 2863 2864 2862
f 2865 2864 2863
f 2873 2877 2876
f 2877 2873 2875
f 2902 2898 2873
f 2902 2873 2876
f 2875 2873 2874
f 2903 2900 2898
f 2903 2898 2902
f 2903 2913 2900
f 2891 2911 2889
f 2889 2886 2888
f 2889 2910 2886
f 2904 2903 2902
f 2905 2903 2904
f 2905 2914 2903
f 2886 2910 2887
f 2888 2886 2884
f 2888 2884 2862
f 2862 2884 2859
f 2859 2863 2862
f 2863 2859 2861
f 2876 2879 2878
f 2879 2876 2877
f 2878 2902 2876
f 2904 2902 2878
f 2887 2915 2909
f 2909 2915 2907
f 2907 2914 2905
f 2861 2859 2860
f 2881 2878 2879
f 2907 2905 2904
f 2886 2887 2885
f 2886 2885 2884
f 2860 2859 2858
f 2882 2860 2858
f 2860 2882 2883
f 2883 2880 2881
f 2878 2881 2880
f 2884 2885 2858
f 2884 2858 2859
f 2906 2878 2880
f 2906 2904 2878
f 2907 2904 2906
f 2887 2908 2885
f 2887 2909 2908
f 2908 2907 2906
f 2909 2907 2908
f 2880 2883 2882
f 2885 2882 2858
f 2885 2908 2882
f 2908 2906 2882
f 2882 2906 2880
f 3187 3159 3160
f 3154 3159 3187
f 3153 3187 3155
f 3154 3187 3153
f 3151 3122 3121
f 3113 3122 3151
f 3113 3151 3112
f 3112 3151 3115
f 3151 3150 3115
f 3152 3150 3151
f 3159 3151 3158
f 3151 3121 3158
f 3154 3151 3159
f 3154 3153 3151
f 3151 3153 3152
f 3158 3160 3159
f 3155 3152 3153
f 3161 3160 3158
f 3147 3152 3155
f 3113 3081 3122
f 3113 3112 3081
f 3112 3115 3105
f 3105 3115 3114
f 3115 3150 3114
f 3081 3112 3105
f 3152 3147 3150
f 3122 3119 3121
f 3122 3081 3119
f 3121 3119 3120
f 3158 3121 3156
f 3120 3156 3121
f 3156 3161 3158
f 3150 3147 3145
f 3114 3150 3145
f 2950 3009 3068
f 3012 3068 3009
f 3069 3009 2950
f 3070 3009 3069
f 3314 3009 3070
f 3316 3009 3315
f 3009 3025 3013
f 3013 3012 3009
f 3010 2998 3009
f 2998 3025 3009
f 3026 3025 2998
f 3026 2998 2999
f 3000 2999 2998
f 2998 3008 3000
f 3008 2998 3011
f 3011 2998 3010
f 3081 3105 2948
f 2948 2950 3081
f 3081 2950 3068
f 3081 3080 3118
f 3081 3118 3119
f 3081 3076 3080
f 3081 3068 3076
f 3114 3104 3105
f 2948 3105 3104
f 3289 3290 3287
f 3291 3290 3289
f 3291 3292 3290
f 3291 3293 3292
f 3291 3294 3293
f 3069 2950 3067
f 3288 3287 3286
f 3289 3287 3288
f 3067 2950 3066
f 3285 3283 3284
f 3066 2950 2951
f 2951 3311 3310
f 3280 3283 3282
f 3284 3283 3280
f 3291 3296 3295
f 2949 2948 2947
f 2949 2950 2948
f 2948 3107 3106
f 3104 3107 2948
f 3297 3299 3298
f 3297 3296 3291
f 3000 3008 3007
f 3076 3068 3077
f 3012 3077 3068
f 3311 2951 3309
f 3280 3281 3279
f 3309 2951 2956
f 3309 2956 3308
f 3305 3278 3304
f 3280 3279 3278
f 3313 2956 3312
f 3305 3302 3278
f 3306 3302 3305
f 3026 3013 3025
f 3001 2999 3000
f 3312 2956 3005
f 3005 3004 3003
f 3302 3306 3307
f 3002 3001 3000
f 3000 3004 3002
f 3000 3007 3004
f 3102 3104 3114
f 3104 3108 3107
f 3104 3109 3108
f 3102 3109 3104
f 2951 2950 2949
f 3157 3156 3120
f 3157 3161 3156
f 3303 3302 3301
f 3300 3302 3303
f 3297 3300 3299
f 3002 3004 3006
f 3006 3004 3005
f 3118 3120 3119
f 2953 2951 2952
f 2956 2951 2953
f 3080 3078 3116
f 3117 3080 3116
f 3118 3080 3117
f 3080 3076 3078
f 2926 2928 2927
f 2925 2924 2923
f 2926 2924 2925
f 3103 3102 3114
f 3145 3144 3114
f 3114 3144 3103
f 2926 2931 2928
f 2917 2921 2920
f 2922 2921 2917
f 3005 3362 3006
f 3005 3363 3362
f 3363 3005 3365
f 3365 3005 3364
f 3364 3005 3055
f 3005 2956 3055
f 3020 3013 3026
f 2992 3001 3002
f 3077 3012 3076
f 2956 2953 2955
f 2956 2955 2954
f 3074 2956 2954
f 3055 2956 3054
f 3074 3054 2956
f 3002 3006 3355
f 3351 2992 3002
f 3351 3002 3350
f 3013 3014 3012
f 3013 3015 3014
f 3013 3016 3015
f 3020 3016 3013
f 3117 3120 3118
f 2934 2933 2932
f 2930 2933 2934
f 2931 2930 2929
f 2931 2926 2930
f 2918 2917 2916
f 3102 3110 3109
f 2933 2937 2938
f 2937 2936 2935
f 2933 2936 2937
f 2943 2919 2942
f 2919 2917 2918
f 3111 3110 3102
f 3017 3018 3012
f 3017 3012 3014
f 3076 3012 3018
f 3157 3162 3161
f 3161 3162 3163
f 3163 3167 3161
f 3072 3064 3071
f 2943 2940 2919
f 2944 2940 2943
f 3111 3102 3064
f 3145 3147 3144
f 3144 3147 3146
f 3148 3146 3147
f 3071 3064 3073
f 3073 3064 3075
f 2945 2940 2944
f 2946 2940 2945
f 3355 3006 3354
f 3367 3006 3366
f 3102 3101 3064
f 3101 3102 3103
f 3075 3054 3074
f 2941 2940 2939
f 2936 2940 2941
f 3075 3064 3054
f 3018 3078 3076
f 3340 3341 3343
f 3338 3341 3340
f 3338 3342 3341
f 3338 3337 3336
f 3019 3018 3017
f 3340 3343 3323
f 3324 3323 3322
f 3079 3078 3018
f 3116 3078 3079
f 3325 3323 3324
f 3327 3325 3326
f 3020 3021 3016
f 3116 3125 3117
f 3120 3117 3125
f 3126 3125 3116
f 3079 3126 3116
f 3054 3064 3056
f 3056 3064 3060
f 3060 3064 3065
f 3065 3064 3063
f 3064 3098 3063
f 3064 3101 3098
f 3157 3120 3162
f 3403 3396 3402
f 3398 3396 3403
f 3398 3397 3396
f 3401 3397 3400
f 3395 3397 3398
f 3400 3397 3395
f 3339 3337 3338
f 3328 3325 3327
f 3120 3125 3123
f 3123 3129 3120
f 3162 3120 3129
f 3378 3375 3377
f 3369 3055 3368
f 3378 3376 3375
f 3056 3055 3054
f 3400 3395 3399
f 3352 2992 3351
f 3394 3392 3393
f 3395 3392 3394
f 3391 3388 3390
f 3392 3388 3391
f 3353 2992 3352
f 3375 3373 3374
f 3375 3376 3373
f 3057 3055 3056
f 3057 3358 3055
f 3361 3055 3360
f 3335 3334 3333
f 3023 3018 3019
f 3332 3330 3331
f 3332 3334 3335
f 3024 3022 3023
f 3023 3022 3018
f 3328 3327 3330
f 3022 3021 3020
f 3022 3024 3021
f 3390 3388 3389
f 3347 2992 3346
f 3328 3330 3329
f 3329 3330 3332
f 3185 3126 3079
f 3185 3079 3469
f 3469 3079 3468
f 3079 3018 3459
f 3079 3459 3467
f 3057 3359 3358
f 3374 3373 3372
f 3359 3057 3357
f 3380 3374 3379
f 2994 2993 2992
f 3347 2994 2992
f 3357 3057 3356
f 3381 3374 3380
f 3382 3381 3380
f 3020 3028 3022
f 3020 3033 3028
f 3020 3034 3033
f 3020 3032 3034
f 3020 3031 3032
f 3356 3057 3260
f 3382 3383 3381
f 3386 3383 3382
f 3371 3260 3370
f 3388 3384 3387
f 2994 3347 3345
f 3022 3028 3027
f 3022 3029 3018
f 3027 3029 3022
f 3260 3349 3348
f 3383 3386 3385
f 3260 2994 3349
f 3383 3385 3384
f 2994 3345 3344
f 3383 3384 3388
f 3458 3018 3029
f 3460 3018 3458
f 3018 3460 3459
f 3146 3103 3144
f 3126 3124 3125
f 3125 3124 3123
f 3056 3059 3057
f 3059 3056 3062
f 3062 3056 3060
f 3463 3124 3126
f 3463 3126 3462
f 3462 3126 3461
f 3461 3126 3185
f 3475 3185 3474
f 3057 3271 3260
f 3261 3260 3259
f 2994 3260 3261
f 3129 3163 3162
f 3172 3029 3027
f 3172 3027 3028
f 3096 3101 3103
f 3096 3098 3101
f 3057 3059 3058
f 3271 3057 3272
f 3096 3103 3146
f 3149 3146 3148
f 3149 3096 3146
f 3124 3127 3123
f 3127 3129 3123
f 3065 3047 3060
f 3061 3060 3047
f 3062 3060 3061
f 3479 3483 3485
f 3485 3483 3484
f 3501 3499 3477
f 3477 3499 3476
f 3478 3477 3476
f 3478 3479 3477
f 3480 3479 3478
f 3481 3479 3480
f 3482 3479 3481
f 3479 3482 3483
f 3165 3167 3163
f 3164 3165 3163
f 3164 3163 3129
f 2995 2993 2994
f 2993 2995 2997
f 3148 3143 3149
f 3486 3485 3484
f 3487 3485 3486
f 3458 3029 3457
f 3502 3500 3501
f 3501 3500 3499
f 3466 3124 3463
f 3321 3028 3320
f 3266 2994 3265
f 3267 2994 3266
f 2995 2994 3267
f 3456 3029 3084
f 3457 3029 3456
f 3029 3083 3084
f 3029 3175 3083
f 3174 3175 3029
f 3174 3029 3173
f 3173 3029 3172
f 3165 3188 3167
f 3127 3164 3129
f 3498 3497 3496
f 3492 3497 3498
f 3488 3487 3486
f 3489 3487 3488
f 3466 3465 3124
f 3244 3248 3249
f 3244 3243 3240
f 3244 3246 3243
f 3246 3244 3245
f 3240 3242 3241
f 3240 3243 3242
f 3240 3238 3239
f 3063 3098 3097
f 3096 3097 3098
f 3491 3489 3490
f 3491 3492 3489
f 3493 3492 3491
f 3494 3492 3493
f 3492 3494 3495
f 3124 3465 3464
f 3456 3084 3455
f 3473 3082 3472
f 3084 3082 3473
f 3082 3471 3470
f 3082 3124 3471
f 3235 3234 3231
f 3236 3234 3235
f 3252 3248 3251
f 3247 3248 3252
f 3249 3248 3247
f 3239 3238 3237
f 3178 3031 3177
f 3032 3031 3030
f 3031 3176 3030
f 3031 3179 3176
f 3178 3179 3031
f 2995 3267 3268
f 3100 3065 3063
f 3063 3097 3100
f 2959 2958 2957
f 2959 2960 2958
f 2959 2962 2960
f 2958 2963 2957
f 2960 2962 2961
f 2960 2961 2980
f 2980 2961 2979
f 3084 3083 3082
f 3052 3065 3100
f 3052 3047 3065
f 2964 2963 2958
f 2968 2964 2967
f 2981 2980 2979
f 3277 2995 3276
f 2995 3277 3275
f 2995 3275 2996
f 2997 2995 2996
f 2981 2978 2980
f 2967 2964 2966
f 3138 3096 3149
f 3149 3143 3138
f 2978 2981 2977
f 3128 3164 3127
f 3128 3127 3124
f 3166 3188 3165
f 3166 3165 3164
f 3318 3083 3319
f 2967 2966 2965
f 3252 3251 3250
f 3047 3262 3061
f 3231 3234 3233
f 3254 3253 3251
f 3231 3232 3230
f 3231 3230 3229
f 3256 3254 3229
f 3257 3254 3256
f 3258 3254 3257
f 3255 3254 3258
f 3254 3255 3253
f 3256 3229 3230
f 3100 3097 3099
f 3099 3097 3096
f 3262 3047 3264
f 2996 3275 3273
f 2978 2977 2974
f 2971 2970 2969
f 3274 3047 3273
f 2996 3273 3047
f 3270 3047 3269
f 3264 3047 3263
f 2974 2977 2976
f 2971 2972 2970
f 2971 2975 2972
f 2975 2971 2974
f 2975 2974 2973
f 3083 3318 3317
f 3180 3179 3178
f 3178 3317 3180
f 3083 3317 3178
f 2996 3406 2997
f 2997 3406 3405
f 2997 3405 3404
f 3170 2997 3404
f 3036 3038 3037
f 3037 2986 3036
f 3047 3169 2996
f 3048 3169 3047
f 3047 3052 3049
f 3049 3048 3047
f 2996 3408 3407
f 2996 3409 3408
f 3169 3409 2996
f 2984 2986 2985
f 2987 2986 2984
f 3036 2986 3035
f 2987 3035 2986
f 3039 3038 3036
f 3038 3087 3091
f 3039 3087 3038
f 2985 2983 2984
f 3049 3052 3051
f 3100 3051 3052
f 2988 2982 2983
f 2984 2983 2982
f 3036 3035 3039
f 3048 3411 3169
f 3169 3411 3410
f 3139 3096 3138
f 3138 3140 3139
f 3143 3140 3138
f 3091 3090 3133
f 3091 3087 3090
f 3053 3051 3100
f 3099 3053 3100
f 2984 3226 2987
f 2984 3227 3226
f 2984 3228 3227
f 3228 2984 2982
f 3049 3051 3045
f 3045 3051 3053
f 3044 3045 3035
f 3039 3035 3045
f 3040 3035 2987
f 3041 3035 3040
f 3042 3035 3041
f 3043 3035 3042
f 3035 3043 3044
f 3450 3451 3444
f 3452 3451 3450
f 3454 3451 3452
f 3427 3451 3454
f 3427 3428 3430
f 3428 3427 3426
f 3427 3454 3453
f 3443 3444 3442
f 3445 3444 3443
f 3446 3444 3445
f 3447 3444 3446
f 3448 3444 3447
f 3450 3444 3449
f 3433 3432 3431
f 3434 3432 3433
f 3430 3428 3429
f 3204 3203 3201
f 3204 3205 3203
f 3204 3206 3205
f 3207 3206 3204
f 3207 3208 3206
f 3207 3209 3208
f 3207 3210 3209
f 3207 3212 3210
f 3143 3142 3140
f 3201 3203 3202
f 3201 3200 3197
f 3214 3215 3212
f 3212 3215 3216
f 3210 3212 3211
f 3050 3048 3049
f 3045 3050 3049
f 3092 3096 3093
f 3099 3096 3092
f 3095 3096 3139
f 3096 3095 3093
f 3099 3092 3053
f 3137 3136 3186
f 3137 3133 3136
f 3048 3412 3411
f 3170 3404 3425
f 3424 3170 3423
f 3048 3414 3413
f 3048 3415 3414
f 2990 3415 3048
f 3048 3050 2990
f 3171 3170 3424
f 3422 3171 3421
f 3225 2987 3224
f 3218 2987 3217
f 3197 3200 3199
f 3197 3196 3194
f 3197 3198 3196
f 3215 3214 3213
f 3192 3190 3191
f 3182 3044 3181
f 3439 3441 3442
f 3442 3441 3440
f 3443 3442 3440
f 3435 3434 3433
f 3436 3434 3435
f 3086 3087 3039
f 3039 3045 3086
f 3195 3194 3193
f 3194 3195 3190
f 3190 3195 3189
f 3191 3190 3189
f 3419 2991 3418
f 2991 3171 3422
f 2982 3220 3219
f 2982 3221 3220
f 3436 3438 3439
f 3439 3438 3437
f 3436 3435 3438
f 3133 3089 3132
f 3133 3090 3089
f 3136 3133 3132
f 3186 3136 3135
f 3182 3046 3044
f 3046 3045 3044
f 3088 3139 3140
f 3095 3139 3088
f 2989 2990 2982
f 3221 2982 3223
f 3223 2982 2990
f 2989 2982 2988
f 3170 3171 2991
f 3170 2991 3168
f 2990 3050 3046
f 3046 3050 3045
f 3415 2990 3417
f 3417 2990 3416
f 3416 2991 3420
f 2991 3416 2990
f 3183 3046 3182
f 3420 2991 3419
f 3184 3046 3183
f 3223 2990 3222
f 3046 3184 2990
f 3090 3087 3089
f 3089 3087 3088
f 3088 3087 3085
f 3085 3087 3086
f 2988 3168 2989
f 3045 3053 3093
f 3093 3053 3092
f 3140 3142 3141
f 3141 3131 3140
f 3140 3131 3088
f 3086 3045 3085
f 2989 3168 2991
f 2991 2990 2989
f 3094 3045 3093
f 3093 3095 3094
f 3085 3045 3094
f 3088 3094 3095
f 3085 3094 3088
f 3088 3130 3089
f 3132 3089 3130
f 3131 3130 3088
f 3131 3134 3130
f 3130 3134 3132
f 3135 3132 3134
f 3136 3132 3135
f 3141 3142 3131
f 3131 3142 3134
f 3529 3528 3527
f 3529 3530 3528
f 3531 3530 3529
f 3531 3532 3530
f 3534 3532 3531
f 3534 3531 3533
f 3505 3504 3503
f 3505 3506 3504
f 3507 3506 3505
f 3507 3508 3506
f 3510 3508 3507
f 3510 3507 3509
f 3547 3546 3545
f 3547 3548 3546
f 3550 3548 3547
f 3550 3547 3549
f 3545 3544 3543
f 3545 3546 3544
f 3553 3552 3551
f 3553 3554 3552
f 3555 3554 3553
f 3555 3556 3554
f 3558 3556 3555
f 3558 3555 3557
f 3571 3570 3569
f 3571 3572 3570
f 3574 3572 3571
f 3574 3571 3573
f 3569 3568 3567
f 3569 3570 3568
f 3521 3522 3520
f 3523 3522 3521
f 3523 3524 3522
f 3521 3520 3519
f 3526 3524 3523
f 3539 3538 3537
f 3539 3540 3538
f 3542 3540 3539
f 3540 3542 3541
f 3537 3536 3535
f 3537 3538 3536
f 3526 3523 3525
f 3561 3562 3560
f 3563 3562 3561
f 3563 3564 3562
f 3561 3560 3559
f 3566 3564 3563
f 3518 3515 3517
f 3515 3514 3513
f 3515 3516 3514
f 3518 3516 3515
f 3513 3512 3511
f 3513 3514 3512
f 3566 3563 3565
f 3575 3576 3577
f 3577 3576 3578
f 3579 3580 3581
f 3581 3580 3582
f 3583 3584 3585
f 3585 3584 3586
f 3587 3588 3589
f 3589 3588 3590
f 3591 3592 3593
f 3593 3592 3594
f 3595 3596 3597
f 3597 3596 3598
f 3599 3600 3601
f 3601 3600 3602
f 3603 3604 3605
f 3605 3604 3606
f 3607 3608 3609
f 3609 3608 3610
f 3611 3612 3613
f 3613 3612 3614
f 3615 3616 3617
f 3617 3616 3618
f 3619 3620 3621
f 3621 3620 3622
f 3748 3747 3746
f 3747 3886 3754
f 3747 3756 3886
f 3769 3764 3747
f 3747 3768 3769
f 3749 3756 3747
f 3764 3763 3747
f 3747 3763 3746
f 3754 3768 3747
f 3747 3748 3749
f 3756 3755 3732
f 3732 3886 3756
f 3755 3756 3749
f 3769 3768 3767
f 3769 3770 3764
f 3891 3770 3769
f 3769 3767 3891
f 3754 3886 3752
f 3733 3752 3886
f 3733 3886 3732
f 3755 3734 3732
f 3734 3733 3732
f 3719 3726 3717
f 3745 3717 3726
f 3717 3745 3744
f 3716 3717 3744
f 3718 3717 3716
f 3718 3719 3717
f 3734 3755 3883
f 3733 3734 3735
f 3735 3734 3883
f 3720 3727 3726
f 3726 3719 3720
f 3727 3725 3726
f 3726 3725 3724
f 3724 3745 3726
f 3728 3737 3755
f 3737 3883 3755
f 3755 3725 3728
f 3749 3885 3755
f 3755 3885 3724
f 3724 3725 3755
f 3743 3716 3744
f 3716 3743 3742
f 3742 3743 3741
f 3741 3743 3761
f 3761 3743 3744
f 3761 3763 3765
f 3746 3763 3761
f 3744 3745 3761
f 3762 3760 3761
f 3761 3758 3741
f 3765 3762 3761
f 3748 3761 3885
f 3761 3748 3746
f 3761 3750 3885
f 3745 3750 3761
f 3761 3760 3759
f 3759 3758 3761
f 3724 3885 3750
f 3724 3750 3745
f 3765 3763 3764
f 3767 3768 3754
f 3889 3766 3765
f 3890 3766 3889
f 3762 3766 3890
f 3765 3766 3762
f 3751 3752 3733
f 3834 3833 3832
f 3833 3825 3832
f 3832 3825 3827
f 3754 3752 3753
f 3753 3752 3751
f 3765 3764 3889
f 3764 3770 3889
f 3892 3770 3891
f 3889 3770 3892
f 3741 3758 3757
f 3741 3757 3740
f 3742 3741 3740
f 3757 3758 3759
f 3749 3748 3885
f 3735 3883 3884
f 3884 3883 3738
f 3738 3883 3739
f 3737 3739 3883
f 3728 3725 3727
f 3740 3857 3742
f 3757 3846 3740
f 3740 3855 3857
f 3740 3846 3903
f 3844 3855 3740
f 3903 3844 3740
f 3814 3812 3813
f 3813 3812 3811
f 3810 3813 3811
f 3813 3810 3809
f 3896 3789 3895
f 3895 3789 3791
f 3757 3759 3847
f 3760 3847 3759
f 3720 3721 3727
f 3719 3722 3720
f 3722 3721 3720
f 3790 3789 3788
f 3788 3780 3790
f 3780 3894 3790
f 3790 3894 3783
f 3791 3789 3790
f 3716 3867 3718
f 3716 3856 3865
f 3856 3716 3742
f 3865 3866 3716
f 3867 3716 3866
f 3847 3846 3757
f 3847 3760 3888
f 3888 3760 3762
f 3767 3754 3753
f 3728 3727 3730
f 3727 3721 3730
f 3899 3835 3834
f 3834 3835 3833
f 3738 3739 3737
f 3730 3729 3728
f 3728 3729 3737
f 3722 3719 3718
f 3742 3857 3856
f 3784 3776 3778
f 3778 3776 3777
f 3888 3762 3887
f 3762 3890 3887
f 3867 3722 3718
f 3731 3729 3730
f 3737 3729 3731
f 3785 3784 3783
f 3783 3894 3785
f 3848 3846 3847
f 3777 3776 3775
f 3900 3836 3899
f 3835 3899 3836
f 3881 3715 3714
f 3715 3881 3882
f 3714 3713 3881
f 3737 3731 3736
f 3738 3737 3736
f 3826 3812 3814
f 3730 3721 3723
f 3723 3721 3722
f 3784 3785 3772
f 3776 3784 3893
f 3772 3893 3784
f 3788 3789 3896
f 3827 3825 3826
f 3877 3708 3878
f 3708 3879 3878
f 3772 3785 3771
f 3771 3785 3894
f 3865 3856 3857
f 3880 3715 3882
f 3880 3711 3710
f 3710 3711 3705
f 3711 3707 3705
f 3707 3711 3879
f 3833 3835 3829
f 3829 3825 3833
f 3826 3825 3824
f 3825 3829 3824
f 3722 3867 3904
f 3703 3706 3877
f 3706 3708 3877
f 3811 3812 3823
f 3823 3812 3826
f 3829 3835 3836
f 3855 3863 3857
f 3865 3857 3863
f 3904 3867 3866
f 3903 3846 3848
f 3903 3848 3849
f 3849 3843 3903
f 3903 3843 3845
f 3903 3845 3844
f 3864 3868 3866
f 3865 3864 3866
f 3904 3866 3868
f 3775 3776 3792
f 3792 3776 3893
f 3707 3708 3706
f 3879 3708 3707
f 3863 3864 3865
f 3809 3810 3808
f 3788 3896 3805
f 3809 3808 3807
f 3714 3715 3709
f 3709 3715 3880
f 3780 3782 3894
f 3781 3894 3782
f 3771 3894 3781
f 3824 3823 3826
f 3788 3787 3780
f 3788 3786 3787
f 3805 3786 3788
f 3844 3843 3842
f 3844 3845 3843
f 3842 3855 3844
f 3815 3810 3811
f 3811 3823 3815
f 3773 3893 3774
f 3792 3893 3773
f 3772 3774 3893
f 3773 3774 3772
f 3773 3772 3771
f 3837 3829 3836
f 3900 3837 3836
f 3710 3709 3880
f 3824 3821 3822
f 3824 3822 3823
f 3829 3821 3824
f 3703 3704 3706
f 3680 3704 3703
f 3680 3703 3682
f 3714 3712 3713
f 3713 3712 3697
f 3838 3900 3901
f 3838 3837 3900
f 3863 3855 3854
f 3855 3842 3854
f 3707 3706 3705
f 3780 3786 3779
f 3780 3787 3786
f 3781 3782 3780
f 3781 3780 3779
f 3706 3704 3705
f 3868 3864 3862
f 3864 3863 3862
f 3714 3709 3689
f 3689 3712 3714
f 3823 3822 3815
f 3829 3837 3838
f 3808 3810 3815
f 3705 3688 3710
f 3709 3710 3688
f 3815 3822 3821
f 3705 3704 3680
f 3712 3689 3696
f 3697 3712 3696
f 3709 3688 3689
f 3862 3871 3870
f 3863 3871 3862
f 3862 3869 3868
f 3862 3870 3869
f 3773 3793 3792
f 3850 3843 3849
f 3682 3681 3680
f 3683 3681 3682
f 3816 3817 3808
f 3897 3808 3817
f 3807 3808 3897
f 3816 3808 3815
f 3841 3830 3829
f 3829 3838 3841
f 3830 3828 3829
f 3829 3828 3821
f 3863 3854 3860
f 3860 3854 3859
f 3858 3854 3842
f 3858 3859 3854
f 3901 3840 3838
f 3841 3838 3840
f 3861 3871 3863
f 3860 3861 3863
f 3681 3705 3680
f 3815 3821 3898
f 3898 3816 3815
f 3687 3693 3705
f 3705 3694 3688
f 3693 3694 3705
f 3705 3681 3687
f 3805 3803 3786
f 3805 3804 3803
f 3807 3820 3819
f 3820 3807 3897
f 3806 3804 3805
f 3781 3796 3771
f 3771 3795 3773
f 3796 3795 3771
f 3850 3851 3843
f 3843 3851 3842
f 3698 3697 3696
f 3697 3698 3699
f 3902 3840 3901
f 3773 3794 3793
f 3773 3795 3794
f 3898 3821 3828
f 3842 3851 3853
f 3853 3858 3842
f 3779 3799 3781
f 3781 3798 3796
f 3781 3799 3798
f 3689 3698 3696
f 3802 3779 3786
f 3786 3803 3802
f 3690 3689 3688
f 3688 3694 3690
f 3876 3698 3689
f 3691 3876 3689
f 3689 3690 3691
f 3859 3623 3860
f 3623 3859 3858
f 3687 3681 3683
f 3841 3840 3902
f 3800 3799 3779
f 3779 3802 3800
f 3897 3817 3816
f 3897 3816 3640
f 3897 3642 3820
f 3640 3642 3897
f 3693 3686 3684
f 3694 3693 3692
f 3687 3686 3693
f 3693 3684 3692
f 3869 3870 3871
f 3699 3698 3875
f 3875 3698 3876
f 3796 3798 3799
f 3649 3861 3860
f 3623 3649 3860
f 3701 3690 3694
f 3691 3690 3701
f 3793 3794 3795
f 3898 3828 3830
f 3853 3852 3858
f 3858 3852 3623
f 3898 3831 3816
f 3816 3831 3640
f 3687 3683 3685
f 3869 3871 3685
f 3851 3629 3853
f 3629 3851 3850
f 3841 3902 3875
f 3841 3839 3830
f 3875 3839 3841
f 3685 3686 3687
f 3796 3799 3635
f 3796 3797 3795
f 3635 3797 3796
f 3819 3642 3818
f 3819 3820 3642
f 3818 3804 3806
f 3861 3872 3871
f 3861 3649 3648
f 3648 3872 3861
f 3663 3871 3872
f 3685 3871 3663
f 3801 3635 3799
f 3800 3801 3799
f 3686 3685 3684
f 3800 3802 3803
f 3691 3702 3876
f 3701 3702 3691
f 3695 3694 3692
f 3701 3694 3695
f 3898 3830 3679
f 3830 3839 3677
f 3830 3677 3679
f 3876 3702 3875
f 3692 3673 3695
f 3673 3692 3671
f 3666 3671 3692
f 3684 3666 3692
f 3640 3831 3660
f 3660 3831 3679
f 3679 3831 3898
f 3800 3803 3643
f 3637 3800 3643
f 3637 3801 3800
f 3793 3795 3629
f 3630 3795 3797
f 3629 3795 3630
f 3804 3643 3803
f 3629 3625 3853
f 3853 3625 3852
f 3642 3641 3818
f 3640 3641 3642
f 3677 3839 3875
f 3872 3648 3663
f 3641 3640 3639
f 3660 3659 3640
f 3640 3659 3639
f 3645 3818 3874
f 3818 3641 3874
f 3818 3645 3644
f 3644 3804 3818
f 3623 3852 3625
f 3635 3801 3637
f 3702 3701 3700
f 3875 3702 3700
f 3797 3635 3630
f 3636 3630 3635
f 3637 3636 3635
f 3654 3624 3652
f 3652 3624 3627
f 3627 3624 3626
f 3625 3626 3624
f 3654 3650 3624
f 3625 3624 3623
f 3651 3624 3650
f 3623 3624 3651
f 3643 3804 3644
f 3636 3873 3652
f 3652 3873 3631
f 3653 3652 3631
f 3652 3653 3654
f 3628 3652 3627
f 3652 3628 3636
f 3651 3650 3654
f 3684 3667 3666
f 3684 3665 3667
f 3685 3665 3684
f 3663 3665 3685
f 3700 3677 3875
f 3623 3647 3649
f 3649 3647 3648
f 3673 3701 3695
f 3647 3623 3651
f 3666 3665 3664
f 3666 3667 3665
f 3666 3669 3671
f 3664 3669 3666
f 3701 3676 3700
f 3676 3701 3678
f 3672 3678 3701
f 3701 3673 3672
f 3636 3638 3873
f 3637 3638 3636
f 3636 3628 3630
f 3700 3676 3677
f 3651 3654 3664
f 3654 3655 3664
f 3654 3653 3655
f 3627 3626 3625
f 3630 3628 3629
f 3664 3665 3646
f 3646 3647 3664
f 3648 3647 3646
f 3662 3648 3646
f 3646 3665 3662
f 3679 3677 3678
f 3678 3677 3676
f 3632 3655 3631
f 3664 3655 3668
f 3668 3655 3657
f 3656 3657 3655
f 3631 3655 3653
f 3656 3655 3632
f 3638 3643 3873
f 3643 3638 3637
f 3648 3662 3663
f 3669 3664 3668
f 3664 3647 3651
f 3660 3661 3659
f 3679 3661 3660
f 3632 3641 3639
f 3874 3641 3632
f 3663 3662 3665
f 3670 3669 3668
f 3671 3669 3670
f 3629 3628 3627
f 3627 3625 3629
f 3644 3634 3643
f 3634 3873 3643
f 3633 3632 3631
f 3631 3873 3633
f 3632 3645 3874
f 3634 3645 3632
f 3644 3645 3634
f 3679 3678 3674
f 3661 3679 3674
f 3672 3673 3671
f 3670 3657 3656
f 3657 3670 3668
f 3634 3633 3873
f 3632 3633 3634
f 3632 3658 3656
f 3658 3632 3639
f 3670 3661 3674
f 3661 3670 3659
f 3656 3658 3659
f 3656 3659 3670
f 3639 3659 3658
f 3674 3678 3675
f 3672 3675 3678
f 3672 3671 3670
f 3675 3670 3674
f 3670 3675 3672
f 3921 3920 3907
f 3921 3928 3920
f 3929 3928 3921
f 3922 3929 3921
f 3909 3921 3907
f 3922 3921 3909
f 3950 3957 3949
f 3957 3956 3949
f 3949 3956 3948
f 3949 3948 3935
f 3937 3949 3935
f 3950 3949 3937
f 3920 3927 3919
f 3923 3922 3911
f 3911 3922 3909
f 3920 3919 3906
f 3928 3927 3920
f 3930 3929 3922
f 3923 3930 3922
f 3907 3920 3906
f 3948 3955 3947
f 3948 3947 3934
f 3935 3948 3934
f 3951 3958 3950
f 3958 3957 3950
f 3956 3955 3948
f 3939 3950 3937
f 3951 3950 3939
f 3939 3937 3938
f 3938 3937 3936
f 3937 3935 3936
f 4127 4128 4114
f 4112 4127 4114
f 4134 4136 4127
f 4125 4134 4127
f 4125 4127 4112
f 4127 4136 4128
f 4170 4172 4157
f 4170 4179 4172
f 4179 4181 4172
f 4172 4181 4173
f 4172 4173 4159
f 4157 4172 4159
f 3927 3926 3919
f 3925 3932 3924
f 3925 3924 3915
f 3931 3930 3923
f 3924 3931 3923
f 3924 3923 3913
f 3917 3925 3915
f 3913 3923 3911
f 3941 3939 3940
f 3940 3939 3938
f 3941 3951 3939
f 3936 3935 3933
f 3935 3934 3933
f 3959 3958 3951
f 3952 3951 3941
f 3952 3959 3951
f 3945 3953 3943
f 3953 3960 3952
f 3953 3952 3943
f 3955 3954 3947
f 3915 3924 3913
f 3932 3931 3924
f 3943 3952 3941
f 3960 3959 3952
f 3942 3941 3940
f 4082 4091 4083
f 4080 4082 4067
f 4037 4038 4024
f 4022 4037 4024
f 3910 3909 3908
f 3909 3907 3908
f 4091 4092 4083
f 3918 3917 3916
f 4022 4024 4023
f 4021 4022 4023
f 3946 3945 3944
f 3945 3943 3944
f 3943 3941 3942
f 4067 4082 4069
f 4082 4083 4069
f 4080 4089 4082
f 4089 4091 4082
f 4044 4046 4037
f 4037 4046 4038
f 4035 4044 4037
f 4035 4037 4022
f 3911 3909 3910
f 4157 4159 4158
f 4153 4170 4157
f 4153 4157 4156
f 4156 4157 4158
f 4134 4143 4136
f 4143 4145 4136
f 4136 4137 4128
f 4136 4145 4137
f 4108 4125 4112
f 4108 4112 4111
f 4111 4112 4113
f 4112 4114 4113
f 3907 3906 3905
f 3912 3911 3910
f 3944 3943 3942
f 3913 3911 3912
f 3908 3907 3905
f 4179 4188 4181
f 4188 4190 4181
f 4181 4182 4173
f 4181 4190 4182
f 4091 4100 4092
f 4098 4100 4091
f 4089 4098 4091
f 4159 4173 4161
f 4173 4182 4174
f 4173 4174 4161
f 4083 4084 4071
f 4069 4083 4071
f 4038 4039 4026
f 4024 4038 4026
f 4083 4092 4084
f 4038 4047 4039
f 4046 4047 4038
f 4128 4129 4116
f 4114 4128 4116
f 4128 4137 4129
f 3915 3913 3914
f 3914 3913 3912
f 3917 3915 3916
f 4046 4055 4047
f 4044 4053 4046
f 4053 4055 4046
f 4063 4067 4066
f 4067 4069 4068
f 4063 4080 4067
f 4066 4067 4068
f 4018 4035 4022
f 4018 4022 4021
f 3916 3915 3914
f 4126 4125 4108
f 4135 4134 4125
f 4126 4135 4125
f 4145 4146 4137
f 4107 4108 4111
f 4158 4159 4160
f 4159 4161 4160
f 4152 4153 4156
f 4190 4191 4182
f 4092 4093 4084
f 4092 4101 4093
f 4100 4101 4092
f 4047 4048 4039
f 4047 4056 4048
f 4055 4056 4047
f 4137 4138 4129
f 4137 4146 4138
f 4180 4179 4170
f 4171 4180 4170
f 4171 4170 4153
f 4114 4116 4115
f 4113 4114 4115
f 4023 4024 4025
f 4024 4026 4025
f 4069 4071 4070
f 4068 4069 4070
f 4182 4183 4174
f 4182 4191 4183
f 4062 4063 4066
f 4144 4143 4134
f 4135 4144 4134
f 4017 4018 4021
f 4154 4171 4153
f 4154 4153 4152
f 4109 4126 4108
f 4109 4108 4107
f 4191 4192 4183
f 4101 4102 4093
f 4146 4147 4138
f 4090 4089 4080
f 4081 4090 4080
f 4081 4080 4063
f 4056 4057 4048
f 4189 4188 4179
f 4180 4189 4179
f 4036 4045 4035
f 4045 4044 4035
f 4036 4035 4018
f 4110 4109 4107
f 4099 4098 4089
f 4090 4099 4089
f 4155 4154 4152
f 4064 4081 4063
f 4064 4063 4062
f 4054 4053 4044
f 4045 4054 4044
f 4019 4036 4018
f 4019 4018 4017
f 4065 4064 4062
f 4020 4019 4017
f 4039 4048 4040
f 4039 4040 4028
f 4026 4039 4028
f 4084 4093 4085
f 4084 4085 4073
f 4071 4084 4073
f 4093 4094 4085
f 4093 4102 4094
f 4048 4049 4040
f 4048 4057 4049
f 4026 4028 4027
f 4025 4026 4027
f 4102 4103 4094
f 4071 4073 4072
f 4070 4071 4072
f 4057 4058 4049
f 4160 4161 4162
f 4161 4163 4162
f 4161 4174 4163
f 4174 4183 4175
f 4174 4175 4163
f 4183 4192 4184
f 4192 4193 4184
f 4138 4147 4139
f 4138 4139 4130
f 4129 4138 4130
f 4183 4184 4175
f 4147 4148 4139
f 4115 4116 4117
f 4116 4118 4117
f 4129 4130 4118
f 4116 4129 4118
f 4141 4150 4142
f 4150 4151 4142
f 4121 4122 4123
f 4122 4124 4123
f 4167 4169 4168
f 4177 4178 4169
f 4167 4177 4169
f 4132 4133 4124
f 4122 4132 4124
f 4166 4167 4168
f 4195 4196 4187
f 4141 4142 4133
f 4132 4141 4133
f 4186 4195 4187
f 4177 4186 4178
f 4186 4187 4178
f 4077 4079 4078
f 4076 4077 4078
f 4105 4106 4097
f 4096 4105 4097
f 4096 4097 4088
f 4031 4032 4033
f 4032 4034 4033
f 4060 4061 4052
f 4087 4088 4079
f 4051 4060 4052
f 4051 4052 4043
f 4087 4096 4088
f 4032 4042 4034
f 4042 4043 4034
f 4042 4051 4043
f 4077 4087 4079
f 4027 4028 4029
f 4058 4059 4050
f 4103 4104 4095
f 4094 4103 4095
f 4072 4073 4074
f 4049 4058 4050
f 4085 4094 4086
f 4094 4095 4086
f 4049 4050 4041
f 4040 4049 4041
f 4162 4163 4164
f 4184 4193 4185
f 4193 4194 4185
f 4028 4030 4029
f 4028 4040 4030
f 4073 4075 4074
f 4073 4085 4075
f 4148 4149 4140
f 4117 4118 4119
f 4139 4148 4140
f 4163 4165 4164
f 4163 4175 4165
f 4040 4041 4030
f 4119 4120 4121
f 4120 4122 4121
f 4149 4150 4141
f 4165 4167 4166
f 4194 4195 4186
f 4075 4077 4076
f 4074 4075 4076
f 4104 4105 4096
f 4059 4060 4051
f 4030 4032 4031
f 4085 4086 4075
f 4164 4165 4166
f 4029 4030 4031
f 4130 4139 4131
f 4139 4140 4131
f 4175 4184 4176
f 4184 4185 4176
f 4118 4120 4119
f 4118 4130 4120
f 4095 4104 4096
f 4176 4177 4167
f 4165 4176 4167
f 4050 4059 4051
f 4140 4149 4141
f 4140 4141 4132
f 4095 4096 4087
f 4175 4176 4165
f 4120 4131 4122
f 3985 3984 3977
f 4131 4132 4122
f 3977 3984 3976
f 3984 3983 3976
f 4185 4194 4186
f 4075 4086 4077
f 4050 4051 4042
f 4086 4087 4077
f 3966 3965 3964
f 3967 3965 3966
f 3968 3967 3966
f 3996 3995 3994
f 3995 3993 3994
f 3994 3993 3992
f 4185 4186 4177
f 4030 4041 4032
f 4041 4042 4032
f 4130 4131 4120
f 3976 3983 3975
f 3983 3982 3975
f 3978 3985 3977
f 3986 3985 3978
f 3970 3969 3968
f 3969 3967 3968
f 3998 3997 3996
f 3997 3995 3996
f 3992 3991 3989
f 3993 3991 3992
f 3964 3963 3961
f 3965 3963 3964
f 4012 4011 4004
f 4005 4012 4004
f 4013 4012 4005
f 4041 4050 4042
f 4131 4140 4132
f 4176 4185 4177
f 4014 4013 4006
f 4006 4013 4005
f 4004 4011 4003
f 4011 4010 4003
f 3979 3986 3978
f 3981 3988 3980
f 3988 3987 3980
f 3987 3986 3979
f 3965 3977 3963
f 3978 3977 3965
f 3967 3978 3965
f 3999 3997 3998
f 4000 3999 3998
f 4086 4095 4087
f 3971 3969 3970
f 3972 3971 3970
f 4002 4001 4000
f 3991 3990 3989
f 3974 3973 3972
f 3963 3962 3961
f 3980 3987 3979
f 3979 3978 3967
f 3977 3976 3963
f 3963 3976 3962
f 3969 3979 3967
f 4001 3999 4000
f 3973 3971 3972
f 3995 4006 3993
f 4006 4005 3993
f 3993 4005 3991
f 4015 4014 4007
f 4007 4014 4006
f 4009 4016 4008
f 4016 4015 4008
f 3997 4007 3995
f 4007 4006 3995
f 3991 4004 3990
f 4005 4004 3991
f 4008 4015 4007
f 3980 3979 3969
f 3971 3980 3969
f 3976 3975 3962
f 3973 3981 3971
f 3981 3980 3971
f 4001 4009 3999
f 4008 4007 3997
f 3999 4008 3997
f 4004 4003 3990
f 4009 4008 3999
f 4258 4257 4253
f 4259 4258 4253
f 4257 4256 4253
f 4260 4259 4253
f 4211 4210 4205
f 4210 4209 4205
f 4212 4211 4205
f 4256 4255 4253
f 4209 4208 4205
f 4203 4202 4197
f 4202 4201 4197
f 4235 4234 4229
f 4234 4233 4229
f 4204 4203 4197
f 4201 4200 4197
f 4208 4207 4205
f 4255 4254 4253
f 4233 4232 4229
f 4236 4235 4229
f 4207 4206 4205
f 4200 4199 4197
f 4226 4225 4221
f 4227 4226 4221
f 4225 4224 4221
f 4228 4227 4221
f 4199 4198 4197
f 4232 4231 4229
f 4224 4223 4221
f 4231 4230 4229
f 4251 4250 4245
f 4250 4249 4245
f 4252 4251 4245
f 4249 4248 4245
f 4242 4241 4237
f 4243 4242 4237
f 4223 4222 4221
f 4241 4240 4237
f 4244 4243 4237
f 4219 4218 4213
f 4218 4217 4213
f 4220 4219 4213
f 4217 4216 4213
f 4248 4247 4245
f 4240 4239 4237
f 4216 4215 4213
f 4247 4246 4245
f 4239 4238 4237
f 4215 4214 4213
f 4395 4393 4394
f 4393 4391 4392
f 4394 4393 4392
f 4397 4395 4396
f 4396 4395 4394
f 4391 4389 4390
f 4392 4391 4390
f 4285 4283 4284
f 4286 4285 4284
f 4287 4285 4286
f 4283 4281 4282
f 4284 4283 4282
f 4398 4397 4396
f 4399 4397 4398
f 4390 4389 4387
f 4389 4388 4387
f 4288 4287 4286
f 4289 4287 4288
f 4267 4265 4266
f 4268 4267 4266
f 4269 4267 4268
f 4341 4339 4340
f 4340 4339 4338
f 4339 4337 4338
f 4281 4280 4279
f 4282 4281 4279
f 4342 4341 4340
f 4265 4263 4264
f 4266 4265 4264
f 4271 4269 4270
f 4270 4269 4268
f 4290 4289 4288
f 4291 4289 4290
f 4400 4399 4398
f 4401 4399 4400
f 4404 4403 4402
f 4403 4401 4402
f 4344 4343 4342
f 4343 4341 4342
f 4338 4337 4336
f 4402 4401 4400
f 4337 4335 4336
f 4295 4293 4294
f 4296 4295 4294
f 4292 4291 4290
f 4293 4291 4292
f 4264 4263 4261
f 4263 4262 4261
f 4272 4271 4270
f 4273 4271 4272
f 4324 4323 4322
f 4323 4321 4322
f 4322 4321 4320
f 4294 4293 4292
f 4321 4319 4320
f 4326 4325 4324
f 4325 4323 4324
f 4345 4343 4344
f 4346 4345 4344
f 4336 4335 4333
f 4320 4319 4318
f 4319 4317 4318
f 4278 4277 4276
f 4277 4275 4276
f 4275 4273 4274
f 4274 4273 4272
f 4335 4334 4333
f 4276 4275 4274
f 4347 4345 4346
f 4348 4347 4346
f 4350 4349 4348
f 4327 4325 4326
f 4328 4327 4326
f 4318 4317 4315
f 4349 4347 4348
f 4378 4377 4376
f 4377 4375 4376
f 4376 4375 4374
f 4375 4373 4374
f 4374 4373 4372
f 4379 4377 4378
f 4380 4379 4378
f 4358 4357 4356
f 4360 4359 4358
f 4359 4357 4358
f 4317 4316 4315
f 4362 4361 4360
f 4361 4359 4360
f 4357 4355 4356
f 4356 4355 4354
f 4306 4305 4304
f 4305 4303 4304
f 4304 4303 4302
f 4373 4371 4372
f 4372 4371 4369
f 4381 4379 4380
f 4382 4381 4380
f 4308 4307 4306
f 4307 4305 4306
f 4303 4301 4302
f 4302 4301 4300
f 4329 4327 4328
f 4330 4329 4328
f 4332 4331 4330
f 4364 4363 4362
f 4363 4361 4362
f 4355 4353 4354
f 4354 4353 4351
f 4386 4385 4384
f 4371 4370 4369
f 4384 4383 4382
f 4383 4381 4382
f 4309 4307 4308
f 4310 4309 4308
f 4385 4383 4384
f 4301 4299 4300
f 4300 4299 4297
f 4331 4329 4330
f 4365 4363 4364
f 4366 4365 4364
f 4353 4352 4351
f 4368 4367 4366
f 4312 4311 4310
f 4311 4309 4310
f 4299 4298 4297
f 4314 4313 4312
f 4367 4365 4366
f 4313 4311 4312
f 4415 4414 4413
f 4413 4414 4420
f 4414 4419 4420
f 4416 4415 4413
f 4451 4452 4473
f 4452 4451 4449
f 4451 4450 4449
f 4420 4419 4417
f 4419 4418 4417
f 4436 4439 4440
f 4437 4436 4435
f 4435 4436 4440
f 4406 4415 4416
f 4477 4476 4475
f 4475 4476 4494
f 4476 4493 4494
f 4452 4474 4473
f 4405 4406 4416
f 4449 4450 4460
f 4450 4459 4460
f 4478 4477 4475
f 4439 4431 4432
f 4440 4439 4432
f 4438 4437 4435
f 4428 4437 4438
f 4472 4471 4468
f 4474 4471 4472
f 4473 4474 4472
f 4494 4493 4491
f 4493 4492 4491
f 4477 4478 4497
f 4427 4428 4438
f 4471 4467 4468
f 4433 4432 4431
f 4434 4433 4431
f 4412 4411 4409
f 4411 4410 4409
f 4478 4498 4497
f 4496 4495 4490
f 4498 4495 4496
f 4497 4498 4496
f 4468 4467 4465
f 4495 4489 4490
f 4467 4466 4465
f 4490 4489 4482
f 4465 4466 4456
f 4466 4455 4456
f 4489 4481 4482
f 4441 4433 4434
f 4456 4455 4453
f 4455 4454 4453
f 4442 4441 4434
f 4421 4411 4412
f 4463 4462 4461
f 4464 4463 4461
f 4482 4481 4479
f 4422 4421 4412
f 4481 4480 4479
f 4445 4444 4443
f 4488 4487 4480
f 4487 4479 4480
f 4470 4469 4464
f 4469 4463 4464
f 4483 4484 4488
f 4484 4487 4488
f 4448 4445 4446
f 4447 4448 4446
f 4430 4448 4447
f 4446 4445 4443
f 4430 4429 4427
f 4429 4428 4427
f 4486 4485 4483
f 4429 4430 4447
f 4423 4421 4422
f 4408 4426 4425
f 4425 4426 4424
f 4426 4423 4424
f 4485 4484 4483
f 4460 4459 4457
f 4424 4423 4422
f 4407 4408 4425
f 4459 4458 4457
f 4407 4406 4405
f 4408 4407 4405
f 4458 4469 4470
f 4457 4458 4470
f 4624 4623 4622
f 4623 4762 4630
f 4623 4632 4762
f 4645 4640 4623
f 4623 4644 4645
f 4625 4632 4623
f 4640 4639 4623
f 4623 4639 4622
f 4630 4644 4623
f 4623 4624 4625
f 4632 4631 4608
f 4608 4762 4632
f 4631 4632 4625
f 4645 4644 4643
f 4645 4646 4640
f 4767 4646 4645
f 4645 4643 4767
f 4630 4762 4628
f 4609 4628 4762
f 4609 4762 4608
f 4631 4610 4608
f 4610 4609 4608
f 4595 4602 4593
f 4621 4593 4602
f 4593 4621 4620
f 4592 4593 4620
f 4594 4593 4592
f 4594 4595 4593
f 4610 4631 4759
f 4609 4610 4611
f 4611 4610 4759
f 4596 4603 4602
f 4602 4595 4596
f 4603 4601 4602
f 4602 4601 4600
f 4600 4621 4602
f 4604 4613 4631
f 4613 4759 4631
f 4631 4601 4604
f 4625 4761 4631
f 4631 4761 4600
f 4600 4601 4631
f 4619 4592 4620
f 4592 4619 4618
f 4618 4619 4617
f 4617 4619 4637
f 4637 4619 4620
f 4637 4639 4641
f 4622 4639 4637
f 4620 4621 4637
f 4638 4636 4637
f 4637 4634 4617
f 4641 4638 4637
f 4624 4637 4761
f 4637 4624 4622
f 4637 4626 4761
f 4621 4626 4637
f 4637 4636 4635
f 4635 4634 4637
f 4600 4761 4626
f 4600 4626 4621
f 4641 4639 4640
f 4643 4644 4630
f 4765 4642 4641
f 4766 4642 4765
f 4638 4642 4766
f 4641 4642 4638
f 4627 4628 4609
f 4710 4709 4708
f 4709 4701 4708
f 4708 4701 4703
f 4630 4628 4629
f 4629 4628 4627
f 4641 4640 4765
f 4640 4646 4765
f 4768 4646 4767
f 4765 4646 4768
f 4617 4634 4633
f 4617 4633 4616
f 4618 4617 4616
f 4633 4634 4635
f 4625 4624 4761
f 4611 4759 4760
f 4760 4759 4614
f 4614 4759 4615
f 4613 4615 4759
f 4604 4601 4603
f 4616 4733 4618
f 4633 4722 4616
f 4616 4731 4733
f 4616 4722 4779
f 4720 4731 4616
f 4779 4720 4616
f 4690 4688 4689
f 4689 4688 4687
f 4686 4689 4687
f 4689 4686 4685
f 4772 4665 4771
f 4771 4665 4667
f 4633 4635 4723
f 4636 4723 4635
f 4596 4597 4603
f 4595 4598 4596
f 4598 4597 4596
f 4666 4665 4664
f 4664 4656 4666
f 4656 4770 4666
f 4666 4770 4659
f 4667 4665 4666
f 4592 4743 4594
f 4592 4732 4741
f 4732 4592 4618
f 4741 4742 4592
f 4743 4592 4742
f 4723 4722 4633
f 4723 4636 4764
f 4764 4636 4638
f 4643 4630 4629
f 4604 4603 4606
f 4603 4597 4606
f 4775 4711 4710
f 4710 4711 4709
f 4614 4615 4613
f 4606 4605 4604
f 4604 4605 4613
f 4598 4595 4594
f 4618 4733 4732
f 4660 4652 4654
f 4654 4652 4653
f 4764 4638 4763
f 4638 4766 4763
f 4743 4598 4594
f 4607 4605 4606
f 4613 4605 4607
f 4661 4660 4659
f 4659 4770 4661
f 4724 4722 4723
f 4653 4652 4651
f 4776 4712 4775
f 4711 4775 4712
f 4757 4591 4590
f 4591 4757 4758
f 4590 4589 4757
f 4613 4607 4612
f 4614 4613 4612
f 4702 4688 4690
f 4606 4597 4599
f 4599 4597 4598
f 4660 4661 4648
f 4652 4660 4769
f 4648 4769 4660
f 4664 4665 4772
f 4703 4701 4702
f 4753 4584 4754
f 4584 4755 4754
f 4648 4661 4647
f 4647 4661 4770
f 4741 4732 4733
f 4756 4591 4758
f 4756 4587 4586
f 4586 4587 4581
f 4587 4583 4581
f 4583 4587 4755
f 4709 4711 4705
f 4705 4701 4709
f 4702 4701 4700
f 4701 4705 4700
f 4598 4743 4780
f 4579 4582 4753
f 4582 4584 4753
f 4687 4688 4699
f 4699 4688 4702
f 4705 4711 4712
f 4731 4739 4733
f 4741 4733 4739
f 4780 4743 4742
f 4779 4722 4724
f 4779 4724 4725
f 4725 4719 4779
f 4779 4719 4721
f 4779 4721 4720
f 4740 4744 4742
f 4741 4740 4742
f 4780 4742 4744
f 4651 4652 4668
f 4668 4652 4769
f 4583 4584 4582
f 4755 4584 4583
f 4739 4740 4741
f 4685 4686 4684
f 4664 4772 4681
f 4685 4684 4683
f 4590 4591 4585
f 4585 4591 4756
f 4656 4658 4770
f 4657 4770 4658
f 4647 4770 4657
f 4700 4699 4702
f 4664 4663 4656
f 4664 4662 4663
f 4681 4662 4664
f 4720 4719 4718
f 4720 4721 4719
f 4718 4731 4720
f 4691 4686 4687
f 4687 4699 4691
f 4649 4769 4650
f 4668 4769 4649
f 4648 4650 4769
f 4649 4650 4648
f 4649 4648 4647
f 4713 4705 4712
f 4776 4713 4712
f 4586 4585 4756
f 4700 4697 4698
f 4700 4698 4699
f 4705 4697 4700
f 4579 4580 4582
f 4556 4580 4579
f 4556 4579 4558
f 4590 4588 4589
f 4589 4588 4573
f 4714 4776 4777
f 4714 4713 4776
f 4739 4731 4730
f 4731 4718 4730
f 4583 4582 4581
f 4656 4662 4655
f 4656 4663 4662
f 4657 4658 4656
f 4657 4656 4655
f 4582 4580 4581
f 4744 4740 4738
f 4740 4739 4738
f 4590 4585 4565
f 4565 4588 4590
f 4699 4698 4691
f 4705 4713 4714
f 4684 4686 4691
f 4581 4564 4586
f 4585 4586 4564
f 4691 4698 4697
f 4581 4580 4556
f 4588 4565 4572
f 4573 4588 4572
f 4585 4564 4565
f 4738 4747 4746
f 4739 4747 4738
f 4738 4745 4744
f 4738 4746 4745
f 4649 4669 4668
f 4726 4719 4725
f 4558 4557 4556
f 4559 4557 4558
f 4692 4693 4684
f 4773 4684 4693
f 4683 4684 4773
f 4692 4684 4691
f 4717 4706 4705
f 4705 4714 4717
f 4706 4704 4705
f 4705 4704 4697
f 4739 4730 4736
f 4736 4730 4735
f 4734 4730 4718
f 4734 4735 4730
f 4777 4716 4714
f 4717 4714 4716
f 4737 4747 4739
f 4736 4737 4739
f 4557 4581 4556
f 4691 4697 4774
f 4774 4692 4691
f 4563 4569 4581
f 4581 4570 4564
f 4569 4570 4581
f 4581 4557 4563
f 4681 4679 4662
f 4681 4680 4679
f 4683 4696 4695
f 4696 4683 4773
f 4682 4680 4681
f 4657 4672 4647
f 4647 4671 4649
f 4672 4671 4647
f 4726 4727 4719
f 4719 4727 4718
f 4574 4573 4572
f 4573 4574 4575
f 4778 4716 4777
f 4649 4670 4669
f 4649 4671 4670
f 4774 4697 4704
f 4718 4727 4729
f 4729 4734 4718
f 4655 4675 4657
f 4657 4674 4672
f 4657 4675 4674
f 4565 4574 4572
f 4678 4655 4662
f 4662 4679 4678
f 4566 4565 4564
f 4564 4570 4566
f 4752 4574 4565
f 4567 4752 4565
f 4565 4566 4567
f 4735 4499 4736
f 4499 4735 4734
f 4563 4557 4559
f 4717 4716 4778
f 4676 4675 4655
f 4655 4678 4676
f 4773 4693 4692
f 4773 4692 4516
f 4773 4518 4696
f 4516 4518 4773
f 4569 4562 4560
f 4570 4569 4568
f 4563 4562 4569
f 4569 4560 4568
f 4745 4746 4747
f 4575 4574 4751
f 4751 4574 4752
f 4672 4674 4675
f 4525 4737 4736
f 4499 4525 4736
f 4577 4566 4570
f 4567 4566 4577
f 4669 4670 4671
f 4774 4704 4706
f 4729 4728 4734
f 4734 4728 4499
f 4774 4707 4692
f 4692 4707 4516
f 4563 4559 4561
f 4745 4747 4561
f 4727 4505 4729
f 4505 4727 4726
f 4717 4778 4751
f 4717 4715 4706
f 4751 4715 4717
f 4561 4562 4563
f 4672 4675 4511
f 4672 4673 4671
f 4511 4673 4672
f 4695 4518 4694
f 4695 4696 4518
f 4694 4680 4682
f 4737 4748 4747
f 4737 4525 4524
f 4524 4748 4737
f 4539 4747 4748
f 4561 4747 4539
f 4677 4511 4675
f 4676 4677 4675
f 4562 4561 4560
f 4676 4678 4679
f 4567 4578 4752
f 4577 4578 4567
f 4571 4570 4568
f 4577 4570 4571
f 4774 4706 4555
f 4706 4715 4553
f 4706 4553 4555
f 4752 4578 4751
f 4568 4549 4571
f 4549 4568 4547
f 4542 4547 4568
f 4560 4542 4568
f 4516 4707 4536
f 4536 4707 4555
f 4555 4707 4774
f 4676 4679 4519
f 4513 4676 4519
f 4513 4677 4676
f 4669 4671 4505
f 4506 4671 4673
f 4505 4671 4506
f 4680 4519 4679
f 4505 4501 4729
f 4729 4501 4728
f 4518 4517 4694
f 4516 4517 4518
f 4553 4715 4751
f 4748 4524 4539
f 4517 4516 4515
f 4536 4535 4516
f 4516 4535 4515
f 4521 4694 4750
f 4694 4517 4750
f 4694 4521 4520
f 4520 4680 4694
f 4499 4728 4501
f 4511 4677 4513
f 4578 4577 4576
f 4751 4578 4576
f 4673 4511 4506
f 4512 4506 4511
f 4513 4512 4511
f 4530 4500 4528
f 4528 4500 4503
f 4503 4500 4502
f 4501 4502 4500
f 4530 4526 4500
f 4501 4500 4499
f 4527 4500 4526
f 4499 4500 4527
f 4519 4680 4520
f 4512 4749 4528
f 4528 4749 4507
f 4529 4528 4507
f 4528 4529 4530
f 4504 4528 4503
f 4528 4504 4512
f 4527 4526 4530
f 4560 4543 4542
f 4560 4541 4543
f 4561 4541 4560
f 4539 4541 4561
f 4576 4553 4751
f 4499 4523 4525
f 4525 4523 4524
f 4549 4577 4571
f 4523 4499 4527
f 4542 4541 4540
f 4542 4543 4541
f 4542 4545 4547
f 4540 4545 4542
f 4577 4552 4576
f 4552 4577 4554
f 4548 4554 4577
f 4577 4549 4548
f 4512 4514 4749
f 4513 4514 4512
f 4512 4504 4506
f 4576 4552 4553
f 4527 4530 4540
f 4530 4531 4540
f 4530 4529 4531
f 4503 4502 4501
f 4506 4504 4505
f 4540 4541 4522
f 4522 4523 4540
f 4524 4523 4522
f 4538 4524 4522
f 4522 4541 4538
f 4555 4553 4554
f 4554 4553 4552
f 4508 4531 4507
f 4540 4531 4544
f 4544 4531 4533
f 4532 4533 4531
f 4507 4531 4529
f 4532 4531 4508
f 4514 4519 4749
f 4519 4514 4513
f 4524 4538 4539
f 4545 4540 4544
f 4540 4523 4527
f 4536 4537 4535
f 4555 4537 4536
f 4508 4517 4515
f 4750 4517 4508
f 4539 4538 4541
f 4546 4545 4544
f 4547 4545 4546
f 4505 4504 4503
f 4503 4501 4505
f 4520 4510 4519
f 4510 4749 4519
f 4509 4508 4507
f 4507 4749 4509
f 4508 4521 4750
f 4510 4521 4508
f 4520 4521 4510
f 4555 4554 4550
f 4537 4555 4550
f 4548 4549 4547
f 4546 4533 4532
f 4533 4546 4544
f 4510 4509 4749
f 4508 4509 4510
f 4508 4534 4532
f 4534 4508 4515
f 4546 4537 4550
f 4537 4546 4535
f 4532 4534 4535
f 4532 4535 4546
f 4515 4535 4534
f 4550 4554 4551
f 4548 4551 4554
f 4548 4547 4546
f 4551 4546 4550
f 4546 4551 4548
f 4797 4796 4783
f 4797 4804 4796
f 4805 4804 4797
f 4798 4805 4797
f 4785 4797 4783
f 4798 4797 4785
f 4826 4833 4825
f 4833 4832 4825
f 4825 4832 4824
f 4825 4824 4811
f 4813 4825 4811
f 4826 4825 4813
f 4796 4803 4795
f 4799 4798 4787
f 4787 4798 4785
f 4796 4795 4782
f 4804 4803 4796
f 4806 4805 4798
f 4799 4806 4798
f 4783 4796 4782
f 4824 4831 4823
f 4824 4823 4810
f 4811 4824 4810
f 4827 4834 4826
f 4834 4833 4826
f 4832 4831 4824
f 4815 4826 4813
f 4827 4826 4815
f 4815 4813 4814
f 4814 4813 4812
f 4813 4811 4812
f 5003 5004 4990
f 4988 5003 4990
f 5010 5012 5003
f 5001 5010 5003
f 5001 5003 4988
f 5003 5012 5004
f 5046 5048 5033
f 5046 5055 5048
f 5055 5057 5048
f 5048 5057 5049
f 5048 5049 5035
f 5033 5048 5035
f 4803 4802 4795
f 4801 4808 4800
f 4801 4800 4791
f 4807 4806 4799
f 4800 4807 4799
f 4800 4799 4789
f 4793 4801 4791
f 4789 4799 4787
f 4817 4815 4816
f 4816 4815 4814
f 4817 4827 4815
f 4812 4811 4809
f 4811 4810 4809
f 4835 4834 4827
f 4828 4827 4817
f 4828 4835 4827
f 4821 4829 4819
f 4829 4836 4828
f 4829 4828 4819
f 4831 4830 4823
f 4791 4800 4789
f 4808 4807 4800
f 4819 4828 4817
f 4836 4835 4828
f 4818 4817 4816
f 4958 4967 4959
f 4956 4958 4943
f 4913 4914 4900
f 4898 4913 4900
f 4786 4785 4784
f 4785 4783 4784
f 4967 4968 4959
f 4794 4793 4792
f 4898 4900 4899
f 4897 4898 4899
f 4822 4821 4820
f 4821 4819 4820
f 4819 4817 4818
f 4943 4958 4945
f 4958 4959 4945
f 4956 4965 4958
f 4965 4967 4958
f 4920 4922 4913
f 4913 4922 4914
f 4911 4920 4913
f 4911 4913 4898
f 4787 4785 4786
f 5033 5035 5034
f 5029 5046 5033
f 5029 5033 5032
f 5032 5033 5034
f 5010 5019 5012
f 5019 5021 5012
f 5012 5013 5004
f 5012 5021 5013
f 4984 5001 4988
f 4984 4988 4987
f 4987 4988 4989
f 4988 4990 4989
f 4783 4782 4781
f 4788 4787 4786
f 4820 4819 4818
f 4789 4787 4788
f 4784 4783 4781
f 5055 5064 5057
f 5064 5066 5057
f 5057 5058 5049
f 5057 5066 5058
f 4967 4976 4968
f 4974 4976 4967
f 4965 4974 4967
f 5035 5049 5037
f 5049 5058 5050
f 5049 5050 5037
f 4959 4960 4947
f 4945 4959 4947
f 4914 4915 4902
f 4900 4914 4902
f 4959 4968 4960
f 4914 4923 4915
f 4922 4923 4914
f 5004 5005 4992
f 4990 5004 4992
f 5004 5013 5005
f 4791 4789 4790
f 4790 4789 4788
f 4793 4791 4792
f 4922 4931 4923
f 4920 4929 4922
f 4929 4931 4922
f 4939 4943 4942
f 4943 4945 4944
f 4939 4956 4943
f 4942 4943 4944
f 4894 4911 4898
f 4894 4898 4897
f 4792 4791 4790
f 5002 5001 4984
f 5011 5010 5001
f 5002 5011 5001
f 5021 5022 5013
f 4983 4984 4987
f 5034 5035 5036
f 5035 5037 5036
f 5028 5029 5032
f 5066 5067 5058
f 4968 4969 4960
f 4968 4977 4969
f 4976 4977 4968
f 4923 4924 4915
f 4923 4932 4924
f 4931 4932 4923
f 5013 5014 5005
f 5013 5022 5014
f 5056 5055 5046
f 5047 5056 5046
f 5047 5046 5029
f 4990 4992 4991
f 4989 4990 4991
f 4899 4900 4901
f 4900 4902 4901
f 4945 4947 4946
f 4944 4945 4946
f 5058 5059 5050
f 5058 5067 5059
f 4938 4939 4942
f 5020 5019 5010
f 5011 5020 5010
f 4893 4894 4897
f 5030 5047 5029
f 5030 5029 5028
f 4985 5002 4984
f 4985 4984 4983
f 5067 5068 5059
f 4977 4978 4969
f 5022 5023 5014
f 4966 4965 4956
f 4957 4966 4956
f 4957 4956 4939
f 4932 4933 4924
f 5065 5064 5055
f 5056 5065 5055
f 4912 4921 4911
f 4921 4920 4911
f 4912 4911 4894
f 4986 4985 4983
f 4975 4974 4965
f 4966 4975 4965
f 5031 5030 5028
f 4940 4957 4939
f 4940 4939 4938
f 4930 4929 4920
f 4921 4930 4920
f 4895 4912 4894
f 4895 4894 4893
f 4941 4940 4938
f 4896 4895 4893
f 4915 4924 4916
f 4915 4916 4904
f 4902 4915 4904
f 4960 4969 4961
f 4960 4961 4949
f 4947 4960 4949
f 4969 4970 4961
f 4969 4978 4970
f 4924 4925 4916
f 4924 4933 4925
f 4902 4904 4903
f 4901 4902 4903
f 4978 4979 4970
f 4947 4949 4948
f 4946 4947 4948
f 4933 4934 4925
f 5036 5037 5038
f 5037 5039 5038
f 5037 5050 5039
f 5050 5059 5051
f 5050 5051 5039
f 5059 5068 5060
f 5068 5069 5060
f 5014 5023 5015
f 5014 5015 5006
f 5005 5014 5006
f 5059 5060 5051
f 5023 5024 5015
f 4991 4992 4993
f 4992 4994 4993
f 5005 5006 4994
f 4992 5005 4994
f 5017 5026 5018
f 5026 5027 5018
f 4997 4998 4999
f 4998 5000 4999
f 5043 5045 5044
f 5053 5054 5045
f 5043 5053 5045
f 5008 5009 5000
f 4998 5008 5000
f 5042 5043 5044
f 5071 5072 5063
f 5017 5018 5009
f 5008 5017 5009
f 5062 5071 5063
f 5053 5062 5054
f 5062 5063 5054
f 4953 4955 4954
f 4952 4953 4954
f 4981 4982 4973
f 4972 4981 4973
f 4972 4973 4964
f 4907 4908 4909
f 4908 4910 4909
f 4936 4937 4928
f 4963 4964 4955
f 4927 4936 4928
f 4927 4928 4919
f 4963 4972 4964
f 4908 4918 4910
f 4918 4919 4910
f 4918 4927 4919
f 4953 4963 4955
f 4903 4904 4905
f 4934 4935 4926
f 4979 4980 4971
f 4970 4979 4971
f 4948 4949 4950
f 4925 4934 4926
f 4961 4970 4962
f 4970 4971 4962
f 4925 4926 4917
f 4916 4925 4917
f 5038 5039 5040
f 5060 5069 5061
f 5069 5070 5061
f 4904 4906 4905
f 4904 4916 4906
f 4949 4951 4950
f 4949 4961 4951
f 5024 5025 5016
f 4993 4994 4995
f 5015 5024 5016
f 5039 5041 5040
f 5039 5051 5041
f 4916 4917 4906
f 4995 4996 4997
f 4996 4998 4997
f 5025 5026 5017
f 5041 5043 5042
f 5070 5071 5062
f 4951 4953 4952
f 4950 4951 4952
f 4980 4981 4972
f 4935 4936 4927
f 4906 4908 4907
f 4961 4962 4951
f 5040 5041 5042
f 4905 4906 4907
f 5006 5015 5007
f 5015 5016 5007
f 5051 5060 5052
f 5060 5061 5052
f 4994 4996 4995
f 4994 5006 4996
f 4971 4980 4972
f 5052 5053 5043
f 5041 5052 5043
f 4926 4935 4927
f 5016 5025 5017
f 5016 5017 5008
f 4971 4972 4963
f 5051 5052 5041
f 4996 5007 4998
f 4861 4860 4853
f 5007 5008 4998
f 4853 4860 4852
f 4860 4859 4852
f 5061 5070 5062
f 4951 4962 4953
f 4926 4927 4918
f 4962 4963 4953
f 4842 4841 4840
f 4843 4841 4842
f 4844 4843 4842
f 4872 4871 4870
f 4871 4869 4870
f 4870 4869 4868
f 5061 5062 5053
f 4906 4917 4908
f 4917 4918 4908
f 5006 5007 4996
f 4852 4859 4851
f 4859 4858 4851
f 4854 4861 4853
f 4862 4861 4854
f 4846 4845 4844
f 4845 4843 4844
f 4874 4873 4872
f 4873 4871 4872
f 4868 4867 4865
f 4869 4867 4868
f 4840 4839 4837
f 4841 4839 4840
f 4888 4887 4880
f 4881 4888 4880
f 4889 4888 4881
f 4917 4926 4918
f 5007 5016 5008
f 5052 5061 5053
f 4890 4889 4882
f 4882 4889 4881
f 4880 4887 4879
f 4887 4886 4879
f 4855 4862 4854
f 4857 4864 4856
f 4864 4863 4856
f 4863 4862 4855
f 4841 4853 4839
f 4854 4853 4841
f 4843 4854 4841
f 4875 4873 4874
f 4876 4875 4874
f 4962 4971 4963
f 4847 4845 4846
f 4848 4847 4846
f 4878 4877 4876
f 4867 4866 4865
f 4850 4849 4848
f 4839 4838 4837
f 4856 4863 4855
f 4855 4854 4843
f 4853 4852 4839
f 4839 4852 4838
f 4845 4855 4843
f 4877 4875 4876
f 4849 4847 4848
f 4871 4882 4869
f 4882 4881 4869
f 4869 4881 4867
f 4891 4890 4883
f 4883 4890 4882
f 4885 4892 4884
f 4892 4891 4884
f 4873 4883 4871
f 4883 4882 4871
f 4867 4880 4866
f 4881 4880 4867
f 4884 4891 4883
f 4856 4855 4845
f 4847 4856 4845
f 4852 4851 4838
f 4849 4857 4847
f 4857 4856 4847
f 4877 4885 4875
f 4884 4883 4873
f 4875 4884 4873
f 4880 4879 4866
f 4885 4884 4875
f 5134 5133 5129
f 5135 5134 5129
f 5133 5132 5129
f 5136 5135 5129
f 5087 5086 5081
f 5086 5085 5081
f 5088 5087 5081
f 5132 5131 5129
f 5085 5084 5081
f 5079 5078 5073
f 5078 5077 5073
f 5111 5110 5105
f 5110 5109 5105
f 5080 5079 5073
f 5077 5076 5073
f 5084 5083 5081
f 5131 5130 5129
f 5109 5108 5105
f 5112 5111 5105
f 5083 5082 5081
f 5076 5075 5073
f 5102 5101 5097
f 5103 5102 5097
f 5101 5100 5097
f 5104 5103 5097
f 5075 5074 5073
f 5108 5107 5105
f 5100 5099 5097
f 5107 5106 5105
f 5127 5126 5121
f 5126 5125 5121
f 5128 5127 5121
f 5125 5124 5121
f 5118 5117 5113
f 5119 5118 5113
f 5099 5098 5097
f 5117 5116 5113
f 5120 5119 5113
f 5095 5094 5089
f 5094 5093 5089
f 5096 5095 5089
f 5093 5092 5089
f 5124 5123 5121
f 5116 5115 5113
f 5092 5091 5089
f 5123 5122 5121
f 5115 5114 5113
f 5091 5090 5089
f 5271 5269 5270
f 5269 5267 5268
f 5270 5269 5268
f 5273 5271 5272
f 5272 5271 5270
f 5267 5265 5266
f 5268 5267 5266
f 5161 5159 5160
f 5162 5161 5160
f 5163 5161 5162
f 5159 5157 5158
f 5160 5159 5158
f 5274 5273 5272
f 5275 5273 5274
f 5266 5265 5263
f 5265 5264 5263
f 5164 5163 5162
f 5165 5163 5164
f 5143 5141 5142
f 5144 5143 5142
f 5145 5143 5144
f 5217 5215 5216
f 5216 5215 5214
f 5215 5213 5214
f 5157 5156 5155
f 5158 5157 5155
f 5218 5217 5216
f 5141 5139 5140
f 5142 5141 5140
f 5147 5145 5146
f 5146 5145 5144
f 5166 5165 5164
f 5167 5165 5166
f 5276 5275 5274
f 5277 5275 5276
f 5280 5279 5278
f 5279 5277 5278
f 5220 5219 5218
f 5219 5217 5218
f 5214 5213 5212
f 5278 5277 5276
f 5213 5211 5212
f 5171 5169 5170
f 5172 5171 5170
f 5168 5167 5166
f 5169 5167 5168
f 5140 5139 5137
f 5139 5138 5137
f 5148 5147 5146
f 5149 5147 5148
f 5200 5199 5198
f 5199 5197 5198
f 5198 5197 5196
f 5170 5169 5168
f 5197 5195 5196
f 5202 5201 5200
f 5201 5199 5200
f 5221 5219 5220
f 5222 5221 5220
f 5212 5211 5209
f 5196 5195 5194
f 5195 5193 5194
f 5154 5153 5152
f 5153 5151 5152
f 5151 5149 5150
f 5150 5149 5148
f 5211 5210 5209
f 5152 5151 5150
f 5223 5221 5222
f 5224 5223 5222
f 5226 5225 5224
f 5203 5201 5202
f 5204 5203 5202
f 5194 5193 5191
f 5225 5223 5224
f 5254 5253 5252
f 5253 5251 5252
f 5252 5251 5250
f 5251 5249 5250
f 5250 5249 5248
f 5255 5253 5254
f 5256 5255 5254
f 5234 5233 5232
f 5236 5235 5234
f 5235 5233 5234
f 5193 5192 5191
f 5238 5237 5236
f 5237 5235 5236
f 5233 5231 5232
f 5232 5231 5230
f 5182 5181 5180
f 5181 5179 5180
f 5180 5179 5178
f 5249 5247 5248
f 5248 5247 5245
f 5257 5255 5256
f 5258 5257 5256
f 5184 5183 5182
f 5183 5181 5182
f 5179 5177 5178
f 5178 5177 5176
f 5205 5203 5204
f 5206 5205 5204
f 5208 5207 5206
f 5240 5239 5238
f 5239 5237 5238
f 5231 5229 5230
f 5230 5229 5227
f 5262 5261 5260
f 5247 5246 5245
f 5260 5259 5258
f 5259 5257 5258
f 5185 5183 5184
f 5186 5185 5184
f 5261 5259 5260
f 5177 5175 5176
f 5176 5175 5173
f 5207 5205 5206
f 5241 5239 5240
f 5242 5241 5240
f 5229 5228 5227
f 5244 5243 5242
f 5188 5187 5186
f 5187 5185 5186
f 5175 5174 5173
f 5190 5189 5188
f 5243 5241 5242
f 5189 5187 5188
f 5291 5290 5289
f 5289 5290 5296
f 5290 5295 5296
f 5292 5291 5289
f 5327 5328 5349
f 5328 5327 5325
f 5327 5326 5325
f 5296 5295 5293
f 5295 5294 5293
f 5312 5315 5316
f 5313 5312 5311
f 5311 5312 5316
f 5282 5291 5292
f 5353 5352 5351
f 5351 5352 5370
f 5352 5369 5370
f 5328 5350 5349
f 5281 5282 5292
f 5325 5326 5336
f 5326 5335 5336
f 5354 5353 5351
f 5315 5307 5308
f 5316 5315 5308
f 5314 5313 5311
f 5304 5313 5314
f 5348 5347 5344
f 5350 5347 5348
f 5349 5350 5348
f 5370 5369 5367
f 5369 5368 5367
f 5353 5354 5373
f 5303 5304 5314
f 5347 5343 5344
f 5309 5308 5307
f 5310 5309 5307
f 5288 5287 5285
f 5287 5286 5285
f 5354 5374 5373
f 5372 5371 5366
f 5374 5371 5372
f 5373 5374 5372
f 5344 5343 5341
f 5371 5365 5366
f 5343 5342 5341
f 5366 5365 5358
f 5341 5342 5332
f 5342 5331 5332
f 5365 5357 5358
f 5317 5309 5310
f 5332 5331 5329
f 5331 5330 5329
f 5318 5317 5310
f 5297 5287 5288
f 5339 5338 5337
f 5340 5339 5337
f 5358 5357 5355
f 5298 5297 5288
f 5357 5356 5355
f 5321 5320 5319
f 5364 5363 5356
f 5363 5355 5356
f 5346 5345 5340
f 5345 5339 5340
f 5359 5360 5364
f 5360 5363 5364
f 5324 5321 5322
f 5323 5324 5322
f 5306 5324 5323
f 5322 5321 5319
f 5306 5305 5303
f 5305 5304 5303
f 5362 5361 5359
f 5305 5306 5323
f 5299 5297 5298
f 5284 5302 5301
f 5301 5302 5300
f 5302 5299 5300
f 5361 5360 5359
f 5336 5335 5333
f 5300 5299 5298
f 5283 5284 5301
f 5335 5334 5333
f 5283 5282 5281
f 5284 5283 5281
f 5334 5345 5346
f 5333 5334 5346
f 5408 5376 5375
f 5375 5407 5408
f 5440 5408 5407
f 5407 5439 5440
f 5472 5440 5439
f 5439 5471 5472
f 5504 5472 5471
f 5471 5503 5504
f 5536 5504 5503
f 5503 5535 5536
f 5568 5536 5535
f 5535 5567 5568
f 5600 5568 5567
f 5567 5599 5600
f 5632 5600 5599
f 5599 5631 5632
f 5664 5632 5631
f 5631 5663 5664
f 5696 5664 5663
f 5663 5695 5696
f 5728 5696 5695
f 5695 5727 5728
f 5760 5728 5727
f 5727 5759 5760
f 5792 5760 5759
f 5759 5791 5792
f 5824 5792 5791
f 5791 5823 5824
f 5856 5824 5823
f 5823 5855 5856
f 5888 5856 5855
f 5855 5887 5888
f 5920 5888 5887
f 5887 5919 5920
f 5952 5920 5919
f 5919 5951 5952
f 5984 5952 5951
f 5951 5983 5984
f 6016 5984 5983
f 5983 6015 6016
f 6048 6016 6015
f 6015 6047 6048
f 6080 6048 6047
f 6047 6079 6080
f 6112 6080 6079
f 6079 6111 6112
f 6144 6112 6111
f 6111 6143 6144
f 6176 6144 6143
f 6143 6175 6176
f 6208 6176 6175
f 6175 6207 6208
f 6240 6208 6207
f 6207 6239 6240
f 6272 6240 6239
f 6239 6271 6272
f 6304 6272 6271
f 6271 6303 6304
f 6336 6304 6303
f 6303 6335 6336
f 6368 6336 6335
f 6335 6367 6368
f 5409 5377 5376
f 5376 5408 5409
f 5441 5409 5408
f 5408 5440 5441
f 5473 5441 5440
f 5440 5472 5473
f 5505 5473 5472
f 5472 5504 5505
f 5537 5505 5504
f 5504 5536 5537
f 5569 5537 5536
f 5536 5568 5569
f 5601 5569 5568
f 5568 5600 5601
f 5633 5601 5600
f 5600 5632 5633
f 5665 5633 5632
f 5632 5664 5665
f 5697 5665 5664
f 5664 5696 5697
f 5729 5697 5696
f 5696 5728 5729
f 5761 5729 5728
f 5728 5760 5761
f 5793 5761 5760
f 5760 5792 5793
f 5825 5793 5792
f 5792 5824 5825
f 5857 5825 5824
f 5824 5856 5857
f 5889 5857 5856
f 5856 5888 5889
f 5921 5889 5888
f 5888 5920 5921
f 5953 5921 5920
f 5920 5952 5953
f 5985 5953 5952
f 5952 5984 5985
f 6017 5985 5984
f 5984 6016 6017
f 6049 6017 6016
f 6016 6048 6049
f 6081 6049 6048
f 6048 6080 6081
f 6113 6081 6080
f 6080 6112 6113
f 6145 6113 6112
f 6112 6144 6145
f 6177 6145 6144
f 6144 6176 6177
f 6209 6177 6176
f 6176 6208 6209
f 6241 6209 6208
f 6208 6240 6241
f 6273 6241 6240
f 6240 6272 6273
f 6305 6273 6272
f 6272 6304 6305
f 6337 6305 6304
f 6304 6336 6337
f 6369 6337 6336
f 6336 6368 6369
f 5410 5378 5377
f 5377 5409 5410
f 5442 5410 5409
f 5409 5441 5442
f 5474 5442 5441
f 5441 5473 5474
f 5506 5474 5473
f 5473 5505 5506
f 5538 5506 5505
f 5505 5537 5538
f 5570 5538 5537
f 5537 5569 5570
f 5602 5570 5569
f 5569 5601 5602
f 5634 5602 5601
f 5601 5633 5634
f 5666 5634 5633
f 5633 5665 5666
f 5698 5666 5665
f 5665 5697 5698
f 5730 5698 5697
f 5697 5729 5730
f 5762 5730 5729
f 5729 5761 5762
f 5794 5762 5761
f 5761 5793 5794
f 5826 5794 5793
f 5793 5825 5826
f 5858 5826 5825
f 5825 5857 5858
f 5890 5858 5857
f 5857 5889 5890
f 5922 5890 5889
f 5889 5921 5922
f 5954 5922 5921
f 5921 5953 5954
f 5986 5954 5953
f 5953 5985 5986
f 6018 5986 5985
f 5985 6017 6018
f 6050 6018 6017
f 6017 6049 6050
f 6082 6050 6049
f 6049 6081 6082
f 6114 6082 6081
f 6081 6113 6114
f 6146 6114 6113
f 6113 6145 6146
f 6178 6146 6145
f 6145 6177 6178
f 6210 6178 6177
f 6177 6209 6210
f 6242 6210 6209
f 6209 6241 6242
f 6274 6242 6241
f 6241 6273 6274
f 6306 6274 6273
f 6273 6305 6306
f 6338 6306 6305
f 6305 6337 6338
f 6370 6338 6337
f 6337 6369 6370
f 5411 5379 5378
f 5378 5410 5411
f 5443 5411 5410
f 5410 5442 5443
f 5475 5443 5442
f 5442 5474 5475
f 5507 5475 5474
f 5474 5506 5507
f 5539 5507 5506
f 5506 5538 5539
f 5571 5539 5538
f 5538 5570 5571
f 5603 5571 5570
f 5570 5602 5603
f 5635 5603 5602
f 5602 5634 5635
f 5667 5635 5634
f 5634 5666 5667
f 5699 5667 5666
f 5666 5698 5699
f 5731 5699 5698
f 5698 5730 5731
f 5763 5731 5730
f 5730 5762 5763
f 5795 5763 5762
f 5762 5794 5795
f 5827 5795 5794
f 5794 5826 5827
f 5859 5827 5826
f 5826 5858 5859
f 5891 5859 5858
f 5858 5890 5891
f 5923 5891 5890
f 5890 5922 5923
f 5955 5923 5922
f 5922 5954 5955
f 5987 5955 5954
f 5954 5986 5987
f 6019 5987 5986
f 5986 6018 6019
f 6051 6019 6018
f 6018 6050 6051
f 6083 6051 6050
f 6050 6082 6083
f 6115 6083 6082
f 6082 6114 6115
f 6147 6115 6114
f 6114 6146 6147
f 6179 6147 6146
f 6146 6178 6179
f 6211 6179 6178
f 6178 6210 6211
f 6243 6211 6210
f 6210 6242 6243
f 6275 6243 6242
f 6242 6274 6275
f 6307 6275 6274
f 6274 6306 6307
f 6339 6307 6306
f 6306 6338 6339
f 6371 6339 6338
f 6338 6370 6371
f 5412 5380 5379
f 5379 5411 5412
f 5444 5412 5411
f 5411 5443 5444
f 5476 5444 5443
f 5443 5475 5476
f 5508 5476 5475
f 5475 5507 5508
f 5540 5508 5507
f 5507 5539 5540
f 5572 5540 5539
f 5539 5571 5572
f 5604 5572 5571
f 5571 5603 5604
f 5636 5604 5603
f 5603 5635 5636
f 5668 5636 5635
f 5635 5667 5668
f 5700 5668 5667
f 5667 5699 5700
f 5732 5700 5699
f 5699 5731 5732
f 5764 5732 5731
f 5731 5763 5764
f 5796 5764 5763
f 5763 5795 5796
f 5828 5796 5795
f 5795 5827 5828
f 5860 5828 5827
f 5827 5859 5860
f 5892 5860 5859
f 5859 5891 5892
f 5924 5892 5891
f 5891 5923 5924
f 5956 5924 5923
f 5923 5955 5956
f 5988 5956 5955
f 5955 5987 5988
f 6020 5988 5987
f 5987 6019 6020
f 6052 6020 6019
f 6019 6051 6052
f 6084 6052 6051
f 6051 6083 6084
f 6116 6084 6083
f 6083 6115 6116
f 6148 6116 6115
f 6115 6147 6148
f 6180 6148 6147
f 6147 6179 6180
f 6212 6180 6179
f 6179 6211 6212
f 6244 6212 6211
f 6211 6243 6244
f 6276 6244 6243
f 6243 6275 6276
f 6308 6276 6275
f 6275 6307 6308
f 6340 6308 6307
f 6307 6339 6340
f 6372 6340 6339
f 6339 6371 6372
f 5413 5381 5380
f 5380 5412 5413
f 5445 5413 5412
f 5412 5444 5445
f 5477 5445 5444
f 5444 5476 5477
f 5509 5477 5476
f 5476 5508 5509
f 5541 5509 5508
f 5508 5540 5541
f 5573 5541 5540
f 5540 5572 5573
f 5605 5573 5572
f 5572 5604 5605
f 5637 5605 5604
f 5604 5636 5637
f 5669 5637 5636
f 5636 5668 5669
f 5701 5669 5668
f 5668 5700 5701
f 5733 5701 5700
f 5700 5732 5733
f 5765 5733 5732
f 5732 5764 5765
f 5797 5765 5764
f 5764 5796 5797
f 5829 5797 5796
f 5796 5828 5829
f 5861 5829 5828
f 5828 5860 5861
f 5893 5861 5860
f 5860 5892 5893
f 5925 5893 5892
f 5892 5924 5925
f 5957 5925 5924
f 5924 5956 5957
f 5989 5957 5956
f 5956 5988 5989
f 6021 5989 5988
f 5988 6020 6021
f 6053 6021 6020
f 6020 6052 6053
f 6085 6053 6052
f 6052 6084 6085
f 6117 6085 6084
f 6084 6116 6117
f 6149 6117 6116
f 6116 6148 6149
f 6181 6149 6148
f 6148 6180 6181
f 6213 6181 6180
f 6180 6212 6213
f 6245 6213 6212
f 6212 6244 6245
f 6277 6245 6244
f 6244 6276 6277
f 6309 6277 6276
f 6276 6308 6309
f 6341 6309 6308
f 6308 6340 6341
f 6373 6341 6340
f 6340 6372 6373
f 5414 5382 5381
f 5381 5413 5414
f 5446 5414 5413
f 5413 5445 5446
f 5478 5446 5445
f 5445 5477 5478
f 5510 5478 5477
f 5477 5509 5510
f 5542 5510 5509
f 5509 5541 5542
f 5574 5542 5541
f 5541 5573 5574
f 5606 5574 5573
f 5573 5605 5606
f 5638 5606 5605
f 5605 5637 5638
f 5670 5638 5637
f 5637 5669 5670
f 5702 5670 5669
f 5669 5701 5702
f 5734 5702 5701
f 5701 5733 5734
f 5766 5734 5733
f 5733 5765 5766
f 5798 5766 5765
f 5765 5797 5798
f 5830 5798 5797
f 5797 5829 5830
f 5862 5830 5829
f 5829 5861 5862
f 5894 5862 5861
f 5861 5893 5894
f 5926 5894 5893
f 5893 5925 5926
f 5958 5926 5925
f 5925 5957 5958
f 5990 5958 5957
f 5957 5989 5990
f 6022 5990 5989
f 5989 6021 6022
f 6054 6022 6021
f 6021 6053 6054
f 6086 6054 6053
f 6053 6085 6086
f 6118 6086 6085
f 6085 6117 6118
f 6150 6118 6117
f 6117 6149 6150
f 6182 6150 6149
f 6149 6181 6182
f 6214 6182 6181
f 6181 6213 6214
f 6246 6214 6213
f 6213 6245 6246
f 6278 6246 6245
f 6245 6277 6278
f 6310 6278 6277
f 6277 6309 6310
f 6342 6310 6309
f 6309 6341 6342
f 6374 6342 6341
f 6341 6373 6374
f 5415 5383 5382
f 5382 5414 5415
f 5447 5415 5414
f 5414 5446 5447
f 5479 5447 5446
f 5446 5478 5479
f 5511 5479 5478
f 5478 5510 5511
f 5543 5511 5510
f 5510 5542 5543
f 5575 5543 5542
f 5542 5574 5575
f 5607 5575 5574
f 5574 5606 5607
f 5639 5607 5606
f 5606 5638 5639
f 5671 5639 5638
f 5638 5670 5671
f 5703 5671 5670
f 5670 5702 5703
f 5735 5703 5702
f 5702 5734 5735
f 5767 5735 5734
f 5734 5766 5767
f 5799 5767 5766
f 5766 5798 5799
f 5831 5799 5798
f 5798 5830 5831
f 5863 5831 5830
f 5830 5862 5863
f 5895 5863 5862
f 5862 5894 5895
f 5927 5895 5894
f 5894 5926 5927
f 5959 5927 5926
f 5926 5958 5959
f 5991 5959 5958
f 5958 5990 5991
f 6023 5991 5990
f 5990 6022 6023
f 6055 6023 6022
f 6022 6054 6055
f 6087 6055 6054
f 6054 6086 6087
f 6119 6087 6086
f 6086 6118 6119
f 6151 6119 6118
f 6118 6150 6151
f 6183 6151 6150
f 6150 6182 6183
f 6215 6183 6182
f 6182 6214 6215
f 6247 6215 6214
f 6214 6246 6247
f 6279 6247 6246
f 6246 6278 6279
f 6311 6279 6278
f 6278 6310 6311
f 6343 6311 6310
f 6310 6342 6343
f 6375 6343 6342
f 6342 6374 6375
f 5416 5384 5383
f 5383 5415 5416
f 5448 5416 5415
f 5415 5447 5448
f 5480 5448 5447
f 5447 5479 5480
f 5512 5480 5479
f 5479 5511 5512
f 5544 5512 5511
f 5511 5543 5544
f 5576 5544 5543
f 5543 5575 5576
f 5608 5576 5575
f 5575 5607 5608
f 5640 5608 5607
f 5607 5639 5640
f 5672 5640 5639
f 5639 5671 5672
f 5704 5672 5671
f 5671 5703 5704
f 5736 5704 5703
f 5703 5735 5736
f 5768 5736 5735
f 5735 5767 5768
f 5800 5768 5767
f 5767 5799 5800
f 5832 5800 5799
f 5799 5831 5832
f 5864 5832 5831
f 5831 5863 5864
f 5896 5864 5863
f 5863 5895 5896
f 5928 5896 5895
f 5895 5927 5928
f 5960 5928 5927
f 5927 5959 5960
f 5992 5960 5959
f 5959 5991 5992
f 6024 5992 5991
f 5991 6023 6024
f 6056 6024 6023
f 6023 6055 6056
f 6088 6056 6055
f 6055 6087 6088
f 6120 6088 6087
f 6087 6119 6120
f 6152 6120 6119
f 6119 6151 6152
f 6184 6152 6151
f 6151 6183 6184
f 6216 6184 6183
f 6183 6215 6216
f 6248 6216 6215
f 6215 6247 6248
f 6280 6248 6247
f 6247 6279 6280
f 6312 6280 6279
f 6279 6311 6312
f 6344 6312 6311
f 6311 6343 6344
f 6376 6344 6343
f 6343 6375 6376
f 5417 5385 5384
f 5384 5416 5417
f 5449 5417 5416
f 5416 5448 5449
f 5481 5449 5448
f 5448 5480 5481
f 5513 5481 5480
f 5480 5512 5513
f 5545 5513 5512
f 5512 5544 5545
f 5577 5545 5544
f 5544 5576 5577
f 5609 5577 5576
f 5576 5608 5609
f 5641 5609 5608
f 5608 5640 5641
f 5673 5641 5640
f 5640 5672 5673
f 5705 5673 5672
f 5672 5704 5705
f 5737 5705 5704
f 5704 5736 5737
f 5769 5737 5736
f 5736 5768 5769
f 5801 5769 5768
f 5768 5800 5801
f 5833 5801 5800
f 5800 5832 5833
f 5865 5833 5832
f 5832 5864 5865
f 5897 5865 5864
f 5864 5896 5897
f 5929 5897 5896
f 5896 5928 5929
f 5961 5929 5928
f 5928 5960 5961
f 5993 5961 5960
f 5960 5992 5993
f 6025 5993 5992
f 5992 6024 6025
f 6057 6025 6024
f 6024 6056 6057
f 6089 6057 6056
f 6056 6088 6089
f 6121 6089 6088
f 6088 6120 6121
f 6153 6121 6120
f 6120 6152 6153
f 6185 6153 6152
f 6152 6184 6185
f 6217 6185 6184
f 6184 6216 6217
f 6249 6217 6216
f 6216 6248 6249
f 6281 6249 6248
f 6248 6280 6281
f 6313 6281 6280
f 6280 6312 6313
f 6345 6313 6312
f 6312 6344 6345
f 6377 6345 6344
f 6344 6376 6377
f 5418 5386 5385
f 5385 5417 5418
f 5450 5418 5417
f 5417 5449 5450
f 5482 5450 5449
f 5449 5481 5482
f 5514 5482 5481
f 5481 5513 5514
f 5546 5514 5513
f 5513 5545 5546
f 5578 5546 5545
f 5545 5577 5578
f 5610 5578 5577
f 5577 5609 5610
f 5642 5610 5609
f 5609 5641 5642
f 5674 5642 5641
f 5641 5673 5674
f 5706 5674 5673
f 5673 5705 5706
f 5738 5706 5705
f 5705 5737 5738
f 5770 5738 5737
f 5737 5769 5770
f 5802 5770 5769
f 5769 5801 5802
f 5834 5802 5801
f 5801 5833 5834
f 5866 5834 5833
f 5833 5865 5866
f 5898 5866 5865
f 5865 5897 5898
f 5930 5898 5897
f 5897 5929 5930
f 5962 5930 5929
f 5929 5961 5962
f 5994 5962 5961
f 5961 5993 5994
f 6026 5994 5993
f 5993 6025 6026
f 6058 6026 6025
f 6025 6057 6058
f 6090 6058 6057
f 6057 6089 6090
f 6122 6090 6089
f 6089 6121 6122
f 6154 6122 6121
f 6121 6153 6154
f 6186 6154 6153
f 6153 6185 6186
f 6218 6186 6185
f 6185 6217 6218
f 6250 6218 6217
f 6217 6249 6250
f 6282 6250 6249
f 6249 6281 6282
f 6314 6282 6281
f 6281 6313 6314
f 6346 6314 6313
f 6313 6345 6346
f 6378 6346 6345
f 6345 6377 6378
f 5419 5387 5386
f 5386 5418 5419
f 5451 5419 5418
f 5418 5450 5451
f 5483 5451 5450
f 5450 5482 5483
f 5515 5483 5482
f 5482 5514 5515
f 5547 5515 5514
f 5514 5546 5547
f 5579 5547 5546
f 5546 5578 5579
f 5611 5579 5578
f 5578 5610 5611
f 5643 5611 5610
f 5610 5642 5643
f 5675 5643 5642
f 5642 5674 5675
f 5707 5675 5674
f 5674 5706 5707
f 5739 5707 5706
f 5706 5738 5739
f 5771 5739 5738
f 5738 5770 5771
f 5803 5771 5770
f 5770 5802 5803
f 5835 5803 5802
f 5802 5834 5835
f 5867 5835 5834
f 5834 5866 5867
f 5899 5867 5866
f 5866 5898 5899
f 5931 5899 5898
f 5898 5930 5931
f 5963 5931 5930
f 5930 5962 5963
f 5995 5963 5962
f 5962 5994 5995
f 6027 5995 5994
f 5994 6026 6027
f 6059 6027 6026
f 6026 6058 6059
f 6091 6059 6058
f 6058 6090 6091
f 6123 6091 6090
f 6090 6122 6123
f 6155 6123 6122
f 6122 6154 6155
f 6187 6155 6154
f 6154 6186 6187
f 6219 6187 6186
f 6186 6218 6219
f 6251 6219 6218
f 6218 6250 6251
f 6283 6251 6250
f 6250 6282 6283
f 6315 6283 6282
f 6282 6314 6315
f 6347 6315 6314
f 6314 6346 6347
f 6379 6347 6346
f 6346 6378 6379
f 5420 5388 5387
f 5387 5419 5420
f 5452 5420 5419
f 5419 5451 5452
f 5484 5452 5451
f 5451 5483 5484
f 5516 5484 5483
f 5483 5515 5516
f 5548 5516 5515
f 5515 5547 5548
f 5580 5548 5547
f 5547 5579 5580
f 5612 5580 5579
f 5579 5611 5612
f 5644 5612 5611
f 5611 5643 5644
f 5676 5644 5643
f 5643 5675 5676
f 5708 5676 5675
f 5675 5707 5708
f 5740 5708 5707
f 5707 5739 5740
f 5772 5740 5739
f 5739 5771 5772
f 5804 5772 5771
f 5771 5803 5804
f 5836 5804 5803
f 5803 5835 5836
f 5868 5836 5835
f 5835 5867 5868
f 5900 5868 5867
f 5867 5899 5900
f 5932 5900 5899
f 5899 5931 5932
f 5964 5932 5931
f 5931 5963 5964
f 5996 5964 5963
f 5963 5995 5996
f 6028 5996 5995
f 5995 6027 6028
f 6060 6028 6027
f 6027 6059 6060
f 6092 6060 6059
f 6059 6091 6092
f 6124 6092 6091
f 6091 6123 6124
f 6156 6124 6123
f 6123 6155 6156
f 6188 6156 6155
f 6155 6187 6188
f 6220 6188 6187
f 6187 6219 6220
f 6252 6220 6219
f 6219 6251 6252
f 6284 6252 6251
f 6251 6283 6284
f 6316 6284 6283
f 6283 6315 6316
f 6348 6316 6315
f 6315 6347 6348
f 6380 6348 6347
f 6347 6379 6380
f 5421 5389 5388
f 5388 5420 5421
f 5453 5421 5420
f 5420 5452 5453
f 5485 5453 5452
f 5452 5484 5485
f 5517 5485 5484
f 5484 5516 5517
f 5549 5517 5516
f 5516 5548 5549
f 5581 5549 5548
f 5548 5580 5581
f 5613 5581 5580
f 5580 5612 5613
f 5645 5613 5612
f 5612 5644 5645
f 5677 5645 5644
f 5644 5676 5677
f 5709 5677 5676
f 5676 5708 5709
f 5741 5709 5708
f 5708 5740 5741
f 5773 5741 5740
f 5740 5772 5773
f 5805 5773 5772
f 5772 5804 5805
f 5837 5805 5804
f 5804 5836 5837
f 5869 5837 5836
f 5836 5868 5869
f 5901 5869 5868
f 5868 5900 5901
f 5933 5901 5900
f 5900 5932 5933
f 5965 5933 5932
f 5932 5964 5965
f 5997 5965 5964
f 5964 5996 5997
f 6029 5997 5996
f 5996 6028 6029
f 6061 6029 6028
f 6028 6060 6061
f 6093 6061 6060
f 6060 6092 6093
f 6125 6093 6092
f 6092 6124 6125
f 6157 6125 6124
f 6124 6156 6157
f 6189 6157 6156
f 6156 6188 6189
f 6221 6189 6188
f 6188 6220 6221
f 6253 6221 6220
f 6220 6252 6253
f 6285 6253 6252
f 6252 6284 6285
f 6317 6285 6284
f 6284 6316 6317
f 6349 6317 6316
f 6316 6348 6349
f 6381 6349 6348
f 6348 6380 6381
f 5422 5390 5389
f 5389 5421 5422
f 5454 5422 5421
f 5421 5453 5454
f 5486 5454 5453
f 5453 5485 5486
f 5518 5486 5485
f 5485 5517 5518
f 5550 5518 5517
f 5517 5549 5550
f 5582 5550 5549
f 5549 5581 5582
f 5614 5582 5581
f 5581 5613 5614
f 5646 5614 5613
f 5613 5645 5646
f 5678 5646 5645
f 5645 5677 5678
f 5710 5678 5677
f 5677 5709 5710
f 5742 5710 5709
f 5709 5741 5742
f 5774 5742 5741
f 5741 5773 5774
f 5806 5774 5773
f 5773 5805 5806
f 5838 5806 5805
f 5805 5837 5838
f 5870 5838 5837
f 5837 5869 5870
f 5902 5870 5869
f 5869 5901 5902
f 5934 5902 5901
f 5901 5933 5934
f 5966 5934 5933
f 5933 5965 5966
f 5998 5966 5965
f 5965 5997 5998
f 6030 5998 5997
f 5997 6029 6030
f 6062 6030 6029
f 6029 6061 6062
f 6094 6062 6061
f 6061 6093 6094
f 6126 6094 6093
f 6093 6125 6126
f 6158 6126 6125
f 6125 6157 6158
f 6190 6158 6157
f 6157 6189 6190
f 6222 6190 6189
f 6189 6221 6222
f 6254 6222 6221
f 6221 6253 6254
f 6286 6254 6253
f 6253 6285 6286
f 6318 6286 6285
f 6285 6317 6318
f 6350 6318 6317
f 6317 6349 6350
f 6382 6350 6349
f 6349 6381 6382
f 5423 5391 5390
f 5390 5422 5423
f 5455 5423 5422
f 5422 5454 5455
f 5487 5455 5454
f 5454 5486 5487
f 5519 5487 5486
f 5486 5518 5519
f 5551 5519 5518
f 5518 5550 5551
f 5583 5551 5550
f 5550 5582 5583
f 5615 5583 5582
f 5582 5614 5615
f 5647 5615 5614
f 5614 5646 5647
f 5679 5647 5646
f 5646 5678 5679
f 5711 5679 5678
f 5678 5710 5711
f 5743 5711 5710
f 5710 5742 5743
f 5775 5743 5742
f 5742 5774 5775
f 5807 5775 5774
f 5774 5806 5807
f 5839 5807 5806
f 5806 5838 5839
f 5871 5839 5838
f 5838 5870 5871
f 5903 5871 5870
f 5870 5902 5903
f 5935 5903 5902
f 5902 5934 5935
f 5967 5935 5934
f 5934 5966 5967
f 5999 5967 5966
f 5966 5998 5999
f 6031 5999 5998
f 5998 6030 6031
f 6063 6031 6030
f 6030 6062 6063
f 6095 6063 6062
f 6062 6094 6095
f 6127 6095 6094
f 6094 6126 6127
f 6159 6127 6126
f 6126 6158 6159
f 6191 6159 6158
f 6158 6190 6191
f 6223 6191 6190
f 6190 6222 6223
f 6255 6223 6222
f 6222 6254 6255
f 6287 6255 6254
f 6254 6286 6287
f 6319 6287 6286
f 6286 6318 6319
f 6351 6319 6318
f 6318 6350 6351
f 6383 6351 6350
f 6350 6382 6383
f 5424 5392 5391
f 5391 5423 5424
f 5456 5424 5423
f 5423 5455 5456
f 5488 5456 5455
f 5455 5487 5488
f 5520 5488 5487
f 5487 5519 5520
f 5552 5520 5519
f 5519 5551 5552
f 5584 5552 5551
f 5551 5583 5584
f 5616 5584 5583
f 5583 5615 5616
f 5648 5616 5615
f 5615 5647 5648
f 5680 5648 5647
f 5647 5679 5680
f 5712 5680 5679
f 5679 5711 5712
f 5744 5712 5711
f 5711 5743 5744
f 5776 5744 5743
f 5743 5775 5776
f 5808 5776 5775
f 5775 5807 5808
f 5840 5808 5807
f 5807 5839 5840
f 5872 5840 5839
f 5839 5871 5872
f 5904 5872 5871
f 5871 5903 5904
f 5936 5904 5903
f 5903 5935 5936
f 5968 5936 5935
f 5935 5967 5968
f 6000 5968 5967
f 5967 5999 6000
f 6032 6000 5999
f 5999 6031 6032
f 6064 6032 6031
f 6031 6063 6064
f 6096 6064 6063
f 6063 6095 6096
f 6128 6096 6095
f 6095 6127 6128
f 6160 6128 6127
f 6127 6159 6160
f 6192 6160 6159
f 6159 6191 6192
f 6224 6192 6191
f 6191 6223 6224
f 6256 6224 6223
f 6223 6255 6256
f 6288 6256 6255
f 6255 6287 6288
f 6320 6288 6287
f 6287 6319 6320
f 6352 6320 6319
f 6319 6351 6352
f 6384 6352 6351
f 6351 6383 6384
f 5425 5393 5392
f 5392 5424 5425
f 5457 5425 5424
f 5424 5456 5457
f 5489 5457 5456
f 5456 5488 5489
f 5521 5489 5488
f 5488 5520 5521
f 5553 5521 5520
f 5520 5552 5553
f 5585 5553 5552
f 5552 5584 5585
f 5617 5585 5584
f 5584 5616 5617
f 5649 5617 5616
f 5616 5648 5649
f 5681 5649 5648
f 5648 5680 5681
f 5713 5681 5680
f 5680 5712 5713
f 5745 5713 5712
f 5712 5744 5745
f 5777 5745 5744
f 5744 5776 5777
f 5809 5777 5776
f 5776 5808 5809
f 5841 5809 5808
f 5808 5840 5841
f 5873 5841 5840
f 5840 5872 5873
f 5905 5873 5872
f 5872 5904 5905
f 5937 5905 5904
f 5904 5936 5937
f 5969 5937 5936
f 5936 5968 5969
f 6001 5969 5968
f 5968 6000 6001
f 6033 6001 6000
f 6000 6032 6033
f 6065 6033 6032
f 6032 6064 6065
f 6097 6065 6064
f 6064 6096 6097
f 6129 6097 6096
f 6096 6128 6129
f 6161 6129 6128
f 6128 6160 6161
f 6193 6161 6160
f 6160 6192 6193
f 6225 6193 6192
f 6192 6224 6225
f 6257 6225 6224
f 6224 6256 6257
f 6289 6257 6256
f 6256 6288 6289
f 6321 6289 6288
f 6288 6320 6321
f 6353 6321 6320
f 6320 6352 6353
f 6385 6353 6352
f 6352 6384 6385
f 5426 5394 5393
f 5393 5425 5426
f 5458 5426 5425
f 5425 5457 5458
f 5490 5458 5457
f 5457 5489 5490
f 5522 5490 5489
f 5489 5521 5522
f 5554 5522 5521
f 5521 5553 5554
f 5586 5554 5553
f 5553 5585 5586
f 5618 5586 5585
f 5585 5617 5618
f 5650 5618 5617
f 5617 5649 5650
f 5682 5650 5649
f 5649 5681 5682
f 5714 5682 5681
f 5681 5713 5714
f 5746 5714 5713
f 5713 5745 5746
f 5778 5746 5745
f 5745 5777 5778
f 5810 5778 5777
f 5777 5809 5810
f 5842 5810 5809
f 5809 5841 5842
f 5874 5842 5841
f 5841 5873 5874
f 5906 5874 5873
f 5873 5905 5906
f 5938 5906 5905
f 5905 5937 5938
f 5970 5938 5937
f 5937 5969 5970
f 6002 5970 5969
f 5969 6001 6002
f 6034 6002 6001
f 6001 6033 6034
f 6066 6034 6033
f 6033 6065 6066
f 6098 6066 6065
f 6065 6097 6098
f 6130 6098 6097
f 6097 6129 6130
f 6162 6130 6129
f 6129 6161 6162
f 6194 6162 6161
f 6161 6193 6194
f 6226 6194 6193
f 6193 6225 6226
f 6258 6226 6225
f 6225 6257 6258
f 6290 6258 6257
f 6257 6289 6290
f 6322 6290 6289
f 6289 6321 6322
f 6354 6322 6321
f 6321 6353 6354
f 6386 6354 6353
f 6353 6385 6386
f 5427 5395 5394
f 5394 5426 5427
f 5459 5427 5426
f 5426 5458 5459
f 5491 5459 5458
f 5458 5490 5491
f 5523 5491 5490
f 5490 5522 5523
f 5555 5523 5522
f 5522 5554 5555
f 5587 5555 5554
f 5554 5586 5587
f 5619 5587 5586
f 5586 5618 5619
f 5651 5619 5618
f 5618 5650 5651
f 5683 5651 5650
f 5650 5682 5683
f 5715 5683 5682
f 5682 5714 5715
f 5747 5715 5714
f 5714 5746 5747
f 5779 5747 5746
f 5746 5778 5779
f 5811 5779 5778
f 5778 5810 5811
f 5843 5811 5810
f 5810 5842 5843
f 5875 5843 5842
f 5842 5874 5875
f 5907 5875 5874
f 5874 5906 5907
f 5939 5907 5906
f 5906 5938 5939
f 5971 5939 5938
f 5938 5970 5971
f 6003 5971 5970
f 5970 6002 6003
f 6035 6003 6002
f 6002 6034 6035
f 6067 6035 6034
f 6034 6066 6067
f 6099 6067 6066
f 6066 6098 6099
f 6131 6099 6098
f 6098 6130 6131
f 6163 6131 6130
f 6130 6162 6163
f 6195 6163 6162
f 6162 6194 6195
f 6227 6195 6194
f 6194 6226 6227
f 6259 6227 6226
f 6226 6258 6259
f 6291 6259 6258
f 6258 6290 6291
f 6323 6291 6290
f 6290 6322 6323
f 6355 6323 6322
f 6322 6354 6355
f 6387 6355 6354
f 6354 6386 6387
f 5428 5396 5395
f 5395 5427 5428
f 5460 5428 5427
f 5427 5459 5460
f 5492 5460 5459
f 5459 5491 5492
f 5524 5492 5491
f 5491 5523 5524
f 5556 5524 5523
f 5523 5555 5556
f 5588 5556 5555
f 5555 5587 5588
f 5620 5588 5587
f 5587 5619 5620
f 5652 5620 5619
f 5619 5651 5652
f 5684 5652 5651
f 5651 5683 5684
f 5716 5684 5683
f 5683 5715 5716
f 5748 5716 5715
f 5715 5747 5748
f 5780 5748 5747
f 5747 5779 5780
f 5812 5780 5779
f 5779 5811 5812
f 5844 5812 5811
f 5811 5843 5844
f 5876 5844 5843
f 5843 5875 5876
f 5908 5876 5875
f 5875 5907 5908
f 5940 5908 5907
f 5907 5939 5940
f 5972 5940 5939
f 5939 5971 5972
f 6004 5972 5971
f 5971 6003 6004
f 6036 6004 6003
f 6003 6035 6036
f 6068 6036 6035
f 6035 6067 6068
f 6100 6068 6067
f 6067 6099 6100
f 6132 6100 6099
f 6099 6131 6132
f 6164 6132 6131
f 6131 6163 6164
f 6196 6164 6163
f 6163 6195 6196
f 6228 6196 6195
f 6195 6227 6228
f 6260 6228 6227
f 6227 6259 6260
f 6292 6260 6259
f 6259 6291 6292
f 6324 6292 6291
f 6291 6323 6324
f 6356 6324 6323
f 6323 6355 6356
f 6388 6356 6355
f 6355 6387 6388
f 5429 5397 5396
f 5396 5428 5429
f 5461 5429 5428
f 5428 5460 5461
f 5493 5461 5460
f 5460 5492 5493
f 5525 5493 5492
f 5492 5524 5525
f 5557 5525 5524
f 5524 5556 5557
f 5589 5557 5556
f 5556 5588 5589
f 5621 5589 5588
f 5588 5620 5621
f 5653 5621 5620
f 5620 5652 5653
f 5685 5653 5652
f 5652 5684 5685
f 5717 5685 5684
f 5684 5716 5717
f 5749 5717 5716
f 5716 5748 5749
f 5781 5749 5748
f 5748 5780 5781
f 5813 5781 5780
f 5780 5812 5813
f 5845 5813 5812
f 5812 5844 5845
f 5877 5845 5844
f 5844 5876 5877
f 5909 5877 5876
f 5876 5908 5909
f 5941 5909 5908
f 5908 5940 5941
f 5973 5941 5940
f 5940 5972 5973
f 6005 5973 5972
f 5972 6004 6005
f 6037 6005 6004
f 6004 6036 6037
f 6069 6037 6036
f 6036 6068 6069
f 6101 6069 6068
f 6068 6100 6101
f 6133 6101 6100
f 6100 6132 6133
f 6165 6133 6132
f 6132 6164 6165
f 6197 6165 6164
f 6164 6196 6197
f 6229 6197 6196
f 6196 6228 6229
f 6261 6229 6228
f 6228 6260 6261
f 6293 6261 6260
f 6260 6292 6293
f 6325 6293 6292
f 6292 6324 6325
f 6357 6325 6324
f 6324 6356 6357
f 6389 6357 6356
f 6356 6388 6389
f 5430 5398 5397
f 5397 5429 5430
f 5462 5430 5429
f 5429 5461 5462
f 5494 5462 5461
f 5461 5493 5494
f 5526 5494 5493
f 5493 5525 5526
f 5558 5526 5525
f 5525 5557 5558
f 5590 5558 5557
f 5557 5589 5590
f 5622 5590 5589
f 5589 5621 5622
f 5654 5622 5621
f 5621 5653 5654
f 5686 5654 5653
f 5653 5685 5686
f 5718 5686 5685
f 5685 5717 5718
f 5750 5718 5717
f 5717 5749 5750
f 5782 5750 5749
f 5749 5781 5782
f 5814 5782 5781
f 5781 5813 5814
f 5846 5814 5813
f 5813 5845 5846
f 5878 5846 5845
f 5845 5877 5878
f 5910 5878 5877
f 5877 5909 5910
f 5942 5910 5909
f 5909 5941 5942
f 5974 5942 5941
f 5941 5973 5974
f 6006 5974 5973
f 5973 6005 6006
f 6038 6006 6005
f 6005 6037 6038
f 6070 6038 6037
f 6037 6069 6070
f 6102 6070 6069
f 6069 6101 6102
f 6134 6102 6101
f 6101 6133 6134
f 6166 6134 6133
f 6133 6165 6166
f 6198 6166 6165
f 6165 6197 6198
f 6230 6198 6197
f 6197 6229 6230
f 6262 6230 6229
f 6229 6261 6262
f 6294 6262 6261
f 6261 6293 6294
f 6326 6294 6293
f 6293 6325 6326
f 6358 6326 6325
f 6325 6357 6358
f 6390 6358 6357
f 6357 6389 6390
f 5431 5399 5398
f 5398 5430 5431
f 5463 5431 5430
f 5430 5462 5463
f 5495 5463 5462
f 5462 5494 5495
f 5527 5495 5494
f 5494 5526 5527
f 5559 5527 5526
f 5526 5558 5559
f 5591 5559 5558
f 5558 5590 5591
f 5623 5591 5590
f 5590 5622 5623
f 5655 5623 5622
f 5622 5654 5655
f 5687 5655 5654
f 5654 5686 5687
f 5719 5687 5686
f 5686 5718 5719
f 5751 5719 5718
f 5718 5750 5751
f 5783 5751 5750
f 5750 5782 5783
f 5815 5783 5782
f 5782 5814 5815
f 5847 5815 5814
f 5814 5846 5847
f 5879 5847 5846
f 5846 5878 5879
f 5911 5879 5878
f 5878 5910 5911
f 5943 5911 5910
f 5910 5942 5943
f 5975 5943 5942
f 5942 5974 5975
f 6007 5975 5974
f 5974 6006 6007
f 6039 6007 6006
f 6006 6038 6039
f 6071 6039 6038
f 6038 6070 6071
f 6103 6071 6070
f 6070 6102 6103
f 6135 6103 6102
f 6102 6134 6135
f 6167 6135 6134
f 6134 6166 6167
f 6199 6167 6166
f 6166 6198 6199
f 6231 6199 6198
f 6198 6230 6231
f 6263 6231 6230
f 6230 6262 6263
f 6295 6263 6262
f 6262 6294 6295
f 6327 6295 6294
f 6294 6326 6327
f 6359 6327 6326
f 6326 6358 6359
f 6391 6359 6358
f 6358 6390 6391
f 5432 5400 5399
f 5399 5431 5432
f 5464 5432 5431
f 5431 5463 5464
f 5496 5464 5463
f 5463 5495 5496
f 5528 5496 5495
f 5495 5527 5528
f 5560 5528 5527
f 5527 5559 5560
f 5592 5560 5559
f 5559 5591 5592
f 5624 5592 5591
f 5591 5623 5624
f 5656 5624 5623
f 5623 5655 5656
f 5688 5656 5655
f 5655 5687 5688
f 5720 5688 5687
f 5687 5719 5720
f 5752 5720 5719
f 5719 5751 5752
f 5784 5752 5751
f 5751 5783 5784
f 5816 5784 5783
f 5783 5815 5816
f 5848 5816 5815
f 5815 5847 5848
f 5880 5848 5847
f 5847 5879 5880
f 5912 5880 5879
f 5879 5911 5912
f 5944 5912 5911
f 5911 5943 5944
f 5976 5944 5943
f 5943 5975 5976
f 6008 5976 5975
f 5975 6007 6008
f 6040 6008 6007
f 6007 6039 6040
f 6072 6040 6039
f 6039 6071 6072
f 6104 6072 6071
f 6071 6103 6104
f 6136 6104 6103
f 6103 6135 6136
f 6168 6136 6135
f 6135 6167 6168
f 6200 6168 6167
f 6167 6199 6200
f 6232 6200 6199
f 6199 6231 6232
f 6264 6232 6231
f 6231 6263 6264
f 6296 6264 6263
f 6263 6295 6296
f 6328 6296 6295
f 6295 6327 6328
f 6360 6328 6327
f 6327 6359 6360
f 6392 6360 6359
f 6359 6391 6392
f 5433 5401 5400
f 5400 5432 5433
f 5465 5433 5432
f 5432 5464 5465
f 5497 5465 5464
f 5464 5496 5497
f 5529 5497 5496
f 5496 5528 5529
f 5561 5529 5528
f 5528 5560 5561
f 5593 5561 5560
f 5560 5592 5593
f 5625 5593 5592
f 5592 5624 5625
f 5657 5625 5624
f 5624 5656 5657
f 5689 5657 5656
f 5656 5688 5689
f 5721 5689 5688
f 5688 5720 5721
f 5753 5721 5720
f 5720 5752 5753
f 5785 5753 5752
f 5752 5784 5785
f 5817 5785 5784
f 5784 5816 5817
f 5849 5817 5816
f 5816 5848 5849
f 5881 5849 5848
f 5848 5880 5881
f 5913 5881 5880
f 5880 5912 5913
f 5945 5913 5912
f 5912 5944 5945
f 5977 5945 5944
f 5944 5976 5977
f 6009 5977 5976
f 5976 6008 6009
f 6041 6009 6008
f 6008 6040 6041
f 6073 6041 6040
f 6040 6072 6073
f 6105 6073 6072
f 6072 6104 6105
f 6137 6105 6104
f 6104 6136 6137
f 6169 6137 6136
f 6136 6168 6169
f 6201 6169 6168
f 6168 6200 6201
f 6233 6201 6200
f 6200 6232 6233
f 6265 6233 6232
f 6232 6264 6265
f 6297 6265 6264
f 6264 6296 6297
f 6329 6297 6296
f 6296 6328 6329
f 6361 6329 6328
f 6328 6360 6361
f 6393 6361 6360
f 6360 6392 6393
f 5434 5402 5401
f 5401 5433 5434
f 5466 5434 5433
f 5433 5465 5466
f 5498 5466 5465
f 5465 5497 5498
f 5530 5498 5497
f 5497 5529 5530
f 5562 5530 5529
f 5529 5561 5562
f 5594 5562 5561
f 5561 5593 5594
f 5626 5594 5593
f 5593 5625 5626
f 5658 5626 5625
f 5625 5657 5658
f 5690 5658 5657
f 5657 5689 5690
f 5722 5690 5689
f 5689 5721 5722
f 5754 5722 5721
f 5721 5753 5754
f 5786 5754 5753
f 5753 5785 5786
f 5818 5786 5785
f 5785 5817 5818
f 5850 5818 5817
f 5817 5849 5850
f 5882 5850 5849
f 5849 5881 5882
f 5914 5882 5881
f 5881 5913 5914
f 5946 5914 5913
f 5913 5945 5946
f 5978 5946 5945
f 5945 5977 5978
f 6010 5978 5977
f 5977 6009 6010
f 6042 6010 6009
f 6009 6041 6042
f 6074 6042 6041
f 6041 6073 6074
f 6106 6074 6073
f 6073 6105 6106
f 6138 6106 6105
f 6105 6137 6138
f 6170 6138 6137
f 6137 6169 6170
f 6202 6170 6169
f 6169 6201 6202
f 6234 6202 6201
f 6201 6233 6234
f 6266 6234 6233
f 6233 6265 6266
f 6298 6266 6265
f 6265 6297 6298
f 6330 6298 6297
f 6297 6329 6330
f 6362 6330 6329
f 6329 6361 6362
f 6394 6362 6361
f 6361 6393 6394
f 5435 5403 5402
f 5402 5434 5435
f 5467 5435 5434
f 5434 5466 5467
f 5499 5467 5466
f 5466 5498 5499
f 5531 5499 5498
f 5498 5530 5531
f 5563 5531 5530
f 5530 5562 5563
f 5595 5563 5562
f 5562 5594 5595
f 5627 5595 5594
f 5594 5626 5627
f 5659 5627 5626
f 5626 5658 5659
f 5691 5659 5658
f 5658 5690 5691
f 5723 5691 5690
f 5690 5722 5723
f 5755 5723 5722
f 5722 5754 5755
f 5787 5755 5754
f 5754 5786 5787
f 5819 5787 5786
f 5786 5818 5819
f 5851 5819 5818
f 5818 5850 5851
f 5883 5851 5850
f 5850 5882 5883
f 5915 5883 5882
f 5882 5914 5915
f 5947 5915 5914
f 5914 5946 5947
f 5979 5947 5946
f 5946 5978 5979
f 6011 5979 5978
f 5978 6010 6011
f 6043 6011 6010
f 6010 6042 6043
f 6075 6043 6042
f 6042 6074 6075
f 6107 6075 6074
f 6074 6106 6107
f 6139 6107 6106
f 6106 6138 6139
f 6171 6139 6138
f 6138 6170 6171
f 6203 6171 6170
f 6170 6202 6203
f 6235 6203 6202
f 6202 6234 6235
f 6267 6235 6234
f 6234 6266 6267
f 6299 6267 6266
f 6266 6298 6299
f 6331 6299 6298
f 6298 6330 6331
f 6363 6331 6330
f 6330 6362 6363
f 6395 6363 6362
f 6362 6394 6395
f 5436 5404 5403
f 5403 5435 5436
f 5468 5436 5435
f 5435 5467 5468
f 5500 5468 5467
f 5467 5499 5500
f 5532 5500 5499
f 5499 5531 5532
f 5564 5532 5531
f 5531 5563 5564
f 5596 5564 5563
f 5563 5595 5596
f 5628 5596 5595
f 5595 5627 5628
f 5660 5628 5627
f 5627 5659 5660
f 5692 5660 5659
f 5659 5691 5692
f 5724 5692 5691
f 5691 5723 5724
f 5756 5724 5723
f 5723 5755 5756
f 5788 5756 5755
f 5755 5787 5788
f 5820 5788 5787
f 5787 5819 5820
f 5852 5820 5819
f 5819 5851 5852
f 5884 5852 5851
f 5851 5883 5884
f 5916 5884 5883
f 5883 5915 5916
f 5948 5916 5915
f 5915 5947 5948
f 5980 5948 5947
f 5947 5979 5980
f 6012 5980 5979
f 5979 6011 6012
f 6044 6012 6011
f 6011 6043 6044
f 6076 6044 6043
f 6043 6075 6076
f 6108 6076 6075
f 6075 6107 6108
f 6140 6108 6107
f 6107 6139 6140
f 6172 6140 6139
f 6139 6171 6172
f 6204 6172 6171
f 6171 6203 6204
f 6236 6204 6203
f 6203 6235 6236
f 6268 6236 6235
f 6235 6267 6268
f 6300 6268 6267
f 6267 6299 6300
f 6332 6300 6299
f 6299 6331 6332
f 6364 6332 6331
f 6331 6363 6364
f 6396 6364 6363
f 6363 6395 6396
f 5437 5405 5404
f 5404 5436 5437
f 5469 5437 5436
f 5436 5468 5469
f 5501 5469 5468
f 5468 5500 5501
f 5533 5501 5500
f 5500 5532 5533
f 5565 5533 5532
f 5532 5564 5565
f 5597 5565 5564
f 5564 5596 5597
f 5629 5597 5596
f 5596 5628 5629
f 5661 5629 5628
f 5628 5660 5661
f 5693 5661 5660
f 5660 5692 5693
f 5725 5693 5692
f 5692 5724 5725
f 5757 5725 5724
f 5724 5756 5757
f 5789 5757 5756
f 5756 5788 5789
f 5821 5789 5788
f 5788 5820 5821
f 5853 5821 5820
f 5820 5852 5853
f 5885 5853 5852
f 5852 5884 5885
f 5917 5885 5884
f 5884 5916 5917
f 5949 5917 5916
f 5916 5948 5949
f 5981 5949 5948
f 5948 5980 5981
f 6013 5981 5980
f 5980 6012 6013
f 6045 6013 6012
f 6012 6044 6045
f 6077 6045 6044
f 6044 6076 6077
f 6109 6077 6076
f 6076 6108 6109
f 6141 6109 6108
f 6108 6140 6141
f 6173 6141 6140
f 6140 6172 6173
f 6205 6173 6172
f 6172 6204 6205
f 6237 6205 6204
f 6204 6236 6237
f 6269 6237 6236
f 6236 6268 6269
f 6301 6269 6268
f 6268 6300 6301
f 6333 6301 6300
f 6300 6332 6333
f 6365 6333 6332
f 6332 6364 6365
f 6397 6365 6364
f 6364 6396 6397
f 5438 5406 5405
f 5405 5437 5438
f 5470 5438 5437
f 5437 5469 5470
f 5502 5470 5469
f 5469 5501 5502
f 5534 5502 5501
f 5501 5533 5534
f 5566 5534 5533
f 5533 5565 5566
f 5598 5566 5565
f 5565 5597 5598
f 5630 5598 5597
f 5597 5629 5630
f 5662 5630 5629
f 5629 5661 5662
f 5694 5662 5661
f 5661 5693 5694
f 5726 5694 5693
f 5693 5725 5726
f 5758 5726 5725
f 5725 5757 5758
f 5790 5758 5757
f 5757 5789 5790
f 5822 5790 5789
f 5789 5821 5822
f 5854 5822 5821
f 5821 5853 5854
f 5886 5854 5853
f 5853 5885 5886
f 5918 5886 5885
f 5885 5917 5918
f 5950 5918 5917
f 5917 5949 5950
f 5982 5950 5949
f 5949 5981 5982
f 6014 5982 5981
f 5981 6013 6014
f 6046 6014 6013
f 6013 6045 6046
f 6078 6046 6045
f 6045 6077 6078
f 6110 6078 6077
f 6077 6109 6110
f 6142 6110 6109
f 6109 6141 6142
f 6174 6142 6141
f 6141 6173 6174
f 6206 6174 6173
f 6173 6205 6206
f 6238 6206 6205
f 6205 6237 6238
f 6270 6238 6237
f 6237 6269 6270
f 6302 6270 6269
f 6269 6301 6302
f 6334 6302 6301
f 6301 6333 6334
f 6366 6334 6333
f 6333 6365 6366
f 6398 6366 6365
f 6365 6397 6398
