v -2930.43 139.934 1028.41
v -2930.43 140.058 1028.41
v -2930.63 139.934 1028.41
v -2930.63 140.058 1028.41
v -2930.47 140.111 1028.46
v -2930.47 140.111 1028.56
v -2930.58 140.111 1028.46
v -2930.58 140.111 1028.56
v -2930.43 140.058 1028.61
v -2930.43 139.934 1028.61
v -2930.63 140.058 1028.61
v -2930.63 139.934 1028.61
v -2930.43 139.934 1028.61
v -2930.43 139.934 1028.41
v -2930.63 139.934 1028.61
v -2930.63 139.934 1028.41
v -2930.63 139.934 1028.41
v -2930.63 140.058 1028.41
v -2930.63 139.934 1028.61
v -2930.63 140.058 1028.61
v -2930.43 139.934 1028.61
v -2930.43 140.058 1028.61
v -2930.43 139.934 1028.41
v -2930.43 140.058 1028.41
v -2930.73 140.063 1028.31
v -2930.63 140.058 1028.41
v -2930.33 140.063 1028.31
v -2930.43 140.058 1028.41
v -2930.73 140.063 1028.71
v -2930.63 140.058 1028.61
v -2930.73 140.063 1028.31
v -2930.63 140.058 1028.41
v -2930.33 140.063 1028.71
v -2930.43 140.058 1028.61
v -2930.73 140.063 1028.71
v -2930.63 140.058 1028.61
v -2930.33 140.063 1028.31
v -2930.43 140.058 1028.41
v -2930.33 140.063 1028.71
v -2930.43 140.058 1028.61
v -2930.33 140.063 1028.31
v -2930.46 140.126 1028.44
v -2930.73 140.063 1028.31
v -2930.59 140.126 1028.44
v -2930.73 140.063 1028.31
v -2930.59 140.126 1028.44
v -2930.73 140.063 1028.71
v -2930.59 140.126 1028.57
v -2930.73 140.063 1028.71
v -2930.59 140.126 1028.57
v -2930.33 140.063 1028.71
v -2930.46 140.126 1028.57
v -2930.33 140.063 1028.71
v -2930.46 140.126 1028.57
v -2930.33 140.063 1028.31
v -2930.46 140.126 1028.44
v -2930.46 140.126 1028.44
v -2930.47 140.111 1028.46
v -2930.59 140.126 1028.44
v -2930.58 140.111 1028.46
v -2930.59 140.126 1028.44
v -2930.58 140.111 1028.46
v -2930.59 140.126 1028.57
v -2930.58 140.111 1028.56
v -2930.59 140.126 1028.57
v -2930.58 140.111 1028.56
v -2930.46 140.126 1028.57
v -2930.47 140.111 1028.56
v -2930.46 140.126 1028.57
v -2930.47 140.111 1028.56
v -2930.46 140.126 1028.44
v -2930.47 140.111 1028.46
v -2935.41 142.663 1028.17
v -2935.65 144.032 1028.32
v -2935.45 144.031 1028.35
v -2935.28 142.724 1028.05
v -2935.28 142.724 1028.05
v -2935.45 144.031 1028.35
v -2935.3 144.03 1028.24
v -2935.32 142.771 1027.84
v -2935.3 144.028 1028.04
v -2935.51 142.776 1027.66
v -2935.44 144.028 1027.88
v -2935.73 142.736 1027.61
v -2935.65 144.029 1027.85
v -2935.86 142.676 1027.73
v -2935.79 144.031 1027.97
v -2935.82 142.629 1027.94
v -2935.61 145.437 1028.11
v -2935.5 145.452 1028.26
v -2935.5 145.452 1028.26
v -2935.32 145.418 1028.29
v -2935.18 145.355 1028.19
v -2935.16 145.301 1028.02
v -2935.27 145.286 1027.87
v -2935.45 145.32 1027.84
v -2935.26 146.668 1027.58
v -2935.28 146.775 1027.74
v -2935.28 146.775 1027.74
v -2935.18 146.81 1027.88
v -2935.01 146.754 1027.94
v -2934.88 146.639 1027.87
v -2934.86 146.533 1027.71
v -2934.96 146.497 1027.56
v -2934.65 147.572 1026.85
v -2934.77 147.725 1026.88
v -2934.77 147.725 1026.88
v -2934.78 147.876 1027
v -2934.67 147.936 1027.14
v -2934.52 147.87 1027.22
v -2934.4 147.716 1027.19
v -2934.39 147.565 1027.07
v -2933.87 148.113 1026.04
v -2934.01 148.178 1025.94
v -2934.01 148.178 1025.94
v -2934.11 148.353 1025.93
v -2934.1 148.535 1026.01
v -2933.99 148.618 1026.13
v -2933.84 148.554 1026.23
v -2933.75 148.379 1026.24
v -2933.02 148.322 1025.19
v -2933.14 148.221 1025.09
v -2933.14 148.221 1025.09
v -2933.27 148.275 1024.97
v -2933.34 148.452 1024.91
v -2933.3 148.648 1024.95
v -2933.18 148.749 1025.05
v -2933.05 148.695 1025.17
v -2932.17 148.189 1024.31
v -2932.24 147.999 1024.33
v -2932.24 147.999 1024.33
v -2932.37 147.892 1024.25
v -2932.5 147.93 1024.13
v -2932.55 148.091 1024.03
v -2932.49 148.281 1024.01
v -2932.35 148.388 1024.08
v -2931.43 147.656 1023.42
v -2931.4 147.526 1023.56
v -2931.4 147.526 1023.56
v -2931.49 147.362 1023.63
v -2931.64 147.261 1023.58
v -2931.77 147.282 1023.45
v -2931.8 147.412 1023.32
v -2931.71 147.576 1023.25
v -2930.88 146.702 1022.66
v -2930.74 146.696 1022.78
v -2930.74 146.696 1022.78
v -2930.72 146.606 1022.95
v -2930.83 146.486 1023.05
v -2930.99 146.405 1023.04
v -2931.13 146.412 1022.91
v -2931.15 146.501 1022.75
v -2930.58 145.428 1022.17
v -2930.4 145.474 1022.16
v -2930.4 145.474 1022.16
v -2930.26 145.475 1022.27
v -2930.24 145.431 1022.45
v -2930.35 145.367 1022.59
v -2930.53 145.32 1022.6
v -2930.67 145.319 1022.48
v -2930.55 144.031 1022.04
v -2930.45 144.033 1021.89
v -2930.45 144.033 1021.89
v -2930.25 144.034 1021.87
v -2930.08 144.035 1022
v -2930.03 144.033 1022.19
v -2930.13 144.032 1022.34
v -2930.33 144.031 1022.36
v -2930.7 142.692 1022.26
v -2930.79 142.657 1022.05
v -2930.79 142.657 1022.05
v -2930.71 142.596 1021.89
v -2930.51 142.547 1021.88
v -2930.29 142.537 1022.03
v -2930.2 142.573 1022.24
v -2930.28 142.633 1022.4
v -2935.83 142.519 1028.35
v -2936.13 144.034 1028.13
v -2936 144.034 1028.28
v -2935.62 142.556 1028.39
v -2935.81 144.033 1028.31
v -2935.5 142.613 1028.28
v -2935.68 144.032 1028.2
v -2935.54 142.657 1028.08
v -2935.81 144.03 1027.87
v -2935.92 142.625 1027.87
v -2936 144.031 1027.84
v -2936.05 142.568 1027.98
v -2936.13 144.033 1027.95
v -2936.01 142.524 1028.18
v -2936.13 144.034 1028.13
v -2935.83 142.519 1028.35
v -2935.79 145.366 1027.7
v -2935.82 145.417 1027.87
v -2935.71 145.431 1028
v -2935.55 145.399 1028.03
v -2935.39 145.289 1027.77
v -2935.49 145.275 1027.64
v -2935.66 145.307 1027.61
v -2935.79 145.366 1027.7
v -2935.12 146.378 1027.24
v -2935.24 146.486 1027.31
v -2935.26 146.586 1027.45
v -2935.16 146.619 1027.59
v -2934.88 146.458 1027.57
v -2934.86 146.359 1027.43
v -2934.96 146.325 1027.29
v -2935.12 146.378 1027.24
v -2934.31 147.234 1026.85
v -2934.46 147.296 1026.78
v -2934.57 147.441 1026.81
v -2934.57 147.582 1026.93
v -2934.33 147.576 1027.13
v -2934.22 147.432 1027.1
v -2934.22 147.291 1026.98
v -2934.31 147.234 1026.85
v -2933.52 148.062 1026.32
v -2933.62 147.984 1026.2
v -2933.76 148.045 1026.11
v -2933.84 148.209 1026.1
v -2933.73 148.458 1026.29
v -2933.59 148.397 1026.38
v -2933.51 148.233 1026.4
v -2933.52 148.062 1026.32
v -2932.76 148.667 1025.41
v -2932.8 148.483 1025.38
v -2932.91 148.389 1025.28
v -2933.04 148.44 1025.17
v -2933.07 148.79 1025.15
v -2932.95 148.884 1025.25
v -2932.83 148.833 1025.35
v -2932.76 148.667 1025.41
v -2932.1 148.671 1024.19
v -2932.05 148.52 1024.29
v -2932.11 148.342 1024.31
v -2932.24 148.241 1024.23
v -2932.4 148.427 1024.02
v -2932.34 148.605 1024
v -2932.22 148.706 1024.08
v -2932.1 148.671 1024.19
v -2931.59 147.913 1023.07
v -2931.47 147.894 1023.19
v -2931.44 147.772 1023.31
v -2931.52 147.618 1023.38
v -2931.79 147.542 1023.21
v -2931.81 147.665 1023.09
v -2931.73 147.818 1023.02
v -2931.59 147.913 1023.07
v -2931.26 146.648 1022.42
v -2931.1 146.723 1022.43
v -2930.98 146.717 1022.55
v -2930.96 146.633 1022.7
v -2931.21 146.445 1022.78
v -2931.34 146.451 1022.67
v -2931.36 146.535 1022.51
v -2931.26 146.648 1022.42
v -2931 145.29 1022.3
v -2930.9 145.35 1022.18
v -2930.73 145.394 1022.16
v -2930.6 145.395 1022.27
v -2930.68 145.293 1022.57
v -2930.85 145.249 1022.58
v -2930.98 145.248 1022.47
v -2931 145.29 1022.3
v -2930.7 144.027 1022.48
v -2930.75 144.028 1022.29
v -2930.65 144.03 1022.15
v -2930.47 144.031 1022.14
v -2930.26 144.03 1022.44
v -2930.36 144.029 1022.58
v -2930.54 144.028 1022.6
v -2930.7 144.027 1022.48
v -2930.35 142.749 1022.78
v -2930.55 142.759 1022.64
v -2930.64 142.725 1022.44
v -2930.56 142.669 1022.29
v -2930.17 142.613 1022.42
v -2930.08 142.647 1022.62
v -2930.16 142.703 1022.77
v -2930.35 142.749 1022.78
v -2935.47 142.548 1028.55
v -2936.01 144.035 1028.44
v -2935.93 144.035 1028.54
v -2935.33 142.573 1028.57
v -2935.8 144.035 1028.56
v -2935.25 142.611 1028.5
v -2935.71 144.034 1028.49
v -2935.28 142.64 1028.37
v -2935.71 144.033 1028.37
v -2935.39 142.643 1028.26
v -2935.8 144.033 1028.27
v -2935.53 142.619 1028.23
v -2936.01 144.034 1028.32
v -2935.59 142.552 1028.43
v -2936.01 144.035 1028.44
v -2935.47 142.548 1028.55
v -2935.94 145.468 1027.94
v -2935.95 145.502 1028.05
v -2935.89 145.511 1028.14
v -2935.77 145.49 1028.16
v -2935.69 145.451 1028.1
v -2935.67 145.417 1027.99
v -2935.85 145.429 1027.88
v -2935.94 145.468 1027.94
v -2935.38 146.526 1027.25
v -2935.46 146.598 1027.3
v -2935.48 146.665 1027.39
v -2935.41 146.687 1027.49
v -2935.31 146.652 1027.52
v -2935.22 146.58 1027.47
v -2935.28 146.491 1027.29
v -2935.38 146.526 1027.25
v -2934.54 147.237 1026.66
v -2934.63 147.279 1026.61
v -2934.71 147.375 1026.63
v -2934.71 147.469 1026.71
v -2934.65 147.507 1026.8
v -2934.55 147.465 1026.85
v -2934.47 147.275 1026.75
v -2934.54 147.237 1026.66
v -2933.62 147.828 1026.14
v -2933.69 147.776 1026.06
v -2933.78 147.817 1026
v -2933.84 147.926 1025.99
v -2933.83 148.04 1026.04
v -2933.76 148.092 1026.12
v -2933.62 147.942 1026.19
v -2933.62 147.828 1026.14
v -2932.74 148.342 1025.44
v -2932.76 148.219 1025.42
v -2932.83 148.156 1025.35
v -2932.92 148.19 1025.28
v -2932.96 148.301 1025.24
v -2932.94 148.423 1025.26
v -2932.78 148.452 1025.4
v -2932.74 148.342 1025.44
v -2931.94 148.499 1024.39
v -2931.91 148.399 1024.46
v -2931.95 148.28 1024.47
v -2932.04 148.213 1024.42
v -2932.12 148.236 1024.34
v -2932.15 148.337 1024.28
v -2932.02 148.523 1024.31
v -2931.94 148.499 1024.39
v -2931.34 147.986 1023.22
v -2931.26 147.973 1023.3
v -2931.24 147.892 1023.38
v -2931.3 147.789 1023.42
v -2931.39 147.726 1023.39
v -2931.47 147.739 1023.31
v -2931.44 147.922 1023.19
v -2931.34 147.986 1023.22
v -2931.03 146.824 1022.33
v -2930.92 146.874 1022.34
v -2930.84 146.87 1022.42
v -2930.82 146.814 1022.52
v -2930.89 146.739 1022.59
v -2930.99 146.689 1022.58
v -2931.09 146.748 1022.4
v -2931.03 146.824 1022.33
v -2930.92 145.385 1022.03
v -2930.86 145.425 1021.95
v -2930.74 145.454 1021.94
v -2930.66 145.454 1022.01
v -2930.64 145.426 1022.12
v -2930.71 145.386 1022.21
v -2930.91 145.357 1022.14
v -2930.92 145.385 1022.03
v -2930.9 144.028 1022.2
v -2930.93 144.029 1022.07
v -2930.86 144.03 1021.98
v -2930.74 144.031 1021.97
v -2930.63 144.031 1022.05
v -2930.6 144.03 1022.17
v -2930.79 144.028 1022.28
v -2930.9 144.028 1022.2
v -2930.72 142.802 1022.66
v -2930.85 142.808 1022.57
v -2930.91 142.786 1022.44
v -2930.86 142.748 1022.34
v -2930.73 142.717 1022.33
v -2930.6 142.711 1022.42
v -2930.59 142.771 1022.66
v -2930.72 142.802 1022.66
v -2935.93 144.031 1027.85
v -2935.72 144.03 1027.97
v -2935.79 142.651 1027.89
v -2936.01 142.589 1027.93
v -2935.63 144.029 1027.89
v -2935.81 142.68 1027.76
v -2935.63 144.028 1027.77
v -2935.93 142.684 1027.64
v -2935.71 144.028 1027.67
v -2936.07 142.659 1027.62
v -2935.84 144.029 1027.65
v -2936.15 142.621 1027.69
v -2935.93 144.03 1027.73
v -2936.12 142.592 1027.82
v -2935.93 144.031 1027.85
v -2936.01 142.589 1027.93
v -2935.45 145.278 1027.68
v -2935.4 145.322 1027.88
v -2935.29 145.3 1027.9
v -2935.2 145.261 1027.84
v -2935.18 145.227 1027.73
v -2935.25 145.218 1027.64
v -2935.36 145.239 1027.62
v -2935.45 145.278 1027.68
v -2934.86 146.393 1027.48
v -2934.96 146.532 1027.62
v -2934.89 146.554 1027.72
v -2934.79 146.519 1027.75
v -2934.71 146.447 1027.7
v -2934.69 146.381 1027.61
v -2934.76 146.358 1027.52
v -2934.86 146.393 1027.48
v -2934.26 147.487 1027.11
v -2934.43 147.624 1027.09
v -2934.43 147.719 1027.16
v -2934.37 147.756 1027.25
v -2934.27 147.715 1027.3
v -2934.2 147.619 1027.28
v -2934.19 147.524 1027.2
v -2934.26 147.487 1027.11
v -2933.64 148.425 1026.35
v -2933.8 148.413 1026.21
v -2933.86 148.523 1026.2
v -2933.85 148.637 1026.26
v -2933.78 148.689 1026.33
v -2933.69 148.648 1026.4
v -2933.64 148.539 1026.4
v -2933.64 148.425 1026.35
v -2933 148.855 1025.21
v -2933.1 148.669 1025.12
v -2933.18 148.703 1025.05
v -2933.22 148.814 1025.02
v -2933.2 148.936 1025.04
v -2933.12 148.999 1025.1
v -2933.04 148.965 1025.17
v -2933 148.855 1025.21
v -2932.37 148.541 1024.01
v -2932.38 148.322 1024.08
v -2932.46 148.255 1024.03
v -2932.55 148.278 1023.96
v -2932.57 148.379 1023.89
v -2932.54 148.498 1023.88
v -2932.45 148.565 1023.93
v -2932.37 148.541 1024.01
v -2931.81 147.617 1023.13
v -2931.71 147.522 1023.3
v -2931.76 147.42 1023.34
v -2931.86 147.357 1023.31
v -2931.94 147.37 1023.23
v -2931.96 147.451 1023.14
v -2931.9 147.553 1023.1
v -2931.81 147.617 1023.13
v -2931.29 146.445 1022.71
v -2931.11 146.491 1022.8
v -2931.09 146.435 1022.9
v -2931.16 146.36 1022.97
v -2931.26 146.31 1022.96
v -2931.35 146.314 1022.88
v -2931.36 146.37 1022.78
v -2931.29 146.445 1022.71
v -2930.79 145.264 1022.58
v -2930.61 145.333 1022.49
v -2930.52 145.334 1022.56
v -2930.5 145.306 1022.67
v -2930.57 145.266 1022.75
v -2930.68 145.237 1022.76
v -2930.77 145.236 1022.69
v -2930.79 145.264 1022.58
v -2930.32 144.029 1022.53
v -2930.28 144.031 1022.31
v -2930.16 144.032 1022.3
v -2930.05 144.032 1022.38
v -2930.02 144.031 1022.5
v -2930.09 144.03 1022.6
v -2930.21 144.029 1022.61
v -2930.32 144.029 1022.53
v -2930.3 142.617 1022.32
v -2930.11 142.633 1022.55
v -2930.25 142.579 1022.22
v -2930.12 142.548 1022.22
v -2929.99 142.542 1022.31
v -2929.93 142.564 1022.44
v -2929.98 142.602 1022.54
v -2930.11 142.633 1022.55
v -2935.33 142.664 1028.23
v -2935.64 144.033 1028.39
v -2935.55 144.033 1028.49
v -2935.19 142.688 1028.26
v -2935.43 144.032 1028.51
v -2935.11 142.726 1028.18
v -2935.34 144.031 1028.44
v -2935.14 142.755 1028.05
v -2935.34 144.03 1028.32
v -2935.25 142.759 1027.94
v -2935.43 144.03 1028.22
v -2935.39 142.734 1027.91
v -2935.64 144.032 1028.27
v -2935.45 142.667 1028.12
v -2935.64 144.033 1028.39
v -2935.33 142.664 1028.23
v -2935.66 145.461 1028.16
v -2935.67 145.495 1028.27
v -2935.61 145.504 1028.36
v -2935.49 145.483 1028.38
v -2935.41 145.444 1028.31
v -2935.39 145.41 1028.21
v -2935.57 145.422 1028.09
v -2935.66 145.461 1028.16
v -2935.33 146.693 1027.57
v -2935.41 146.765 1027.61
v -2935.42 146.832 1027.71
v -2935.36 146.854 1027.8
v -2935.25 146.819 1027.84
v -2935.17 146.747 1027.79
v -2935.22 146.658 1027.6
v -2935.33 146.693 1027.57
v -2934.7 147.555 1026.8
v -2934.79 147.597 1026.75
v -2934.86 147.693 1026.77
v -2934.87 147.787 1026.85
v -2934.8 147.825 1026.93
v -2934.71 147.783 1026.98
v -2934.63 147.593 1026.89
v -2934.7 147.555 1026.8
v -2933.88 148.048 1026
v -2933.95 147.996 1025.92
v -2934.04 148.036 1025.86
v -2934.1 148.145 1025.86
v -2934.09 148.259 1025.91
v -2934.02 148.311 1025.98
v -2933.87 148.162 1026.05
v -2933.88 148.048 1026
v -2933 148.252 1025.21
v -2933.02 148.129 1025.19
v -2933.09 148.066 1025.13
v -2933.18 148.1 1025.05
v -2933.22 148.211 1025.02
v -2933.2 148.333 1025.04
v -2933.04 148.362 1025.17
v -2933 148.252 1025.21
v -2932.13 148.168 1024.36
v -2932.1 148.067 1024.42
v -2932.14 147.948 1024.43
v -2932.22 147.881 1024.39
v -2932.3 147.905 1024.31
v -2932.33 148.005 1024.24
v -2932.21 148.191 1024.28
v -2932.13 148.168 1024.36
v -2931.37 147.689 1023.45
v -2931.29 147.676 1023.53
v -2931.27 147.595 1023.61
v -2931.33 147.492 1023.65
v -2931.42 147.429 1023.63
v -2931.5 147.442 1023.54
v -2931.47 147.626 1023.42
v -2931.37 147.689 1023.45
v -2930.83 146.746 1022.62
v -2930.73 146.797 1022.63
v -2930.65 146.793 1022.71
v -2930.63 146.737 1022.81
v -2930.7 146.662 1022.88
v -2930.8 146.611 1022.87
v -2930.9 146.671 1022.69
v -2930.83 146.746 1022.62
v -2930.58 145.446 1022.1
v -2930.51 145.486 1022.02
v -2930.4 145.515 1022.01
v -2930.31 145.516 1022.08
v -2930.3 145.488 1022.2
v -2930.37 145.448 1022.28
v -2930.57 145.418 1022.21
v -2930.58 145.446 1022.1
v -2930.61 144.031 1021.99
v -2930.64 144.032 1021.86
v -2930.57 144.033 1021.77
v -2930.45 144.034 1021.76
v -2930.34 144.034 1021.84
v -2930.31 144.033 1021.96
v -2930.5 144.032 1022.06
v -2930.61 144.031 1021.99
v -2930.78 142.709 1022.26
v -2930.91 142.715 1022.17
v -2930.97 142.693 1022.03
v -2930.92 142.656 1021.93
v -2930.79 142.625 1021.93
v -2930.66 142.618 1022.02
v -2930.65 142.678 1022.25
v -2930.78 142.709 1022.26
v -2933.21 148.417 1025.17
v -2932.95 154.449 1025.04
v -2932.88 154.449 1025.17
v -2933.15 148.417 1025.27
v -2932.73 154.449 1025.22
v -2933.05 148.417 1025.31
v -2932.6 154.449 1025.15
v -2932.94 148.417 1025.26
v -2932.55 154.449 1025.01
v -2932.91 148.417 1025.15
v -2932.62 154.449 1024.87
v -2932.96 148.417 1025.04
v -2932.76 154.449 1024.82
v -2933.07 148.417 1025.01
v -2932.9 154.449 1024.89
v -2933.17 148.417 1025.06
v -2932.95 154.449 1025.04
v -2933.21 148.417 1025.17
v -2929.82 152.536 1021.44
v -2936.26 153.062 1028.93
v -2936.16 153.008 1029.02
v -2929.72 152.482 1021.53
v -2936.06 153.062 1029.1
v -2929.62 152.536 1021.61
v -2936.01 153.192 1029.13
v -2929.57 152.665 1021.64
v -2936.05 153.322 1029.09
v -2929.61 152.795 1021.6
v -2936.15 153.375 1029
v -2929.71 152.849 1021.51
v -2936.25 153.322 1028.92
v -2929.81 152.795 1021.43
v -2936.29 153.192 1028.89
v -2929.85 152.665 1021.4
v -2936.26 153.062 1028.93
v -2929.82 152.536 1021.44
v -2933.32 148.535 1025.33
v -2933.54 153.341 1025.88
v -2933.51 153.335 1025.94
v -2933.28 148.529 1025.4
v -2933.44 153.336 1025.97
v -2933.21 148.53 1025.42
v -2933.37 153.343 1025.93
v -2933.15 148.537 1025.39
v -2933.35 153.352 1025.86
v -2933.12 148.546 1025.32
v -2933.38 153.358 1025.8
v -2933.16 148.552 1025.25
v -2933.45 153.357 1025.77
v -2933.23 148.551 1025.23
v -2933.52 153.35 1025.81
v -2933.29 148.544 1025.26
v -2933.54 153.341 1025.88
v -2933.32 148.535 1025.33
v -2932.68 153.039 1024.96
v -2932.58 153.034 1024.84
v -2932.8 152.97 1024.75
v -2932.83 152.997 1024.89
v -2932.6 152.997 1025.09
v -2932.46 152.97 1025.04
v -2932.62 152.895 1025.21
v -2932.49 152.817 1025.23
v -2932.74 152.792 1025.26
v -2932.67 152.663 1025.29
v -2932.89 152.75 1025.19
v -2932.89 152.599 1025.2
v -2932.97 152.792 1025.06
v -2933.02 152.663 1025
v -2932.94 152.895 1024.94
v -2932.98 152.817 1024.81
v -2932.83 152.997 1024.89
v -2932.8 152.97 1024.75
v -2932.58 153.184 1024.84
v -2932.87 153.099 1024.71
v -2932.41 153.099 1025.1
v -2932.46 152.895 1025.35
v -2932.7 152.69 1025.44
v -2932.99 152.605 1025.31
v -2933.16 152.69 1025.05
v -2933.11 152.895 1024.8
v -2932.87 153.099 1024.71
v -2932.68 153.19 1024.95
v -2932.89 153.126 1024.86
v -2932.55 153.126 1025.15
v -2932.59 152.973 1025.34
v -2932.77 152.819 1025.4
v -2932.98 152.755 1025.31
v -2933.11 152.819 1025.11
v -2933.07 152.973 1024.92
v -2932.89 153.126 1024.86
v -2932.68 153.039 1024.96
v -2932.83 152.997 1024.89
v -2932.6 152.997 1025.09
v -2932.62 152.895 1025.21
v -2932.74 152.792 1025.26
v -2932.89 152.75 1025.19
v -2932.97 152.792 1025.06
v -2932.94 152.895 1024.94
v -2932.83 152.997 1024.89
v -2932.88 153.048 1025.19
v -2932.91 153.194 1025.17
v -2933.06 153.076 1025.02
v -2932.98 152.969 1025.09
v -2932.72 153.037 1025.22
v -2932.67 153.178 1025.22
v -2932.6 152.943 1025.17
v -2932.48 153.037 1025.14
v -2932.58 152.82 1025.06
v -2932.46 152.853 1024.98
v -2932.69 152.741 1024.96
v -2932.62 152.735 1024.83
v -2932.85 152.752 1024.93
v -2932.86 152.751 1024.78
v -2932.97 152.846 1024.98
v -2933.04 152.892 1024.86
v -2932.98 152.969 1025.09
v -2933.06 153.076 1025.02
v -2932.98 153.201 1025.3
v -2933.18 153.043 1025.1
v -2932.66 153.179 1025.37
v -2932.41 152.991 1025.26
v -2932.38 152.746 1025.05
v -2932.59 152.588 1024.85
v -2932.91 152.61 1024.78
v -2933.15 152.798 1024.89
v -2933.18 153.043 1025.1
v -2932.95 153.054 1025.32
v -2933.1 152.936 1025.17
v -2932.71 153.038 1025.37
v -2932.53 152.897 1025.29
v -2932.51 152.713 1025.13
v -2932.66 152.595 1024.98
v -2932.9 152.611 1024.93
v -2933.08 152.752 1025.01
v -2933.1 152.936 1025.17
v -2932.88 153.048 1025.19
v -2932.98 152.969 1025.09
v -2932.72 153.037 1025.22
v -2932.6 152.943 1025.17
v -2932.58 152.82 1025.06
v -2932.69 152.741 1024.96
v -2932.85 152.752 1024.93
v -2932.97 152.846 1024.98
v -2932.98 152.969 1025.09
v -2929.48 142.719 1021.35
v -2929.38 142.811 1021.55
v -2929.28 143.405 1021.54
v -2929.62 143.324 1021.94
v -2929.77 142.664 1022.17
v -2929.57 144.831 1021.13
v -2929.62 145.153 1021.58
v -2929.62 145.531 1021.21
v -2929.79 145.319 1021.59
v -2929.4 144.642 1021.55
v -2929.62 144.83 1021.93
v -2929.62 145.153 1021.58
v -2929.62 145.327 1021.76
v -2929.79 145.319 1021.59
v -2929.62 145.327 1021.76
v -2929.62 145.531 1021.21
v -2929.96 145.433 1021.6
v -2929.74 145.763 1021.26
v -2929.92 145.792 1021.11
v -2929.74 145.763 1021.26
v -2930.33 144.816 1020.97
v -2930.05 145.57 1020.91
v -2930.44 145.507 1021.23
v -2930.17 145.889 1021.11
v -2930.05 145.57 1020.91
v -2929.92 145.792 1021.11
v -2930.01 146.039 1021.26
v -2930.17 145.889 1021.11
v -2930.05 145.57 1020.91
v -2930.03 144.777 1020.84
v -2930.03 144.777 1020.84
v -2929.62 145.56 1021.93
v -2929.62 145.56 1021.93
v -2929.94 145.722 1021.71
v -2929.62 145.56 1021.93
v -2929.95 144.794 1022.26
v -2929.95 145.549 1022.28
v -2929.94 145.845 1022.15
v -2929.78 145.833 1021.98
v -2929.78 145.833 1021.98
v -2929.9 146.043 1021.46
v -2930.53 145.496 1021.42
v -2930.25 146.148 1021.34
v -2930.11 145.514 1022.09
v -2929.94 145.845 1022.15
v -2929.93 142.595 1022.38
v -2930.15 142.619 1022.24
v -2929.95 143.253 1022.33
v -2930.39 142.671 1022.04
v -2930.57 142.667 1021.83
v -2930.67 143.229 1021.02
v -2930.7 142.73 1021.64
v -2930.69 142.574 1021.03
v -2930.51 143.301 1021.8
v -2930.6 143.333 1021.63
v -2930.68 143.305 1021.35
v -2930.4 142.575 1020.89
v -2930.6 144.033 1021.07
v -2930.03 143.287 1020.78
v -2930.53 144.796 1021.63
v -2930.61 144.804 1021.36
v -2929.9 146.043 1021.46
v -2930.11 146.172 1021.47
v -2929.74 145.763 1021.26
v -2930.01 146.039 1021.26
v -2930.3 146.114 1021.49
v -2930.25 146.148 1021.34
v -2930.3 146.114 1021.49
v -2929.92 146.017 1021.82
v -2930.02 146.065 1021.91
v -2929.95 146.076 1021.71
v -2930.16 146.047 1021.9
v -2929.92 146.017 1021.82
v -2929.95 146.076 1021.71
v -2929.78 145.833 1021.98
v -2930.25 146.064 1021.76
v -2930.16 146.047 1021.9
v -2930.02 146.065 1021.91
v -2930.3 145.819 1021.77
v -2930.25 146.064 1021.76
v -2929.57 143.296 1021.1
v -2929.36 144.068 1021.3
v -2929.41 144.031 1021.71
v -2929.82 142.625 1020.97
v -2930.03 143.287 1020.78
v -2929.79 144.035 1020.9
v -2929.82 142.625 1020.97
v -2929.94 145.845 1022.15
v -2930.46 145.824 1021.64
v -2930.46 145.824 1021.64
v -2930.32 144.67 1021.83
v -2930.13 144.038 1022.1
v -2929.81 144.031 1022.11
v -2930.42 145.501 1021.75
v -2935.58 142.847 1028.42
v -2935.48 142.885 1028.66
v -2935.54 144.098 1028.47
v -2935.41 144.109 1028.91
v -2935.48 142.885 1028.66
v -2935.48 142.815 1028.95
v -2935.41 144.109 1028.91
v -2935.71 143.543 1028.22
v -2935.7 142.863 1028.2
v -2935.92 143.55 1027.99
v -2935.92 142.857 1028.15
v -2936.17 144.114 1027.84
v -2936.16 143.57 1027.96
v -2935.97 144.693 1028.09
v -2936.4 144.115 1028.03
v -2936.17 144.677 1027.88
v -2935.49 144.13 1029.2
v -2936.03 144.11 1029.52
v -2936.04 145.226 1029.45
v -2935.57 145.113 1029.17
v -2936.03 143.568 1029.53
v -2935.56 144.551 1028.96
v -2935.49 143.473 1029.22
v -2935.49 144.13 1029.2
v -2935.57 145.113 1029.17
v -2935.56 144.551 1028.96
v -2935.75 142.78 1029.37
v -2936.62 145.213 1028.26
v -2936.73 144.677 1028.5
v -2936.56 145.663 1028.29
v -2936.65 145.558 1028.74
v -2936.25 144.678 1029.31
v -2936.24 145.221 1029.27
v -2936.05 145.601 1029.29
v -2936.05 145.601 1029.29
v -2936.43 145.242 1029.07
v -2936.3 145.961 1028.96
v -2936.55 144.667 1028.93
v -2936.51 143.494 1029.18
v -2936.81 144.149 1028.73
v -2936.72 144.67 1028.74
v -2936.66 144.111 1028.93
v -2936.82 143.583 1028.75
v -2936.73 143.542 1028.51
v -2936.03 142.82 1029.51
v -2936.29 142.808 1029.36
v -2936.53 142.816 1029.18
v -2936.81 142.89 1028.75
v -2936.67 142.85 1028.57
v -2936.5 142.864 1028.39
v -2936.33 142.879 1028.25
v -2935.88 145.883 1028.34
v -2935.85 146.163 1028.5
v -2936.1 145.823 1028.29
v -2935.78 145.041 1028.41
v -2935.88 145.883 1028.34
v -2936.1 145.823 1028.29
v -2935.85 146.163 1028.5
v -2936.17 146.247 1028.51
v -2936.49 146.056 1028.34
v -2936.34 145.66 1028.13
v -2936.34 145.66 1028.13
v -2936.6 145.987 1028.54
v -2935.83 146.37 1028.69
v -2935.73 146.197 1028.91
v -2935.83 146.37 1028.69
v -2936.5 145.94 1028.84
v -2935.73 146.197 1028.91
v -2936.3 145.961 1028.96
v -2936.16 145.928 1029.06
v -2936.16 145.928 1029.06
v -2936.5 145.94 1028.84
v -2936.66 145.879 1028.73
v -2936.17 142.828 1028.11
v -2935.86 145.986 1029.14
v -2936.05 145.601 1029.29
v -2935.73 146.197 1028.91
v -2935.86 145.986 1029.14
v -2932.95 154.449 1025.04
v -2932.9 154.449 1024.89
v -2932.76 154.449 1024.82
v -2932.62 154.449 1024.87
v -2932.55 154.449 1025.01
v -2932.6 154.449 1025.15
v -2932.73 154.449 1025.22
v -2932.88 154.449 1025.17
v -2929.82 152.536 1021.44
v -2929.72 152.482 1021.53
v -2929.62 152.536 1021.61
v -2929.57 152.665 1021.64
v -2929.61 152.795 1021.6
v -2929.71 152.849 1021.51
v -2929.81 152.795 1021.43
v -2929.85 152.665 1021.4
v -2936.26 153.062 1028.93
v -2936.29 153.192 1028.89
v -2936.25 153.322 1028.92
v -2936.15 153.375 1029
v -2936.05 153.322 1029.09
v -2936.01 153.192 1029.13
v -2936.06 153.062 1029.1
v -2936.16 153.008 1029.02
v -2933.54 153.341 1025.88
v -2933.52 153.35 1025.81
v -2933.45 153.357 1025.77
v -2933.38 153.358 1025.8
v -2933.35 153.352 1025.86
v -2933.37 153.343 1025.93
v -2933.44 153.336 1025.97
v -2933.51 153.335 1025.94
v -2935.43 149.436 1028.17
v -2935.43 153.017 1028.17
v -2935.91 153.017 1028.73
v -2935.91 149.436 1028.73
v -2934.5 149.576 1027.21
v -2934.56 152.956 1027.16
v -2935.05 152.956 1027.72
v -2934.99 149.576 1027.77
v -2933.76 149.04 1026.12
v -2933.7 152.895 1026.16
v -2934.19 152.895 1026.73
v -2934.24 149.04 1026.68
v -2932.17 149.459 1024.16
v -2932.06 152.724 1024.25
v -2932.55 152.724 1024.82
v -2932.65 149.459 1024.73
v -2931.34 149.032 1023.41
v -2931.34 152.724 1023.41
v -2931.79 152.724 1023.94
v -2931.79 149.032 1023.94
v -2930.62 149.425 1022.39
v -2930.53 152.724 1022.47
v -2931.01 152.724 1023.03
v -2931.1 149.425 1022.96
v -2929.83 148.882 1021.81
v -2929.91 152.724 1021.74
v -2930.28 152.724 1022.18
v -2930.2 148.882 1022.25
v -2935.42 149.436 1028.17
v -2935.91 149.436 1028.74
v -2935.91 153.017 1028.74
v -2935.42 153.017 1028.17
v -2934.5 149.576 1027.21
v -2934.98 149.576 1027.78
v -2935.04 152.956 1027.73
v -2934.56 152.956 1027.16
v -2933.75 149.04 1026.12
v -2934.24 149.04 1026.69
v -2934.19 152.895 1026.73
v -2933.7 152.895 1026.17
v -2932.16 149.458 1024.17
v -2932.65 149.458 1024.73
v -2932.54 152.723 1024.82
v -2932.06 152.723 1024.26
v -2931.34 149.032 1023.42
v -2931.79 149.032 1023.94
v -2931.79 152.724 1023.94
v -2931.34 152.724 1023.42
v -2930.61 149.425 1022.4
v -2931.1 149.425 1022.96
v -2931.01 152.723 1023.04
v -2930.53 152.723 1022.47
v -2929.82 148.882 1021.82
v -2930.19 148.882 1022.25
v -2930.28 152.724 1022.18
v -2929.9 152.724 1021.75
v -2933.41 152.884 1025.78
v -2933.35 151.593 1025.72
v -2933.05 151.147 1025.37
v -2933.12 152.23 1025.45
v -2932.79 151.428 1025.06
v -2932.79 152.26 1025.06
v -2932.68 153.555 1024.93
v -2932.86 154.318 1025.14
v -2933.2 153.481 1025.54
v -2932.9 152.963 1025.19
v -2933.76 153.162 1026.19
v -2933.33 152.888 1025.69
v -2932.39 152.688 1024.59
v -2931.9 152.987 1024.02
v -2932.36 153.434 1024.56
v -2932.69 152.954 1024.94
v -2932.68 154.326 1024.94
v -2932.85 153.665 1025.12
v -2933.41 152.884 1025.79
v -2933.12 152.23 1025.45
v -2933.05 151.147 1025.37
v -2933.35 151.593 1025.72
v -2932.78 152.26 1025.06
v -2932.78 151.428 1025.06
v -2932.68 153.555 1024.94
v -2932.9 152.963 1025.2
v -2933.2 153.481 1025.55
v -2932.85 154.318 1025.14
v -2933.33 152.888 1025.7
v -2933.76 153.162 1026.19
v -2932.38 152.688 1024.59
v -2932.68 152.954 1024.94
v -2932.36 153.434 1024.56
v -2931.89 152.987 1024.02
v -2932.84 153.665 1025.13
v -2932.68 154.326 1024.94
v -2933.66 147.777 1026.01
v -2933.48 148.119 1025.24
v -2933.99 148.048 1025.8
v -2933.07 148.708 1025.8
v -2933.56 148.541 1026.37
v -2933.77 148.72 1026.27
v -2933.36 148.904 1025.62
v -2933.61 148.49 1025.24
v -2934.05 148.51 1025.85
v -2933.56 148.541 1026.37
v -2933.07 148.708 1025.8
v -2932.98 148.44 1025.78
v -2933.47 148.249 1026.35
v -2933.97 148.646 1026.02
v -2933.55 148.724 1025.39
v -2933.52 147.825 1026.18
v -2933.01 148.041 1025.65
v -2933.26 147.984 1025.42
v -2930.05 144.617 1020.81
v -2929.52 144.642 1021.13
v -2930.05 145.218 1020.85
v -2929.57 145.234 1021.18
v -2930.41 144.805 1022.72
v -2930.18 144.239 1022.66
v -2930.62 144.76 1022.69
v -2930.58 144.18 1022.61
v -2930.95 144.229 1022.05
v -2930.49 144.514 1020.98
v -2930.93 144.849 1022.08
v -2930.4 145.125 1021.04
v -2930.41 144.805 1022.72
v -2929.6 145.092 1021.9
v -2930.18 144.239 1022.66
v -2929.61 145.132 1021.65
v -2929.37 144.571 1021.64
v -2930.9 144.782 1022.48
v -2930.84 144.201 1022.37
v -2930.88 144.804 1022.24
v -2929.42 143.496 1021.22
v -2929.42 144.087 1021.19
v -2929.99 143.472 1020.73
v -2929.97 144.073 1020.79
v -2930.06 143.77 1022.58
v -2930.03 143.16 1022.59
v -2930.25 143.155 1022.74
v -2930.32 143.771 1022.64
v -2930.67 143.308 1021.03
v -2930.62 143.917 1021.06
v -2930.73 143.745 1021.96
v -2930.87 143.128 1021.98
v -2930.03 143.16 1022.59
v -2930.06 143.77 1022.58
v -2929.3 144.037 1021.55
v -2929.24 143.444 1021.53
v -2930.94 143.772 1022.1
v -2930.9 143.15 1022.22
v -2930.47 143.153 1022.72
v -2930.54 143.771 1022.64
v -2930.9 143.771 1022.29
v -2930.9 143.152 1022.44
v -2935.59 143.458 1027.7
v -2935.63 144.001 1027.73
v -2935.83 144.005 1027.62
v -2935.91 143.462 1027.61
v -2935.47 144.065 1029.18
v -2935.47 143.521 1029.2
v -2936.03 144.103 1029.59
v -2936.51 144.052 1028.16
v -2936.53 143.507 1028.13
v -2935.47 143.521 1029.2
v -2935.47 144.065 1029.18
v -2935.23 144.011 1028.21
v -2935.2 143.465 1028.18
v -2936.06 143.56 1029.59
v -2936.65 143.555 1029.07
v -2936.61 144.099 1029.1
v -2935.33 143.996 1027.96
v -2935.31 143.453 1027.94
v -2936.87 143.547 1028.75
v -2936.85 144.089 1028.71
v -2935.52 144.473 1027.63
v -2935.38 145.02 1027.58
v -2935.78 145.056 1027.65
v -2935.92 144.491 1027.69
v -2935.58 145.322 1029.13
v -2935.57 144.789 1029.28
v -2936.02 145.446 1029.42
v -2936.61 145.312 1028.25
v -2936.7 144.772 1028.29
v -2935.57 144.789 1029.28
v -2935.58 145.322 1029.13
v -2935.16 145.066 1028.15
v -2935.19 144.521 1028.19
v -2936.1 144.918 1029.52
v -2936.76 144.884 1028.81
v -2936.7 145.42 1028.74
v -2935.19 144.983 1027.87
v -2935.29 144.456 1027.89
v -2933.66 147.781 1026.01
v -2933.99 148.05 1025.8
v -2933.48 148.122 1025.25
v -2933.07 148.705 1025.8
v -2933.36 148.9 1025.62
v -2933.77 148.716 1026.26
v -2933.56 148.539 1026.37
v -2934.05 148.508 1025.85
v -2933.6 148.488 1025.24
v -2933.56 148.539 1026.37
v -2933.47 148.249 1026.35
v -2932.98 148.44 1025.78
v -2933.07 148.705 1025.8
v -2933.55 148.721 1025.39
v -2933.97 148.643 1026.02
v -2933.53 147.828 1026.18
v -2933.26 147.989 1025.43
v -2933.01 148.043 1025.65
v -2930.05 144.617 1020.81
v -2930.05 145.217 1020.86
v -2929.52 144.642 1021.14
v -2929.57 145.233 1021.18
v -2930.41 144.805 1022.71
v -2930.62 144.76 1022.69
v -2930.18 144.239 1022.66
v -2930.58 144.181 1022.61
v -2930.95 144.229 1022.05
v -2930.93 144.849 1022.09
v -2930.48 144.513 1020.99
v -2930.39 145.125 1021.05
v -2930.41 144.805 1022.71
v -2930.18 144.239 1022.66
v -2929.6 145.091 1021.9
v -2929.62 145.13 1021.65
v -2929.37 144.57 1021.64
v -2930.89 144.783 1022.47
v -2930.87 144.804 1022.24
v -2930.84 144.201 1022.37
v -2929.43 143.496 1021.22
v -2929.99 143.472 1020.74
v -2929.42 144.087 1021.19
v -2929.97 144.072 1020.79
v -2930.06 143.77 1022.58
v -2930.32 143.77 1022.64
v -2930.25 143.154 1022.73
v -2930.04 143.16 1022.58
v -2930.66 143.307 1021.03
v -2930.86 143.127 1021.98
v -2930.72 143.745 1021.97
v -2930.62 143.916 1021.06
v -2930.04 143.16 1022.58
v -2929.24 143.444 1021.53
v -2929.3 144.036 1021.55
v -2930.06 143.77 1022.58
v -2930.94 143.772 1022.1
v -2930.89 143.15 1022.22
v -2930.53 143.77 1022.63
v -2930.47 143.153 1022.72
v -2930.89 143.771 1022.28
v -2930.89 143.152 1022.44
v -2935.59 143.457 1027.71
v -2935.91 143.462 1027.62
v -2935.83 144.005 1027.62
v -2935.63 144 1027.73
v -2935.47 144.065 1029.18
v -2936.03 144.103 1029.59
v -2935.47 143.521 1029.2
v -2936.53 143.507 1028.13
v -2936.51 144.052 1028.16
v -2935.47 143.521 1029.2
v -2935.21 143.464 1028.18
v -2935.24 144.011 1028.21
v -2935.47 144.065 1029.18
v -2936.61 144.099 1029.1
v -2936.65 143.555 1029.07
v -2936.06 143.56 1029.59
v -2935.31 143.453 1027.94
v -2935.34 143.995 1027.96
v -2936.84 144.089 1028.71
v -2936.87 143.547 1028.75
v -2935.52 144.474 1027.63
v -2935.92 144.491 1027.7
v -2935.78 145.056 1027.66
v -2935.38 145.02 1027.58
v -2935.59 145.322 1029.13
v -2936.02 145.445 1029.42
v -2935.57 144.788 1029.28
v -2936.61 145.312 1028.26
v -2936.69 144.771 1028.29
v -2935.57 144.788 1029.28
v -2935.2 144.521 1028.19
v -2935.16 145.066 1028.14
v -2935.59 145.322 1029.13
v -2936.7 145.419 1028.74
v -2936.76 144.883 1028.81
v -2936.1 144.918 1029.52
v -2935.3 144.456 1027.89
v -2935.19 144.984 1027.88
v -2942.42 144.301 1023.37
v -2942.42 144.247 1023.36
v -2942.4 144.338 1023.34
v -2942.36 144.321 1023.3
v -2942.35 144.267 1023.29
v -2942.38 144.23 1023.33
v -2942.39 145.066 1023.27
v -2942.43 145.085 1023.31
v -2942.39 145.006 1023.26
v -2942.42 144.964 1023.3
v -2942.46 144.983 1023.34
v -2942.46 145.044 1023.35
v -2939.21 142.348 1025.6
v -2939.16 142.381 1025.59
v -2939.26 142.371 1025.57
v -2939.25 142.381 1025.52
v -2939.19 142.391 1025.5
v -2939.15 142.391 1025.54
v -2939.68 145.273 1026.03
v -2939.67 145.284 1025.97
v -2939.63 145.273 1026.07
v -2939.58 145.284 1026.05
v -2939.56 145.295 1025.99
v -2939.61 145.295 1025.95
v -2941.7 142.344 1023.36
v -2941.65 142.365 1023.34
v -2941.74 142.355 1023.32
v -2941.73 142.378 1023.27
v -2941.64 142.388 1023.29
v -2941.68 142.388 1023.25
v -2942.16 145.262 1023.78
v -2942.15 145.281 1023.72
v -2942.12 145.262 1023.82
v -2942.06 145.281 1023.8
v -2942.05 145.285 1023.74
v -2942.09 145.285 1023.7
v -2939.53 145.004 1025.84
v -2939.5 145.003 1025.88
v -2939.51 145.072 1025.88
v -2939.47 145.072 1025.91
v -2939.53 145.09 1025.94
v -2939.5 145.09 1025.97
v -2939.61 144.991 1026.05
v -2939.62 145.044 1026.05
v -2939.55 145.034 1026.02
v -2939.56 145.067 1026.03
v -2939.65 144.957 1025.99
v -2939.67 145.006 1026
v -2939.64 144.984 1025.93
v -2939.64 144.949 1025.92
v -2939.55 144.96 1025.89
v -2939.58 144.96 1025.86
v -2939.64 144.949 1025.92
v -2939.52 145.065 1025.99
v -2939.5 145.09 1025.97
v -2939.53 145.09 1025.94
v -2939.54 145.081 1025.98
v -2939.58 144.96 1025.86
v -2939.65 144.957 1025.99
v -2939.55 145.034 1026.02
v -2939.61 144.991 1026.05
v -2939.64 144.984 1025.93
v -2939.56 145.067 1026.03
v -2939.67 145.006 1026
v -2939.62 145.044 1026.05
v -2939.59 144.949 1025.9
v -2939.6 144.968 1025.89
v -2939.54 145.081 1025.98
v -2939.52 145.065 1025.99
v -2939.51 145.072 1025.88
v -2939.53 145.004 1025.84
v -2939.55 144.96 1025.89
v -2939.5 145.003 1025.88
v -2939.47 145.072 1025.91
v -2939.59 144.949 1025.9
v -2939.6 144.968 1025.89
v -2939.64 144.949 1025.92
v -2939.64 144.984 1025.93
v -2939.54 145.072 1025.85
v -2939.5 145.002 1025.85
v -2939.5 145.076 1025.87
v -2939.47 145.004 1025.9
v -2939.57 145.09 1025.91
v -2939.6 145.09 1025.88
v -2939.66 144.993 1026
v -2939.65 145.034 1025.94
v -2939.66 145.044 1026.01
v -2939.65 145.067 1025.94
v -2939.6 144.957 1026.03
v -2939.61 145.007 1026.04
v -2939.55 144.985 1026.02
v -2939.54 144.949 1026.01
v -2939.52 144.96 1025.92
v -2939.49 144.96 1025.94
v -2939.52 144.96 1025.92
v -2939.6 145.09 1025.88
v -2939.52 144.949 1025.96
v -2939.65 145.067 1025.94
v -2939.49 144.96 1025.94
v -2939.51 144.968 1025.97
v -2939.65 145.034 1025.94
v -2939.66 144.993 1026
v -2939.54 144.949 1026.01
v -2939.6 144.957 1026.03
v -2939.55 144.985 1026.02
v -2939.61 145.007 1026.04
v -2939.66 145.044 1026.01
v -2939.52 144.949 1025.96
v -2939.51 144.968 1025.97
v -2939.61 145.081 1025.92
v -2939.62 145.065 1025.9
v -2939.57 145.09 1025.91
v -2939.5 145.076 1025.87
v -2939.47 145.004 1025.9
v -2939.5 145.002 1025.85
v -2939.54 145.072 1025.85
v -2939.62 145.065 1025.9
v -2939.61 145.081 1025.92
v -2939.54 144.949 1026.01
v -2939.55 144.985 1026.02
v -2942.02 144.248 1023.74
v -2942.05 144.248 1023.71
v -2942.06 144.316 1023.72
v -2942.09 144.316 1023.69
v -2942.05 144.356 1023.67
v -2942.07 144.356 1023.65
v -2941.94 144.311 1023.54
v -2941.95 144.36 1023.55
v -2942 144.326 1023.58
v -2942.01 144.359 1023.58
v -2941.89 144.272 1023.59
v -2941.89 144.325 1023.59
v -2941.91 144.277 1023.65
v -2941.9 144.241 1023.64
v -2941.99 144.226 1023.69
v -2941.96 144.226 1023.71
v -2941.9 144.241 1023.64
v -2942.04 144.343 1023.6
v -2942.07 144.356 1023.65
v -2942.05 144.356 1023.67
v -2942.03 144.36 1023.62
v -2941.96 144.226 1023.71
v -2941.89 144.272 1023.59
v -2942 144.326 1023.58
v -2941.94 144.311 1023.54
v -2941.91 144.277 1023.65
v -2942.01 144.359 1023.58
v -2941.89 144.325 1023.59
v -2941.95 144.36 1023.55
v -2941.93 144.227 1023.66
v -2941.93 144.247 1023.68
v -2942.03 144.36 1023.62
v -2942.04 144.343 1023.6
v -2942.02 144.248 1023.74
v -2942.06 144.316 1023.72
v -2941.99 144.226 1023.69
v -2942.05 144.248 1023.71
v -2942.09 144.316 1023.69
v -2941.93 144.227 1023.66
v -2941.93 144.247 1023.68
v -2941.9 144.241 1023.64
v -2941.91 144.277 1023.65
v -2942.02 144.316 1023.75
v -2942.04 144.242 1023.72
v -2942.06 144.317 1023.73
v -2942.07 144.248 1023.68
v -2942.01 144.356 1023.71
v -2941.98 144.356 1023.73
v -2941.89 144.309 1023.59
v -2941.91 144.326 1023.66
v -2941.9 144.36 1023.6
v -2941.92 144.36 1023.66
v -2941.94 144.272 1023.55
v -2941.94 144.324 1023.55
v -2941.99 144.277 1023.57
v -2941.99 144.241 1023.57
v -2942.02 144.226 1023.66
v -2942.05 144.226 1023.63
v -2942.02 144.226 1023.66
v -2941.98 144.356 1023.73
v -2942.01 144.227 1023.6
v -2941.92 144.36 1023.66
v -2942.05 144.226 1023.63
v -2942.02 144.247 1023.59
v -2941.91 144.326 1023.66
v -2941.89 144.309 1023.59
v -2941.99 144.241 1023.57
v -2941.94 144.272 1023.55
v -2941.99 144.277 1023.57
v -2941.9 144.36 1023.6
v -2941.94 144.324 1023.55
v -2942.01 144.227 1023.6
v -2942.02 144.247 1023.59
v -2941.96 144.36 1023.68
v -2941.94 144.343 1023.69
v -2942.01 144.356 1023.71
v -2942.07 144.248 1023.68
v -2942.06 144.317 1023.73
v -2942.04 144.242 1023.72
v -2942.02 144.316 1023.75
v -2941.94 144.343 1023.69
v -2941.96 144.36 1023.68
v -2941.99 144.241 1023.57
v -2941.99 144.277 1023.57
v -2939.55 144.328 1026
v -2939.57 144.261 1025.96
v -2939.59 144.328 1025.97
v -2939.61 144.26 1025.93
v -2939.53 144.37 1025.95
v -2939.51 144.37 1025.97
v -2939.43 144.329 1025.85
v -2939.46 144.345 1025.91
v -2939.45 144.379 1025.86
v -2939.47 144.379 1025.91
v -2939.48 144.291 1025.8
v -2939.49 144.344 1025.8
v -2939.53 144.298 1025.82
v -2939.53 144.262 1025.81
v -2939.55 144.24 1025.89
v -2939.58 144.24 1025.87
v -2939.53 144.262 1025.81
v -2939.51 144.37 1025.97
v -2939.48 144.36 1025.95
v -2939.53 144.37 1025.95
v -2939.58 144.24 1025.87
v -2939.5 144.376 1025.94
v -2939.46 144.345 1025.91
v -2939.48 144.291 1025.8
v -2939.43 144.329 1025.85
v -2939.53 144.298 1025.82
v -2939.49 144.344 1025.8
v -2939.47 144.379 1025.91
v -2939.45 144.379 1025.86
v -2939.55 144.244 1025.85
v -2939.56 144.263 1025.84
v -2939.5 144.376 1025.94
v -2939.48 144.36 1025.95
v -2939.59 144.328 1025.97
v -2939.61 144.26 1025.93
v -2939.55 144.24 1025.89
v -2939.57 144.261 1025.96
v -2939.55 144.328 1026
v -2939.55 144.244 1025.85
v -2939.56 144.263 1025.84
v -2939.53 144.262 1025.81
v -2939.53 144.298 1025.82
v -2939.55 144.261 1025.98
v -2939.59 144.255 1025.95
v -2939.59 144.329 1025.97
v -2939.62 144.328 1025.94
v -2939.57 144.37 1025.91
v -2939.6 144.37 1025.89
v -2939.49 144.327 1025.81
v -2939.49 144.378 1025.81
v -2939.55 144.345 1025.83
v -2939.55 144.378 1025.83
v -2939.44 144.342 1025.85
v -2939.44 144.29 1025.84
v -2939.45 144.297 1025.9
v -2939.44 144.261 1025.89
v -2939.52 144.24 1025.92
v -2939.5 144.24 1025.95
v -2939.52 144.24 1025.92
v -2939.48 144.244 1025.91
v -2939.6 144.37 1025.89
v -2939.55 144.378 1025.83
v -2939.47 144.263 1025.93
v -2939.5 144.24 1025.95
v -2939.55 144.345 1025.83
v -2939.44 144.261 1025.89
v -2939.49 144.327 1025.81
v -2939.44 144.29 1025.84
v -2939.45 144.297 1025.9
v -2939.44 144.342 1025.85
v -2939.49 144.378 1025.81
v -2939.48 144.244 1025.91
v -2939.47 144.263 1025.93
v -2939.57 144.376 1025.87
v -2939.58 144.36 1025.86
v -2939.57 144.37 1025.91
v -2939.59 144.329 1025.97
v -2939.55 144.261 1025.98
v -2939.59 144.255 1025.95
v -2939.62 144.328 1025.94
v -2939.58 144.36 1025.86
v -2939.57 144.376 1025.87
v -2939.44 144.261 1025.89
v -2939.45 144.297 1025.9
v -2942.02 145.069 1023.61
v -2941.98 145.001 1023.63
v -2941.99 145.07 1023.64
v -2941.95 145.002 1023.66
v -2942.05 145.088 1023.67
v -2942.07 145.088 1023.64
v -2942.13 144.991 1023.75
v -2942.12 145.033 1023.69
v -2942.13 145.043 1023.76
v -2942.12 145.066 1023.69
v -2942.07 144.957 1023.78
v -2942.08 145.006 1023.8
v -2942.01 144.984 1023.77
v -2942.01 144.948 1023.76
v -2941.99 144.958 1023.68
v -2941.96 144.958 1023.71
v -2942.01 144.948 1023.76
v -2942.07 145.088 1023.64
v -2942.1 145.063 1023.66
v -2942.05 145.088 1023.67
v -2941.96 144.958 1023.71
v -2942.09 145.08 1023.68
v -2942.12 145.033 1023.69
v -2942.13 144.991 1023.75
v -2942.07 144.957 1023.78
v -2942.01 144.984 1023.77
v -2942.08 145.006 1023.8
v -2942.12 145.066 1023.69
v -2942.13 145.043 1023.76
v -2941.99 144.947 1023.72
v -2941.98 144.967 1023.74
v -2942.09 145.08 1023.68
v -2942.1 145.063 1023.66
v -2941.99 145.07 1023.64
v -2941.95 145.002 1023.66
v -2941.99 144.958 1023.68
v -2941.98 145.001 1023.63
v -2942.02 145.069 1023.61
v -2941.99 144.947 1023.72
v -2941.98 144.967 1023.74
v -2942.01 144.948 1023.76
v -2942.01 144.984 1023.77
v -2942.01 145.001 1023.61
v -2941.96 145 1023.63
v -2941.98 145.074 1023.64
v -2941.95 145.069 1023.68
v -2942.01 145.088 1023.7
v -2941.98 145.088 1023.73
v -2942.08 144.993 1023.79
v -2942.08 145.044 1023.8
v -2942.02 145.033 1023.78
v -2942.02 145.067 1023.78
v -2942.13 145.007 1023.75
v -2942.11 144.957 1023.74
v -2942.11 144.984 1023.68
v -2942.1 144.948 1023.68
v -2942.02 144.958 1023.65
v -2942.05 144.958 1023.63
v -2942.02 144.958 1023.65
v -2942.06 144.947 1023.66
v -2941.98 145.088 1023.73
v -2942.02 145.067 1023.78
v -2942.08 144.967 1023.65
v -2942.05 144.958 1023.63
v -2942.02 145.033 1023.78
v -2942.1 144.948 1023.68
v -2942.08 144.993 1023.79
v -2942.11 144.957 1023.74
v -2942.11 144.984 1023.68
v -2942.13 145.007 1023.75
v -2942.08 145.044 1023.8
v -2942.06 144.947 1023.66
v -2942.08 144.967 1023.65
v -2942.01 145.08 1023.74
v -2942 145.064 1023.75
v -2942.01 145.088 1023.7
v -2941.98 145.074 1023.64
v -2942.01 145.001 1023.61
v -2941.96 145 1023.63
v -2941.95 145.069 1023.68
v -2942 145.064 1023.75
v -2942.01 145.08 1023.74
v -2942.1 144.948 1023.68
v -2942.11 144.984 1023.68
v -2939.73 142.351 1026.42
v -2939.76 142.374 1026.38
v -2939.73 142.384 1026.47
v -2939.82 142.384 1026.39
v -2939.83 142.395 1026.45
v -2939.79 142.395 1026.48
v -2939.33 145.27 1025.89
v -2939.28 145.27 1025.94
v -2939.38 145.281 1025.91
v -2939.29 145.281 1026
v -2939.35 145.293 1026.01
v -2939.4 145.293 1025.97
v -2942.19 142.347 1024.15
v -2942.23 142.358 1024.11
v -2942.2 142.368 1024.2
v -2942.28 142.381 1024.12
v -2942.25 142.392 1024.21
v -2942.29 142.391 1024.18
v -2941.79 145.258 1023.62
v -2941.75 145.258 1023.67
v -2941.85 145.278 1023.64
v -2941.76 145.278 1023.72
v -2941.82 145.283 1023.74
v -2941.86 145.283 1023.7
v -2939.48 144.986 1026.05
v -2939.46 145.053 1026.08
v -2939.45 144.986 1026.08
v -2939.43 145.054 1026.12
v -2939.41 145.095 1026.07
v -2939.38 145.095 1026.09
v -2939.3 144.988 1025.96
v -2939.32 145.032 1026.02
v -2939.3 145.04 1025.96
v -2939.31 145.065 1026.02
v -2939.37 144.954 1025.93
v -2939.35 145.003 1025.91
v -2939.42 144.982 1025.94
v -2939.43 144.947 1025.95
v -2939.44 144.965 1026
v -2939.46 144.973 1025.99
v -2939.43 144.947 1025.95
v -2939.38 145.095 1026.09
v -2939.35 145.08 1026.06
v -2939.41 145.095 1026.07
v -2939.46 144.973 1025.99
v -2939.36 145.097 1026.05
v -2939.32 145.032 1026.02
v -2939.37 144.954 1025.93
v -2939.3 144.988 1025.96
v -2939.42 144.982 1025.94
v -2939.35 145.003 1025.91
v -2939.31 145.065 1026.02
v -2939.3 145.04 1025.96
v -2939.43 144.947 1025.95
v -2939.42 144.982 1025.94
v -2939.36 145.097 1026.05
v -2939.35 145.08 1026.06
v -2939.46 145.053 1026.08
v -2939.48 144.986 1026.05
v -2939.44 144.965 1026
v -2939.45 144.986 1026.08
v -2939.43 145.054 1026.12
v -2939.5 145.054 1026.05
v -2939.47 145.055 1026.09
v -2939.47 144.98 1026.07
v -2939.42 144.986 1026.1
v -2939.45 145.095 1026.03
v -2939.47 145.095 1026.01
v -2939.36 144.99 1025.92
v -2939.35 145.041 1025.91
v -2939.42 145.032 1025.94
v -2939.41 145.065 1025.93
v -2939.32 144.954 1025.97
v -2939.31 145.004 1025.96
v -2939.33 144.982 1026.03
v -2939.33 144.947 1026.04
v -2939.39 144.965 1026.05
v -2939.37 144.967 1026.06
v -2939.42 145.032 1025.94
v -2939.33 144.947 1026.04
v -2939.36 144.99 1025.92
v -2939.32 144.954 1025.97
v -2939.33 144.982 1026.03
v -2939.41 145.065 1025.93
v -2939.31 145.004 1025.96
v -2939.35 145.041 1025.91
v -2939.43 145.096 1025.98
v -2939.44 145.079 1025.96
v -2939.45 145.095 1026.03
v -2939.37 144.967 1026.06
v -2939.47 145.055 1026.09
v -2939.42 144.986 1026.1
v -2939.39 144.965 1026.05
v -2939.47 145.095 1026.01
v -2939.47 144.98 1026.07
v -2939.5 145.054 1026.05
v -2939.44 145.079 1025.96
v -2939.43 145.096 1025.98
v -2939.33 144.947 1026.04
v -2939.33 144.982 1026.03
v -2941.82 144.271 1023.77
v -2941.86 144.339 1023.76
v -2941.86 144.27 1023.74
v -2941.9 144.339 1023.73
v -2941.92 144.359 1023.78
v -2941.94 144.359 1023.75
v -2942.02 144.311 1023.88
v -2941.98 144.325 1023.81
v -2942 144.36 1023.87
v -2941.98 144.358 1023.81
v -2941.96 144.272 1023.92
v -2941.96 144.325 1023.92
v -2941.91 144.276 1023.9
v -2941.91 144.24 1023.9
v -2941.86 144.228 1023.8
v -2941.83 144.228 1023.82
v -2941.91 144.24 1023.9
v -2941.94 144.359 1023.75
v -2941.97 144.341 1023.77
v -2941.92 144.359 1023.78
v -2941.83 144.228 1023.82
v -2941.95 144.357 1023.79
v -2941.98 144.325 1023.81
v -2941.96 144.272 1023.92
v -2942.02 144.311 1023.88
v -2941.91 144.276 1023.9
v -2941.96 144.325 1023.92
v -2941.98 144.358 1023.81
v -2942 144.36 1023.87
v -2941.88 144.235 1023.85
v -2941.87 144.254 1023.87
v -2941.95 144.357 1023.79
v -2941.97 144.341 1023.77
v -2941.82 144.271 1023.77
v -2941.86 144.339 1023.76
v -2941.86 144.228 1023.8
v -2941.86 144.27 1023.74
v -2941.9 144.339 1023.73
v -2941.88 144.235 1023.85
v -2941.87 144.254 1023.87
v -2941.91 144.24 1023.9
v -2941.91 144.276 1023.9
v -2941.82 144.339 1023.79
v -2941.85 144.343 1023.75
v -2941.84 144.269 1023.75
v -2941.88 144.271 1023.72
v -2941.88 144.359 1023.82
v -2941.85 144.358 1023.84
v -2941.96 144.309 1023.92
v -2941.96 144.36 1023.91
v -2941.9 144.326 1023.89
v -2941.89 144.359 1023.89
v -2942.01 144.271 1023.88
v -2942.01 144.323 1023.87
v -2941.99 144.276 1023.82
v -2942 144.24 1023.83
v -2941.89 144.228 1023.77
v -2941.92 144.228 1023.74
v -2941.89 144.228 1023.77
v -2941.95 144.229 1023.78
v -2941.85 144.358 1023.84
v -2941.89 144.359 1023.89
v -2941.96 144.248 1023.78
v -2941.92 144.228 1023.74
v -2941.9 144.326 1023.89
v -2942 144.24 1023.83
v -2941.96 144.309 1023.92
v -2942.01 144.271 1023.88
v -2941.96 144.36 1023.91
v -2941.99 144.276 1023.82
v -2942.01 144.323 1023.87
v -2941.95 144.229 1023.78
v -2941.96 144.248 1023.78
v -2941.89 144.358 1023.86
v -2941.87 144.342 1023.87
v -2941.88 144.271 1023.72
v -2941.88 144.359 1023.82
v -2941.85 144.343 1023.75
v -2941.84 144.269 1023.75
v -2941.82 144.339 1023.79
v -2941.87 144.342 1023.87
v -2941.89 144.358 1023.86
v -2942 144.24 1023.83
v -2941.99 144.276 1023.82
v -2939.34 144.347 1026.03
v -2939.38 144.347 1025.99
v -2939.37 144.278 1025.99
v -2939.4 144.279 1025.96
v -2939.4 144.37 1026.06
v -2939.37 144.37 1026.08
v -2939.49 144.329 1026.17
v -2939.48 144.378 1026.15
v -2939.43 144.344 1026.13
v -2939.43 144.377 1026.12
v -2939.54 144.29 1026.12
v -2939.54 144.343 1026.11
v -2939.53 144.297 1026.07
v -2939.54 144.261 1026.07
v -2939.43 144.238 1026.01
v -2939.45 144.238 1025.98
v -2939.54 144.261 1026.07
v -2939.4 144.357 1026.11
v -2939.37 144.37 1026.08
v -2939.4 144.37 1026.06
v -2939.41 144.374 1026.1
v -2939.45 144.238 1025.98
v -2939.54 144.29 1026.12
v -2939.43 144.344 1026.13
v -2939.49 144.329 1026.17
v -2939.53 144.297 1026.07
v -2939.43 144.377 1026.12
v -2939.54 144.343 1026.11
v -2939.48 144.378 1026.15
v -2939.49 144.236 1026.03
v -2939.5 144.256 1026.03
v -2939.41 144.374 1026.1
v -2939.4 144.357 1026.11
v -2939.38 144.347 1025.99
v -2939.4 144.279 1025.96
v -2939.43 144.238 1026.01
v -2939.37 144.278 1025.99
v -2939.34 144.347 1026.03
v -2939.49 144.236 1026.03
v -2939.5 144.256 1026.03
v -2939.54 144.261 1026.07
v -2939.53 144.297 1026.07
v -2939.35 144.278 1026.01
v -2939.37 144.351 1025.99
v -2939.37 144.276 1025.97
v -2939.41 144.347 1025.96
v -2939.44 144.37 1026.02
v -2939.47 144.37 1026
v -2939.54 144.327 1026.12
v -2939.52 144.344 1026.05
v -2939.53 144.378 1026.11
v -2939.51 144.377 1026.04
v -2939.49 144.342 1026.16
v -2939.49 144.29 1026.16
v -2939.44 144.296 1026.14
v -2939.45 144.261 1026.15
v -2939.4 144.238 1026.04
v -2939.37 144.238 1026.06
v -2939.4 144.238 1026.04
v -2939.47 144.37 1026
v -2939.41 144.236 1026.1
v -2939.51 144.377 1026.04
v -2939.37 144.238 1026.06
v -2939.41 144.256 1026.11
v -2939.52 144.344 1026.05
v -2939.54 144.327 1026.12
v -2939.45 144.261 1026.15
v -2939.49 144.29 1026.16
v -2939.44 144.296 1026.14
v -2939.49 144.342 1026.16
v -2939.53 144.378 1026.11
v -2939.41 144.236 1026.1
v -2939.41 144.256 1026.11
v -2939.48 144.373 1026.03
v -2939.49 144.356 1026.02
v -2939.44 144.37 1026.02
v -2939.37 144.351 1025.99
v -2939.35 144.278 1026.01
v -2939.37 144.276 1025.97
v -2939.41 144.347 1025.96
v -2939.49 144.356 1026.02
v -2939.48 144.373 1026.03
v -2939.45 144.261 1026.15
v -2939.44 144.296 1026.14
v -2941.98 145.055 1023.81
v -2941.94 145.055 1023.84
v -2941.93 144.988 1023.83
v -2941.9 144.987 1023.86
v -2941.93 145.096 1023.79
v -2941.96 145.096 1023.76
v -2941.82 144.988 1023.66
v -2941.82 145.04 1023.66
v -2941.88 145.031 1023.68
v -2941.88 145.064 1023.67
v -2941.78 144.954 1023.72
v -2941.77 145.003 1023.71
v -2941.79 144.981 1023.78
v -2941.8 144.946 1023.78
v -2941.87 144.966 1023.8
v -2941.85 144.966 1023.83
v -2941.8 144.946 1023.78
v -2941.92 145.071 1023.72
v -2941.96 145.096 1023.76
v -2941.93 145.096 1023.79
v -2941.9 145.088 1023.73
v -2941.85 144.966 1023.83
v -2941.88 145.031 1023.68
v -2941.82 144.988 1023.66
v -2941.78 144.954 1023.72
v -2941.79 144.981 1023.78
v -2941.88 145.064 1023.67
v -2941.77 145.003 1023.71
v -2941.82 145.04 1023.66
v -2941.8 144.946 1023.78
v -2941.79 144.981 1023.78
v -2941.9 145.088 1023.73
v -2941.92 145.071 1023.72
v -2941.94 145.055 1023.84
v -2941.9 144.987 1023.86
v -2941.87 144.966 1023.8
v -2941.93 144.988 1023.83
v -2941.98 145.055 1023.81
v -2941.96 144.988 1023.8
v -2941.95 145.056 1023.85
v -2941.93 144.982 1023.84
v -2941.91 145.055 1023.87
v -2941.89 145.096 1023.83
v -2941.86 145.096 1023.85
v -2941.78 144.99 1023.71
v -2941.78 145.031 1023.77
v -2941.77 145.041 1023.7
v -2941.78 145.064 1023.76
v -2941.82 145.004 1023.67
v -2941.83 144.954 1023.68
v -2941.89 144.981 1023.69
v -2941.89 144.946 1023.7
v -2941.9 144.966 1023.78
v -2941.93 144.966 1023.75
v -2941.9 144.966 1023.78
v -2941.86 145.096 1023.85
v -2941.89 144.946 1023.7
v -2941.78 145.064 1023.76
v -2941.93 144.966 1023.75
v -2941.89 144.981 1023.69
v -2941.78 145.031 1023.77
v -2941.78 144.99 1023.71
v -2941.83 144.954 1023.68
v -2941.82 145.004 1023.67
v -2941.77 145.041 1023.7
v -2941.89 144.946 1023.7
v -2941.89 144.981 1023.69
v -2941.84 145.092 1023.8
v -2941.82 145.075 1023.81
v -2941.89 145.096 1023.83
v -2941.95 145.056 1023.85
v -2941.96 144.988 1023.8
v -2941.93 144.982 1023.84
v -2941.91 145.055 1023.87
v -2941.82 145.075 1023.81
v -2941.84 145.092 1023.8
v -2936.62 144.301 1028.67
v -2936.59 144.338 1028.64
v -2936.61 144.247 1028.66
v -2936.56 144.321 1028.6
v -2936.55 144.267 1028.6
v -2936.58 144.23 1028.63
v -2936.52 145.066 1028.63
v -2936.51 145.006 1028.63
v -2936.56 145.085 1028.68
v -2936.54 144.964 1028.66
v -2936.58 144.983 1028.7
v -2936.59 145.044 1028.71
v -2936.67 142.344 1027.95
v -2936.63 142.355 1027.99
v -2936.66 142.365 1027.9
v -2936.58 142.378 1027.97
v -2936.61 142.388 1027.88
v -2936.57 142.388 1027.92
v -2937.05 145.262 1028.45
v -2937.09 145.262 1028.41
v -2936.99 145.281 1028.43
v -2937.08 145.281 1028.35
v -2937.02 145.285 1028.33
v -2936.98 145.285 1028.37
v -2937.02 144.248 1028.3
v -2937 144.316 1028.34
v -2936.98 144.248 1028.33
v -2936.96 144.316 1028.37
v -2936.95 144.356 1028.33
v -2936.92 144.356 1028.35
v -2936.83 144.311 1028.2
v -2936.86 144.326 1028.27
v -2936.84 144.36 1028.21
v -2936.87 144.359 1028.28
v -2936.88 144.272 1028.16
v -2936.88 144.325 1028.16
v -2936.94 144.277 1028.18
v -2936.93 144.241 1028.18
v -2936.97 144.226 1028.27
v -2937 144.226 1028.24
v -2936.93 144.241 1028.18
v -2936.92 144.356 1028.35
v -2936.88 144.343 1028.31
v -2936.95 144.356 1028.33
v -2937 144.226 1028.24
v -2936.9 144.36 1028.3
v -2936.86 144.326 1028.27
v -2936.88 144.272 1028.16
v -2936.83 144.311 1028.2
v -2936.94 144.277 1028.18
v -2936.88 144.325 1028.16
v -2936.87 144.359 1028.28
v -2936.84 144.36 1028.21
v -2936.95 144.227 1028.21
v -2936.97 144.247 1028.21
v -2936.9 144.36 1028.3
v -2936.88 144.343 1028.31
v -2937.02 144.248 1028.3
v -2937 144.316 1028.34
v -2936.97 144.226 1028.27
v -2936.98 144.248 1028.33
v -2936.96 144.316 1028.37
v -2936.95 144.227 1028.21
v -2936.97 144.247 1028.21
v -2936.93 144.241 1028.18
v -2936.94 144.277 1028.18
v -2937.04 144.316 1028.31
v -2937.01 144.317 1028.35
v -2937 144.242 1028.33
v -2936.96 144.248 1028.35
v -2936.99 144.356 1028.29
v -2937.02 144.356 1028.26
v -2936.88 144.309 1028.16
v -2936.89 144.36 1028.17
v -2936.95 144.326 1028.19
v -2936.95 144.36 1028.19
v -2936.83 144.272 1028.2
v -2936.84 144.324 1028.21
v -2936.86 144.277 1028.26
v -2936.85 144.241 1028.25
v -2936.94 144.226 1028.3
v -2936.91 144.226 1028.32
v -2936.94 144.226 1028.3
v -2936.88 144.227 1028.28
v -2937.02 144.356 1028.26
v -2936.95 144.36 1028.19
v -2936.87 144.247 1028.29
v -2936.91 144.226 1028.32
v -2936.95 144.326 1028.19
v -2936.85 144.241 1028.25
v -2936.88 144.309 1028.16
v -2936.83 144.272 1028.2
v -2936.89 144.36 1028.17
v -2936.86 144.277 1028.26
v -2936.84 144.324 1028.21
v -2936.88 144.227 1028.28
v -2936.87 144.247 1028.29
v -2936.97 144.36 1028.24
v -2936.98 144.343 1028.22
v -2936.96 144.248 1028.35
v -2936.99 144.356 1028.29
v -2937.01 144.317 1028.35
v -2937 144.242 1028.33
v -2937.04 144.316 1028.31
v -2936.98 144.343 1028.22
v -2936.97 144.36 1028.24
v -2936.85 144.241 1028.25
v -2936.86 144.277 1028.26
v -2936.89 145.069 1028.3
v -2936.93 145.07 1028.26
v -2936.92 145.001 1028.26
v -2936.95 145.002 1028.22
v -2936.95 145.088 1028.33
v -2936.92 145.088 1028.35
v -2937.02 144.991 1028.42
v -2937.03 145.043 1028.42
v -2936.96 145.033 1028.4
v -2936.97 145.066 1028.4
v -2937.06 144.957 1028.35
v -2937.08 145.006 1028.37
v -2937.05 144.984 1028.3
v -2937.05 144.948 1028.29
v -2936.97 144.958 1028.27
v -2936.99 144.958 1028.24
v -2937.05 144.948 1028.29
v -2936.94 145.063 1028.37
v -2936.92 145.088 1028.35
v -2936.95 145.088 1028.33
v -2936.95 145.08 1028.36
v -2936.99 144.958 1028.24
v -2936.96 145.033 1028.4
v -2937.02 144.991 1028.42
v -2937.06 144.957 1028.35
v -2937.05 144.984 1028.3
v -2936.97 145.066 1028.4
v -2937.08 145.006 1028.37
v -2937.03 145.043 1028.42
v -2937.01 144.947 1028.27
v -2937.02 144.967 1028.27
v -2936.95 145.08 1028.36
v -2936.94 145.063 1028.37
v -2936.93 145.07 1028.26
v -2936.95 145.002 1028.22
v -2936.97 144.958 1028.27
v -2936.92 145.001 1028.26
v -2936.89 145.069 1028.3
v -2937.01 144.947 1028.27
v -2937.02 144.967 1028.27
v -2937.05 144.948 1028.29
v -2937.05 144.984 1028.3
v -2936.89 145.001 1028.28
v -2936.92 145.074 1028.26
v -2936.92 145 1028.24
v -2936.96 145.069 1028.23
v -2936.99 145.088 1028.29
v -2937.01 145.088 1028.26
v -2937.06 144.993 1028.36
v -2937.06 145.033 1028.31
v -2937.07 145.044 1028.37
v -2937.06 145.067 1028.31
v -2937.02 145.007 1028.41
v -2937.01 144.957 1028.4
v -2936.96 144.984 1028.39
v -2936.95 144.948 1028.38
v -2936.94 144.958 1028.3
v -2936.91 144.958 1028.32
v -2936.94 144.958 1028.3
v -2937.01 145.088 1028.26
v -2936.94 144.947 1028.34
v -2937.06 145.067 1028.31
v -2936.91 144.958 1028.32
v -2936.93 144.967 1028.35
v -2937.06 145.033 1028.31
v -2937.06 144.993 1028.36
v -2936.95 144.948 1028.38
v -2937.01 144.957 1028.4
v -2936.96 144.984 1028.39
v -2937.02 145.007 1028.41
v -2937.07 145.044 1028.37
v -2936.94 144.947 1028.34
v -2936.93 144.967 1028.35
v -2937.02 145.08 1028.3
v -2937.04 145.064 1028.28
v -2936.99 145.088 1028.29
v -2936.92 145.074 1028.26
v -2936.89 145.001 1028.28
v -2936.92 145 1028.24
v -2936.96 145.069 1028.23
v -2937.04 145.064 1028.28
v -2937.02 145.08 1028.3
v -2936.95 144.948 1028.38
v -2936.96 144.984 1028.39
v -2937.41 142.347 1028.51
v -2937.46 142.368 1028.53
v -2937.37 142.358 1028.55
v -2937.38 142.381 1028.6
v -2937.47 142.392 1028.58
v -2937.43 142.391 1028.61
v -2936.93 145.258 1028.07
v -2936.94 145.278 1028.12
v -2936.97 145.258 1028.02
v -2937.03 145.278 1028.04
v -2937.04 145.283 1028.1
v -2937 145.283 1028.14
v -2937.07 144.271 1028.11
v -2937.04 144.27 1028.14
v -2937.05 144.339 1028.15
v -2937.02 144.339 1028.18
v -2937.07 144.359 1028.21
v -2937.04 144.359 1028.23
v -2937.16 144.311 1028.32
v -2937.15 144.36 1028.3
v -2937.1 144.325 1028.28
v -2937.09 144.358 1028.27
v -2937.21 144.272 1028.27
v -2937.21 144.325 1028.26
v -2937.19 144.276 1028.21
v -2937.19 144.24 1028.21
v -2937.09 144.228 1028.15
v -2937.12 144.228 1028.13
v -2937.19 144.24 1028.21
v -2937.06 144.341 1028.25
v -2937.04 144.359 1028.23
v -2937.07 144.359 1028.21
v -2937.07 144.357 1028.24
v -2937.12 144.228 1028.13
v -2937.21 144.272 1028.27
v -2937.1 144.325 1028.28
v -2937.16 144.311 1028.32
v -2937.19 144.276 1028.21
v -2937.09 144.358 1028.27
v -2937.21 144.325 1028.26
v -2937.15 144.36 1028.3
v -2937.15 144.235 1028.17
v -2937.16 144.254 1028.17
v -2937.07 144.357 1028.24
v -2937.06 144.341 1028.25
v -2937.07 144.271 1028.11
v -2937.05 144.339 1028.15
v -2937.09 144.228 1028.15
v -2937.04 144.27 1028.14
v -2937.02 144.339 1028.18
v -2937.15 144.235 1028.17
v -2937.16 144.254 1028.17
v -2937.19 144.24 1028.21
v -2937.19 144.276 1028.21
v -2937.09 144.339 1028.11
v -2937.05 144.269 1028.12
v -2937.05 144.343 1028.14
v -2937.02 144.271 1028.16
v -2937.11 144.359 1028.17
v -2937.14 144.358 1028.15
v -2937.2 144.309 1028.26
v -2937.18 144.326 1028.2
v -2937.19 144.36 1028.26
v -2937.18 144.359 1028.19
v -2937.16 144.271 1028.31
v -2937.15 144.323 1028.3
v -2937.1 144.276 1028.28
v -2937.11 144.24 1028.29
v -2937.06 144.228 1028.18
v -2937.03 144.228 1028.2
v -2937.06 144.228 1028.18
v -2937.14 144.358 1028.15
v -2937.07 144.229 1028.24
v -2937.18 144.359 1028.19
v -2937.03 144.228 1028.2
v -2937.06 144.248 1028.25
v -2937.18 144.326 1028.2
v -2937.2 144.309 1028.26
v -2937.11 144.24 1028.29
v -2937.16 144.271 1028.31
v -2937.1 144.276 1028.28
v -2937.19 144.36 1028.26
v -2937.15 144.323 1028.3
v -2937.07 144.229 1028.24
v -2937.06 144.248 1028.25
v -2937.15 144.358 1028.18
v -2937.16 144.342 1028.17
v -2937.11 144.359 1028.17
v -2937.02 144.271 1028.16
v -2937.05 144.343 1028.14
v -2937.05 144.269 1028.12
v -2937.09 144.339 1028.11
v -2937.16 144.342 1028.17
v -2937.15 144.358 1028.18
v -2937.11 144.24 1028.29
v -2937.1 144.276 1028.28
v -2937.09 145.055 1028.27
v -2937.11 144.988 1028.23
v -2937.13 145.055 1028.23
v -2937.15 144.987 1028.2
v -2937.08 145.096 1028.22
v -2937.05 145.096 1028.24
v -2936.96 144.988 1028.1
v -2936.97 145.031 1028.16
v -2936.96 145.04 1028.09
v -2936.97 145.064 1028.15
v -2937.03 144.954 1028.07
v -2937.01 145.003 1028.05
v -2937.08 144.981 1028.08
v -2937.09 144.946 1028.09
v -2937.1 144.966 1028.16
v -2937.13 144.966 1028.14
v -2937.09 144.946 1028.09
v -2937.05 145.096 1028.24
v -2937.01 145.071 1028.2
v -2937.08 145.096 1028.22
v -2937.13 144.966 1028.14
v -2937.02 145.088 1028.19
v -2936.97 145.031 1028.16
v -2936.96 144.988 1028.1
v -2937.03 144.954 1028.07
v -2937.08 144.981 1028.08
v -2937.01 145.003 1028.05
v -2936.97 145.064 1028.15
v -2936.96 145.04 1028.09
v -2937.09 144.946 1028.09
v -2937.08 144.981 1028.08
v -2937.02 145.088 1028.19
v -2937.01 145.071 1028.2
v -2937.13 145.055 1028.23
v -2937.15 144.987 1028.2
v -2937.1 144.966 1028.16
v -2937.11 144.988 1028.23
v -2937.09 145.055 1028.27
v -2937.09 144.988 1028.25
v -2937.13 144.982 1028.22
v -2937.14 145.056 1028.24
v -2937.17 145.055 1028.2
v -2937.12 145.096 1028.18
v -2937.15 145.096 1028.16
v -2937.02 144.99 1028.06
v -2937.01 145.041 1028.05
v -2937.07 145.031 1028.07
v -2937.07 145.064 1028.07
v -2936.97 145.004 1028.1
v -2936.98 144.954 1028.11
v -2936.98 144.981 1028.17
v -2936.99 144.946 1028.17
v -2937.07 144.966 1028.19
v -2937.04 144.966 1028.22
v -2937.07 144.966 1028.19
v -2936.99 144.946 1028.17
v -2937.15 145.096 1028.16
v -2937.07 145.064 1028.07
v -2936.98 144.981 1028.17
v -2937.04 144.966 1028.22
v -2937.07 145.031 1028.07
v -2937.02 144.99 1028.06
v -2936.98 144.954 1028.11
v -2936.97 145.004 1028.1
v -2937.01 145.041 1028.05
v -2936.99 144.946 1028.17
v -2936.98 144.981 1028.17
v -2937.1 145.092 1028.13
v -2937.11 145.075 1028.11
v -2937.12 145.096 1028.18
v -2937.14 145.056 1028.24
v -2937.09 144.988 1028.25
v -2937.13 144.982 1028.22
v -2937.17 145.055 1028.2
v -2937.11 145.075 1028.11
v -2937.1 145.092 1028.13
v -2942.42 144.247 1023.36
v -2942.42 144.301 1023.37
v -2940.63 144.288 1025
v -2940.64 144.335 1025.01
v -2942.38 144.23 1023.33
v -2940.6 144.273 1024.96
v -2942.38 144.23 1023.33
v -2940.6 144.273 1024.96
v -2942.35 144.267 1023.29
v -2940.58 144.305 1024.94
v -2942.36 144.321 1023.3
v -2940.59 144.352 1024.95
v -2942.4 144.338 1023.34
v -2940.62 144.367 1024.98
v -2939.51 144.261 1026.01
v -2939.52 144.322 1026.02
v -2939.47 144.242 1025.97
v -2939.44 144.284 1025.93
v -2939.47 144.242 1025.97
v -2939.45 144.344 1025.94
v -2939.49 144.363 1025.98
v -2939.44 145.012 1025.93
v -2939.45 145.066 1025.94
v -2940.86 145.022 1024.7
v -2940.86 145.07 1024.71
v -2939.47 144.975 1025.96
v -2940.88 144.99 1024.73
v -2939.47 144.975 1025.96
v -2940.88 144.99 1024.73
v -2939.5 144.992 1026
v -2940.91 145.005 1024.76
v -2939.51 145.046 1026.01
v -2940.92 145.052 1024.77
v -2939.48 145.083 1025.98
v -2940.89 145.084 1024.75
v -2942.39 145.066 1023.27
v -2942.39 145.006 1023.26
v -2942.42 144.964 1023.3
v -2942.46 144.983 1023.34
v -2942.42 144.964 1023.3
v -2942.46 145.044 1023.35
v -2942.43 145.085 1023.31
v -2939.57 144.664 1025.97
v -2939.21 142.348 1025.6
v -2939.6 144.664 1025.94
v -2939.26 142.371 1025.57
v -2939.16 142.381 1025.59
v -2939.52 144.673 1025.95
v -2939.15 142.391 1025.54
v -2939.16 142.381 1025.59
v -2939.51 144.681 1025.91
v -2939.52 144.673 1025.95
v -2939.19 142.391 1025.5
v -2939.55 144.681 1025.88
v -2939.25 142.381 1025.52
v -2939.59 144.673 1025.89
v -2939.68 145.273 1026.03
v -2939.63 145.273 1026.07
v -2939.58 145.284 1026.05
v -2939.58 145.284 1026.05
v -2939.56 145.295 1025.99
v -2939.61 145.295 1025.95
v -2939.67 145.284 1025.97
v -2941.7 142.344 1023.36
v -2941.74 142.355 1023.32
v -2941.98 144.482 1023.68
v -2942.02 144.482 1023.65
v -2941.65 142.365 1023.34
v -2941.94 144.491 1023.67
v -2941.65 142.365 1023.34
v -2941.94 144.491 1023.67
v -2941.64 142.388 1023.29
v -2941.93 144.499 1023.62
v -2941.68 142.388 1023.25
v -2941.96 144.499 1023.59
v -2941.73 142.378 1023.27
v -2942.01 144.49 1023.6
v -2942.12 145.262 1023.82
v -2942.16 145.262 1023.78
v -2942.06 145.281 1023.8
v -2942.06 145.281 1023.8
v -2942.05 145.285 1023.74
v -2942.09 145.285 1023.7
v -2942.15 145.281 1023.72
v -2939.38 144.662 1026.02
v -2939.41 144.662 1025.98
v -2939.73 142.351 1026.42
v -2939.76 142.374 1026.38
v -2939.73 142.384 1026.47
v -2939.39 144.671 1026.06
v -2939.79 142.395 1026.48
v -2939.43 144.68 1026.08
v -2939.73 142.384 1026.47
v -2939.39 144.671 1026.06
v -2939.83 142.395 1026.45
v -2939.47 144.68 1026.04
v -2939.82 142.384 1026.39
v -2939.46 144.671 1026
v -2939.33 145.27 1025.89
v -2939.28 145.27 1025.94
v -2939.29 145.281 1026
v -2939.29 145.281 1026
v -2939.35 145.293 1026.01
v -2939.4 145.293 1025.97
v -2939.38 145.281 1025.91
v -2942.19 142.347 1024.15
v -2941.88 144.48 1023.82
v -2942.23 142.358 1024.11
v -2941.91 144.48 1023.79
v -2942.2 142.368 1024.2
v -2941.89 144.489 1023.87
v -2942.2 142.368 1024.2
v -2942.25 142.392 1024.21
v -2941.89 144.489 1023.87
v -2941.93 144.499 1023.88
v -2942.29 142.391 1024.18
v -2941.97 144.498 1023.85
v -2942.28 142.381 1024.12
v -2941.96 144.489 1023.8
v -2941.75 145.258 1023.67
v -2941.79 145.258 1023.62
v -2941.76 145.278 1023.72
v -2941.76 145.278 1023.72
v -2941.82 145.283 1023.74
v -2941.86 145.283 1023.7
v -2941.85 145.278 1023.64
v -2936.61 144.247 1028.66
v -2938.4 144.288 1027.04
v -2936.62 144.301 1028.67
v -2938.41 144.335 1027.05
v -2936.58 144.23 1028.63
v -2938.37 144.273 1027
v -2936.58 144.23 1028.63
v -2936.55 144.267 1028.6
v -2938.37 144.273 1027
v -2938.35 144.305 1026.98
v -2936.56 144.321 1028.6
v -2938.35 144.352 1026.99
v -2936.59 144.338 1028.64
v -2938.38 144.367 1027.02
v -2939.51 144.261 1026.01
v -2939.52 144.322 1026.02
v -2939.47 144.242 1025.97
v -2939.44 144.284 1025.93
v -2939.47 144.242 1025.97
v -2939.45 144.344 1025.94
v -2939.49 144.363 1025.98
v -2939.44 145.012 1025.93
v -2938.09 145.022 1027.23
v -2939.45 145.066 1025.94
v -2938.09 145.07 1027.24
v -2939.47 144.975 1025.96
v -2938.11 144.99 1027.26
v -2939.47 144.975 1025.96
v -2939.5 144.992 1026
v -2938.11 144.99 1027.26
v -2938.14 145.005 1027.29
v -2939.51 145.046 1026.01
v -2938.15 145.052 1027.3
v -2939.48 145.083 1025.98
v -2938.12 145.084 1027.27
v -2936.52 145.066 1028.63
v -2936.51 145.006 1028.63
v -2936.54 144.964 1028.66
v -2936.58 144.983 1028.7
v -2936.54 144.964 1028.66
v -2936.59 145.044 1028.71
v -2936.56 145.085 1028.68
v -2936.67 142.344 1027.95
v -2936.97 144.482 1028.26
v -2936.63 142.355 1027.99
v -2936.93 144.482 1028.29
v -2936.66 142.365 1027.9
v -2936.96 144.491 1028.21
v -2936.66 142.365 1027.9
v -2936.61 142.388 1027.88
v -2936.96 144.491 1028.21
v -2936.91 144.499 1028.2
v -2936.57 142.388 1027.92
v -2936.88 144.499 1028.23
v -2936.58 142.378 1027.97
v -2936.89 144.49 1028.28
v -2937.09 145.262 1028.41
v -2937.05 145.262 1028.45
v -2937.08 145.281 1028.35
v -2937.08 145.281 1028.35
v -2937.02 145.285 1028.33
v -2936.98 145.285 1028.37
v -2936.99 145.281 1028.43
v -2937.41 142.347 1028.51
v -2937.37 142.358 1028.55
v -2937.11 144.48 1028.17
v -2937.08 144.48 1028.2
v -2937.46 142.368 1028.53
v -2937.16 144.489 1028.18
v -2937.46 142.368 1028.53
v -2937.16 144.489 1028.18
v -2937.47 142.392 1028.58
v -2937.17 144.499 1028.23
v -2937.43 142.391 1028.61
v -2937.13 144.498 1028.26
v -2937.38 142.381 1028.6
v -2937.09 144.489 1028.25
v -2936.97 145.258 1028.02
v -2936.93 145.258 1028.07
v -2937.03 145.278 1028.04
v -2937.03 145.278 1028.04
v -2937.04 145.283 1028.1
v -2937 145.283 1028.14
v -2936.94 145.278 1028.12
v -2942.07 144.604 1023.68
v -2942.08 144.551 1023.67
v -2942.1 144.641 1023.65
v -2942.14 144.624 1023.62
v -2942.15 144.57 1023.61
v -2942.12 144.533 1023.64
v -2942.17 145.369 1023.65
v -2942.13 145.388 1023.69
v -2942.18 145.309 1023.65
v -2942.15 145.267 1023.67
v -2942.1 145.286 1023.71
v -2942.09 145.347 1023.72
v -2940 142.651 1020.36
v -2940.02 142.684 1020.31
v -2940.03 142.674 1020.41
v -2940.09 142.684 1020.4
v -2940.1 142.694 1020.35
v -2940.07 142.694 1020.3
v -2939.55 145.576 1020.81
v -2939.61 145.587 1020.8
v -2939.51 145.576 1020.76
v -2939.53 145.587 1020.7
v -2939.59 145.598 1020.69
v -2939.63 145.598 1020.74
v -2942.12 142.647 1022.95
v -2942.14 142.668 1022.9
v -2942.16 142.658 1023
v -2942.21 142.681 1022.99
v -2942.19 142.691 1022.9
v -2942.23 142.691 1022.94
v -2941.68 145.565 1023.4
v -2941.74 145.584 1023.39
v -2941.64 145.565 1023.35
v -2941.66 145.584 1023.29
v -2941.72 145.588 1023.28
v -2941.76 145.588 1023.33
v -2939.75 145.307 1020.66
v -2939.71 145.307 1020.64
v -2939.71 145.375 1020.64
v -2939.68 145.375 1020.61
v -2939.64 145.393 1020.66
v -2939.62 145.393 1020.63
v -2939.54 145.294 1020.74
v -2939.54 145.347 1020.74
v -2939.56 145.337 1020.68
v -2939.56 145.37 1020.68
v -2939.6 145.26 1020.78
v -2939.58 145.309 1020.8
v -2939.65 145.287 1020.77
v -2939.66 145.252 1020.77
v -2939.7 145.263 1020.68
v -2939.72 145.263 1020.71
v -2939.66 145.252 1020.77
v -2939.6 145.368 1020.65
v -2939.62 145.393 1020.63
v -2939.64 145.393 1020.66
v -2939.6 145.384 1020.66
v -2939.72 145.263 1020.71
v -2939.6 145.26 1020.78
v -2939.56 145.337 1020.68
v -2939.54 145.294 1020.74
v -2939.65 145.287 1020.77
v -2939.56 145.37 1020.68
v -2939.58 145.309 1020.8
v -2939.54 145.347 1020.74
v -2939.69 145.252 1020.72
v -2939.7 145.271 1020.74
v -2939.6 145.384 1020.66
v -2939.6 145.368 1020.65
v -2939.71 145.375 1020.64
v -2939.75 145.307 1020.66
v -2939.7 145.263 1020.68
v -2939.71 145.307 1020.64
v -2939.68 145.375 1020.61
v -2939.69 145.252 1020.72
v -2939.7 145.271 1020.74
v -2939.66 145.252 1020.77
v -2939.65 145.287 1020.77
v -2939.74 145.375 1020.68
v -2939.74 145.305 1020.64
v -2939.72 145.379 1020.64
v -2939.7 145.307 1020.6
v -2939.68 145.393 1020.7
v -2939.7 145.393 1020.73
v -2939.59 145.296 1020.79
v -2939.65 145.337 1020.78
v -2939.58 145.347 1020.79
v -2939.64 145.37 1020.78
v -2939.56 145.26 1020.73
v -2939.54 145.311 1020.74
v -2939.57 145.288 1020.67
v -2939.58 145.252 1020.67
v -2939.67 145.263 1020.65
v -2939.65 145.263 1020.62
v -2939.67 145.263 1020.65
v -2939.7 145.393 1020.73
v -2939.63 145.252 1020.65
v -2939.64 145.37 1020.78
v -2939.65 145.263 1020.62
v -2939.62 145.271 1020.64
v -2939.65 145.337 1020.78
v -2939.59 145.296 1020.79
v -2939.58 145.252 1020.67
v -2939.56 145.26 1020.73
v -2939.57 145.288 1020.67
v -2939.54 145.311 1020.74
v -2939.58 145.347 1020.79
v -2939.63 145.252 1020.65
v -2939.62 145.271 1020.64
v -2939.67 145.384 1020.74
v -2939.68 145.368 1020.75
v -2939.68 145.393 1020.7
v -2939.72 145.379 1020.64
v -2939.7 145.307 1020.6
v -2939.74 145.305 1020.64
v -2939.74 145.375 1020.68
v -2939.68 145.368 1020.75
v -2939.67 145.384 1020.74
v -2939.58 145.252 1020.67
v -2939.57 145.288 1020.67
v -2941.72 144.551 1023.25
v -2941.76 144.551 1023.29
v -2941.74 144.619 1023.29
v -2941.77 144.619 1023.33
v -2941.79 144.659 1023.29
v -2941.81 144.659 1023.31
v -2941.93 144.614 1023.18
v -2941.91 144.663 1023.19
v -2941.89 144.629 1023.24
v -2941.88 144.662 1023.25
v -2941.88 144.575 1023.13
v -2941.88 144.628 1023.13
v -2941.82 144.58 1023.15
v -2941.83 144.544 1023.14
v -2941.78 144.529 1023.23
v -2941.76 144.529 1023.2
v -2941.83 144.544 1023.14
v -2941.86 144.646 1023.28
v -2941.81 144.659 1023.31
v -2941.79 144.659 1023.29
v -2941.85 144.663 1023.27
v -2941.76 144.529 1023.2
v -2941.88 144.575 1023.13
v -2941.89 144.629 1023.24
v -2941.93 144.614 1023.18
v -2941.82 144.58 1023.15
v -2941.88 144.662 1023.25
v -2941.88 144.628 1023.13
v -2941.91 144.663 1023.19
v -2941.8 144.53 1023.17
v -2941.79 144.55 1023.17
v -2941.85 144.663 1023.27
v -2941.86 144.646 1023.28
v -2941.72 144.551 1023.25
v -2941.74 144.619 1023.29
v -2941.78 144.529 1023.23
v -2941.76 144.551 1023.29
v -2941.77 144.619 1023.33
v -2941.8 144.53 1023.17
v -2941.79 144.55 1023.17
v -2941.83 144.544 1023.14
v -2941.82 144.58 1023.15
v -2941.71 144.619 1023.26
v -2941.74 144.545 1023.28
v -2941.73 144.62 1023.3
v -2941.78 144.551 1023.31
v -2941.76 144.659 1023.24
v -2941.73 144.659 1023.22
v -2941.88 144.612 1023.14
v -2941.81 144.629 1023.15
v -2941.87 144.663 1023.14
v -2941.81 144.663 1023.16
v -2941.92 144.575 1023.18
v -2941.92 144.627 1023.19
v -2941.89 144.58 1023.24
v -2941.9 144.544 1023.23
v -2941.81 144.529 1023.26
v -2941.83 144.529 1023.29
v -2941.81 144.529 1023.26
v -2941.73 144.659 1023.22
v -2941.86 144.53 1023.25
v -2941.81 144.663 1023.16
v -2941.83 144.529 1023.29
v -2941.87 144.55 1023.26
v -2941.81 144.629 1023.15
v -2941.88 144.612 1023.14
v -2941.9 144.544 1023.23
v -2941.92 144.575 1023.18
v -2941.89 144.58 1023.24
v -2941.87 144.663 1023.14
v -2941.92 144.627 1023.19
v -2941.86 144.53 1023.25
v -2941.87 144.55 1023.26
v -2941.78 144.663 1023.19
v -2941.78 144.646 1023.18
v -2941.76 144.659 1023.24
v -2941.78 144.551 1023.31
v -2941.73 144.62 1023.3
v -2941.74 144.545 1023.28
v -2941.71 144.619 1023.26
v -2941.78 144.646 1023.18
v -2941.78 144.663 1023.19
v -2941.9 144.544 1023.23
v -2941.89 144.58 1023.24
v -2939.59 144.631 1020.68
v -2939.63 144.564 1020.7
v -2939.62 144.631 1020.72
v -2939.66 144.563 1020.74
v -2939.64 144.673 1020.66
v -2939.62 144.673 1020.64
v -2939.75 144.632 1020.57
v -2939.68 144.648 1020.59
v -2939.74 144.682 1020.58
v -2939.68 144.682 1020.6
v -2939.79 144.594 1020.62
v -2939.79 144.647 1020.62
v -2939.77 144.601 1020.67
v -2939.78 144.565 1020.67
v -2939.69 144.543 1020.69
v -2939.72 144.543 1020.72
v -2939.78 144.565 1020.67
v -2939.62 144.673 1020.64
v -2939.64 144.663 1020.61
v -2939.64 144.673 1020.66
v -2939.72 144.543 1020.72
v -2939.65 144.679 1020.63
v -2939.68 144.648 1020.59
v -2939.79 144.594 1020.62
v -2939.75 144.632 1020.57
v -2939.77 144.601 1020.67
v -2939.79 144.647 1020.62
v -2939.68 144.682 1020.6
v -2939.74 144.682 1020.58
v -2939.74 144.547 1020.69
v -2939.74 144.566 1020.7
v -2939.65 144.679 1020.63
v -2939.64 144.663 1020.61
v -2939.62 144.631 1020.72
v -2939.66 144.563 1020.74
v -2939.69 144.543 1020.69
v -2939.63 144.564 1020.7
v -2939.59 144.631 1020.68
v -2939.74 144.547 1020.69
v -2939.74 144.566 1020.7
v -2939.78 144.565 1020.67
v -2939.77 144.601 1020.67
v -2939.61 144.564 1020.68
v -2939.63 144.558 1020.72
v -2939.61 144.632 1020.72
v -2939.65 144.631 1020.75
v -2939.67 144.673 1020.71
v -2939.7 144.673 1020.73
v -2939.78 144.63 1020.62
v -2939.78 144.681 1020.63
v -2939.76 144.648 1020.69
v -2939.75 144.681 1020.69
v -2939.74 144.645 1020.58
v -2939.75 144.593 1020.57
v -2939.7 144.6 1020.58
v -2939.7 144.564 1020.58
v -2939.67 144.543 1020.65
v -2939.64 144.543 1020.63
v -2939.67 144.543 1020.65
v -2939.68 144.547 1020.61
v -2939.7 144.673 1020.73
v -2939.75 144.681 1020.69
v -2939.66 144.566 1020.6
v -2939.64 144.543 1020.63
v -2939.76 144.648 1020.69
v -2939.7 144.564 1020.58
v -2939.78 144.63 1020.62
v -2939.75 144.593 1020.57
v -2939.7 144.6 1020.58
v -2939.74 144.645 1020.58
v -2939.78 144.681 1020.63
v -2939.68 144.547 1020.61
v -2939.66 144.566 1020.6
v -2939.71 144.679 1020.7
v -2939.73 144.663 1020.71
v -2939.67 144.673 1020.71
v -2939.61 144.632 1020.72
v -2939.61 144.564 1020.68
v -2939.63 144.558 1020.72
v -2939.65 144.631 1020.75
v -2939.73 144.663 1020.71
v -2939.71 144.679 1020.7
v -2939.7 144.564 1020.58
v -2939.7 144.6 1020.58
v -2941.85 145.372 1023.27
v -2941.84 145.304 1023.23
v -2941.82 145.373 1023.23
v -2941.81 145.305 1023.19
v -2941.79 145.391 1023.29
v -2941.82 145.391 1023.32
v -2941.71 145.294 1023.37
v -2941.77 145.336 1023.36
v -2941.7 145.346 1023.37
v -2941.77 145.37 1023.36
v -2941.68 145.26 1023.3
v -2941.66 145.309 1023.31
v -2941.7 145.287 1023.25
v -2941.7 145.251 1023.24
v -2941.78 145.261 1023.23
v -2941.76 145.261 1023.2
v -2941.7 145.251 1023.24
v -2941.82 145.391 1023.32
v -2941.8 145.366 1023.34
v -2941.79 145.391 1023.29
v -2941.76 145.261 1023.2
v -2941.78 145.383 1023.32
v -2941.77 145.336 1023.36
v -2941.71 145.294 1023.37
v -2941.68 145.26 1023.3
v -2941.7 145.287 1023.25
v -2941.66 145.309 1023.31
v -2941.77 145.37 1023.36
v -2941.7 145.346 1023.37
v -2941.74 145.25 1023.23
v -2941.73 145.27 1023.22
v -2941.78 145.383 1023.32
v -2941.8 145.366 1023.34
v -2941.82 145.373 1023.23
v -2941.81 145.305 1023.19
v -2941.78 145.261 1023.23
v -2941.84 145.304 1023.23
v -2941.85 145.372 1023.27
v -2941.74 145.25 1023.23
v -2941.73 145.27 1023.22
v -2941.7 145.251 1023.24
v -2941.7 145.287 1023.25
v -2941.85 145.304 1023.25
v -2941.83 145.303 1023.21
v -2941.83 145.377 1023.22
v -2941.79 145.372 1023.19
v -2941.76 145.391 1023.25
v -2941.74 145.391 1023.22
v -2941.67 145.296 1023.31
v -2941.66 145.347 1023.32
v -2941.69 145.336 1023.25
v -2941.68 145.37 1023.26
v -2941.71 145.31 1023.36
v -2941.72 145.26 1023.35
v -2941.78 145.287 1023.35
v -2941.78 145.251 1023.34
v -2941.81 145.261 1023.26
v -2941.83 145.261 1023.29
v -2941.81 145.261 1023.26
v -2941.8 145.25 1023.3
v -2941.74 145.391 1023.22
v -2941.68 145.37 1023.26
v -2941.81 145.27 1023.32
v -2941.83 145.261 1023.29
v -2941.69 145.336 1023.25
v -2941.78 145.251 1023.34
v -2941.67 145.296 1023.31
v -2941.72 145.26 1023.35
v -2941.78 145.287 1023.35
v -2941.71 145.31 1023.36
v -2941.66 145.347 1023.32
v -2941.8 145.25 1023.3
v -2941.81 145.27 1023.32
v -2941.72 145.383 1023.25
v -2941.71 145.367 1023.23
v -2941.76 145.391 1023.25
v -2941.83 145.377 1023.22
v -2941.85 145.304 1023.25
v -2941.83 145.303 1023.21
v -2941.79 145.372 1023.19
v -2941.71 145.367 1023.23
v -2941.72 145.383 1023.25
v -2941.78 145.251 1023.34
v -2941.78 145.287 1023.35
v -2939.16 142.654 1020.83
v -2939.2 142.677 1020.87
v -2939.11 142.687 1020.84
v -2939.18 142.687 1020.92
v -2939.13 142.698 1020.93
v -2939.09 142.698 1020.89
v -2939.7 145.573 1020.46
v -2939.66 145.573 1020.41
v -2939.68 145.584 1020.52
v -2939.6 145.584 1020.42
v -2939.58 145.596 1020.48
v -2939.62 145.596 1020.53
v -2941.31 142.65 1023.41
v -2941.34 142.661 1023.45
v -2941.25 142.671 1023.41
v -2941.33 142.684 1023.5
v -2941.24 142.695 1023.46
v -2941.27 142.694 1023.51
v -2941.85 145.561 1023.03
v -2941.81 145.561 1022.99
v -2941.83 145.581 1023.09
v -2941.75 145.581 1022.99
v -2941.73 145.586 1023.05
v -2941.77 145.586 1023.1
v -2939.55 145.289 1020.61
v -2939.51 145.356 1020.59
v -2939.52 145.289 1020.57
v -2939.48 145.357 1020.55
v -2939.53 145.398 1020.53
v -2939.5 145.398 1020.51
v -2939.64 145.291 1020.43
v -2939.57 145.335 1020.45
v -2939.64 145.344 1020.43
v -2939.58 145.368 1020.44
v -2939.67 145.257 1020.5
v -2939.69 145.306 1020.49
v -2939.65 145.285 1020.55
v -2939.64 145.25 1020.56
v -2939.59 145.268 1020.57
v -2939.61 145.276 1020.58
v -2939.64 145.25 1020.56
v -2939.5 145.398 1020.51
v -2939.54 145.384 1020.47
v -2939.53 145.398 1020.53
v -2939.61 145.276 1020.58
v -2939.55 145.4 1020.49
v -2939.57 145.335 1020.45
v -2939.67 145.257 1020.5
v -2939.64 145.291 1020.43
v -2939.65 145.285 1020.55
v -2939.69 145.306 1020.49
v -2939.58 145.368 1020.44
v -2939.64 145.344 1020.43
v -2939.64 145.25 1020.56
v -2939.65 145.285 1020.55
v -2939.55 145.4 1020.49
v -2939.54 145.384 1020.47
v -2939.51 145.356 1020.59
v -2939.55 145.289 1020.61
v -2939.59 145.268 1020.57
v -2939.52 145.289 1020.57
v -2939.48 145.357 1020.55
v -2939.54 145.357 1020.62
v -2939.5 145.358 1020.59
v -2939.52 145.283 1020.59
v -2939.5 145.289 1020.55
v -2939.56 145.398 1020.58
v -2939.59 145.398 1020.6
v -2939.68 145.293 1020.49
v -2939.68 145.344 1020.48
v -2939.66 145.335 1020.55
v -2939.66 145.368 1020.54
v -2939.63 145.257 1020.45
v -2939.64 145.307 1020.44
v -2939.57 145.285 1020.46
v -2939.56 145.25 1020.46
v -2939.55 145.268 1020.51
v -2939.53 145.27 1020.5
v -2939.66 145.335 1020.55
v -2939.56 145.25 1020.46
v -2939.68 145.293 1020.49
v -2939.63 145.257 1020.45
v -2939.57 145.285 1020.46
v -2939.66 145.368 1020.54
v -2939.64 145.307 1020.44
v -2939.68 145.344 1020.48
v -2939.61 145.399 1020.56
v -2939.63 145.382 1020.57
v -2939.56 145.398 1020.58
v -2939.53 145.27 1020.5
v -2939.5 145.358 1020.59
v -2939.5 145.289 1020.55
v -2939.55 145.268 1020.51
v -2939.59 145.398 1020.6
v -2939.52 145.283 1020.59
v -2939.54 145.357 1020.62
v -2939.63 145.382 1020.57
v -2939.61 145.399 1020.56
v -2939.56 145.25 1020.46
v -2939.57 145.285 1020.46
v -2941.7 144.574 1023.05
v -2941.71 144.642 1023.09
v -2941.73 144.573 1023.09
v -2941.74 144.642 1023.13
v -2941.69 144.662 1023.15
v -2941.71 144.662 1023.18
v -2941.59 144.614 1023.25
v -2941.65 144.628 1023.22
v -2941.6 144.663 1023.23
v -2941.66 144.661 1023.21
v -2941.54 144.575 1023.19
v -2941.54 144.628 1023.19
v -2941.57 144.579 1023.14
v -2941.57 144.543 1023.14
v -2941.68 144.531 1023.1
v -2941.65 144.531 1023.07
v -2941.57 144.543 1023.14
v -2941.71 144.662 1023.18
v -2941.69 144.644 1023.2
v -2941.69 144.662 1023.15
v -2941.65 144.531 1023.07
v -2941.68 144.66 1023.19
v -2941.65 144.628 1023.22
v -2941.54 144.575 1023.19
v -2941.59 144.614 1023.25
v -2941.57 144.579 1023.14
v -2941.54 144.628 1023.19
v -2941.66 144.661 1023.21
v -2941.6 144.663 1023.23
v -2941.62 144.538 1023.11
v -2941.6 144.557 1023.1
v -2941.68 144.66 1023.19
v -2941.69 144.644 1023.2
v -2941.7 144.574 1023.05
v -2941.71 144.642 1023.09
v -2941.68 144.531 1023.1
v -2941.73 144.573 1023.09
v -2941.74 144.642 1023.13
v -2941.62 144.538 1023.11
v -2941.6 144.557 1023.1
v -2941.57 144.543 1023.14
v -2941.57 144.579 1023.14
v -2941.68 144.642 1023.06
v -2941.72 144.646 1023.09
v -2941.73 144.572 1023.07
v -2941.75 144.574 1023.12
v -2941.65 144.662 1023.11
v -2941.63 144.661 1023.08
v -2941.55 144.612 1023.19
v -2941.56 144.663 1023.18
v -2941.58 144.629 1023.13
v -2941.58 144.662 1023.12
v -2941.59 144.574 1023.24
v -2941.59 144.626 1023.24
v -2941.64 144.579 1023.22
v -2941.64 144.543 1023.23
v -2941.7 144.531 1023.13
v -2941.73 144.531 1023.16
v -2941.7 144.531 1023.13
v -2941.68 144.532 1023.18
v -2941.63 144.661 1023.08
v -2941.58 144.662 1023.12
v -2941.69 144.551 1023.19
v -2941.73 144.531 1023.16
v -2941.58 144.629 1023.13
v -2941.64 144.543 1023.23
v -2941.55 144.612 1023.19
v -2941.59 144.574 1023.24
v -2941.56 144.663 1023.18
v -2941.64 144.579 1023.22
v -2941.59 144.626 1023.24
v -2941.68 144.532 1023.18
v -2941.69 144.551 1023.19
v -2941.61 144.661 1023.12
v -2941.6 144.645 1023.1
v -2941.75 144.574 1023.12
v -2941.65 144.662 1023.11
v -2941.72 144.646 1023.09
v -2941.73 144.572 1023.07
v -2941.68 144.642 1023.06
v -2941.6 144.645 1023.1
v -2941.61 144.661 1023.12
v -2941.64 144.543 1023.23
v -2941.64 144.579 1023.22
v -2939.57 144.65 1020.47
v -2939.6 144.65 1020.51
v -2939.61 144.581 1020.5
v -2939.64 144.582 1020.53
v -2939.54 144.673 1020.53
v -2939.52 144.673 1020.5
v -2939.42 144.632 1020.61
v -2939.44 144.681 1020.6
v -2939.46 144.647 1020.55
v -2939.47 144.68 1020.55
v -2939.47 144.593 1020.67
v -2939.47 144.646 1020.67
v -2939.52 144.6 1020.66
v -2939.52 144.564 1020.66
v -2939.59 144.541 1020.55
v -2939.61 144.541 1020.58
v -2939.52 144.564 1020.66
v -2939.49 144.66 1020.52
v -2939.52 144.673 1020.5
v -2939.54 144.673 1020.53
v -2939.5 144.677 1020.54
v -2939.61 144.541 1020.58
v -2939.47 144.593 1020.67
v -2939.46 144.647 1020.55
v -2939.42 144.632 1020.61
v -2939.52 144.6 1020.66
v -2939.47 144.68 1020.55
v -2939.47 144.646 1020.67
v -2939.44 144.681 1020.6
v -2939.56 144.539 1020.61
v -2939.56 144.559 1020.63
v -2939.5 144.677 1020.54
v -2939.49 144.66 1020.52
v -2939.6 144.65 1020.51
v -2939.64 144.582 1020.53
v -2939.59 144.541 1020.55
v -2939.61 144.581 1020.5
v -2939.57 144.65 1020.47
v -2939.56 144.539 1020.61
v -2939.56 144.559 1020.63
v -2939.52 144.564 1020.66
v -2939.52 144.6 1020.66
v -2939.59 144.581 1020.47
v -2939.61 144.654 1020.5
v -2939.62 144.579 1020.5
v -2939.63 144.65 1020.54
v -2939.57 144.673 1020.57
v -2939.6 144.673 1020.59
v -2939.47 144.63 1020.66
v -2939.54 144.647 1020.65
v -2939.48 144.681 1020.65
v -2939.55 144.68 1020.64
v -2939.44 144.645 1020.61
v -2939.43 144.593 1020.61
v -2939.45 144.599 1020.56
v -2939.44 144.564 1020.57
v -2939.56 144.541 1020.52
v -2939.53 144.541 1020.49
v -2939.56 144.541 1020.52
v -2939.6 144.673 1020.59
v -2939.5 144.539 1020.54
v -2939.55 144.68 1020.64
v -2939.53 144.541 1020.49
v -2939.49 144.559 1020.53
v -2939.54 144.647 1020.65
v -2939.47 144.63 1020.66
v -2939.44 144.564 1020.57
v -2939.43 144.593 1020.61
v -2939.45 144.599 1020.56
v -2939.44 144.645 1020.61
v -2939.48 144.681 1020.65
v -2939.5 144.539 1020.54
v -2939.49 144.559 1020.53
v -2939.56 144.676 1020.61
v -2939.57 144.659 1020.62
v -2939.57 144.673 1020.57
v -2939.61 144.654 1020.5
v -2939.59 144.581 1020.47
v -2939.62 144.579 1020.5
v -2939.63 144.65 1020.54
v -2939.57 144.659 1020.62
v -2939.56 144.676 1020.61
v -2939.44 144.564 1020.57
v -2939.45 144.599 1020.56
v -2941.66 145.358 1023.21
v -2941.63 145.358 1023.17
v -2941.64 145.291 1023.17
v -2941.61 145.29 1023.13
v -2941.68 145.399 1023.16
v -2941.7 145.399 1023.19
v -2941.81 145.291 1023.06
v -2941.81 145.343 1023.06
v -2941.79 145.334 1023.12
v -2941.8 145.367 1023.12
v -2941.75 145.257 1023.02
v -2941.77 145.306 1023
v -2941.7 145.284 1023.03
v -2941.69 145.249 1023.03
v -2941.67 145.269 1023.11
v -2941.64 145.269 1023.08
v -2941.69 145.249 1023.03
v -2941.75 145.374 1023.15
v -2941.7 145.399 1023.19
v -2941.68 145.399 1023.16
v -2941.74 145.391 1023.14
v -2941.64 145.269 1023.08
v -2941.79 145.334 1023.12
v -2941.81 145.291 1023.06
v -2941.75 145.257 1023.02
v -2941.7 145.284 1023.03
v -2941.8 145.367 1023.12
v -2941.77 145.306 1023
v -2941.81 145.343 1023.06
v -2941.69 145.249 1023.03
v -2941.7 145.284 1023.03
v -2941.74 145.391 1023.14
v -2941.75 145.374 1023.15
v -2941.63 145.358 1023.17
v -2941.61 145.29 1023.13
v -2941.67 145.269 1023.11
v -2941.64 145.291 1023.17
v -2941.66 145.358 1023.21
v -2941.66 145.291 1023.19
v -2941.62 145.359 1023.18
v -2941.62 145.285 1023.16
v -2941.6 145.358 1023.14
v -2941.64 145.399 1023.12
v -2941.62 145.399 1023.09
v -2941.76 145.293 1023.01
v -2941.71 145.334 1023.02
v -2941.77 145.344 1023.01
v -2941.71 145.367 1023.02
v -2941.81 145.307 1023.06
v -2941.79 145.257 1023.07
v -2941.78 145.284 1023.12
v -2941.77 145.249 1023.13
v -2941.69 145.269 1023.14
v -2941.72 145.269 1023.17
v -2941.69 145.269 1023.14
v -2941.62 145.399 1023.09
v -2941.77 145.249 1023.13
v -2941.71 145.367 1023.02
v -2941.72 145.269 1023.17
v -2941.78 145.284 1023.12
v -2941.71 145.334 1023.02
v -2941.76 145.293 1023.01
v -2941.79 145.257 1023.07
v -2941.81 145.307 1023.06
v -2941.77 145.344 1023.01
v -2941.77 145.249 1023.13
v -2941.78 145.284 1023.12
v -2941.68 145.395 1023.07
v -2941.67 145.378 1023.05
v -2941.64 145.399 1023.12
v -2941.62 145.359 1023.18
v -2941.66 145.291 1023.19
v -2941.62 145.285 1023.16
v -2941.6 145.358 1023.14
v -2941.67 145.378 1023.05
v -2941.68 145.395 1023.07
v -2937.06 144.604 1017.62
v -2937.09 144.641 1017.59
v -2937.07 144.551 1017.61
v -2937.13 144.624 1017.56
v -2937.14 144.57 1017.55
v -2937.11 144.533 1017.58
v -2937.11 145.369 1017.52
v -2937.12 145.309 1017.51
v -2937.06 145.388 1017.56
v -2937.08 145.267 1017.54
v -2937.03 145.286 1017.58
v -2937.02 145.347 1017.59
v -2937.79 142.647 1017.7
v -2937.75 142.658 1017.66
v -2937.84 142.668 1017.7
v -2937.76 142.681 1017.61
v -2937.85 142.691 1017.65
v -2937.82 142.691 1017.6
v -2937.26 145.565 1018.06
v -2937.3 145.565 1018.11
v -2937.28 145.584 1018
v -2937.36 145.584 1018.1
v -2937.38 145.588 1018.04
v -2937.34 145.588 1017.99
v -2937.41 144.551 1018.04
v -2937.38 144.619 1018.02
v -2937.39 144.551 1018
v -2937.35 144.619 1017.98
v -2937.39 144.659 1017.97
v -2937.37 144.659 1017.94
v -2937.52 144.614 1017.85
v -2937.45 144.629 1017.88
v -2937.51 144.663 1017.87
v -2937.45 144.662 1017.89
v -2937.56 144.575 1017.91
v -2937.56 144.628 1017.91
v -2937.53 144.58 1017.96
v -2937.54 144.544 1017.96
v -2937.45 144.529 1017.99
v -2937.47 144.529 1018.02
v -2937.54 144.544 1017.96
v -2937.37 144.659 1017.94
v -2937.41 144.646 1017.9
v -2937.39 144.659 1017.97
v -2937.47 144.529 1018.02
v -2937.42 144.663 1017.92
v -2937.45 144.629 1017.88
v -2937.56 144.575 1017.91
v -2937.52 144.614 1017.85
v -2937.53 144.58 1017.96
v -2937.56 144.628 1017.91
v -2937.45 144.662 1017.89
v -2937.51 144.663 1017.87
v -2937.51 144.53 1017.98
v -2937.51 144.55 1017.99
v -2937.42 144.663 1017.92
v -2937.41 144.646 1017.9
v -2937.41 144.551 1018.04
v -2937.38 144.619 1018.02
v -2937.45 144.529 1017.99
v -2937.39 144.551 1018
v -2937.35 144.619 1017.98
v -2937.51 144.53 1017.98
v -2937.51 144.55 1017.99
v -2937.54 144.544 1017.96
v -2937.53 144.58 1017.96
v -2937.41 144.619 1018.05
v -2937.37 144.62 1018.02
v -2937.39 144.545 1018.02
v -2937.37 144.551 1017.98
v -2937.43 144.659 1018.01
v -2937.45 144.659 1018.04
v -2937.56 144.612 1017.91
v -2937.55 144.663 1017.91
v -2937.53 144.629 1017.97
v -2937.52 144.663 1017.98
v -2937.52 144.575 1017.86
v -2937.51 144.627 1017.86
v -2937.46 144.58 1017.88
v -2937.47 144.544 1017.87
v -2937.42 144.529 1017.96
v -2937.4 144.529 1017.93
v -2937.42 144.529 1017.96
v -2937.44 144.53 1017.9
v -2937.45 144.659 1018.04
v -2937.52 144.663 1017.98
v -2937.43 144.55 1017.89
v -2937.4 144.529 1017.93
v -2937.53 144.629 1017.97
v -2937.47 144.544 1017.87
v -2937.56 144.612 1017.91
v -2937.52 144.575 1017.86
v -2937.55 144.663 1017.91
v -2937.46 144.58 1017.88
v -2937.51 144.627 1017.86
v -2937.44 144.53 1017.9
v -2937.43 144.55 1017.89
v -2937.48 144.663 1017.99
v -2937.5 144.646 1018
v -2937.37 144.551 1017.98
v -2937.43 144.659 1018.01
v -2937.37 144.62 1018.02
v -2937.39 144.545 1018.02
v -2937.41 144.619 1018.05
v -2937.5 144.646 1018
v -2937.48 144.663 1017.99
v -2937.47 144.544 1017.87
v -2937.46 144.58 1017.88
v -2937.42 145.372 1017.91
v -2937.46 145.373 1017.95
v -2937.46 145.304 1017.94
v -2937.49 145.305 1017.97
v -2937.39 145.391 1017.96
v -2937.37 145.391 1017.94
v -2937.3 145.294 1018.03
v -2937.3 145.346 1018.04
v -2937.32 145.336 1017.97
v -2937.32 145.37 1017.98
v -2937.36 145.26 1018.07
v -2937.34 145.309 1018.09
v -2937.41 145.287 1018.07
v -2937.42 145.251 1018.06
v -2937.45 145.261 1017.99
v -2937.47 145.261 1018.01
v -2937.42 145.251 1018.06
v -2937.35 145.366 1017.95
v -2937.37 145.391 1017.94
v -2937.39 145.391 1017.96
v -2937.35 145.383 1017.97
v -2937.47 145.261 1018.01
v -2937.32 145.336 1017.97
v -2937.3 145.294 1018.03
v -2937.36 145.26 1018.07
v -2937.41 145.287 1018.07
v -2937.32 145.37 1017.98
v -2937.34 145.309 1018.09
v -2937.3 145.346 1018.04
v -2937.44 145.25 1018.03
v -2937.45 145.27 1018.04
v -2937.35 145.383 1017.97
v -2937.35 145.366 1017.95
v -2937.46 145.373 1017.95
v -2937.49 145.305 1017.97
v -2937.45 145.261 1017.99
v -2937.46 145.304 1017.94
v -2937.42 145.372 1017.91
v -2937.44 145.25 1018.03
v -2937.45 145.27 1018.04
v -2937.42 145.251 1018.06
v -2937.41 145.287 1018.07
v -2937.44 145.304 1017.91
v -2937.46 145.377 1017.94
v -2937.48 145.303 1017.94
v -2937.49 145.372 1017.98
v -2937.43 145.391 1018.01
v -2937.45 145.391 1018.03
v -2937.35 145.296 1018.08
v -2937.41 145.336 1018.08
v -2937.34 145.347 1018.09
v -2937.4 145.37 1018.08
v -2937.31 145.31 1018.03
v -2937.32 145.26 1018.02
v -2937.33 145.287 1017.97
v -2937.34 145.251 1017.97
v -2937.42 145.261 1017.95
v -2937.4 145.261 1017.93
v -2937.42 145.261 1017.95
v -2937.45 145.391 1018.03
v -2937.38 145.25 1017.95
v -2937.4 145.37 1018.08
v -2937.4 145.261 1017.93
v -2937.37 145.27 1017.94
v -2937.41 145.336 1018.08
v -2937.35 145.296 1018.08
v -2937.34 145.251 1017.97
v -2937.32 145.26 1018.02
v -2937.33 145.287 1017.97
v -2937.31 145.31 1018.03
v -2937.34 145.347 1018.09
v -2937.38 145.25 1017.95
v -2937.37 145.27 1017.94
v -2937.42 145.383 1018.04
v -2937.43 145.367 1018.06
v -2937.43 145.391 1018.01
v -2937.46 145.377 1017.94
v -2937.44 145.304 1017.91
v -2937.48 145.303 1017.94
v -2937.49 145.372 1017.98
v -2937.43 145.367 1018.06
v -2937.42 145.383 1018.04
v -2937.34 145.251 1017.97
v -2937.33 145.287 1017.97
v -2937.18 142.65 1018.42
v -2937.17 142.671 1018.47
v -2937.15 142.661 1018.38
v -2937.1 142.684 1018.38
v -2937.12 142.695 1018.48
v -2937.08 142.694 1018.43
v -2937.65 145.561 1017.96
v -2937.59 145.581 1017.96
v -2937.69 145.561 1018
v -2937.67 145.581 1018.06
v -2937.61 145.586 1018.07
v -2937.57 145.586 1018.02
v -2937.6 144.574 1018.1
v -2937.57 144.573 1018.07
v -2937.57 144.642 1018.08
v -2937.54 144.642 1018.04
v -2937.51 144.662 1018.09
v -2937.48 144.662 1018.06
v -2937.39 144.614 1018.17
v -2937.41 144.663 1018.17
v -2937.44 144.628 1018.12
v -2937.44 144.661 1018.11
v -2937.44 144.575 1018.23
v -2937.44 144.628 1018.23
v -2937.5 144.579 1018.21
v -2937.49 144.543 1018.22
v -2937.56 144.531 1018.12
v -2937.58 144.531 1018.14
v -2937.49 144.543 1018.22
v -2937.46 144.644 1018.08
v -2937.48 144.662 1018.06
v -2937.51 144.662 1018.09
v -2937.47 144.66 1018.1
v -2937.58 144.531 1018.14
v -2937.44 144.575 1018.23
v -2937.44 144.628 1018.12
v -2937.39 144.614 1018.17
v -2937.5 144.579 1018.21
v -2937.44 144.661 1018.11
v -2937.44 144.628 1018.23
v -2937.41 144.663 1018.17
v -2937.53 144.538 1018.17
v -2937.54 144.557 1018.18
v -2937.47 144.66 1018.1
v -2937.46 144.644 1018.08
v -2937.6 144.574 1018.1
v -2937.57 144.642 1018.08
v -2937.56 144.531 1018.12
v -2937.57 144.573 1018.07
v -2937.54 144.642 1018.04
v -2937.53 144.538 1018.17
v -2937.54 144.557 1018.18
v -2937.49 144.543 1018.22
v -2937.5 144.579 1018.21
v -2937.6 144.642 1018.12
v -2937.59 144.572 1018.07
v -2937.57 144.646 1018.07
v -2937.55 144.574 1018.04
v -2937.54 144.662 1018.13
v -2937.56 144.661 1018.16
v -2937.44 144.612 1018.22
v -2937.51 144.629 1018.21
v -2937.45 144.663 1018.21
v -2937.52 144.662 1018.2
v -2937.4 144.574 1018.18
v -2937.4 144.626 1018.17
v -2937.43 144.579 1018.12
v -2937.42 144.543 1018.13
v -2937.53 144.531 1018.08
v -2937.51 144.531 1018.05
v -2937.53 144.531 1018.08
v -2937.56 144.661 1018.16
v -2937.48 144.532 1018.09
v -2937.52 144.662 1018.2
v -2937.51 144.531 1018.05
v -2937.46 144.551 1018.08
v -2937.51 144.629 1018.21
v -2937.44 144.612 1018.22
v -2937.42 144.543 1018.13
v -2937.4 144.574 1018.18
v -2937.43 144.579 1018.12
v -2937.45 144.663 1018.21
v -2937.4 144.626 1018.17
v -2937.48 144.532 1018.09
v -2937.46 144.551 1018.08
v -2937.53 144.661 1018.17
v -2937.54 144.645 1018.19
v -2937.54 144.662 1018.13
v -2937.55 144.574 1018.04
v -2937.57 144.646 1018.07
v -2937.59 144.572 1018.07
v -2937.6 144.642 1018.12
v -2937.54 144.645 1018.19
v -2937.53 144.661 1018.17
v -2937.42 144.543 1018.13
v -2937.43 144.579 1018.12
v -2937.45 145.358 1018.11
v -2937.48 145.291 1018.14
v -2937.47 145.358 1018.15
v -2937.51 145.29 1018.17
v -2937.49 145.399 1018.1
v -2937.47 145.399 1018.07
v -2937.62 145.291 1017.99
v -2937.56 145.334 1018
v -2937.62 145.343 1017.99
v -2937.56 145.367 1017.99
v -2937.65 145.257 1018.05
v -2937.67 145.306 1018.04
v -2937.63 145.284 1018.11
v -2937.63 145.249 1018.11
v -2937.55 145.269 1018.12
v -2937.57 145.269 1018.15
v -2937.63 145.249 1018.11
v -2937.47 145.399 1018.07
v -2937.52 145.374 1018.03
v -2937.49 145.399 1018.1
v -2937.57 145.269 1018.15
v -2937.53 145.391 1018.05
v -2937.56 145.334 1018
v -2937.62 145.291 1017.99
v -2937.65 145.257 1018.05
v -2937.63 145.284 1018.11
v -2937.67 145.306 1018.04
v -2937.56 145.367 1017.99
v -2937.62 145.343 1017.99
v -2937.63 145.249 1018.11
v -2937.63 145.284 1018.11
v -2937.53 145.391 1018.05
v -2937.52 145.374 1018.03
v -2937.47 145.358 1018.15
v -2937.51 145.29 1018.17
v -2937.55 145.269 1018.12
v -2937.48 145.291 1018.14
v -2937.45 145.358 1018.11
v -2937.46 145.291 1018.11
v -2937.49 145.285 1018.15
v -2937.47 145.359 1018.16
v -2937.51 145.358 1018.19
v -2937.53 145.399 1018.14
v -2937.55 145.399 1018.17
v -2937.66 145.293 1018.05
v -2937.66 145.344 1018.04
v -2937.64 145.334 1018.1
v -2937.65 145.367 1018.1
v -2937.62 145.307 1017.99
v -2937.61 145.257 1018
v -2937.55 145.284 1018.01
v -2937.55 145.249 1018.01
v -2937.52 145.269 1018.09
v -2937.5 145.269 1018.06
v -2937.52 145.269 1018.09
v -2937.55 145.249 1018.01
v -2937.55 145.399 1018.17
v -2937.65 145.367 1018.1
v -2937.55 145.284 1018.01
v -2937.5 145.269 1018.06
v -2937.64 145.334 1018.1
v -2937.66 145.293 1018.05
v -2937.61 145.257 1018
v -2937.62 145.307 1017.99
v -2937.66 145.344 1018.04
v -2937.55 145.249 1018.01
v -2937.55 145.284 1018.01
v -2937.59 145.395 1018.12
v -2937.6 145.378 1018.13
v -2937.53 145.399 1018.14
v -2937.47 145.359 1018.16
v -2937.46 145.291 1018.11
v -2937.49 145.285 1018.15
v -2937.51 145.358 1018.19
v -2937.6 145.378 1018.13
v -2937.59 145.395 1018.12
v -2942.08 144.551 1023.67
v -2942.07 144.604 1023.68
v -2940.53 144.591 1021.81
v -2940.53 144.638 1021.82
v -2942.12 144.533 1023.64
v -2940.57 144.576 1021.78
v -2942.12 144.533 1023.64
v -2940.57 144.576 1021.78
v -2942.15 144.57 1023.61
v -2940.6 144.608 1021.76
v -2942.14 144.624 1023.62
v -2940.59 144.655 1021.76
v -2942.1 144.641 1023.65
v -2940.55 144.67 1021.79
v -2939.58 144.564 1020.64
v -2939.57 144.625 1020.64
v -2939.63 144.545 1020.6
v -2939.66 144.587 1020.57
v -2939.63 144.545 1020.6
v -2939.65 144.647 1020.58
v -2939.61 144.666 1020.62
v -2939.66 145.315 1020.57
v -2939.65 145.369 1020.58
v -2940.82 145.325 1022.05
v -2940.81 145.373 1022.05
v -2939.63 145.278 1020.6
v -2940.79 145.293 1022.07
v -2939.63 145.278 1020.6
v -2940.79 145.293 1022.07
v -2939.59 145.295 1020.63
v -2940.75 145.308 1022.1
v -2939.58 145.349 1020.64
v -2940.75 145.355 1022.1
v -2939.61 145.386 1020.61
v -2940.77 145.387 1022.08
v -2942.17 145.369 1023.65
v -2942.18 145.309 1023.65
v -2942.15 145.267 1023.67
v -2942.1 145.286 1023.71
v -2942.15 145.267 1023.67
v -2942.09 145.347 1023.72
v -2942.13 145.388 1023.69
v -2939.62 144.967 1020.7
v -2940 142.651 1020.36
v -2939.65 144.967 1020.73
v -2940.03 142.674 1020.41
v -2940.02 142.684 1020.31
v -2939.64 144.976 1020.65
v -2940.07 142.694 1020.3
v -2940.02 142.684 1020.31
v -2939.68 144.984 1020.64
v -2939.64 144.976 1020.65
v -2940.1 142.694 1020.35
v -2939.71 144.984 1020.68
v -2940.09 142.684 1020.4
v -2939.7 144.976 1020.73
v -2939.55 145.576 1020.81
v -2939.51 145.576 1020.76
v -2939.53 145.587 1020.7
v -2939.53 145.587 1020.7
v -2939.59 145.598 1020.69
v -2939.63 145.598 1020.74
v -2939.61 145.587 1020.8
v -2942.12 142.647 1022.95
v -2942.16 142.658 1023
v -2941.78 144.785 1023.22
v -2941.81 144.785 1023.26
v -2942.14 142.668 1022.9
v -2941.8 144.794 1023.18
v -2942.14 142.668 1022.9
v -2941.8 144.794 1023.18
v -2942.19 142.691 1022.9
v -2941.85 144.802 1023.17
v -2942.23 142.691 1022.94
v -2941.88 144.802 1023.21
v -2942.21 142.681 1022.99
v -2941.86 144.794 1023.25
v -2941.64 145.565 1023.35
v -2941.68 145.565 1023.4
v -2941.66 145.584 1023.29
v -2941.66 145.584 1023.29
v -2941.72 145.588 1023.28
v -2941.76 145.588 1023.33
v -2941.74 145.584 1023.39
v -2939.58 144.965 1020.51
v -2939.61 144.965 1020.54
v -2939.16 142.654 1020.83
v -2939.2 142.677 1020.87
v -2939.11 142.687 1020.84
v -2939.53 144.974 1020.51
v -2939.09 142.698 1020.89
v -2939.52 144.983 1020.56
v -2939.11 142.687 1020.84
v -2939.53 144.974 1020.51
v -2939.13 142.698 1020.93
v -2939.55 144.983 1020.6
v -2939.18 142.687 1020.92
v -2939.59 144.974 1020.59
v -2939.7 145.573 1020.46
v -2939.66 145.573 1020.41
v -2939.6 145.584 1020.42
v -2939.6 145.584 1020.42
v -2939.58 145.596 1020.48
v -2939.62 145.596 1020.53
v -2939.68 145.584 1020.52
v -2941.31 142.65 1023.41
v -2941.65 144.783 1023.11
v -2941.34 142.661 1023.45
v -2941.68 144.783 1023.15
v -2941.25 142.671 1023.41
v -2941.6 144.792 1023.12
v -2941.25 142.671 1023.41
v -2941.24 142.695 1023.46
v -2941.6 144.792 1023.12
v -2941.59 144.802 1023.16
v -2941.27 142.694 1023.51
v -2941.62 144.802 1023.2
v -2941.33 142.684 1023.5
v -2941.67 144.792 1023.19
v -2941.81 145.561 1022.99
v -2941.85 145.561 1023.03
v -2941.75 145.581 1022.99
v -2941.75 145.581 1022.99
v -2941.73 145.586 1023.05
v -2941.77 145.586 1023.1
v -2941.83 145.581 1023.09
v -2937.07 144.551 1017.61
v -2938.61 144.591 1019.48
v -2937.06 144.604 1017.62
v -2938.6 144.638 1019.49
v -2937.11 144.533 1017.58
v -2938.64 144.576 1019.45
v -2937.11 144.533 1017.58
v -2937.14 144.57 1017.55
v -2938.64 144.576 1019.45
v -2938.67 144.608 1019.43
v -2937.13 144.624 1017.56
v -2938.66 144.655 1019.43
v -2937.09 144.641 1017.59
v -2938.63 144.67 1019.46
v -2939.58 144.564 1020.64
v -2939.57 144.625 1020.64
v -2939.63 144.545 1020.6
v -2939.66 144.587 1020.57
v -2939.63 144.545 1020.6
v -2939.65 144.647 1020.58
v -2939.61 144.666 1020.62
v -2939.66 145.315 1020.57
v -2938.43 145.325 1019.16
v -2939.65 145.369 1020.58
v -2938.42 145.373 1019.16
v -2939.63 145.278 1020.6
v -2938.4 145.293 1019.18
v -2939.63 145.278 1020.6
v -2939.59 145.295 1020.63
v -2938.4 145.293 1019.18
v -2938.37 145.308 1019.21
v -2939.58 145.349 1020.64
v -2938.36 145.355 1019.21
v -2939.61 145.386 1020.61
v -2938.39 145.387 1019.19
v -2937.11 145.369 1017.52
v -2937.12 145.309 1017.51
v -2937.08 145.267 1017.54
v -2937.03 145.286 1017.58
v -2937.08 145.267 1017.54
v -2937.02 145.347 1017.59
v -2937.06 145.388 1017.56
v -2937.79 142.647 1017.7
v -2937.46 144.785 1017.99
v -2937.75 142.658 1017.66
v -2937.43 144.785 1017.95
v -2937.84 142.668 1017.7
v -2937.5 144.794 1017.98
v -2937.84 142.668 1017.7
v -2937.85 142.691 1017.65
v -2937.5 144.794 1017.98
v -2937.52 144.802 1017.93
v -2937.82 142.691 1017.6
v -2937.49 144.802 1017.9
v -2937.76 142.681 1017.61
v -2937.44 144.794 1017.91
v -2937.3 145.565 1018.11
v -2937.26 145.565 1018.06
v -2937.36 145.584 1018.1
v -2937.36 145.584 1018.1
v -2937.38 145.588 1018.04
v -2937.34 145.588 1017.99
v -2937.28 145.584 1018
v -2937.18 142.65 1018.42
v -2937.15 142.661 1018.38
v -2937.54 144.783 1018.14
v -2937.51 144.783 1018.1
v -2937.17 142.671 1018.47
v -2937.52 144.792 1018.18
v -2937.17 142.671 1018.47
v -2937.52 144.792 1018.18
v -2937.12 142.695 1018.48
v -2937.48 144.802 1018.19
v -2937.08 142.694 1018.43
v -2937.45 144.802 1018.15
v -2937.1 142.684 1018.38
v -2937.46 144.792 1018.11
v -2937.69 145.561 1018
v -2937.65 145.561 1017.96
v -2937.67 145.581 1018.06
v -2937.67 145.581 1018.06
v -2937.61 145.586 1018.07
v -2937.57 145.586 1018.02
v -2937.59 145.581 1017.96
v -2937.15 144.67 1017.67
v -2937.15 144.616 1017.66
v -2937.13 144.707 1017.63
v -2937.1 144.69 1017.59
v -2937.1 144.636 1017.58
v -2937.12 144.599 1017.61
v -2937.14 145.435 1017.56
v -2937.17 145.454 1017.61
v -2937.14 145.374 1017.55
v -2937.16 145.333 1017.59
v -2937.19 145.352 1017.64
v -2937.2 145.412 1017.65
v -2933.56 142.716 1019.22
v -2933.52 142.75 1019.2
v -2933.61 142.74 1019.19
v -2933.61 142.749 1019.14
v -2933.56 142.759 1019.11
v -2933.52 142.76 1019.14
v -2933.94 145.642 1019.73
v -2933.94 145.653 1019.67
v -2933.88 145.642 1019.76
v -2933.83 145.653 1019.73
v -2933.83 145.664 1019.67
v -2933.88 145.664 1019.64
v -2936.44 142.713 1017.51
v -2936.4 142.734 1017.48
v -2936.49 142.724 1017.48
v -2936.49 142.746 1017.43
v -2936.4 142.756 1017.43
v -2936.44 142.756 1017.4
v -2936.81 145.63 1018.02
v -2936.82 145.65 1017.96
v -2936.76 145.63 1018.05
v -2936.71 145.65 1018.02
v -2936.71 145.654 1017.96
v -2936.76 145.654 1017.93
v -2933.82 145.373 1019.51
v -2933.79 145.372 1019.55
v -2933.8 145.441 1019.55
v -2933.76 145.44 1019.57
v -2933.8 145.459 1019.61
v -2933.77 145.459 1019.63
v -2933.86 145.36 1019.73
v -2933.87 145.412 1019.74
v -2933.81 145.403 1019.7
v -2933.81 145.436 1019.71
v -2933.92 145.326 1019.68
v -2933.93 145.374 1019.7
v -2933.92 145.353 1019.62
v -2933.91 145.317 1019.62
v -2933.83 145.328 1019.56
v -2933.87 145.328 1019.55
v -2933.91 145.317 1019.62
v -2933.79 145.433 1019.66
v -2933.77 145.459 1019.63
v -2933.8 145.459 1019.61
v -2933.8 145.45 1019.66
v -2933.87 145.328 1019.55
v -2933.92 145.326 1019.68
v -2933.81 145.403 1019.7
v -2933.86 145.36 1019.73
v -2933.92 145.353 1019.62
v -2933.81 145.436 1019.71
v -2933.93 145.374 1019.7
v -2933.87 145.412 1019.74
v -2933.88 145.317 1019.58
v -2933.89 145.337 1019.58
v -2933.8 145.45 1019.66
v -2933.79 145.433 1019.66
v -2933.8 145.441 1019.55
v -2933.82 145.373 1019.51
v -2933.83 145.328 1019.56
v -2933.79 145.372 1019.55
v -2933.76 145.44 1019.57
v -2933.88 145.317 1019.58
v -2933.89 145.337 1019.58
v -2933.91 145.317 1019.62
v -2933.92 145.353 1019.62
v -2933.84 145.44 1019.52
v -2933.79 145.37 1019.52
v -2933.79 145.445 1019.54
v -2933.76 145.372 1019.56
v -2933.85 145.459 1019.59
v -2933.88 145.458 1019.57
v -2933.92 145.361 1019.69
v -2933.92 145.403 1019.63
v -2933.92 145.412 1019.7
v -2933.93 145.436 1019.64
v -2933.86 145.326 1019.71
v -2933.87 145.376 1019.73
v -2933.81 145.353 1019.69
v -2933.8 145.318 1019.68
v -2933.8 145.328 1019.59
v -2933.77 145.328 1019.6
v -2933.8 145.328 1019.59
v -2933.88 145.458 1019.57
v -2933.79 145.317 1019.63
v -2933.93 145.436 1019.64
v -2933.77 145.328 1019.6
v -2933.78 145.337 1019.64
v -2933.92 145.403 1019.63
v -2933.92 145.361 1019.69
v -2933.8 145.318 1019.68
v -2933.86 145.326 1019.71
v -2933.81 145.353 1019.69
v -2933.87 145.376 1019.73
v -2933.92 145.412 1019.7
v -2933.79 145.317 1019.63
v -2933.78 145.337 1019.64
v -2933.89 145.45 1019.61
v -2933.9 145.433 1019.59
v -2933.85 145.459 1019.59
v -2933.79 145.445 1019.54
v -2933.76 145.372 1019.56
v -2933.79 145.37 1019.52
v -2933.84 145.44 1019.52
v -2933.9 145.433 1019.59
v -2933.89 145.45 1019.61
v -2933.8 145.318 1019.68
v -2933.81 145.353 1019.69
v -2936.68 144.616 1017.95
v -2936.72 144.617 1017.92
v -2936.72 144.684 1017.94
v -2936.76 144.684 1017.91
v -2936.72 144.725 1017.89
v -2936.75 144.725 1017.87
v -2936.64 144.679 1017.74
v -2936.65 144.729 1017.75
v -2936.7 144.695 1017.79
v -2936.7 144.728 1017.79
v -2936.58 144.64 1017.78
v -2936.58 144.694 1017.78
v -2936.59 144.645 1017.84
v -2936.59 144.61 1017.83
v -2936.66 144.595 1017.89
v -2936.63 144.595 1017.91
v -2936.59 144.61 1017.83
v -2936.73 144.712 1017.82
v -2936.75 144.725 1017.87
v -2936.72 144.725 1017.89
v -2936.71 144.728 1017.83
v -2936.63 144.595 1017.91
v -2936.58 144.64 1017.78
v -2936.7 144.695 1017.79
v -2936.64 144.679 1017.74
v -2936.59 144.645 1017.84
v -2936.7 144.728 1017.79
v -2936.58 144.694 1017.78
v -2936.65 144.729 1017.75
v -2936.61 144.596 1017.86
v -2936.6 144.615 1017.87
v -2936.71 144.728 1017.83
v -2936.73 144.712 1017.82
v -2936.68 144.616 1017.95
v -2936.72 144.684 1017.94
v -2936.66 144.595 1017.89
v -2936.72 144.617 1017.92
v -2936.76 144.684 1017.91
v -2936.61 144.596 1017.86
v -2936.6 144.615 1017.87
v -2936.59 144.61 1017.83
v -2936.59 144.645 1017.84
v -2936.68 144.684 1017.96
v -2936.71 144.611 1017.94
v -2936.73 144.685 1017.95
v -2936.75 144.617 1017.91
v -2936.68 144.725 1017.92
v -2936.65 144.725 1017.93
v -2936.59 144.678 1017.78
v -2936.59 144.695 1017.85
v -2936.6 144.729 1017.79
v -2936.6 144.728 1017.85
v -2936.64 144.64 1017.74
v -2936.65 144.692 1017.75
v -2936.69 144.645 1017.78
v -2936.68 144.61 1017.77
v -2936.7 144.595 1017.87
v -2936.73 144.595 1017.85
v -2936.7 144.595 1017.87
v -2936.65 144.725 1017.93
v -2936.7 144.596 1017.81
v -2936.6 144.728 1017.85
v -2936.73 144.595 1017.85
v -2936.71 144.615 1017.8
v -2936.59 144.695 1017.85
v -2936.59 144.678 1017.78
v -2936.68 144.61 1017.77
v -2936.64 144.64 1017.74
v -2936.69 144.645 1017.78
v -2936.6 144.729 1017.79
v -2936.65 144.692 1017.75
v -2936.7 144.596 1017.81
v -2936.71 144.615 1017.8
v -2936.63 144.728 1017.88
v -2936.61 144.712 1017.89
v -2936.68 144.725 1017.92
v -2936.75 144.617 1017.91
v -2936.73 144.685 1017.95
v -2936.71 144.611 1017.94
v -2936.68 144.684 1017.96
v -2936.61 144.712 1017.89
v -2936.63 144.728 1017.88
v -2936.68 144.61 1017.77
v -2936.69 144.645 1017.78
v -2933.82 144.697 1019.67
v -2933.84 144.63 1019.64
v -2933.86 144.697 1019.65
v -2933.89 144.629 1019.62
v -2933.81 144.739 1019.62
v -2933.78 144.739 1019.64
v -2933.73 144.698 1019.5
v -2933.75 144.714 1019.57
v -2933.74 144.747 1019.51
v -2933.75 144.747 1019.57
v -2933.79 144.659 1019.46
v -2933.79 144.712 1019.46
v -2933.83 144.666 1019.49
v -2933.83 144.63 1019.48
v -2933.84 144.609 1019.57
v -2933.87 144.609 1019.55
v -2933.83 144.63 1019.48
v -2933.78 144.739 1019.64
v -2933.75 144.728 1019.61
v -2933.81 144.739 1019.62
v -2933.87 144.609 1019.55
v -2933.77 144.745 1019.6
v -2933.75 144.714 1019.57
v -2933.79 144.659 1019.46
v -2933.73 144.698 1019.5
v -2933.83 144.666 1019.49
v -2933.79 144.712 1019.46
v -2933.75 144.747 1019.57
v -2933.74 144.747 1019.51
v -2933.84 144.612 1019.53
v -2933.86 144.632 1019.52
v -2933.77 144.745 1019.6
v -2933.75 144.728 1019.61
v -2933.86 144.697 1019.65
v -2933.89 144.629 1019.62
v -2933.84 144.609 1019.57
v -2933.84 144.63 1019.64
v -2933.82 144.697 1019.67
v -2933.84 144.612 1019.53
v -2933.86 144.632 1019.52
v -2933.83 144.63 1019.48
v -2933.83 144.666 1019.49
v -2933.82 144.63 1019.65
v -2933.86 144.624 1019.64
v -2933.86 144.698 1019.66
v -2933.9 144.697 1019.63
v -2933.85 144.739 1019.59
v -2933.89 144.739 1019.57
v -2933.79 144.696 1019.47
v -2933.79 144.747 1019.48
v -2933.85 144.714 1019.51
v -2933.85 144.747 1019.51
v -2933.74 144.711 1019.51
v -2933.73 144.659 1019.5
v -2933.73 144.665 1019.55
v -2933.73 144.63 1019.55
v -2933.8 144.609 1019.59
v -2933.77 144.609 1019.61
v -2933.8 144.609 1019.59
v -2933.76 144.612 1019.58
v -2933.89 144.739 1019.57
v -2933.85 144.747 1019.51
v -2933.75 144.632 1019.59
v -2933.77 144.609 1019.61
v -2933.85 144.714 1019.51
v -2933.73 144.63 1019.55
v -2933.79 144.696 1019.47
v -2933.73 144.659 1019.5
v -2933.73 144.665 1019.55
v -2933.74 144.711 1019.51
v -2933.79 144.747 1019.48
v -2933.76 144.612 1019.58
v -2933.75 144.632 1019.59
v -2933.86 144.745 1019.55
v -2933.87 144.728 1019.54
v -2933.85 144.739 1019.59
v -2933.86 144.698 1019.66
v -2933.82 144.63 1019.65
v -2933.86 144.624 1019.64
v -2933.9 144.697 1019.63
v -2933.87 144.728 1019.54
v -2933.86 144.745 1019.55
v -2933.73 144.63 1019.55
v -2933.73 144.665 1019.55
v -2936.71 145.438 1017.82
v -2936.67 145.37 1017.83
v -2936.67 145.438 1017.85
v -2936.63 145.37 1017.86
v -2936.72 145.457 1017.88
v -2936.76 145.457 1017.87
v -2936.79 145.36 1017.98
v -2936.79 145.402 1017.92
v -2936.79 145.412 1017.99
v -2936.79 145.435 1017.92
v -2936.72 145.326 1018
v -2936.73 145.374 1018.02
v -2936.67 145.352 1017.98
v -2936.66 145.317 1017.97
v -2936.67 145.327 1017.89
v -2936.63 145.327 1017.91
v -2936.66 145.317 1017.97
v -2936.76 145.457 1017.87
v -2936.77 145.432 1017.89
v -2936.72 145.457 1017.88
v -2936.63 145.327 1017.91
v -2936.76 145.448 1017.9
v -2936.79 145.402 1017.92
v -2936.79 145.36 1017.98
v -2936.72 145.326 1018
v -2936.67 145.352 1017.98
v -2936.73 145.374 1018.02
v -2936.79 145.435 1017.92
v -2936.79 145.412 1017.99
v -2936.66 145.316 1017.93
v -2936.65 145.335 1017.94
v -2936.76 145.448 1017.9
v -2936.77 145.432 1017.89
v -2936.67 145.438 1017.85
v -2936.63 145.37 1017.86
v -2936.67 145.327 1017.89
v -2936.67 145.37 1017.83
v -2936.71 145.438 1017.82
v -2936.66 145.316 1017.93
v -2936.65 145.335 1017.94
v -2936.66 145.317 1017.97
v -2936.67 145.352 1017.98
v -2936.7 145.37 1017.82
v -2936.65 145.368 1017.83
v -2936.67 145.443 1017.84
v -2936.63 145.438 1017.87
v -2936.68 145.457 1017.91
v -2936.65 145.457 1017.93
v -2936.73 145.361 1018.01
v -2936.73 145.412 1018.02
v -2936.68 145.402 1017.99
v -2936.68 145.435 1017.99
v -2936.78 145.376 1017.98
v -2936.78 145.326 1017.97
v -2936.78 145.352 1017.91
v -2936.78 145.317 1017.91
v -2936.7 145.327 1017.87
v -2936.73 145.327 1017.85
v -2936.7 145.327 1017.87
v -2936.74 145.316 1017.88
v -2936.65 145.457 1017.93
v -2936.68 145.435 1017.99
v -2936.76 145.335 1017.88
v -2936.73 145.327 1017.85
v -2936.68 145.402 1017.99
v -2936.78 145.317 1017.91
v -2936.73 145.361 1018.01
v -2936.78 145.326 1017.97
v -2936.78 145.352 1017.91
v -2936.78 145.376 1017.98
v -2936.73 145.412 1018.02
v -2936.74 145.316 1017.88
v -2936.76 145.335 1017.88
v -2936.68 145.449 1017.95
v -2936.66 145.432 1017.96
v -2936.68 145.457 1017.91
v -2936.67 145.443 1017.84
v -2936.7 145.37 1017.82
v -2936.65 145.368 1017.83
v -2936.63 145.438 1017.87
v -2936.66 145.432 1017.96
v -2936.68 145.449 1017.95
v -2936.78 145.317 1017.91
v -2936.78 145.352 1017.91
v -2933.9 142.719 1020.12
v -2933.95 142.742 1020.09
v -2933.9 142.753 1020.17
v -2933.99 142.753 1020.11
v -2934 142.763 1020.17
v -2933.95 142.763 1020.2
v -2933.61 145.638 1019.53
v -2933.56 145.638 1019.56
v -2933.67 145.65 1019.55
v -2933.56 145.65 1019.62
v -2933.62 145.662 1019.65
v -2933.67 145.662 1019.62
v -2936.77 142.716 1018.38
v -2936.82 142.726 1018.35
v -2936.77 142.737 1018.44
v -2936.86 142.75 1018.38
v -2936.82 142.76 1018.46
v -2936.86 142.76 1018.43
v -2936.48 145.627 1017.79
v -2936.43 145.627 1017.82
v -2936.53 145.646 1017.82
v -2936.43 145.647 1017.88
v -2936.48 145.651 1017.91
v -2936.54 145.651 1017.88
v -2933.74 145.354 1019.71
v -2933.71 145.422 1019.74
v -2933.7 145.355 1019.73
v -2933.67 145.422 1019.76
v -2933.66 145.464 1019.71
v -2933.63 145.464 1019.73
v -2933.58 145.357 1019.59
v -2933.58 145.4 1019.65
v -2933.58 145.409 1019.58
v -2933.58 145.433 1019.65
v -2933.65 145.323 1019.57
v -2933.64 145.371 1019.55
v -2933.7 145.351 1019.59
v -2933.7 145.315 1019.6
v -2933.71 145.333 1019.65
v -2933.72 145.342 1019.64
v -2933.7 145.315 1019.6
v -2933.63 145.464 1019.73
v -2933.6 145.449 1019.69
v -2933.66 145.464 1019.71
v -2933.72 145.342 1019.64
v -2933.62 145.466 1019.68
v -2933.58 145.4 1019.65
v -2933.65 145.323 1019.57
v -2933.58 145.357 1019.59
v -2933.7 145.351 1019.59
v -2933.64 145.371 1019.55
v -2933.58 145.433 1019.65
v -2933.58 145.409 1019.58
v -2933.7 145.315 1019.6
v -2933.7 145.351 1019.59
v -2933.62 145.466 1019.68
v -2933.6 145.449 1019.69
v -2933.71 145.422 1019.74
v -2933.74 145.354 1019.71
v -2933.71 145.333 1019.65
v -2933.7 145.355 1019.73
v -2933.67 145.422 1019.76
v -2933.75 145.422 1019.71
v -2933.72 145.423 1019.75
v -2933.72 145.349 1019.73
v -2933.67 145.355 1019.74
v -2933.71 145.464 1019.68
v -2933.74 145.464 1019.66
v -2933.64 145.358 1019.56
v -2933.63 145.409 1019.55
v -2933.69 145.4 1019.58
v -2933.69 145.433 1019.58
v -2933.59 145.323 1019.6
v -2933.58 145.373 1019.59
v -2933.59 145.351 1019.66
v -2933.6 145.315 1019.67
v -2933.64 145.333 1019.69
v -2933.62 145.335 1019.7
v -2933.69 145.4 1019.58
v -2933.6 145.315 1019.67
v -2933.64 145.358 1019.56
v -2933.59 145.323 1019.6
v -2933.59 145.351 1019.66
v -2933.69 145.433 1019.58
v -2933.58 145.373 1019.59
v -2933.63 145.409 1019.55
v -2933.7 145.464 1019.63
v -2933.72 145.448 1019.62
v -2933.71 145.464 1019.68
v -2933.62 145.335 1019.7
v -2933.72 145.423 1019.75
v -2933.67 145.355 1019.74
v -2933.64 145.333 1019.69
v -2933.74 145.464 1019.66
v -2933.72 145.349 1019.73
v -2933.75 145.422 1019.71
v -2933.72 145.448 1019.62
v -2933.7 145.464 1019.63
v -2933.6 145.315 1019.67
v -2933.59 145.351 1019.66
v -2936.48 144.64 1017.94
v -2936.52 144.708 1017.93
v -2936.52 144.639 1017.92
v -2936.56 144.707 1017.91
v -2936.58 144.727 1017.97
v -2936.61 144.727 1017.95
v -2936.65 144.679 1018.08
v -2936.63 144.694 1018.01
v -2936.64 144.729 1018.07
v -2936.63 144.727 1018.01
v -2936.59 144.64 1018.12
v -2936.59 144.694 1018.12
v -2936.54 144.645 1018.08
v -2936.55 144.609 1018.09
v -2936.52 144.597 1017.97
v -2936.49 144.597 1017.99
v -2936.55 144.609 1018.09
v -2936.61 144.727 1017.95
v -2936.62 144.71 1017.97
v -2936.58 144.727 1017.97
v -2936.49 144.597 1017.99
v -2936.61 144.726 1017.98
v -2936.63 144.694 1018.01
v -2936.59 144.64 1018.12
v -2936.65 144.679 1018.08
v -2936.54 144.645 1018.08
v -2936.59 144.694 1018.12
v -2936.63 144.727 1018.01
v -2936.64 144.729 1018.07
v -2936.52 144.603 1018.03
v -2936.51 144.623 1018.04
v -2936.61 144.726 1017.98
v -2936.62 144.71 1017.97
v -2936.48 144.64 1017.94
v -2936.52 144.708 1017.93
v -2936.52 144.597 1017.97
v -2936.52 144.639 1017.92
v -2936.56 144.707 1017.91
v -2936.52 144.603 1018.03
v -2936.51 144.623 1018.04
v -2936.55 144.609 1018.09
v -2936.54 144.645 1018.08
v -2936.48 144.707 1017.96
v -2936.52 144.712 1017.93
v -2936.5 144.637 1017.92
v -2936.55 144.639 1017.91
v -2936.53 144.727 1018
v -2936.5 144.727 1018.02
v -2936.59 144.677 1018.11
v -2936.59 144.728 1018.1
v -2936.53 144.694 1018.07
v -2936.53 144.727 1018.07
v -2936.65 144.64 1018.08
v -2936.65 144.692 1018.08
v -2936.64 144.644 1018.02
v -2936.64 144.609 1018.03
v -2936.55 144.597 1017.95
v -2936.58 144.597 1017.93
v -2936.55 144.597 1017.95
v -2936.6 144.597 1017.98
v -2936.5 144.727 1018.02
v -2936.53 144.727 1018.07
v -2936.62 144.617 1017.97
v -2936.58 144.597 1017.93
v -2936.53 144.694 1018.07
v -2936.64 144.609 1018.03
v -2936.59 144.677 1018.11
v -2936.65 144.64 1018.08
v -2936.59 144.728 1018.1
v -2936.64 144.644 1018.02
v -2936.65 144.692 1018.08
v -2936.6 144.597 1017.98
v -2936.62 144.617 1017.97
v -2936.53 144.727 1018.04
v -2936.51 144.71 1018.04
v -2936.55 144.639 1017.91
v -2936.53 144.727 1018
v -2936.52 144.712 1017.93
v -2936.5 144.637 1017.92
v -2936.48 144.707 1017.96
v -2936.51 144.71 1018.04
v -2936.53 144.727 1018.04
v -2936.64 144.609 1018.03
v -2936.64 144.644 1018.02
v -2933.61 144.716 1019.66
v -2933.65 144.716 1019.63
v -2933.64 144.647 1019.63
v -2933.68 144.647 1019.6
v -2933.65 144.739 1019.7
v -2933.62 144.738 1019.72
v -2933.72 144.697 1019.83
v -2933.72 144.747 1019.81
v -2933.67 144.713 1019.78
v -2933.67 144.746 1019.77
v -2933.78 144.659 1019.79
v -2933.78 144.712 1019.79
v -2933.78 144.665 1019.73
v -2933.79 144.63 1019.74
v -2933.69 144.607 1019.66
v -2933.72 144.607 1019.64
v -2933.79 144.63 1019.74
v -2933.64 144.726 1019.75
v -2933.62 144.738 1019.72
v -2933.65 144.739 1019.7
v -2933.66 144.742 1019.74
v -2933.72 144.607 1019.64
v -2933.78 144.659 1019.79
v -2933.67 144.713 1019.78
v -2933.72 144.697 1019.83
v -2933.78 144.665 1019.73
v -2933.67 144.746 1019.77
v -2933.78 144.712 1019.79
v -2933.72 144.747 1019.81
v -2933.75 144.605 1019.7
v -2933.76 144.624 1019.69
v -2933.66 144.742 1019.74
v -2933.64 144.726 1019.75
v -2933.65 144.716 1019.63
v -2933.68 144.647 1019.6
v -2933.69 144.607 1019.66
v -2933.64 144.647 1019.63
v -2933.61 144.716 1019.66
v -2933.75 144.605 1019.7
v -2933.76 144.624 1019.69
v -2933.79 144.63 1019.74
v -2933.78 144.665 1019.73
v -2933.61 144.647 1019.65
v -2933.64 144.72 1019.63
v -2933.65 144.644 1019.61
v -2933.69 144.716 1019.61
v -2933.7 144.739 1019.67
v -2933.73 144.739 1019.65
v -2933.78 144.695 1019.78
v -2933.77 144.713 1019.72
v -2933.77 144.746 1019.78
v -2933.77 144.746 1019.71
v -2933.72 144.71 1019.81
v -2933.73 144.658 1019.82
v -2933.68 144.665 1019.79
v -2933.68 144.629 1019.8
v -2933.65 144.607 1019.68
v -2933.62 144.607 1019.7
v -2933.65 144.607 1019.68
v -2933.73 144.739 1019.65
v -2933.66 144.604 1019.74
v -2933.77 144.746 1019.71
v -2933.62 144.607 1019.7
v -2933.65 144.624 1019.75
v -2933.77 144.713 1019.72
v -2933.78 144.695 1019.78
v -2933.68 144.629 1019.8
v -2933.73 144.658 1019.82
v -2933.68 144.665 1019.79
v -2933.72 144.71 1019.81
v -2933.77 144.746 1019.78
v -2933.66 144.604 1019.74
v -2933.65 144.624 1019.75
v -2933.74 144.741 1019.69
v -2933.75 144.725 1019.68
v -2933.7 144.739 1019.67
v -2933.64 144.72 1019.63
v -2933.61 144.647 1019.65
v -2933.65 144.644 1019.61
v -2933.69 144.716 1019.61
v -2933.75 144.725 1019.68
v -2933.74 144.741 1019.69
v -2933.68 144.629 1019.8
v -2933.68 144.665 1019.79
v -2936.63 145.424 1018.01
v -2936.59 145.424 1018.03
v -2936.58 145.356 1018.02
v -2936.54 145.356 1018.04
v -2936.59 145.465 1017.98
v -2936.62 145.465 1017.96
v -2936.5 145.356 1017.83
v -2936.5 145.409 1017.83
v -2936.56 145.399 1017.86
v -2936.56 145.432 1017.86
v -2936.45 145.323 1017.89
v -2936.44 145.371 1017.87
v -2936.45 145.35 1017.94
v -2936.45 145.314 1017.95
v -2936.53 145.334 1017.98
v -2936.49 145.334 1018
v -2936.45 145.314 1017.95
v -2936.59 145.44 1017.9
v -2936.62 145.465 1017.96
v -2936.59 145.465 1017.98
v -2936.57 145.456 1017.92
v -2936.49 145.334 1018
v -2936.56 145.399 1017.86
v -2936.5 145.356 1017.83
v -2936.45 145.323 1017.89
v -2936.45 145.35 1017.94
v -2936.56 145.432 1017.86
v -2936.44 145.371 1017.87
v -2936.5 145.409 1017.83
v -2936.45 145.314 1017.95
v -2936.45 145.35 1017.94
v -2936.57 145.456 1017.92
v -2936.59 145.44 1017.9
v -2936.59 145.424 1018.03
v -2936.54 145.356 1018.04
v -2936.53 145.334 1017.98
v -2936.58 145.356 1018.02
v -2936.63 145.424 1018.01
v -2936.61 145.356 1018
v -2936.59 145.425 1018.04
v -2936.57 145.35 1018.03
v -2936.54 145.424 1018.06
v -2936.54 145.465 1018.01
v -2936.51 145.464 1018.03
v -2936.45 145.358 1017.87
v -2936.45 145.399 1017.93
v -2936.45 145.409 1017.86
v -2936.44 145.433 1017.92
v -2936.5 145.373 1017.84
v -2936.51 145.323 1017.85
v -2936.56 145.35 1017.87
v -2936.56 145.314 1017.88
v -2936.56 145.334 1017.96
v -2936.59 145.334 1017.94
v -2936.56 145.334 1017.96
v -2936.51 145.464 1018.03
v -2936.56 145.314 1017.88
v -2936.44 145.433 1017.92
v -2936.59 145.334 1017.94
v -2936.56 145.35 1017.87
v -2936.45 145.399 1017.93
v -2936.45 145.358 1017.87
v -2936.51 145.323 1017.85
v -2936.5 145.373 1017.84
v -2936.45 145.409 1017.86
v -2936.56 145.314 1017.88
v -2936.56 145.35 1017.87
v -2936.49 145.46 1017.97
v -2936.47 145.444 1017.98
v -2936.54 145.465 1018.01
v -2936.59 145.425 1018.04
v -2936.61 145.356 1018
v -2936.57 145.35 1018.03
v -2936.54 145.424 1018.06
v -2936.47 145.444 1017.98
v -2936.49 145.46 1017.97
v -2930.41 144.67 1021.71
v -2930.39 144.707 1021.68
v -2930.4 144.616 1021.7
v -2930.36 144.69 1021.63
v -2930.35 144.636 1021.62
v -2930.38 144.599 1021.66
v -2930.32 145.435 1021.65
v -2930.31 145.374 1021.64
v -2930.35 145.454 1021.7
v -2930.34 145.333 1021.68
v -2930.37 145.352 1021.73
v -2930.37 145.412 1021.74
v -2930.6 142.713 1021.01
v -2930.56 142.724 1021.04
v -2930.6 142.734 1020.96
v -2930.51 142.746 1021.02
v -2930.56 142.756 1020.93
v -2930.51 142.756 1020.96
v -2930.88 145.63 1021.58
v -2930.93 145.63 1021.55
v -2930.82 145.65 1021.55
v -2930.93 145.65 1021.49
v -2930.87 145.654 1021.46
v -2930.82 145.654 1021.49
v -2930.88 144.616 1021.43
v -2930.85 144.684 1021.46
v -2930.84 144.617 1021.45
v -2930.81 144.684 1021.48
v -2930.8 144.725 1021.44
v -2930.77 144.725 1021.46
v -2930.71 144.679 1021.29
v -2930.73 144.695 1021.36
v -2930.72 144.729 1021.31
v -2930.73 144.728 1021.37
v -2930.77 144.64 1021.26
v -2930.77 144.694 1021.26
v -2930.82 144.645 1021.3
v -2930.82 144.61 1021.29
v -2930.83 144.595 1021.39
v -2930.86 144.595 1021.37
v -2930.82 144.61 1021.29
v -2930.77 144.725 1021.46
v -2930.74 144.712 1021.41
v -2930.8 144.725 1021.44
v -2930.86 144.595 1021.37
v -2930.76 144.728 1021.4
v -2930.73 144.695 1021.36
v -2930.77 144.64 1021.26
v -2930.71 144.679 1021.29
v -2930.82 144.645 1021.3
v -2930.77 144.694 1021.26
v -2930.73 144.728 1021.37
v -2930.72 144.729 1021.31
v -2930.83 144.596 1021.33
v -2930.84 144.615 1021.32
v -2930.76 144.728 1021.4
v -2930.74 144.712 1021.41
v -2930.88 144.616 1021.43
v -2930.85 144.684 1021.46
v -2930.83 144.595 1021.39
v -2930.84 144.617 1021.45
v -2930.81 144.684 1021.48
v -2930.83 144.596 1021.33
v -2930.84 144.615 1021.32
v -2930.82 144.61 1021.29
v -2930.82 144.645 1021.3
v -2930.89 144.684 1021.43
v -2930.85 144.685 1021.47
v -2930.86 144.611 1021.45
v -2930.81 144.617 1021.46
v -2930.85 144.725 1021.41
v -2930.88 144.725 1021.39
v -2930.77 144.678 1021.27
v -2930.77 144.729 1021.28
v -2930.83 144.695 1021.3
v -2930.83 144.728 1021.31
v -2930.71 144.64 1021.29
v -2930.72 144.692 1021.3
v -2930.72 144.645 1021.35
v -2930.72 144.61 1021.35
v -2930.8 144.595 1021.41
v -2930.77 144.595 1021.43
v -2930.8 144.595 1021.41
v -2930.75 144.596 1021.38
v -2930.88 144.725 1021.39
v -2930.83 144.728 1021.31
v -2930.74 144.615 1021.39
v -2930.77 144.595 1021.43
v -2930.83 144.695 1021.3
v -2930.72 144.61 1021.35
v -2930.77 144.678 1021.27
v -2930.71 144.64 1021.29
v -2930.77 144.729 1021.28
v -2930.72 144.645 1021.35
v -2930.72 144.692 1021.3
v -2930.75 144.596 1021.38
v -2930.74 144.615 1021.39
v -2930.84 144.728 1021.35
v -2930.85 144.712 1021.34
v -2930.81 144.617 1021.46
v -2930.85 144.725 1021.41
v -2930.85 144.685 1021.47
v -2930.86 144.611 1021.45
v -2930.89 144.684 1021.43
v -2930.85 144.712 1021.34
v -2930.84 144.728 1021.35
v -2930.72 144.61 1021.35
v -2930.72 144.645 1021.35
v -2930.75 145.438 1021.4
v -2930.79 145.438 1021.37
v -2930.78 145.37 1021.36
v -2930.82 145.37 1021.34
v -2930.8 145.457 1021.44
v -2930.77 145.457 1021.45
v -2930.85 145.36 1021.54
v -2930.86 145.412 1021.54
v -2930.8 145.402 1021.51
v -2930.8 145.435 1021.51
v -2930.9 145.326 1021.49
v -2930.92 145.374 1021.5
v -2930.91 145.352 1021.43
v -2930.9 145.317 1021.42
v -2930.83 145.327 1021.38
v -2930.86 145.327 1021.37
v -2930.9 145.317 1021.42
v -2930.78 145.432 1021.48
v -2930.77 145.457 1021.45
v -2930.8 145.457 1021.44
v -2930.8 145.448 1021.48
v -2930.86 145.327 1021.37
v -2930.8 145.402 1021.51
v -2930.85 145.36 1021.54
v -2930.9 145.326 1021.49
v -2930.91 145.352 1021.43
v -2930.8 145.435 1021.51
v -2930.92 145.374 1021.5
v -2930.86 145.412 1021.54
v -2930.87 145.316 1021.4
v -2930.88 145.335 1021.4
v -2930.8 145.448 1021.48
v -2930.78 145.432 1021.48
v -2930.79 145.438 1021.37
v -2930.82 145.37 1021.34
v -2930.83 145.327 1021.38
v -2930.78 145.37 1021.36
v -2930.75 145.438 1021.4
v -2930.87 145.316 1021.4
v -2930.88 145.335 1021.4
v -2930.9 145.317 1021.42
v -2930.91 145.352 1021.43
v -2930.76 145.37 1021.38
v -2930.79 145.443 1021.37
v -2930.79 145.368 1021.35
v -2930.83 145.438 1021.35
v -2930.85 145.457 1021.41
v -2930.88 145.457 1021.39
v -2930.91 145.361 1021.5
v -2930.91 145.402 1021.44
v -2930.91 145.412 1021.51
v -2930.92 145.435 1021.45
v -2930.85 145.376 1021.53
v -2930.85 145.326 1021.52
v -2930.8 145.352 1021.5
v -2930.79 145.317 1021.49
v -2930.79 145.327 1021.41
v -2930.76 145.327 1021.43
v -2930.79 145.327 1021.41
v -2930.88 145.457 1021.39
v -2930.79 145.316 1021.45
v -2930.92 145.435 1021.45
v -2930.76 145.327 1021.43
v -2930.78 145.335 1021.46
v -2930.91 145.402 1021.44
v -2930.91 145.361 1021.5
v -2930.79 145.317 1021.49
v -2930.85 145.326 1021.52
v -2930.8 145.352 1021.5
v -2930.85 145.376 1021.53
v -2930.91 145.412 1021.51
v -2930.79 145.316 1021.45
v -2930.78 145.335 1021.46
v -2930.88 145.449 1021.42
v -2930.9 145.432 1021.41
v -2930.85 145.457 1021.41
v -2930.79 145.443 1021.37
v -2930.76 145.37 1021.38
v -2930.79 145.368 1021.35
v -2930.83 145.438 1021.35
v -2930.9 145.432 1021.41
v -2930.88 145.449 1021.42
v -2930.79 145.317 1021.49
v -2930.8 145.352 1021.5
v -2931.22 142.716 1021.71
v -2931.27 142.737 1021.74
v -2931.17 142.726 1021.74
v -2931.17 142.75 1021.79
v -2931.26 142.76 1021.79
v -2931.22 142.76 1021.82
v -2930.83 145.627 1021.18
v -2930.83 145.646 1021.24
v -2930.89 145.627 1021.15
v -2930.94 145.647 1021.17
v -2930.94 145.651 1021.24
v -2930.89 145.651 1021.27
v -2930.97 144.64 1021.25
v -2930.93 144.639 1021.27
v -2930.94 144.708 1021.28
v -2930.9 144.707 1021.31
v -2930.94 144.727 1021.34
v -2930.91 144.727 1021.36
v -2931.01 144.679 1021.47
v -2931 144.729 1021.45
v -2930.96 144.694 1021.42
v -2930.95 144.727 1021.41
v -2931.07 144.64 1021.43
v -2931.07 144.694 1021.43
v -2931.06 144.645 1021.37
v -2931.06 144.609 1021.37
v -2930.98 144.597 1021.29
v -2931.01 144.597 1021.28
v -2931.06 144.609 1021.37
v -2930.92 144.71 1021.39
v -2930.91 144.727 1021.36
v -2930.94 144.727 1021.34
v -2930.94 144.726 1021.38
v -2931.01 144.597 1021.28
v -2931.07 144.64 1021.43
v -2930.96 144.694 1021.42
v -2931.01 144.679 1021.47
v -2931.06 144.645 1021.37
v -2930.95 144.727 1021.41
v -2931.07 144.694 1021.43
v -2931 144.729 1021.45
v -2931.03 144.603 1021.33
v -2931.04 144.623 1021.32
v -2930.94 144.726 1021.38
v -2930.92 144.71 1021.39
v -2930.97 144.64 1021.25
v -2930.94 144.708 1021.28
v -2930.98 144.597 1021.29
v -2930.93 144.639 1021.27
v -2930.9 144.707 1021.31
v -2931.03 144.603 1021.33
v -2931.04 144.623 1021.32
v -2931.06 144.609 1021.37
v -2931.06 144.645 1021.37
v -2930.98 144.707 1021.26
v -2930.94 144.637 1021.26
v -2930.94 144.712 1021.27
v -2930.9 144.639 1021.29
v -2930.99 144.727 1021.32
v -2931.02 144.727 1021.3
v -2931.06 144.677 1021.43
v -2931.06 144.694 1021.36
v -2931.06 144.728 1021.42
v -2931.05 144.727 1021.35
v -2931.01 144.64 1021.46
v -2931.01 144.692 1021.46
v -2930.96 144.644 1021.43
v -2930.97 144.609 1021.43
v -2930.94 144.597 1021.32
v -2930.91 144.597 1021.33
v -2930.94 144.597 1021.32
v -2931.02 144.727 1021.3
v -2930.94 144.597 1021.37
v -2931.05 144.727 1021.35
v -2930.91 144.597 1021.33
v -2930.93 144.617 1021.38
v -2931.06 144.694 1021.36
v -2931.06 144.677 1021.43
v -2930.97 144.609 1021.43
v -2931.01 144.64 1021.46
v -2930.96 144.644 1021.43
v -2931.06 144.728 1021.42
v -2931.01 144.692 1021.46
v -2930.94 144.597 1021.37
v -2930.93 144.617 1021.38
v -2931.03 144.727 1021.34
v -2931.04 144.71 1021.32
v -2930.99 144.727 1021.32
v -2930.9 144.639 1021.29
v -2930.94 144.712 1021.27
v -2930.94 144.637 1021.26
v -2930.98 144.707 1021.26
v -2931.04 144.71 1021.32
v -2931.03 144.727 1021.34
v -2930.97 144.609 1021.43
v -2930.96 144.644 1021.43
v -2930.96 145.424 1021.41
v -2930.98 145.356 1021.37
v -2931 145.424 1021.38
v -2931.03 145.356 1021.35
v -2930.95 145.465 1021.36
v -2930.92 145.465 1021.38
v -2930.86 145.356 1021.22
v -2930.86 145.399 1021.28
v -2930.86 145.409 1021.21
v -2930.86 145.432 1021.27
v -2930.93 145.323 1021.2
v -2930.92 145.371 1021.18
v -2930.98 145.35 1021.22
v -2930.98 145.314 1021.23
v -2930.98 145.334 1021.31
v -2931.01 145.334 1021.29
v -2930.98 145.314 1021.23
v -2930.92 145.465 1021.38
v -2930.88 145.44 1021.32
v -2930.95 145.465 1021.36
v -2931.01 145.334 1021.29
v -2930.9 145.456 1021.32
v -2930.86 145.399 1021.28
v -2930.86 145.356 1021.22
v -2930.93 145.323 1021.2
v -2930.98 145.35 1021.22
v -2930.92 145.371 1021.18
v -2930.86 145.432 1021.27
v -2930.86 145.409 1021.21
v -2930.98 145.314 1021.23
v -2930.98 145.35 1021.22
v -2930.9 145.456 1021.32
v -2930.88 145.44 1021.32
v -2931 145.424 1021.38
v -2931.03 145.356 1021.35
v -2930.98 145.334 1021.31
v -2930.98 145.356 1021.37
v -2930.96 145.424 1021.41
v -2930.96 145.356 1021.39
v -2931 145.35 1021.37
v -2931 145.425 1021.39
v -2931.04 145.424 1021.36
v -2931 145.465 1021.33
v -2931.03 145.464 1021.31
v -2930.92 145.358 1021.19
v -2930.91 145.409 1021.18
v -2930.97 145.399 1021.21
v -2930.97 145.433 1021.21
v -2930.86 145.373 1021.22
v -2930.87 145.323 1021.23
v -2930.87 145.35 1021.29
v -2930.87 145.314 1021.29
v -2930.94 145.334 1021.33
v -2930.91 145.334 1021.35
v -2930.94 145.334 1021.33
v -2930.87 145.314 1021.29
v -2931.03 145.464 1021.31
v -2930.97 145.433 1021.21
v -2930.87 145.35 1021.29
v -2930.91 145.334 1021.35
v -2930.97 145.399 1021.21
v -2930.92 145.358 1021.19
v -2930.87 145.323 1021.23
v -2930.86 145.373 1021.22
v -2930.91 145.409 1021.18
v -2930.87 145.314 1021.29
v -2930.87 145.35 1021.29
v -2930.99 145.46 1021.27
v -2931 145.444 1021.26
v -2931 145.465 1021.33
v -2931 145.425 1021.39
v -2930.96 145.356 1021.39
v -2931 145.35 1021.37
v -2931.04 145.424 1021.36
v -2931 145.444 1021.26
v -2930.99 145.46 1021.27
v -2937.15 144.616 1017.66
v -2937.15 144.67 1017.67
v -2935.07 144.656 1018.91
v -2935.08 144.703 1018.92
v -2937.12 144.599 1017.61
v -2935.05 144.641 1018.87
v -2937.12 144.599 1017.61
v -2935.05 144.641 1018.87
v -2937.1 144.636 1017.58
v -2935.03 144.674 1018.84
v -2937.1 144.69 1017.59
v -2935.04 144.721 1018.85
v -2937.13 144.707 1017.63
v -2935.06 144.736 1018.89
v -2933.77 144.63 1019.68
v -2933.78 144.69 1019.69
v -2933.74 144.611 1019.62
v -2933.72 144.652 1019.59
v -2933.74 144.611 1019.62
v -2933.72 144.713 1019.6
v -2933.75 144.732 1019.65
v -2933.72 145.381 1019.59
v -2933.72 145.435 1019.6
v -2935.35 145.391 1018.66
v -2935.36 145.438 1018.67
v -2933.74 145.344 1019.62
v -2935.37 145.358 1018.69
v -2933.74 145.344 1019.62
v -2935.37 145.358 1018.69
v -2933.77 145.361 1019.67
v -2935.39 145.373 1018.73
v -2933.77 145.415 1019.68
v -2935.4 145.421 1018.74
v -2933.75 145.452 1019.64
v -2935.38 145.453 1018.71
v -2937.14 145.435 1017.56
v -2937.14 145.374 1017.55
v -2937.16 145.333 1017.59
v -2937.19 145.352 1017.64
v -2937.16 145.333 1017.59
v -2937.2 145.412 1017.65
v -2937.17 145.454 1017.61
v -2933.84 145.033 1019.65
v -2933.56 142.716 1019.22
v -2933.88 145.032 1019.62
v -2933.61 142.74 1019.19
v -2933.52 142.75 1019.2
v -2933.79 145.041 1019.62
v -2933.52 142.76 1019.14
v -2933.52 142.75 1019.2
v -2933.79 145.05 1019.58
v -2933.79 145.041 1019.62
v -2933.56 142.759 1019.11
v -2933.84 145.05 1019.55
v -2933.61 142.749 1019.14
v -2933.88 145.041 1019.57
v -2933.94 145.642 1019.73
v -2933.88 145.642 1019.76
v -2933.83 145.653 1019.73
v -2933.83 145.653 1019.73
v -2933.83 145.664 1019.67
v -2933.88 145.664 1019.64
v -2933.94 145.653 1019.67
v -2936.44 142.713 1017.51
v -2936.49 142.724 1017.48
v -2936.66 144.85 1017.89
v -2936.7 144.85 1017.86
v -2936.4 142.734 1017.48
v -2936.62 144.859 1017.86
v -2936.4 142.734 1017.48
v -2936.62 144.859 1017.86
v -2936.4 142.756 1017.43
v -2936.62 144.868 1017.82
v -2936.44 142.756 1017.4
v -2936.66 144.868 1017.79
v -2936.49 142.746 1017.43
v -2936.7 144.859 1017.81
v -2936.76 145.63 1018.05
v -2936.81 145.63 1018.02
v -2936.71 145.65 1018.02
v -2936.71 145.65 1018.02
v -2936.71 145.654 1017.96
v -2936.76 145.654 1017.93
v -2936.82 145.65 1017.96
v -2933.64 145.03 1019.66
v -2933.68 145.03 1019.63
v -2933.9 142.719 1020.12
v -2933.95 142.742 1020.09
v -2933.9 142.753 1020.17
v -2933.64 145.04 1019.7
v -2933.95 142.763 1020.2
v -2933.68 145.049 1019.73
v -2933.9 142.753 1020.17
v -2933.64 145.04 1019.7
v -2934 142.763 1020.17
v -2933.73 145.049 1019.7
v -2933.99 142.753 1020.11
v -2933.73 145.039 1019.65
v -2933.61 145.638 1019.53
v -2933.56 145.638 1019.56
v -2933.56 145.65 1019.62
v -2933.56 145.65 1019.62
v -2933.62 145.662 1019.65
v -2933.67 145.662 1019.62
v -2933.67 145.65 1019.55
v -2936.77 142.716 1018.38
v -2936.53 144.849 1018
v -2936.82 142.726 1018.35
v -2936.57 144.849 1017.97
v -2936.77 142.737 1018.44
v -2936.53 144.858 1018.05
v -2936.77 142.737 1018.44
v -2936.82 142.76 1018.46
v -2936.53 144.858 1018.05
v -2936.57 144.867 1018.07
v -2936.86 142.76 1018.43
v -2936.61 144.867 1018.04
v -2936.86 142.75 1018.38
v -2936.61 144.858 1018
v -2936.43 145.627 1017.82
v -2936.48 145.627 1017.79
v -2936.43 145.647 1017.88
v -2936.43 145.647 1017.88
v -2936.48 145.651 1017.91
v -2936.54 145.651 1017.88
v -2936.53 145.646 1017.82
v -2930.4 144.616 1021.7
v -2932.48 144.656 1020.46
v -2930.41 144.67 1021.71
v -2932.49 144.703 1020.47
v -2930.38 144.599 1021.66
v -2932.46 144.641 1020.42
v -2930.38 144.599 1021.66
v -2930.35 144.636 1021.62
v -2932.46 144.641 1020.42
v -2932.44 144.674 1020.39
v -2930.36 144.69 1021.63
v -2932.44 144.721 1020.4
v -2930.39 144.707 1021.68
v -2932.47 144.736 1020.44
v -2933.77 144.63 1019.68
v -2933.78 144.69 1019.69
v -2933.74 144.611 1019.62
v -2933.72 144.652 1019.59
v -2933.74 144.611 1019.62
v -2933.72 144.713 1019.6
v -2933.75 144.732 1019.65
v -2933.72 145.381 1019.59
v -2932.13 145.391 1020.59
v -2933.72 145.435 1019.6
v -2932.14 145.438 1020.6
v -2933.74 145.344 1019.62
v -2932.15 145.358 1020.62
v -2933.74 145.344 1019.62
v -2933.77 145.361 1019.67
v -2932.15 145.358 1020.62
v -2932.18 145.373 1020.66
v -2933.77 145.415 1019.68
v -2932.18 145.421 1020.67
v -2933.75 145.452 1019.64
v -2932.16 145.453 1020.64
v -2930.32 145.435 1021.65
v -2930.31 145.374 1021.64
v -2930.34 145.333 1021.68
v -2930.37 145.352 1021.73
v -2930.34 145.333 1021.68
v -2930.37 145.412 1021.74
v -2930.35 145.454 1021.7
v -2930.6 142.713 1021.01
v -2930.83 144.85 1021.38
v -2930.56 142.724 1021.04
v -2930.79 144.85 1021.4
v -2930.6 142.734 1020.96
v -2930.83 144.859 1021.33
v -2930.6 142.734 1020.96
v -2930.56 142.756 1020.93
v -2930.83 144.859 1021.33
v -2930.79 144.868 1021.31
v -2930.51 142.756 1020.96
v -2930.75 144.868 1021.33
v -2930.51 142.746 1021.02
v -2930.75 144.859 1021.38
v -2930.93 145.63 1021.55
v -2930.88 145.63 1021.58
v -2930.93 145.65 1021.49
v -2930.93 145.65 1021.49
v -2930.87 145.654 1021.46
v -2930.82 145.654 1021.49
v -2930.82 145.65 1021.55
v -2931.22 142.716 1021.71
v -2931.17 142.726 1021.74
v -2930.99 144.849 1021.32
v -2930.95 144.849 1021.34
v -2931.27 142.737 1021.74
v -2931.03 144.858 1021.34
v -2931.27 142.737 1021.74
v -2931.03 144.858 1021.34
v -2931.26 142.76 1021.79
v -2931.03 144.867 1021.39
v -2931.22 142.76 1021.82
v -2930.99 144.867 1021.41
v -2931.17 142.75 1021.79
v -2930.95 144.858 1021.39
v -2930.89 145.627 1021.15
v -2930.83 145.627 1021.18
v -2930.94 145.647 1021.17
v -2930.94 145.647 1021.17
v -2930.94 145.651 1021.24
v -2930.89 145.651 1021.27
v -2930.83 145.646 1021.24
v -2936.56 152.606 1020.93
v -2936.51 154.901 1020.16
v -2936.46 152.611 1020.95
v -2936.41 154.906 1020.19
v -2936.49 154.869 1020.07
v -2936.53 152.575 1020.83
v -2936.39 154.875 1020.09
v -2936.44 152.58 1020.86
v -2936.56 152.606 1020.93
v -2936.51 154.901 1020.16
v -2938.11 152.655 1022.39
v -2938.81 154.849 1021.65
v -2938.02 152.671 1022.35
v -2938.72 154.864 1021.61
v -2938.84 154.81 1021.57
v -2938.15 152.616 1022.31
v -2938.75 154.825 1021.53
v -2938.05 152.632 1022.27
v -2938.11 152.655 1022.39
v -2938.81 154.849 1021.65
v -2937.94 152.593 1024.09
v -2938.65 154.837 1024.64
v -2937.85 152.626 1024.07
v -2938.56 154.87 1024.63
v -2938.67 154.855 1024.54
v -2937.96 152.61 1023.99
v -2938.58 154.888 1024.53
v -2937.87 152.643 1023.98
v -2937.94 152.593 1024.09
v -2938.65 154.837 1024.64
v -2936.04 152.62 1024.55
v -2935.9 154.804 1025.58
v -2936.01 152.66 1024.46
v -2935.87 154.844 1025.49
v -2935.99 154.821 1025.55
v -2936.14 152.637 1024.53
v -2935.96 154.86 1025.47
v -2936.11 152.677 1024.44
v -2936.04 152.62 1024.55
v -2935.9 154.804 1025.58
v -2934.54 152.418 1023.3
v -2934.45 152.403 1023.29
v -2934.01 154.916 1023.94
v -2933.91 154.901 1023.93
v -2933.9 154.876 1024.02
v -2934.43 152.378 1023.38
v -2934 154.891 1024.04
v -2934.53 152.393 1023.4
v -2934.45 152.403 1023.29
v -2933.91 154.901 1023.93
v -2934.94 152.657 1021.71
v -2934.06 154.822 1021.08
v -2934.95 152.69 1021.8
v -2934.08 154.854 1021.17
v -2933.97 154.791 1021.1
v -2934.84 152.627 1021.73
v -2933.98 154.823 1021.19
v -2934.86 152.659 1021.83
v -2934.94 152.657 1021.71
v -2934.06 154.822 1021.08
v -2939.26 154.843 1024.53
v -2938.07 154.719 1025.73
v -2938.03 154.377 1023.82
v -2937.35 154.377 1024.49
v -2936.44 154.825 1026.16
v -2936.44 154.377 1024.74
v -2934.8 154.727 1025.73
v -2935.52 154.377 1024.49
v -2933.61 154.679 1024.53
v -2934.84 154.377 1023.82
v -2933.17 154.861 1022.9
v -2934.6 154.377 1022.9
v -2933.61 154.78 1021.27
v -2934.84 154.377 1021.98
v -2933.61 154.78 1021.27
v -2934.8 154.689 1020.07
v -2934.84 154.377 1021.98
v -2935.52 154.377 1021.31
v -2936.44 154.795 1019.64
v -2936.44 154.377 1021.06
v -2938.07 154.853 1020.07
v -2937.35 154.377 1021.31
v -2939.26 154.835 1021.27
v -2938.03 154.377 1021.98
v -2939.7 154.832 1022.9
v -2938.27 154.377 1022.9
v -2938.07 154.878 1025.73
v -2939.26 155.002 1024.53
v -2937.46 155.769 1024.7
v -2938.08 155.441 1023.86
v -2936.44 154.984 1026.16
v -2936.42 155.609 1024.9
v -2934.8 154.887 1025.73
v -2935.43 155.53 1024.6
v -2933.61 154.838 1024.53
v -2934.67 155.629 1023.9
v -2933.17 155.021 1022.9
v -2934.51 155.41 1022.9
v -2933.61 154.939 1021.27
v -2934.71 155.529 1021.91
v -2934.8 154.848 1020.07
v -2933.61 154.939 1021.27
v -2935.43 155.548 1021.19
v -2934.71 155.529 1021.91
v -2936.44 154.954 1019.64
v -2936.42 155.561 1020.92
v -2938.07 155.012 1020.07
v -2937.44 155.716 1021.11
v -2939.26 154.994 1021.27
v -2938.09 155.468 1021.93
v -2939.7 154.992 1022.9
v -2938.45 155.668 1022.9
v -2936.44 156.637 1022.9
v -2936.44 156.637 1022.9
v -2936.44 156.637 1022.9
v -2936.44 156.637 1022.9
v -2936.44 156.637 1022.9
v -2936.44 156.637 1022.9
v -2934.61 146.644 1020.46
v -2934.9 146.644 1020.7
v -2934.64 146.694 1020.42
v -2934.93 146.694 1020.67
v -2934.61 146.644 1020.46
v -2934.47 146.644 1020.7
v -2934.72 146.644 1020.91
v -2934.47 146.644 1020.7
v -2934.46 146.694 1020.75
v -2934.72 146.644 1020.91
v -2934.69 146.694 1020.95
v -2934.46 146.694 1020.75
v -2934.47 146.755 1020.76
v -2934.6 148.367 1020.87
v -2934.69 148.367 1020.95
v -2934.61 147.76 1020.88
v -2934.62 148.417 1020.82
v -2934.72 148.417 1020.91
v -2934.6 148.367 1020.87
v -2934.8 148.417 1020.62
v -2934.9 148.417 1020.7
v -2934.62 148.417 1020.82
v -2934.62 148.417 1020.82
v -2934.82 148.367 1020.57
v -2934.93 148.367 1020.67
v -2934.8 148.417 1020.62
v -2934.64 146.694 1020.42
v -2934.67 146.799 1020.44
v -2934.75 147.393 1020.51
v -2934.74 147.835 1020.5
v -2934.82 148.367 1020.57
v -2934.47 146.755 1020.76
v -2934.2 146.694 1021.2
v -2934.61 147.76 1020.88
v -2934.3 147.928 1021.98
v -2934.37 148.38 1021.5
v -2934.61 147.76 1020.88
v -2934.6 148.367 1020.87
v -2934.62 148.417 1020.82
v -2934.62 148.417 1020.82
v -2934.53 148.834 1021.05
v -2936.75 151.326 1024.81
v -2936.78 151.347 1024.73
v -2936.74 151.892 1024.77
v -2936.78 153.204 1024.73
v -2936.75 153.226 1024.81
v -2936.75 153.192 1024.81
v -2936.8 151.276 1024.81
v -2936.82 151.299 1024.73
v -2937.2 151.276 1024.85
v -2937.15 151.299 1024.69
v -2936.97 151.276 1024.8
v -2936.8 151.276 1024.81
v -2937.15 151.299 1024.69
v -2937.2 151.276 1024.85
v -2937.19 151.347 1024.69
v -2937.25 151.326 1024.84
v -2937.25 153.226 1024.79
v -2937.19 153.204 1024.69
v -2937.25 153.079 1024.79
v -2937.25 153.226 1024.79
v -2937.2 153.276 1024.8
v -2937.15 153.253 1024.69
v -2936.8 153.276 1024.83
v -2936.82 153.253 1024.73
v -2936.88 153.276 1024.84
v -2938.31 152.949 1023.92
v -2937.67 154.792 1024.74
v -2937.97 152.494 1024.3
v -2937.46 152.939 1024.76
v -2937.34 150.243 1024.85
v -2938.18 150.333 1024.04
v -2938.45 154.792 1023.69
v -2938.63 153.322 1023.51
v -2938.72 150.642 1022.94
v -2938.87 152.862 1022.77
v -2935.38 154.792 1020.85
v -2936.35 154.792 1020.97
v -2936.41 152.664 1020.62
v -2936.8 153.034 1020.72
v -2937.33 152.613 1020.88
v -2937.29 154.792 1021.26
v -2934 152.729 1022.71
v -2934.27 154.792 1022.68
v -2934.28 153.048 1022.11
v -2934.52 154.792 1021.96
v -2934.54 152.691 1021.71
v -2934.27 150.339 1021.92
v -2934.35 151.342 1021.95
v -2934.48 150.321 1021.29
v -2934.76 152.235 1021.16
v -2934.34 151.393 1022
v -2934.2 151.393 1022.37
v -2933.99 150.364 1022.78
v -2934.12 150.353 1022.4
v -2934.18 151.342 1022.42
v -2934.65 150.274 1023.86
v -2934.56 152.743 1023.68
v -2934.86 150.479 1024.05
v -2934.9 152.379 1024.01
v -2934.94 152.429 1024.04
v -2934.9 150.429 1024.08
v -2935.49 149.812 1024.66
v -2935.19 150.429 1024.36
v -2935.43 154.792 1024.51
v -2935.25 152.429 1024.29
v -2935.44 152.543 1024.44
v -2935.23 150.479 1024.39
v -2935.29 152.379 1024.33
v -2934.26 153.087 1023.34
v -2934.5 154.792 1023.43
v -2936 152.361 1024.63
v -2936.41 152.805 1024.72
v -2936.41 150.256 1024.91
v -2936.88 153.276 1024.84
v -2936.66 154.793 1024.78
v -2936.8 153.276 1024.83
v -2936.75 153.192 1024.81
v -2936.75 153.226 1024.81
v -2937.98 148.309 1023.91
v -2937.72 147.917 1024.24
v -2937.3 148.273 1024.68
v -2937.37 146.423 1024.69
v -2938.23 146.555 1023.73
v -2938.19 150.165 1023.99
v -2938.16 149.852 1023.97
v -2938.18 149.802 1023.93
v -2938.22 149.802 1023.88
v -2938.31 148.729 1023.55
v -2938.76 146.727 1022.55
v -2938.54 148.524 1022.88
v -2937.33 150.025 1020.66
v -2938.17 150.24 1021.77
v -2938.07 148.284 1021.7
v -2938.33 148.728 1022.16
v -2937.98 147.857 1021.29
v -2937.56 148.12 1020.39
v -2938.52 146.718 1020.85
v -2935.05 148.612 1020.39
v -2935.13 150.333 1020.46
v -2935.78 148.796 1020.28
v -2936.03 150.288 1020.31
v -2936.71 150.151 1020.49
v -2936.71 150.143 1020.49
v -2936.25 148.336 1020.29
v -2936.99 150.093 1020.57
v -2936.75 150.093 1020.51
v -2936.74 146.776 1019.63
v -2934.95 146.863 1019.98
v -2936.77 147.88 1020.46
v -2934.18 149.393 1022.16
v -2934.14 149.393 1022.35
v -2934.22 148.312 1022.8
v -2934.12 149.443 1022.4
v -2934.1 149.759 1022.39
v -2934.75 147.393 1020.51
v -2934.67 146.799 1020.44
v -2934.74 147.835 1020.5
v -2934.8 148.417 1020.62
v -2934.82 148.367 1020.57
v -2934.82 148.281 1023.85
v -2934.52 148.705 1023.45
v -2934.94 147.872 1024.42
v -2935.3 148.111 1024.97
v -2934.44 146.631 1024.37
v -2934.03 146.462 1022.77
v -2937.3 148.273 1024.68
v -2937.34 150.243 1024.85
v -2936.76 148.628 1024.77
v -2938.87 144.918 1022.54
v -2938.54 145.291 1023.33
v -2938.43 144.892 1023.81
v -2939.03 143.352 1022.59
v -2938.9 143.544 1024.41
v -2938.46 144.507 1024.61
v -2937.87 144.871 1025.35
v -2938.56 145.717 1020.43
v -2938.71 145.188 1020.83
v -2938.88 144.562 1021.35
v -2938.79 143.549 1020.82
v -2938.11 143.915 1019.3
v -2937.13 145.779 1019.46
v -2936.64 145.288 1019.36
v -2938.13 145.546 1019.57
v -2937.95 146.788 1019.84
v -2936 144.767 1019.18
v -2934.79 145.263 1019.61
v -2936.11 143.82 1019.06
v -2934.3 145.653 1020.49
v -2934.05 145.192 1020.82
v -2934.47 146.755 1020.76
v -2934.46 146.694 1020.75
v -2934.47 146.644 1020.7
v -2934.61 146.644 1020.46
v -2934.64 146.694 1020.42
v -2934.67 146.799 1020.44
v -2933.68 144.639 1021.31
v -2933.61 144.807 1022.61
v -2934.47 144.014 1019.53
v -2933.67 143.676 1020.81
v -2934.95 146.666 1025.17
v -2934.94 145.243 1025.2
v -2934.56 145.457 1024.58
v -2934.36 144.958 1024.11
v -2935.02 143.714 1025.12
v -2933.94 143.445 1024.13
v -2933.93 144.485 1023.67
v -2936.2 144.964 1025.19
v -2937.37 146.423 1024.69
v -2935.66 145.448 1025.19
v -2935.88 146.621 1025.17
v -2936.92 144.539 1025.55
v -2937.87 144.871 1025.35
v -2936.54 143.582 1025.82
v -2938.98 142.502 1023.79
v -2939.18 141.833 1022.68
v -2939.07 142.051 1024.27
v -2938.27 143.45 1025.99
v -2939.72 140.138 1022.74
v -2939.3 140.138 1024.61
v -2939.28 141.453 1025.07
v -2938.14 141.787 1025.82
v -2937.86 142.05 1019.82
v -2938.31 142.479 1020.65
v -2938.52 141.828 1021.06
v -2939.22 141.215 1021.38
v -2939.15 140.138 1021.09
v -2938.02 140.138 1019.81
v -2935.65 142.736 1019.23
v -2934.77 142.402 1019.88
v -2936.12 142.114 1019.19
v -2934.7 140.138 1019.91
v -2936.36 140.138 1019.52
v -2936.86 141.485 1019.23
v -2933.97 142.56 1020.56
v -2933.17 143.239 1022.66
v -2933.71 141.97 1020.97
v -2933.24 141.328 1021.42
v -2933.19 141.642 1022.73
v -2933.43 140.138 1021.15
v -2934.33 142.365 1024.53
v -2934.96 142.15 1025.23
v -2933.95 141.9 1024.31
v -2933.22 141.326 1024.03
v -2933.4 140.138 1024.34
v -2934.65 140.138 1025.64
v -2935.94 142.535 1025.57
v -2936.33 142.059 1025.85
v -2938.27 143.45 1025.99
v -2936.95 141.454 1026.4
v -2938.14 141.787 1025.82
v -2936.48 140.138 1026.23
v -2938.63 154.792 1022.83
v -2937.84 152.163 1021.36
v -2938.32 154.792 1022.1
v -2938.53 153.088 1022.18
v -2936.74 151.892 1024.77
v -2936.75 151.326 1024.81
v -2936.8 151.276 1024.81
v -2936.97 151.276 1024.8
v -2937.2 153.276 1024.8
v -2937.67 154.792 1024.74
v -2937.46 152.939 1024.76
v -2937.25 153.226 1024.79
v -2937.25 153.079 1024.79
v -2938.22 149.802 1023.88
v -2938.37 149.802 1023.57
v -2938.39 149.852 1023.53
v -2938.42 150.472 1023.55
v -2935.9 147.868 1024.73
v -2938.29 140.138 1026.13
v -2932.76 140.138 1022.74
v -2938.29 140.138 1026.13
v -2938.39 149.852 1023.53
v -2938.23 149.852 1023.46
v -2938.37 149.802 1023.57
v -2938.21 149.802 1023.5
v -2938.45 151.752 1023.56
v -2938.23 151.752 1023.46
v -2938.42 150.472 1023.55
v -2938.45 151.752 1023.56
v -2938.21 151.802 1023.5
v -2938.43 151.802 1023.61
v -2938.43 151.802 1023.61
v -2938.25 151.802 1023.97
v -2938.04 151.802 1023.86
v -2938.25 151.802 1023.97
v -2938.25 151.794 1023.97
v -2938.02 151.752 1023.91
v -2938.22 151.752 1024.01
v -2938.22 151.135 1024
v -2938.02 149.852 1023.91
v -2938.2 150.346 1023.99
v -2938.19 150.165 1023.99
v -2938.16 149.852 1023.97
v -2938.18 149.802 1023.93
v -2938.04 149.802 1023.86
v -2938.37 149.802 1023.57
v -2938.21 149.802 1023.5
v -2938.22 149.802 1023.88
v -2938.18 149.802 1023.93
v -2938.2 150.346 1023.99
v -2938.19 150.165 1023.99
v -2938.25 151.794 1023.97
v -2938.25 151.802 1023.97
v -2938.43 151.802 1023.61
v -2938.42 150.472 1023.55
v -2938.45 151.752 1023.56
v -2938.22 151.135 1024
v -2938.2 150.346 1023.99
v -2938.22 151.135 1024
v -2938.22 151.752 1024.01
v -2938.25 151.794 1023.97
v -2937.08 150.143 1020.97
v -2937.19 150.143 1020.63
v -2937.03 150.093 1020.95
v -2937.14 150.093 1020.61
v -2937.14 150.093 1020.61
v -2936.99 150.093 1020.57
v -2936.65 150.093 1020.82
v -2936.75 150.093 1020.51
v -2936.75 150.093 1020.51
v -2936.71 150.143 1020.49
v -2936.65 150.093 1020.82
v -2936.6 150.143 1020.81
v -2936.71 150.143 1020.49
v -2936.71 150.151 1020.49
v -2936.68 151.038 1020.57
v -2936.6 152.043 1020.81
v -2936.66 152.043 1020.63
v -2936.66 151.944 1020.63
v -2936.71 152.093 1020.65
v -2936.65 152.093 1020.82
v -2936.66 152.043 1020.63
v -2937.09 152.093 1020.75
v -2937.03 152.093 1020.95
v -2936.97 152.093 1020.7
v -2937.09 152.093 1020.75
v -2937.08 152.043 1020.97
v -2937.14 152.043 1020.76
v -2937.18 150.256 1020.64
v -2937.18 150.463 1020.65
v -2937.17 150.946 1020.68
v -2936.68 151.038 1020.57
v -2935.91 152.229 1020.46
v -2936.66 151.944 1020.63
v -2937.14 150.093 1020.61
v -2937.18 150.256 1020.64
v -2937.19 150.143 1020.63
v -2936.66 151.944 1020.63
v -2936.66 152.043 1020.63
v -2936.71 152.093 1020.65
v -2936.97 152.093 1020.7
v -2937.18 150.463 1020.65
v -2937.18 150.256 1020.64
v -2936.68 151.038 1020.57
v -2936.71 150.151 1020.49
v -2937.17 150.946 1020.68
v -2937.18 150.463 1020.65
v -2937.14 152.043 1020.76
v -2936.97 152.093 1020.7
v -2937.09 152.093 1020.75
v -2934.49 149.443 1021.99
v -2934.25 149.443 1021.91
v -2934.47 149.393 1022.04
v -2934.24 149.393 1021.96
v -2934.24 149.393 1021.96
v -2934.18 149.393 1022.16
v -2934.35 149.393 1022.42
v -2934.14 149.393 1022.35
v -2934.14 149.393 1022.35
v -2934.12 149.443 1022.4
v -2934.35 149.393 1022.42
v -2934.33 149.443 1022.47
v -2934.1 149.759 1022.39
v -2934.33 151.342 1022.47
v -2934.11 150.022 1022.39
v -2934.12 150.353 1022.4
v -2934.18 151.342 1022.42
v -2934.18 151.342 1022.42
v -2934.2 151.393 1022.37
v -2934.35 151.393 1022.42
v -2934.2 151.393 1022.37
v -2934.34 151.393 1022
v -2934.47 151.393 1022.04
v -2934.35 151.342 1021.95
v -2934.49 151.342 1021.99
v -2934.34 151.393 1022
v -2934.25 149.443 1021.91
v -2934.26 149.601 1021.92
v -2934.27 150.339 1021.92
v -2934.35 151.342 1021.95
v -2934.26 149.601 1021.92
v -2934.25 149.443 1021.91
v -2934.18 149.393 1022.16
v -2934.24 149.393 1021.96
v -2934.27 150.339 1021.92
v -2934.26 149.601 1021.92
v -2934.11 150.022 1022.39
v -2934.11 150.022 1022.39
v -2934.12 150.353 1022.4
v -2937.25 151.326 1024.84
v -2937.2 151.276 1024.85
v -2936.97 151.276 1024.8
v -2936.75 153.192 1024.81
v -2936.74 151.892 1024.77
v -2934.9 152.379 1024.01
v -2934.97 152.379 1023.93
v -2934.94 152.429 1024.04
v -2935 152.429 1023.97
v -2934.94 152.429 1024.04
v -2935.25 152.429 1024.29
v -2935.3 152.429 1024.24
v -2935.33 152.379 1024.28
v -2935.29 152.379 1024.33
v -2935.23 150.479 1024.39
v -2935.33 150.479 1024.28
v -2935.19 150.429 1024.36
v -2935.23 150.479 1024.39
v -2935.3 150.429 1024.24
v -2934.9 150.429 1024.08
v -2935.19 150.429 1024.36
v -2935 150.429 1023.97
v -2935.3 150.429 1024.24
v -2934.97 150.479 1023.93
v -2934.86 150.479 1024.05
v -2934.9 150.429 1024.08
v -2934.9 152.379 1024.01
v -2935.48 152.532 1020.6
v -2935.49 152.71 1020.62
v -2935.27 152.764 1020.63
v -2935.43 152.761 1020.63
v -2935.46 152.418 1020.56
v -2935.48 152.532 1020.6
v -2935.06 152.553 1020.9
v -2935.07 152.697 1020.92
v -2935.11 152.75 1020.88
v -2935.27 152.764 1020.63
v -2935.04 152.384 1020.84
v -2935.06 152.553 1020.9
v -2935.43 151.067 1020.46
v -2935.43 150.819 1020.44
v -2935.31 150.77 1020.46
v -2935.38 150.77 1020.45
v -2935.31 150.77 1020.46
v -2935.15 150.771 1020.49
v -2935 151.012 1020.71
v -2934.99 150.81 1020.69
v -2935.04 150.764 1020.62
v -2935.02 150.763 1020.64
v -2935 151.012 1020.71
v -2935.04 152.384 1020.84
v -2935.15 150.771 1020.49
v -2935.04 150.764 1020.62
v -2935.46 152.418 1020.56
v -2935.43 151.067 1020.46
v -2935.38 150.77 1020.45
v -2935.31 150.77 1020.46
v -2935.48 150.75 1020.68
v -2935.11 150.746 1020.84
v -2935.15 150.771 1020.49
v -2935.02 150.763 1020.64
v -2935.04 150.764 1020.62
v -2935.38 150.77 1020.45
v -2935.43 150.819 1020.44
v -2935.52 150.801 1020.67
v -2935.43 151.067 1020.46
v -2935.57 152.695 1020.81
v -2935.49 152.71 1020.62
v -2935.48 152.532 1020.6
v -2935.46 152.418 1020.56
v -2935.43 152.761 1020.63
v -2935.52 152.744 1020.83
v -2935.43 152.761 1020.63
v -2935.27 152.764 1020.63
v -2935.11 152.75 1020.88
v -2935.15 152.741 1020.99
v -2935.11 152.75 1020.88
v -2935.07 152.697 1020.92
v -2935.11 152.69 1021
v -2934.99 150.81 1020.69
v -2935 151.012 1020.71
v -2935.07 150.796 1020.86
v -2935.07 152.697 1020.92
v -2935.06 152.553 1020.9
v -2935.04 152.384 1020.84
v -2935.02 150.763 1020.64
v -2935.11 150.746 1020.84
v -2938.15 152.673 1021.81
v -2938.14 152.673 1021.8
v -2938.13 152.648 1021.78
v -2938.13 152.648 1021.78
v -2938.11 152.623 1021.76
v -2938.12 152.587 1021.76
v -2938.12 152.587 1021.76
v -2938.14 150.723 1021.74
v -2938.17 150.675 1021.78
v -2938.17 150.675 1021.78
v -2938.17 150.673 1021.78
v -2938.34 150.673 1022.15
v -2938.35 151.961 1022.2
v -2938.37 150.723 1022.19
v -2938.23 152.673 1021.92
v -2938.38 152.673 1022.12
v -2938.4 152.623 1022.17
v -2938.18 152.673 1021.84
v -2938.23 152.673 1021.92
v -2938.16 152.673 1021.82
v -2938.18 152.673 1021.84
v -2938.16 152.673 1021.82
v -2938.14 150.723 1021.74
v -2937.99 150.723 1021.84
v -2938.17 150.675 1021.78
v -2938.17 150.673 1021.78
v -2938.02 150.673 1021.88
v -2938.17 150.673 1021.78
v -2938.02 150.673 1021.88
v -2938.34 150.673 1022.15
v -2938.23 150.673 1022.22
v -2938.37 150.723 1022.19
v -2938.26 150.723 1022.26
v -2938.4 152.623 1022.17
v -2938.35 151.961 1022.2
v -2938.26 152.623 1022.26
v -2938.38 152.673 1022.12
v -2938.4 152.623 1022.17
v -2938.23 152.673 1022.22
v -2938.23 152.673 1021.92
v -2938.02 152.673 1021.88
v -2938.18 152.673 1021.84
v -2938.16 152.673 1021.82
v -2938.15 152.673 1021.81
v -2938.14 152.673 1021.8
v -2938.14 152.673 1021.8
v -2938.13 152.648 1021.78
v -2937.99 152.623 1021.84
v -2938.11 152.623 1021.76
v -2938.14 150.723 1021.74
v -2938.12 152.587 1021.76
v -2936.64 148.516 1024.78
v -2936.64 148.913 1024.8
v -2936.59 148.963 1024.81
v -2936.37 148.963 1024.84
v -2936.32 148.34 1024.79
v -2936.32 148.913 1024.82
v -2936.32 147.459 1024.72
v -2936.32 147.194 1024.81
v -2936.37 147.144 1024.81
v -2936.64 147.746 1024.77
v -2936.64 147.194 1024.72
v -2936.59 147.144 1024.73
v -2936.32 148.249 1024.81
v -2936.32 148.249 1024.81
v -2936.32 148.215 1024.79
v -2936.64 148.261 1024.76
v -2936.64 147.746 1024.77
v -2936.64 148.261 1024.76
v -2936.64 148.516 1024.78
v -2936.32 148.215 1024.79
v -2936.32 147.459 1024.72
v -2936.32 147.194 1024.81
v -2936.32 147.194 1024.61
v -2936.32 147.459 1024.72
v -2936.32 148.913 1024.61
v -2936.32 148.215 1024.79
v -2936.32 148.249 1024.81
v -2936.32 148.34 1024.79
v -2936.32 148.913 1024.82
v -2936.37 148.963 1024.84
v -2936.37 148.963 1024.61
v -2936.59 148.963 1024.81
v -2936.59 148.963 1024.61
v -2936.64 148.913 1024.8
v -2936.64 148.913 1024.61
v -2936.64 148.913 1024.8
v -2936.64 148.516 1024.78
v -2936.64 147.194 1024.61
v -2936.64 148.261 1024.76
v -2936.64 147.746 1024.77
v -2936.64 147.194 1024.72
v -2936.59 147.144 1024.73
v -2936.64 147.194 1024.72
v -2936.59 147.144 1024.61
v -2936.37 147.144 1024.81
v -2936.59 147.144 1024.73
v -2936.37 147.144 1024.61
v -2936.59 147.144 1024.61
v -2934.72 146.644 1020.91
v -2934.69 146.694 1020.95
v -2934.9 146.644 1020.7
v -2934.69 148.367 1020.95
v -2934.93 146.694 1020.67
v -2934.72 148.417 1020.91
v -2934.93 148.367 1020.67
v -2934.9 148.417 1020.7
v -2938.21 149.802 1023.5
v -2938.23 149.852 1023.46
v -2938.04 149.802 1023.86
v -2938.23 151.752 1023.46
v -2938.02 149.852 1023.91
v -2938.21 151.802 1023.5
v -2938.02 151.752 1023.91
v -2938.04 151.802 1023.86
v -2936.65 150.093 1020.82
v -2936.6 150.143 1020.81
v -2937.03 150.093 1020.95
v -2936.6 152.043 1020.81
v -2937.08 150.143 1020.97
v -2936.65 152.093 1020.82
v -2937.08 152.043 1020.97
v -2937.03 152.093 1020.95
v -2934.35 149.393 1022.42
v -2934.33 149.443 1022.47
v -2934.47 149.393 1022.04
v -2934.33 151.342 1022.47
v -2934.49 149.443 1021.99
v -2934.35 151.393 1022.42
v -2934.49 151.342 1021.99
v -2934.47 151.393 1022.04
v -2937.15 151.299 1024.69
v -2937.19 151.347 1024.69
v -2936.82 151.299 1024.73
v -2937.19 153.204 1024.69
v -2936.78 151.347 1024.73
v -2937.15 153.253 1024.69
v -2936.82 153.253 1024.73
v -2936.78 153.204 1024.73
v -2935.3 150.429 1024.24
v -2935.33 150.479 1024.28
v -2935 150.429 1023.97
v -2935.33 152.379 1024.28
v -2934.97 150.479 1023.93
v -2935.3 152.429 1024.24
v -2934.97 152.379 1023.93
v -2935 152.429 1023.97
v -2935.11 150.746 1020.84
v -2935.07 150.796 1020.86
v -2935.48 150.75 1020.68
v -2935.11 152.69 1021
v -2935.52 150.801 1020.67
v -2935.15 152.741 1020.99
v -2935.57 152.695 1020.81
v -2935.52 152.744 1020.83
v -2938.02 150.673 1021.88
v -2937.99 150.723 1021.84
v -2938.23 150.673 1022.22
v -2937.99 152.623 1021.84
v -2938.26 150.723 1022.26
v -2938.02 152.673 1021.88
v -2938.26 152.623 1022.26
v -2938.23 152.673 1022.22
v -2936.59 147.144 1024.61
v -2936.64 147.194 1024.61
v -2936.37 147.144 1024.61
v -2936.64 148.913 1024.61
v -2936.32 147.194 1024.61
v -2936.59 148.963 1024.61
v -2936.32 148.913 1024.61
v -2936.37 148.963 1024.61
v -2934.62 140.674 1019.21
v -2936.37 140.674 1019.11
v -2934.62 143.674 1019.21
v -2936.37 143.674 1019.11
v -2936.37 140.674 1019.11
v -2937.99 140.674 1019.45
v -2936.37 143.674 1019.11
v -2937.99 143.674 1019.45
v -2937.99 140.674 1019.45
v -2939.31 140.674 1020.86
v -2937.99 143.674 1019.45
v -2939.31 143.674 1020.86
v -2939.31 140.674 1020.86
v -2939.68 140.674 1022.63
v -2939.31 143.674 1020.86
v -2939.68 143.674 1022.63
v -2939.68 140.674 1022.63
v -2939.46 140.674 1024.56
v -2939.68 143.674 1022.63
v -2939.46 143.674 1024.56
v -2939.46 140.674 1024.56
v -2938.28 140.674 1026.38
v -2939.46 143.674 1024.56
v -2938.28 143.674 1026.38
v -2938.28 140.674 1026.38
v -2936.64 140.674 1026.48
v -2938.28 143.674 1026.38
v -2936.64 143.674 1026.48
v -2936.64 140.674 1026.48
v -2934.68 140.674 1025.57
v -2936.64 143.674 1026.48
v -2934.68 143.674 1025.57
v -2934.68 140.674 1025.57
v -2933.3 140.674 1024.26
v -2934.68 143.674 1025.57
v -2933.3 143.674 1024.26
v -2933.3 140.674 1024.26
v -2932.73 140.674 1022.7
v -2933.3 143.674 1024.26
v -2932.73 143.674 1022.7
v -2932.73 140.674 1022.7
v -2933.47 140.674 1021.02
v -2932.73 143.674 1022.7
v -2933.47 143.674 1021.02
v -2933.47 140.674 1021.02
v -2934.62 140.674 1019.21
v -2933.47 143.674 1021.02
v -2934.62 143.674 1019.21
v -2946.1 146.853 1022.75
v -2946.11 145.784 1023.45
v -2946.27 146.14 1023.52
v -2946.48 146.109 1023.49
v -2946.35 146.116 1023.71
v -2946.45 146.164 1023.64
v -2948.02 145.883 1024.8
v -2948.1 145.565 1024.83
v -2947.92 145.791 1024.75
v -2947.83 145.83 1024.85
v -2947.92 145.791 1024.75
v -2948 145.539 1024.85
v -2948 145.539 1024.85
v -2948.09 145.449 1024.91
v -2947.93 145.922 1024.9
v -2948.04 145.594 1024.87
v -2947.54 145.754 1024.57
v -2947.7 145.674 1024.4
v -2947.58 145.898 1024.42
v -2947.7 145.85 1024.4
v -2947.54 145.757 1024.43
v -2947.13 146.282 1024.15
v -2947.01 146.223 1024.1
v -2947.07 145.863 1024.25
v -2946.38 145.797 1023.84
v -2947.67 145.775 1024.22
v -2947.19 146.224 1023.91
v -2947.67 145.913 1024.29
v -2947.26 146.282 1024.01
v -2947.35 145.863 1023.93
v -2946.66 145.799 1023.41
v -2946.67 145.651 1023.78
v -2947.07 145.863 1024.25
v -2946.67 145.651 1023.78
v -2947.7 145.674 1024.4
v -2947.54 145.757 1024.43
v -2947.7 145.674 1024.4
v -2948.16 145.886 1024.55
v -2948.15 145.824 1024.43
v -2948.16 145.886 1024.55
v -2948.25 145.984 1024.5
v -2948.24 145.922 1024.38
v -2947.84 145.803 1024.2
v -2948.33 145.644 1024.51
v -2948.3 145.588 1024.55
v -2948.34 145.606 1024.46
v -2948.3 145.588 1024.55
v -2948.41 145.51 1024.53
v -2944.78 145.867 1024.55
v -2944.8 145.54 1024.57
v -2944.88 145.81 1024.47
v -2944.8 145.849 1024.36
v -2944.88 145.81 1024.47
v -2944.81 145.53 1024.47
v -2944.81 145.53 1024.47
v -2944.76 145.415 1024.52
v -2944.7 145.906 1024.44
v -2944.78 145.572 1024.51
v -2945.07 146.05 1024.24
v -2945.19 145.967 1024.43
v -2945.16 146.206 1024.35
v -2945.15 146.136 1024.46
v -2945.2 146.077 1024.29
v -2945.66 146.852 1023.94
v -2945.53 146.518 1023.92
v -2945.57 146.857 1024.03
v -2946.27 146.14 1023.52
v -2946.11 145.784 1023.45
v -2945.34 146.104 1024.48
v -2945.77 146.853 1024.18
v -2945.25 146.225 1024.48
v -2945.65 146.857 1024.2
v -2945.71 146.518 1024.3
v -2946.35 146.116 1023.71
v -2946.38 145.797 1023.84
v -2945.53 146.518 1023.92
v -2946.07 145.651 1023.73
v -2946.07 145.651 1023.73
v -2945.19 145.967 1024.43
v -2945.2 146.077 1024.29
v -2945.19 145.967 1024.43
v -2944.95 145.883 1024.77
v -2945.09 145.848 1024.8
v -2944.95 145.883 1024.77
v -2944.95 145.968 1024.88
v -2945.09 145.933 1024.91
v -2945.3 146.096 1024.65
v -2945 145.621 1024.91
v -2944.99 145.568 1024.86
v -2945.06 145.593 1024.93
v -2944.99 145.568 1024.86
v -2945 145.472 1024.96
v -2946.48 146.109 1023.49
v -2946.17 145.867 1021.69
v -2946.15 145.54 1021.71
v -2946.21 145.81 1021.81
v -2946.34 145.849 1021.79
v -2946.21 145.81 1021.81
v -2946.23 145.53 1021.76
v -2946.23 145.53 1021.76
v -2946.21 145.415 1021.69
v -2946.3 145.906 1021.67
v -2946.21 145.572 1021.71
v -2946.33 146.05 1022.09
v -2946.11 145.967 1022.12
v -2946.19 146.206 1022.12
v -2946.1 146.136 1022.07
v -2946.23 146.077 1022.18
v -2946.36 146.852 1022.75
v -2946.43 146.518 1022.64
v -2946.31 146.857 1022.63
v -2946.66 145.799 1023.41
v -2946.48 146.109 1023.49
v -2946 146.104 1022.23
v -2946.04 146.225 1022.15
v -2946.12 146.857 1022.63
v -2946.01 146.518 1022.64
v -2946.36 145.651 1023.23
v -2946.43 146.518 1022.64
v -2946.36 145.651 1023.23
v -2946.11 145.967 1022.12
v -2946.23 146.077 1022.18
v -2946.11 145.967 1022.12
v -2945.9 145.883 1021.76
v -2945.82 145.848 1021.87
v -2945.9 145.883 1021.76
v -2945.8 145.968 1021.71
v -2945.72 145.933 1021.82
v -2945.86 146.096 1022.12
v -2945.8 145.568 1021.76
v -2946.18 145.667 1023.87
v -2946.22 145.247 1023.75
v -2946.51 145.651 1023.89
v -2946.56 145.247 1023.75
v -2945.99 145.722 1023.52
v -2946.05 145.247 1023.5
v -2946.07 145.651 1023.73
v -2946.22 145.247 1023.16
v -2946.13 145.709 1023.32
v -2946.36 145.651 1023.23
v -2946.67 145.738 1023.31
v -2946.56 145.247 1023.16
v -2946.73 145.247 1023.5
v -2946.81 145.644 1023.53
v -2946.51 145.651 1023.89
v -2946.56 145.247 1023.75
v -2946.67 145.651 1023.78
v -2946.06 144.388 1023.78
v -2946.39 144.388 1023.57
v -2946.62 144.388 1023.96
v -2946.16 144.388 1023.17
v -2946.71 144.388 1023.34
v -2946.62 144.388 1023.96
v -2946.84 144.842 1023.57
v -2946.71 144.388 1023.34
v -2946.86 144.799 1023.29
v -2946.62 144.842 1023.17
v -2945.93 144.842 1023.57
v -2946.06 144.388 1023.78
v -2945.95 144.749 1023.81
v -2946.16 144.842 1023.96
v -2946.42 144.908 1023.17
v -2946.16 144.842 1023.17
v -2946.76 144.914 1023.71
v -2946.62 144.842 1023.96
v -2946.62 144.842 1023.96
v -2946.4 144.956 1024.03
v -2946 144.877 1023.32
v -2946.11 145.784 1023.45
v -2946.66 145.799 1023.41
v -2946.38 145.797 1023.84
v -2946.38 145.797 1023.84
v -2946.71 144.388 1023.34
v -2946.16 144.388 1023.17
v -2946.63 144.23 1022.99
v -2947.25 143.809 1023.96
v -2947.31 143.809 1023.75
v -2947.25 144.392 1023.96
v -2947.31 144.392 1023.75
v -2946.19 143.765 1024.6
v -2946.15 144.531 1024.53
v -2945.96 143.765 1024.54
v -2946.01 144.398 1024.39
v -2945.46 144.447 1023.35
v -2945.49 144.447 1023.25
v -2945.36 144.063 1023.37
v -2945.39 144.066 1023.26
v -2946.54 144.272 1022.59
v -2946.64 144.272 1022.62
v -2946.54 144.082 1022.59
v -2946.73 144.082 1022.64
v -2946.73 144.272 1022.64
v -2947.25 143.809 1023.96
v -2946.62 144.388 1023.96
v -2947.31 143.809 1023.75
v -2946.71 144.388 1023.34
v -2946.93 144.689 1023.96
v -2946.62 144.842 1023.96
v -2946.76 144.914 1023.71
v -2946.71 144.388 1023.34
v -2946.84 144.842 1023.57
v -2947.31 143.809 1023.75
v -2947.1 144.664 1023.67
v -2946.54 144.082 1022.59
v -2946.73 144.082 1022.64
v -2946.44 144.23 1022.88
v -2946.62 144.842 1023.17
v -2946.61 144.616 1022.91
v -2946.5 144.734 1022.96
v -2946.42 144.908 1023.17
v -2946.44 144.23 1022.88
v -2946.44 144.616 1022.88
v -2946.54 144.082 1022.59
v -2946.16 144.388 1023.17
v -2946.06 144.388 1023.78
v -2945.8 144.177 1023.12
v -2945.49 143.743 1023.38
v -2945.52 143.743 1023.27
v -2945.75 144.216 1023.47
v -2945.82 144.645 1023.15
v -2946 144.877 1023.32
v -2945.77 144.649 1023.38
v -2945.93 144.842 1023.57
v -2946.06 144.388 1023.78
v -2945.75 144.216 1023.47
v -2946.62 144.388 1023.96
v -2946.19 143.765 1024.6
v -2946.06 144.388 1023.78
v -2945.96 143.765 1024.54
v -2946.16 144.842 1023.96
v -2946.36 144.885 1024.1
v -2946.48 144.8 1024.11
v -2946.2 144.504 1024.54
v -2946.19 143.765 1024.6
v -2946.62 144.388 1023.96
v -2946.62 144.842 1023.96
v -2945.52 143.743 1023.27
v -2945.49 143.743 1023.38
v -2945.49 143.743 1023.38
v -2945.36 144.063 1023.37
v -2945.39 144.066 1023.26
v -2946.4 144.956 1024.03
v -2946.16 144.388 1023.17
v -2946.16 144.842 1023.17
v -2945.95 146.666 1022.69
v -2946.18 146.722 1022.43
v -2945.84 146.427 1022.19
v -2945.61 146.368 1022.46
v -2945.53 145.721 1022.13
v -2945.99 145.599 1021.53
v -2945.78 144.782 1021.53
v -2945.33 144.904 1022.13
v -2946.67 145.66 1021.9
v -2946.78 144.671 1021.86
v -2946.03 144.595 1021.53
v -2945.91 145.585 1021.56
v -2945.58 145.471 1021.79
v -2945.87 145.657 1021.72
v -2945.92 145.295 1021.37
v -2945.62 145.1 1021.44
v -2945.87 145.704 1021.5
v -2946.45 145.733 1021.77
v -2946.57 144.994 1021.52
v -2945.99 144.966 1021.25
v -2946.25 145.848 1021.74
v -2946.3 145.846 1021.96
v -2946.31 145.291 1021.96
v -2946.26 145.278 1021.74
v -2945.9 145.899 1022.02
v -2945.81 145.883 1021.8
v -2945.8 145.329 1021.84
v -2945.88 145.33 1022.06
v -2946.88 145.753 1024.23
v -2947.16 145.919 1024.25
v -2947.32 145.604 1024.46
v -2947.03 145.438 1024.44
v -2945.53 145.721 1022.13
v -2945.33 144.904 1022.13
v -2945.78 144.782 1021.53
v -2945.99 145.599 1021.53
v -2946.67 145.66 1021.9
v -2945.91 145.585 1021.56
v -2946.03 144.595 1021.53
v -2946.78 144.671 1021.86
v -2945.58 145.471 1021.79
v -2945.62 145.1 1021.44
v -2945.92 145.295 1021.37
v -2945.87 145.657 1021.72
v -2945.87 145.704 1021.5
v -2945.99 144.966 1021.25
v -2946.57 144.994 1021.52
v -2946.45 145.733 1021.77
v -2946.25 145.848 1021.74
v -2946.26 145.278 1021.74
v -2946.31 145.291 1021.96
v -2946.3 145.846 1021.96
v -2945.9 145.899 1022.02
v -2945.88 145.33 1022.06
v -2945.8 145.329 1021.84
v -2945.81 145.883 1021.8
v -2946.88 145.753 1024.23
v -2947.03 145.438 1024.44
v -2947.32 145.604 1024.46
v -2947.16 145.919 1024.25
v -2948.28 145.678 1024.05
v -2948.36 145.569 1024.8
v -2948.38 144.735 1024.68
v -2948.3 144.844 1023.93
v -2947.55 145.495 1025.01
v -2947.67 144.51 1025.11
v -2948.46 144.58 1024.85
v -2948.33 145.564 1024.75
v -2948.43 145.51 1024.39
v -2948.26 145.73 1024.6
v -2948.48 145.435 1024.95
v -2948.65 145.204 1024.73
v -2948.3 145.612 1024.76
v -2947.94 145.496 1024.95
v -2948.22 145.148 1025.22
v -2948.58 145.263 1025.03
v -2948.21 145.807 1024.45
v -2947.96 145.805 1024.4
v -2947.95 145.186 1024.41
v -2948.2 145.172 1024.46
v -2944.81 145.575 1023.99
v -2944.91 144.588 1023.9
v -2944.92 144.511 1024.72
v -2944.82 145.498 1024.82
v -2944.85 145.424 1024.82
v -2944.78 145.599 1024.44
v -2944.3 145.4 1024.46
v -2944.37 145.224 1024.83
v -2944.52 145.465 1024.9
v -2944.64 144.683 1025.51
v -2945.46 144.841 1025.55
v -2945.34 145.624 1024.95
v -2945.07 145.888 1024.36
v -2944.84 145.829 1024.47
v -2944.96 145.225 1024.4
v -2945.18 145.267 1024.28
v -2944.98 145.879 1024.79
v -2945.18 145.882 1024.63
v -2945.2 145.263 1024.63
v -2945 145.243 1024.79
v -2948.28 145.678 1024.05
v -2948.3 144.844 1023.93
v -2948.38 144.735 1024.68
v -2948.36 145.569 1024.8
v -2947.55 145.495 1025.01
v -2948.33 145.564 1024.75
v -2948.46 144.58 1024.85
v -2947.67 144.51 1025.11
v -2948.43 145.51 1024.39
v -2948.65 145.204 1024.73
v -2948.48 145.435 1024.95
v -2948.26 145.73 1024.6
v -2948.3 145.612 1024.76
v -2948.58 145.263 1025.03
v -2948.22 145.148 1025.22
v -2947.94 145.496 1024.95
v -2948.21 145.807 1024.45
v -2948.2 145.172 1024.46
v -2947.95 145.186 1024.41
v -2947.96 145.805 1024.4
v -2944.81 145.575 1023.99
v -2944.82 145.498 1024.82
v -2944.92 144.511 1024.72
v -2944.91 144.588 1023.9
v -2944.85 145.424 1024.82
v -2944.37 145.224 1024.83
v -2944.3 145.4 1024.46
v -2944.78 145.599 1024.44
v -2944.52 145.465 1024.9
v -2945.34 145.624 1024.95
v -2945.46 144.841 1025.55
v -2944.64 144.683 1025.51
v -2945.07 145.888 1024.36
v -2945.18 145.267 1024.28
v -2944.96 145.225 1024.4
v -2944.84 145.829 1024.47
v -2944.98 145.879 1024.79
v -2945 145.243 1024.79
v -2945.2 145.263 1024.63
v -2945.18 145.882 1024.63
v -2945.95 146.666 1022.69
v -2945.61 146.368 1022.46
v -2945.84 146.427 1022.19
v -2946.18 146.722 1022.43
v -2938.07 143.496 1033.21
v -2938.08 142.426 1033.92
v -2938.24 142.782 1033.99
v -2938.45 142.752 1033.96
v -2938.32 142.759 1034.18
v -2938.42 142.806 1034.11
v -2939.99 142.525 1035.26
v -2940.06 142.208 1035.3
v -2939.89 142.434 1035.21
v -2939.8 142.473 1035.32
v -2939.89 142.434 1035.21
v -2939.97 142.182 1035.32
v -2939.97 142.182 1035.32
v -2940.06 142.092 1035.37
v -2939.9 142.565 1035.36
v -2940.01 142.237 1035.34
v -2939.51 142.397 1035.04
v -2939.67 142.316 1034.87
v -2939.55 142.541 1034.88
v -2939.67 142.493 1034.87
v -2939.51 142.399 1034.89
v -2939.1 142.924 1034.61
v -2938.98 142.865 1034.57
v -2939.04 142.506 1034.71
v -2938.35 142.439 1034.31
v -2939.64 142.418 1034.69
v -2939.16 142.866 1034.38
v -2939.64 142.555 1034.75
v -2939.22 142.924 1034.48
v -2939.32 142.506 1034.4
v -2938.63 142.442 1033.88
v -2938.64 142.293 1034.25
v -2939.04 142.506 1034.71
v -2938.64 142.293 1034.25
v -2939.67 142.316 1034.87
v -2939.51 142.399 1034.89
v -2939.67 142.316 1034.87
v -2940.13 142.529 1035.02
v -2940.12 142.467 1034.9
v -2940.13 142.529 1035.02
v -2940.22 142.627 1034.97
v -2940.21 142.565 1034.84
v -2939.81 142.446 1034.67
v -2940.3 142.286 1034.98
v -2940.27 142.231 1035.01
v -2940.31 142.249 1034.92
v -2940.27 142.231 1035.01
v -2940.38 142.153 1035
v -2936.75 142.51 1035.02
v -2936.77 142.182 1035.04
v -2936.84 142.452 1034.94
v -2936.77 142.491 1034.83
v -2936.84 142.452 1034.94
v -2936.78 142.173 1034.94
v -2936.78 142.173 1034.94
v -2936.73 142.058 1034.99
v -2936.67 142.549 1034.91
v -2936.74 142.214 1034.98
v -2937.04 142.692 1034.71
v -2937.16 142.61 1034.9
v -2937.13 142.848 1034.82
v -2937.12 142.778 1034.93
v -2937.17 142.72 1034.76
v -2937.63 143.495 1034.41
v -2937.5 143.161 1034.39
v -2937.54 143.5 1034.5
v -2938.24 142.782 1033.99
v -2938.08 142.426 1033.92
v -2937.31 142.746 1034.95
v -2937.73 143.496 1034.64
v -2937.22 142.867 1034.95
v -2937.62 143.5 1034.67
v -2937.68 143.161 1034.77
v -2938.32 142.759 1034.18
v -2938.35 142.439 1034.31
v -2937.5 143.161 1034.39
v -2938.04 142.293 1034.2
v -2938.04 142.293 1034.2
v -2937.16 142.61 1034.9
v -2937.17 142.72 1034.76
v -2937.16 142.61 1034.9
v -2936.92 142.526 1035.24
v -2937.06 142.491 1035.27
v -2936.92 142.526 1035.24
v -2936.92 142.61 1035.35
v -2937.05 142.576 1035.38
v -2937.27 142.739 1035.12
v -2936.97 142.264 1035.37
v -2936.96 142.211 1035.33
v -2937.03 142.236 1035.4
v -2936.96 142.211 1035.33
v -2936.96 142.115 1035.42
v -2938.45 142.752 1033.96
v -2938.14 142.51 1032.16
v -2938.12 142.182 1032.17
v -2938.18 142.452 1032.28
v -2938.31 142.491 1032.26
v -2938.18 142.452 1032.28
v -2938.2 142.173 1032.23
v -2938.2 142.173 1032.23
v -2938.18 142.058 1032.16
v -2938.27 142.549 1032.14
v -2938.18 142.214 1032.17
v -2938.3 142.692 1032.56
v -2938.08 142.61 1032.59
v -2938.16 142.848 1032.59
v -2938.07 142.778 1032.53
v -2938.2 142.72 1032.65
v -2938.33 143.495 1033.21
v -2938.4 143.161 1033.1
v -2938.28 143.5 1033.09
v -2938.63 142.442 1033.88
v -2938.45 142.752 1033.96
v -2937.97 142.746 1032.7
v -2938.01 142.867 1032.62
v -2938.09 143.5 1033.1
v -2937.98 143.161 1033.11
v -2938.33 142.293 1033.69
v -2938.4 143.161 1033.1
v -2938.33 142.293 1033.69
v -2938.08 142.61 1032.59
v -2938.2 142.72 1032.65
v -2938.08 142.61 1032.59
v -2937.87 142.526 1032.23
v -2937.79 142.491 1032.33
v -2937.87 142.526 1032.23
v -2937.77 142.61 1032.18
v -2937.69 142.576 1032.29
v -2937.83 142.739 1032.59
v -2937.77 142.211 1032.23
v -2938.15 142.31 1034.33
v -2938.19 141.889 1034.22
v -2938.48 142.293 1034.36
v -2938.53 141.889 1034.22
v -2937.96 142.365 1033.98
v -2938.02 141.889 1033.97
v -2938.04 142.293 1034.2
v -2938.19 141.889 1033.63
v -2938.1 142.352 1033.79
v -2938.33 142.293 1033.69
v -2938.63 142.38 1033.78
v -2938.53 141.889 1033.63
v -2938.7 141.889 1033.97
v -2938.78 142.286 1034
v -2938.48 142.293 1034.36
v -2938.53 141.889 1034.22
v -2938.64 142.293 1034.25
v -2938.03 141.03 1034.25
v -2938.36 141.03 1034.03
v -2938.59 141.03 1034.43
v -2938.13 141.03 1033.64
v -2938.68 141.03 1033.81
v -2938.59 141.03 1034.43
v -2938.81 141.485 1034.03
v -2938.68 141.03 1033.81
v -2938.83 141.442 1033.75
v -2938.59 141.485 1033.64
v -2937.9 141.485 1034.03
v -2938.03 141.03 1034.25
v -2937.92 141.391 1034.28
v -2938.13 141.485 1034.43
v -2938.39 141.551 1033.64
v -2938.13 141.485 1033.64
v -2938.73 141.557 1034.18
v -2938.59 141.485 1034.43
v -2938.59 141.485 1034.43
v -2938.37 141.599 1034.5
v -2937.97 141.52 1033.79
v -2938.08 142.426 1033.92
v -2938.63 142.442 1033.88
v -2938.35 142.439 1034.31
v -2938.35 142.439 1034.31
v -2938.68 141.03 1033.81
v -2938.13 141.03 1033.64
v -2938.6 140.872 1033.46
v -2939.21 140.452 1034.43
v -2939.28 140.452 1034.22
v -2939.21 141.035 1034.43
v -2939.28 141.035 1034.22
v -2938.16 140.408 1035.07
v -2938.12 141.174 1035
v -2937.93 140.408 1035.01
v -2937.98 141.04 1034.86
v -2937.43 141.089 1033.82
v -2937.46 141.089 1033.72
v -2937.33 140.706 1033.83
v -2937.36 140.709 1033.73
v -2938.51 140.914 1033.06
v -2938.6 140.914 1033.08
v -2938.51 140.725 1033.06
v -2938.7 140.725 1033.11
v -2938.7 140.914 1033.11
v -2939.21 140.452 1034.43
v -2938.59 141.03 1034.43
v -2939.28 140.452 1034.22
v -2938.68 141.03 1033.81
v -2938.9 141.332 1034.43
v -2938.59 141.485 1034.43
v -2938.73 141.557 1034.18
v -2938.68 141.03 1033.81
v -2938.81 141.485 1034.03
v -2939.28 140.452 1034.22
v -2939.07 141.306 1034.14
v -2938.51 140.725 1033.06
v -2938.7 140.725 1033.11
v -2938.41 140.872 1033.35
v -2938.59 141.485 1033.64
v -2938.58 141.258 1033.37
v -2938.47 141.376 1033.43
v -2938.39 141.551 1033.64
v -2938.41 140.872 1033.35
v -2938.41 141.258 1033.35
v -2938.51 140.725 1033.06
v -2938.13 141.03 1033.64
v -2938.03 141.03 1034.25
v -2937.77 140.82 1033.59
v -2937.46 140.385 1033.84
v -2937.49 140.385 1033.74
v -2937.72 140.858 1033.94
v -2937.79 141.287 1033.62
v -2937.97 141.52 1033.79
v -2937.74 141.291 1033.85
v -2937.9 141.485 1034.03
v -2938.03 141.03 1034.25
v -2937.72 140.858 1033.94
v -2938.59 141.03 1034.43
v -2938.16 140.408 1035.07
v -2938.03 141.03 1034.25
v -2937.93 140.408 1035.01
v -2938.13 141.485 1034.43
v -2938.33 141.527 1034.56
v -2938.45 141.443 1034.57
v -2938.17 141.147 1035.01
v -2938.16 140.408 1035.07
v -2938.59 141.03 1034.43
v -2938.59 141.485 1034.43
v -2937.49 140.385 1033.74
v -2937.46 140.385 1033.84
v -2937.46 140.385 1033.84
v -2937.33 140.706 1033.83
v -2937.36 140.709 1033.73
v -2938.37 141.599 1034.5
v -2938.13 141.03 1033.64
v -2938.13 141.485 1033.64
v -2937.92 143.308 1033.16
v -2938.15 143.364 1032.9
v -2937.81 143.069 1032.66
v -2937.58 143.011 1032.93
v -2937.5 142.364 1032.6
v -2937.96 142.241 1032
v -2937.75 141.424 1032
v -2937.3 141.547 1032.6
v -2938.64 142.303 1032.37
v -2938.75 141.313 1032.33
v -2938 141.238 1031.99
v -2937.88 142.227 1032.03
v -2937.55 142.113 1032.26
v -2937.84 142.3 1032.19
v -2937.89 141.938 1031.84
v -2937.59 141.742 1031.91
v -2937.84 142.346 1031.97
v -2938.42 142.375 1032.24
v -2938.54 141.637 1031.99
v -2937.96 141.608 1031.72
v -2938.22 142.49 1032.2
v -2938.27 142.488 1032.43
v -2938.28 141.933 1032.43
v -2938.23 141.921 1032.21
v -2937.87 142.541 1032.48
v -2937.78 142.526 1032.27
v -2937.77 141.972 1032.31
v -2937.85 141.973 1032.52
v -2938.85 142.396 1034.7
v -2939.13 142.562 1034.72
v -2939.29 142.247 1034.93
v -2939 142.081 1034.91
v -2937.5 142.364 1032.6
v -2937.3 141.547 1032.6
v -2937.75 141.424 1032
v -2937.96 142.241 1032
v -2938.64 142.303 1032.37
v -2937.88 142.227 1032.03
v -2938 141.238 1031.99
v -2938.75 141.313 1032.33
v -2937.55 142.113 1032.26
v -2937.59 141.742 1031.91
v -2937.89 141.938 1031.84
v -2937.84 142.3 1032.19
v -2937.84 142.346 1031.97
v -2937.96 141.608 1031.72
v -2938.54 141.637 1031.99
v -2938.42 142.375 1032.24
v -2938.22 142.49 1032.2
v -2938.23 141.921 1032.21
v -2938.28 141.933 1032.43
v -2938.27 142.488 1032.43
v -2937.87 142.541 1032.48
v -2937.85 141.973 1032.52
v -2937.77 141.972 1032.31
v -2937.78 142.526 1032.27
v -2938.85 142.396 1034.7
v -2939 142.081 1034.91
v -2939.29 142.247 1034.93
v -2939.13 142.562 1034.72
v -2940.25 142.321 1034.52
v -2940.33 142.212 1035.27
v -2940.35 141.378 1035.15
v -2940.27 141.487 1034.4
v -2939.52 142.137 1035.47
v -2939.64 141.153 1035.58
v -2940.42 141.223 1035.32
v -2940.3 142.207 1035.22
v -2940.4 142.153 1034.85
v -2940.23 142.373 1035.06
v -2940.45 142.078 1035.41
v -2940.62 141.846 1035.19
v -2940.27 142.254 1035.23
v -2939.91 142.139 1035.41
v -2940.19 141.791 1035.69
v -2940.54 141.906 1035.5
v -2940.18 142.45 1034.92
v -2939.93 142.448 1034.86
v -2939.92 141.829 1034.88
v -2940.17 141.815 1034.93
v -2936.78 142.218 1034.46
v -2936.88 141.231 1034.36
v -2936.89 141.154 1035.19
v -2936.79 142.141 1035.28
v -2936.82 142.066 1035.28
v -2936.75 142.242 1034.91
v -2936.27 142.042 1034.93
v -2936.34 141.867 1035.3
v -2936.49 142.108 1035.37
v -2936.61 141.325 1035.98
v -2937.43 141.484 1036.02
v -2937.31 142.266 1035.41
v -2937.04 142.531 1034.82
v -2936.81 142.472 1034.94
v -2936.93 141.867 1034.87
v -2937.15 141.91 1034.75
v -2936.95 142.521 1035.26
v -2937.15 142.524 1035.09
v -2937.17 141.905 1035.1
v -2936.97 141.886 1035.26
v -2940.25 142.321 1034.52
v -2940.27 141.487 1034.4
v -2940.35 141.378 1035.15
v -2940.33 142.212 1035.27
v -2939.52 142.137 1035.47
v -2940.3 142.207 1035.22
v -2940.42 141.223 1035.32
v -2939.64 141.153 1035.58
v -2940.4 142.153 1034.85
v -2940.62 141.846 1035.19
v -2940.45 142.078 1035.41
v -2940.23 142.373 1035.06
v -2940.27 142.254 1035.23
v -2940.54 141.906 1035.5
v -2940.19 141.791 1035.69
v -2939.91 142.139 1035.41
v -2940.18 142.45 1034.92
v -2940.17 141.815 1034.93
v -2939.92 141.829 1034.88
v -2939.93 142.448 1034.86
v -2936.78 142.218 1034.46
v -2936.79 142.141 1035.28
v -2936.89 141.154 1035.19
v -2936.88 141.231 1034.36
v -2936.82 142.066 1035.28
v -2936.34 141.867 1035.3
v -2936.27 142.042 1034.93
v -2936.75 142.242 1034.91
v -2936.49 142.108 1035.37
v -2937.31 142.266 1035.41
v -2937.43 141.484 1036.02
v -2936.61 141.325 1035.98
v -2937.04 142.531 1034.82
v -2937.15 141.91 1034.75
v -2936.93 141.867 1034.87
v -2936.81 142.472 1034.94
v -2936.95 142.521 1035.26
v -2936.97 141.886 1035.26
v -2937.17 141.905 1035.1
v -2937.15 142.524 1035.09
v -2937.92 143.308 1033.16
v -2937.58 143.011 1032.93
v -2937.81 143.069 1032.66
v -2938.15 143.364 1032.9
v -2924.56 144.283 1013.86
v -2924.57 143.214 1014.57
v -2924.73 143.57 1014.63
v -2924.94 143.539 1014.61
v -2924.81 143.546 1014.83
v -2924.91 143.594 1014.76
v -2926.48 143.313 1015.91
v -2926.55 142.995 1015.94
v -2926.38 143.221 1015.86
v -2926.29 143.26 1015.96
v -2926.38 143.221 1015.86
v -2926.46 142.969 1015.97
v -2926.46 142.969 1015.97
v -2926.55 142.879 1016.02
v -2926.39 143.352 1016.01
v -2926.5 143.024 1015.98
v -2926 143.184 1015.68
v -2926.16 143.103 1015.52
v -2926.04 143.328 1015.53
v -2926.16 143.28 1015.52
v -2926 143.186 1015.54
v -2925.59 143.712 1015.26
v -2925.47 143.653 1015.22
v -2925.53 143.293 1015.36
v -2924.84 143.226 1014.95
v -2926.13 143.205 1015.34
v -2925.65 143.654 1015.03
v -2926.13 143.342 1015.4
v -2925.71 143.712 1015.12
v -2925.81 143.293 1015.05
v -2925.12 143.229 1014.53
v -2925.13 143.081 1014.89
v -2925.53 143.293 1015.36
v -2925.13 143.081 1014.89
v -2926.16 143.103 1015.52
v -2926 143.186 1015.54
v -2926.16 143.103 1015.52
v -2926.62 143.316 1015.67
v -2926.61 143.254 1015.54
v -2926.62 143.316 1015.67
v -2926.71 143.414 1015.62
v -2926.7 143.352 1015.49
v -2926.3 143.233 1015.32
v -2926.79 143.074 1015.63
v -2926.76 143.018 1015.66
v -2926.8 143.036 1015.57
v -2926.76 143.018 1015.66
v -2926.87 142.94 1015.64
v -2923.24 143.297 1015.67
v -2923.26 142.97 1015.68
v -2923.33 143.239 1015.59
v -2923.26 143.278 1015.47
v -2923.33 143.239 1015.59
v -2923.27 142.96 1015.59
v -2923.27 142.96 1015.59
v -2923.22 142.845 1015.64
v -2923.16 143.336 1015.56
v -2923.23 143.001 1015.63
v -2923.53 143.479 1015.36
v -2923.65 143.397 1015.55
v -2923.62 143.636 1015.47
v -2923.61 143.566 1015.58
v -2923.66 143.507 1015.41
v -2924.12 144.282 1015.05
v -2923.99 143.948 1015.04
v -2924.03 144.287 1015.15
v -2924.73 143.57 1014.63
v -2924.57 143.214 1014.57
v -2923.8 143.534 1015.6
v -2924.22 144.283 1015.29
v -2923.71 143.655 1015.59
v -2924.11 144.287 1015.31
v -2924.17 143.948 1015.41
v -2924.81 143.546 1014.83
v -2924.84 143.226 1014.95
v -2923.99 143.948 1015.04
v -2924.53 143.081 1014.84
v -2924.53 143.081 1014.84
v -2923.65 143.397 1015.55
v -2923.66 143.507 1015.41
v -2923.65 143.397 1015.55
v -2923.41 143.313 1015.89
v -2923.55 143.278 1015.92
v -2923.41 143.313 1015.89
v -2923.41 143.398 1016
v -2923.54 143.363 1016.03
v -2923.76 143.526 1015.77
v -2923.46 143.051 1016.02
v -2923.45 142.998 1015.98
v -2923.52 143.023 1016.05
v -2923.45 142.998 1015.98
v -2923.45 142.902 1016.07
v -2924.94 143.539 1014.61
v -2924.63 143.297 1012.8
v -2924.61 142.97 1012.82
v -2924.67 143.239 1012.93
v -2924.8 143.278 1012.91
v -2924.67 143.239 1012.93
v -2924.69 142.96 1012.87
v -2924.69 142.96 1012.87
v -2924.67 142.845 1012.8
v -2924.76 143.336 1012.78
v -2924.67 143.001 1012.82
v -2924.79 143.479 1013.2
v -2924.57 143.397 1013.23
v -2924.65 143.636 1013.24
v -2924.56 143.566 1013.18
v -2924.69 143.507 1013.3
v -2924.82 144.282 1013.86
v -2924.89 143.948 1013.75
v -2924.77 144.287 1013.74
v -2925.12 143.229 1014.53
v -2924.94 143.539 1014.61
v -2924.46 143.534 1013.35
v -2924.5 143.655 1013.27
v -2924.58 144.287 1013.75
v -2924.47 143.948 1013.76
v -2924.82 143.081 1014.34
v -2924.89 143.948 1013.75
v -2924.82 143.081 1014.34
v -2924.57 143.397 1013.23
v -2924.69 143.507 1013.3
v -2924.57 143.397 1013.23
v -2924.36 143.313 1012.87
v -2924.28 143.278 1012.98
v -2924.36 143.313 1012.87
v -2924.26 143.398 1012.82
v -2924.17 143.363 1012.93
v -2924.32 143.526 1013.24
v -2924.26 142.998 1012.87
v -2924.64 143.097 1014.98
v -2924.68 142.676 1014.87
v -2924.97 143.081 1015.01
v -2925.02 142.676 1014.87
v -2924.45 143.152 1014.63
v -2924.51 142.676 1014.61
v -2924.53 143.081 1014.84
v -2924.68 142.676 1014.27
v -2924.59 143.139 1014.43
v -2924.82 143.081 1014.34
v -2925.12 143.168 1014.43
v -2925.02 142.676 1014.27
v -2925.19 142.676 1014.61
v -2925.27 143.073 1014.64
v -2924.97 143.081 1015.01
v -2925.02 142.676 1014.87
v -2925.13 143.081 1014.89
v -2924.52 141.818 1014.89
v -2924.85 141.818 1014.68
v -2925.07 141.818 1015.08
v -2924.62 141.818 1014.29
v -2925.17 141.818 1014.45
v -2925.07 141.818 1015.08
v -2925.3 142.272 1014.68
v -2925.17 141.818 1014.45
v -2925.32 142.229 1014.4
v -2925.07 142.272 1014.29
v -2924.39 142.272 1014.68
v -2924.52 141.818 1014.89
v -2924.41 142.179 1014.92
v -2924.62 142.272 1015.08
v -2924.88 142.338 1014.29
v -2924.62 142.272 1014.29
v -2925.22 142.344 1014.83
v -2925.07 142.272 1015.08
v -2925.07 142.272 1015.08
v -2924.86 142.386 1015.14
v -2924.45 142.307 1014.44
v -2924.57 143.214 1014.57
v -2925.12 143.229 1014.53
v -2924.84 143.226 1014.95
v -2924.84 143.226 1014.95
v -2925.17 141.818 1014.45
v -2924.62 141.818 1014.29
v -2925.09 141.659 1014.1
v -2925.7 141.239 1015.08
v -2925.77 141.239 1014.87
v -2925.7 141.822 1015.08
v -2925.77 141.822 1014.87
v -2924.65 141.195 1015.72
v -2924.61 141.961 1015.64
v -2924.42 141.195 1015.65
v -2924.47 141.828 1015.51
v -2923.92 141.877 1014.47
v -2923.95 141.877 1014.37
v -2923.82 141.493 1014.48
v -2923.85 141.496 1014.38
v -2925 141.701 1013.71
v -2925.09 141.701 1013.73
v -2925 141.512 1013.71
v -2925.19 141.512 1013.75
v -2925.19 141.701 1013.75
v -2925.7 141.239 1015.08
v -2925.07 141.818 1015.08
v -2925.77 141.239 1014.87
v -2925.17 141.818 1014.45
v -2925.39 142.119 1015.08
v -2925.07 142.272 1015.08
v -2925.22 142.344 1014.83
v -2925.17 141.818 1014.45
v -2925.3 142.272 1014.68
v -2925.77 141.239 1014.87
v -2925.56 142.093 1014.78
v -2925 141.512 1013.71
v -2925.19 141.512 1013.75
v -2924.9 141.659 1014
v -2925.07 142.272 1014.29
v -2925.07 142.045 1014.02
v -2924.96 142.164 1014.07
v -2924.88 142.338 1014.29
v -2924.9 141.659 1014
v -2924.9 142.045 1014
v -2925 141.512 1013.71
v -2924.62 141.818 1014.29
v -2924.52 141.818 1014.89
v -2924.26 141.607 1014.24
v -2923.95 141.173 1014.49
v -2923.98 141.173 1014.39
v -2924.21 141.645 1014.58
v -2924.28 142.074 1014.27
v -2924.45 142.307 1014.44
v -2924.23 142.079 1014.5
v -2924.39 142.272 1014.68
v -2924.52 141.818 1014.89
v -2924.21 141.645 1014.58
v -2925.07 141.818 1015.08
v -2924.65 141.195 1015.72
v -2924.52 141.818 1014.89
v -2924.42 141.195 1015.65
v -2924.62 142.272 1015.08
v -2924.82 142.314 1015.21
v -2924.94 142.23 1015.22
v -2924.66 141.934 1015.66
v -2924.65 141.195 1015.72
v -2925.07 141.818 1015.08
v -2925.07 142.272 1015.08
v -2923.98 141.173 1014.39
v -2923.95 141.173 1014.49
v -2923.95 141.173 1014.49
v -2923.82 141.493 1014.48
v -2923.85 141.496 1014.38
v -2924.86 142.386 1015.14
v -2924.62 141.818 1014.29
v -2924.62 142.272 1014.29
v -2924.41 144.096 1013.81
v -2924.64 144.151 1013.54
v -2924.3 143.857 1013.3
v -2924.07 143.798 1013.58
v -2923.99 143.151 1013.25
v -2924.45 143.029 1012.65
v -2924.24 142.211 1012.65
v -2923.79 142.334 1013.25
v -2925.13 143.09 1013.01
v -2925.24 142.1 1012.98
v -2924.49 142.025 1012.64
v -2924.37 143.015 1012.68
v -2924.04 142.901 1012.91
v -2924.33 143.087 1012.84
v -2924.38 142.725 1012.49
v -2924.08 142.529 1012.56
v -2924.33 143.134 1012.62
v -2924.91 143.162 1012.88
v -2925.03 142.424 1012.64
v -2924.45 142.395 1012.37
v -2924.71 143.277 1012.85
v -2924.76 143.275 1013.08
v -2924.77 142.72 1013.08
v -2924.72 142.708 1012.85
v -2924.36 143.329 1013.13
v -2924.27 143.313 1012.92
v -2924.26 142.759 1012.96
v -2924.34 142.76 1013.17
v -2925.34 143.183 1015.35
v -2925.62 143.349 1015.37
v -2925.78 143.034 1015.58
v -2925.49 142.868 1015.56
v -2923.99 143.151 1013.25
v -2923.79 142.334 1013.25
v -2924.24 142.211 1012.65
v -2924.45 143.029 1012.65
v -2925.13 143.09 1013.01
v -2924.37 143.015 1012.68
v -2924.49 142.025 1012.64
v -2925.24 142.1 1012.98
v -2924.04 142.901 1012.91
v -2924.08 142.529 1012.56
v -2924.38 142.725 1012.49
v -2924.33 143.087 1012.84
v -2924.33 143.134 1012.62
v -2924.45 142.395 1012.37
v -2925.03 142.424 1012.64
v -2924.91 143.162 1012.88
v -2924.71 143.277 1012.85
v -2924.72 142.708 1012.85
v -2924.77 142.72 1013.08
v -2924.76 143.275 1013.08
v -2924.36 143.329 1013.13
v -2924.34 142.76 1013.17
v -2924.26 142.759 1012.96
v -2924.27 143.313 1012.92
v -2925.34 143.183 1015.35
v -2925.49 142.868 1015.56
v -2925.78 143.034 1015.58
v -2925.62 143.349 1015.37
v -2926.74 143.108 1015.16
v -2926.82 142.999 1015.91
v -2926.84 142.165 1015.8
v -2926.76 142.274 1015.05
v -2926.01 142.925 1016.12
v -2926.13 141.94 1016.22
v -2926.91 142.01 1015.97
v -2926.79 142.994 1015.86
v -2926.89 142.94 1015.5
v -2926.72 143.16 1015.71
v -2926.94 142.865 1016.06
v -2927.11 142.634 1015.84
v -2926.76 143.041 1015.87
v -2926.4 142.926 1016.06
v -2926.68 142.578 1016.33
v -2927.03 142.693 1016.14
v -2926.67 143.237 1015.56
v -2926.42 143.235 1015.51
v -2926.41 142.616 1015.53
v -2926.66 142.602 1015.58
v -2923.27 143.005 1015.1
v -2923.37 142.018 1015.01
v -2923.38 141.941 1015.84
v -2923.28 142.928 1015.93
v -2923.31 142.854 1015.93
v -2923.24 143.029 1015.56
v -2922.76 142.829 1015.57
v -2922.83 142.654 1015.95
v -2922.98 142.895 1016.02
v -2923.1 142.112 1016.62
v -2923.92 142.271 1016.67
v -2923.8 143.053 1016.06
v -2923.53 143.318 1015.47
v -2923.3 143.259 1015.59
v -2923.42 142.654 1015.51
v -2923.64 142.697 1015.4
v -2923.44 143.308 1015.9
v -2923.64 143.311 1015.74
v -2923.66 142.692 1015.74
v -2923.46 142.673 1015.9
v -2926.74 143.108 1015.16
v -2926.76 142.274 1015.05
v -2926.84 142.165 1015.8
v -2926.82 142.999 1015.91
v -2926.01 142.925 1016.12
v -2926.79 142.994 1015.86
v -2926.91 142.01 1015.97
v -2926.13 141.94 1016.22
v -2926.89 142.94 1015.5
v -2927.11 142.634 1015.84
v -2926.94 142.865 1016.06
v -2926.72 143.16 1015.71
v -2926.76 143.041 1015.87
v -2927.03 142.693 1016.14
v -2926.68 142.578 1016.33
v -2926.4 142.926 1016.06
v -2926.67 143.237 1015.56
v -2926.66 142.602 1015.58
v -2926.41 142.616 1015.53
v -2926.42 143.235 1015.51
v -2923.27 143.005 1015.1
v -2923.28 142.928 1015.93
v -2923.38 141.941 1015.84
v -2923.37 142.018 1015.01
v -2923.31 142.854 1015.93
v -2922.83 142.654 1015.95
v -2922.76 142.829 1015.57
v -2923.24 143.029 1015.56
v -2922.98 142.895 1016.02
v -2923.8 143.053 1016.06
v -2923.92 142.271 1016.67
v -2923.1 142.112 1016.62
v -2923.53 143.318 1015.47
v -2923.64 142.697 1015.4
v -2923.42 142.654 1015.51
v -2923.3 143.259 1015.59
v -2923.44 143.308 1015.9
v -2923.46 142.673 1015.9
v -2923.66 142.692 1015.74
v -2923.64 143.311 1015.74
v -2924.41 144.096 1013.81
v -2924.07 143.798 1013.58
v -2924.3 143.857 1013.3
v -2924.64 144.151 1013.54
v -2965 124.579 1057
v -2965 124.609 1055
v -2965 127.4 1053
v -2965 128 1051
v -2965 128.912 1049
v -2965 132.054 1047
v -2965 133.014 1045
v -2965 134.765 1043
v -2965 136.046 1041
v -2965 137.195 1039
v -2965 138.257 1037
v -2965 139.227 1035
v -2965 140.101 1033
v -2965 140.873 1031
v -2965 141.542 1029
v -2965 142.105 1027
v -2965 142.562 1025
v -2965 142.912 1023
v -2965 143.156 1021
v -2965 143.296 1019
v -2965 143.335 1017
v -2965 143.276 1015
v -2965 143.123 1013
v -2965 142.882 1011
v -2965 142.56 1009
v -2965 142.163 1007
v -2965 141.7 1005
v -2965 141.18 1003
v -2965 140.613 1001
v -2965 140.009 999
v -2965 139.381 997
v -2965 138.741 995
v -2963 124.67 1057
v -2963 124.558 1055
v -2963 127.919 1053
v -2963 128 1051
v -2963 129.555 1049
v -2963 132.164 1047
v -2963 133.282 1045
v -2963 135.077 1043
v -2963 136.313 1041
v -2963 137.467 1039
v -2963 138.533 1037
v -2963 139.504 1035
v -2963 140.377 1033
v -2963 141.147 1031
v -2963 141.811 1029
v -2963 142.367 1027
v -2963 142.814 1025
v -2963 143.153 1023
v -2963 143.383 1021
v -2963 143.507 1019
v -2963 143.528 1017
v -2963 143.448 1015
v -2963 143.273 1013
v -2963 143.008 1011
v -2963 142.66 1009
v -2963 142.236 1007
v -2963 141.743 1005
v -2963 141.193 1003
v -2963 140.593 1001
v -2963 139.957 999
v -2963 139.295 997
v -2963 138.621 995
v -2961 124.738 1057
v -2961 124.841 1055
v -2961 128 1053
v -2961 128 1051
v -2961 130.147 1049
v -2961 132.296 1047
v -2961 133.568 1045
v -2961 135.327 1043
v -2961 136.568 1041
v -2961 137.726 1039
v -2961 138.794 1037
v -2961 139.766 1035
v -2961 140.637 1033
v -2961 141.403 1031
v -2961 142.062 1029
v -2961 142.611 1027
v -2961 143.048 1025
v -2961 143.375 1023
v -2961 143.592 1021
v -2961 143.701 1019
v -2961 143.704 1017
v -2961 143.605 1015
v -2961 143.409 1013
v -2961 143.121 1011
v -2961 142.748 1009
v -2961 142.297 1007
v -2961 141.778 1005
v -2961 141.198 1003
v -2961 140.569 1001
v -2961 139.902 999
v -2961 139.209 997
v -2961 138.504 995
v -2959 124.782 1057
v -2959 125.161 1055
v -2959 128 1053
v -2959 128 1051
v -2959 130.691 1049
v -2959 132.446 1047
v -2959 133.867 1045
v -2959 135.567 1043
v -2959 136.812 1041
v -2959 137.973 1039
v -2959 139.042 1037
v -2959 140.013 1035
v -2959 140.882 1033
v -2959 141.644 1031
v -2959 142.297 1029
v -2959 142.838 1027
v -2959 143.266 1025
v -2959 143.582 1023
v -2959 143.785 1021
v -2959 143.879 1019
v -2959 143.865 1017
v -2959 143.748 1015
v -2959 143.532 1013
v -2959 143.223 1011
v -2959 142.827 1009
v -2959 142.353 1007
v -2959 141.808 1005
v -2959 141.202 1003
v -2959 140.546 1001
v -2959 139.851 999
v -2959 139.13 997
v -2959 138.396 995
v -2957 124.802 1057
v -2957 125.521 1055
v -2957 128 1053
v -2957 128 1051
v -2957 131.186 1049
v -2957 132.613 1047
v -2957 134.198 1045
v -2957 135.795 1043
v -2957 137.044 1041
v -2957 138.206 1039
v -2957 139.275 1037
v -2957 140.245 1035
v -2957 141.111 1033
v -2957 141.869 1031
v -2957 142.516 1029
v -2957 143.049 1027
v -2957 143.469 1025
v -2957 143.774 1023
v -2957 143.965 1021
v -2957 144.045 1019
v -2957 144.016 1017
v -2957 143.882 1015
v -2957 143.648 1013
v -2957 143.319 1011
v -2957 142.903 1009
v -2957 142.406 1007
v -2957 141.838 1005
v -2957 141.209 1003
v -2957 140.529 1001
v -2957 139.809 999
v -2957 139.062 997
v -2957 138.303 995
v -2955 124.799 1057
v -2955 126.464 1055
v -2955 128 1053
v -2955 128.996 1051
v -2955 131.635 1049
v -2955 132.793 1047
v -2955 134.543 1045
v -2955 136.012 1043
v -2955 137.263 1041
v -2955 138.426 1039
v -2955 139.494 1037
v -2955 140.463 1035
v -2955 141.326 1033
v -2955 142.079 1031
v -2955 142.72 1029
v -2955 143.247 1027
v -2955 143.658 1025
v -2955 143.953 1023
v -2955 144.133 1021
v -2955 144.201 1019
v -2955 144.158 1017
v -2955 144.009 1015
v -2955 143.759 1013
v -2955 143.413 1011
v -2955 142.978 1009
v -2955 142.463 1007
v -2955 141.875 1005
v -2955 141.225 1003
v -2955 140.523 1001
v -2955 139.782 999
v -2955 139.014 997
v -2955 138.232 995
v -2953 124.774 1057
v -2953 126.948 1055
v -2953 128 1053
v -2953 128.585 1051
v -2953 132.013 1049
v -2953 132.983 1047
v -2953 134.843 1045
v -2953 136.218 1043
v -2953 137.469 1041
v -2953 138.632 1039
v -2953 139.7 1037
v -2953 140.667 1035
v -2953 141.527 1033
v -2953 142.276 1031
v -2953 142.912 1029
v -2953 143.432 1027
v -2953 143.835 1025
v -2953 144.122 1023
v -2953 144.293 1021
v -2953 144.349 1019
v -2953 144.295 1017
v -2953 144.133 1015
v -2953 143.869 1013
v -2953 143.509 1011
v -2953 143.059 1009
v -2953 142.527 1007
v -2953 141.923 1005
v -2953 141.256 1003
v -2953 140.537 1001
v -2953 139.778 999
v -2953 138.991 997
v -2953 138.192 995
v -2951 124.728 1057
v -2951 126.878 1055
v -2951 128 1053
v -2951 128.804 1051
v -2951 132.078 1049
v -2951 133.179 1047
v -2951 135.077 1045
v -2951 136.411 1043
v -2951 137.663 1041
v -2951 138.826 1039
v -2951 139.892 1037
v -2951 140.857 1035
v -2951 141.714 1033
v -2951 142.46 1031
v -2951 143.092 1029
v -2951 143.607 1027
v -2951 144.004 1025
v -2951 144.283 1023
v -2951 144.446 1021
v -2951 144.494 1019
v -2951 144.43 1017
v -2951 144.258 1015
v -2951 143.983 1013
v -2951 143.611 1011
v -2951 143.149 1009
v -2951 142.605 1007
v -2951 141.988 1005
v -2951 141.308 1003
v -2951 140.575 1001
v -2951 139.803 999
v -2951 139.003 997
v -2951 138.189 995
v -2949 124.692 1057
v -2949 127.298 1055
v -2949 128 1053
v -2949 129.294 1051
v -2949 132.16 1049
v -2949 133.378 1047
v -2949 135.257 1045
v -2949 136.591 1043
v -2949 137.843 1041
v -2949 139.006 1039
v -2949 140.072 1037
v -2949 141.035 1035
v -2949 141.89 1033
v -2949 142.633 1031
v -2949 143.261 1029
v -2949 143.772 1027
v -2949 144.165 1025
v -2949 144.439 1023
v -2949 144.596 1021
v -2949 144.638 1019
v -2949 144.567 1017
v -2949 144.388 1015
v -2949 144.106 1013
v -2949 143.726 1011
v -2949 143.256 1009
v -2949 142.703 1007
v -2949 142.077 1005
v -2949 141.388 1003
v -2949 140.646 1001
v -2949 139.864 999
v -2949 139.055 997
v -2949 138.232 995
v -2947 124.586 1057
v -2947 127.697 1055
v -2947 128 1053
v -2947 129.736 1051
v -2947 132.249 1049
v -2947 133.577 1047
v -2947 135.424 1045
v -2947 136.759 1043
v -2947 138.011 1041
v -2947 139.174 1039
v -2947 140.239 1037
v -2947 141.201 1035
v -2947 142.055 1033
v -2947 142.797 1031
v -2947 143.423 1029
v -2947 143.931 1027
v -2947 144.321 1025
v -2947 144.593 1023
v -2947 144.747 1021
v -2947 144.785 1019
v -2947 144.711 1017
v -2947 144.528 1015
v -2947 144.242 1013
v -2947 143.858 1011
v -2947 143.383 1009
v -2947 142.827 1007
v -2947 142.196 1005
v -2947 141.502 1003
v -2947 140.756 1001
v -2947 139.97 999
v -2947 139.157 997
v -2947 138.33 995
v -2945 124.515 1057
v -2945 127.997 1055
v -2945 128 1053
v -2945 130.054 1051
v -2945 132.323 1049
v -2945 133.732 1047
v -2945 135.548 1045
v -2945 136.883 1043
v -2945 138.135 1041
v -2945 139.298 1039
v -2945 140.364 1037
v -2945 141.326 1035
v -2945 142.18 1033
v -2945 142.922 1031
v -2945 143.548 1029
v -2945 144.057 1027
v -2945 144.447 1025
v -2945 144.719 1023
v -2945 144.873 1021
v -2945 144.912 1019
v -2945 144.839 1017
v -2945 144.656 1015
v -2945 144.371 1013
v -2945 143.988 1011
v -2945 143.514 1009
v -2945 142.958 1007
v -2945 142.329 1005
v -2945 141.637 1003
v -2945 140.892 1001
v -2945 140.108 999
v -2945 139.296 997
v -2945 138.472 995
v -2943 124.518 1057
v -2943 128 1055
v -2943 128 1053
v -2943 130.06 1051
v -2943 132.324 1049
v -2943 133.733 1047
v -2943 135.549 1045
v -2943 136.884 1043
v -2943 138.137 1041
v -2943 139.301 1039
v -2943 140.367 1037
v -2943 141.331 1035
v -2943 142.188 1033
v -2943 142.932 1031
v -2943 143.561 1029
v -2943 144.074 1027
v -2943 144.468 1025
v -2943 144.745 1023
v -2943 144.904 1021
v -2943 144.949 1019
v -2943 144.881 1017
v -2943 144.706 1015
v -2943 144.427 1013
v -2943 144.052 1011
v -2943 143.586 1009
v -2943 143.039 1007
v -2943 142.419 1005
v -2943 141.735 1003
v -2943 141 1001
v -2943 140.225 999
v -2943 139.423 997
v -2943 138.608 995
v -2941 124.619 1057
v -2941 128 1055
v -2941 128 1053
v -2941 129.772 1051
v -2941 132.256 1049
v -2941 133.589 1047
v -2941 135.434 1045
v -2941 136.768 1043
v -2941 138.022 1041
v -2941 139.186 1039
v -2941 140.255 1037
v -2941 141.222 1035
v -2941 142.082 1033
v -2941 142.831 1031
v -2941 143.466 1029
v -2941 143.985 1027
v -2941 144.387 1025
v -2941 144.672 1023
v -2941 144.841 1021
v -2941 144.896 1019
v -2941 144.84 1017
v -2941 144.677 1015
v -2941 144.412 1013
v -2941 144.05 1011
v -2941 143.599 1009
v -2941 143.067 1007
v -2941 142.462 1005
v -2941 141.795 1003
v -2941 141.076 1001
v -2941 140.318 999
v -2941 139.533 997
v -2941 138.735 995
v -2939 124.762 1057
v -2939 128 1055
v -2939 128 1053
v -2939 130.655 1051
v -2939 132.14 1049
v -2939 133.33 1047
v -2939 135.213 1045
v -2939 136.546 1043
v -2939 137.8 1041
v -2939 138.966 1039
v -2939 140.037 1037
v -2939 141.007 1035
v -2939 141.872 1033
v -2939 142.628 1031
v -2939 143.271 1029
v -2939 143.799 1027
v -2939 144.212 1025
v -2939 144.509 1023
v -2939 144.691 1021
v -2939 144.761 1019
v -2939 144.721 1017
v -2939 144.575 1015
v -2939 144.328 1013
v -2939 143.986 1011
v -2939 143.555 1009
v -2939 143.044 1007
v -2939 142.462 1005
v -2939 141.817 1003
v -2939 141.122 1001
v -2939 140.387 999
v -2939 139.626 997
v -2939 138.851 995
v -2937 124.839 1057
v -2937 128 1055
v -2937 128.148 1053
v -2937 131.634 1051
v -2937 132.051 1049
v -2937 133.243 1047
v -2937 134.898 1045
v -2937 136.228 1043
v -2937 137.482 1041
v -2937 138.648 1039
v -2937 139.722 1037
v -2937 140.697 1035
v -2937 141.568 1033
v -2937 142.331 1031
v -2937 142.983 1029
v -2937 143.523 1027
v -2937 143.949 1025
v -2937 144.261 1023
v -2937 144.46 1021
v -2937 144.549 1019
v -2937 144.529 1017
v -2937 144.404 1015
v -2937 144.181 1013
v -2937 143.863 1011
v -2937 143.458 1009
v -2937 142.974 1007
v -2937 142.42 1005
v -2937 141.804 1003
v -2937 141.138 1001
v -2937 140.433 999
v -2937 139.701 997
v -2937 138.957 995
v -2935 124.916 1057
v -2935 128 1055
v -2935 128 1053
v -2935 131.29 1051
v -2935 132.378 1049
v -2935 133.801 1047
v -2935 134.764 1045
v -2935 135.825 1043
v -2935 137.077 1041
v -2935 138.244 1039
v -2935 139.32 1037
v -2935 140.299 1035
v -2935 141.177 1033
v -2935 141.949 1031
v -2935 142.612 1029
v -2935 143.165 1027
v -2935 143.606 1025
v -2935 143.936 1023
v -2935 144.155 1021
v -2935 144.265 1019
v -2935 144.268 1017
v -2935 144.17 1015
v -2935 143.973 1013
v -2935 143.685 1011
v -2935 143.311 1009
v -2935 142.859 1007
v -2935 142.338 1005
v -2935 141.756 1003
v -2935 141.125 1001
v -2935 140.455 999
v -2935 139.76 997
v -2935 139.051 995
v -2933 125.028 1057
v -2933 128.007 1055
v -2933 128 1053
v -2933 129.655 1051
v -2933 130.768 1049
v -2933 132.877 1047
v -2933 133.936 1045
v -2933 135.345 1043
v -2933 136.595 1041
v -2933 137.762 1039
v -2933 138.84 1037
v -2933 139.824 1035
v -2933 140.708 1033
v -2933 141.489 1031
v -2933 142.164 1029
v -2933 142.732 1027
v -2933 143.19 1025
v -2933 143.539 1023
v -2933 143.78 1021
v -2933 143.915 1019
v -2933 143.945 1017
v -2933 143.876 1015
v -2933 143.711 1013
v -2933 143.456 1011
v -2933 143.117 1009
v -2933 142.701 1007
v -2933 142.218 1005
v -2933 141.676 1003
v -2933 141.084 1001
v -2933 140.455 999
v -2933 139.801 997
v -2933 139.133 995
v -2931 124.766 1057
v -2931 126.729 1055
v -2931 128 1053
v -2931 128 1051
v -2931 128.726 1049
v -2931 132.035 1047
v -2931 132.989 1045
v -2931 134.753 1043
v -2931 136.045 1041
v -2931 137.211 1039
v -2931 138.29 1037
v -2931 139.278 1035
v -2931 140.169 1033
v -2931 140.96 1031
v -2931 141.648 1029
v -2931 142.231 1027
v -2931 142.707 1025
v -2931 143.078 1023
v -2931 143.343 1021
v -2931 143.504 1019
v -2931 143.565 1017
v -2931 143.527 1015
v -2931 143.397 1013
v -2931 143.178 1011
v -2931 142.878 1009
v -2931 142.504 1007
v -2931 142.062 1005
v -2931 141.564 1003
v -2931 141.017 1001
v -2931 140.433 999
v -2931 139.825 997
v -2931 139.203 995
v -2929 124.064 1057
v -2929 125.134 1055
v -2929 127.231 1053
v -2929 128 1051
v -2929 128 1049
v -2929 130.946 1047
v -2929 132.577 1045
v -2929 133.976 1043
v -2929 135.437 1041
v -2929 136.6 1039
v -2929 137.68 1037
v -2929 138.671 1035
v -2929 139.569 1033
v -2929 140.37 1031
v -2929 141.07 1029
v -2929 141.669 1027
v -2929 142.165 1025
v -2929 142.558 1023
v -2929 142.849 1021
v -2929 143.039 1019
v -2929 143.131 1017
v -2929 143.129 1015
v -2929 143.035 1013
v -2929 142.857 1011
v -2929 142.599 1009
v -2929 142.268 1007
v -2929 141.873 1005
v -2929 141.422 1003
v -2929 140.924 1001
v -2929 140.39 999
v -2929 139.831 997
v -2929 139.26 995
v -2927 123.518 1057
v -2927 124.885 1055
v -2927 125.741 1053
v -2927 128 1051
v -2927 128 1049
v -2927 131.77 1047
v -2927 132.464 1045
v -2927 133.424 1043
v -2927 134.763 1041
v -2927 135.938 1039
v -2927 137.018 1037
v -2927 138.011 1035
v -2927 138.915 1033
v -2927 139.725 1031
v -2927 140.439 1029
v -2927 141.054 1027
v -2927 141.57 1025
v -2927 141.986 1023
v -2927 142.304 1021
v -2927 142.525 1019
v -2927 142.65 1017
v -2927 142.684 1015
v -2927 142.631 1013
v -2927 142.494 1011
v -2927 142.281 1009
v -2927 141.998 1007
v -2927 141.652 1005
v -2927 141.252 1003
v -2927 140.806 1001
v -2927 140.326 999
v -2927 139.821 997
v -2927 139.303 995
v -2925 122.948 1057
v -2925 124.453 1055
v -2925 125.447 1053
v -2925 128 1051
v -2925 130.104 1049
v -2925 132 1047
v -2925 132.445 1045
v -2925 133.167 1043
v -2925 134.129 1041
v -2925 135.233 1039
v -2925 136.311 1037
v -2925 137.306 1035
v -2925 138.215 1033
v -2925 139.034 1031
v -2925 139.76 1029
v -2925 140.391 1027
v -2925 140.928 1025
v -2925 141.368 1023
v -2925 141.714 1021
v -2925 141.965 1019
v -2925 142.126 1017
v -2925 142.198 1015
v -2925 142.186 1013
v -2925 142.095 1011
v -2925 141.929 1009
v -2925 141.696 1007
v -2925 141.402 1005
v -2925 141.055 1003
v -2925 140.665 1001
v -2925 140.241 999
v -2925 139.794 997
v -2925 139.334 995
v -2923 122.362 1057
v -2923 123.827 1055
v -2923 125.131 1053
v -2923 128.118 1051
v -2923 130.746 1049
v -2923 132 1047
v -2923 133.698 1045
v -2923 134.238 1043
v -2923 134.367 1041
v -2923 134.649 1039
v -2923 135.568 1037
v -2923 136.563 1035
v -2923 137.476 1033
v -2923 138.303 1031
v -2923 139.041 1029
v -2923 139.689 1027
v -2923 140.245 1025
v -2923 140.71 1023
v -2923 141.083 1021
v -2923 141.367 1019
v -2923 141.564 1017
v -2923 141.676 1015
v -2923 141.707 1013
v -2923 141.661 1011
v -2923 141.545 1009
v -2923 141.364 1007
v -2923 141.124 1005
v -2923 140.834 1003
v -2923 140.502 1001
v -2923 140.137 999
v -2923 139.75 997
v -2923 139.351 995
v -2921 121.768 1057
v -2921 123.207 1055
v -2921 124.647 1053
v -2921 127.311 1051
v -2921 129.138 1049
v -2921 132 1047
v -2921 134.295 1045
v -2921 135.774 1043
v -2921 135.339 1041
v -2921 134.583 1039
v -2921 134.859 1037
v -2921 135.79 1035
v -2921 136.706 1033
v -2921 137.539 1031
v -2921 138.289 1029
v -2921 138.952 1027
v -2921 139.528 1025
v -2921 140.017 1023
v -2921 140.419 1021
v -2921 140.735 1019
v -2921 140.968 1017
v -2921 141.12 1015
v -2921 141.195 1013
v -2921 141.198 1011
v -2921 141.132 1009
v -2921 141.004 1007
v -2921 140.821 1005
v -2921 140.59 1003
v -2921 140.318 1001
v -2921 140.015 999
v -2921 139.69 997
v -2921 139.354 995
v -2919 121.175 1057
v -2919 122.585 1055
v -2919 123.991 1053
v -2919 125.186 1051
v -2919 128.125 1049
v -2919 132 1047
v -2919 132 1045
v -2919 134.874 1043
v -2919 135.347 1041
v -2919 134.681 1039
v -2919 134.5 1037
v -2919 134.996 1035
v -2919 135.91 1033
v -2919 136.75 1031
v -2919 137.509 1029
v -2919 138.187 1027
v -2919 138.782 1025
v -2919 139.295 1023
v -2919 139.725 1021
v -2919 140.074 1019
v -2919 140.344 1017
v -2919 140.537 1015
v -2919 140.657 1013
v -2919 140.707 1011
v -2919 140.693 1009
v -2919 140.621 1007
v -2919 140.495 1005
v -2919 140.324 1003
v -2919 140.115 1001
v -2919 139.875 999
v -2919 139.615 997
v -2919 139.344 995
v -2917 120.589 1057
v -2917 121.968 1055
v -2917 123.344 1053
v -2917 124.75 1051
v -2917 127.532 1049
v -2917 128.808 1047
v -2917 132 1045
v -2917 132 1043
v -2917 133.068 1041
v -2917 134.157 1039
v -2917 134.443 1037
v -2917 134.71 1035
v -2917 135.097 1033
v -2917 135.941 1031
v -2917 136.71 1029
v -2917 137.401 1027
v -2917 138.014 1025
v -2917 138.55 1023
v -2917 139.007 1021
v -2917 139.389 1019
v -2917 139.695 1017
v -2917 139.929 1015
v -2917 140.094 1013
v -2917 140.194 1011
v -2917 140.232 1009
v -2917 140.215 1007
v -2917 140.149 1005
v -2917 140.039 1003
v -2917 139.893 1001
v -2917 139.719 999
v -2917 139.525 997
v -2917 139.321 995
v -2915 120.018 1057
v -2915 121.364 1055
v -2915 122.707 1053
v -2915 124.038 1051
v -2915 125.471 1049
v -2915 128.194 1047
v -2915 129.656 1045
v -2915 132 1043
v -2915 132 1041
v -2915 133.254 1039
v -2915 134.527 1037
v -2915 134.886 1035
v -2915 134.947 1033
v -2915 135.12 1031
v -2915 135.895 1029
v -2915 136.599 1027
v -2915 137.23 1025
v -2915 137.787 1023
v -2915 138.271 1021
v -2915 138.684 1019
v -2915 139.027 1017
v -2915 139.301 1015
v -2915 139.511 1013
v -2915 139.66 1011
v -2915 139.752 1009
v -2915 139.791 1007
v -2915 139.784 1005
v -2915 139.736 1003
v -2915 139.655 1001
v -2915 139.547 999
v -2915 139.421 997
v -2915 139.285 995
v -2913 119.469 1057
v -2913 120.779 1055
v -2913 122.087 1053
v -2913 123.384 1051
v -2913 124.846 1049
v -2913 127.655 1047
v -2913 128.136 1045
v -2913 130.426 1043
v -2913 132 1041
v -2913 132.482 1039
v -2913 134.595 1037
v -2913 135.119 1035
v -2913 134.918 1033
v -2913 134.743 1031
v -2913 135.073 1029
v -2913 135.787 1027
v -2913 136.433 1025
v -2913 137.011 1023
v -2913 137.522 1021
v -2913 137.965 1019
v -2913 138.343 1017
v -2913 138.658 1015
v -2913 138.912 1013
v -2913 139.11 1011
v -2913 139.254 1009
v -2913 139.35 1007
v -2913 139.403 1005
v -2913 139.418 1003
v -2913 139.401 1001
v -2913 139.361 999
v -2913 139.303 997
v -2913 139.237 995
v -2911 118.947 1057
v -2911 120.22 1055
v -2911 121.491 1053
v -2911 122.752 1051
v -2911 123.995 1049
v -2911 125.452 1047
v -2911 128.255 1045
v -2911 129.219 1043
v -2911 131.648 1041
v -2911 132 1039
v -2911 133.759 1037
v -2911 134.457 1035
v -2911 134.039 1033
v -2911 133.723 1031
v -2911 134.304 1029
v -2911 134.981 1027
v -2911 135.631 1025
v -2911 136.229 1023
v -2911 136.763 1021
v -2911 137.236 1019
v -2911 137.649 1017
v -2911 138.003 1015
v -2911 138.301 1013
v -2911 138.547 1011
v -2911 138.744 1009
v -2911 138.896 1007
v -2911 139.008 1005
v -2911 139.085 1003
v -2911 139.134 1001
v -2911 139.161 999
v -2911 139.172 997
v -2911 139.176 995
v -2909 118.458 1057
v -2909 119.692 1055
v -2909 120.924 1053
v -2909 122.147 1051
v -2909 123.354 1049
v -2909 124.762 1047
v -2909 127.104 1045
v -2909 128.105 1043
v -2909 128.293 1041
v -2909 132 1039
v -2909 132 1037
v -2909 132.449 1035
v -2909 132.585 1033
v -2909 132.718 1031
v -2909 133.187 1029
v -2909 134.163 1027
v -2909 134.918 1025
v -2909 135.444 1023
v -2909 136.001 1021
v -2909 136.502 1019
v -2909 136.948 1017
v -2909 137.34 1015
v -2909 137.681 1013
v -2909 137.974 1011
v -2909 138.223 1009
v -2909 138.43 1007
v -2909 138.601 1005
v -2909 138.741 1003
v -2909 138.855 1001
v -2909 138.949 999
v -2909 139.03 997
v -2909 139.104 995
v -2907 118.008 1057
v -2907 119.201 1055
v -2907 120.392 1053
v -2907 121.574 1051
v -2907 122.743 1049
v -2907 123.891 1047
v -2907 125.229 1045
v -2907 126.333 1043
v -2907 128 1041
v -2907 128 1039
v -2907 132 1037
v -2907 132 1035
v -2907 132.159 1033
v -2907 132.237 1031
v -2907 132.535 1029
v -2907 133.336 1027
v -2907 134.453 1025
v -2907 134.943 1023
v -2907 135.24 1021
v -2907 135.767 1019
v -2907 136.244 1017
v -2907 136.673 1015
v -2907 137.056 1013
v -2907 137.395 1011
v -2907 137.694 1009
v -2907 137.956 1007
v -2907 138.186 1005
v -2907 138.388 1003
v -2907 138.566 1001
v -2907 138.727 999
v -2907 138.876 997
v -2907 139.02 995
v -2905 117.603 1057
v -2905 118.752 1055
v -2905 119.9 1053
v -2905 121.04 1051
v -2905 122.168 1049
v -2905 123.278 1047
v -2905 124.424 1045
v -2905 124.835 1043
v -2905 124.587 1041
v -2905 127.706 1039
v -2905 128.088 1037
v -2905 132 1035
v -2905 132 1033
v -2905 132.051 1031
v -2905 132.26 1029
v -2905 132.876 1027
v -2905 133.913 1025
v -2905 134.572 1023
v -2905 134.834 1021
v -2905 135.036 1019
v -2905 135.543 1017
v -2905 136.007 1015
v -2905 136.429 1013
v -2905 136.813 1011
v -2905 137.161 1009
v -2905 137.477 1007
v -2905 137.764 1005
v -2905 138.026 1003
v -2905 138.268 1001
v -2905 138.495 999
v -2905 138.713 997
v -2905 138.926 995
v -2903 117.245 1057
v -2903 118.35 1055
v -2903 119.453 1053
v -2903 120.55 1051
v -2903 121.635 1049
v -2903 122.704 1047
v -2903 123.753 1045
v -2903 124.617 1043
v -2903 124.777 1041
v -2903 125.027 1039
v -2903 128 1037
v -2903 129.108 1035
v -2903 130.317 1033
v -2903 130.899 1031
v -2903 132.05 1029
v -2903 132.422 1027
v -2903 132.937 1025
v -2903 133.306 1023
v -2903 133.71 1021
v -2903 134.358 1019
v -2903 134.889 1017
v -2903 135.344 1015
v -2903 135.805 1013
v -2903 136.232 1011
v -2903 136.628 1009
v -2903 136.995 1007
v -2903 137.338 1005
v -2903 137.659 1003
v -2903 137.964 1001
v -2903 138.256 999
v -2903 138.541 997
v -2903 138.823 995
f 55 54 53
f 56 54 55
f 51 50 49
f 52 50 51
f 43 42 41
f 39 38 37
f 38 39 40
f 35 34 33
f 27 26 25
f 26 27 28
f 3 2 1
f 4 2 3
f 34 35 36
f 23 22 21
f 24 22 23
f 15 14 13
f 16 14 15
f 11 10 9
f 12 10 11
f 71 70 69
f 72 70 71
f 67 66 65
f 68 66 67
f 59 58 57
f 44 42 43
f 60 58 59
f 7 6 5
f 8 6 7
f 63 62 61
f 64 62 63
f 47 46 45
f 48 46 47
f 31 30 29
f 30 31 32
f 19 18 17
f 20 18 19
f 280 279 271
f 271 279 270
f 279 278 270
f 487 486 478
f 488 487 479
f 479 487 478
f 486 485 477
f 478 486 477
f 270 278 269
f 278 277 269
f 479 478 470
f 470 478 469
f 478 477 469
f 654 668 656
f 668 669 656
f 668 677 669
f 676 677 668
f 667 676 668
f 667 668 654
f 477 476 468
f 477 485 476
f 469 477 468
f 713 714 701
f 699 713 701
f 712 713 699
f 713 722 714
f 712 721 713
f 721 722 713
f 480 488 479
f 482 473 481
f 422 421 413
f 422 430 421
f 414 422 413
f 423 422 414
f 431 430 422
f 423 431 422
f 286 285 284
f 287 285 286
f 288 287 286
f 274 273 265
f 272 280 271
f 285 283 284
f 284 283 281
f 471 479 470
f 480 479 471
f 722 723 714
f 721 730 722
f 730 731 722
f 722 731 723
f 421 429 420
f 430 429 421
f 421 420 412
f 413 421 412
f 485 484 476
f 676 685 677
f 677 678 669
f 677 686 678
f 652 654 653
f 653 654 655
f 654 656 655
f 685 686 677
f 652 667 654
f 432 431 423
f 424 432 423
f 415 423 414
f 424 423 415
f 476 475 467
f 476 484 475
f 468 476 467
f 223 231 222
f 223 222 214
f 215 223 214
f 232 231 223
f 224 232 223
f 224 223 215
f 665 667 652
f 665 674 667
f 674 676 667
f 669 678 670
f 656 669 658
f 669 670 658
f 710 719 712
f 697 712 699
f 710 712 697
f 719 721 712
f 701 714 703
f 714 723 715
f 714 715 703
f 336 335 327
f 338 337 329
f 330 329 321
f 328 336 327
f 330 338 329
f 336 344 335
f 698 699 700
f 699 701 700
f 697 699 698
f 494 493 492
f 495 493 494
f 496 495 494
f 338 346 337
f 339 347 338
f 339 338 330
f 347 346 338
f 289 287 288
f 290 289 288
f 497 509 495
f 509 508 495
f 495 508 493
f 497 495 496
f 405 413 404
f 414 413 405
f 413 412 404
f 218 226 217
f 226 225 217
f 218 217 209
f 216 224 215
f 268 269 277
f 276 268 277
f 719 728 721
f 728 730 721
f 731 732 723
f 723 724 715
f 723 732 724
f 492 491 489
f 493 491 492
f 322 330 321
f 331 339 330
f 331 330 322
f 231 230 222
f 222 230 221
f 222 221 213
f 214 222 213
f 493 507 491
f 508 507 493
f 340 339 331
f 340 348 339
f 348 347 339
f 234 233 225
f 226 234 225
f 232 240 231
f 102 101 93
f 94 102 93
f 111 110 102
f 103 111 102
f 103 102 94
f 102 110 101
f 159 167 158
f 168 167 159
f 167 166 158
f 167 175 166
f 168 176 167
f 176 175 167
f 206 214 205
f 214 213 205
f 215 214 206
f 655 656 657
f 656 658 657
f 648 665 652
f 651 652 653
f 648 652 651
f 678 679 670
f 674 683 676
f 683 685 676
f 686 687 678
f 678 687 679
f 296 295 294
f 283 282 281
f 412 420 411
f 412 411 403
f 404 412 403
f 150 158 149
f 159 158 150
f 158 157 149
f 158 166 157
f 440 439 431
f 432 440 431
f 431 439 430
f 166 165 157
f 157 165 156
f 157 156 148
f 149 157 148
f 429 428 420
f 420 419 411
f 420 428 419
f 327 335 334
f 334 335 342
f 344 343 335
f 335 343 342
f 465 466 473
f 466 474 473
f 473 474 481
f 472 480 471
f 262 270 261
f 271 270 262
f 270 269 261
f 94 93 81
f 81 93 79
f 93 101 92
f 93 92 79
f 409 410 417
f 410 418 417
f 417 418 425
f 416 424 415
f 175 174 166
f 166 174 165
f 406 414 405
f 415 414 406
f 696 697 698
f 620 619 618
f 617 615 616
f 618 617 616
f 619 617 618
f 261 269 268
f 346 345 337
f 344 352 343
f 564 563 555
f 556 564 555
f 556 555 547
f 555 563 554
f 555 554 546
f 547 555 546
f 599 597 598
f 235 234 226
f 227 235 226
f 600 599 598
f 601 599 600
f 227 226 218
f 484 483 475
f 475 483 474
f 467 475 466
f 475 474 466
f 418 426 425
f 425 426 433
f 693 710 697
f 693 697 696
f 701 703 702
f 700 701 702
f 557 556 548
f 557 565 556
f 548 556 547
f 565 564 556
f 510 509 497
f 498 497 496
f 499 497 498
f 499 510 497
f 110 109 101
f 101 100 92
f 101 109 100
f 148 156 147
f 148 147 139
f 149 148 140
f 140 148 139
f 79 92 78
f 92 100 91
f 92 91 78
f 430 438 429
f 439 438 430
f 213 221 220
f 212 213 220
f 205 213 212
f 150 149 141
f 141 149 140
f 469 468 460
f 470 469 461
f 461 469 460
f 460 468 459
f 468 467 459
f 207 215 206
f 216 215 207
f 176 168 169
f 564 572 563
f 565 573 564
f 573 572 564
f 111 119 110
f 112 120 111
f 112 111 103
f 120 119 111
f 647 648 651
f 687 688 679
f 566 574 565
f 566 565 557
f 574 573 565
f 81 79 80
f 79 78 77
f 80 79 77
f 240 239 231
f 231 239 230
f 95 103 94
f 104 112 103
f 104 103 95
f 692 693 696
f 732 733 724
f 323 331 322
f 332 331 323
f 332 340 331
f 616 615 614
f 615 613 614
f 621 619 620
f 622 621 620
f 349 348 340
f 341 349 340
f 341 340 332
f 603 601 602
f 602 601 600
f 598 597 596
f 597 595 596
f 507 506 491
f 491 490 489
f 491 506 490
f 518 517 509
f 509 517 508
f 510 518 509
f 504 503 502
f 554 553 545
f 546 554 545
f 554 562 553
f 563 562 554
f 411 419 410
f 403 411 402
f 411 410 402
f 76 75 73
f 75 74 73
f 75 90 74
f 83 94 81
f 95 94 83
f 636 635 634
f 637 635 636
f 635 633 634
f 419 427 418
f 419 418 410
f 428 427 419
f 275 274 266
f 266 274 265
f 219 227 218
f 219 218 210
f 210 218 209
f 483 481 474
f 319 327 326
f 326 327 334
f 328 327 319
f 517 516 508
f 508 516 507
f 291 289 290
f 292 291 290
f 151 159 150
f 160 159 151
f 160 168 159
f 546 545 537
f 547 546 538
f 538 546 537
f 416 415 407
f 407 415 406
f 168 161 169
f 153 161 168
f 160 153 168
f 374 375 383
f 384 383 375
f 382 374 383
f 549 557 548
f 558 566 557
f 558 557 549
f 639 637 638
f 638 637 636
f 633 631 632
f 634 633 632
f 156 164 155
f 156 155 147
f 165 164 156
f 462 470 461
f 471 470 462
f 272 271 263
f 263 271 262
f 110 118 109
f 119 118 110
f 342 343 350
f 343 351 350
f 352 351 343
f 459 467 458
f 467 466 458
f 572 571 563
f 563 571 562
f 104 97 112
f 112 105 120
f 97 105 112
f 220 221 228
f 221 229 228
f 230 229 221
f 548 547 539
f 539 547 538
f 558 559 566
f 559 567 566
f 566 567 574
f 427 426 418
f 347 355 346
f 356 355 347
f 348 356 347
f 130 138 129
f 138 137 129
f 138 146 137
f 140 139 131
f 510 511 518
f 501 511 510
f 499 501 510
f 429 437 428
f 438 437 429
f 295 293 294
f 294 293 291
f 292 294 291
f 322 321 313
f 320 328 319
f 146 154 145
f 146 145 137
f 357 356 348
f 349 357 348
f 502 501 499
f 500 499 498
f 500 502 499
f 165 173 164
f 174 173 165
f 243 242 234
f 235 243 234
f 234 242 233
f 132 140 131
f 141 140 132
f 236 235 227
f 228 227 219
f 228 236 227
f 204 205 212
f 197 205 204
f 206 205 197
f 720 729 719
f 729 728 719
f 720 719 710
f 724 733 725
f 724 725 716
f 715 724 716
f 324 332 323
f 333 332 324
f 333 341 332
f 552 560 551
f 183 181 182
f 182 181 180
f 184 183 182
f 142 150 141
f 151 150 142
f 105 113 120
f 120 113 128
f 120 128 119
f 350 349 341
f 342 350 341
f 342 341 333
f 552 551 543
f 544 552 543
f 73 74 87
f 88 73 87
f 82 81 80
f 83 81 82
f 640 639 638
f 632 631 629
f 631 630 629
f 641 639 640
f 100 99 91
f 90 89 74
f 90 98 89
f 109 108 100
f 100 108 99
f 623 621 622
f 624 623 622
f 613 612 611
f 614 613 611
f 402 410 409
f 560 568 559
f 562 561 553
f 560 559 551
f 181 179 180
f 180 179 177
f 236 244 235
f 244 243 235
f 574 582 573
f 574 575 582
f 567 575 574
f 573 581 572
f 582 581 573
f 287 300 285
f 301 300 287
f 289 301 287
f 334 333 325
f 326 334 325
f 334 342 333
f 507 515 506
f 516 515 507
f 711 710 693
f 711 720 710
f 695 694 692
f 694 693 692
f 658 660 659
f 657 658 659
f 688 689 680
f 679 688 680
f 684 683 674
f 675 684 674
f 675 674 665
f 670 671 660
f 670 679 671
f 649 648 647
f 649 666 648
f 666 665 648
f 666 675 665
f 650 649 647
f 658 670 660
f 679 680 671
f 733 734 725
f 702 703 704
f 715 716 705
f 703 715 705
f 208 216 207
f 210 209 201
f 506 505 490
f 503 501 502
f 503 512 501
f 378 377 369
f 376 384 375
f 355 354 346
f 346 354 345
f 408 416 407
f 401 402 409
f 604 603 602
f 596 595 593
f 595 594 593
f 605 603 604
f 285 299 283
f 300 299 285
f 230 238 229
f 239 238 230
f 540 548 539
f 549 548 540
f 550 551 558
f 551 559 558
f 550 558 549
f 325 333 324
f 391 404 389
f 405 404 391
f 404 403 389
f 472 471 463
f 463 471 462
f 89 97 104
f 96 89 104
f 96 104 95
f 426 434 433
f 128 127 119
f 427 435 426
f 435 434 426
f 694 711 693
f 703 705 704
f 458 466 465
f 571 570 562
f 562 570 561
f 121 129 136
f 129 137 144
f 136 129 144
f 130 129 121
f 518 519 526
f 511 519 518
f 518 526 517
f 253 261 260
f 262 261 253
f 260 261 268
f 437 436 428
f 428 436 427
f 358 357 349
f 350 358 349
f 198 206 197
f 207 206 198
f 318 319 326
f 314 322 313
f 323 322 314
f 137 145 152
f 144 137 152
f 119 127 118
f 645 643 644
f 646 645 644
f 642 641 640
f 643 641 642
f 240 248 239
f 242 241 233
f 403 402 386
f 389 403 386
f 74 89 96
f 87 74 96
f 318 326 317
f 220 219 211
f 220 228 219
f 211 219 210
f 326 325 317
f 85 95 83
f 96 95 85
f 374 382 373
f 382 381 373
f 122 130 121
f 132 131 123
f 526 525 517
f 517 525 516
f 538 537 529
f 536 544 535
f 544 543 535
f 302 301 289
f 291 302 289
f 440 448 439
f 581 580 572
f 572 580 571
f 436 435 427
f 644 643 642
f 568 567 559
f 512 511 501
f 543 551 550
f 109 117 108
f 118 117 109
f 145 153 160
f 152 145 160
f 152 160 151
f 406 405 393
f 393 405 391
f 267 275 266
f 276 275 267
f 164 163 155
f 154 153 145
f 154 162 153
f 128 121 136
f 433 434 441
f 113 121 128
f 122 121 113
f 539 538 530
f 530 538 529
f 142 141 133
f 133 141 132
f 515 514 506
f 506 514 505
f 457 458 465
f 464 472 463
f 264 272 263
f 266 265 257
f 628 627 626
f 627 625 626
f 626 625 624
f 625 623 624
f 570 569 561
f 568 576 567
f 352 360 351
f 354 353 345
f 283 298 282
f 299 298 283
f 576 575 567
f 228 229 236
f 184 186 183
f 244 252 243
f 252 251 243
f 243 251 242
f 542 543 550
f 535 543 542
f 268 276 267
f 238 237 229
f 448 447 439
f 439 447 438
f 460 459 451
f 451 459 450
f 459 458 450
f 229 237 236
f 236 237 244
f 212 220 211
f 541 549 540
f 550 549 541
f 452 460 451
f 461 460 452
f 735 736 727
f 707 709 708
f 706 707 708
f 725 734 726
f 734 735 726
f 704 705 706
f 128 136 127
f 512 520 511
f 520 519 511
f 610 609 608
f 609 607 608
f 606 605 604
f 607 605 606
f 237 245 244
f 244 245 252
f 661 662 663
f 662 664 663
f 690 691 682
f 659 660 661
f 680 689 681
f 689 690 681
f 204 212 203
f 212 211 203
f 386 402 401
f 315 323 314
f 324 323 315
f 143 151 142
f 152 151 143
f 350 351 358
f 186 185 183
f 183 196 181
f 183 185 196
f 202 210 201
f 211 210 202
f 268 267 259
f 260 268 259
f 590 582 591
f 582 583 591
f 575 583 582
f 582 590 581
f 254 262 253
f 263 262 254
f 98 106 97
f 98 97 89
f 108 107 99
f 317 325 316
f 325 324 316
f 252 260 251
f 252 253 260
f 245 253 252
f 196 197 204
f 196 204 195
f 204 203 195
f 370 378 369
f 379 378 370
f 185 197 196
f 196 195 181
f 260 259 251
f 164 172 163
f 173 172 164
f 514 513 505
f 525 524 516
f 516 524 515
f 356 364 355
f 357 365 356
f 365 364 356
f 192 191 190
f 179 178 177
f 726 735 727
f 726 727 718
f 716 725 717
f 725 726 717
f 358 366 357
f 366 365 357
f 318 317 309
f 310 318 309
f 311 319 318
f 310 311 318
f 584 583 575
f 576 584 575
f 181 195 179
f 84 83 82
f 85 83 84
f 536 535 527
f 534 535 542
f 527 535 534
f 320 319 311
f 580 579 571
f 571 579 570
f 114 122 113
f 114 113 105
f 542 550 541
f 395 406 393
f 407 406 395
f 316 324 315
f 705 707 706
f 528 527 519
f 519 527 526
f 520 528 519
f 531 539 530
f 540 539 531
f 443 442 434
f 434 442 441
f 435 443 434
f 291 293 302
f 208 207 199
f 199 207 198
f 608 607 606
f 351 359 358
f 360 359 351
f 450 458 457
f 660 662 661
f 681 690 682
f 526 534 525
f 526 527 534
f 87 96 85
f 198 197 185
f 528 536 527
f 203 211 202
f 592 591 583
f 239 247 238
f 248 247 239
f 118 126 117
f 127 126 118
f 124 132 123
f 133 132 124
f 162 161 153
f 462 461 453
f 453 461 452
f 672 673 664
f 662 672 664
f 681 682 673
f 671 680 672
f 660 671 662
f 680 681 672
f 530 529 521
f 310 309 301
f 301 309 300
f 302 310 301
f 381 380 372
f 373 381 372
f 584 592 583
f 242 250 241
f 251 250 242
f 366 374 365
f 366 367 374
f 374 373 365
f 367 375 374
f 438 446 437
f 447 446 438
f 106 105 97
f 717 718 709
f 707 717 709
f 705 716 707
f 170 169 161
f 117 116 108
f 108 116 107
f 364 363 355
f 355 363 354
f 295 304 293
f 298 297 282
f 309 308 300
f 300 308 299
f 124 123 115
f 106 114 105
f 581 589 580
f 590 589 581
f 717 726 718
f 578 577 569
f 570 578 569
f 258 266 257
f 267 266 258
f 358 359 366
f 579 578 570
f 144 152 143
f 251 259 250
f 524 523 515
f 515 523 514
f 716 717 707
f 162 170 161
f 302 303 310
f 303 311 310
f 134 142 133
f 143 142 134
f 259 267 258
f 309 317 308
f 317 316 308
f 293 303 302
f 314 313 305
f 312 320 311
f 408 407 397
f 397 407 395
f 359 367 366
f 371 379 370
f 380 379 371
f 672 681 673
f 671 672 662
f 254 253 245
f 365 373 364
f 514 522 513
f 522 521 513
f 172 171 163
f 376 375 367
f 195 203 194
f 195 194 179
f 541 540 532
f 532 540 531
f 586 585 577
f 136 135 127
f 436 444 435
f 444 443 435
f 391 389 390
f 390 389 387
f 389 386 387
f 127 135 126
f 534 533 525
f 525 533 524
f 385 386 401
f 399 408 397
f 372 380 371
f 522 530 521
f 116 115 107
f 203 202 194
f 531 530 522
f 255 263 254
f 264 263 255
f 304 303 293
f 523 522 514
f 259 258 250
f 542 541 533
f 534 542 533
f 387 386 385
f 463 462 454
f 454 462 453
f 373 372 364
f 443 451 442
f 451 450 442
f 136 144 135
f 442 450 449
f 441 442 449
f 437 445 436
f 446 445 437
f 449 450 457
f 179 194 178
f 308 307 299
f 299 307 298
f 452 451 443
f 202 201 193
f 200 208 199
f 86 85 84
f 87 85 86
f 247 246 238
f 238 246 237
f 578 586 577
f 363 362 354
f 354 362 353
f 533 541 532
f 116 124 115
f 445 444 436
f 144 143 135
f 448 456 447
f 364 372 363
f 187 198 185
f 199 198 187
f 126 125 117
f 117 125 116
f 88 87 86
f 580 588 579
f 589 588 580
f 308 316 307
f 316 315 307
f 392 391 390
f 393 391 392
f 135 143 134
f 246 245 237
f 315 314 306
f 306 314 305
f 134 133 125
f 125 133 124
f 248 256 247
f 250 249 241
f 194 202 193
f 456 464 455
f 464 463 455
f 455 463 454
f 191 189 190
f 190 189 188
f 533 532 524
f 524 532 523
f 523 531 522
f 125 124 116
f 444 452 443
f 532 531 523
f 388 387 385
f 307 315 306
f 370 369 361
f 368 376 367
f 312 311 303
f 453 452 444
f 250 258 249
f 362 361 353
f 360 368 359
f 258 257 249
f 256 264 255
f 246 254 245
f 368 367 359
f 307 306 298
f 298 306 297
f 579 587 578
f 587 586 578
f 135 134 126
f 255 254 246
f 187 185 186
f 372 371 363
f 126 134 125
f 588 587 579
f 194 193 178
f 447 455 446
f 456 455 447
f 363 371 362
f 304 312 303
f 306 305 297
f 395 393 394
f 394 393 392
f 189 199 187
f 200 199 189
f 256 255 247
f 247 255 246
f 362 370 361
f 371 370 362
f 191 200 189
f 445 453 444
f 188 187 186
f 454 453 445
f 399 397 398
f 400 399 398
f 189 187 188
f 446 454 445
f 455 454 446
f 397 395 396
f 396 395 394
f 398 397 396
f 837 847 853
f 836 837 853
f 836 853 857
f 857 853 847
f 837 852 847
f 851 857 847
f 848 851 847
f 856 855 854
f 849 848 847
f 849 847 850
f 895 855 856
f 850 865 849
f 850 908 865
f 908 850 907
f 851 875 857
f 856 834 885
f 837 836 835
f 834 833 885
f 833 834 832
f 851 848 869
f 869 876 851
f 851 876 875
f 848 849 862
f 862 869 848
f 856 894 895
f 856 888 894
f 888 856 885
f 784 782 741
f 784 783 782
f 741 740 784
f 741 738 740
f 863 849 864
f 862 849 863
f 819 746 747
f 746 819 739
f 740 739 819
f 819 747 740
f 739 740 738
f 740 747 829
f 829 784 740
f 790 786 784
f 784 785 783
f 784 786 785
f 784 829 772
f 828 784 772
f 784 828 790
f 818 739 817
f 737 817 739
f 739 738 737
f 818 746 739
f 774 771 776
f 773 772 771
f 770 775 769
f 772 747 771
f 751 771 747
f 753 768 750
f 773 771 774
f 753 770 769
f 750 768 749
f 829 747 772
f 746 743 747
f 751 747 743
f 772 773 780
f 780 773 781
f 898 900 905
f 905 900 906
f 828 772 827
f 780 827 772
f 833 832 831
f 863 864 901
f 742 746 818
f 742 743 746
f 898 897 899
f 900 898 899
f 898 896 897
f 806 811 805
f 824 811 806
f 770 809 775
f 780 781 814
f 750 749 748
f 817 742 818
f 869 877 876
f 863 868 862
f 868 869 862
f 744 745 743
f 744 743 742
f 831 838 833
f 838 885 833
f 863 866 868
f 901 867 863
f 867 866 863
f 814 813 780
f 780 813 815
f 830 780 815
f 830 827 780
f 817 737 820
f 827 790 828
f 831 839 838
f 810 809 770
f 807 806 805
f 889 896 883
f 889 897 896
f 807 808 806
f 753 750 752
f 777 770 753
f 810 770 777
f 807 812 808
f 807 799 812
f 798 799 807
f 816 815 813
f 888 885 886
f 884 883 882
f 889 883 884
f 892 887 885
f 887 886 885
f 892 885 844
f 844 885 840
f 840 885 838
f 753 752 754
f 755 756 744
f 777 753 754
f 742 755 744
f 822 742 817
f 742 766 765
f 742 822 766
f 742 765 755
f 867 868 866
f 902 868 867
f 878 877 869
f 869 873 878
f 869 872 873
f 868 872 869
f 821 817 820
f 822 817 821
f 799 798 763
f 798 800 763
f 838 839 840
f 840 839 841
f 755 801 756
f 802 812 799
f 826 815 816
f 812 802 825
f 827 796 790
f 830 796 827
f 826 830 815
f 799 763 764
f 799 803 802
f 799 764 803
f 890 889 884
f 889 890 893
f 893 897 889
f 871 868 861
f 868 871 872
f 868 902 861
f 902 903 861
f 893 903 897
f 843 841 904
f 841 843 840
f 830 778 796
f 778 830 826
f 763 762 761
f 763 761 764
f 796 794 790
f 790 794 791
f 790 791 788
f 790 788 786
f 890 884 891
f 872 870 873
f 872 871 870
f 823 787 795
f 793 787 823
f 846 844 842
f 844 846 892
f 840 842 844
f 821 766 822
f 804 779 778
f 778 826 804
f 840 843 842
f 779 760 759
f 779 759 778
f 797 796 778
f 796 797 794
f 893 861 903
f 860 861 893
f 860 858 861
f 859 871 861
f 859 861 858
f 791 794 792
f 791 792 788
f 904 881 843
f 871 859 870
f 759 760 758
f 881 845 843
f 881 880 845
f 893 890 860
f 767 757 758
f 759 758 757
f 874 845 880
f 879 874 880
f 879 878 874
f 873 874 878
f 792 787 788
f 789 788 787
f 873 870 874
f 874 870 859
f 778 759 757
f 778 757 797
f 767 795 757
f 843 845 842
f 860 890 891
f 860 891 846
f 795 787 794
f 795 794 757
f 845 860 846
f 846 842 845
f 845 874 859
f 845 859 858
f 797 757 794
f 845 858 860
f 792 794 787
f 793 789 787
f 920 919 917
f 921 920 917
f 931 930 925
f 930 929 925
f 914 913 909
f 915 914 909
f 932 931 925
f 919 918 917
f 922 921 917
f 929 928 925
f 913 912 909
f 916 915 909
f 939 938 933
f 938 937 933
f 937 936 933
f 940 939 933
f 936 935 933
f 928 927 925
f 923 922 917
f 912 911 909
f 935 934 933
f 927 926 925
f 924 923 917
f 911 910 909
f 996 995 993
f 995 994 993
f 968 967 965
f 967 966 965
f 976 975 973
f 975 974 973
f 947 946 945
f 948 947 945
f 972 971 969
f 971 970 969
f 988 987 985
f 987 986 985
f 979 978 977
f 980 979 977
f 992 991 989
f 991 990 989
f 984 983 981
f 983 982 981
f 943 942 941
f 944 943 941
f 951 950 949
f 952 951 949
f 955 954 953
f 956 955 953
f 959 958 957
f 960 959 957
f 964 963 961
f 963 962 961
f 1104 1103 1102
f 1105 1104 1102
f 1099 1098 1097
f 1099 1106 1098
f 1206 1196 1197
f 1197 1196 1195
f 1203 1202 1200
f 1202 1201 1200
f 1125 1124 1122
f 1124 1123 1122
f 1119 1118 1117
f 1119 1126 1118
f 1226 1216 1217
f 1217 1216 1215
f 1223 1222 1220
f 1222 1221 1220
f 1206 1205 1196
f 1107 1106 1099
f 1108 1107 1099
f 1205 1204 1196
f 1085 1084 1083
f 1086 1085 1083
f 1077 1076 1075
f 1176 1175 1173
f 1184 1183 1181
f 1183 1182 1181
f 1078 1077 1075
f 1175 1174 1173
f 1067 1064 1065
f 1065 1064 1063
f 1057 1056 1055
f 1058 1056 1057
f 1155 1156 1154
f 1155 1154 1153
f 1163 1162 1161
f 1163 1165 1162
f 1089 1077 1078
f 1175 1188 1174
f 1226 1225 1216
f 1127 1126 1119
f 1225 1224 1216
f 1128 1127 1119
f 1072 1085 1086
f 1071 1072 1086
f 1171 1169 1182
f 1183 1171 1182
f 1052 1054 1067
f 1054 1066 1067
f 1064 1067 1066
f 1165 1163 1164
f 1164 1152 1165
f 1152 1151 1165
f 1044 1043 1042
f 1045 1044 1042
f 1049 1044 1045
f 1048 1049 1045
f 1148 1146 1141
f 1142 1148 1141
f 1142 1141 1140
f 1143 1142 1140
f 1090 1089 1078
f 1188 1187 1174
f 1039 1038 1036
f 1038 1037 1036
f 1137 1136 1134
f 1136 1135 1134
f 1092 1089 1090
f 1188 1190 1187
f 1050 1049 1048
f 1129 1124 1125
f 1130 1129 1125
f 1148 1147 1146
f 1222 1228 1221
f 1228 1227 1221
f 1110 1109 1105
f 1109 1104 1105
f 1208 1207 1201
f 1202 1208 1201
f 1033 1050 1048
f 1147 1131 1146
f 1190 1189 1187
f 1091 1092 1090
f 1068 1058 1057
f 1156 1166 1154
f 1168 1166 1156
f 1068 1069 1058
f 1073 1072 1071
f 1171 1170 1169
f 1136 1145 1135
f 1046 1038 1039
f 1172 1170 1171
f 1073 1074 1072
f 1114 1129 1130
f 1228 1214 1227
f 1018 1017 1015
f 1032 1031 1028
f 1029 1032 1028
f 1029 1028 1027
f 1030 1029 1027
f 1023 1022 1021
f 1024 1023 1021
f 1020 1019 1016
f 1017 1020 1016
f 1017 1016 1015
f 1023 1026 1022
f 1026 1025 1022
f 1005 1004 1003
f 1006 1005 1003
f 1007 1005 1006
f 1014 1013 1012
f 1013 1011 1012
f 1008 1007 1006
f 999 998 997
f 1012 1011 1009
f 1011 1010 1009
f 1000 999 997
f 1001 999 1000
f 1002 1001 1000
f 1208 1194 1207
f 1093 1094 1110
f 1094 1109 1110
f 1194 1191 1207
f 1133 1132 1131
f 1147 1133 1131
f 1035 1034 1033
f 1034 1050 1033
f 1113 1114 1130
f 1214 1211 1227
f 1145 1144 1135
f 1047 1046 1039
f 1152 1150 1151
f 1053 1054 1052
f 1151 1150 1149
f 1053 1052 1051
f 1168 1167 1166
f 1070 1069 1068
f 1205 1210 1204
f 1210 1209 1204
f 1112 1111 1108
f 1111 1107 1108
f 1144 1145 1138
f 1046 1047 1041
f 1190 1186 1189
f 1168 1157 1167
f 1088 1092 1091
f 1059 1069 1070
f 1214 1213 1211
f 1115 1114 1113
f 1139 1144 1138
f 1047 1040 1041
f 1186 1185 1189
f 1087 1088 1091
f 1167 1157 1158
f 1059 1070 1061
f 1213 1212 1211
f 1116 1115 1113
f 1194 1193 1191
f 1193 1192 1191
f 1096 1095 1093
f 1095 1094 1093
f 1133 1139 1132
f 1186 1178 1185
f 1082 1088 1087
f 1139 1138 1132
f 1040 1034 1035
f 1041 1040 1035
f 1179 1178 1177
f 1180 1179 1177
f 1178 1179 1185
f 1081 1080 1079
f 1082 1081 1079
f 1081 1082 1087
f 1159 1158 1157
f 1160 1158 1159
f 1061 1062 1060
f 1061 1060 1059
f 1225 1219 1224
f 1219 1218 1224
f 1121 1127 1128
f 1120 1121 1128
f 1218 1212 1213
f 1116 1120 1115
f 1193 1199 1192
f 1100 1095 1096
f 1172 1180 1170
f 1080 1074 1073
f 1219 1212 1218
f 1116 1121 1120
f 1150 1160 1149
f 1062 1053 1051
f 1210 1198 1209
f 1101 1111 1112
f 1149 1160 1159
f 1180 1177 1170
f 1198 1199 1209
f 1062 1051 1060
f 1079 1080 1073
f 1100 1101 1112
f 1199 1198 1192
f 1101 1100 1096
f 1953 1954 1952
f 1953 1952 1951
f 1953 1956 1955
f 1953 1955 1954
f 1947 1948 1946
f 1947 1949 1948
f 1947 1950 1949
f 1947 1946 1945
f 1965 1968 1967
f 1965 1967 1966
f 1965 1966 1964
f 1965 1964 1963
f 2075 2069 2070
f 2071 2070 2069
f 2061 2085 2062
f 2062 2085 2084
f 2084 2085 2058
f 2062 2060 2061
f 2073 2074 2079
f 2074 2092 2079
f 2078 2079 2092
f 2080 2079 2078
f 2080 2081 2079
f 2052 2041 2051
f 1987 1986 1985
f 1985 1991 1987
f 2001 1976 1978
f 2001 1978 2000
f 1974 2001 2000
f 2061 2060 2059
f 2057 2058 2053
f 2114 2122 2121
f 2121 2116 2114
f 2125 2136 2135
f 2108 2107 2106
f 2076 2069 2075
f 2091 2071 2069
f 2084 2058 2057
f 2089 2071 2088
f 2090 2071 2089
f 2071 2091 2088
f 2106 2107 2105
f 1974 2000 1973
f 1974 1973 1972
f 1986 2006 2005
f 1986 2005 2004
f 2007 1986 2004
f 1986 2007 1985
f 1959 1960 1958
f 1961 1960 1959
f 1961 1962 1960
f 2119 2112 2113
f 2133 2112 2119
f 2117 2133 2119
f 2125 2135 2124
f 2119 2118 2117
f 2119 2120 2118
f 2110 2125 2124
f 2116 2115 2114
f 2040 2041 2026
f 2051 2041 2040
f 2031 2038 2030
f 2032 2031 2030
f 2134 2115 2128
f 2095 2110 2109
f 2114 2115 2134
f 2110 2124 2109
f 2129 2115 2130
f 2115 2129 2128
f 1996 1997 1995
f 1996 1995 1994
f 1989 1990 1996
f 2008 1989 1996
f 1996 1994 2008
f 1977 1978 1976
f 1977 1976 1975
f 2032 2030 2050
f 2032 2050 2045
f 2026 2014 2025
f 2045 2044 2032
f 2040 2026 2025
f 2039 2037 2038
f 2038 2037 2030
f 2023 2021 2022
f 2023 2024 2021
f 1992 1991 1985
f 1992 1993 1991
f 2035 2034 2033
f 2049 2033 2034
f 2029 2049 2034
f 2035 2036 2034
f 2029 2034 2028
f 2074 2073 2072
f 2057 2053 2054
f 2055 2054 2053
f 1990 1989 1988
f 1972 1973 1970
f 1972 1970 1971
f 2113 2112 2111
f 2029 2028 2027
f 2097 2096 2095
f 2095 2109 2097
f 2045 2046 2044
f 2014 2012 2013
f 2025 2014 2013
f 2076 2077 2069
f 2060 2064 2059
f 2059 2064 2063
f 1980 1977 1975
f 1980 1975 1979
f 1959 1958 1957
f 2101 2105 2103
f 2114 2123 2122
f 2106 2105 2101
f 2017 2022 2021
f 2018 2022 2017
f 2086 2074 2072
f 2112 2131 2111
f 2067 2056 2055
f 2056 2054 2055
f 1971 1970 1969
f 2003 1988 2002
f 1969 1983 1971
f 2002 1988 1989
f 2047 2029 2027
f 2098 2096 2097
f 2098 2099 2096
f 2074 2086 2087
f 2015 2011 2012
f 2013 2012 2011
f 2112 2132 2131
f 2048 2029 2047
f 2068 2056 2067
f 2082 2068 2067
f 2100 2126 2099
f 2100 2099 2098
f 1984 1998 1983
f 1969 1984 1983
f 2042 2016 2015
f 2015 2016 2011
f 2103 2104 2102
f 2103 2102 2101
f 2019 2018 2017
f 2020 2018 2019
f 2065 2063 2064
f 2065 2066 2063
f 1979 1981 1980
f 1982 1981 1979
f 2127 2104 2126
f 2100 2127 2126
f 2020 2043 2042
f 2042 2043 2016
f 2093 2083 2082
f 2082 2083 2068
f 1984 1999 1998
f 1999 2009 1998
f 1999 2010 2009
f 2019 2043 2020
f 2127 2102 2104
f 2094 2083 2093
f 2145 2144 2143
f 2146 2144 2145
f 2147 2144 2146
f 2148 2144 2147
f 2265 2242 2264
f 2251 2250 2249
f 2265 2240 2242
f 2265 2264 2238
f 2249 2255 2251
f 2261 2259 2260
f 2260 2259 2258
f 2258 2253 2260
f 2253 2254 2260
f 2241 2242 2240
f 2157 2181 2158
f 2158 2181 2180
f 2181 2154 2180
f 2167 2166 2165
f 2172 2165 2166
f 2241 2240 2239
f 2249 2256 2255
f 2238 2264 2237
f 2238 2237 2233
f 2249 2250 2268
f 2250 2269 2268
f 2250 2270 2269
f 2283 2282 2281
f 2283 2284 2282
f 2292 2291 2290
f 2299 2286 2298
f 2296 2290 2291
f 2153 2154 2152
f 2167 2187 2184
f 2180 2154 2153
f 2185 2167 2184
f 2186 2167 2185
f 2187 2167 2165
f 2140 2138 2139
f 2140 2141 2138
f 2142 2141 2140
f 2289 2307 2288
f 2307 2293 2288
f 2298 2286 2285
f 2289 2288 2287
f 2295 2288 2294
f 2294 2288 2293
f 2221 2220 2206
f 2221 2231 2220
f 2221 2232 2231
f 2212 2211 2210
f 2217 2212 2210
f 2292 2290 2308
f 2292 2308 2302
f 2303 2292 2302
f 2286 2271 2285
f 2292 2303 2304
f 2158 2156 2157
f 2177 2175 2176
f 2176 2175 2174
f 2169 2170 2175
f 2170 2188 2175
f 2174 2175 2188
f 2172 2171 2165
f 2173 2171 2172
f 2157 2156 2155
f 2210 2211 2230
f 2230 2211 2224
f 2225 2224 2211
f 2194 2206 2205
f 2206 2220 2205
f 2218 2217 2210
f 2218 2219 2217
f 2201 2203 2202
f 2204 2203 2201
f 2216 2214 2215
f 2229 2208 2215
f 2215 2208 2209
f 2215 2214 2213
f 2213 2229 2215
f 2254 2253 2252
f 2233 2237 2235
f 2235 2234 2233
f 2170 2169 2168
f 2153 2152 2151
f 2151 2152 2150
f 2209 2208 2207
f 2285 2271 2272
f 2273 2272 2271
f 2226 2224 2225
f 2194 2205 2192
f 2193 2194 2192
f 2244 2241 2239
f 2257 2256 2249
f 2244 2239 2243
f 2156 2160 2155
f 2155 2160 2159
f 2139 2138 2137
f 2281 2277 2278
f 2281 2282 2277
f 2297 2290 2296
f 2202 2199 2197
f 2202 2197 2201
f 2253 2266 2252
f 2305 2289 2287
f 2151 2150 2149
f 2168 2183 2182
f 2235 2236 2234
f 2236 2247 2234
f 2163 2149 2150
f 2168 2182 2170
f 2208 2227 2207
f 2275 2274 2273
f 2273 2274 2272
f 2266 2253 2267
f 2193 2192 2191
f 2191 2195 2193
f 2306 2289 2305
f 2208 2228 2227
f 2248 2262 2247
f 2236 2248 2247
f 2275 2276 2274
f 2300 2276 2275
f 2178 2164 2163
f 2164 2149 2163
f 2196 2222 2195
f 2196 2195 2191
f 2280 2278 2279
f 2279 2278 2277
f 2199 2200 2198
f 2199 2198 2197
f 2243 2245 2244
f 2246 2245 2243
f 2161 2162 2159
f 2161 2159 2160
f 2280 2301 2300
f 2301 2276 2300
f 2223 2200 2222
f 2223 2222 2196
f 2189 2179 2178
f 2179 2164 2178
f 2190 2179 2189
f 2263 2262 2248
f 2223 2198 2200
f 2279 2301 2280
f 1630 1657 1656
f 1657 1632 1634
f 1657 1634 1656
f 1633 1634 1632
f 1648 1649 1647
f 1648 1647 1641
f 1633 1632 1631
f 1652 1651 1650
f 1652 1653 1651
f 1650 1645 1652
f 1645 1646 1652
f 1609 1611 1610
f 1609 1610 1608
f 1630 1656 1629
f 1630 1629 1628
f 1642 1662 1661
f 1642 1661 1660
f 1789 1790 1785
f 1803 1802 1801
f 1823 1803 1801
f 1803 1823 1820
f 1821 1803 1820
f 1822 1803 1821
f 1816 1817 1790
f 1816 1790 1789
f 1808 1801 1802
f 1793 1817 1794
f 1794 1817 1816
f 1690 1683 1684
f 1700 1678 1699
f 1643 1642 1641
f 1641 1647 1643
f 1641 1642 1660
f 1685 1684 1683
f 1675 1676 1673
f 1675 1673 1674
f 1694 1680 1693
f 1694 1697 1680
f 1697 1679 1680
f 1681 1680 1679
f 1681 1682 1680
f 1699 1678 1677
f 1853 1848 1846
f 1848 1847 1846
f 1857 1868 1867
f 1857 1867 1856
f 1842 1857 1856
f 1603 1605 1604
f 1603 1604 1602
f 1603 1602 1601
f 1603 1606 1605
f 1846 1854 1853
f 1840 1839 1838
f 1838 1839 1837
f 1690 1684 1698
f 1690 1698 1689
f 1691 1690 1689
f 1690 1691 1692
f 1678 1666 1677
f 1827 1842 1841
f 1842 1856 1841
f 1866 1847 1860
f 1846 1847 1866
f 1847 1861 1860
f 1861 1847 1862
f 1851 1844 1845
f 1865 1844 1851
f 1849 1865 1851
f 1851 1850 1849
f 1851 1852 1850
f 1806 1824 1811
f 1810 1811 1824
f 1805 1806 1811
f 1794 1792 1793
f 1809 1807 1808
f 1808 1807 1801
f 1793 1792 1791
f 1812 1811 1810
f 1812 1813 1811
f 1646 1645 1644
f 1628 1629 1626
f 1628 1626 1627
f 1789 1785 1786
f 1787 1786 1785
f 1806 1805 1804
f 1845 1844 1843
f 1666 1664 1665
f 1677 1666 1665
f 1827 1841 1829
f 1829 1828 1827
f 1636 1633 1631
f 1636 1631 1635
f 1609 1608 1607
f 1609 1612 1611
f 1792 1796 1791
f 1791 1796 1795
f 1695 1694 1693
f 1670 1674 1669
f 1669 1674 1673
f 1685 1686 1684
f 1846 1855 1854
f 1838 1837 1833
f 1833 1837 1835
f 1645 1658 1644
f 1818 1806 1804
f 1844 1863 1843
f 1625 1639 1627
f 1627 1626 1625
f 1788 1786 1787
f 1799 1788 1787
f 1830 1828 1829
f 1830 1831 1828
f 1667 1663 1664
f 1658 1645 1659
f 1665 1664 1663
f 1806 1818 1819
f 1844 1864 1863
f 1696 1694 1695
f 1800 1788 1799
f 1814 1800 1799
f 1667 1668 1663
f 1687 1668 1667
f 1832 1858 1831
f 1832 1831 1830
f 1672 1670 1671
f 1671 1670 1669
f 1835 1834 1833
f 1835 1836 1834
f 1638 1637 1635
f 1635 1637 1636
f 1797 1795 1796
f 1797 1798 1795
f 1625 1640 1639
f 1640 1654 1639
f 1832 1859 1858
f 1859 1836 1858
f 1687 1688 1668
f 1672 1688 1687
f 1814 1815 1800
f 1825 1815 1814
f 1640 1655 1654
f 1826 1815 1825
f 1671 1688 1672
f 1859 1834 1836
f 1283 1282 1281
f 1288 1281 1282
f 1297 1270 1296
f 1274 1297 1296
f 1273 1297 1274
f 1290 1291 1304
f 1286 1304 1291
f 1285 1286 1291
f 1274 1272 1273
f 1292 1291 1290
f 1293 1291 1292
f 1465 1440 1442
f 1465 1442 1464
f 1465 1464 1438
f 1449 1455 1451
f 1451 1450 1449
f 1273 1272 1271
f 1289 1287 1288
f 1288 1287 1281
f 1250 1248 1249
f 1251 1248 1250
f 1296 1270 1269
f 1269 1270 1268
f 1303 1283 1281
f 1283 1303 1300
f 1301 1283 1300
f 1302 1283 1301
f 1438 1437 1433
f 1438 1464 1437
f 1450 1471 1449
f 1471 1450 1468
f 1450 1469 1468
f 1450 1470 1469
f 1337 1348 1347
f 1320 1319 1317
f 1326 1334 1333
f 1333 1328 1326
f 1317 1319 1318
f 1337 1347 1336
f 1332 1330 1331
f 1331 1330 1329
f 1329 1345 1331
f 1345 1324 1331
f 1337 1336 1322
f 1331 1324 1325
f 1328 1327 1326
f 1496 1495 1494
f 1505 1490 1504
f 1515 1505 1504
f 1516 1505 1515
f 1495 1501 1494
f 1243 1242 1241
f 1244 1242 1243
f 1245 1242 1244
f 1246 1242 1245
f 1487 1486 1485
f 1487 1488 1486
f 1502 1494 1501
f 1326 1327 1346
f 1346 1327 1340
f 1327 1341 1340
f 1341 1327 1342
f 1310 1322 1321
f 1322 1336 1321
f 1490 1475 1489
f 1504 1490 1489
f 1496 1509 1510
f 1509 1496 1508
f 1496 1494 1514
f 1496 1514 1508
f 1493 1498 1492
f 1493 1513 1498
f 1513 1497 1498
f 1499 1498 1497
f 1500 1498 1499
f 1441 1442 1440
f 1472 1453 1460
f 1456 1455 1449
f 1456 1457 1455
f 1460 1458 1472
f 1453 1454 1460
f 1441 1440 1439
f 1460 1459 1458
f 1461 1459 1460
f 1286 1285 1284
f 1454 1453 1452
f 1269 1268 1267
f 1267 1268 1266
f 1435 1434 1433
f 1433 1437 1435
f 1325 1324 1323
f 1493 1492 1491
f 1309 1310 1308
f 1310 1321 1308
f 1477 1476 1475
f 1489 1475 1476
f 1272 1276 1271
f 1271 1276 1275
f 1249 1248 1247
f 1252 1248 1251
f 1444 1441 1439
f 1444 1439 1443
f 1318 1315 1313
f 1318 1313 1317
f 1335 1334 1326
f 1503 1494 1502
f 1485 1486 1481
f 1485 1481 1482
f 1298 1286 1284
f 1453 1466 1452
f 1324 1343 1323
f 1511 1493 1491
f 1267 1266 1265
f 1279 1265 1266
f 1435 1436 1434
f 1436 1447 1434
f 1479 1478 1477
f 1477 1478 1476
f 1307 1311 1309
f 1286 1298 1299
f 1309 1308 1307
f 1466 1453 1467
f 1512 1493 1511
f 1324 1344 1343
f 1280 1265 1279
f 1294 1280 1279
f 1448 1462 1447
f 1436 1448 1447
f 1312 1338 1311
f 1312 1311 1307
f 1506 1480 1479
f 1479 1480 1478
f 1315 1316 1314
f 1315 1314 1313
f 1484 1482 1483
f 1483 1482 1481
f 1277 1278 1275
f 1277 1275 1276
f 1446 1445 1443
f 1443 1445 1444
f 1339 1316 1338
f 1339 1338 1312
f 1507 1480 1506
f 1484 1507 1506
f 1305 1295 1294
f 1295 1280 1294
f 1463 1473 1462
f 1463 1462 1448
f 1463 1474 1473
f 1339 1314 1316
f 1306 1295 1305
f 1483 1507 1484
f 1751 1775 1752
f 1752 1775 1774
f 1774 1775 1748
f 1781 1765 1766
f 1761 1781 1766
f 1891 1885 1886
f 1881 1882 1879
f 1892 1885 1891
f 1898 1899 1884
f 1898 1884 1883
f 1887 1886 1885
f 1887 1885 1904
f 1892 1893 1885
f 1731 1742 1741
f 1731 1741 1730
f 1716 1731 1730
f 1740 1721 1728
f 1728 1726 1740
f 1937 1916 1936
f 1937 1914 1916
f 1943 1924 1925
f 1912 1937 1936
f 1929 1943 1925
f 1881 1879 1880
f 1890 1894 1895
f 1915 1916 1914
f 1896 1895 1894
f 1925 1930 1929
f 1915 1914 1913
f 1752 1750 1751
f 1767 1766 1765
f 1751 1750 1749
f 1926 1927 1944
f 1928 1927 1926
f 1926 1932 1928
f 1926 1933 1932
f 1764 1762 1782
f 1764 1763 1762
f 1763 1770 1762
f 1770 1769 1762
f 1780 1761 1779
f 1779 1761 1759
f 1774 1748 1747
f 1701 1716 1715
f 1716 1730 1715
f 1761 1766 1760
f 1761 1760 1759
f 1747 1748 1743
f 1734 1720 1721
f 1721 1722 1728
f 1722 1721 1720
f 1912 1936 1911
f 1912 1911 1910
f 1924 1942 1941
f 1924 1941 1923
f 1925 1924 1923
f 1719 1718 1717
f 1714 1713 1711
f 1717 1723 1719
f 1711 1713 1712
f 1724 1723 1717
f 1718 1739 1717
f 1889 1890 1895
f 1890 1889 1888
f 1884 1872 1883
f 1902 1890 1888
f 1890 1902 1903
f 1728 1727 1726
f 1621 1623 1622
f 1621 1622 1620
f 1739 1718 1736
f 1747 1743 1744
f 1745 1744 1743
f 1764 1782 1777
f 1615 1614 1613
f 1615 1616 1614
f 1617 1616 1615
f 1944 1927 1938
f 1910 1911 1908
f 1910 1908 1909
f 1701 1715 1703
f 1735 1720 1734
f 1703 1702 1701
f 1883 1872 1871
f 1872 1870 1871
f 1728 1729 1727
f 1712 1707 1711
f 1712 1709 1707
f 1875 1880 1879
f 1896 1897 1895
f 1876 1880 1875
f 1724 1725 1723
f 1767 1768 1766
f 1750 1754 1749
f 1749 1754 1753
f 1918 1917 1913
f 1913 1917 1915
f 1925 1931 1930
f 1771 1769 1770
f 1777 1776 1764
f 1777 1778 1776
f 1718 1737 1736
f 1927 1939 1938
f 1621 1620 1619
f 1905 1887 1904
f 1621 1624 1623
f 1617 1618 1616
f 1746 1744 1745
f 1757 1746 1745
f 1907 1921 1909
f 1909 1908 1907
f 1704 1705 1702
f 1704 1702 1703
f 1873 1869 1870
f 1871 1870 1869
f 1939 1927 1940
f 1718 1738 1737
f 1906 1887 1905
f 1772 1758 1757
f 1758 1746 1757
f 1907 1922 1921
f 1922 1934 1921
f 1706 1705 1704
f 1706 1732 1705
f 1873 1874 1869
f 1900 1874 1873
f 1755 1753 1754
f 1755 1756 1753
f 1920 1919 1918
f 1918 1919 1917
f 1709 1708 1707
f 1709 1710 1708
f 1877 1876 1875
f 1878 1876 1877
f 1783 1773 1772
f 1772 1773 1758
f 1733 1710 1732
f 1706 1733 1732
f 1878 1901 1900
f 1900 1901 1874
f 1784 1773 1783
f 1733 1708 1710
f 1922 1935 1934
f 1877 1901 1878
f 1429 1408 1415
f 1423 1398 1400
f 1413 1429 1415
f 1423 1400 1422
f 1423 1422 1396
f 1547 1557 1546
f 1547 1558 1557
f 1534 1555 1533
f 1535 1534 1533
f 1533 1539 1535
f 1530 1529 1527
f 1533 1540 1539
f 1541 1540 1533
f 1390 1379 1389
f 1370 1388 1375
f 1389 1379 1378
f 1379 1364 1378
f 1374 1375 1388
f 1597 1581 1582
f 1577 1597 1582
f 1591 1564 1590
f 1568 1591 1590
f 1567 1591 1568
f 1568 1566 1567
f 1544 1543 1542
f 1544 1542 1556
f 1527 1529 1528
f 1583 1582 1581
f 1567 1566 1565
f 1399 1398 1397
f 1399 1400 1398
f 1547 1546 1532
f 1556 1537 1544
f 1579 1585 1578
f 1580 1579 1578
f 1580 1578 1598
f 1586 1578 1585
f 1587 1578 1586
f 1418 1417 1410
f 1417 1412 1410
f 1412 1411 1410
f 1410 1411 1430
f 1396 1422 1395
f 1396 1395 1391
f 1408 1428 1427
f 1368 1382 1370
f 1370 1369 1368
f 1369 1370 1375
f 1364 1349 1363
f 1408 1427 1407
f 1409 1408 1407
f 1415 1408 1409
f 1378 1364 1363
f 1595 1577 1575
f 1596 1577 1595
f 1590 1564 1563
f 1563 1564 1562
f 1577 1576 1575
f 1577 1582 1576
f 1387 1367 1365
f 1367 1366 1365
f 1361 1362 1359
f 1372 1365 1366
f 1537 1538 1544
f 1538 1537 1536
f 1361 1359 1360
f 1415 1414 1413
f 1372 1371 1365
f 1537 1550 1536
f 1520 1532 1531
f 1532 1546 1531
f 1550 1537 1551
f 1376 1375 1374
f 1263 1260 1262
f 1262 1260 1261
f 1367 1387 1384
f 1555 1534 1552
f 1393 1392 1391
f 1391 1395 1393
f 1430 1411 1424
f 1255 1254 1253
f 1256 1254 1255
f 1256 1257 1254
f 1580 1598 1592
f 1563 1562 1561
f 1561 1562 1560
f 1351 1350 1349
f 1363 1349 1350
f 1368 1383 1382
f 1519 1520 1518
f 1520 1531 1518
f 1355 1360 1359
f 1377 1375 1376
f 1356 1360 1355
f 1528 1523 1527
f 1545 1543 1544
f 1528 1525 1523
f 1373 1371 1372
f 1416 1414 1415
f 1402 1399 1397
f 1402 1397 1401
f 1569 1565 1566
f 1584 1582 1583
f 1569 1570 1565
f 1418 1419 1417
f 1425 1424 1411
f 1426 1424 1425
f 1385 1367 1384
f 1593 1580 1592
f 1261 1260 1259
f 1534 1553 1552
f 1264 1260 1263
f 1258 1257 1256
f 1393 1394 1392
f 1394 1405 1392
f 1561 1560 1559
f 1573 1559 1560
f 1351 1352 1350
f 1353 1352 1351
f 1519 1518 1517
f 1517 1521 1519
f 1580 1593 1594
f 1386 1367 1385
f 1534 1554 1553
f 1394 1406 1405
f 1406 1420 1405
f 1588 1574 1573
f 1574 1559 1573
f 1380 1354 1353
f 1353 1354 1352
f 1522 1521 1517
f 1522 1548 1521
f 1401 1403 1402
f 1404 1403 1401
f 1571 1572 1570
f 1571 1570 1569
f 1358 1356 1357
f 1357 1356 1355
f 1525 1524 1523
f 1525 1526 1524
f 1421 1431 1420
f 1421 1420 1406
f 1599 1589 1588
f 1589 1574 1588
f 1358 1381 1380
f 1381 1354 1380
f 1549 1548 1522
f 1549 1526 1548
f 1421 1432 1431
f 1357 1381 1358
f 1600 1589 1599
f 1549 1524 1526
f 1231 1230 1229
f 1232 1230 1231
f 1233 1230 1232
f 1234 1230 1233
f 1239 1236 1238
f 1240 1236 1239
f 1238 1236 1237
f 1237 1236 1235
f 2471 2472 2457
f 2470 2471 2457
f 2470 2457 2459
f 2476 2470 2459
f 2457 2472 2461
f 2475 2476 2469
f 2476 2459 2469
f 2474 2473 2464
f 2465 2475 2467
f 2475 2469 2467
f 2473 2475 2465
f 2464 2473 2465
f 2444 2446 2445
f 2444 2445 2442
f 2446 2447 2445
f 2443 2444 2442
f 2443 2442 2441
f 2446 2448 2447
f 2448 2438 2447
f 2447 2438 2437
f 2435 2440 2439
f 2436 2440 2435
f 2437 2436 2435
f 2438 2436 2437
f 2490 2496 2497
f 2492 2490 2497
f 2487 2490 2489
f 2490 2480 2489
f 2489 2480 2479
f 2496 2490 2488
f 2492 2480 2490
f 2488 2490 2487
f 2495 2496 2488
f 2492 2491 2480
f 2484 2488 2487
f 2480 2478 2479
f 2479 2478 2477
f 2486 2488 2484
f 2495 2488 2486
f 2480 2491 2478
f 2485 2486 2484
f 2485 2484 2483
f 2478 2481 2477
f 2495 2486 2485
f 2495 2485 2494
f 2491 2482 2478
f 2482 2491 2493
f 2478 2482 2481
f 2511 2513 2518
f 2517 2511 2518
f 2501 2510 2499
f 2501 2511 2510
f 2511 2508 2510
f 2501 2513 2511
f 2511 2517 2509
f 2511 2509 2508
f 2517 2516 2509
f 2512 2513 2501
f 2509 2506 2508
f 2500 2499 2498
f 2500 2501 2499
f 2509 2507 2506
f 2509 2516 2507
f 2512 2501 2500
f 2507 2505 2506
f 2506 2505 2504
f 2502 2500 2498
f 2507 2516 2505
f 2505 2516 2515
f 2512 2503 2514
f 2503 2512 2500
f 2503 2500 2502
f 2458 2457 2456
f 2459 2457 2458
f 2468 2459 2458
f 2469 2459 2468
f 2457 2461 2460
f 2457 2460 2456
f 2467 2469 2466
f 2466 2469 2468
f 2464 2463 2462
f 2464 2465 2463
f 2465 2467 2466
f 2465 2466 2463
f 2454 2448 2446
f 2444 2454 2446
f 2452 2454 2444
f 2444 2453 2452
f 2453 2444 2443
f 2449 2451 2440
f 2454 2455 2448
f 2449 2440 2436
f 2455 2438 2448
f 2450 2449 2438
f 2438 2449 2436
f 2438 2455 2450
f 2410 2400 2402
f 2410 2411 2400
f 2398 2408 2409
f 2401 2400 2399
f 2402 2400 2401
f 2393 2397 2395
f 2393 2398 2397
f 2408 2398 2393
f 2407 2408 2393
f 2411 2412 2400
f 2394 2395 2396
f 2395 2394 2393
f 2400 2403 2399
f 2407 2393 2394
f 2400 2412 2404
f 2400 2404 2403
f 2406 2394 2396
f 2406 2396 2405
f 2404 2405 2403
f 2413 2407 2394
f 2413 2404 2412
f 2413 2394 2406
f 2413 2406 2404
f 2404 2406 2405
f 2340 2339 2338
f 2341 2339 2340
f 2339 2337 2338
f 2338 2337 2336
f 2329 2312 2324
f 2323 2324 2312
f 2323 2312 2311
f 2314 2323 2311
f 2325 2323 2314
f 2343 2340 2342
f 2343 2341 2340
f 2333 2342 2331
f 2332 2333 2331
f 2332 2331 2330
f 2334 2332 2330
f 2333 2343 2342
f 2335 2332 2334
f 2312 2329 2322
f 2329 2328 2322
f 2322 2328 2320
f 2328 2318 2320
f 2328 2326 2318
f 2327 2318 2326
f 2318 2327 2316
f 2369 2368 2359
f 2366 2356 2367
f 2359 2368 2360
f 2359 2360 2358
f 2359 2358 2357
f 2356 2351 2355
f 2355 2351 2352
f 2356 2366 2351
f 2366 2365 2351
f 2370 2369 2359
f 2352 2353 2354
f 2353 2352 2351
f 2361 2359 2357
f 2351 2365 2353
f 2362 2359 2361
f 2370 2359 2362
f 2353 2364 2354
f 2354 2364 2363
f 2363 2362 2361
f 2365 2371 2353
f 2362 2371 2370
f 2353 2371 2364
f 2364 2362 2363
f 2364 2371 2362
f 2311 2312 2310
f 2311 2310 2309
f 2314 2311 2309
f 2312 2321 2310
f 2312 2322 2321
f 2314 2309 2313
f 2317 2316 2315
f 2318 2316 2317
f 2322 2320 2321
f 2320 2318 2319
f 2319 2318 2317
f 2321 2320 2319
f 2349 2339 2341
f 2343 2349 2341
f 2347 2337 2339
f 2349 2347 2339
f 2333 2350 2343
f 2350 2349 2343
f 2347 2348 2337
f 2346 2332 2335
f 2344 2350 2333
f 2346 2345 2332
f 2345 2344 2332
f 2332 2344 2333
f 2432 2422 2431
f 2419 2428 2430
f 2422 2423 2421
f 2432 2423 2422
f 2415 2419 2418
f 2428 2419 2415
f 2422 2421 2420
f 2415 2418 2414
f 2417 2428 2415
f 2417 2415 2416
f 2416 2415 2414
f 2423 2425 2421
f 2432 2425 2423
f 2429 2428 2417
f 2432 2433 2425
f 2421 2425 2424
f 2429 2417 2427
f 2426 2417 2416
f 2427 2417 2426
f 2433 2427 2425
f 2425 2427 2424
f 2424 2427 2426
f 2429 2427 2434
f 2427 2433 2434
f 2386 2377 2388
f 2379 2390 2389
f 2380 2379 2378
f 2381 2379 2380
f 2381 2390 2379
f 2377 2374 2376
f 2377 2386 2374
f 2376 2374 2372
f 2374 2375 2373
f 2374 2373 2372
f 2386 2375 2374
f 2383 2390 2381
f 2383 2381 2380
f 2386 2387 2375
f 2391 2390 2383
f 2383 2380 2382
f 2375 2387 2385
f 2375 2385 2384
f 2375 2384 2373
f 2385 2391 2383
f 2385 2383 2382
f 2385 2382 2384
f 2385 2387 2392
f 2391 2385 2392
f 3243 3244 3242
f 3243 3242 3241
f 3243 3246 3245
f 3243 3245 3244
f 3237 3238 3236
f 3237 3239 3238
f 3237 3240 3239
f 3237 3236 3235
f 3255 3258 3257
f 3255 3257 3256
f 3255 3256 3254
f 3255 3254 3253
f 3365 3359 3360
f 3361 3360 3359
f 3351 3375 3352
f 3352 3375 3374
f 3374 3375 3348
f 3352 3350 3351
f 3363 3364 3369
f 3364 3382 3369
f 3368 3369 3382
f 3370 3369 3368
f 3370 3371 3369
f 3342 3331 3341
f 3277 3276 3275
f 3275 3281 3277
f 3291 3266 3268
f 3291 3268 3290
f 3264 3291 3290
f 3351 3350 3349
f 3347 3348 3343
f 3404 3412 3411
f 3411 3406 3404
f 3415 3426 3425
f 3398 3397 3396
f 3366 3359 3365
f 3381 3361 3359
f 3374 3348 3347
f 3379 3361 3378
f 3380 3361 3379
f 3361 3381 3378
f 3396 3397 3395
f 3264 3290 3263
f 3264 3263 3262
f 3276 3296 3295
f 3276 3295 3294
f 3297 3276 3294
f 3276 3297 3275
f 3249 3250 3248
f 3251 3250 3249
f 3251 3252 3250
f 3409 3402 3403
f 3423 3402 3409
f 3407 3423 3409
f 3415 3425 3414
f 3409 3408 3407
f 3409 3410 3408
f 3400 3415 3414
f 3406 3405 3404
f 3330 3331 3316
f 3341 3331 3330
f 3321 3328 3320
f 3322 3321 3320
f 3424 3405 3418
f 3385 3400 3399
f 3404 3405 3424
f 3400 3414 3399
f 3419 3405 3420
f 3405 3419 3418
f 3286 3287 3285
f 3286 3285 3284
f 3279 3280 3286
f 3298 3279 3286
f 3286 3284 3298
f 3267 3268 3266
f 3267 3266 3265
f 3322 3320 3340
f 3322 3340 3335
f 3316 3304 3315
f 3335 3334 3322
f 3330 3316 3315
f 3329 3327 3328
f 3328 3327 3320
f 3313 3311 3312
f 3313 3314 3311
f 3282 3281 3275
f 3282 3283 3281
f 3325 3324 3323
f 3339 3323 3324
f 3319 3339 3324
f 3325 3326 3324
f 3319 3324 3318
f 3364 3363 3362
f 3347 3343 3344
f 3345 3344 3343
f 3280 3279 3278
f 3262 3263 3260
f 3262 3260 3261
f 3403 3402 3401
f 3319 3318 3317
f 3387 3386 3385
f 3385 3399 3387
f 3335 3336 3334
f 3304 3302 3303
f 3315 3304 3303
f 3366 3367 3359
f 3350 3354 3349
f 3349 3354 3353
f 3270 3267 3265
f 3270 3265 3269
f 3249 3248 3247
f 3391 3395 3393
f 3404 3413 3412
f 3396 3395 3391
f 3307 3312 3311
f 3308 3312 3307
f 3376 3364 3362
f 3402 3421 3401
f 3357 3346 3345
f 3346 3344 3345
f 3261 3260 3259
f 3293 3278 3292
f 3259 3273 3261
f 3292 3278 3279
f 3337 3319 3317
f 3388 3386 3387
f 3388 3389 3386
f 3364 3376 3377
f 3305 3301 3302
f 3303 3302 3301
f 3402 3422 3421
f 3338 3319 3337
f 3358 3346 3357
f 3372 3358 3357
f 3390 3416 3389
f 3390 3389 3388
f 3274 3288 3273
f 3259 3274 3273
f 3332 3306 3305
f 3305 3306 3301
f 3393 3394 3392
f 3393 3392 3391
f 3309 3308 3307
f 3310 3308 3309
f 3355 3353 3354
f 3355 3356 3353
f 3269 3271 3270
f 3272 3271 3269
f 3417 3394 3416
f 3390 3417 3416
f 3310 3333 3332
f 3332 3333 3306
f 3383 3373 3372
f 3372 3373 3358
f 3274 3289 3288
f 3289 3299 3288
f 3289 3300 3299
f 3309 3333 3310
f 3417 3392 3394
f 3384 3373 3383
f 3435 3434 3433
f 3436 3434 3435
f 3437 3434 3436
f 3438 3434 3437
f 3555 3532 3554
f 3541 3540 3539
f 3555 3530 3532
f 3555 3554 3528
f 3539 3545 3541
f 3551 3549 3550
f 3550 3549 3548
f 3548 3543 3550
f 3543 3544 3550
f 3531 3532 3530
f 3447 3471 3448
f 3448 3471 3470
f 3471 3444 3470
f 3457 3456 3455
f 3462 3455 3456
f 3531 3530 3529
f 3539 3546 3545
f 3528 3554 3527
f 3528 3527 3523
f 3539 3540 3558
f 3540 3559 3558
f 3540 3560 3559
f 3573 3572 3571
f 3573 3574 3572
f 3582 3581 3580
f 3589 3576 3588
f 3586 3580 3581
f 3443 3444 3442
f 3457 3477 3474
f 3470 3444 3443
f 3475 3457 3474
f 3476 3457 3475
f 3477 3457 3455
f 3430 3428 3429
f 3430 3431 3428
f 3432 3431 3430
f 3579 3597 3578
f 3597 3583 3578
f 3588 3576 3575
f 3579 3578 3577
f 3585 3578 3584
f 3584 3578 3583
f 3511 3510 3496
f 3511 3521 3510
f 3511 3522 3521
f 3502 3501 3500
f 3507 3502 3500
f 3582 3580 3598
f 3582 3598 3592
f 3593 3582 3592
f 3576 3561 3575
f 3582 3593 3594
f 3448 3446 3447
f 3467 3465 3466
f 3466 3465 3464
f 3459 3460 3465
f 3460 3478 3465
f 3464 3465 3478
f 3462 3461 3455
f 3463 3461 3462
f 3447 3446 3445
f 3500 3501 3520
f 3520 3501 3514
f 3515 3514 3501
f 3484 3496 3495
f 3496 3510 3495
f 3508 3507 3500
f 3508 3509 3507
f 3491 3493 3492
f 3494 3493 3491
f 3506 3504 3505
f 3519 3498 3505
f 3505 3498 3499
f 3505 3504 3503
f 3503 3519 3505
f 3544 3543 3542
f 3523 3527 3525
f 3525 3524 3523
f 3460 3459 3458
f 3443 3442 3441
f 3441 3442 3440
f 3499 3498 3497
f 3575 3561 3562
f 3563 3562 3561
f 3516 3514 3515
f 3484 3495 3482
f 3483 3484 3482
f 3534 3531 3529
f 3547 3546 3539
f 3534 3529 3533
f 3446 3450 3445
f 3445 3450 3449
f 3429 3428 3427
f 3571 3567 3568
f 3571 3572 3567
f 3587 3580 3586
f 3492 3489 3487
f 3492 3487 3491
f 3543 3556 3542
f 3595 3579 3577
f 3441 3440 3439
f 3458 3473 3472
f 3525 3526 3524
f 3526 3537 3524
f 3453 3439 3440
f 3458 3472 3460
f 3498 3517 3497
f 3565 3564 3563
f 3563 3564 3562
f 3556 3543 3557
f 3483 3482 3481
f 3481 3485 3483
f 3596 3579 3595
f 3498 3518 3517
f 3538 3552 3537
f 3526 3538 3537
f 3565 3566 3564
f 3590 3566 3565
f 3468 3454 3453
f 3454 3439 3453
f 3486 3512 3485
f 3486 3485 3481
f 3570 3568 3569
f 3569 3568 3567
f 3489 3490 3488
f 3489 3488 3487
f 3533 3535 3534
f 3536 3535 3533
f 3451 3452 3449
f 3451 3449 3450
f 3570 3591 3590
f 3591 3566 3590
f 3513 3490 3512
f 3513 3512 3486
f 3479 3469 3468
f 3469 3454 3468
f 3480 3469 3479
f 3553 3552 3538
f 3513 3488 3490
f 3569 3591 3570
f 2920 2947 2946
f 2947 2922 2924
f 2947 2924 2946
f 2923 2924 2922
f 2938 2939 2937
f 2938 2937 2931
f 2923 2922 2921
f 2942 2941 2940
f 2942 2943 2941
f 2940 2935 2942
f 2935 2936 2942
f 2899 2901 2900
f 2899 2900 2898
f 2920 2946 2919
f 2920 2919 2918
f 2932 2952 2951
f 2932 2951 2950
f 3079 3080 3075
f 3093 3092 3091
f 3113 3093 3091
f 3093 3113 3110
f 3111 3093 3110
f 3112 3093 3111
f 3106 3107 3080
f 3106 3080 3079
f 3098 3091 3092
f 3083 3107 3084
f 3084 3107 3106
f 2980 2973 2974
f 2990 2968 2989
f 2933 2932 2931
f 2931 2937 2933
f 2931 2932 2950
f 2975 2974 2973
f 2965 2966 2963
f 2965 2963 2964
f 2984 2970 2983
f 2984 2987 2970
f 2987 2969 2970
f 2971 2970 2969
f 2971 2972 2970
f 2989 2968 2967
f 3143 3138 3136
f 3138 3137 3136
f 3147 3158 3157
f 3147 3157 3146
f 3132 3147 3146
f 2893 2895 2894
f 2893 2894 2892
f 2893 2892 2891
f 2893 2896 2895
f 3136 3144 3143
f 3130 3129 3128
f 3128 3129 3127
f 2980 2974 2988
f 2980 2988 2979
f 2981 2980 2979
f 2980 2981 2982
f 2968 2956 2967
f 3117 3132 3131
f 3132 3146 3131
f 3156 3137 3150
f 3136 3137 3156
f 3137 3151 3150
f 3151 3137 3152
f 3141 3134 3135
f 3155 3134 3141
f 3139 3155 3141
f 3141 3140 3139
f 3141 3142 3140
f 3096 3114 3101
f 3100 3101 3114
f 3095 3096 3101
f 3084 3082 3083
f 3099 3097 3098
f 3098 3097 3091
f 3083 3082 3081
f 3102 3101 3100
f 3102 3103 3101
f 2936 2935 2934
f 2918 2919 2916
f 2918 2916 2917
f 3079 3075 3076
f 3077 3076 3075
f 3096 3095 3094
f 3135 3134 3133
f 2956 2954 2955
f 2967 2956 2955
f 3117 3131 3119
f 3119 3118 3117
f 2926 2923 2921
f 2926 2921 2925
f 2899 2898 2897
f 2899 2902 2901
f 3082 3086 3081
f 3081 3086 3085
f 2985 2984 2983
f 2960 2964 2959
f 2959 2964 2963
f 2975 2976 2974
f 3136 3145 3144
f 3128 3127 3123
f 3123 3127 3125
f 2935 2948 2934
f 3108 3096 3094
f 3134 3153 3133
f 2915 2929 2917
f 2917 2916 2915
f 3078 3076 3077
f 3089 3078 3077
f 3120 3118 3119
f 3120 3121 3118
f 2957 2953 2954
f 2948 2935 2949
f 2955 2954 2953
f 3096 3108 3109
f 3134 3154 3153
f 2986 2984 2985
f 3090 3078 3089
f 3104 3090 3089
f 2957 2958 2953
f 2977 2958 2957
f 3122 3148 3121
f 3122 3121 3120
f 2962 2960 2961
f 2961 2960 2959
f 3125 3124 3123
f 3125 3126 3124
f 2928 2927 2925
f 2925 2927 2926
f 3087 3085 3086
f 3087 3088 3085
f 2915 2930 2929
f 2930 2944 2929
f 3122 3149 3148
f 3149 3126 3148
f 2977 2978 2958
f 2962 2978 2977
f 3104 3105 3090
f 3115 3105 3104
f 2930 2945 2944
f 3116 3105 3115
f 2961 2978 2962
f 3149 3124 3126
f 2573 2572 2571
f 2578 2571 2572
f 2587 2560 2586
f 2564 2587 2586
f 2563 2587 2564
f 2580 2581 2594
f 2576 2594 2581
f 2575 2576 2581
f 2564 2562 2563
f 2582 2581 2580
f 2583 2581 2582
f 2755 2730 2732
f 2755 2732 2754
f 2755 2754 2728
f 2739 2745 2741
f 2741 2740 2739
f 2563 2562 2561
f 2579 2577 2578
f 2578 2577 2571
f 2540 2538 2539
f 2541 2538 2540
f 2586 2560 2559
f 2559 2560 2558
f 2593 2573 2571
f 2573 2593 2590
f 2591 2573 2590
f 2592 2573 2591
f 2728 2727 2723
f 2728 2754 2727
f 2740 2761 2739
f 2761 2740 2758
f 2740 2759 2758
f 2740 2760 2759
f 2627 2638 2637
f 2610 2609 2607
f 2616 2624 2623
f 2623 2618 2616
f 2607 2609 2608
f 2627 2637 2626
f 2622 2620 2621
f 2621 2620 2619
f 2619 2635 2621
f 2635 2614 2621
f 2627 2626 2612
f 2621 2614 2615
f 2618 2617 2616
f 2786 2785 2784
f 2795 2780 2794
f 2805 2795 2794
f 2806 2795 2805
f 2785 2791 2784
f 2533 2532 2531
f 2534 2532 2533
f 2535 2532 2534
f 2536 2532 2535
f 2777 2776 2775
f 2777 2778 2776
f 2792 2784 2791
f 2616 2617 2636
f 2636 2617 2630
f 2617 2631 2630
f 2631 2617 2632
f 2600 2612 2611
f 2612 2626 2611
f 2780 2765 2779
f 2794 2780 2779
f 2786 2799 2800
f 2799 2786 2798
f 2786 2784 2804
f 2786 2804 2798
f 2783 2788 2782
f 2783 2803 2788
f 2803 2787 2788
f 2789 2788 2787
f 2790 2788 2789
f 2731 2732 2730
f 2762 2743 2750
f 2746 2745 2739
f 2746 2747 2745
f 2750 2748 2762
f 2743 2744 2750
f 2731 2730 2729
f 2750 2749 2748
f 2751 2749 2750
f 2576 2575 2574
f 2744 2743 2742
f 2559 2558 2557
f 2557 2558 2556
f 2725 2724 2723
f 2723 2727 2725
f 2615 2614 2613
f 2783 2782 2781
f 2599 2600 2598
f 2600 2611 2598
f 2767 2766 2765
f 2779 2765 2766
f 2562 2566 2561
f 2561 2566 2565
f 2539 2538 2537
f 2542 2538 2541
f 2734 2731 2729
f 2734 2729 2733
f 2608 2605 2603
f 2608 2603 2607
f 2625 2624 2616
f 2793 2784 2792
f 2775 2776 2771
f 2775 2771 2772
f 2588 2576 2574
f 2743 2756 2742
f 2614 2633 2613
f 2801 2783 2781
f 2557 2556 2555
f 2569 2555 2556
f 2725 2726 2724
f 2726 2737 2724
f 2769 2768 2767
f 2767 2768 2766
f 2597 2601 2599
f 2576 2588 2589
f 2599 2598 2597
f 2756 2743 2757
f 2802 2783 2801
f 2614 2634 2633
f 2570 2555 2569
f 2584 2570 2569
f 2738 2752 2737
f 2726 2738 2737
f 2602 2628 2601
f 2602 2601 2597
f 2796 2770 2769
f 2769 2770 2768
f 2605 2606 2604
f 2605 2604 2603
f 2774 2772 2773
f 2773 2772 2771
f 2567 2568 2565
f 2567 2565 2566
f 2736 2735 2733
f 2733 2735 2734
f 2629 2606 2628
f 2629 2628 2602
f 2797 2770 2796
f 2774 2797 2796
f 2595 2585 2584
f 2585 2570 2584
f 2753 2763 2752
f 2753 2752 2738
f 2753 2764 2763
f 2629 2604 2606
f 2596 2585 2595
f 2773 2797 2774
f 3041 3065 3042
f 3042 3065 3064
f 3064 3065 3038
f 3071 3055 3056
f 3051 3071 3056
f 3181 3175 3176
f 3171 3172 3169
f 3182 3175 3181
f 3188 3189 3174
f 3188 3174 3173
f 3177 3176 3175
f 3177 3175 3194
f 3182 3183 3175
f 3021 3032 3031
f 3021 3031 3020
f 3006 3021 3020
f 3030 3011 3018
f 3018 3016 3030
f 3227 3206 3226
f 3227 3204 3206
f 3233 3214 3215
f 3202 3227 3226
f 3219 3233 3215
f 3171 3169 3170
f 3180 3184 3185
f 3205 3206 3204
f 3186 3185 3184
f 3215 3220 3219
f 3205 3204 3203
f 3042 3040 3041
f 3057 3056 3055
f 3041 3040 3039
f 3216 3217 3234
f 3218 3217 3216
f 3216 3222 3218
f 3216 3223 3222
f 3054 3052 3072
f 3054 3053 3052
f 3053 3060 3052
f 3060 3059 3052
f 3070 3051 3069
f 3069 3051 3049
f 3064 3038 3037
f 2991 3006 3005
f 3006 3020 3005
f 3051 3056 3050
f 3051 3050 3049
f 3037 3038 3033
f 3024 3010 3011
f 3011 3012 3018
f 3012 3011 3010
f 3202 3226 3201
f 3202 3201 3200
f 3214 3232 3231
f 3214 3231 3213
f 3215 3214 3213
f 3009 3008 3007
f 3004 3003 3001
f 3007 3013 3009
f 3001 3003 3002
f 3014 3013 3007
f 3008 3029 3007
f 3179 3180 3185
f 3180 3179 3178
f 3174 3162 3173
f 3192 3180 3178
f 3180 3192 3193
f 3018 3017 3016
f 2911 2913 2912
f 2911 2912 2910
f 3029 3008 3026
f 3037 3033 3034
f 3035 3034 3033
f 3054 3072 3067
f 2905 2904 2903
f 2905 2906 2904
f 2907 2906 2905
f 3234 3217 3228
f 3200 3201 3198
f 3200 3198 3199
f 2991 3005 2993
f 3025 3010 3024
f 2993 2992 2991
f 3173 3162 3161
f 3162 3160 3161
f 3018 3019 3017
f 3002 2997 3001
f 3002 2999 2997
f 3165 3170 3169
f 3186 3187 3185
f 3166 3170 3165
f 3014 3015 3013
f 3057 3058 3056
f 3040 3044 3039
f 3039 3044 3043
f 3208 3207 3203
f 3203 3207 3205
f 3215 3221 3220
f 3061 3059 3060
f 3067 3066 3054
f 3067 3068 3066
f 3008 3027 3026
f 3217 3229 3228
f 2911 2910 2909
f 3195 3177 3194
f 2911 2914 2913
f 2907 2908 2906
f 3036 3034 3035
f 3047 3036 3035
f 3197 3211 3199
f 3199 3198 3197
f 2994 2995 2992
f 2994 2992 2993
f 3163 3159 3160
f 3161 3160 3159
f 3229 3217 3230
f 3008 3028 3027
f 3196 3177 3195
f 3062 3048 3047
f 3048 3036 3047
f 3197 3212 3211
f 3212 3224 3211
f 2996 2995 2994
f 2996 3022 2995
f 3163 3164 3159
f 3190 3164 3163
f 3045 3043 3044
f 3045 3046 3043
f 3210 3209 3208
f 3208 3209 3207
f 2999 2998 2997
f 2999 3000 2998
f 3167 3166 3165
f 3168 3166 3167
f 3073 3063 3062
f 3062 3063 3048
f 3023 3000 3022
f 2996 3023 3022
f 3168 3191 3190
f 3190 3191 3164
f 3074 3063 3073
f 3023 2998 3000
f 3212 3225 3224
f 3167 3191 3168
f 2719 2698 2705
f 2713 2688 2690
f 2703 2719 2705
f 2713 2690 2712
f 2713 2712 2686
f 2837 2847 2836
f 2837 2848 2847
f 2824 2845 2823
f 2825 2824 2823
f 2823 2829 2825
f 2820 2819 2817
f 2823 2830 2829
f 2831 2830 2823
f 2680 2669 2679
f 2660 2678 2665
f 2679 2669 2668
f 2669 2654 2668
f 2664 2665 2678
f 2887 2871 2872
f 2867 2887 2872
f 2881 2854 2880
f 2858 2881 2880
f 2857 2881 2858
f 2858 2856 2857
f 2834 2833 2832
f 2834 2832 2846
f 2817 2819 2818
f 2873 2872 2871
f 2857 2856 2855
f 2689 2688 2687
f 2689 2690 2688
f 2837 2836 2822
f 2846 2827 2834
f 2869 2875 2868
f 2870 2869 2868
f 2870 2868 2888
f 2876 2868 2875
f 2877 2868 2876
f 2708 2707 2700
f 2707 2702 2700
f 2702 2701 2700
f 2700 2701 2720
f 2686 2712 2685
f 2686 2685 2681
f 2698 2718 2717
f 2658 2672 2660
f 2660 2659 2658
f 2659 2660 2665
f 2654 2639 2653
f 2698 2717 2697
f 2699 2698 2697
f 2705 2698 2699
f 2668 2654 2653
f 2885 2867 2865
f 2886 2867 2885
f 2880 2854 2853
f 2853 2854 2852
f 2867 2866 2865
f 2867 2872 2866
f 2677 2657 2655
f 2657 2656 2655
f 2651 2652 2649
f 2662 2655 2656
f 2827 2828 2834
f 2828 2827 2826
f 2651 2649 2650
f 2705 2704 2703
f 2662 2661 2655
f 2827 2840 2826
f 2810 2822 2821
f 2822 2836 2821
f 2840 2827 2841
f 2666 2665 2664
f 2553 2550 2552
f 2552 2550 2551
f 2657 2677 2674
f 2845 2824 2842
f 2683 2682 2681
f 2681 2685 2683
f 2720 2701 2714
f 2545 2544 2543
f 2546 2544 2545
f 2546 2547 2544
f 2870 2888 2882
f 2853 2852 2851
f 2851 2852 2850
f 2641 2640 2639
f 2653 2639 2640
f 2658 2673 2672
f 2809 2810 2808
f 2810 2821 2808
f 2645 2650 2649
f 2667 2665 2666
f 2646 2650 2645
f 2818 2813 2817
f 2835 2833 2834
f 2818 2815 2813
f 2663 2661 2662
f 2706 2704 2705
f 2692 2689 2687
f 2692 2687 2691
f 2859 2855 2856
f 2874 2872 2873
f 2859 2860 2855
f 2708 2709 2707
f 2715 2714 2701
f 2716 2714 2715
f 2675 2657 2674
f 2883 2870 2882
f 2551 2550 2549
f 2824 2843 2842
f 2554 2550 2553
f 2548 2547 2546
f 2683 2684 2682
f 2684 2695 2682
f 2851 2850 2849
f 2863 2849 2850
f 2641 2642 2640
f 2643 2642 2641
f 2809 2808 2807
f 2807 2811 2809
f 2870 2883 2884
f 2676 2657 2675
f 2824 2844 2843
f 2684 2696 2695
f 2696 2710 2695
f 2878 2864 2863
f 2864 2849 2863
f 2670 2644 2643
f 2643 2644 2642
f 2812 2811 2807
f 2812 2838 2811
f 2691 2693 2692
f 2694 2693 2691
f 2861 2862 2860
f 2861 2860 2859
f 2648 2646 2647
f 2647 2646 2645
f 2815 2814 2813
f 2815 2816 2814
f 2711 2721 2710
f 2711 2710 2696
f 2889 2879 2878
f 2879 2864 2878
f 2648 2671 2670
f 2671 2644 2670
f 2839 2838 2812
f 2839 2816 2838
f 2711 2722 2721
f 2647 2671 2648
f 2890 2879 2889
f 2839 2814 2816
f 2521 2520 2519
f 2522 2520 2521
f 2523 2520 2522
f 2524 2520 2523
f 2529 2526 2528
f 2530 2526 2529
f 2528 2526 2527
f 2527 2526 2525
f 3761 3762 3747
f 3760 3761 3747
f 3760 3747 3749
f 3766 3760 3749
f 3747 3762 3751
f 3765 3766 3759
f 3766 3749 3759
f 3764 3763 3754
f 3755 3765 3757
f 3765 3759 3757
f 3763 3765 3755
f 3754 3763 3755
f 3734 3736 3735
f 3734 3735 3732
f 3736 3737 3735
f 3733 3734 3732
f 3733 3732 3731
f 3736 3738 3737
f 3738 3728 3737
f 3737 3728 3727
f 3725 3730 3729
f 3726 3730 3725
f 3727 3726 3725
f 3728 3726 3727
f 3780 3786 3787
f 3782 3780 3787
f 3777 3780 3779
f 3780 3770 3779
f 3779 3770 3769
f 3786 3780 3778
f 3782 3770 3780
f 3778 3780 3777
f 3785 3786 3778
f 3782 3781 3770
f 3774 3778 3777
f 3770 3768 3769
f 3769 3768 3767
f 3776 3778 3774
f 3785 3778 3776
f 3770 3781 3768
f 3775 3776 3774
f 3775 3774 3773
f 3768 3771 3767
f 3785 3776 3775
f 3785 3775 3784
f 3781 3772 3768
f 3772 3781 3783
f 3768 3772 3771
f 3801 3803 3808
f 3807 3801 3808
f 3791 3800 3789
f 3791 3801 3800
f 3801 3798 3800
f 3791 3803 3801
f 3801 3807 3799
f 3801 3799 3798
f 3807 3806 3799
f 3802 3803 3791
f 3799 3796 3798
f 3790 3789 3788
f 3790 3791 3789
f 3799 3797 3796
f 3799 3806 3797
f 3802 3791 3790
f 3797 3795 3796
f 3796 3795 3794
f 3792 3790 3788
f 3797 3806 3795
f 3795 3806 3805
f 3802 3793 3804
f 3793 3802 3790
f 3793 3790 3792
f 3748 3747 3746
f 3749 3747 3748
f 3758 3749 3748
f 3759 3749 3758
f 3747 3751 3750
f 3747 3750 3746
f 3757 3759 3756
f 3756 3759 3758
f 3754 3753 3752
f 3754 3755 3753
f 3755 3757 3756
f 3755 3756 3753
f 3744 3738 3736
f 3734 3744 3736
f 3742 3744 3734
f 3734 3743 3742
f 3743 3734 3733
f 3739 3741 3730
f 3744 3745 3738
f 3739 3730 3726
f 3745 3728 3738
f 3740 3739 3728
f 3728 3739 3726
f 3728 3745 3740
f 3700 3690 3692
f 3700 3701 3690
f 3688 3698 3699
f 3691 3690 3689
f 3692 3690 3691
f 3683 3687 3685
f 3683 3688 3687
f 3698 3688 3683
f 3697 3698 3683
f 3701 3702 3690
f 3684 3685 3686
f 3685 3684 3683
f 3690 3693 3689
f 3697 3683 3684
f 3690 3702 3694
f 3690 3694 3693
f 3696 3684 3686
f 3696 3686 3695
f 3694 3695 3693
f 3703 3697 3684
f 3703 3694 3702
f 3703 3684 3696
f 3703 3696 3694
f 3694 3696 3695
f 3630 3629 3628
f 3631 3629 3630
f 3629 3627 3628
f 3628 3627 3626
f 3619 3602 3614
f 3613 3614 3602
f 3613 3602 3601
f 3604 3613 3601
f 3615 3613 3604
f 3633 3630 3632
f 3633 3631 3630
f 3623 3632 3621
f 3622 3623 3621
f 3622 3621 3620
f 3624 3622 3620
f 3623 3633 3632
f 3625 3622 3624
f 3602 3619 3612
f 3619 3618 3612
f 3612 3618 3610
f 3618 3608 3610
f 3618 3616 3608
f 3617 3608 3616
f 3608 3617 3606
f 3659 3658 3649
f 3656 3646 3657
f 3649 3658 3650
f 3649 3650 3648
f 3649 3648 3647
f 3646 3641 3645
f 3645 3641 3642
f 3646 3656 3641
f 3656 3655 3641
f 3660 3659 3649
f 3642 3643 3644
f 3643 3642 3641
f 3651 3649 3647
f 3641 3655 3643
f 3652 3649 3651
f 3660 3649 3652
f 3643 3654 3644
f 3644 3654 3653
f 3653 3652 3651
f 3655 3661 3643
f 3652 3661 3660
f 3643 3661 3654
f 3654 3652 3653
f 3654 3661 3652
f 3601 3602 3600
f 3601 3600 3599
f 3604 3601 3599
f 3602 3611 3600
f 3602 3612 3611
f 3604 3599 3603
f 3607 3606 3605
f 3608 3606 3607
f 3612 3610 3611
f 3610 3608 3609
f 3609 3608 3607
f 3611 3610 3609
f 3639 3629 3631
f 3633 3639 3631
f 3637 3627 3629
f 3639 3637 3629
f 3623 3640 3633
f 3640 3639 3633
f 3637 3638 3627
f 3636 3622 3625
f 3634 3640 3623
f 3636 3635 3622
f 3635 3634 3622
f 3622 3634 3623
f 3722 3712 3721
f 3709 3718 3720
f 3712 3713 3711
f 3722 3713 3712
f 3705 3709 3708
f 3718 3709 3705
f 3712 3711 3710
f 3705 3708 3704
f 3707 3718 3705
f 3707 3705 3706
f 3706 3705 3704
f 3713 3715 3711
f 3722 3715 3713
f 3719 3718 3707
f 3722 3723 3715
f 3711 3715 3714
f 3719 3707 3717
f 3716 3707 3706
f 3717 3707 3716
f 3723 3717 3715
f 3715 3717 3714
f 3714 3717 3716
f 3719 3717 3724
f 3717 3723 3724
f 3676 3667 3678
f 3669 3680 3679
f 3670 3669 3668
f 3671 3669 3670
f 3671 3680 3669
f 3667 3664 3666
f 3667 3676 3664
f 3666 3664 3662
f 3664 3665 3663
f 3664 3663 3662
f 3676 3665 3664
f 3673 3680 3671
f 3673 3671 3670
f 3676 3677 3665
f 3681 3680 3673
f 3673 3670 3672
f 3665 3677 3675
f 3665 3675 3674
f 3665 3674 3663
f 3675 3681 3673
f 3675 3673 3672
f 3675 3672 3674
f 3675 3677 3682
f 3681 3675 3682
f 4533 4534 4532
f 4533 4532 4531
f 4533 4536 4535
f 4533 4535 4534
f 4527 4528 4526
f 4527 4529 4528
f 4527 4530 4529
f 4527 4526 4525
f 4545 4548 4547
f 4545 4547 4546
f 4545 4546 4544
f 4545 4544 4543
f 4655 4649 4650
f 4651 4650 4649
f 4641 4665 4642
f 4642 4665 4664
f 4664 4665 4638
f 4642 4640 4641
f 4653 4654 4659
f 4654 4672 4659
f 4658 4659 4672
f 4660 4659 4658
f 4660 4661 4659
f 4632 4621 4631
f 4567 4566 4565
f 4565 4571 4567
f 4581 4556 4558
f 4581 4558 4580
f 4554 4581 4580
f 4641 4640 4639
f 4637 4638 4633
f 4694 4702 4701
f 4701 4696 4694
f 4705 4716 4715
f 4688 4687 4686
f 4656 4649 4655
f 4671 4651 4649
f 4664 4638 4637
f 4669 4651 4668
f 4670 4651 4669
f 4651 4671 4668
f 4686 4687 4685
f 4554 4580 4553
f 4554 4553 4552
f 4566 4586 4585
f 4566 4585 4584
f 4587 4566 4584
f 4566 4587 4565
f 4539 4540 4538
f 4541 4540 4539
f 4541 4542 4540
f 4699 4692 4693
f 4713 4692 4699
f 4697 4713 4699
f 4705 4715 4704
f 4699 4698 4697
f 4699 4700 4698
f 4690 4705 4704
f 4696 4695 4694
f 4620 4621 4606
f 4631 4621 4620
f 4611 4618 4610
f 4612 4611 4610
f 4714 4695 4708
f 4675 4690 4689
f 4694 4695 4714
f 4690 4704 4689
f 4709 4695 4710
f 4695 4709 4708
f 4576 4577 4575
f 4576 4575 4574
f 4569 4570 4576
f 4588 4569 4576
f 4576 4574 4588
f 4557 4558 4556
f 4557 4556 4555
f 4612 4610 4630
f 4612 4630 4625
f 4606 4594 4605
f 4625 4624 4612
f 4620 4606 4605
f 4619 4617 4618
f 4618 4617 4610
f 4603 4601 4602
f 4603 4604 4601
f 4572 4571 4565
f 4572 4573 4571
f 4615 4614 4613
f 4629 4613 4614
f 4609 4629 4614
f 4615 4616 4614
f 4609 4614 4608
f 4654 4653 4652
f 4637 4633 4634
f 4635 4634 4633
f 4570 4569 4568
f 4552 4553 4550
f 4552 4550 4551
f 4693 4692 4691
f 4609 4608 4607
f 4677 4676 4675
f 4675 4689 4677
f 4625 4626 4624
f 4594 4592 4593
f 4605 4594 4593
f 4656 4657 4649
f 4640 4644 4639
f 4639 4644 4643
f 4560 4557 4555
f 4560 4555 4559
f 4539 4538 4537
f 4681 4685 4683
f 4694 4703 4702
f 4686 4685 4681
f 4597 4602 4601
f 4598 4602 4597
f 4666 4654 4652
f 4692 4711 4691
f 4647 4636 4635
f 4636 4634 4635
f 4551 4550 4549
f 4583 4568 4582
f 4549 4563 4551
f 4582 4568 4569
f 4627 4609 4607
f 4678 4676 4677
f 4678 4679 4676
f 4654 4666 4667
f 4595 4591 4592
f 4593 4592 4591
f 4692 4712 4711
f 4628 4609 4627
f 4648 4636 4647
f 4662 4648 4647
f 4680 4706 4679
f 4680 4679 4678
f 4564 4578 4563
f 4549 4564 4563
f 4622 4596 4595
f 4595 4596 4591
f 4683 4684 4682
f 4683 4682 4681
f 4599 4598 4597
f 4600 4598 4599
f 4645 4643 4644
f 4645 4646 4643
f 4559 4561 4560
f 4562 4561 4559
f 4707 4684 4706
f 4680 4707 4706
f 4600 4623 4622
f 4622 4623 4596
f 4673 4663 4662
f 4662 4663 4648
f 4564 4579 4578
f 4579 4589 4578
f 4579 4590 4589
f 4599 4623 4600
f 4707 4682 4684
f 4674 4663 4673
f 4725 4724 4723
f 4726 4724 4725
f 4727 4724 4726
f 4728 4724 4727
f 4845 4822 4844
f 4831 4830 4829
f 4845 4820 4822
f 4845 4844 4818
f 4829 4835 4831
f 4841 4839 4840
f 4840 4839 4838
f 4838 4833 4840
f 4833 4834 4840
f 4821 4822 4820
f 4737 4761 4738
f 4738 4761 4760
f 4761 4734 4760
f 4747 4746 4745
f 4752 4745 4746
f 4821 4820 4819
f 4829 4836 4835
f 4818 4844 4817
f 4818 4817 4813
f 4829 4830 4848
f 4830 4849 4848
f 4830 4850 4849
f 4863 4862 4861
f 4863 4864 4862
f 4872 4871 4870
f 4879 4866 4878
f 4876 4870 4871
f 4733 4734 4732
f 4747 4767 4764
f 4760 4734 4733
f 4765 4747 4764
f 4766 4747 4765
f 4767 4747 4745
f 4720 4718 4719
f 4720 4721 4718
f 4722 4721 4720
f 4869 4887 4868
f 4887 4873 4868
f 4878 4866 4865
f 4869 4868 4867
f 4875 4868 4874
f 4874 4868 4873
f 4801 4800 4786
f 4801 4811 4800
f 4801 4812 4811
f 4792 4791 4790
f 4797 4792 4790
f 4872 4870 4888
f 4872 4888 4882
f 4883 4872 4882
f 4866 4851 4865
f 4872 4883 4884
f 4738 4736 4737
f 4757 4755 4756
f 4756 4755 4754
f 4749 4750 4755
f 4750 4768 4755
f 4754 4755 4768
f 4752 4751 4745
f 4753 4751 4752
f 4737 4736 4735
f 4790 4791 4810
f 4810 4791 4804
f 4805 4804 4791
f 4774 4786 4785
f 4786 4800 4785
f 4798 4797 4790
f 4798 4799 4797
f 4781 4783 4782
f 4784 4783 4781
f 4796 4794 4795
f 4809 4788 4795
f 4795 4788 4789
f 4795 4794 4793
f 4793 4809 4795
f 4834 4833 4832
f 4813 4817 4815
f 4815 4814 4813
f 4750 4749 4748
f 4733 4732 4731
f 4731 4732 4730
f 4789 4788 4787
f 4865 4851 4852
f 4853 4852 4851
f 4806 4804 4805
f 4774 4785 4772
f 4773 4774 4772
f 4824 4821 4819
f 4837 4836 4829
f 4824 4819 4823
f 4736 4740 4735
f 4735 4740 4739
f 4719 4718 4717
f 4861 4857 4858
f 4861 4862 4857
f 4877 4870 4876
f 4782 4779 4777
f 4782 4777 4781
f 4833 4846 4832
f 4885 4869 4867
f 4731 4730 4729
f 4748 4763 4762
f 4815 4816 4814
f 4816 4827 4814
f 4743 4729 4730
f 4748 4762 4750
f 4788 4807 4787
f 4855 4854 4853
f 4853 4854 4852
f 4846 4833 4847
f 4773 4772 4771
f 4771 4775 4773
f 4886 4869 4885
f 4788 4808 4807
f 4828 4842 4827
f 4816 4828 4827
f 4855 4856 4854
f 4880 4856 4855
f 4758 4744 4743
f 4744 4729 4743
f 4776 4802 4775
f 4776 4775 4771
f 4860 4858 4859
f 4859 4858 4857
f 4779 4780 4778
f 4779 4778 4777
f 4823 4825 4824
f 4826 4825 4823
f 4741 4742 4739
f 4741 4739 4740
f 4860 4881 4880
f 4881 4856 4880
f 4803 4780 4802
f 4803 4802 4776
f 4769 4759 4758
f 4759 4744 4758
f 4770 4759 4769
f 4843 4842 4828
f 4803 4778 4780
f 4859 4881 4860
f 4210 4237 4236
f 4237 4212 4214
f 4237 4214 4236
f 4213 4214 4212
f 4228 4229 4227
f 4228 4227 4221
f 4213 4212 4211
f 4232 4231 4230
f 4232 4233 4231
f 4230 4225 4232
f 4225 4226 4232
f 4189 4191 4190
f 4189 4190 4188
f 4210 4236 4209
f 4210 4209 4208
f 4222 4242 4241
f 4222 4241 4240
f 4369 4370 4365
f 4383 4382 4381
f 4403 4383 4381
f 4383 4403 4400
f 4401 4383 4400
f 4402 4383 4401
f 4396 4397 4370
f 4396 4370 4369
f 4388 4381 4382
f 4373 4397 4374
f 4374 4397 4396
f 4270 4263 4264
f 4280 4258 4279
f 4223 4222 4221
f 4221 4227 4223
f 4221 4222 4240
f 4265 4264 4263
f 4255 4256 4253
f 4255 4253 4254
f 4274 4260 4273
f 4274 4277 4260
f 4277 4259 4260
f 4261 4260 4259
f 4261 4262 4260
f 4279 4258 4257
f 4433 4428 4426
f 4428 4427 4426
f 4437 4448 4447
f 4437 4447 4436
f 4422 4437 4436
f 4183 4185 4184
f 4183 4184 4182
f 4183 4182 4181
f 4183 4186 4185
f 4426 4434 4433
f 4420 4419 4418
f 4418 4419 4417
f 4270 4264 4278
f 4270 4278 4269
f 4271 4270 4269
f 4270 4271 4272
f 4258 4246 4257
f 4407 4422 4421
f 4422 4436 4421
f 4446 4427 4440
f 4426 4427 4446
f 4427 4441 4440
f 4441 4427 4442
f 4431 4424 4425
f 4445 4424 4431
f 4429 4445 4431
f 4431 4430 4429
f 4431 4432 4430
f 4386 4404 4391
f 4390 4391 4404
f 4385 4386 4391
f 4374 4372 4373
f 4389 4387 4388
f 4388 4387 4381
f 4373 4372 4371
f 4392 4391 4390
f 4392 4393 4391
f 4226 4225 4224
f 4208 4209 4206
f 4208 4206 4207
f 4369 4365 4366
f 4367 4366 4365
f 4386 4385 4384
f 4425 4424 4423
f 4246 4244 4245
f 4257 4246 4245
f 4407 4421 4409
f 4409 4408 4407
f 4216 4213 4211
f 4216 4211 4215
f 4189 4188 4187
f 4189 4192 4191
f 4372 4376 4371
f 4371 4376 4375
f 4275 4274 4273
f 4250 4254 4249
f 4249 4254 4253
f 4265 4266 4264
f 4426 4435 4434
f 4418 4417 4413
f 4413 4417 4415
f 4225 4238 4224
f 4398 4386 4384
f 4424 4443 4423
f 4205 4219 4207
f 4207 4206 4205
f 4368 4366 4367
f 4379 4368 4367
f 4410 4408 4409
f 4410 4411 4408
f 4247 4243 4244
f 4238 4225 4239
f 4245 4244 4243
f 4386 4398 4399
f 4424 4444 4443
f 4276 4274 4275
f 4380 4368 4379
f 4394 4380 4379
f 4247 4248 4243
f 4267 4248 4247
f 4412 4438 4411
f 4412 4411 4410
f 4252 4250 4251
f 4251 4250 4249
f 4415 4414 4413
f 4415 4416 4414
f 4218 4217 4215
f 4215 4217 4216
f 4377 4375 4376
f 4377 4378 4375
f 4205 4220 4219
f 4220 4234 4219
f 4412 4439 4438
f 4439 4416 4438
f 4267 4268 4248
f 4252 4268 4267
f 4394 4395 4380
f 4405 4395 4394
f 4220 4235 4234
f 4406 4395 4405
f 4251 4268 4252
f 4439 4414 4416
f 3863 3862 3861
f 3868 3861 3862
f 3877 3850 3876
f 3854 3877 3876
f 3853 3877 3854
f 3870 3871 3884
f 3866 3884 3871
f 3865 3866 3871
f 3854 3852 3853
f 3872 3871 3870
f 3873 3871 3872
f 4045 4020 4022
f 4045 4022 4044
f 4045 4044 4018
f 4029 4035 4031
f 4031 4030 4029
f 3853 3852 3851
f 3869 3867 3868
f 3868 3867 3861
f 3830 3828 3829
f 3831 3828 3830
f 3876 3850 3849
f 3849 3850 3848
f 3883 3863 3861
f 3863 3883 3880
f 3881 3863 3880
f 3882 3863 3881
f 4018 4017 4013
f 4018 4044 4017
f 4030 4051 4029
f 4051 4030 4048
f 4030 4049 4048
f 4030 4050 4049
f 3917 3928 3927
f 3900 3899 3897
f 3906 3914 3913
f 3913 3908 3906
f 3897 3899 3898
f 3917 3927 3916
f 3912 3910 3911
f 3911 3910 3909
f 3909 3925 3911
f 3925 3904 3911
f 3917 3916 3902
f 3911 3904 3905
f 3908 3907 3906
f 4076 4075 4074
f 4085 4070 4084
f 4095 4085 4084
f 4096 4085 4095
f 4075 4081 4074
f 3823 3822 3821
f 3824 3822 3823
f 3825 3822 3824
f 3826 3822 3825
f 4067 4066 4065
f 4067 4068 4066
f 4082 4074 4081
f 3906 3907 3926
f 3926 3907 3920
f 3907 3921 3920
f 3921 3907 3922
f 3890 3902 3901
f 3902 3916 3901
f 4070 4055 4069
f 4084 4070 4069
f 4076 4089 4090
f 4089 4076 4088
f 4076 4074 4094
f 4076 4094 4088
f 4073 4078 4072
f 4073 4093 4078
f 4093 4077 4078
f 4079 4078 4077
f 4080 4078 4079
f 4021 4022 4020
f 4052 4033 4040
f 4036 4035 4029
f 4036 4037 4035
f 4040 4038 4052
f 4033 4034 4040
f 4021 4020 4019
f 4040 4039 4038
f 4041 4039 4040
f 3866 3865 3864
f 4034 4033 4032
f 3849 3848 3847
f 3847 3848 3846
f 4015 4014 4013
f 4013 4017 4015
f 3905 3904 3903
f 4073 4072 4071
f 3889 3890 3888
f 3890 3901 3888
f 4057 4056 4055
f 4069 4055 4056
f 3852 3856 3851
f 3851 3856 3855
f 3829 3828 3827
f 3832 3828 3831
f 4024 4021 4019
f 4024 4019 4023
f 3898 3895 3893
f 3898 3893 3897
f 3915 3914 3906
f 4083 4074 4082
f 4065 4066 4061
f 4065 4061 4062
f 3878 3866 3864
f 4033 4046 4032
f 3904 3923 3903
f 4091 4073 4071
f 3847 3846 3845
f 3859 3845 3846
f 4015 4016 4014
f 4016 4027 4014
f 4059 4058 4057
f 4057 4058 4056
f 3887 3891 3889
f 3866 3878 3879
f 3889 3888 3887
f 4046 4033 4047
f 4092 4073 4091
f 3904 3924 3923
f 3860 3845 3859
f 3874 3860 3859
f 4028 4042 4027
f 4016 4028 4027
f 3892 3918 3891
f 3892 3891 3887
f 4086 4060 4059
f 4059 4060 4058
f 3895 3896 3894
f 3895 3894 3893
f 4064 4062 4063
f 4063 4062 4061
f 3857 3858 3855
f 3857 3855 3856
f 4026 4025 4023
f 4023 4025 4024
f 3919 3896 3918
f 3919 3918 3892
f 4087 4060 4086
f 4064 4087 4086
f 3885 3875 3874
f 3875 3860 3874
f 4043 4053 4042
f 4043 4042 4028
f 4043 4054 4053
f 3919 3894 3896
f 3886 3875 3885
f 4063 4087 4064
f 4331 4355 4332
f 4332 4355 4354
f 4354 4355 4328
f 4361 4345 4346
f 4341 4361 4346
f 4471 4465 4466
f 4461 4462 4459
f 4472 4465 4471
f 4478 4479 4464
f 4478 4464 4463
f 4467 4466 4465
f 4467 4465 4484
f 4472 4473 4465
f 4311 4322 4321
f 4311 4321 4310
f 4296 4311 4310
f 4320 4301 4308
f 4308 4306 4320
f 4517 4496 4516
f 4517 4494 4496
f 4523 4504 4505
f 4492 4517 4516
f 4509 4523 4505
f 4461 4459 4460
f 4470 4474 4475
f 4495 4496 4494
f 4476 4475 4474
f 4505 4510 4509
f 4495 4494 4493
f 4332 4330 4331
f 4347 4346 4345
f 4331 4330 4329
f 4506 4507 4524
f 4508 4507 4506
f 4506 4512 4508
f 4506 4513 4512
f 4344 4342 4362
f 4344 4343 4342
f 4343 4350 4342
f 4350 4349 4342
f 4360 4341 4359
f 4359 4341 4339
f 4354 4328 4327
f 4281 4296 4295
f 4296 4310 4295
f 4341 4346 4340
f 4341 4340 4339
f 4327 4328 4323
f 4314 4300 4301
f 4301 4302 4308
f 4302 4301 4300
f 4492 4516 4491
f 4492 4491 4490
f 4504 4522 4521
f 4504 4521 4503
f 4505 4504 4503
f 4299 4298 4297
f 4294 4293 4291
f 4297 4303 4299
f 4291 4293 4292
f 4304 4303 4297
f 4298 4319 4297
f 4469 4470 4475
f 4470 4469 4468
f 4464 4452 4463
f 4482 4470 4468
f 4470 4482 4483
f 4308 4307 4306
f 4201 4203 4202
f 4201 4202 4200
f 4319 4298 4316
f 4327 4323 4324
f 4325 4324 4323
f 4344 4362 4357
f 4195 4194 4193
f 4195 4196 4194
f 4197 4196 4195
f 4524 4507 4518
f 4490 4491 4488
f 4490 4488 4489
f 4281 4295 4283
f 4315 4300 4314
f 4283 4282 4281
f 4463 4452 4451
f 4452 4450 4451
f 4308 4309 4307
f 4292 4287 4291
f 4292 4289 4287
f 4455 4460 4459
f 4476 4477 4475
f 4456 4460 4455
f 4304 4305 4303
f 4347 4348 4346
f 4330 4334 4329
f 4329 4334 4333
f 4498 4497 4493
f 4493 4497 4495
f 4505 4511 4510
f 4351 4349 4350
f 4357 4356 4344
f 4357 4358 4356
f 4298 4317 4316
f 4507 4519 4518
f 4201 4200 4199
f 4485 4467 4484
f 4201 4204 4203
f 4197 4198 4196
f 4326 4324 4325
f 4337 4326 4325
f 4487 4501 4489
f 4489 4488 4487
f 4284 4285 4282
f 4284 4282 4283
f 4453 4449 4450
f 4451 4450 4449
f 4519 4507 4520
f 4298 4318 4317
f 4486 4467 4485
f 4352 4338 4337
f 4338 4326 4337
f 4487 4502 4501
f 4502 4514 4501
f 4286 4285 4284
f 4286 4312 4285
f 4453 4454 4449
f 4480 4454 4453
f 4335 4333 4334
f 4335 4336 4333
f 4500 4499 4498
f 4498 4499 4497
f 4289 4288 4287
f 4289 4290 4288
f 4457 4456 4455
f 4458 4456 4457
f 4363 4353 4352
f 4352 4353 4338
f 4313 4290 4312
f 4286 4313 4312
f 4458 4481 4480
f 4480 4481 4454
f 4364 4353 4363
f 4313 4288 4290
f 4502 4515 4514
f 4457 4481 4458
f 4009 3988 3995
f 4003 3978 3980
f 3993 4009 3995
f 4003 3980 4002
f 4003 4002 3976
f 4127 4137 4126
f 4127 4138 4137
f 4114 4135 4113
f 4115 4114 4113
f 4113 4119 4115
f 4110 4109 4107
f 4113 4120 4119
f 4121 4120 4113
f 3970 3959 3969
f 3950 3968 3955
f 3969 3959 3958
f 3959 3944 3958
f 3954 3955 3968
f 4177 4161 4162
f 4157 4177 4162
f 4171 4144 4170
f 4148 4171 4170
f 4147 4171 4148
f 4148 4146 4147
f 4124 4123 4122
f 4124 4122 4136
f 4107 4109 4108
f 4163 4162 4161
f 4147 4146 4145
f 3979 3978 3977
f 3979 3980 3978
f 4127 4126 4112
f 4136 4117 4124
f 4159 4165 4158
f 4160 4159 4158
f 4160 4158 4178
f 4166 4158 4165
f 4167 4158 4166
f 3998 3997 3990
f 3997 3992 3990
f 3992 3991 3990
f 3990 3991 4010
f 3976 4002 3975
f 3976 3975 3971
f 3988 4008 4007
f 3948 3962 3950
f 3950 3949 3948
f 3949 3950 3955
f 3944 3929 3943
f 3988 4007 3987
f 3989 3988 3987
f 3995 3988 3989
f 3958 3944 3943
f 4175 4157 4155
f 4176 4157 4175
f 4170 4144 4143
f 4143 4144 4142
f 4157 4156 4155
f 4157 4162 4156
f 3967 3947 3945
f 3947 3946 3945
f 3941 3942 3939
f 3952 3945 3946
f 4117 4118 4124
f 4118 4117 4116
f 3941 3939 3940
f 3995 3994 3993
f 3952 3951 3945
f 4117 4130 4116
f 4100 4112 4111
f 4112 4126 4111
f 4130 4117 4131
f 3956 3955 3954
f 3843 3840 3842
f 3842 3840 3841
f 3947 3967 3964
f 4135 4114 4132
f 3973 3972 3971
f 3971 3975 3973
f 4010 3991 4004
f 3835 3834 3833
f 3836 3834 3835
f 3836 3837 3834
f 4160 4178 4172
f 4143 4142 4141
f 4141 4142 4140
f 3931 3930 3929
f 3943 3929 3930
f 3948 3963 3962
f 4099 4100 4098
f 4100 4111 4098
f 3935 3940 3939
f 3957 3955 3956
f 3936 3940 3935
f 4108 4103 4107
f 4125 4123 4124
f 4108 4105 4103
f 3953 3951 3952
f 3996 3994 3995
f 3982 3979 3977
f 3982 3977 3981
f 4149 4145 4146
f 4164 4162 4163
f 4149 4150 4145
f 3998 3999 3997
f 4005 4004 3991
f 4006 4004 4005
f 3965 3947 3964
f 4173 4160 4172
f 3841 3840 3839
f 4114 4133 4132
f 3844 3840 3843
f 3838 3837 3836
f 3973 3974 3972
f 3974 3985 3972
f 4141 4140 4139
f 4153 4139 4140
f 3931 3932 3930
f 3933 3932 3931
f 4099 4098 4097
f 4097 4101 4099
f 4160 4173 4174
f 3966 3947 3965
f 4114 4134 4133
f 3974 3986 3985
f 3986 4000 3985
f 4168 4154 4153
f 4154 4139 4153
f 3960 3934 3933
f 3933 3934 3932
f 4102 4101 4097
f 4102 4128 4101
f 3981 3983 3982
f 3984 3983 3981
f 4151 4152 4150
f 4151 4150 4149
f 3938 3936 3937
f 3937 3936 3935
f 4105 4104 4103
f 4105 4106 4104
f 4001 4011 4000
f 4001 4000 3986
f 4179 4169 4168
f 4169 4154 4168
f 3938 3961 3960
f 3961 3934 3960
f 4129 4128 4102
f 4129 4106 4128
f 4001 4012 4011
f 3937 3961 3938
f 4180 4169 4179
f 4129 4104 4106
f 3811 3810 3809
f 3812 3810 3811
f 3813 3810 3812
f 3814 3810 3813
f 3819 3816 3818
f 3820 3816 3819
f 3818 3816 3817
f 3817 3816 3815
f 5051 5052 5037
f 5050 5051 5037
f 5050 5037 5039
f 5056 5050 5039
f 5037 5052 5041
f 5055 5056 5049
f 5056 5039 5049
f 5054 5053 5044
f 5045 5055 5047
f 5055 5049 5047
f 5053 5055 5045
f 5044 5053 5045
f 5024 5026 5025
f 5024 5025 5022
f 5026 5027 5025
f 5023 5024 5022
f 5023 5022 5021
f 5026 5028 5027
f 5028 5018 5027
f 5027 5018 5017
f 5015 5020 5019
f 5016 5020 5015
f 5017 5016 5015
f 5018 5016 5017
f 5070 5076 5077
f 5072 5070 5077
f 5067 5070 5069
f 5070 5060 5069
f 5069 5060 5059
f 5076 5070 5068
f 5072 5060 5070
f 5068 5070 5067
f 5075 5076 5068
f 5072 5071 5060
f 5064 5068 5067
f 5060 5058 5059
f 5059 5058 5057
f 5066 5068 5064
f 5075 5068 5066
f 5060 5071 5058
f 5065 5066 5064
f 5065 5064 5063
f 5058 5061 5057
f 5075 5066 5065
f 5075 5065 5074
f 5071 5062 5058
f 5062 5071 5073
f 5058 5062 5061
f 5091 5093 5098
f 5097 5091 5098
f 5081 5090 5079
f 5081 5091 5090
f 5091 5088 5090
f 5081 5093 5091
f 5091 5097 5089
f 5091 5089 5088
f 5097 5096 5089
f 5092 5093 5081
f 5089 5086 5088
f 5080 5079 5078
f 5080 5081 5079
f 5089 5087 5086
f 5089 5096 5087
f 5092 5081 5080
f 5087 5085 5086
f 5086 5085 5084
f 5082 5080 5078
f 5087 5096 5085
f 5085 5096 5095
f 5092 5083 5094
f 5083 5092 5080
f 5083 5080 5082
f 5038 5037 5036
f 5039 5037 5038
f 5048 5039 5038
f 5049 5039 5048
f 5037 5041 5040
f 5037 5040 5036
f 5047 5049 5046
f 5046 5049 5048
f 5044 5043 5042
f 5044 5045 5043
f 5045 5047 5046
f 5045 5046 5043
f 5034 5028 5026
f 5024 5034 5026
f 5032 5034 5024
f 5024 5033 5032
f 5033 5024 5023
f 5029 5031 5020
f 5034 5035 5028
f 5029 5020 5016
f 5035 5018 5028
f 5030 5029 5018
f 5018 5029 5016
f 5018 5035 5030
f 4990 4980 4982
f 4990 4991 4980
f 4978 4988 4989
f 4981 4980 4979
f 4982 4980 4981
f 4973 4977 4975
f 4973 4978 4977
f 4988 4978 4973
f 4987 4988 4973
f 4991 4992 4980
f 4974 4975 4976
f 4975 4974 4973
f 4980 4983 4979
f 4987 4973 4974
f 4980 4992 4984
f 4980 4984 4983
f 4986 4974 4976
f 4986 4976 4985
f 4984 4985 4983
f 4993 4987 4974
f 4993 4984 4992
f 4993 4974 4986
f 4993 4986 4984
f 4984 4986 4985
f 4920 4919 4918
f 4921 4919 4920
f 4919 4917 4918
f 4918 4917 4916
f 4909 4892 4904
f 4903 4904 4892
f 4903 4892 4891
f 4894 4903 4891
f 4905 4903 4894
f 4923 4920 4922
f 4923 4921 4920
f 4913 4922 4911
f 4912 4913 4911
f 4912 4911 4910
f 4914 4912 4910
f 4913 4923 4922
f 4915 4912 4914
f 4892 4909 4902
f 4909 4908 4902
f 4902 4908 4900
f 4908 4898 4900
f 4908 4906 4898
f 4907 4898 4906
f 4898 4907 4896
f 4949 4948 4939
f 4946 4936 4947
f 4939 4948 4940
f 4939 4940 4938
f 4939 4938 4937
f 4936 4931 4935
f 4935 4931 4932
f 4936 4946 4931
f 4946 4945 4931
f 4950 4949 4939
f 4932 4933 4934
f 4933 4932 4931
f 4941 4939 4937
f 4931 4945 4933
f 4942 4939 4941
f 4950 4939 4942
f 4933 4944 4934
f 4934 4944 4943
f 4943 4942 4941
f 4945 4951 4933
f 4942 4951 4950
f 4933 4951 4944
f 4944 4942 4943
f 4944 4951 4942
f 4891 4892 4890
f 4891 4890 4889
f 4894 4891 4889
f 4892 4901 4890
f 4892 4902 4901
f 4894 4889 4893
f 4897 4896 4895
f 4898 4896 4897
f 4902 4900 4901
f 4900 4898 4899
f 4899 4898 4897
f 4901 4900 4899
f 4929 4919 4921
f 4923 4929 4921
f 4927 4917 4919
f 4929 4927 4919
f 4913 4930 4923
f 4930 4929 4923
f 4927 4928 4917
f 4926 4912 4915
f 4924 4930 4913
f 4926 4925 4912
f 4925 4924 4912
f 4912 4924 4913
f 5012 5002 5011
f 4999 5008 5010
f 5002 5003 5001
f 5012 5003 5002
f 4995 4999 4998
f 5008 4999 4995
f 5002 5001 5000
f 4995 4998 4994
f 4997 5008 4995
f 4997 4995 4996
f 4996 4995 4994
f 5003 5005 5001
f 5012 5005 5003
f 5009 5008 4997
f 5012 5013 5005
f 5001 5005 5004
f 5009 4997 5007
f 5006 4997 4996
f 5007 4997 5006
f 5013 5007 5005
f 5005 5007 5004
f 5004 5007 5006
f 5009 5007 5014
f 5007 5013 5014
f 4966 4957 4968
f 4959 4970 4969
f 4960 4959 4958
f 4961 4959 4960
f 4961 4970 4959
f 4957 4954 4956
f 4957 4966 4954
f 4956 4954 4952
f 4954 4955 4953
f 4954 4953 4952
f 4966 4955 4954
f 4963 4970 4961
f 4963 4961 4960
f 4966 4967 4955
f 4971 4970 4963
f 4963 4960 4962
f 4955 4967 4965
f 4955 4965 4964
f 4955 4964 4953
f 4965 4971 4963
f 4965 4963 4962
f 4965 4962 4964
f 4965 4967 4972
f 4971 4965 4972
f 5145 5144 5143
f 5148 5143 5144
f 5148 5144 5147
f 5141 5142 5140
f 5155 5154 5153
f 5157 5153 5154
f 5158 5153 5157
f 5156 5154 5155
f 5155 5152 5156
f 5146 5144 5145
f 5145 5141 5146
f 5141 5140 5139
f 5146 5141 5139
f 5151 5150 5149
f 5152 5150 5151
f 5156 5152 5151
f 5132 5130 5131
f 5136 5132 5131
f 5135 5132 5136
f 5131 5130 5129
f 5138 5133 5137
f 5136 5134 5135
f 5135 5134 5133
f 5137 5133 5134
f 5105 5102 5106
f 5106 5104 5105
f 5105 5104 5103
f 5106 5102 5101
f 5102 5100 5101
f 5101 5100 5099
f 5107 5103 5104
f 5108 5103 5107
f 5121 5120 5119
f 5122 5120 5121
f 5126 5122 5121
f 5125 5122 5126
f 5126 5124 5125
f 5127 5123 5124
f 5128 5123 5127
f 5125 5124 5123
f 5111 5110 5109
f 5112 5110 5111
f 5116 5112 5111
f 5115 5112 5116
f 5116 5114 5115
f 5117 5113 5114
f 5118 5113 5117
f 5115 5114 5113
f 5170 5171 5169
f 5197 5169 5171
f 5197 5195 5169
f 5198 5195 5197
f 5198 5196 5195
f 5196 5194 5195
f 5195 5194 5193
f 5195 5193 5169
f 5169 5193 5167
f 5167 5170 5169
f 5172 5171 5170
f 5193 5192 5191
f 5194 5192 5193
f 5193 5165 5167
f 5193 5191 5165
f 5166 5167 5165
f 5168 5167 5166
f 5170 5167 5168
f 5175 5174 5173
f 5199 5173 5174
f 5199 5200 5173
f 5201 5200 5199
f 5201 5202 5200
f 5198 5213 5196
f 5196 5213 5194
f 5194 5212 5192
f 5201 5214 5202
f 5192 5190 5191
f 5191 5189 5165
f 5191 5190 5189
f 5165 5189 5163
f 5164 5165 5163
f 5166 5165 5164
f 5174 5178 5177
f 5178 5174 5176
f 5203 5199 5174
f 5203 5174 5177
f 5176 5174 5175
f 5204 5201 5199
f 5204 5199 5203
f 5204 5214 5201
f 5192 5212 5190
f 5190 5187 5189
f 5190 5211 5187
f 5205 5204 5203
f 5206 5204 5205
f 5206 5215 5204
f 5187 5211 5188
f 5189 5187 5185
f 5189 5185 5163
f 5163 5185 5160
f 5160 5164 5163
f 5164 5160 5162
f 5177 5180 5179
f 5180 5177 5178
f 5179 5203 5177
f 5205 5203 5179
f 5188 5216 5210
f 5210 5216 5208
f 5208 5215 5206
f 5162 5160 5161
f 5182 5179 5180
f 5208 5206 5205
f 5187 5188 5186
f 5187 5186 5185
f 5161 5160 5159
f 5183 5161 5159
f 5161 5183 5184
f 5184 5181 5182
f 5179 5182 5181
f 5185 5186 5159
f 5185 5159 5160
f 5207 5179 5181
f 5207 5205 5179
f 5208 5205 5207
f 5188 5209 5186
f 5188 5210 5209
f 5209 5208 5207
f 5210 5208 5209
f 5181 5184 5183
f 5186 5183 5159
f 5186 5209 5183
f 5209 5207 5183
f 5183 5207 5181
f 5488 5460 5461
f 5455 5460 5488
f 5454 5488 5456
f 5455 5488 5454
f 5452 5423 5422
f 5414 5423 5452
f 5414 5452 5413
f 5413 5452 5416
f 5452 5451 5416
f 5453 5451 5452
f 5460 5452 5459
f 5452 5422 5459
f 5455 5452 5460
f 5455 5454 5452
f 5452 5454 5453
f 5459 5461 5460
f 5456 5453 5454
f 5462 5461 5459
f 5448 5453 5456
f 5414 5382 5423
f 5414 5413 5382
f 5413 5416 5406
f 5406 5416 5415
f 5416 5451 5415
f 5382 5413 5406
f 5453 5448 5451
f 5423 5420 5422
f 5423 5382 5420
f 5422 5420 5421
f 5459 5422 5457
f 5421 5457 5422
f 5457 5462 5459
f 5451 5448 5446
f 5415 5451 5446
f 5251 5310 5369
f 5313 5369 5310
f 5370 5310 5251
f 5371 5310 5370
f 5615 5310 5371
f 5617 5310 5616
f 5310 5326 5314
f 5314 5313 5310
f 5311 5299 5310
f 5299 5326 5310
f 5327 5326 5299
f 5327 5299 5300
f 5301 5300 5299
f 5299 5309 5301
f 5309 5299 5312
f 5312 5299 5311
f 5382 5406 5249
f 5249 5251 5382
f 5382 5251 5369
f 5382 5381 5419
f 5382 5419 5420
f 5382 5377 5381
f 5382 5369 5377
f 5415 5405 5406
f 5249 5406 5405
f 5590 5591 5588
f 5592 5591 5590
f 5592 5593 5591
f 5592 5594 5593
f 5592 5595 5594
f 5370 5251 5368
f 5589 5588 5587
f 5590 5588 5589
f 5368 5251 5367
f 5586 5584 5585
f 5367 5251 5252
f 5252 5612 5611
f 5581 5584 5583
f 5585 5584 5581
f 5592 5597 5596
f 5250 5249 5248
f 5250 5251 5249
f 5249 5408 5407
f 5405 5408 5249
f 5598 5600 5599
f 5598 5597 5592
f 5301 5309 5308
f 5377 5369 5378
f 5313 5378 5369
f 5612 5252 5610
f 5581 5582 5580
f 5610 5252 5257
f 5610 5257 5609
f 5606 5579 5605
f 5581 5580 5579
f 5614 5257 5613
f 5606 5603 5579
f 5607 5603 5606
f 5327 5314 5326
f 5302 5300 5301
f 5613 5257 5306
f 5306 5305 5304
f 5603 5607 5608
f 5303 5302 5301
f 5301 5305 5303
f 5301 5308 5305
f 5403 5405 5415
f 5405 5409 5408
f 5405 5410 5409
f 5403 5410 5405
f 5252 5251 5250
f 5458 5457 5421
f 5458 5462 5457
f 5604 5603 5602
f 5601 5603 5604
f 5598 5601 5600
f 5303 5305 5307
f 5307 5305 5306
f 5419 5421 5420
f 5254 5252 5253
f 5257 5252 5254
f 5381 5379 5417
f 5418 5381 5417
f 5419 5381 5418
f 5381 5377 5379
f 5227 5229 5228
f 5226 5225 5224
f 5227 5225 5226
f 5404 5403 5415
f 5446 5445 5415
f 5415 5445 5404
f 5227 5232 5229
f 5218 5222 5221
f 5223 5222 5218
f 5306 5663 5307
f 5306 5664 5663
f 5664 5306 5666
f 5666 5306 5665
f 5665 5306 5356
f 5306 5257 5356
f 5321 5314 5327
f 5293 5302 5303
f 5378 5313 5377
f 5257 5254 5256
f 5257 5256 5255
f 5375 5257 5255
f 5356 5257 5355
f 5375 5355 5257
f 5303 5307 5656
f 5652 5293 5303
f 5652 5303 5651
f 5314 5315 5313
f 5314 5316 5315
f 5314 5317 5316
f 5321 5317 5314
f 5418 5421 5419
f 5235 5234 5233
f 5231 5234 5235
f 5232 5231 5230
f 5232 5227 5231
f 5219 5218 5217
f 5403 5411 5410
f 5234 5238 5239
f 5238 5237 5236
f 5234 5237 5238
f 5244 5220 5243
f 5220 5218 5219
f 5412 5411 5403
f 5318 5319 5313
f 5318 5313 5315
f 5377 5313 5319
f 5458 5463 5462
f 5462 5463 5464
f 5464 5468 5462
f 5373 5365 5372
f 5244 5241 5220
f 5245 5241 5244
f 5412 5403 5365
f 5446 5448 5445
f 5445 5448 5447
f 5449 5447 5448
f 5372 5365 5374
f 5374 5365 5376
f 5246 5241 5245
f 5247 5241 5246
f 5656 5307 5655
f 5668 5307 5667
f 5403 5402 5365
f 5402 5403 5404
f 5376 5355 5375
f 5242 5241 5240
f 5237 5241 5242
f 5376 5365 5355
f 5319 5379 5377
f 5641 5642 5644
f 5639 5642 5641
f 5639 5643 5642
f 5639 5638 5637
f 5320 5319 5318
f 5641 5644 5624
f 5625 5624 5623
f 5380 5379 5319
f 5417 5379 5380
f 5626 5624 5625
f 5628 5626 5627
f 5321 5322 5317
f 5417 5426 5418
f 5421 5418 5426
f 5427 5426 5417
f 5380 5427 5417
f 5355 5365 5357
f 5357 5365 5361
f 5361 5365 5366
f 5366 5365 5364
f 5365 5399 5364
f 5365 5402 5399
f 5458 5421 5463
f 5704 5697 5703
f 5699 5697 5704
f 5699 5698 5697
f 5702 5698 5701
f 5696 5698 5699
f 5701 5698 5696
f 5640 5638 5639
f 5629 5626 5628
f 5421 5426 5424
f 5424 5430 5421
f 5463 5421 5430
f 5679 5676 5678
f 5670 5356 5669
f 5679 5677 5676
f 5357 5356 5355
f 5701 5696 5700
f 5653 5293 5652
f 5695 5693 5694
f 5696 5693 5695
f 5692 5689 5691
f 5693 5689 5692
f 5654 5293 5653
f 5676 5674 5675
f 5676 5677 5674
f 5358 5356 5357
f 5358 5659 5356
f 5662 5356 5661
f 5636 5635 5634
f 5324 5319 5320
f 5633 5631 5632
f 5633 5635 5636
f 5325 5323 5324
f 5324 5323 5319
f 5629 5628 5631
f 5323 5322 5321
f 5323 5325 5322
f 5691 5689 5690
f 5648 5293 5647
f 5629 5631 5630
f 5630 5631 5633
f 5486 5427 5380
f 5486 5380 5770
f 5770 5380 5769
f 5380 5319 5760
f 5380 5760 5768
f 5358 5660 5659
f 5675 5674 5673
f 5660 5358 5658
f 5681 5675 5680
f 5295 5294 5293
f 5648 5295 5293
f 5658 5358 5657
f 5682 5675 5681
f 5683 5682 5681
f 5321 5329 5323
f 5321 5334 5329
f 5321 5335 5334
f 5321 5333 5335
f 5321 5332 5333
f 5657 5358 5561
f 5683 5684 5682
f 5687 5684 5683
f 5672 5561 5671
f 5689 5685 5688
f 5295 5648 5646
f 5323 5329 5328
f 5323 5330 5319
f 5328 5330 5323
f 5561 5650 5649
f 5684 5687 5686
f 5561 5295 5650
f 5684 5686 5685
f 5295 5646 5645
f 5684 5685 5689
f 5759 5319 5330
f 5761 5319 5759
f 5319 5761 5760
f 5447 5404 5445
f 5427 5425 5426
f 5426 5425 5424
f 5357 5360 5358
f 5360 5357 5363
f 5363 5357 5361
f 5764 5425 5427
f 5764 5427 5763
f 5763 5427 5762
f 5762 5427 5486
f 5776 5486 5775
f 5358 5572 5561
f 5562 5561 5560
f 5295 5561 5562
f 5430 5464 5463
f 5473 5330 5328
f 5473 5328 5329
f 5397 5402 5404
f 5397 5399 5402
f 5358 5360 5359
f 5572 5358 5573
f 5397 5404 5447
f 5450 5447 5449
f 5450 5397 5447
f 5425 5428 5424
f 5428 5430 5424
f 5366 5348 5361
f 5362 5361 5348
f 5363 5361 5362
f 5780 5784 5786
f 5786 5784 5785
f 5802 5800 5778
f 5778 5800 5777
f 5779 5778 5777
f 5779 5780 5778
f 5781 5780 5779
f 5782 5780 5781
f 5783 5780 5782
f 5780 5783 5784
f 5466 5468 5464
f 5465 5466 5464
f 5465 5464 5430
f 5296 5294 5295
f 5294 5296 5298
f 5449 5444 5450
f 5787 5786 5785
f 5788 5786 5787
f 5759 5330 5758
f 5803 5801 5802
f 5802 5801 5800
f 5767 5425 5764
f 5622 5329 5621
f 5567 5295 5566
f 5568 5295 5567
f 5296 5295 5568
f 5757 5330 5385
f 5758 5330 5757
f 5330 5384 5385
f 5330 5476 5384
f 5475 5476 5330
f 5475 5330 5474
f 5474 5330 5473
f 5466 5489 5468
f 5428 5465 5430
f 5799 5798 5797
f 5793 5798 5799
f 5789 5788 5787
f 5790 5788 5789
f 5767 5766 5425
f 5545 5549 5550
f 5545 5544 5541
f 5545 5547 5544
f 5547 5545 5546
f 5541 5543 5542
f 5541 5544 5543
f 5541 5539 5540
f 5364 5399 5398
f 5397 5398 5399
f 5792 5790 5791
f 5792 5793 5790
f 5794 5793 5792
f 5795 5793 5794
f 5793 5795 5796
f 5425 5766 5765
f 5757 5385 5756
f 5774 5383 5773
f 5385 5383 5774
f 5383 5772 5771
f 5383 5425 5772
f 5536 5535 5532
f 5537 5535 5536
f 5553 5549 5552
f 5548 5549 5553
f 5550 5549 5548
f 5540 5539 5538
f 5479 5332 5478
f 5333 5332 5331
f 5332 5477 5331
f 5332 5480 5477
f 5479 5480 5332
f 5296 5568 5569
f 5401 5366 5364
f 5364 5398 5401
f 5260 5259 5258
f 5260 5261 5259
f 5260 5263 5261
f 5259 5264 5258
f 5261 5263 5262
f 5261 5262 5281
f 5281 5262 5280
f 5385 5384 5383
f 5353 5366 5401
f 5353 5348 5366
f 5265 5264 5259
f 5269 5265 5268
f 5282 5281 5280
f 5578 5296 5577
f 5296 5578 5576
f 5296 5576 5297
f 5298 5296 5297
f 5282 5279 5281
f 5268 5265 5267
f 5439 5397 5450
f 5450 5444 5439
f 5279 5282 5278
f 5429 5465 5428
f 5429 5428 5425
f 5467 5489 5466
f 5467 5466 5465
f 5619 5384 5620
f 5268 5267 5266
f 5553 5552 5551
f 5348 5563 5362
f 5532 5535 5534
f 5555 5554 5552
f 5532 5533 5531
f 5532 5531 5530
f 5557 5555 5530
f 5558 5555 5557
f 5559 5555 5558
f 5556 5555 5559
f 5555 5556 5554
f 5557 5530 5531
f 5401 5398 5400
f 5400 5398 5397
f 5563 5348 5565
f 5297 5576 5574
f 5279 5278 5275
f 5272 5271 5270
f 5575 5348 5574
f 5297 5574 5348
f 5571 5348 5570
f 5565 5348 5564
f 5275 5278 5277
f 5272 5273 5271
f 5272 5276 5273
f 5276 5272 5275
f 5276 5275 5274
f 5384 5619 5618
f 5481 5480 5479
f 5479 5618 5481
f 5384 5618 5479
f 5297 5707 5298
f 5298 5707 5706
f 5298 5706 5705
f 5471 5298 5705
f 5337 5339 5338
f 5338 5287 5337
f 5348 5470 5297
f 5349 5470 5348
f 5348 5353 5350
f 5350 5349 5348
f 5297 5709 5708
f 5297 5710 5709
f 5470 5710 5297
f 5285 5287 5286
f 5288 5287 5285
f 5337 5287 5336
f 5288 5336 5287
f 5340 5339 5337
f 5339 5388 5392
f 5340 5388 5339
f 5286 5284 5285
f 5350 5353 5352
f 5401 5352 5353
f 5289 5283 5284
f 5285 5284 5283
f 5337 5336 5340
f 5349 5712 5470
f 5470 5712 5711
f 5440 5397 5439
f 5439 5441 5440
f 5444 5441 5439
f 5392 5391 5434
f 5392 5388 5391
f 5354 5352 5401
f 5400 5354 5401
f 5285 5527 5288
f 5285 5528 5527
f 5285 5529 5528
f 5529 5285 5283
f 5350 5352 5346
f 5346 5352 5354
f 5345 5346 5336
f 5340 5336 5346
f 5341 5336 5288
f 5342 5336 5341
f 5343 5336 5342
f 5344 5336 5343
f 5336 5344 5345
f 5751 5752 5745
f 5753 5752 5751
f 5755 5752 5753
f 5728 5752 5755
f 5728 5729 5731
f 5729 5728 5727
f 5728 5755 5754
f 5744 5745 5743
f 5746 5745 5744
f 5747 5745 5746
f 5748 5745 5747
f 5749 5745 5748
f 5751 5745 5750
f 5734 5733 5732
f 5735 5733 5734
f 5731 5729 5730
f 5505 5504 5502
f 5505 5506 5504
f 5505 5507 5506
f 5508 5507 5505
f 5508 5509 5507
f 5508 5510 5509
f 5508 5511 5510
f 5508 5513 5511
f 5444 5443 5441
f 5502 5504 5503
f 5502 5501 5498
f 5515 5516 5513
f 5513 5516 5517
f 5511 5513 5512
f 5351 5349 5350
f 5346 5351 5350
f 5393 5397 5394
f 5400 5397 5393
f 5396 5397 5440
f 5397 5396 5394
f 5400 5393 5354
f 5438 5437 5487
f 5438 5434 5437
f 5349 5713 5712
f 5471 5705 5726
f 5725 5471 5724
f 5349 5715 5714
f 5349 5716 5715
f 5291 5716 5349
f 5349 5351 5291
f 5472 5471 5725
f 5723 5472 5722
f 5526 5288 5525
f 5519 5288 5518
f 5498 5501 5500
f 5498 5497 5495
f 5498 5499 5497
f 5516 5515 5514
f 5493 5491 5492
f 5483 5345 5482
f 5740 5742 5743
f 5743 5742 5741
f 5744 5743 5741
f 5736 5735 5734
f 5737 5735 5736
f 5387 5388 5340
f 5340 5346 5387
f 5496 5495 5494
f 5495 5496 5491
f 5491 5496 5490
f 5492 5491 5490
f 5720 5292 5719
f 5292 5472 5723
f 5283 5521 5520
f 5283 5522 5521
f 5737 5739 5740
f 5740 5739 5738
f 5737 5736 5739
f 5434 5390 5433
f 5434 5391 5390
f 5437 5434 5433
f 5487 5437 5436
f 5483 5347 5345
f 5347 5346 5345
f 5389 5440 5441
f 5396 5440 5389
f 5290 5291 5283
f 5522 5283 5524
f 5524 5283 5291
f 5290 5283 5289
f 5471 5472 5292
f 5471 5292 5469
f 5291 5351 5347
f 5347 5351 5346
f 5716 5291 5718
f 5718 5291 5717
f 5717 5292 5721
f 5292 5717 5291
f 5484 5347 5483
f 5721 5292 5720
f 5485 5347 5484
f 5524 5291 5523
f 5347 5485 5291
f 5391 5388 5390
f 5390 5388 5389
f 5389 5388 5386
f 5386 5388 5387
f 5289 5469 5290
f 5346 5354 5394
f 5394 5354 5393
f 5441 5443 5442
f 5442 5432 5441
f 5441 5432 5389
f 5387 5346 5386
f 5290 5469 5292
f 5292 5291 5290
f 5395 5346 5394
f 5394 5396 5395
f 5386 5346 5395
f 5389 5395 5396
f 5386 5395 5389
f 5389 5431 5390
f 5433 5390 5431
f 5432 5431 5389
f 5432 5435 5431
f 5431 5435 5433
f 5436 5433 5435
f 5437 5433 5436
f 5442 5443 5432
f 5432 5443 5435
f 5830 5829 5828
f 5830 5831 5829
f 5832 5831 5830
f 5832 5833 5831
f 5835 5833 5832
f 5835 5832 5834
f 5806 5805 5804
f 5806 5807 5805
f 5808 5807 5806
f 5808 5809 5807
f 5811 5809 5808
f 5811 5808 5810
f 5848 5847 5846
f 5848 5849 5847
f 5851 5849 5848
f 5851 5848 5850
f 5846 5845 5844
f 5846 5847 5845
f 5854 5853 5852
f 5854 5855 5853
f 5856 5855 5854
f 5856 5857 5855
f 5859 5857 5856
f 5859 5856 5858
f 5872 5871 5870
f 5872 5873 5871
f 5875 5873 5872
f 5875 5872 5874
f 5870 5869 5868
f 5870 5871 5869
f 5822 5823 5821
f 5824 5823 5822
f 5824 5825 5823
f 5822 5821 5820
f 5827 5825 5824
f 5840 5839 5838
f 5840 5841 5839
f 5843 5841 5840
f 5841 5843 5842
f 5838 5837 5836
f 5838 5839 5837
f 5827 5824 5826
f 5862 5863 5861
f 5864 5863 5862
f 5864 5865 5863
f 5862 5861 5860
f 5867 5865 5864
f 5819 5816 5818
f 5816 5815 5814
f 5816 5817 5815
f 5819 5817 5816
f 5814 5813 5812
f 5814 5815 5813
f 5867 5864 5866
f 5876 5877 5878
f 5878 5877 5879
f 5880 5881 5882
f 5882 5881 5883
f 5884 5885 5886
f 5886 5885 5887
f 5888 5889 5890
f 5890 5889 5891
f 5892 5893 5894
f 5894 5893 5895
f 5896 5897 5898
f 5898 5897 5899
f 5900 5901 5902
f 5902 5901 5903
f 5904 5905 5906
f 5906 5905 5907
f 5908 5909 5910
f 5910 5909 5911
f 5912 5913 5914
f 5914 5913 5915
f 5916 5917 5918
f 5918 5917 5919
f 5920 5921 5922
f 5922 5921 5923
f 5975 5984 5980
f 5981 5975 5980
f 5972 5981 5980
f 5985 5972 5980
f 5985 5980 5984
f 5981 5979 5977
f 5973 5979 5981
f 5978 5979 5973
f 5972 5973 5981
f 5981 5977 5975
f 6004 5972 5985
f 5974 5973 5972
f 6004 5974 5972
f 5975 5982 5984
f 5975 5983 5982
f 5975 5976 5983
f 5977 5976 5975
f 5978 5973 5974
f 6008 5985 5994
f 6008 6005 5985
f 6011 6005 6008
f 6009 6011 6008
f 5994 6009 6008
f 6011 6012 6005
f 6014 6006 6007
f 6007 6006 6002
f 6005 6004 5985
f 6011 6015 6012
f 6013 6015 6011
f 6014 6015 6013
f 6009 6013 6011
f 6014 6013 6006
f 6006 6013 6009
f 5982 5986 5984
f 5983 5986 5982
f 5994 6010 6009
f 6006 6009 6010
f 6006 5992 6002
f 6010 5992 6006
f 5984 5994 5985
f 5986 5988 5984
f 5989 5984 5988
f 5989 5994 5984
f 5992 6003 6002
f 5989 5995 5994
f 6003 5996 5999
f 6003 5992 5996
f 5993 5994 5995
f 5994 5993 5992
f 6010 5994 5992
f 5996 5992 5993
f 6109 6108 6107
f 6110 6108 6109
f 6109 6160 6110
f 6161 6160 6109
f 6163 6148 6162
f 6163 6107 6145
f 6163 6145 6148
f 6139 6164 6141
f 6143 6164 6139
f 6164 6143 6108
f 6107 6108 6145
f 6145 6108 6143
f 6142 6141 6140
f 6142 6139 6141
f 5987 5988 5991
f 5988 6001 5991
f 5996 6000 5999
f 5989 5988 5987
f 5995 5989 5987
f 5995 5987 5993
f 5987 5990 6016
f 5987 5991 5990
f 5987 6016 5993
f 5998 6000 5996
f 5993 5998 5996
f 6051 6053 6050
f 6048 6053 6051
f 6048 6051 6052
f 6038 6052 6051
f 6038 6051 6050
f 6148 6145 6146
f 6148 6146 6147
f 6139 6142 6138
f 5998 5993 5997
f 6016 5997 5993
f 6144 6145 6143
f 6145 6144 6146
f 6050 6047 6030
f 6053 6047 6050
f 6050 6030 6038
f 6053 6048 6049
f 6139 6138 6137
f 6137 6143 6139
f 6052 6037 6048
f 6048 6037 6044
f 6049 6048 6044
f 6144 6143 6086
f 6137 6086 6143
f 6052 6038 6037
f 6047 6046 6030
f 6083 6082 6081
f 6091 6059 6081
f 6081 6059 6083
f 6083 6059 6055
f 6083 6055 6084
f 6083 6084 6082
f 6106 6104 6105
f 6105 6104 6103
f 6153 6152 6151
f 6153 6106 6152
f 6152 6150 6151
f 6060 6059 6058
f 6058 6092 6060
f 6058 6062 6092
f 6062 6058 6061
f 6061 6058 6059
f 6086 6061 6091
f 6091 6061 6059
f 6038 5924 6037
f 6040 6037 5924
f 6037 6045 6044
f 6045 6037 6040
f 6045 6040 6042
f 6041 6042 6040
f 6041 6040 5925
f 5924 5925 6040
f 6106 6153 6104
f 5924 6038 6039
f 6034 6039 6038
f 6034 6038 6029
f 6029 6038 6030
f 6060 6055 6059
f 6073 6072 6071
f 6151 6150 6149
f 6072 6074 6071
f 6060 6054 6055
f 6095 6054 6060
f 6039 6032 5924
f 5926 5925 5924
f 6032 5926 5924
f 6030 6017 6025
f 6030 6025 6029
f 6046 6017 6030
f 6092 6062 6063
f 6020 6021 6028
f 6020 6028 6027
f 6028 6031 6027
f 6046 6019 6017
f 6039 6034 6032
f 6061 6063 6062
f 6019 6018 6017
f 6023 6018 6019
f 6023 6024 6018
f 6018 6024 6026
f 6017 6018 6026
f 6104 6156 6103
f 6153 6154 6104
f 6156 6104 6155
f 6155 6104 6154
f 6072 6075 6074
f 6098 6129 6097
f 6098 6097 6096
f 6134 6167 6166
f 6134 6135 6167
f 6085 6061 6086
f 6167 6132 6133
f 6132 6167 6135
f 6084 6055 6090
f 6154 6153 6165
f 6017 6026 6025
f 6056 6055 6054
f 6054 6095 6056
f 6020 6029 6025
f 6020 6027 6029
f 6034 6029 6033
f 6031 6033 6029
f 6027 6031 6029
f 6156 6158 6157
f 6155 6158 6156
f 6022 6021 6020
f 6026 6024 6022
f 6026 6022 6020
f 6026 6020 6025
f 6065 6063 6061
f 6065 6061 6085
f 6090 6055 6057
f 6057 6055 6056
f 5926 6032 6036
f 6034 6033 6032
f 5929 5928 5927
f 5929 5946 5928
f 5946 5948 5928
f 6154 6165 6155
f 6033 6043 6035
f 6064 6093 6063
f 6065 6064 6063
f 6036 6032 6035
f 6035 6032 6033
f 6070 6068 6094
f 5947 5957 5948
f 5947 5948 5946
f 6075 6072 6076
f 6090 6057 6089
f 6165 6159 6155
f 6133 6132 6130
f 6065 6085 6080
f 6132 6135 6111
f 6136 6111 6135
f 6136 6135 6134
f 6129 6128 6127
f 6129 6098 6128
f 5929 5950 5946
f 5950 5929 5927
f 5950 5927 5954
f 6158 6155 6159
f 6130 6132 6131
f 6115 6132 6112
f 6131 6132 6115
f 6132 6111 6112
f 6070 6069 6068
f 6113 6112 6111
f 6114 6112 6113
f 6066 6064 6065
f 6065 6079 6066
f 6079 6065 6080
f 6070 6066 6069
f 6069 6087 6088
f 6087 6069 6066
f 6115 6128 6131
f 6131 6128 6098
f 6131 6098 6130
f 6079 6080 6078
f 6130 6098 6096
f 6121 6122 6120
f 6121 6120 6117
f 6117 6120 6101
f 6118 6119 6117
f 6118 6117 6116
f 6117 6101 6116
f 6115 6112 6114
f 6070 6093 6067
f 5950 5954 5953
f 5955 5953 5954
f 6064 6067 6093
f 6067 6064 6066
f 5955 5956 5953
f 6070 6067 6066
f 6125 6124 6123
f 6079 6078 6077
f 6087 6066 6077
f 6066 6079 6077
f 6126 6120 6122
f 6122 6124 6126
f 6125 6126 6124
f 6126 6101 6120
f 5952 5946 5950
f 5952 5945 5946
f 5947 5946 5945
f 5947 5942 5944
f 5959 5953 5956
f 5947 5945 5942
f 6126 6102 6101
f 6102 6126 6125
f 5952 5942 5945
f 5953 5949 5950
f 5951 5950 5949
f 5950 5951 5952
f 6101 6100 6099
f 6101 6102 6100
f 5942 5952 5951
f 5959 5949 5953
f 5933 5941 5940
f 5941 5944 5940
f 5940 5944 5942
f 5933 5940 5942
f 5949 5959 5958
f 5943 5938 5942
f 5942 5951 5943
f 5933 5942 5938
f 5964 5943 5951
f 5966 5951 5949
f 5951 5965 5964
f 5951 5966 5965
f 5960 5930 5943
f 5961 5960 5943
f 5966 5949 5962
f 5962 5949 5958
f 5963 5962 5958
f 5933 5934 5941
f 5960 5932 5930
f 5943 5930 5938
f 5964 5961 5943
f 5939 5933 5938
f 5939 5935 5933
f 5935 5934 5933
f 5962 5965 5966
f 5936 5931 5932
f 5932 5931 5930
f 5930 5939 5938
f 5939 5937 5935
f 5936 5937 5931
f 5930 5931 5939
f 5931 5937 5939
f 5970 5962 5963
f 5970 5969 5962
f 5962 5969 5965
f 5967 5961 5964
f 5967 5968 5961
f 5965 5969 5967
f 5965 5967 5964
f 5970 5971 5969
f 5967 5971 5968
f 5969 5971 5967
f 6254 6253 6252
f 6294 6293 6292
f 6255 6254 6252
f 6295 6294 6292
f 6258 6257 6256
f 6298 6297 6296
f 6259 6258 6256
f 6299 6298 6296
f 6290 6289 6288
f 6291 6290 6288
f 6251 6250 6248
f 6250 6249 6248
f 6303 6302 6300
f 6262 6261 6260
f 6302 6301 6300
f 6263 6262 6260
f 6306 6305 6304
f 6307 6306 6304
f 6266 6265 6264
f 6267 6266 6264
f 6202 6201 6200
f 6175 6174 6172
f 6183 6182 6180
f 6210 6209 6208
f 6203 6202 6200
f 6174 6173 6172
f 6211 6210 6208
f 6182 6181 6180
f 6310 6309 6308
f 6171 6170 6168
f 6222 6221 6220
f 6223 6222 6220
f 6195 6194 6192
f 6194 6193 6192
f 6311 6310 6308
f 6170 6169 6168
f 6214 6213 6212
f 6187 6186 6184
f 6218 6217 6216
f 6219 6218 6216
f 6190 6189 6188
f 6191 6190 6188
f 6206 6205 6204
f 6179 6178 6176
f 6186 6185 6184
f 6215 6214 6212
f 6207 6206 6204
f 6178 6177 6176
f 6199 6198 6196
f 6198 6197 6196
f 6227 6226 6224
f 6226 6225 6224
f 6275 6274 6272
f 6274 6273 6272
f 6235 6234 6232
f 6234 6233 6232
f 6242 6241 6240
f 6283 6282 6280
f 6286 6285 6284
f 6287 6286 6284
f 6246 6245 6244
f 6247 6246 6244
f 6243 6242 6240
f 6282 6281 6280
f 6231 6230 6228
f 6230 6229 6228
f 6238 6237 6236
f 6270 6269 6268
f 6271 6270 6268
f 6279 6278 6276
f 6278 6277 6276
f 6239 6238 6236
f 6363 6372 6368
f 6369 6363 6368
f 6360 6369 6368
f 6373 6360 6368
f 6373 6368 6372
f 6369 6367 6365
f 6361 6367 6369
f 6366 6367 6361
f 6360 6361 6369
f 6369 6365 6363
f 6392 6360 6373
f 6362 6361 6360
f 6392 6362 6360
f 6363 6370 6372
f 6363 6371 6370
f 6363 6364 6371
f 6365 6364 6363
f 6366 6361 6362
f 6396 6373 6382
f 6396 6393 6373
f 6399 6393 6396
f 6397 6399 6396
f 6382 6397 6396
f 6399 6400 6393
f 6402 6394 6395
f 6395 6394 6390
f 6393 6392 6373
f 6399 6403 6400
f 6401 6403 6399
f 6402 6403 6401
f 6397 6401 6399
f 6402 6401 6394
f 6394 6401 6397
f 6370 6374 6372
f 6371 6374 6370
f 6382 6398 6397
f 6394 6397 6398
f 6394 6380 6390
f 6398 6380 6394
f 6372 6382 6373
f 6374 6376 6372
f 6377 6372 6376
f 6377 6382 6372
f 6380 6391 6390
f 6377 6383 6382
f 6391 6384 6387
f 6391 6380 6384
f 6381 6382 6383
f 6382 6381 6380
f 6398 6382 6380
f 6384 6380 6381
f 6497 6496 6495
f 6498 6496 6497
f 6497 6548 6498
f 6549 6548 6497
f 6551 6536 6550
f 6551 6495 6533
f 6551 6533 6536
f 6527 6552 6529
f 6531 6552 6527
f 6552 6531 6496
f 6495 6496 6533
f 6533 6496 6531
f 6530 6529 6528
f 6530 6527 6529
f 6375 6376 6379
f 6376 6389 6379
f 6384 6388 6387
f 6377 6376 6375
f 6383 6377 6375
f 6383 6375 6381
f 6375 6378 6404
f 6375 6379 6378
f 6375 6404 6381
f 6386 6388 6384
f 6381 6386 6384
f 6439 6441 6438
f 6436 6441 6439
f 6436 6439 6440
f 6426 6440 6439
f 6426 6439 6438
f 6536 6533 6534
f 6536 6534 6535
f 6527 6530 6526
f 6386 6381 6385
f 6404 6385 6381
f 6532 6533 6531
f 6533 6532 6534
f 6438 6435 6418
f 6441 6435 6438
f 6438 6418 6426
f 6441 6436 6437
f 6527 6526 6525
f 6525 6531 6527
f 6440 6425 6436
f 6436 6425 6432
f 6437 6436 6432
f 6532 6531 6474
f 6525 6474 6531
f 6440 6426 6425
f 6435 6434 6418
f 6471 6470 6469
f 6479 6447 6469
f 6469 6447 6471
f 6471 6447 6443
f 6471 6443 6472
f 6471 6472 6470
f 6494 6492 6493
f 6493 6492 6491
f 6541 6540 6539
f 6541 6494 6540
f 6540 6538 6539
f 6448 6447 6446
f 6446 6480 6448
f 6446 6450 6480
f 6450 6446 6449
f 6449 6446 6447
f 6474 6449 6479
f 6479 6449 6447
f 6426 6312 6425
f 6428 6425 6312
f 6425 6433 6432
f 6433 6425 6428
f 6433 6428 6430
f 6429 6430 6428
f 6429 6428 6313
f 6312 6313 6428
f 6494 6541 6492
f 6312 6426 6427
f 6422 6427 6426
f 6422 6426 6417
f 6417 6426 6418
f 6448 6443 6447
f 6461 6460 6459
f 6539 6538 6537
f 6460 6462 6459
f 6448 6442 6443
f 6483 6442 6448
f 6427 6420 6312
f 6314 6313 6312
f 6420 6314 6312
f 6418 6405 6413
f 6418 6413 6417
f 6434 6405 6418
f 6480 6450 6451
f 6408 6409 6416
f 6408 6416 6415
f 6416 6419 6415
f 6434 6407 6405
f 6427 6422 6420
f 6449 6451 6450
f 6407 6406 6405
f 6411 6406 6407
f 6411 6412 6406
f 6406 6412 6414
f 6405 6406 6414
f 6492 6544 6491
f 6541 6542 6492
f 6544 6492 6543
f 6543 6492 6542
f 6460 6463 6462
f 6486 6517 6485
f 6486 6485 6484
f 6522 6555 6554
f 6522 6523 6555
f 6473 6449 6474
f 6555 6520 6521
f 6520 6555 6523
f 6472 6443 6478
f 6542 6541 6553
f 6405 6414 6413
f 6444 6443 6442
f 6442 6483 6444
f 6408 6417 6413
f 6408 6415 6417
f 6422 6417 6421
f 6419 6421 6417
f 6415 6419 6417
f 6544 6546 6545
f 6543 6546 6544
f 6410 6409 6408
f 6414 6412 6410
f 6414 6410 6408
f 6414 6408 6413
f 6453 6451 6449
f 6453 6449 6473
f 6478 6443 6445
f 6445 6443 6444
f 6314 6420 6424
f 6422 6421 6420
f 6317 6316 6315
f 6317 6334 6316
f 6334 6336 6316
f 6542 6553 6543
f 6421 6431 6423
f 6452 6481 6451
f 6453 6452 6451
f 6424 6420 6423
f 6423 6420 6421
f 6458 6456 6482
f 6335 6345 6336
f 6335 6336 6334
f 6463 6460 6464
f 6478 6445 6477
f 6553 6547 6543
f 6521 6520 6518
f 6453 6473 6468
f 6520 6523 6499
f 6524 6499 6523
f 6524 6523 6522
f 6517 6516 6515
f 6517 6486 6516
f 6317 6338 6334
f 6338 6317 6315
f 6338 6315 6342
f 6546 6543 6547
f 6518 6520 6519
f 6503 6520 6500
f 6519 6520 6503
f 6520 6499 6500
f 6458 6457 6456
f 6501 6500 6499
f 6502 6500 6501
f 6454 6452 6453
f 6453 6467 6454
f 6467 6453 6468
f 6458 6454 6457
f 6457 6475 6476
f 6475 6457 6454
f 6503 6516 6519
f 6519 6516 6486
f 6519 6486 6518
f 6467 6468 6466
f 6518 6486 6484
f 6509 6510 6508
f 6509 6508 6505
f 6505 6508 6489
f 6506 6507 6505
f 6506 6505 6504
f 6505 6489 6504
f 6503 6500 6502
f 6458 6481 6455
f 6338 6342 6341
f 6343 6341 6342
f 6452 6455 6481
f 6455 6452 6454
f 6343 6344 6341
f 6458 6455 6454
f 6513 6512 6511
f 6467 6466 6465
f 6475 6454 6465
f 6454 6467 6465
f 6514 6508 6510
f 6510 6512 6514
f 6513 6514 6512
f 6514 6489 6508
f 6340 6334 6338
f 6340 6333 6334
f 6335 6334 6333
f 6335 6330 6332
f 6347 6341 6344
f 6335 6333 6330
f 6514 6490 6489
f 6490 6514 6513
f 6340 6330 6333
f 6341 6337 6338
f 6339 6338 6337
f 6338 6339 6340
f 6489 6488 6487
f 6489 6490 6488
f 6330 6340 6339
f 6347 6337 6341
f 6321 6329 6328
f 6329 6332 6328
f 6328 6332 6330
f 6321 6328 6330
f 6337 6347 6346
f 6331 6326 6330
f 6330 6339 6331
f 6321 6330 6326
f 6352 6331 6339
f 6354 6339 6337
f 6339 6353 6352
f 6339 6354 6353
f 6348 6318 6331
f 6349 6348 6331
f 6354 6337 6350
f 6350 6337 6346
f 6351 6350 6346
f 6321 6322 6329
f 6348 6320 6318
f 6331 6318 6326
f 6352 6349 6331
f 6327 6321 6326
f 6327 6323 6321
f 6323 6322 6321
f 6350 6353 6354
f 6324 6319 6320
f 6320 6319 6318
f 6318 6327 6326
f 6327 6325 6323
f 6324 6325 6319
f 6318 6319 6327
f 6319 6325 6327
f 6358 6350 6351
f 6358 6357 6350
f 6350 6357 6353
f 6355 6349 6352
f 6355 6356 6349
f 6353 6357 6355
f 6353 6355 6352
f 6358 6359 6357
f 6355 6359 6356
f 6357 6359 6355
f 6642 6641 6640
f 6682 6681 6680
f 6643 6642 6640
f 6683 6682 6680
f 6646 6645 6644
f 6686 6685 6684
f 6647 6646 6644
f 6687 6686 6684
f 6678 6677 6676
f 6679 6678 6676
f 6639 6638 6636
f 6638 6637 6636
f 6691 6690 6688
f 6650 6649 6648
f 6690 6689 6688
f 6651 6650 6648
f 6694 6693 6692
f 6695 6694 6692
f 6654 6653 6652
f 6655 6654 6652
f 6590 6589 6588
f 6563 6562 6560
f 6571 6570 6568
f 6598 6597 6596
f 6591 6590 6588
f 6562 6561 6560
f 6599 6598 6596
f 6570 6569 6568
f 6698 6697 6696
f 6559 6558 6556
f 6610 6609 6608
f 6611 6610 6608
f 6583 6582 6580
f 6582 6581 6580
f 6699 6698 6696
f 6558 6557 6556
f 6602 6601 6600
f 6575 6574 6572
f 6606 6605 6604
f 6607 6606 6604
f 6578 6577 6576
f 6579 6578 6576
f 6594 6593 6592
f 6567 6566 6564
f 6574 6573 6572
f 6603 6602 6600
f 6595 6594 6592
f 6566 6565 6564
f 6587 6586 6584
f 6586 6585 6584
f 6615 6614 6612
f 6614 6613 6612
f 6663 6662 6660
f 6662 6661 6660
f 6623 6622 6620
f 6622 6621 6620
f 6630 6629 6628
f 6671 6670 6668
f 6674 6673 6672
f 6675 6674 6672
f 6634 6633 6632
f 6635 6634 6632
f 6631 6630 6628
f 6670 6669 6668
f 6619 6618 6616
f 6618 6617 6616
f 6626 6625 6624
f 6658 6657 6656
f 6659 6658 6656
f 6667 6666 6664
f 6666 6665 6664
f 6627 6626 6624
f 6751 6760 6756
f 6757 6751 6756
f 6748 6757 6756
f 6761 6748 6756
f 6761 6756 6760
f 6757 6755 6753
f 6749 6755 6757
f 6754 6755 6749
f 6748 6749 6757
f 6757 6753 6751
f 6780 6748 6761
f 6750 6749 6748
f 6780 6750 6748
f 6751 6758 6760
f 6751 6759 6758
f 6751 6752 6759
f 6753 6752 6751
f 6754 6749 6750
f 6784 6761 6770
f 6784 6781 6761
f 6787 6781 6784
f 6785 6787 6784
f 6770 6785 6784
f 6787 6788 6781
f 6790 6782 6783
f 6783 6782 6778
f 6781 6780 6761
f 6787 6791 6788
f 6789 6791 6787
f 6790 6791 6789
f 6785 6789 6787
f 6790 6789 6782
f 6782 6789 6785
f 6758 6762 6760
f 6759 6762 6758
f 6770 6786 6785
f 6782 6785 6786
f 6782 6768 6778
f 6786 6768 6782
f 6760 6770 6761
f 6762 6764 6760
f 6765 6760 6764
f 6765 6770 6760
f 6768 6779 6778
f 6765 6771 6770
f 6779 6772 6775
f 6779 6768 6772
f 6769 6770 6771
f 6770 6769 6768
f 6786 6770 6768
f 6772 6768 6769
f 6885 6884 6883
f 6886 6884 6885
f 6885 6936 6886
f 6937 6936 6885
f 6939 6924 6938
f 6939 6883 6921
f 6939 6921 6924
f 6915 6940 6917
f 6919 6940 6915
f 6940 6919 6884
f 6883 6884 6921
f 6921 6884 6919
f 6918 6917 6916
f 6918 6915 6917
f 6763 6764 6767
f 6764 6777 6767
f 6772 6776 6775
f 6765 6764 6763
f 6771 6765 6763
f 6771 6763 6769
f 6763 6766 6792
f 6763 6767 6766
f 6763 6792 6769
f 6774 6776 6772
f 6769 6774 6772
f 6827 6829 6826
f 6824 6829 6827
f 6824 6827 6828
f 6814 6828 6827
f 6814 6827 6826
f 6924 6921 6922
f 6924 6922 6923
f 6915 6918 6914
f 6774 6769 6773
f 6792 6773 6769
f 6920 6921 6919
f 6921 6920 6922
f 6826 6823 6806
f 6829 6823 6826
f 6826 6806 6814
f 6829 6824 6825
f 6915 6914 6913
f 6913 6919 6915
f 6828 6813 6824
f 6824 6813 6820
f 6825 6824 6820
f 6920 6919 6862
f 6913 6862 6919
f 6828 6814 6813
f 6823 6822 6806
f 6859 6858 6857
f 6867 6835 6857
f 6857 6835 6859
f 6859 6835 6831
f 6859 6831 6860
f 6859 6860 6858
f 6882 6880 6881
f 6881 6880 6879
f 6929 6928 6927
f 6929 6882 6928
f 6928 6926 6927
f 6836 6835 6834
f 6834 6868 6836
f 6834 6838 6868
f 6838 6834 6837
f 6837 6834 6835
f 6862 6837 6867
f 6867 6837 6835
f 6814 6700 6813
f 6816 6813 6700
f 6813 6821 6820
f 6821 6813 6816
f 6821 6816 6818
f 6817 6818 6816
f 6817 6816 6701
f 6700 6701 6816
f 6882 6929 6880
f 6700 6814 6815
f 6810 6815 6814
f 6810 6814 6805
f 6805 6814 6806
f 6836 6831 6835
f 6849 6848 6847
f 6927 6926 6925
f 6848 6850 6847
f 6836 6830 6831
f 6871 6830 6836
f 6815 6808 6700
f 6702 6701 6700
f 6808 6702 6700
f 6806 6793 6801
f 6806 6801 6805
f 6822 6793 6806
f 6868 6838 6839
f 6796 6797 6804
f 6796 6804 6803
f 6804 6807 6803
f 6822 6795 6793
f 6815 6810 6808
f 6837 6839 6838
f 6795 6794 6793
f 6799 6794 6795
f 6799 6800 6794
f 6794 6800 6802
f 6793 6794 6802
f 6880 6932 6879
f 6929 6930 6880
f 6932 6880 6931
f 6931 6880 6930
f 6848 6851 6850
f 6874 6905 6873
f 6874 6873 6872
f 6910 6943 6942
f 6910 6911 6943
f 6861 6837 6862
f 6943 6908 6909
f 6908 6943 6911
f 6860 6831 6866
f 6930 6929 6941
f 6793 6802 6801
f 6832 6831 6830
f 6830 6871 6832
f 6796 6805 6801
f 6796 6803 6805
f 6810 6805 6809
f 6807 6809 6805
f 6803 6807 6805
f 6932 6934 6933
f 6931 6934 6932
f 6798 6797 6796
f 6802 6800 6798
f 6802 6798 6796
f 6802 6796 6801
f 6841 6839 6837
f 6841 6837 6861
f 6866 6831 6833
f 6833 6831 6832
f 6702 6808 6812
f 6810 6809 6808
f 6705 6704 6703
f 6705 6722 6704
f 6722 6724 6704
f 6930 6941 6931
f 6809 6819 6811
f 6840 6869 6839
f 6841 6840 6839
f 6812 6808 6811
f 6811 6808 6809
f 6846 6844 6870
f 6723 6733 6724
f 6723 6724 6722
f 6851 6848 6852
f 6866 6833 6865
f 6941 6935 6931
f 6909 6908 6906
f 6841 6861 6856
f 6908 6911 6887
f 6912 6887 6911
f 6912 6911 6910
f 6905 6904 6903
f 6905 6874 6904
f 6705 6726 6722
f 6726 6705 6703
f 6726 6703 6730
f 6934 6931 6935
f 6906 6908 6907
f 6891 6908 6888
f 6907 6908 6891
f 6908 6887 6888
f 6846 6845 6844
f 6889 6888 6887
f 6890 6888 6889
f 6842 6840 6841
f 6841 6855 6842
f 6855 6841 6856
f 6846 6842 6845
f 6845 6863 6864
f 6863 6845 6842
f 6891 6904 6907
f 6907 6904 6874
f 6907 6874 6906
f 6855 6856 6854
f 6906 6874 6872
f 6897 6898 6896
f 6897 6896 6893
f 6893 6896 6877
f 6894 6895 6893
f 6894 6893 6892
f 6893 6877 6892
f 6891 6888 6890
f 6846 6869 6843
f 6726 6730 6729
f 6731 6729 6730
f 6840 6843 6869
f 6843 6840 6842
f 6731 6732 6729
f 6846 6843 6842
f 6901 6900 6899
f 6855 6854 6853
f 6863 6842 6853
f 6842 6855 6853
f 6902 6896 6898
f 6898 6900 6902
f 6901 6902 6900
f 6902 6877 6896
f 6728 6722 6726
f 6728 6721 6722
f 6723 6722 6721
f 6723 6718 6720
f 6735 6729 6732
f 6723 6721 6718
f 6902 6878 6877
f 6878 6902 6901
f 6728 6718 6721
f 6729 6725 6726
f 6727 6726 6725
f 6726 6727 6728
f 6877 6876 6875
f 6877 6878 6876
f 6718 6728 6727
f 6735 6725 6729
f 6709 6717 6716
f 6717 6720 6716
f 6716 6720 6718
f 6709 6716 6718
f 6725 6735 6734
f 6719 6714 6718
f 6718 6727 6719
f 6709 6718 6714
f 6740 6719 6727
f 6742 6727 6725
f 6727 6741 6740
f 6727 6742 6741
f 6736 6706 6719
f 6737 6736 6719
f 6742 6725 6738
f 6738 6725 6734
f 6739 6738 6734
f 6709 6710 6717
f 6736 6708 6706
f 6719 6706 6714
f 6740 6737 6719
f 6715 6709 6714
f 6715 6711 6709
f 6711 6710 6709
f 6738 6741 6742
f 6712 6707 6708
f 6708 6707 6706
f 6706 6715 6714
f 6715 6713 6711
f 6712 6713 6707
f 6706 6707 6715
f 6707 6713 6715
f 6746 6738 6739
f 6746 6745 6738
f 6738 6745 6741
f 6743 6737 6740
f 6743 6744 6737
f 6741 6745 6743
f 6741 6743 6740
f 6746 6747 6745
f 6743 6747 6744
f 6745 6747 6743
f 7030 7029 7028
f 7070 7069 7068
f 7031 7030 7028
f 7071 7070 7068
f 7034 7033 7032
f 7074 7073 7072
f 7035 7034 7032
f 7075 7074 7072
f 7066 7065 7064
f 7067 7066 7064
f 7027 7026 7024
f 7026 7025 7024
f 7079 7078 7076
f 7038 7037 7036
f 7078 7077 7076
f 7039 7038 7036
f 7082 7081 7080
f 7083 7082 7080
f 7042 7041 7040
f 7043 7042 7040
f 6978 6977 6976
f 6951 6950 6948
f 6959 6958 6956
f 6986 6985 6984
f 6979 6978 6976
f 6950 6949 6948
f 6987 6986 6984
f 6958 6957 6956
f 7086 7085 7084
f 6947 6946 6944
f 6998 6997 6996
f 6999 6998 6996
f 6971 6970 6968
f 6970 6969 6968
f 7087 7086 7084
f 6946 6945 6944
f 6990 6989 6988
f 6963 6962 6960
f 6994 6993 6992
f 6995 6994 6992
f 6966 6965 6964
f 6967 6966 6964
f 6982 6981 6980
f 6955 6954 6952
f 6962 6961 6960
f 6991 6990 6988
f 6983 6982 6980
f 6954 6953 6952
f 6975 6974 6972
f 6974 6973 6972
f 7003 7002 7000
f 7002 7001 7000
f 7051 7050 7048
f 7050 7049 7048
f 7011 7010 7008
f 7010 7009 7008
f 7018 7017 7016
f 7059 7058 7056
f 7062 7061 7060
f 7063 7062 7060
f 7022 7021 7020
f 7023 7022 7020
f 7019 7018 7016
f 7058 7057 7056
f 7007 7006 7004
f 7006 7005 7004
f 7014 7013 7012
f 7046 7045 7044
f 7047 7046 7044
f 7055 7054 7052
f 7054 7053 7052
f 7015 7014 7012
f 7121 7089 7088
f 7088 7120 7121
f 7153 7121 7120
f 7120 7152 7153
f 7185 7153 7152
f 7152 7184 7185
f 7217 7185 7184
f 7184 7216 7217
f 7249 7217 7216
f 7216 7248 7249
f 7281 7249 7248
f 7248 7280 7281
f 7313 7281 7280
f 7280 7312 7313
f 7345 7313 7312
f 7312 7344 7345
f 7377 7345 7344
f 7344 7376 7377
f 7409 7377 7376
f 7376 7408 7409
f 7441 7409 7408
f 7408 7440 7441
f 7473 7441 7440
f 7440 7472 7473
f 7505 7473 7472
f 7472 7504 7505
f 7537 7505 7504
f 7504 7536 7537
f 7569 7537 7536
f 7536 7568 7569
f 7601 7569 7568
f 7568 7600 7601
f 7633 7601 7600
f 7600 7632 7633
f 7665 7633 7632
f 7632 7664 7665
f 7697 7665 7664
f 7664 7696 7697
f 7729 7697 7696
f 7696 7728 7729
f 7761 7729 7728
f 7728 7760 7761
f 7793 7761 7760
f 7760 7792 7793
f 7825 7793 7792
f 7792 7824 7825
f 7857 7825 7824
f 7824 7856 7857
f 7889 7857 7856
f 7856 7888 7889
f 7921 7889 7888
f 7888 7920 7921
f 7953 7921 7920
f 7920 7952 7953
f 7985 7953 7952
f 7952 7984 7985
f 8017 7985 7984
f 7984 8016 8017
f 8049 8017 8016
f 8016 8048 8049
f 8081 8049 8048
f 8048 8080 8081
f 7122 7090 7089
f 7089 7121 7122
f 7154 7122 7121
f 7121 7153 7154
f 7186 7154 7153
f 7153 7185 7186
f 7218 7186 7185
f 7185 7217 7218
f 7250 7218 7217
f 7217 7249 7250
f 7282 7250 7249
f 7249 7281 7282
f 7314 7282 7281
f 7281 7313 7314
f 7346 7314 7313
f 7313 7345 7346
f 7378 7346 7345
f 7345 7377 7378
f 7410 7378 7377
f 7377 7409 7410
f 7442 7410 7409
f 7409 7441 7442
f 7474 7442 7441
f 7441 7473 7474
f 7506 7474 7473
f 7473 7505 7506
f 7538 7506 7505
f 7505 7537 7538
f 7570 7538 7537
f 7537 7569 7570
f 7602 7570 7569
f 7569 7601 7602
f 7634 7602 7601
f 7601 7633 7634
f 7666 7634 7633
f 7633 7665 7666
f 7698 7666 7665
f 7665 7697 7698
f 7730 7698 7697
f 7697 7729 7730
f 7762 7730 7729
f 7729 7761 7762
f 7794 7762 7761
f 7761 7793 7794
f 7826 7794 7793
f 7793 7825 7826
f 7858 7826 7825
f 7825 7857 7858
f 7890 7858 7857
f 7857 7889 7890
f 7922 7890 7889
f 7889 7921 7922
f 7954 7922 7921
f 7921 7953 7954
f 7986 7954 7953
f 7953 7985 7986
f 8018 7986 7985
f 7985 8017 8018
f 8050 8018 8017
f 8017 8049 8050
f 8082 8050 8049
f 8049 8081 8082
f 7123 7091 7090
f 7090 7122 7123
f 7155 7123 7122
f 7122 7154 7155
f 7187 7155 7154
f 7154 7186 7187
f 7219 7187 7186
f 7186 7218 7219
f 7251 7219 7218
f 7218 7250 7251
f 7283 7251 7250
f 7250 7282 7283
f 7315 7283 7282
f 7282 7314 7315
f 7347 7315 7314
f 7314 7346 7347
f 7379 7347 7346
f 7346 7378 7379
f 7411 7379 7378
f 7378 7410 7411
f 7443 7411 7410
f 7410 7442 7443
f 7475 7443 7442
f 7442 7474 7475
f 7507 7475 7474
f 7474 7506 7507
f 7539 7507 7506
f 7506 7538 7539
f 7571 7539 7538
f 7538 7570 7571
f 7603 7571 7570
f 7570 7602 7603
f 7635 7603 7602
f 7602 7634 7635
f 7667 7635 7634
f 7634 7666 7667
f 7699 7667 7666
f 7666 7698 7699
f 7731 7699 7698
f 7698 7730 7731
f 7763 7731 7730
f 7730 7762 7763
f 7795 7763 7762
f 7762 7794 7795
f 7827 7795 7794
f 7794 7826 7827
f 7859 7827 7826
f 7826 7858 7859
f 7891 7859 7858
f 7858 7890 7891
f 7923 7891 7890
f 7890 7922 7923
f 7955 7923 7922
f 7922 7954 7955
f 7987 7955 7954
f 7954 7986 7987
f 8019 7987 7986
f 7986 8018 8019
f 8051 8019 8018
f 8018 8050 8051
f 8083 8051 8050
f 8050 8082 8083
f 7124 7092 7091
f 7091 7123 7124
f 7156 7124 7123
f 7123 7155 7156
f 7188 7156 7155
f 7155 7187 7188
f 7220 7188 7187
f 7187 7219 7220
f 7252 7220 7219
f 7219 7251 7252
f 7284 7252 7251
f 7251 7283 7284
f 7316 7284 7283
f 7283 7315 7316
f 7348 7316 7315
f 7315 7347 7348
f 7380 7348 7347
f 7347 7379 7380
f 7412 7380 7379
f 7379 7411 7412
f 7444 7412 7411
f 7411 7443 7444
f 7476 7444 7443
f 7443 7475 7476
f 7508 7476 7475
f 7475 7507 7508
f 7540 7508 7507
f 7507 7539 7540
f 7572 7540 7539
f 7539 7571 7572
f 7604 7572 7571
f 7571 7603 7604
f 7636 7604 7603
f 7603 7635 7636
f 7668 7636 7635
f 7635 7667 7668
f 7700 7668 7667
f 7667 7699 7700
f 7732 7700 7699
f 7699 7731 7732
f 7764 7732 7731
f 7731 7763 7764
f 7796 7764 7763
f 7763 7795 7796
f 7828 7796 7795
f 7795 7827 7828
f 7860 7828 7827
f 7827 7859 7860
f 7892 7860 7859
f 7859 7891 7892
f 7924 7892 7891
f 7891 7923 7924
f 7956 7924 7923
f 7923 7955 7956
f 7988 7956 7955
f 7955 7987 7988
f 8020 7988 7987
f 7987 8019 8020
f 8052 8020 8019
f 8019 8051 8052
f 8084 8052 8051
f 8051 8083 8084
f 7125 7093 7092
f 7092 7124 7125
f 7157 7125 7124
f 7124 7156 7157
f 7189 7157 7156
f 7156 7188 7189
f 7221 7189 7188
f 7188 7220 7221
f 7253 7221 7220
f 7220 7252 7253
f 7285 7253 7252
f 7252 7284 7285
f 7317 7285 7284
f 7284 7316 7317
f 7349 7317 7316
f 7316 7348 7349
f 7381 7349 7348
f 7348 7380 7381
f 7413 7381 7380
f 7380 7412 7413
f 7445 7413 7412
f 7412 7444 7445
f 7477 7445 7444
f 7444 7476 7477
f 7509 7477 7476
f 7476 7508 7509
f 7541 7509 7508
f 7508 7540 7541
f 7573 7541 7540
f 7540 7572 7573
f 7605 7573 7572
f 7572 7604 7605
f 7637 7605 7604
f 7604 7636 7637
f 7669 7637 7636
f 7636 7668 7669
f 7701 7669 7668
f 7668 7700 7701
f 7733 7701 7700
f 7700 7732 7733
f 7765 7733 7732
f 7732 7764 7765
f 7797 7765 7764
f 7764 7796 7797
f 7829 7797 7796
f 7796 7828 7829
f 7861 7829 7828
f 7828 7860 7861
f 7893 7861 7860
f 7860 7892 7893
f 7925 7893 7892
f 7892 7924 7925
f 7957 7925 7924
f 7924 7956 7957
f 7989 7957 7956
f 7956 7988 7989
f 8021 7989 7988
f 7988 8020 8021
f 8053 8021 8020
f 8020 8052 8053
f 8085 8053 8052
f 8052 8084 8085
f 7126 7094 7093
f 7093 7125 7126
f 7158 7126 7125
f 7125 7157 7158
f 7190 7158 7157
f 7157 7189 7190
f 7222 7190 7189
f 7189 7221 7222
f 7254 7222 7221
f 7221 7253 7254
f 7286 7254 7253
f 7253 7285 7286
f 7318 7286 7285
f 7285 7317 7318
f 7350 7318 7317
f 7317 7349 7350
f 7382 7350 7349
f 7349 7381 7382
f 7414 7382 7381
f 7381 7413 7414
f 7446 7414 7413
f 7413 7445 7446
f 7478 7446 7445
f 7445 7477 7478
f 7510 7478 7477
f 7477 7509 7510
f 7542 7510 7509
f 7509 7541 7542
f 7574 7542 7541
f 7541 7573 7574
f 7606 7574 7573
f 7573 7605 7606
f 7638 7606 7605
f 7605 7637 7638
f 7670 7638 7637
f 7637 7669 7670
f 7702 7670 7669
f 7669 7701 7702
f 7734 7702 7701
f 7701 7733 7734
f 7766 7734 7733
f 7733 7765 7766
f 7798 7766 7765
f 7765 7797 7798
f 7830 7798 7797
f 7797 7829 7830
f 7862 7830 7829
f 7829 7861 7862
f 7894 7862 7861
f 7861 7893 7894
f 7926 7894 7893
f 7893 7925 7926
f 7958 7926 7925
f 7925 7957 7958
f 7990 7958 7957
f 7957 7989 7990
f 8022 7990 7989
f 7989 8021 8022
f 8054 8022 8021
f 8021 8053 8054
f 8086 8054 8053
f 8053 8085 8086
f 7127 7095 7094
f 7094 7126 7127
f 7159 7127 7126
f 7126 7158 7159
f 7191 7159 7158
f 7158 7190 7191
f 7223 7191 7190
f 7190 7222 7223
f 7255 7223 7222
f 7222 7254 7255
f 7287 7255 7254
f 7254 7286 7287
f 7319 7287 7286
f 7286 7318 7319
f 7351 7319 7318
f 7318 7350 7351
f 7383 7351 7350
f 7350 7382 7383
f 7415 7383 7382
f 7382 7414 7415
f 7447 7415 7414
f 7414 7446 7447
f 7479 7447 7446
f 7446 7478 7479
f 7511 7479 7478
f 7478 7510 7511
f 7543 7511 7510
f 7510 7542 7543
f 7575 7543 7542
f 7542 7574 7575
f 7607 7575 7574
f 7574 7606 7607
f 7639 7607 7606
f 7606 7638 7639
f 7671 7639 7638
f 7638 7670 7671
f 7703 7671 7670
f 7670 7702 7703
f 7735 7703 7702
f 7702 7734 7735
f 7767 7735 7734
f 7734 7766 7767
f 7799 7767 7766
f 7766 7798 7799
f 7831 7799 7798
f 7798 7830 7831
f 7863 7831 7830
f 7830 7862 7863
f 7895 7863 7862
f 7862 7894 7895
f 7927 7895 7894
f 7894 7926 7927
f 7959 7927 7926
f 7926 7958 7959
f 7991 7959 7958
f 7958 7990 7991
f 8023 7991 7990
f 7990 8022 8023
f 8055 8023 8022
f 8022 8054 8055
f 8087 8055 8054
f 8054 8086 8087
f 7128 7096 7095
f 7095 7127 7128
f 7160 7128 7127
f 7127 7159 7160
f 7192 7160 7159
f 7159 7191 7192
f 7224 7192 7191
f 7191 7223 7224
f 7256 7224 7223
f 7223 7255 7256
f 7288 7256 7255
f 7255 7287 7288
f 7320 7288 7287
f 7287 7319 7320
f 7352 7320 7319
f 7319 7351 7352
f 7384 7352 7351
f 7351 7383 7384
f 7416 7384 7383
f 7383 7415 7416
f 7448 7416 7415
f 7415 7447 7448
f 7480 7448 7447
f 7447 7479 7480
f 7512 7480 7479
f 7479 7511 7512
f 7544 7512 7511
f 7511 7543 7544
f 7576 7544 7543
f 7543 7575 7576
f 7608 7576 7575
f 7575 7607 7608
f 7640 7608 7607
f 7607 7639 7640
f 7672 7640 7639
f 7639 7671 7672
f 7704 7672 7671
f 7671 7703 7704
f 7736 7704 7703
f 7703 7735 7736
f 7768 7736 7735
f 7735 7767 7768
f 7800 7768 7767
f 7767 7799 7800
f 7832 7800 7799
f 7799 7831 7832
f 7864 7832 7831
f 7831 7863 7864
f 7896 7864 7863
f 7863 7895 7896
f 7928 7896 7895
f 7895 7927 7928
f 7960 7928 7927
f 7927 7959 7960
f 7992 7960 7959
f 7959 7991 7992
f 8024 7992 7991
f 7991 8023 8024
f 8056 8024 8023
f 8023 8055 8056
f 8088 8056 8055
f 8055 8087 8088
f 7129 7097 7096
f 7096 7128 7129
f 7161 7129 7128
f 7128 7160 7161
f 7193 7161 7160
f 7160 7192 7193
f 7225 7193 7192
f 7192 7224 7225
f 7257 7225 7224
f 7224 7256 7257
f 7289 7257 7256
f 7256 7288 7289
f 7321 7289 7288
f 7288 7320 7321
f 7353 7321 7320
f 7320 7352 7353
f 7385 7353 7352
f 7352 7384 7385
f 7417 7385 7384
f 7384 7416 7417
f 7449 7417 7416
f 7416 7448 7449
f 7481 7449 7448
f 7448 7480 7481
f 7513 7481 7480
f 7480 7512 7513
f 7545 7513 7512
f 7512 7544 7545
f 7577 7545 7544
f 7544 7576 7577
f 7609 7577 7576
f 7576 7608 7609
f 7641 7609 7608
f 7608 7640 7641
f 7673 7641 7640
f 7640 7672 7673
f 7705 7673 7672
f 7672 7704 7705
f 7737 7705 7704
f 7704 7736 7737
f 7769 7737 7736
f 7736 7768 7769
f 7801 7769 7768
f 7768 7800 7801
f 7833 7801 7800
f 7800 7832 7833
f 7865 7833 7832
f 7832 7864 7865
f 7897 7865 7864
f 7864 7896 7897
f 7929 7897 7896
f 7896 7928 7929
f 7961 7929 7928
f 7928 7960 7961
f 7993 7961 7960
f 7960 7992 7993
f 8025 7993 7992
f 7992 8024 8025
f 8057 8025 8024
f 8024 8056 8057
f 8089 8057 8056
f 8056 8088 8089
f 7130 7098 7097
f 7097 7129 7130
f 7162 7130 7129
f 7129 7161 7162
f 7194 7162 7161
f 7161 7193 7194
f 7226 7194 7193
f 7193 7225 7226
f 7258 7226 7225
f 7225 7257 7258
f 7290 7258 7257
f 7257 7289 7290
f 7322 7290 7289
f 7289 7321 7322
f 7354 7322 7321
f 7321 7353 7354
f 7386 7354 7353
f 7353 7385 7386
f 7418 7386 7385
f 7385 7417 7418
f 7450 7418 7417
f 7417 7449 7450
f 7482 7450 7449
f 7449 7481 7482
f 7514 7482 7481
f 7481 7513 7514
f 7546 7514 7513
f 7513 7545 7546
f 7578 7546 7545
f 7545 7577 7578
f 7610 7578 7577
f 7577 7609 7610
f 7642 7610 7609
f 7609 7641 7642
f 7674 7642 7641
f 7641 7673 7674
f 7706 7674 7673
f 7673 7705 7706
f 7738 7706 7705
f 7705 7737 7738
f 7770 7738 7737
f 7737 7769 7770
f 7802 7770 7769
f 7769 7801 7802
f 7834 7802 7801
f 7801 7833 7834
f 7866 7834 7833
f 7833 7865 7866
f 7898 7866 7865
f 7865 7897 7898
f 7930 7898 7897
f 7897 7929 7930
f 7962 7930 7929
f 7929 7961 7962
f 7994 7962 7961
f 7961 7993 7994
f 8026 7994 7993
f 7993 8025 8026
f 8058 8026 8025
f 8025 8057 8058
f 8090 8058 8057
f 8057 8089 8090
f 7131 7099 7098
f 7098 7130 7131
f 7163 7131 7130
f 7130 7162 7163
f 7195 7163 7162
f 7162 7194 7195
f 7227 7195 7194
f 7194 7226 7227
f 7259 7227 7226
f 7226 7258 7259
f 7291 7259 7258
f 7258 7290 7291
f 7323 7291 7290
f 7290 7322 7323
f 7355 7323 7322
f 7322 7354 7355
f 7387 7355 7354
f 7354 7386 7387
f 7419 7387 7386
f 7386 7418 7419
f 7451 7419 7418
f 7418 7450 7451
f 7483 7451 7450
f 7450 7482 7483
f 7515 7483 7482
f 7482 7514 7515
f 7547 7515 7514
f 7514 7546 7547
f 7579 7547 7546
f 7546 7578 7579
f 7611 7579 7578
f 7578 7610 7611
f 7643 7611 7610
f 7610 7642 7643
f 7675 7643 7642
f 7642 7674 7675
f 7707 7675 7674
f 7674 7706 7707
f 7739 7707 7706
f 7706 7738 7739
f 7771 7739 7738
f 7738 7770 7771
f 7803 7771 7770
f 7770 7802 7803
f 7835 7803 7802
f 7802 7834 7835
f 7867 7835 7834
f 7834 7866 7867
f 7899 7867 7866
f 7866 7898 7899
f 7931 7899 7898
f 7898 7930 7931
f 7963 7931 7930
f 7930 7962 7963
f 7995 7963 7962
f 7962 7994 7995
f 8027 7995 7994
f 7994 8026 8027
f 8059 8027 8026
f 8026 8058 8059
f 8091 8059 8058
f 8058 8090 8091
f 7132 7100 7099
f 7099 7131 7132
f 7164 7132 7131
f 7131 7163 7164
f 7196 7164 7163
f 7163 7195 7196
f 7228 7196 7195
f 7195 7227 7228
f 7260 7228 7227
f 7227 7259 7260
f 7292 7260 7259
f 7259 7291 7292
f 7324 7292 7291
f 7291 7323 7324
f 7356 7324 7323
f 7323 7355 7356
f 7388 7356 7355
f 7355 7387 7388
f 7420 7388 7387
f 7387 7419 7420
f 7452 7420 7419
f 7419 7451 7452
f 7484 7452 7451
f 7451 7483 7484
f 7516 7484 7483
f 7483 7515 7516
f 7548 7516 7515
f 7515 7547 7548
f 7580 7548 7547
f 7547 7579 7580
f 7612 7580 7579
f 7579 7611 7612
f 7644 7612 7611
f 7611 7643 7644
f 7676 7644 7643
f 7643 7675 7676
f 7708 7676 7675
f 7675 7707 7708
f 7740 7708 7707
f 7707 7739 7740
f 7772 7740 7739
f 7739 7771 7772
f 7804 7772 7771
f 7771 7803 7804
f 7836 7804 7803
f 7803 7835 7836
f 7868 7836 7835
f 7835 7867 7868
f 7900 7868 7867
f 7867 7899 7900
f 7932 7900 7899
f 7899 7931 7932
f 7964 7932 7931
f 7931 7963 7964
f 7996 7964 7963
f 7963 7995 7996
f 8028 7996 7995
f 7995 8027 8028
f 8060 8028 8027
f 8027 8059 8060
f 8092 8060 8059
f 8059 8091 8092
f 7133 7101 7100
f 7100 7132 7133
f 7165 7133 7132
f 7132 7164 7165
f 7197 7165 7164
f 7164 7196 7197
f 7229 7197 7196
f 7196 7228 7229
f 7261 7229 7228
f 7228 7260 7261
f 7293 7261 7260
f 7260 7292 7293
f 7325 7293 7292
f 7292 7324 7325
f 7357 7325 7324
f 7324 7356 7357
f 7389 7357 7356
f 7356 7388 7389
f 7421 7389 7388
f 7388 7420 7421
f 7453 7421 7420
f 7420 7452 7453
f 7485 7453 7452
f 7452 7484 7485
f 7517 7485 7484
f 7484 7516 7517
f 7549 7517 7516
f 7516 7548 7549
f 7581 7549 7548
f 7548 7580 7581
f 7613 7581 7580
f 7580 7612 7613
f 7645 7613 7612
f 7612 7644 7645
f 7677 7645 7644
f 7644 7676 7677
f 7709 7677 7676
f 7676 7708 7709
f 7741 7709 7708
f 7708 7740 7741
f 7773 7741 7740
f 7740 7772 7773
f 7805 7773 7772
f 7772 7804 7805
f 7837 7805 7804
f 7804 7836 7837
f 7869 7837 7836
f 7836 7868 7869
f 7901 7869 7868
f 7868 7900 7901
f 7933 7901 7900
f 7900 7932 7933
f 7965 7933 7932
f 7932 7964 7965
f 7997 7965 7964
f 7964 7996 7997
f 8029 7997 7996
f 7996 8028 8029
f 8061 8029 8028
f 8028 8060 8061
f 8093 8061 8060
f 8060 8092 8093
f 7134 7102 7101
f 7101 7133 7134
f 7166 7134 7133
f 7133 7165 7166
f 7198 7166 7165
f 7165 7197 7198
f 7230 7198 7197
f 7197 7229 7230
f 7262 7230 7229
f 7229 7261 7262
f 7294 7262 7261
f 7261 7293 7294
f 7326 7294 7293
f 7293 7325 7326
f 7358 7326 7325
f 7325 7357 7358
f 7390 7358 7357
f 7357 7389 7390
f 7422 7390 7389
f 7389 7421 7422
f 7454 7422 7421
f 7421 7453 7454
f 7486 7454 7453
f 7453 7485 7486
f 7518 7486 7485
f 7485 7517 7518
f 7550 7518 7517
f 7517 7549 7550
f 7582 7550 7549
f 7549 7581 7582
f 7614 7582 7581
f 7581 7613 7614
f 7646 7614 7613
f 7613 7645 7646
f 7678 7646 7645
f 7645 7677 7678
f 7710 7678 7677
f 7677 7709 7710
f 7742 7710 7709
f 7709 7741 7742
f 7774 7742 7741
f 7741 7773 7774
f 7806 7774 7773
f 7773 7805 7806
f 7838 7806 7805
f 7805 7837 7838
f 7870 7838 7837
f 7837 7869 7870
f 7902 7870 7869
f 7869 7901 7902
f 7934 7902 7901
f 7901 7933 7934
f 7966 7934 7933
f 7933 7965 7966
f 7998 7966 7965
f 7965 7997 7998
f 8030 7998 7997
f 7997 8029 8030
f 8062 8030 8029
f 8029 8061 8062
f 8094 8062 8061
f 8061 8093 8094
f 7135 7103 7102
f 7102 7134 7135
f 7167 7135 7134
f 7134 7166 7167
f 7199 7167 7166
f 7166 7198 7199
f 7231 7199 7198
f 7198 7230 7231
f 7263 7231 7230
f 7230 7262 7263
f 7295 7263 7262
f 7262 7294 7295
f 7327 7295 7294
f 7294 7326 7327
f 7359 7327 7326
f 7326 7358 7359
f 7391 7359 7358
f 7358 7390 7391
f 7423 7391 7390
f 7390 7422 7423
f 7455 7423 7422
f 7422 7454 7455
f 7487 7455 7454
f 7454 7486 7487
f 7519 7487 7486
f 7486 7518 7519
f 7551 7519 7518
f 7518 7550 7551
f 7583 7551 7550
f 7550 7582 7583
f 7615 7583 7582
f 7582 7614 7615
f 7647 7615 7614
f 7614 7646 7647
f 7679 7647 7646
f 7646 7678 7679
f 7711 7679 7678
f 7678 7710 7711
f 7743 7711 7710
f 7710 7742 7743
f 7775 7743 7742
f 7742 7774 7775
f 7807 7775 7774
f 7774 7806 7807
f 7839 7807 7806
f 7806 7838 7839
f 7871 7839 7838
f 7838 7870 7871
f 7903 7871 7870
f 7870 7902 7903
f 7935 7903 7902
f 7902 7934 7935
f 7967 7935 7934
f 7934 7966 7967
f 7999 7967 7966
f 7966 7998 7999
f 8031 7999 7998
f 7998 8030 8031
f 8063 8031 8030
f 8030 8062 8063
f 8095 8063 8062
f 8062 8094 8095
f 7136 7104 7103
f 7103 7135 7136
f 7168 7136 7135
f 7135 7167 7168
f 7200 7168 7167
f 7167 7199 7200
f 7232 7200 7199
f 7199 7231 7232
f 7264 7232 7231
f 7231 7263 7264
f 7296 7264 7263
f 7263 7295 7296
f 7328 7296 7295
f 7295 7327 7328
f 7360 7328 7327
f 7327 7359 7360
f 7392 7360 7359
f 7359 7391 7392
f 7424 7392 7391
f 7391 7423 7424
f 7456 7424 7423
f 7423 7455 7456
f 7488 7456 7455
f 7455 7487 7488
f 7520 7488 7487
f 7487 7519 7520
f 7552 7520 7519
f 7519 7551 7552
f 7584 7552 7551
f 7551 7583 7584
f 7616 7584 7583
f 7583 7615 7616
f 7648 7616 7615
f 7615 7647 7648
f 7680 7648 7647
f 7647 7679 7680
f 7712 7680 7679
f 7679 7711 7712
f 7744 7712 7711
f 7711 7743 7744
f 7776 7744 7743
f 7743 7775 7776
f 7808 7776 7775
f 7775 7807 7808
f 7840 7808 7807
f 7807 7839 7840
f 7872 7840 7839
f 7839 7871 7872
f 7904 7872 7871
f 7871 7903 7904
f 7936 7904 7903
f 7903 7935 7936
f 7968 7936 7935
f 7935 7967 7968
f 8000 7968 7967
f 7967 7999 8000
f 8032 8000 7999
f 7999 8031 8032
f 8064 8032 8031
f 8031 8063 8064
f 8096 8064 8063
f 8063 8095 8096
f 7137 7105 7104
f 7104 7136 7137
f 7169 7137 7136
f 7136 7168 7169
f 7201 7169 7168
f 7168 7200 7201
f 7233 7201 7200
f 7200 7232 7233
f 7265 7233 7232
f 7232 7264 7265
f 7297 7265 7264
f 7264 7296 7297
f 7329 7297 7296
f 7296 7328 7329
f 7361 7329 7328
f 7328 7360 7361
f 7393 7361 7360
f 7360 7392 7393
f 7425 7393 7392
f 7392 7424 7425
f 7457 7425 7424
f 7424 7456 7457
f 7489 7457 7456
f 7456 7488 7489
f 7521 7489 7488
f 7488 7520 7521
f 7553 7521 7520
f 7520 7552 7553
f 7585 7553 7552
f 7552 7584 7585
f 7617 7585 7584
f 7584 7616 7617
f 7649 7617 7616
f 7616 7648 7649
f 7681 7649 7648
f 7648 7680 7681
f 7713 7681 7680
f 7680 7712 7713
f 7745 7713 7712
f 7712 7744 7745
f 7777 7745 7744
f 7744 7776 7777
f 7809 7777 7776
f 7776 7808 7809
f 7841 7809 7808
f 7808 7840 7841
f 7873 7841 7840
f 7840 7872 7873
f 7905 7873 7872
f 7872 7904 7905
f 7937 7905 7904
f 7904 7936 7937
f 7969 7937 7936
f 7936 7968 7969
f 8001 7969 7968
f 7968 8000 8001
f 8033 8001 8000
f 8000 8032 8033
f 8065 8033 8032
f 8032 8064 8065
f 8097 8065 8064
f 8064 8096 8097
f 7138 7106 7105
f 7105 7137 7138
f 7170 7138 7137
f 7137 7169 7170
f 7202 7170 7169
f 7169 7201 7202
f 7234 7202 7201
f 7201 7233 7234
f 7266 7234 7233
f 7233 7265 7266
f 7298 7266 7265
f 7265 7297 7298
f 7330 7298 7297
f 7297 7329 7330
f 7362 7330 7329
f 7329 7361 7362
f 7394 7362 7361
f 7361 7393 7394
f 7426 7394 7393
f 7393 7425 7426
f 7458 7426 7425
f 7425 7457 7458
f 7490 7458 7457
f 7457 7489 7490
f 7522 7490 7489
f 7489 7521 7522
f 7554 7522 7521
f 7521 7553 7554
f 7586 7554 7553
f 7553 7585 7586
f 7618 7586 7585
f 7585 7617 7618
f 7650 7618 7617
f 7617 7649 7650
f 7682 7650 7649
f 7649 7681 7682
f 7714 7682 7681
f 7681 7713 7714
f 7746 7714 7713
f 7713 7745 7746
f 7778 7746 7745
f 7745 7777 7778
f 7810 7778 7777
f 7777 7809 7810
f 7842 7810 7809
f 7809 7841 7842
f 7874 7842 7841
f 7841 7873 7874
f 7906 7874 7873
f 7873 7905 7906
f 7938 7906 7905
f 7905 7937 7938
f 7970 7938 7937
f 7937 7969 7970
f 8002 7970 7969
f 7969 8001 8002
f 8034 8002 8001
f 8001 8033 8034
f 8066 8034 8033
f 8033 8065 8066
f 8098 8066 8065
f 8065 8097 8098
f 7139 7107 7106
f 7106 7138 7139
f 7171 7139 7138
f 7138 7170 7171
f 7203 7171 7170
f 7170 7202 7203
f 7235 7203 7202
f 7202 7234 7235
f 7267 7235 7234
f 7234 7266 7267
f 7299 7267 7266
f 7266 7298 7299
f 7331 7299 7298
f 7298 7330 7331
f 7363 7331 7330
f 7330 7362 7363
f 7395 7363 7362
f 7362 7394 7395
f 7427 7395 7394
f 7394 7426 7427
f 7459 7427 7426
f 7426 7458 7459
f 7491 7459 7458
f 7458 7490 7491
f 7523 7491 7490
f 7490 7522 7523
f 7555 7523 7522
f 7522 7554 7555
f 7587 7555 7554
f 7554 7586 7587
f 7619 7587 7586
f 7586 7618 7619
f 7651 7619 7618
f 7618 7650 7651
f 7683 7651 7650
f 7650 7682 7683
f 7715 7683 7682
f 7682 7714 7715
f 7747 7715 7714
f 7714 7746 7747
f 7779 7747 7746
f 7746 7778 7779
f 7811 7779 7778
f 7778 7810 7811
f 7843 7811 7810
f 7810 7842 7843
f 7875 7843 7842
f 7842 7874 7875
f 7907 7875 7874
f 7874 7906 7907
f 7939 7907 7906
f 7906 7938 7939
f 7971 7939 7938
f 7938 7970 7971
f 8003 7971 7970
f 7970 8002 8003
f 8035 8003 8002
f 8002 8034 8035
f 8067 8035 8034
f 8034 8066 8067
f 8099 8067 8066
f 8066 8098 8099
f 7140 7108 7107
f 7107 7139 7140
f 7172 7140 7139
f 7139 7171 7172
f 7204 7172 7171
f 7171 7203 7204
f 7236 7204 7203
f 7203 7235 7236
f 7268 7236 7235
f 7235 7267 7268
f 7300 7268 7267
f 7267 7299 7300
f 7332 7300 7299
f 7299 7331 7332
f 7364 7332 7331
f 7331 7363 7364
f 7396 7364 7363
f 7363 7395 7396
f 7428 7396 7395
f 7395 7427 7428
f 7460 7428 7427
f 7427 7459 7460
f 7492 7460 7459
f 7459 7491 7492
f 7524 7492 7491
f 7491 7523 7524
f 7556 7524 7523
f 7523 7555 7556
f 7588 7556 7555
f 7555 7587 7588
f 7620 7588 7587
f 7587 7619 7620
f 7652 7620 7619
f 7619 7651 7652
f 7684 7652 7651
f 7651 7683 7684
f 7716 7684 7683
f 7683 7715 7716
f 7748 7716 7715
f 7715 7747 7748
f 7780 7748 7747
f 7747 7779 7780
f 7812 7780 7779
f 7779 7811 7812
f 7844 7812 7811
f 7811 7843 7844
f 7876 7844 7843
f 7843 7875 7876
f 7908 7876 7875
f 7875 7907 7908
f 7940 7908 7907
f 7907 7939 7940
f 7972 7940 7939
f 7939 7971 7972
f 8004 7972 7971
f 7971 8003 8004
f 8036 8004 8003
f 8003 8035 8036
f 8068 8036 8035
f 8035 8067 8068
f 8100 8068 8067
f 8067 8099 8100
f 7141 7109 7108
f 7108 7140 7141
f 7173 7141 7140
f 7140 7172 7173
f 7205 7173 7172
f 7172 7204 7205
f 7237 7205 7204
f 7204 7236 7237
f 7269 7237 7236
f 7236 7268 7269
f 7301 7269 7268
f 7268 7300 7301
f 7333 7301 7300
f 7300 7332 7333
f 7365 7333 7332
f 7332 7364 7365
f 7397 7365 7364
f 7364 7396 7397
f 7429 7397 7396
f 7396 7428 7429
f 7461 7429 7428
f 7428 7460 7461
f 7493 7461 7460
f 7460 7492 7493
f 7525 7493 7492
f 7492 7524 7525
f 7557 7525 7524
f 7524 7556 7557
f 7589 7557 7556
f 7556 7588 7589
f 7621 7589 7588
f 7588 7620 7621
f 7653 7621 7620
f 7620 7652 7653
f 7685 7653 7652
f 7652 7684 7685
f 7717 7685 7684
f 7684 7716 7717
f 7749 7717 7716
f 7716 7748 7749
f 7781 7749 7748
f 7748 7780 7781
f 7813 7781 7780
f 7780 7812 7813
f 7845 7813 7812
f 7812 7844 7845
f 7877 7845 7844
f 7844 7876 7877
f 7909 7877 7876
f 7876 7908 7909
f 7941 7909 7908
f 7908 7940 7941
f 7973 7941 7940
f 7940 7972 7973
f 8005 7973 7972
f 7972 8004 8005
f 8037 8005 8004
f 8004 8036 8037
f 8069 8037 8036
f 8036 8068 8069
f 8101 8069 8068
f 8068 8100 8101
f 7142 7110 7109
f 7109 7141 7142
f 7174 7142 7141
f 7141 7173 7174
f 7206 7174 7173
f 7173 7205 7206
f 7238 7206 7205
f 7205 7237 7238
f 7270 7238 7237
f 7237 7269 7270
f 7302 7270 7269
f 7269 7301 7302
f 7334 7302 7301
f 7301 7333 7334
f 7366 7334 7333
f 7333 7365 7366
f 7398 7366 7365
f 7365 7397 7398
f 7430 7398 7397
f 7397 7429 7430
f 7462 7430 7429
f 7429 7461 7462
f 7494 7462 7461
f 7461 7493 7494
f 7526 7494 7493
f 7493 7525 7526
f 7558 7526 7525
f 7525 7557 7558
f 7590 7558 7557
f 7557 7589 7590
f 7622 7590 7589
f 7589 7621 7622
f 7654 7622 7621
f 7621 7653 7654
f 7686 7654 7653
f 7653 7685 7686
f 7718 7686 7685
f 7685 7717 7718
f 7750 7718 7717
f 7717 7749 7750
f 7782 7750 7749
f 7749 7781 7782
f 7814 7782 7781
f 7781 7813 7814
f 7846 7814 7813
f 7813 7845 7846
f 7878 7846 7845
f 7845 7877 7878
f 7910 7878 7877
f 7877 7909 7910
f 7942 7910 7909
f 7909 7941 7942
f 7974 7942 7941
f 7941 7973 7974
f 8006 7974 7973
f 7973 8005 8006
f 8038 8006 8005
f 8005 8037 8038
f 8070 8038 8037
f 8037 8069 8070
f 8102 8070 8069
f 8069 8101 8102
f 7143 7111 7110
f 7110 7142 7143
f 7175 7143 7142
f 7142 7174 7175
f 7207 7175 7174
f 7174 7206 7207
f 7239 7207 7206
f 7206 7238 7239
f 7271 7239 7238
f 7238 7270 7271
f 7303 7271 7270
f 7270 7302 7303
f 7335 7303 7302
f 7302 7334 7335
f 7367 7335 7334
f 7334 7366 7367
f 7399 7367 7366
f 7366 7398 7399
f 7431 7399 7398
f 7398 7430 7431
f 7463 7431 7430
f 7430 7462 7463
f 7495 7463 7462
f 7462 7494 7495
f 7527 7495 7494
f 7494 7526 7527
f 7559 7527 7526
f 7526 7558 7559
f 7591 7559 7558
f 7558 7590 7591
f 7623 7591 7590
f 7590 7622 7623
f 7655 7623 7622
f 7622 7654 7655
f 7687 7655 7654
f 7654 7686 7687
f 7719 7687 7686
f 7686 7718 7719
f 7751 7719 7718
f 7718 7750 7751
f 7783 7751 7750
f 7750 7782 7783
f 7815 7783 7782
f 7782 7814 7815
f 7847 7815 7814
f 7814 7846 7847
f 7879 7847 7846
f 7846 7878 7879
f 7911 7879 7878
f 7878 7910 7911
f 7943 7911 7910
f 7910 7942 7943
f 7975 7943 7942
f 7942 7974 7975
f 8007 7975 7974
f 7974 8006 8007
f 8039 8007 8006
f 8006 8038 8039
f 8071 8039 8038
f 8038 8070 8071
f 8103 8071 8070
f 8070 8102 8103
f 7144 7112 7111
f 7111 7143 7144
f 7176 7144 7143
f 7143 7175 7176
f 7208 7176 7175
f 7175 7207 7208
f 7240 7208 7207
f 7207 7239 7240
f 7272 7240 7239
f 7239 7271 7272
f 7304 7272 7271
f 7271 7303 7304
f 7336 7304 7303
f 7303 7335 7336
f 7368 7336 7335
f 7335 7367 7368
f 7400 7368 7367
f 7367 7399 7400
f 7432 7400 7399
f 7399 7431 7432
f 7464 7432 7431
f 7431 7463 7464
f 7496 7464 7463
f 7463 7495 7496
f 7528 7496 7495
f 7495 7527 7528
f 7560 7528 7527
f 7527 7559 7560
f 7592 7560 7559
f 7559 7591 7592
f 7624 7592 7591
f 7591 7623 7624
f 7656 7624 7623
f 7623 7655 7656
f 7688 7656 7655
f 7655 7687 7688
f 7720 7688 7687
f 7687 7719 7720
f 7752 7720 7719
f 7719 7751 7752
f 7784 7752 7751
f 7751 7783 7784
f 7816 7784 7783
f 7783 7815 7816
f 7848 7816 7815
f 7815 7847 7848
f 7880 7848 7847
f 7847 7879 7880
f 7912 7880 7879
f 7879 7911 7912
f 7944 7912 7911
f 7911 7943 7944
f 7976 7944 7943
f 7943 7975 7976
f 8008 7976 7975
f 7975 8007 8008
f 8040 8008 8007
f 8007 8039 8040
f 8072 8040 8039
f 8039 8071 8072
f 8104 8072 8071
f 8071 8103 8104
f 7145 7113 7112
f 7112 7144 7145
f 7177 7145 7144
f 7144 7176 7177
f 7209 7177 7176
f 7176 7208 7209
f 7241 7209 7208
f 7208 7240 7241
f 7273 7241 7240
f 7240 7272 7273
f 7305 7273 7272
f 7272 7304 7305
f 7337 7305 7304
f 7304 7336 7337
f 7369 7337 7336
f 7336 7368 7369
f 7401 7369 7368
f 7368 7400 7401
f 7433 7401 7400
f 7400 7432 7433
f 7465 7433 7432
f 7432 7464 7465
f 7497 7465 7464
f 7464 7496 7497
f 7529 7497 7496
f 7496 7528 7529
f 7561 7529 7528
f 7528 7560 7561
f 7593 7561 7560
f 7560 7592 7593
f 7625 7593 7592
f 7592 7624 7625
f 7657 7625 7624
f 7624 7656 7657
f 7689 7657 7656
f 7656 7688 7689
f 7721 7689 7688
f 7688 7720 7721
f 7753 7721 7720
f 7720 7752 7753
f 7785 7753 7752
f 7752 7784 7785
f 7817 7785 7784
f 7784 7816 7817
f 7849 7817 7816
f 7816 7848 7849
f 7881 7849 7848
f 7848 7880 7881
f 7913 7881 7880
f 7880 7912 7913
f 7945 7913 7912
f 7912 7944 7945
f 7977 7945 7944
f 7944 7976 7977
f 8009 7977 7976
f 7976 8008 8009
f 8041 8009 8008
f 8008 8040 8041
f 8073 8041 8040
f 8040 8072 8073
f 8105 8073 8072
f 8072 8104 8105
f 7146 7114 7113
f 7113 7145 7146
f 7178 7146 7145
f 7145 7177 7178
f 7210 7178 7177
f 7177 7209 7210
f 7242 7210 7209
f 7209 7241 7242
f 7274 7242 7241
f 7241 7273 7274
f 7306 7274 7273
f 7273 7305 7306
f 7338 7306 7305
f 7305 7337 7338
f 7370 7338 7337
f 7337 7369 7370
f 7402 7370 7369
f 7369 7401 7402
f 7434 7402 7401
f 7401 7433 7434
f 7466 7434 7433
f 7433 7465 7466
f 7498 7466 7465
f 7465 7497 7498
f 7530 7498 7497
f 7497 7529 7530
f 7562 7530 7529
f 7529 7561 7562
f 7594 7562 7561
f 7561 7593 7594
f 7626 7594 7593
f 7593 7625 7626
f 7658 7626 7625
f 7625 7657 7658
f 7690 7658 7657
f 7657 7689 7690
f 7722 7690 7689
f 7689 7721 7722
f 7754 7722 7721
f 7721 7753 7754
f 7786 7754 7753
f 7753 7785 7786
f 7818 7786 7785
f 7785 7817 7818
f 7850 7818 7817
f 7817 7849 7850
f 7882 7850 7849
f 7849 7881 7882
f 7914 7882 7881
f 7881 7913 7914
f 7946 7914 7913
f 7913 7945 7946
f 7978 7946 7945
f 7945 7977 7978
f 8010 7978 7977
f 7977 8009 8010
f 8042 8010 8009
f 8009 8041 8042
f 8074 8042 8041
f 8041 8073 8074
f 8106 8074 8073
f 8073 8105 8106
f 7147 7115 7114
f 7114 7146 7147
f 7179 7147 7146
f 7146 7178 7179
f 7211 7179 7178
f 7178 7210 7211
f 7243 7211 7210
f 7210 7242 7243
f 7275 7243 7242
f 7242 7274 7275
f 7307 7275 7274
f 7274 7306 7307
f 7339 7307 7306
f 7306 7338 7339
f 7371 7339 7338
f 7338 7370 7371
f 7403 7371 7370
f 7370 7402 7403
f 7435 7403 7402
f 7402 7434 7435
f 7467 7435 7434
f 7434 7466 7467
f 7499 7467 7466
f 7466 7498 7499
f 7531 7499 7498
f 7498 7530 7531
f 7563 7531 7530
f 7530 7562 7563
f 7595 7563 7562
f 7562 7594 7595
f 7627 7595 7594
f 7594 7626 7627
f 7659 7627 7626
f 7626 7658 7659
f 7691 7659 7658
f 7658 7690 7691
f 7723 7691 7690
f 7690 7722 7723
f 7755 7723 7722
f 7722 7754 7755
f 7787 7755 7754
f 7754 7786 7787
f 7819 7787 7786
f 7786 7818 7819
f 7851 7819 7818
f 7818 7850 7851
f 7883 7851 7850
f 7850 7882 7883
f 7915 7883 7882
f 7882 7914 7915
f 7947 7915 7914
f 7914 7946 7947
f 7979 7947 7946
f 7946 7978 7979
f 8011 7979 7978
f 7978 8010 8011
f 8043 8011 8010
f 8010 8042 8043
f 8075 8043 8042
f 8042 8074 8075
f 8107 8075 8074
f 8074 8106 8107
f 7148 7116 7115
f 7115 7147 7148
f 7180 7148 7147
f 7147 7179 7180
f 7212 7180 7179
f 7179 7211 7212
f 7244 7212 7211
f 7211 7243 7244
f 7276 7244 7243
f 7243 7275 7276
f 7308 7276 7275
f 7275 7307 7308
f 7340 7308 7307
f 7307 7339 7340
f 7372 7340 7339
f 7339 7371 7372
f 7404 7372 7371
f 7371 7403 7404
f 7436 7404 7403
f 7403 7435 7436
f 7468 7436 7435
f 7435 7467 7468
f 7500 7468 7467
f 7467 7499 7500
f 7532 7500 7499
f 7499 7531 7532
f 7564 7532 7531
f 7531 7563 7564
f 7596 7564 7563
f 7563 7595 7596
f 7628 7596 7595
f 7595 7627 7628
f 7660 7628 7627
f 7627 7659 7660
f 7692 7660 7659
f 7659 7691 7692
f 7724 7692 7691
f 7691 7723 7724
f 7756 7724 7723
f 7723 7755 7756
f 7788 7756 7755
f 7755 7787 7788
f 7820 7788 7787
f 7787 7819 7820
f 7852 7820 7819
f 7819 7851 7852
f 7884 7852 7851
f 7851 7883 7884
f 7916 7884 7883
f 7883 7915 7916
f 7948 7916 7915
f 7915 7947 7948
f 7980 7948 7947
f 7947 7979 7980
f 8012 7980 7979
f 7979 8011 8012
f 8044 8012 8011
f 8011 8043 8044
f 8076 8044 8043
f 8043 8075 8076
f 8108 8076 8075
f 8075 8107 8108
f 7149 7117 7116
f 7116 7148 7149
f 7181 7149 7148
f 7148 7180 7181
f 7213 7181 7180
f 7180 7212 7213
f 7245 7213 7212
f 7212 7244 7245
f 7277 7245 7244
f 7244 7276 7277
f 7309 7277 7276
f 7276 7308 7309
f 7341 7309 7308
f 7308 7340 7341
f 7373 7341 7340
f 7340 7372 7373
f 7405 7373 7372
f 7372 7404 7405
f 7437 7405 7404
f 7404 7436 7437
f 7469 7437 7436
f 7436 7468 7469
f 7501 7469 7468
f 7468 7500 7501
f 7533 7501 7500
f 7500 7532 7533
f 7565 7533 7532
f 7532 7564 7565
f 7597 7565 7564
f 7564 7596 7597
f 7629 7597 7596
f 7596 7628 7629
f 7661 7629 7628
f 7628 7660 7661
f 7693 7661 7660
f 7660 7692 7693
f 7725 7693 7692
f 7692 7724 7725
f 7757 7725 7724
f 7724 7756 7757
f 7789 7757 7756
f 7756 7788 7789
f 7821 7789 7788
f 7788 7820 7821
f 7853 7821 7820
f 7820 7852 7853
f 7885 7853 7852
f 7852 7884 7885
f 7917 7885 7884
f 7884 7916 7917
f 7949 7917 7916
f 7916 7948 7949
f 7981 7949 7948
f 7948 7980 7981
f 8013 7981 7980
f 7980 8012 8013
f 8045 8013 8012
f 8012 8044 8045
f 8077 8045 8044
f 8044 8076 8077
f 8109 8077 8076
f 8076 8108 8109
f 7150 7118 7117
f 7117 7149 7150
f 7182 7150 7149
f 7149 7181 7182
f 7214 7182 7181
f 7181 7213 7214
f 7246 7214 7213
f 7213 7245 7246
f 7278 7246 7245
f 7245 7277 7278
f 7310 7278 7277
f 7277 7309 7310
f 7342 7310 7309
f 7309 7341 7342
f 7374 7342 7341
f 7341 7373 7374
f 7406 7374 7373
f 7373 7405 7406
f 7438 7406 7405
f 7405 7437 7438
f 7470 7438 7437
f 7437 7469 7470
f 7502 7470 7469
f 7469 7501 7502
f 7534 7502 7501
f 7501 7533 7534
f 7566 7534 7533
f 7533 7565 7566
f 7598 7566 7565
f 7565 7597 7598
f 7630 7598 7597
f 7597 7629 7630
f 7662 7630 7629
f 7629 7661 7662
f 7694 7662 7661
f 7661 7693 7694
f 7726 7694 7693
f 7693 7725 7726
f 7758 7726 7725
f 7725 7757 7758
f 7790 7758 7757
f 7757 7789 7790
f 7822 7790 7789
f 7789 7821 7822
f 7854 7822 7821
f 7821 7853 7854
f 7886 7854 7853
f 7853 7885 7886
f 7918 7886 7885
f 7885 7917 7918
f 7950 7918 7917
f 7917 7949 7950
f 7982 7950 7949
f 7949 7981 7982
f 8014 7982 7981
f 7981 8013 8014
f 8046 8014 8013
f 8013 8045 8046
f 8078 8046 8045
f 8045 8077 8078
f 8110 8078 8077
f 8077 8109 8110
f 7151 7119 7118
f 7118 7150 7151
f 7183 7151 7150
f 7150 7182 7183
f 7215 7183 7182
f 7182 7214 7215
f 7247 7215 7214
f 7214 7246 7247
f 7279 7247 7246
f 7246 7278 7279
f 7311 7279 7278
f 7278 7310 7311
f 7343 7311 7310
f 7310 7342 7343
f 7375 7343 7342
f 7342 7374 7375
f 7407 7375 7374
f 7374 7406 7407
f 7439 7407 7406
f 7406 7438 7439
f 7471 7439 7438
f 7438 7470 7471
f 7503 7471 7470
f 7470 7502 7503
f 7535 7503 7502
f 7502 7534 7535
f 7567 7535 7534
f 7534 7566 7567
f 7599 7567 7566
f 7566 7598 7599
f 7631 7599 7598
f 7598 7630 7631
f 7663 7631 7630
f 7630 7662 7663
f 7695 7663 7662
f 7662 7694 7695
f 7727 7695 7694
f 7694 7726 7727
f 7759 7727 7726
f 7726 7758 7759
f 7791 7759 7758
f 7758 7790 7791
f 7823 7791 7790
f 7790 7822 7823
f 7855 7823 7822
f 7822 7854 7855
f 7887 7855 7854
f 7854 7886 7887
f 7919 7887 7886
f 7886 7918 7919
f 7951 7919 7918
f 7918 7950 7951
f 7983 7951 7950
f 7950 7982 7983
f 8015 7983 7982
f 7982 8014 8015
f 8047 8015 8014
f 8014 8046 8047
f 8079 8047 8046
f 8046 8078 8079
f 8111 8079 8078
f 8078 8110 8111
