v -3256.81 99.3803 6586.29
v -3256.43 99.3879 6585.01
v -3256.85 100.05 6586.41
v -3256.65 99.9121 6585.57
v -3256.4 100.243 6585.17
v -3255.9 99.4045 6584.05
v -3256.24 100.485 6584.82
v -3255.89 100.403 6584.04
v -3256.72 100.959 6587.66
v -3256.9 100.275 6587.38
v -3256.57 100.868 6586.27
v -3256.99 99.8516 6588.26
v -3256.75 99.3856 6587.82
v -3256.98 100.045 6587.83
v -3256.27 101.002 6590.57
v -3255.7 101.1 6591.44
v -3256.18 100.34 6591.03
v -3255.74 100.227 6591.7
v -3256.39 99.3911 6589.38
v -3256.79 100.067 6589.35
v -3256.18 99.3922 6590.73
v -3256.52 99.9382 6590.31
v -3256.28 101.01 6585.22
v -3256.32 101.594 6585.63
v -3256.49 101.694 6586.49
v -3256.2 101.81 6585.26
v -3255.9 101.122 6584.24
v -3256.07 102.027 6584.9
v -3255.75 101.829 6584.17
v -3256.6 101.574 6587.47
v -3256.6 101.825 6587.93
v -3256.59 102.078 6588.36
v -3256.71 100.944 6589.26
v -3256.56 101.868 6589.3
v -3256.34 101.648 6590.14
v -3256.13 101.853 6590.48
v -3255.9 102.027 6590.74
v -3255.44 101.779 6591.38
v -3255.55 104.525 6586.68
v -3256.04 103.65 6586.67
v -3255.34 104.406 6585.68
v -3255.83 103.802 6586.03
v -3256.01 102.663 6585.19
v -3255.52 102.573 6584.2
v -3255.75 103.319 6585.17
v -3255.38 103.438 6584.58
v -3256.44 102.723 6587.9
v -3256.35 102.603 6586.45
v -3256.2 103.448 6587.48
v -3256.12 103.716 6587.96
v -3256.03 103.966 6588.38
v -3256.37 102.749 6589.23
v -3256.01 103.754 6589.11
v -3255.88 102.695 6590.26
v -3255.8 103.493 6589.79
v -3255.53 103.659 6590.09
v -3255.32 103.793 6590.36
v -3255.2 102.605 6591.16
v -3255.01 103.512 6590.97
v -3253.39 104.77 6585.33
v -3253.48 104.77 6586.54
v -3254.26 104.781 6585.59
v -3254.63 104.762 6586.47
v -3255.08 104.117 6584.84
v -3254.28 104.461 6584.49
v -3254.68 104.687 6585.2
v -3254.37 104.744 6589
v -3254.24 104.827 6588.04
v -3253.32 104.863 6589.06
v -3253.42 104.829 6587.92
v -3255.59 104.571 6587.85
v -3254.95 104.775 6587.36
v -3253.14 104.541 6589.94
v -3254.1 104.588 6589.76
v -3254.3 104.447 6589.98
v -3254.47 104.432 6590.19
v -3255.43 104.616 6589.03
v -3255.09 104.361 6590.08
v -3252.04 104.684 6586.28
v -3252.39 104.676 6585.47
v -3252.02 104.622 6585.12
v -3253.23 104.65 6584.22
v -3251.77 104.516 6584.83
v -3251.99 104.356 6584.21
v -3250.6 104.808 6587.63
v -3251.56 104.843 6587.27
v -3250.67 104.522 6586.23
v -3251.99 104.928 6587.72
v -3252.4 104.98 6588.18
v -3252.08 104.932 6589.09
v -3252.09 104.771 6589.77
v -3251.37 104.498 6590.28
v -3251.89 104.047 6590.93
v -3251.69 104.613 6590.06
v -3252.97 104.134 6590.8
v -3249.06 104.143 6585.46
v -3249.6 104.299 6585.3
v -3249.59 103.686 6584.74
v -3250.16 103.934 6584.64
v -3249.93 104.48 6585.6
v -3250.85 104.397 6585.22
v -3249.75 104.435 6585.4
v -3250.9 104.146 6584.51
v -3250.6 105.022 6589.12
v -3249.53 104.742 6588.78
v -3249.86 104.706 6587.91
v -3249.53 104.545 6587.45
v -3249.19 104.562 6587.1
v -3249.52 104.575 6586.31
v -3250.1 103.961 6590.59
v -3251 103.929 6590.93
v -3250.16 104.452 6590.05
v -3250.69 104.551 6590.1
v -3249.4 104.56 6589.4
v -3249.78 104.541 6589.73
v -3248.2 102.66 6585.08
v -3247.77 102.683 6586.14
v -3248.3 103.467 6585.61
v -3248.13 103.695 6586.28
v -3249.06 104.143 6585.46
v -3249.59 103.686 6584.74
v -3248.8 103.695 6585.2
v -3249.18 103.256 6584.58
v -3248.63 104.497 6586.21
v -3248.54 104.425 6587.28
v -3248.14 103.858 6586.98
v -3248.04 103.58 6587.41
v -3247.84 103.355 6587.87
v -3248.55 104.311 6588.57
v -3247.86 103.523 6588.78
v -3247.73 102.82 6590.15
v -3247.94 103.446 6589.66
v -3247.34 102.429 6588.69
v -3248.48 103.709 6590.13
v -3248.89 104.163 6589.61
v -3248.22 103.62 6589.96
v -3247.18 100.99 6586.08
v -3247.43 101.858 6586.04
v -3247.55 101.072 6584.59
v -3247.57 101.63 6585.02
v -3248.78 102.685 6584.34
v -3248.04 102.021 6584.44
v -3248.43 101.932 6583.77
v -3247.52 102.628 6587.5
v -3247.31 102.382 6586.79
v -3248.26 102.8 6591.18
v -3248.15 101.925 6591.26
v -3247.76 102.147 6590.56
v -3247.59 101.913 6590.17
v -3247.32 101.693 6589.81
v -3247.02 101.823 6588.95
v -3248.1 101.239 6583.42
v -3248.16 100.415 6583.5
v -3247.71 100.519 6584.25
v -3247.64 100.277 6584.72
v -3247.51 100.047 6585.12
v -3247.21 100.128 6586.01
v -3247.34 101.006 6590.25
v -3247.41 100.257 6590.74
v -3248.03 101.104 6591.13
v -3247.94 100.112 6591.42
v -3247.17 100.045 6590.4
v -3246.85 100.936 6589.2
v -3247.05 99.8552 6590.01
v -3246.87 100.177 6589.04
v -3248.89 99.3797 6591.98
v -3250.36 99.3809 6592.34
v -3249.38 99.7697 6592.31
v -3250.31 100.044 6592.54
v -3248.98 99.9981 6592.09
v -3248.63 100.224 6591.86
v -3247.9 99.3875 6591.47
v -3251.82 101.012 6592.55
v -3250.26 101.064 6592.38
v -3251.32 100.309 6592.61
v -3253.57 99.399 6592.09
v -3253.3 100.145 6592.51
v -3252.02 99.3923 6592.36
v -3252.16 99.9057 6592.63
v -3254.74 100.98 6592.06
v -3255.03 100.341 6592.09
v -3255.72 99.3965 6591.67
v -3254.67 100.14 6592.23
v -3254.75 99.395 6592.01
v -3254.33 99.9808 6592.33
v -3248.94 100.984 6591.85
v -3248.78 101.705 6591.73
v -3249.15 101.927 6591.89
v -3249.55 102.122 6591.97
v -3250.43 101.989 6592.22
v -3253.39 100.957 6592.48
v -3252.29 101.701 6592.56
v -3253.24 101.927 6592.49
v -3251.83 101.945 6592.52
v -3251.42 102.156 6592.41
v -3253.15 102.881 6592.39
v -3254.28 102.713 6591.89
v -3253.97 102.087 6592.16
v -3254.78 101.556 6591.83
v -3249.31 102.7 6591.66
v -3249.26 103.155 6591.23
v -3248.73 103.41 6590.76
v -3249.77 103.299 6591.17
v -3250.42 102.749 6591.87
v -3250.17 103.462 6591.13
v -3250.77 103.337 6591.47
v -3251.7 102.732 6592.23
v -3251.61 103.209 6591.85
v -3252.04 103.434 6591.74
v -3252.38 103.61 6591.58
v -3253.1 103.579 6591.69
v -3254.52 103.336 6591.52
v -3254.12 103.592 6591.62
v -3253.74 103.737 6591.55
v -3248.1 101.239 6583.42
v -3249.27 101.103 6582.87
v -3248.16 100.415 6583.5
v -3248.93 100.528 6583.05
v -3248.37 99.4058 6583.73
v -3249.38 100.304 6583.01
v -3249.35 99.401 6583.39
v -3249.77 100.117 6582.97
v -3254 101.071 6582.59
v -3253.76 100.07 6582.53
v -3252.48 101.028 6582.46
v -3252.76 100.296 6582.43
v -3252.28 99.3881 6582.97
v -3250.68 99.3985 6583.29
v -3251.88 99.8776 6582.59
v -3250.74 100.189 6582.72
v -3253.8 99.3783 6582.93
v -3255.05 99.3871 6583.4
v -3254.57 99.9382 6582.88
v -3254.95 100.295 6583.11
v -3255.26 100.54 6583.37
v -3249.7 101.715 6582.84
v -3250.78 101.009 6582.56
v -3250.69 101.938 6582.76
v -3249.34 101.934 6583.05
v -3249.09 102.093 6583.33
v -3248.43 101.932 6583.77
v -3253.65 101.892 6582.85
v -3252.64 101.651 6582.67
v -3252.14 101.896 6582.8
v -3251.69 102.151 6582.84
v -3255.08 101.065 6583.3
v -3255.19 101.633 6583.51
v -3254.82 101.875 6583.31
v -3254.44 102.097 6583.21
v -3249.57 102.62 6583.6
v -3248.78 102.685 6584.34
v -3249.69 103.053 6584
v -3249.18 103.256 6584.58
v -3250.09 103.292 6583.95
v -3250.46 103.527 6583.98
v -3250.73 102.838 6583.09
v -3251.02 103.602 6583.72
v -3252.16 102.812 6583.09
v -3252.57 103.554 6583.41
v -3253.51 102.747 6583.28
v -3253.37 103.753 6583.65
v -3252.1 103.785 6583.5
v -3251.76 103.908 6583.68
v -3253.23 104.65 6584.22
v -3254.28 104.461 6584.49
v -3253.98 103.885 6583.94
v -3254.4 103.592 6584.02
v -3254.67 102.707 6583.69
v -3254.84 103.343 6584.11
v -3256.36 100.128 6590.67
v -3255.79 103.544 6585.62
v -3254.65 104.048 6590.86
v -3254.49 104.759 6585.38
v -3254.62 104.769 6587.65
v -3254.01 104.157 6590.88
v -3248.63 104.497 6586.21
v -3248.55 104.311 6588.57
v -3248.54 104.425 6587.28
v -3249.34 103.893 6590.34
v -3248.89 104.163 6589.61
v -3248.56 103.622 6585.34
v -3249.34 103.893 6590.34
v -3247.78 101.849 6584.68
v -3248.37 99.4058 6583.73
v -3247.67 99.3952 6585.79
v -3247.9 99.3976 6584.7
v -3247.49 99.3833 6590.48
v -3247.32 99.3885 6588.96
v -3251.77 100.077 6592.64
v -3254.36 101.796 6591.95
v -3250.1 103.961 6590.59
v -3251 103.929 6590.93
v -3251.89 104.047 6590.93
v -3252.97 104.134 6590.8
v -3254.01 104.157 6590.88
v -3252.27 100.045 6582.5
v -3249.59 103.686 6584.74
v -3250.9 104.146 6584.51
v -3250.16 103.934 6584.64
v -3251.99 104.356 6584.21
v -3246.97 100.951 6589.01
v -3247.12 101.736 6588.79
v -3246.98 100.278 6588.86
v -3247.26 100.998 6586.24
v -3247.29 100.234 6586.19
v -3247.4 102.249 6588.53
v -3247.55 102.437 6587.51
v -3247.37 102.261 6586.84
v -3247.48 101.767 6586.2
v -3247.49 99.3885 6588.8
v -3247.75 99.3952 6585.99
v -3247.55 100.909 6589.02
v -3247.68 101.587 6588.81
v -3247.54 100.397 6588.9
v -3247.82 100.931 6586.33
v -3247.83 100.37 6586.27
v -3247.94 102.039 6588.58
v -3248.09 102.224 6587.56
v -3247.92 102.081 6586.92
v -3248.03 101.621 6586.31
v -3248.02 99.3885 6588.83
v -3248.26 99.3952 6586.09
v -3255.79 100.457 6585.55
v -3255.78 99.3952 6585.4
v -3256.15 100.318 6586.59
v -3256.11 99.3952 6586.49
v -3255.33 100.619 6584.57
v -3255.33 99.3952 6584.58
v -3256.24 100.324 6587.81
v -3256.04 101.094 6587.67
v -3255.91 101.017 6586.48
v -3256.06 99.3952 6587.8
v -3255.72 100.391 6590.23
v -3255.19 100.469 6591.11
v -3255.65 101.131 6590.15
v -3255.17 101.215 6590.9
v -3256.1 100.332 6589.11
v -3255.57 99.3952 6590.29
v -3255.76 99.3952 6589.13
v -3255.46 101.722 6586.69
v -3255.59 101.821 6585.62
v -3255.66 101.137 6585.58
v -3255.21 101.837 6584.68
v -3255.33 101.233 6584.75
v -3255.93 101.834 6587.89
v -3256.03 101.081 6589.03
v -3255.9 101.871 6589.06
v -3255.53 101.849 6590.05
v -3254.94 101.794 6590.84
v -3255.46 103.563 6586.82
v -3255.03 103.969 6586.83
v -3255.24 103.519 6585.91
v -3254.86 103.914 6585.97
v -3254.89 103.465 6585.03
v -3255.01 102.473 6584.71
v -3255.43 102.549 6585.55
v -3255.2 102.498 6586.72
v -3255.79 102.601 6587.87
v -3255.52 103.591 6587.9
v -3255.73 102.623 6589.01
v -3255.43 103.612 6588.9
v -3255.32 102.577 6589.89
v -3255.03 103.562 6589.73
v -3254.74 102.5 6590.66
v -3254.57 103.499 6590.49
v -3254.12 104.07 6585.72
v -3253.95 103.939 6584.95
v -3254.64 103.78 6585.26
v -3253.22 104.111 6587.88
v -3254.23 104.092 6587.68
v -3253.13 104.126 6588.86
v -3254.94 104.011 6588.83
v -3254.13 103.938 6589.67
v -3252.98 103.977 6589.61
v -3251.99 103.891 6584.72
v -3253.05 104.027 6584.73
v -3252.05 104.006 6585.51
v -3250.81 104.101 6587.64
v -3250.87 103.968 6586.45
v -3251.99 104.151 6587.72
v -3253.27 104.083 6586.71
v -3253.19 104.083 6585.67
v -3251.76 104.017 6589.69
v -3252.84 103.788 6590.34
v -3251.91 103.747 6590.46
v -3250.22 103.99 6589.33
v -3249.89 104.006 6587.51
v -3250.81 104.2 6588.91
v -3251.15 103.693 6590.46
v -3250.38 103.708 6590.17
v -3249.56 103.735 6585.75
v -3248.69 103.375 6586.65
v -3248.75 102.259 6585.81
v -3248.03 102.566 6586.35
v -3249.58 103.657 6586.62
v -3248.7 103.442 6587.15
v -3249.05 103.677 6587.37
v -3248.17 103.479 6587.63
v -3249.06 103.63 6588.28
v -3248.11 103.504 6588.61
v -3247.94 102.039 6588.58
v -3247.99 102.683 6589.77
v -3248.18 103.469 6589.36
v -3248.9 103.363 6589.32
v -3249.6 103.617 6589.26
v -3247.82 100.931 6586.33
v -3247.84 101.19 6585.02
v -3248.03 101.621 6586.31
v -3247.95 101.761 6585.25
v -3249.25 102.569 6584.83
v -3248.93 101.705 6584.88
v -3248.6 101.773 6585.35
v -3248.09 102.224 6587.56
v -3247.92 102.081 6586.92
v -3248.83 102.366 6590.13
v -3247.85 101.913 6589.8
v -3248.74 101.699 6590.18
v -3247.68 101.587 6588.81
v -3247.9 100.515 6585.12
v -3248.7 100.551 6584.69
v -3248.65 101.178 6584.63
v -3247.83 100.37 6586.27
v -3247.55 100.32 6589.98
v -3247.67 101.134 6589.86
v -3248.68 100.32 6590.21
v -3248.63 101.075 6590.09
v -3247.54 100.397 6588.9
v -3247.55 100.909 6589.02
v -3250.56 100.312 6591.83
v -3250.6 99.3952 6591.66
v -3249.42 99.3952 6591.42
v -3248.65 99.3952 6590.25
v -3251.85 99.3952 6591.85
v -3251.85 101.139 6591.84
v -3250.52 101.184 6591.69
v -3253.17 100.399 6591.68
v -3253.35 99.3952 6591.45
v -3254.29 100.407 6591.56
v -3254.11 101.646 6591.37
v -3255.18 99.3952 6591.09
v -3254.35 99.3952 6591.38
v -3249.58 101.913 6591.26
v -3249.39 101.115 6591.24
v -3250.75 101.974 6591.36
v -3253.19 101.093 6591.78
v -3253.06 101.921 6591.79
v -3251.87 101.927 6591.79
v -3254.11 101.646 6591.37
v -3253.95 102.592 6591.27
v -3252.99 102.735 6591.7
v -3249.98 103.333 6590.77
v -3249.21 103.452 6590.31
v -3250.96 103.418 6590.92
v -3250.74 102.623 6591.06
v -3251.95 103.376 6591.24
v -3252.94 103.53 6591.11
v -3253.82 103.519 6591
v -3249.75 100.545 6583.69
v -3249.67 101.217 6583.57
v -3248.7 100.551 6584.69
v -3248.65 101.178 6584.63
v -3248.88 99.3952 6584.85
v -3249.74 99.3952 6584.02
v -3253.71 101.19 6583.34
v -3252.41 101.153 6583.22
v -3253.51 100.335 6583.29
v -3252.26 100.337 6583.26
v -3250.88 99.3952 6583.93
v -3252.24 99.3952 6583.66
v -3250.93 100.437 6583.44
v -3254.29 101.183 6584.14
v -3254.61 99.3952 6584.03
v -3253.54 99.3952 6583.63
v -3250.96 101.137 6583.31
v -3250.89 101.931 6583.48
v -3249.76 101.91 6583.75
v -3248.93 101.705 6584.88
v -3252.14 101.897 6583.49
v -3253.41 101.891 6583.55
v -3249.99 103.552 6585.09
v -3249.25 102.569 6584.83
v -3250.44 103.363 6584.41
v -3253.3 102.621 6583.92
v -3253.17 103.611 6584.23
v -3252.14 102.677 6583.76
v -3252.13 103.609 6584.14
v -3250.92 102.699 6583.76
v -3253.05 104.027 6584.73
v -3253.95 103.939 6584.95
v -3254.06 103.543 6584.56
v -3254.28 102.587 6584.27
v -3255.07 103.991 6587.83
v -3254.13 103.938 6589.67
v -3254.19 103.602 6590.22
v -3254.13 103.938 6589.67
v -3253.7 103.651 6590.26
v -3249.05 103.677 6587.37
v -3249.58 103.657 6586.62
v -3251.07 103.794 6584.97
v -3249.56 103.735 6585.75
v -3249.99 103.552 6585.09
v -3249.06 103.63 6588.28
v -3249.73 103.676 6589.95
v -3249.6 103.617 6589.26
v -3249.99 103.552 6585.09
v -3249.73 103.676 6589.95
v -3248.88 99.3952 6584.85
v -3248.14 99.3952 6585.12
v -3248.26 99.3952 6586.09
v -3247.79 99.3952 6590.06
v -3248.02 99.3885 6588.83
v -3250.38 103.708 6590.17
v -3251.15 103.693 6590.46
v -3251.91 103.747 6590.46
v -3252.84 103.788 6590.34
v -3253.7 103.651 6590.26
v -3251.07 103.794 6584.97
v -3251.99 103.891 6584.72
v -3252.33 99.5163 6583.57
v -3252.06 102.308 6583.79
v -3252.29 99.5333 6583.46
v -3252.02 102.325 6583.68
v -3252.34 99.5583 6583.36
v -3252.07 102.35 6583.58
v -3252.45 99.5766 6583.32
v -3252.18 102.368 6583.55
v -3252.55 99.5775 6583.38
v -3252.28 102.369 6583.6
v -3252.59 99.5605 6583.48
v -3252.32 102.352 6583.7
v -3252.54 99.5355 6583.58
v -3252.27 102.327 6583.8
v -3252.43 99.5172 6583.62
v -3252.16 102.309 6583.84
v -3252.33 99.5163 6583.57
v -3252.06 102.308 6583.79
v -3251.81 104.146 6584.37
v -3251.85 104.129 6584.48
v -3251.86 104.171 6584.27
v -3251.97 104.189 6584.23
v -3252.07 104.19 6584.29
v -3252.11 104.173 6584.39
v -3252.06 104.148 6584.49
v -3251.95 104.13 6584.53
v -3251.85 104.129 6584.48
v -3256.14 98.8598 6587.64
v -3256.18 98.8792 6587.75
v -3255.41 102.726 6587.35
v -3255.45 102.745 6587.46
v -3256.19 98.865 6587.54
v -3255.45 102.731 6587.25
v -3256.29 98.8916 6587.49
v -3255.56 102.758 6587.2
v -3256.39 98.9242 6587.54
v -3255.66 102.79 6587.25
v -3256.43 98.9436 6587.65
v -3255.7 102.81 6587.36
v -3256.38 98.9384 6587.75
v -3255.65 102.805 6587.46
v -3256.28 98.9118 6587.79
v -3255.55 102.778 6587.5
v -3256.18 98.8792 6587.75
v -3255.45 102.745 6587.46
v -3254.56 104.487 6587.31
v -3254.52 104.468 6587.2
v -3254.57 104.473 6587.09
v -3254.67 104.5 6587.05
v -3254.77 104.532 6587.1
v -3254.81 104.552 6587.21
v -3254.76 104.547 6587.31
v -3254.66 104.52 6587.35
v -3254.56 104.487 6587.31
v -3255.83 98.556 6589.99
v -3255.82 98.5484 6590.1
v -3254.92 102.385 6590.25
v -3254.9 102.378 6590.37
v -3255.92 98.5859 6589.92
v -3255.01 102.415 6590.19
v -3256.03 98.6206 6589.94
v -3255.12 102.45 6590.2
v -3256.09 98.6398 6590.03
v -3255.18 102.469 6590.3
v -3256.08 98.6322 6590.14
v -3255.16 102.461 6590.41
v -3255.99 98.6023 6590.21
v -3255.08 102.432 6590.48
v -3255.88 98.5675 6590.19
v -3254.97 102.397 6590.46
v -3255.82 98.5484 6590.1
v -3254.9 102.378 6590.37
v -3254.04 104.019 6590.21
v -3254.06 104.027 6590.09
v -3254.14 104.057 6590.03
v -3254.25 104.091 6590.04
v -3254.32 104.111 6590.14
v -3254.3 104.103 6590.25
v -3254.21 104.073 6590.32
v -3254.1 104.038 6590.3
v -3254.04 104.019 6590.21
v -3255.18 99.4518 6584.69
v -3254.99 102.252 6584.89
v -3255.23 99.4746 6584.59
v -3255.04 102.274 6584.79
v -3255.33 99.4963 6584.55
v -3255.15 102.296 6584.75
v -3255.44 99.5043 6584.61
v -3255.25 102.304 6584.81
v -3255.47 99.4938 6584.72
v -3255.29 102.294 6584.92
v -3255.42 99.471 6584.82
v -3255.24 102.271 6585.02
v -3255.31 99.4492 6584.85
v -3255.13 102.249 6585.05
v -3255.21 99.4413 6584.8
v -3255.03 102.241 6585
v -3255.18 99.4518 6584.69
v -3254.99 102.252 6584.89
v -3254.51 104.095 6585.27
v -3254.46 104.072 6585.37
v -3254.61 104.116 6585.24
v -3254.72 104.124 6585.29
v -3254.75 104.114 6585.4
v -3254.7 104.091 6585.5
v -3254.59 104.069 6585.53
v -3254.49 104.061 6585.48
v -3254.46 104.072 6585.37
v -3249.12 99.3248 6584.56
v -3249.3 102.116 6584.86
v -3249.02 99.3497 6584.5
v -3249.21 102.141 6584.8
v -3248.99 99.3753 6584.39
v -3249.18 102.166 6584.69
v -3249.05 99.3868 6584.29
v -3249.24 102.178 6584.59
v -3249.16 99.3773 6584.27
v -3249.35 102.168 6584.56
v -3249.26 99.3524 6584.32
v -3249.45 102.144 6584.62
v -3249.29 99.3268 6584.43
v -3249.47 102.118 6584.73
v -3249.23 99.3154 6584.53
v -3249.41 102.106 6584.83
v -3249.12 99.3248 6584.56
v -3249.3 102.116 6584.86
v -3249.65 103.94 6585.43
v -3249.75 103.915 6585.49
v -3249.62 103.965 6585.32
v -3249.68 103.977 6585.23
v -3249.79 103.967 6585.2
v -3249.89 103.942 6585.26
v -3249.92 103.917 6585.36
v -3249.86 103.905 6585.46
v -3249.75 103.915 6585.49
v -3252.26 98.547 6591.96
v -3252.15 98.5653 6592
v -3252.36 102.397 6591.31
v -3252.25 102.415 6591.35
v -3252.36 98.5555 6592.01
v -3252.46 102.406 6591.36
v -3252.4 98.5857 6592.12
v -3252.5 102.436 6591.46
v -3252.35 98.62 6592.22
v -3252.45 102.47 6591.56
v -3252.24 98.6383 6592.25
v -3252.34 102.488 6591.6
v -3252.14 98.6299 6592.2
v -3252.24 102.48 6591.55
v -3252.1 98.5997 6592.1
v -3252.2 102.45 6591.44
v -3252.15 98.5653 6592
v -3252.25 102.415 6591.35
v -3252.51 104.015 6590.46
v -3252.62 103.997 6590.42
v -3252.73 104.005 6590.47
v -3252.76 104.035 6590.58
v -3252.72 104.07 6590.67
v -3252.61 104.088 6590.71
v -3252.5 104.08 6590.66
v -3252.47 104.049 6590.56
v -3252.51 104.015 6590.46
v -3249.14 99.5769 6590.98
v -3249.52 102.31 6590.43
v -3249.13 99.6126 6591.09
v -3249.51 102.346 6590.54
v -3249.04 99.6503 6591.16
v -3249.42 102.383 6590.61
v -3248.93 99.6681 6591.14
v -3249.31 102.401 6590.59
v -3248.86 99.6554 6591.05
v -3249.24 102.388 6590.51
v -3248.87 99.6197 6590.95
v -3249.25 102.353 6590.4
v -3248.95 99.582 6590.88
v -3249.33 102.315 6590.33
v -3249.07 99.5643 6590.9
v -3249.45 102.297 6590.35
v -3249.14 99.5769 6590.98
v -3249.52 102.31 6590.43
v -3250.02 104.045 6589.71
v -3250.03 104.01 6589.6
v -3249.93 104.083 6589.78
v -3249.82 104.101 6589.76
v -3249.75 104.088 6589.68
v -3249.75 104.052 6589.57
v -3249.84 104.015 6589.5
v -3249.95 103.997 6589.52
v -3250.03 104.01 6589.6
v -3255.63 100.23 6590.3
v -3253.49 100.142 6591.68
v -3255.53 100.249 6590.24
v -3253.44 100.161 6591.58
v -3256.16 99.9426 6587.85
v -3256.04 99.9614 6587.84
v -3255.56 99.9511 6584.86
v -3255.45 99.9699 6584.92
v -3254.43 100.181 6584.13
v -3254.37 100.2 6584.23
v -3251.84 100.142 6583.34
v -3251.83 100.161 6583.45
v -3249.26 100.142 6584.19
v -3249.32 100.161 6584.3
v -3247.77 100.142 6585.69
v -3247.87 100.161 6585.76
v -3247.45 100.142 6589.65
v -3247.51 100.161 6589.55
v -3248.68 100.059 6590.29
v -3248.74 100.078 6590.19
v -3250.6 100.142 6591.86
v -3250.61 100.161 6591.74
v -3255.68 100.337 6590.33
v -3253.52 100.249 6591.73
v -3256.22 100.05 6587.85
v -3255.6 100.058 6584.84
v -3254.46 100.288 6584.09
v -3251.84 100.249 6583.28
v -3249.24 100.249 6584.14
v -3247.72 100.249 6585.66
v -3247.42 100.249 6589.7
v -3248.65 100.166 6590.34
v -3250.6 100.249 6591.92
v -3253.48 100.334 6591.66
v -3255.61 100.422 6590.28
v -3256.13 100.135 6587.84
v -3255.53 100.143 6584.88
v -3254.42 100.373 6584.16
v -3251.84 100.334 6583.37
v -3249.28 100.334 6584.22
v -3247.79 100.334 6585.71
v -3247.46 100.334 6589.63
v -3248.7 100.251 6590.26
v -3250.6 100.334 6591.83
v -3253.43 100.28 6591.56
v -3255.52 100.368 6590.23
v -3256.02 100.08 6587.84
v -3255.43 100.089 6584.92
v -3254.36 100.319 6584.25
v -3251.83 100.28 6583.47
v -3249.33 100.28 6584.31
v -3247.88 100.28 6585.77
v -3247.52 100.28 6589.54
v -3248.75 100.196 6590.17
v -3250.61 100.28 6591.72
v -3255.53 100.249 6590.24
v -3253.44 100.161 6591.58
v -3256.04 99.9614 6587.84
v -3255.45 99.9699 6584.92
v -3254.37 100.2 6584.23
v -3251.83 100.161 6583.45
v -3249.32 100.161 6584.3
v -3247.87 100.161 6585.76
v -3248.74 100.078 6590.19
v -3247.51 100.161 6589.55
v -3250.61 100.161 6591.74
v -3253.47 101.169 6591.73
v -3253.42 101.188 6591.63
v -3255.62 101.041 6590.36
v -3255.52 101.06 6590.29
v -3256.06 101.093 6587.84
v -3255.94 101.111 6587.84
v -3255.47 101.194 6584.92
v -3255.37 101.212 6584.98
v -3254.36 100.98 6584.09
v -3254.3 100.999 6584.19
v -3251.81 101.151 6583.35
v -3251.8 101.169 6583.46
v -3249.33 100.949 6584.05
v -3249.38 100.967 6584.15
v -3247.63 101.041 6585.7
v -3247.73 101.06 6585.76
v -3247.41 101.041 6589.31
v -3247.52 101.06 6589.25
v -3248.64 101.111 6590.14
v -3248.7 101.129 6590.04
v -3250.63 101.041 6591.77
v -3250.63 101.06 6591.65
v -3253.5 101.274 6591.78
v -3255.66 101.146 6590.38
v -3256.11 101.197 6587.84
v -3255.52 101.299 6584.9
v -3254.39 101.085 6584.04
v -3251.81 101.255 6583.3
v -3249.3 101.053 6584
v -3247.59 101.146 6585.67
v -3247.37 101.146 6589.33
v -3248.61 101.216 6590.19
v -3250.62 101.146 6591.82
v -3255.59 101.229 6590.34
v -3253.46 101.357 6591.71
v -3256.03 101.28 6587.84
v -3255.44 101.382 6584.94
v -3254.34 101.168 6584.11
v -3251.81 101.339 6583.38
v -3249.34 101.136 6584.07
v -3247.66 101.229 6585.72
v -3247.44 101.229 6589.29
v -3248.65 101.299 6590.12
v -3250.63 101.229 6591.74
v -3255.5 101.176 6590.28
v -3253.41 101.304 6591.61
v -3255.92 101.227 6587.84
v -3255.35 101.329 6584.99
v -3254.29 101.115 6584.2
v -3251.8 101.285 6583.48
v -3249.39 101.083 6584.17
v -3247.74 101.176 6585.77
v -3247.53 101.176 6589.25
v -3248.71 101.245 6590.03
v -3250.63 101.176 6591.63
v -3255.52 101.06 6590.29
v -3253.42 101.188 6591.63
v -3255.94 101.111 6587.84
v -3255.37 101.212 6584.98
v -3254.3 100.999 6584.19
v -3251.8 101.169 6583.46
v -3249.38 100.967 6584.15
v -3247.73 101.06 6585.76
v -3248.7 101.129 6590.04
v -3247.52 101.06 6589.25
v -3250.63 101.06 6591.65
v -3255.09 102.535 6590.35
v -3253.37 102.296 6591.5
v -3255 102.552 6590.29
v -3253.32 102.313 6591.41
v -3255.29 102.363 6586.72
v -3255.18 102.38 6586.71
v -3255.15 102.411 6584.92
v -3255.05 102.428 6584.97
v -3253.86 102.262 6583.96
v -3253.8 102.279 6584.05
v -3251.8 102.411 6583.65
v -3251.79 102.428 6583.75
v -3250.03 102.528 6584.13
v -3250.08 102.546 6584.23
v -3248.46 102.411 6585.83
v -3248.55 102.428 6585.89
v -3248.9 102.311 6590.07
v -3247.7 102.554 6589.2
v -3248.95 102.328 6589.97
v -3247.8 102.571 6589.15
v -3250.77 102.442 6591.19
v -3250.78 102.46 6591.08
v -3253.39 102.394 6591.55
v -3255.13 102.632 6590.38
v -3255.33 102.461 6586.72
v -3255.19 102.508 6584.89
v -3253.89 102.36 6583.92
v -3251.8 102.508 6583.6
v -3250.01 102.626 6584.09
v -3248.42 102.508 6585.8
v -3248.87 102.408 6590.11
v -3247.66 102.651 6589.22
v -3250.77 102.54 6591.24
v -3253.36 102.471 6591.48
v -3255.06 102.709 6590.33
v -3255.26 102.538 6586.72
v -3255.13 102.586 6584.93
v -3253.85 102.437 6583.98
v -3251.8 102.586 6583.67
v -3250.04 102.703 6584.16
v -3248.48 102.586 6585.84
v -3247.73 102.729 6589.18
v -3248.91 102.486 6590.04
v -3250.77 102.617 6591.16
v -3254.98 102.66 6590.28
v -3253.31 102.421 6591.39
v -3255.16 102.489 6586.71
v -3255.04 102.536 6584.98
v -3253.79 102.388 6584.06
v -3251.79 102.536 6583.77
v -3250.09 102.654 6584.24
v -3248.57 102.536 6585.89
v -3247.81 102.679 6589.14
v -3248.96 102.436 6589.96
v -3250.78 102.568 6591.06
v -3253.32 102.313 6591.41
v -3255 102.552 6590.29
v -3255.18 102.38 6586.71
v -3255.05 102.428 6584.97
v -3253.8 102.279 6584.05
v -3251.79 102.428 6583.75
v -3250.08 102.546 6584.23
v -3248.55 102.428 6585.89
v -3248.95 102.328 6589.97
v -3247.8 102.571 6589.15
v -3250.78 102.46 6591.08
v -3247.9 99.7435 6589.74
v -3248.74 99.7435 6590.18
v -3247.9 102.744 6589.74
v -3248.74 102.744 6590.18
v -3247.98 99.7435 6588.81
v -3247.9 99.7435 6589.74
v -3247.98 102.744 6588.81
v -3247.9 102.744 6589.74
v -3255.48 99.7435 6590.05
v -3255.87 99.7435 6587.69
v -3255.48 102.744 6590.05
v -3255.87 102.744 6587.69
v -3253.39 99.7435 6591.38
v -3255.48 99.7435 6590.05
v -3253.39 102.744 6591.38
v -3255.48 102.744 6590.05
v -3252.37 99.7435 6591.46
v -3253.39 99.7435 6591.38
v -3252.37 102.744 6591.46
v -3253.39 102.744 6591.38
v -3255.87 99.7435 6587.69
v -3255.17 99.7435 6584.83
v -3255.87 102.744 6587.69
v -3255.17 102.744 6584.83
v -3255.17 99.7435 6584.83
v -3254.39 99.7435 6584.17
v -3255.17 102.744 6584.83
v -3254.39 102.744 6584.17
v -3254.39 99.7435 6584.17
v -3252.42 99.7435 6583.76
v -3254.39 102.744 6584.17
v -3252.42 102.744 6583.76
v -3252.42 99.7435 6583.76
v -3251.42 99.7435 6583.8
v -3252.42 102.744 6583.76
v -3251.42 102.744 6583.8
v -3251.42 99.7435 6583.8
v -3249.96 99.7435 6584.23
v -3251.42 102.744 6583.8
v -3249.96 102.744 6584.23
v -3250.64 99.7435 6591.48
v -3252.37 99.7435 6591.46
v -3250.64 102.744 6591.48
v -3252.37 102.744 6591.46
v -3248.74 99.7435 6590.18
v -3250.64 99.7435 6591.48
v -3248.74 102.744 6590.18
v -3250.64 102.744 6591.48
v -3249.96 99.7435 6584.23
v -3249.39 99.7435 6584.59
v -3249.96 102.744 6584.23
v -3249.39 102.744 6584.59
v -3249.39 99.7435 6584.59
v -3248.38 99.7435 6585.24
v -3249.39 102.744 6584.59
v -3248.38 102.744 6585.24
v -3248.38 99.7435 6585.24
v -3248.14 99.7435 6586.29
v -3248.38 102.744 6585.24
v -3248.14 102.744 6586.29
v -3255.37 99.7435 6583.32
v -3256.66 99.7435 6585.08
v -3255.37 102.744 6583.32
v -3256.66 102.744 6585.08
v -3256.66 99.7435 6585.08
v -3257.1 99.7435 6587.86
v -3256.66 102.744 6585.08
v -3257.1 102.744 6587.86
v -3257.1 99.7435 6587.86
v -3256.55 99.7435 6590.61
v -3257.1 102.744 6587.86
v -3256.55 102.744 6590.61
v -3256.55 99.7435 6590.61
v -3255.72 99.7435 6591.67
v -3256.55 102.744 6590.61
v -3255.72 102.744 6591.67
v -3255.72 99.7435 6591.67
v -3254.75 99.7435 6592.29
v -3255.72 102.744 6591.67
v -3254.75 102.744 6592.29
v -3254.75 99.7435 6592.29
v -3252.04 99.7435 6592.77
v -3254.75 102.744 6592.29
v -3252.04 102.744 6592.77
v -3252.04 99.7435 6592.77
v -3249.57 99.7435 6592.44
v -3252.04 102.744 6592.77
v -3249.57 102.744 6592.44
v -3249.57 99.7435 6592.44
v -3247.9 99.7435 6591.47
v -3249.57 102.744 6592.44
v -3247.9 102.744 6591.47
v -3247.9 99.7435 6591.47
v -3247.13 99.7435 6590.45
v -3247.9 102.744 6591.47
v -3247.13 102.744 6590.45
v -3247.46 99.7435 6584.61
v -3248.03 99.7435 6583.43
v -3247.46 102.744 6584.61
v -3248.03 102.744 6583.43
v -3247.1 99.7435 6586.24
v -3247.46 99.7435 6584.61
v -3247.1 102.744 6586.24
v -3247.46 102.744 6584.61
v -3246.8 99.7435 6589.12
v -3246.84 99.7435 6588.75
v -3246.8 102.744 6589.12
v -3246.84 102.744 6588.75
v -3247.13 99.7435 6590.45
v -3246.8 99.7435 6589.12
v -3247.13 102.744 6590.45
v -3246.8 102.744 6589.12
v -3248.03 99.7435 6583.43
v -3249.21 99.7435 6582.88
v -3248.03 102.744 6583.43
v -3249.21 102.744 6582.88
v -3253.83 99.7435 6582.49
v -3255.37 99.7435 6583.32
v -3253.83 102.744 6582.49
v -3255.37 102.744 6583.32
v -3250.85 99.7435 6582.51
v -3253.83 99.7435 6582.49
v -3250.85 102.744 6582.51
v -3253.83 102.744 6582.49
v -3249.21 99.7435 6582.88
v -3250.85 99.7435 6582.51
v -3249.21 102.744 6582.88
v -3250.85 102.744 6582.51
v -3246.84 99.7435 6588.75
v -3247.98 99.7435 6588.81
v -3246.84 102.744 6588.75
v -3247.98 102.744 6588.81
v -3248.14 99.7435 6586.29
v -3247.1 99.7435 6586.24
v -3248.14 102.744 6586.29
v -3247.1 102.744 6586.24
v -3262.77 102.136 6591.35
v -3262.77 103.26 6591.65
v -3262.66 102.136 6591.23
v -3262.65 103.26 6591.52
v -3262.77 102.136 6591.12
v -3262.77 103.26 6591.4
v -3262.89 103.26 6591.52
v -3262.88 102.136 6591.23
v -3262.77 103.26 6591.65
v -3262.77 102.136 6591.35
v -3262.69 104.058 6591.84
v -3262.77 104.058 6591.92
v -3262.77 104.058 6591.76
v -3262.85 104.058 6591.84
v -3262.77 104.058 6591.92
v -3262.77 105.009 6591.93
v -3262.65 104.95 6591.82
v -3262.77 104.797 6591.7
v -3262.89 104.95 6591.82
v -3262.77 104.799 6591.7
v -3262.77 105.009 6591.93
v -3262.77 105.059 6591.77
v -3262.77 105.564 6591.29
v -3262.66 104.973 6591.7
v -3262.69 105.503 6591.24
v -3262.77 105.441 6591.19
v -3262.85 105.503 6591.24
v -3262.88 104.971 6591.7
v -3262.77 105.059 6591.77
v -3262.77 105.564 6591.29
v -3262.66 102.136 6591.23
v -3262.77 101.515 6591.23
v -3262.77 102.136 6591.35
v -3262.77 102.136 6591.12
v -3262.88 102.136 6591.23
v -3262.77 102.136 6591.35
v -3262.77 105.605 6591.1
v -3262.77 106.459 6591.88
v -3262.78 103.849 6591.75
v -3261.67 106.521 6590.55
v -3261.68 103.911 6590.42
v -3261.89 105.922 6590.79
v -3261.87 103.9 6590.66
v -3261.55 105.861 6591.02
v -3261.57 103.9 6590.82
v -3262.2 105.012 6590.65
v -3262.21 103.9 6590.53
v -3262.71 107.777 6589.7
v -3262.72 107.699 6591.3
v -3262.8 104.456 6589.62
v -3262.8 104.378 6591.22
v -3262.73 107.015 6590
v -3262.8 104.443 6589.9
v -3262.35 106.937 6589.91
v -3262.49 104.443 6589.8
v -3263.04 105.857 6590.13
v -3263.12 104.443 6590.06
v -3263.66 106.837 6590.31
v -3262.84 106.791 6591.68
v -3263.62 104.098 6590.23
v -3262.8 104.052 6591.6
v -3263.49 106.212 6590.57
v -3263.48 104.09 6590.47
v -3263.2 106.17 6590.29
v -3263.26 104.107 6590.22
v -3263.63 105.243 6590.81
v -3263.67 104.073 6590.77
v -3251.94 101.953 6577.76
v -3251.94 103.077 6578.06
v -3251.83 101.953 6577.65
v -3251.82 103.077 6577.94
v -3251.94 101.953 6577.54
v -3251.94 103.077 6577.82
v -3252.06 103.077 6577.94
v -3252.05 101.953 6577.65
v -3251.94 103.077 6578.06
v -3251.94 101.953 6577.76
v -3251.86 103.875 6578.26
v -3251.94 103.875 6578.34
v -3251.94 103.875 6578.18
v -3252.02 103.875 6578.26
v -3251.94 103.875 6578.34
v -3251.94 104.826 6578.34
v -3251.82 104.767 6578.24
v -3251.94 104.614 6578.11
v -3252.06 104.767 6578.24
v -3251.94 104.616 6578.12
v -3251.94 104.826 6578.34
v -3251.94 104.876 6578.18
v -3251.94 105.381 6577.7
v -3251.83 104.79 6578.11
v -3251.86 105.319 6577.65
v -3251.94 105.258 6577.6
v -3252.02 105.319 6577.65
v -3252.05 104.788 6578.12
v -3251.94 104.876 6578.18
v -3251.94 105.381 6577.7
v -3251.83 101.953 6577.65
v -3251.94 101.332 6577.65
v -3251.94 101.953 6577.76
v -3251.94 101.953 6577.54
v -3252.05 101.953 6577.65
v -3251.94 101.953 6577.76
v -3251.94 105.422 6577.52
v -3251.94 106.276 6578.3
v -3251.95 103.666 6578.17
v -3250.84 106.338 6576.97
v -3250.85 103.728 6576.84
v -3251.06 105.739 6577.21
v -3251.04 103.717 6577.07
v -3250.72 105.678 6577.43
v -3250.74 103.717 6577.23
v -3251.37 104.829 6577.07
v -3251.38 103.717 6576.95
v -3251.88 107.594 6576.11
v -3251.89 107.515 6577.71
v -3251.97 104.273 6576.04
v -3251.97 104.194 6577.64
v -3251.9 106.832 6576.42
v -3251.97 104.259 6576.32
v -3251.52 106.754 6576.33
v -3251.66 104.259 6576.21
v -3252.21 105.674 6576.54
v -3252.29 104.259 6576.48
v -3252.83 106.654 6576.73
v -3252.01 106.608 6578.1
v -3252.79 103.915 6576.65
v -3251.97 103.869 6578.02
v -3252.66 106.029 6576.98
v -3252.65 103.907 6576.89
v -3252.37 105.986 6576.71
v -3252.43 103.924 6576.64
v -3252.8 105.06 6577.23
v -3252.84 103.89 6577.19
v -3243.84 104.225 6603.01
v -3243.84 105.349 6603.31
v -3243.73 104.225 6602.9
v -3243.72 105.349 6603.19
v -3243.84 104.225 6602.78
v -3243.84 105.349 6603.06
v -3243.96 105.349 6603.19
v -3243.95 104.225 6602.9
v -3243.84 105.349 6603.31
v -3243.84 104.225 6603.01
v -3243.76 106.147 6603.51
v -3243.84 106.147 6603.59
v -3243.84 106.147 6603.43
v -3243.92 106.147 6603.51
v -3243.84 106.147 6603.59
v -3243.84 107.098 6603.59
v -3243.72 107.039 6603.49
v -3243.84 106.886 6603.36
v -3243.96 107.039 6603.49
v -3243.85 106.888 6603.36
v -3243.84 107.098 6603.59
v -3243.84 107.148 6603.43
v -3243.84 107.653 6602.95
v -3243.73 107.062 6603.36
v -3243.76 107.591 6602.9
v -3243.84 107.529 6602.85
v -3243.92 107.591 6602.9
v -3243.95 107.06 6603.36
v -3243.84 107.148 6603.43
v -3243.84 107.653 6602.95
v -3243.73 104.225 6602.9
v -3243.84 103.604 6602.9
v -3243.84 104.225 6603.01
v -3243.84 104.225 6602.78
v -3243.95 104.225 6602.9
v -3243.84 104.225 6603.01
v -3243.84 107.694 6602.76
v -3243.85 108.548 6603.54
v -3243.85 105.938 6603.41
v -3242.74 108.61 6602.22
v -3242.75 106 6602.09
v -3242.96 108.011 6602.45
v -3242.94 105.989 6602.32
v -3242.62 107.95 6602.68
v -3242.64 105.989 6602.48
v -3243.27 107.1 6602.32
v -3243.28 105.989 6602.2
v -3243.79 109.866 6601.36
v -3243.79 109.787 6602.96
v -3243.87 106.545 6601.28
v -3243.87 106.466 6602.88
v -3243.81 109.103 6601.66
v -3243.87 106.531 6601.56
v -3243.42 109.026 6601.57
v -3243.56 106.531 6601.46
v -3244.11 107.946 6601.79
v -3244.19 106.531 6601.72
v -3244.73 108.926 6601.97
v -3243.91 108.879 6603.34
v -3244.69 106.187 6601.9
v -3243.87 106.141 6603.27
v -3244.56 108.301 6602.23
v -3244.55 106.179 6602.14
v -3244.27 108.258 6601.95
v -3244.34 106.196 6601.89
v -3244.7 107.332 6602.48
v -3244.74 106.162 6602.44
v -3238.72 105.33 6584.81
v -3238.77 105.073 6584.81
v -3238.72 105.319 6584.65
v -3238.77 105.063 6584.68
v -3238.58 105.302 6584.89
v -3238.65 105.05 6584.89
v -3238.44 105.263 6584.82
v -3238.52 105.016 6584.82
v -3238.58 105.302 6584.89
v -3238.65 105.05 6584.89
v -3238.44 105.251 6584.67
v -3238.51 105.006 6584.69
v -3238.58 105.279 6584.58
v -3238.64 105.029 6584.61
v -3238.58 105.279 6584.58
v -3238.64 105.029 6584.61
v -3238.51 105.006 6584.69
v -3238.64 105.029 6584.61
v -3238.52 105.016 6584.82
v -3238.65 105.05 6584.89
v -3238.77 105.063 6584.68
v -3238.77 105.073 6584.81
v -3238.72 105.319 6584.65
v -3238.58 105.279 6584.58
v -3238.72 105.33 6584.81
v -3238.58 105.302 6584.89
v -3238.44 105.263 6584.82
v -3238.44 105.251 6584.67
v -3239.01 100.71 6584.74
v -3239.01 100.71 6584.92
v -3238.84 100.71 6584.65
v -3238.85 100.71 6585.01
v -3238.68 100.71 6584.74
v -3238.68 100.71 6584.92
v -3238.62 105.664 6584.64
v -3238.52 105.529 6584.58
v -3238.63 105.675 6584.77
v -3238.52 105.55 6584.85
v -3238.42 105.415 6584.8
v -3238.41 105.404 6584.66
v -3239.24 103.31 6587.96
v -3239.28 103.298 6587.93
v -3239.23 103.31 6587.85
v -3239.28 103.298 6587.87
v -3239.18 103.298 6587.88
v -3239.19 103.298 6587.93
v -3238.91 105.336 6588.04
v -3238.93 105.077 6588.01
v -3238.9 105.349 6587.9
v -3238.93 105.088 6587.88
v -3238.77 105.306 6588.12
v -3238.81 105.051 6588.08
v -3238.63 105.29 6588.05
v -3238.68 105.035 6588.02
v -3238.77 105.306 6588.12
v -3238.81 105.051 6588.08
v -3238.62 105.303 6587.9
v -3238.68 105.046 6587.89
v -3238.76 105.332 6587.82
v -3238.8 105.074 6587.81
v -3238.76 105.332 6587.82
v -3238.8 105.074 6587.81
v -3238.93 105.088 6587.88
v -3238.93 105.077 6588.01
v -3238.8 105.074 6587.81
v -3238.81 105.051 6588.08
v -3238.68 105.046 6587.89
v -3238.68 105.035 6588.02
v -3238.9 105.349 6587.9
v -3238.76 105.332 6587.82
v -3238.91 105.336 6588.04
v -3238.77 105.306 6588.12
v -3238.63 105.29 6588.05
v -3238.62 105.303 6587.9
v -3239.13 100.71 6587.78
v -3239.14 100.71 6587.96
v -3238.97 100.71 6587.69
v -3238.98 100.71 6588.05
v -3238.81 100.71 6587.78
v -3238.81 100.71 6587.97
v -3238.63 105.359 6588.06
v -3238.73 105.558 6588.13
v -3238.62 105.371 6587.92
v -3238.72 105.581 6587.86
v -3238.84 105.684 6588.07
v -3238.84 105.696 6587.94
v -3238.99 103.291 6584.89
v -3238.99 103.291 6584.76
v -3238.98 103.492 6584.88
v -3238.98 103.492 6584.76
v -3238.88 103.29 6584.95
v -3238.87 103.491 6584.95
v -3238.77 103.28 6584.89
v -3238.88 103.29 6584.95
v -3238.76 103.482 6584.89
v -3238.87 103.491 6584.95
v -3238.77 103.28 6584.77
v -3238.76 103.482 6584.76
v -3238.88 103.29 6584.7
v -3238.87 103.491 6584.7
v -3238.88 103.29 6584.7
v -3238.87 103.491 6584.7
v -3238.99 103.291 6584.76
v -3238.99 103.291 6584.89
v -3238.88 103.29 6584.7
v -3238.88 103.29 6584.95
v -3238.77 103.28 6584.77
v -3238.77 103.28 6584.89
v -3238.98 103.492 6584.76
v -3238.87 103.491 6584.7
v -3238.98 103.492 6584.88
v -3238.87 103.491 6584.95
v -3238.76 103.482 6584.89
v -3238.76 103.482 6584.76
v -3239 102.616 6584.75
v -3238.99 102.881 6584.76
v -3239 102.616 6584.9
v -3239 102.882 6584.9
v -3238.88 102.624 6584.98
v -3238.88 102.889 6584.97
v -3238.75 102.623 6584.91
v -3238.88 102.624 6584.98
v -3238.76 102.888 6584.9
v -3238.88 102.889 6584.97
v -3238.74 102.623 6584.76
v -3238.76 102.888 6584.76
v -3238.87 102.624 6584.68
v -3238.87 102.889 6584.69
v -3238.87 102.624 6584.68
v -3238.87 102.889 6584.69
v -3238.87 102.624 6584.68
v -3239 102.616 6584.75
v -3238.74 102.623 6584.76
v -3239 102.616 6584.9
v -3238.75 102.623 6584.91
v -3238.88 102.624 6584.98
v -3238.88 102.889 6584.97
v -3239 102.882 6584.9
v -3238.76 102.888 6584.9
v -3238.99 102.881 6584.76
v -3238.76 102.888 6584.76
v -3238.87 102.889 6584.69
v -3238.69 104.753 6587.86
v -3238.67 104.767 6587.86
v -3238.68 104.734 6587.96
v -3238.67 104.745 6587.96
v -3238.66 104.753 6587.86
v -3238.66 104.734 6587.96
v -3238.67 104.767 6587.86
v -3238.67 104.745 6587.96
v -3238.67 104.738 6587.86
v -3238.67 104.723 6587.96
v -3238.67 104.738 6587.86
v -3238.67 104.723 6587.96
v -3238.67 104.745 6588.08
v -3238.68 104.734 6588.08
v -3238.67 104.745 6588.08
v -3238.66 104.734 6588.08
v -3238.67 104.722 6588.08
v -3238.67 104.722 6588.08
v -3238.67 104.736 6587.81
v -3238.7 104.763 6587.81
v -3238.67 104.736 6587.81
v -3238.65 104.763 6587.81
v -3238.67 104.79 6587.81
v -3238.67 104.79 6587.81
v -3238.69 104.725 6588.12
v -3238.67 104.745 6588.13
v -3238.65 104.725 6588.12
v -3238.67 104.745 6588.13
v -3238.67 104.704 6588.11
v -3238.67 104.704 6588.11
v -3238.67 104.763 6587.79
v -3238.67 104.763 6587.79
v -3238.67 104.721 6588.13
v -3238.67 104.721 6588.13
v -3238.65 104.712 6587.88
v -3238.69 104.732 6588.05
v -3238.66 104.696 6587.88
v -3238.7 104.717 6588.05
v -3238.65 104.712 6587.88
v -3238.64 104.696 6587.88
v -3238.69 104.732 6588.05
v -3238.68 104.717 6588.05
v -3238.64 104.696 6587.88
v -3238.68 104.717 6588.05
v -3238.66 104.682 6587.85
v -3238.63 104.682 6587.85
v -3238.63 104.682 6587.85
v -3238.64 104.716 6587.85
v -3238.64 104.716 6587.85
v -3238.71 104.713 6588.07
v -3238.7 104.741 6588.07
v -3238.68 104.713 6588.08
v -3238.7 104.741 6588.07
v -3238.68 104.713 6588.08
v -3238.64 104.69 6587.83
v -3238.64 104.69 6587.83
v -3238.7 104.722 6588.08
v -3238.7 104.722 6588.08
v -3238.69 104.708 6587.95
v -3238.69 104.746 6587.95
v -3238.69 104.708 6587.98
v -3238.69 104.746 6587.98
v -3238.69 104.746 6587.95
v -3238.67 104.756 6587.96
v -3238.69 104.746 6587.98
v -3238.67 104.756 6587.98
v -3238.67 104.756 6587.96
v -3238.65 104.746 6587.96
v -3238.67 104.756 6587.98
v -3238.66 104.746 6587.99
v -3238.65 104.746 6587.96
v -3238.65 104.708 6587.96
v -3238.66 104.746 6587.99
v -3238.66 104.708 6587.99
v -3238.65 104.708 6587.96
v -3238.67 104.698 6587.96
v -3238.66 104.708 6587.99
v -3238.67 104.698 6587.98
v -3238.67 104.698 6587.96
v -3238.69 104.708 6587.95
v -3238.67 104.698 6587.98
v -3238.69 104.708 6587.98
v -3238.69 104.708 6587.95
v -3238.67 104.698 6587.96
v -3238.69 104.746 6587.95
v -3238.65 104.708 6587.96
v -3238.67 104.756 6587.96
v -3238.65 104.746 6587.96
v -3238.69 104.708 6587.98
v -3238.69 104.746 6587.98
v -3238.67 104.698 6587.98
v -3238.66 104.708 6587.99
v -3238.67 104.756 6587.98
v -3238.66 104.746 6587.99
v -3238.67 104.508 6587.96
v -3238.67 104.508 6587.98
v -3238.67 104.713 6587.96
v -3238.67 104.713 6587.98
v -3238.67 104.713 6587.96
v -3238.67 104.713 6587.98
v -3238.67 104.511 6587.96
v -3238.67 104.511 6587.98
v -3238.67 104.733 6587.96
v -3238.67 104.733 6587.98
v -3238.67 105.115 6587.96
v -3238.67 105.115 6587.98
v -3238.67 105.115 6587.96
v -3238.67 105.115 6587.98
v -3238.67 104.733 6587.96
v -3238.67 104.733 6587.98
v -3238.71 103.899 6588.11
v -3238.71 103.899 6588.12
v -3238.71 104.483 6588.11
v -3238.71 104.483 6588.12
v -3238.71 104.483 6588.11
v -3238.71 104.483 6588.12
v -3238.71 103.899 6588.11
v -3238.71 103.899 6588.12
v -3238.64 103.592 6587.82
v -3238.64 103.592 6587.83
v -3238.64 104.46 6587.82
v -3238.64 104.46 6587.83
v -3238.64 104.46 6587.82
v -3238.64 104.46 6587.83
v -3238.64 103.592 6587.82
v -3238.64 103.592 6587.83
v -3238.65 103.289 6587.65
v -3238.67 103.507 6587.76
v -3238.66 103.274 6587.71
v -3238.68 103.478 6587.8
v -3238.59 103.297 6587.63
v -3238.62 103.522 6587.75
v -3238.55 103.289 6587.67
v -3238.58 103.507 6587.78
v -3238.56 103.274 6587.73
v -3238.59 103.478 6587.82
v -3238.62 103.266 6587.75
v -3238.64 103.463 6587.84
v -3238.62 103.266 6587.75
v -3238.64 103.463 6587.84
v -3238.66 103.274 6587.71
v -3238.62 103.266 6587.75
v -3238.65 103.289 6587.65
v -3238.59 103.297 6587.63
v -3238.55 103.289 6587.67
v -3238.56 103.274 6587.73
v -3238.69 103.675 6587.88
v -3238.7 103.649 6587.91
v -3238.65 103.691 6587.87
v -3238.61 103.675 6587.9
v -3238.62 103.649 6587.93
v -3238.66 103.633 6587.94
v -3238.66 103.633 6587.94
v -3238.72 103.816 6588.02
v -3238.73 103.799 6588.04
v -3238.68 103.838 6588.01
v -3238.65 103.816 6588.04
v -3238.65 103.799 6588.06
v -3238.69 103.777 6588.07
v -3238.69 103.777 6588.07
v -3238.75 103.938 6588.19
v -3238.72 103.96 6588.17
v -3238.69 103.938 6588.21
v -3238.73 103.915 6588.23
v -3238.73 103.915 6588.23
v -3238.77 104.085 6588.31
v -3238.75 104.098 6588.29
v -3238.73 104.085 6588.32
v -3238.75 104.071 6588.34
v -3238.75 104.071 6588.34
v -3238.78 104.346 6588.46
v -3238.67 104.505 6587.96
v -3238.69 104.49 6587.96
v -3238.63 104.5 6587.81
v -3238.65 104.478 6587.81
v -3238.63 104.5 6587.81
v -3238.61 104.478 6587.82
v -3238.67 104.505 6587.96
v -3238.66 104.49 6587.97
v -3238.63 104.457 6587.81
v -3238.67 104.474 6587.96
v -3238.63 104.457 6587.81
v -3238.67 104.474 6587.96
v -3238.72 104.505 6588.14
v -3238.73 104.488 6588.13
v -3238.72 104.505 6588.14
v -3238.7 104.488 6588.14
v -3238.72 104.471 6588.14
v -3238.72 104.471 6588.14
v -3238.62 104.434 6587.76
v -3238.65 104.473 6587.74
v -3238.62 104.434 6587.76
v -3238.58 104.473 6587.76
v -3238.62 104.512 6587.75
v -3238.62 104.512 6587.75
v -3238.76 104.482 6588.18
v -3238.73 104.513 6588.19
v -3238.7 104.482 6588.19
v -3238.73 104.513 6588.19
v -3238.73 104.452 6588.18
v -3238.73 104.452 6588.18
v -3238.61 104.47 6587.73
v -3238.61 104.47 6587.73
v -3238.73 104.48 6588.21
v -3238.73 104.48 6588.21
v -3238.69 104.48 6587.95
v -3238.69 104.5 6587.95
v -3238.69 104.48 6587.98
v -3238.69 104.5 6587.98
v -3238.69 104.5 6587.95
v -3238.67 104.512 6587.95
v -3238.69 104.5 6587.98
v -3238.67 104.512 6587.99
v -3238.67 104.512 6587.95
v -3238.65 104.5 6587.96
v -3238.67 104.512 6587.99
v -3238.65 104.5 6587.99
v -3238.65 104.5 6587.96
v -3238.65 104.48 6587.96
v -3238.65 104.5 6587.99
v -3238.65 104.48 6587.99
v -3238.65 104.48 6587.96
v -3238.67 104.468 6587.95
v -3238.65 104.48 6587.99
v -3238.67 104.468 6587.99
v -3238.67 104.468 6587.95
v -3238.69 104.48 6587.95
v -3238.67 104.468 6587.99
v -3238.69 104.48 6587.98
v -3238.69 104.48 6587.95
v -3238.67 104.468 6587.95
v -3238.69 104.5 6587.95
v -3238.67 104.512 6587.95
v -3238.65 104.5 6587.96
v -3238.65 104.48 6587.96
v -3238.69 104.48 6587.98
v -3238.69 104.5 6587.98
v -3238.67 104.468 6587.99
v -3238.67 104.512 6587.99
v -3238.65 104.48 6587.99
v -3238.65 104.5 6587.99
v -3238.54 104.745 6584.86
v -3238.53 104.727 6584.76
v -3238.53 104.76 6584.85
v -3238.52 104.737 6584.76
v -3238.51 104.745 6584.86
v -3238.53 104.76 6584.85
v -3238.51 104.727 6584.76
v -3238.52 104.737 6584.76
v -3238.53 104.731 6584.86
v -3238.52 104.716 6584.76
v -3238.53 104.731 6584.86
v -3238.52 104.716 6584.76
v -3238.51 104.738 6584.64
v -3238.53 104.726 6584.64
v -3238.51 104.738 6584.64
v -3238.5 104.726 6584.64
v -3238.51 104.715 6584.64
v -3238.51 104.715 6584.64
v -3238.53 104.728 6584.91
v -3238.55 104.756 6584.9
v -3238.53 104.728 6584.91
v -3238.5 104.756 6584.91
v -3238.53 104.783 6584.9
v -3238.53 104.783 6584.9
v -3238.53 104.717 6584.6
v -3238.51 104.738 6584.59
v -3238.49 104.717 6584.6
v -3238.51 104.738 6584.59
v -3238.51 104.697 6584.6
v -3238.51 104.697 6584.6
v -3238.53 104.756 6584.92
v -3238.53 104.756 6584.92
v -3238.51 104.713 6584.58
v -3238.51 104.713 6584.58
v -3238.5 104.497 6584.9
v -3238.53 104.516 6584.76
v -3238.49 104.512 6584.89
v -3238.52 104.527 6584.76
v -3238.49 104.512 6584.89
v -3238.52 104.527 6584.76
v -3238.48 104.497 6584.89
v -3238.51 104.516 6584.76
v -3238.49 104.482 6584.89
v -3238.52 104.506 6584.76
v -3238.49 104.482 6584.89
v -3238.52 104.506 6584.76
v -3238.56 104.518 6584.62
v -3238.55 104.53 6584.62
v -3238.54 104.518 6584.62
v -3238.55 104.53 6584.62
v -3238.55 104.506 6584.62
v -3238.55 104.506 6584.62
v -3238.48 104.467 6584.93
v -3238.51 104.494 6584.94
v -3238.45 104.494 6584.93
v -3238.48 104.467 6584.93
v -3238.48 104.521 6584.94
v -3238.48 104.521 6584.94
v -3238.56 104.543 6584.58
v -3238.58 104.521 6584.58
v -3238.56 104.543 6584.58
v -3238.54 104.521 6584.57
v -3238.56 104.499 6584.57
v -3238.56 104.499 6584.57
v -3238.48 104.492 6584.95
v -3238.48 104.492 6584.95
v -3238.56 104.523 6584.56
v -3238.56 104.523 6584.56
v -3238.49 104.287 6584.91
v -3238.51 104.265 6584.91
v -3238.52 104.292 6584.75
v -3238.54 104.276 6584.75
v -3238.49 104.287 6584.91
v -3238.52 104.292 6584.75
v -3238.47 104.265 6584.9
v -3238.51 104.276 6584.75
v -3238.49 104.244 6584.9
v -3238.52 104.261 6584.75
v -3238.49 104.244 6584.9
v -3238.52 104.261 6584.75
v -3238.56 104.291 6584.58
v -3238.57 104.274 6584.58
v -3238.56 104.291 6584.58
v -3238.54 104.274 6584.57
v -3238.56 104.258 6584.58
v -3238.56 104.258 6584.58
v -3238.48 104.221 6584.96
v -3238.51 104.26 6584.97
v -3238.44 104.26 6584.96
v -3238.48 104.221 6584.96
v -3238.47 104.298 6584.97
v -3238.47 104.298 6584.97
v -3238.6 104.269 6584.54
v -3238.57 104.299 6584.52
v -3238.54 104.269 6584.52
v -3238.57 104.299 6584.52
v -3238.57 104.239 6584.53
v -3238.57 104.239 6584.53
v -3238.47 104.257 6584.99
v -3238.47 104.257 6584.99
v -3238.57 104.267 6584.51
v -3238.57 104.267 6584.51
v -3238.53 104.525 6584.84
v -3238.52 104.536 6584.67
v -3238.52 104.541 6584.84
v -3238.51 104.55 6584.67
v -3238.52 104.541 6584.84
v -3238.51 104.55 6584.67
v -3238.51 104.525 6584.84
v -3238.5 104.536 6584.67
v -3238.51 104.525 6584.84
v -3238.5 104.536 6584.67
v -3238.51 104.513 6584.87
v -3238.54 104.513 6584.87
v -3238.53 104.525 6584.84
v -3238.52 104.547 6584.87
v -3238.54 104.513 6584.87
v -3238.52 104.547 6584.87
v -3238.52 104.53 6584.64
v -3238.5 104.558 6584.64
v -3238.49 104.53 6584.64
v -3238.5 104.558 6584.64
v -3238.52 104.53 6584.64
v -3238.52 104.536 6584.67
v -3238.53 104.522 6584.89
v -3238.53 104.522 6584.89
v -3238.5 104.538 6584.63
v -3238.5 104.538 6584.63
v -3238.52 104.565 6584.84
v -3238.52 104.549 6584.84
v -3238.52 104.562 6584.65
v -3238.53 104.548 6584.65
v -3238.52 104.565 6584.84
v -3238.52 104.562 6584.65
v -3238.51 104.549 6584.84
v -3238.52 104.548 6584.65
v -3238.51 104.549 6584.84
v -3238.52 104.548 6584.65
v -3238.5 104.54 6584.87
v -3238.53 104.54 6584.87
v -3238.52 104.549 6584.84
v -3238.52 104.573 6584.87
v -3238.53 104.54 6584.87
v -3238.52 104.573 6584.87
v -3238.53 104.54 6584.63
v -3238.52 104.568 6584.63
v -3238.51 104.54 6584.62
v -3238.52 104.568 6584.63
v -3238.53 104.54 6584.63
v -3238.53 104.548 6584.65
v -3238.51 104.549 6584.88
v -3238.51 104.549 6584.88
v -3238.52 104.548 6584.61
v -3238.52 104.548 6584.61
v -3238.51 104.573 6584.85
v -3238.55 104.562 6584.64
v -3238.5 104.593 6584.85
v -3238.54 104.579 6584.64
v -3238.5 104.593 6584.85
v -3238.54 104.579 6584.64
v -3238.49 104.573 6584.84
v -3238.53 104.562 6584.64
v -3238.49 104.573 6584.84
v -3238.53 104.562 6584.64
v -3238.47 104.563 6584.88
v -3238.51 104.563 6584.89
v -3238.51 104.573 6584.85
v -3238.49 104.604 6584.88
v -3238.51 104.563 6584.89
v -3238.49 104.604 6584.88
v -3238.56 104.551 6584.61
v -3238.55 104.585 6584.61
v -3238.53 104.551 6584.6
v -3238.55 104.585 6584.61
v -3238.56 104.551 6584.61
v -3238.55 104.562 6584.64
v -3238.49 104.576 6584.9
v -3238.49 104.576 6584.9
v -3238.55 104.56 6584.59
v -3238.55 104.56 6584.59
v -3238.5 104.705 6584.84
v -3238.51 104.689 6584.84
v -3238.54 104.725 6584.67
v -3238.54 104.71 6584.67
v -3238.5 104.705 6584.84
v -3238.54 104.725 6584.67
v -3238.49 104.689 6584.83
v -3238.53 104.71 6584.67
v -3238.49 104.689 6584.83
v -3238.53 104.71 6584.67
v -3238.48 104.675 6584.86
v -3238.51 104.675 6584.87
v -3238.51 104.689 6584.84
v -3238.5 104.709 6584.87
v -3238.51 104.675 6584.87
v -3238.5 104.709 6584.87
v -3238.56 104.706 6584.64
v -3238.54 104.734 6584.64
v -3238.53 104.706 6584.64
v -3238.54 104.734 6584.64
v -3238.56 104.706 6584.64
v -3238.54 104.71 6584.67
v -3238.49 104.683 6584.88
v -3238.49 104.683 6584.88
v -3238.54 104.715 6584.63
v -3238.54 104.715 6584.63
v -3238.54 104.697 6584.76
v -3238.54 104.697 6584.73
v -3238.54 104.739 6584.76
v -3238.54 104.739 6584.73
v -3238.54 104.739 6584.76
v -3238.54 104.739 6584.73
v -3238.52 104.749 6584.76
v -3238.52 104.749 6584.73
v -3238.52 104.749 6584.76
v -3238.52 104.749 6584.73
v -3238.5 104.739 6584.76
v -3238.51 104.739 6584.73
v -3238.5 104.739 6584.76
v -3238.51 104.739 6584.73
v -3238.5 104.697 6584.76
v -3238.51 104.697 6584.73
v -3238.5 104.697 6584.76
v -3238.51 104.697 6584.73
v -3238.52 104.687 6584.76
v -3238.52 104.687 6584.73
v -3238.52 104.687 6584.76
v -3238.52 104.687 6584.73
v -3238.54 104.697 6584.76
v -3238.54 104.697 6584.73
v -3238.54 104.697 6584.76
v -3238.54 104.739 6584.76
v -3238.52 104.687 6584.76
v -3238.5 104.697 6584.76
v -3238.52 104.749 6584.76
v -3238.5 104.739 6584.76
v -3238.54 104.697 6584.73
v -3238.52 104.687 6584.73
v -3238.54 104.739 6584.73
v -3238.51 104.697 6584.73
v -3238.52 104.749 6584.73
v -3238.51 104.739 6584.73
v -3238.53 104.509 6584.76
v -3238.54 104.509 6584.73
v -3238.53 104.586 6584.76
v -3238.54 104.586 6584.73
v -3238.53 104.586 6584.76
v -3238.54 104.586 6584.73
v -3238.52 104.596 6584.76
v -3238.52 104.596 6584.73
v -3238.52 104.596 6584.76
v -3238.52 104.596 6584.73
v -3238.5 104.586 6584.76
v -3238.5 104.586 6584.73
v -3238.5 104.586 6584.76
v -3238.5 104.586 6584.73
v -3238.5 104.509 6584.76
v -3238.5 104.509 6584.73
v -3238.5 104.509 6584.76
v -3238.5 104.509 6584.73
v -3238.52 104.499 6584.76
v -3238.52 104.499 6584.73
v -3238.52 104.499 6584.76
v -3238.52 104.499 6584.73
v -3238.53 104.509 6584.76
v -3238.54 104.509 6584.73
v -3238.53 104.509 6584.76
v -3238.53 104.586 6584.76
v -3238.52 104.499 6584.76
v -3238.5 104.509 6584.76
v -3238.52 104.596 6584.76
v -3238.5 104.586 6584.76
v -3238.54 104.509 6584.73
v -3238.52 104.499 6584.73
v -3238.54 104.586 6584.73
v -3238.5 104.509 6584.73
v -3238.52 104.596 6584.73
v -3238.5 104.586 6584.73
v -3238.54 104.277 6584.77
v -3238.54 104.277 6584.73
v -3238.52 104.299 6584.76
v -3238.52 104.299 6584.73
v -3238.52 104.299 6584.76
v -3238.52 104.299 6584.73
v -3238.5 104.277 6584.76
v -3238.5 104.277 6584.73
v -3238.52 104.255 6584.76
v -3238.52 104.255 6584.73
v -3238.52 104.255 6584.76
v -3238.52 104.255 6584.73
v -3238.52 104.255 6584.76
v -3238.54 104.277 6584.77
v -3238.5 104.277 6584.76
v -3238.52 104.299 6584.76
v -3238.52 104.299 6584.73
v -3238.54 104.277 6584.73
v -3238.5 104.277 6584.73
v -3238.52 104.255 6584.73
v -3238.51 103.336 6585.07
v -3238.52 103.32 6585.01
v -3238.53 103.554 6584.96
v -3238.54 103.525 6584.91
v -3238.45 103.344 6585.09
v -3238.48 103.569 6584.97
v -3238.41 103.336 6585.05
v -3238.44 103.554 6584.94
v -3238.42 103.32 6584.99
v -3238.45 103.525 6584.89
v -3238.48 103.312 6584.97
v -3238.5 103.51 6584.88
v -3238.48 103.312 6584.97
v -3238.5 103.51 6584.88
v -3238.52 103.32 6585.01
v -3238.51 103.336 6585.07
v -3238.48 103.312 6584.97
v -3238.42 103.32 6584.99
v -3238.41 103.336 6585.05
v -3238.45 103.344 6585.09
v -3238.55 103.722 6584.84
v -3238.56 103.696 6584.8
v -3238.5 103.738 6584.85
v -3238.47 103.722 6584.82
v -3238.47 103.696 6584.79
v -3238.52 103.679 6584.77
v -3238.52 103.679 6584.77
v -3238.57 103.863 6584.69
v -3238.58 103.846 6584.67
v -3238.53 103.885 6584.71
v -3238.5 103.863 6584.68
v -3238.5 103.846 6584.66
v -3238.55 103.824 6584.64
v -3238.55 103.824 6584.64
v -3238.6 103.985 6584.52
v -3238.57 104.007 6584.54
v -3238.54 103.985 6584.51
v -3238.58 103.962 6584.49
v -3238.58 103.962 6584.49
v -3238.62 104.132 6584.4
v -3238.59 104.145 6584.42
v -3238.58 104.132 6584.4
v -3238.6 104.118 6584.38
v -3238.6 104.118 6584.38
v -3238.63 104.393 6584.25
v -3238.52 104.295 6584.76
v -3238.52 104.505 6584.76
v -3238.52 104.295 6584.73
v -3238.52 104.505 6584.73
v -3238.52 104.505 6584.76
v -3238.52 104.298 6584.76
v -3238.52 104.505 6584.73
v -3238.52 104.298 6584.73
v -3238.52 104.592 6584.76
v -3238.52 104.695 6584.76
v -3238.52 104.592 6584.73
v -3238.52 104.695 6584.73
v -3238.52 104.695 6584.76
v -3238.52 104.592 6584.76
v -3238.52 104.695 6584.73
v -3238.52 104.592 6584.73
v -3238.52 104.726 6584.76
v -3238.52 105.073 6584.76
v -3238.52 104.726 6584.73
v -3238.52 105.073 6584.73
v -3238.52 105.073 6584.76
v -3238.52 104.726 6584.76
v -3238.52 105.073 6584.73
v -3238.52 104.726 6584.73
v -3238.55 103.939 6584.6
v -3238.55 104.27 6584.6
v -3238.55 103.939 6584.59
v -3238.55 104.27 6584.59
v -3238.55 104.27 6584.6
v -3238.55 103.939 6584.6
v -3238.56 104.27 6584.59
v -3238.56 103.939 6584.59
v -3238.49 103.642 6584.9
v -3238.49 104.257 6584.9
v -3238.49 103.642 6584.89
v -3238.49 104.257 6584.89
v -3238.49 104.257 6584.9
v -3238.49 103.642 6584.9
v -3238.49 104.257 6584.89
v -3238.49 103.642 6584.89
v -3238.86 102.77 6584.72
v -3238.96 102.627 6584.67
v -3238.95 102.776 6584.74
v -3238.99 102.625 6584.68
v -3238.86 102.768 6584.72
v -3238.95 102.774 6584.74
v -3238.96 102.626 6584.67
v -3238.99 102.623 6584.68
v -3239.11 102.638 6584.61
v -3239.11 102.579 6584.61
v -3238.87 102.639 6584.57
v -3238.87 102.58 6584.57
v -3239.1 102.668 6584.66
v -3238.86 102.668 6584.62
v -3239.09 102.638 6584.72
v -3239.1 102.668 6584.66
v -3238.85 102.638 6584.67
v -3238.86 102.668 6584.62
v -3239.08 102.579 6584.72
v -3238.84 102.58 6584.67
v -3239.09 102.549 6584.66
v -3238.85 102.551 6584.62
v -3239.09 102.549 6584.66
v -3238.85 102.551 6584.62
v -3239.11 102.579 6584.61
v -3239.11 102.638 6584.61
v -3239.09 102.549 6584.66
v -3239.1 102.668 6584.66
v -3239.08 102.579 6584.72
v -3239.09 102.638 6584.72
v -3238.87 102.58 6584.57
v -3238.85 102.551 6584.62
v -3238.87 102.639 6584.57
v -3238.86 102.668 6584.62
v -3238.85 102.638 6584.67
v -3238.84 102.58 6584.67
v -3238.7 102.631 6584.54
v -3238.7 102.581 6584.54
v -3238.69 102.656 6584.59
v -3238.68 102.631 6584.63
v -3238.68 102.581 6584.63
v -3238.69 102.556 6584.59
v -3242.19 102.634 6585.22
v -3242.18 102.662 6585.27
v -3242.19 102.578 6585.22
v -3242.18 102.55 6585.27
v -3242.18 102.578 6585.32
v -3242.18 102.634 6585.32
v -3238.7 103.288 6584.54
v -3238.7 103.238 6584.54
v -3238.69 103.313 6584.59
v -3238.68 103.288 6584.63
v -3238.68 103.238 6584.63
v -3238.69 103.213 6584.59
v -3242.19 103.291 6585.22
v -3242.18 103.319 6585.27
v -3242.19 103.235 6585.22
v -3242.18 103.207 6585.27
v -3242.18 103.235 6585.32
v -3242.18 103.291 6585.32
v -3241.64 101.186 6585.19
v -3241.66 101.208 6585.24
v -3241.59 101.208 6585.18
v -3241.56 101.208 6585.22
v -3241.58 101.208 6585.27
v -3241.63 101.208 6585.28
v -3241.59 103.513 6585.18
v -3241.55 103.513 6585.22
v -3241.65 103.513 6585.19
v -3241.66 103.513 6585.24
v -3241.63 103.513 6585.28
v -3241.57 103.513 6585.27
v -3239.22 101.186 6584.72
v -3239.24 101.196 6584.77
v -3239.17 101.196 6584.71
v -3239.14 101.208 6584.75
v -3239.21 101.208 6584.81
v -3239.16 101.208 6584.8
v -3239.17 103.506 6584.71
v -3239.14 103.513 6584.75
v -3239.23 103.506 6584.72
v -3239.25 103.513 6584.77
v -3239.21 103.507 6584.81
v -3239.15 103.507 6584.8
v -3239.25 103.231 6584.65
v -3239.21 103.231 6584.65
v -3239.22 103.294 6584.65
v -3239.17 103.294 6584.64
v -3239.18 103.322 6584.69
v -3239.15 103.322 6584.69
v -3239.15 103.258 6584.82
v -3239.16 103.305 6584.81
v -3239.14 103.285 6584.75
v -3239.13 103.316 6584.75
v -3239.21 103.224 6584.82
v -3239.22 103.271 6584.83
v -3239.25 103.239 6584.78
v -3239.25 103.206 6584.78
v -3239.23 103.201 6584.7
v -3239.26 103.201 6584.71
v -3239.25 103.206 6584.78
v -3239.14 103.305 6584.72
v -3239.15 103.322 6584.69
v -3239.18 103.322 6584.69
v -3239.16 103.321 6584.72
v -3239.26 103.201 6584.71
v -3239.21 103.224 6584.82
v -3239.14 103.285 6584.75
v -3239.15 103.258 6584.82
v -3239.25 103.239 6584.78
v -3239.13 103.316 6584.75
v -3239.22 103.271 6584.83
v -3239.16 103.305 6584.81
v -3239.25 103.198 6584.74
v -3239.26 103.216 6584.74
v -3239.16 103.321 6584.72
v -3239.14 103.305 6584.72
v -3239.22 103.294 6584.65
v -3239.25 103.231 6584.65
v -3239.23 103.201 6584.7
v -3239.21 103.231 6584.65
v -3239.17 103.294 6584.64
v -3239.25 103.198 6584.74
v -3239.26 103.216 6584.74
v -3239.25 103.206 6584.78
v -3239.25 103.239 6584.78
v -3239.26 103.294 6584.65
v -3239.23 103.228 6584.64
v -3239.22 103.297 6584.64
v -3239.18 103.231 6584.64
v -3239.23 103.322 6584.7
v -3239.26 103.322 6584.71
v -3239.21 103.258 6584.82
v -3239.25 103.285 6584.78
v -3239.21 103.305 6584.82
v -3239.25 103.316 6584.78
v -3239.16 103.224 6584.81
v -3239.16 103.271 6584.81
v -3239.14 103.239 6584.75
v -3239.14 103.206 6584.75
v -3239.19 103.201 6584.69
v -3239.16 103.201 6584.69
v -3239.19 103.201 6584.69
v -3239.26 103.322 6584.71
v -3239.16 103.198 6584.72
v -3239.25 103.316 6584.78
v -3239.16 103.201 6584.69
v -3239.15 103.216 6584.72
v -3239.25 103.285 6584.78
v -3239.21 103.258 6584.82
v -3239.14 103.206 6584.75
v -3239.16 103.224 6584.81
v -3239.14 103.239 6584.75
v -3239.16 103.271 6584.81
v -3239.21 103.305 6584.82
v -3239.16 103.198 6584.72
v -3239.15 103.216 6584.72
v -3239.24 103.321 6584.74
v -3239.26 103.305 6584.74
v -3239.23 103.322 6584.7
v -3239.22 103.297 6584.64
v -3239.18 103.231 6584.64
v -3239.23 103.228 6584.64
v -3239.26 103.294 6584.65
v -3239.26 103.305 6584.74
v -3239.24 103.321 6584.74
v -3239.14 103.206 6584.75
v -3239.14 103.239 6584.75
v -3239.26 102.583 6584.64
v -3239.22 102.583 6584.64
v -3239.22 102.645 6584.64
v -3239.18 102.645 6584.63
v -3239.19 102.673 6584.68
v -3239.16 102.673 6584.67
v -3239.15 102.6 6584.82
v -3239.16 102.648 6584.81
v -3239.15 102.627 6584.75
v -3239.15 102.658 6584.75
v -3239.22 102.567 6584.82
v -3239.22 102.614 6584.83
v -3239.25 102.581 6584.77
v -3239.25 102.548 6584.77
v -3239.24 102.552 6584.69
v -3239.27 102.552 6584.69
v -3239.25 102.548 6584.77
v -3239.14 102.651 6584.72
v -3239.16 102.673 6584.67
v -3239.19 102.673 6584.68
v -3239.16 102.666 6584.72
v -3239.27 102.552 6584.69
v -3239.22 102.567 6584.82
v -3239.15 102.627 6584.75
v -3239.15 102.6 6584.82
v -3239.25 102.581 6584.77
v -3239.15 102.658 6584.75
v -3239.22 102.614 6584.83
v -3239.16 102.648 6584.81
v -3239.25 102.543 6584.74
v -3239.26 102.561 6584.74
v -3239.16 102.666 6584.72
v -3239.14 102.651 6584.72
v -3239.26 102.583 6584.64
v -3239.22 102.645 6584.64
v -3239.24 102.552 6584.69
v -3239.22 102.583 6584.64
v -3239.18 102.645 6584.63
v -3239.25 102.543 6584.74
v -3239.26 102.561 6584.74
v -3239.25 102.548 6584.77
v -3239.25 102.581 6584.77
v -3239.26 102.645 6584.65
v -3239.23 102.579 6584.63
v -3239.22 102.648 6584.63
v -3239.19 102.583 6584.63
v -3239.24 102.673 6584.69
v -3239.27 102.673 6584.69
v -3239.22 102.6 6584.82
v -3239.25 102.627 6584.78
v -3239.21 102.648 6584.82
v -3239.25 102.658 6584.78
v -3239.16 102.567 6584.81
v -3239.16 102.614 6584.81
v -3239.15 102.581 6584.75
v -3239.15 102.548 6584.76
v -3239.2 102.552 6584.68
v -3239.16 102.552 6584.67
v -3239.2 102.552 6584.68
v -3239.27 102.673 6584.69
v -3239.16 102.543 6584.72
v -3239.25 102.658 6584.78
v -3239.16 102.552 6584.67
v -3239.15 102.561 6584.72
v -3239.25 102.627 6584.78
v -3239.22 102.6 6584.82
v -3239.15 102.548 6584.76
v -3239.16 102.567 6584.81
v -3239.15 102.581 6584.75
v -3239.21 102.648 6584.82
v -3239.16 102.614 6584.81
v -3239.16 102.543 6584.72
v -3239.15 102.561 6584.72
v -3239.25 102.666 6584.74
v -3239.26 102.651 6584.74
v -3239.24 102.673 6584.69
v -3239.19 102.583 6584.63
v -3239.22 102.648 6584.63
v -3239.23 102.579 6584.63
v -3239.26 102.645 6584.65
v -3239.26 102.651 6584.74
v -3239.25 102.666 6584.74
v -3239.15 102.548 6584.76
v -3239.15 102.581 6584.75
v -3241.67 102.655 6585.11
v -3241.64 102.593 6585.1
v -3241.63 102.656 6585.1
v -3241.59 102.593 6585.09
v -3241.65 102.683 6585.16
v -3241.68 102.683 6585.16
v -3241.63 102.619 6585.28
v -3241.66 102.646 6585.23
v -3241.63 102.666 6585.27
v -3241.66 102.677 6585.23
v -3241.57 102.585 6585.26
v -3241.56 102.632 6585.27
v -3241.55 102.6 6585.21
v -3241.55 102.567 6585.21
v -3241.6 102.562 6585.15
v -3241.57 102.563 6585.14
v -3241.55 102.567 6585.21
v -3241.68 102.683 6585.16
v -3241.67 102.667 6585.19
v -3241.65 102.683 6585.16
v -3241.57 102.563 6585.14
v -3241.66 102.682 6585.19
v -3241.66 102.646 6585.23
v -3241.57 102.585 6585.26
v -3241.63 102.619 6585.28
v -3241.55 102.6 6585.21
v -3241.56 102.632 6585.27
v -3241.66 102.677 6585.23
v -3241.63 102.666 6585.27
v -3241.57 102.559 6585.17
v -3241.56 102.577 6585.17
v -3241.66 102.682 6585.19
v -3241.67 102.667 6585.19
v -3241.63 102.656 6585.1
v -3241.59 102.593 6585.09
v -3241.6 102.562 6585.15
v -3241.64 102.593 6585.1
v -3241.67 102.655 6585.11
v -3241.57 102.559 6585.17
v -3241.56 102.577 6585.17
v -3241.55 102.567 6585.21
v -3241.55 102.6 6585.21
v -3241.66 102.593 6585.11
v -3241.62 102.589 6585.09
v -3241.63 102.658 6585.09
v -3241.59 102.655 6585.09
v -3241.6 102.683 6585.15
v -3241.56 102.683 6585.14
v -3241.57 102.619 6585.26
v -3241.57 102.666 6585.26
v -3241.55 102.646 6585.2
v -3241.55 102.677 6585.2
v -3241.63 102.632 6585.27
v -3241.63 102.585 6585.27
v -3241.66 102.6 6585.23
v -3241.66 102.567 6585.23
v -3241.64 102.562 6585.16
v -3241.67 102.563 6585.16
v -3241.64 102.562 6585.16
v -3241.65 102.559 6585.19
v -3241.56 102.683 6585.14
v -3241.55 102.677 6585.2
v -3241.67 102.577 6585.19
v -3241.67 102.563 6585.16
v -3241.55 102.646 6585.2
v -3241.66 102.567 6585.23
v -3241.57 102.619 6585.26
v -3241.63 102.585 6585.27
v -3241.66 102.6 6585.23
v -3241.63 102.632 6585.27
v -3241.57 102.666 6585.26
v -3241.65 102.559 6585.19
v -3241.67 102.577 6585.19
v -3241.57 102.682 6585.17
v -3241.56 102.667 6585.17
v -3241.6 102.683 6585.15
v -3241.63 102.658 6585.09
v -3241.66 102.593 6585.11
v -3241.62 102.589 6585.09
v -3241.59 102.655 6585.09
v -3241.56 102.667 6585.17
v -3241.57 102.682 6585.17
v -3241.66 102.567 6585.23
v -3241.66 102.6 6585.23
v -3241.67 103.294 6585.12
v -3241.63 103.231 6585.12
v -3241.63 103.294 6585.11
v -3241.59 103.231 6585.11
v -3241.64 103.322 6585.17
v -3241.68 103.322 6585.17
v -3241.63 103.258 6585.29
v -3241.66 103.285 6585.24
v -3241.62 103.305 6585.28
v -3241.67 103.316 6585.24
v -3241.57 103.224 6585.26
v -3241.56 103.271 6585.27
v -3241.55 103.239 6585.21
v -3241.55 103.206 6585.21
v -3241.6 103.201 6585.16
v -3241.56 103.201 6585.15
v -3241.55 103.206 6585.21
v -3241.68 103.322 6585.17
v -3241.67 103.305 6585.2
v -3241.64 103.322 6585.17
v -3241.56 103.201 6585.15
v -3241.66 103.321 6585.2
v -3241.66 103.285 6585.24
v -3241.63 103.258 6585.29
v -3241.57 103.224 6585.26
v -3241.55 103.239 6585.21
v -3241.56 103.271 6585.27
v -3241.67 103.316 6585.24
v -3241.62 103.305 6585.28
v -3241.57 103.198 6585.18
v -3241.55 103.216 6585.18
v -3241.66 103.321 6585.2
v -3241.67 103.305 6585.2
v -3241.63 103.294 6585.11
v -3241.59 103.231 6585.11
v -3241.6 103.201 6585.16
v -3241.63 103.231 6585.12
v -3241.67 103.294 6585.12
v -3241.57 103.198 6585.18
v -3241.55 103.216 6585.18
v -3241.55 103.206 6585.21
v -3241.55 103.239 6585.21
v -3241.66 103.231 6585.12
v -3241.62 103.228 6585.1
v -3241.63 103.297 6585.11
v -3241.59 103.294 6585.11
v -3241.59 103.322 6585.16
v -3241.56 103.322 6585.15
v -3241.57 103.258 6585.27
v -3241.57 103.305 6585.27
v -3241.55 103.285 6585.21
v -3241.55 103.316 6585.21
v -3241.62 103.271 6585.28
v -3241.62 103.224 6585.27
v -3241.66 103.239 6585.24
v -3241.66 103.206 6585.24
v -3241.64 103.201 6585.16
v -3241.67 103.201 6585.17
v -3241.64 103.201 6585.16
v -3241.65 103.198 6585.2
v -3241.56 103.322 6585.15
v -3241.55 103.316 6585.21
v -3241.67 103.216 6585.2
v -3241.67 103.201 6585.17
v -3241.55 103.285 6585.21
v -3241.66 103.206 6585.24
v -3241.57 103.258 6585.27
v -3241.62 103.224 6585.27
v -3241.66 103.239 6585.24
v -3241.62 103.271 6585.28
v -3241.57 103.305 6585.27
v -3241.65 103.198 6585.2
v -3241.67 103.216 6585.2
v -3241.57 103.321 6585.18
v -3241.55 103.305 6585.18
v -3241.59 103.322 6585.16
v -3241.63 103.297 6585.11
v -3241.66 103.231 6585.12
v -3241.62 103.228 6585.1
v -3241.59 103.294 6585.11
v -3241.55 103.305 6585.18
v -3241.57 103.321 6585.18
v -3241.66 103.206 6585.24
v -3241.66 103.239 6585.24
v -3238.95 103.366 6584.74
v -3238.86 103.36 6584.72
v -3238.92 103.279 6584.67
v -3238.89 103.281 6584.66
v -3238.95 103.365 6584.74
v -3238.92 103.277 6584.67
v -3238.86 103.358 6584.72
v -3238.89 103.279 6584.66
v -3239.11 103.292 6584.61
v -3239.11 103.233 6584.61
v -3238.87 103.292 6584.57
v -3238.87 103.234 6584.57
v -3239.1 103.322 6584.66
v -3238.86 103.322 6584.62
v -3239.09 103.292 6584.72
v -3239.1 103.322 6584.66
v -3238.85 103.292 6584.67
v -3238.86 103.322 6584.62
v -3239.08 103.233 6584.72
v -3238.84 103.234 6584.67
v -3239.09 103.203 6584.66
v -3238.85 103.204 6584.62
v -3239.09 103.203 6584.66
v -3238.85 103.204 6584.62
v -3239.11 103.233 6584.61
v -3239.11 103.292 6584.61
v -3239.09 103.203 6584.66
v -3239.1 103.322 6584.66
v -3239.08 103.233 6584.72
v -3239.09 103.292 6584.72
v -3238.87 103.234 6584.57
v -3238.85 103.204 6584.62
v -3238.87 103.292 6584.57
v -3238.86 103.322 6584.62
v -3238.85 103.292 6584.67
v -3238.84 103.234 6584.67
v -3238.72 103.811 6588.18
v -3238.72 104.481 6588.18
v -3238.62 103.811 6587.76
v -3238.62 104.481 6587.76
v -3238.72 103.811 6588.18
v -3238.62 103.811 6587.76
v -3238.72 104.481 6588.18
v -3238.62 104.481 6587.76
v -3238.47 103.836 6584.97
v -3238.47 104.266 6584.97
v -3238.57 103.836 6584.55
v -3238.57 104.266 6584.55
v -3238.48 103.836 6584.97
v -3238.57 103.836 6584.55
v -3238.48 104.266 6584.97
v -3238.57 104.266 6584.55
v -3239.01 100.71 6584.74
v -3238.98 103.274 6584.77
v -3239.01 100.71 6584.92
v -3238.98 103.274 6584.88
v -3238.88 103.261 6584.94
v -3238.85 100.71 6585.01
v -3238.88 103.261 6584.94
v -3238.78 103.249 6584.89
v -3238.85 100.71 6585.01
v -3238.68 100.71 6584.92
v -3238.68 100.71 6584.74
v -3238.78 103.249 6584.77
v -3238.88 103.261 6584.72
v -3238.84 100.71 6584.65
v -3238.62 105.664 6584.64
v -3238.63 105.675 6584.77
v -3238.81 104.817 6584.71
v -3238.81 104.833 6584.82
v -3238.52 105.55 6584.85
v -3238.7 104.815 6584.89
v -3238.52 105.55 6584.85
v -3238.42 105.415 6584.8
v -3238.7 104.815 6584.89
v -3238.59 104.787 6584.83
v -3238.6 104.76 6584.72
v -3238.41 105.404 6584.66
v -3238.52 105.529 6584.58
v -3238.7 104.79 6584.66
v -3238.82 103.99 6584.69
v -3238.72 103.972 6584.75
v -3238.92 104.052 6584.75
v -3238.92 104.06 6584.86
v -3238.82 104.009 6584.92
v -3238.82 104.009 6584.92
v -3238.72 103.987 6584.87
v -3239.08 102.912 6587.92
v -3239.24 103.172 6587.87
v -3239.24 103.172 6587.91
v -3239.21 103.197 6587.94
v -3239.04 102.923 6587.97
v -3239 102.923 6587.92
v -3239.04 102.923 6587.97
v -3239.17 103.211 6587.92
v -3239.21 103.197 6587.94
v -3239.17 103.211 6587.87
v -3239.04 102.923 6587.87
v -3239.21 103.197 6587.85
v -3239.28 103.298 6587.93
v -3239.28 103.298 6587.87
v -3239.24 103.31 6587.96
v -3239.24 103.31 6587.96
v -3239.19 103.298 6587.93
v -3239.18 103.298 6587.88
v -3239.23 103.31 6587.85
v -3239.13 100.71 6587.78
v -3239.07 103.253 6587.81
v -3239.14 100.71 6587.96
v -3239.07 103.253 6587.93
v -3238.98 100.71 6588.05
v -3238.98 103.253 6587.98
v -3238.98 100.71 6588.05
v -3238.98 103.253 6587.98
v -3238.81 100.71 6587.97
v -3238.87 103.253 6587.93
v -3238.81 100.71 6587.78
v -3238.87 103.253 6587.82
v -3238.97 100.71 6587.69
v -3238.97 103.253 6587.76
v -3238.96 104.826 6587.86
v -3238.84 105.696 6587.94
v -3238.96 104.823 6587.98
v -3238.84 105.684 6588.07
v -3238.73 105.558 6588.13
v -3238.85 104.816 6588.04
v -3238.73 105.558 6588.13
v -3238.63 105.359 6588.06
v -3238.85 104.816 6588.04
v -3238.74 104.817 6587.99
v -3238.74 104.809 6587.87
v -3238.62 105.371 6587.92
v -3238.72 105.581 6587.86
v -3238.84 104.828 6587.81
v -3238.94 103.976 6587.78
v -3238.84 103.975 6587.84
v -3239.04 104.013 6587.84
v -3239.04 104.013 6587.94
v -3238.94 103.981 6588
v -3238.94 103.981 6588
v -3238.84 103.982 6587.95
v -3238.7 102.581 6584.54
v -3238.7 102.631 6584.54
v -3240.85 102.617 6584.95
v -3240.85 102.661 6584.95
v -3238.69 102.556 6584.59
v -3240.85 102.596 6584.99
v -3238.69 102.556 6584.59
v -3240.85 102.596 6584.99
v -3238.68 102.581 6584.63
v -3240.84 102.617 6585.03
v -3238.68 102.631 6584.63
v -3240.84 102.661 6585.03
v -3238.69 102.656 6584.59
v -3240.85 102.683 6584.99
v -3242.19 102.578 6585.22
v -3242.19 102.634 6585.22
v -3242.18 102.55 6585.27
v -3242.18 102.578 6585.32
v -3242.18 102.55 6585.27
v -3242.18 102.634 6585.32
v -3242.18 102.662 6585.27
v -3238.7 103.238 6584.54
v -3238.7 103.288 6584.54
v -3240.32 103.256 6584.89
v -3240.32 103.3 6584.89
v -3238.69 103.213 6584.59
v -3240.31 103.234 6584.93
v -3238.69 103.213 6584.59
v -3240.31 103.234 6584.93
v -3238.68 103.238 6584.63
v -3240.3 103.256 6584.97
v -3238.68 103.288 6584.63
v -3240.3 103.3 6584.97
v -3238.69 103.313 6584.59
v -3240.31 103.322 6584.93
v -3242.19 103.291 6585.22
v -3242.19 103.235 6585.22
v -3242.18 103.207 6585.27
v -3242.18 103.235 6585.32
v -3242.18 103.207 6585.27
v -3242.18 103.291 6585.32
v -3242.18 103.319 6585.27
v -3241.63 102.95 6585.18
v -3241.64 101.186 6585.19
v -3241.59 102.95 6585.17
v -3241.59 101.208 6585.18
v -3241.66 101.208 6585.24
v -3241.65 102.95 6585.22
v -3241.63 101.208 6585.28
v -3241.66 101.208 6585.24
v -3241.62 102.95 6585.25
v -3241.65 102.95 6585.22
v -3241.58 101.208 6585.27
v -3241.57 102.95 6585.24
v -3241.56 101.208 6585.22
v -3241.56 102.95 6585.2
v -3241.59 103.513 6585.18
v -3241.65 103.513 6585.19
v -3241.66 103.513 6585.24
v -3241.66 103.513 6585.24
v -3241.63 103.513 6585.28
v -3241.57 103.513 6585.27
v -3241.55 103.513 6585.22
v -3239.22 101.186 6584.72
v -3239.17 101.196 6584.71
v -3239.23 102.778 6584.74
v -3239.19 102.778 6584.73
v -3239.24 101.196 6584.77
v -3239.24 102.778 6584.78
v -3239.24 101.196 6584.77
v -3239.24 102.778 6584.78
v -3239.21 101.208 6584.81
v -3239.21 102.778 6584.82
v -3239.16 101.208 6584.8
v -3239.17 102.778 6584.81
v -3239.14 101.208 6584.75
v -3239.16 102.778 6584.77
v -3239.23 103.506 6584.72
v -3239.17 103.506 6584.71
v -3239.25 103.513 6584.77
v -3239.25 103.513 6584.77
v -3239.21 103.507 6584.81
v -3239.15 103.507 6584.8
v -3239.14 103.513 6584.75
v -3239.13 102.785 6588.09
v -3239.17 102.785 6588.09
v -3239.2 102.785 6588.07
v -3239.21 102.785 6588.03
v -3239.18 102.785 6588
v -3239.14 102.785 6587.99
v -3239.11 102.785 6588.01
v -3239.1 102.785 6588.05
v -3242.3 102.785 6590.12
v -3242.34 102.785 6590.13
v -3242.37 102.785 6590.1
v -3242.38 102.785 6590.06
v -3242.35 102.785 6590.03
v -3242.31 102.785 6590.02
v -3242.28 102.785 6590.05
v -3242.27 102.785 6590.09
v -3240.94 102.784 6589.25
v -3240.98 102.783 6589.25
v -3241.01 102.782 6589.23
v -3241.02 102.783 6589.19
v -3240.99 102.784 6589.16
v -3240.95 102.786 6589.15
v -3240.92 102.787 6589.17
v -3240.91 102.786 6589.21
v -3239.02 102.688 6588
v -3239.03 102.709 6587.99
v -3239.04 102.718 6587.98
v -3239.05 102.709 6587.96
v -3239.06 102.688 6587.95
v -3239.05 102.667 6587.96
v -3239.04 102.659 6587.98
v -3239.03 102.667 6587.99
v -3241.08 102.666 6589.22
v -3241.07 102.686 6589.23
v -3241.06 102.693 6589.24
v -3241.05 102.686 6589.26
v -3241.05 102.666 6589.27
v -3241.05 102.647 6589.26
v -3241.06 102.639 6589.24
v -3241.07 102.647 6589.23
v -3240.85 102.705 6589.18
v -3240.86 102.723 6589.17
v -3240.87 102.73 6589.15
v -3240.88 102.723 6589.14
v -3240.88 102.705 6589.13
v -3240.88 102.688 6589.14
v -3240.87 102.68 6589.15
v -3240.86 102.688 6589.17
v -3242.45 102.704 6590.11
v -3242.45 102.724 6590.12
v -3242.44 102.731 6590.13
v -3242.43 102.724 6590.15
v -3242.42 102.704 6590.16
v -3242.43 102.685 6590.15
v -3242.44 102.677 6590.13
v -3242.45 102.685 6590.12
v -3239.11 101.823 6588.01
v -3239.11 102.785 6588.01
v -3239.14 102.785 6587.99
v -3239.14 101.823 6587.99
v -3239.18 102.785 6588
v -3239.19 101.823 6587.99
v -3239.21 102.785 6588.03
v -3239.21 101.823 6588.03
v -3239.2 102.785 6588.07
v -3239.2 101.823 6588.07
v -3239.17 102.785 6588.09
v -3239.17 101.823 6588.1
v -3239.13 102.785 6588.09
v -3239.12 101.823 6588.09
v -3239.1 102.785 6588.05
v -3239.1 101.823 6588.05
v -3239.11 102.785 6588.01
v -3239.11 101.823 6588.01
v -3242.28 101.823 6590.04
v -3242.28 102.785 6590.05
v -3242.31 102.785 6590.02
v -3242.31 101.823 6590.02
v -3242.35 102.785 6590.03
v -3242.36 101.823 6590.03
v -3242.38 102.785 6590.06
v -3242.38 101.823 6590.06
v -3242.37 102.785 6590.1
v -3242.37 101.823 6590.1
v -3242.34 102.785 6590.13
v -3242.34 101.823 6590.13
v -3242.3 102.785 6590.12
v -3242.3 101.823 6590.12
v -3242.27 102.785 6590.09
v -3242.27 101.823 6590.09
v -3242.28 102.785 6590.05
v -3242.28 101.823 6590.04
v -3240.88 101.826 6589.15
v -3240.92 102.787 6589.17
v -3240.95 102.786 6589.15
v -3240.92 101.825 6589.12
v -3240.99 102.784 6589.16
v -3240.96 101.824 6589.13
v -3241.02 102.783 6589.19
v -3240.99 101.822 6589.17
v -3241.01 102.782 6589.23
v -3240.98 101.821 6589.21
v -3240.98 102.783 6589.25
v -3240.94 101.822 6589.24
v -3240.94 102.784 6589.25
v -3240.9 101.824 6589.23
v -3240.91 102.786 6589.21
v -3240.87 101.825 6589.19
v -3240.92 102.787 6589.17
v -3240.88 101.826 6589.15
v -3241.06 102.639 6589.24
v -3239.04 102.659 6587.98
v -3239.05 102.667 6587.96
v -3241.07 102.647 6589.23
v -3239.06 102.688 6587.95
v -3241.08 102.666 6589.22
v -3239.05 102.709 6587.96
v -3241.07 102.686 6589.23
v -3239.04 102.718 6587.98
v -3241.06 102.693 6589.24
v -3239.03 102.709 6587.99
v -3241.05 102.686 6589.26
v -3239.02 102.688 6588
v -3241.05 102.666 6589.27
v -3239.03 102.667 6587.99
v -3241.05 102.647 6589.26
v -3239.04 102.659 6587.98
v -3241.06 102.639 6589.24
v -3242.44 102.677 6590.13
v -3240.87 102.68 6589.15
v -3240.88 102.688 6589.14
v -3242.45 102.685 6590.12
v -3240.88 102.705 6589.13
v -3242.45 102.704 6590.11
v -3240.88 102.723 6589.14
v -3242.45 102.724 6590.12
v -3240.87 102.73 6589.15
v -3242.44 102.731 6590.13
v -3240.86 102.723 6589.17
v -3242.43 102.724 6590.15
v -3240.85 102.705 6589.18
v -3242.42 102.704 6590.16
v -3240.86 102.688 6589.17
v -3242.43 102.685 6590.15
v -3240.87 102.68 6589.15
v -3242.44 102.677 6590.13
v -3242.64 102.72 6590.27
v -3242.68 102.72 6590.27
v -3242.71 102.72 6590.25
v -3242.71 102.72 6590.21
v -3242.68 102.72 6590.18
v -3242.64 102.72 6590.18
v -3242.61 102.72 6590.2
v -3242.61 102.72 6590.24
v -3246.05 102.72 6591.88
v -3246.09 102.72 6591.88
v -3246.12 102.72 6591.85
v -3246.12 102.72 6591.81
v -3246.09 102.72 6591.78
v -3246.05 102.72 6591.78
v -3246.02 102.72 6591.81
v -3246.02 102.72 6591.85
v -3244.58 102.72 6591.19
v -3244.62 102.718 6591.19
v -3244.65 102.718 6591.16
v -3244.65 102.718 6591.12
v -3244.63 102.72 6591.09
v -3244.59 102.721 6591.09
v -3244.56 102.722 6591.12
v -3244.56 102.721 6591.16
v -3242.52 102.624 6590.2
v -3242.53 102.644 6590.19
v -3242.54 102.653 6590.17
v -3242.55 102.644 6590.16
v -3242.55 102.624 6590.15
v -3242.55 102.603 6590.16
v -3242.54 102.594 6590.17
v -3242.53 102.603 6590.19
v -3244.72 102.602 6591.15
v -3244.72 102.621 6591.15
v -3244.71 102.629 6591.17
v -3244.7 102.621 6591.19
v -3244.7 102.602 6591.19
v -3244.7 102.582 6591.19
v -3244.71 102.575 6591.17
v -3244.72 102.582 6591.15
v -3244.49 102.641 6591.13
v -3244.49 102.658 6591.12
v -3244.5 102.665 6591.11
v -3244.51 102.658 6591.09
v -3244.51 102.641 6591.08
v -3244.51 102.623 6591.09
v -3244.5 102.616 6591.11
v -3244.49 102.623 6591.12
v -3246.2 102.64 6591.85
v -3246.19 102.659 6591.86
v -3246.19 102.667 6591.87
v -3246.18 102.659 6591.89
v -3246.17 102.64 6591.9
v -3246.18 102.62 6591.89
v -3246.19 102.613 6591.87
v -3246.19 102.62 6591.86
v -3242.61 101.759 6590.2
v -3242.61 102.72 6590.2
v -3242.64 102.72 6590.18
v -3242.64 101.759 6590.17
v -3242.68 102.72 6590.18
v -3242.68 101.759 6590.17
v -3242.71 102.72 6590.21
v -3242.71 101.759 6590.21
v -3242.71 102.72 6590.25
v -3242.71 101.759 6590.25
v -3242.68 102.72 6590.27
v -3242.68 101.759 6590.28
v -3242.64 102.72 6590.27
v -3242.64 101.759 6590.28
v -3242.61 102.72 6590.24
v -3242.61 101.759 6590.24
v -3242.61 102.72 6590.2
v -3242.61 101.759 6590.2
v -3246.02 101.759 6591.81
v -3246.02 102.72 6591.81
v -3246.05 102.72 6591.78
v -3246.05 101.759 6591.78
v -3246.09 102.72 6591.78
v -3246.09 101.759 6591.78
v -3246.12 102.72 6591.81
v -3246.12 101.759 6591.81
v -3246.12 102.72 6591.85
v -3246.12 101.759 6591.85
v -3246.09 102.72 6591.88
v -3246.09 101.759 6591.88
v -3246.05 102.72 6591.88
v -3246.04 101.759 6591.88
v -3246.02 102.72 6591.85
v -3246.01 101.759 6591.85
v -3246.02 102.72 6591.81
v -3246.02 101.759 6591.81
v -3244.52 101.761 6591.1
v -3244.56 102.722 6591.12
v -3244.59 102.721 6591.09
v -3244.55 101.761 6591.07
v -3244.63 102.72 6591.09
v -3244.59 101.759 6591.07
v -3244.65 102.718 6591.12
v -3244.62 101.757 6591.1
v -3244.65 102.718 6591.16
v -3244.62 101.757 6591.15
v -3244.62 102.718 6591.19
v -3244.59 101.757 6591.18
v -3244.58 102.72 6591.19
v -3244.54 101.759 6591.17
v -3244.56 102.721 6591.16
v -3244.51 101.761 6591.14
v -3244.56 102.722 6591.12
v -3244.52 101.761 6591.1
v -3244.71 102.575 6591.17
v -3242.54 102.594 6590.17
v -3242.55 102.603 6590.16
v -3244.72 102.582 6591.15
v -3242.55 102.624 6590.15
v -3244.72 102.602 6591.15
v -3242.55 102.644 6590.16
v -3244.72 102.621 6591.15
v -3242.54 102.653 6590.17
v -3244.71 102.629 6591.17
v -3242.53 102.644 6590.19
v -3244.7 102.621 6591.19
v -3242.52 102.624 6590.2
v -3244.7 102.602 6591.19
v -3242.53 102.603 6590.19
v -3244.7 102.582 6591.19
v -3242.54 102.594 6590.17
v -3244.71 102.575 6591.17
v -3246.19 102.613 6591.87
v -3244.5 102.616 6591.11
v -3244.51 102.623 6591.09
v -3246.19 102.62 6591.86
v -3244.51 102.641 6591.08
v -3246.2 102.64 6591.85
v -3244.51 102.658 6591.09
v -3246.19 102.659 6591.86
v -3244.5 102.665 6591.11
v -3246.19 102.667 6591.87
v -3244.49 102.658 6591.12
v -3246.18 102.659 6591.89
v -3244.49 102.641 6591.13
v -3246.17 102.64 6591.9
v -3244.49 102.623 6591.12
v -3246.18 102.62 6591.89
v -3244.5 102.616 6591.11
v -3246.19 102.613 6591.87
v -3246.28 102.453 6591.85
v -3246.32 102.453 6591.86
v -3246.36 102.453 6591.84
v -3246.37 102.453 6591.8
v -3246.35 102.453 6591.77
v -3246.31 102.453 6591.75
v -3246.28 102.453 6591.77
v -3246.26 102.453 6591.81
v -3249.21 102.453 6594.22
v -3249.25 102.453 6594.23
v -3249.29 102.453 6594.21
v -3249.3 102.453 6594.17
v -3249.28 102.453 6594.13
v -3249.24 102.453 6594.12
v -3249.2 102.453 6594.14
v -3249.19 102.453 6594.18
v -3247.96 102.453 6593.2
v -3247.99 102.451 6593.21
v -3248.03 102.451 6593.19
v -3248.04 102.451 6593.15
v -3248.02 102.453 6593.12
v -3247.98 102.454 6593.11
v -3247.95 102.455 6593.13
v -3247.94 102.454 6593.16
v -3246.19 102.357 6591.75
v -3246.2 102.378 6591.74
v -3246.21 102.386 6591.73
v -3246.22 102.378 6591.71
v -3246.23 102.357 6591.71
v -3246.22 102.336 6591.71
v -3246.21 102.327 6591.73
v -3246.2 102.336 6591.74
v -3248.1 102.335 6593.19
v -3248.09 102.354 6593.2
v -3248.08 102.362 6593.21
v -3248.07 102.354 6593.23
v -3248.06 102.335 6593.23
v -3248.07 102.316 6593.23
v -3248.08 102.308 6593.21
v -3248.09 102.316 6593.2
v -3247.88 102.374 6593.12
v -3247.89 102.391 6593.11
v -3247.9 102.398 6593.1
v -3247.91 102.391 6593.09
v -3247.91 102.374 6593.08
v -3247.91 102.356 6593.09
v -3247.9 102.349 6593.1
v -3247.89 102.356 6593.11
v -3249.37 102.373 6594.22
v -3249.36 102.392 6594.23
v -3249.35 102.4 6594.25
v -3249.34 102.392 6594.26
v -3249.33 102.373 6594.27
v -3249.34 102.354 6594.26
v -3249.35 102.346 6594.25
v -3249.36 102.354 6594.23
v -3246.27 101.492 6591.77
v -3246.28 102.453 6591.77
v -3246.31 102.453 6591.75
v -3246.31 101.492 6591.75
v -3246.35 102.453 6591.77
v -3246.35 101.492 6591.76
v -3246.37 102.453 6591.8
v -3246.37 101.492 6591.8
v -3246.36 102.453 6591.84
v -3246.36 101.492 6591.84
v -3246.32 102.453 6591.86
v -3246.32 101.492 6591.86
v -3246.28 102.453 6591.85
v -3246.28 101.492 6591.85
v -3246.26 102.453 6591.81
v -3246.26 101.492 6591.81
v -3246.28 102.453 6591.77
v -3246.27 101.492 6591.77
v -3249.2 101.492 6594.14
v -3249.2 102.453 6594.14
v -3249.24 102.453 6594.12
v -3249.24 101.492 6594.12
v -3249.28 102.453 6594.13
v -3249.28 101.492 6594.13
v -3249.3 102.453 6594.17
v -3249.3 101.492 6594.17
v -3249.29 102.453 6594.21
v -3249.29 101.492 6594.21
v -3249.25 102.453 6594.23
v -3249.25 101.492 6594.23
v -3249.21 102.453 6594.22
v -3249.21 101.492 6594.22
v -3249.19 102.453 6594.18
v -3249.19 101.492 6594.18
v -3249.2 102.453 6594.14
v -3249.2 101.492 6594.14
v -3247.91 101.495 6593.1
v -3247.95 102.455 6593.13
v -3247.98 102.454 6593.11
v -3247.95 101.494 6593.08
v -3248.02 102.453 6593.12
v -3247.99 101.492 6593.09
v -3248.04 102.451 6593.15
v -3248.01 101.49 6593.13
v -3248.03 102.451 6593.19
v -3248 101.49 6593.17
v -3247.99 102.451 6593.21
v -3247.96 101.49 6593.19
v -3247.96 102.453 6593.2
v -3247.92 101.492 6593.18
v -3247.94 102.454 6593.16
v -3247.9 101.494 6593.14
v -3247.95 102.455 6593.13
v -3247.91 101.495 6593.1
v -3248.08 102.308 6593.21
v -3246.21 102.327 6591.73
v -3246.22 102.336 6591.71
v -3248.09 102.316 6593.2
v -3246.23 102.357 6591.71
v -3248.1 102.335 6593.19
v -3246.22 102.378 6591.71
v -3248.09 102.354 6593.2
v -3246.21 102.386 6591.73
v -3248.08 102.362 6593.21
v -3246.2 102.378 6591.74
v -3248.07 102.354 6593.23
v -3246.19 102.357 6591.75
v -3248.06 102.335 6593.23
v -3246.2 102.336 6591.74
v -3248.07 102.316 6593.23
v -3246.21 102.327 6591.73
v -3248.08 102.308 6593.21
v -3249.35 102.346 6594.25
v -3247.9 102.349 6593.1
v -3247.91 102.356 6593.09
v -3249.36 102.354 6594.23
v -3247.91 102.374 6593.08
v -3249.37 102.373 6594.22
v -3247.91 102.391 6593.09
v -3249.36 102.392 6594.23
v -3247.9 102.398 6593.1
v -3249.35 102.4 6594.25
v -3247.89 102.391 6593.11
v -3249.34 102.392 6594.26
v -3247.88 102.374 6593.12
v -3249.33 102.373 6594.27
v -3247.89 102.356 6593.11
v -3249.34 102.354 6594.26
v -3247.9 102.349 6593.1
v -3249.35 102.346 6594.25
v -3238.93 103.125 6584.54
v -3238.94 103.125 6584.5
v -3238.92 103.125 6584.47
v -3238.88 103.125 6584.46
v -3238.84 103.125 6584.48
v -3238.84 103.125 6584.52
v -3238.86 103.125 6584.55
v -3238.9 103.125 6584.56
v -3241.03 103.125 6581.41
v -3241.04 103.125 6581.37
v -3241.01 103.125 6581.34
v -3240.97 103.125 6581.33
v -3240.94 103.125 6581.35
v -3240.93 103.125 6581.39
v -3240.96 103.125 6581.43
v -3240.99 103.125 6581.43
v -3240.13 103.125 6582.75
v -3240.14 103.123 6582.71
v -3240.11 103.122 6582.68
v -3240.07 103.123 6582.67
v -3240.04 103.125 6582.7
v -3240.03 103.126 6582.73
v -3240.06 103.127 6582.77
v -3240.09 103.126 6582.78
v -3238.84 103.028 6584.64
v -3238.84 103.049 6584.64
v -3238.82 103.058 6584.62
v -3238.8 103.049 6584.61
v -3238.79 103.028 6584.61
v -3238.8 103.008 6584.61
v -3238.82 102.999 6584.62
v -3238.84 103.008 6584.64
v -3240.11 103.006 6582.61
v -3240.11 103.026 6582.62
v -3240.13 103.034 6582.63
v -3240.14 103.026 6582.64
v -3240.15 103.006 6582.64
v -3240.14 102.987 6582.64
v -3240.13 102.979 6582.63
v -3240.11 102.987 6582.62
v -3240.06 103.045 6582.84
v -3240.05 103.063 6582.83
v -3240.04 103.07 6582.82
v -3240.02 103.063 6582.81
v -3240.01 103.045 6582.81
v -3240.02 103.028 6582.81
v -3240.04 103.021 6582.82
v -3240.05 103.028 6582.83
v -3241.02 103.044 6581.26
v -3241.03 103.064 6581.26
v -3241.05 103.072 6581.27
v -3241.06 103.064 6581.28
v -3241.07 103.044 6581.29
v -3241.06 103.025 6581.28
v -3241.05 103.017 6581.27
v -3241.03 103.025 6581.26
v -3238.85 102.163 6584.56
v -3238.86 103.125 6584.55
v -3238.84 103.125 6584.52
v -3238.83 102.163 6584.52
v -3238.84 103.125 6584.48
v -3238.84 102.163 6584.48
v -3238.88 103.125 6584.46
v -3238.88 102.163 6584.45
v -3238.92 103.125 6584.47
v -3238.92 102.163 6584.46
v -3238.94 103.125 6584.5
v -3238.94 102.163 6584.5
v -3238.93 103.125 6584.54
v -3238.93 102.163 6584.54
v -3238.9 103.125 6584.56
v -3238.9 102.163 6584.57
v -3238.86 103.125 6584.55
v -3238.85 102.163 6584.56
v -3240.95 102.163 6581.43
v -3240.96 103.125 6581.43
v -3240.93 103.125 6581.39
v -3240.93 102.163 6581.39
v -3240.94 103.125 6581.35
v -3240.94 102.163 6581.35
v -3240.97 103.125 6581.33
v -3240.97 102.163 6581.33
v -3241.01 103.125 6581.34
v -3241.02 102.163 6581.33
v -3241.04 103.125 6581.37
v -3241.04 102.163 6581.37
v -3241.03 103.125 6581.41
v -3241.03 102.163 6581.41
v -3240.99 103.125 6581.43
v -3241 102.163 6581.44
v -3240.96 103.125 6581.43
v -3240.95 102.163 6581.43
v -3240.03 102.166 6582.81
v -3240.06 103.127 6582.77
v -3240.03 103.126 6582.73
v -3240.01 102.166 6582.77
v -3240.04 103.125 6582.7
v -3240.01 102.164 6582.73
v -3240.07 103.123 6582.67
v -3240.05 102.162 6582.7
v -3240.11 103.122 6582.68
v -3240.09 102.161 6582.71
v -3240.14 103.123 6582.71
v -3240.12 102.162 6582.75
v -3240.13 103.125 6582.75
v -3240.11 102.164 6582.79
v -3240.09 103.126 6582.78
v -3240.07 102.166 6582.81
v -3240.06 103.127 6582.77
v -3240.03 102.166 6582.81
v -3240.13 102.979 6582.63
v -3238.82 102.999 6584.62
v -3238.8 103.008 6584.61
v -3240.11 102.987 6582.62
v -3238.79 103.028 6584.61
v -3240.11 103.006 6582.61
v -3238.8 103.049 6584.61
v -3240.11 103.026 6582.62
v -3238.82 103.058 6584.62
v -3240.13 103.034 6582.63
v -3238.84 103.049 6584.64
v -3240.14 103.026 6582.64
v -3238.84 103.028 6584.64
v -3240.15 103.006 6582.64
v -3238.84 103.008 6584.64
v -3240.14 102.987 6582.64
v -3238.82 102.999 6584.62
v -3240.13 102.979 6582.63
v -3241.05 103.017 6581.27
v -3240.04 103.021 6582.82
v -3240.02 103.028 6582.81
v -3241.03 103.025 6581.26
v -3240.01 103.045 6582.81
v -3241.02 103.044 6581.26
v -3240.02 103.063 6582.81
v -3241.03 103.064 6581.26
v -3240.04 103.07 6582.82
v -3241.05 103.072 6581.27
v -3240.05 103.063 6582.83
v -3241.06 103.064 6581.28
v -3240.06 103.045 6582.84
v -3241.07 103.044 6581.29
v -3240.05 103.028 6582.83
v -3241.06 103.025 6581.28
v -3240.04 103.021 6582.82
v -3241.05 103.017 6581.27
v -3241.15 102.95 6581.28
v -3241.18 102.95 6581.25
v -3241.18 102.95 6581.21
v -3241.15 102.95 6581.18
v -3241.11 102.95 6581.18
v -3241.08 102.95 6581.21
v -3241.08 102.95 6581.25
v -3241.11 102.95 6581.28
v -3244.63 102.95 6579.85
v -3244.66 102.95 6579.82
v -3244.66 102.95 6579.78
v -3244.64 102.95 6579.75
v -3244.59 102.95 6579.75
v -3244.57 102.95 6579.78
v -3244.57 102.95 6579.82
v -3244.59 102.95 6579.85
v -3243.14 102.949 6580.46
v -3243.17 102.948 6580.43
v -3243.17 102.947 6580.39
v -3243.14 102.948 6580.37
v -3243.1 102.949 6580.37
v -3243.07 102.951 6580.39
v -3243.07 102.952 6580.43
v -3243.1 102.951 6580.46
v -3241.02 102.853 6581.32
v -3241.02 102.874 6581.31
v -3241.01 102.883 6581.29
v -3241 102.874 6581.27
v -3241 102.853 6581.26
v -3241 102.832 6581.27
v -3241.01 102.824 6581.29
v -3241.02 102.832 6581.31
v -3243.2 102.831 6580.33
v -3243.2 102.851 6580.34
v -3243.21 102.858 6580.36
v -3243.22 102.851 6580.38
v -3243.22 102.831 6580.38
v -3243.22 102.812 6580.38
v -3243.21 102.804 6580.36
v -3243.2 102.812 6580.34
v -3243.03 102.87 6580.49
v -3243.03 102.888 6580.48
v -3243.03 102.895 6580.47
v -3243.02 102.888 6580.45
v -3243.02 102.87 6580.44
v -3243.02 102.853 6580.45
v -3243.03 102.845 6580.47
v -3243.03 102.853 6580.48
v -3244.72 102.869 6579.72
v -3244.72 102.889 6579.73
v -3244.73 102.896 6579.74
v -3244.73 102.889 6579.76
v -3244.74 102.869 6579.77
v -3244.73 102.85 6579.76
v -3244.73 102.842 6579.74
v -3244.72 102.85 6579.73
v -3241.08 101.988 6581.25
v -3241.08 102.95 6581.25
v -3241.08 102.95 6581.21
v -3241.08 101.988 6581.21
v -3241.11 102.95 6581.18
v -3241.11 101.988 6581.18
v -3241.15 102.95 6581.18
v -3241.15 101.988 6581.18
v -3241.18 102.95 6581.21
v -3241.18 101.988 6581.21
v -3241.18 102.95 6581.25
v -3241.18 101.988 6581.25
v -3241.15 102.95 6581.28
v -3241.15 101.988 6581.28
v -3241.11 102.95 6581.28
v -3241.11 101.988 6581.28
v -3241.08 102.95 6581.25
v -3241.08 101.988 6581.25
v -3244.56 101.988 6579.82
v -3244.57 102.95 6579.82
v -3244.57 102.95 6579.78
v -3244.56 101.988 6579.78
v -3244.59 102.95 6579.75
v -3244.59 101.988 6579.75
v -3244.64 102.95 6579.75
v -3244.64 101.988 6579.75
v -3244.66 102.95 6579.78
v -3244.67 101.988 6579.78
v -3244.66 102.95 6579.82
v -3244.67 101.988 6579.82
v -3244.63 102.95 6579.85
v -3244.64 101.988 6579.85
v -3244.59 102.95 6579.85
v -3244.59 101.988 6579.85
v -3244.57 102.95 6579.82
v -3244.56 101.988 6579.82
v -3243.03 101.991 6580.45
v -3243.07 102.952 6580.43
v -3243.07 102.951 6580.39
v -3243.03 101.99 6580.41
v -3243.1 102.949 6580.37
v -3243.06 101.989 6580.38
v -3243.14 102.948 6580.37
v -3243.1 101.987 6580.38
v -3243.17 102.947 6580.39
v -3243.13 101.986 6580.41
v -3243.17 102.948 6580.43
v -3243.13 101.987 6580.45
v -3243.14 102.949 6580.46
v -3243.1 101.989 6580.48
v -3243.1 102.951 6580.46
v -3243.06 101.99 6580.48
v -3243.07 102.952 6580.43
v -3243.03 101.991 6580.45
v -3243.21 102.804 6580.36
v -3241.01 102.824 6581.29
v -3241 102.832 6581.27
v -3243.2 102.812 6580.34
v -3241 102.853 6581.26
v -3243.2 102.831 6580.33
v -3241 102.874 6581.27
v -3243.2 102.851 6580.34
v -3241.01 102.883 6581.29
v -3243.21 102.858 6580.36
v -3241.02 102.874 6581.31
v -3243.22 102.851 6580.38
v -3241.02 102.853 6581.32
v -3243.22 102.831 6580.38
v -3241.02 102.832 6581.31
v -3243.22 102.812 6580.38
v -3241.01 102.824 6581.29
v -3243.21 102.804 6580.36
v -3244.73 102.842 6579.74
v -3243.03 102.845 6580.47
v -3243.02 102.853 6580.45
v -3244.72 102.85 6579.73
v -3243.02 102.87 6580.44
v -3244.72 102.869 6579.72
v -3243.02 102.888 6580.45
v -3244.72 102.889 6579.73
v -3243.03 102.895 6580.47
v -3244.73 102.896 6579.74
v -3243.03 102.888 6580.48
v -3244.73 102.889 6579.76
v -3243.03 102.87 6580.49
v -3244.74 102.869 6579.77
v -3243.03 102.853 6580.48
v -3244.73 102.85 6579.76
v -3243.03 102.845 6580.47
v -3244.73 102.842 6579.74
v -3244.82 102.568 6579.78
v -3244.86 102.568 6579.77
v -3244.87 102.568 6579.73
v -3244.86 102.568 6579.69
v -3244.82 102.568 6579.68
v -3244.78 102.568 6579.69
v -3244.77 102.568 6579.73
v -3244.78 102.568 6579.77
v -3248.59 102.568 6579.78
v -3248.62 102.568 6579.77
v -3248.64 102.568 6579.73
v -3248.62 102.568 6579.69
v -3248.59 102.568 6579.68
v -3248.55 102.568 6579.69
v -3248.53 102.568 6579.73
v -3248.55 102.568 6579.77
v -3246.97 102.568 6579.78
v -3247.01 102.566 6579.77
v -3247.02 102.565 6579.73
v -3247.01 102.566 6579.69
v -3246.97 102.568 6579.68
v -3246.93 102.569 6579.69
v -3246.92 102.57 6579.73
v -3246.93 102.569 6579.77
v -3244.69 102.472 6579.77
v -3244.69 102.492 6579.76
v -3244.69 102.501 6579.74
v -3244.69 102.492 6579.72
v -3244.69 102.472 6579.71
v -3244.69 102.451 6579.72
v -3244.69 102.442 6579.74
v -3244.69 102.451 6579.76
v -3247.07 102.45 6579.69
v -3247.07 102.469 6579.69
v -3247.07 102.477 6579.71
v -3247.07 102.469 6579.73
v -3247.07 102.45 6579.74
v -3247.07 102.43 6579.73
v -3247.07 102.422 6579.71
v -3247.07 102.43 6579.69
v -3246.86 102.488 6579.77
v -3246.86 102.506 6579.76
v -3246.86 102.513 6579.74
v -3246.86 102.506 6579.73
v -3246.86 102.488 6579.72
v -3246.86 102.471 6579.73
v -3246.86 102.464 6579.74
v -3246.86 102.471 6579.76
v -3248.71 102.488 6579.69
v -3248.71 102.507 6579.7
v -3248.71 102.515 6579.72
v -3248.71 102.507 6579.74
v -3248.71 102.488 6579.75
v -3248.71 102.468 6579.74
v -3248.71 102.46 6579.72
v -3248.71 102.468 6579.7
v -3244.76 101.607 6579.73
v -3244.77 102.568 6579.73
v -3244.78 102.568 6579.69
v -3244.78 101.607 6579.69
v -3244.82 102.568 6579.68
v -3244.82 101.607 6579.67
v -3244.86 102.568 6579.69
v -3244.86 101.607 6579.69
v -3244.87 102.568 6579.73
v -3244.88 101.607 6579.73
v -3244.86 102.568 6579.77
v -3244.86 101.607 6579.77
v -3244.82 102.568 6579.78
v -3244.82 101.607 6579.79
v -3244.78 102.568 6579.77
v -3244.78 101.607 6579.77
v -3244.77 102.568 6579.73
v -3244.76 101.607 6579.73
v -3248.53 101.607 6579.73
v -3248.53 102.568 6579.73
v -3248.55 102.568 6579.69
v -3248.55 101.607 6579.69
v -3248.59 102.568 6579.68
v -3248.59 101.607 6579.67
v -3248.62 102.568 6579.69
v -3248.63 101.607 6579.69
v -3248.64 102.568 6579.73
v -3248.64 101.607 6579.73
v -3248.62 102.568 6579.77
v -3248.63 101.607 6579.77
v -3248.59 102.568 6579.78
v -3248.59 101.607 6579.79
v -3248.55 102.568 6579.77
v -3248.55 101.607 6579.77
v -3248.53 102.568 6579.73
v -3248.53 101.607 6579.73
v -3246.87 101.609 6579.73
v -3246.92 102.57 6579.73
v -3246.93 102.569 6579.69
v -3246.89 101.609 6579.69
v -3246.97 102.568 6579.68
v -3246.93 101.607 6579.67
v -3247.01 102.566 6579.69
v -3246.97 101.605 6579.69
v -3247.02 102.565 6579.73
v -3246.99 101.605 6579.73
v -3247.01 102.566 6579.77
v -3246.97 101.605 6579.77
v -3246.97 102.568 6579.78
v -3246.93 101.607 6579.79
v -3246.93 102.569 6579.77
v -3246.89 101.609 6579.77
v -3246.92 102.57 6579.73
v -3246.87 101.609 6579.73
v -3247.07 102.422 6579.71
v -3244.69 102.442 6579.74
v -3244.69 102.451 6579.72
v -3247.07 102.43 6579.69
v -3244.69 102.472 6579.71
v -3247.07 102.45 6579.69
v -3244.69 102.492 6579.72
v -3247.07 102.469 6579.69
v -3244.69 102.501 6579.74
v -3247.07 102.477 6579.71
v -3244.69 102.492 6579.76
v -3247.07 102.469 6579.73
v -3244.69 102.472 6579.77
v -3247.07 102.45 6579.74
v -3244.69 102.451 6579.76
v -3247.07 102.43 6579.73
v -3244.69 102.442 6579.74
v -3247.07 102.422 6579.71
v -3248.71 102.46 6579.72
v -3246.86 102.464 6579.74
v -3246.86 102.471 6579.73
v -3248.71 102.468 6579.7
v -3246.86 102.488 6579.72
v -3248.71 102.488 6579.69
v -3246.86 102.506 6579.73
v -3248.71 102.507 6579.7
v -3246.86 102.513 6579.74
v -3248.71 102.515 6579.72
v -3246.86 102.506 6579.76
v -3248.71 102.507 6579.74
v -3246.86 102.488 6579.77
v -3248.71 102.488 6579.75
v -3246.86 102.471 6579.76
v -3248.71 102.468 6579.74
v -3246.86 102.464 6579.74
v -3248.71 102.46 6579.72
v -3248.87 101.463 6578.89
v -3248.89 101.463 6578.93
v -3248.93 101.463 6578.94
v -3248.96 101.463 6578.92
v -3248.97 101.463 6578.88
v -3248.95 101.463 6578.85
v -3248.92 101.463 6578.83
v -3248.88 101.463 6578.85
v -3249.36 101.463 6582.63
v -3249.38 101.463 6582.66
v -3249.42 101.463 6582.67
v -3249.46 101.463 6582.65
v -3249.47 101.463 6582.61
v -3249.45 101.463 6582.58
v -3249.41 101.463 6582.57
v -3249.37 101.463 6582.59
v -3249.15 101.463 6581.03
v -3249.17 101.461 6581.06
v -3249.21 101.46 6581.07
v -3249.24 101.461 6581.05
v -3249.25 101.463 6581.01
v -3249.24 101.464 6580.98
v -3249.2 101.465 6580.97
v -3249.16 101.464 6580.99
v -3248.87 101.367 6578.76
v -3248.88 101.387 6578.76
v -3248.9 101.396 6578.76
v -3248.92 101.387 6578.75
v -3248.93 101.367 6578.75
v -3248.92 101.346 6578.75
v -3248.9 101.337 6578.76
v -3248.88 101.346 6578.76
v -3249.26 101.345 6581.12
v -3249.25 101.364 6581.12
v -3249.23 101.372 6581.12
v -3249.21 101.364 6581.12
v -3249.21 101.345 6581.12
v -3249.21 101.325 6581.12
v -3249.23 101.317 6581.12
v -3249.25 101.325 6581.12
v -3249.15 101.383 6580.92
v -3249.16 101.401 6580.92
v -3249.18 101.408 6580.91
v -3249.19 101.401 6580.91
v -3249.2 101.383 6580.91
v -3249.19 101.366 6580.91
v -3249.18 101.359 6580.91
v -3249.16 101.366 6580.92
v -3249.47 101.383 6582.74
v -3249.46 101.402 6582.74
v -3249.44 101.41 6582.74
v -3249.42 101.402 6582.75
v -3249.41 101.383 6582.75
v -3249.42 101.363 6582.75
v -3249.44 101.355 6582.74
v -3249.46 101.363 6582.74
v -3248.92 100.501 6578.83
v -3248.92 101.463 6578.83
v -3248.95 101.463 6578.85
v -3248.96 100.501 6578.84
v -3248.97 101.463 6578.88
v -3248.98 100.501 6578.88
v -3248.96 101.463 6578.92
v -3248.97 100.501 6578.92
v -3248.93 101.463 6578.94
v -3248.93 100.501 6578.94
v -3248.89 101.463 6578.93
v -3248.89 100.501 6578.93
v -3248.87 101.463 6578.89
v -3248.87 100.501 6578.89
v -3248.88 101.463 6578.85
v -3248.88 100.501 6578.85
v -3248.92 101.463 6578.83
v -3248.92 100.501 6578.83
v -3249.41 100.501 6582.56
v -3249.41 101.463 6582.57
v -3249.45 101.463 6582.58
v -3249.45 100.501 6582.58
v -3249.47 101.463 6582.61
v -3249.47 100.501 6582.61
v -3249.46 101.463 6582.65
v -3249.46 100.501 6582.66
v -3249.42 101.463 6582.67
v -3249.42 100.501 6582.68
v -3249.38 101.463 6582.66
v -3249.38 100.501 6582.67
v -3249.36 101.463 6582.63
v -3249.36 100.501 6582.63
v -3249.37 101.463 6582.59
v -3249.37 100.501 6582.59
v -3249.41 101.463 6582.57
v -3249.41 100.501 6582.56
v -3249.19 100.504 6580.92
v -3249.2 101.465 6580.97
v -3249.24 101.464 6580.98
v -3249.23 100.504 6580.93
v -3249.25 101.463 6581.01
v -3249.25 100.502 6580.97
v -3249.24 101.461 6581.05
v -3249.24 100.5 6581.01
v -3249.21 101.46 6581.07
v -3249.21 100.499 6581.03
v -3249.17 101.461 6581.06
v -3249.16 100.5 6581.02
v -3249.15 101.463 6581.03
v -3249.14 100.502 6580.98
v -3249.16 101.464 6580.99
v -3249.15 100.504 6580.94
v -3249.2 101.465 6580.97
v -3249.19 100.504 6580.92
v -3249.23 101.317 6581.12
v -3248.9 101.337 6578.76
v -3248.92 101.346 6578.75
v -3249.25 101.325 6581.12
v -3248.93 101.367 6578.75
v -3249.26 101.345 6581.12
v -3248.92 101.387 6578.75
v -3249.25 101.364 6581.12
v -3248.9 101.396 6578.76
v -3249.23 101.372 6581.12
v -3248.88 101.387 6578.76
v -3249.21 101.364 6581.12
v -3248.87 101.367 6578.76
v -3249.21 101.345 6581.12
v -3248.88 101.346 6578.76
v -3249.21 101.325 6581.12
v -3248.9 101.337 6578.76
v -3249.23 101.317 6581.12
v -3249.44 101.355 6582.74
v -3249.18 101.359 6580.91
v -3249.19 101.366 6580.91
v -3249.46 101.363 6582.74
v -3249.2 101.383 6580.91
v -3249.47 101.383 6582.74
v -3249.19 101.401 6580.91
v -3249.46 101.402 6582.74
v -3249.18 101.408 6580.91
v -3249.44 101.41 6582.74
v -3249.16 101.401 6580.92
v -3249.42 101.402 6582.75
v -3249.15 101.383 6580.92
v -3249.41 101.383 6582.75
v -3249.16 101.366 6580.92
v -3249.42 101.363 6582.75
v -3249.18 101.359 6580.91
v -3249.44 101.355 6582.74
v -3251.72 98.8921 6587.63
v -3251.78 99.0432 6587.91
v -3252.1 99.0432 6587.79
v -3252.07 98.8921 6587.58
v -3252.42 99.0432 6587.89
v -3252.43 98.8921 6587.66
v -3251.94 99.0695 6588.07
v -3252.05 99.1043 6588
v -3252.16 99.0758 6588.02
v -3251.95 99.1043 6588.14
v -3252.07 99.1383 6588.12
v -3252.23 99.1047 6588.1
v -3251.97 99.0716 6588.26
v -3252.08 99.1043 6588.27
v -3252.15 99.0672 6588.2
v -3251.79 99.0432 6588.46
v -3252.07 99.0779 6588.51
v -3252.39 99.0432 6588.29
v -3251.63 98.8921 6588.54
v -3252.07 98.8921 6588.66
v -3252.6 98.8921 6588.43
v -3251.63 98.8921 6588.54
v -3251.72 98.8921 6587.63
v -3252.07 98.8921 6587.58
v -3252.61 98.8921 6588.12
v -3252.46 99.0432 6588.12
v -3251.68 99.0692 6588.12
v -3251.53 98.8921 6588.12
v -3251.53 98.8921 6588.12
v -3252.6 98.8921 6588.43
v -3252.43 98.8921 6587.66
v -3252.07 98.8921 6588.66
v -3252.61 98.8921 6588.12
v -3252.6 98.8921 6588.43
v -3252.43 98.8921 6587.66
v -3252.61 98.8921 6588.12
v -3252 99.1666 6587.92
v -3252.17 99.1444 6588.01
v -3252.18 99.1067 6588.01
v -3251.99 99.1127 6587.91
v -3252.17 99.0835 6588.03
v -3251.97 99.0722 6587.94
v -3252.15 99.0842 6588.05
v -3251.95 99.0752 6587.99
v -3252.16 99.1198 6588.08
v -3251.96 99.1197 6588.03
v -3252.16 99.1504 6588.07
v -3251.94 99.1729 6588.01
v -3252.15 99.1608 6588.03
v -3251.99 99.1833 6587.97
v -3252.17 99.1444 6588.01
v -3252 99.1666 6587.92
v -3252.37 99.1483 6588.08
v -3252.37 99.1046 6588.07
v -3252.35 99.0759 6588.08
v -3252.35 99.0742 6588.14
v -3252.32 99.1109 6588.16
v -3252.34 99.1529 6588.15
v -3252.34 99.1701 6588.11
v -3252.37 99.1483 6588.08
v -3251.99 99.1127 6587.91
v -3252 99.1178 6587.98
v -3252 99.1666 6587.92
v -3251.97 99.0722 6587.94
v -3251.95 99.0752 6587.99
v -3251.96 99.1197 6588.03
v -3251.94 99.1729 6588.01
v -3251.99 99.1833 6587.97
v -3252.37 99.1483 6588.08
v -3252.36 99.1179 6588.12
v -3252.37 99.1046 6588.07
v -3252.35 99.0759 6588.08
v -3252.35 99.0742 6588.14
v -3252.32 99.1109 6588.16
v -3252.34 99.1529 6588.15
v -3252.34 99.1701 6588.11
v -3252.07 99.1594 6588.42
v -3252.16 99.1972 6588.25
v -3252.13 99.2099 6588.22
v -3252.02 99.1746 6588.4
v -3252.11 99.1901 6588.21
v -3251.98 99.1434 6588.38
v -3252.1 99.1575 6588.2
v -3251.99 99.0923 6588.36
v -3252.14 99.1341 6588.2
v -3252.03 99.0581 6588.36
v -3252.17 99.136 6588.22
v -3252.07 99.0595 6588.41
v -3252.16 99.1606 6588.26
v -3252.09 99.1131 6588.4
v -3252.16 99.1972 6588.25
v -3252.07 99.1594 6588.42
v -3252.27 99.253 6588.08
v -3252.23 99.267 6588.06
v -3252.2 99.25 6588.05
v -3252.21 99.2025 6588.02
v -3252.23 99.1675 6588.05
v -3252.27 99.1763 6588.06
v -3252.28 99.2096 6588.09
v -3252.27 99.253 6588.08
v -3252.02 99.1746 6588.4
v -3252.05 99.1226 6588.36
v -3252.07 99.1594 6588.42
v -3251.98 99.1434 6588.38
v -3251.99 99.0923 6588.36
v -3252.03 99.0581 6588.36
v -3252.07 99.0595 6588.41
v -3252.09 99.1131 6588.4
v -3252.27 99.253 6588.08
v -3252.25 99.2211 6588.04
v -3252.23 99.267 6588.06
v -3252.2 99.25 6588.05
v -3252.21 99.2025 6588.02
v -3252.23 99.1675 6588.05
v -3252.27 99.1763 6588.06
v -3252.28 99.2096 6588.09
v -3252.17 99.378 6588.26
v -3252.06 99.2436 6588.18
v -3252.07 99.2063 6588.19
v -3252.2 99.3418 6588.29
v -3252.1 99.1891 6588.18
v -3252.24 99.3153 6588.29
v -3252.12 99.1946 6588.16
v -3252.27 99.3113 6588.24
v -3252.1 99.2099 6588.12
v -3252.26 99.3366 6588.19
v -3252.09 99.2389 6588.12
v -3252.24 99.3901 6588.19
v -3252.08 99.2625 6588.15
v -3252.18 99.3822 6588.21
v -3252.06 99.2436 6588.18
v -3252.17 99.378 6588.26
v -3251.92 99.1187 6588.09
v -3251.93 99.0852 6588.11
v -3251.97 99.0693 6588.11
v -3251.99 99.0558 6588.06
v -3252 99.0945 6588.03
v -3251.96 99.1187 6588.02
v -3251.94 99.1411 6588.05
v -3251.92 99.1187 6588.09
v -3252.2 99.3418 6588.29
v -3252.21 99.3262 6588.22
v -3252.17 99.378 6588.26
v -3252.24 99.3153 6588.29
v -3252.27 99.3113 6588.24
v -3252.26 99.3366 6588.19
v -3252.24 99.3901 6588.19
v -3252.18 99.3822 6588.21
v -3251.92 99.1187 6588.09
v -3251.95 99.0858 6588.06
v -3251.93 99.0852 6588.11
v -3251.97 99.0693 6588.11
v -3251.99 99.0558 6588.06
v -3252 99.0945 6588.03
v -3251.96 99.1187 6588.02
v -3251.94 99.1411 6588.05
v -3251.79 99.1487 6588.28
v -3251.86 99.1398 6588.1
v -3251.84 99.1439 6588.07
v -3251.74 99.1581 6588.26
v -3251.82 99.1202 6588.06
v -3251.7 99.1216 6588.25
v -3251.81 99.0886 6588.07
v -3251.7 99.067 6588.24
v -3251.85 99.0654 6588.07
v -3251.75 99.0352 6588.25
v -3251.88 99.0741 6588.09
v -3251.79 99.0495 6588.29
v -3251.87 99.1069 6588.12
v -3251.81 99.1003 6588.27
v -3251.86 99.1398 6588.1
v -3251.79 99.1487 6588.28
v -3251.97 99.1492 6587.92
v -3251.93 99.157 6587.9
v -3251.9 99.1375 6587.9
v -3251.91 99.0837 6587.88
v -3251.93 99.0573 6587.91
v -3251.98 99.0696 6587.92
v -3251.99 99.11 6587.94
v -3251.97 99.1492 6587.92
v -3251.74 99.1581 6588.26
v -3251.77 99.0921 6588.22
v -3251.79 99.1487 6588.28
v -3251.7 99.1216 6588.25
v -3251.7 99.067 6588.24
v -3251.75 99.0352 6588.25
v -3251.79 99.0495 6588.29
v -3251.81 99.1003 6588.27
v -3251.97 99.1492 6587.92
v -3251.95 99.1082 6587.89
v -3251.93 99.157 6587.9
v -3251.9 99.1375 6587.9
v -3251.91 99.0837 6587.88
v -3251.93 99.0573 6587.91
v -3251.98 99.0696 6587.92
v -3251.99 99.11 6587.94
v -3251.97 99.1526 6588.37
v -3251.91 99.1911 6588.19
v -3251.87 99.1984 6588.19
v -3251.92 99.1595 6588.4
v -3251.85 99.1749 6588.19
v -3251.88 99.1217 6588.41
v -3251.85 99.1418 6588.19
v -3251.88 99.0706 6588.38
v -3251.88 99.124 6588.16
v -3251.92 99.0432 6588.35
v -3251.91 99.1305 6588.16
v -3251.98 99.0523 6588.36
v -3251.93 99.1564 6588.19
v -3251.98 99.1087 6588.35
v -3251.91 99.1911 6588.19
v -3251.97 99.1526 6588.37
v -3251.87 99.2521 6588
v -3251.83 99.2596 6588.01
v -3251.81 99.2378 6588.02
v -3251.8 99.1899 6587.99
v -3251.83 99.1599 6587.99
v -3251.87 99.1754 6587.97
v -3251.89 99.2115 6587.99
v -3251.87 99.2521 6588
v -3251.92 99.1595 6588.4
v -3251.93 99.1099 6588.35
v -3251.97 99.1526 6588.37
v -3251.88 99.1217 6588.41
v -3251.88 99.0706 6588.38
v -3251.92 99.0432 6588.35
v -3251.98 99.0523 6588.36
v -3251.98 99.1087 6588.35
v -3251.87 99.2521 6588
v -3251.84 99.2156 6587.98
v -3251.83 99.2596 6588.01
v -3251.81 99.2378 6588.02
v -3251.8 99.1899 6587.99
v -3251.83 99.1599 6587.99
v -3251.87 99.1754 6587.97
v -3251.89 99.2115 6587.99
v -3251.4 103.891 6587.06
v -3251.41 103.882 6587.05
v -3251.41 103.869 6587.06
v -3251.4 103.851 6587.06
v -3251.48 103.91 6587.05
v -3251.45 103.901 6587.02
v -3251.47 103.888 6587.05
v -3251.45 103.885 6587.05
v -3251.43 103.895 6587.05
v -3251.42 103.91 6587.05
v -3251.44 103.927 6587.05
v -3251.43 103.872 6587.05
v -3251.43 103.895 6587.05
v -3251.45 103.867 6587.06
v -3251.45 103.885 6587.05
v -3251.49 103.973 6586.99
v -3251.49 104 6586.95
v -3251.44 103.976 6587.02
v -3251.42 104.018 6586.97
v -3251.51 103.853 6586.97
v -3251.51 103.894 6586.96
v -3251.51 103.858 6586.99
v -3251.41 103.91 6587.05
v -3251.42 103.91 6587.05
v -3251.4 103.94 6587.05
v -3251.48 103.842 6587.03
v -3251.47 103.864 6587.05
v -3251.46 103.849 6587.03
v -3251.46 103.869 6587.01
v -3251.46 103.829 6587.02
v -3251.48 103.862 6587.02
v -3251.45 103.857 6586.83
v -3251.5 103.862 6586.85
v -3251.45 103.821 6586.86
v -3251.49 103.822 6586.92
v -3251.52 103.877 6586.91
v -3251.4 103.891 6587.06
v -3251.43 103.826 6587.06
v -3251.45 103.854 6587.04
v -3251.52 103.951 6586.89
v -3251.49 103.857 6586.98
v -3251.49 103.863 6587.03
v -3251.48 103.917 6587.03
v -3251.48 103.91 6587.05
v -3251.49 103.936 6587.02
v -3251.44 103.927 6587.05
v -3251.45 103.854 6587.04
v -3251.45 103.958 6586.83
v -3251.44 104.01 6586.89
v -3251.41 103.986 6587.02
v -3251.46 103.911 6586.82
v -3251.46 103.851 6586.97
v -3251.42 103.855 6586.97
v -3251.43 103.819 6586.95
v -3251.41 103.835 6587.02
v -3251.42 103.91 6587.05
v -3251.47 103.888 6587.05
v -3251.4 103.827 6587.06
v -3251.4 103.891 6587.06
v -3251.4 103.891 6587.06
v -3251.39 103.868 6587.05
v -3251.34 103.909 6587.02
v -3251.35 103.887 6587.02
v -3251.38 103.901 6587
v -3251.37 103.884 6587.04
v -3251.39 103.895 6587.04
v -3251.39 103.91 6587.05
v -3251.37 103.927 6587.04
v -3251.39 103.872 6587.04
v -3251.39 103.895 6587.04
v -3251.36 103.866 6587.05
v -3251.37 103.884 6587.04
v -3251.35 103.972 6586.96
v -3251.38 103.975 6587.01
v -3251.37 103.999 6586.93
v -3251.35 103.852 6586.94
v -3251.34 103.857 6586.95
v -3251.35 103.893 6586.92
v -3251.39 103.91 6587.05
v -3251.34 103.842 6587
v -3251.36 103.848 6587.01
v -3251.34 103.864 6587.02
v -3251.37 103.869 6586.99
v -3251.37 103.829 6587
v -3251.35 103.861 6586.99
v -3251.41 103.862 6586.83
v -3251.38 103.821 6586.89
v -3251.36 103.876 6586.87
v -3251.4 103.891 6587.06
v -3251.37 103.853 6587.03
v -3251.38 103.826 6587.05
v -3251.37 103.95 6586.86
v -3251.35 103.856 6586.95
v -3251.33 103.862 6587
v -3251.34 103.917 6587
v -3251.34 103.909 6587.02
v -3251.35 103.935 6586.98
v -3251.37 103.927 6587.04
v -3251.37 103.853 6587.03
v -3251.39 103.85 6586.96
v -3251.39 103.91 6587.05
v -3251.35 103.887 6587.02
v -3251.23 103.606 6586.63
v -3251.24 103.597 6586.63
v -3251.23 103.583 6586.64
v -3251.23 103.566 6586.63
v -3251.22 103.625 6586.7
v -3251.25 103.616 6586.69
v -3251.22 103.603 6586.69
v -3251.22 103.6 6586.67
v -3251.23 103.61 6586.65
v -3251.23 103.625 6586.64
v -3251.22 103.642 6586.67
v -3251.23 103.587 6586.65
v -3251.23 103.61 6586.65
v -3251.21 103.582 6586.67
v -3251.22 103.6 6586.67
v -3251.27 103.687 6586.74
v -3251.3 103.715 6586.74
v -3251.25 103.691 6586.68
v -3251.31 103.733 6586.68
v -3251.28 103.568 6586.75
v -3251.29 103.609 6586.76
v -3251.26 103.573 6586.75
v -3251.24 103.625 6586.63
v -3251.23 103.625 6586.64
v -3251.23 103.655 6586.63
v -3251.23 103.557 6586.71
v -3251.21 103.579 6586.7
v -3251.24 103.564 6586.69
v -3251.25 103.584 6586.7
v -3251.24 103.544 6586.69
v -3251.24 103.577 6586.71
v -3251.43 103.571 6586.75
v -3251.4 103.577 6586.78
v -3251.41 103.536 6586.73
v -3251.34 103.537 6586.76
v -3251.33 103.592 6586.79
v -3251.23 103.606 6586.63
v -3251.22 103.541 6586.65
v -3251.23 103.568 6586.67
v -3251.36 103.666 6586.79
v -3251.27 103.572 6586.74
v -3251.22 103.577 6586.72
v -3251.23 103.632 6586.71
v -3251.22 103.625 6586.7
v -3251.24 103.651 6586.72
v -3251.22 103.642 6586.67
v -3251.23 103.568 6586.67
v -3251.43 103.673 6586.74
v -3251.38 103.725 6586.71
v -3251.26 103.7 6586.65
v -3251.44 103.626 6586.75
v -3251.29 103.566 6586.71
v -3251.31 103.57 6586.68
v -3251.32 103.533 6586.68
v -3251.26 103.55 6586.65
v -3251.23 103.625 6586.64
v -3251.22 103.603 6586.69
v -3251.22 103.542 6586.63
v -3251.23 103.606 6586.63
v -3251.23 103.606 6586.63
v -3251.24 103.583 6586.62
v -3251.29 103.624 6586.58
v -3251.28 103.602 6586.59
v -3251.29 103.616 6586.62
v -3251.26 103.599 6586.6
v -3251.25 103.61 6586.62
v -3251.24 103.625 6586.62
v -3251.26 103.642 6586.6
v -3251.25 103.587 6586.62
v -3251.25 103.61 6586.62
v -3251.25 103.581 6586.59
v -3251.26 103.599 6586.6
v -3251.34 103.687 6586.61
v -3251.28 103.69 6586.62
v -3251.36 103.714 6586.64
v -3251.36 103.567 6586.61
v -3251.35 103.572 6586.6
v -3251.38 103.608 6586.62
v -3251.24 103.625 6586.62
v -3251.3 103.556 6586.59
v -3251.29 103.563 6586.61
v -3251.28 103.578 6586.58
v -3251.3 103.584 6586.62
v -3251.29 103.543 6586.61
v -3251.31 103.576 6586.6
v -3251.44 103.576 6586.7
v -3251.39 103.536 6586.66
v -3251.42 103.591 6586.64
v -3251.23 103.606 6586.63
v -3251.27 103.568 6586.61
v -3251.24 103.54 6586.61
v -3251.43 103.665 6586.66
v -3251.35 103.571 6586.61
v -3251.31 103.577 6586.58
v -3251.3 103.631 6586.59
v -3251.29 103.624 6586.58
v -3251.32 103.65 6586.6
v -3251.26 103.642 6586.6
v -3251.27 103.568 6586.61
v -3251.33 103.565 6586.65
v -3251.24 103.625 6586.62
v -3251.28 103.602 6586.59
v -3251.63 103.4 6586.95
v -3251.62 103.392 6586.94
v -3251.64 103.378 6586.94
v -3251.63 103.361 6586.95
v -3251.67 103.419 6586.88
v -3251.63 103.411 6586.88
v -3251.66 103.397 6586.89
v -3251.65 103.394 6586.91
v -3251.64 103.405 6586.92
v -3251.64 103.419 6586.93
v -3251.65 103.437 6586.91
v -3251.64 103.382 6586.93
v -3251.64 103.405 6586.92
v -3251.66 103.376 6586.92
v -3251.65 103.394 6586.91
v -3251.63 103.482 6586.83
v -3251.6 103.509 6586.82
v -3251.63 103.485 6586.9
v -3251.57 103.528 6586.88
v -3251.62 103.362 6586.81
v -3251.61 103.403 6586.8
v -3251.64 103.368 6586.82
v -3251.63 103.42 6586.94
v -3251.64 103.419 6586.93
v -3251.63 103.45 6586.94
v -3251.66 103.352 6586.87
v -3251.67 103.374 6586.89
v -3251.64 103.358 6586.88
v -3251.63 103.379 6586.87
v -3251.64 103.339 6586.88
v -3251.65 103.372 6586.86
v -3251.48 103.366 6586.77
v -3251.52 103.371 6586.75
v -3251.5 103.331 6586.79
v -3251.57 103.331 6586.79
v -3251.58 103.386 6586.76
v -3251.63 103.4 6586.95
v -3251.65 103.335 6586.93
v -3251.64 103.363 6586.9
v -3251.56 103.461 6586.75
v -3251.63 103.366 6586.83
v -3251.66 103.372 6586.86
v -3251.66 103.427 6586.87
v -3251.67 103.419 6586.88
v -3251.65 103.445 6586.85
v -3251.65 103.437 6586.91
v -3251.64 103.363 6586.9
v -3251.48 103.468 6586.77
v -3251.52 103.52 6586.82
v -3251.61 103.495 6586.92
v -3251.47 103.421 6586.76
v -3251.6 103.36 6586.85
v -3251.57 103.365 6586.88
v -3251.56 103.328 6586.86
v -3251.61 103.344 6586.92
v -3251.64 103.419 6586.93
v -3251.66 103.397 6586.89
v -3251.64 103.336 6586.95
v -3251.63 103.4 6586.95
v -3251.63 103.4 6586.95
v -3251.62 103.378 6586.95
v -3251.56 103.419 6586.97
v -3251.57 103.397 6586.97
v -3251.57 103.41 6586.93
v -3251.59 103.394 6586.96
v -3251.61 103.405 6586.95
v -3251.62 103.419 6586.95
v -3251.6 103.436 6586.96
v -3251.61 103.382 6586.95
v -3251.61 103.405 6586.95
v -3251.6 103.376 6586.97
v -3251.59 103.394 6586.96
v -3251.52 103.481 6586.93
v -3251.58 103.485 6586.94
v -3251.51 103.509 6586.9
v -3251.5 103.361 6586.92
v -3251.51 103.367 6586.93
v -3251.49 103.403 6586.91
v -3251.62 103.419 6586.95
v -3251.55 103.351 6586.96
v -3251.57 103.358 6586.95
v -3251.57 103.373 6586.98
v -3251.56 103.378 6586.93
v -3251.57 103.338 6586.94
v -3251.55 103.371 6586.95
v -3251.45 103.371 6586.81
v -3251.49 103.331 6586.86
v -3251.46 103.386 6586.87
v -3251.63 103.4 6586.95
v -3251.59 103.363 6586.95
v -3251.62 103.335 6586.96
v -3251.45 103.46 6586.85
v -3251.52 103.365 6586.92
v -3251.54 103.371 6586.97
v -3251.55 103.426 6586.96
v -3251.56 103.419 6586.97
v -3251.54 103.444 6586.95
v -3251.6 103.436 6586.96
v -3251.59 103.363 6586.95
v -3251.54 103.36 6586.9
v -3251.62 103.419 6586.95
v -3251.57 103.397 6586.97
v -3251.73 103.797 6586.6
v -3251.71 103.789 6586.6
v -3251.72 103.775 6586.59
v -3251.73 103.758 6586.6
v -3251.67 103.816 6586.55
v -3251.66 103.807 6586.59
v -3251.68 103.794 6586.55
v -3251.69 103.791 6586.57
v -3251.7 103.802 6586.58
v -3251.71 103.816 6586.59
v -3251.7 103.834 6586.57
v -3251.71 103.779 6586.58
v -3251.7 103.802 6586.58
v -3251.7 103.773 6586.56
v -3251.69 103.791 6586.57
v -3251.61 103.879 6586.57
v -3251.59 103.906 6586.6
v -3251.67 103.882 6586.59
v -3251.64 103.925 6586.64
v -3251.59 103.759 6586.57
v -3251.58 103.8 6586.58
v -3251.6 103.764 6586.56
v -3251.72 103.816 6586.6
v -3251.71 103.816 6586.59
v -3251.72 103.847 6586.6
v -3251.65 103.749 6586.55
v -3251.68 103.771 6586.55
v -3251.67 103.755 6586.57
v -3251.65 103.776 6586.58
v -3251.66 103.735 6586.58
v -3251.65 103.768 6586.56
v -3251.51 103.763 6586.71
v -3251.5 103.768 6586.66
v -3251.54 103.727 6586.69
v -3251.56 103.728 6586.62
v -3251.53 103.783 6586.6
v -3251.73 103.797 6586.6
v -3251.71 103.732 6586.58
v -3251.68 103.76 6586.58
v -3251.52 103.857 6586.62
v -3251.61 103.763 6586.57
v -3251.65 103.769 6586.55
v -3251.65 103.824 6586.55
v -3251.67 103.816 6586.55
v -3251.64 103.842 6586.56
v -3251.7 103.834 6586.57
v -3251.68 103.76 6586.58
v -3251.52 103.865 6586.7
v -3251.57 103.917 6586.68
v -3251.69 103.892 6586.62
v -3251.51 103.818 6586.71
v -3251.62 103.757 6586.61
v -3251.64 103.761 6586.64
v -3251.63 103.725 6586.65
v -3251.69 103.741 6586.62
v -3251.71 103.816 6586.59
v -3251.68 103.794 6586.55
v -3251.73 103.733 6586.6
v -3251.73 103.797 6586.6
v -3251.73 103.797 6586.6
v -3251.73 103.775 6586.61
v -3251.73 103.815 6586.67
v -3251.73 103.794 6586.66
v -3251.7 103.807 6586.65
v -3251.73 103.791 6586.64
v -3251.72 103.801 6586.62
v -3251.72 103.816 6586.61
v -3251.73 103.833 6586.64
v -3251.72 103.778 6586.62
v -3251.72 103.801 6586.62
v -3251.74 103.773 6586.64
v -3251.73 103.791 6586.64
v -3251.68 103.878 6586.7
v -3251.7 103.882 6586.64
v -3251.65 103.905 6586.7
v -3251.67 103.758 6586.72
v -3251.68 103.764 6586.72
v -3251.65 103.799 6586.73
v -3251.72 103.816 6586.61
v -3251.72 103.748 6586.68
v -3251.71 103.754 6586.66
v -3251.74 103.77 6586.67
v -3251.7 103.775 6586.67
v -3251.71 103.735 6586.66
v -3251.71 103.768 6586.68
v -3251.55 103.768 6586.74
v -3251.61 103.728 6586.72
v -3251.61 103.782 6586.75
v -3251.73 103.797 6586.6
v -3251.72 103.76 6586.64
v -3251.73 103.732 6586.62
v -3251.59 103.857 6586.75
v -3251.68 103.762 6586.7
v -3251.72 103.768 6586.69
v -3251.72 103.823 6586.68
v -3251.73 103.815 6586.67
v -3251.7 103.841 6586.69
v -3251.73 103.833 6586.64
v -3251.72 103.76 6586.64
v -3251.66 103.757 6586.68
v -3251.72 103.816 6586.61
v -3251.73 103.794 6586.66
v -3251.33 103.886 6586.45
v -3251.34 103.877 6586.46
v -3251.33 103.863 6586.46
v -3251.33 103.846 6586.45
v -3251.29 103.905 6586.51
v -3251.32 103.896 6586.52
v -3251.29 103.883 6586.5
v -3251.3 103.88 6586.48
v -3251.32 103.89 6586.47
v -3251.33 103.905 6586.47
v -3251.31 103.922 6586.48
v -3251.32 103.867 6586.47
v -3251.32 103.89 6586.47
v -3251.3 103.861 6586.48
v -3251.3 103.88 6586.48
v -3251.31 103.967 6586.56
v -3251.34 103.994 6586.58
v -3251.33 103.97 6586.5
v -3251.38 104.013 6586.54
v -3251.31 103.847 6586.58
v -3251.32 103.889 6586.6
v -3251.3 103.853 6586.58
v -3251.34 103.905 6586.46
v -3251.33 103.905 6586.47
v -3251.34 103.935 6586.46
v -3251.29 103.837 6586.52
v -3251.28 103.859 6586.5
v -3251.31 103.843 6586.51
v -3251.32 103.864 6586.53
v -3251.31 103.824 6586.51
v -3251.3 103.857 6586.53
v -3251.45 103.851 6586.66
v -3251.4 103.857 6586.67
v -3251.43 103.816 6586.64
v -3251.36 103.817 6586.62
v -3251.34 103.872 6586.64
v -3251.33 103.886 6586.45
v -3251.31 103.82 6586.46
v -3251.31 103.848 6586.49
v -3251.36 103.946 6586.66
v -3251.31 103.851 6586.57
v -3251.28 103.857 6586.53
v -3251.29 103.912 6586.53
v -3251.29 103.905 6586.51
v -3251.3 103.93 6586.54
v -3251.31 103.922 6586.48
v -3251.31 103.848 6586.49
v -3251.44 103.953 6586.65
v -3251.41 104.005 6586.6
v -3251.35 103.98 6586.49
v -3251.45 103.906 6586.67
v -3251.34 103.846 6586.56
v -3251.38 103.85 6586.53
v -3251.38 103.813 6586.55
v -3251.35 103.829 6586.49
v -3251.33 103.905 6586.47
v -3251.29 103.883 6586.5
v -3251.33 103.821 6586.45
v -3251.33 103.886 6586.45
v -3251.33 103.886 6586.45
v -3251.34 103.863 6586.45
v -3251.41 103.904 6586.44
v -3251.4 103.882 6586.45
v -3251.39 103.895 6586.48
v -3251.38 103.879 6586.45
v -3251.36 103.89 6586.45
v -3251.35 103.904 6586.46
v -3251.37 103.922 6586.45
v -3251.36 103.867 6586.45
v -3251.36 103.89 6586.45
v -3251.37 103.861 6586.44
v -3251.38 103.879 6586.45
v -3251.44 103.966 6586.5
v -3251.38 103.97 6586.47
v -3251.44 103.994 6586.53
v -3251.46 103.847 6586.51
v -3251.45 103.852 6586.49
v -3251.46 103.888 6586.52
v -3251.35 103.904 6586.46
v -3251.42 103.836 6586.46
v -3251.4 103.843 6586.47
v -3251.4 103.858 6586.44
v -3251.4 103.864 6586.48
v -3251.4 103.823 6586.47
v -3251.42 103.856 6586.47
v -3251.48 103.856 6586.63
v -3251.46 103.816 6586.57
v -3251.49 103.871 6586.57
v -3251.33 103.886 6586.45
v -3251.38 103.848 6586.46
v -3251.35 103.82 6586.44
v -3251.49 103.945 6586.59
v -3251.44 103.851 6586.5
v -3251.42 103.857 6586.45
v -3251.42 103.911 6586.46
v -3251.41 103.904 6586.44
v -3251.43 103.93 6586.47
v -3251.37 103.922 6586.45
v -3251.38 103.848 6586.46
v -3251.41 103.845 6586.52
v -3251.35 103.904 6586.46
v -3251.4 103.882 6586.45
v -3251.33 103.784 6586.6
v -3251.27 104.077 6586.57
v -3251.49 103.773 6586.52
v -3251.42 104.071 6586.49
v -3251.22 104.08 6586.73
v -3251.26 103.771 6586.74
v -3251.23 104.084 6586.95
v -3251.34 103.772 6586.89
v -3251.43 104.084 6587.03
v -3251.49 103.767 6586.99
v -3251.64 104.064 6586.94
v -3251.64 103.784 6586.91
v -3251.64 104.066 6586.54
v -3251.75 104.05 6586.73
v -3251.64 103.789 6586.6
v -3251.71 103.767 6586.74
v -3251.44 103.17 6586.63
v -3251.35 103.168 6586.67
v -3251.47 103.466 6586.6
v -3251.37 103.463 6586.62
v -3251.3 103.459 6586.74
v -3251.34 103.176 6586.76
v -3251.34 103.459 6586.88
v -3251.35 103.19 6586.85
v -3251.45 103.191 6586.89
v -3251.57 103.179 6586.76
v -3251.47 103.454 6586.94
v -3251.52 103.174 6586.67
v -3251.57 103.466 6586.64
v -3251.61 103.463 6586.74
v -3251.42 102.924 6586.63
v -3251.42 102.888 6586.67
v -3251.36 102.925 6586.66
v -3251.47 102.945 6586.78
v -3251.42 102.956 6586.76
v -3251.42 102.882 6586.71
v -3251.46 102.893 6586.72
v -3251.47 102.948 6586.72
v -3251.42 102.888 6586.67
v -3251.42 102.924 6586.63
v -3251.49 103.773 6586.52
v -3251.42 104.071 6586.49
v -3251.47 103.466 6586.6
v -3251.34 102.931 6586.72
v -3251.44 103.17 6586.63
v -3251.42 102.882 6586.71
v -3253.63 101.25 6590.82
v -3253.64 101.367 6590.84
v -3253.65 101.366 6590.85
v -3253.64 101.247 6590.83
v -3253.65 101.364 6590.86
v -3253.64 101.245 6590.84
v -3253.64 101.245 6590.84
v -3253.65 101.364 6590.86
v -3253.64 101.364 6590.86
v -3253.63 101.246 6590.85
v -3253.63 101.366 6590.85
v -3253.62 101.248 6590.84
v -3253.63 101.368 6590.84
v -3253.62 101.25 6590.82
v -3253.47 99.2129 6590.49
v -3253.48 99.2105 6590.5
v -3253.48 99.2084 6590.52
v -3253.46 99.2087 6590.52
v -3253.45 99.2111 6590.51
v -3253.45 99.2131 6590.5
v -3253.64 101.367 6590.84
v -3253.63 101.368 6590.84
v -3253.63 101.366 6590.85
v -3253.64 101.364 6590.86
v -3253.65 101.364 6590.86
v -3253.65 101.366 6590.85
v -3253.48 99.2084 6590.52
v -3253.46 99.2087 6590.52
v -3253.45 99.2111 6590.51
v -3253.45 99.2131 6590.5
v -3253.47 99.2129 6590.49
v -3253.48 99.2105 6590.5
v -3253.48 99.2084 6590.52
v -3253.62 101.306 6590.86
v -3253.62 101.342 6590.88
v -3253.63 101.346 6590.84
v -3253.63 101.308 6590.84
v -3253.65 101.343 6590.85
v -3253.64 101.307 6590.85
v -3253.65 101.309 6590.83
v -3253.66 101.347 6590.82
v -3253.63 101.308 6590.84
v -3253.63 101.346 6590.84
v -3253.66 101.347 6590.82
v -3253.65 101.309 6590.83
v -3253.64 101.307 6590.85
v -3253.65 101.343 6590.85
v -3253.62 101.342 6590.88
v -3253.62 101.306 6590.86
v -3253.64 101.478 6590.88
v -3253.65 101.48 6590.87
v -3253.65 101.48 6590.87
v -3253.66 101.481 6590.85
v -3253.66 101.481 6590.85
v -3253.65 101.478 6590.87
v -3253.65 101.478 6590.87
v -3253.64 101.478 6590.88
v -3253.65 101.535 6590.88
v -3253.65 101.535 6590.88
v -3253.65 101.535 6590.88
v -3253.65 101.535 6590.88
v -3253.64 101.263 6590.84
v -3253.65 101.266 6590.82
v -3253.65 101.266 6590.82
v -3253.63 101.266 6590.83
v -3253.63 101.266 6590.83
v -3253.62 101.263 6590.85
v -3253.62 101.263 6590.85
v -3253.64 101.263 6590.84
v -3253.63 101.235 6590.83
v -3253.63 101.235 6590.83
v -3253.63 101.235 6590.83
v -3253.63 101.235 6590.83
v -3253.64 101.311 6590.82
v -3253.65 101.327 6590.82
v -3253.66 101.325 6590.83
v -3253.66 101.308 6590.83
v -3253.65 101.321 6590.85
v -3253.65 101.305 6590.85
v -3253.65 101.305 6590.85
v -3253.65 101.321 6590.85
v -3253.62 101.32 6590.87
v -3253.63 101.305 6590.86
v -3253.61 101.323 6590.86
v -3253.62 101.307 6590.85
v -3253.63 101.326 6590.83
v -3253.62 101.31 6590.83
v -3253.62 101.31 6590.83
v -3253.63 101.326 6590.83
v -3253.64 101.288 6590.81
v -3253.66 101.285 6590.82
v -3253.65 101.282 6590.85
v -3253.62 101.281 6590.86
v -3253.61 101.284 6590.85
v -3253.62 101.287 6590.83
v -3253.65 101.327 6590.82
v -3253.63 101.326 6590.83
v -3253.61 101.323 6590.86
v -3253.62 101.32 6590.87
v -3253.65 101.321 6590.85
v -3253.66 101.325 6590.83
v -3253.64 101.288 6590.81
v -3253.62 101.287 6590.83
v -3253.62 101.287 6590.83
v -3253.61 101.284 6590.85
v -3253.62 101.281 6590.86
v -3253.65 101.282 6590.85
v -3253.65 101.282 6590.85
v -3253.66 101.285 6590.82
v -3253.24 99.3569 6590.69
v -3253.27 99.5976 6590.72
v -3253.94 99.5976 6590.05
v -3253.92 99.3569 6590.03
v -3253.27 99.5976 6590.72
v -3253.28 99.5951 6590.73
v -3253.96 99.5951 6590.06
v -3253.94 99.5976 6590.05
v -3253.28 99.5951 6590.73
v -3253.25 99.3545 6590.7
v -3253.93 99.3545 6590.04
v -3253.96 99.5951 6590.06
v -3253.25 99.3545 6590.7
v -3253.24 99.3569 6590.69
v -3253.92 99.3569 6590.03
v -3253.93 99.3545 6590.04
v -3253.58 99.2038 6590.94
v -3253.55 99.2038 6590.97
v -3253.52 99.2038 6590.96
v -3253.51 99.2038 6590.92
v -3253.53 99.2038 6590.9
v -3253.57 99.2038 6590.91
v -3253.58 101.006 6590.94
v -3253.57 101.006 6590.91
v -3253.53 101.006 6590.9
v -3253.51 101.006 6590.92
v -3253.52 101.006 6590.96
v -3253.55 101.006 6590.97
v -3254.19 99.2038 6590.34
v -3254.16 99.2038 6590.36
v -3254.13 99.2038 6590.35
v -3254.12 99.2038 6590.32
v -3254.15 99.2038 6590.3
v -3254.18 99.2038 6590.3
v -3254.19 101.006 6590.34
v -3254.18 101.006 6590.3
v -3254.15 101.006 6590.3
v -3254.12 101.006 6590.32
v -3254.13 101.006 6590.35
v -3254.16 101.006 6590.36
v -3253.93 99.199 6590.08
v -3253.91 99.199 6590.1
v -3253.87 99.2038 6590.1
v -3253.87 99.2086 6590.06
v -3253.89 99.2086 6590.04
v -3253.92 99.2038 6590.05
v -3254.14 101.004 6590.29
v -3254.13 101.009 6590.26
v -3254.1 101.013 6590.25
v -3254.08 101.013 6590.28
v -3254.09 101.009 6590.31
v -3254.12 101.004 6590.32
v -3253.32 99.199 6590.68
v -3253.3 99.199 6590.71
v -3253.26 99.2038 6590.7
v -3253.26 99.2086 6590.67
v -3253.28 99.2086 6590.64
v -3253.31 99.2038 6590.65
v -3253.53 101.004 6590.9
v -3253.52 101.009 6590.87
v -3253.49 101.013 6590.86
v -3253.47 101.013 6590.88
v -3253.47 101.009 6590.91
v -3253.51 101.004 6590.92
v -3254.17 100.856 6590.27
v -3254.17 100.838 6590.27
v -3254.16 100.829 6590.26
v -3254.15 100.838 6590.25
v -3254.15 100.856 6590.25
v -3254.16 100.865 6590.26
v -3253.48 100.856 6590.95
v -3253.47 100.865 6590.94
v -3253.46 100.856 6590.93
v -3253.46 100.838 6590.93
v -3253.47 100.829 6590.94
v -3253.48 100.838 6590.95
v -3254.03 99.6548 6590.13
v -3254.03 99.6364 6590.13
v -3254.02 99.6272 6590.12
v -3254 99.6364 6590.11
v -3254 99.6548 6590.11
v -3254.02 99.664 6590.12
v -3253.34 99.6548 6590.81
v -3253.33 99.664 6590.8
v -3253.32 99.6548 6590.79
v -3253.32 99.6364 6590.79
v -3253.33 99.6272 6590.8
v -3253.34 99.6364 6590.81
v -3253.44 100.875 6590.84
v -3253.5 100.846 6590.9
v -3253.44 100.886 6590.84
v -3253.44 100.886 6590.84
v -3253.5 100.846 6590.9
v -3253.45 100.88 6590.83
v -3253.44 100.875 6590.84
v -3253.44 100.875 6590.84
v -3253.44 100.886 6590.84
v -3253.45 100.88 6590.83
v -3254.06 100.836 6590.23
v -3254.12 100.845 6590.29
v -3254.06 100.849 6590.23
v -3254.06 100.849 6590.23
v -3254.12 100.845 6590.29
v -3254.07 100.842 6590.22
v -3254.06 100.836 6590.23
v -3254.06 100.836 6590.23
v -3254.06 100.849 6590.23
v -3254.07 100.842 6590.22
v -3253.89 99.5507 6590.06
v -3253.95 99.5594 6590.12
v -3253.89 99.5633 6590.06
v -3253.89 99.5633 6590.06
v -3253.95 99.5594 6590.12
v -3253.9 99.557 6590.05
v -3253.89 99.5507 6590.06
v -3253.89 99.5507 6590.06
v -3253.89 99.5633 6590.06
v -3253.9 99.557 6590.05
v -3253.88 99.4107 6590.05
v -3253.93 99.3607 6590.1
v -3253.88 99.4206 6590.05
v -3253.88 99.4206 6590.05
v -3253.93 99.3607 6590.1
v -3253.89 99.4156 6590.04
v -3253.88 99.4107 6590.05
v -3253.88 99.4107 6590.05
v -3253.88 99.4206 6590.05
v -3253.89 99.4156 6590.04
v -3253.26 99.3898 6590.65
v -3253.32 99.3911 6590.71
v -3253.26 99.4023 6590.65
v -3253.26 99.4023 6590.65
v -3253.32 99.3911 6590.71
v -3253.27 99.3961 6590.64
v -3253.26 99.3898 6590.65
v -3253.26 99.3898 6590.65
v -3253.26 99.4023 6590.65
v -3253.27 99.3961 6590.64
v -3253.28 99.5587 6590.68
v -3253.35 99.5399 6590.74
v -3253.28 99.5708 6590.68
v -3253.28 99.5708 6590.68
v -3253.35 99.5399 6590.74
v -3253.29 99.5647 6590.67
v -3253.28 99.5587 6590.68
v -3253.28 99.5587 6590.68
v -3253.28 99.5708 6590.68
v -3253.29 99.5647 6590.67
v -3253.4 99.6498 6590.79
v -3253.34 99.661 6590.72
v -3253.39 99.6375 6590.79
v -3253.39 99.6375 6590.79
v -3253.34 99.661 6590.72
v -3253.4 99.6436 6590.78
v -3253.4 99.6498 6590.79
v -3253.4 99.6498 6590.79
v -3253.39 99.6375 6590.79
v -3253.4 99.6436 6590.78
v -3254.01 99.6586 6590.18
v -3253.95 99.6421 6590.11
v -3254.01 99.6461 6590.18
v -3254.01 99.6461 6590.18
v -3253.95 99.6421 6590.11
v -3254.01 99.6523 6590.17
v -3254.01 99.6586 6590.18
v -3254.01 99.6586 6590.18
v -3254.01 99.6461 6590.18
v -3254.01 99.6523 6590.17
v -3253.65 100.844 6590.69
v -3253.71 100.837 6590.75
v -3253.65 100.856 6590.69
v -3253.65 100.856 6590.69
v -3253.71 100.837 6590.75
v -3253.65 100.85 6590.69
v -3253.65 100.844 6590.69
v -3253.65 100.844 6590.69
v -3253.65 100.856 6590.69
v -3253.65 100.85 6590.69
v -3253.57 100.84 6590.77
v -3253.63 100.841 6590.83
v -3253.57 100.853 6590.77
v -3253.57 100.853 6590.77
v -3253.63 100.841 6590.83
v -3253.58 100.847 6590.76
v -3253.57 100.84 6590.77
v -3253.57 100.84 6590.77
v -3253.57 100.853 6590.77
v -3253.58 100.847 6590.76
v -3253.81 100.84 6590.53
v -3253.88 100.841 6590.59
v -3253.82 100.853 6590.53
v -3253.82 100.853 6590.53
v -3253.88 100.841 6590.59
v -3253.82 100.847 6590.52
v -3253.81 100.84 6590.53
v -3253.81 100.84 6590.53
v -3253.82 100.853 6590.53
v -3253.82 100.847 6590.52
v -3253.74 100.844 6590.6
v -3253.8 100.837 6590.66
v -3253.74 100.856 6590.61
v -3253.74 100.856 6590.61
v -3253.8 100.837 6590.66
v -3253.74 100.85 6590.6
v -3253.74 100.844 6590.6
v -3253.74 100.844 6590.6
v -3253.74 100.856 6590.61
v -3253.74 100.85 6590.6
v -3253.99 100.848 6590.35
v -3254.06 100.833 6590.41
v -3254 100.86 6590.35
v -3254 100.86 6590.35
v -3254.06 100.833 6590.41
v -3254 100.854 6590.34
v -3253.99 100.848 6590.35
v -3253.99 100.848 6590.35
v -3254 100.86 6590.35
v -3254 100.854 6590.34
v -3253.9 100.837 6590.44
v -3253.97 100.844 6590.5
v -3253.9 100.849 6590.44
v -3253.9 100.849 6590.44
v -3253.97 100.844 6590.5
v -3253.91 100.843 6590.43
v -3253.9 100.837 6590.44
v -3253.9 100.837 6590.44
v -3253.9 100.849 6590.44
v -3253.91 100.843 6590.43
v -3253.5 99.6619 6590.55
v -3253.57 99.6354 6590.6
v -3253.51 99.6736 6590.55
v -3253.51 99.6736 6590.55
v -3253.57 99.6354 6590.6
v -3253.51 99.6677 6590.54
v -3253.5 99.6619 6590.55
v -3253.5 99.6619 6590.55
v -3253.51 99.6736 6590.55
v -3253.51 99.6677 6590.54
v -3253.42 99.6646 6590.63
v -3253.49 99.6325 6590.68
v -3253.43 99.676 6590.63
v -3253.43 99.676 6590.63
v -3253.49 99.6325 6590.68
v -3253.43 99.6703 6590.62
v -3253.42 99.6646 6590.63
v -3253.42 99.6646 6590.63
v -3253.43 99.676 6590.63
v -3253.43 99.6703 6590.62
v -3253.67 99.6659 6590.38
v -3253.73 99.6313 6590.44
v -3253.68 99.6771 6590.39
v -3253.68 99.6771 6590.39
v -3253.73 99.6313 6590.44
v -3253.68 99.6715 6590.38
v -3253.67 99.6659 6590.38
v -3253.67 99.6659 6590.38
v -3253.68 99.6771 6590.39
v -3253.68 99.6715 6590.38
v -3253.59 99.6614 6590.46
v -3253.66 99.6358 6590.52
v -3253.59 99.6732 6590.46
v -3253.59 99.6732 6590.46
v -3253.66 99.6358 6590.52
v -3253.6 99.6673 6590.45
v -3253.59 99.6614 6590.46
v -3253.59 99.6614 6590.46
v -3253.59 99.6732 6590.46
v -3253.6 99.6673 6590.45
v -3253.85 99.6614 6590.2
v -3253.91 99.6358 6590.26
v -3253.85 99.6732 6590.21
v -3253.85 99.6732 6590.21
v -3253.91 99.6358 6590.26
v -3253.86 99.6673 6590.2
v -3253.85 99.6614 6590.2
v -3253.85 99.6614 6590.2
v -3253.85 99.6732 6590.21
v -3253.86 99.6673 6590.2
v -3253.76 99.6659 6590.29
v -3253.82 99.6313 6590.35
v -3253.76 99.6771 6590.3
v -3253.76 99.6771 6590.3
v -3253.82 99.6313 6590.35
v -3253.77 99.6715 6590.29
v -3253.76 99.6659 6590.29
v -3253.76 99.6659 6590.29
v -3253.76 99.6771 6590.3
v -3253.77 99.6715 6590.29
v -3253.71 101.088 6590.71
v -3253.72 101.206 6590.73
v -3253.73 101.204 6590.73
v -3253.72 101.086 6590.71
v -3253.73 101.203 6590.74
v -3253.72 101.084 6590.73
v -3253.72 101.084 6590.73
v -3253.73 101.203 6590.74
v -3253.72 101.204 6590.74
v -3253.7 101.085 6590.73
v -3253.71 101.206 6590.74
v -3253.69 101.087 6590.72
v -3253.71 101.207 6590.73
v -3253.7 101.089 6590.71
v -3253.51 99.2167 6590.45
v -3253.52 99.2143 6590.46
v -3253.52 99.2126 6590.47
v -3253.5 99.2133 6590.48
v -3253.49 99.2158 6590.47
v -3253.49 99.2174 6590.46
v -3253.72 101.206 6590.73
v -3253.71 101.207 6590.73
v -3253.71 101.206 6590.74
v -3253.72 101.204 6590.74
v -3253.73 101.203 6590.74
v -3253.73 101.204 6590.73
v -3253.52 99.2126 6590.47
v -3253.5 99.2133 6590.48
v -3253.49 99.2158 6590.47
v -3253.49 99.2174 6590.46
v -3253.51 99.2167 6590.45
v -3253.52 99.2143 6590.46
v -3253.52 99.2126 6590.47
v -3253.7 101.146 6590.74
v -3253.7 101.232 6590.76
v -3253.71 101.234 6590.73
v -3253.71 101.148 6590.72
v -3253.73 101.231 6590.74
v -3253.72 101.146 6590.73
v -3253.72 101.147 6590.71
v -3253.74 101.234 6590.72
v -3253.71 101.148 6590.72
v -3253.71 101.234 6590.73
v -3253.74 101.234 6590.72
v -3253.72 101.147 6590.71
v -3253.72 101.146 6590.73
v -3253.73 101.231 6590.74
v -3253.7 101.232 6590.76
v -3253.7 101.146 6590.74
v -3253.74 101.374 6590.76
v -3253.74 101.374 6590.76
v -3253.74 101.374 6590.76
v -3253.74 101.374 6590.76
v -3253.71 101.102 6590.73
v -3253.72 101.104 6590.7
v -3253.72 101.104 6590.7
v -3253.7 101.105 6590.72
v -3253.7 101.105 6590.72
v -3253.69 101.102 6590.74
v -3253.69 101.102 6590.74
v -3253.71 101.102 6590.73
v -3253.71 101.074 6590.72
v -3253.71 101.074 6590.72
v -3253.71 101.074 6590.72
v -3253.71 101.074 6590.72
v -3253.72 101.149 6590.71
v -3253.72 101.165 6590.71
v -3253.74 101.162 6590.72
v -3253.73 101.146 6590.72
v -3253.73 101.16 6590.74
v -3253.72 101.144 6590.74
v -3253.72 101.144 6590.74
v -3253.73 101.16 6590.74
v -3253.71 101.161 6590.75
v -3253.71 101.145 6590.75
v -3253.69 101.163 6590.74
v -3253.69 101.147 6590.74
v -3253.7 101.165 6590.72
v -3253.7 101.149 6590.72
v -3253.7 101.149 6590.72
v -3253.7 101.165 6590.72
v -3253.72 101.126 6590.7
v -3253.73 101.123 6590.71
v -3253.72 101.121 6590.73
v -3253.7 101.121 6590.75
v -3253.69 101.124 6590.74
v -3253.7 101.126 6590.71
v -3253.72 101.165 6590.71
v -3253.7 101.165 6590.72
v -3253.69 101.163 6590.74
v -3253.71 101.161 6590.75
v -3253.73 101.16 6590.74
v -3253.74 101.162 6590.72
v -3253.72 101.126 6590.7
v -3253.7 101.126 6590.71
v -3253.7 101.126 6590.71
v -3253.69 101.124 6590.74
v -3253.7 101.121 6590.75
v -3253.72 101.121 6590.73
v -3253.72 101.121 6590.73
v -3253.73 101.123 6590.71
v -3254.04 101.139 6590.39
v -3254.06 101.28 6590.41
v -3254.07 101.278 6590.41
v -3254.05 101.137 6590.4
v -3254.07 101.278 6590.42
v -3254.05 101.136 6590.41
v -3254.05 101.136 6590.41
v -3254.07 101.278 6590.42
v -3254.06 101.279 6590.42
v -3254.04 101.137 6590.42
v -3254.05 101.281 6590.42
v -3254.03 101.14 6590.41
v -3254.05 101.281 6590.41
v -3254.03 101.141 6590.39
v -3253.74 99.2114 6590.22
v -3253.75 99.2089 6590.23
v -3253.75 99.208 6590.25
v -3253.73 99.2097 6590.25
v -3253.72 99.2122 6590.24
v -3253.72 99.2131 6590.23
v -3254.06 101.28 6590.41
v -3254.05 101.281 6590.41
v -3254.05 101.281 6590.42
v -3254.06 101.279 6590.42
v -3254.07 101.278 6590.42
v -3254.07 101.278 6590.41
v -3253.75 99.208 6590.25
v -3253.73 99.2097 6590.25
v -3253.72 99.2122 6590.24
v -3253.72 99.2131 6590.23
v -3253.74 99.2114 6590.22
v -3253.75 99.2089 6590.23
v -3253.75 99.208 6590.25
v -3254.04 101.222 6590.42
v -3254.04 101.301 6590.45
v -3254.06 101.301 6590.41
v -3254.05 101.222 6590.41
v -3254.07 101.298 6590.42
v -3254.06 101.22 6590.41
v -3254.06 101.221 6590.4
v -3254.09 101.298 6590.39
v -3254.05 101.222 6590.41
v -3254.06 101.301 6590.41
v -3254.09 101.298 6590.39
v -3254.06 101.221 6590.4
v -3254.06 101.22 6590.41
v -3254.07 101.298 6590.42
v -3254.04 101.301 6590.45
v -3254.04 101.222 6590.42
v -3254.06 101.394 6590.45
v -3254.07 101.394 6590.42
v -3254.07 101.394 6590.42
v -3254.1 101.392 6590.4
v -3254.1 101.392 6590.4
v -3254.08 101.392 6590.43
v -3254.08 101.392 6590.43
v -3254.06 101.394 6590.45
v -3254.09 101.448 6590.43
v -3254.09 101.448 6590.43
v -3254.09 101.448 6590.43
v -3254.09 101.448 6590.43
v -3254.05 101.154 6590.41
v -3254.06 101.154 6590.38
v -3254.06 101.154 6590.38
v -3254.04 101.157 6590.4
v -3254.04 101.157 6590.4
v -3254.03 101.156 6590.42
v -3254.03 101.156 6590.42
v -3254.05 101.154 6590.41
v -3254.04 101.126 6590.4
v -3254.04 101.126 6590.4
v -3254.04 101.126 6590.4
v -3254.04 101.126 6590.4
v -3254.06 101.222 6590.39
v -3254.06 101.238 6590.39
v -3254.08 101.235 6590.4
v -3254.07 101.219 6590.4
v -3254.07 101.234 6590.42
v -3254.06 101.218 6590.42
v -3254.06 101.218 6590.42
v -3254.07 101.234 6590.42
v -3254.04 101.237 6590.44
v -3254.04 101.221 6590.43
v -3254.03 101.239 6590.43
v -3254.03 101.223 6590.42
v -3254.04 101.24 6590.4
v -3254.04 101.224 6590.4
v -3254.04 101.224 6590.4
v -3254.04 101.24 6590.4
v -3254.06 101.176 6590.38
v -3254.07 101.173 6590.39
v -3254.06 101.172 6590.42
v -3254.03 101.174 6590.43
v -3254.02 101.177 6590.42
v -3254.03 101.178 6590.4
v -3254.06 101.238 6590.39
v -3254.04 101.24 6590.4
v -3254.03 101.239 6590.43
v -3254.04 101.237 6590.44
v -3254.07 101.234 6590.42
v -3254.08 101.235 6590.4
v -3254.06 101.176 6590.38
v -3254.03 101.178 6590.4
v -3254.03 101.178 6590.4
v -3254.02 101.177 6590.42
v -3254.03 101.174 6590.43
v -3254.06 101.172 6590.42
v -3254.06 101.172 6590.42
v -3254.07 101.173 6590.39
v -3253.92 99.3569 6590.03
v -3253.94 99.5976 6590.05
v -3253.96 99.5951 6590.06
v -3253.93 99.3545 6590.04
v -3253.25 99.3545 6590.7
v -3253.28 99.5951 6590.73
v -3253.27 99.5976 6590.72
v -3253.24 99.3569 6590.69
v -3253.57 99.8524 6590.95
v -3253.58 101.006 6590.94
v -3253.55 101.006 6590.97
v -3253.55 99.8524 6590.97
v -3253.52 101.006 6590.96
v -3253.52 99.8524 6590.96
v -3253.52 99.8524 6590.96
v -3253.52 101.006 6590.96
v -3253.51 101.006 6590.92
v -3253.51 99.8524 6590.93
v -3253.53 101.006 6590.9
v -3253.53 99.8524 6590.9
v -3253.57 101.006 6590.91
v -3253.56 99.8524 6590.91
v -3253.52 99.2038 6590.96
v -3253.51 99.2038 6590.92
v -3253.53 99.2038 6590.9
v -3253.57 99.2038 6590.91
v -3253.58 99.2038 6590.94
v -3253.55 99.2038 6590.97
v -3253.52 99.2038 6590.96
v -3254.2 100.548 6590.33
v -3254.19 101.006 6590.34
v -3254.16 101.006 6590.36
v -3254.17 100.548 6590.35
v -3254.13 101.006 6590.35
v -3254.14 100.548 6590.34
v -3254.14 100.548 6590.34
v -3254.13 101.006 6590.35
v -3254.12 101.006 6590.32
v -3254.13 100.548 6590.31
v -3254.15 101.006 6590.3
v -3254.15 100.548 6590.29
v -3254.18 101.006 6590.3
v -3254.19 100.548 6590.3
v -3254.13 99.2038 6590.35
v -3254.12 99.2038 6590.32
v -3254.15 99.2038 6590.3
v -3254.18 99.2038 6590.3
v -3254.19 99.2038 6590.34
v -3254.16 99.2038 6590.36
v -3254.13 99.2038 6590.35
v -3254.03 100.058 6590.18
v -3254.14 101.004 6590.29
v -3254.12 101.004 6590.32
v -3254 100.058 6590.21
v -3254.09 101.009 6590.31
v -3253.97 100.063 6590.2
v -3253.97 100.063 6590.2
v -3254.09 101.009 6590.31
v -3254.08 101.013 6590.28
v -3253.96 100.068 6590.17
v -3254.1 101.013 6590.25
v -3253.99 100.068 6590.14
v -3254.13 101.009 6590.26
v -3254.02 100.063 6590.15
v -3253.87 99.2038 6590.1
v -3253.87 99.2086 6590.06
v -3253.89 99.2086 6590.04
v -3253.92 99.2038 6590.05
v -3253.93 99.199 6590.08
v -3253.91 99.199 6590.1
v -3253.87 99.2038 6590.1
v -3253.47 100.406 6590.82
v -3253.53 101.004 6590.9
v -3253.51 101.004 6590.92
v -3253.44 100.406 6590.85
v -3253.47 101.009 6590.91
v -3253.41 100.411 6590.84
v -3253.41 100.411 6590.84
v -3253.47 101.009 6590.91
v -3253.47 101.013 6590.88
v -3253.4 100.416 6590.8
v -3253.49 101.013 6590.86
v -3253.43 100.416 6590.78
v -3253.52 101.009 6590.87
v -3253.46 100.411 6590.79
v -3253.26 99.2038 6590.7
v -3253.26 99.2086 6590.67
v -3253.28 99.2086 6590.64
v -3253.31 99.2038 6590.65
v -3253.32 99.199 6590.68
v -3253.3 99.199 6590.71
v -3253.26 99.2038 6590.7
v -3254.16 100.829 6590.26
v -3253.77 100.818 6590.64
v -3253.76 100.827 6590.64
v -3254.15 100.838 6590.25
v -3253.76 100.846 6590.63
v -3254.15 100.856 6590.25
v -3253.77 100.855 6590.65
v -3254.16 100.865 6590.26
v -3253.79 100.846 6590.65
v -3254.17 100.856 6590.27
v -3253.79 100.827 6590.65
v -3254.17 100.838 6590.27
v -3253.77 100.818 6590.64
v -3254.16 100.829 6590.26
v -3253.47 100.865 6590.94
v -3253.48 100.856 6590.95
v -3253.46 100.856 6590.93
v -3253.46 100.838 6590.93
v -3253.47 100.829 6590.94
v -3253.48 100.838 6590.95
v -3253.47 100.829 6590.94
v -3254.02 99.6272 6590.12
v -3253.73 99.636 6590.4
v -3253.73 99.6452 6590.38
v -3254 99.6364 6590.11
v -3253.73 99.6637 6590.38
v -3254 99.6548 6590.11
v -3253.77 99.6729 6590.36
v -3254.02 99.664 6590.12
v -3253.78 99.6637 6590.38
v -3254.03 99.6548 6590.13
v -3253.75 99.6452 6590.4
v -3254.03 99.6364 6590.13
v -3253.73 99.636 6590.4
v -3254.02 99.6272 6590.12
v -3253.32 99.6548 6590.79
v -3253.33 99.664 6590.8
v -3253.32 99.6364 6590.79
v -3253.33 99.6272 6590.8
v -3253.34 99.6364 6590.81
v -3253.33 99.6272 6590.8
v -3253.34 99.6548 6590.81
v -3253.53 99.2274 6590.92
v -3253.3 99.2274 6590.69
v -3253.31 99.2366 6590.68
v -3253.54 99.2366 6590.91
v -3253.31 99.255 6590.68
v -3253.54 99.255 6590.91
v -3253.3 99.2642 6590.69
v -3253.53 99.2642 6590.92
v -3253.29 99.255 6590.7
v -3253.52 99.255 6590.94
v -3253.29 99.2366 6590.7
v -3253.52 99.2366 6590.94
v -3253.3 99.2274 6590.69
v -3253.53 99.2274 6590.92
v -3254.14 99.2274 6590.32
v -3253.91 99.2274 6590.08
v -3253.92 99.2366 6590.07
v -3254.15 99.2366 6590.31
v -3253.92 99.255 6590.07
v -3254.15 99.255 6590.31
v -3253.91 99.2642 6590.08
v -3254.14 99.2642 6590.32
v -3253.9 99.255 6590.1
v -3254.13 99.255 6590.33
v -3253.9 99.2366 6590.1
v -3254.13 99.2366 6590.33
v -3253.91 99.2274 6590.08
v -3254.14 99.2274 6590.32
v -3253.8 99.385 6589.35
v -3253.82 99.3765 6589.35
v -3253.81 99.3627 6589.36
v -3253.8 99.3454 6589.35
v -3253.82 99.404 6589.42
v -3253.85 99.3952 6589.4
v -3253.82 99.3821 6589.42
v -3253.81 99.379 6589.39
v -3253.82 99.3895 6589.38
v -3253.81 99.4041 6589.37
v -3253.81 99.4214 6589.39
v -3253.81 99.3665 6589.37
v -3253.82 99.3895 6589.38
v -3253.8 99.3609 6589.39
v -3253.81 99.379 6589.39
v -3253.88 99.4667 6589.44
v -3253.91 99.4939 6589.43
v -3253.84 99.4698 6589.39
v -3253.9 99.5124 6589.37
v -3253.9 99.3469 6589.45
v -3253.91 99.3881 6589.45
v -3253.88 99.3523 6589.45
v -3253.82 99.4042 6589.35
v -3253.81 99.4041 6589.37
v -3253.81 99.4345 6589.35
v -3253.84 99.3365 6589.43
v -3253.82 99.3584 6589.42
v -3253.84 99.3428 6589.41
v -3253.86 99.3635 6589.41
v -3253.84 99.3233 6589.41
v -3253.85 99.3563 6589.43
v -3254.04 99.3507 6589.39
v -3254.02 99.3561 6589.43
v -3254.01 99.3153 6589.38
v -3253.95 99.316 6589.43
v -3253.96 99.3711 6589.46
v -3253.8 99.385 6589.35
v -3253.8 99.3199 6589.37
v -3253.83 99.3478 6589.39
v -3253.98 99.4453 6589.45
v -3253.89 99.3509 6589.44
v -3253.84 99.3568 6589.44
v -3253.84 99.4116 6589.43
v -3253.82 99.404 6589.42
v -3253.85 99.4299 6589.43
v -3253.81 99.4214 6589.39
v -3253.83 99.3478 6589.39
v -3254.03 99.4525 6589.39
v -3253.97 99.5046 6589.38
v -3253.84 99.4797 6589.36
v -3254.05 99.4056 6589.39
v -3253.9 99.3449 6589.4
v -3253.9 99.3492 6589.37
v -3253.91 99.3127 6589.37
v -3253.85 99.3289 6589.36
v -3253.81 99.4041 6589.37
v -3253.82 99.3821 6589.42
v -3253.8 99.3209 6589.35
v -3253.8 99.385 6589.35
v -3253.8 99.385 6589.35
v -3253.81 99.3626 6589.34
v -3253.84 99.4033 6589.29
v -3253.84 99.3814 6589.29
v -3253.86 99.3949 6589.32
v -3253.82 99.3786 6589.31
v -3253.82 99.3893 6589.33
v -3253.82 99.4039 6589.34
v -3253.83 99.421 6589.32
v -3253.82 99.3663 6589.33
v -3253.82 99.3893 6589.33
v -3253.82 99.3604 6589.31
v -3253.82 99.3786 6589.31
v -3253.9 99.4659 6589.29
v -3253.85 99.4695 6589.33
v -3253.93 99.4933 6589.31
v -3253.92 99.346 6589.29
v -3253.91 99.3514 6589.28
v -3253.94 99.3872 6589.29
v -3253.82 99.4039 6589.34
v -3253.86 99.3357 6589.29
v -3253.85 99.3423 6589.31
v -3253.84 99.3577 6589.29
v -3253.87 99.363 6589.31
v -3253.86 99.3228 6589.31
v -3253.87 99.3556 6589.29
v -3254.03 99.3556 6589.34
v -3253.97 99.3154 6589.32
v -3253.99 99.3702 6589.29
v -3253.8 99.385 6589.35
v -3253.84 99.3474 6589.32
v -3253.81 99.3197 6589.33
v -3254.01 99.4445 6589.31
v -3253.91 99.3502 6589.29
v -3253.86 99.356 6589.28
v -3253.86 99.4108 6589.29
v -3253.84 99.4033 6589.29
v -3253.88 99.4291 6589.29
v -3253.83 99.421 6589.32
v -3253.84 99.3474 6589.32
v -3253.91 99.3445 6589.33
v -3253.82 99.4039 6589.34
v -3253.84 99.3814 6589.29
v -3238.24 104.745 6587.96
v -3238.31 104.774 6588.05
v -3238.29 104.936 6587.96
v -3238.34 104.918 6588.02
v -3238.64 105.167 6588.15
v -3238.54 104.828 6588.14
v -3238.81 105.013 6588.21
v -3238.63 104.841 6588.14
v -3238.58 105.301 6588.08
v -3238.61 105.292 6588.12
v -3238.64 105.476 6588.11
v -3238.71 105.441 6588.14
v -3238.64 105.259 6588.12
v -3238.6 105.18 6588.09
v -3238.93 105.376 6588.32
v -3239 105.228 6588.33
v -3239.09 105.323 6588.27
v -3238.52 105.256 6587.97
v -3238.51 105.102 6588.05
v -3238.45 105.109 6587.97
v -3238.55 105.451 6587.97
v -3238.51 105.3 6587.97
v -3238.75 105.647 6588.03
v -3238.8 105.653 6588.16
v -3238.43 104.863 6588.08
v -3238.39 104.766 6588.11
v -3238.41 104.764 6588.1
v -3238.47 104.671 6588.13
v -3238.38 104.662 6588.07
v -3238.35 104.679 6588.08
v -3238.42 104.616 6588.08
v -3238.31 104.718 6588.05
v -3238.28 104.67 6588
v -3238.28 104.583 6587.96
v -3238.3 104.644 6588.02
v -3238.33 104.606 6588.04
v -3238.77 105.284 6588.24
v -3238.75 105.264 6588.23
v -3238.8 105.224 6588.3
v -3238.89 105.091 6588.27
v -3238.72 105.17 6588.23
v -3238.68 105.247 6588.17
v -3238.73 105.298 6588.22
v -3238.65 105.275 6588.19
v -3238.67 105.428 6588.2
v -3238.72 105.375 6588.25
v -3238.72 105.261 6588.2
v -3238.75 105.47 6588.24
v -3238.76 105.306 6588.24
v -3238.95 105.805 6588.24
v -3239.19 105.903 6588.22
v -3239.13 105.955 6588.1
v -3238.73 105.719 6587.97
v -3239.1 105.975 6587.98
v -3238.76 105.506 6588.18
v -3238.84 105.598 6588.27
v -3238.9 105.723 6588.31
v -3238.94 105.503 6588.36
v -3238.9 105.481 6588.33
v -3239.04 105.407 6588.38
v -3239.21 105.415 6588.34
v -3239.19 105.471 6588.41
v -3239.31 105.514 6588.39
v -3239.02 105.855 6588.31
v -3239.24 105.738 6588.4
v -3239.27 105.784 6588.36
v -3239.07 105.781 6588.46
v -3239.25 105.899 6588.21
v -3239.27 105.598 6588.41
v -3239.16 105.978 6587.98
v -3239.18 105.951 6588.11
v -3238.76 105.506 6588.27
v -3239.34 105.602 6588.35
v -3238.93 105.63 6588.35
v -3238.96 105.772 6588.39
v -3238.52 104.979 6587.97
v -3238.76 105.257 6587.97
v -3238.62 104.866 6588.08
v -3238.93 105.181 6588.17
v -3239.13 105.447 6588.15
v -3238.98 105.417 6587.98
v -3238.63 104.841 6588.14
v -3238.46 104.655 6588.06
v -3238.47 104.671 6588.13
v -3238.42 104.616 6588.08
v -3238.33 104.606 6588.04
v -3238.38 104.627 6587.97
v -3238.28 104.583 6587.96
v -3238.72 105.327 6588.18
v -3238.77 105.342 6588.21
v -3238.73 105.298 6588.22
v -3238.76 105.306 6588.24
v -3238.8 105.293 6588.22
v -3238.78 105.248 6588.19
v -3238.77 105.284 6588.24
v -3238.75 105.264 6588.23
v -3238.73 105.263 6588.16
v -3238.72 105.261 6588.2
v -3238.77 105.342 6588.21
v -3238.72 105.327 6588.18
v -3238.78 105.309 6588.15
v -3238.78 105.248 6588.19
v -3238.8 105.293 6588.22
v -3238.73 105.263 6588.16
v -3239.14 105.576 6588.05
v -3239.1 105.776 6587.98
v -3239.17 105.719 6588.16
v -3239.14 105.646 6588.08
v -3238.34 104.738 6587.98
v -3238.35 104.774 6588
v -3238.37 104.76 6588
v -3238.39 104.797 6588.04
v -3238.35 104.774 6588
v -3238.34 104.738 6587.98
v -3238.43 104.937 6587.98
v -3238.37 104.76 6588
v -3238.39 104.797 6588.04
v -3238.35 104.774 6588
v -3239.18 105.952 6587.98
v -3239.27 105.891 6588.19
v -3239.3 105.788 6588.3
v -3239.27 105.891 6588.19
v -3239.18 105.952 6587.98
v -3239.3 105.788 6588.3
v -3239.22 105.59 6588.22
v -3239.11 105.539 6587.98
v -3238.89 105.091 6588.27
v -3238.81 105.013 6588.21
v -3239.09 105.627 6588.05
v -3239.08 105.683 6587.98
v -3239.1 105.597 6588.04
v -3239.08 105.581 6587.98
v -3239.09 105.627 6588.05
v -3238.97 105.613 6588.04
v -3239.08 105.683 6587.98
v -3238.96 105.641 6587.98
v -3239.1 105.597 6588.04
v -3238.97 105.598 6588.03
v -3239.08 105.581 6587.98
v -3238.96 105.59 6587.98
v -3238.87 105.529 6587.98
v -3239.04 105.407 6588.38
v -3239.19 105.471 6588.41
v -3239.12 105.32 6588.51
v -3239.27 105.598 6588.41
v -3239.16 105.589 6588.55
v -3239.24 105.738 6588.4
v -3238.97 105.151 6588.65
v -3238.88 105.343 6588.62
v -3239.05 105.676 6588.56
v -3238.93 105.63 6588.35
v -3238.94 105.503 6588.36
v -3238.81 105.292 6588.45
v -3238.84 105.176 6588.44
v -3238.95 105.09 6588.58
v -3238.9 105.059 6588.48
v -3239.04 105.407 6588.38
v -3238.9 105.059 6588.48
v -3238.92 105.677 6588.5
v -3238.84 105.372 6588.57
v -3238.63 104.852 6588.68
v -3238.6 104.997 6588.65
v -3238.61 104.849 6588.51
v -3238.59 104.963 6588.52
v -3238.62 104.79 6588.55
v -3238.62 104.79 6588.55
v -3238.49 104.857 6588.65
v -3238.5 104.98 6588.63
v -3238.47 104.866 6588.51
v -3238.48 104.958 6588.52
v -3238.47 104.814 6588.54
v -3238.47 104.814 6588.54
v -3238.38 104.94 6588.63
v -3238.45 105.021 6588.61
v -3238.38 104.962 6588.51
v -3238.43 105.019 6588.52
v -3238.35 104.926 6588.54
v -3238.35 104.926 6588.54
v -3238.33 105.231 6588.58
v -3238.31 105.207 6588.58
v -3238.32 105.23 6588.55
v -3238.3 105.203 6588.55
v -3238.3 105.203 6588.55
v -3239.07 105.781 6588.46
v -3238.96 105.772 6588.39
v -3238.24 104.745 6587.96
v -3238.29 104.936 6587.96
v -3238.31 104.774 6587.88
v -3238.34 104.918 6587.91
v -3238.65 105.167 6587.79
v -3238.82 105.013 6587.74
v -3238.54 104.828 6587.8
v -3238.64 104.841 6587.8
v -3238.59 105.301 6587.86
v -3238.64 105.476 6587.83
v -3238.62 105.292 6587.83
v -3238.71 105.441 6587.81
v -3238.65 105.259 6587.83
v -3238.61 105.18 6587.85
v -3238.94 105.376 6587.63
v -3239.1 105.323 6587.69
v -3239.02 105.228 6587.63
v -3238.52 105.256 6587.97
v -3238.51 105.102 6587.89
v -3238.45 105.109 6587.97
v -3238.55 105.451 6587.97
v -3238.51 105.3 6587.97
v -3238.75 105.647 6587.92
v -3238.8 105.653 6587.79
v -3238.43 104.863 6587.86
v -3238.42 104.764 6587.84
v -3238.39 104.766 6587.83
v -3238.48 104.671 6587.81
v -3238.38 104.662 6587.86
v -3238.36 104.679 6587.85
v -3238.42 104.616 6587.85
v -3238.31 104.718 6587.87
v -3238.28 104.67 6587.92
v -3238.28 104.583 6587.96
v -3238.31 104.644 6587.91
v -3238.33 104.606 6587.89
v -3238.78 105.284 6587.7
v -3238.81 105.224 6587.64
v -3238.76 105.264 6587.72
v -3238.9 105.091 6587.68
v -3238.73 105.17 6587.72
v -3238.68 105.247 6587.77
v -3238.66 105.275 6587.76
v -3238.74 105.298 6587.73
v -3238.68 105.428 6587.74
v -3238.73 105.375 6587.69
v -3238.73 105.261 6587.74
v -3238.76 105.47 6587.71
v -3238.77 105.306 6587.71
v -3238.96 105.805 6587.71
v -3239.14 105.955 6587.86
v -3239.2 105.903 6587.75
v -3238.73 105.719 6587.97
v -3239.1 105.975 6587.98
v -3238.77 105.506 6587.77
v -3238.85 105.598 6587.68
v -3238.92 105.723 6587.64
v -3238.96 105.503 6587.6
v -3238.91 105.481 6587.62
v -3239.05 105.407 6587.58
v -3239.22 105.415 6587.63
v -3239.21 105.471 6587.55
v -3239.32 105.514 6587.58
v -3239.03 105.855 6587.64
v -3239.25 105.738 6587.57
v -3239.09 105.781 6587.5
v -3239.28 105.784 6587.61
v -3239.26 105.899 6587.76
v -3239.28 105.598 6587.56
v -3239.16 105.978 6587.98
v -3239.19 105.951 6587.86
v -3238.78 105.506 6587.68
v -3239.36 105.602 6587.62
v -3238.94 105.63 6587.61
v -3238.98 105.772 6587.56
v -3238.52 104.979 6587.97
v -3238.62 104.866 6587.86
v -3238.76 105.257 6587.97
v -3238.94 105.181 6587.78
v -3239.13 105.447 6587.81
v -3238.98 105.417 6587.98
v -3238.46 104.655 6587.87
v -3238.64 104.841 6587.8
v -3238.48 104.671 6587.81
v -3238.42 104.616 6587.85
v -3238.33 104.606 6587.89
v -3238.38 104.627 6587.97
v -3238.28 104.583 6587.96
v -3238.73 105.327 6587.77
v -3238.74 105.298 6587.73
v -3238.78 105.342 6587.74
v -3238.77 105.306 6587.71
v -3238.81 105.293 6587.73
v -3238.78 105.284 6587.7
v -3238.79 105.248 6587.76
v -3238.76 105.264 6587.72
v -3238.74 105.263 6587.79
v -3238.73 105.261 6587.74
v -3238.78 105.342 6587.74
v -3238.79 105.309 6587.8
v -3238.73 105.327 6587.77
v -3238.79 105.248 6587.76
v -3238.81 105.293 6587.73
v -3238.74 105.263 6587.79
v -3239.15 105.576 6587.91
v -3239.1 105.776 6587.98
v -3239.14 105.646 6587.88
v -3239.18 105.719 6587.81
v -3238.34 104.738 6587.95
v -3238.35 104.774 6587.93
v -3238.37 104.76 6587.93
v -3238.39 104.797 6587.9
v -3238.35 104.774 6587.93
v -3238.43 104.937 6587.95
v -3238.34 104.738 6587.95
v -3238.37 104.76 6587.93
v -3238.39 104.797 6587.9
v -3238.35 104.774 6587.93
v -3239.18 105.952 6587.98
v -3239.27 105.891 6587.78
v -3239.31 105.788 6587.67
v -3239.27 105.891 6587.78
v -3239.18 105.952 6587.98
v -3239.31 105.788 6587.67
v -3239.23 105.59 6587.75
v -3239.11 105.539 6587.98
v -3238.9 105.091 6587.68
v -3238.82 105.013 6587.74
v -3239.09 105.627 6587.91
v -3239.08 105.683 6587.98
v -3239.1 105.597 6587.92
v -3239.08 105.581 6587.98
v -3239.09 105.627 6587.91
v -3239.08 105.683 6587.98
v -3238.97 105.613 6587.92
v -3238.96 105.641 6587.98
v -3239.1 105.597 6587.92
v -3238.97 105.598 6587.93
v -3239.08 105.581 6587.98
v -3238.96 105.59 6587.98
v -3238.87 105.529 6587.98
v -3239.05 105.407 6587.58
v -3239.14 105.32 6587.46
v -3239.21 105.471 6587.55
v -3239.18 105.589 6587.42
v -3239.28 105.598 6587.56
v -3239.25 105.738 6587.57
v -3239 105.151 6587.31
v -3238.91 105.343 6587.33
v -3239.07 105.676 6587.4
v -3238.94 105.63 6587.61
v -3238.83 105.292 6587.5
v -3238.96 105.503 6587.6
v -3238.86 105.176 6587.51
v -3238.98 105.09 6587.38
v -3238.92 105.059 6587.47
v -3239.05 105.407 6587.58
v -3238.92 105.059 6587.47
v -3238.94 105.677 6587.45
v -3238.86 105.372 6587.38
v -3238.66 104.852 6587.26
v -3238.62 104.997 6587.29
v -3238.63 104.849 6587.43
v -3238.61 104.963 6587.42
v -3238.65 104.79 6587.39
v -3238.65 104.79 6587.39
v -3238.52 104.857 6587.29
v -3238.53 104.98 6587.31
v -3238.49 104.866 6587.42
v -3238.51 104.958 6587.42
v -3238.49 104.814 6587.39
v -3238.49 104.814 6587.39
v -3238.41 104.94 6587.3
v -3238.48 105.021 6587.32
v -3238.4 104.962 6587.42
v -3238.45 105.019 6587.41
v -3238.38 104.926 6587.39
v -3238.38 104.926 6587.39
v -3238.35 105.231 6587.35
v -3238.33 105.207 6587.35
v -3238.34 105.23 6587.38
v -3238.32 105.203 6587.38
v -3238.32 105.203 6587.38
v -3239.09 105.781 6587.5
v -3238.98 105.772 6587.56
v -3238.02 104.686 6584.69
v -3238.08 104.715 6584.78
v -3238.07 104.878 6584.7
v -3238.12 104.86 6584.76
v -3238.42 105.109 6584.88
v -3238.31 104.77 6584.87
v -3238.58 104.954 6584.94
v -3238.41 104.783 6584.87
v -3238.36 105.242 6584.81
v -3238.39 105.233 6584.85
v -3238.41 105.418 6584.85
v -3238.48 105.382 6584.87
v -3238.42 105.201 6584.85
v -3238.38 105.122 6584.82
v -3238.71 105.317 6585.05
v -3238.78 105.17 6585.06
v -3238.86 105.264 6585.01
v -3238.29 105.197 6584.7
v -3238.28 105.043 6584.78
v -3238.23 105.05 6584.7
v -3238.32 105.392 6584.7
v -3238.28 105.242 6584.7
v -3238.52 105.589 6584.76
v -3238.57 105.595 6584.89
v -3238.21 104.804 6584.81
v -3238.17 104.708 6584.84
v -3238.19 104.706 6584.83
v -3238.25 104.613 6584.86
v -3238.15 104.604 6584.8
v -3238.13 104.62 6584.81
v -3238.19 104.557 6584.81
v -3238.08 104.659 6584.79
v -3238.05 104.611 6584.73
v -3238.05 104.524 6584.7
v -3238.08 104.586 6584.75
v -3238.1 104.548 6584.77
v -3238.55 105.225 6584.98
v -3238.53 105.205 6584.96
v -3238.57 105.165 6585.04
v -3238.66 105.032 6585
v -3238.5 105.111 6584.96
v -3238.45 105.189 6584.9
v -3238.51 105.239 6584.95
v -3238.43 105.217 6584.92
v -3238.45 105.37 6584.93
v -3238.49 105.316 6584.99
v -3238.49 105.202 6584.93
v -3238.53 105.411 6584.97
v -3238.53 105.247 6584.97
v -3238.73 105.746 6584.97
v -3238.96 105.844 6584.95
v -3238.91 105.897 6584.83
v -3238.51 105.66 6584.7
v -3238.88 105.917 6584.71
v -3238.53 105.447 6584.91
v -3238.61 105.54 6585
v -3238.68 105.665 6585.04
v -3238.72 105.445 6585.09
v -3238.67 105.422 6585.07
v -3238.81 105.349 6585.12
v -3238.98 105.356 6585.07
v -3238.97 105.412 6585.14
v -3239.08 105.455 6585.12
v -3238.8 105.797 6585.05
v -3239.01 105.68 6585.13
v -3239.05 105.725 6585.09
v -3238.84 105.723 6585.19
v -3239.03 105.841 6584.94
v -3239.04 105.539 6585.15
v -3238.94 105.92 6584.71
v -3238.96 105.892 6584.84
v -3238.54 105.448 6585
v -3239.12 105.544 6585.08
v -3238.71 105.571 6585.08
v -3238.74 105.714 6585.12
v -3238.3 104.92 6584.7
v -3238.54 105.198 6584.71
v -3238.39 104.807 6584.81
v -3238.71 105.123 6584.91
v -3238.9 105.389 6584.88
v -3238.76 105.358 6584.71
v -3238.41 104.783 6584.87
v -3238.23 104.596 6584.8
v -3238.25 104.613 6584.86
v -3238.19 104.557 6584.81
v -3238.1 104.548 6584.77
v -3238.15 104.569 6584.7
v -3238.05 104.524 6584.7
v -3238.5 105.268 6584.91
v -3238.55 105.283 6584.94
v -3238.51 105.239 6584.95
v -3238.53 105.247 6584.97
v -3238.58 105.234 6584.95
v -3238.56 105.19 6584.92
v -3238.55 105.225 6584.98
v -3238.53 105.205 6584.96
v -3238.51 105.205 6584.89
v -3238.49 105.202 6584.93
v -3238.55 105.283 6584.94
v -3238.5 105.268 6584.91
v -3238.56 105.251 6584.88
v -3238.56 105.19 6584.92
v -3238.58 105.234 6584.95
v -3238.51 105.205 6584.89
v -3238.92 105.518 6584.78
v -3238.88 105.718 6584.71
v -3238.95 105.66 6584.89
v -3238.91 105.587 6584.82
v -3238.11 104.68 6584.72
v -3238.12 104.716 6584.74
v -3238.15 104.702 6584.74
v -3238.17 104.739 6584.77
v -3238.12 104.716 6584.74
v -3238.11 104.68 6584.72
v -3238.2 104.878 6584.71
v -3238.15 104.702 6584.74
v -3238.17 104.739 6584.77
v -3238.12 104.716 6584.74
v -3238.96 105.894 6584.71
v -3239.04 105.833 6584.92
v -3239.08 105.729 6585.03
v -3239.04 105.833 6584.92
v -3238.96 105.894 6584.71
v -3239.08 105.729 6585.03
v -3238.99 105.531 6584.95
v -3238.89 105.48 6584.71
v -3238.66 105.032 6585
v -3238.58 104.954 6584.94
v -3238.87 105.568 6584.78
v -3238.85 105.625 6584.71
v -3238.87 105.538 6584.77
v -3238.86 105.522 6584.71
v -3238.87 105.568 6584.78
v -3238.74 105.554 6584.77
v -3238.85 105.625 6584.71
v -3238.74 105.582 6584.71
v -3238.87 105.538 6584.77
v -3238.75 105.539 6584.76
v -3238.86 105.522 6584.71
v -3238.74 105.532 6584.71
v -3238.65 105.471 6584.71
v -3238.81 105.349 6585.12
v -3238.97 105.412 6585.14
v -3238.9 105.261 6585.24
v -3239.04 105.539 6585.15
v -3238.94 105.53 6585.28
v -3239.01 105.68 6585.13
v -3238.75 105.093 6585.38
v -3238.66 105.285 6585.36
v -3238.83 105.617 6585.29
v -3238.71 105.571 6585.08
v -3238.72 105.445 6585.09
v -3238.58 105.234 6585.19
v -3238.62 105.117 6585.18
v -3238.73 105.031 6585.31
v -3238.68 105 6585.21
v -3238.81 105.349 6585.12
v -3238.68 105 6585.21
v -3238.7 105.619 6585.23
v -3238.61 105.314 6585.3
v -3238.41 104.793 6585.41
v -3238.37 104.939 6585.38
v -3238.38 104.791 6585.24
v -3238.36 104.904 6585.25
v -3238.4 104.731 6585.28
v -3238.4 104.731 6585.28
v -3238.27 104.799 6585.38
v -3238.28 104.922 6585.36
v -3238.25 104.807 6585.24
v -3238.26 104.9 6585.25
v -3238.25 104.755 6585.27
v -3238.25 104.755 6585.27
v -3238.16 104.882 6585.36
v -3238.23 104.963 6585.35
v -3238.15 104.904 6585.24
v -3238.21 104.96 6585.26
v -3238.13 104.867 6585.27
v -3238.13 104.867 6585.27
v -3238.1 105.173 6585.31
v -3238.08 105.149 6585.31
v -3238.1 105.172 6585.28
v -3238.07 105.145 6585.28
v -3238.07 105.145 6585.28
v -3238.84 105.723 6585.19
v -3238.74 105.714 6585.12
v -3238.02 104.686 6584.69
v -3238.07 104.878 6584.7
v -3238.09 104.715 6584.61
v -3238.12 104.86 6584.64
v -3238.43 105.109 6584.52
v -3238.59 104.954 6584.48
v -3238.32 104.77 6584.53
v -3238.42 104.783 6584.53
v -3238.37 105.242 6584.6
v -3238.42 105.418 6584.56
v -3238.4 105.233 6584.56
v -3238.49 105.382 6584.54
v -3238.42 105.201 6584.56
v -3238.38 105.122 6584.59
v -3238.72 105.317 6584.36
v -3238.88 105.264 6584.42
v -3238.79 105.17 6584.36
v -3238.29 105.197 6584.7
v -3238.29 105.043 6584.62
v -3238.23 105.05 6584.7
v -3238.32 105.392 6584.7
v -3238.28 105.242 6584.7
v -3238.53 105.589 6584.65
v -3238.58 105.595 6584.52
v -3238.21 104.804 6584.59
v -3238.19 104.706 6584.57
v -3238.17 104.708 6584.56
v -3238.26 104.613 6584.54
v -3238.16 104.604 6584.59
v -3238.14 104.62 6584.58
v -3238.2 104.557 6584.58
v -3238.09 104.659 6584.61
v -3238.06 104.611 6584.66
v -3238.05 104.524 6584.7
v -3238.08 104.586 6584.64
v -3238.11 104.548 6584.62
v -3238.56 105.225 6584.44
v -3238.59 105.165 6584.38
v -3238.54 105.205 6584.45
v -3238.67 105.032 6584.42
v -3238.51 105.111 6584.45
v -3238.46 105.189 6584.51
v -3238.44 105.217 6584.49
v -3238.52 105.239 6584.46
v -3238.46 105.37 6584.47
v -3238.5 105.316 6584.42
v -3238.5 105.202 6584.48
v -3238.54 105.411 6584.44
v -3238.54 105.247 6584.44
v -3238.74 105.746 6584.45
v -3238.91 105.897 6584.59
v -3238.97 105.844 6584.48
v -3238.51 105.66 6584.7
v -3238.88 105.917 6584.71
v -3238.54 105.447 6584.5
v -3238.63 105.54 6584.41
v -3238.69 105.665 6584.38
v -3238.73 105.445 6584.33
v -3238.69 105.422 6584.35
v -3238.83 105.349 6584.31
v -3239 105.356 6584.36
v -3238.98 105.412 6584.28
v -3239.1 105.455 6584.31
v -3238.81 105.797 6584.38
v -3239.03 105.68 6584.3
v -3238.86 105.723 6584.24
v -3239.06 105.725 6584.34
v -3239.03 105.841 6584.49
v -3239.06 105.539 6584.29
v -3238.94 105.92 6584.71
v -3238.97 105.892 6584.59
v -3238.55 105.448 6584.41
v -3239.14 105.544 6584.35
v -3238.72 105.571 6584.34
v -3238.76 105.714 6584.3
v -3238.3 104.92 6584.7
v -3238.4 104.807 6584.59
v -3238.54 105.198 6584.71
v -3238.72 105.123 6584.51
v -3238.91 105.389 6584.54
v -3238.76 105.358 6584.71
v -3238.24 104.596 6584.6
v -3238.42 104.783 6584.53
v -3238.26 104.613 6584.54
v -3238.2 104.557 6584.58
v -3238.11 104.548 6584.62
v -3238.15 104.569 6584.7
v -3238.05 104.524 6584.7
v -3238.51 105.268 6584.5
v -3238.52 105.239 6584.46
v -3238.56 105.283 6584.47
v -3238.54 105.247 6584.44
v -3238.59 105.234 6584.46
v -3238.56 105.225 6584.44
v -3238.56 105.19 6584.49
v -3238.54 105.205 6584.45
v -3238.52 105.205 6584.52
v -3238.5 105.202 6584.48
v -3238.56 105.283 6584.47
v -3238.56 105.251 6584.53
v -3238.51 105.268 6584.5
v -3238.56 105.19 6584.49
v -3238.59 105.234 6584.46
v -3238.52 105.205 6584.52
v -3238.92 105.518 6584.64
v -3238.88 105.718 6584.71
v -3238.92 105.587 6584.61
v -3238.96 105.66 6584.54
v -3238.11 104.68 6584.68
v -3238.13 104.716 6584.66
v -3238.15 104.702 6584.66
v -3238.17 104.739 6584.63
v -3238.13 104.716 6584.66
v -3238.2 104.878 6584.69
v -3238.11 104.68 6584.68
v -3238.15 104.702 6584.66
v -3238.17 104.739 6584.63
v -3238.13 104.716 6584.66
v -3238.96 105.894 6584.71
v -3239.05 105.833 6584.51
v -3239.09 105.729 6584.4
v -3239.05 105.833 6584.51
v -3238.96 105.894 6584.71
v -3239.09 105.729 6584.4
v -3239 105.531 6584.48
v -3238.89 105.48 6584.71
v -3238.67 105.032 6584.42
v -3238.59 104.954 6584.48
v -3238.87 105.568 6584.64
v -3238.85 105.625 6584.71
v -3238.88 105.538 6584.66
v -3238.86 105.522 6584.71
v -3238.87 105.568 6584.64
v -3238.85 105.625 6584.71
v -3238.75 105.554 6584.65
v -3238.74 105.582 6584.71
v -3238.88 105.538 6584.66
v -3238.75 105.539 6584.66
v -3238.86 105.522 6584.71
v -3238.74 105.532 6584.71
v -3238.65 105.471 6584.71
v -3238.83 105.349 6584.31
v -3238.92 105.261 6584.19
v -3238.98 105.412 6584.28
v -3238.96 105.53 6584.15
v -3239.06 105.539 6584.29
v -3239.03 105.68 6584.3
v -3238.78 105.093 6584.04
v -3238.68 105.285 6584.06
v -3238.85 105.617 6584.13
v -3238.72 105.571 6584.34
v -3238.6 105.234 6584.23
v -3238.73 105.445 6584.33
v -3238.64 105.117 6584.24
v -3238.75 105.031 6584.11
v -3238.7 105 6584.2
v -3238.83 105.349 6584.31
v -3238.7 105 6584.2
v -3238.72 105.619 6584.18
v -3238.64 105.314 6584.11
v -3238.44 104.793 6583.99
v -3238.4 104.939 6584.03
v -3238.41 104.791 6584.16
v -3238.39 104.904 6584.15
v -3238.43 104.731 6584.12
v -3238.43 104.731 6584.12
v -3238.29 104.799 6584.02
v -3238.3 104.922 6584.04
v -3238.27 104.807 6584.16
v -3238.28 104.9 6584.15
v -3238.27 104.755 6584.12
v -3238.27 104.755 6584.12
v -3238.19 104.882 6584.04
v -3238.25 104.963 6584.05
v -3238.18 104.904 6584.15
v -3238.23 104.96 6584.14
v -3238.15 104.867 6584.13
v -3238.15 104.867 6584.13
v -3238.13 105.173 6584.09
v -3238.11 105.149 6584.08
v -3238.12 105.172 6584.11
v -3238.1 105.145 6584.11
v -3238.1 105.145 6584.11
v -3238.86 105.723 6584.24
v -3238.76 105.714 6584.3
v -3251.9 96.91 6587.91
v -3251.9 97.0338 6587.91
v -3252.1 96.91 6587.91
v -3252.1 97.0338 6587.91
v -3251.95 97.0868 6587.96
v -3251.95 97.0868 6588.06
v -3252.05 97.0868 6587.96
v -3252.05 97.0868 6588.06
v -3251.9 97.0338 6588.11
v -3251.9 96.91 6588.11
v -3252.1 97.0338 6588.11
v -3252.1 96.91 6588.11
v -3251.9 96.91 6588.11
v -3251.9 96.91 6587.91
v -3252.1 96.91 6588.11
v -3252.1 96.91 6587.91
v -3252.1 96.91 6587.91
v -3252.1 97.0338 6587.91
v -3252.1 96.91 6588.11
v -3252.1 97.0338 6588.11
v -3251.9 96.91 6588.11
v -3251.9 97.0338 6588.11
v -3251.9 96.91 6587.91
v -3251.9 97.0338 6587.91
v -3252.2 97.0384 6587.81
v -3252.1 97.0338 6587.91
v -3251.8 97.0384 6587.81
v -3251.9 97.0338 6587.91
v -3252.2 97.0384 6588.21
v -3252.1 97.0338 6588.11
v -3252.2 97.0384 6587.81
v -3252.1 97.0338 6587.91
v -3251.8 97.0384 6588.21
v -3251.9 97.0338 6588.11
v -3252.2 97.0384 6588.21
v -3252.1 97.0338 6588.11
v -3251.8 97.0384 6587.81
v -3251.9 97.0338 6587.91
v -3251.8 97.0384 6588.21
v -3251.9 97.0338 6588.11
v -3251.8 97.0384 6587.81
v -3251.94 97.102 6587.95
v -3252.2 97.0384 6587.81
v -3252.07 97.102 6587.95
v -3252.2 97.0384 6587.81
v -3252.07 97.102 6587.95
v -3252.2 97.0384 6588.21
v -3252.07 97.102 6588.08
v -3252.2 97.0384 6588.21
v -3252.07 97.102 6588.08
v -3251.8 97.0384 6588.21
v -3251.94 97.102 6588.08
v -3251.8 97.0384 6588.21
v -3251.94 97.102 6588.08
v -3251.8 97.0384 6587.81
v -3251.94 97.102 6587.95
v -3251.94 97.102 6587.95
v -3251.95 97.0868 6587.96
v -3252.07 97.102 6587.95
v -3252.05 97.0868 6587.96
v -3252.07 97.102 6587.95
v -3252.05 97.0868 6587.96
v -3252.07 97.102 6588.08
v -3252.05 97.0868 6588.06
v -3252.07 97.102 6588.08
v -3252.05 97.0868 6588.06
v -3251.94 97.102 6588.08
v -3251.95 97.0868 6588.06
v -3251.94 97.102 6588.08
v -3251.95 97.0868 6588.06
v -3251.94 97.102 6587.95
v -3251.95 97.0868 6587.96
v -3282 94.7142 6617
v -3282 94.2992 6615
v -3282 93.9065 6613
v -3282 93.1106 6611
v -3282 92.0219 6609
v -3282 91.4099 6607
v -3282 92.5019 6605
v -3282 94.7174 6603
v -3282 95.7055 6601
v -3282 96.7885 6599
v -3282 96.7469 6597
v -3282 97.6814 6595
v -3282 98.5769 6593
v -3282 99.2741 6591
v -3282 99.8338 6589
v -3282 100.227 6587
v -3282 100.506 6585
v -3282 101.073 6583
v -3282 101.83 6581
v -3282 101.142 6579
v -3282 101.168 6577
v -3282 101.353 6575
v -3282 101.971 6573
v -3282 102.237 6571
v -3282 102.256 6569
v -3282 102.28 6567
v -3282 102.309 6565
v -3282 102.341 6563
v -3282 102.178 6561
v -3282 101.75 6559
v -3282 101.079 6557
v -3282 100.155 6555
v -3280 94.878 6617
v -3280 94.2967 6615
v -3280 93.4537 6613
v -3280 92.425 6611
v -3280 91.5635 6609
v -3280 92.2765 6607
v -3280 94.0884 6605
v -3280 95.6328 6603
v -3280 96.9173 6601
v -3280 98.4814 6599
v -3280 98.2252 6597
v -3280 98.8255 6595
v -3280 99.4312 6593
v -3280 99.0522 6591
v -3280 99.8979 6589
v -3280 100.257 6587
v -3280 100.118 6585
v -3280 100.576 6583
v -3280 100.953 6581
v -3280 101.497 6579
v -3280 101.167 6577
v -3280 101.354 6575
v -3280 102.041 6573
v -3280 102.274 6571
v -3280 102.294 6569
v -3280 102.318 6567
v -3280 102.346 6565
v -3280 102.344 6563
v -3280 102.015 6561
v -3280 101.409 6559
v -3280 100.668 6557
v -3280 99.4945 6555
v -3278 95.7903 6617
v -3278 94.2741 6615
v -3278 94.1473 6613
v -3278 92.5512 6611
v -3278 93.1095 6609
v -3278 95.5489 6607
v -3278 97.3019 6605
v -3278 98.9797 6603
v -3278 100.297 6601
v -3278 100.593 6599
v -3278 100.616 6597
v -3278 100.563 6595
v -3278 100.718 6593
v -3278 99.7342 6591
v -3278 100.508 6589
v -3278 100.498 6587
v -3278 100.256 6585
v -3278 100.686 6583
v -3278 100.756 6581
v -3278 100.864 6579
v -3278 101.231 6577
v -3278 101.422 6575
v -3278 102.195 6573
v -3278 102.307 6571
v -3278 102.327 6569
v -3278 102.351 6567
v -3278 102.378 6565
v -3278 102.249 6563
v -3278 101.716 6561
v -3278 101.033 6559
v -3278 100.123 6557
v -3278 98.7049 6555
v -3276 97.3915 6617
v -3276 96.3643 6615
v -3276 95.9722 6613
v -3276 95.5443 6611
v -3276 96.6995 6609
v -3276 98.8915 6607
v -3276 100.089 6605
v -3276 100.5 6603
v -3276 100.723 6601
v -3276 100.997 6599
v -3276 101.278 6597
v -3276 101.564 6595
v -3276 101.855 6593
v -3276 101.275 6591
v -3276 101.459 6589
v -3276 100.605 6587
v -3276 100.132 6585
v -3276 100.62 6583
v -3276 101.474 6581
v -3276 101.615 6579
v -3276 101.246 6577
v -3276 101.633 6575
v -3276 102.32 6573
v -3276 102.335 6571
v -3276 102.355 6569
v -3276 102.379 6567
v -3276 102.406 6565
v -3276 102.058 6563
v -3276 101.38 6561
v -3276 100.678 6559
v -3276 99.608 6557
v -3276 98.2481 6555
v -3274 98.9115 6617
v -3274 98.3211 6615
v -3274 97.6478 6613
v -3274 98.3504 6611
v -3274 99.1594 6609
v -3274 100.642 6607
v -3274 100.65 6605
v -3274 100.754 6603
v -3274 100.959 6601
v -3274 100.644 6599
v -3274 101.024 6597
v -3274 101.42 6595
v -3274 102.111 6593
v -3274 102.41 6591
v -3274 102.399 6589
v -3274 101.832 6587
v -3274 101.837 6585
v -3274 100.911 6583
v -3274 101.289 6581
v -3274 101.695 6579
v -3274 101.424 6577
v -3274 102.006 6575
v -3274 102.343 6573
v -3274 102.36 6571
v -3274 102.38 6569
v -3274 102.403 6567
v -3274 102.366 6565
v -3274 101.788 6563
v -3274 101.271 6561
v -3274 100.407 6559
v -3274 99.3085 6557
v -3274 98.1183 6555
v -3272 100.815 6617
v -3272 100.022 6615
v -3272 99.9579 6613
v -3272 100.503 6611
v -3272 100.928 6609
v -3272 100.942 6607
v -3272 100.932 6605
v -3272 100.579 6603
v -3272 101.099 6601
v -3272 101.48 6599
v -3272 101.741 6597
v -3272 101.22 6595
v -3272 101.988 6593
v -3272 102.433 6591
v -3272 102.401 6589
v -3272 102.376 6587
v -3272 102.295 6585
v -3272 101.77 6583
v -3272 102.261 6581
v -3272 102.158 6579
v -3272 101.569 6577
v -3272 102.35 6575
v -3272 102.363 6573
v -3272 102.38 6571
v -3272 102.401 6569
v -3272 102.424 6567
v -3272 102.28 6565
v -3272 101.571 6563
v -3272 101.198 6561
v -3272 100.06 6559
v -3272 98.7407 6557
v -3272 97.5511 6555
v -3270 102.358 6617
v -3270 101.504 6615
v -3270 101.454 6613
v -3270 101.548 6611
v -3270 101.375 6609
v -3270 101.252 6607
v -3270 100.662 6605
v -3270 101.293 6603
v -3270 101.462 6601
v -3270 101.728 6599
v -3270 102.028 6597
v -3270 102.156 6595
v -3270 101.693 6593
v -3270 102.427 6591
v -3270 102.399 6589
v -3270 102.378 6587
v -3270 102.363 6585
v -3270 102.353 6583
v -3270 102.349 6581
v -3270 101.975 6579
v -3270 102.113 6577
v -3270 102.366 6575
v -3270 102.38 6573
v -3270 102.398 6571
v -3270 102.418 6569
v -3270 102.441 6567
v -3270 102.221 6565
v -3270 101.573 6563
v -3270 101.046 6561
v -3270 99.582 6559
v -3270 97.6745 6557
v -3270 96.3174 6555
v -3268 103.108 6617
v -3268 102.691 6615
v -3268 102.07 6613
v -3268 101.944 6611
v -3268 101.71 6609
v -3268 100.899 6607
v -3268 101.488 6605
v -3268 101.577 6603
v -3268 101.728 6601
v -3268 101.979 6599
v -3268 102.286 6597
v -3268 102.477 6595
v -3268 101.771 6593
v -3268 102.418 6591
v -3268 102.394 6589
v -3268 102.376 6587
v -3268 102.365 6585
v -3268 102.358 6583
v -3268 102.357 6581
v -3268 101.683 6579
v -3268 102.368 6577
v -3268 102.379 6575
v -3268 102.596 6573
v -3268 102.544 6571
v -3268 102.433 6569
v -3268 102.456 6567
v -3268 102.195 6565
v -3268 101.68 6563
v -3268 100.994 6561
v -3268 98.8895 6559
v -3268 96.5149 6557
v -3268 96.0172 6555
v -3266 103.188 6617
v -3266 102.664 6615
v -3266 102.245 6613
v -3266 101.902 6611
v -3266 101.66 6609
v -3266 101.85 6607
v -3266 101.833 6605
v -3266 101.869 6603
v -3266 102.038 6601
v -3266 102.237 6599
v -3266 102.504 6597
v -3266 102.255 6595
v -3266 101.79 6593
v -3266 102.406 6591
v -3266 102.386 6589
v -3266 102.372 6587
v -3266 102.364 6585
v -3266 102.36 6583
v -3266 102.361 6581
v -3266 101.955 6579
v -3266 102.376 6577
v -3266 102.697 6575
v -3266 102.972 6573
v -3266 102.873 6571
v -3266 102.561 6569
v -3266 102.469 6567
v -3266 102.179 6565
v -3266 101.802 6563
v -3266 100.874 6561
v -3266 98.8393 6559
v -3266 96.5294 6557
v -3266 96.8015 6555
v -3264 104.042 6617
v -3264 103.481 6615
v -3264 102.955 6613
v -3264 102.618 6611
v -3264 102.403 6609
v -3264 102.228 6607
v -3264 102.149 6605
v -3264 102.168 6603
v -3264 102.286 6601
v -3264 102.503 6599
v -3264 102.473 6597
v -3264 101.815 6595
v -3264 102.412 6593
v -3264 102.39 6591
v -3264 102.375 6589
v -3264 102.365 6587
v -3264 102.36 6585
v -3264 102.36 6583
v -3264 102.364 6581
v -3264 102.155 6579
v -3264 102.383 6577
v -3264 103.195 6575
v -3264 103.362 6573
v -3264 103.245 6571
v -3264 102.823 6569
v -3264 102.479 6567
v -3264 102.123 6565
v -3264 101.85 6563
v -3264 100.578 6561
v -3264 98.9115 6559
v -3264 98.154 6557
v -3264 97.5686 6555
v -3262 104.476 6617
v -3262 103.906 6615
v -3262 103.429 6613
v -3262 103.047 6611
v -3262 102.76 6609
v -3262 102.568 6607
v -3262 102.472 6605
v -3262 102.474 6603
v -3262 102.575 6601
v -3262 102.512 6599
v -3262 102.134 6597
v -3262 102.343 6595
v -3262 102.389 6593
v -3262 102.373 6591
v -3262 101.6 6589
v -3262 101.775 6587
v -3262 102.155 6585
v -3262 102.357 6583
v -3262 102.364 6581
v -3262 102.156 6579
v -3262 102.388 6577
v -3262 103.457 6575
v -3262 103.838 6573
v -3262 103.743 6571
v -3262 102.97 6569
v -3262 102.488 6567
v -3262 102.052 6565
v -3262 101.788 6563
v -3262 100.238 6561
v -3262 98.5909 6559
v -3262 98.6229 6557
v -3262 96.8764 6555
v -3260 104.919 6617
v -3260 104.328 6615
v -3260 103.831 6613
v -3260 103.43 6611
v -3260 103.124 6609
v -3260 102.914 6607
v -3260 102.8 6605
v -3260 102.785 6603
v -3260 102.684 6601
v -3260 102.471 6599
v -3260 102.075 6597
v -3260 102.381 6595
v -3260 102.364 6593
v -3260 102.353 6591
v -3260 101.594 6589
v -3260 101.494 6587
v -3260 101.668 6585
v -3260 102.353 6583
v -3260 102.363 6581
v -3260 101.889 6579
v -3260 102.392 6577
v -3260 103.643 6575
v -3260 104.058 6573
v -3260 103.869 6571
v -3260 102.836 6569
v -3260 102.495 6567
v -3260 102.112 6565
v -3260 101.505 6563
v -3260 99.8664 6561
v -3260 98.5623 6559
v -3260 97.703 6557
v -3260 95.6747 6555
v -3258 105.373 6617
v -3258 104.76 6615
v -3258 104.242 6613
v -3258 103.82 6611
v -3258 103.494 6609
v -3258 103.265 6607
v -3258 103.134 6605
v -3258 103.001 6603
v -3258 102.693 6601
v -3258 102.04 6599
v -3258 102.377 6597
v -3258 102.349 6595
v -3258 102.338 6593
v -3258 101.771 6591
v -3258 100.598 6589
v -3258 101.057 6587
v -3258 101.258 6585
v -3258 102.245 6583
v -3258 102.361 6581
v -3258 101.614 6579
v -3258 102.394 6577
v -3258 103.269 6575
v -3258 103.798 6573
v -3258 103.566 6571
v -3258 102.527 6569
v -3258 102.502 6567
v -3258 102.129 6565
v -3258 101.269 6563
v -3258 99.162 6561
v -3258 98.3415 6559
v -3258 96.653 6557
v -3258 94.3587 6555
v -3256 105.838 6617
v -3256 105.201 6615
v -3256 104.66 6613
v -3256 104.216 6611
v -3256 103.87 6609
v -3256 103.621 6607
v -3256 103.466 6605
v -3256 103.037 6603
v -3256 102.688 6601
v -3256 102.133 6599
v -3256 102.353 6597
v -3256 101.98 6595
v -3256 101.318 6593
v -3256 101.073 6591
v -3256 100.033 6589
v -3256 100.657 6587
v -3256 99.7995 6585
v -3256 100.996 6583
v -3256 102.358 6581
v -3256 102.376 6579
v -3256 102.396 6577
v -3256 102.615 6575
v -3256 103.394 6573
v -3256 102.769 6571
v -3256 102.485 6569
v -3256 102.223 6567
v -3256 102.318 6565
v -3256 100.621 6563
v -3256 98.0725 6561
v -3256 97.3127 6559
v -3256 95.4375 6557
v -3256 93.6665 6555
v -3254 106.304 6617
v -3254 105.648 6615
v -3254 105.084 6613
v -3254 104.618 6611
v -3254 104.25 6609
v -3254 103.98 6607
v -3254 103.53 6605
v -3254 103.08 6603
v -3254 102.731 6601
v -3254 102.149 6599
v -3254 102.336 6597
v -3254 102.281 6595
v -3254 100.138 6593
v -3254 99.5257 6591
v -3254 99.0671 6589
v -3254 99.5951 6587
v -3254 99.793 6585
v -3254 101.341 6583
v -3254 102.194 6581
v -3254 102.375 6579
v -3254 102.013 6577
v -3254 102.42 6575
v -3254 102.443 6573
v -3254 102.467 6571
v -3254 102.49 6569
v -3254 102.099 6567
v -3254 101.701 6565
v -3254 99.6884 6563
v -3254 97.5842 6561
v -3254 96.3201 6559
v -3254 94.3211 6557
v -3254 93.6645 6555
v -3252 106.533 6617
v -3252 105.997 6615
v -3252 105.511 6613
v -3252 105.022 6611
v -3252 104.632 6609
v -3252 104.394 6607
v -3252 104.082 6605
v -3252 103.13 6603
v -3252 102.761 6601
v -3252 102.087 6599
v -3252 102.326 6597
v -3252 101.639 6595
v -3252 100.492 6593
v -3252 98.8111 6591
v -3252 98.8104 6589
v -3252 98.8257 6587
v -3252 99.7437 6585
v -3252 99.9286 6583
v -3252 101.525 6581
v -3252 102.374 6579
v -3252 102.289 6577
v -3252 102.423 6575
v -3252 102.448 6573
v -3252 102.472 6571
v -3252 102.197 6569
v -3252 102.283 6567
v -3252 101.092 6565
v -3252 98.7802 6563
v -3252 97.7671 6561
v -3252 95.9536 6559
v -3252 93.6368 6557
v -3252 92.5966 6555
v -3250 106.821 6617
v -3250 106.36 6615
v -3250 105.939 6613
v -3250 105.426 6611
v -3250 105.216 6609
v -3250 105.77 6607
v -3250 105.72 6605
v -3250 104.767 6603
v -3250 103.38 6601
v -3250 102.514 6599
v -3250 101.981 6597
v -3250 102.228 6595
v -3250 100.511 6593
v -3250 100.041 6591
v -3250 99.4175 6589
v -3250 99.3304 6587
v -3250 99.4553 6585
v -3250 99.7166 6583
v -3250 101.827 6581
v -3250 102.298 6579
v -3250 102.399 6577
v -3250 101.911 6575
v -3250 102.323 6573
v -3250 102.222 6571
v -3250 102.231 6569
v -3250 102.304 6567
v -3250 100.736 6565
v -3250 98.1951 6563
v -3250 97.916 6561
v -3250 95.1077 6559
v -3250 93.6441 6557
v -3250 91.1512 6555
v -3248 107.208 6617
v -3248 106.607 6615
v -3248 106.343 6613
v -3248 105.825 6611
v -3248 105.917 6609
v -3248 106.486 6607
v -3248 106.25 6605
v -3248 105.28 6603
v -3248 103.945 6601
v -3248 102.696 6599
v -3248 102.15 6597
v -3248 102.214 6595
v -3248 102.115 6593
v -3248 100.517 6591
v -3248 99.8709 6589
v -3248 100.19 6587
v -3248 100.049 6585
v -3248 100.528 6583
v -3248 100.32 6581
v -3248 102.373 6579
v -3248 102.402 6577
v -3248 102.081 6575
v -3248 101.9 6573
v -3248 102.158 6571
v -3248 102.509 6569
v -3248 101.989 6567
v -3248 100.342 6565
v -3248 98.4805 6563
v -3248 97.1721 6561
v -3248 93.9696 6559
v -3248 93.101 6557
v -3248 89.6136 6555
v -3246 107.664 6617
v -3246 106.774 6615
v -3246 106.555 6613
v -3246 106.06 6611
v -3246 105.666 6609
v -3246 106.734 6607
v -3246 105.903 6605
v -3246 104.757 6603
v -3246 103.626 6601
v -3246 102.941 6599
v -3246 102.344 6597
v -3246 102.202 6595
v -3246 102.166 6593
v -3246 101.169 6591
v -3246 101.064 6589
v -3246 100.68 6587
v -3246 100.836 6585
v -3246 101.108 6583
v -3246 101.504 6581
v -3246 102.373 6579
v -3246 102.404 6577
v -3246 102.043 6575
v -3246 101.779 6573
v -3246 102.492 6571
v -3246 102.517 6569
v -3246 101.29 6567
v -3246 99.6722 6565
v -3246 98.5945 6563
v -3246 96.2237 6561
v -3246 93.6373 6559
v -3246 91.5812 6557
v -3246 87.8224 6555
v -3244 108.207 6617
v -3244 107.395 6615
v -3244 106.543 6613
v -3244 106.212 6611
v -3244 105.365 6609
v -3244 105.712 6607
v -3244 105.899 6605
v -3244 104.677 6603
v -3244 103.682 6601
v -3244 103.053 6599
v -3244 102.366 6597
v -3244 101.556 6595
v -3244 102.148 6593
v -3244 101.586 6591
v -3244 102.019 6589
v -3244 102.102 6587
v -3244 101.542 6585
v -3244 102.305 6583
v -3244 102.34 6581
v -3244 102.375 6579
v -3244 102.409 6577
v -3244 101.643 6575
v -3244 101.75 6573
v -3244 102.5 6571
v -3244 102.527 6569
v -3244 100.897 6567
v -3244 98.5439 6565
v -3244 97.889 6563
v -3244 94.7828 6561
v -3244 93.4579 6559
v -3244 89.7213 6557
v -3244 86.975 6555
v -3242 108.511 6617
v -3242 107.709 6615
v -3242 106.774 6613
v -3242 105.952 6611
v -3242 105.511 6609
v -3242 104.741 6607
v -3242 104.898 6605
v -3242 104.592 6603
v -3242 104.173 6601
v -3242 103.18 6599
v -3242 102.398 6597
v -3242 101.521 6595
v -3242 102.14 6593
v -3242 102.148 6591
v -3242 102.161 6589
v -3242 102.224 6587
v -3242 102.263 6585
v -3242 102.303 6583
v -3242 102.341 6581
v -3242 102.379 6579
v -3242 101.839 6577
v -3242 101.878 6575
v -3242 101.847 6573
v -3242 102.511 6571
v -3242 101.855 6569
v -3242 99.4758 6567
v -3242 98.551 6565
v -3242 96.6208 6563
v -3242 93.6444 6561
v -3242 91.896 6559
v -3242 87.3041 6557
v -3242 85.3622 6555
v -3240 108.903 6617
v -3240 108.043 6615
v -3240 106.966 6613
v -3240 105.941 6611
v -3240 105.427 6609
v -3240 104.881 6607
v -3240 104.229 6605
v -3240 104.157 6603
v -3240 103.766 6601
v -3240 102.733 6599
v -3240 102.441 6597
v -3240 101.386 6595
v -3240 102.142 6593
v -3240 102.131 6591
v -3240 102.173 6589
v -3240 102.216 6587
v -3240 102.259 6585
v -3240 102.302 6583
v -3240 102.344 6581
v -3240 101.979 6579
v -3240 101.698 6577
v -3240 101.919 6575
v -3240 102.093 6573
v -3240 102.523 6571
v -3240 100.666 6569
v -3240 98.4068 6567
v -3240 98.2646 6565
v -3240 95.2632 6563
v -3240 93.6638 6561
v -3240 89.8555 6559
v -3240 86.777 6557
v -3240 82.3304 6555
v -3238 109.299 6617
v -3238 108.278 6615
v -3238 107.227 6613
v -3238 106.08 6611
v -3238 105.091 6609
v -3238 105.036 6607
v -3238 104.323 6605
v -3238 103.712 6603
v -3238 103.205 6601
v -3238 102.802 6599
v -3238 102.494 6597
v -3238 101.354 6595
v -3238 102.154 6593
v -3238 102.121 6591
v -3238 102.162 6589
v -3238 102.21 6587
v -3238 102.257 6585
v -3238 102.303 6583
v -3238 102.1 6581
v -3238 101.522 6579
v -3238 101.689 6577
v -3238 101.664 6575
v -3238 102.505 6573
v -3238 101.296 6571
v -3238 99.2902 6569
v -3238 98.0316 6567
v -3238 96.8379 6565
v -3238 93.6607 6563
v -3238 91.9783 6561
v -3238 87.1638 6559
v -3238 84.5728 6557
v -3238 79.9455 6555
v -3236 109.71 6617
v -3236 108.517 6615
v -3236 107.414 6613
v -3236 106.397 6611
v -3236 105.289 6609
v -3236 104.785 6607
v -3236 104.472 6605
v -3236 103.84 6603
v -3236 103.312 6601
v -3236 102.889 6599
v -3236 102.513 6597
v -3236 101.417 6595
v -3236 101.605 6593
v -3236 102.123 6591
v -3236 102.154 6589
v -3236 102.206 6587
v -3236 102.257 6585
v -3236 101.988 6583
v -3236 101.657 6581
v -3236 101.428 6579
v -3236 101.63 6577
v -3236 102.27 6575
v -3236 102.387 6573
v -3236 99.3356 6571
v -3236 96.8469 6569
v -3236 96.9261 6567
v -3236 94.9922 6565
v -3236 93.5296 6563
v -3236 89.8366 6561
v -3236 86.115 6559
v -3236 80.705 6557
v -3236 78.7205 6555
v -3234 110.152 6617
v -3234 108.867 6615
v -3234 107.725 6613
v -3234 106.719 6611
v -3234 105.661 6609
v -3234 104.907 6607
v -3234 104.568 6605
v -3234 103.983 6603
v -3234 103.433 6601
v -3234 102.988 6599
v -3234 102.539 6597
v -3234 101.689 6595
v -3234 101.488 6593
v -3234 101.908 6591
v -3234 101.839 6589
v -3234 102.002 6587
v -3234 101.867 6585
v -3234 101.664 6583
v -3234 101.716 6581
v -3234 101.748 6579
v -3234 102.46 6577
v -3234 102.502 6575
v -3234 100.765 6573
v -3234 96.8019 6571
v -3234 94.5486 6569
v -3234 94.6644 6567
v -3234 93.1467 6565
v -3234 91.8311 6563
v -3234 86.6543 6561
v -3234 84.0925 6559
v -3234 79.6316 6557
v -3234 78.8764 6555
v -3232 110.696 6617
v -3232 109.345 6615
v -3232 108.093 6613
v -3232 106.978 6611
v -3232 106.015 6609
v -3232 105.24 6607
v -3232 104.703 6605
v -3232 104.142 6603
v -3232 103.569 6601
v -3232 103.102 6599
v -3232 102.724 6597
v -3232 102.046 6595
v -3232 101.488 6593
v -3232 101.255 6591
v -3232 101.322 6589
v -3232 101.414 6587
v -3232 101.439 6585
v -3232 101.677 6583
v -3232 102.245 6581
v -3232 102.43 6579
v -3232 102.478 6577
v -3232 100.909 6575
v -3232 97.5804 6573
v -3232 93.7746 6571
v -3232 93.4335 6569
v -3232 92.8606 6567
v -3232 92.776 6565
v -3232 89.2419 6563
v -3232 86.8158 6561
v -3232 81.6844 6559
v -3232 79.827 6557
v -3232 77.7843 6555
v -3230 111.204 6617
v -3230 109.843 6615
v -3230 108.584 6613
v -3230 107.443 6611
v -3230 106.452 6609
v -3230 105.639 6607
v -3230 105.019 6605
v -3230 104.317 6603
v -3230 103.721 6601
v -3230 103.231 6599
v -3230 102.835 6597
v -3230 102.488 6595
v -3230 101.975 6593
v -3230 101.616 6591
v -3230 101.344 6589
v -3230 101.411 6587
v -3230 101.608 6585
v -3230 102.061 6583
v -3230 102.396 6581
v -3230 101.404 6579
v -3230 100.602 6577
v -3230 98.1048 6575
v -3230 94.3458 6573
v -3230 93.0611 6571
v -3230 92.0901 6569
v -3230 91.9826 6567
v -3230 90.9822 6565
v -3230 86.4852 6563
v -3230 83.2725 6561
v -3230 79.7996 6559
v -3230 78.7949 6557
v -3230 75.7784 6555
v -3228 111.618 6617
v -3228 110.268 6615
v -3228 109.01 6613
v -3228 107.874 6611
v -3228 106.889 6609
v -3228 106.059 6607
v -3228 105.235 6605
v -3228 104.509 6603
v -3228 103.889 6601
v -3228 103.375 6599
v -3228 102.956 6597
v -3228 102.628 6595
v -3228 102.392 6593
v -3228 101.873 6591
v -3228 101.379 6589
v -3228 101.872 6587
v -3228 102.036 6585
v -3228 101.826 6583
v -3228 100.772 6581
v -3228 99.7726 6579
v -3228 97.3266 6577
v -3228 94.5993 6575
v -3228 93.382 6573
v -3228 91.8323 6571
v -3228 91.4513 6569
v -3228 91.3495 6567
v -3228 86.0931 6565
v -3228 84.0165 6563
v -3228 79.8049 6561
v -3228 78.9022 6559
v -3228 76.3613 6557
v -3228 75.1887 6555
v -3226 111.962 6617
v -3226 110.63 6615
v -3226 109.398 6613
v -3226 108.265 6611
v -3226 107.228 6609
v -3226 106.289 6607
v -3226 105.45 6605
v -3226 104.712 6603
v -3226 104.073 6601
v -3226 103.535 6599
v -3226 103.092 6597
v -3226 102.74 6595
v -3226 102.48 6593
v -3226 101.964 6591
v -3226 101.685 6589
v -3226 102.243 6587
v -3226 101.889 6585
v -3226 100.335 6583
v -3226 98.4308 6581
v -3226 96.8279 6579
v -3226 94.1087 6577
v -3226 93.4258 6575
v -3226 91.7632 6573
v -3226 91.1692 6571
v -3226 91.2626 6569
v -3226 87.0339 6567
v -3226 85.6934 6565
v -3226 80.3101 6563
v -3226 78.9351 6561
v -3226 76.6133 6559
v -3226 75.2598 6557
v -3226 72.9704 6555
v -3224 112.312 6617
v -3224 110.961 6615
v -3224 109.708 6613
v -3224 108.553 6611
v -3224 107.496 6609
v -3224 106.537 6607
v -3224 105.678 6605
v -3224 104.919 6603
v -3224 104.358 6601
v -3224 103.832 6599
v -3224 103.243 6597
v -3224 102.866 6595
v -3224 102.582 6593
v -3224 101.909 6591
v -3224 102.203 6589
v -3224 102.272 6587
v -3224 101.266 6585
v -3224 97.9972 6583
v -3224 93.5309 6581
v -3224 93.1037 6579
v -3224 93.0008 6577
v -3224 91.9307 6575
v -3224 91.1728 6573
v -3224 91.0896 6571
v -3224 87.7833 6569
v -3224 85.4783 6567
v -3224 81.0524 6565
v -3224 79.5018 6563
v -3224 77.264 6561
v -3224 75.331 6559
v -3224 73.4465 6557
v -3224 70.6226 6555
v -3222 112.683 6617
v -3222 111.31 6615
v -3222 110.036 6613
v -3222 108.859 6611
v -3222 107.781 6609
v -3222 106.801 6607
v -3222 105.921 6605
v -3222 105.141 6603
v -3222 104.74 6601
v -3222 104.368 6599
v -3222 103.598 6597
v -3222 103.006 6595
v -3222 102.698 6593
v -3222 101.722 6591
v -3222 102.352 6589
v -3222 101.349 6587
v -3222 97.6145 6585
v -3222 92.8809 6583
v -3222 91.3523 6581
v -3222 91.714 6579
v -3222 91.4911 6577
v -3222 91.1697 6575
v -3222 91.0819 6573
v -3222 87.664 6571
v -3222 84.2886 6569
v -3222 79.6128 6567
v -3222 78.9193 6565
v -3222 77.5487 6563
v -3222 75.4007 6561
v -3222 73.7532 6559
v -3222 70.9943 6557
v -3222 68.1968 6555
v -3220 113.062 6617
v -3220 111.669 6615
v -3220 110.374 6613
v -3220 109.177 6611
v -3220 108.077 6609
v -3220 107.077 6607
v -3220 106.176 6605
v -3220 105.375 6603
v -3220 104.803 6601
v -3220 104.475 6599
v -3220 103.729 6597
v -3220 103.156 6595
v -3220 102.826 6593
v -3220 101.96 6591
v -3220 102.391 6589
v -3220 99.338 6587
v -3220 94.5018 6585
v -3220 91.1445 6583
v -3220 91.4075 6581
v -3220 91.3617 6579
v -3220 91.2111 6577
v -3220 91.1333 6575
v -3220 87.9791 6573
v -3220 84.1779 6571
v -3220 79.1356 6569
v -3220 78.2427 6567
v -3220 77.5984 6565
v -3220 75.6002 6563
v -3220 74.3029 6561
v -3220 71.0927 6559
v -3220 68.5392 6557
v -3220 66.5161 6555
f 296 226 237
f 237 226 225
f 231 226 296
f 224 226 231
f 225 226 224
f 242 225 223
f 225 224 223
f 237 225 244
f 242 243 225
f 244 225 243
f 232 233 224
f 232 224 231
f 224 233 223
f 237 229 296
f 227 296 229
f 231 296 227
f 223 246 248
f 223 234 246
f 249 223 248
f 223 249 242
f 223 233 234
f 228 229 230
f 229 228 227
f 230 229 237
f 237 222 230
f 238 236 237
f 237 245 238
f 237 216 220
f 222 237 220
f 237 236 216
f 245 237 244
f 260 243 242
f 243 260 244
f 230 222 221
f 230 221 228
f 234 233 232
f 242 249 260
f 244 258 245
f 260 258 244
f 256 236 238
f 238 258 256
f 238 245 258
f 236 256 239
f 239 216 236
f 215 216 239
f 217 216 215
f 220 216 218
f 217 218 216
f 246 234 235
f 6 235 234
f 234 232 6
f 221 222 220
f 256 258 262
f 262 258 259
f 260 259 258
f 260 249 268
f 268 249 248
f 221 220 219
f 218 219 220
f 256 263 257
f 256 255 254
f 257 255 256
f 256 254 250
f 256 250 239
f 263 256 262
f 240 215 239
f 239 250 240
f 219 218 217
f 29 247 246
f 246 235 8
f 248 246 247
f 29 246 27
f 246 8 27
f 268 248 44
f 247 44 248
f 479 465 478
f 479 464 465
f 466 465 464
f 465 474 478
f 467 465 466
f 467 474 465
f 268 267 260
f 260 266 261
f 261 259 260
f 266 260 267
f 466 473 467
f 472 466 471
f 472 473 466
f 466 464 471
f 8 235 6
f 467 469 470
f 470 474 467
f 467 473 469
f 471 464 479
f 459 474 458
f 458 474 470
f 459 475 474
f 478 474 475
f 44 247 29
f 264 259 261
f 259 264 262
f 251 240 250
f 241 240 251
f 215 240 241
f 475 485 478
f 485 483 478
f 478 483 479
f 470 463 458
f 470 469 468
f 470 468 463
f 264 263 262
f 479 483 491
f 479 491 471
f 476 475 459
f 476 487 475
f 475 487 485
f 139 153 152
f 152 142 283
f 152 283 139
f 143 142 152
f 44 269 268
f 268 269 267
f 261 265 264
f 261 266 265
f 139 154 153
f 153 154 284
f 460 459 458
f 459 461 476
f 460 461 459
f 257 263 300
f 300 263 264
f 250 254 252
f 252 251 250
f 485 487 486
f 486 484 485
f 485 484 483
f 299 255 257
f 299 257 298
f 257 300 298
f 463 462 458
f 458 462 460
f 482 487 476
f 486 487 482
f 477 481 476
f 476 461 477
f 476 481 482
f 265 266 267
f 491 483 490
f 490 483 484
f 284 154 155
f 155 286 284
f 6 7 8
f 8 7 27
f 7 6 5
f 2 5 6
f 141 142 143
f 265 267 64
f 269 64 267
f 471 328 472
f 46 269 44
f 64 269 46
f 27 28 29
f 29 28 43
f 29 43 44
f 254 299 297
f 297 252 254
f 254 255 299
f 491 355 471
f 471 355 343
f 343 344 471
f 471 344 327
f 327 328 471
f 44 45 46
f 45 44 43
f 28 27 26
f 23 26 27
f 27 7 23
f 253 252 297
f 251 252 253
f 517 486 482
f 486 517 518
f 518 488 486
f 486 488 484
f 62 82 273
f 82 66 273
f 65 66 82
f 82 83 84
f 83 82 81
f 82 80 81
f 60 80 82
f 82 62 60
f 490 355 491
f 490 484 489
f 489 484 488
f 83 103 84
f 41 65 64
f 41 66 65
f 139 155 154
f 323 328 327
f 344 323 327
f 46 45 64
f 324 328 323
f 142 141 116
f 141 122 281
f 123 122 141
f 281 116 141
f 482 481 480
f 480 517 482
f 355 490 354
f 490 368 354
f 489 368 490
f 103 97 99
f 97 103 102
f 103 83 101
f 103 101 102
f 343 355 356
f 343 356 341
f 341 344 343
f 356 355 352
f 352 355 354
f 116 283 142
f 342 344 341
f 323 344 342
f 23 7 5
f 367 376 366
f 366 376 382
f 382 376 377
f 377 376 375
f 121 122 123
f 99 97 98
f 499 377 375
f 271 41 64
f 64 45 271
f 26 43 28
f 137 155 139
f 139 283 140
f 139 138 137
f 139 140 138
f 407 421 420
f 409 421 407
f 409 411 421
f 420 507 419
f 407 420 419
f 98 97 96
f 122 121 120
f 81 101 83
f 3 2 1
f 3 4 2
f 2 4 5
f 117 140 283
f 117 283 116
f 155 156 286
f 286 156 157
f 286 157 285
f 353 368 367
f 353 367 366
f 137 156 155
f 354 368 352
f 505 410 391
f 411 393 410
f 391 410 393
f 419 507 508
f 412 411 409
f 412 393 411
f 23 5 11
f 4 11 5
f 500 499 501
f 500 498 499
f 499 379 377
f 499 498 379
f 43 271 45
f 48 43 26
f 48 271 43
f 23 24 26
f 11 24 23
f 39 66 41
f 66 39 273
f 24 48 26
f 80 87 81
f 87 101 81
f 352 368 353
f 409 407 408
f 408 407 406
f 419 406 407
f 138 140 117
f 118 117 116
f 281 118 116
f 325 326 324
f 325 324 323
f 87 100 101
f 102 101 100
f 79 60 61
f 62 61 60
f 79 80 60
f 508 422 419
f 508 509 422
f 39 63 273
f 273 63 62
f 422 406 419
f 157 156 137
f 120 281 122
f 11 4 3
f 96 97 276
f 276 97 102
f 342 331 323
f 323 331 325
f 412 409 393
f 393 409 394
f 408 394 409
f 356 357 341
f 352 357 356
f 341 331 342
f 25 24 11
f 48 24 25
f 87 80 79
f 48 42 271
f 271 42 41
f 124 118 281
f 124 281 120
f 331 341 340
f 341 357 340
f 109 102 100
f 276 102 109
f 61 62 63
f 380 377 379
f 381 366 382
f 381 382 377
f 381 377 380
f 41 42 40
f 41 40 39
f 366 351 353
f 370 366 381
f 492 366 370
f 492 351 366
f 109 100 87
f 117 118 119
f 119 118 124
f 350 357 352
f 352 351 350
f 353 351 352
f 393 392 391
f 392 395 391
f 40 42 48
f 393 394 392
f 157 305 285
f 285 305 311
f 3 10 11
f 11 10 9
f 9 25 11
f 14 3 1
f 1 13 14
f 305 322 311
f 304 157 137
f 304 305 157
f 117 145 138
f 145 309 138
f 309 137 138
f 14 10 3
f 322 305 316
f 309 304 137
f 79 86 87
f 61 86 79
f 25 30 48
f 48 30 31
f 48 31 47
f 49 48 47
f 48 49 40
f 108 87 107
f 87 108 109
f 87 106 107
f 85 106 87
f 87 86 85
f 145 117 144
f 127 128 117
f 117 128 144
f 119 126 117
f 117 126 127
f 9 30 25
f 330 331 340
f 325 331 330
f 329 326 325
f 332 326 329
f 125 119 124
f 109 278 276
f 71 72 63
f 63 72 61
f 71 63 39
f 315 316 305
f 315 305 304
f 308 309 145
f 308 320 309
f 320 304 309
f 109 108 278
f 125 126 119
f 325 330 329
f 320 315 304
f 319 320 308
f 414 394 408
f 61 72 274
f 68 61 274
f 86 61 88
f 61 68 70
f 61 89 88
f 70 89 61
f 380 379 378
f 378 379 387
f 379 498 387
f 40 49 39
f 392 394 396
f 396 394 398
f 398 394 413
f 394 414 413
f 39 51 71
f 51 39 50
f 39 49 50
f 330 340 345
f 340 357 345
f 345 357 358
f 350 358 357
f 369 381 380
f 370 381 369
f 359 358 350
f 350 351 359
f 359 351 492
f 397 395 396
f 387 498 497
f 396 395 392
f 307 308 145
f 307 145 144
f 318 308 307
f 318 319 308
f 125 127 126
f 14 9 10
f 107 278 108
f 77 72 71
f 72 77 274
f 396 399 397
f 399 396 398
f 88 85 86
f 9 31 30
f 50 49 47
f 277 278 107
f 129 127 125
f 33 31 9
f 33 9 14
f 497 502 387
f 345 346 330
f 330 346 329
f 106 277 107
f 77 68 274
f 129 128 127
f 370 372 492
f 371 370 369
f 371 372 370
f 387 388 378
f 388 387 386
f 387 502 386
f 14 13 12
f 19 12 13
f 12 33 14
f 329 346 337
f 329 337 332
f 332 337 339
f 306 307 144
f 144 128 133
f 306 144 133
f 306 318 307
f 378 388 380
f 104 85 88
f 105 106 85
f 105 85 104
f 359 492 361
f 361 492 372
f 71 51 53
f 71 53 77
f 380 371 369
f 388 371 380
f 317 318 306
f 413 401 398
f 89 104 88
f 359 360 358
f 358 347 345
f 358 360 347
f 47 31 32
f 47 32 34
f 50 47 52
f 33 32 31
f 47 34 52
f 347 346 345
f 361 360 359
f 400 399 398
f 398 401 400
f 52 51 50
f 69 89 70
f 70 68 69
f 69 68 67
f 67 68 77
f 277 106 105
f 133 128 130
f 130 128 129
f 20 12 19
f 33 12 20
f 89 69 90
f 104 89 90
f 34 32 33
f 53 51 52
f 405 399 404
f 399 403 404
f 403 399 400
f 386 502 504
f 129 132 130
f 132 129 136
f 129 135 136
f 277 114 280
f 105 114 277
f 302 306 151
f 151 306 133
f 302 317 306
f 363 372 493
f 361 372 363
f 371 373 372
f 416 401 418
f 313 317 302
f 402 400 401
f 402 401 416
f 403 400 402
f 361 362 360
f 363 362 361
f 388 374 371
f 374 373 371
f 347 360 348
f 348 360 362
f 333 346 335
f 337 346 333
f 347 335 346
f 133 150 151
f 130 132 133
f 133 132 131
f 150 133 149
f 133 131 149
f 104 114 105
f 77 74 67
f 53 55 77
f 77 55 56
f 74 77 75
f 77 76 75
f 78 76 77
f 77 56 78
f 67 74 69
f 348 335 347
f 338 339 337
f 338 337 333
f 52 55 53
f 383 374 388
f 383 388 386
f 312 313 302
f 428 416 418
f 314 310 321
f 310 314 303
f 303 288 310
f 312 302 301
f 301 302 151
f 510 427 511
f 69 74 73
f 73 90 69
f 52 35 36
f 34 35 52
f 52 36 54
f 55 52 54
f 314 312 303
f 303 312 301
f 303 301 165
f 288 303 165
f 423 428 427
f 423 427 510
f 33 270 15
f 35 33 15
f 20 22 33
f 33 22 270
f 33 35 34
f 91 104 90
f 73 91 90
f 165 164 288
f 288 164 287
f 301 151 163
f 151 150 163
f 21 20 19
f 21 22 20
f 115 114 104
f 104 112 115
f 113 112 104
f 104 92 113
f 104 91 94
f 92 104 94
f 416 428 424
f 424 428 423
f 165 301 163
f 163 164 165
f 504 503 386
f 404 506 405
f 389 383 386
f 390 389 386
f 386 503 390
f 158 162 163
f 164 163 162
f 163 150 158
f 506 404 452
f 404 415 452
f 403 415 404
f 280 114 115
f 402 415 403
f 374 384 495
f 383 384 374
f 495 384 496
f 496 494 495
f 494 363 493
f 365 364 363
f 363 364 362
f 363 494 365
f 56 55 54
f 73 74 95
f 95 74 75
f 383 389 385
f 385 384 383
f 136 135 134
f 282 134 135
f 280 115 279
f 362 364 348
f 95 91 73
f 91 95 94
f 136 131 132
f 112 279 115
f 76 95 75
f 348 336 335
f 349 336 348
f 348 364 349
f 416 415 402
f 78 56 57
f 58 57 56
f 56 54 58
f 57 272 78
f 275 78 272
f 275 76 78
f 416 426 417
f 424 426 416
f 417 415 416
f 36 35 15
f 158 150 149
f 335 334 333
f 335 336 334
f 425 426 424
f 425 424 423
f 512 506 451
f 451 506 452
f 94 93 92
f 95 93 94
f 334 440 333
f 333 440 338
f 95 76 275
f 134 146 136
f 146 131 136
f 37 58 54
f 54 36 37
f 279 112 110
f 112 111 110
f 111 112 113
f 270 22 21
f 365 494 457
f 457 494 516
f 423 432 425
f 510 432 423
f 113 93 111
f 113 92 93
f 457 516 456
f 456 516 515
f 287 164 162
f 417 426 443
f 443 426 425
f 59 57 58
f 272 57 59
f 453 513 512
f 453 512 451
f 452 415 451
f 451 415 442
f 442 415 417
f 146 134 202
f 202 134 282
f 417 443 442
f 456 515 514
f 16 37 36
f 36 15 16
f 147 131 146
f 147 148 131
f 149 131 148
f 158 149 160
f 148 160 149
f 443 425 431
f 425 432 431
f 365 449 364
f 457 449 365
f 15 270 17
f 17 16 15
f 160 159 158
f 158 159 162
f 203 202 282
f 291 203 282
f 456 514 455
f 514 513 455
f 455 513 453
f 182 17 270
f 270 21 182
f 448 364 449
f 349 364 448
f 287 162 172
f 159 172 162
f 58 37 38
f 38 37 16
f 291 205 203
f 292 205 291
f 439 336 349
f 160 148 147
f 59 212 272
f 272 212 213
f 214 272 213
f 272 214 295
f 211 293 294
f 294 214 211
f 214 294 295
f 334 336 439
f 451 454 453
f 442 454 451
f 58 212 59
f 18 17 182
f 16 17 18
f 202 201 146
f 203 201 202
f 161 159 160
f 172 159 161
f 457 450 449
f 456 450 457
f 293 209 292
f 293 210 209
f 211 210 293
f 453 454 455
f 438 440 334
f 441 440 438
f 206 205 292
f 209 206 292
f 334 439 438
f 38 199 58
f 58 199 290
f 290 197 58
f 212 58 197
f 455 450 456
f 447 454 444
f 454 447 455
f 444 454 442
f 449 450 446
f 449 446 448
f 205 204 203
f 204 205 206
f 447 450 455
f 180 199 38
f 180 38 16
f 200 201 203
f 200 203 204
f 147 187 160
f 186 161 160
f 160 187 186
f 436 437 441
f 436 441 438
f 446 445 448
f 439 445 438
f 18 181 16
f 16 181 180
f 146 187 147
f 187 146 188
f 146 200 188
f 146 201 200
f 431 435 443
f 443 435 442
f 442 435 444
f 433 437 436
f 444 435 447
f 197 213 212
f 438 445 436
f 211 214 196
f 196 214 213
f 209 208 206
f 206 208 204
f 431 430 429
f 429 435 431
f 181 182 183
f 182 181 18
f 184 183 182
f 196 213 197
f 210 196 209
f 196 210 211
f 161 171 172
f 186 171 161
f 172 171 170
f 170 166 172
f 436 445 433
f 446 450 447
f 429 430 433
f 180 290 199
f 446 434 445
f 433 445 434
f 196 207 209
f 209 207 208
f 447 434 446
f 434 435 429
f 447 435 434
f 188 200 189
f 204 189 200
f 290 198 197
f 197 198 193
f 197 193 196
f 434 429 433
f 191 290 180
f 191 198 290
f 188 186 187
f 204 208 207
f 177 184 176
f 177 185 184
f 184 185 183
f 207 190 204
f 190 189 204
f 181 191 180
f 174 170 186
f 186 170 171
f 174 186 188
f 191 181 183
f 189 174 188
f 178 177 176
f 174 189 190
f 193 198 191
f 168 167 166
f 170 168 166
f 185 191 183
f 174 168 170
f 191 185 177
f 207 195 190
f 196 195 207
f 190 195 174
f 193 192 196
f 196 192 194
f 195 196 194
f 167 179 178
f 178 179 177
f 167 168 169
f 169 289 167
f 289 179 167
f 169 168 174
f 191 192 193
f 191 179 289
f 177 179 191
f 191 289 173
f 192 191 173
f 174 195 194
f 174 194 173
f 175 174 173
f 174 175 169
f 173 194 192
f 173 289 175
f 169 175 289
f 716 735 718
f 735 716 734
f 746 736 735
f 734 746 735
f 736 718 735
f 811 812 801
f 811 801 800
f 784 800 801
f 812 813 801
f 801 813 802
f 802 784 801
f 528 525 527
f 528 526 525
f 526 524 525
f 525 524 523
f 718 736 720
f 720 719 718
f 717 718 719
f 718 717 716
f 523 522 521
f 524 522 523
f 530 528 527
f 530 527 529
f 786 785 784
f 782 800 784
f 784 802 786
f 785 782 784
f 745 757 746
f 746 747 736
f 757 747 746
f 745 746 734
f 812 824 813
f 823 824 812
f 822 823 812
f 822 812 811
f 522 520 521
f 521 520 519
f 532 529 531
f 532 530 529
f 719 720 721
f 768 756 767
f 756 768 757
f 769 757 768
f 783 782 785
f 785 786 787
f 823 833 834
f 835 823 834
f 757 758 747
f 757 769 758
f 756 757 745
f 822 833 823
f 823 835 824
f 526 539 524
f 541 526 528
f 541 540 526
f 540 539 526
f 536 534 535
f 535 534 533
f 534 531 533
f 534 532 531
f 539 522 524
f 530 541 528
f 867 879 868
f 868 850 867
f 848 867 850
f 877 867 866
f 867 848 866
f 877 878 867
f 878 879 867
f 851 848 850
f 850 868 852
f 852 851 850
f 888 889 878
f 889 890 878
f 878 890 879
f 888 878 877
f 539 537 522
f 537 520 522
f 542 541 530
f 532 542 530
f 888 900 889
f 901 889 900
f 849 848 851
f 851 852 853
f 900 888 899
f 889 901 890
f 537 538 520
f 545 534 536
f 534 543 532
f 543 542 532
f 545 544 534
f 544 543 534
f 848 865 866
f 865 877 866
f 846 865 848
f 848 847 846
f 847 848 849
f 876 877 865
f 887 888 877
f 887 877 876
f 782 799 800
f 810 800 799
f 810 811 800
f 888 898 899
f 733 745 734
f 734 714 733
f 714 734 716
f 887 898 888
f 780 799 782
f 782 781 780
f 781 782 783
f 821 811 810
f 821 822 811
f 716 715 714
f 715 716 717
f 744 745 733
f 744 756 745
f 822 832 833
f 786 802 788
f 788 802 803
f 813 803 802
f 821 832 822
f 767 755 766
f 755 767 756
f 789 786 788
f 787 786 789
f 755 756 744
f 879 880 868
f 868 880 869
f 869 852 868
f 813 814 803
f 824 814 813
f 852 869 854
f 854 853 852
f 890 880 879
f 722 736 737
f 720 736 722
f 747 737 736
f 836 824 835
f 824 836 825
f 824 825 814
f 722 721 720
f 891 901 902
f 853 854 855
f 890 901 891
f 890 891 880
f 747 748 737
f 758 748 747
f 638 635 637
f 638 636 635
f 636 633 635
f 721 722 723
f 633 632 631
f 634 632 633
f 636 634 633
f 770 758 769
f 758 759 748
f 758 770 759
f 605 603 604
f 606 605 604
f 604 603 602
f 640 637 639
f 640 638 637
f 602 601 600
f 603 601 602
f 607 605 606
f 609 606 608
f 609 607 606
f 631 630 629
f 632 630 631
f 642 640 639
f 642 639 641
f 617 615 616
f 616 615 614
f 611 608 610
f 611 609 608
f 629 628 627
f 630 628 629
f 607 620 605
f 620 603 605
f 643 642 641
f 638 649 636
f 649 634 636
f 620 618 603
f 618 601 603
f 615 612 614
f 644 642 643
f 622 607 609
f 622 621 607
f 621 620 607
f 613 611 610
f 613 610 612
f 712 733 714
f 733 712 732
f 732 744 733
f 634 647 632
f 648 647 634
f 649 648 634
f 615 613 612
f 713 714 715
f 714 713 712
f 640 650 638
f 650 649 638
f 743 744 732
f 743 755 744
f 809 799 798
f 809 810 799
f 780 798 799
f 875 876 865
f 875 865 864
f 846 864 865
f 618 619 601
f 626 615 617
f 766 754 765
f 754 766 755
f 611 622 609
f 778 798 780
f 781 778 780
f 754 755 743
f 847 844 846
f 844 864 846
f 647 630 632
f 820 810 809
f 820 821 810
f 886 887 876
f 886 876 875
f 651 650 640
f 642 651 640
f 779 778 781
f 821 831 832
f 845 844 847
f 887 897 898
f 820 831 821
f 886 897 887
f 615 624 613
f 626 625 615
f 625 624 615
f 613 623 611
f 623 622 611
f 645 628 630
f 647 645 630
f 624 623 613
f 653 642 644
f 653 652 642
f 652 651 642
f 645 646 628
f 897 884 896
f 884 897 886
f 874 886 875
f 844 842 840
f 842 844 845
f 874 875 863
f 840 864 844
f 863 875 864
f 864 840 863
f 884 886 874
f 567 551 553
f 555 567 553
f 568 567 555
f 567 566 551
f 557 568 555
f 569 568 557
f 566 565 548
f 566 548 551
f 553 551 552
f 555 553 554
f 554 553 552
f 570 569 557
f 565 564 548
f 557 555 556
f 556 555 554
f 551 548 550
f 552 551 550
f 571 570 559
f 570 557 559
f 572 571 563
f 548 564 549
f 559 557 556
f 550 548 546
f 548 549 547
f 548 547 546
f 571 559 561
f 563 571 561
f 561 559 558
f 559 556 558
f 563 560 562
f 563 561 560
f 561 558 560
f 753 743 742
f 742 743 730
f 708 730 712
f 712 710 708
f 753 754 743
f 818 831 820
f 777 778 779
f 778 777 776
f 710 712 713
f 712 730 732
f 730 743 732
f 754 763 765
f 753 763 754
f 778 797 798
f 831 818 829
f 776 797 778
f 818 820 809
f 797 809 798
f 818 809 807
f 807 809 797
f 892 882 881
f 892 893 882
f 892 904 893
f 859 857 858
f 893 904 903
f 881 870 871
f 881 882 870
f 858 857 856
f 857 871 856
f 856 871 870
f 826 838 827
f 826 827 816
f 826 816 815
f 827 838 837
f 792 791 790
f 791 792 793
f 815 816 805
f 815 805 804
f 805 790 804
f 790 805 792
f 706 705 696
f 705 704 694
f 696 705 694
f 707 706 696
f 704 703 692
f 694 704 692
f 707 696 698
f 699 700 682
f 760 771 761
f 760 750 749
f 760 761 750
f 772 771 760
f 726 725 724
f 725 726 727
f 692 703 690
f 577 575 573
f 578 575 577
f 579 578 577
f 580 578 579
f 581 580 579
f 699 682 684
f 701 699 684
f 749 750 739
f 749 739 738
f 724 739 726
f 739 724 738
f 575 574 573
f 701 684 686
f 582 580 581
f 583 582 581
f 593 592 575
f 593 575 578
f 594 593 578
f 575 576 574
f 590 587 589
f 582 594 580
f 594 578 580
f 595 594 582
f 584 595 582
f 596 595 584
f 893 903 894
f 752 753 742
f 894 903 905
f 858 856 861
f 710 709 708
f 752 742 741
f 819 818 808
f 819 830 818
f 818 830 829
f 709 731 708
f 586 583 585
f 586 584 583
f 584 582 583
f 592 591 575
f 590 588 587
f 588 585 587
f 588 586 585
f 893 894 883
f 893 883 882
f 752 764 753
f 753 764 763
f 711 709 710
f 575 591 576
f 599 598 590
f 741 742 730
f 808 818 807
f 775 776 777
f 708 731 730
f 839 827 837
f 827 839 828
f 827 828 816
f 597 596 584
f 882 883 872
f 882 872 870
f 703 702 688
f 703 688 690
f 702 701 688
f 688 701 686
f 885 884 873
f 873 884 874
f 885 896 884
f 843 841 842
f 842 841 840
f 896 885 895
f 793 794 795
f 794 793 792
f 741 730 731
f 861 856 860
f 856 870 860
f 808 807 796
f 796 807 797
f 776 775 774
f 774 797 776
f 873 874 863
f 590 598 588
f 598 586 588
f 598 597 586
f 841 863 840
f 860 870 872
f 597 584 586
f 797 774 796
f 816 828 817
f 816 817 805
f 873 863 862
f 863 841 862
f 792 806 794
f 806 792 805
f 761 762 750
f 761 771 762
f 762 771 773
f 727 726 729
f 805 817 806
f 750 762 751
f 750 751 740
f 750 740 739
f 674 673 656
f 673 672 656
f 740 726 739
f 729 726 728
f 726 740 728
f 694 692 691
f 694 691 693
f 696 694 693
f 680 679 671
f 656 672 657
f 675 674 659
f 674 656 659
f 696 693 695
f 697 696 695
f 698 696 697
f 692 690 689
f 692 689 691
f 684 682 683
f 683 682 681
f 671 679 669
f 679 678 667
f 679 667 669
f 675 659 661
f 676 675 661
f 690 688 687
f 690 687 689
f 678 677 667
f 686 684 685
f 685 684 683
f 676 661 663
f 665 676 663
f 677 676 665
f 667 677 665
f 688 686 687
f 687 686 685
f 895 894 905
f 894 885 883
f 894 895 885
f 841 861 860
f 861 841 843
f 883 885 873
f 883 873 872
f 860 862 841
f 862 860 872
f 872 873 862
f 764 762 773
f 659 656 658
f 658 656 654
f 656 655 654
f 656 657 655
f 671 668 670
f 671 669 668
f 660 659 658
f 661 659 660
f 751 752 741
f 762 764 752
f 762 752 751
f 729 709 711
f 828 830 819
f 828 819 808
f 795 794 775
f 775 794 774
f 830 828 839
f 669 667 668
f 663 661 662
f 662 661 660
f 668 667 666
f 667 664 666
f 667 665 664
f 664 663 662
f 665 663 664
f 751 741 740
f 740 741 731
f 709 729 728
f 728 731 709
f 828 808 817
f 817 808 796
f 731 728 740
f 794 806 774
f 774 806 796
f 817 796 806
f 906 907 908
f 908 907 909
f 910 911 912
f 912 911 913
f 914 915 916
f 916 915 917
f 918 919 920
f 920 919 921
f 922 923 924
f 924 923 925
f 926 927 928
f 928 927 929
f 930 931 932
f 932 931 933
f 934 935 936
f 936 935 937
f 938 939 940
f 940 939 941
f 942 943 944
f 944 943 945
f 946 947 948
f 948 947 949
f 950 951 952
f 952 951 953
f 954 955 956
f 956 955 957
f 958 959 960
f 960 959 961
f 962 963 964
f 964 963 965
f 966 967 968
f 968 967 969
f 970 971 972
f 972 971 973
f 974 975 976
f 976 975 977
f 978 979 980
f 980 979 981
f 982 983 984
f 984 983 985
f 986 987 988
f 988 987 989
f 990 991 992
f 992 991 993
f 994 995 996
f 996 995 997
f 998 999 1000
f 1000 999 1001
f 1002 1003 1004
f 1004 1003 1005
f 1006 1007 1008
f 1008 1007 1009
f 1010 1011 1012
f 1012 1011 1013
f 1014 1015 1016
f 1016 1015 1017
f 1018 1019 1020
f 1020 1019 1021
f 1022 1023 1024
f 1024 1023 1025
f 1026 1027 1028
f 1028 1027 1029
f 1030 1031 1032
f 1032 1031 1033
f 1034 1035 1036
f 1036 1035 1037
f 1038 1039 1040
f 1040 1039 1041
f 1052 1043 1045
f 1045 1043 1044
f 1046 1045 1044
f 1047 1045 1046
f 1054 1052 1045
f 1054 1045 1047
f 1052 1059 1058
f 1065 1058 1059
f 1063 1058 1065
f 1058 1063 1057
f 1053 1058 1057
f 1053 1052 1058
f 1044 1043 1042
f 1072 1073 1075
f 1074 1073 1072
f 1065 1059 1066
f 1065 1064 1063
f 1065 1066 1064
f 1052 1054 1059
f 1052 1053 1043
f 1067 1078 1066
f 1066 1059 1067
f 1066 1078 1064
f 1046 1048 1047
f 1048 1054 1047
f 1061 1067 1059
f 1054 1061 1059
f 1049 1048 1046
f 1075 1073 1076
f 1048 1055 1054
f 1061 1054 1055
f 1061 1068 1067
f 1068 1078 1067
f 1076 1073 1077
f 1071 1078 1068
f 1071 1069 1070
f 1071 1068 1069
f 1050 1056 1055
f 1060 1055 1056
f 1060 1056 1062
f 1070 1060 1062
f 1070 1069 1060
f 1051 1050 1049
f 1049 1050 1048
f 1050 1055 1048
f 1061 1055 1060
f 1060 1069 1061
f 1069 1068 1061
f 1085 1084 1083
f 1085 1086 1084
f 1084 1086 1085
f 1084 1085 1083
f 1082 1080 1081
f 1082 1081 1080
f 1081 1080 1079
f 1080 1081 1079
f 1084 1088 1087
f 1087 1088 1084
f 1084 1087 1083
f 1087 1084 1083
f 1095 1094 1093
f 1095 1096 1094
f 1094 1096 1095
f 1094 1095 1093
f 1091 1090 1089
f 1089 1090 1091
f 1091 1090 1092
f 1092 1090 1091
f 1094 1097 1093
f 1097 1094 1093
f 1094 1098 1097
f 1097 1098 1094
f 1105 1104 1103
f 1105 1106 1104
f 1104 1106 1105
f 1104 1105 1103
f 1101 1100 1102
f 1102 1100 1101
f 1101 1100 1099
f 1099 1100 1101
f 1104 1108 1107
f 1107 1108 1104
f 1104 1107 1103
f 1107 1104 1103
f 1119 1110 1112
f 1112 1110 1111
f 1113 1112 1111
f 1114 1112 1113
f 1121 1119 1112
f 1121 1112 1114
f 1119 1126 1125
f 1132 1125 1126
f 1130 1125 1132
f 1125 1130 1124
f 1120 1125 1124
f 1120 1119 1125
f 1111 1110 1109
f 1139 1140 1142
f 1141 1140 1139
f 1132 1126 1133
f 1132 1131 1130
f 1132 1133 1131
f 1119 1121 1126
f 1119 1120 1110
f 1134 1145 1133
f 1133 1126 1134
f 1133 1145 1131
f 1113 1115 1114
f 1115 1121 1114
f 1128 1134 1126
f 1121 1128 1126
f 1116 1115 1113
f 1142 1140 1143
f 1115 1122 1121
f 1128 1121 1122
f 1128 1135 1134
f 1135 1145 1134
f 1143 1140 1144
f 1138 1145 1135
f 1138 1136 1137
f 1138 1135 1136
f 1117 1123 1122
f 1127 1122 1123
f 1127 1123 1129
f 1137 1127 1129
f 1137 1136 1127
f 1118 1117 1116
f 1116 1117 1115
f 1117 1122 1115
f 1128 1122 1127
f 1127 1136 1128
f 1136 1135 1128
f 1152 1151 1150
f 1152 1153 1151
f 1151 1153 1152
f 1151 1152 1150
f 1149 1147 1148
f 1149 1148 1147
f 1148 1147 1146
f 1147 1148 1146
f 1151 1155 1154
f 1154 1155 1151
f 1151 1154 1150
f 1154 1151 1150
f 1162 1161 1160
f 1162 1163 1161
f 1161 1163 1162
f 1161 1162 1160
f 1158 1157 1156
f 1156 1157 1158
f 1158 1157 1159
f 1159 1157 1158
f 1161 1164 1160
f 1164 1161 1160
f 1161 1165 1164
f 1164 1165 1161
f 1172 1171 1170
f 1172 1173 1171
f 1171 1173 1172
f 1171 1172 1170
f 1168 1167 1169
f 1169 1167 1168
f 1168 1167 1166
f 1166 1167 1168
f 1171 1175 1174
f 1174 1175 1171
f 1171 1174 1170
f 1174 1171 1170
f 1186 1177 1179
f 1179 1177 1178
f 1180 1179 1178
f 1181 1179 1180
f 1188 1186 1179
f 1188 1179 1181
f 1186 1193 1192
f 1199 1192 1193
f 1197 1192 1199
f 1192 1197 1191
f 1187 1192 1191
f 1187 1186 1192
f 1178 1177 1176
f 1206 1207 1209
f 1208 1207 1206
f 1199 1193 1200
f 1199 1198 1197
f 1199 1200 1198
f 1186 1188 1193
f 1186 1187 1177
f 1201 1212 1200
f 1200 1193 1201
f 1200 1212 1198
f 1180 1182 1181
f 1182 1188 1181
f 1195 1201 1193
f 1188 1195 1193
f 1183 1182 1180
f 1209 1207 1210
f 1182 1189 1188
f 1195 1188 1189
f 1195 1202 1201
f 1202 1212 1201
f 1210 1207 1211
f 1205 1212 1202
f 1205 1203 1204
f 1205 1202 1203
f 1184 1190 1189
f 1194 1189 1190
f 1194 1190 1196
f 1204 1194 1196
f 1204 1203 1194
f 1185 1184 1183
f 1183 1184 1182
f 1184 1189 1182
f 1195 1189 1194
f 1194 1203 1195
f 1203 1202 1195
f 1219 1218 1217
f 1219 1220 1218
f 1218 1220 1219
f 1218 1219 1217
f 1216 1214 1215
f 1216 1215 1214
f 1215 1214 1213
f 1214 1215 1213
f 1218 1222 1221
f 1221 1222 1218
f 1218 1221 1217
f 1221 1218 1217
f 1229 1228 1227
f 1229 1230 1228
f 1228 1230 1229
f 1228 1229 1227
f 1225 1224 1223
f 1223 1224 1225
f 1225 1224 1226
f 1226 1224 1225
f 1228 1231 1227
f 1231 1228 1227
f 1228 1232 1231
f 1231 1232 1228
f 1239 1238 1237
f 1239 1240 1238
f 1238 1240 1239
f 1238 1239 1237
f 1235 1234 1236
f 1236 1234 1235
f 1235 1234 1233
f 1233 1234 1235
f 1238 1242 1241
f 1241 1242 1238
f 1238 1241 1237
f 1241 1238 1237
f 1555 1553 1552
f 1555 1552 1551
f 1555 1550 1554
f 1555 1551 1550
f 1552 1553 1547
f 1547 1553 1548
f 1554 1545 1549
f 1550 1545 1554
f 1546 1552 1547
f 1551 1552 1546
f 1551 1546 1550
f 1550 1546 1545
f 1545 1539 1549
f 1542 1548 1543
f 1547 1548 1542
f 1549 1539 1544
f 1547 1542 1541
f 1541 1546 1547
f 1588 1580 1585
f 1588 1581 1580
f 1589 1582 1583
f 1589 1584 1582
f 1571 1583 1582
f 1582 1572 1571
f 1572 1582 1584
f 1545 1538 1539
f 1546 1538 1545
f 1583 1571 1570
f 1581 1568 1569
f 1581 1569 1580
f 1580 1573 1585
f 1580 1569 1573
f 1546 1541 1540
f 1546 1540 1538
f 1572 1563 1571
f 1571 1563 1562
f 1571 1562 1570
f 1556 1569 1568
f 1572 1565 1563
f 1573 1557 1567
f 1569 1556 1557
f 1418 1413 1411
f 1418 1411 1412
f 1417 1410 1409
f 1417 1409 1414
f 1326 1327 1324
f 1326 1324 1325
f 1325 1324 1323
f 1400 1412 1411
f 1412 1400 1399
f 1410 1397 1398
f 1410 1398 1409
f 1297 1296 1295
f 1296 1297 1298
f 1289 1294 1293
f 1315 1312 1314
f 1314 1312 1313
f 1498 1496 1497
f 1497 1496 1495
f 1502 1500 1501
f 1501 1500 1499
f 1557 1573 1569
f 1409 1402 1414
f 1409 1398 1402
f 1401 1411 1413
f 1411 1401 1400
f 1441 1435 1434
f 1441 1434 1438
f 1442 1436 1437
f 1294 1289 1290
f 1310 1308 1309
f 1309 1308 1307
f 1307 1308 1306
f 1388 1398 1397
f 1400 1392 1399
f 1426 1437 1436
f 1434 1428 1438
f 1387 1402 1398
f 1398 1388 1387
f 1401 1390 1400
f 1400 1390 1392
f 1402 1387 1396
f 1401 1394 1390
f 1327 1326 1328
f 1434 1422 1428
f 1435 1422 1434
f 1437 1426 1425
f 1435 1420 1422
f 1543 1536 1535
f 1543 1535 1542
f 1544 1532 1537
f 1532 1544 1539
f 1319 1320 1318
f 1321 1320 1319
f 1322 1320 1321
f 1542 1535 1541
f 1422 1421 1428
f 1428 1421 1427
f 1426 1424 1425
f 1295 1300 1299
f 1316 1312 1315
f 1313 1312 1311
f 1300 1295 1296
f 1291 1290 1289
f 1541 1535 1534
f 1541 1534 1540
f 1538 1540 1531
f 1290 1291 1292
f 1461 1460 1459
f 1462 1460 1461
f 1481 1480 1479
f 1482 1480 1481
f 1485 1484 1483
f 1486 1484 1485
f 1422 1420 1421
f 1425 1424 1423
f 1421 1420 1419
f 1539 1538 1532
f 1532 1538 1531
f 1307 1306 1305
f 1540 1534 1533
f 1531 1540 1533
f 1609 1607 1608
f 1604 1603 1602
f 1605 1603 1604
f 1601 1599 1600
f 1608 1607 1606
f 1624 1623 1622
f 1625 1623 1624
f 1622 1623 1621
f 1622 1621 1620
f 1612 1611 1610
f 1613 1611 1612
f 1600 1599 1598
f 1597 1595 1596
f 1458 1456 1457
f 1457 1456 1455
f 1478 1477 1476
f 1454 1452 1453
f 1476 1474 1475
f 1476 1477 1474
f 1593 1591 1592
f 1592 1591 1590
f 1596 1595 1594
f 1489 1488 1487
f 1490 1488 1489
f 1493 1492 1491
f 1494 1492 1493
f 1475 1474 1473
f 1450 1448 1449
f 1465 1464 1463
f 1466 1464 1465
f 1453 1452 1451
f 1449 1448 1447
f 1446 1444 1445
f 1445 1444 1443
f 1288 1287 1283
f 1283 1287 1285
f 1285 1284 1283
f 1563 1561 1562
f 1565 1564 1563
f 1563 1564 1561
f 1319 1318 1317
f 1562 1561 1560
f 1567 1557 1566
f 1558 1557 1556
f 1557 1558 1559
f 1566 1557 1559
f 1392 1390 1391
f 1388 1386 1387
f 1469 1470 1468
f 1471 1470 1469
f 1472 1470 1471
f 1396 1387 1395
f 1387 1386 1385
f 1395 1387 1385
f 1394 1393 1390
f 1391 1390 1389
f 1390 1393 1389
f 1469 1468 1467
f 1618 1615 1617
f 1619 1615 1618
f 1616 1615 1614
f 1617 1615 1616
f 1536 1522 1520
f 1536 1520 1535
f 1537 1514 1524
f 1514 1537 1532
f 1284 1285 1286
f 1535 1520 1534
f 1532 1531 1514
f 1299 1302 1301
f 1302 1299 1300
f 1303 1292 1291
f 1534 1520 1518
f 1534 1518 1533
f 1432 1423 1424
f 1432 1424 1431
f 1430 1427 1421
f 1292 1303 1304
f 1531 1533 1512
f 1514 1531 1512
f 1433 1421 1419
f 1430 1421 1429
f 1421 1433 1429
f 1512 1533 1516
f 1533 1518 1516
f 1407 1391 1389
f 1408 1385 1386
f 1404 1395 1385
f 1385 1408 1404
f 1407 1389 1406
f 1406 1389 1393
f 1395 1404 1403
f 1406 1393 1405
f 1439 1430 1429
f 1440 1432 1431
f 1439 1429 1433
f 1522 1521 1520
f 1524 1514 1523
f 1505 1504 1503
f 1506 1504 1505
f 1509 1508 1507
f 1510 1508 1509
f 1520 1521 1519
f 1520 1519 1518
f 1577 1561 1564
f 1578 1560 1561
f 1578 1561 1577
f 1566 1575 1574
f 1575 1566 1559
f 1577 1564 1576
f 1415 1404 1408
f 1415 1403 1404
f 1416 1407 1406
f 1416 1406 1405
f 1575 1558 1579
f 1575 1559 1558
f 1523 1514 1513
f 1514 1512 1513
f 1518 1519 1517
f 1518 1517 1516
f 1587 1577 1576
f 1587 1578 1577
f 1513 1512 1511
f 1512 1516 1511
f 1586 1574 1575
f 1586 1575 1579
f 1530 1526 1529
f 1529 1526 1528
f 1527 1526 1525
f 1528 1526 1527
f 1516 1517 1515
f 1511 1516 1515
f 2055 2052 2054
f 2068 2064 2067
f 2067 2064 2066
f 2056 2052 2055
f 2353 2352 2351
f 2356 2351 2355
f 2356 2353 2351
f 2369 2368 2361
f 2361 2368 2367
f 2079 2076 2078
f 2080 2076 2079
f 2353 2354 2352
f 2373 2371 2372
f 2054 2052 2053
f 2053 2052 2051
f 2066 2064 2065
f 2065 2064 2063
f 2415 2406 2414
f 2397 2398 2393
f 2397 2393 2394
f 2399 2398 2397
f 2414 2406 2413
f 2074 2070 2073
f 2269 2268 2267
f 2272 2267 2271
f 2272 2269 2267
f 2284 2285 2283
f 2399 2400 2398
f 2412 2410 2411
f 2355 2357 2356
f 2372 2371 2370
f 2269 2270 2268
f 2289 2287 2288
f 2315 2314 2313
f 2313 2314 2309
f 2313 2309 2310
f 2331 2322 2330
f 2330 2322 2329
f 2073 2070 2072
f 2395 2394 2393
f 2396 2394 2395
f 2411 2410 2409
f 2315 2316 2314
f 2328 2326 2327
f 2271 2273 2272
f 2288 2287 2286
f 2358 2357 2355
f 2312 2310 2311
f 2311 2310 2309
f 2327 2326 2325
f 2274 2273 2271
f 2284 2283 2277
f 2078 2076 2077
f 2071 2070 2069
f 2072 2070 2071
f 2377 2352 2354
f 2372 2370 2384
f 2384 2365 2372
f 2365 2366 2372
f 2377 2354 2376
f 2361 2367 2363
f 2428 2417 2427
f 2407 2413 2406
f 2405 2425 2410
f 2427 2417 2416
f 2425 2409 2410
f 2405 2410 2404
f 2341 2325 2326
f 2343 2333 2332
f 2344 2333 2343
f 2321 2341 2326
f 2321 2326 2320
f 2323 2329 2322
f 2288 2286 2300
f 2277 2283 2279
f 2300 2281 2288
f 2293 2270 2292
f 2281 2282 2288
f 2293 2268 2270
f 2077 2076 2075
f 2395 2419 2396
f 2408 2407 2406
f 2408 2406 2426
f 2396 2419 2418
f 2291 2302 2301
f 2375 2386 2385
f 2279 2278 2277
f 2278 2299 2277
f 2291 2301 2290
f 2377 2376 2350
f 2363 2362 2361
f 2362 2383 2361
f 2375 2385 2374
f 2311 2335 2312
f 2333 2318 2332
f 2324 2323 2322
f 2324 2322 2342
f 2312 2335 2334
f 2417 2402 2416
f 2350 2376 2349
f 2366 2365 2364
f 2405 2404 2403
f 2416 2402 2401
f 2293 2292 2266
f 2266 2292 2265
f 2282 2281 2280
f 2321 2320 2319
f 2332 2318 2317
f 2419 2392 2418
f 2418 2392 2391
f 2408 2426 2420
f 2383 2362 2380
f 2375 2374 2360
f 2360 2374 2359
f 2324 2342 2336
f 2334 2308 2307
f 2335 2308 2334
f 2362 2381 2380
f 2362 2382 2381
f 2350 2349 2345
f 2276 2290 2275
f 2291 2290 2276
f 2299 2278 2296
f 2421 2408 2420
f 2408 2421 2422
f 2402 2387 2401
f 2365 2378 2364
f 2345 2349 2347
f 2423 2405 2403
f 2401 2387 2388
f 2278 2298 2297
f 2278 2297 2296
f 2266 2265 2261
f 2261 2265 2263
f 2337 2324 2336
f 2324 2337 2338
f 2318 2303 2317
f 2281 2294 2280
f 2348 2359 2346
f 2348 2360 2359
f 2391 2390 2389
f 2391 2392 2390
f 2317 2303 2304
f 2339 2321 2319
f 2378 2365 2379
f 2424 2405 2423
f 2264 2276 2275
f 2264 2275 2262
f 2307 2306 2305
f 2307 2308 2306
f 2294 2281 2295
f 2340 2321 2339
f 2347 2346 2345
f 2347 2348 2346
f 2389 2388 2387
f 2263 2262 2261
f 2389 2390 2388
f 2263 2264 2262
f 2305 2304 2303
f 2305 2306 2304
f 1943 1939 1942
f 1930 1929 1928
f 1929 1924 1928
f 1942 1939 1941
f 1941 1939 1940
f 1940 1939 1938
f 1926 1925 1924
f 1929 1926 1924
f 1931 1929 1930
f 1932 1931 1930
f 1275 1274 1273
f 1273 1274 1272
f 1276 1274 1275
f 1926 1927 1925
f 1927 1936 1925
f 1713 1724 1717
f 1712 1724 1713
f 1714 1725 1715
f 1716 1725 1714
f 1365 1364 1363
f 1361 1360 1359
f 1378 1376 1377
f 1362 1360 1361
f 1365 1366 1364
f 1934 1933 1932
f 1933 1931 1932
f 1381 1380 1379
f 1717 1695 1713
f 1704 1713 1695
f 1713 1704 1712
f 1931 1946 1929
f 1946 1926 1929
f 1935 1933 1934
f 1927 1937 1936
f 1695 1717 1694
f 1700 1716 1714
f 1698 1716 1700
f 1700 1715 1702
f 1715 1700 1714
f 1946 1944 1926
f 1944 1927 1926
f 1337 1336 1335
f 1337 1338 1336
f 1347 1348 1346
f 1349 1348 1347
f 1350 1348 1349
f 1333 1331 1329
f 1334 1331 1333
f 1355 1352 1354
f 1354 1352 1353
f 1680 1691 1681
f 1682 1691 1680
f 1678 1690 1679
f 1679 1690 1683
f 1947 1946 1931
f 1933 1947 1931
f 1670 1679 1660
f 1679 1670 1678
f 1683 1660 1679
f 1660 1683 1662
f 1664 1682 1666
f 1666 1682 1680
f 1273 1272 1271
f 1681 1666 1680
f 1666 1681 1668
f 1648 1657 1647
f 1647 1657 1646
f 1644 1656 1645
f 1645 1656 1649
f 1944 1945 1927
f 1950 1927 1945
f 1927 1950 1937
f 1367 1365 1363
f 1377 1376 1375
f 1359 1358 1357
f 1360 1358 1359
f 1375 1376 1374
f 1696 1695 1694
f 1696 1697 1695
f 1697 1704 1695
f 1700 1699 1698
f 1630 1647 1634
f 1634 1647 1646
f 1630 1648 1647
f 1645 1636 1644
f 1368 1365 1367
f 1381 1382 1380
f 1383 1382 1381
f 1626 1649 1628
f 1631 1648 1630
f 1649 1626 1645
f 1636 1645 1626
f 1703 1701 1702
f 1702 1701 1700
f 1697 1705 1704
f 1790 1802 1791
f 1793 1802 1790
f 1794 1803 1795
f 1701 1699 1700
f 2008 2006 2007
f 2007 2006 2005
f 2003 2002 2001
f 2004 2002 2003
f 1662 1661 1660
f 1660 1671 1670
f 1661 1671 1660
f 1339 1337 1335
f 1331 1330 1329
f 1347 1346 1345
f 1243 1248 1247
f 1262 1264 1263
f 1262 1263 1260
f 1262 1260 1261
f 1250 1251 1252
f 1248 1243 1244
f 1669 1666 1668
f 1663 1661 1662
f 1666 1665 1664
f 1933 1949 1948
f 1948 1947 1933
f 1935 1949 1933
f 1356 1352 1355
f 1340 1337 1339
f 1331 1332 1330
f 1353 1352 1351
f 1795 1780 1794
f 1786 1791 1792
f 1791 1786 1790
f 1269 1266 1268
f 1268 1266 1267
f 1742 1751 1743
f 1738 1750 1739
f 1741 1750 1738
f 1669 1667 1666
f 1667 1665 1666
f 1251 1250 1249
f 1768 1777 1769
f 1764 1776 1765
f 1767 1776 1764
f 1780 1795 1782
f 1786 1793 1790
f 1784 1793 1786
f 1816 1828 1817
f 1819 1828 1816
f 1820 1829 1821
f 1728 1743 1730
f 1743 1728 1742
f 1732 1741 1734
f 1734 1741 1738
f 1739 1734 1738
f 1807 1821 1806
f 1810 1819 1812
f 1812 1819 1816
f 1821 1807 1820
f 1812 1817 1818
f 1817 1812 1816
f 1769 1755 1768
f 1760 1765 1766
f 1765 1760 1764
f 1734 1739 1740
f 1760 1767 1764
f 1755 1769 1754
f 1758 1767 1760
f 1627 1636 1626
f 1627 1637 1636
f 1634 1632 1630
f 1635 1632 1634
f 1632 1631 1630
f 1628 1627 1626
f 1632 1633 1631
f 1629 1627 1628
f 1280 1278 1279
f 1281 1278 1280
f 1953 1944 1946
f 1947 1953 1946
f 1780 1789 1788
f 1781 1789 1780
f 1782 1781 1780
f 1783 1781 1782
f 1786 1785 1784
f 1787 1785 1786
f 2183 2188 2187
f 2189 2187 2188
f 2205 2203 2204
f 2184 2188 2183
f 2204 2203 2202
f 2100 2104 2099
f 2121 2119 2120
f 2099 2104 2103
f 2105 2103 2104
f 2120 2119 2118
f 1734 1733 1732
f 1731 1729 1730
f 1730 1729 1728
f 1735 1733 1734
f 1728 1737 1736
f 1951 1945 1944
f 1953 1951 1944
f 1808 1809 1807
f 1807 1815 1814
f 1809 1815 1807
f 1808 1807 1806
f 1812 1811 1810
f 1729 1737 1728
f 1755 1763 1762
f 1757 1763 1755
f 1756 1757 1755
f 1756 1755 1754
f 1760 1759 1758
f 1761 1759 1760
f 2243 2242 2241
f 2244 2242 2243
f 2227 2226 2225
f 2230 2227 2225
f 2230 2225 2229
f 1813 1811 1812
f 2227 2228 2226
f 2246 2247 2245
f 2246 2245 2238
f 2159 2158 2157
f 2143 2142 2141
f 2146 2143 2141
f 2160 2158 2159
f 2146 2141 2145
f 2143 2144 2142
f 2163 2162 2154
f 2200 2199 2193
f 2201 2199 2200
f 2189 2190 2187
f 2105 2106 2103
f 2185 2184 2183
f 2101 2100 2099
f 2116 2115 2109
f 2117 2115 2116
f 2092 2088 2091
f 2091 2088 2090
f 2186 2184 2185
f 2102 2100 2101
f 1261 1260 1259
f 1254 1249 1250
f 2229 2231 2230
f 2145 2147 2146
f 2154 2162 2161
f 1954 1953 1947
f 1948 1954 1947
f 2086 2085 2084
f 2084 2085 2082
f 2232 2231 2229
f 2148 2147 2145
f 1245 1244 1243
f 1244 1245 1246
f 1249 1254 1253
f 1270 1266 1269
f 1267 1266 1265
f 1945 1957 1950
f 1951 1952 1945
f 1957 1945 1952
f 1282 1278 1281
f 2133 2123 2122
f 2111 2110 2109
f 2131 2111 2109
f 2134 2123 2133
f 2116 2109 2110
f 2251 2226 2228
f 2241 2257 2243
f 2118 2119 2132
f 2167 2142 2144
f 2157 2173 2159
f 2245 2240 2238
f 2240 2239 2238
f 2238 2239 2258
f 2251 2228 2250
f 2161 2156 2154
f 2156 2155 2154
f 2154 2155 2174
f 2167 2144 2166
f 2195 2194 2193
f 2215 2195 2193
f 2218 2207 2217
f 2200 2193 2194
f 2217 2207 2206
f 2202 2203 2216
f 1955 1954 1948
f 1949 1956 1948
f 1948 1956 1955
f 2090 2088 2089
f 2083 2082 2081
f 2084 2082 2083
f 1279 1278 1277
f 1341 1340 1339
f 1332 1343 1330
f 1342 1340 1341
f 1332 1344 1343
f 2257 2236 2243
f 2243 2236 2237
f 2249 2260 2259
f 2249 2259 2248
f 1370 1368 1369
f 1369 1368 1367
f 1383 1384 1382
f 1358 1371 1357
f 1358 1372 1371
f 2185 2209 2186
f 2198 2216 2203
f 2197 2198 2203
f 2186 2209 2208
f 1904 1915 1914
f 1905 1915 1904
f 1906 1905 1904
f 1918 1919 1917
f 1918 1917 1916
f 2173 2152 2159
f 2159 2152 2153
f 2165 2176 2175
f 2165 2175 2164
f 2101 2125 2102
f 2114 2132 2119
f 2113 2114 2119
f 2102 2125 2124
f 1907 1905 1906
f 1913 1911 1912
f 1912 1911 1910
f 1910 1909 1908
f 1375 1374 1373
f 1834 1833 1832
f 1838 1837 1836
f 1835 1833 1834
f 1855 1853 1854
f 1854 1853 1852
f 1858 1857 1856
f 1859 1860 1857
f 1859 1857 1858
f 1890 1889 1888
f 1891 1889 1890
f 1874 1873 1872
f 1870 1869 1868
f 1871 1869 1870
f 1894 1893 1892
f 1895 1893 1894
f 1895 1896 1893
f 1661 1677 1671
f 1677 1661 1672
f 1663 1672 1661
f 1635 1642 1632
f 1627 1643 1637
f 1983 1982 1981
f 1984 1982 1983
f 1992 1990 1991
f 1991 1990 1989
f 1975 1974 1973
f 1976 1974 1975
f 1861 1860 1859
f 1839 1837 1838
f 1842 1841 1840
f 1851 1849 1850
f 1850 1849 1848
f 1987 1986 1985
f 1988 1986 1987
f 1971 1970 1969
f 1911 1909 1910
f 1972 1970 1971
f 1980 1978 1979
f 1979 1978 1977
f 1875 1873 1874
f 1878 1877 1876
f 1886 1885 1884
f 1887 1885 1886
f 1897 1896 1895
f 2089 2088 2087
f 1632 1642 1641
f 1632 1641 1633
f 1643 1627 1639
f 1629 1639 1627
f 1667 1675 1665
f 1676 1667 1669
f 1673 1672 1663
f 1843 1841 1842
f 1847 1845 1846
f 1846 1845 1844
f 1882 1881 1880
f 1883 1881 1882
f 1879 1877 1878
f 1633 1641 1640
f 1639 1629 1638
f 1675 1667 1674
f 1676 1674 1667
f 1697 1711 1705
f 1711 1697 1707
f 1696 1707 1697
f 2251 2250 2224
f 2207 2192 2206
f 2167 2166 2140
f 2123 2108 2122
f 2195 2215 2212
f 2206 2192 2191
f 2111 2131 2128
f 2122 2108 2107
f 1703 1710 1701
f 1699 1709 1708
f 1701 1709 1699
f 1707 1696 1706
f 2258 2239 2252
f 2224 2250 2223
f 2140 2166 2139
f 2174 2155 2168
f 2435 2434 2433
f 2015 2014 2013
f 2014 2015 2016
f 2431 2430 2429
f 2010 2011 2012
f 2011 2010 2009
f 1701 1710 1709
f 1864 1865 1863
f 1864 1863 1862
f 1866 1865 1864
f 1900 1899 1898
f 1900 1901 1899
f 1902 1901 1900
f 2237 2236 2235
f 2249 2248 2234
f 2234 2248 2233
f 2153 2152 2151
f 2150 2164 2149
f 2165 2164 2150
f 2209 2182 2208
f 2198 2197 2196
f 2208 2182 2181
f 2125 2098 2124
f 2124 2098 2097
f 2114 2113 2112
f 1867 1865 1866
f 1903 1901 1902
f 1922 1923 1921
f 1922 1921 1920
f 2435 2436 2434
f 2432 2430 2431
f 2458 2456 2457
f 2027 2025 2023
f 2025 2024 2023
f 2038 2036 2037
f 2445 2444 2443
f 2447 2445 2443
f 2028 2025 2027
f 2029 2028 2027
f 2449 2448 2447
f 2448 2445 2447
f 2037 2036 2035
f 2457 2456 2455
f 2152 2171 2151
f 2152 2172 2171
f 2140 2139 2135
f 2126 2114 2112
f 2114 2126 2127
f 2108 2093 2107
f 2155 2169 2168
f 2135 2139 2137
f 2129 2111 2128
f 2107 2093 2094
f 2236 2256 2255
f 2236 2255 2235
f 2224 2223 2219
f 2196 2210 2198
f 2192 2177 2191
f 2138 2149 2136
f 2138 2150 2149
f 1954 1959 1953
f 1953 1959 1951
f 2097 2096 2095
f 2097 2098 2096
f 2254 2252 2253
f 2219 2223 2221
f 2253 2252 2239
f 2213 2195 2212
f 2191 2177 2178
f 2169 2155 2170
f 2130 2111 2129
f 1256 1255 1254
f 1254 1255 1253
f 1951 1959 1958
f 1951 1958 1952
f 2222 2234 2233
f 2222 2233 2220
f 2196 2211 2210
f 2181 2180 2179
f 2181 2182 2180
f 1246 1245 1258
f 2214 2195 2213
f 2021 2019 2017
f 2022 2019 2021
f 2455 2456 2454
f 2450 2448 2449
f 2464 2460 2463
f 2463 2460 2462
f 2043 2040 2042
f 2044 2040 2043
f 2025 2026 2024
f 2445 2446 2444
f 2442 2439 2441
f 2035 2036 2034
f 2441 2439 2437
f 2030 2028 2029
f 1952 1962 1957
f 1958 1962 1952
f 1959 1954 1960
f 1955 1960 1954
f 2440 2452 2451
f 2020 2032 2031
f 2020 2031 2018
f 2440 2451 2438
f 2035 2034 2033
f 2455 2454 2453
f 1813 1825 1811
f 1808 1823 1809
f 1824 1827 1826
f 1809 1823 1822
f 1827 1824 1813
f 2095 2094 2093
f 2137 2136 2135
f 1825 1813 1824
f 1735 1747 1733
f 1731 1745 1729
f 1749 1746 1735
f 1747 1735 1746
f 1729 1745 1744
f 1746 1749 1748
f 2095 2096 2094
f 2221 2220 2219
f 1961 1960 1955
f 1961 1955 1956
f 1258 1245 1257
f 2179 2178 2177
f 2137 2138 2136
f 1772 1775 1774
f 1775 1772 1761
f 1756 1771 1757
f 1757 1771 1770
f 1761 1773 1759
f 1773 1761 1772
f 2179 2180 2178
f 2221 2222 2220
f 1824 1831 1825
f 1823 1830 1822
f 1826 1831 1824
f 1783 1797 1781
f 1781 1797 1796
f 1801 1798 1787
f 1798 1801 1800
f 1652 1642 1654
f 1642 1652 1641
f 1643 1650 1655
f 1639 1650 1643
f 1787 1799 1785
f 1746 1753 1747
f 1745 1752 1744
f 1799 1787 1798
f 1748 1753 1746
f 1653 1641 1652
f 1641 1653 1640
f 1639 1651 1650
f 1638 1651 1639
f 2061 2058 2060
f 2060 2058 2059
f 2049 2046 2048
f 2048 2046 2047
f 2050 2046 2049
f 2062 2058 2061
f 1774 1779 1772
f 1771 1778 1770
f 1772 1779 1773
f 2019 2018 2017
f 2439 2438 2437
f 2462 2460 2461
f 2042 2040 2041
f 2019 2020 2018
f 2439 2440 2438
f 1673 1685 1672
f 1672 1689 1677
f 1689 1672 1685
f 2461 2460 2459
f 2041 2040 2039
f 1674 1687 1675
f 1685 1673 1684
f 1675 1687 1686
f 1676 1688 1674
f 1674 1688 1687
f 1800 1805 1798
f 1797 1804 1796
f 1798 1805 1799
f 1999 1998 1997
f 2000 1998 1999
f 1996 1994 1995
f 1995 1994 1993
f 1654 1659 1652
f 1650 1658 1655
f 1652 1659 1653
f 1651 1658 1650
f 2059 2058 2057
f 2047 2046 2045
f 1707 1718 1711
f 1707 1719 1718
f 1706 1719 1707
f 1684 1692 1685
f 1685 1692 1689
f 1710 1720 1709
f 1711 1718 1723
f 1720 1710 1722
f 1687 1693 1686
f 1709 1721 1708
f 1721 1709 1720
f 1688 1693 1687
f 1964 1963 1959
f 1959 1963 1958
f 1965 1959 1960
f 1965 1964 1959
f 1718 1726 1723
f 1719 1726 1718
f 1722 1727 1720
f 1720 1727 1721
f 1958 1967 1962
f 1963 1967 1958
f 1966 1960 1961
f 1966 1965 1960
f 1965 1968 1964
f 1964 1968 1963
f 1963 1968 1967
f 1966 1968 1965
f 2467 2466 2465
f 2468 2466 2467
f 2471 2470 2469
f 2472 2470 2471
f 2479 2478 2477
f 2480 2478 2479
f 2475 2474 2473
f 2476 2474 2475
f 2557 2556 2555
f 2551 2553 2552
f 2554 2553 2551
f 2552 2550 2551
f 2540 2538 2539
f 2539 2538 2537
f 2543 2542 2541
f 2560 2556 2558
f 2558 2556 2557
f 2554 2566 2567
f 2554 2551 2566
f 2568 2558 2557
f 2569 2558 2568
f 2569 2568 2544
f 2544 2568 2542
f 2540 2567 2538
f 2538 2567 2566
f 2544 2542 2543
f 2559 2558 2569
f 2560 2558 2559
f 2565 2551 2549
f 2566 2551 2565
f 2551 2550 2549
f 2523 2522 2521
f 2523 2524 2522
f 2520 2518 2516
f 2518 2520 2519
f 2524 2532 2531
f 2530 2528 2519
f 2545 2544 2543
f 2537 2536 2535
f 2538 2536 2537
f 2566 2565 2538
f 2544 2564 2569
f 2559 2569 2564
f 2523 2532 2524
f 2519 2528 2518
f 2523 2533 2532
f 2529 2518 2528
f 2561 2549 2550
f 2546 2544 2545
f 2546 2564 2544
f 2538 2565 2536
f 2518 2517 2516
f 2526 2525 2521
f 2525 2523 2521
f 2516 2517 2526
f 2525 2533 2523
f 2518 2529 2517
f 2560 2562 2561
f 2562 2560 2559
f 2527 2533 2525
f 2533 2527 2534
f 2529 2534 2527
f 2529 2527 2517
f 2526 2517 2527
f 2527 2525 2526
f 2562 2559 2564
f 2549 2561 2562
f 2565 2549 2563
f 2563 2549 2562
f 2565 2548 2536
f 2565 2563 2548
f 2562 2564 2563
f 2563 2564 2546
f 2536 2548 2535
f 2548 2546 2547
f 2563 2546 2548
f 2547 2546 2545
f 2535 2548 2547
f 2608 2609 2598
f 2608 2598 2600
f 2604 2610 2602
f 2611 2610 2604
f 2610 2600 2602
f 2610 2608 2600
f 2622 2620 2618
f 2623 2620 2622
f 2583 2589 2581
f 2590 2589 2583
f 2588 2579 2587
f 2631 2630 2620
f 2630 2629 2620
f 2586 2584 2575
f 2573 2590 2583
f 2594 2611 2604
f 2605 2611 2594
f 2607 2593 2596
f 2607 2606 2593
f 2579 2588 2577
f 2590 2573 2585
f 2620 2619 2618
f 2631 2620 2623
f 2623 2632 2631
f 2624 2623 2622
f 2620 2621 2619
f 2589 2579 2581
f 2589 2587 2579
f 2620 2629 2621
f 2625 2632 2623
f 2625 2623 2624
f 2627 2617 2628
f 2617 2612 2616
f 2616 2612 2613
f 2584 2585 2573
f 2575 2584 2572
f 2615 2625 2624
f 2584 2573 2572
f 2617 2627 2612
f 2626 2632 2614
f 2614 2632 2625
f 2627 2626 2612
f 2612 2626 2614
f 2606 2605 2593
f 2593 2605 2594
f 2614 2625 2615
f 2613 2614 2615
f 2614 2613 2612
f 2583 2581 2582
f 2582 2581 2580
f 2579 2577 2578
f 2573 2583 2582
f 2578 2577 2576
f 2575 2570 2574
f 2575 2572 2570
f 2486 2485 2483
f 2490 2488 2489
f 2489 2488 2487
f 2580 2579 2578
f 2581 2579 2580
f 2600 2598 2599
f 2572 2571 2570
f 2572 2573 2571
f 2573 2582 2571
f 2599 2598 2597
f 2596 2593 2595
f 2487 2515 2514
f 2485 2513 2484
f 2488 2515 2487
f 2484 2513 2512
f 2488 2510 2515
f 2511 2484 2512
f 2644 2651 2642
f 2652 2651 2644
f 2509 2482 2511
f 2604 2602 2601
f 2602 2600 2601
f 2601 2600 2599
f 2604 2601 2603
f 2594 2604 2603
f 2483 2485 2484
f 2514 2504 2503
f 2515 2504 2514
f 2500 2512 2513
f 2491 2488 2490
f 2483 2482 2481
f 2484 2482 2483
f 2594 2603 2592
f 2593 2594 2592
f 2593 2592 2591
f 2595 2593 2591
f 2492 2510 2488
f 2492 2488 2491
f 2484 2511 2482
f 2503 2502 2501
f 2504 2502 2503
f 2500 2498 2512
f 2500 2499 2498
f 2515 2505 2504
f 2510 2505 2515
f 2497 2512 2498
f 2512 2497 2511
f 2498 2499 2496
f 2506 2502 2504
f 2506 2504 2505
f 2498 2496 2497
f 2644 2642 2641
f 2642 2640 2641
f 2642 2651 2640
f 2640 2651 2650
f 2646 2652 2644
f 2646 2644 2643
f 2644 2641 2643
f 2641 2640 2639
f 2652 2646 2653
f 2646 2643 2645
f 2647 2638 2649
f 2638 2647 2635
f 2638 2635 2637
f 2637 2635 2633
f 2493 2510 2492
f 2493 2481 2482
f 2482 2509 2493
f 2492 2494 2493
f 2494 2492 2491
f 2636 2648 2646
f 2646 2648 2653
f 2636 2646 2645
f 2497 2496 2495
f 2636 2645 2634
f 2509 2505 2510
f 2510 2493 2509
f 2511 2497 2509
f 2635 2636 2634
f 2635 2634 2633
f 2647 2636 2635
f 2647 2648 2636
f 2481 2493 2494
f 2505 2509 2508
f 2508 2506 2505
f 2509 2497 2508
f 2497 2507 2508
f 2507 2497 2495
f 2506 2508 2507
f 2680 2679 2678
f 2681 2680 2678
f 2682 2681 2678
f 2683 2682 2678
f 2684 2683 2678
f 2685 2684 2678
f 2660 2659 2654
f 2661 2660 2654
f 2659 2658 2654
f 2656 2655 2654
f 2657 2656 2654
f 2658 2657 2654
f 2696 2695 2694
f 2697 2696 2694
f 2698 2697 2694
f 2699 2698 2694
f 2700 2699 2694
f 2701 2700 2694
f 2676 2675 2670
f 2677 2676 2670
f 2675 2674 2670
f 2672 2671 2670
f 2673 2672 2670
f 2674 2673 2670
f 2688 2687 2686
f 2689 2688 2686
f 2690 2689 2686
f 2691 2690 2686
f 2692 2691 2686
f 2693 2692 2686
f 2668 2667 2662
f 2669 2668 2662
f 2667 2666 2662
f 2664 2663 2662
f 2665 2664 2662
f 2666 2665 2662
f 2704 2703 2702
f 2705 2704 2702
f 2706 2705 2702
f 2707 2706 2702
f 2708 2707 2702
f 2709 2708 2702
f 2712 2711 2710
f 2713 2712 2710
f 2727 2726 2725
f 2726 2724 2725
f 2714 2712 2713
f 2715 2714 2713
f 2725 2724 2723
f 2724 2722 2723
f 2716 2714 2715
f 2722 2720 2721
f 2723 2722 2721
f 2717 2716 2715
f 2718 2716 2717
f 2720 2718 2719
f 2721 2720 2719
f 2719 2718 2717
f 2763 2762 2761
f 2748 2747 2746
f 2749 2748 2746
f 2750 2748 2749
f 2751 2750 2749
f 2761 2760 2759
f 2762 2760 2761
f 2760 2758 2759
f 2759 2758 2757
f 2752 2750 2751
f 2753 2752 2751
f 2758 2756 2757
f 2754 2752 2753
f 2755 2754 2753
f 2757 2756 2755
f 2756 2754 2755
f 2730 2729 2728
f 2731 2730 2728
f 2745 2744 2743
f 2744 2742 2743
f 2732 2730 2731
f 2733 2732 2731
f 2743 2742 2741
f 2742 2740 2741
f 2734 2732 2733
f 2740 2738 2739
f 2741 2740 2739
f 2735 2734 2733
f 2736 2734 2735
f 2738 2736 2737
f 2739 2738 2737
f 2737 2736 2735
f 2766 2765 2764
f 2767 2766 2764
f 2768 2766 2767
f 2769 2768 2767
f 2770 2768 2769
f 2771 2770 2769
f 2772 2770 2771
f 2773 2772 2771
f 2774 2772 2773
f 2775 2774 2773
f 2776 2774 2775
f 2777 2776 2775
f 2778 2776 2777
f 2780 2778 2779
f 2779 2778 2777
f 2781 2780 2779
f 2794 2792 2793
f 2795 2794 2793
f 2796 2794 2795
f 2797 2796 2795
f 2798 2796 2797
f 2784 2783 2782
f 2799 2798 2797
f 2785 2784 2782
f 2786 2784 2785
f 2787 2786 2785
f 2788 2786 2787
f 2789 2788 2787
f 2790 2788 2789
f 2791 2790 2789
f 2792 2790 2791
f 2793 2792 2791
f 2826 2825 2824
f 2827 2826 2824
f 2828 2827 2824
f 2829 2828 2824
f 2830 2829 2824
f 2831 2830 2824
f 2806 2805 2800
f 2807 2806 2800
f 2805 2804 2800
f 2802 2801 2800
f 2803 2802 2800
f 2804 2803 2800
f 2842 2841 2840
f 2843 2842 2840
f 2844 2843 2840
f 2845 2844 2840
f 2846 2845 2840
f 2847 2846 2840
f 2822 2821 2816
f 2823 2822 2816
f 2821 2820 2816
f 2818 2817 2816
f 2819 2818 2816
f 2820 2819 2816
f 2834 2833 2832
f 2835 2834 2832
f 2836 2835 2832
f 2837 2836 2832
f 2838 2837 2832
f 2839 2838 2832
f 2814 2813 2808
f 2815 2814 2808
f 2813 2812 2808
f 2810 2809 2808
f 2811 2810 2808
f 2812 2811 2808
f 2850 2849 2848
f 2851 2850 2848
f 2852 2851 2848
f 2853 2852 2848
f 2854 2853 2848
f 2855 2854 2848
f 2858 2857 2856
f 2859 2858 2856
f 2873 2872 2871
f 2872 2870 2871
f 2860 2858 2859
f 2861 2860 2859
f 2871 2870 2869
f 2870 2868 2869
f 2862 2860 2861
f 2868 2866 2867
f 2869 2868 2867
f 2863 2862 2861
f 2864 2862 2863
f 2866 2864 2865
f 2867 2866 2865
f 2865 2864 2863
f 2909 2908 2907
f 2894 2893 2892
f 2895 2894 2892
f 2896 2894 2895
f 2897 2896 2895
f 2907 2906 2905
f 2908 2906 2907
f 2906 2904 2905
f 2905 2904 2903
f 2898 2896 2897
f 2899 2898 2897
f 2904 2902 2903
f 2900 2898 2899
f 2901 2900 2899
f 2903 2902 2901
f 2902 2900 2901
f 2876 2875 2874
f 2877 2876 2874
f 2891 2890 2889
f 2890 2888 2889
f 2878 2876 2877
f 2879 2878 2877
f 2889 2888 2887
f 2888 2886 2887
f 2880 2878 2879
f 2886 2884 2885
f 2887 2886 2885
f 2881 2880 2879
f 2882 2880 2881
f 2884 2882 2883
f 2885 2884 2883
f 2883 2882 2881
f 2912 2911 2910
f 2913 2912 2910
f 2914 2912 2913
f 2915 2914 2913
f 2916 2914 2915
f 2917 2916 2915
f 2918 2916 2917
f 2919 2918 2917
f 2920 2918 2919
f 2921 2920 2919
f 2922 2920 2921
f 2923 2922 2921
f 2924 2922 2923
f 2926 2924 2925
f 2925 2924 2923
f 2927 2926 2925
f 2940 2938 2939
f 2941 2940 2939
f 2942 2940 2941
f 2943 2942 2941
f 2944 2942 2943
f 2930 2929 2928
f 2945 2944 2943
f 2931 2930 2928
f 2932 2930 2931
f 2933 2932 2931
f 2934 2932 2933
f 2935 2934 2933
f 2936 2934 2935
f 2937 2936 2935
f 2938 2936 2937
f 2939 2938 2937
f 2972 2971 2970
f 2973 2972 2970
f 2974 2973 2970
f 2975 2974 2970
f 2976 2975 2970
f 2977 2976 2970
f 2952 2951 2946
f 2953 2952 2946
f 2951 2950 2946
f 2948 2947 2946
f 2949 2948 2946
f 2950 2949 2946
f 2988 2987 2986
f 2989 2988 2986
f 2990 2989 2986
f 2991 2990 2986
f 2992 2991 2986
f 2993 2992 2986
f 2968 2967 2962
f 2969 2968 2962
f 2967 2966 2962
f 2964 2963 2962
f 2965 2964 2962
f 2966 2965 2962
f 2980 2979 2978
f 2981 2980 2978
f 2982 2981 2978
f 2983 2982 2978
f 2984 2983 2978
f 2985 2984 2978
f 2960 2959 2954
f 2961 2960 2954
f 2959 2958 2954
f 2956 2955 2954
f 2957 2956 2954
f 2958 2957 2954
f 2996 2995 2994
f 2997 2996 2994
f 2998 2997 2994
f 2999 2998 2994
f 3000 2999 2994
f 3001 3000 2994
f 3004 3003 3002
f 3005 3004 3002
f 3019 3018 3017
f 3018 3016 3017
f 3006 3004 3005
f 3007 3006 3005
f 3017 3016 3015
f 3016 3014 3015
f 3008 3006 3007
f 3014 3012 3013
f 3015 3014 3013
f 3009 3008 3007
f 3010 3008 3009
f 3012 3010 3011
f 3013 3012 3011
f 3011 3010 3009
f 3055 3054 3053
f 3040 3039 3038
f 3041 3040 3038
f 3042 3040 3041
f 3043 3042 3041
f 3053 3052 3051
f 3054 3052 3053
f 3052 3050 3051
f 3051 3050 3049
f 3044 3042 3043
f 3045 3044 3043
f 3050 3048 3049
f 3046 3044 3045
f 3047 3046 3045
f 3049 3048 3047
f 3048 3046 3047
f 3022 3021 3020
f 3023 3022 3020
f 3037 3036 3035
f 3036 3034 3035
f 3024 3022 3023
f 3025 3024 3023
f 3035 3034 3033
f 3034 3032 3033
f 3026 3024 3025
f 3032 3030 3031
f 3033 3032 3031
f 3027 3026 3025
f 3028 3026 3027
f 3030 3028 3029
f 3031 3030 3029
f 3029 3028 3027
f 3058 3057 3056
f 3059 3058 3056
f 3060 3058 3059
f 3061 3060 3059
f 3062 3060 3061
f 3063 3062 3061
f 3064 3062 3063
f 3065 3064 3063
f 3066 3064 3065
f 3067 3066 3065
f 3068 3066 3067
f 3069 3068 3067
f 3070 3068 3069
f 3072 3070 3071
f 3071 3070 3069
f 3073 3072 3071
f 3086 3084 3085
f 3087 3086 3085
f 3088 3086 3087
f 3089 3088 3087
f 3090 3088 3089
f 3076 3075 3074
f 3091 3090 3089
f 3077 3076 3074
f 3078 3076 3077
f 3079 3078 3077
f 3080 3078 3079
f 3081 3080 3079
f 3082 3080 3081
f 3083 3082 3081
f 3084 3082 3083
f 3085 3084 3083
f 3118 3117 3116
f 3119 3118 3116
f 3120 3119 3116
f 3121 3120 3116
f 3122 3121 3116
f 3123 3122 3116
f 3098 3097 3092
f 3099 3098 3092
f 3097 3096 3092
f 3094 3093 3092
f 3095 3094 3092
f 3096 3095 3092
f 3134 3133 3132
f 3135 3134 3132
f 3136 3135 3132
f 3137 3136 3132
f 3138 3137 3132
f 3139 3138 3132
f 3114 3113 3108
f 3115 3114 3108
f 3113 3112 3108
f 3110 3109 3108
f 3111 3110 3108
f 3112 3111 3108
f 3126 3125 3124
f 3127 3126 3124
f 3128 3127 3124
f 3129 3128 3124
f 3130 3129 3124
f 3131 3130 3124
f 3106 3105 3100
f 3107 3106 3100
f 3105 3104 3100
f 3102 3101 3100
f 3103 3102 3100
f 3104 3103 3100
f 3142 3141 3140
f 3143 3142 3140
f 3144 3143 3140
f 3145 3144 3140
f 3146 3145 3140
f 3147 3146 3140
f 3150 3149 3148
f 3151 3150 3148
f 3165 3164 3163
f 3164 3162 3163
f 3152 3150 3151
f 3153 3152 3151
f 3163 3162 3161
f 3162 3160 3161
f 3154 3152 3153
f 3160 3158 3159
f 3161 3160 3159
f 3155 3154 3153
f 3156 3154 3155
f 3158 3156 3157
f 3159 3158 3157
f 3157 3156 3155
f 3201 3200 3199
f 3186 3185 3184
f 3187 3186 3184
f 3188 3186 3187
f 3189 3188 3187
f 3199 3198 3197
f 3200 3198 3199
f 3198 3196 3197
f 3197 3196 3195
f 3190 3188 3189
f 3191 3190 3189
f 3196 3194 3195
f 3192 3190 3191
f 3193 3192 3191
f 3195 3194 3193
f 3194 3192 3193
f 3168 3167 3166
f 3169 3168 3166
f 3183 3182 3181
f 3182 3180 3181
f 3170 3168 3169
f 3171 3170 3169
f 3181 3180 3179
f 3180 3178 3179
f 3172 3170 3171
f 3178 3176 3177
f 3179 3178 3177
f 3173 3172 3171
f 3174 3172 3173
f 3176 3174 3175
f 3177 3176 3175
f 3175 3174 3173
f 3204 3203 3202
f 3205 3204 3202
f 3206 3204 3205
f 3207 3206 3205
f 3208 3206 3207
f 3209 3208 3207
f 3210 3208 3209
f 3211 3210 3209
f 3212 3210 3211
f 3213 3212 3211
f 3214 3212 3213
f 3215 3214 3213
f 3216 3214 3215
f 3218 3216 3217
f 3217 3216 3215
f 3219 3218 3217
f 3232 3230 3231
f 3233 3232 3231
f 3234 3232 3233
f 3235 3234 3233
f 3236 3234 3235
f 3222 3221 3220
f 3237 3236 3235
f 3223 3222 3220
f 3224 3222 3223
f 3225 3224 3223
f 3226 3224 3225
f 3227 3226 3225
f 3228 3226 3227
f 3229 3228 3227
f 3230 3228 3229
f 3231 3230 3229
f 3264 3263 3262
f 3265 3264 3262
f 3266 3265 3262
f 3267 3266 3262
f 3268 3267 3262
f 3269 3268 3262
f 3244 3243 3238
f 3245 3244 3238
f 3243 3242 3238
f 3240 3239 3238
f 3241 3240 3238
f 3242 3241 3238
f 3280 3279 3278
f 3281 3280 3278
f 3282 3281 3278
f 3283 3282 3278
f 3284 3283 3278
f 3285 3284 3278
f 3260 3259 3254
f 3261 3260 3254
f 3259 3258 3254
f 3256 3255 3254
f 3257 3256 3254
f 3258 3257 3254
f 3272 3271 3270
f 3273 3272 3270
f 3274 3273 3270
f 3275 3274 3270
f 3276 3275 3270
f 3277 3276 3270
f 3252 3251 3246
f 3253 3252 3246
f 3251 3250 3246
f 3248 3247 3246
f 3249 3248 3246
f 3250 3249 3246
f 3288 3287 3286
f 3289 3288 3286
f 3290 3289 3286
f 3291 3290 3286
f 3292 3291 3286
f 3293 3292 3286
f 3296 3295 3294
f 3297 3296 3294
f 3311 3310 3309
f 3310 3308 3309
f 3298 3296 3297
f 3299 3298 3297
f 3309 3308 3307
f 3308 3306 3307
f 3300 3298 3299
f 3306 3304 3305
f 3307 3306 3305
f 3301 3300 3299
f 3302 3300 3301
f 3304 3302 3303
f 3305 3304 3303
f 3303 3302 3301
f 3347 3346 3345
f 3332 3331 3330
f 3333 3332 3330
f 3334 3332 3333
f 3335 3334 3333
f 3345 3344 3343
f 3346 3344 3345
f 3344 3342 3343
f 3343 3342 3341
f 3336 3334 3335
f 3337 3336 3335
f 3342 3340 3341
f 3338 3336 3337
f 3339 3338 3337
f 3341 3340 3339
f 3340 3338 3339
f 3314 3313 3312
f 3315 3314 3312
f 3329 3328 3327
f 3328 3326 3327
f 3316 3314 3315
f 3317 3316 3315
f 3327 3326 3325
f 3326 3324 3325
f 3318 3316 3317
f 3324 3322 3323
f 3325 3324 3323
f 3319 3318 3317
f 3320 3318 3319
f 3322 3320 3321
f 3323 3322 3321
f 3321 3320 3319
f 3350 3349 3348
f 3351 3350 3348
f 3352 3350 3351
f 3353 3352 3351
f 3354 3352 3353
f 3355 3354 3353
f 3356 3354 3355
f 3357 3356 3355
f 3358 3356 3357
f 3359 3358 3357
f 3360 3358 3359
f 3361 3360 3359
f 3362 3360 3361
f 3364 3362 3363
f 3363 3362 3361
f 3365 3364 3363
f 3378 3376 3377
f 3379 3378 3377
f 3380 3378 3379
f 3381 3380 3379
f 3382 3380 3381
f 3368 3367 3366
f 3383 3382 3381
f 3369 3368 3366
f 3370 3368 3369
f 3371 3370 3369
f 3372 3370 3371
f 3373 3372 3371
f 3374 3372 3373
f 3375 3374 3373
f 3376 3374 3375
f 3377 3376 3375
f 3410 3409 3408
f 3411 3410 3408
f 3412 3411 3408
f 3413 3412 3408
f 3414 3413 3408
f 3415 3414 3408
f 3390 3389 3384
f 3391 3390 3384
f 3389 3388 3384
f 3386 3385 3384
f 3387 3386 3384
f 3388 3387 3384
f 3426 3425 3424
f 3427 3426 3424
f 3428 3427 3424
f 3429 3428 3424
f 3430 3429 3424
f 3431 3430 3424
f 3406 3405 3400
f 3407 3406 3400
f 3405 3404 3400
f 3402 3401 3400
f 3403 3402 3400
f 3404 3403 3400
f 3418 3417 3416
f 3419 3418 3416
f 3420 3419 3416
f 3421 3420 3416
f 3422 3421 3416
f 3423 3422 3416
f 3398 3397 3392
f 3399 3398 3392
f 3397 3396 3392
f 3394 3393 3392
f 3395 3394 3392
f 3396 3395 3392
f 3434 3433 3432
f 3435 3434 3432
f 3436 3435 3432
f 3437 3436 3432
f 3438 3437 3432
f 3439 3438 3432
f 3442 3441 3440
f 3443 3442 3440
f 3457 3456 3455
f 3456 3454 3455
f 3444 3442 3443
f 3445 3444 3443
f 3455 3454 3453
f 3454 3452 3453
f 3446 3444 3445
f 3452 3450 3451
f 3453 3452 3451
f 3447 3446 3445
f 3448 3446 3447
f 3450 3448 3449
f 3451 3450 3449
f 3449 3448 3447
f 3493 3492 3491
f 3478 3477 3476
f 3479 3478 3476
f 3480 3478 3479
f 3481 3480 3479
f 3491 3490 3489
f 3492 3490 3491
f 3490 3488 3489
f 3489 3488 3487
f 3482 3480 3481
f 3483 3482 3481
f 3488 3486 3487
f 3484 3482 3483
f 3485 3484 3483
f 3487 3486 3485
f 3486 3484 3485
f 3460 3459 3458
f 3461 3460 3458
f 3475 3474 3473
f 3474 3472 3473
f 3462 3460 3461
f 3463 3462 3461
f 3473 3472 3471
f 3472 3470 3471
f 3464 3462 3463
f 3470 3468 3469
f 3471 3470 3469
f 3465 3464 3463
f 3466 3464 3465
f 3468 3466 3467
f 3469 3468 3467
f 3467 3466 3465
f 3496 3495 3494
f 3497 3496 3494
f 3498 3496 3497
f 3499 3498 3497
f 3500 3498 3499
f 3501 3500 3499
f 3502 3500 3501
f 3503 3502 3501
f 3504 3502 3503
f 3505 3504 3503
f 3506 3504 3505
f 3507 3506 3505
f 3508 3506 3507
f 3510 3508 3509
f 3509 3508 3507
f 3511 3510 3509
f 3524 3522 3523
f 3525 3524 3523
f 3526 3524 3525
f 3527 3526 3525
f 3528 3526 3527
f 3514 3513 3512
f 3529 3528 3527
f 3515 3514 3512
f 3516 3514 3515
f 3517 3516 3515
f 3518 3516 3517
f 3519 3518 3517
f 3520 3518 3519
f 3521 3520 3519
f 3522 3520 3521
f 3523 3522 3521
f 3556 3555 3554
f 3557 3556 3554
f 3558 3557 3554
f 3559 3558 3554
f 3560 3559 3554
f 3561 3560 3554
f 3536 3535 3530
f 3537 3536 3530
f 3535 3534 3530
f 3532 3531 3530
f 3533 3532 3530
f 3534 3533 3530
f 3572 3571 3570
f 3573 3572 3570
f 3574 3573 3570
f 3575 3574 3570
f 3576 3575 3570
f 3577 3576 3570
f 3552 3551 3546
f 3553 3552 3546
f 3551 3550 3546
f 3548 3547 3546
f 3549 3548 3546
f 3550 3549 3546
f 3564 3563 3562
f 3565 3564 3562
f 3566 3565 3562
f 3567 3566 3562
f 3568 3567 3562
f 3569 3568 3562
f 3544 3543 3538
f 3545 3544 3538
f 3543 3542 3538
f 3540 3539 3538
f 3541 3540 3538
f 3542 3541 3538
f 3580 3579 3578
f 3581 3580 3578
f 3582 3581 3578
f 3583 3582 3578
f 3584 3583 3578
f 3585 3584 3578
f 3588 3587 3586
f 3589 3588 3586
f 3603 3602 3601
f 3602 3600 3601
f 3590 3588 3589
f 3591 3590 3589
f 3601 3600 3599
f 3600 3598 3599
f 3592 3590 3591
f 3598 3596 3597
f 3599 3598 3597
f 3593 3592 3591
f 3594 3592 3593
f 3596 3594 3595
f 3597 3596 3595
f 3595 3594 3593
f 3639 3638 3637
f 3624 3623 3622
f 3625 3624 3622
f 3626 3624 3625
f 3627 3626 3625
f 3637 3636 3635
f 3638 3636 3637
f 3636 3634 3635
f 3635 3634 3633
f 3628 3626 3627
f 3629 3628 3627
f 3634 3632 3633
f 3630 3628 3629
f 3631 3630 3629
f 3633 3632 3631
f 3632 3630 3631
f 3606 3605 3604
f 3607 3606 3604
f 3621 3620 3619
f 3620 3618 3619
f 3608 3606 3607
f 3609 3608 3607
f 3619 3618 3617
f 3618 3616 3617
f 3610 3608 3609
f 3616 3614 3615
f 3617 3616 3615
f 3611 3610 3609
f 3612 3610 3611
f 3614 3612 3613
f 3615 3614 3613
f 3613 3612 3611
f 3642 3641 3640
f 3643 3642 3640
f 3644 3642 3643
f 3645 3644 3643
f 3646 3644 3645
f 3647 3646 3645
f 3648 3646 3647
f 3649 3648 3647
f 3650 3648 3649
f 3651 3650 3649
f 3652 3650 3651
f 3653 3652 3651
f 3654 3652 3653
f 3656 3654 3655
f 3655 3654 3653
f 3657 3656 3655
f 3670 3668 3669
f 3671 3670 3669
f 3672 3670 3671
f 3673 3672 3671
f 3674 3672 3673
f 3660 3659 3658
f 3675 3674 3673
f 3661 3660 3658
f 3662 3660 3661
f 3663 3662 3661
f 3664 3662 3663
f 3665 3664 3663
f 3666 3664 3665
f 3667 3666 3665
f 3668 3666 3667
f 3669 3668 3667
f 3703 3702 3694
f 3677 3702 3703
f 3676 3677 3703
f 3698 3704 3697
f 3702 3691 3694
f 3695 3694 3691
f 3699 3697 3707
f 3699 3698 3697
f 3677 3682 3702
f 3682 3685 3702
f 3702 3685 3691
f 3678 3677 3676
f 3679 3678 3676
f 3678 3683 3677
f 3683 3682 3677
f 3685 3688 3691
f 3692 3695 3691
f 3692 3691 3688
f 3683 3686 3682
f 3686 3685 3682
f 3689 3688 3685
f 3686 3689 3685
f 3689 3692 3688
f 3684 3683 3678
f 3684 3687 3683
f 3687 3686 3683
f 3680 3678 3679
f 3681 3680 3679
f 3687 3690 3686
f 3699 3707 3705
f 3693 3696 3692
f 3696 3695 3692
f 3693 3692 3689
f 3690 3689 3686
f 3706 3699 3705
f 3690 3693 3689
f 3680 3684 3678
f 3690 3687 3701
f 3693 3690 3701
f 3687 3684 3680
f 3701 3687 3680
f 3693 3701 3700
f 3696 3693 3700
f 3700 3701 3680
f 3711 3680 3681
f 3710 3709 3708
f 3837 3836 3835
f 3838 3836 3837
f 3839 3838 3837
f 3856 3857 3859
f 3859 3857 3860
f 3840 3838 3839
f 3841 3840 3839
f 3860 3857 3861
f 3858 3857 3856
f 3836 3834 3835
f 3835 3834 3832
f 3842 3840 3841
f 3861 3857 3862
f 3843 3842 3841
f 3863 3857 3858
f 3862 3857 3863
f 3845 3844 3843
f 3844 3842 3843
f 3847 3846 3845
f 3834 3833 3832
f 3908 3905 3907
f 3909 3905 3908
f 3891 3890 3876
f 3878 3891 3876
f 3892 3891 3878
f 3907 3905 3906
f 3890 3889 3874
f 3876 3890 3874
f 3846 3844 3845
f 3840 3852 3838
f 3838 3851 3836
f 3852 3851 3838
f 3836 3850 3834
f 3851 3850 3836
f 3874 3889 3873
f 3906 3905 3904
f 3889 3888 3873
f 3880 3892 3878
f 3910 3905 3909
f 3893 3892 3880
f 3850 3849 3834
f 3834 3849 3833
f 3904 3905 3911
f 3911 3905 3910
f 3878 3876 3877
f 3877 3876 3875
f 3876 3874 3875
f 3879 3878 3877
f 3880 3878 3879
f 3842 3853 3840
f 3853 3852 3840
f 3849 3848 3833
f 3846 3855 3844
f 3882 3893 3880
f 3894 3893 3882
f 3875 3874 3872
f 3874 3873 3872
f 3844 3854 3842
f 3855 3854 3844
f 3895 3894 3884
f 3886 3895 3884
f 3854 3853 3842
f 3881 3880 3879
f 3882 3880 3881
f 3900 3897 3901
f 3899 3897 3900
f 3896 3897 3899
f 3884 3894 3882
f 3868 3865 3867
f 3867 3865 3866
f 3869 3865 3868
f 3826 3825 3824
f 3809 3808 3793
f 3824 3825 3831
f 3806 3815 3804
f 3815 3814 3804
f 3901 3897 3902
f 3883 3882 3881
f 3884 3882 3883
f 3887 3886 3885
f 3886 3884 3885
f 3898 3897 3896
f 3903 3897 3898
f 3902 3897 3903
f 3885 3884 3883
f 3870 3865 3869
f 3866 3865 3864
f 3794 3809 3793
f 3827 3825 3826
f 3810 3809 3794
f 3814 3813 3802
f 3804 3814 3802
f 3831 3825 3830
f 3742 3737 3743
f 3723 3722 3721
f 3724 3722 3723
f 3741 3737 3742
f 3725 3724 3723
f 3830 3825 3829
f 3828 3825 3827
f 3829 3825 3828
f 3871 3865 3870
f 3864 3865 3871
f 3740 3737 3741
f 3720 3718 3719
f 3721 3720 3719
f 3739 3737 3740
f 3719 3718 3717
f 3722 3720 3721
f 3802 3813 3800
f 3813 3812 3800
f 3811 3810 3796
f 3796 3810 3794
f 3736 3737 3739
f 3718 3716 3717
f 3717 3716 3715
f 3759 3758 3757
f 3757 3756 3755
f 3758 3756 3757
f 3779 3777 3780
f 3776 3777 3779
f 3761 3760 3759
f 3760 3758 3759
f 3780 3777 3781
f 3812 3811 3798
f 3798 3811 3796
f 3726 3724 3725
f 3743 3737 3738
f 3727 3726 3725
f 3738 3737 3736
f 3716 3714 3715
f 3715 3714 3712
f 3800 3812 3798
f 3714 3713 3712
f 3756 3754 3755
f 3778 3777 3776
f 3755 3754 3752
f 3763 3762 3761
f 3762 3760 3761
f 3781 3777 3782
f 3783 3777 3778
f 3782 3777 3783
f 3794 3793 3792
f 3807 3806 3805
f 3806 3804 3805
f 3795 3794 3792
f 3796 3794 3795
f 3765 3764 3763
f 3764 3762 3763
f 3754 3753 3752
f 3767 3766 3765
f 3805 3804 3803
f 3804 3802 3803
f 3803 3802 3801
f 3802 3800 3801
f 3766 3764 3765
f 3797 3796 3795
f 3798 3796 3797
f 3800 3798 3799
f 3801 3800 3799
f 3760 3772 3758
f 3758 3771 3756
f 3772 3771 3758
f 3756 3770 3754
f 3771 3770 3756
f 3799 3798 3797
f 3770 3769 3754
f 3754 3769 3753
f 3773 3772 3760
f 3762 3773 3760
f 3726 3735 3724
f 3724 3734 3722
f 3735 3734 3724
f 3720 3732 3718
f 3732 3731 3718
f 3718 3731 3716
f 3769 3768 3753
f 3766 3775 3764
f 3722 3733 3720
f 3733 3732 3720
f 3764 3774 3762
f 3775 3774 3764
f 3774 3773 3762
f 3734 3733 3722
f 3818 3817 3816
f 3823 3817 3818
f 3729 3728 3713
f 3714 3729 3713
f 3731 3730 3716
f 3716 3730 3714
f 3822 3817 3823
f 3730 3729 3714
f 3816 3817 3819
f 3788 3785 3787
f 3787 3785 3786
f 3819 3817 3820
f 3820 3817 3821
f 3821 3817 3822
f 3789 3785 3788
f 3790 3785 3789
f 3786 3785 3784
f 3791 3785 3790
f 3784 3785 3791
f 3750 3745 3749
f 3749 3745 3748
f 3751 3745 3750
f 3744 3745 3751
f 3748 3745 3747
f 3747 3745 3746
f 3746 3745 3744
f 3933 3937 3953
f 3953 3952 3933
f 3933 3952 3932
f 3933 3932 3931
f 3931 3937 3933
f 3932 3951 3947
f 3951 3944 3947
f 3931 3932 3947
f 3931 3947 3946
f 3946 3947 3944
f 3946 3963 3931
f 3952 3937 3931
f 3931 3963 3952
f 3951 3932 3927
f 3952 3940 3932
f 3940 3956 3932
f 3927 3932 3956
f 3953 3954 3942
f 3937 3938 3953
f 3968 3953 3938
f 3955 3953 3968
f 3954 3953 3955
f 3953 3942 3952
f 3929 3954 3957
f 3955 3957 3954
f 3954 3929 3956
f 3956 3940 3954
f 3954 3940 3942
f 3952 3942 3937
f 3963 3940 3952
f 3962 3944 3951
f 3959 3962 3951
f 3951 3927 3928
f 3928 3960 3951
f 3951 3960 3959
f 3929 3928 3927
f 3927 3956 3929
f 3939 3937 3940
f 3939 3938 3937
f 3940 3937 3942
f 3916 3917 3922
f 3918 3917 3916
f 3938 3925 3926
f 3958 3925 3938
f 3958 3938 3939
f 3926 3968 3938
f 3919 3917 3918
f 3930 3928 3929
f 3928 3930 3960
f 3944 3945 3946
f 3946 3945 3965
f 3965 3963 3946
f 3939 3949 3950
f 3939 3941 3949
f 3941 3939 3940
f 3966 3949 3941
f 3940 3963 3941
f 3941 3964 3966
f 3964 3941 3963
f 3944 3962 3943
f 3945 3944 3943
f 3924 3926 3925
f 3925 3923 3924
f 3923 3925 3958
f 3920 3917 3919
f 3965 3964 3963
f 3922 3917 3921
f 3921 3917 3920
f 3950 3949 3923
f 3957 3936 3929
f 3935 3936 3957
f 3936 3961 3929
f 3961 3930 3929
f 3915 3949 3969
f 3949 3915 3923
f 3949 3966 3969
f 3914 3948 3924
f 3948 3967 3924
f 3914 3924 3923
f 3914 3923 3915
f 3934 3935 3970
f 3936 3935 3934
f 3915 3913 3914
f 3914 3913 3912
f 3997 3945 3943
f 3945 3997 3998
f 3945 3998 3965
f 3962 3997 3943
f 4011 3965 3998
f 3964 3965 4011
f 3962 3959 4003
f 3997 3962 4003
f 3995 3964 4011
f 3964 3995 3966
f 3960 4003 3959
f 4002 3966 3995
f 3966 4002 3969
f 4002 3915 3969
f 3915 4002 3980
f 3913 3915 3972
f 3980 3972 3915
f 3913 3972 3971
f 3990 3934 3970
f 4000 3972 3981
f 4012 4000 3981
f 3960 3986 4003
f 3930 3986 3960
f 3990 3936 3934
f 3936 3990 4009
f 3961 3936 3985
f 3936 4009 3985
f 3986 3930 3985
f 3930 3961 3985
f 3981 3972 3980
f 3975 3978 3977
f 3975 3979 3978
f 4002 4001 3980
f 3980 3982 3981
f 3982 3980 4010
f 4002 3992 4001
f 3995 3992 4002
f 3975 3977 3976
f 3983 3981 3982
f 4006 3985 4009
f 3985 4006 4008
f 4008 3984 3985
f 3986 3985 3984
f 3975 3973 3979
f 4009 4007 4006
f 3993 4010 3992
f 3982 4010 3993
f 3975 3976 3974
f 3975 3974 3973
f 4011 3994 3995
f 3994 4011 4004
f 4011 3987 4004
f 4011 3998 3987
f 3982 3993 3983
f 4013 3983 3993
f 3997 4003 3999
f 3999 3998 3997
f 3994 4004 3989
f 4008 3994 3989
f 3994 4008 4006
f 3994 4006 3996
f 3992 3995 3994
f 3991 3992 3994
f 3991 3994 3996
f 3993 3992 3991
f 3999 3987 3998
f 3984 4003 3986
f 4005 4007 4013
f 4005 4013 3993
f 3996 4004 3991
f 4006 4005 3996
f 3996 4005 4004
f 3993 3991 4005
f 4005 4006 4007
f 4003 3989 3999
f 4004 4005 3988
f 3991 3988 4005
f 3991 4004 3987
f 3989 4003 3984
f 4004 3988 3989
f 3991 3987 3988
f 3989 3984 4008
f 3989 3988 3987
f 3989 3987 3999
f 4035 4039 4055
f 4055 4054 4035
f 4035 4054 4034
f 4035 4034 4033
f 4033 4039 4035
f 4034 4053 4049
f 4053 4046 4049
f 4033 4034 4049
f 4033 4049 4048
f 4048 4049 4046
f 4048 4065 4033
f 4054 4039 4033
f 4033 4065 4054
f 4053 4034 4029
f 4054 4042 4034
f 4042 4058 4034
f 4029 4034 4058
f 4055 4056 4044
f 4039 4040 4055
f 4070 4055 4040
f 4057 4055 4070
f 4056 4055 4057
f 4055 4044 4054
f 4031 4056 4059
f 4057 4059 4056
f 4056 4031 4058
f 4058 4042 4056
f 4056 4042 4044
f 4054 4044 4039
f 4065 4042 4054
f 4064 4046 4053
f 4061 4064 4053
f 4053 4029 4030
f 4030 4062 4053
f 4053 4062 4061
f 4031 4030 4029
f 4029 4058 4031
f 4041 4039 4042
f 4041 4040 4039
f 4042 4039 4044
f 4018 4019 4024
f 4020 4019 4018
f 4040 4027 4028
f 4060 4027 4040
f 4060 4040 4041
f 4028 4070 4040
f 4021 4019 4020
f 4032 4030 4031
f 4030 4032 4062
f 4046 4047 4048
f 4048 4047 4067
f 4067 4065 4048
f 4041 4051 4052
f 4041 4043 4051
f 4043 4041 4042
f 4068 4051 4043
f 4042 4065 4043
f 4043 4066 4068
f 4066 4043 4065
f 4046 4064 4045
f 4047 4046 4045
f 4026 4028 4027
f 4027 4025 4026
f 4025 4027 4060
f 4022 4019 4021
f 4067 4066 4065
f 4024 4019 4023
f 4023 4019 4022
f 4052 4051 4025
f 4059 4038 4031
f 4037 4038 4059
f 4038 4063 4031
f 4063 4032 4031
f 4017 4051 4071
f 4051 4017 4025
f 4051 4068 4071
f 4016 4050 4026
f 4050 4069 4026
f 4016 4026 4025
f 4016 4025 4017
f 4036 4037 4072
f 4038 4037 4036
f 4017 4015 4016
f 4016 4015 4014
f 4099 4047 4045
f 4047 4099 4100
f 4047 4100 4067
f 4064 4099 4045
f 4113 4067 4100
f 4066 4067 4113
f 4064 4061 4105
f 4099 4064 4105
f 4097 4066 4113
f 4066 4097 4068
f 4062 4105 4061
f 4104 4068 4097
f 4068 4104 4071
f 4104 4017 4071
f 4017 4104 4082
f 4015 4017 4074
f 4082 4074 4017
f 4015 4074 4073
f 4092 4036 4072
f 4102 4074 4083
f 4114 4102 4083
f 4062 4088 4105
f 4032 4088 4062
f 4092 4038 4036
f 4038 4092 4111
f 4063 4038 4087
f 4038 4111 4087
f 4088 4032 4087
f 4032 4063 4087
f 4083 4074 4082
f 4077 4080 4079
f 4077 4081 4080
f 4104 4103 4082
f 4082 4084 4083
f 4084 4082 4112
f 4104 4094 4103
f 4097 4094 4104
f 4077 4079 4078
f 4085 4083 4084
f 4108 4087 4111
f 4087 4108 4110
f 4110 4086 4087
f 4088 4087 4086
f 4077 4075 4081
f 4111 4109 4108
f 4095 4112 4094
f 4084 4112 4095
f 4077 4078 4076
f 4077 4076 4075
f 4113 4096 4097
f 4096 4113 4106
f 4113 4089 4106
f 4113 4100 4089
f 4084 4095 4085
f 4115 4085 4095
f 4099 4105 4101
f 4101 4100 4099
f 4096 4106 4091
f 4110 4096 4091
f 4096 4110 4108
f 4096 4108 4098
f 4094 4097 4096
f 4093 4094 4096
f 4093 4096 4098
f 4095 4094 4093
f 4101 4089 4100
f 4086 4105 4088
f 4107 4109 4115
f 4107 4115 4095
f 4098 4106 4093
f 4108 4107 4098
f 4098 4107 4106
f 4095 4093 4107
f 4107 4108 4109
f 4105 4091 4101
f 4106 4107 4090
f 4093 4090 4107
f 4093 4106 4089
f 4091 4105 4086
f 4106 4090 4091
f 4093 4089 4090
f 4091 4086 4110
f 4091 4090 4089
f 4091 4089 4101
f 4137 4141 4157
f 4157 4156 4137
f 4137 4156 4136
f 4137 4136 4135
f 4135 4141 4137
f 4136 4155 4151
f 4155 4148 4151
f 4135 4136 4151
f 4135 4151 4150
f 4150 4151 4148
f 4150 4167 4135
f 4156 4141 4135
f 4135 4167 4156
f 4155 4136 4131
f 4156 4144 4136
f 4144 4160 4136
f 4131 4136 4160
f 4157 4158 4146
f 4141 4142 4157
f 4172 4157 4142
f 4159 4157 4172
f 4158 4157 4159
f 4157 4146 4156
f 4133 4158 4161
f 4159 4161 4158
f 4158 4133 4160
f 4160 4144 4158
f 4158 4144 4146
f 4156 4146 4141
f 4167 4144 4156
f 4166 4148 4155
f 4163 4166 4155
f 4155 4131 4132
f 4132 4164 4155
f 4155 4164 4163
f 4133 4132 4131
f 4131 4160 4133
f 4143 4141 4144
f 4143 4142 4141
f 4144 4141 4146
f 4120 4121 4126
f 4122 4121 4120
f 4142 4129 4130
f 4162 4129 4142
f 4162 4142 4143
f 4130 4172 4142
f 4123 4121 4122
f 4134 4132 4133
f 4132 4134 4164
f 4148 4149 4150
f 4150 4149 4169
f 4169 4167 4150
f 4143 4153 4154
f 4143 4145 4153
f 4145 4143 4144
f 4170 4153 4145
f 4144 4167 4145
f 4145 4168 4170
f 4168 4145 4167
f 4148 4166 4147
f 4149 4148 4147
f 4128 4130 4129
f 4129 4127 4128
f 4127 4129 4162
f 4124 4121 4123
f 4169 4168 4167
f 4126 4121 4125
f 4125 4121 4124
f 4154 4153 4127
f 4161 4140 4133
f 4139 4140 4161
f 4140 4165 4133
f 4165 4134 4133
f 4119 4153 4173
f 4153 4119 4127
f 4153 4170 4173
f 4118 4152 4128
f 4152 4171 4128
f 4118 4128 4127
f 4118 4127 4119
f 4138 4139 4174
f 4140 4139 4138
f 4119 4117 4118
f 4118 4117 4116
f 4201 4149 4147
f 4149 4201 4202
f 4149 4202 4169
f 4166 4201 4147
f 4215 4169 4202
f 4168 4169 4215
f 4166 4163 4207
f 4201 4166 4207
f 4199 4168 4215
f 4168 4199 4170
f 4164 4207 4163
f 4206 4170 4199
f 4170 4206 4173
f 4206 4119 4173
f 4119 4206 4184
f 4117 4119 4176
f 4184 4176 4119
f 4117 4176 4175
f 4194 4138 4174
f 4204 4176 4185
f 4216 4204 4185
f 4164 4190 4207
f 4134 4190 4164
f 4194 4140 4138
f 4140 4194 4213
f 4165 4140 4189
f 4140 4213 4189
f 4190 4134 4189
f 4134 4165 4189
f 4185 4176 4184
f 4179 4182 4181
f 4179 4183 4182
f 4206 4205 4184
f 4184 4186 4185
f 4186 4184 4214
f 4206 4196 4205
f 4199 4196 4206
f 4179 4181 4180
f 4187 4185 4186
f 4210 4189 4213
f 4189 4210 4212
f 4212 4188 4189
f 4190 4189 4188
f 4179 4177 4183
f 4213 4211 4210
f 4197 4214 4196
f 4186 4214 4197
f 4179 4180 4178
f 4179 4178 4177
f 4215 4198 4199
f 4198 4215 4208
f 4215 4191 4208
f 4215 4202 4191
f 4186 4197 4187
f 4217 4187 4197
f 4201 4207 4203
f 4203 4202 4201
f 4198 4208 4193
f 4212 4198 4193
f 4198 4212 4210
f 4198 4210 4200
f 4196 4199 4198
f 4195 4196 4198
f 4195 4198 4200
f 4197 4196 4195
f 4203 4191 4202
f 4188 4207 4190
f 4209 4211 4217
f 4209 4217 4197
f 4200 4208 4195
f 4210 4209 4200
f 4200 4209 4208
f 4197 4195 4209
f 4209 4210 4211
f 4207 4193 4203
f 4208 4209 4192
f 4195 4192 4209
f 4195 4208 4191
f 4193 4207 4188
f 4208 4192 4193
f 4195 4191 4192
f 4193 4188 4212
f 4193 4192 4191
f 4193 4191 4203
f 4239 4243 4259
f 4259 4258 4239
f 4239 4258 4238
f 4239 4238 4237
f 4237 4243 4239
f 4238 4257 4253
f 4257 4250 4253
f 4237 4238 4253
f 4237 4253 4252
f 4252 4253 4250
f 4252 4269 4237
f 4258 4243 4237
f 4237 4269 4258
f 4257 4238 4233
f 4258 4246 4238
f 4246 4262 4238
f 4233 4238 4262
f 4259 4260 4248
f 4243 4244 4259
f 4274 4259 4244
f 4261 4259 4274
f 4260 4259 4261
f 4259 4248 4258
f 4235 4260 4263
f 4261 4263 4260
f 4260 4235 4262
f 4262 4246 4260
f 4260 4246 4248
f 4258 4248 4243
f 4269 4246 4258
f 4268 4250 4257
f 4265 4268 4257
f 4257 4233 4234
f 4234 4266 4257
f 4257 4266 4265
f 4235 4234 4233
f 4233 4262 4235
f 4245 4243 4246
f 4245 4244 4243
f 4246 4243 4248
f 4222 4223 4228
f 4224 4223 4222
f 4244 4231 4232
f 4264 4231 4244
f 4264 4244 4245
f 4232 4274 4244
f 4225 4223 4224
f 4236 4234 4235
f 4234 4236 4266
f 4250 4251 4252
f 4252 4251 4271
f 4271 4269 4252
f 4245 4255 4256
f 4245 4247 4255
f 4247 4245 4246
f 4272 4255 4247
f 4246 4269 4247
f 4247 4270 4272
f 4270 4247 4269
f 4250 4268 4249
f 4251 4250 4249
f 4230 4232 4231
f 4231 4229 4230
f 4229 4231 4264
f 4226 4223 4225
f 4271 4270 4269
f 4228 4223 4227
f 4227 4223 4226
f 4256 4255 4229
f 4263 4242 4235
f 4241 4242 4263
f 4242 4267 4235
f 4267 4236 4235
f 4221 4255 4275
f 4255 4221 4229
f 4255 4272 4275
f 4220 4254 4230
f 4254 4273 4230
f 4220 4230 4229
f 4220 4229 4221
f 4240 4241 4276
f 4242 4241 4240
f 4221 4219 4220
f 4220 4219 4218
f 4303 4251 4249
f 4251 4303 4304
f 4251 4304 4271
f 4268 4303 4249
f 4317 4271 4304
f 4270 4271 4317
f 4268 4265 4309
f 4303 4268 4309
f 4301 4270 4317
f 4270 4301 4272
f 4266 4309 4265
f 4308 4272 4301
f 4272 4308 4275
f 4308 4221 4275
f 4221 4308 4286
f 4219 4221 4278
f 4286 4278 4221
f 4219 4278 4277
f 4296 4240 4276
f 4306 4278 4287
f 4318 4306 4287
f 4266 4292 4309
f 4236 4292 4266
f 4296 4242 4240
f 4242 4296 4315
f 4267 4242 4291
f 4242 4315 4291
f 4292 4236 4291
f 4236 4267 4291
f 4287 4278 4286
f 4281 4284 4283
f 4281 4285 4284
f 4308 4307 4286
f 4286 4288 4287
f 4288 4286 4316
f 4308 4298 4307
f 4301 4298 4308
f 4281 4283 4282
f 4289 4287 4288
f 4312 4291 4315
f 4291 4312 4314
f 4314 4290 4291
f 4292 4291 4290
f 4281 4279 4285
f 4315 4313 4312
f 4299 4316 4298
f 4288 4316 4299
f 4281 4282 4280
f 4281 4280 4279
f 4317 4300 4301
f 4300 4317 4310
f 4317 4293 4310
f 4317 4304 4293
f 4288 4299 4289
f 4319 4289 4299
f 4303 4309 4305
f 4305 4304 4303
f 4300 4310 4295
f 4314 4300 4295
f 4300 4314 4312
f 4300 4312 4302
f 4298 4301 4300
f 4297 4298 4300
f 4297 4300 4302
f 4299 4298 4297
f 4305 4293 4304
f 4290 4309 4292
f 4311 4313 4319
f 4311 4319 4299
f 4302 4310 4297
f 4312 4311 4302
f 4302 4311 4310
f 4299 4297 4311
f 4311 4312 4313
f 4309 4295 4305
f 4310 4311 4294
f 4297 4294 4311
f 4297 4310 4293
f 4295 4309 4290
f 4310 4294 4295
f 4297 4293 4294
f 4295 4290 4314
f 4295 4294 4293
f 4295 4293 4305
f 4341 4345 4361
f 4361 4360 4341
f 4341 4360 4340
f 4341 4340 4339
f 4339 4345 4341
f 4340 4359 4355
f 4359 4352 4355
f 4339 4340 4355
f 4339 4355 4354
f 4354 4355 4352
f 4354 4371 4339
f 4360 4345 4339
f 4339 4371 4360
f 4359 4340 4335
f 4360 4348 4340
f 4348 4364 4340
f 4335 4340 4364
f 4361 4362 4350
f 4345 4346 4361
f 4376 4361 4346
f 4363 4361 4376
f 4362 4361 4363
f 4361 4350 4360
f 4337 4362 4365
f 4363 4365 4362
f 4362 4337 4364
f 4364 4348 4362
f 4362 4348 4350
f 4360 4350 4345
f 4371 4348 4360
f 4370 4352 4359
f 4367 4370 4359
f 4359 4335 4336
f 4336 4368 4359
f 4359 4368 4367
f 4337 4336 4335
f 4335 4364 4337
f 4347 4345 4348
f 4347 4346 4345
f 4348 4345 4350
f 4324 4325 4330
f 4326 4325 4324
f 4346 4333 4334
f 4366 4333 4346
f 4366 4346 4347
f 4334 4376 4346
f 4327 4325 4326
f 4338 4336 4337
f 4336 4338 4368
f 4352 4353 4354
f 4354 4353 4373
f 4373 4371 4354
f 4347 4357 4358
f 4347 4349 4357
f 4349 4347 4348
f 4374 4357 4349
f 4348 4371 4349
f 4349 4372 4374
f 4372 4349 4371
f 4352 4370 4351
f 4353 4352 4351
f 4332 4334 4333
f 4333 4331 4332
f 4331 4333 4366
f 4328 4325 4327
f 4373 4372 4371
f 4330 4325 4329
f 4329 4325 4328
f 4358 4357 4331
f 4365 4344 4337
f 4343 4344 4365
f 4344 4369 4337
f 4369 4338 4337
f 4323 4357 4377
f 4357 4323 4331
f 4357 4374 4377
f 4322 4356 4332
f 4356 4375 4332
f 4322 4332 4331
f 4322 4331 4323
f 4342 4343 4378
f 4344 4343 4342
f 4323 4321 4322
f 4322 4321 4320
f 4405 4353 4351
f 4353 4405 4406
f 4353 4406 4373
f 4370 4405 4351
f 4419 4373 4406
f 4372 4373 4419
f 4370 4367 4411
f 4405 4370 4411
f 4403 4372 4419
f 4372 4403 4374
f 4368 4411 4367
f 4410 4374 4403
f 4374 4410 4377
f 4410 4323 4377
f 4323 4410 4388
f 4321 4323 4380
f 4388 4380 4323
f 4321 4380 4379
f 4398 4342 4378
f 4408 4380 4389
f 4420 4408 4389
f 4368 4394 4411
f 4338 4394 4368
f 4398 4344 4342
f 4344 4398 4417
f 4369 4344 4393
f 4344 4417 4393
f 4394 4338 4393
f 4338 4369 4393
f 4389 4380 4388
f 4383 4386 4385
f 4383 4387 4386
f 4410 4409 4388
f 4388 4390 4389
f 4390 4388 4418
f 4410 4400 4409
f 4403 4400 4410
f 4383 4385 4384
f 4391 4389 4390
f 4414 4393 4417
f 4393 4414 4416
f 4416 4392 4393
f 4394 4393 4392
f 4383 4381 4387
f 4417 4415 4414
f 4401 4418 4400
f 4390 4418 4401
f 4383 4384 4382
f 4383 4382 4381
f 4419 4402 4403
f 4402 4419 4412
f 4419 4395 4412
f 4419 4406 4395
f 4390 4401 4391
f 4421 4391 4401
f 4405 4411 4407
f 4407 4406 4405
f 4402 4412 4397
f 4416 4402 4397
f 4402 4416 4414
f 4402 4414 4404
f 4400 4403 4402
f 4399 4400 4402
f 4399 4402 4404
f 4401 4400 4399
f 4407 4395 4406
f 4392 4411 4394
f 4413 4415 4421
f 4413 4421 4401
f 4404 4412 4399
f 4414 4413 4404
f 4404 4413 4412
f 4401 4399 4413
f 4413 4414 4415
f 4411 4397 4407
f 4412 4413 4396
f 4399 4396 4413
f 4399 4412 4395
f 4397 4411 4392
f 4412 4396 4397
f 4399 4395 4396
f 4397 4392 4416
f 4397 4396 4395
f 4397 4395 4407
f 4428 4427 4426
f 4427 4423 4426
f 4427 4428 4429
f 4428 4431 4429
f 4430 4431 4428
f 4442 4427 4444
f 4442 4422 4427
f 4444 4427 4429
f 4427 4422 4423
f 4425 4423 4424
f 4424 4423 4422
f 4444 4443 4442
f 4441 4422 4442
f 4442 4439 4441
f 4443 4439 4442
f 4441 4424 4422
f 4465 4453 4454
f 4453 4465 4467
f 4456 4467 4465
f 4445 4456 4465
f 4445 4465 4443
f 4443 4465 4439
f 4439 4465 4454
f 4444 4445 4443
f 4448 4445 4444
f 4444 4431 4448
f 4444 4429 4431
f 4441 4439 4440
f 4440 4439 4438
f 4439 4452 4438
f 4452 4439 4454
f 4456 4445 4446
f 4446 4445 4448
f 4454 4453 4452
f 4440 4424 4441
f 4457 4456 4455
f 4457 4458 4460
f 4458 4457 4455
f 4456 4446 4455
f 4461 4449 4466
f 4459 4449 4461
f 4461 4460 4459
f 4460 4458 4459
f 4463 4436 4434
f 4436 4463 4462
f 4432 4431 4430
f 4466 4450 4464
f 4466 4449 4450
f 4455 4446 4447
f 4448 4447 4446
f 4459 4458 4455
f 4464 4450 4462
f 4433 4448 4431
f 4451 4447 4448
f 4451 4448 4433
f 4459 4455 4447
f 4449 4459 4447
f 4462 4450 4436
f 4432 4433 4431
f 4447 4450 4449
f 4451 4450 4447
f 4450 4437 4436
f 4451 4437 4450
f 4451 4433 4437
f 4435 4436 4437
f 4436 4435 4434
f 4435 4433 4432
f 4435 4437 4433
f 4661 4660 4659
f 4662 4661 4659
f 4663 4662 4659
f 4664 4663 4659
f 4649 4648 4647
f 4650 4649 4647
f 4651 4650 4647
f 4652 4651 4647
f 4587 4586 4585
f 4588 4587 4585
f 4583 4582 4581
f 4584 4583 4581
f 4579 4578 4577
f 4580 4579 4577
f 4591 4590 4589
f 4592 4591 4589
f 4639 4638 4635
f 4640 4639 4635
f 4631 4630 4629
f 4632 4631 4629
f 4596 4595 4593
f 4603 4602 4599
f 4604 4603 4599
f 4595 4594 4593
f 4638 4637 4635
f 4633 4632 4629
f 4597 4596 4593
f 4602 4601 4599
f 4674 4673 4672
f 4667 4666 4665
f 4670 4669 4668
f 4671 4669 4670
f 4720 4719 4718
f 4721 4719 4720
f 4724 4723 4722
f 4727 4726 4725
f 4730 4729 4728
f 4707 4706 4705
f 4710 4709 4708
f 4711 4709 4710
f 4714 4713 4712
f 4717 4716 4715
f 4734 4733 4732
f 4731 4729 4730
f 4637 4636 4635
f 4634 4633 4629
f 4598 4597 4593
f 4601 4600 4599
f 4503 4502 4501
f 4516 4515 4513
f 4515 4514 4513
f 4515 4524 4514
f 4503 4518 4502
f 4518 4517 4502
f 4551 4549 4550
f 4552 4551 4550
f 4553 4551 4552
f 4565 4564 4563
f 4566 4565 4563
f 4550 4549 4547
f 4567 4566 4563
f 4549 4548 4547
f 4518 4525 4517
f 4524 4528 4523
f 4524 4523 4514
f 4572 4571 4554
f 4561 4560 4557
f 4562 4561 4557
f 4552 4572 4554
f 4573 4572 4552
f 4550 4573 4552
f 4574 4573 4550
f 4560 4559 4557
f 4536 4540 4535
f 4536 4535 4516
f 4501 4534 4504
f 4504 4503 4501
f 4481 4480 4479
f 4534 4533 4504
f 4534 4539 4533
f 4554 4553 4552
f 4547 4574 4550
f 4513 4536 4516
f 4520 4526 4519
f 4522 4527 4521
f 4479 4478 4477
f 4480 4478 4479
f 4490 4489 4488
f 4491 4490 4488
f 4478 4476 4477
f 4492 4491 4488
f 4477 4476 4474
f 4476 4475 4474
f 4520 4519 4510
f 4479 4477 4495
f 4496 4479 4495
f 4481 4479 4496
f 4522 4521 4508
f 4505 4522 4508
f 4477 4474 4494
f 4495 4477 4494
f 4469 4480 4481
f 4542 4556 4555
f 4493 4492 4488
f 4511 4520 4510
f 4511 4510 4509
f 4472 4470 4471
f 4473 4472 4471
f 4541 4542 4555
f 4555 4570 4541
f 4507 4506 4505
f 4508 4507 4505
f 4509 4532 4512
f 4512 4511 4509
f 4570 4569 4541
f 4530 4529 4506
f 4507 4530 4506
f 4568 4567 4563
f 4545 4543 4544
f 4546 4545 4544
f 4532 4531 4512
f 4532 4538 4531
f 4817 4816 4815
f 4820 4819 4818
f 4821 4819 4820
f 4824 4823 4822
f 4764 4763 4762
f 4757 4756 4755
f 4760 4759 4758
f 4761 4759 4760
f 4497 4481 4496
f 4468 4481 4497
f 4468 4469 4481
f 4576 4575 4546
f 4544 4576 4546
f 4559 4558 4557
f 4530 4537 4529
f 4470 4469 4468
f 4473 4471 4499
f 4500 4473 4499
f 4471 4470 4468
f 4471 4468 4498
f 4498 4468 4497
f 4499 4471 4498
f 4543 4542 4541
f 4544 4543 4541
f 4541 4569 4544
f 4569 4576 4544
f 4486 4485 4482
f 4487 4486 4482
f 4485 4484 4482
f 4900 4914 4899
f 4900 4899 4898
f 4912 4917 4911
f 4913 4912 4910
f 4912 4911 4910
f 4950 4949 4946
f 4962 4961 4941
f 4941 4961 4943
f 4951 4950 4946
f 4961 4960 4943
f 4941 4940 4939
f 4940 4938 4939
f 4955 4954 4952
f 4954 4953 4952
f 4942 4940 4941
f 4925 4929 4924
f 4939 4962 4941
f 4925 4924 4913
f 4923 4928 4922
f 4923 4922 4901
f 4898 4923 4901
f 4963 4962 4939
f 4949 4948 4946
f 4939 4938 4936
f 4956 4955 4952
f 4938 4937 4936
f 4810 4809 4808
f 4814 4813 4812
f 4747 4746 4745
f 4754 4753 4752
f 4807 4806 4805
f 4811 4809 4810
f 4751 4749 4750
f 4750 4749 4748
f 4943 4942 4941
f 4936 4963 4939
f 4484 4483 4482
f 4910 4925 4913
f 4901 4900 4898
f 4876 4874 4892
f 4893 4876 4892
f 4878 4876 4893
f 4878 4877 4876
f 4877 4875 4876
f 4876 4875 4874
f 4874 4871 4891
f 4892 4874 4891
f 4875 4873 4874
f 4874 4873 4871
f 4887 4886 4885
f 4888 4887 4885
f 4889 4888 4885
f 4873 4872 4871
f 4908 4915 4907
f 4902 4916 4905
f 4908 4907 4906
f 4866 4877 4878
f 4931 4945 4944
f 4944 4959 4930
f 4930 4931 4944
f 4959 4958 4930
f 4904 4903 4902
f 4905 4904 4902
f 4909 4908 4906
f 4906 4921 4909
f 4894 4878 4893
f 4865 4878 4894
f 4865 4866 4878
f 4921 4920 4909
f 4921 4927 4920
f 4890 4889 4885
f 4904 4919 4903
f 4919 4918 4903
f 4869 4867 4868
f 4919 4926 4918
f 4870 4869 4868
f 4957 4956 4952
f 4935 4934 4933
f 4934 4932 4933
f 4933 4965 4935
f 4965 4964 4935
f 4948 4947 4946
f 4897 4870 4896
f 4870 4868 4896
f 4867 4866 4865
f 4868 4867 4865
f 4895 4865 4894
f 4868 4865 4895
f 4896 4868 4895
f 4932 4931 4930
f 4933 4932 4930
f 4930 4958 4933
f 4958 4965 4933
f 4883 4882 4879
f 4884 4883 4879
f 4882 4881 4879
f 4881 4880 4879
f 4780 4779 4778
f 4781 4779 4780
f 4844 4843 4842
f 4784 4783 4782
f 4837 4836 4835
f 4840 4839 4838
f 4841 4839 4840
f 4777 4776 4775
f 4827 4826 4825
f 4767 4766 4765
f 4771 4769 4770
f 4770 4769 4768
f 4774 4773 4772
f 4831 4829 4830
f 4830 4829 4828
f 4834 4833 4832
f 4864 4863 4862
f 4857 4856 4855
f 4797 4796 4795
f 4801 4799 4800
f 4800 4799 4798
f 4804 4803 4802
f 4860 4859 4858
f 4861 4859 4860
f 4985 4984 4980
f 4984 4983 4980
f 4994 4977 4993
f 4979 4977 4994
f 4995 4979 4994
f 4983 4982 4980
f 4993 4975 4992
f 4977 4975 4993
f 4966 4979 4995
f 4996 4966 4995
f 4975 4972 4992
f 4982 4981 4980
f 4998 4971 4997
f 4997 4969 4996
f 4969 4966 4996
f 4971 4969 4997
f 5016 5015 5000
f 5001 5016 5000
f 5014 5013 5011
f 5013 5012 5011
f 5013 5022 5012
f 5001 5000 4999
f 5060 5059 5055
f 5059 5058 5055
f 5050 5070 5052
f 5070 5069 5052
f 5071 5070 5050
f 4999 5032 5002
f 5034 5038 5033
f 5034 5033 5014
f 5032 5037 5031
f 5032 5031 5002
f 5051 5049 5050
f 5049 5047 5048
f 5050 5049 5048
f 5064 5063 5061
f 5063 5062 5061
f 5058 5057 5055
f 5072 5071 5048
f 5048 5071 5050
f 5048 5047 5045
f 5047 5046 5045
f 5052 5051 5050
f 5022 5026 5021
f 5022 5021 5012
f 5016 5023 5015
f 5045 5072 5048
f 5011 5034 5014
f 4978 4976 4977
f 5002 5001 4999
f 4979 4978 4977
f 5065 5064 5061
f 4977 4976 4975
f 4975 4974 4972
f 4976 4974 4975
f 4989 4988 4986
f 4988 4987 4986
f 4966 4967 4979
f 4967 4978 4979
f 4990 4989 4986
f 4974 4973 4972
f 5028 5035 5027
f 5030 5036 5029
f 5007 5030 5010
f 5030 5029 5010
f 5068 5067 5039
f 5053 5068 5039
f 5039 5040 5053
f 5040 5054 5053
f 5028 5027 5004
f 4971 4970 4969
f 5009 5008 5007
f 5010 5009 5007
f 5005 5028 5004
f 5005 5004 5003
f 5074 5073 5044
f 5057 5056 5055
f 5044 5043 5042
f 5042 5074 5044
f 4794 4793 4792
f 4790 4789 4788
f 4847 4846 4845
f 4791 4789 4790
f 4851 4849 4850
f 4850 4849 4848
f 4787 4786 4785
f 4854 4853 4852
f 5043 5041 5042
f 5066 5065 5061
f 5018 5017 5008
f 5009 5018 5008
f 5003 5020 5006
f 4968 4967 4966
f 5006 5005 5003
f 4970 4968 4969
f 4991 4990 4986
f 5018 5024 5017
f 4969 4968 4966
f 5020 5025 5019
f 5020 5019 5006
f 5042 5041 5039
f 5041 5040 5039
f 5039 5067 5042
f 5067 5074 5042
f 4607 4606 4605
f 4616 4615 4611
f 4615 4614 4611
f 4608 4607 4605
f 4620 4619 4617
f 4619 4618 4617
f 4628 4627 4623
f 4627 4626 4623
f 4609 4608 4605
f 4621 4620 4617
f 4614 4613 4611
f 4626 4625 4623
f 4737 4736 4735
f 4740 4739 4738
f 4741 4739 4740
f 4744 4743 4742
f 4697 4696 4695
f 4701 4699 4700
f 4704 4703 4702
f 4700 4699 4698
f 4677 4676 4675
f 4694 4693 4692
f 4691 4689 4690
f 4680 4679 4678
f 4681 4679 4680
f 4684 4683 4682
f 4687 4686 4685
f 4690 4689 4688
f 4610 4609 4605
f 4625 4624 4623
f 4622 4621 4617
f 4613 4612 4611
f 4645 4644 4641
f 4644 4643 4641
f 4643 4642 4641
f 4646 4645 4641
f 4658 4657 4653
f 4657 4656 4653
f 4656 4655 4653
f 4655 4654 4653
f 5190 5204 5189
f 5204 5205 5189
f 5183 5184 5169
f 5184 5185 5168
f 5206 5208 5196
f 5196 5208 5194
f 5208 5203 5194
f 5194 5203 5192
f 5203 5202 5192
f 5192 5202 5190
f 5202 5204 5190
f 5169 5184 5168
f 5171 5183 5169
f 5181 5183 5171
f 5173 5181 5171
f 5182 5181 5173
f 5198 5206 5196
f 5207 5206 5198
f 5200 5207 5198
f 5175 5182 5173
f 5179 5187 5177
f 5186 5182 5175
f 5177 5186 5175
f 5187 5186 5177
f 5082 5081 5079
f 5081 5080 5079
f 5092 5091 5089
f 5091 5090 5089
f 5092 5089 5097
f 5103 5088 5102
f 5088 5087 5086
f 5088 5086 5102
f 5087 5085 5086
f 5166 5151 5165
f 5154 5153 5152
f 5098 5092 5097
f 5151 5150 5149
f 5150 5148 5149
f 5161 5155 5160
f 5155 5152 5160
f 5151 5149 5165
f 5155 5154 5152
f 5093 5091 5092
f 5094 5093 5092
f 5094 5092 5098
f 5086 5083 5101
f 5102 5086 5101
f 5086 5085 5083
f 5217 5215 5216
f 5218 5217 5216
f 5219 5217 5218
f 5220 5219 5218
f 5221 5219 5220
f 5222 5221 5220
f 5099 5094 5098
f 5157 5155 5161
f 5162 5157 5161
f 5156 5154 5155
f 5165 5149 5164
f 5149 5148 5146
f 5148 5147 5146
f 5085 5084 5083
f 5157 5156 5155
f 5149 5146 5164
f 5211 5210 5209
f 5212 5211 5209
f 5215 5213 5214
f 5216 5215 5214
f 5096 5094 5099
f 5095 5093 5094
f 5096 5095 5094
f 5101 5083 5100
f 5083 5096 5100
f 5083 5084 5096
f 5214 5213 5212
f 5213 5211 5212
f 5158 5156 5157
f 5100 5096 5099
f 5159 5157 5162
f 5163 5159 5162
f 5146 5147 5159
f 5147 5158 5159
f 5084 5095 5096
f 5164 5146 5163
f 5159 5158 5157
f 5146 5159 5163
f 5175 5173 5174
f 5174 5173 5172
f 5173 5171 5172
f 5171 5169 5170
f 5170 5169 5167
f 5169 5168 5167
f 5172 5171 5170
f 5179 5177 5178
f 5180 5179 5178
f 5177 5175 5176
f 5176 5175 5174
f 5178 5177 5176
f 5190 5189 5188
f 5201 5200 5199
f 5200 5198 5199
f 5192 5190 5191
f 5191 5190 5188
f 5193 5192 5191
f 5194 5192 5193
f 5199 5198 5197
f 5198 5196 5197
f 5197 5196 5195
f 5196 5194 5195
f 5195 5194 5193
f 5134 5131 5139
f 5130 5129 5128
f 5130 5128 5144
f 5145 5130 5144
f 5134 5133 5131
f 5133 5132 5131
f 5129 5127 5128
f 5140 5134 5139
f 5119 5113 5118
f 5113 5110 5118
f 5124 5109 5123
f 5109 5108 5107
f 5108 5106 5107
f 5112 5111 5110
f 5109 5107 5123
f 5113 5112 5110
f 5136 5134 5140
f 5135 5133 5134
f 5136 5135 5134
f 5128 5127 5125
f 5144 5128 5143
f 5128 5125 5143
f 5115 5113 5119
f 5114 5112 5113
f 5120 5115 5119
f 5141 5136 5140
f 5127 5126 5125
f 5123 5107 5122
f 5106 5105 5104
f 5107 5106 5104
f 5232 5231 5230
f 5233 5231 5232
f 5234 5233 5232
f 5231 5229 5230
f 5235 5233 5234
f 5236 5235 5234
f 5115 5114 5113
f 5107 5104 5122
f 5229 5227 5228
f 5226 5225 5223
f 5225 5224 5223
f 5230 5229 5228
f 5138 5137 5136
f 5137 5135 5136
f 5138 5136 5141
f 5125 5138 5142
f 5143 5125 5142
f 5125 5126 5138
f 5227 5225 5226
f 5228 5227 5226
f 5116 5114 5115
f 5121 5117 5120
f 5117 5115 5120
f 5142 5138 5141
f 5105 5116 5117
f 5104 5105 5117
f 5122 5104 5121
f 5126 5137 5138
f 5117 5116 5115
f 5104 5117 5121
f 5078 5077 5075
f 5077 5076 5075
f 5258 5262 5278
f 5278 5277 5258
f 5258 5277 5257
f 5258 5257 5256
f 5256 5262 5258
f 5257 5276 5272
f 5276 5269 5272
f 5256 5257 5272
f 5256 5272 5271
f 5271 5272 5269
f 5271 5288 5256
f 5277 5262 5256
f 5256 5288 5277
f 5276 5257 5252
f 5277 5265 5257
f 5265 5281 5257
f 5252 5257 5281
f 5278 5279 5267
f 5262 5263 5278
f 5293 5278 5263
f 5280 5278 5293
f 5279 5278 5280
f 5278 5267 5277
f 5254 5279 5282
f 5280 5282 5279
f 5279 5254 5281
f 5281 5265 5279
f 5279 5265 5267
f 5277 5267 5262
f 5288 5265 5277
f 5287 5269 5276
f 5284 5287 5276
f 5276 5252 5253
f 5253 5285 5276
f 5276 5285 5284
f 5254 5253 5252
f 5252 5281 5254
f 5264 5262 5265
f 5264 5263 5262
f 5265 5262 5267
f 5241 5242 5247
f 5243 5242 5241
f 5263 5250 5251
f 5283 5250 5263
f 5283 5263 5264
f 5251 5293 5263
f 5244 5242 5243
f 5255 5253 5254
f 5253 5255 5285
f 5269 5270 5271
f 5271 5270 5290
f 5290 5288 5271
f 5264 5274 5275
f 5264 5266 5274
f 5266 5264 5265
f 5291 5274 5266
f 5265 5288 5266
f 5266 5289 5291
f 5289 5266 5288
f 5269 5287 5268
f 5270 5269 5268
f 5249 5251 5250
f 5250 5248 5249
f 5248 5250 5283
f 5245 5242 5244
f 5290 5289 5288
f 5247 5242 5246
f 5246 5242 5245
f 5275 5274 5248
f 5282 5261 5254
f 5260 5261 5282
f 5261 5286 5254
f 5286 5255 5254
f 5240 5274 5294
f 5274 5240 5248
f 5274 5291 5294
f 5239 5273 5249
f 5273 5292 5249
f 5239 5249 5248
f 5239 5248 5240
f 5259 5260 5295
f 5261 5260 5259
f 5240 5238 5239
f 5239 5238 5237
f 5322 5270 5268
f 5270 5322 5323
f 5270 5323 5290
f 5287 5322 5268
f 5336 5290 5323
f 5289 5290 5336
f 5287 5284 5328
f 5322 5287 5328
f 5320 5289 5336
f 5289 5320 5291
f 5285 5328 5284
f 5327 5291 5320
f 5291 5327 5294
f 5327 5240 5294
f 5240 5327 5305
f 5238 5240 5297
f 5305 5297 5240
f 5238 5297 5296
f 5315 5259 5295
f 5325 5297 5306
f 5337 5325 5306
f 5285 5311 5328
f 5255 5311 5285
f 5315 5261 5259
f 5261 5315 5334
f 5286 5261 5310
f 5261 5334 5310
f 5311 5255 5310
f 5255 5286 5310
f 5306 5297 5305
f 5300 5303 5302
f 5300 5304 5303
f 5327 5326 5305
f 5305 5307 5306
f 5307 5305 5335
f 5327 5317 5326
f 5320 5317 5327
f 5300 5302 5301
f 5308 5306 5307
f 5331 5310 5334
f 5310 5331 5333
f 5333 5309 5310
f 5311 5310 5309
f 5300 5298 5304
f 5334 5332 5331
f 5318 5335 5317
f 5307 5335 5318
f 5300 5301 5299
f 5300 5299 5298
f 5336 5319 5320
f 5319 5336 5329
f 5336 5312 5329
f 5336 5323 5312
f 5307 5318 5308
f 5338 5308 5318
f 5322 5328 5324
f 5324 5323 5322
f 5319 5329 5314
f 5333 5319 5314
f 5319 5333 5331
f 5319 5331 5321
f 5317 5320 5319
f 5316 5317 5319
f 5316 5319 5321
f 5318 5317 5316
f 5324 5312 5323
f 5309 5328 5311
f 5330 5332 5338
f 5330 5338 5318
f 5321 5329 5316
f 5331 5330 5321
f 5321 5330 5329
f 5318 5316 5330
f 5330 5331 5332
f 5328 5314 5324
f 5329 5330 5313
f 5316 5313 5330
f 5316 5329 5312
f 5314 5328 5309
f 5329 5313 5314
f 5316 5312 5313
f 5314 5309 5333
f 5314 5313 5312
f 5314 5312 5324
f 5509 5505 5499
f 5509 5499 5503
f 5493 5503 5499
f 5499 5500 5487
f 5499 5487 5486
f 5499 5486 5493
f 5505 5500 5499
f 5515 5505 5509
f 5515 5511 5505
f 5511 5506 5505
f 5505 5506 5500
f 5500 5498 5487
f 5506 5502 5500
f 5502 5498 5500
f 5493 5486 5482
f 5487 5484 5486
f 5486 5484 5482
f 5518 5511 5515
f 5511 5512 5506
f 5518 5512 5511
f 5506 5508 5502
f 5512 5508 5506
f 5487 5488 5484
f 5487 5497 5488
f 5487 5498 5497
f 5512 5514 5508
f 5512 5518 5517
f 5521 5517 5518
f 5519 5514 5512
f 5519 5512 5517
f 5518 5515 5521
f 5517 5521 5519
f 5482 5494 5493
f 5503 5493 5494
f 5502 5491 5498
f 5498 5489 5497
f 5489 5498 5491
f 5520 5516 5513
f 5519 5520 5513
f 5519 5513 5514
f 5523 5488 5497
f 5488 5523 5522
f 5488 5522 5484
f 5504 5507 5510
f 5507 5504 5501
f 5501 5504 5496
f 5507 5516 5510
f 5513 5516 5507
f 5484 5522 5485
f 5484 5485 5483
f 5484 5483 5482
f 5514 5513 5508
f 5508 5507 5502
f 5508 5513 5507
f 5502 5507 5501
f 5492 5502 5501
f 5502 5492 5491
f 5501 5496 5492
f 5494 5482 5480
f 5482 5481 5480
f 5482 5483 5481
f 5497 5489 5523
f 5492 5496 5495
f 5491 5490 5489
f 5491 5492 5490
f 5413 5402 5405
f 5405 5402 5389
f 5406 5405 5389
f 5406 5404 5405
f 5405 5404 5403
f 5492 5495 5490
f 5401 5399 5400
f 5401 5400 5407
f 5400 5399 5398
f 5404 5407 5403
f 5411 5407 5404
f 5411 5401 5407
f 5413 5412 5395
f 5413 5395 5402
f 5401 5463 5399
f 5463 5401 5411
f 5399 5355 5398
f 5353 5396 5398
f 5398 5355 5353
f 5396 5353 5397
f 5412 5396 5395
f 5396 5394 5395
f 5396 5397 5394
f 5458 5459 5404
f 5411 5404 5459
f 5458 5404 5406
f 5462 5463 5411
f 5410 5397 5386
f 5394 5397 5410
f 5387 5397 5353
f 5384 5397 5387
f 5397 5384 5386
f 5399 5463 5355
f 5354 5378 5353
f 5465 5354 5417
f 5355 5354 5353
f 5417 5354 5355
f 5353 5377 5375
f 5353 5378 5377
f 5375 5387 5353
f 5402 5395 5388
f 5389 5402 5388
f 5395 5394 5388
f 5345 5377 5378
f 5377 5379 5376
f 5345 5379 5377
f 5377 5376 5375
f 5462 5445 5463
f 5445 5462 5460
f 5394 5410 5393
f 5388 5394 5393
f 5418 5355 5463
f 5417 5355 5418
f 5417 5466 5465
f 5410 5386 5393
f 5384 5387 5381
f 5384 5381 5382
f 5384 5382 5348
f 5384 5348 5383
f 5386 5384 5383
f 5432 5433 5434
f 5433 5432 5431
f 5431 5430 5433
f 5350 5386 5383
f 5393 5386 5350
f 5430 5431 5428
f 5428 5429 5430
f 5388 5393 5362
f 5390 5389 5388
f 5390 5388 5362
f 5379 5345 5343
f 5385 5379 5343
f 5379 5385 5376
f 5432 5434 5436
f 5429 5428 5427
f 5435 5436 5429
f 5381 5385 5380
f 5382 5381 5380
f 5435 5429 5427
f 5439 5437 5441
f 5439 5441 5440
f 5439 5438 5437
f 5463 5445 5418
f 5409 5406 5389
f 5409 5389 5390
f 5345 5344 5343
f 5345 5346 5344
f 5417 5420 5466
f 5385 5343 5380
f 5432 5436 5435
f 5383 5348 5350
f 5406 5409 5408
f 5406 5408 5458
f 5380 5348 5382
f 5439 5440 5442
f 5393 5350 5349
f 5362 5393 5349
f 5439 5442 5438
f 5409 5392 5408
f 5458 5408 5457
f 5461 5445 5460
f 5380 5343 5351
f 5380 5351 5348
f 5420 5417 5416
f 5419 5417 5418
f 5419 5415 5417
f 5415 5416 5417
f 5390 5362 5361
f 5362 5359 5361
f 5362 5349 5359
f 5344 5352 5343
f 5343 5352 5351
f 5446 5445 5444
f 5444 5445 5461
f 5446 5418 5445
f 5346 5366 5344
f 5344 5366 5369
f 5421 5422 5420
f 5421 5420 5416
f 5446 5443 5418
f 5419 5418 5443
f 5344 5369 5365
f 5352 5344 5363
f 5344 5365 5363
f 5349 5350 5348
f 5423 5422 5421
f 5349 5348 5347
f 5347 5348 5351
f 5352 5347 5351
f 5349 5360 5359
f 5349 5347 5360
f 5364 5342 5363
f 5340 5342 5364
f 5340 5364 5370
f 5450 5370 5364
f 5449 5450 5364
f 5449 5364 5368
f 5365 5368 5364
f 5365 5364 5363
f 5369 5367 5365
f 5368 5365 5367
f 5409 5390 5392
f 5390 5361 5391
f 5390 5391 5392
f 5357 5347 5352
f 5363 5357 5352
f 5374 5367 5369
f 5425 5423 5421
f 5423 5425 5424
f 5449 5368 5373
f 5373 5368 5374
f 5368 5367 5374
f 5416 5415 5414
f 5421 5416 5414
f 5363 5342 5357
f 5347 5356 5360
f 5347 5357 5356
f 5467 5443 5446
f 5444 5467 5446
f 5421 5414 5425
f 5370 5447 5371
f 5450 5448 5370
f 5448 5447 5370
f 5370 5339 5340
f 5370 5371 5339
f 5341 5340 5339
f 5341 5342 5340
f 5358 5356 5357
f 5341 5358 5357
f 5341 5357 5342
f 5425 5426 5424
f 5373 5374 5372
f 5468 5467 5444
f 5473 5472 5471
f 5472 5475 5471
f 5467 5469 5443
f 5453 5456 5455
f 5453 5455 5454
f 5419 5443 5464
f 5469 5464 5443
f 5472 5476 5475
f 5479 5476 5472
f 5479 5472 5474
f 5474 5472 5473
f 5476 5477 5475
f 5469 5470 5464
f 5373 5372 5371
f 5447 5449 5373
f 5447 5373 5371
f 5361 5359 5391
f 5479 5478 5476
f 5476 5478 5477
f 5453 5452 5451
f 5371 5372 5339
f 5453 5454 5452
f 5524 5555 5526
f 5655 5654 5649
f 5601 5604 5602
f 5611 5610 5609
f 5610 5608 5609
f 5608 5610 5605
f 5599 5605 5610
f 5600 5605 5599
f 5600 5601 5602
f 5601 5600 5599
f 5602 5604 5603
f 5532 5533 5545
f 5541 5532 5545
f 5542 5532 5541
f 5541 5543 5542
f 5526 5525 5524
f 5543 5525 5542
f 5649 5654 5628
f 5628 5604 5649
f 5603 5604 5628
f 5527 5525 5526
f 5542 5525 5527
f 5658 5659 5657
f 5658 5657 5656
f 5533 5547 5544
f 5631 5630 5629
f 5631 5629 5646
f 5631 5646 5645
f 5593 5643 5642
f 5652 5629 5630
f 5652 5653 5629
f 5593 5591 5643
f 5594 5591 5593
f 5577 5594 5593
f 5574 5594 5577
f 5576 5574 5577
f 5545 5533 5544
f 5544 5547 5546
f 5544 5546 5576
f 5546 5574 5576
f 5658 5664 5659
f 5661 5664 5658
f 5557 5556 5524
f 5557 5558 5556
f 5559 5558 5557
f 5556 5555 5524
f 5663 5664 5661
f 5663 5661 5662
f 5662 5661 5660
f 5640 5637 5639
f 5639 5637 5638
f 5638 5637 5636
f 5641 5637 5640
f 5632 5633 5555
f 5634 5632 5558
f 5558 5632 5556
f 5632 5555 5556
f 5635 5634 5550
f 5550 5634 5553
f 5553 5634 5558
f 5633 5635 5555
f 5661 5658 5660
f 5547 5574 5546
f 5553 5558 5559
f 5660 5658 5656
f 5654 5652 5628
f 5527 5550 5548
f 5628 5652 5630
f 5628 5630 5603
f 5555 5635 5550
f 5527 5526 5550
f 5527 5548 5542
f 5552 5559 5554
f 5552 5553 5559
f 5532 5542 5537
f 5542 5548 5537
f 5550 5526 5555
f 5607 5605 5606
f 5607 5608 5605
f 5606 5605 5600
f 5603 5630 5631
f 5552 5554 5549
f 5549 5553 5552
f 5532 5537 5536
f 5534 5532 5536
f 5534 5533 5532
f 5530 5537 5548
f 5549 5530 5548
f 5550 5549 5548
f 5602 5606 5600
f 5553 5549 5550
f 5551 5530 5554
f 5554 5530 5549
f 5537 5530 5528
f 5537 5528 5536
f 5573 5574 5547
f 5575 5574 5573
f 5575 5594 5574
f 5591 5594 5575
f 5535 5578 5533
f 5535 5533 5534
f 5578 5547 5533
f 5528 5565 5536
f 5536 5565 5534
f 5534 5565 5566
f 5566 5569 5534
f 5534 5568 5535
f 5534 5569 5568
f 5551 5531 5530
f 5571 5578 5535
f 5571 5535 5568
f 5539 5602 5603
f 5631 5648 5603
f 5539 5603 5648
f 5606 5602 5651
f 5530 5529 5528
f 5531 5529 5530
f 5647 5631 5645
f 5631 5647 5648
f 5624 5623 5622
f 5627 5623 5624
f 5625 5623 5627
f 5626 5623 5625
f 5622 5623 5626
f 5528 5570 5565
f 5529 5564 5528
f 5564 5570 5528
f 5578 5573 5547
f 5613 5620 5612
f 5621 5620 5613
f 5621 5618 5620
f 5540 5602 5539
f 5540 5650 5602
f 5651 5602 5650
f 5570 5567 5565
f 5567 5566 5565
f 5644 5643 5590
f 5590 5643 5591
f 5614 5613 5612
f 5579 5573 5578
f 5595 5579 5578
f 5571 5595 5578
f 5618 5617 5616
f 5617 5618 5619
f 5619 5618 5621
f 5567 5569 5566
f 5590 5591 5589
f 5589 5591 5575
f 5569 5571 5568
f 5570 5564 5562
f 5564 5529 5561
f 5561 5529 5563
f 5587 5575 5573
f 5587 5589 5575
f 5648 5647 5596
f 5648 5584 5539
f 5648 5586 5584
f 5586 5648 5596
f 5616 5615 5614
f 5613 5614 5615
f 5615 5616 5617
f 5572 5569 5567
f 5564 5561 5562
f 5562 5561 5560
f 5579 5580 5573
f 5580 5587 5573
f 5582 5569 5572
f 5582 5572 5538
f 5572 5560 5538
f 5569 5582 5571
f 5582 5595 5571
f 5561 5538 5560
f 5582 5579 5595
f 5563 5538 5561
f 5563 5540 5538
f 5540 5539 5538
f 5539 5583 5538
f 5539 5584 5583
f 5582 5581 5579
f 5579 5581 5580
f 5590 5596 5644
f 5580 5598 5587
f 5597 5598 5580
f 5581 5597 5580
f 5587 5598 5589
f 5538 5581 5582
f 5581 5538 5583
f 5584 5585 5583
f 5584 5586 5585
f 5586 5596 5592
f 5592 5596 5590
f 5676 5675 5674
f 5674 5682 5708
f 5683 5674 5675
f 5674 5683 5682
f 5590 5589 5588
f 5592 5590 5588
f 5680 5677 5676
f 5677 5675 5676
f 5681 5677 5680
f 5667 5666 5665
f 5666 5679 5665
f 5585 5586 5592
f 5670 5668 5669
f 5707 5668 5670
f 5708 5673 5707
f 5673 5708 5682
f 5669 5666 5667
f 5669 5668 5666
f 5681 5686 5677
f 5687 5677 5686
f 5677 5687 5675
f 5707 5673 5668
f 5675 5687 5683
f 5679 5666 5678
f 5678 5688 5679
f 5689 5686 5681
f 5682 5672 5673
f 5683 5672 5682
f 5668 5671 5666
f 5671 5678 5666
f 5689 5692 5686
f 5692 5687 5686
f 5692 5689 5695
f 5692 5693 5687
f 5701 5692 5695
f 5701 5698 5692
f 5698 5693 5692
f 5698 5699 5693
f 5701 5705 5698
f 5705 5704 5698
f 5698 5704 5699
f 5687 5691 5685
f 5683 5687 5685
f 5693 5691 5687
f 5699 5697 5693
f 5693 5697 5691
f 5699 5704 5697
f 5673 5672 5668
f 5668 5672 5671
f 5700 5703 5706
f 5696 5703 5700
f 5696 5700 5690
f 5690 5700 5694
f 5684 5694 5688
f 5690 5694 5684
f 5688 5678 5684
f 5697 5704 5702
f 5706 5702 5704
f 5702 5706 5703
f 5683 5685 5672
f 5671 5684 5678
f 5703 5697 5702
f 5697 5703 5696
f 5697 5696 5691
f 5672 5684 5671
f 5685 5684 5672
f 5691 5690 5685
f 5691 5696 5690
f 5685 5690 5684
f 5879 5875 5869
f 5879 5869 5873
f 5863 5873 5869
f 5869 5870 5857
f 5869 5857 5856
f 5869 5856 5863
f 5875 5870 5869
f 5885 5875 5879
f 5885 5881 5875
f 5881 5876 5875
f 5875 5876 5870
f 5870 5868 5857
f 5876 5872 5870
f 5872 5868 5870
f 5863 5856 5852
f 5857 5854 5856
f 5856 5854 5852
f 5888 5881 5885
f 5881 5882 5876
f 5888 5882 5881
f 5876 5878 5872
f 5882 5878 5876
f 5857 5858 5854
f 5857 5867 5858
f 5857 5868 5867
f 5882 5884 5878
f 5882 5888 5887
f 5891 5887 5888
f 5889 5884 5882
f 5889 5882 5887
f 5888 5885 5891
f 5887 5891 5889
f 5852 5864 5863
f 5873 5863 5864
f 5872 5861 5868
f 5868 5859 5867
f 5859 5868 5861
f 5890 5886 5883
f 5889 5890 5883
f 5889 5883 5884
f 5893 5858 5867
f 5858 5893 5892
f 5858 5892 5854
f 5874 5877 5880
f 5877 5874 5871
f 5871 5874 5866
f 5877 5886 5880
f 5883 5886 5877
f 5854 5892 5855
f 5854 5855 5853
f 5854 5853 5852
f 5884 5883 5878
f 5878 5877 5872
f 5878 5883 5877
f 5872 5877 5871
f 5862 5872 5871
f 5872 5862 5861
f 5871 5866 5862
f 5864 5852 5850
f 5852 5851 5850
f 5852 5853 5851
f 5867 5859 5893
f 5862 5866 5865
f 5861 5860 5859
f 5861 5862 5860
f 5783 5772 5775
f 5775 5772 5759
f 5776 5775 5759
f 5776 5774 5775
f 5775 5774 5773
f 5862 5865 5860
f 5771 5769 5770
f 5771 5770 5777
f 5770 5769 5768
f 5774 5777 5773
f 5781 5777 5774
f 5781 5771 5777
f 5783 5782 5765
f 5783 5765 5772
f 5771 5833 5769
f 5833 5771 5781
f 5769 5725 5768
f 5723 5766 5768
f 5768 5725 5723
f 5766 5723 5767
f 5782 5766 5765
f 5766 5764 5765
f 5766 5767 5764
f 5828 5829 5774
f 5781 5774 5829
f 5828 5774 5776
f 5832 5833 5781
f 5780 5767 5756
f 5764 5767 5780
f 5757 5767 5723
f 5754 5767 5757
f 5767 5754 5756
f 5769 5833 5725
f 5724 5748 5723
f 5835 5724 5787
f 5725 5724 5723
f 5787 5724 5725
f 5723 5747 5745
f 5723 5748 5747
f 5745 5757 5723
f 5772 5765 5758
f 5759 5772 5758
f 5765 5764 5758
f 5715 5747 5748
f 5747 5749 5746
f 5715 5749 5747
f 5747 5746 5745
f 5832 5815 5833
f 5815 5832 5830
f 5764 5780 5763
f 5758 5764 5763
f 5788 5725 5833
f 5787 5725 5788
f 5787 5836 5835
f 5780 5756 5763
f 5754 5757 5751
f 5754 5751 5752
f 5754 5752 5718
f 5754 5718 5753
f 5756 5754 5753
f 5802 5803 5804
f 5803 5802 5801
f 5801 5800 5803
f 5720 5756 5753
f 5763 5756 5720
f 5800 5801 5798
f 5798 5799 5800
f 5758 5763 5732
f 5760 5759 5758
f 5760 5758 5732
f 5749 5715 5713
f 5755 5749 5713
f 5749 5755 5746
f 5802 5804 5806
f 5799 5798 5797
f 5805 5806 5799
f 5751 5755 5750
f 5752 5751 5750
f 5805 5799 5797
f 5809 5807 5811
f 5809 5811 5810
f 5809 5808 5807
f 5833 5815 5788
f 5779 5776 5759
f 5779 5759 5760
f 5715 5714 5713
f 5715 5716 5714
f 5787 5790 5836
f 5755 5713 5750
f 5802 5806 5805
f 5753 5718 5720
f 5776 5779 5778
f 5776 5778 5828
f 5750 5718 5752
f 5809 5810 5812
f 5763 5720 5719
f 5732 5763 5719
f 5809 5812 5808
f 5779 5762 5778
f 5828 5778 5827
f 5831 5815 5830
f 5750 5713 5721
f 5750 5721 5718
f 5790 5787 5786
f 5789 5787 5788
f 5789 5785 5787
f 5785 5786 5787
f 5760 5732 5731
f 5732 5729 5731
f 5732 5719 5729
f 5714 5722 5713
f 5713 5722 5721
f 5816 5815 5814
f 5814 5815 5831
f 5816 5788 5815
f 5716 5736 5714
f 5714 5736 5739
f 5791 5792 5790
f 5791 5790 5786
f 5816 5813 5788
f 5789 5788 5813
f 5714 5739 5735
f 5722 5714 5733
f 5714 5735 5733
f 5719 5720 5718
f 5793 5792 5791
f 5719 5718 5717
f 5717 5718 5721
f 5722 5717 5721
f 5719 5730 5729
f 5719 5717 5730
f 5734 5712 5733
f 5710 5712 5734
f 5710 5734 5740
f 5820 5740 5734
f 5819 5820 5734
f 5819 5734 5738
f 5735 5738 5734
f 5735 5734 5733
f 5739 5737 5735
f 5738 5735 5737
f 5779 5760 5762
f 5760 5731 5761
f 5760 5761 5762
f 5727 5717 5722
f 5733 5727 5722
f 5744 5737 5739
f 5795 5793 5791
f 5793 5795 5794
f 5819 5738 5743
f 5743 5738 5744
f 5738 5737 5744
f 5786 5785 5784
f 5791 5786 5784
f 5733 5712 5727
f 5717 5726 5730
f 5717 5727 5726
f 5837 5813 5816
f 5814 5837 5816
f 5791 5784 5795
f 5740 5817 5741
f 5820 5818 5740
f 5818 5817 5740
f 5740 5709 5710
f 5740 5741 5709
f 5711 5710 5709
f 5711 5712 5710
f 5728 5726 5727
f 5711 5728 5727
f 5711 5727 5712
f 5795 5796 5794
f 5743 5744 5742
f 5838 5837 5814
f 5843 5842 5841
f 5842 5845 5841
f 5837 5839 5813
f 5823 5826 5825
f 5823 5825 5824
f 5789 5813 5834
f 5839 5834 5813
f 5842 5846 5845
f 5849 5846 5842
f 5849 5842 5844
f 5844 5842 5843
f 5846 5847 5845
f 5839 5840 5834
f 5743 5742 5741
f 5817 5819 5743
f 5817 5743 5741
f 5731 5729 5761
f 5849 5848 5846
f 5846 5848 5847
f 5823 5822 5821
f 5741 5742 5709
f 5823 5824 5822
f 5894 5925 5896
f 6025 6024 6019
f 5971 5974 5972
f 5981 5980 5979
f 5980 5978 5979
f 5978 5980 5975
f 5969 5975 5980
f 5970 5975 5969
f 5970 5971 5972
f 5971 5970 5969
f 5972 5974 5973
f 5902 5903 5915
f 5911 5902 5915
f 5912 5902 5911
f 5911 5913 5912
f 5896 5895 5894
f 5913 5895 5912
f 6019 6024 5998
f 5998 5974 6019
f 5973 5974 5998
f 5897 5895 5896
f 5912 5895 5897
f 6028 6029 6027
f 6028 6027 6026
f 5903 5917 5914
f 6001 6000 5999
f 6001 5999 6016
f 6001 6016 6015
f 5963 6013 6012
f 6022 5999 6000
f 6022 6023 5999
f 5963 5961 6013
f 5964 5961 5963
f 5947 5964 5963
f 5944 5964 5947
f 5946 5944 5947
f 5915 5903 5914
f 5914 5917 5916
f 5914 5916 5946
f 5916 5944 5946
f 6028 6034 6029
f 6031 6034 6028
f 5927 5926 5894
f 5927 5928 5926
f 5929 5928 5927
f 5926 5925 5894
f 6033 6034 6031
f 6033 6031 6032
f 6032 6031 6030
f 6010 6007 6009
f 6009 6007 6008
f 6008 6007 6006
f 6011 6007 6010
f 6002 6003 5925
f 6004 6002 5928
f 5928 6002 5926
f 6002 5925 5926
f 6005 6004 5920
f 5920 6004 5923
f 5923 6004 5928
f 6003 6005 5925
f 6031 6028 6030
f 5917 5944 5916
f 5923 5928 5929
f 6030 6028 6026
f 6024 6022 5998
f 5897 5920 5918
f 5998 6022 6000
f 5998 6000 5973
f 5925 6005 5920
f 5897 5896 5920
f 5897 5918 5912
f 5922 5929 5924
f 5922 5923 5929
f 5902 5912 5907
f 5912 5918 5907
f 5920 5896 5925
f 5977 5975 5976
f 5977 5978 5975
f 5976 5975 5970
f 5973 6000 6001
f 5922 5924 5919
f 5919 5923 5922
f 5902 5907 5906
f 5904 5902 5906
f 5904 5903 5902
f 5900 5907 5918
f 5919 5900 5918
f 5920 5919 5918
f 5972 5976 5970
f 5923 5919 5920
f 5921 5900 5924
f 5924 5900 5919
f 5907 5900 5898
f 5907 5898 5906
f 5943 5944 5917
f 5945 5944 5943
f 5945 5964 5944
f 5961 5964 5945
f 5905 5948 5903
f 5905 5903 5904
f 5948 5917 5903
f 5898 5935 5906
f 5906 5935 5904
f 5904 5935 5936
f 5936 5939 5904
f 5904 5938 5905
f 5904 5939 5938
f 5921 5901 5900
f 5941 5948 5905
f 5941 5905 5938
f 5909 5972 5973
f 6001 6018 5973
f 5909 5973 6018
f 5976 5972 6021
f 5900 5899 5898
f 5901 5899 5900
f 6017 6001 6015
f 6001 6017 6018
f 5994 5993 5992
f 5997 5993 5994
f 5995 5993 5997
f 5996 5993 5995
f 5992 5993 5996
f 5898 5940 5935
f 5899 5934 5898
f 5934 5940 5898
f 5948 5943 5917
f 5983 5990 5982
f 5991 5990 5983
f 5991 5988 5990
f 5910 5972 5909
f 5910 6020 5972
f 6021 5972 6020
f 5940 5937 5935
f 5937 5936 5935
f 6014 6013 5960
f 5960 6013 5961
f 5984 5983 5982
f 5949 5943 5948
f 5965 5949 5948
f 5941 5965 5948
f 5988 5987 5986
f 5987 5988 5989
f 5989 5988 5991
f 5937 5939 5936
f 5960 5961 5959
f 5959 5961 5945
f 5939 5941 5938
f 5940 5934 5932
f 5934 5899 5931
f 5931 5899 5933
f 5957 5945 5943
f 5957 5959 5945
f 6018 6017 5966
f 6018 5954 5909
f 6018 5956 5954
f 5956 6018 5966
f 5986 5985 5984
f 5983 5984 5985
f 5985 5986 5987
f 5942 5939 5937
f 5934 5931 5932
f 5932 5931 5930
f 5949 5950 5943
f 5950 5957 5943
f 5952 5939 5942
f 5952 5942 5908
f 5942 5930 5908
f 5939 5952 5941
f 5952 5965 5941
f 5931 5908 5930
f 5952 5949 5965
f 5933 5908 5931
f 5933 5910 5908
f 5910 5909 5908
f 5909 5953 5908
f 5909 5954 5953
f 5952 5951 5949
f 5949 5951 5950
f 5960 5966 6014
f 5950 5968 5957
f 5967 5968 5950
f 5951 5967 5950
f 5957 5968 5959
f 5908 5951 5952
f 5951 5908 5953
f 5954 5955 5953
f 5954 5956 5955
f 5956 5966 5962
f 5962 5966 5960
f 6046 6045 6044
f 6044 6052 6078
f 6053 6044 6045
f 6044 6053 6052
f 5960 5959 5958
f 5962 5960 5958
f 6050 6047 6046
f 6047 6045 6046
f 6051 6047 6050
f 6037 6036 6035
f 6036 6049 6035
f 5955 5956 5962
f 6040 6038 6039
f 6077 6038 6040
f 6078 6043 6077
f 6043 6078 6052
f 6039 6036 6037
f 6039 6038 6036
f 6051 6056 6047
f 6057 6047 6056
f 6047 6057 6045
f 6077 6043 6038
f 6045 6057 6053
f 6049 6036 6048
f 6048 6058 6049
f 6059 6056 6051
f 6052 6042 6043
f 6053 6042 6052
f 6038 6041 6036
f 6041 6048 6036
f 6059 6062 6056
f 6062 6057 6056
f 6062 6059 6065
f 6062 6063 6057
f 6071 6062 6065
f 6071 6068 6062
f 6068 6063 6062
f 6068 6069 6063
f 6071 6075 6068
f 6075 6074 6068
f 6068 6074 6069
f 6057 6061 6055
f 6053 6057 6055
f 6063 6061 6057
f 6069 6067 6063
f 6063 6067 6061
f 6069 6074 6067
f 6043 6042 6038
f 6038 6042 6041
f 6070 6073 6076
f 6066 6073 6070
f 6066 6070 6060
f 6060 6070 6064
f 6054 6064 6058
f 6060 6064 6054
f 6058 6048 6054
f 6067 6074 6072
f 6076 6072 6074
f 6072 6076 6073
f 6053 6055 6042
f 6041 6054 6048
f 6073 6067 6072
f 6067 6073 6066
f 6067 6066 6061
f 6042 6054 6041
f 6055 6054 6042
f 6061 6060 6055
f 6061 6066 6060
f 6055 6060 6054
f 6133 6132 6131
f 6134 6132 6133
f 6129 6128 6127
f 6130 6128 6129
f 6121 6120 6119
f 6117 6116 6115
f 6116 6117 6118
f 6113 6112 6111
f 6105 6104 6103
f 6104 6105 6106
f 6081 6080 6079
f 6082 6080 6081
f 6112 6113 6114
f 6101 6100 6099
f 6102 6100 6101
f 6093 6092 6091
f 6094 6092 6093
f 6089 6088 6087
f 6090 6088 6089
f 6149 6148 6147
f 6150 6148 6149
f 6145 6144 6143
f 6146 6144 6145
f 6137 6136 6135
f 6122 6120 6121
f 6138 6136 6137
f 6085 6084 6083
f 6086 6084 6085
f 6141 6140 6139
f 6142 6140 6141
f 6125 6124 6123
f 6126 6124 6125
f 6109 6108 6107
f 6108 6109 6110
f 6097 6096 6095
f 6098 6096 6097
f 6184 6152 6151
f 6151 6183 6184
f 6216 6184 6183
f 6183 6215 6216
f 6248 6216 6215
f 6215 6247 6248
f 6280 6248 6247
f 6247 6279 6280
f 6312 6280 6279
f 6279 6311 6312
f 6344 6312 6311
f 6311 6343 6344
f 6376 6344 6343
f 6343 6375 6376
f 6408 6376 6375
f 6375 6407 6408
f 6440 6408 6407
f 6407 6439 6440
f 6472 6440 6439
f 6439 6471 6472
f 6504 6472 6471
f 6471 6503 6504
f 6536 6504 6503
f 6503 6535 6536
f 6568 6536 6535
f 6535 6567 6568
f 6600 6568 6567
f 6567 6599 6600
f 6632 6600 6599
f 6599 6631 6632
f 6664 6632 6631
f 6631 6663 6664
f 6696 6664 6663
f 6663 6695 6696
f 6728 6696 6695
f 6695 6727 6728
f 6760 6728 6727
f 6727 6759 6760
f 6792 6760 6759
f 6759 6791 6792
f 6824 6792 6791
f 6791 6823 6824
f 6856 6824 6823
f 6823 6855 6856
f 6888 6856 6855
f 6855 6887 6888
f 6920 6888 6887
f 6887 6919 6920
f 6952 6920 6919
f 6919 6951 6952
f 6984 6952 6951
f 6951 6983 6984
f 7016 6984 6983
f 6983 7015 7016
f 7048 7016 7015
f 7015 7047 7048
f 7080 7048 7047
f 7047 7079 7080
f 7112 7080 7079
f 7079 7111 7112
f 7144 7112 7111
f 7111 7143 7144
f 6185 6153 6152
f 6152 6184 6185
f 6217 6185 6184
f 6184 6216 6217
f 6249 6217 6216
f 6216 6248 6249
f 6281 6249 6248
f 6248 6280 6281
f 6313 6281 6280
f 6280 6312 6313
f 6345 6313 6312
f 6312 6344 6345
f 6377 6345 6344
f 6344 6376 6377
f 6409 6377 6376
f 6376 6408 6409
f 6441 6409 6408
f 6408 6440 6441
f 6473 6441 6440
f 6440 6472 6473
f 6505 6473 6472
f 6472 6504 6505
f 6537 6505 6504
f 6504 6536 6537
f 6569 6537 6536
f 6536 6568 6569
f 6601 6569 6568
f 6568 6600 6601
f 6633 6601 6600
f 6600 6632 6633
f 6665 6633 6632
f 6632 6664 6665
f 6697 6665 6664
f 6664 6696 6697
f 6729 6697 6696
f 6696 6728 6729
f 6761 6729 6728
f 6728 6760 6761
f 6793 6761 6760
f 6760 6792 6793
f 6825 6793 6792
f 6792 6824 6825
f 6857 6825 6824
f 6824 6856 6857
f 6889 6857 6856
f 6856 6888 6889
f 6921 6889 6888
f 6888 6920 6921
f 6953 6921 6920
f 6920 6952 6953
f 6985 6953 6952
f 6952 6984 6985
f 7017 6985 6984
f 6984 7016 7017
f 7049 7017 7016
f 7016 7048 7049
f 7081 7049 7048
f 7048 7080 7081
f 7113 7081 7080
f 7080 7112 7113
f 7145 7113 7112
f 7112 7144 7145
f 6186 6154 6153
f 6153 6185 6186
f 6218 6186 6185
f 6185 6217 6218
f 6250 6218 6217
f 6217 6249 6250
f 6282 6250 6249
f 6249 6281 6282
f 6314 6282 6281
f 6281 6313 6314
f 6346 6314 6313
f 6313 6345 6346
f 6378 6346 6345
f 6345 6377 6378
f 6410 6378 6377
f 6377 6409 6410
f 6442 6410 6409
f 6409 6441 6442
f 6474 6442 6441
f 6441 6473 6474
f 6506 6474 6473
f 6473 6505 6506
f 6538 6506 6505
f 6505 6537 6538
f 6570 6538 6537
f 6537 6569 6570
f 6602 6570 6569
f 6569 6601 6602
f 6634 6602 6601
f 6601 6633 6634
f 6666 6634 6633
f 6633 6665 6666
f 6698 6666 6665
f 6665 6697 6698
f 6730 6698 6697
f 6697 6729 6730
f 6762 6730 6729
f 6729 6761 6762
f 6794 6762 6761
f 6761 6793 6794
f 6826 6794 6793
f 6793 6825 6826
f 6858 6826 6825
f 6825 6857 6858
f 6890 6858 6857
f 6857 6889 6890
f 6922 6890 6889
f 6889 6921 6922
f 6954 6922 6921
f 6921 6953 6954
f 6986 6954 6953
f 6953 6985 6986
f 7018 6986 6985
f 6985 7017 7018
f 7050 7018 7017
f 7017 7049 7050
f 7082 7050 7049
f 7049 7081 7082
f 7114 7082 7081
f 7081 7113 7114
f 7146 7114 7113
f 7113 7145 7146
f 6187 6155 6154
f 6154 6186 6187
f 6219 6187 6186
f 6186 6218 6219
f 6251 6219 6218
f 6218 6250 6251
f 6283 6251 6250
f 6250 6282 6283
f 6315 6283 6282
f 6282 6314 6315
f 6347 6315 6314
f 6314 6346 6347
f 6379 6347 6346
f 6346 6378 6379
f 6411 6379 6378
f 6378 6410 6411
f 6443 6411 6410
f 6410 6442 6443
f 6475 6443 6442
f 6442 6474 6475
f 6507 6475 6474
f 6474 6506 6507
f 6539 6507 6506
f 6506 6538 6539
f 6571 6539 6538
f 6538 6570 6571
f 6603 6571 6570
f 6570 6602 6603
f 6635 6603 6602
f 6602 6634 6635
f 6667 6635 6634
f 6634 6666 6667
f 6699 6667 6666
f 6666 6698 6699
f 6731 6699 6698
f 6698 6730 6731
f 6763 6731 6730
f 6730 6762 6763
f 6795 6763 6762
f 6762 6794 6795
f 6827 6795 6794
f 6794 6826 6827
f 6859 6827 6826
f 6826 6858 6859
f 6891 6859 6858
f 6858 6890 6891
f 6923 6891 6890
f 6890 6922 6923
f 6955 6923 6922
f 6922 6954 6955
f 6987 6955 6954
f 6954 6986 6987
f 7019 6987 6986
f 6986 7018 7019
f 7051 7019 7018
f 7018 7050 7051
f 7083 7051 7050
f 7050 7082 7083
f 7115 7083 7082
f 7082 7114 7115
f 7147 7115 7114
f 7114 7146 7147
f 6188 6156 6155
f 6155 6187 6188
f 6220 6188 6187
f 6187 6219 6220
f 6252 6220 6219
f 6219 6251 6252
f 6284 6252 6251
f 6251 6283 6284
f 6316 6284 6283
f 6283 6315 6316
f 6348 6316 6315
f 6315 6347 6348
f 6380 6348 6347
f 6347 6379 6380
f 6412 6380 6379
f 6379 6411 6412
f 6444 6412 6411
f 6411 6443 6444
f 6476 6444 6443
f 6443 6475 6476
f 6508 6476 6475
f 6475 6507 6508
f 6540 6508 6507
f 6507 6539 6540
f 6572 6540 6539
f 6539 6571 6572
f 6604 6572 6571
f 6571 6603 6604
f 6636 6604 6603
f 6603 6635 6636
f 6668 6636 6635
f 6635 6667 6668
f 6700 6668 6667
f 6667 6699 6700
f 6732 6700 6699
f 6699 6731 6732
f 6764 6732 6731
f 6731 6763 6764
f 6796 6764 6763
f 6763 6795 6796
f 6828 6796 6795
f 6795 6827 6828
f 6860 6828 6827
f 6827 6859 6860
f 6892 6860 6859
f 6859 6891 6892
f 6924 6892 6891
f 6891 6923 6924
f 6956 6924 6923
f 6923 6955 6956
f 6988 6956 6955
f 6955 6987 6988
f 7020 6988 6987
f 6987 7019 7020
f 7052 7020 7019
f 7019 7051 7052
f 7084 7052 7051
f 7051 7083 7084
f 7116 7084 7083
f 7083 7115 7116
f 7148 7116 7115
f 7115 7147 7148
f 6189 6157 6156
f 6156 6188 6189
f 6221 6189 6188
f 6188 6220 6221
f 6253 6221 6220
f 6220 6252 6253
f 6285 6253 6252
f 6252 6284 6285
f 6317 6285 6284
f 6284 6316 6317
f 6349 6317 6316
f 6316 6348 6349
f 6381 6349 6348
f 6348 6380 6381
f 6413 6381 6380
f 6380 6412 6413
f 6445 6413 6412
f 6412 6444 6445
f 6477 6445 6444
f 6444 6476 6477
f 6509 6477 6476
f 6476 6508 6509
f 6541 6509 6508
f 6508 6540 6541
f 6573 6541 6540
f 6540 6572 6573
f 6605 6573 6572
f 6572 6604 6605
f 6637 6605 6604
f 6604 6636 6637
f 6669 6637 6636
f 6636 6668 6669
f 6701 6669 6668
f 6668 6700 6701
f 6733 6701 6700
f 6700 6732 6733
f 6765 6733 6732
f 6732 6764 6765
f 6797 6765 6764
f 6764 6796 6797
f 6829 6797 6796
f 6796 6828 6829
f 6861 6829 6828
f 6828 6860 6861
f 6893 6861 6860
f 6860 6892 6893
f 6925 6893 6892
f 6892 6924 6925
f 6957 6925 6924
f 6924 6956 6957
f 6989 6957 6956
f 6956 6988 6989
f 7021 6989 6988
f 6988 7020 7021
f 7053 7021 7020
f 7020 7052 7053
f 7085 7053 7052
f 7052 7084 7085
f 7117 7085 7084
f 7084 7116 7117
f 7149 7117 7116
f 7116 7148 7149
f 6190 6158 6157
f 6157 6189 6190
f 6222 6190 6189
f 6189 6221 6222
f 6254 6222 6221
f 6221 6253 6254
f 6286 6254 6253
f 6253 6285 6286
f 6318 6286 6285
f 6285 6317 6318
f 6350 6318 6317
f 6317 6349 6350
f 6382 6350 6349
f 6349 6381 6382
f 6414 6382 6381
f 6381 6413 6414
f 6446 6414 6413
f 6413 6445 6446
f 6478 6446 6445
f 6445 6477 6478
f 6510 6478 6477
f 6477 6509 6510
f 6542 6510 6509
f 6509 6541 6542
f 6574 6542 6541
f 6541 6573 6574
f 6606 6574 6573
f 6573 6605 6606
f 6638 6606 6605
f 6605 6637 6638
f 6670 6638 6637
f 6637 6669 6670
f 6702 6670 6669
f 6669 6701 6702
f 6734 6702 6701
f 6701 6733 6734
f 6766 6734 6733
f 6733 6765 6766
f 6798 6766 6765
f 6765 6797 6798
f 6830 6798 6797
f 6797 6829 6830
f 6862 6830 6829
f 6829 6861 6862
f 6894 6862 6861
f 6861 6893 6894
f 6926 6894 6893
f 6893 6925 6926
f 6958 6926 6925
f 6925 6957 6958
f 6990 6958 6957
f 6957 6989 6990
f 7022 6990 6989
f 6989 7021 7022
f 7054 7022 7021
f 7021 7053 7054
f 7086 7054 7053
f 7053 7085 7086
f 7118 7086 7085
f 7085 7117 7118
f 7150 7118 7117
f 7117 7149 7150
f 6191 6159 6158
f 6158 6190 6191
f 6223 6191 6190
f 6190 6222 6223
f 6255 6223 6222
f 6222 6254 6255
f 6287 6255 6254
f 6254 6286 6287
f 6319 6287 6286
f 6286 6318 6319
f 6351 6319 6318
f 6318 6350 6351
f 6383 6351 6350
f 6350 6382 6383
f 6415 6383 6382
f 6382 6414 6415
f 6447 6415 6414
f 6414 6446 6447
f 6479 6447 6446
f 6446 6478 6479
f 6511 6479 6478
f 6478 6510 6511
f 6543 6511 6510
f 6510 6542 6543
f 6575 6543 6542
f 6542 6574 6575
f 6607 6575 6574
f 6574 6606 6607
f 6639 6607 6606
f 6606 6638 6639
f 6671 6639 6638
f 6638 6670 6671
f 6703 6671 6670
f 6670 6702 6703
f 6735 6703 6702
f 6702 6734 6735
f 6767 6735 6734
f 6734 6766 6767
f 6799 6767 6766
f 6766 6798 6799
f 6831 6799 6798
f 6798 6830 6831
f 6863 6831 6830
f 6830 6862 6863
f 6895 6863 6862
f 6862 6894 6895
f 6927 6895 6894
f 6894 6926 6927
f 6959 6927 6926
f 6926 6958 6959
f 6991 6959 6958
f 6958 6990 6991
f 7023 6991 6990
f 6990 7022 7023
f 7055 7023 7022
f 7022 7054 7055
f 7087 7055 7054
f 7054 7086 7087
f 7119 7087 7086
f 7086 7118 7119
f 7151 7119 7118
f 7118 7150 7151
f 6192 6160 6159
f 6159 6191 6192
f 6224 6192 6191
f 6191 6223 6224
f 6256 6224 6223
f 6223 6255 6256
f 6288 6256 6255
f 6255 6287 6288
f 6320 6288 6287
f 6287 6319 6320
f 6352 6320 6319
f 6319 6351 6352
f 6384 6352 6351
f 6351 6383 6384
f 6416 6384 6383
f 6383 6415 6416
f 6448 6416 6415
f 6415 6447 6448
f 6480 6448 6447
f 6447 6479 6480
f 6512 6480 6479
f 6479 6511 6512
f 6544 6512 6511
f 6511 6543 6544
f 6576 6544 6543
f 6543 6575 6576
f 6608 6576 6575
f 6575 6607 6608
f 6640 6608 6607
f 6607 6639 6640
f 6672 6640 6639
f 6639 6671 6672
f 6704 6672 6671
f 6671 6703 6704
f 6736 6704 6703
f 6703 6735 6736
f 6768 6736 6735
f 6735 6767 6768
f 6800 6768 6767
f 6767 6799 6800
f 6832 6800 6799
f 6799 6831 6832
f 6864 6832 6831
f 6831 6863 6864
f 6896 6864 6863
f 6863 6895 6896
f 6928 6896 6895
f 6895 6927 6928
f 6960 6928 6927
f 6927 6959 6960
f 6992 6960 6959
f 6959 6991 6992
f 7024 6992 6991
f 6991 7023 7024
f 7056 7024 7023
f 7023 7055 7056
f 7088 7056 7055
f 7055 7087 7088
f 7120 7088 7087
f 7087 7119 7120
f 7152 7120 7119
f 7119 7151 7152
f 6193 6161 6160
f 6160 6192 6193
f 6225 6193 6192
f 6192 6224 6225
f 6257 6225 6224
f 6224 6256 6257
f 6289 6257 6256
f 6256 6288 6289
f 6321 6289 6288
f 6288 6320 6321
f 6353 6321 6320
f 6320 6352 6353
f 6385 6353 6352
f 6352 6384 6385
f 6417 6385 6384
f 6384 6416 6417
f 6449 6417 6416
f 6416 6448 6449
f 6481 6449 6448
f 6448 6480 6481
f 6513 6481 6480
f 6480 6512 6513
f 6545 6513 6512
f 6512 6544 6545
f 6577 6545 6544
f 6544 6576 6577
f 6609 6577 6576
f 6576 6608 6609
f 6641 6609 6608
f 6608 6640 6641
f 6673 6641 6640
f 6640 6672 6673
f 6705 6673 6672
f 6672 6704 6705
f 6737 6705 6704
f 6704 6736 6737
f 6769 6737 6736
f 6736 6768 6769
f 6801 6769 6768
f 6768 6800 6801
f 6833 6801 6800
f 6800 6832 6833
f 6865 6833 6832
f 6832 6864 6865
f 6897 6865 6864
f 6864 6896 6897
f 6929 6897 6896
f 6896 6928 6929
f 6961 6929 6928
f 6928 6960 6961
f 6993 6961 6960
f 6960 6992 6993
f 7025 6993 6992
f 6992 7024 7025
f 7057 7025 7024
f 7024 7056 7057
f 7089 7057 7056
f 7056 7088 7089
f 7121 7089 7088
f 7088 7120 7121
f 7153 7121 7120
f 7120 7152 7153
f 6194 6162 6161
f 6161 6193 6194
f 6226 6194 6193
f 6193 6225 6226
f 6258 6226 6225
f 6225 6257 6258
f 6290 6258 6257
f 6257 6289 6290
f 6322 6290 6289
f 6289 6321 6322
f 6354 6322 6321
f 6321 6353 6354
f 6386 6354 6353
f 6353 6385 6386
f 6418 6386 6385
f 6385 6417 6418
f 6450 6418 6417
f 6417 6449 6450
f 6482 6450 6449
f 6449 6481 6482
f 6514 6482 6481
f 6481 6513 6514
f 6546 6514 6513
f 6513 6545 6546
f 6578 6546 6545
f 6545 6577 6578
f 6610 6578 6577
f 6577 6609 6610
f 6642 6610 6609
f 6609 6641 6642
f 6674 6642 6641
f 6641 6673 6674
f 6706 6674 6673
f 6673 6705 6706
f 6738 6706 6705
f 6705 6737 6738
f 6770 6738 6737
f 6737 6769 6770
f 6802 6770 6769
f 6769 6801 6802
f 6834 6802 6801
f 6801 6833 6834
f 6866 6834 6833
f 6833 6865 6866
f 6898 6866 6865
f 6865 6897 6898
f 6930 6898 6897
f 6897 6929 6930
f 6962 6930 6929
f 6929 6961 6962
f 6994 6962 6961
f 6961 6993 6994
f 7026 6994 6993
f 6993 7025 7026
f 7058 7026 7025
f 7025 7057 7058
f 7090 7058 7057
f 7057 7089 7090
f 7122 7090 7089
f 7089 7121 7122
f 7154 7122 7121
f 7121 7153 7154
f 6195 6163 6162
f 6162 6194 6195
f 6227 6195 6194
f 6194 6226 6227
f 6259 6227 6226
f 6226 6258 6259
f 6291 6259 6258
f 6258 6290 6291
f 6323 6291 6290
f 6290 6322 6323
f 6355 6323 6322
f 6322 6354 6355
f 6387 6355 6354
f 6354 6386 6387
f 6419 6387 6386
f 6386 6418 6419
f 6451 6419 6418
f 6418 6450 6451
f 6483 6451 6450
f 6450 6482 6483
f 6515 6483 6482
f 6482 6514 6515
f 6547 6515 6514
f 6514 6546 6547
f 6579 6547 6546
f 6546 6578 6579
f 6611 6579 6578
f 6578 6610 6611
f 6643 6611 6610
f 6610 6642 6643
f 6675 6643 6642
f 6642 6674 6675
f 6707 6675 6674
f 6674 6706 6707
f 6739 6707 6706
f 6706 6738 6739
f 6771 6739 6738
f 6738 6770 6771
f 6803 6771 6770
f 6770 6802 6803
f 6835 6803 6802
f 6802 6834 6835
f 6867 6835 6834
f 6834 6866 6867
f 6899 6867 6866
f 6866 6898 6899
f 6931 6899 6898
f 6898 6930 6931
f 6963 6931 6930
f 6930 6962 6963
f 6995 6963 6962
f 6962 6994 6995
f 7027 6995 6994
f 6994 7026 7027
f 7059 7027 7026
f 7026 7058 7059
f 7091 7059 7058
f 7058 7090 7091
f 7123 7091 7090
f 7090 7122 7123
f 7155 7123 7122
f 7122 7154 7155
f 6196 6164 6163
f 6163 6195 6196
f 6228 6196 6195
f 6195 6227 6228
f 6260 6228 6227
f 6227 6259 6260
f 6292 6260 6259
f 6259 6291 6292
f 6324 6292 6291
f 6291 6323 6324
f 6356 6324 6323
f 6323 6355 6356
f 6388 6356 6355
f 6355 6387 6388
f 6420 6388 6387
f 6387 6419 6420
f 6452 6420 6419
f 6419 6451 6452
f 6484 6452 6451
f 6451 6483 6484
f 6516 6484 6483
f 6483 6515 6516
f 6548 6516 6515
f 6515 6547 6548
f 6580 6548 6547
f 6547 6579 6580
f 6612 6580 6579
f 6579 6611 6612
f 6644 6612 6611
f 6611 6643 6644
f 6676 6644 6643
f 6643 6675 6676
f 6708 6676 6675
f 6675 6707 6708
f 6740 6708 6707
f 6707 6739 6740
f 6772 6740 6739
f 6739 6771 6772
f 6804 6772 6771
f 6771 6803 6804
f 6836 6804 6803
f 6803 6835 6836
f 6868 6836 6835
f 6835 6867 6868
f 6900 6868 6867
f 6867 6899 6900
f 6932 6900 6899
f 6899 6931 6932
f 6964 6932 6931
f 6931 6963 6964
f 6996 6964 6963
f 6963 6995 6996
f 7028 6996 6995
f 6995 7027 7028
f 7060 7028 7027
f 7027 7059 7060
f 7092 7060 7059
f 7059 7091 7092
f 7124 7092 7091
f 7091 7123 7124
f 7156 7124 7123
f 7123 7155 7156
f 6197 6165 6164
f 6164 6196 6197
f 6229 6197 6196
f 6196 6228 6229
f 6261 6229 6228
f 6228 6260 6261
f 6293 6261 6260
f 6260 6292 6293
f 6325 6293 6292
f 6292 6324 6325
f 6357 6325 6324
f 6324 6356 6357
f 6389 6357 6356
f 6356 6388 6389
f 6421 6389 6388
f 6388 6420 6421
f 6453 6421 6420
f 6420 6452 6453
f 6485 6453 6452
f 6452 6484 6485
f 6517 6485 6484
f 6484 6516 6517
f 6549 6517 6516
f 6516 6548 6549
f 6581 6549 6548
f 6548 6580 6581
f 6613 6581 6580
f 6580 6612 6613
f 6645 6613 6612
f 6612 6644 6645
f 6677 6645 6644
f 6644 6676 6677
f 6709 6677 6676
f 6676 6708 6709
f 6741 6709 6708
f 6708 6740 6741
f 6773 6741 6740
f 6740 6772 6773
f 6805 6773 6772
f 6772 6804 6805
f 6837 6805 6804
f 6804 6836 6837
f 6869 6837 6836
f 6836 6868 6869
f 6901 6869 6868
f 6868 6900 6901
f 6933 6901 6900
f 6900 6932 6933
f 6965 6933 6932
f 6932 6964 6965
f 6997 6965 6964
f 6964 6996 6997
f 7029 6997 6996
f 6996 7028 7029
f 7061 7029 7028
f 7028 7060 7061
f 7093 7061 7060
f 7060 7092 7093
f 7125 7093 7092
f 7092 7124 7125
f 7157 7125 7124
f 7124 7156 7157
f 6198 6166 6165
f 6165 6197 6198
f 6230 6198 6197
f 6197 6229 6230
f 6262 6230 6229
f 6229 6261 6262
f 6294 6262 6261
f 6261 6293 6294
f 6326 6294 6293
f 6293 6325 6326
f 6358 6326 6325
f 6325 6357 6358
f 6390 6358 6357
f 6357 6389 6390
f 6422 6390 6389
f 6389 6421 6422
f 6454 6422 6421
f 6421 6453 6454
f 6486 6454 6453
f 6453 6485 6486
f 6518 6486 6485
f 6485 6517 6518
f 6550 6518 6517
f 6517 6549 6550
f 6582 6550 6549
f 6549 6581 6582
f 6614 6582 6581
f 6581 6613 6614
f 6646 6614 6613
f 6613 6645 6646
f 6678 6646 6645
f 6645 6677 6678
f 6710 6678 6677
f 6677 6709 6710
f 6742 6710 6709
f 6709 6741 6742
f 6774 6742 6741
f 6741 6773 6774
f 6806 6774 6773
f 6773 6805 6806
f 6838 6806 6805
f 6805 6837 6838
f 6870 6838 6837
f 6837 6869 6870
f 6902 6870 6869
f 6869 6901 6902
f 6934 6902 6901
f 6901 6933 6934
f 6966 6934 6933
f 6933 6965 6966
f 6998 6966 6965
f 6965 6997 6998
f 7030 6998 6997
f 6997 7029 7030
f 7062 7030 7029
f 7029 7061 7062
f 7094 7062 7061
f 7061 7093 7094
f 7126 7094 7093
f 7093 7125 7126
f 7158 7126 7125
f 7125 7157 7158
f 6199 6167 6166
f 6166 6198 6199
f 6231 6199 6198
f 6198 6230 6231
f 6263 6231 6230
f 6230 6262 6263
f 6295 6263 6262
f 6262 6294 6295
f 6327 6295 6294
f 6294 6326 6327
f 6359 6327 6326
f 6326 6358 6359
f 6391 6359 6358
f 6358 6390 6391
f 6423 6391 6390
f 6390 6422 6423
f 6455 6423 6422
f 6422 6454 6455
f 6487 6455 6454
f 6454 6486 6487
f 6519 6487 6486
f 6486 6518 6519
f 6551 6519 6518
f 6518 6550 6551
f 6583 6551 6550
f 6550 6582 6583
f 6615 6583 6582
f 6582 6614 6615
f 6647 6615 6614
f 6614 6646 6647
f 6679 6647 6646
f 6646 6678 6679
f 6711 6679 6678
f 6678 6710 6711
f 6743 6711 6710
f 6710 6742 6743
f 6775 6743 6742
f 6742 6774 6775
f 6807 6775 6774
f 6774 6806 6807
f 6839 6807 6806
f 6806 6838 6839
f 6871 6839 6838
f 6838 6870 6871
f 6903 6871 6870
f 6870 6902 6903
f 6935 6903 6902
f 6902 6934 6935
f 6967 6935 6934
f 6934 6966 6967
f 6999 6967 6966
f 6966 6998 6999
f 7031 6999 6998
f 6998 7030 7031
f 7063 7031 7030
f 7030 7062 7063
f 7095 7063 7062
f 7062 7094 7095
f 7127 7095 7094
f 7094 7126 7127
f 7159 7127 7126
f 7126 7158 7159
f 6200 6168 6167
f 6167 6199 6200
f 6232 6200 6199
f 6199 6231 6232
f 6264 6232 6231
f 6231 6263 6264
f 6296 6264 6263
f 6263 6295 6296
f 6328 6296 6295
f 6295 6327 6328
f 6360 6328 6327
f 6327 6359 6360
f 6392 6360 6359
f 6359 6391 6392
f 6424 6392 6391
f 6391 6423 6424
f 6456 6424 6423
f 6423 6455 6456
f 6488 6456 6455
f 6455 6487 6488
f 6520 6488 6487
f 6487 6519 6520
f 6552 6520 6519
f 6519 6551 6552
f 6584 6552 6551
f 6551 6583 6584
f 6616 6584 6583
f 6583 6615 6616
f 6648 6616 6615
f 6615 6647 6648
f 6680 6648 6647
f 6647 6679 6680
f 6712 6680 6679
f 6679 6711 6712
f 6744 6712 6711
f 6711 6743 6744
f 6776 6744 6743
f 6743 6775 6776
f 6808 6776 6775
f 6775 6807 6808
f 6840 6808 6807
f 6807 6839 6840
f 6872 6840 6839
f 6839 6871 6872
f 6904 6872 6871
f 6871 6903 6904
f 6936 6904 6903
f 6903 6935 6936
f 6968 6936 6935
f 6935 6967 6968
f 7000 6968 6967
f 6967 6999 7000
f 7032 7000 6999
f 6999 7031 7032
f 7064 7032 7031
f 7031 7063 7064
f 7096 7064 7063
f 7063 7095 7096
f 7128 7096 7095
f 7095 7127 7128
f 7160 7128 7127
f 7127 7159 7160
f 6201 6169 6168
f 6168 6200 6201
f 6233 6201 6200
f 6200 6232 6233
f 6265 6233 6232
f 6232 6264 6265
f 6297 6265 6264
f 6264 6296 6297
f 6329 6297 6296
f 6296 6328 6329
f 6361 6329 6328
f 6328 6360 6361
f 6393 6361 6360
f 6360 6392 6393
f 6425 6393 6392
f 6392 6424 6425
f 6457 6425 6424
f 6424 6456 6457
f 6489 6457 6456
f 6456 6488 6489
f 6521 6489 6488
f 6488 6520 6521
f 6553 6521 6520
f 6520 6552 6553
f 6585 6553 6552
f 6552 6584 6585
f 6617 6585 6584
f 6584 6616 6617
f 6649 6617 6616
f 6616 6648 6649
f 6681 6649 6648
f 6648 6680 6681
f 6713 6681 6680
f 6680 6712 6713
f 6745 6713 6712
f 6712 6744 6745
f 6777 6745 6744
f 6744 6776 6777
f 6809 6777 6776
f 6776 6808 6809
f 6841 6809 6808
f 6808 6840 6841
f 6873 6841 6840
f 6840 6872 6873
f 6905 6873 6872
f 6872 6904 6905
f 6937 6905 6904
f 6904 6936 6937
f 6969 6937 6936
f 6936 6968 6969
f 7001 6969 6968
f 6968 7000 7001
f 7033 7001 7000
f 7000 7032 7033
f 7065 7033 7032
f 7032 7064 7065
f 7097 7065 7064
f 7064 7096 7097
f 7129 7097 7096
f 7096 7128 7129
f 7161 7129 7128
f 7128 7160 7161
f 6202 6170 6169
f 6169 6201 6202
f 6234 6202 6201
f 6201 6233 6234
f 6266 6234 6233
f 6233 6265 6266
f 6298 6266 6265
f 6265 6297 6298
f 6330 6298 6297
f 6297 6329 6330
f 6362 6330 6329
f 6329 6361 6362
f 6394 6362 6361
f 6361 6393 6394
f 6426 6394 6393
f 6393 6425 6426
f 6458 6426 6425
f 6425 6457 6458
f 6490 6458 6457
f 6457 6489 6490
f 6522 6490 6489
f 6489 6521 6522
f 6554 6522 6521
f 6521 6553 6554
f 6586 6554 6553
f 6553 6585 6586
f 6618 6586 6585
f 6585 6617 6618
f 6650 6618 6617
f 6617 6649 6650
f 6682 6650 6649
f 6649 6681 6682
f 6714 6682 6681
f 6681 6713 6714
f 6746 6714 6713
f 6713 6745 6746
f 6778 6746 6745
f 6745 6777 6778
f 6810 6778 6777
f 6777 6809 6810
f 6842 6810 6809
f 6809 6841 6842
f 6874 6842 6841
f 6841 6873 6874
f 6906 6874 6873
f 6873 6905 6906
f 6938 6906 6905
f 6905 6937 6938
f 6970 6938 6937
f 6937 6969 6970
f 7002 6970 6969
f 6969 7001 7002
f 7034 7002 7001
f 7001 7033 7034
f 7066 7034 7033
f 7033 7065 7066
f 7098 7066 7065
f 7065 7097 7098
f 7130 7098 7097
f 7097 7129 7130
f 7162 7130 7129
f 7129 7161 7162
f 6203 6171 6170
f 6170 6202 6203
f 6235 6203 6202
f 6202 6234 6235
f 6267 6235 6234
f 6234 6266 6267
f 6299 6267 6266
f 6266 6298 6299
f 6331 6299 6298
f 6298 6330 6331
f 6363 6331 6330
f 6330 6362 6363
f 6395 6363 6362
f 6362 6394 6395
f 6427 6395 6394
f 6394 6426 6427
f 6459 6427 6426
f 6426 6458 6459
f 6491 6459 6458
f 6458 6490 6491
f 6523 6491 6490
f 6490 6522 6523
f 6555 6523 6522
f 6522 6554 6555
f 6587 6555 6554
f 6554 6586 6587
f 6619 6587 6586
f 6586 6618 6619
f 6651 6619 6618
f 6618 6650 6651
f 6683 6651 6650
f 6650 6682 6683
f 6715 6683 6682
f 6682 6714 6715
f 6747 6715 6714
f 6714 6746 6747
f 6779 6747 6746
f 6746 6778 6779
f 6811 6779 6778
f 6778 6810 6811
f 6843 6811 6810
f 6810 6842 6843
f 6875 6843 6842
f 6842 6874 6875
f 6907 6875 6874
f 6874 6906 6907
f 6939 6907 6906
f 6906 6938 6939
f 6971 6939 6938
f 6938 6970 6971
f 7003 6971 6970
f 6970 7002 7003
f 7035 7003 7002
f 7002 7034 7035
f 7067 7035 7034
f 7034 7066 7067
f 7099 7067 7066
f 7066 7098 7099
f 7131 7099 7098
f 7098 7130 7131
f 7163 7131 7130
f 7130 7162 7163
f 6204 6172 6171
f 6171 6203 6204
f 6236 6204 6203
f 6203 6235 6236
f 6268 6236 6235
f 6235 6267 6268
f 6300 6268 6267
f 6267 6299 6300
f 6332 6300 6299
f 6299 6331 6332
f 6364 6332 6331
f 6331 6363 6364
f 6396 6364 6363
f 6363 6395 6396
f 6428 6396 6395
f 6395 6427 6428
f 6460 6428 6427
f 6427 6459 6460
f 6492 6460 6459
f 6459 6491 6492
f 6524 6492 6491
f 6491 6523 6524
f 6556 6524 6523
f 6523 6555 6556
f 6588 6556 6555
f 6555 6587 6588
f 6620 6588 6587
f 6587 6619 6620
f 6652 6620 6619
f 6619 6651 6652
f 6684 6652 6651
f 6651 6683 6684
f 6716 6684 6683
f 6683 6715 6716
f 6748 6716 6715
f 6715 6747 6748
f 6780 6748 6747
f 6747 6779 6780
f 6812 6780 6779
f 6779 6811 6812
f 6844 6812 6811
f 6811 6843 6844
f 6876 6844 6843
f 6843 6875 6876
f 6908 6876 6875
f 6875 6907 6908
f 6940 6908 6907
f 6907 6939 6940
f 6972 6940 6939
f 6939 6971 6972
f 7004 6972 6971
f 6971 7003 7004
f 7036 7004 7003
f 7003 7035 7036
f 7068 7036 7035
f 7035 7067 7068
f 7100 7068 7067
f 7067 7099 7100
f 7132 7100 7099
f 7099 7131 7132
f 7164 7132 7131
f 7131 7163 7164
f 6205 6173 6172
f 6172 6204 6205
f 6237 6205 6204
f 6204 6236 6237
f 6269 6237 6236
f 6236 6268 6269
f 6301 6269 6268
f 6268 6300 6301
f 6333 6301 6300
f 6300 6332 6333
f 6365 6333 6332
f 6332 6364 6365
f 6397 6365 6364
f 6364 6396 6397
f 6429 6397 6396
f 6396 6428 6429
f 6461 6429 6428
f 6428 6460 6461
f 6493 6461 6460
f 6460 6492 6493
f 6525 6493 6492
f 6492 6524 6525
f 6557 6525 6524
f 6524 6556 6557
f 6589 6557 6556
f 6556 6588 6589
f 6621 6589 6588
f 6588 6620 6621
f 6653 6621 6620
f 6620 6652 6653
f 6685 6653 6652
f 6652 6684 6685
f 6717 6685 6684
f 6684 6716 6717
f 6749 6717 6716
f 6716 6748 6749
f 6781 6749 6748
f 6748 6780 6781
f 6813 6781 6780
f 6780 6812 6813
f 6845 6813 6812
f 6812 6844 6845
f 6877 6845 6844
f 6844 6876 6877
f 6909 6877 6876
f 6876 6908 6909
f 6941 6909 6908
f 6908 6940 6941
f 6973 6941 6940
f 6940 6972 6973
f 7005 6973 6972
f 6972 7004 7005
f 7037 7005 7004
f 7004 7036 7037
f 7069 7037 7036
f 7036 7068 7069
f 7101 7069 7068
f 7068 7100 7101
f 7133 7101 7100
f 7100 7132 7133
f 7165 7133 7132
f 7132 7164 7165
f 6206 6174 6173
f 6173 6205 6206
f 6238 6206 6205
f 6205 6237 6238
f 6270 6238 6237
f 6237 6269 6270
f 6302 6270 6269
f 6269 6301 6302
f 6334 6302 6301
f 6301 6333 6334
f 6366 6334 6333
f 6333 6365 6366
f 6398 6366 6365
f 6365 6397 6398
f 6430 6398 6397
f 6397 6429 6430
f 6462 6430 6429
f 6429 6461 6462
f 6494 6462 6461
f 6461 6493 6494
f 6526 6494 6493
f 6493 6525 6526
f 6558 6526 6525
f 6525 6557 6558
f 6590 6558 6557
f 6557 6589 6590
f 6622 6590 6589
f 6589 6621 6622
f 6654 6622 6621
f 6621 6653 6654
f 6686 6654 6653
f 6653 6685 6686
f 6718 6686 6685
f 6685 6717 6718
f 6750 6718 6717
f 6717 6749 6750
f 6782 6750 6749
f 6749 6781 6782
f 6814 6782 6781
f 6781 6813 6814
f 6846 6814 6813
f 6813 6845 6846
f 6878 6846 6845
f 6845 6877 6878
f 6910 6878 6877
f 6877 6909 6910
f 6942 6910 6909
f 6909 6941 6942
f 6974 6942 6941
f 6941 6973 6974
f 7006 6974 6973
f 6973 7005 7006
f 7038 7006 7005
f 7005 7037 7038
f 7070 7038 7037
f 7037 7069 7070
f 7102 7070 7069
f 7069 7101 7102
f 7134 7102 7101
f 7101 7133 7134
f 7166 7134 7133
f 7133 7165 7166
f 6207 6175 6174
f 6174 6206 6207
f 6239 6207 6206
f 6206 6238 6239
f 6271 6239 6238
f 6238 6270 6271
f 6303 6271 6270
f 6270 6302 6303
f 6335 6303 6302
f 6302 6334 6335
f 6367 6335 6334
f 6334 6366 6367
f 6399 6367 6366
f 6366 6398 6399
f 6431 6399 6398
f 6398 6430 6431
f 6463 6431 6430
f 6430 6462 6463
f 6495 6463 6462
f 6462 6494 6495
f 6527 6495 6494
f 6494 6526 6527
f 6559 6527 6526
f 6526 6558 6559
f 6591 6559 6558
f 6558 6590 6591
f 6623 6591 6590
f 6590 6622 6623
f 6655 6623 6622
f 6622 6654 6655
f 6687 6655 6654
f 6654 6686 6687
f 6719 6687 6686
f 6686 6718 6719
f 6751 6719 6718
f 6718 6750 6751
f 6783 6751 6750
f 6750 6782 6783
f 6815 6783 6782
f 6782 6814 6815
f 6847 6815 6814
f 6814 6846 6847
f 6879 6847 6846
f 6846 6878 6879
f 6911 6879 6878
f 6878 6910 6911
f 6943 6911 6910
f 6910 6942 6943
f 6975 6943 6942
f 6942 6974 6975
f 7007 6975 6974
f 6974 7006 7007
f 7039 7007 7006
f 7006 7038 7039
f 7071 7039 7038
f 7038 7070 7071
f 7103 7071 7070
f 7070 7102 7103
f 7135 7103 7102
f 7102 7134 7135
f 7167 7135 7134
f 7134 7166 7167
f 6208 6176 6175
f 6175 6207 6208
f 6240 6208 6207
f 6207 6239 6240
f 6272 6240 6239
f 6239 6271 6272
f 6304 6272 6271
f 6271 6303 6304
f 6336 6304 6303
f 6303 6335 6336
f 6368 6336 6335
f 6335 6367 6368
f 6400 6368 6367
f 6367 6399 6400
f 6432 6400 6399
f 6399 6431 6432
f 6464 6432 6431
f 6431 6463 6464
f 6496 6464 6463
f 6463 6495 6496
f 6528 6496 6495
f 6495 6527 6528
f 6560 6528 6527
f 6527 6559 6560
f 6592 6560 6559
f 6559 6591 6592
f 6624 6592 6591
f 6591 6623 6624
f 6656 6624 6623
f 6623 6655 6656
f 6688 6656 6655
f 6655 6687 6688
f 6720 6688 6687
f 6687 6719 6720
f 6752 6720 6719
f 6719 6751 6752
f 6784 6752 6751
f 6751 6783 6784
f 6816 6784 6783
f 6783 6815 6816
f 6848 6816 6815
f 6815 6847 6848
f 6880 6848 6847
f 6847 6879 6880
f 6912 6880 6879
f 6879 6911 6912
f 6944 6912 6911
f 6911 6943 6944
f 6976 6944 6943
f 6943 6975 6976
f 7008 6976 6975
f 6975 7007 7008
f 7040 7008 7007
f 7007 7039 7040
f 7072 7040 7039
f 7039 7071 7072
f 7104 7072 7071
f 7071 7103 7104
f 7136 7104 7103
f 7103 7135 7136
f 7168 7136 7135
f 7135 7167 7168
f 6209 6177 6176
f 6176 6208 6209
f 6241 6209 6208
f 6208 6240 6241
f 6273 6241 6240
f 6240 6272 6273
f 6305 6273 6272
f 6272 6304 6305
f 6337 6305 6304
f 6304 6336 6337
f 6369 6337 6336
f 6336 6368 6369
f 6401 6369 6368
f 6368 6400 6401
f 6433 6401 6400
f 6400 6432 6433
f 6465 6433 6432
f 6432 6464 6465
f 6497 6465 6464
f 6464 6496 6497
f 6529 6497 6496
f 6496 6528 6529
f 6561 6529 6528
f 6528 6560 6561
f 6593 6561 6560
f 6560 6592 6593
f 6625 6593 6592
f 6592 6624 6625
f 6657 6625 6624
f 6624 6656 6657
f 6689 6657 6656
f 6656 6688 6689
f 6721 6689 6688
f 6688 6720 6721
f 6753 6721 6720
f 6720 6752 6753
f 6785 6753 6752
f 6752 6784 6785
f 6817 6785 6784
f 6784 6816 6817
f 6849 6817 6816
f 6816 6848 6849
f 6881 6849 6848
f 6848 6880 6881
f 6913 6881 6880
f 6880 6912 6913
f 6945 6913 6912
f 6912 6944 6945
f 6977 6945 6944
f 6944 6976 6977
f 7009 6977 6976
f 6976 7008 7009
f 7041 7009 7008
f 7008 7040 7041
f 7073 7041 7040
f 7040 7072 7073
f 7105 7073 7072
f 7072 7104 7105
f 7137 7105 7104
f 7104 7136 7137
f 7169 7137 7136
f 7136 7168 7169
f 6210 6178 6177
f 6177 6209 6210
f 6242 6210 6209
f 6209 6241 6242
f 6274 6242 6241
f 6241 6273 6274
f 6306 6274 6273
f 6273 6305 6306
f 6338 6306 6305
f 6305 6337 6338
f 6370 6338 6337
f 6337 6369 6370
f 6402 6370 6369
f 6369 6401 6402
f 6434 6402 6401
f 6401 6433 6434
f 6466 6434 6433
f 6433 6465 6466
f 6498 6466 6465
f 6465 6497 6498
f 6530 6498 6497
f 6497 6529 6530
f 6562 6530 6529
f 6529 6561 6562
f 6594 6562 6561
f 6561 6593 6594
f 6626 6594 6593
f 6593 6625 6626
f 6658 6626 6625
f 6625 6657 6658
f 6690 6658 6657
f 6657 6689 6690
f 6722 6690 6689
f 6689 6721 6722
f 6754 6722 6721
f 6721 6753 6754
f 6786 6754 6753
f 6753 6785 6786
f 6818 6786 6785
f 6785 6817 6818
f 6850 6818 6817
f 6817 6849 6850
f 6882 6850 6849
f 6849 6881 6882
f 6914 6882 6881
f 6881 6913 6914
f 6946 6914 6913
f 6913 6945 6946
f 6978 6946 6945
f 6945 6977 6978
f 7010 6978 6977
f 6977 7009 7010
f 7042 7010 7009
f 7009 7041 7042
f 7074 7042 7041
f 7041 7073 7074
f 7106 7074 7073
f 7073 7105 7106
f 7138 7106 7105
f 7105 7137 7138
f 7170 7138 7137
f 7137 7169 7170
f 6211 6179 6178
f 6178 6210 6211
f 6243 6211 6210
f 6210 6242 6243
f 6275 6243 6242
f 6242 6274 6275
f 6307 6275 6274
f 6274 6306 6307
f 6339 6307 6306
f 6306 6338 6339
f 6371 6339 6338
f 6338 6370 6371
f 6403 6371 6370
f 6370 6402 6403
f 6435 6403 6402
f 6402 6434 6435
f 6467 6435 6434
f 6434 6466 6467
f 6499 6467 6466
f 6466 6498 6499
f 6531 6499 6498
f 6498 6530 6531
f 6563 6531 6530
f 6530 6562 6563
f 6595 6563 6562
f 6562 6594 6595
f 6627 6595 6594
f 6594 6626 6627
f 6659 6627 6626
f 6626 6658 6659
f 6691 6659 6658
f 6658 6690 6691
f 6723 6691 6690
f 6690 6722 6723
f 6755 6723 6722
f 6722 6754 6755
f 6787 6755 6754
f 6754 6786 6787
f 6819 6787 6786
f 6786 6818 6819
f 6851 6819 6818
f 6818 6850 6851
f 6883 6851 6850
f 6850 6882 6883
f 6915 6883 6882
f 6882 6914 6915
f 6947 6915 6914
f 6914 6946 6947
f 6979 6947 6946
f 6946 6978 6979
f 7011 6979 6978
f 6978 7010 7011
f 7043 7011 7010
f 7010 7042 7043
f 7075 7043 7042
f 7042 7074 7075
f 7107 7075 7074
f 7074 7106 7107
f 7139 7107 7106
f 7106 7138 7139
f 7171 7139 7138
f 7138 7170 7171
f 6212 6180 6179
f 6179 6211 6212
f 6244 6212 6211
f 6211 6243 6244
f 6276 6244 6243
f 6243 6275 6276
f 6308 6276 6275
f 6275 6307 6308
f 6340 6308 6307
f 6307 6339 6340
f 6372 6340 6339
f 6339 6371 6372
f 6404 6372 6371
f 6371 6403 6404
f 6436 6404 6403
f 6403 6435 6436
f 6468 6436 6435
f 6435 6467 6468
f 6500 6468 6467
f 6467 6499 6500
f 6532 6500 6499
f 6499 6531 6532
f 6564 6532 6531
f 6531 6563 6564
f 6596 6564 6563
f 6563 6595 6596
f 6628 6596 6595
f 6595 6627 6628
f 6660 6628 6627
f 6627 6659 6660
f 6692 6660 6659
f 6659 6691 6692
f 6724 6692 6691
f 6691 6723 6724
f 6756 6724 6723
f 6723 6755 6756
f 6788 6756 6755
f 6755 6787 6788
f 6820 6788 6787
f 6787 6819 6820
f 6852 6820 6819
f 6819 6851 6852
f 6884 6852 6851
f 6851 6883 6884
f 6916 6884 6883
f 6883 6915 6916
f 6948 6916 6915
f 6915 6947 6948
f 6980 6948 6947
f 6947 6979 6980
f 7012 6980 6979
f 6979 7011 7012
f 7044 7012 7011
f 7011 7043 7044
f 7076 7044 7043
f 7043 7075 7076
f 7108 7076 7075
f 7075 7107 7108
f 7140 7108 7107
f 7107 7139 7140
f 7172 7140 7139
f 7139 7171 7172
f 6213 6181 6180
f 6180 6212 6213
f 6245 6213 6212
f 6212 6244 6245
f 6277 6245 6244
f 6244 6276 6277
f 6309 6277 6276
f 6276 6308 6309
f 6341 6309 6308
f 6308 6340 6341
f 6373 6341 6340
f 6340 6372 6373
f 6405 6373 6372
f 6372 6404 6405
f 6437 6405 6404
f 6404 6436 6437
f 6469 6437 6436
f 6436 6468 6469
f 6501 6469 6468
f 6468 6500 6501
f 6533 6501 6500
f 6500 6532 6533
f 6565 6533 6532
f 6532 6564 6565
f 6597 6565 6564
f 6564 6596 6597
f 6629 6597 6596
f 6596 6628 6629
f 6661 6629 6628
f 6628 6660 6661
f 6693 6661 6660
f 6660 6692 6693
f 6725 6693 6692
f 6692 6724 6725
f 6757 6725 6724
f 6724 6756 6757
f 6789 6757 6756
f 6756 6788 6789
f 6821 6789 6788
f 6788 6820 6821
f 6853 6821 6820
f 6820 6852 6853
f 6885 6853 6852
f 6852 6884 6885
f 6917 6885 6884
f 6884 6916 6917
f 6949 6917 6916
f 6916 6948 6949
f 6981 6949 6948
f 6948 6980 6981
f 7013 6981 6980
f 6980 7012 7013
f 7045 7013 7012
f 7012 7044 7045
f 7077 7045 7044
f 7044 7076 7077
f 7109 7077 7076
f 7076 7108 7109
f 7141 7109 7108
f 7108 7140 7141
f 7173 7141 7140
f 7140 7172 7173
f 6214 6182 6181
f 6181 6213 6214
f 6246 6214 6213
f 6213 6245 6246
f 6278 6246 6245
f 6245 6277 6278
f 6310 6278 6277
f 6277 6309 6310
f 6342 6310 6309
f 6309 6341 6342
f 6374 6342 6341
f 6341 6373 6374
f 6406 6374 6373
f 6373 6405 6406
f 6438 6406 6405
f 6405 6437 6438
f 6470 6438 6437
f 6437 6469 6470
f 6502 6470 6469
f 6469 6501 6502
f 6534 6502 6501
f 6501 6533 6534
f 6566 6534 6533
f 6533 6565 6566
f 6598 6566 6565
f 6565 6597 6598
f 6630 6598 6597
f 6597 6629 6630
f 6662 6630 6629
f 6629 6661 6662
f 6694 6662 6661
f 6661 6693 6694
f 6726 6694 6693
f 6693 6725 6726
f 6758 6726 6725
f 6725 6757 6758
f 6790 6758 6757
f 6757 6789 6790
f 6822 6790 6789
f 6789 6821 6822
f 6854 6822 6821
f 6821 6853 6854
f 6886 6854 6853
f 6853 6885 6886
f 6918 6886 6885
f 6885 6917 6918
f 6950 6918 6917
f 6917 6949 6950
f 6982 6950 6949
f 6949 6981 6982
f 7014 6982 6981
f 6981 7013 7014
f 7046 7014 7013
f 7013 7045 7046
f 7078 7046 7045
f 7045 7077 7078
f 7110 7078 7077
f 7077 7109 7110
f 7142 7110 7109
f 7109 7141 7142
f 7174 7142 7141
f 7141 7173 7174
