v -1473.35 49.496 174.883
v -1474.26 49.496 174.442
v -1473.97 49.3269 173.843
v -1473.06 49.3269 174.285
v -1471.43 48.8586 175.465
v -1471.69 48.8586 175.006
v -1473.08 48.8586 174.33
v -1473.21 48.8586 174.6
v -1473.08 48.8586 174.33
v -1471.69 48.8586 175.006
v -1471.69 49.2991 175.006
v -1473.08 49.2991 174.33
v -1471.4 49.496 175.827
v -1473.35 49.496 174.883
v -1473.35 49.4143 174.883
v -1471.4 49.4143 175.827
v -1468.12 49.496 169.041
v -1468.12 48.6897 169.041
v -1469.62 48.6897 168.313
v -1469.62 49.496 168.313
v -1473.02 48.509 169.848
v -1474.18 48.509 169.291
v -1474.18 48.6897 169.291
v -1473.02 48.6897 169.848
v -1474.26 49.496 174.442
v -1476.21 49.496 173.498
v -1476.21 49.4143 173.498
v -1474.26 49.4143 174.442
v -1469.37 48.6897 171.62
v -1469.37 48.509 171.62
v -1470.52 48.509 171.061
v -1470.52 48.6897 171.061
v -1471.69 49.2991 175.006
v -1471.69 48.8586 175.006
v -1471.16 48.8586 174.113
v -1471.16 49.2991 174.113
v -1475.39 49.2991 173.213
v -1475.39 48.8586 173.213
v -1474 48.8586 173.889
v -1474 49.2991 173.889
v -1475.26 49.4143 171.946
v -1474.7 49.4143 170.637
v -1474.7 48.8586 170.637
v -1475.26 48.8586 171.946
v -1469.96 49.4143 172.847
v -1470.1 49.4143 172.863
v -1470.1 48.8586 172.863
v -1469.96 48.8586 172.847
v -1475.42 48.8586 171.867
v -1475.26 48.8586 171.946
v -1474.7 48.8586 170.637
v -1474.77 48.8586 170.518
v -1474.77 48.8586 170.518
v -1474.7 48.8586 170.637
v -1474.7 49.4143 170.637
v -1474.77 49.4143 170.518
v -1470.78 48.8586 174.116
v -1470.1 48.8586 172.863
v -1470.1 49.4143 172.863
v -1470.78 49.4143 174.116
v -1475.39 48.8586 173.213
v -1475.39 49.2991 173.213
v -1475.02 49.2991 172.245
v -1475.02 48.8586 172.245
v -1470.78 48.8586 174.116
v -1471.16 48.8586 174.113
v -1474 48.8586 173.889
v -1475.39 48.8586 173.213
v -1475.91 48.8586 173.295
v -1474.13 48.8586 174.159
v -1475.02 48.8586 172.245
v -1469.96 48.8586 172.847
v -1470.1 48.8586 172.863
v -1470.61 48.8586 174.195
v -1471.42 48.6897 167.442
v -1472.93 48.6897 166.713
v -1472.93 49.496 166.713
v -1471.42 49.496 167.442
v -1469.62 48.6897 168.313
v -1469.82 48.6897 168.44
v -1469.78 49.496 168.37
v -1469.62 49.496 168.313
v -1471.4 48.6897 167.672
v -1471.42 48.6897 167.442
v -1471.42 49.496 167.442
v -1471.37 49.496 167.603
v -1469.82 48.6897 168.44
v -1471.4 48.6897 167.672
v -1471.37 49.496 167.603
v -1469.78 49.496 168.37
v -1472.64 48.5535 170.648
v -1472.58 48.5535 170.514
v -1471.32 48.5535 171.125
v -1471.38 48.5535 171.26
v -1474.16 45.515 168.513
v -1474.37 47.3026 168.943
v -1474.54 47.1873 168.95
v -1474.37 45.6405 168.592
v -1474.24 45.15 168.674
v -1474.4 45.496 168.667
v -1468.76 45.515 171.128
v -1468.7 45.6405 171.335
v -1468.87 47.1873 171.693
v -1468.97 47.3026 171.557
v -1468.84 45.15 171.289
v -1468.74 45.496 171.409
v -1476.6 47.3807 173.809
v -1476.75 47.3807 173.525
v -1476.45 47.496 173.235
v -1476.4 47.496 173.394
v -1471.41 47.3807 176.321
v -1471.21 47.496 175.907
v -1471.05 47.496 175.849
v -1471.09 47.3807 176.267
v -1474.47 47.496 169.148
v -1474.64 47.3807 169.156
v -1469.07 47.496 171.763
v -1468.97 47.3807 171.898
v -1476.75 45.496 173.525
v -1476.75 47.3807 173.525
v -1476.6 47.3807 173.809
v -1476.6 45.496 173.809
v -1476.6 47.3807 173.809
v -1471.41 47.3807 176.321
v -1471.41 45.496 176.321
v -1476.6 45.496 173.809
v -1471.41 47.3807 176.321
v -1471.09 47.3807 176.267
v -1471.09 45.496 176.267
v -1471.41 45.496 176.321
v -1469.81 47.3807 173.627
v -1469.81 45.496 173.627
v -1468.87 47.1873 171.693
v -1468.7 45.6405 171.335
v -1468.74 45.496 171.409
v -1468.97 47.3807 171.898
v -1469.94 47.496 173.563
v -1469.81 47.3807 173.627
v -1475.47 45.496 170.885
v -1475.47 47.3807 170.885
v -1474.37 45.6405 168.592
v -1474.54 47.1873 168.95
v -1474.64 47.3807 169.156
v -1474.4 45.496 168.667
v -1476.48 44.2804 173.457
v -1476.56 42.7123 173.611
v -1475.8 42.7123 172.04
v -1475.74 42.8225 171.926
v -1475.74 44.1487 171.926
v -1475.8 44.2804 172.04
v -1476.46 44.2804 173.534
v -1471.27 44.2804 176.047
v -1471.35 42.7123 176.201
v -1476.54 42.7123 173.688
v -1471.28 42.7123 176.166
v -1471.2 44.2804 176.012
v -1470.52 44.2804 174.595
v -1470.46 44.1487 174.482
v -1470.46 42.8225 174.482
v -1470.52 42.7123 174.595
v -1475.47 47.3807 170.885
v -1475.34 47.496 170.949
v -1476.4 47.496 173.394
v -1471.21 47.496 175.907
v -1471.41 47.3807 176.321
v -1476.6 47.3807 173.809
v -1470.25 42.617 168.886
v -1470.16 42.6858 168.948
v -1470.25 42.7243 169.038
v -1470.34 42.6554 168.977
v -1470.51 45.6106 169.669
v -1470.59 45.5603 169.737
v -1470.61 45.6969 169.645
v -1470.69 45.6466 169.713
v -1471.86 45.6969 169.041
v -1471.94 45.6106 168.979
v -1471.94 45.5603 169.083
v -1471.87 45.6466 169.145
v -1471.59 42.6858 168.258
v -1471.6 42.7243 168.385
v -1471.5 42.617 168.282
v -1471.51 42.6554 168.409
v -1468.2 40.496 169.962
v -1468.26 40.496 169.813
v -1473.45 40.496 167.3
v -1473.6 40.496 167.348
v -1475.34 40.496 170.949
v -1476.65 40.496 173.649
v -1476.6 40.496 173.809
v -1471.41 40.496 176.321
v -1471.25 40.496 176.263
v -1469.94 40.496 173.563
v -1476.38 48.0042 173.352
v -1471.19 48.0042 175.865
v -1471.21 47.496 175.907
v -1476.4 47.496 173.394
v -1471.33 44.496 176.156
v -1476.52 44.496 173.643
v -1476.49 45.15 173.589
v -1471.3 45.15 176.101
v -1476.6 42.6554 173.809
v -1471.41 42.6554 176.321
v -1471.41 42.496 176.321
v -1476.6 42.496 173.809
v -1476.54 42.7123 173.688
v -1471.35 42.7123 176.201
v -1471.41 42.6554 176.321
v -1476.6 42.6554 173.809
v -1476.2 48.0931 173.083
v -1471.08 48.0931 175.561
v -1471.19 48.0042 175.865
v -1476.38 48.0042 173.352
v -1469.08 48.0931 171.428
v -1474.2 48.0931 168.951
v -1474.1 48.0042 168.657
v -1468.91 48.0042 171.169
v -1471.59 42.6858 168.258
v -1471.94 45.6106 168.979
v -1474.1 48.0042 168.657
v -1473.45 42.496 167.3
v -1471.86 45.6969 169.041
v -1470.61 45.6969 169.645
v -1468.91 48.0042 171.169
v -1470.51 45.6106 169.669
v -1470.16 42.6858 168.948
v -1468.26 42.496 169.813
v -1471.5 42.617 168.282
v -1470.25 42.617 168.886
v -1467.82 49.496 168.912
v -1473.01 49.496 166.399
v -1473.01 48.509 166.399
v -1467.82 48.509 168.912
v -1472.93 49.496 166.713
v -1473.8 49.496 168.364
v -1474.04 49.496 168.249
v -1473.16 49.496 166.449
v -1473.76 49.496 168.434
v -1467.76 49.496 169.063
v -1468.12 49.496 169.041
v -1469.62 49.496 168.313
v -1469.78 49.496 168.37
v -1471.37 49.496 167.603
v -1471.42 49.496 167.442
v -1473.01 49.496 166.399
v -1467.82 49.496 168.912
v -1468.64 49.496 170.863
v -1468.87 49.496 170.749
v -1468.95 49.496 170.762
v -1473.16 48.509 166.449
v -1473.11 48.509 167.586
v -1468.69 48.509 169.727
v -1467.76 48.509 169.063
v -1467.82 48.509 168.912
v -1473.01 48.509 166.399
v -1475.24 48.509 171.103
v -1475.38 48.509 171.034
v -1475.5 48.2164 171.275
v -1475.36 48.2164 171.343
v -1470.24 48.2164 173.821
v -1470.1 48.2164 173.889
v -1469.98 48.509 173.648
v -1470.12 48.509 173.58
v -1471.25 49.496 176.263
v -1471.4 49.496 175.827
v -1469.96 49.496 172.847
v -1469.66 49.496 172.99
v -1475.06 49.496 170.376
v -1474.77 49.496 170.518
v -1476.21 49.496 173.498
v -1476.65 49.496 173.649
v -1476.6 49.496 173.809
v -1474.26 49.496 174.442
v -1473.35 49.496 174.883
v -1471.41 49.496 176.321
v -1471.08 48.2164 175.561
v -1471.25 48.2164 176.263
v -1470.1 48.2164 173.889
v -1470.24 48.2164 173.821
v -1476.2 48.2164 173.083
v -1476.65 48.2164 173.649
v -1476.6 48.2164 173.809
v -1471.41 48.2164 176.321
v -1475.36 48.2164 171.343
v -1475.5 48.2164 171.275
v -1474.2 48.509 168.951
v -1475.38 48.509 171.034
v -1475.24 48.509 171.103
v -1473.85 48.509 169.119
v -1469.43 48.509 171.26
v -1469.08 48.509 171.428
v -1469.98 48.509 173.648
v -1470.12 48.509 173.58
v -1473.77 49.8923 168.053
v -1473.99 49.753 168.157
v -1473.75 49.7531 168.272
v -1473.67 49.8923 168.099
v -1468.59 49.753 170.771
v -1467.91 50.8811 169.371
v -1468.12 50.7762 169.433
v -1468.65 49.8923 170.53
v -1468.64 49.496 170.863
v -1468.59 49.753 170.771
v -1468.83 49.7531 170.657
v -1468.87 49.496 170.749
v -1468.83 49.7531 170.657
v -1468.74 49.8923 170.484
v -1474.61 50.296 170.192
v -1474.77 49.496 170.518
v -1475.06 49.496 170.376
v -1474.91 50.296 170.049
v -1469.8 50.296 172.52
v -1469.86 50.496 172.644
v -1469.57 50.496 172.787
v -1469.51 50.296 172.663
v -1469.96 49.496 172.847
v -1469.8 50.296 172.52
v -1469.51 50.296 172.663
v -1469.66 49.496 172.99
v -1474.67 50.496 170.316
v -1474.61 50.296 170.192
v -1474.91 50.296 170.049
v -1474.97 50.496 170.173
v -1473.8 49.496 168.364
v -1473.75 49.7531 168.272
v -1473.99 49.753 168.157
v -1474.04 49.496 168.249
v -1473.24 50.7762 166.956
v -1473.31 50.8811 166.757
v -1467.96 49.753 169.116
v -1468.12 50.7762 169.433
v -1473.24 50.7762 166.956
v -1473.08 49.753 166.638
v -1471.25 50.496 176.263
v -1471.4 50.496 175.827
v -1476.21 50.496 173.498
v -1476.65 50.496 173.649
v -1476.6 50.496 173.809
v -1471.41 50.496 176.321
v -1474.67 50.496 170.316
v -1474.97 50.496 170.173
v -1469.57 50.496 172.787
v -1469.86 50.496 172.644
v -1473.21 50.9621 166.808
v -1476.6 50.7679 173.809
v -1471.41 50.7679 176.321
v -1471.41 50.496 176.321
v -1476.6 50.496 173.809
v -1476.11 51.5769 172.8
v -1470.92 51.5769 175.312
v -1473.93 51.5769 168.3
v -1468.74 51.5769 170.813
v -1473.21 50.9621 166.808
v -1468.02 50.9621 169.321
v -1468.02 50.9621 169.321
v -1473.21 48.509 174.6
v -1473.06 48.7789 174.285
v -1473 48.509 174.151
v -1473.91 48.509 173.71
v -1473.97 48.7789 173.843
v -1474.13 48.509 174.159
v -1473.21 48.8586 174.6
v -1473.08 48.8586 174.33
v -1473.08 49.2991 174.33
v -1473.06 49.3269 174.285
v -1474.13 48.8586 174.159
v -1474 48.8586 173.889
v -1473.97 49.3269 173.843
v -1474 49.2991 173.889
v -1473.27 49.4143 174.719
v -1473.35 49.4143 174.883
v -1473.35 49.496 174.883
v -1474.26 49.496 174.442
v -1474.26 49.4143 174.442
v -1474.18 49.4143 174.278
v -1473 48.509 174.151
v -1473.06 48.7789 174.285
v -1473.97 48.7789 173.843
v -1473.91 48.509 173.71
v -1473.06 49.3269 174.285
v -1473.97 49.3269 173.843
v -1473.97 48.7789 173.843
v -1473.06 48.7789 174.285
v -1473.08 49.2991 174.33
v -1471.69 49.2991 175.006
v -1471.49 49.4143 175.583
v -1473.27 49.4143 174.719
v -1471.4 49.4143 175.827
v -1473.35 49.4143 174.883
v -1472.93 48.6897 166.713
v -1473.76 49.496 168.434
v -1472.93 49.496 166.713
v -1474.18 48.6897 169.291
v -1474.77 48.8586 170.518
v -1474.77 49.4143 170.518
v -1474.18 48.509 169.291
v -1474.77 49.496 170.518
v -1469.96 49.496 172.847
v -1471.4 49.496 175.827
v -1471.4 49.4143 175.827
v -1469.96 49.4143 172.847
v -1468.95 49.496 170.762
v -1468.12 48.6897 169.041
v -1468.12 49.496 169.041
v -1469.37 48.6897 171.62
v -1469.96 48.8586 172.847
v -1470.61 48.8586 174.195
v -1470.61 48.509 174.195
v -1469.37 48.509 171.62
v -1476.21 49.4143 173.498
v -1476.21 49.496 173.498
v -1474.77 49.496 170.518
v -1474.77 49.4143 170.518
v -1470.78 49.4143 174.116
v -1470.1 49.4143 172.863
v -1469.96 49.4143 172.847
v -1476.21 49.4143 173.498
v -1475.97 49.4143 173.413
v -1474.18 49.4143 174.278
v -1474.26 49.4143 174.442
v -1474.77 49.4143 170.518
v -1474.7 49.4143 170.637
v -1475.26 49.4143 171.946
v -1471.16 49.2991 174.113
v -1470.78 49.4143 174.116
v -1471.16 49.2991 174.113
v -1471.16 48.8586 174.113
v -1470.78 48.8586 174.116
v -1475.39 49.2991 173.213
v -1474 49.2991 173.889
v -1475.26 48.8586 171.946
v -1475.02 48.8586 172.245
v -1475.02 49.2991 172.245
v -1475.26 49.4143 171.946
v -1475.02 49.2991 172.245
v -1475.42 48.509 171.867
v -1475.42 48.8586 171.867
v -1473.76 49.496 168.434
v -1473.71 49.7655 168.338
v -1473.75 49.7531 168.272
v -1473.8 49.496 168.364
v -1473.75 49.7531 168.272
v -1473.71 49.7655 168.338
v -1473.64 49.8923 168.181
v -1473.67 49.8923 168.099
v -1473.64 51.2728 168.181
v -1468.83 51.2728 170.509
v -1468.74 51.2728 170.484
v -1468.26 50.8585 169.479
v -1473.18 50.8585 167.094
v -1473.67 51.2728 168.099
v -1468.95 49.496 170.762
v -1468.87 49.496 170.749
v -1468.83 49.7531 170.657
v -1468.9 49.7655 170.667
v -1468.83 49.7531 170.657
v -1468.74 49.8923 170.484
v -1468.83 49.8923 170.509
v -1468.9 49.7655 170.667
v -1468.74 49.8923 170.484
v -1468.74 51.2728 170.484
v -1468.83 51.2728 170.509
v -1468.83 49.8923 170.509
v -1468.26 50.8585 169.479
v -1468.74 51.2728 170.484
v -1468.74 49.8923 170.484
v -1468.2 49.8923 169.361
v -1468.18 49.753 169.311
v -1468.09 49.753 169.135
v -1473.02 49.753 166.75
v -1473.18 50.8585 167.094
v -1468.26 50.8585 169.479
v -1468.09 49.753 169.135
v -1473.67 51.2728 168.099
v -1473.18 50.8585 167.094
v -1473.02 49.753 166.75
v -1473.1 49.753 166.927
v -1473.13 49.8923 166.976
v -1473.67 49.8923 168.099
v -1473.64 49.8923 168.181
v -1473.64 51.2728 168.181
v -1473.67 51.2728 168.099
v -1473.67 49.8923 168.099
v -1473.64 51.2728 168.181
v -1473.64 49.8923 168.181
v -1473.71 49.7655 168.338
v -1473.76 49.496 168.434
v -1474.61 50.296 170.192
v -1474.67 50.496 170.316
v -1474.67 51.2728 170.316
v -1468.83 49.8923 170.509
v -1468.83 51.2728 170.509
v -1469.86 51.2728 172.644
v -1469.86 50.496 172.644
v -1469.8 50.296 172.52
v -1468.9 49.7655 170.667
v -1470.81 51.2728 171.535
v -1473.21 51.2728 170.374
v -1474.67 51.2728 170.316
v -1469.86 51.2728 172.644
v -1470.73 51.2728 171.499
v -1468.83 51.2728 170.509
v -1470.3 51.2728 170.619
v -1473.24 51.2728 170.286
v -1472.81 51.2728 169.405
v -1473.64 51.2728 168.181
v -1472.73 51.2728 169.372
v -1470.33 51.2728 170.533
v -1468.83 51.2728 170.509
v -1471.4 50.7679 175.827
v -1471.11 51.2728 175.22
v -1475.92 51.2728 172.892
v -1476.21 50.7679 173.498
v -1476.21 50.496 173.498
v -1476.21 50.7679 173.498
v -1475.92 51.2728 172.892
v -1471.4 50.496 175.827
v -1471.4 50.7679 175.827
v -1476.21 50.7679 173.498
v -1476.21 50.496 173.498
v -1469.86 50.496 172.644
v -1469.86 51.2728 172.644
v -1471.11 51.2728 175.22
v -1471.4 50.7679 175.827
v -1471.4 50.496 175.827
v -1469.86 51.2728 172.644
v -1474.67 51.2728 170.316
v -1475.92 51.2728 172.892
v -1471.11 51.2728 175.22
v -1467.96 49.753 169.116
v -1468.09 49.753 169.135
v -1468.18 49.753 169.311
v -1468.08 49.753 169.358
v -1468.08 49.753 169.358
v -1468.18 49.753 169.311
v -1468.2 49.8923 169.361
v -1468.1 49.8923 169.408
v -1468.1 49.8923 169.408
v -1468.2 49.8923 169.361
v -1468.74 49.8923 170.484
v -1468.65 49.8923 170.53
v -1473.08 49.753 166.638
v -1473.02 49.753 166.75
v -1473.77 49.8923 168.053
v -1473.67 49.8923 168.099
v -1473.13 49.8923 166.976
v -1473.22 49.8923 166.93
v -1473.22 49.8923 166.93
v -1473.13 49.8923 166.976
v -1473.1 49.753 166.927
v -1473.2 49.753 166.88
v -1473.2 49.753 166.88
v -1473.1 49.753 166.927
v -1472.73 50.8956 170.605
v -1472.67 50.8956 170.47
v -1472.67 48.6223 170.47
v -1472.73 48.6223 170.605
v -1472.64 50.982 170.648
v -1472.58 50.982 170.514
v -1471.38 50.982 171.26
v -1471.32 50.982 171.125
v -1472.58 50.982 170.514
v -1472.64 50.982 170.648
v -1471.29 50.8956 171.303
v -1471.23 50.8956 171.169
v -1471.32 50.982 171.125
v -1471.38 50.982 171.26
v -1471.29 48.6223 171.303
v -1471.23 48.6223 171.169
v -1471.38 48.5535 171.26
v -1471.32 48.5535 171.125
v -1472.58 48.5535 170.514
v -1472.64 48.5535 170.648
v -1473.21 51.2728 170.374
v -1472.73 50.8956 170.605
v -1472.73 48.6223 170.605
v -1473.21 48.509 170.374
v -1471.29 50.8956 171.303
v -1471.38 50.982 171.26
v -1470.81 51.2728 171.535
v -1472.64 50.982 170.648
v -1470.81 48.509 171.535
v -1471.29 48.6223 171.303
v -1472.64 48.5535 170.648
v -1471.38 48.5535 171.26
v -1470.52 48.6897 171.061
v -1470.52 48.509 171.061
v -1470.73 48.509 171.499
v -1470.73 51.2728 171.499
v -1470.3 51.2728 170.619
v -1470.3 48.6897 170.619
v -1470.33 48.6897 170.533
v -1470.33 51.2728 170.533
v -1472.73 51.2728 169.372
v -1472.73 48.6897 169.372
v -1472.81 51.2728 169.405
v -1472.81 48.6897 169.405
v -1470.3 51.2728 170.619
v -1470.3 48.6897 170.619
v -1472.67 48.6223 170.47
v -1472.67 50.8956 170.47
v -1472.58 50.982 170.514
v -1471.32 50.982 171.125
v -1471.23 50.8956 171.169
v -1471.23 48.6223 171.169
v -1471.32 48.5535 171.125
v -1472.58 48.5535 170.514
v -1470.73 51.2728 171.499
v -1470.73 48.509 171.499
v -1473.24 51.2728 170.286
v -1473.24 48.509 170.286
v -1472.81 51.2728 169.405
v -1473.24 51.2728 170.286
v -1473.24 48.509 170.286
v -1473.02 48.509 169.848
v -1473.02 48.6897 169.848
v -1472.81 48.6897 169.405
v -1470.3 51.2728 170.619
v -1471.51 42.6554 168.409
v -1470.34 42.6554 168.977
v -1470.25 42.7243 169.038
v -1470.59 45.5603 169.737
v -1470.69 45.6466 169.713
v -1471.87 45.6466 169.145
v -1471.94 45.5603 169.083
v -1471.6 42.7243 168.385
v -1470.3 48.6897 170.619
v -1470.33 48.6897 170.533
v -1468.12 48.6897 169.041
v -1469.37 48.6897 171.62
v -1469.82 48.6897 168.44
v -1469.62 48.6897 168.313
v -1472.93 48.6897 166.713
v -1472.73 48.6897 169.372
v -1472.81 48.6897 169.405
v -1474.18 48.6897 169.291
v -1471.4 48.6897 167.672
v -1471.42 48.6897 167.442
v -1473.02 48.6897 169.848
v -1470.52 48.6897 171.061
v -1470.52 48.509 171.061
v -1469.37 48.509 171.62
v -1470.73 48.509 171.499
v -1470.61 48.509 174.195
v -1470.78 48.509 174.116
v -1470.81 48.509 171.535
v -1475.26 48.509 171.946
v -1473.21 48.509 170.374
v -1473.02 48.509 169.848
v -1473.24 48.509 170.286
v -1474.18 48.509 169.291
v -1475.42 48.509 171.867
v -1473 48.509 174.151
v -1473.91 48.509 173.71
v -1473.21 48.509 174.6
v -1471.43 48.509 175.465
v -1475.91 48.509 173.295
v -1474.13 48.509 174.159
v -1473.21 48.509 174.6
v -1471.43 48.509 175.465
v -1471.43 48.8586 175.465
v -1473.21 48.8586 174.6
v -1471.43 48.8586 175.465
v -1471.43 48.509 175.465
v -1470.78 48.509 174.116
v -1470.78 48.8586 174.116
v -1470.78 48.8586 174.116
v -1470.78 48.509 174.116
v -1470.61 48.509 174.195
v -1470.61 48.8586 174.195
v -1475.91 48.8586 173.295
v -1475.91 48.509 173.295
v -1474.13 48.509 174.159
v -1474.13 48.8586 174.159
v -1475.42 48.8586 171.867
v -1475.42 48.509 171.867
v -1475.26 48.509 171.946
v -1475.26 48.8586 171.946
v -1475.26 48.8586 171.946
v -1475.26 48.509 171.946
v -1475.91 48.509 173.295
v -1475.91 48.8586 173.295
v -1471.5 42.617 168.282
v -1470.25 42.617 168.886
v -1470.34 42.6554 168.977
v -1471.51 42.6554 168.409
v -1471.33 44.496 176.156
v -1471.17 44.496 176.097
v -1471.2 44.2804 176.012
v -1471.27 44.2804 176.047
v -1476.6 45.496 173.809
v -1476.49 45.15 173.589
v -1476.54 45.15 173.429
v -1476.75 45.496 173.525
v -1471.41 45.496 176.321
v -1471.09 45.496 176.267
v -1471.14 45.15 176.043
v -1471.3 45.15 176.101
v -1476.52 44.496 173.643
v -1476.46 44.2804 173.534
v -1476.48 44.2804 173.457
v -1476.57 44.496 173.483
v -1475.34 45.15 170.949
v -1475.47 45.496 170.885
v -1474.4 45.496 168.667
v -1474.24 45.15 168.674
v -1475.8 44.2804 172.04
v -1475.92 44.496 172.137
v -1470.52 44.496 174.751
v -1470.52 44.2804 174.595
v -1468.2 40.496 169.962
v -1469.94 40.496 173.563
v -1469.94 42.496 173.563
v -1468.2 42.496 169.962
v -1471.25 40.496 176.263
v -1471.25 42.496 176.263
v -1471.41 40.496 176.321
v -1471.41 42.496 176.321
v -1475.34 42.496 170.949
v -1475.34 40.496 170.949
v -1473.6 40.496 167.348
v -1473.6 42.496 167.348
v -1476.65 40.496 173.649
v -1476.65 42.496 173.649
v -1473.45 40.496 167.3
v -1473.45 42.496 167.3
v -1476.6 40.496 173.809
v -1476.6 42.496 173.809
v -1476.6 40.496 173.809
v -1476.6 42.496 173.809
v -1469.81 45.496 173.627
v -1469.94 45.15 173.563
v -1468.74 45.496 171.409
v -1468.84 45.15 171.289
v -1476.6 45.496 173.809
v -1471.41 45.496 176.321
v -1471.3 45.15 176.101
v -1476.49 45.15 173.589
v -1468.26 40.496 169.813
v -1468.26 42.496 169.813
v -1468.26 40.496 169.813
v -1468.26 42.496 169.813
v -1476.65 48.2164 173.649
v -1476.65 49.496 173.649
v -1476.6 49.496 173.809
v -1476.6 48.2164 173.809
v -1467.76 48.509 169.063
v -1467.76 49.496 169.063
v -1467.82 49.496 168.912
v -1467.82 48.509 168.912
v -1468.64 49.496 170.863
v -1469.98 48.509 173.648
v -1469.66 49.496 172.99
v -1474.04 49.496 168.249
v -1473.16 48.509 166.449
v -1473.16 49.496 166.449
v -1475.06 49.496 170.376
v -1475.38 48.509 171.034
v -1469.43 48.509 171.26
v -1469.43 48.3525 171.26
v -1469.08 48.509 171.428
v -1469.08 48.0931 171.428
v -1473.85 48.3525 169.119
v -1474.2 48.0931 168.951
v -1474.2 48.509 168.951
v -1473.85 48.509 169.119
v -1471.08 48.0931 175.561
v -1471.08 48.2164 175.561
v -1470.24 48.2164 173.821
v -1470.08 48.0931 173.494
v -1469.08 48.0931 171.428
v -1470.12 48.509 173.58
v -1469.08 48.509 171.428
v -1475.24 48.509 171.103
v -1475.36 48.2164 171.343
v -1474.2 48.0931 168.951
v -1474.2 48.509 168.951
v -1476.2 48.2164 173.083
v -1476.2 48.0931 173.083
v -1475.2 48.0931 171.017
v -1473.01 49.496 166.399
v -1473.01 48.509 166.399
v -1471.41 49.496 176.321
v -1471.25 49.496 176.263
v -1471.25 48.2164 176.263
v -1471.41 48.2164 176.321
v -1470.1 48.2164 173.889
v -1475.5 48.2164 171.275
v -1476.11 51.5769 172.8
v -1476.21 51.496 172.749
v -1474.04 51.496 168.249
v -1473.93 51.5769 168.3
v -1468.12 50.7762 169.433
v -1467.96 49.753 169.116
v -1468.08 49.753 169.358
v -1468.1 49.8923 169.408
v -1468.65 49.8923 170.53
v -1471.41 50.7679 176.321
v -1471.25 50.7679 176.263
v -1471.25 50.496 176.263
v -1471.41 50.496 176.321
v -1476.6 50.7679 173.809
v -1476.65 50.7679 173.649
v -1473.08 49.753 166.638
v -1473.24 50.7762 166.956
v -1473.77 49.8923 168.053
v -1473.22 49.8923 166.93
v -1473.2 49.753 166.88
v -1473.31 50.8811 166.757
v -1473.99 49.753 168.157
v -1476.65 50.496 173.649
v -1474.97 50.496 170.173
v -1474.91 50.296 170.049
v -1467.91 50.8811 169.371
v -1468.59 49.753 170.771
v -1468.64 51.496 170.863
v -1469.57 50.496 172.787
v -1470.81 51.496 175.363
v -1469.51 50.296 172.663
v -1473.21 50.9621 166.808
v -1476.6 50.496 173.809
v -1470.92 51.5769 175.312
v -1468.74 51.5769 170.813
v -1468.02 50.9621 169.321
v -1470.61 45.6969 169.645
v -1471.86 45.6969 169.041
v -1471.87 45.6466 169.145
v -1470.69 45.6466 169.713
v -1475.78 42.7894 171.849
v -1475.74 42.8225 171.926
v -1475.8 42.7123 172.04
v -1475.84 42.6554 171.983
v -1475.92 44.496 172.137
v -1475.8 44.2804 172.04
v -1475.74 44.1487 171.926
v -1475.78 44.1487 171.849
v -1470.52 44.496 174.751
v -1470.38 44.1487 174.463
v -1470.46 44.1487 174.482
v -1470.52 44.2804 174.595
v -1470.44 42.6554 174.597
v -1470.52 42.7123 174.595
v -1470.46 42.8225 174.482
v -1470.38 42.7894 174.463
v -1476.6 42.6554 173.809
v -1476.65 42.6554 173.649
v -1476.56 42.7123 173.611
v -1476.54 42.7123 173.688
v -1471.41 42.6554 176.321
v -1471.35 42.7123 176.201
v -1471.28 42.7123 176.166
v -1471.25 42.6554 176.263
v -1476.57 44.496 173.483
v -1475.92 44.496 172.137
v -1476.54 45.15 173.429
v -1475.34 47.496 170.949
v -1475.34 48.0042 170.949
v -1476.43 48.0042 173.192
v -1476.45 47.496 173.235
v -1474.47 47.496 169.148
v -1474.26 48.0042 168.705
v -1474.37 47.3026 168.943
v -1474.16 45.515 168.513
v -1473.6 42.496 167.348
v -1474.24 45.15 168.674
v -1475.34 45.15 170.949
v -1475.34 42.496 170.949
v -1475.78 44.1487 171.849
v -1475.78 42.7894 171.849
v -1475.84 42.6554 171.983
v -1476.65 42.6554 173.649
v -1476.65 42.496 173.649
v -1474.1 48.0042 168.657
v -1473.45 42.496 167.3
v -1474.2 48.0931 168.951
v -1475.2 48.0931 171.017
v -1475.34 48.0042 170.949
v -1474.26 48.0042 168.705
v -1476.2 48.0931 173.083
v -1476.43 48.0042 173.192
v -1476.38 48.0042 173.352
v -1471.08 48.0931 175.561
v -1470.08 48.0931 173.494
v -1469.94 48.0042 173.563
v -1471.03 48.0042 175.807
v -1469.08 48.0931 171.428
v -1468.86 48.0042 171.319
v -1474.1 48.0042 168.657
v -1476.38 48.0042 173.352
v -1476.4 47.496 173.394
v -1476.52 44.496 173.643
v -1476.49 45.15 173.589
v -1476.6 42.6554 173.809
v -1476.6 42.496 173.809
v -1471.19 48.0042 175.865
v -1468.91 48.0042 171.169
v -1476.6 49.496 173.809
v -1471.41 49.496 176.321
v -1471.41 48.2164 176.321
v -1476.6 48.2164 173.809
v -1476.2 48.2164 173.083
v -1471.08 48.2164 175.561
v -1471.08 48.0931 175.561
v -1476.2 48.0931 173.083
v -1473.85 48.3525 169.119
v -1473.21 48.3525 167.788
v -1473.11 48.509 167.586
v -1473.85 48.509 169.119
v -1469.43 48.509 171.26
v -1468.69 48.509 169.727
v -1468.79 48.3525 169.93
v -1469.43 48.3525 171.26
v -1473.11 48.509 167.586
v -1473.21 48.3525 167.788
v -1468.79 48.3525 169.93
v -1468.69 48.509 169.727
v -1469.43 48.3525 171.26
v -1468.79 48.3525 169.93
v -1473.21 48.3525 167.788
v -1473.85 48.3525 169.119
v -1471.17 44.496 176.097
v -1471.14 45.15 176.043
v -1470.52 44.496 174.751
v -1469.94 47.496 173.563
v -1471.05 47.496 175.849
v -1471.03 48.0042 175.807
v -1469.94 48.0042 173.563
v -1469.07 47.496 171.763
v -1468.86 48.0042 171.319
v -1468.97 47.3026 171.557
v -1468.2 42.496 169.962
v -1468.76 45.515 171.128
v -1468.84 45.15 171.289
v -1469.94 42.496 173.563
v -1469.94 45.15 173.563
v -1470.38 44.1487 174.463
v -1470.38 42.7894 174.463
v -1471.25 42.496 176.263
v -1471.25 42.6554 176.263
v -1470.44 42.6554 174.597
v -1468.91 48.0042 171.169
v -1468.26 42.496 169.813
v -1471.21 47.496 175.907
v -1471.19 48.0042 175.865
v -1471.33 44.496 176.156
v -1471.3 45.15 176.101
v -1471.41 42.496 176.321
v -1471.41 42.6554 176.321
v -1474.72 49.4485 170.02
v -1474.72 50.6151 170.02
v -1474.75 50.6151 170.002
v -1474.75 49.4485 170.002
v -1471.39 50.6151 176.195
v -1469.6 50.6151 172.497
v -1469.56 50.6151 172.515
v -1471.36 50.6151 176.231
v -1469.6 50.6151 172.497
v -1469.6 49.4485 172.497
v -1469.56 49.4485 172.515
v -1469.56 50.6151 172.515
v -1469.6 49.4485 172.497
v -1471.39 49.4485 176.195
v -1471.36 49.4485 176.231
v -1469.56 49.4485 172.515
v -1471.36 50.6151 176.231
v -1469.56 50.6151 172.515
v -1469.56 49.4485 172.515
v -1471.36 49.4485 176.231
v -1469.6 49.4485 172.497
v -1469.6 50.6151 172.497
v -1471.39 50.6151 176.195
v -1471.39 49.4485 176.195
v -1474.75 49.4485 170.002
v -1474.75 50.6151 170.002
v -1476.55 50.6151 173.718
v -1476.55 49.4485 173.718
v -1476.51 49.4485 173.717
v -1474.72 49.4485 170.02
v -1474.75 49.4485 170.002
v -1476.55 49.4485 173.718
v -1476.51 50.6151 173.717
v -1474.72 50.6151 170.02
v -1474.72 49.4485 170.02
v -1476.51 49.4485 173.717
v -1474.72 50.6151 170.02
v -1476.51 50.6151 173.717
v -1476.55 50.6151 173.718
v -1474.75 50.6151 170.002
v -1476.55 50.6151 173.718
v -1471.36 50.6151 176.231
v -1471.36 49.4485 176.231
v -1476.55 49.4485 173.718
v -1471.39 49.4485 176.195
v -1476.51 49.4485 173.717
v -1476.55 49.4485 173.718
v -1471.36 49.4485 176.231
v -1471.39 50.6151 176.195
v -1476.51 50.6151 173.717
v -1476.51 49.4485 173.717
v -1471.39 49.4485 176.195
v -1473.61 42.496 167.073
v -1476.87 42.496 173.811
v -1473.61 45.496 167.073
v -1476.87 45.496 173.811
v -1476.87 42.496 173.811
v -1471.24 42.496 176.537
v -1476.87 45.496 173.811
v -1471.24 45.496 176.537
v -1471.24 42.496 176.537
v -1467.98 42.496 169.799
v -1471.24 45.496 176.537
v -1467.98 45.496 169.799
v -1467.98 42.496 169.799
v -1473.61 42.496 167.073
v -1467.98 45.496 169.799
v -1473.61 45.496 167.073
v -1463.83 40.1569 198.065
v -1463.92 40.3742 197.83
v -1463.87 42.9907 198.044
v -1463.91 42.9982 197.926
v -1464.54 40.1494 198.308
v -1464.62 40.3667 198.073
v -1463.83 40.1569 198.065
v -1463.92 40.3742 197.83
v -1464.54 40.1494 198.308
v -1464.58 42.9832 198.287
v -1464.62 40.3667 198.073
v -1464.62 42.9907 198.169
v -1468.8 40.1044 199.766
v -1468.88 40.3217 199.531
v -1468.84 42.9382 199.745
v -1468.88 42.9457 199.627
v -1469.51 40.0969 200.009
v -1469.59 40.3142 199.774
v -1468.8 40.1044 199.766
v -1468.88 40.3217 199.531
v -1469.51 40.0969 200.009
v -1469.55 42.9307 199.988
v -1469.59 40.3142 199.774
v -1469.59 42.9382 199.87
v -1474.59 40.0432 201.751
v -1473.88 40.0507 201.508
v -1478.01 39.3322 202.931
v -1472.11 40.0694 200.9
v -1471.4 40.0769 200.657
v -1469.51 40.0969 200.009
v -1469.55 42.9307 199.988
v -1471.44 42.9107 200.636
v -1462.88 39.4922 197.746
v -1468.8 40.1044 199.766
v -1467.03 40.1232 199.159
v -1462.92 43.0007 197.72
v -1463.87 42.9907 198.044
v -1463.83 40.1569 198.065
v -1464.58 42.9832 198.287
v -1464.54 40.1494 198.308
v -1466.35 42.9645 198.895
v -1466.32 40.1307 198.916
v -1467.06 42.957 199.138
v -1468.84 42.9382 199.745
v -1467.03 40.1232 199.159
v -1467.06 42.957 199.138
v -1467.11 40.3405 198.923
v -1467.1 42.9645 199.02
v -1467.03 40.1232 199.159
v -1467.11 40.3405 198.923
v -1466.32 40.1307 198.916
v -1466.4 40.348 198.68
v -1466.32 40.1307 198.916
v -1466.4 40.348 198.68
v -1466.35 42.9645 198.895
v -1466.39 42.972 198.777
v -1469.8 40.1511 199.156
v -1469.71 40.337 199.416
v -1469.71 42.9607 199.516
v -1469.67 42.9532 199.634
v -1469.09 40.1586 198.913
v -1469 40.3445 199.173
v -1469.8 40.1511 199.156
v -1469.71 40.337 199.416
v -1469.09 40.1586 198.913
v -1469 42.9682 199.273
v -1469 40.3445 199.173
v -1468.96 42.9607 199.391
v -1464.83 40.2036 197.455
v -1464.75 40.3895 197.715
v -1464.74 43.0132 197.815
v -1464.7 43.0057 197.933
v -1464.13 40.2111 197.212
v -1464.04 40.3969 197.472
v -1464.83 40.2036 197.455
v -1464.75 40.3895 197.715
v -1464.13 40.2111 197.212
v -1464.03 43.0207 197.572
v -1464.04 40.3969 197.472
v -1463.99 43.0132 197.69
v -1464.03 43.0207 197.572
v -1464.13 40.2111 197.212
v -1463.09 43.0307 197.248
v -1463.2 39.5522 196.802
v -1464.83 40.2036 197.455
v -1466.61 40.1849 198.062
v -1469 42.9682 199.273
v -1469.09 40.1586 198.913
v -1467.22 42.987 198.666
v -1467.32 40.1774 198.305
v -1466.51 42.9945 198.423
v -1464.74 43.0132 197.815
v -1466.61 40.1849 198.062
v -1466.51 42.9945 198.423
v -1466.52 40.3707 198.322
v -1466.47 42.987 198.541
v -1466.61 40.1849 198.062
v -1466.52 40.3707 198.322
v -1467.32 40.1774 198.305
v -1467.23 40.3632 198.565
v -1467.32 40.1774 198.305
v -1467.23 40.3632 198.565
v -1467.22 42.987 198.666
v -1467.18 42.9795 198.784
v -1478 36.8294 202.899
v -1477.97 39.2 203.041
v -1462.86 36.9894 197.714
v -1462.84 39.36 197.857
v -1462.92 43.0007 197.72
v -1463.87 42.9907 198.044
v -1463.09 43.0307 197.248
v -1463.91 42.9982 197.926
v -1464.03 43.0207 197.572
v -1463.99 43.0132 197.69
v -1464.7 43.0057 197.933
v -1464.62 42.9907 198.169
v -1464.74 43.0132 197.815
v -1466.51 42.9945 198.423
v -1466.47 42.987 198.541
v -1467.22 42.987 198.666
v -1467.18 42.9795 198.784
v -1469 42.9682 199.273
v -1468.96 42.9607 199.391
v -1469.55 42.9307 199.988
v -1471.44 42.9107 200.636
v -1469.59 42.9382 199.87
v -1471.48 42.9182 200.518
v -1469.67 42.9532 199.634
v -1471.56 42.9332 200.282
v -1469.71 42.9607 199.516
v -1471.6 42.9407 200.164
v -1468.88 42.9457 199.627
v -1468.84 42.9382 199.745
v -1467.06 42.957 199.138
v -1467.1 42.9645 199.02
v -1466.39 42.972 198.777
v -1466.35 42.9645 198.895
v -1464.58 42.9832 198.287
v -1462.84 39.36 197.857
v -1477.97 39.2 203.041
v -1462.88 39.4922 197.746
v -1478.01 39.3322 202.931
v -1462.86 36.9894 197.714
v -1462.84 39.36 197.857
v -1463.27 37.0643 196.534
v -1463.24 39.4349 196.677
v -1462.88 39.4922 197.746
v -1463.2 39.5522 196.802
v -1462.92 43.0007 197.72
v -1463.09 43.0307 197.248
v -1471.4 40.0769 200.657
v -1471.48 40.2942 200.422
v -1471.44 42.9107 200.636
v -1471.48 42.9182 200.518
v -1472.11 40.0694 200.9
v -1472.19 40.2867 200.665
v -1471.4 40.0769 200.657
v -1471.48 40.2942 200.422
v -1472.11 40.0694 200.9
v -1472.15 42.9032 200.879
v -1472.19 40.2867 200.665
v -1472.19 42.9107 200.761
v -1476.37 40.0244 202.359
v -1476.45 40.2417 202.123
v -1476.4 42.8582 202.337
v -1476.44 42.8657 202.219
v -1477.08 40.0169 202.602
v -1477.16 40.2342 202.366
v -1476.37 40.0244 202.359
v -1476.45 40.2417 202.123
v -1477.08 40.0169 202.602
v -1477.11 42.8507 202.58
v -1477.16 40.2342 202.366
v -1477.15 42.8582 202.462
v -1477.11 42.8507 202.58
v -1477.08 40.0169 202.602
v -1478.06 42.8407 202.904
v -1476.37 40.0244 202.359
v -1472.15 42.9032 200.879
v -1473.92 42.8845 201.487
v -1474.63 42.877 201.73
v -1476.4 42.8582 202.337
v -1474.59 40.0432 201.751
v -1474.63 42.877 201.73
v -1474.68 40.2605 201.515
v -1474.67 42.8845 201.612
v -1474.59 40.0432 201.751
v -1474.68 40.2605 201.515
v -1473.88 40.0507 201.508
v -1473.97 40.268 201.272
v -1473.88 40.0507 201.508
v -1473.97 40.268 201.272
v -1473.92 42.8845 201.487
v -1473.96 42.892 201.369
v -1477.37 40.0711 201.748
v -1477.28 40.257 202.008
v -1477.28 42.8807 202.108
v -1477.23 42.8732 202.226
v -1476.66 40.0786 201.505
v -1476.57 40.2645 201.765
v -1477.37 40.0711 201.748
v -1477.28 40.257 202.008
v -1476.66 40.0786 201.505
v -1476.57 42.8882 201.865
v -1476.57 40.2645 201.765
v -1476.53 42.8807 201.983
v -1472.4 40.1236 200.047
v -1472.32 40.3095 200.307
v -1472.31 42.9332 200.407
v -1472.27 42.9257 200.525
v -1471.69 40.1311 199.804
v -1471.61 40.317 200.064
v -1472.4 40.1236 200.047
v -1472.32 40.3095 200.307
v -1471.69 40.1311 199.804
v -1471.6 42.9407 200.164
v -1471.61 40.317 200.064
v -1471.56 42.9332 200.282
v -1469.8 40.1511 199.156
v -1478.34 39.3922 201.986
v -1471.6 42.9407 200.164
v -1471.69 40.1311 199.804
v -1469.71 42.9607 199.516
v -1472.4 40.1236 200.047
v -1474.18 40.1049 200.655
v -1478.22 42.8707 202.432
v -1477.28 42.8807 202.108
v -1477.37 40.0711 201.748
v -1476.57 42.8882 201.865
v -1476.66 40.0786 201.505
v -1474.79 42.907 201.258
v -1474.89 40.0974 200.898
v -1474.08 42.9145 201.015
v -1472.31 42.9332 200.407
v -1474.18 40.1049 200.655
v -1474.08 42.9145 201.015
v -1474.09 40.2907 200.914
v -1474.04 42.907 201.133
v -1474.18 40.1049 200.655
v -1474.09 40.2907 200.914
v -1474.89 40.0974 200.898
v -1474.8 40.2832 201.157
v -1474.89 40.0974 200.898
v -1474.8 40.2832 201.157
v -1474.79 42.907 201.258
v -1474.75 42.8995 201.376
v -1463.27 37.0643 196.534
v -1463.24 39.4349 196.677
v -1478.4 36.9043 201.719
v -1478.38 39.2749 201.861
v -1472.27 42.9257 200.525
v -1472.19 42.9107 200.761
v -1472.31 42.9332 200.407
v -1474.08 42.9145 201.015
v -1474.04 42.907 201.133
v -1474.79 42.907 201.258
v -1474.75 42.8995 201.376
v -1476.57 42.8882 201.865
v -1476.53 42.8807 201.983
v -1477.28 42.8807 202.108
v -1477.23 42.8732 202.226
v -1478.22 42.8707 202.432
v -1478.06 42.8407 202.904
v -1477.11 42.8507 202.58
v -1477.15 42.8582 202.462
v -1476.44 42.8657 202.219
v -1476.4 42.8582 202.337
v -1474.63 42.877 201.73
v -1474.67 42.8845 201.612
v -1473.96 42.892 201.369
v -1473.92 42.8845 201.487
v -1472.15 42.9032 200.879
v -1478.4 36.9043 201.719
v -1478.38 39.2749 201.861
v -1478 36.8294 202.899
v -1477.97 39.2 203.041
v -1478.01 39.3322 202.931
v -1478.34 39.3922 201.986
v -1478.06 42.8407 202.904
v -1478.22 42.8707 202.432
v -1478.38 39.2749 201.861
v -1463.24 39.4349 196.677
v -1478.34 39.3922 201.986
v -1463.2 39.5522 196.802
v -1463.91 42.9982 197.926
v -1463.92 40.3742 197.83
v -1464.62 42.9907 198.169
v -1464.62 40.3667 198.073
v -1468.88 42.9457 199.627
v -1468.88 40.3217 199.531
v -1469.59 42.9382 199.87
v -1469.59 40.3142 199.774
v -1466.39 42.972 198.777
v -1466.4 40.348 198.68
v -1467.1 42.9645 199.02
v -1467.11 40.3405 198.923
v -1469.67 42.9532 199.634
v -1469.71 40.337 199.416
v -1468.96 42.9607 199.391
v -1469 40.3445 199.173
v -1464.7 43.0057 197.933
v -1464.75 40.3895 197.715
v -1463.99 43.0132 197.69
v -1464.04 40.3969 197.472
v -1467.18 42.9795 198.784
v -1467.23 40.3632 198.565
v -1466.47 42.987 198.541
v -1466.52 40.3707 198.322
v -1471.48 42.9182 200.518
v -1471.48 40.2942 200.422
v -1472.19 42.9107 200.761
v -1472.19 40.2867 200.665
v -1476.44 42.8657 202.219
v -1476.45 40.2417 202.123
v -1477.15 42.8582 202.462
v -1477.16 40.2342 202.366
v -1473.96 42.892 201.369
v -1473.97 40.268 201.272
v -1474.67 42.8845 201.612
v -1474.68 40.2605 201.515
v -1477.23 42.8732 202.226
v -1477.28 40.257 202.008
v -1476.53 42.8807 201.983
v -1476.57 40.2645 201.765
v -1472.27 42.9257 200.525
v -1472.32 40.3095 200.307
v -1471.56 42.9332 200.282
v -1471.61 40.317 200.064
v -1474.75 42.8995 201.376
v -1474.8 40.2832 201.157
v -1474.04 42.907 201.133
v -1474.09 40.2907 200.914
v -1455.82 40.1143 183.595
v -1456.05 40.3163 183.48
v -1456 42.9413 183.507
v -1456.11 42.9413 183.452
v -1456.15 40.1143 184.269
v -1456.38 40.3163 184.154
v -1455.82 40.1143 183.595
v -1456.05 40.3163 183.48
v -1456.15 40.1143 184.269
v -1456.33 42.9413 184.18
v -1456.38 40.3163 184.154
v -1456.44 42.9413 184.125
v -1458.13 40.1143 188.31
v -1458.36 40.3163 188.195
v -1458.31 42.9413 188.222
v -1458.42 42.9413 188.167
v -1458.46 40.1143 188.984
v -1458.69 40.3163 188.869
v -1458.13 40.1143 188.31
v -1458.36 40.3163 188.195
v -1458.46 40.1143 188.984
v -1458.64 42.9413 188.895
v -1458.69 40.3163 188.869
v -1458.75 42.9413 188.84
v -1460.82 40.1143 193.811
v -1460.49 40.1143 193.138
v -1462.37 39.4413 197.088
v -1459.67 40.1143 191.454
v -1459.34 40.1143 190.78
v -1458.46 40.1143 188.984
v -1458.64 42.9413 188.895
v -1459.52 42.9413 190.691
v -1455.33 39.4413 182.718
v -1458.13 40.1143 188.31
v -1457.3 40.1143 186.626
v -1455.56 42.9413 182.609
v -1456 42.9413 183.507
v -1455.82 40.1143 183.595
v -1456.33 42.9413 184.18
v -1456.15 40.1143 184.269
v -1457.15 42.9413 185.864
v -1456.97 40.1143 185.953
v -1457.48 42.9413 186.538
v -1458.31 42.9413 188.222
v -1457.3 40.1143 186.626
v -1457.48 42.9413 186.538
v -1457.54 40.3163 186.511
v -1457.6 42.9413 186.483
v -1457.3 40.1143 186.626
v -1457.54 40.3163 186.511
v -1456.97 40.1143 185.953
v -1457.21 40.3163 185.837
v -1456.97 40.1143 185.953
v -1457.21 40.3163 185.837
v -1457.15 42.9413 185.864
v -1457.27 42.9413 185.809
v -1459.27 40.1143 188.586
v -1459.03 40.3163 188.702
v -1459.09 42.9413 188.675
v -1458.97 42.9413 188.73
v -1458.94 40.1143 187.913
v -1458.7 40.3163 188.028
v -1459.27 40.1143 188.586
v -1459.03 40.3163 188.702
v -1458.94 40.1143 187.913
v -1458.76 42.9413 188.002
v -1458.7 40.3163 188.028
v -1458.64 42.9413 188.057
v -1456.96 40.1143 183.871
v -1456.72 40.3163 183.987
v -1456.78 42.9413 183.96
v -1456.67 42.9413 184.015
v -1456.63 40.1143 183.198
v -1456.39 40.3163 183.313
v -1456.96 40.1143 183.871
v -1456.72 40.3163 183.987
v -1456.63 40.1143 183.198
v -1456.45 42.9413 183.287
v -1456.39 40.3163 183.313
v -1456.34 42.9413 183.342
v -1456.45 42.9413 183.287
v -1456.63 40.1143 183.198
v -1456.01 42.9413 182.389
v -1456.23 39.4413 182.279
v -1456.96 40.1143 183.871
v -1457.78 40.1143 185.555
v -1458.76 42.9413 188.002
v -1458.94 40.1143 187.913
v -1457.93 42.9413 186.318
v -1458.11 40.1143 186.229
v -1457.6 42.9413 185.644
v -1456.78 42.9413 183.96
v -1457.78 40.1143 185.555
v -1457.6 42.9413 185.644
v -1457.55 40.3163 185.671
v -1457.49 42.9413 185.699
v -1457.78 40.1143 185.555
v -1457.55 40.3163 185.671
v -1458.11 40.1143 186.229
v -1457.88 40.3163 186.344
v -1458.11 40.1143 186.229
v -1457.88 40.3163 186.344
v -1457.93 42.9413 186.318
v -1457.82 42.9413 186.373
v -1462.26 36.9413 197.143
v -1462.26 39.3163 197.143
v -1455.22 36.9413 182.773
v -1455.22 39.3163 182.773
v -1455.56 42.9413 182.609
v -1456 42.9413 183.507
v -1456.01 42.9413 182.389
v -1456.11 42.9413 183.452
v -1456.45 42.9413 183.287
v -1456.34 42.9413 183.342
v -1456.67 42.9413 184.015
v -1456.44 42.9413 184.125
v -1456.78 42.9413 183.96
v -1457.6 42.9413 185.644
v -1457.49 42.9413 185.699
v -1457.93 42.9413 186.318
v -1457.82 42.9413 186.373
v -1458.76 42.9413 188.002
v -1458.64 42.9413 188.057
v -1458.64 42.9413 188.895
v -1459.52 42.9413 190.691
v -1458.75 42.9413 188.84
v -1459.63 42.9413 190.636
v -1458.97 42.9413 188.73
v -1459.85 42.9413 190.526
v -1459.09 42.9413 188.675
v -1459.97 42.9413 190.471
v -1458.42 42.9413 188.167
v -1458.31 42.9413 188.222
v -1457.48 42.9413 186.538
v -1457.6 42.9413 186.483
v -1457.27 42.9413 185.809
v -1457.15 42.9413 185.864
v -1456.33 42.9413 184.18
v -1455.22 39.3163 182.773
v -1462.26 39.3163 197.143
v -1455.33 39.4413 182.718
v -1462.37 39.4413 197.088
v -1455.22 36.9413 182.773
v -1455.22 39.3163 182.773
v -1456.34 36.9413 182.224
v -1456.34 39.3163 182.224
v -1455.33 39.4413 182.718
v -1456.23 39.4413 182.279
v -1455.56 42.9413 182.609
v -1456.01 42.9413 182.389
v -1459.34 40.1143 190.78
v -1459.57 40.3163 190.665
v -1459.52 42.9413 190.691
v -1459.63 42.9413 190.636
v -1459.67 40.1143 191.454
v -1459.9 40.3163 191.338
v -1459.34 40.1143 190.78
v -1459.57 40.3163 190.665
v -1459.67 40.1143 191.454
v -1459.85 42.9413 191.365
v -1459.9 40.3163 191.338
v -1459.96 42.9413 191.31
v -1461.64 40.1143 195.495
v -1461.88 40.3163 195.38
v -1461.83 42.9413 195.406
v -1461.94 42.9413 195.351
v -1461.97 40.1143 196.169
v -1462.21 40.3163 196.053
v -1461.64 40.1143 195.495
v -1461.88 40.3163 195.38
v -1461.97 40.1143 196.169
v -1462.16 42.9413 196.08
v -1462.21 40.3163 196.053
v -1462.27 42.9413 196.025
v -1462.16 42.9413 196.08
v -1461.97 40.1143 196.169
v -1462.6 42.9413 196.978
v -1461.64 40.1143 195.495
v -1459.85 42.9413 191.365
v -1460.67 42.9413 193.049
v -1461 42.9413 193.722
v -1461.83 42.9413 195.406
v -1460.82 40.1143 193.811
v -1461 42.9413 193.722
v -1461.06 40.3163 193.696
v -1461.11 42.9413 193.667
v -1460.82 40.1143 193.811
v -1461.06 40.3163 193.696
v -1460.49 40.1143 193.138
v -1460.73 40.3163 193.022
v -1460.49 40.1143 193.138
v -1460.73 40.3163 193.022
v -1460.67 42.9413 193.049
v -1460.78 42.9413 192.994
v -1462.79 40.1143 195.771
v -1462.55 40.3163 195.887
v -1462.6 42.9413 195.86
v -1462.49 42.9413 195.915
v -1462.46 40.1143 195.098
v -1462.22 40.3163 195.213
v -1462.79 40.1143 195.771
v -1462.55 40.3163 195.887
v -1462.46 40.1143 195.098
v -1462.28 42.9413 195.186
v -1462.22 40.3163 195.213
v -1462.16 42.9413 195.241
v -1460.48 40.1143 191.056
v -1460.24 40.3163 191.172
v -1460.3 42.9413 191.145
v -1460.18 42.9413 191.2
v -1460.15 40.1143 190.383
v -1459.91 40.3163 190.498
v -1460.48 40.1143 191.056
v -1460.24 40.3163 191.172
v -1460.15 40.1143 190.383
v -1459.97 42.9413 190.471
v -1459.91 40.3163 190.498
v -1459.85 42.9413 190.526
v -1459.27 40.1143 188.586
v -1463.27 39.4413 196.648
v -1459.97 42.9413 190.471
v -1460.15 40.1143 190.383
v -1459.09 42.9413 188.675
v -1460.48 40.1143 191.056
v -1461.3 40.1143 192.74
v -1463.04 42.9413 196.758
v -1462.6 42.9413 195.86
v -1462.79 40.1143 195.771
v -1462.28 42.9413 195.186
v -1462.46 40.1143 195.098
v -1461.45 42.9413 193.502
v -1461.63 40.1143 193.414
v -1461.12 42.9413 192.829
v -1460.3 42.9413 191.145
v -1461.3 40.1143 192.74
v -1461.12 42.9413 192.829
v -1461.07 40.3163 192.855
v -1461.01 42.9413 192.884
v -1461.3 40.1143 192.74
v -1461.07 40.3163 192.855
v -1461.63 40.1143 193.414
v -1461.4 40.3163 193.529
v -1461.63 40.1143 193.414
v -1461.4 40.3163 193.529
v -1461.45 42.9413 193.502
v -1461.34 42.9413 193.557
v -1456.34 36.9413 182.224
v -1456.34 39.3163 182.224
v -1463.38 36.9413 196.593
v -1463.38 39.3163 196.593
v -1460.18 42.9413 191.2
v -1459.96 42.9413 191.31
v -1460.3 42.9413 191.145
v -1461.12 42.9413 192.829
v -1461.01 42.9413 192.884
v -1461.45 42.9413 193.502
v -1461.34 42.9413 193.557
v -1462.28 42.9413 195.186
v -1462.16 42.9413 195.241
v -1462.6 42.9413 195.86
v -1462.49 42.9413 195.915
v -1463.04 42.9413 196.758
v -1462.6 42.9413 196.978
v -1462.16 42.9413 196.08
v -1462.27 42.9413 196.025
v -1461.94 42.9413 195.351
v -1461.83 42.9413 195.406
v -1461 42.9413 193.722
v -1461.11 42.9413 193.667
v -1460.78 42.9413 192.994
v -1460.67 42.9413 193.049
v -1459.85 42.9413 191.365
v -1463.38 36.9413 196.593
v -1463.38 39.3163 196.593
v -1462.26 36.9413 197.143
v -1462.26 39.3163 197.143
v -1462.37 39.4413 197.088
v -1463.27 39.4413 196.648
v -1462.6 42.9413 196.978
v -1463.04 42.9413 196.758
v -1463.38 39.3163 196.593
v -1456.34 39.3163 182.224
v -1463.27 39.4413 196.648
v -1456.23 39.4413 182.279
v -1456.11 42.9413 183.452
v -1456.05 40.3163 183.48
v -1456.44 42.9413 184.125
v -1456.38 40.3163 184.154
v -1458.42 42.9413 188.167
v -1458.36 40.3163 188.195
v -1458.75 42.9413 188.84
v -1458.69 40.3163 188.869
v -1457.27 42.9413 185.809
v -1457.21 40.3163 185.837
v -1457.6 42.9413 186.483
v -1457.54 40.3163 186.511
v -1458.97 42.9413 188.73
v -1459.03 40.3163 188.702
v -1458.64 42.9413 188.057
v -1458.7 40.3163 188.028
v -1456.67 42.9413 184.015
v -1456.72 40.3163 183.987
v -1456.34 42.9413 183.342
v -1456.39 40.3163 183.313
v -1457.82 42.9413 186.373
v -1457.88 40.3163 186.344
v -1457.49 42.9413 185.699
v -1457.55 40.3163 185.671
v -1459.63 42.9413 190.636
v -1459.57 40.3163 190.665
v -1459.96 42.9413 191.31
v -1459.9 40.3163 191.338
v -1461.94 42.9413 195.351
v -1461.88 40.3163 195.38
v -1462.27 42.9413 196.025
v -1462.21 40.3163 196.053
v -1460.78 42.9413 192.994
v -1460.73 40.3163 193.022
v -1461.11 42.9413 193.667
v -1461.06 40.3163 193.696
v -1462.49 42.9413 195.915
v -1462.55 40.3163 195.887
v -1462.16 42.9413 195.241
v -1462.22 40.3163 195.213
v -1460.18 42.9413 191.2
v -1460.24 40.3163 191.172
v -1459.85 42.9413 190.526
v -1459.91 40.3163 190.498
v -1461.34 42.9413 193.557
v -1461.4 40.3163 193.529
v -1461.01 42.9413 192.884
v -1461.07 40.3163 192.855
v -1474.46 40.1143 159.71
v -1474.58 40.3163 159.945
v -1474.55 42.9413 159.891
v -1474.61 42.9413 160.003
v -1473.79 40.1143 160.039
v -1473.9 40.3163 160.275
v -1474.46 40.1143 159.71
v -1474.58 40.3163 159.945
v -1473.79 40.1143 160.039
v -1473.88 42.9413 160.221
v -1473.9 40.3163 160.275
v -1473.93 42.9413 160.333
v -1469.75 40.1143 162.019
v -1469.86 40.3163 162.254
v -1469.84 42.9413 162.2
v -1469.89 42.9413 162.312
v -1469.07 40.1143 162.348
v -1469.19 40.3163 162.584
v -1469.75 40.1143 162.019
v -1469.86 40.3163 162.254
v -1469.07 40.1143 162.348
v -1469.16 42.9413 162.53
v -1469.19 40.3163 162.584
v -1469.22 42.9413 162.642
v -1464.25 40.1143 164.712
v -1464.92 40.1143 164.383
v -1460.97 39.4413 166.264
v -1466.6 40.1143 163.558
v -1467.28 40.1143 163.228
v -1469.07 40.1143 162.348
v -1469.16 42.9413 162.53
v -1467.37 42.9413 163.409
v -1475.34 39.4413 159.227
v -1469.75 40.1143 162.019
v -1471.43 40.1143 161.194
v -1475.45 42.9413 159.451
v -1474.55 42.9413 159.891
v -1474.46 40.1143 159.71
v -1473.88 42.9413 160.221
v -1473.79 40.1143 160.039
v -1472.19 42.9413 161.045
v -1472.11 40.1143 160.864
v -1471.52 42.9413 161.375
v -1469.84 42.9413 162.2
v -1471.43 40.1143 161.194
v -1471.52 42.9413 161.375
v -1471.55 40.3163 161.43
v -1471.58 42.9413 161.488
v -1471.43 40.1143 161.194
v -1471.55 40.3163 161.43
v -1472.11 40.1143 160.864
v -1472.22 40.3163 161.1
v -1472.11 40.1143 160.864
v -1472.22 40.3163 161.1
v -1472.19 42.9413 161.045
v -1472.25 42.9413 161.158
v -1469.47 40.1143 163.16
v -1469.36 40.3163 162.924
v -1469.38 42.9413 162.979
v -1469.33 42.9413 162.867
v -1470.15 40.1143 162.83
v -1470.03 40.3163 162.595
v -1469.47 40.1143 163.16
v -1469.36 40.3163 162.924
v -1470.15 40.1143 162.83
v -1470.06 42.9413 162.649
v -1470.03 40.3163 162.595
v -1470 42.9413 162.537
v -1474.19 40.1143 160.851
v -1474.07 40.3163 160.615
v -1474.1 42.9413 160.67
v -1474.04 42.9413 160.558
v -1474.86 40.1143 160.521
v -1474.75 40.3163 160.286
v -1474.19 40.1143 160.851
v -1474.07 40.3163 160.615
v -1474.86 40.1143 160.521
v -1474.77 42.9413 160.34
v -1474.75 40.3163 160.286
v -1474.72 42.9413 160.228
v -1474.77 42.9413 160.34
v -1474.86 40.1143 160.521
v -1475.67 42.9413 159.9
v -1475.78 39.4413 160.125
v -1474.19 40.1143 160.851
v -1472.5 40.1143 161.676
v -1470.06 42.9413 162.649
v -1470.15 40.1143 162.83
v -1471.74 42.9413 161.824
v -1471.83 40.1143 162.006
v -1472.41 42.9413 161.494
v -1474.1 42.9413 160.67
v -1472.5 40.1143 161.676
v -1472.41 42.9413 161.494
v -1472.39 40.3163 161.44
v -1472.36 42.9413 161.382
v -1472.5 40.1143 161.676
v -1472.39 40.3163 161.44
v -1471.83 40.1143 162.006
v -1471.71 40.3163 161.77
v -1471.83 40.1143 162.006
v -1471.71 40.3163 161.77
v -1471.74 42.9413 161.824
v -1471.69 42.9413 161.712
v -1460.92 36.9413 166.151
v -1460.92 39.3163 166.151
v -1475.29 36.9413 159.114
v -1475.29 39.3163 159.114
v -1475.45 42.9413 159.451
v -1474.55 42.9413 159.891
v -1475.67 42.9413 159.9
v -1474.61 42.9413 160.003
v -1474.77 42.9413 160.34
v -1474.72 42.9413 160.228
v -1474.04 42.9413 160.558
v -1473.93 42.9413 160.333
v -1474.1 42.9413 160.67
v -1472.41 42.9413 161.494
v -1472.36 42.9413 161.382
v -1471.74 42.9413 161.824
v -1471.69 42.9413 161.712
v -1470.06 42.9413 162.649
v -1470 42.9413 162.537
v -1469.16 42.9413 162.53
v -1467.37 42.9413 163.409
v -1469.22 42.9413 162.642
v -1467.42 42.9413 163.522
v -1469.33 42.9413 162.867
v -1467.53 42.9413 163.746
v -1469.38 42.9413 162.979
v -1467.59 42.9413 163.858
v -1469.89 42.9413 162.312
v -1469.84 42.9413 162.2
v -1471.52 42.9413 161.375
v -1471.58 42.9413 161.488
v -1472.25 42.9413 161.158
v -1472.19 42.9413 161.045
v -1473.88 42.9413 160.221
v -1475.29 39.3163 159.114
v -1460.92 39.3163 166.151
v -1475.34 39.4413 159.227
v -1460.97 39.4413 166.264
v -1475.29 36.9413 159.114
v -1475.29 39.3163 159.114
v -1475.83 36.9413 160.237
v -1475.83 39.3163 160.237
v -1475.34 39.4413 159.227
v -1475.78 39.4413 160.125
v -1475.45 42.9413 159.451
v -1475.67 42.9413 159.9
v -1467.28 40.1143 163.228
v -1467.39 40.3163 163.464
v -1467.37 42.9413 163.409
v -1467.42 42.9413 163.522
v -1466.6 40.1143 163.558
v -1466.72 40.3163 163.794
v -1467.28 40.1143 163.228
v -1467.39 40.3163 163.464
v -1466.6 40.1143 163.558
v -1466.69 42.9413 163.739
v -1466.72 40.3163 163.794
v -1466.75 42.9413 163.852
v -1462.56 40.1143 165.537
v -1462.68 40.3163 165.773
v -1462.65 42.9413 165.718
v -1462.71 42.9413 165.831
v -1461.89 40.1143 165.867
v -1462.01 40.3163 166.103
v -1462.56 40.1143 165.537
v -1462.68 40.3163 165.773
v -1461.89 40.1143 165.867
v -1461.98 42.9413 166.048
v -1462.01 40.3163 166.103
v -1462.03 42.9413 166.161
v -1461.98 42.9413 166.048
v -1461.89 40.1143 165.867
v -1461.08 42.9413 166.488
v -1462.56 40.1143 165.537
v -1466.69 42.9413 163.739
v -1465.01 42.9413 164.564
v -1464.34 42.9413 164.894
v -1462.65 42.9413 165.718
v -1464.25 40.1143 164.712
v -1464.34 42.9413 164.894
v -1464.36 40.3163 164.948
v -1464.39 42.9413 165.006
v -1464.25 40.1143 164.712
v -1464.36 40.3163 164.948
v -1464.92 40.1143 164.383
v -1465.04 40.3163 164.618
v -1464.92 40.1143 164.383
v -1465.04 40.3163 164.618
v -1465.01 42.9413 164.564
v -1465.06 42.9413 164.676
v -1462.29 40.1143 166.679
v -1462.17 40.3163 166.443
v -1462.2 42.9413 166.497
v -1462.14 42.9413 166.385
v -1462.96 40.1143 166.349
v -1462.85 40.3163 166.113
v -1462.29 40.1143 166.679
v -1462.17 40.3163 166.443
v -1462.96 40.1143 166.349
v -1462.87 42.9413 166.168
v -1462.85 40.3163 166.113
v -1462.82 42.9413 166.055
v -1467 40.1143 164.37
v -1466.89 40.3163 164.134
v -1466.91 42.9413 164.188
v -1466.86 42.9413 164.076
v -1467.68 40.1143 164.04
v -1467.56 40.3163 163.804
v -1467 40.1143 164.37
v -1466.89 40.3163 164.134
v -1467.68 40.1143 164.04
v -1467.59 42.9413 163.858
v -1467.56 40.3163 163.804
v -1467.53 42.9413 163.746
v -1469.47 40.1143 163.16
v -1461.41 39.4413 167.162
v -1467.59 42.9413 163.858
v -1467.68 40.1143 164.04
v -1469.38 42.9413 162.979
v -1467 40.1143 164.37
v -1465.32 40.1143 165.194
v -1461.3 42.9413 166.937
v -1462.2 42.9413 166.497
v -1462.29 40.1143 166.679
v -1462.87 42.9413 166.168
v -1462.96 40.1143 166.349
v -1464.56 42.9413 165.343
v -1464.64 40.1143 165.524
v -1465.23 42.9413 165.013
v -1466.91 42.9413 164.188
v -1465.32 40.1143 165.194
v -1465.23 42.9413 165.013
v -1465.2 40.3163 164.959
v -1465.17 42.9413 164.901
v -1465.32 40.1143 165.194
v -1465.2 40.3163 164.959
v -1464.64 40.1143 165.524
v -1464.53 40.3163 165.289
v -1464.64 40.1143 165.524
v -1464.53 40.3163 165.289
v -1464.56 42.9413 165.343
v -1464.5 42.9413 165.231
v -1475.83 36.9413 160.237
v -1475.83 39.3163 160.237
v -1461.47 36.9413 167.274
v -1461.47 39.3163 167.274
v -1466.86 42.9413 164.076
v -1466.75 42.9413 163.852
v -1466.91 42.9413 164.188
v -1465.23 42.9413 165.013
v -1465.17 42.9413 164.901
v -1464.56 42.9413 165.343
v -1464.5 42.9413 165.231
v -1462.87 42.9413 166.168
v -1462.82 42.9413 166.055
v -1462.2 42.9413 166.497
v -1462.14 42.9413 166.385
v -1461.3 42.9413 166.937
v -1461.08 42.9413 166.488
v -1461.98 42.9413 166.048
v -1462.03 42.9413 166.161
v -1462.71 42.9413 165.831
v -1462.65 42.9413 165.718
v -1464.34 42.9413 164.894
v -1464.39 42.9413 165.006
v -1465.06 42.9413 164.676
v -1465.01 42.9413 164.564
v -1466.69 42.9413 163.739
v -1461.47 36.9413 167.274
v -1461.47 39.3163 167.274
v -1460.92 36.9413 166.151
v -1460.92 39.3163 166.151
v -1460.97 39.4413 166.264
v -1461.41 39.4413 167.162
v -1461.08 42.9413 166.488
v -1461.3 42.9413 166.937
v -1461.47 39.3163 167.274
v -1475.83 39.3163 160.237
v -1461.41 39.4413 167.162
v -1475.78 39.4413 160.125
v -1474.61 42.9413 160.003
v -1474.58 40.3163 159.945
v -1473.93 42.9413 160.333
v -1473.9 40.3163 160.275
v -1469.89 42.9413 162.312
v -1469.86 40.3163 162.254
v -1469.22 42.9413 162.642
v -1469.19 40.3163 162.584
v -1472.25 42.9413 161.158
v -1472.22 40.3163 161.1
v -1471.58 42.9413 161.488
v -1471.55 40.3163 161.43
v -1469.33 42.9413 162.867
v -1469.36 40.3163 162.924
v -1470 42.9413 162.537
v -1470.03 40.3163 162.595
v -1474.04 42.9413 160.558
v -1474.07 40.3163 160.615
v -1474.72 42.9413 160.228
v -1474.75 40.3163 160.286
v -1471.69 42.9413 161.712
v -1471.71 40.3163 161.77
v -1472.36 42.9413 161.382
v -1472.39 40.3163 161.44
v -1467.42 42.9413 163.522
v -1467.39 40.3163 163.464
v -1466.75 42.9413 163.852
v -1466.72 40.3163 163.794
v -1462.71 42.9413 165.831
v -1462.68 40.3163 165.773
v -1462.03 42.9413 166.161
v -1462.01 40.3163 166.103
v -1465.06 42.9413 164.676
v -1465.04 40.3163 164.618
v -1464.39 42.9413 165.006
v -1464.36 40.3163 164.948
v -1462.14 42.9413 166.385
v -1462.17 40.3163 166.443
v -1462.82 42.9413 166.055
v -1462.85 40.3163 166.113
v -1466.86 42.9413 164.076
v -1466.89 40.3163 164.134
v -1467.53 42.9413 163.746
v -1467.56 40.3163 163.804
v -1464.5 42.9413 165.231
v -1464.53 40.3163 165.289
v -1465.17 42.9413 164.901
v -1465.2 40.3163 164.959
v -1460 40.1143 167.726
v -1460.25 40.3163 167.811
v -1460.19 42.9413 167.791
v -1460.31 42.9413 167.832
v -1459.76 40.1143 168.435
v -1460.01 40.3163 168.52
v -1460 40.1143 167.726
v -1460.25 40.3163 167.811
v -1459.76 40.1143 168.435
v -1459.95 42.9413 168.501
v -1460.01 40.3163 168.52
v -1460.07 42.9413 168.541
v -1458.3 40.1143 172.692
v -1458.55 40.3163 172.777
v -1458.49 42.9413 172.758
v -1458.61 42.9413 172.798
v -1458.06 40.1143 173.402
v -1458.31 40.3163 173.487
v -1458.3 40.1143 172.692
v -1458.55 40.3163 172.777
v -1458.06 40.1143 173.402
v -1458.25 42.9413 173.467
v -1458.31 40.3163 173.487
v -1458.37 42.9413 173.508
v -1456.32 40.1143 178.487
v -1456.56 40.1143 177.777
v -1455.1 39.4413 181.901
v -1457.17 40.1143 176.004
v -1457.41 40.1143 175.294
v -1458.06 40.1143 173.402
v -1458.25 42.9413 173.467
v -1457.6 42.9413 175.359
v -1460.28 39.4413 166.764
v -1458.3 40.1143 172.692
v -1458.91 40.1143 170.919
v -1460.52 42.9413 166.845
v -1460.19 42.9413 167.791
v -1460 40.1143 167.726
v -1459.95 42.9413 168.501
v -1459.76 40.1143 168.435
v -1459.34 42.9413 170.274
v -1459.15 40.1143 170.209
v -1459.1 42.9413 170.984
v -1458.49 42.9413 172.758
v -1458.91 40.1143 170.919
v -1459.1 42.9413 170.984
v -1459.16 40.3163 171.004
v -1459.22 42.9413 171.025
v -1458.91 40.1143 170.919
v -1459.16 40.3163 171.004
v -1459.15 40.1143 170.209
v -1459.4 40.3163 170.294
v -1459.15 40.1143 170.209
v -1459.4 40.3163 170.294
v -1459.34 42.9413 170.274
v -1459.46 42.9413 170.315
v -1458.91 40.1143 173.695
v -1458.67 40.3163 173.61
v -1458.72 42.9413 173.629
v -1458.6 42.9413 173.589
v -1459.16 40.1143 172.985
v -1458.91 40.3163 172.9
v -1458.91 40.1143 173.695
v -1458.67 40.3163 173.61
v -1459.16 40.1143 172.985
v -1458.97 42.9413 172.92
v -1458.91 40.3163 172.9
v -1458.85 42.9413 172.879
v -1460.61 40.1143 168.728
v -1460.37 40.3163 168.643
v -1460.42 42.9413 168.663
v -1460.31 42.9413 168.622
v -1460.86 40.1143 168.019
v -1460.61 40.3163 167.934
v -1460.61 40.1143 168.728
v -1460.37 40.3163 168.643
v -1460.86 40.1143 168.019
v -1460.67 42.9413 167.953
v -1460.61 40.3163 167.934
v -1460.55 42.9413 167.913
v -1460.67 42.9413 167.953
v -1460.86 40.1143 168.019
v -1460.99 42.9413 167.007
v -1461.23 39.4413 167.088
v -1460.61 40.1143 168.728
v -1460.01 40.1143 170.502
v -1458.97 42.9413 172.92
v -1459.16 40.1143 172.985
v -1459.57 42.9413 171.146
v -1459.76 40.1143 171.211
v -1459.82 42.9413 170.437
v -1460.42 42.9413 168.663
v -1460.01 40.1143 170.502
v -1459.82 42.9413 170.437
v -1459.76 40.3163 170.417
v -1459.7 42.9413 170.396
v -1460.01 40.1143 170.502
v -1459.76 40.3163 170.417
v -1459.76 40.1143 171.211
v -1459.52 40.3163 171.126
v -1459.76 40.1143 171.211
v -1459.52 40.3163 171.126
v -1459.57 42.9413 171.146
v -1459.46 42.9413 171.106
v -1454.98 36.9413 181.86
v -1454.98 39.3163 181.86
v -1460.16 36.9413 166.724
v -1460.16 39.3163 166.724
v -1460.52 42.9413 166.845
v -1460.19 42.9413 167.791
v -1460.99 42.9413 167.007
v -1460.31 42.9413 167.832
v -1460.67 42.9413 167.953
v -1460.55 42.9413 167.913
v -1460.31 42.9413 168.622
v -1460.07 42.9413 168.541
v -1460.42 42.9413 168.663
v -1459.82 42.9413 170.437
v -1459.7 42.9413 170.396
v -1459.57 42.9413 171.146
v -1459.46 42.9413 171.106
v -1458.97 42.9413 172.92
v -1458.85 42.9413 172.879
v -1458.25 42.9413 173.467
v -1457.6 42.9413 175.359
v -1458.37 42.9413 173.508
v -1457.72 42.9413 175.4
v -1458.6 42.9413 173.589
v -1457.96 42.9413 175.481
v -1458.72 42.9413 173.629
v -1458.07 42.9413 175.521
v -1458.61 42.9413 172.798
v -1458.49 42.9413 172.758
v -1459.1 42.9413 170.984
v -1459.22 42.9413 171.025
v -1459.46 42.9413 170.315
v -1459.34 42.9413 170.274
v -1459.95 42.9413 168.501
v -1460.16 39.3163 166.724
v -1454.98 39.3163 181.86
v -1460.28 39.4413 166.764
v -1455.1 39.4413 181.901
v -1460.16 36.9413 166.724
v -1460.16 39.3163 166.724
v -1461.35 36.9413 167.129
v -1461.35 39.3163 167.129
v -1460.28 39.4413 166.764
v -1461.23 39.4413 167.088
v -1460.52 42.9413 166.845
v -1460.99 42.9413 167.007
v -1457.41 40.1143 175.294
v -1457.66 40.3163 175.379
v -1457.6 42.9413 175.359
v -1457.72 42.9413 175.4
v -1457.17 40.1143 176.004
v -1457.42 40.3163 176.089
v -1457.41 40.1143 175.294
v -1457.66 40.3163 175.379
v -1457.17 40.1143 176.004
v -1457.36 42.9413 176.069
v -1457.42 40.3163 176.089
v -1457.48 42.9413 176.109
v -1455.71 40.1143 180.261
v -1455.96 40.3163 180.346
v -1455.9 42.9413 180.326
v -1456.02 42.9413 180.367
v -1455.47 40.1143 180.97
v -1455.71 40.3163 181.055
v -1455.71 40.1143 180.261
v -1455.96 40.3163 180.346
v -1455.47 40.1143 180.97
v -1455.66 42.9413 181.036
v -1455.71 40.3163 181.055
v -1455.78 42.9413 181.076
v -1455.66 42.9413 181.036
v -1455.47 40.1143 180.97
v -1455.33 42.9413 181.982
v -1455.71 40.1143 180.261
v -1457.36 42.9413 176.069
v -1456.75 42.9413 177.843
v -1456.51 42.9413 178.552
v -1455.9 42.9413 180.326
v -1456.32 40.1143 178.487
v -1456.51 42.9413 178.552
v -1456.57 40.3163 178.572
v -1456.63 42.9413 178.593
v -1456.32 40.1143 178.487
v -1456.57 40.3163 178.572
v -1456.56 40.1143 177.777
v -1456.81 40.3163 177.862
v -1456.56 40.1143 177.777
v -1456.81 40.3163 177.862
v -1456.75 42.9413 177.843
v -1456.87 42.9413 177.883
v -1456.32 40.1143 181.263
v -1456.07 40.3163 181.178
v -1456.13 42.9413 181.198
v -1456.01 42.9413 181.157
v -1456.56 40.1143 180.554
v -1456.32 40.3163 180.469
v -1456.32 40.1143 181.263
v -1456.07 40.3163 181.178
v -1456.56 40.1143 180.554
v -1456.37 42.9413 180.488
v -1456.32 40.3163 180.469
v -1456.26 42.9413 180.448
v -1458.02 40.1143 176.296
v -1457.77 40.3163 176.211
v -1457.83 42.9413 176.231
v -1457.71 42.9413 176.191
v -1458.27 40.1143 175.587
v -1458.02 40.3163 175.502
v -1458.02 40.1143 176.296
v -1457.77 40.3163 176.211
v -1458.27 40.1143 175.587
v -1458.07 42.9413 175.521
v -1458.02 40.3163 175.502
v -1457.96 42.9413 175.481
v -1458.91 40.1143 173.695
v -1456.04 39.4413 182.225
v -1458.07 42.9413 175.521
v -1458.27 40.1143 175.587
v -1458.72 42.9413 173.629
v -1458.02 40.1143 176.296
v -1457.42 40.1143 178.07
v -1455.81 42.9413 182.144
v -1456.13 42.9413 181.198
v -1456.32 40.1143 181.263
v -1456.37 42.9413 180.488
v -1456.56 40.1143 180.554
v -1456.98 42.9413 178.714
v -1457.17 40.1143 178.78
v -1457.22 42.9413 178.005
v -1457.83 42.9413 176.231
v -1457.42 40.1143 178.07
v -1457.22 42.9413 178.005
v -1457.17 40.3163 177.985
v -1457.11 42.9413 177.964
v -1457.42 40.1143 178.07
v -1457.17 40.3163 177.985
v -1457.17 40.1143 178.78
v -1456.92 40.3163 178.695
v -1457.17 40.1143 178.78
v -1456.92 40.3163 178.695
v -1456.98 42.9413 178.714
v -1456.86 42.9413 178.674
v -1461.35 36.9413 167.129
v -1461.35 39.3163 167.129
v -1456.16 36.9413 182.265
v -1456.16 39.3163 182.265
v -1457.71 42.9413 176.191
v -1457.48 42.9413 176.109
v -1457.83 42.9413 176.231
v -1457.22 42.9413 178.005
v -1457.11 42.9413 177.964
v -1456.98 42.9413 178.714
v -1456.86 42.9413 178.674
v -1456.37 42.9413 180.488
v -1456.26 42.9413 180.448
v -1456.13 42.9413 181.198
v -1456.01 42.9413 181.157
v -1455.81 42.9413 182.144
v -1455.33 42.9413 181.982
v -1455.66 42.9413 181.036
v -1455.78 42.9413 181.076
v -1456.02 42.9413 180.367
v -1455.9 42.9413 180.326
v -1456.51 42.9413 178.552
v -1456.63 42.9413 178.593
v -1456.87 42.9413 177.883
v -1456.75 42.9413 177.843
v -1457.36 42.9413 176.069
v -1456.16 36.9413 182.265
v -1456.16 39.3163 182.265
v -1454.98 36.9413 181.86
v -1454.98 39.3163 181.86
v -1455.1 39.4413 181.901
v -1456.04 39.4413 182.225
v -1455.33 42.9413 181.982
v -1455.81 42.9413 182.144
v -1456.16 39.3163 182.265
v -1461.35 39.3163 167.129
v -1456.04 39.4413 182.225
v -1461.23 39.4413 167.088
v -1460.31 42.9413 167.832
v -1460.25 40.3163 167.811
v -1460.07 42.9413 168.541
v -1460.01 40.3163 168.52
v -1458.61 42.9413 172.798
v -1458.55 40.3163 172.777
v -1458.37 42.9413 173.508
v -1458.31 40.3163 173.487
v -1459.46 42.9413 170.315
v -1459.4 40.3163 170.294
v -1459.22 42.9413 171.025
v -1459.16 40.3163 171.004
v -1458.6 42.9413 173.589
v -1458.67 40.3163 173.61
v -1458.85 42.9413 172.879
v -1458.91 40.3163 172.9
v -1460.31 42.9413 168.622
v -1460.37 40.3163 168.643
v -1460.55 42.9413 167.913
v -1460.61 40.3163 167.934
v -1459.46 42.9413 171.106
v -1459.52 40.3163 171.126
v -1459.7 42.9413 170.396
v -1459.76 40.3163 170.417
v -1457.72 42.9413 175.4
v -1457.66 40.3163 175.379
v -1457.48 42.9413 176.109
v -1457.42 40.3163 176.089
v -1456.02 42.9413 180.367
v -1455.96 40.3163 180.346
v -1455.78 42.9413 181.076
v -1455.71 40.3163 181.055
v -1456.87 42.9413 177.883
v -1456.81 40.3163 177.862
v -1456.63 42.9413 178.593
v -1456.57 40.3163 178.572
v -1456.01 42.9413 181.157
v -1456.07 40.3163 181.178
v -1456.26 42.9413 180.448
v -1456.32 40.3163 180.469
v -1457.71 42.9413 176.191
v -1457.77 40.3163 176.211
v -1457.96 42.9413 175.481
v -1458.02 40.3163 175.502
v -1456.86 42.9413 178.674
v -1456.92 40.3163 178.695
v -1457.11 42.9413 177.964
v -1457.17 40.3163 177.985
v -1498.37 40.0496 178.346
v -1498.16 40.2862 178.448
v -1498.54 42.877 178.261
v -1498.43 42.8945 178.315
v -1498.04 40.0496 177.673
v -1497.83 40.2862 177.775
v -1498.37 40.0496 178.346
v -1498.16 40.2862 178.448
v -1498.04 40.0496 177.673
v -1498.21 42.877 177.587
v -1497.83 40.2862 177.775
v -1498.1 42.8945 177.642
v -1496.06 40.0496 173.631
v -1495.85 40.2862 173.733
v -1496.23 42.877 173.546
v -1496.12 42.8945 173.6
v -1495.73 40.0496 172.958
v -1495.52 40.2862 173.06
v -1496.06 40.0496 173.631
v -1495.85 40.2862 173.733
v -1495.73 40.0496 172.958
v -1495.9 42.877 172.872
v -1495.52 40.2862 173.06
v -1495.79 42.8945 172.927
v -1493.36 40.0496 168.131
v -1493.69 40.0496 168.804
v -1491.73 39.3764 164.895
v -1494.52 40.0496 170.488
v -1494.85 40.0496 171.162
v -1495.73 40.0496 172.958
v -1495.9 42.877 172.872
v -1495.02 42.877 171.076
v -1498.76 39.3764 179.265
v -1496.06 40.0496 173.631
v -1496.88 40.0496 175.315
v -1498.98 42.877 179.159
v -1498.54 42.877 178.261
v -1498.37 40.0496 178.346
v -1498.21 42.877 177.587
v -1498.04 40.0496 177.673
v -1497.39 42.877 175.903
v -1497.21 40.0496 175.989
v -1497.06 42.877 175.23
v -1496.23 42.877 173.546
v -1496.88 40.0496 175.315
v -1497.06 42.877 175.23
v -1496.67 40.2862 175.417
v -1496.95 42.8945 175.284
v -1496.88 40.0496 175.315
v -1496.67 40.2862 175.417
v -1497.21 40.0496 175.989
v -1497 40.2862 176.091
v -1497.21 40.0496 175.989
v -1497 40.2862 176.091
v -1497.39 42.877 175.903
v -1497.28 42.8945 175.958
v -1494.92 40.1757 173.352
v -1495.18 40.3391 173.225
v -1495.46 42.9468 173.09
v -1495.57 42.9294 173.036
v -1495.25 40.1757 174.025
v -1495.51 40.3391 173.898
v -1494.92 40.1757 173.352
v -1495.18 40.3391 173.225
v -1495.25 40.1757 174.025
v -1495.79 42.9468 173.764
v -1495.51 40.3391 173.898
v -1495.9 42.9294 173.709
v -1497.23 40.1757 178.066
v -1497.49 40.3391 177.94
v -1497.77 42.9468 177.805
v -1497.88 42.9294 177.751
v -1497.56 40.1757 178.74
v -1497.82 40.3391 178.613
v -1497.23 40.1757 178.066
v -1497.49 40.3391 177.94
v -1497.56 40.1757 178.74
v -1498.1 42.9468 178.479
v -1497.82 40.3391 178.613
v -1498.21 42.9294 178.424
v -1498.1 42.9468 178.479
v -1497.56 40.1757 178.74
v -1498.54 42.9468 179.377
v -1497.88 39.5159 179.7
v -1497.23 40.1757 178.066
v -1496.41 40.1757 176.383
v -1495.79 42.9468 173.764
v -1495.25 40.1757 174.025
v -1496.61 42.9468 175.448
v -1496.08 40.1757 175.709
v -1496.94 42.9468 176.121
v -1497.77 42.9468 177.805
v -1496.41 40.1757 176.383
v -1496.94 42.9468 176.121
v -1496.67 40.3391 176.256
v -1497.05 42.9294 176.067
v -1496.41 40.1757 176.383
v -1496.67 40.3391 176.256
v -1496.08 40.1757 175.709
v -1496.34 40.3391 175.582
v -1496.08 40.1757 175.709
v -1496.34 40.3391 175.582
v -1496.61 42.9468 175.448
v -1496.72 42.9294 175.393
v -1491.53 36.8834 164.994
v -1491.82 39.2352 164.849
v -1498.56 36.8834 179.364
v -1498.86 39.2352 179.218
v -1498.98 42.877 179.159
v -1498.54 42.877 178.261
v -1498.54 42.9468 179.377
v -1498.43 42.8945 178.315
v -1498.1 42.9468 178.479
v -1498.21 42.9294 178.424
v -1497.88 42.9294 177.751
v -1498.1 42.8945 177.642
v -1497.77 42.9468 177.805
v -1496.94 42.9468 176.121
v -1497.05 42.9294 176.067
v -1496.61 42.9468 175.448
v -1496.72 42.9294 175.393
v -1495.79 42.9468 173.764
v -1495.9 42.9294 173.709
v -1495.9 42.877 172.872
v -1495.02 42.877 171.076
v -1495.79 42.8945 172.927
v -1494.91 42.8945 171.131
v -1495.57 42.9294 173.036
v -1494.69 42.9294 171.239
v -1495.46 42.9468 173.09
v -1494.58 42.9468 171.294
v -1496.12 42.8945 173.6
v -1496.23 42.877 173.546
v -1497.06 42.877 175.23
v -1496.95 42.8945 175.284
v -1497.28 42.8945 175.958
v -1497.39 42.877 175.903
v -1498.21 42.877 177.587
v -1498.86 39.2352 179.218
v -1491.82 39.2352 164.849
v -1498.76 39.3764 179.265
v -1491.73 39.3764 164.895
v -1498.56 36.8834 179.364
v -1498.86 39.2352 179.218
v -1497.45 37.0578 179.908
v -1497.75 39.4096 179.762
v -1498.76 39.3764 179.265
v -1497.88 39.5159 179.7
v -1498.98 42.877 179.159
v -1498.54 42.9468 179.377
v -1494.85 40.0496 171.162
v -1494.64 40.2862 171.264
v -1495.02 42.877 171.076
v -1494.91 42.8945 171.131
v -1494.52 40.0496 170.488
v -1494.31 40.2862 170.59
v -1494.85 40.0496 171.162
v -1494.64 40.2862 171.264
v -1494.52 40.0496 170.488
v -1494.69 42.877 170.403
v -1494.31 40.2862 170.59
v -1494.58 42.8945 170.457
v -1492.54 40.0496 166.447
v -1492.33 40.2862 166.549
v -1492.71 42.877 166.361
v -1492.6 42.8945 166.416
v -1492.21 40.0496 165.773
v -1492 40.2862 165.875
v -1492.54 40.0496 166.447
v -1492.33 40.2862 166.549
v -1492.21 40.0496 165.773
v -1492.38 42.877 165.688
v -1492 40.2862 165.875
v -1492.27 42.8945 165.742
v -1492.38 42.877 165.688
v -1492.21 40.0496 165.773
v -1491.94 42.877 164.79
v -1492.54 40.0496 166.447
v -1494.69 42.877 170.403
v -1493.87 42.877 168.719
v -1493.54 42.877 168.045
v -1492.71 42.877 166.361
v -1493.36 40.0496 168.131
v -1493.54 42.877 168.045
v -1493.16 40.2862 168.233
v -1493.43 42.8945 168.1
v -1493.36 40.0496 168.131
v -1493.16 40.2862 168.233
v -1493.69 40.0496 168.804
v -1493.49 40.2862 168.906
v -1493.69 40.0496 168.804
v -1493.49 40.2862 168.906
v -1493.87 42.877 168.719
v -1493.76 42.8945 168.773
v -1491.41 40.1757 166.167
v -1491.66 40.3391 166.04
v -1491.94 42.9468 165.905
v -1492.05 42.9294 165.851
v -1491.74 40.1757 166.84
v -1491.99 40.3391 166.714
v -1491.41 40.1757 166.167
v -1491.66 40.3391 166.04
v -1491.74 40.1757 166.84
v -1492.27 42.9468 166.579
v -1491.99 40.3391 166.714
v -1492.38 42.9294 166.525
v -1493.71 40.1757 170.882
v -1493.97 40.3391 170.755
v -1494.25 42.9468 170.62
v -1494.36 42.9294 170.566
v -1494.04 40.1757 171.555
v -1494.3 40.3391 171.429
v -1493.71 40.1757 170.882
v -1493.97 40.3391 170.755
v -1494.04 40.1757 171.555
v -1494.58 42.9468 171.294
v -1494.3 40.3391 171.429
v -1494.69 42.9294 171.239
v -1494.92 40.1757 173.352
v -1490.84 39.5159 165.331
v -1494.58 42.9468 171.294
v -1494.04 40.1757 171.555
v -1495.46 42.9468 173.09
v -1493.71 40.1757 170.882
v -1492.89 40.1757 169.198
v -1491.5 42.9468 165.007
v -1491.94 42.9468 165.905
v -1491.41 40.1757 166.167
v -1492.27 42.9468 166.579
v -1491.74 40.1757 166.84
v -1493.09 42.9468 168.263
v -1492.56 40.1757 168.524
v -1493.42 42.9468 168.936
v -1494.25 42.9468 170.62
v -1492.89 40.1757 169.198
v -1493.42 42.9468 168.936
v -1493.15 40.3391 169.071
v -1493.53 42.9294 168.882
v -1492.89 40.1757 169.198
v -1493.15 40.3391 169.071
v -1492.56 40.1757 168.524
v -1492.82 40.3391 168.398
v -1492.56 40.1757 168.524
v -1492.82 40.3391 168.398
v -1493.09 42.9468 168.263
v -1493.2 42.9294 168.208
v -1497.45 37.0578 179.908
v -1497.75 39.4096 179.762
v -1490.41 37.0578 165.539
v -1490.71 39.4096 165.393
v -1494.36 42.9294 170.566
v -1494.58 42.8945 170.457
v -1494.25 42.9468 170.62
v -1493.42 42.9468 168.936
v -1493.53 42.9294 168.882
v -1493.09 42.9468 168.263
v -1493.2 42.9294 168.208
v -1492.27 42.9468 166.579
v -1492.38 42.9294 166.525
v -1491.94 42.9468 165.905
v -1492.05 42.9294 165.851
v -1491.5 42.9468 165.007
v -1491.94 42.877 164.79
v -1492.38 42.877 165.688
v -1492.27 42.8945 165.742
v -1492.6 42.8945 166.416
v -1492.71 42.877 166.361
v -1493.54 42.877 168.045
v -1493.43 42.8945 168.1
v -1493.76 42.8945 168.773
v -1493.87 42.877 168.719
v -1494.69 42.877 170.403
v -1490.41 37.0578 165.539
v -1490.71 39.4096 165.393
v -1491.53 36.8834 164.994
v -1491.82 39.2352 164.849
v -1491.73 39.3764 164.895
v -1490.84 39.5159 165.331
v -1491.94 42.877 164.79
v -1491.5 42.9468 165.007
v -1490.71 39.4096 165.393
v -1497.75 39.4096 179.762
v -1490.84 39.5159 165.331
v -1497.88 39.5159 179.7
v -1498.43 42.8945 178.315
v -1498.16 40.2862 178.448
v -1498.1 42.8945 177.642
v -1497.83 40.2862 177.775
v -1496.12 42.8945 173.6
v -1495.85 40.2862 173.733
v -1495.79 42.8945 172.927
v -1495.52 40.2862 173.06
v -1497.28 42.8945 175.958
v -1497 40.2862 176.091
v -1496.95 42.8945 175.284
v -1496.67 40.2862 175.417
v -1495.57 42.9294 173.036
v -1495.18 40.3391 173.225
v -1495.9 42.9294 173.709
v -1495.51 40.3391 173.898
v -1497.88 42.9294 177.751
v -1497.49 40.3391 177.94
v -1498.21 42.9294 178.424
v -1497.82 40.3391 178.613
v -1496.72 42.9294 175.393
v -1496.34 40.3391 175.582
v -1497.05 42.9294 176.067
v -1496.67 40.3391 176.256
v -1494.91 42.8945 171.131
v -1494.64 40.2862 171.264
v -1494.58 42.8945 170.457
v -1494.31 40.2862 170.59
v -1492.6 42.8945 166.416
v -1492.33 40.2862 166.549
v -1492.27 42.8945 165.742
v -1492 40.2862 165.875
v -1493.76 42.8945 168.773
v -1493.49 40.2862 168.906
v -1493.43 42.8945 168.1
v -1493.16 40.2862 168.233
v -1492.05 42.9294 165.851
v -1491.66 40.3391 166.04
v -1492.38 42.9294 166.525
v -1491.99 40.3391 166.714
v -1494.36 42.9294 170.566
v -1493.97 40.3391 170.755
v -1494.69 42.9294 171.239
v -1494.3 40.3391 171.429
v -1493.2 42.9294 168.208
v -1492.82 40.3391 168.398
v -1493.53 42.9294 168.882
v -1493.15 40.3391 169.071
v -1494.21 40.07 194.237
v -1494.01 40.3284 194.168
v -1494.67 42.8637 194.365
v -1494.55 42.8934 194.326
v -1494.45 40.0627 193.527
v -1494.25 40.3212 193.458
v -1494.21 40.07 194.237
v -1494.01 40.3284 194.168
v -1494.45 40.0627 193.527
v -1494.91 42.8564 193.655
v -1494.25 40.3212 193.458
v -1494.79 42.8861 193.615
v -1495.9 40.019 189.267
v -1495.7 40.2775 189.198
v -1496.36 42.8127 189.394
v -1496.24 42.8424 189.355
v -1496.14 40.0117 188.557
v -1495.94 40.2702 188.488
v -1495.9 40.019 189.267
v -1495.7 40.2775 189.198
v -1496.14 40.0117 188.557
v -1496.6 42.8054 188.684
v -1495.94 40.2702 188.488
v -1496.48 42.8351 188.645
v -1497.87 39.9595 183.468
v -1497.63 39.9667 184.178
v -1498.92 39.2591 180.006
v -1497.02 39.985 185.953
v -1496.78 39.9922 186.663
v -1496.14 40.0117 188.557
v -1496.6 42.8054 188.684
v -1497.24 42.786 186.791
v -1493.78 39.4145 195.154
v -1495.9 40.019 189.267
v -1495.29 40.0372 191.042
v -1494.34 42.8734 195.312
v -1494.67 42.8637 194.365
v -1494.21 40.07 194.237
v -1494.91 42.8564 193.655
v -1494.45 40.0627 193.527
v -1495.51 42.8382 191.88
v -1495.05 40.0445 191.752
v -1495.75 42.8309 191.17
v -1496.36 42.8127 189.394
v -1495.29 40.0372 191.042
v -1495.75 42.8309 191.17
v -1495.1 40.2957 190.973
v -1495.64 42.8606 191.13
v -1495.29 40.0372 191.042
v -1495.1 40.2957 190.973
v -1495.05 40.0445 191.752
v -1494.86 40.303 191.683
v -1495.05 40.0445 191.752
v -1494.86 40.303 191.683
v -1495.51 42.8382 191.88
v -1495.4 42.8679 191.84
v -1495.31 40.2265 188.272
v -1495.59 40.3603 188.369
v -1496.14 42.9243 188.527
v -1496.25 42.8946 188.566
v -1495.07 40.2338 188.982
v -1495.35 40.3675 189.079
v -1495.31 40.2265 188.272
v -1495.59 40.3603 188.369
v -1495.07 40.2338 188.982
v -1495.9 42.9316 189.237
v -1495.35 40.3675 189.079
v -1496.01 42.9019 189.276
v -1493.62 40.2775 193.243
v -1493.91 40.4113 193.339
v -1494.45 42.9753 193.497
v -1494.56 42.9456 193.537
v -1493.38 40.2848 193.953
v -1493.66 40.4185 194.049
v -1493.62 40.2775 193.243
v -1493.91 40.4113 193.339
v -1493.38 40.2848 193.953
v -1494.21 42.9826 194.208
v -1493.66 40.4185 194.049
v -1494.32 42.9528 194.247
v -1494.21 42.9826 194.208
v -1493.38 40.2848 193.953
v -1493.89 42.9923 195.154
v -1492.86 39.6522 194.839
v -1493.62 40.2775 193.243
v -1494.22 40.2593 191.468
v -1495.9 42.9316 189.237
v -1495.07 40.2338 188.982
v -1495.29 42.9498 191.012
v -1494.46 40.252 190.758
v -1495.05 42.9571 191.722
v -1494.45 42.9753 193.497
v -1494.22 40.2593 191.468
v -1495.05 42.9571 191.722
v -1494.51 40.393 191.564
v -1495.17 42.9273 191.762
v -1494.22 40.2593 191.468
v -1494.51 40.393 191.564
v -1494.46 40.252 190.758
v -1494.75 40.3858 190.854
v -1494.46 40.252 190.758
v -1494.75 40.3858 190.854
v -1495.29 42.9498 191.012
v -1495.41 42.9201 191.052
v -1498.47 36.8011 179.876
v -1499.01 39.1079 180.036
v -1493.32 36.9565 195.024
v -1493.86 39.2634 195.185
v -1494.34 42.8734 195.312
v -1494.67 42.8637 194.365
v -1493.89 42.9923 195.154
v -1494.55 42.8934 194.326
v -1494.21 42.9826 194.208
v -1494.32 42.9528 194.247
v -1494.56 42.9456 193.537
v -1494.79 42.8861 193.615
v -1494.45 42.9753 193.497
v -1495.05 42.9571 191.722
v -1495.17 42.9273 191.762
v -1495.29 42.9498 191.012
v -1495.41 42.9201 191.052
v -1495.9 42.9316 189.237
v -1496.01 42.9019 189.276
v -1496.6 42.8054 188.684
v -1497.24 42.786 186.791
v -1496.48 42.8351 188.645
v -1497.13 42.8157 186.751
v -1496.25 42.8946 188.566
v -1496.9 42.8751 186.673
v -1496.14 42.9243 188.527
v -1496.78 42.9049 186.633
v -1496.24 42.8424 189.355
v -1496.36 42.8127 189.394
v -1495.75 42.8309 191.17
v -1495.64 42.8606 191.13
v -1495.4 42.8679 191.84
v -1495.51 42.8382 191.88
v -1494.91 42.8564 193.655
v -1493.86 39.2634 195.185
v -1499.01 39.1079 180.036
v -1493.78 39.4145 195.154
v -1498.92 39.2591 180.006
v -1493.32 36.9565 195.024
v -1493.86 39.2634 195.185
v -1492.17 37.2537 194.631
v -1492.71 39.5605 194.791
v -1493.78 39.4145 195.154
v -1492.86 39.6522 194.839
v -1494.34 42.8734 195.312
v -1493.89 42.9923 195.154
v -1496.78 39.9922 186.663
v -1496.59 40.2507 186.594
v -1497.24 42.786 186.791
v -1497.13 42.8157 186.751
v -1497.02 39.985 185.953
v -1496.83 40.2435 185.884
v -1496.78 39.9922 186.663
v -1496.59 40.2507 186.594
v -1497.02 39.985 185.953
v -1497.48 42.7787 186.081
v -1496.83 40.2435 185.884
v -1497.37 42.8084 186.041
v -1498.47 39.9412 181.693
v -1498.28 40.1998 181.624
v -1498.93 42.735 181.82
v -1498.82 42.7647 181.781
v -1498.71 39.934 180.983
v -1498.52 40.1925 180.914
v -1498.47 39.9412 181.693
v -1498.28 40.1998 181.624
v -1498.71 39.934 180.983
v -1499.17 42.7277 181.11
v -1498.52 40.1925 180.914
v -1499.06 42.7574 181.071
v -1499.17 42.7277 181.11
v -1498.71 39.934 180.983
v -1499.49 42.718 180.163
v -1498.47 39.9412 181.693
v -1497.48 42.7787 186.081
v -1498.09 42.7605 184.305
v -1498.33 42.7532 183.595
v -1498.93 42.735 181.82
v -1497.87 39.9595 183.468
v -1498.33 42.7532 183.595
v -1497.67 40.218 183.399
v -1498.21 42.7829 183.556
v -1497.87 39.9595 183.468
v -1497.67 40.218 183.399
v -1497.63 39.9667 184.178
v -1497.43 40.2252 184.109
v -1497.63 39.9667 184.178
v -1497.43 40.2252 184.109
v -1498.09 42.7605 184.305
v -1497.97 42.7902 184.266
v -1497.88 40.1488 180.698
v -1498.17 40.2826 180.794
v -1498.71 42.8466 180.953
v -1498.83 42.8169 180.992
v -1497.64 40.1561 181.408
v -1497.93 40.2898 181.505
v -1497.88 40.1488 180.698
v -1498.17 40.2826 180.794
v -1497.64 40.1561 181.408
v -1498.47 42.8539 181.663
v -1497.93 40.2898 181.505
v -1498.59 42.8241 181.702
v -1496.19 40.1998 185.669
v -1496.48 40.3336 185.765
v -1497.02 42.8976 185.923
v -1497.14 42.8679 185.963
v -1495.95 40.2071 186.379
v -1496.24 40.3408 186.475
v -1496.19 40.1998 185.669
v -1496.48 40.3336 185.765
v -1495.95 40.2071 186.379
v -1496.78 42.9049 186.633
v -1496.24 40.3408 186.475
v -1496.9 42.8751 186.673
v -1495.31 40.2265 188.272
v -1498.01 39.4968 179.691
v -1496.78 42.9049 186.633
v -1495.95 40.2071 186.379
v -1496.14 42.9243 188.527
v -1496.19 40.1998 185.669
v -1496.8 40.1816 183.894
v -1499.03 42.8369 180.006
v -1498.71 42.8466 180.953
v -1497.88 40.1488 180.698
v -1498.47 42.8539 181.663
v -1497.64 40.1561 181.408
v -1497.87 42.8721 183.438
v -1497.04 40.1743 183.183
v -1497.63 42.8794 184.148
v -1497.02 42.8976 185.923
v -1496.8 40.1816 183.894
v -1497.63 42.8794 184.148
v -1497.08 40.3153 183.99
v -1497.74 42.8496 184.187
v -1496.8 40.1816 183.894
v -1497.08 40.3153 183.99
v -1497.04 40.1743 183.183
v -1497.32 40.3081 183.28
v -1497.04 40.1743 183.183
v -1497.32 40.3081 183.28
v -1497.87 42.8721 183.438
v -1497.98 42.8424 183.477
v -1492.17 37.2537 194.631
v -1492.71 39.5605 194.791
v -1497.32 37.0983 179.483
v -1497.86 39.4051 179.643
v -1497.14 42.8679 185.963
v -1497.37 42.8084 186.041
v -1497.02 42.8976 185.923
v -1497.63 42.8794 184.148
v -1497.74 42.8496 184.187
v -1497.87 42.8721 183.438
v -1497.98 42.8424 183.477
v -1498.47 42.8539 181.663
v -1498.59 42.8241 181.702
v -1498.71 42.8466 180.953
v -1498.83 42.8169 180.992
v -1499.03 42.8369 180.006
v -1499.49 42.718 180.163
v -1499.17 42.7277 181.11
v -1499.06 42.7574 181.071
v -1498.82 42.7647 181.781
v -1498.93 42.735 181.82
v -1498.33 42.7532 183.595
v -1498.21 42.7829 183.556
v -1497.97 42.7902 184.266
v -1498.09 42.7605 184.305
v -1497.48 42.7787 186.081
v -1497.32 37.0983 179.483
v -1497.86 39.4051 179.643
v -1498.47 36.8011 179.876
v -1499.01 39.1079 180.036
v -1498.92 39.2591 180.006
v -1498.01 39.4968 179.691
v -1499.49 42.718 180.163
v -1499.03 42.8369 180.006
v -1497.86 39.4051 179.643
v -1492.71 39.5605 194.791
v -1498.01 39.4968 179.691
v -1492.86 39.6522 194.839
v -1494.55 42.8934 194.326
v -1494.01 40.3284 194.168
v -1494.79 42.8861 193.615
v -1494.25 40.3212 193.458
v -1496.24 42.8424 189.355
v -1495.7 40.2775 189.198
v -1496.48 42.8351 188.645
v -1495.94 40.2702 188.488
v -1495.4 42.8679 191.84
v -1494.86 40.303 191.683
v -1495.64 42.8606 191.13
v -1495.1 40.2957 190.973
v -1496.25 42.8946 188.566
v -1495.59 40.3603 188.369
v -1496.01 42.9019 189.276
v -1495.35 40.3675 189.079
v -1494.56 42.9456 193.537
v -1493.91 40.4113 193.339
v -1494.32 42.9528 194.247
v -1493.66 40.4185 194.049
v -1495.41 42.9201 191.052
v -1494.75 40.3858 190.854
v -1495.17 42.9273 191.762
v -1494.51 40.393 191.564
v -1497.13 42.8157 186.751
v -1496.59 40.2507 186.594
v -1497.37 42.8084 186.041
v -1496.83 40.2435 185.884
v -1498.82 42.7647 181.781
v -1498.28 40.1998 181.624
v -1499.06 42.7574 181.071
v -1498.52 40.1925 180.914
v -1497.97 42.7902 184.266
v -1497.43 40.2252 184.109
v -1498.21 42.7829 183.556
v -1497.67 40.218 183.399
v -1498.83 42.8169 180.992
v -1498.17 40.2826 180.794
v -1498.59 42.8241 181.702
v -1497.93 40.2898 181.505
v -1497.14 42.8679 185.963
v -1496.48 40.3336 185.765
v -1496.9 42.8751 186.673
v -1496.24 40.3408 186.475
v -1497.98 42.8424 183.477
v -1497.32 40.3081 183.28
v -1497.74 42.8496 184.187
v -1497.08 40.3153 183.99
v -1490.33 40.1143 163.895
v -1490.25 40.3163 164.143
v -1490.27 42.9413 164.086
v -1490.23 42.9413 164.204
v -1489.62 40.1143 163.652
v -1489.54 40.3163 163.9
v -1490.33 40.1143 163.895
v -1490.25 40.3163 164.143
v -1489.62 40.1143 163.652
v -1489.56 42.9413 163.843
v -1489.54 40.3163 163.9
v -1489.52 42.9413 163.961
v -1485.37 40.1143 162.194
v -1485.28 40.3163 162.442
v -1485.3 42.9413 162.385
v -1485.26 42.9413 162.503
v -1484.66 40.1143 161.951
v -1484.57 40.3163 162.199
v -1485.37 40.1143 162.194
v -1485.28 40.3163 162.442
v -1484.66 40.1143 161.951
v -1484.59 42.9413 162.142
v -1484.57 40.3163 162.199
v -1484.55 42.9413 162.26
v -1479.57 40.1143 160.209
v -1480.28 40.1143 160.452
v -1476.16 39.4413 158.989
v -1482.06 40.1143 161.06
v -1482.76 40.1143 161.303
v -1484.66 40.1143 161.951
v -1484.59 42.9413 162.142
v -1482.7 42.9413 161.494
v -1491.29 39.4413 164.174
v -1485.37 40.1143 162.194
v -1487.14 40.1143 162.802
v -1491.21 42.9413 164.41
v -1490.27 42.9413 164.086
v -1490.33 40.1143 163.895
v -1489.56 42.9413 163.843
v -1489.62 40.1143 163.652
v -1487.78 42.9413 163.236
v -1487.85 40.1143 163.045
v -1487.07 42.9413 162.993
v -1485.3 42.9413 162.385
v -1487.14 40.1143 162.802
v -1487.07 42.9413 162.993
v -1487.06 40.3163 163.05
v -1487.03 42.9413 163.111
v -1487.14 40.1143 162.802
v -1487.06 40.3163 163.05
v -1487.85 40.1143 163.045
v -1487.76 40.3163 163.293
v -1487.85 40.1143 163.045
v -1487.76 40.3163 163.293
v -1487.78 42.9413 163.236
v -1487.74 42.9413 163.354
v -1484.36 40.1143 162.806
v -1484.45 40.3163 162.558
v -1484.43 42.9413 162.615
v -1484.47 42.9413 162.497
v -1485.07 40.1143 163.049
v -1485.16 40.3163 162.801
v -1484.36 40.1143 162.806
v -1484.45 40.3163 162.558
v -1485.07 40.1143 163.049
v -1485.14 42.9413 162.858
v -1485.16 40.3163 162.801
v -1485.18 42.9413 162.74
v -1489.33 40.1143 164.507
v -1489.42 40.3163 164.259
v -1489.4 42.9413 164.316
v -1489.44 42.9413 164.198
v -1490.04 40.1143 164.75
v -1490.13 40.3163 164.502
v -1489.33 40.1143 164.507
v -1489.42 40.3163 164.259
v -1490.04 40.1143 164.75
v -1490.11 42.9413 164.559
v -1490.13 40.3163 164.502
v -1490.15 42.9413 164.441
v -1490.11 42.9413 164.559
v -1490.04 40.1143 164.75
v -1491.05 42.9413 164.883
v -1490.97 39.4413 165.12
v -1489.33 40.1143 164.507
v -1487.56 40.1143 163.9
v -1485.14 42.9413 162.858
v -1485.07 40.1143 163.049
v -1486.91 42.9413 163.466
v -1486.85 40.1143 163.657
v -1487.62 42.9413 163.709
v -1489.4 42.9413 164.316
v -1487.56 40.1143 163.9
v -1487.62 42.9413 163.709
v -1487.64 40.3163 163.651
v -1487.66 42.9413 163.59
v -1487.56 40.1143 163.9
v -1487.64 40.3163 163.651
v -1486.85 40.1143 163.657
v -1486.93 40.3163 163.408
v -1486.85 40.1143 163.657
v -1486.93 40.3163 163.408
v -1486.91 42.9413 163.466
v -1486.95 42.9413 163.347
v -1476.2 36.9413 158.871
v -1476.2 39.3163 158.871
v -1491.34 36.9413 164.055
v -1491.34 39.3163 164.055
v -1491.21 42.9413 164.41
v -1490.27 42.9413 164.086
v -1491.05 42.9413 164.883
v -1490.23 42.9413 164.204
v -1490.11 42.9413 164.559
v -1490.15 42.9413 164.441
v -1489.44 42.9413 164.198
v -1489.52 42.9413 163.961
v -1489.4 42.9413 164.316
v -1487.62 42.9413 163.709
v -1487.66 42.9413 163.59
v -1486.91 42.9413 163.466
v -1486.95 42.9413 163.347
v -1485.14 42.9413 162.858
v -1485.18 42.9413 162.74
v -1484.59 42.9413 162.142
v -1482.7 42.9413 161.494
v -1484.55 42.9413 162.26
v -1482.66 42.9413 161.612
v -1484.47 42.9413 162.497
v -1482.58 42.9413 161.849
v -1484.43 42.9413 162.615
v -1482.54 42.9413 161.967
v -1485.26 42.9413 162.503
v -1485.3 42.9413 162.385
v -1487.07 42.9413 162.993
v -1487.03 42.9413 163.111
v -1487.74 42.9413 163.354
v -1487.78 42.9413 163.236
v -1489.56 42.9413 163.843
v -1491.34 39.3163 164.055
v -1476.2 39.3163 158.871
v -1491.29 39.4413 164.174
v -1476.16 39.4413 158.989
v -1491.34 36.9413 164.055
v -1491.34 39.3163 164.055
v -1490.93 36.9413 165.238
v -1490.93 39.3163 165.238
v -1491.29 39.4413 164.174
v -1490.97 39.4413 165.12
v -1491.21 42.9413 164.41
v -1491.05 42.9413 164.883
v -1482.76 40.1143 161.303
v -1482.68 40.3163 161.551
v -1482.7 42.9413 161.494
v -1482.66 42.9413 161.612
v -1482.06 40.1143 161.06
v -1481.97 40.3163 161.308
v -1482.76 40.1143 161.303
v -1482.68 40.3163 161.551
v -1482.06 40.1143 161.06
v -1481.99 42.9413 161.251
v -1481.97 40.3163 161.308
v -1481.95 42.9413 161.369
v -1477.8 40.1143 159.602
v -1477.71 40.3163 159.85
v -1477.73 42.9413 159.793
v -1477.69 42.9413 159.911
v -1477.09 40.1143 159.359
v -1477 40.3163 159.607
v -1477.8 40.1143 159.602
v -1477.71 40.3163 159.85
v -1477.09 40.1143 159.359
v -1477.02 42.9413 159.55
v -1477 40.3163 159.607
v -1476.98 42.9413 159.668
v -1477.02 42.9413 159.55
v -1477.09 40.1143 159.359
v -1476.08 42.9413 159.226
v -1477.8 40.1143 159.602
v -1481.99 42.9413 161.251
v -1480.22 42.9413 160.643
v -1479.51 42.9413 160.4
v -1477.73 42.9413 159.793
v -1479.57 40.1143 160.209
v -1479.51 42.9413 160.4
v -1479.49 40.3163 160.457
v -1479.47 42.9413 160.518
v -1479.57 40.1143 160.209
v -1479.49 40.3163 160.457
v -1480.28 40.1143 160.452
v -1480.2 40.3163 160.7
v -1480.28 40.1143 160.452
v -1480.2 40.3163 160.7
v -1480.22 42.9413 160.643
v -1480.18 42.9413 160.761
v -1476.8 40.1143 160.214
v -1476.88 40.3163 159.965
v -1476.86 42.9413 160.023
v -1476.9 42.9413 159.904
v -1477.51 40.1143 160.457
v -1477.59 40.3163 160.208
v -1476.8 40.1143 160.214
v -1476.88 40.3163 159.965
v -1477.51 40.1143 160.457
v -1477.57 42.9413 160.266
v -1477.59 40.3163 160.208
v -1477.61 42.9413 160.147
v -1481.76 40.1143 161.915
v -1481.85 40.3163 161.667
v -1481.83 42.9413 161.724
v -1481.87 42.9413 161.606
v -1482.47 40.1143 162.158
v -1482.56 40.3163 161.91
v -1481.76 40.1143 161.915
v -1481.85 40.3163 161.667
v -1482.47 40.1143 162.158
v -1482.54 42.9413 161.967
v -1482.56 40.3163 161.91
v -1482.58 42.9413 161.849
v -1484.36 40.1143 162.806
v -1475.83 39.4413 159.935
v -1482.54 42.9413 161.967
v -1482.47 40.1143 162.158
v -1484.43 42.9413 162.615
v -1481.76 40.1143 161.915
v -1479.99 40.1143 161.307
v -1475.92 42.9413 159.699
v -1476.86 42.9413 160.023
v -1476.8 40.1143 160.214
v -1477.57 42.9413 160.266
v -1477.51 40.1143 160.457
v -1479.34 42.9413 160.873
v -1479.28 40.1143 161.064
v -1480.05 42.9413 161.116
v -1481.83 42.9413 161.724
v -1479.99 40.1143 161.307
v -1480.05 42.9413 161.116
v -1480.07 40.3163 161.059
v -1480.09 42.9413 160.998
v -1479.99 40.1143 161.307
v -1480.07 40.3163 161.059
v -1479.28 40.1143 161.064
v -1479.36 40.3163 160.816
v -1479.28 40.1143 161.064
v -1479.36 40.3163 160.816
v -1479.34 42.9413 160.873
v -1479.38 42.9413 160.755
v -1490.93 36.9413 165.238
v -1490.93 39.3163 165.238
v -1475.79 36.9413 160.053
v -1475.79 39.3163 160.053
v -1481.87 42.9413 161.606
v -1481.95 42.9413 161.369
v -1481.83 42.9413 161.724
v -1480.05 42.9413 161.116
v -1480.09 42.9413 160.998
v -1479.34 42.9413 160.873
v -1479.38 42.9413 160.755
v -1477.57 42.9413 160.266
v -1477.61 42.9413 160.147
v -1476.86 42.9413 160.023
v -1476.9 42.9413 159.904
v -1475.92 42.9413 159.699
v -1476.08 42.9413 159.226
v -1477.02 42.9413 159.55
v -1476.98 42.9413 159.668
v -1477.69 42.9413 159.911
v -1477.73 42.9413 159.793
v -1479.51 42.9413 160.4
v -1479.47 42.9413 160.518
v -1480.18 42.9413 160.761
v -1480.22 42.9413 160.643
v -1481.99 42.9413 161.251
v -1475.79 36.9413 160.053
v -1475.79 39.3163 160.053
v -1476.2 36.9413 158.871
v -1476.2 39.3163 158.871
v -1476.16 39.4413 158.989
v -1475.83 39.4413 159.935
v -1476.08 42.9413 159.226
v -1475.92 42.9413 159.699
v -1475.79 39.3163 160.053
v -1490.93 39.3163 165.238
v -1475.83 39.4413 159.935
v -1490.97 39.4413 165.12
v -1490.23 42.9413 164.204
v -1490.25 40.3163 164.143
v -1489.52 42.9413 163.961
v -1489.54 40.3163 163.9
v -1485.26 42.9413 162.503
v -1485.28 40.3163 162.442
v -1484.55 42.9413 162.26
v -1484.57 40.3163 162.199
v -1487.74 42.9413 163.354
v -1487.76 40.3163 163.293
v -1487.03 42.9413 163.111
v -1487.06 40.3163 163.05
v -1484.47 42.9413 162.497
v -1484.45 40.3163 162.558
v -1485.18 42.9413 162.74
v -1485.16 40.3163 162.801
v -1489.44 42.9413 164.198
v -1489.42 40.3163 164.259
v -1490.15 42.9413 164.441
v -1490.13 40.3163 164.502
v -1486.95 42.9413 163.347
v -1486.93 40.3163 163.408
v -1487.66 42.9413 163.59
v -1487.64 40.3163 163.651
v -1482.66 42.9413 161.612
v -1482.68 40.3163 161.551
v -1481.95 42.9413 161.369
v -1481.97 40.3163 161.308
v -1477.69 42.9413 159.911
v -1477.71 40.3163 159.85
v -1476.98 42.9413 159.668
v -1477 40.3163 159.607
v -1480.18 42.9413 160.761
v -1480.2 40.3163 160.7
v -1479.47 42.9413 160.518
v -1479.49 40.3163 160.457
v -1476.9 42.9413 159.904
v -1476.88 40.3163 159.965
v -1477.61 42.9413 160.147
v -1477.59 40.3163 160.208
v -1481.87 42.9413 161.606
v -1481.85 40.3163 161.667
v -1482.58 42.9413 161.849
v -1482.56 40.3163 161.91
v -1479.38 42.9413 160.755
v -1479.36 40.3163 160.816
v -1480.09 42.9413 160.998
v -1480.07 40.3163 161.059
v -1498.54 39.5148 180.905
v -1499.21 43.1707 180.304
v -1497.85 39.6254 180.652
v -1498.75 43.244 180.136
v -1497.85 39.6254 180.652
v -1498.75 43.244 180.136
v -1497.53 39.6352 179.978
v -1498.53 43.2505 179.69
v -1497.53 39.6352 179.978
v -1498.53 43.2505 179.69
v -1497.76 39.5385 179.278
v -1498.69 43.1863 179.226
v -1497.76 39.5385 179.278
v -1498.69 43.1863 179.226
v -1498.42 39.3919 178.962
v -1499.13 43.0892 179.016
v -1498.42 39.3919 178.962
v -1499.13 43.0892 179.016
v -1499.12 39.2813 179.215
v -1499.59 43.0159 179.184
v -1499.12 39.2813 179.215
v -1499.59 43.0159 179.184
v -1499.44 39.2715 179.888
v -1499.8 43.0094 179.63
v -1499.44 39.2715 179.888
v -1499.8 43.0094 179.63
v -1499.2 39.3682 180.588
v -1499.64 43.0736 180.094
v -1499.2 39.3682 180.588
v -1499.64 43.0736 180.094
v -1498.54 39.5148 180.905
v -1499.21 43.1707 180.304
v -1499.64 43.0736 180.094
v -1499.8 43.0094 179.63
v -1499.21 43.1707 180.304
v -1498.75 43.244 180.136
v -1498.53 43.2505 179.69
v -1498.69 43.1863 179.226
v -1499.13 43.0892 179.016
v -1499.59 43.0159 179.184
v -1499.52 39.129 179.893
v -1499.09 36.8004 180.066
v -1499.17 39.1398 179.145
v -1498.73 36.8113 179.318
v -1499.17 39.1398 179.145
v -1498.73 36.8113 179.318
v -1498.4 39.2625 178.864
v -1497.96 36.934 179.037
v -1498.4 39.2625 178.864
v -1497.96 36.934 179.037
v -1497.66 39.4253 179.215
v -1497.23 37.0967 179.388
v -1497.66 39.4253 179.215
v -1497.23 37.0967 179.388
v -1497.4 39.5326 179.992
v -1496.96 37.2041 180.165
v -1497.4 39.5326 179.992
v -1496.96 37.2041 180.165
v -1497.75 39.5218 180.74
v -1497.32 37.1933 180.913
v -1497.75 39.5218 180.74
v -1497.32 37.1933 180.913
v -1498.52 39.399 181.021
v -1498.09 37.0705 181.194
v -1498.52 39.399 181.021
v -1498.09 37.0705 181.194
v -1499.26 39.2363 180.67
v -1498.82 36.9078 180.843
v -1499.26 39.2363 180.67
v -1498.82 36.9078 180.843
v -1499.52 39.129 179.893
v -1499.09 36.8004 180.066
v -1499.17 39.1398 179.145
v -1499.12 39.2813 179.215
v -1499.52 39.129 179.893
v -1499.44 39.2715 179.888
v -1498.4 39.2625 178.864
v -1498.42 39.3919 178.962
v -1499.17 39.1398 179.145
v -1499.12 39.2813 179.215
v -1497.66 39.4253 179.215
v -1497.76 39.5385 179.278
v -1498.4 39.2625 178.864
v -1498.42 39.3919 178.962
v -1497.4 39.5326 179.992
v -1497.53 39.6352 179.978
v -1497.75 39.5218 180.74
v -1497.85 39.6254 180.652
v -1498.52 39.399 181.021
v -1498.54 39.5148 180.905
v -1497.75 39.5218 180.74
v -1497.85 39.6254 180.652
v -1499.26 39.2363 180.67
v -1499.2 39.3682 180.588
v -1498.52 39.399 181.021
v -1498.54 39.5148 180.905
v -1491.19 39.4413 165.62
v -1491.17 43.1913 165.291
v -1490.49 39.4413 165.378
v -1490.7 43.1913 165.131
v -1490.49 39.4413 165.378
v -1490.7 43.1913 165.131
v -1490.16 39.4413 164.708
v -1490.49 43.1913 164.687
v -1490.16 39.4413 164.708
v -1490.49 43.1913 164.687
v -1490.4 39.4413 164.002
v -1490.65 43.1913 164.219
v -1490.4 39.4413 164.002
v -1490.65 43.1913 164.219
v -1491.07 39.4413 163.674
v -1491.09 43.1913 164.002
v -1491.07 39.4413 163.674
v -1491.09 43.1913 164.002
v -1491.78 39.4413 163.915
v -1491.56 43.1913 164.162
v -1491.78 39.4413 163.915
v -1491.56 43.1913 164.162
v -1492.11 39.4413 164.586
v -1491.78 43.1913 164.606
v -1492.11 39.4413 164.586
v -1491.78 43.1913 164.606
v -1491.86 39.4413 165.292
v -1491.62 43.1913 165.074
v -1491.86 39.4413 165.292
v -1491.62 43.1913 165.074
v -1491.19 39.4413 165.62
v -1491.17 43.1913 165.291
v -1491.62 43.1913 165.074
v -1491.78 43.1913 164.606
v -1491.17 43.1913 165.291
v -1490.7 43.1913 165.131
v -1490.49 43.1913 164.687
v -1490.65 43.1913 164.219
v -1491.09 43.1913 164.002
v -1491.56 43.1913 164.162
v -1492.21 39.3163 164.579
v -1492.21 36.9413 164.579
v -1491.85 39.3163 163.835
v -1491.85 36.9413 163.835
v -1491.85 39.3163 163.835
v -1491.85 36.9413 163.835
v -1491.06 39.3163 163.567
v -1491.06 36.9413 163.567
v -1491.06 39.3163 163.567
v -1491.06 36.9413 163.567
v -1490.32 39.3163 163.931
v -1490.32 36.9413 163.931
v -1490.32 39.3163 163.931
v -1490.32 36.9413 163.931
v -1490.05 39.3163 164.714
v -1490.05 36.9413 164.714
v -1490.05 39.3163 164.714
v -1490.05 36.9413 164.714
v -1490.42 39.3163 165.458
v -1490.42 36.9413 165.458
v -1490.42 39.3163 165.458
v -1490.42 36.9413 165.458
v -1491.2 39.3163 165.727
v -1491.2 36.9413 165.727
v -1491.2 39.3163 165.727
v -1491.2 36.9413 165.727
v -1491.94 39.3163 165.362
v -1491.94 36.9413 165.362
v -1491.94 39.3163 165.362
v -1491.94 36.9413 165.362
v -1492.21 39.3163 164.579
v -1492.21 36.9413 164.579
v -1491.85 39.3163 163.835
v -1491.78 39.4413 163.915
v -1492.21 39.3163 164.579
v -1492.11 39.4413 164.586
v -1491.06 39.3163 163.567
v -1491.07 39.4413 163.674
v -1491.85 39.3163 163.835
v -1491.78 39.4413 163.915
v -1490.32 39.3163 163.931
v -1490.4 39.4413 164.002
v -1491.06 39.3163 163.567
v -1491.07 39.4413 163.674
v -1490.05 39.3163 164.714
v -1490.16 39.4413 164.708
v -1490.42 39.3163 165.458
v -1490.49 39.4413 165.378
v -1491.2 39.3163 165.727
v -1491.19 39.4413 165.62
v -1490.42 39.3163 165.458
v -1490.49 39.4413 165.378
v -1491.94 39.3163 165.362
v -1491.86 39.4413 165.292
v -1491.2 39.3163 165.727
v -1491.19 39.4413 165.62
v -1476.06 39.4413 160.435
v -1476.04 43.1913 160.107
v -1475.35 39.4413 160.193
v -1475.57 43.1913 159.947
v -1475.35 39.4413 160.193
v -1475.57 43.1913 159.947
v -1475.02 39.4413 159.523
v -1475.35 43.1913 159.502
v -1475.02 39.4413 159.523
v -1475.35 43.1913 159.502
v -1475.26 39.4413 158.817
v -1475.51 43.1913 159.035
v -1475.26 39.4413 158.817
v -1475.51 43.1913 159.035
v -1475.93 39.4413 158.489
v -1475.96 43.1913 158.817
v -1475.93 39.4413 158.489
v -1475.96 43.1913 158.817
v -1476.64 39.4413 158.731
v -1476.42 43.1913 158.977
v -1476.64 39.4413 158.731
v -1476.42 43.1913 158.977
v -1476.97 39.4413 159.401
v -1476.64 43.1913 159.421
v -1476.97 39.4413 159.401
v -1476.64 43.1913 159.421
v -1476.73 39.4413 160.107
v -1476.48 43.1913 159.889
v -1476.73 39.4413 160.107
v -1476.48 43.1913 159.889
v -1476.06 39.4413 160.435
v -1476.04 43.1913 160.107
v -1476.48 43.1913 159.889
v -1476.64 43.1913 159.421
v -1476.04 43.1913 160.107
v -1475.57 43.1913 159.947
v -1475.35 43.1913 159.502
v -1475.51 43.1913 159.035
v -1475.96 43.1913 158.817
v -1476.42 43.1913 158.977
v -1477.08 39.3163 159.394
v -1477.08 36.9413 159.394
v -1476.71 39.3163 158.65
v -1476.71 36.9413 158.65
v -1476.71 39.3163 158.65
v -1476.71 36.9413 158.65
v -1475.93 39.3163 158.382
v -1475.93 36.9413 158.382
v -1475.93 39.3163 158.382
v -1475.93 36.9413 158.382
v -1475.18 39.3163 158.746
v -1475.18 36.9413 158.746
v -1475.18 39.3163 158.746
v -1475.18 36.9413 158.746
v -1474.92 39.3163 159.53
v -1474.92 36.9413 159.53
v -1474.92 39.3163 159.53
v -1474.92 36.9413 159.53
v -1475.28 39.3163 160.274
v -1475.28 36.9413 160.274
v -1475.28 39.3163 160.274
v -1475.28 36.9413 160.274
v -1476.06 39.3163 160.542
v -1476.06 36.9413 160.542
v -1476.06 39.3163 160.542
v -1476.06 36.9413 160.542
v -1476.81 39.3163 160.178
v -1476.81 36.9413 160.178
v -1476.81 39.3163 160.178
v -1476.81 36.9413 160.178
v -1477.08 39.3163 159.394
v -1477.08 36.9413 159.394
v -1476.71 39.3163 158.65
v -1476.64 39.4413 158.731
v -1477.08 39.3163 159.394
v -1476.97 39.4413 159.401
v -1475.93 39.3163 158.382
v -1475.93 39.4413 158.489
v -1476.71 39.3163 158.65
v -1476.64 39.4413 158.731
v -1475.18 39.3163 158.746
v -1475.26 39.4413 158.817
v -1475.93 39.3163 158.382
v -1475.93 39.4413 158.489
v -1474.92 39.3163 159.53
v -1475.02 39.4413 159.523
v -1475.28 39.3163 160.274
v -1475.35 39.4413 160.193
v -1476.06 39.3163 160.542
v -1476.06 39.4413 160.435
v -1475.28 39.3163 160.274
v -1475.35 39.4413 160.193
v -1476.81 39.3163 160.178
v -1476.73 39.4413 160.107
v -1476.06 39.3163 160.542
v -1476.06 39.4413 160.435
v -1460.82 39.4413 167.899
v -1460.8 43.1913 167.571
v -1460.11 39.4413 167.657
v -1460.33 43.1913 167.411
v -1460.11 39.4413 167.657
v -1460.33 43.1913 167.411
v -1459.78 39.4413 166.987
v -1460.11 43.1913 166.966
v -1459.78 39.4413 166.987
v -1460.11 43.1913 166.966
v -1460.02 39.4413 166.281
v -1460.27 43.1913 166.499
v -1460.02 39.4413 166.281
v -1460.27 43.1913 166.499
v -1460.69 39.4413 165.953
v -1460.71 43.1913 166.281
v -1460.69 39.4413 165.953
v -1460.71 43.1913 166.281
v -1461.4 39.4413 166.195
v -1461.18 43.1913 166.441
v -1461.4 39.4413 166.195
v -1461.18 43.1913 166.441
v -1461.73 39.4413 166.865
v -1461.4 43.1913 166.886
v -1461.73 39.4413 166.865
v -1461.4 43.1913 166.886
v -1461.49 39.4413 167.571
v -1461.24 43.1913 167.353
v -1461.49 39.4413 167.571
v -1461.24 43.1913 167.353
v -1460.82 39.4413 167.899
v -1460.8 43.1913 167.571
v -1461.24 43.1913 167.353
v -1461.4 43.1913 166.886
v -1460.8 43.1913 167.571
v -1460.33 43.1913 167.411
v -1460.11 43.1913 166.966
v -1460.27 43.1913 166.499
v -1460.71 43.1913 166.281
v -1461.18 43.1913 166.441
v -1461.83 39.3163 166.858
v -1461.83 36.9413 166.858
v -1461.47 39.3163 166.114
v -1461.47 36.9413 166.114
v -1461.47 39.3163 166.114
v -1461.47 36.9413 166.114
v -1460.69 39.3163 165.846
v -1460.69 36.9413 165.846
v -1460.69 39.3163 165.846
v -1460.69 36.9413 165.846
v -1459.94 39.3163 166.21
v -1459.94 36.9413 166.21
v -1459.94 39.3163 166.21
v -1459.94 36.9413 166.21
v -1459.67 39.3163 166.994
v -1459.67 36.9413 166.994
v -1459.67 39.3163 166.994
v -1459.67 36.9413 166.994
v -1460.04 39.3163 167.738
v -1460.04 36.9413 167.738
v -1460.04 39.3163 167.738
v -1460.04 36.9413 167.738
v -1460.82 39.3163 168.006
v -1460.82 36.9413 168.006
v -1460.82 39.3163 168.006
v -1460.82 36.9413 168.006
v -1461.57 39.3163 167.642
v -1461.57 36.9413 167.642
v -1461.57 39.3163 167.642
v -1461.57 36.9413 167.642
v -1461.83 39.3163 166.858
v -1461.83 36.9413 166.858
v -1461.47 39.3163 166.114
v -1461.4 39.4413 166.195
v -1461.83 39.3163 166.858
v -1461.73 39.4413 166.865
v -1460.69 39.3163 165.846
v -1460.69 39.4413 165.953
v -1461.47 39.3163 166.114
v -1461.4 39.4413 166.195
v -1459.94 39.3163 166.21
v -1460.02 39.4413 166.281
v -1460.69 39.3163 165.846
v -1460.69 39.4413 165.953
v -1459.67 39.3163 166.994
v -1459.78 39.4413 166.987
v -1460.04 39.3163 167.738
v -1460.11 39.4413 167.657
v -1460.82 39.3163 168.006
v -1460.82 39.4413 167.899
v -1460.04 39.3163 167.738
v -1460.11 39.4413 167.657
v -1461.57 39.3163 167.642
v -1461.49 39.4413 167.571
v -1460.82 39.3163 168.006
v -1460.82 39.4413 167.899
v -1455.63 39.4413 183.036
v -1455.61 43.1913 182.708
v -1454.93 39.4413 182.794
v -1455.14 43.1913 182.547
v -1454.93 39.4413 182.794
v -1455.14 43.1913 182.547
v -1454.6 39.4413 182.124
v -1454.93 43.1913 182.103
v -1454.6 39.4413 182.124
v -1454.93 43.1913 182.103
v -1454.84 39.4413 181.418
v -1455.09 43.1913 181.635
v -1454.84 39.4413 181.418
v -1455.09 43.1913 181.635
v -1455.51 39.4413 181.09
v -1455.53 43.1913 181.418
v -1455.51 39.4413 181.09
v -1455.53 43.1913 181.418
v -1456.21 39.4413 181.332
v -1456 43.1913 181.578
v -1456.21 39.4413 181.332
v -1456 43.1913 181.578
v -1456.54 39.4413 182.002
v -1456.21 43.1913 182.022
v -1456.54 39.4413 182.002
v -1456.21 43.1913 182.022
v -1456.3 39.4413 182.708
v -1456.05 43.1913 182.49
v -1456.3 39.4413 182.708
v -1456.05 43.1913 182.49
v -1455.63 39.4413 183.036
v -1455.61 43.1913 182.708
v -1456.05 43.1913 182.49
v -1456.21 43.1913 182.022
v -1455.61 43.1913 182.708
v -1455.14 43.1913 182.547
v -1454.93 43.1913 182.103
v -1455.09 43.1913 181.635
v -1455.53 43.1913 181.418
v -1456 43.1913 181.578
v -1456.65 39.3163 181.995
v -1456.65 36.9413 181.995
v -1456.29 39.3163 181.251
v -1456.29 36.9413 181.251
v -1456.29 39.3163 181.251
v -1456.29 36.9413 181.251
v -1455.5 39.3163 180.983
v -1455.5 36.9413 180.983
v -1455.5 39.3163 180.983
v -1455.5 36.9413 180.983
v -1454.76 39.3163 181.347
v -1454.76 36.9413 181.347
v -1454.76 39.3163 181.347
v -1454.76 36.9413 181.347
v -1454.49 39.3163 182.131
v -1454.49 36.9413 182.131
v -1454.49 39.3163 182.131
v -1454.49 36.9413 182.131
v -1454.85 39.3163 182.874
v -1454.85 36.9413 182.874
v -1454.85 39.3163 182.874
v -1454.85 36.9413 182.874
v -1455.64 39.3163 183.143
v -1455.64 36.9413 183.143
v -1455.64 39.3163 183.143
v -1455.64 36.9413 183.143
v -1456.38 39.3163 182.779
v -1456.38 36.9413 182.779
v -1456.38 39.3163 182.779
v -1456.38 36.9413 182.779
v -1456.65 39.3163 181.995
v -1456.65 36.9413 181.995
v -1456.29 39.3163 181.251
v -1456.21 39.4413 181.332
v -1456.65 39.3163 181.995
v -1456.54 39.4413 182.002
v -1455.5 39.3163 180.983
v -1455.51 39.4413 181.09
v -1456.29 39.3163 181.251
v -1456.21 39.4413 181.332
v -1454.76 39.3163 181.347
v -1454.84 39.4413 181.418
v -1455.5 39.3163 180.983
v -1455.51 39.4413 181.09
v -1454.49 39.3163 182.131
v -1454.6 39.4413 182.124
v -1454.85 39.3163 182.874
v -1454.93 39.4413 182.794
v -1455.64 39.3163 183.143
v -1455.63 39.4413 183.036
v -1454.85 39.3163 182.874
v -1454.93 39.4413 182.794
v -1456.38 39.3163 182.779
v -1456.3 39.4413 182.708
v -1455.64 39.3163 183.143
v -1455.63 39.4413 183.036
v -1463.09 39.4413 198.277
v -1463.07 43.1913 197.949
v -1462.39 39.4413 198.035
v -1462.61 43.1913 197.788
v -1462.39 39.4413 198.035
v -1462.61 43.1913 197.788
v -1462.06 39.4413 197.365
v -1462.39 43.1913 197.344
v -1462.06 39.4413 197.365
v -1462.39 43.1913 197.344
v -1462.3 39.4413 196.659
v -1462.55 43.1913 196.876
v -1462.3 39.4413 196.659
v -1462.55 43.1913 196.876
v -1462.97 39.4413 196.331
v -1462.99 43.1913 196.659
v -1462.97 39.4413 196.331
v -1462.99 43.1913 196.659
v -1463.68 39.4413 196.573
v -1463.46 43.1913 196.819
v -1463.68 39.4413 196.573
v -1463.46 43.1913 196.819
v -1464.01 39.4413 197.243
v -1463.68 43.1913 197.263
v -1464.01 39.4413 197.243
v -1463.68 43.1913 197.263
v -1463.76 39.4413 197.949
v -1463.52 43.1913 197.731
v -1463.76 39.4413 197.949
v -1463.52 43.1913 197.731
v -1463.09 39.4413 198.277
v -1463.07 43.1913 197.949
v -1463.52 43.1913 197.731
v -1463.68 43.1913 197.263
v -1463.07 43.1913 197.949
v -1462.61 43.1913 197.788
v -1462.39 43.1913 197.344
v -1462.55 43.1913 196.876
v -1462.99 43.1913 196.659
v -1463.46 43.1913 196.819
v -1464.11 39.3163 197.236
v -1464.11 36.9413 197.236
v -1463.75 39.3163 196.492
v -1463.75 36.9413 196.492
v -1463.75 39.3163 196.492
v -1463.75 36.9413 196.492
v -1462.97 39.3163 196.224
v -1462.97 36.9413 196.224
v -1462.97 39.3163 196.224
v -1462.97 36.9413 196.224
v -1462.22 39.3163 196.588
v -1462.22 36.9413 196.588
v -1462.22 39.3163 196.588
v -1462.22 36.9413 196.588
v -1461.95 39.3163 197.372
v -1461.95 36.9413 197.372
v -1461.95 39.3163 197.372
v -1461.95 36.9413 197.372
v -1462.32 39.3163 198.115
v -1462.32 36.9413 198.115
v -1462.32 39.3163 198.115
v -1462.32 36.9413 198.115
v -1463.1 39.3163 198.384
v -1463.1 36.9413 198.384
v -1463.1 39.3163 198.384
v -1463.1 36.9413 198.384
v -1463.85 39.3163 198.02
v -1463.85 36.9413 198.02
v -1463.85 39.3163 198.02
v -1463.85 36.9413 198.02
v -1464.11 39.3163 197.236
v -1464.11 36.9413 197.236
v -1463.75 39.3163 196.492
v -1463.68 39.4413 196.573
v -1464.11 39.3163 197.236
v -1464.01 39.4413 197.243
v -1462.97 39.3163 196.224
v -1462.97 39.4413 196.331
v -1463.75 39.3163 196.492
v -1463.68 39.4413 196.573
v -1462.22 39.3163 196.588
v -1462.3 39.4413 196.659
v -1462.97 39.3163 196.224
v -1462.97 39.4413 196.331
v -1461.95 39.3163 197.372
v -1462.06 39.4413 197.365
v -1462.32 39.3163 198.115
v -1462.39 39.4413 198.035
v -1463.1 39.3163 198.384
v -1463.09 39.4413 198.277
v -1462.32 39.3163 198.115
v -1462.39 39.4413 198.035
v -1463.85 39.3163 198.02
v -1463.76 39.4413 197.949
v -1463.1 39.3163 198.384
v -1463.09 39.4413 198.277
v -1478.15 39.3403 203.39
v -1478.59 43.0785 203.456
v -1477.45 39.4516 203.158
v -1478.13 43.1523 203.302
v -1477.45 39.4516 203.158
v -1478.13 43.1523 203.302
v -1477.13 39.562 202.495
v -1477.91 43.2254 202.863
v -1477.13 39.562 202.495
v -1477.91 43.2254 202.863
v -1477.37 39.6067 201.79
v -1478.07 43.2551 202.396
v -1477.37 39.6067 201.79
v -1478.07 43.2551 202.396
v -1478.04 39.5597 201.456
v -1478.51 43.2239 202.174
v -1478.04 39.5597 201.456
v -1478.51 43.2239 202.174
v -1478.74 39.4484 201.689
v -1478.98 43.1501 202.329
v -1478.74 39.4484 201.689
v -1478.98 43.1501 202.329
v -1479.06 39.338 202.352
v -1479.19 43.077 202.768
v -1479.06 39.338 202.352
v -1479.19 43.077 202.768
v -1478.82 39.2933 203.057
v -1479.03 43.0474 203.235
v -1478.82 39.2933 203.057
v -1479.03 43.0474 203.235
v -1478.15 39.3403 203.39
v -1478.59 43.0785 203.456
v -1479.03 43.0474 203.235
v -1479.19 43.077 202.768
v -1478.59 43.0785 203.456
v -1478.13 43.1523 203.302
v -1477.91 43.2254 202.863
v -1478.07 43.2551 202.396
v -1478.51 43.2239 202.174
v -1478.98 43.1501 202.329
v -1479.15 39.2023 202.331
v -1478.86 36.8582 202.083
v -1478.79 39.3248 201.595
v -1478.5 36.9807 201.347
v -1478.79 39.3248 201.595
v -1478.5 36.9807 201.347
v -1478.01 39.4484 201.337
v -1477.72 37.1043 201.089
v -1478.01 39.4484 201.337
v -1477.72 37.1043 201.089
v -1477.27 39.5006 201.707
v -1476.98 37.1565 201.459
v -1477.27 39.5006 201.707
v -1476.98 37.1565 201.459
v -1477.01 39.4509 202.489
v -1476.72 37.1068 202.241
v -1477.01 39.4509 202.489
v -1476.72 37.1068 202.241
v -1477.37 39.3284 203.225
v -1477.08 36.9843 202.977
v -1477.37 39.3284 203.225
v -1477.08 36.9843 202.977
v -1478.14 39.2049 203.484
v -1477.85 36.8608 203.235
v -1478.14 39.2049 203.484
v -1477.85 36.8608 203.235
v -1478.88 39.1526 203.113
v -1478.59 36.8085 202.865
v -1478.88 39.1526 203.113
v -1478.59 36.8085 202.865
v -1479.15 39.2023 202.331
v -1478.86 36.8582 202.083
v -1478.79 39.3248 201.595
v -1478.74 39.4484 201.689
v -1479.15 39.2023 202.331
v -1479.06 39.338 202.352
v -1478.01 39.4484 201.337
v -1478.04 39.5597 201.456
v -1478.79 39.3248 201.595
v -1478.74 39.4484 201.689
v -1477.27 39.5006 201.707
v -1477.37 39.6067 201.79
v -1478.01 39.4484 201.337
v -1478.04 39.5597 201.456
v -1477.01 39.4509 202.489
v -1477.13 39.562 202.495
v -1477.37 39.3284 203.225
v -1477.45 39.4516 203.158
v -1478.14 39.2049 203.484
v -1478.15 39.3403 203.39
v -1477.37 39.3284 203.225
v -1477.45 39.4516 203.158
v -1478.88 39.1526 203.113
v -1478.82 39.2933 203.057
v -1478.14 39.2049 203.484
v -1478.15 39.3403 203.39
v -1493.25 39.2412 195.48
v -1493.96 42.815 196.43
v -1492.58 39.4615 195.251
v -1493.51 42.961 196.278
v -1492.58 39.4615 195.251
v -1493.51 42.961 196.278
v -1492.3 39.7473 194.619
v -1493.33 43.1503 195.86
v -1492.3 39.7473 194.619
v -1493.33 43.1503 195.86
v -1492.59 39.9311 193.954
v -1493.52 43.2721 195.419
v -1492.59 39.9311 193.954
v -1493.52 43.2721 195.419
v -1493.27 39.9053 193.647
v -1493.97 43.2551 195.215
v -1493.27 39.9053 193.647
v -1493.97 43.2551 195.215
v -1493.94 39.685 193.876
v -1494.41 43.1091 195.367
v -1493.94 39.685 193.876
v -1494.41 43.1091 195.367
v -1494.22 39.3993 194.508
v -1494.6 42.9197 195.786
v -1494.22 39.3993 194.508
v -1494.6 42.9197 195.786
v -1493.93 39.2155 195.172
v -1494.41 42.7979 196.226
v -1493.93 39.2155 195.172
v -1494.41 42.7979 196.226
v -1493.25 39.2412 195.48
v -1493.96 42.815 196.43
v -1494.41 42.7979 196.226
v -1494.6 42.9197 195.786
v -1493.96 42.815 196.43
v -1493.51 42.961 196.278
v -1493.33 43.1503 195.86
v -1493.52 43.2721 195.419
v -1493.97 43.2551 195.215
v -1494.41 43.1091 195.367
v -1494.3 39.2648 194.46
v -1493.86 37.0723 193.662
v -1493.99 39.5819 193.758
v -1493.55 37.3895 192.961
v -1493.99 39.5819 193.758
v -1493.55 37.3895 192.961
v -1493.24 39.8264 193.504
v -1492.8 37.634 192.706
v -1493.24 39.8264 193.504
v -1492.8 37.634 192.706
v -1492.49 39.8551 193.845
v -1492.05 37.6626 193.048
v -1492.49 39.8551 193.845
v -1492.05 37.6626 193.048
v -1492.17 39.651 194.583
v -1491.73 37.4586 193.785
v -1492.17 39.651 194.583
v -1491.73 37.4586 193.785
v -1492.48 39.3338 195.284
v -1492.03 37.1414 194.487
v -1492.48 39.3338 195.284
v -1492.03 37.1414 194.487
v -1493.23 39.0893 195.539
v -1492.78 36.8969 194.741
v -1493.23 39.0893 195.539
v -1492.78 36.8969 194.741
v -1493.98 39.0607 195.197
v -1493.54 36.8683 194.4
v -1493.98 39.0607 195.197
v -1493.54 36.8683 194.4
v -1494.3 39.2648 194.46
v -1493.86 37.0723 193.662
v -1493.99 39.5819 193.758
v -1493.94 39.685 193.876
v -1494.3 39.2648 194.46
v -1494.22 39.3993 194.508
v -1493.24 39.8264 193.504
v -1493.27 39.9053 193.647
v -1493.99 39.5819 193.758
v -1493.94 39.685 193.876
v -1492.49 39.8551 193.845
v -1492.59 39.9311 193.954
v -1493.24 39.8264 193.504
v -1493.27 39.9053 193.647
v -1492.17 39.651 194.583
v -1492.3 39.7473 194.619
v -1492.48 39.3338 195.284
v -1492.58 39.4615 195.251
v -1493.23 39.0893 195.539
v -1493.25 39.2412 195.48
v -1492.48 39.3338 195.284
v -1492.58 39.4615 195.251
v -1493.98 39.0607 195.197
v -1493.93 39.2155 195.172
v -1493.23 39.0893 195.539
v -1493.25 39.2412 195.48
v -1465.36 43.875 179.548
v -1465.28 43.8257 179.557
v -1465.08 42.75 179.126
v -1465.15 42.75 179.096
v -1463.21 43.875 180.559
v -1463.27 43.8257 180.507
v -1463 42.75 180.107
v -1463.06 42.75 180.076
v -1462.38 42.625 179.568
v -1461.85 42.625 178.437
v -1461.85 41.4798 178.437
v -1462.38 41.4798 179.568
v -1461.85 42.625 178.437
v -1462.38 42.625 179.568
v -1462.56 42.625 179.484
v -1462.03 42.625 178.354
v -1461.85 41.4798 178.437
v -1461.85 42.625 178.437
v -1462.03 42.625 178.354
v -1462.03 41.4798 178.354
v -1464.68 43.5 177.786
v -1464.56 43.5 177.842
v -1464.56 41.4798 177.842
v -1464.68 41.4798 177.786
v -1464.68 43.5 177.786
v -1465.06 43.5 178.606
v -1464.94 43.5 178.663
v -1464.56 43.5 177.842
v -1464.94 41.4798 178.663
v -1464.94 43.5 178.663
v -1465.06 43.5 178.606
v -1465.06 41.4798 178.606
v -1462.18 43.8075 178.196
v -1462.14 43.8571 178.113
v -1461.78 41.7219 177.346
v -1461.82 41.6723 177.43
v -1463.03 43.8571 177.695
v -1462.14 43.8571 178.113
v -1462.18 43.8075 178.196
v -1463.07 43.8075 177.779
v -1462.67 41.7219 176.929
v -1463.03 43.8571 177.695
v -1463.07 43.8075 177.779
v -1462.71 41.6723 177.012
v -1461.78 41.7219 177.346
v -1462.67 41.7219 176.929
v -1462.71 41.6723 177.012
v -1461.82 41.6723 177.43
v -1462.18 43.8075 178.196
v -1461.82 41.6723 177.43
v -1461.6 41.4798 177.449
v -1462.03 44 178.354
v -1464.41 44 177.23
v -1463.07 43.8075 177.779
v -1462.18 43.8075 178.196
v -1462.03 44 178.354
v -1464.27 43.8075 177.212
v -1463.21 43.8075 177.713
v -1464.98 43.8257 178.9
v -1464.98 42.75 178.9
v -1465.08 42.75 179.126
v -1465.28 43.8257 179.557
v -1464.98 43.8257 178.9
v -1465.28 43.8257 179.557
v -1463.97 43.8257 179.375
v -1463.27 43.8257 180.507
v -1462.96 43.8257 179.85
v -1463.06 42.75 180.076
v -1462.96 42.75 179.85
v -1462.96 43.8257 179.85
v -1463.27 43.8257 180.507
v -1465.15 42.75 179.096
v -1465.04 42.75 178.87
v -1465.04 43.875 178.87
v -1465.36 43.875 179.548
v -1463.21 43.875 180.559
v -1465.36 43.875 179.548
v -1463.97 43.875 179.375
v -1462.89 43.875 179.881
v -1465.04 43.875 178.87
v -1462.89 43.875 179.881
v -1462.89 42.75 179.881
v -1463 42.75 180.107
v -1463.21 43.875 180.559
v -1463.97 44 179.375
v -1463.97 43.875 179.375
v -1465.04 43.875 178.87
v -1465.16 44 178.814
v -1465.04 42.75 178.87
v -1465.16 41.4798 178.814
v -1464.98 42.75 178.9
v -1464.74 41.4798 179.01
v -1464.98 43.8257 178.9
v -1464.74 43.75 179.01
v -1463.97 43.8257 179.375
v -1464.26 43.75 179.235
v -1464.62 43.75 179.066
v -1464.26 43.4141 179.235
v -1464.62 43.4141 179.066
v -1464.15 43.75 179.291
v -1463.97 43.4141 179.375
v -1464.15 43.4141 179.291
v -1463.31 43.75 179.684
v -1463.19 43.75 179.74
v -1463.4 41.4798 180.193
v -1463.52 41.4798 180.136
v -1463.52 41.4798 180.136
v -1463.42 42.25 179.91
v -1463.31 43.4141 179.684
v -1463.31 43.75 179.684
v -1463.31 41.4798 179.684
v -1463.19 43.75 179.74
v -1463.19 41.4798 179.74
v -1463.4 41.4798 180.193
v -1464.26 43.75 179.235
v -1464.15 43.75 179.291
v -1464.36 41.4798 179.743
v -1464.48 41.4798 179.687
v -1464.48 41.4798 179.687
v -1464.37 42.25 179.461
v -1464.26 43.4141 179.235
v -1464.26 43.75 179.235
v -1464.26 41.4798 179.235
v -1464.15 43.4141 179.291
v -1464.25 42.25 179.517
v -1464.36 41.4798 179.743
v -1464.15 43.75 179.291
v -1464.15 41.4798 179.291
v -1462.14 43.8571 178.113
v -1463.03 43.8571 177.695
v -1462.67 41.7219 176.929
v -1461.78 41.7219 177.346
v -1464.41 44 177.23
v -1464.68 43.5 177.786
v -1464.68 41.4798 177.786
v -1463.99 41.4798 176.325
v -1465.16 44 178.814
v -1465.06 43.5 178.606
v -1465.16 41.4798 178.814
v -1465.06 41.4798 178.606
v -1462.77 44 179.937
v -1463.97 44 179.375
v -1462.03 44 178.354
v -1465.16 44 178.814
v -1464.41 44 177.23
v -1462.03 42.625 178.354
v -1462.03 44 178.354
v -1461.6 41.4798 177.449
v -1462.03 41.4798 178.354
v -1462.56 42.625 179.484
v -1462.77 44 179.937
v -1462.56 41.4798 179.484
v -1462.77 41.4798 179.937
v -1464.62 43.4141 179.066
v -1464.73 42.25 179.292
v -1464.84 41.4798 179.519
v -1464.62 43.75 179.066
v -1464.62 41.4798 179.066
v -1464.74 41.4798 179.01
v -1464.74 43.75 179.01
v -1464.95 41.4798 179.462
v -1464.74 43.75 179.01
v -1464.62 43.75 179.066
v -1464.84 41.4798 179.519
v -1464.95 41.4798 179.462
v -1463.67 43.4141 179.516
v -1463.77 42.25 179.742
v -1463.88 41.4798 179.968
v -1463.67 43.75 179.516
v -1463.67 41.4798 179.516
v -1464 41.4798 179.912
v -1463.89 42.25 179.686
v -1463.79 43.4141 179.459
v -1463.79 43.75 179.459
v -1463.79 41.4798 179.459
v -1463.79 43.75 179.459
v -1463.67 43.75 179.516
v -1463.88 41.4798 179.968
v -1464 41.4798 179.912
v -1462.56 42.625 179.484
v -1462.38 42.625 179.568
v -1462.38 41.4798 179.568
v -1462.56 41.4798 179.484
v -1463.91 41.6723 176.445
v -1463.99 41.4798 176.325
v -1461.82 41.6723 177.43
v -1462.71 41.6723 177.012
v -1461.6 41.4798 177.449
v -1462.85 41.6723 176.947
v -1462.85 41.6723 176.947
v -1463.21 43.8075 177.713
v -1463.24 43.7809 177.782
v -1462.88 41.6457 177.016
v -1462.85 41.6723 176.947
v -1462.88 41.6457 177.016
v -1463.95 41.6457 176.514
v -1463.91 41.6723 176.445
v -1462.85 41.6723 176.947
v -1463.95 41.6457 176.514
v -1464.31 43.7809 177.281
v -1464.27 43.8075 177.212
v -1463.91 41.6723 176.445
v -1464.31 43.7809 177.281
v -1463.24 43.7809 177.782
v -1463.21 43.8075 177.713
v -1464.27 43.8075 177.212
v -1462.77 41.4798 179.937
v -1462.89 42.75 179.881
v -1462.89 43.875 179.881
v -1462.77 44 179.937
v -1463.19 41.4798 179.74
v -1462.96 42.75 179.85
v -1463.19 43.75 179.74
v -1462.96 43.8257 179.85
v -1463.97 43.8257 179.375
v -1463.31 43.75 179.684
v -1463.67 43.75 179.516
v -1463.79 43.75 179.459
v -1463.79 43.4141 179.459
v -1463.97 43.4141 179.375
v -1463.31 43.4141 179.684
v -1463.67 43.4141 179.516
v -1463.97 43.875 179.375
v -1463.97 44 179.375
v -1461.76 43.0957 178.26
v -1461.87 43.0957 178.3
v -1461.88 43 178.285
v -1461.76 43 178.241
v -1461.95 43.0957 178.391
v -1461.96 43 178.383
v -1461.97 43.0957 178.509
v -1461.99 43 178.511
v -1461.93 43.0957 178.622
v -1461.94 43 178.633
v -1461.84 43.0957 178.699
v -1461.84 43 178.716
v -1461.84 43.0957 178.699
v -1461.72 43.0957 178.72
v -1461.72 43 178.739
v -1461.84 43 178.716
v -1461.61 43.0957 178.68
v -1461.6 43 178.695
v -1461.53 43.0957 178.588
v -1461.51 43 178.596
v -1461.51 43.0957 178.471
v -1461.49 43 178.469
v -1461.55 43.0957 178.358
v -1461.53 43 178.347
v -1461.64 43.0957 178.281
v -1461.63 43 178.264
v -1461.75 43.1768 178.314
v -1461.84 43.1768 178.345
v -1461.9 43.1768 178.415
v -1461.91 43.1768 178.505
v -1461.88 43.1768 178.591
v -1461.81 43.1768 178.65
v -1461.81 43.1768 178.65
v -1461.72 43.1768 178.666
v -1461.64 43.1768 178.635
v -1461.58 43.1768 178.565
v -1461.56 43.1768 178.475
v -1461.59 43.1768 178.389
v -1461.66 43.1768 178.33
v -1461.75 43.231 178.395
v -1461.79 43.231 178.411
v -1461.82 43.231 178.449
v -1461.83 43.231 178.498
v -1461.82 43.231 178.544
v -1461.78 43.231 178.576
v -1461.78 43.231 178.576
v -1461.73 43.231 178.585
v -1461.68 43.231 178.568
v -1461.65 43.231 178.531
v -1461.64 43.231 178.482
v -1461.66 43.231 178.435
v -1461.7 43.231 178.403
v -1461.75 43.231 178.395
v -1461.7 43.231 178.403
v -1461.74 43.25 178.49
v -1461.79 43.231 178.411
v -1461.83 43.231 178.498
v -1461.82 43.231 178.449
v -1461.82 43.231 178.544
v -1461.73 43.231 178.585
v -1461.78 43.231 178.576
v -1461.65 43.231 178.531
v -1461.68 43.231 178.568
v -1461.64 43.231 178.482
v -1461.66 43.231 178.435
v -1461.88 41.4798 178.285
v -1461.76 41.4798 178.241
v -1461.96 41.4798 178.383
v -1461.99 41.4798 178.511
v -1461.94 41.4798 178.633
v -1461.84 41.4798 178.716
v -1461.72 41.4798 178.739
v -1461.84 41.4798 178.716
v -1461.6 41.4798 178.695
v -1461.6 43 178.695
v -1461.51 41.4798 178.596
v -1461.51 43 178.596
v -1461.49 41.4798 178.469
v -1461.49 43 178.469
v -1461.53 41.4798 178.347
v -1461.53 43 178.347
v -1461.63 41.4798 178.264
v -1461.63 43 178.264
v -1462.29 43.0957 179.391
v -1462.4 43.0957 179.431
v -1462.41 43 179.415
v -1462.29 43 179.372
v -1462.48 43.0957 179.522
v -1462.5 43 179.514
v -1462.5 43.0957 179.64
v -1462.52 43 179.642
v -1462.46 43.0957 179.753
v -1462.48 43 179.763
v -1462.37 43.0957 179.83
v -1462.38 43 179.847
v -1462.37 43.0957 179.83
v -1462.25 43.0957 179.851
v -1462.25 43 179.87
v -1462.38 43 179.847
v -1462.14 43.0957 179.811
v -1462.13 43 179.826
v -1462.06 43.0957 179.719
v -1462.04 43 179.727
v -1462.04 43.0957 179.602
v -1462.02 43 179.6
v -1462.08 43.0957 179.489
v -1462.07 43 179.478
v -1462.17 43.0957 179.412
v -1462.16 43 179.395
v -1462.29 43.1768 179.445
v -1462.37 43.1768 179.476
v -1462.43 43.1768 179.546
v -1462.45 43.1768 179.636
v -1462.42 43.1768 179.722
v -1462.35 43.1768 179.781
v -1462.35 43.1768 179.781
v -1462.26 43.1768 179.797
v -1462.17 43.1768 179.766
v -1462.11 43.1768 179.696
v -1462.09 43.1768 179.606
v -1462.13 43.1768 179.52
v -1462.2 43.1768 179.461
v -1462.28 43.231 179.525
v -1462.33 43.231 179.542
v -1462.36 43.231 179.58
v -1462.37 43.231 179.629
v -1462.35 43.231 179.675
v -1462.31 43.231 179.707
v -1462.31 43.231 179.707
v -1462.26 43.231 179.716
v -1462.22 43.231 179.699
v -1462.18 43.231 179.662
v -1462.18 43.231 179.613
v -1462.19 43.231 179.566
v -1462.23 43.231 179.534
v -1462.28 43.231 179.525
v -1462.27 43.25 179.621
v -1462.33 43.231 179.542
v -1462.37 43.231 179.629
v -1462.36 43.231 179.58
v -1462.35 43.231 179.675
v -1462.26 43.231 179.716
v -1462.31 43.231 179.707
v -1462.18 43.231 179.662
v -1462.22 43.231 179.699
v -1462.19 43.231 179.566
v -1462.18 43.231 179.613
v -1462.23 43.231 179.534
v -1462.41 41.4798 179.415
v -1462.29 41.4798 179.372
v -1462.5 41.4798 179.514
v -1462.52 41.4798 179.642
v -1462.48 41.4798 179.763
v -1462.38 41.4798 179.847
v -1462.25 41.4798 179.87
v -1462.38 41.4798 179.847
v -1462.13 41.4798 179.826
v -1462.13 43 179.826
v -1462.04 41.4798 179.727
v -1462.04 43 179.727
v -1462.02 41.4798 179.6
v -1462.02 43 179.6
v -1462.07 41.4798 179.478
v -1462.07 43 179.478
v -1462.16 41.4798 179.395
v -1462.16 43 179.395
v -1462.02 43.0957 178.825
v -1462.14 43.0957 178.866
v -1462.15 43 178.85
v -1462.03 43 178.806
v -1462.21 43.0957 178.957
v -1462.23 43 178.949
v -1462.23 43.0957 179.075
v -1462.25 43 179.076
v -1462.19 43.0957 179.187
v -1462.21 43 179.198
v -1462.1 43.0957 179.264
v -1462.11 43 179.282
v -1462.1 43.0957 179.264
v -1461.99 43.0957 179.286
v -1461.98 43 179.304
v -1462.11 43 179.282
v -1461.87 43.0957 179.245
v -1461.86 43 179.261
v -1461.8 43.0957 179.154
v -1461.78 43 179.162
v -1461.77 43.0957 179.036
v -1461.76 43 179.034
v -1461.81 43.0957 178.924
v -1461.8 43 178.913
v -1461.91 43.0957 178.846
v -1461.9 43 178.829
v -1462.02 43.1768 178.879
v -1462.11 43.1768 178.91
v -1462.16 43.1768 178.98
v -1462.18 43.1768 179.07
v -1462.15 43.1768 179.156
v -1462.08 43.1768 179.215
v -1462.08 43.1768 179.215
v -1461.99 43.1768 179.232
v -1461.9 43.1768 179.201
v -1461.84 43.1768 179.131
v -1461.83 43.1768 179.041
v -1461.86 43.1768 178.954
v -1461.93 43.1768 178.895
v -1462.01 43.231 178.96
v -1462.06 43.231 178.977
v -1462.09 43.231 179.015
v -1462.1 43.231 179.063
v -1462.08 43.231 179.11
v -1462.05 43.231 179.142
v -1462.05 43.231 179.142
v -1462 43.231 179.151
v -1461.95 43.231 179.134
v -1461.92 43.231 179.096
v -1461.91 43.231 179.047
v -1461.93 43.231 179.001
v -1461.96 43.231 178.969
v -1462.01 43.231 178.96
v -1462 43.25 179.055
v -1462.06 43.231 178.977
v -1462.1 43.231 179.063
v -1462.09 43.231 179.015
v -1462.08 43.231 179.11
v -1462 43.231 179.151
v -1462.05 43.231 179.142
v -1461.92 43.231 179.096
v -1461.95 43.231 179.134
v -1461.93 43.231 179.001
v -1461.91 43.231 179.047
v -1461.96 43.231 178.969
v -1462.15 41.4798 178.85
v -1462.03 41.4798 178.806
v -1462.23 41.4798 178.949
v -1462.25 41.4798 179.076
v -1462.21 41.4798 179.198
v -1462.11 41.4798 179.282
v -1461.98 41.4798 179.304
v -1462.11 41.4798 179.282
v -1461.86 41.4798 179.261
v -1461.86 43 179.261
v -1461.78 41.4798 179.162
v -1461.78 43 179.162
v -1461.76 41.4798 179.034
v -1461.76 43 179.034
v -1461.8 41.4798 178.913
v -1461.8 43 178.913
v -1461.9 41.4798 178.829
v -1461.9 43 178.829
v -1462.3 41.5748 180.858
v -1460.69 41.5748 177.456
v -1460.53 41 177.399
v -1462.24 41 181.018
v -1464.1 41.5748 175.855
v -1465.7 41.5748 179.257
v -1465.86 41 179.314
v -1464.15 41 175.695
v -1460.69 41.5748 177.456
v -1464.1 41.5748 175.855
v -1464.15 41 175.695
v -1460.53 41 177.399
v -1465.7 41.5748 179.257
v -1462.3 41.5748 180.858
v -1462.24 41 181.018
v -1465.86 41 179.314
v -1465.86 40 179.314
v -1464.15 40 175.695
v -1464.15 41 175.695
v -1465.86 41 179.314
v -1464.15 40 175.695
v -1460.53 40 177.399
v -1460.53 41 177.399
v -1464.15 41 175.695
v -1460.53 40 177.399
v -1462.24 40 181.018
v -1462.24 41 181.018
v -1460.53 41 177.399
v -1462.24 40 181.018
v -1465.86 40 179.314
v -1465.86 41 179.314
v -1462.24 41 181.018
v -1462.34 41.5748 180.725
v -1460.83 41.5748 177.504
v -1460.69 41.5748 177.456
v -1462.3 41.5748 180.858
v -1464.05 41.5748 175.988
v -1464.1 41.5748 175.855
v -1465.56 41.5748 179.209
v -1465.7 41.5748 179.257
v -1462.35 41.4798 180.696
v -1460.86 41.4798 177.515
v -1460.83 41.5748 177.504
v -1462.34 41.5748 180.725
v -1460.86 41.4798 177.515
v -1464.04 41.4798 176.017
v -1464.05 41.5748 175.988
v -1460.83 41.5748 177.504
v -1464.04 41.4798 176.017
v -1465.54 41.4798 179.198
v -1465.56 41.5748 179.209
v -1464.05 41.5748 175.988
v -1465.54 41.4798 179.198
v -1462.35 41.4798 180.696
v -1462.34 41.5748 180.725
v -1465.56 41.5748 179.209
v -1465.15 42.75 179.096
v -1465.08 42.75 179.126
v -1464.98 42.75 178.9
v -1465.04 42.75 178.87
v -1463.06 42.75 180.076
v -1463 42.75 180.107
v -1462.89 42.75 179.881
v -1462.96 42.75 179.85
v -1465.54 41.4798 179.198
v -1464.04 41.4798 176.017
v -1460.86 41.4798 177.515
v -1462.35 41.4798 180.696
v -1464.56 41.4798 177.842
v -1464.56 43.5 177.842
v -1464.94 43.5 178.663
v -1464.94 41.4798 178.663
v -1464.15 41.4798 179.291
v -1464.25 42.25 179.517
v -1463.89 42.25 179.686
v -1463.79 41.4798 179.459
v -1463.89 42.25 179.686
v -1464.25 42.25 179.517
v -1463.79 43.4141 179.459
v -1464.15 43.4141 179.291
v -1463.97 43.4141 179.375
v -1464.73 42.25 179.292
v -1464.62 43.4141 179.066
v -1464.26 43.4141 179.235
v -1464.37 42.25 179.461
v -1464.62 41.4798 179.066
v -1464.73 42.25 179.292
v -1464.37 42.25 179.461
v -1464.26 41.4798 179.235
v -1463.77 42.25 179.742
v -1463.67 43.4141 179.516
v -1463.31 43.4141 179.684
v -1463.42 42.25 179.91
v -1463.67 41.4798 179.516
v -1463.77 42.25 179.742
v -1463.42 42.25 179.91
v -1463.31 41.4798 179.684
v -1464.31 43.7809 177.281
v -1463.95 41.6457 176.514
v -1462.88 41.6457 177.016
v -1463.24 43.7809 177.782
v -1465.08 43.875 185.84
v -1465.15 43.8257 185.831
v -1465.36 42.75 186.262
v -1465.29 42.75 186.292
v -1467.23 43.875 184.829
v -1467.17 43.8257 184.881
v -1467.44 42.75 185.281
v -1467.37 42.75 185.312
v -1468.05 42.625 185.821
v -1468.59 42.625 186.952
v -1468.59 41.4798 186.952
v -1468.05 41.4798 185.821
v -1468.59 42.625 186.952
v -1468.05 42.625 185.821
v -1467.88 42.625 185.904
v -1468.41 42.625 187.035
v -1468.59 41.4798 186.952
v -1468.59 42.625 186.952
v -1468.41 42.625 187.035
v -1468.41 41.4798 187.035
v -1465.76 43.5 187.602
v -1465.88 43.5 187.546
v -1465.88 41.4798 187.546
v -1465.76 41.4798 187.602
v -1465.76 43.5 187.602
v -1465.38 43.5 186.782
v -1465.5 43.5 186.726
v -1465.88 43.5 187.546
v -1465.5 41.4798 186.726
v -1465.5 43.5 186.726
v -1465.38 43.5 186.782
v -1465.38 41.4798 186.782
v -1468.26 43.8075 187.192
v -1468.29 43.8571 187.276
v -1468.66 41.7219 188.042
v -1468.62 41.6723 187.959
v -1467.41 43.8571 187.693
v -1468.29 43.8571 187.276
v -1468.26 43.8075 187.192
v -1467.37 43.8075 187.609
v -1467.77 41.7219 188.459
v -1467.41 43.8571 187.693
v -1467.37 43.8075 187.609
v -1467.73 41.6723 188.376
v -1468.66 41.7219 188.042
v -1467.77 41.7219 188.459
v -1467.73 41.6723 188.376
v -1468.62 41.6723 187.959
v -1468.26 43.8075 187.192
v -1468.62 41.6723 187.959
v -1468.84 41.4798 187.94
v -1468.41 44 187.035
v -1466.02 44 188.158
v -1467.37 43.8075 187.609
v -1468.26 43.8075 187.192
v -1468.41 44 187.035
v -1466.16 43.8075 188.177
v -1467.23 43.8075 187.675
v -1465.46 43.8257 186.488
v -1465.46 42.75 186.488
v -1465.36 42.75 186.262
v -1465.15 43.8257 185.831
v -1465.46 43.8257 186.488
v -1465.15 43.8257 185.831
v -1466.47 43.8257 186.013
v -1467.17 43.8257 184.881
v -1467.48 43.8257 185.538
v -1467.37 42.75 185.312
v -1467.48 42.75 185.538
v -1467.48 43.8257 185.538
v -1467.17 43.8257 184.881
v -1465.29 42.75 186.292
v -1465.4 42.75 186.519
v -1465.4 43.875 186.519
v -1465.08 43.875 185.84
v -1467.23 43.875 184.829
v -1465.08 43.875 185.84
v -1466.47 43.875 186.013
v -1467.55 43.875 185.508
v -1465.4 43.875 186.519
v -1467.55 43.875 185.508
v -1467.55 42.75 185.508
v -1467.44 42.75 185.281
v -1467.23 43.875 184.829
v -1466.47 44 186.013
v -1466.47 43.875 186.013
v -1465.4 43.875 186.519
v -1465.28 44 186.575
v -1465.4 42.75 186.519
v -1465.28 41.4798 186.575
v -1465.46 42.75 186.488
v -1465.7 41.4798 186.378
v -1465.46 43.8257 186.488
v -1465.7 43.75 186.378
v -1466.47 43.8257 186.013
v -1466.17 43.75 186.154
v -1465.82 43.75 186.322
v -1466.17 43.4141 186.154
v -1465.82 43.4141 186.322
v -1466.29 43.75 186.097
v -1466.47 43.4141 186.013
v -1466.29 43.4141 186.097
v -1467.13 43.75 185.704
v -1467.25 43.75 185.648
v -1467.03 41.4798 185.196
v -1466.92 41.4798 185.252
v -1466.92 41.4798 185.252
v -1467.02 42.25 185.478
v -1467.13 43.4141 185.704
v -1467.13 43.75 185.704
v -1467.13 41.4798 185.704
v -1467.25 43.75 185.648
v -1467.25 41.4798 185.648
v -1467.03 41.4798 185.196
v -1466.17 43.75 186.154
v -1466.29 43.75 186.097
v -1466.08 41.4798 185.645
v -1465.96 41.4798 185.701
v -1465.96 41.4798 185.701
v -1466.07 42.25 185.927
v -1466.17 43.4141 186.154
v -1466.17 43.75 186.154
v -1466.17 41.4798 186.154
v -1466.29 43.4141 186.097
v -1466.19 42.25 185.871
v -1466.08 41.4798 185.645
v -1466.29 43.75 186.097
v -1466.29 41.4798 186.097
v -1468.29 43.8571 187.276
v -1467.41 43.8571 187.693
v -1467.77 41.7219 188.459
v -1468.66 41.7219 188.042
v -1466.02 44 188.158
v -1465.76 43.5 187.602
v -1465.76 41.4798 187.602
v -1466.45 41.4798 189.063
v -1465.28 44 186.575
v -1465.38 43.5 186.782
v -1465.28 41.4798 186.575
v -1465.38 41.4798 186.782
v -1467.67 44 185.451
v -1466.47 44 186.013
v -1468.41 44 187.035
v -1465.28 44 186.575
v -1466.02 44 188.158
v -1468.41 42.625 187.035
v -1468.41 44 187.035
v -1468.84 41.4798 187.94
v -1468.41 41.4798 187.035
v -1467.88 42.625 185.904
v -1467.67 44 185.451
v -1467.88 41.4798 185.904
v -1467.67 41.4798 185.451
v -1465.82 43.4141 186.322
v -1465.71 42.25 186.096
v -1465.6 41.4798 185.87
v -1465.82 43.75 186.322
v -1465.82 41.4798 186.322
v -1465.7 41.4798 186.378
v -1465.7 43.75 186.378
v -1465.48 41.4798 185.926
v -1465.7 43.75 186.378
v -1465.82 43.75 186.322
v -1465.6 41.4798 185.87
v -1465.48 41.4798 185.926
v -1466.77 43.4141 185.873
v -1466.66 42.25 185.647
v -1466.56 41.4798 185.42
v -1466.77 43.75 185.873
v -1466.77 41.4798 185.873
v -1466.44 41.4798 185.477
v -1466.54 42.25 185.703
v -1466.65 43.4141 185.929
v -1466.65 43.75 185.929
v -1466.65 41.4798 185.929
v -1466.65 43.75 185.929
v -1466.77 43.75 185.873
v -1466.56 41.4798 185.42
v -1466.44 41.4798 185.477
v -1467.88 42.625 185.904
v -1468.05 42.625 185.821
v -1468.05 41.4798 185.821
v -1467.88 41.4798 185.904
v -1466.52 41.6723 188.943
v -1466.45 41.4798 189.063
v -1468.62 41.6723 187.959
v -1467.73 41.6723 188.376
v -1468.84 41.4798 187.94
v -1467.59 41.6723 188.442
v -1467.59 41.6723 188.442
v -1467.23 43.8075 187.675
v -1467.2 43.7809 187.606
v -1467.56 41.6457 188.372
v -1467.59 41.6723 188.442
v -1467.56 41.6457 188.372
v -1466.49 41.6457 188.874
v -1466.52 41.6723 188.943
v -1467.59 41.6723 188.442
v -1466.49 41.6457 188.874
v -1466.13 43.7809 188.108
v -1466.16 43.8075 188.177
v -1466.52 41.6723 188.943
v -1466.13 43.7809 188.108
v -1467.2 43.7809 187.606
v -1467.23 43.8075 187.675
v -1466.16 43.8075 188.177
v -1467.67 41.4798 185.451
v -1467.55 42.75 185.508
v -1467.55 43.875 185.508
v -1467.67 44 185.451
v -1467.25 41.4798 185.648
v -1467.48 42.75 185.538
v -1467.25 43.75 185.648
v -1467.48 43.8257 185.538
v -1466.47 43.8257 186.013
v -1467.13 43.75 185.704
v -1466.77 43.75 185.873
v -1466.65 43.75 185.929
v -1466.65 43.4141 185.929
v -1466.47 43.4141 186.013
v -1467.13 43.4141 185.704
v -1466.77 43.4141 185.873
v -1466.47 43.875 186.013
v -1466.47 44 186.013
v -1468.68 43.0957 187.129
v -1468.57 43.0957 187.088
v -1468.56 43 187.104
v -1468.68 43 187.148
v -1468.49 43.0957 186.997
v -1468.47 43 187.005
v -1468.47 43.0957 186.879
v -1468.45 43 186.878
v -1468.51 43.0957 186.767
v -1468.49 43 186.756
v -1468.6 43.0957 186.69
v -1468.59 43 186.672
v -1468.6 43.0957 186.69
v -1468.72 43.0957 186.668
v -1468.72 43 186.649
v -1468.59 43 186.672
v -1468.83 43.0957 186.709
v -1468.84 43 186.693
v -1468.91 43.0957 186.8
v -1468.93 43 186.792
v -1468.93 43.0957 186.918
v -1468.95 43 186.919
v -1468.89 43.0957 187.03
v -1468.91 43 187.041
v -1468.8 43.0957 187.107
v -1468.81 43 187.125
v -1468.69 43.1768 187.075
v -1468.6 43.1768 187.044
v -1468.54 43.1768 186.974
v -1468.52 43.1768 186.884
v -1468.55 43.1768 186.798
v -1468.62 43.1768 186.739
v -1468.62 43.1768 186.739
v -1468.71 43.1768 186.722
v -1468.8 43.1768 186.753
v -1468.86 43.1768 186.823
v -1468.88 43.1768 186.913
v -1468.85 43.1768 186.999
v -1468.78 43.1768 187.058
v -1468.69 43.231 186.994
v -1468.65 43.231 186.977
v -1468.61 43.231 186.939
v -1468.6 43.231 186.89
v -1468.62 43.231 186.844
v -1468.66 43.231 186.812
v -1468.66 43.231 186.812
v -1468.71 43.231 186.803
v -1468.75 43.231 186.82
v -1468.79 43.231 186.858
v -1468.8 43.231 186.906
v -1468.78 43.231 186.953
v -1468.74 43.231 186.985
v -1468.69 43.231 186.994
v -1468.74 43.231 186.985
v -1468.7 43.25 186.898
v -1468.65 43.231 186.977
v -1468.6 43.231 186.89
v -1468.61 43.231 186.939
v -1468.62 43.231 186.844
v -1468.71 43.231 186.803
v -1468.66 43.231 186.812
v -1468.79 43.231 186.858
v -1468.75 43.231 186.82
v -1468.8 43.231 186.906
v -1468.78 43.231 186.953
v -1468.56 41.4798 187.104
v -1468.68 41.4798 187.148
v -1468.47 41.4798 187.005
v -1468.45 41.4798 186.878
v -1468.49 41.4798 186.756
v -1468.59 41.4798 186.672
v -1468.72 41.4798 186.649
v -1468.59 41.4798 186.672
v -1468.84 41.4798 186.693
v -1468.84 43 186.693
v -1468.93 41.4798 186.792
v -1468.93 43 186.792
v -1468.95 41.4798 186.919
v -1468.95 43 186.919
v -1468.91 41.4798 187.041
v -1468.91 43 187.041
v -1468.81 41.4798 187.125
v -1468.81 43 187.125
v -1468.15 43.0957 185.998
v -1468.04 43.0957 185.957
v -1468.03 43 185.973
v -1468.15 43 186.017
v -1467.96 43.0957 185.866
v -1467.94 43 185.874
v -1467.94 43.0957 185.748
v -1467.92 43 185.747
v -1467.98 43.0957 185.636
v -1467.96 43 185.625
v -1468.07 43.0957 185.559
v -1468.06 43 185.541
v -1468.07 43.0957 185.559
v -1468.19 43.0957 185.537
v -1468.19 43 185.518
v -1468.06 43 185.541
v -1468.3 43.0957 185.578
v -1468.31 43 185.562
v -1468.38 43.0957 185.669
v -1468.39 43 185.661
v -1468.4 43.0957 185.787
v -1468.42 43 185.788
v -1468.36 43.0957 185.899
v -1468.37 43 185.91
v -1468.27 43.0957 185.977
v -1468.27 43 185.994
v -1468.15 43.1768 185.944
v -1468.07 43.1768 185.913
v -1468.01 43.1768 185.843
v -1467.99 43.1768 185.753
v -1468.02 43.1768 185.667
v -1468.09 43.1768 185.608
v -1468.09 43.1768 185.608
v -1468.18 43.1768 185.591
v -1468.27 43.1768 185.622
v -1468.33 43.1768 185.692
v -1468.34 43.1768 185.782
v -1468.31 43.1768 185.868
v -1468.24 43.1768 185.927
v -1468.16 43.231 185.863
v -1468.11 43.231 185.846
v -1468.08 43.231 185.808
v -1468.07 43.231 185.76
v -1468.09 43.231 185.713
v -1468.13 43.231 185.681
v -1468.13 43.231 185.681
v -1468.18 43.231 185.672
v -1468.22 43.231 185.689
v -1468.25 43.231 185.727
v -1468.26 43.231 185.776
v -1468.25 43.231 185.822
v -1468.21 43.231 185.854
v -1468.16 43.231 185.863
v -1468.17 43.25 185.768
v -1468.11 43.231 185.846
v -1468.07 43.231 185.76
v -1468.08 43.231 185.808
v -1468.09 43.231 185.713
v -1468.18 43.231 185.672
v -1468.13 43.231 185.681
v -1468.25 43.231 185.727
v -1468.22 43.231 185.689
v -1468.25 43.231 185.822
v -1468.26 43.231 185.776
v -1468.21 43.231 185.854
v -1468.03 41.4798 185.973
v -1468.15 41.4798 186.017
v -1467.94 41.4798 185.874
v -1467.92 41.4798 185.747
v -1467.96 41.4798 185.625
v -1468.06 41.4798 185.541
v -1468.19 41.4798 185.518
v -1468.06 41.4798 185.541
v -1468.31 41.4798 185.562
v -1468.31 43 185.562
v -1468.39 41.4798 185.661
v -1468.39 43 185.661
v -1468.42 41.4798 185.788
v -1468.42 43 185.788
v -1468.37 41.4798 185.91
v -1468.37 43 185.91
v -1468.27 41.4798 185.994
v -1468.27 43 185.994
v -1468.41 43.0957 186.563
v -1468.3 43.0957 186.523
v -1468.29 43 186.538
v -1468.41 43 186.582
v -1468.22 43.0957 186.431
v -1468.21 43 186.439
v -1468.2 43.0957 186.314
v -1468.18 43 186.312
v -1468.24 43.0957 186.201
v -1468.23 43 186.19
v -1468.34 43.0957 186.124
v -1468.33 43 186.107
v -1468.34 43.0957 186.124
v -1468.45 43.0957 186.103
v -1468.45 43 186.084
v -1468.33 43 186.107
v -1468.57 43.0957 186.143
v -1468.58 43 186.128
v -1468.64 43.0957 186.235
v -1468.66 43 186.227
v -1468.66 43.0957 186.352
v -1468.68 43 186.354
v -1468.62 43.0957 186.465
v -1468.64 43 186.476
v -1468.53 43.0957 186.542
v -1468.54 43 186.559
v -1468.42 43.1768 186.509
v -1468.33 43.1768 186.478
v -1468.27 43.1768 186.408
v -1468.26 43.1768 186.318
v -1468.29 43.1768 186.232
v -1468.36 43.1768 186.173
v -1468.36 43.1768 186.173
v -1468.45 43.1768 186.157
v -1468.53 43.1768 186.188
v -1468.59 43.1768 186.258
v -1468.61 43.1768 186.348
v -1468.58 43.1768 186.434
v -1468.51 43.1768 186.493
v -1468.43 43.231 186.428
v -1468.38 43.231 186.412
v -1468.35 43.231 186.374
v -1468.34 43.231 186.325
v -1468.36 43.231 186.278
v -1468.39 43.231 186.246
v -1468.39 43.231 186.246
v -1468.44 43.231 186.238
v -1468.49 43.231 186.254
v -1468.52 43.231 186.292
v -1468.53 43.231 186.341
v -1468.51 43.231 186.388
v -1468.47 43.231 186.42
v -1468.43 43.231 186.428
v -1468.43 43.25 186.333
v -1468.38 43.231 186.412
v -1468.34 43.231 186.325
v -1468.35 43.231 186.374
v -1468.36 43.231 186.278
v -1468.44 43.231 186.238
v -1468.39 43.231 186.246
v -1468.52 43.231 186.292
v -1468.49 43.231 186.254
v -1468.51 43.231 186.388
v -1468.53 43.231 186.341
v -1468.47 43.231 186.42
v -1468.29 41.4798 186.538
v -1468.41 41.4798 186.582
v -1468.21 41.4798 186.439
v -1468.18 41.4798 186.312
v -1468.23 41.4798 186.19
v -1468.33 41.4798 186.107
v -1468.45 41.4798 186.084
v -1468.33 41.4798 186.107
v -1468.58 41.4798 186.128
v -1468.58 43 186.128
v -1468.66 41.4798 186.227
v -1468.66 43 186.227
v -1468.68 41.4798 186.354
v -1468.68 43 186.354
v -1468.64 41.4798 186.476
v -1468.64 43 186.476
v -1468.54 41.4798 186.559
v -1468.54 43 186.559
v -1468.14 41.5748 184.53
v -1469.74 41.5748 187.932
v -1469.9 41 187.989
v -1468.2 41 184.37
v -1466.34 41.5748 189.533
v -1464.74 41.5748 186.132
v -1464.58 41 186.074
v -1466.29 41 189.693
v -1469.74 41.5748 187.932
v -1466.34 41.5748 189.533
v -1466.29 41 189.693
v -1469.9 41 187.989
v -1464.74 41.5748 186.132
v -1468.14 41.5748 184.53
v -1468.2 41 184.37
v -1464.58 41 186.074
v -1464.58 40 186.074
v -1466.29 40 189.693
v -1466.29 41 189.693
v -1464.58 41 186.074
v -1466.29 40 189.693
v -1469.9 40 187.989
v -1469.9 41 187.989
v -1466.29 41 189.693
v -1469.9 40 187.989
v -1468.2 40 184.37
v -1468.2 41 184.37
v -1469.9 41 187.989
v -1468.2 40 184.37
v -1464.58 40 186.074
v -1464.58 41 186.074
v -1468.2 41 184.37
v -1468.1 41.5748 184.663
v -1469.61 41.5748 187.884
v -1469.74 41.5748 187.932
v -1468.14 41.5748 184.53
v -1466.39 41.5748 189.4
v -1466.34 41.5748 189.533
v -1464.87 41.5748 186.179
v -1464.74 41.5748 186.132
v -1468.08 41.4798 184.692
v -1469.58 41.4798 187.874
v -1469.61 41.5748 187.884
v -1468.1 41.5748 184.663
v -1469.58 41.4798 187.874
v -1466.4 41.4798 189.372
v -1466.39 41.5748 189.4
v -1469.61 41.5748 187.884
v -1466.4 41.4798 189.372
v -1464.9 41.4798 186.19
v -1464.87 41.5748 186.179
v -1466.39 41.5748 189.4
v -1464.9 41.4798 186.19
v -1468.08 41.4798 184.692
v -1468.1 41.5748 184.663
v -1464.87 41.5748 186.179
v -1465.29 42.75 186.292
v -1465.36 42.75 186.262
v -1465.46 42.75 186.488
v -1465.4 42.75 186.519
v -1467.37 42.75 185.312
v -1467.44 42.75 185.281
v -1467.55 42.75 185.508
v -1467.48 42.75 185.538
v -1464.9 41.4798 186.19
v -1466.4 41.4798 189.372
v -1469.58 41.4798 187.874
v -1468.08 41.4798 184.692
v -1465.88 41.4798 187.546
v -1465.88 43.5 187.546
v -1465.5 43.5 186.726
v -1465.5 41.4798 186.726
v -1466.29 41.4798 186.097
v -1466.19 42.25 185.871
v -1466.54 42.25 185.703
v -1466.65 41.4798 185.929
v -1466.54 42.25 185.703
v -1466.19 42.25 185.871
v -1466.65 43.4141 185.929
v -1466.29 43.4141 186.097
v -1466.47 43.4141 186.013
v -1465.71 42.25 186.096
v -1465.82 43.4141 186.322
v -1466.17 43.4141 186.154
v -1466.07 42.25 185.927
v -1465.82 41.4798 186.322
v -1465.71 42.25 186.096
v -1466.07 42.25 185.927
v -1466.17 41.4798 186.154
v -1466.66 42.25 185.647
v -1466.77 43.4141 185.873
v -1467.13 43.4141 185.704
v -1467.02 42.25 185.478
v -1466.77 41.4798 185.873
v -1466.66 42.25 185.647
v -1467.02 42.25 185.478
v -1467.13 41.4798 185.704
v -1466.13 43.7809 188.108
v -1466.49 41.6457 188.874
v -1467.56 41.6457 188.372
v -1467.2 43.7809 187.606
v -1466.64 41.3808 181.089
v -1466.58 41.3808 180.951
v -1466.62 41.5317 181.097
v -1466.56 41.5317 180.96
v -1466.72 41.3808 181.26
v -1466.66 41.3808 181.122
v -1466.7 41.5317 181.268
v -1466.64 41.5317 181.131
v -1463.73 41.3808 184.152
v -1463.79 41.3808 184.289
v -1463.75 41.5317 184.143
v -1463.81 41.5317 184.28
v -1463.65 41.3808 183.98
v -1463.71 41.3808 184.118
v -1463.67 41.5317 183.972
v -1463.73 41.5317 184.109
v -1465.1 41.2634 180.365
v -1465.1 41.3912 180.365
v -1465.4 41.2634 180.221
v -1465.4 41.3912 180.221
v -1465.45 41.2634 180.329
v -1465.15 41.2634 180.472
v -1465.4 41.2634 180.221
v -1465.1 41.2634 180.365
v -1465.44 41.3912 180.291
v -1465.43 41.2899 180.279
v -1465.4 41.3912 180.221
v -1465.4 41.2634 180.221
v -1465.45 41.2634 180.329
v -1465.46 41.2899 180.332
v -1465.13 41.3912 180.435
v -1465.44 41.3912 180.291
v -1465.1 41.3912 180.365
v -1465.4 41.3912 180.221
v -1465.13 41.3912 180.435
v -1465.1 41.3912 180.365
v -1465.13 41.2899 180.423
v -1465.1 41.2634 180.365
v -1465.15 41.2634 180.472
v -1465.15 41.2899 180.476
v -1466.82 41.2634 184.017
v -1467.12 41.2634 183.873
v -1466.87 41.2634 184.125
v -1467.17 41.2634 183.981
v -1466.84 41.3912 184.055
v -1466.84 41.2899 184.067
v -1466.87 41.3912 184.125
v -1466.87 41.2634 184.125
v -1466.82 41.2634 184.017
v -1466.82 41.2899 184.013
v -1467.12 41.2899 183.87
v -1467.15 41.2899 183.923
v -1467.12 41.2634 183.873
v -1467.17 41.2634 183.981
v -1467.17 41.3912 183.981
v -1467.14 41.3912 183.911
v -1466.87 41.3912 184.125
v -1466.87 41.2634 184.125
v -1467.17 41.3912 183.981
v -1467.17 41.2634 183.981
v -1467.14 41.3912 183.911
v -1466.84 41.3912 184.055
v -1467.17 41.3912 183.981
v -1466.87 41.3912 184.125
v -1465.43 41.2899 180.279
v -1465.95 41.2899 180.035
v -1465.46 41.2899 180.332
v -1465.97 41.2899 180.089
v -1467.12 41.2899 183.87
v -1467.64 41.2899 183.626
v -1467.15 41.2899 183.923
v -1467.66 41.2899 183.68
v -1464.43 41.8534 183.011
v -1464.32 41.8534 182.791
v -1464.1 41.8534 183.164
v -1464 41.8534 182.944
v -1464.32 41.7101 182.791
v -1464 41.7101 182.944
v -1464.32 41.8534 182.791
v -1464 41.8534 182.944
v -1464.43 41.7101 183.011
v -1464.32 41.7101 182.791
v -1464.43 41.8534 183.011
v -1464.32 41.8534 182.791
v -1464.19 41.7101 183.344
v -1464.33 41.7101 183.279
v -1464.19 41.7988 183.344
v -1464.33 41.7988 183.279
v -1464.24 41.7988 183.099
v -1464.1 41.7988 183.164
v -1464.33 41.7988 183.279
v -1464.19 41.7988 183.344
v -1464 41.7101 182.944
v -1464.19 41.7101 183.344
v -1464 41.8534 182.944
v -1464.1 41.8534 183.164
v -1464.1 41.7988 183.164
v -1464.19 41.7988 183.344
v -1464.25 41.7101 183.112
v -1464.24 41.7101 183.099
v -1464.25 41.7849 183.112
v -1464.24 41.7988 183.099
v -1464.33 41.7988 183.279
v -1464.29 41.7849 183.197
v -1464.33 41.7101 183.279
v -1464.29 41.7101 183.197
v -1464.24 41.7101 183.099
v -1464.43 41.7101 183.011
v -1464.24 41.7988 183.099
v -1464.43 41.8534 183.011
v -1464.1 41.8534 183.164
v -1464.1 41.7988 183.164
v -1464.29 41.7101 183.197
v -1466.02 41.7101 182.383
v -1464.29 41.7849 183.197
v -1466.02 41.7849 182.383
v -1465.98 41.7849 182.298
v -1464.25 41.7849 183.112
v -1466.02 41.7849 182.383
v -1464.29 41.7849 183.197
v -1465.98 41.7101 182.298
v -1464.25 41.7101 183.112
v -1465.98 41.7849 182.298
v -1464.25 41.7849 183.112
v -1466.13 41.7101 182.141
v -1465.94 41.7101 182.229
v -1466.13 41.7849 182.141
v -1465.94 41.8396 182.229
v -1466.27 41.8396 182.076
v -1466.27 41.7849 182.076
v -1466.05 41.7101 181.961
v -1466.13 41.7101 182.141
v -1466.05 41.7849 181.961
v -1466.13 41.7849 182.141
v -1466.37 41.7101 182.296
v -1466.19 41.7101 181.896
v -1466.37 41.8396 182.296
v -1466.27 41.8396 182.076
v -1466.27 41.7849 182.076
v -1466.19 41.7849 181.896
v -1466.13 41.7849 182.141
v -1466.27 41.7849 182.076
v -1466.05 41.7849 181.961
v -1466.19 41.7849 181.896
v -1466.19 41.7101 181.896
v -1466.05 41.7101 181.961
v -1466.19 41.7849 181.896
v -1466.05 41.7849 181.961
v -1466.02 41.7101 182.383
v -1466.05 41.7101 182.449
v -1466.02 41.7849 182.383
v -1466.05 41.8396 182.449
v -1465.94 41.8396 182.229
v -1465.98 41.7849 182.298
v -1465.94 41.7101 182.229
v -1465.98 41.7101 182.298
v -1466.05 41.7101 182.449
v -1466.37 41.7101 182.296
v -1466.05 41.8396 182.449
v -1466.37 41.8396 182.296
v -1465.94 41.8396 182.229
v -1466.05 41.8396 182.449
v -1466.27 41.8396 182.076
v -1466.37 41.8396 182.296
v -1465.43 41.2899 180.279
v -1465.44 41.3912 180.291
v -1465.95 41.2899 180.035
v -1465.97 41.7101 180.086
v -1462.73 41.7101 181.611
v -1465.13 41.3912 180.435
v -1462.71 41.2899 181.56
v -1463.21 41.2899 181.323
v -1463.22 41.3912 181.335
v -1463.36 41.2899 181.253
v -1463.37 41.3912 181.265
v -1465.13 41.2899 180.423
v -1464.4 41.7101 185.154
v -1464.19 41.7101 183.344
v -1462.73 41.7101 181.611
v -1464 41.7101 182.944
v -1467.64 41.7101 183.629
v -1466.37 41.7101 182.296
v -1466.05 41.7101 182.449
v -1464.29 41.7101 183.197
v -1464.33 41.7101 183.279
v -1466.02 41.7101 182.383
v -1465.97 41.7101 180.086
v -1466.19 41.7101 181.896
v -1464.32 41.7101 182.791
v -1464.25 41.7101 183.112
v -1465.98 41.7101 182.298
v -1464.24 41.7101 183.099
v -1464.43 41.7101 183.011
v -1466.13 41.7101 182.141
v -1466.05 41.7101 181.961
v -1465.94 41.7101 182.229
v -1467.15 41.2899 183.923
v -1467.66 41.2899 183.68
v -1467.14 41.3912 183.911
v -1467.64 41.7101 183.629
v -1464.4 41.7101 185.154
v -1466.84 41.3912 184.055
v -1466.84 41.2899 184.067
v -1465.08 41.2899 184.897
v -1465.07 41.3912 184.885
v -1464.92 41.3912 184.955
v -1464.93 41.2899 184.967
v -1464.42 41.2899 185.205
v -1463.24 41.2899 181.376
v -1462.73 41.2899 181.614
v -1463.21 41.2899 181.323
v -1462.71 41.2899 181.56
v -1467.66 41.2899 183.68
v -1467.64 41.2899 183.626
v -1467.64 41.7101 183.629
v -1467.62 41.6194 183.597
v -1465.97 41.7101 180.086
v -1465.95 41.2899 180.035
v -1465.97 41.2899 180.089
v -1465.99 41.6194 180.118
v -1462.71 41.2899 181.56
v -1462.73 41.2899 181.614
v -1462.73 41.7101 181.611
v -1462.75 41.6194 181.643
v -1464.4 41.7101 185.154
v -1464.42 41.2899 185.205
v -1464.4 41.2899 185.151
v -1464.39 41.6194 185.122
v -1464.93 41.2899 184.967
v -1464.42 41.2899 185.205
v -1464.9 41.2899 184.913
v -1464.4 41.2899 185.151
v -1465.15 41.2899 180.476
v -1463.39 41.2899 181.307
v -1465.13 41.2899 180.423
v -1463.36 41.2899 181.253
v -1466.84 41.2899 184.067
v -1465.08 41.2899 184.897
v -1466.82 41.2899 184.013
v -1465.05 41.2899 184.844
v -1463.2 41.2676 181.301
v -1463.2 41.3912 181.301
v -1463.35 41.2676 181.231
v -1463.35 41.3912 181.231
v -1463.38 41.2676 181.303
v -1463.24 41.2676 181.373
v -1463.35 41.2676 181.231
v -1463.2 41.2676 181.301
v -1463.37 41.3912 181.265
v -1463.36 41.2899 181.253
v -1463.35 41.3912 181.231
v -1463.35 41.2676 181.231
v -1463.38 41.2676 181.303
v -1463.39 41.2899 181.307
v -1463.24 41.2899 181.376
v -1463.21 41.2899 181.323
v -1463.24 41.2676 181.373
v -1463.2 41.2676 181.301
v -1463.2 41.3912 181.301
v -1463.22 41.3912 181.335
v -1463.22 41.3912 181.335
v -1463.37 41.3912 181.265
v -1463.2 41.3912 181.301
v -1463.35 41.3912 181.231
v -1464.92 41.3912 184.955
v -1464.93 41.2899 184.967
v -1464.94 41.3912 184.989
v -1464.94 41.2676 184.989
v -1464.91 41.2676 184.917
v -1464.9 41.2899 184.913
v -1464.91 41.2676 184.917
v -1465.05 41.2676 184.847
v -1464.94 41.2676 184.989
v -1465.09 41.2676 184.92
v -1465.05 41.2899 184.844
v -1465.08 41.2899 184.897
v -1465.05 41.2676 184.847
v -1465.09 41.2676 184.92
v -1465.09 41.3912 184.92
v -1465.07 41.3912 184.885
v -1465.07 41.3912 184.885
v -1464.92 41.3912 184.955
v -1465.09 41.3912 184.92
v -1464.94 41.3912 184.989
v -1464.94 41.3912 184.989
v -1464.94 41.2676 184.989
v -1465.09 41.3912 184.92
v -1465.09 41.2676 184.92
v -1465.15 41.2899 180.476
v -1465.15 41.2634 180.472
v -1463.39 41.2899 181.307
v -1463.38 41.2676 181.303
v -1463.24 41.2899 181.376
v -1463.24 41.2676 181.373
v -1462.73 41.2899 181.614
v -1462.75 41.6194 181.643
v -1462.63 41.6194 181.7
v -1462.52 41 181.662
v -1466.14 41 179.959
v -1465.45 41.2634 180.329
v -1465.99 41.6194 180.118
v -1466.11 41.6194 180.062
v -1465.97 41.2899 180.089
v -1465.46 41.2899 180.332
v -1464.39 41.6194 185.122
v -1462.75 41.6194 181.643
v -1464.27 41.6194 185.178
v -1462.63 41.6194 181.7
v -1467.12 41.2899 183.87
v -1467.12 41.2634 183.873
v -1467.64 41.2899 183.626
v -1467.62 41.6194 183.597
v -1467.74 41.6194 183.54
v -1467.85 41 183.578
v -1464.23 41 185.281
v -1466.82 41.2634 184.017
v -1464.39 41.6194 185.122
v -1464.27 41.6194 185.178
v -1464.4 41.2899 185.151
v -1464.9 41.2899 184.913
v -1464.91 41.2676 184.917
v -1465.05 41.2899 184.844
v -1465.05 41.2676 184.847
v -1466.82 41.2899 184.013
v -1466.14 41 179.959
v -1466.11 41.6194 180.062
v -1467.85 41 183.578
v -1467.74 41.6194 183.54
v -1464.23 41 185.281
v -1464.27 41.6194 185.178
v -1462.52 41 181.662
v -1462.63 41.6194 181.7
v -1464.23 41 185.281
v -1464.23 40 185.281
v -1467.85 41 183.578
v -1467.85 40 183.578
v -1467.85 41 183.578
v -1467.85 40 183.578
v -1466.14 41 179.959
v -1466.14 40 179.959
v -1466.14 41 179.959
v -1466.14 40 179.959
v -1462.52 41 181.662
v -1462.52 40 181.662
v -1462.52 41 181.662
v -1462.52 40 181.662
v -1464.23 41 185.281
v -1464.23 40 185.281
v -1465.99 41.6194 180.118
v -1467.62 41.6194 183.597
v -1466.11 41.6194 180.062
v -1467.74 41.6194 183.54
v -1489.91 41.0513 182.614
v -1489.91 41.0452 182.621
v -1489.96 41.042 182.614
v -1489.96 41.0358 182.621
v -1489.91 41.0513 182.512
v -1489.96 41.042 182.512
v -1489.96 41.0358 182.506
v -1489.91 41.0452 182.506
v -1489.96 41.0358 182.621
v -1489.96 41.0358 182.506
v -1489.96 41.042 182.614
v -1489.96 41.042 182.512
v -1489.91 41.0452 182.506
v -1489.91 41.0452 182.576
v -1489.91 41.0513 182.512
v -1489.91 41.0513 182.614
v -1489.91 41.0281 182.506
v -1489.91 41.0219 182.512
v -1489.91 41.0281 182.576
v -1489.91 41.0219 182.614
v -1489.93 41.0421 182.667
v -1489.91 41.0452 182.621
v -1489.92 41.025 182.667
v -1489.91 41.0281 182.621
v -1489.91 41.0219 182.614
v -1489.91 41.0219 182.512
v -1489.96 41.0126 182.614
v -1489.96 41.0126 182.512
v -1489.91 41.0281 182.506
v -1489.96 41.0188 182.506
v -1489.96 41.0188 182.621
v -1489.91 41.0281 182.621
v -1489.96 41.0188 182.506
v -1489.96 41.0188 182.621
v -1489.96 41.0126 182.512
v -1489.96 41.0126 182.614
v -1489.91 41.0281 182.576
v -1489.91 41.0452 182.576
v -1489.9 41.0298 182.57
v -1489.9 41.0469 182.57
v -1489.9 41.0469 182.488
v -1489.9 41.0298 182.488
v -1489.9 41.0469 182.57
v -1489.9 41.0298 182.57
v -1489.94 41.0343 182.429
v -1489.98 41.0279 182.429
v -1489.94 41.0265 182.429
v -1489.98 41.0233 182.429
v -1489.98 41.02 182.429
v -1489.98 41.0142 182.44
v -1489.99 41.0313 182.44
v -1489.98 41.0142 182.491
v -1489.99 41.0313 182.491
v -1489.97 41.0163 182.521
v -1489.98 41.0333 182.521
v -1489.97 41.0163 182.55
v -1489.98 41.0333 182.55
v -1489.97 41.0163 182.55
v -1489.98 41.0333 182.55
v -1490 41.0121 182.55
v -1490 41.0292 182.55
v -1490 41.0195 182.545
v -1490 41.0195 182.545
v -1490.01 41.0272 182.556
v -1490.01 41.0101 182.556
v -1490.06 41.0005 182.576
v -1490.06 41.0175 182.576
v -1490.08 40.9971 182.575
v -1490.08 41.0141 182.575
v -1490.08 40.9971 182.575
v -1490.08 41.0141 182.575
v -1490.08 40.9971 182.616
v -1490.08 41.0141 182.616
v -1490.08 40.9971 182.616
v -1490.08 41.0141 182.616
v -1490.07 40.9982 182.624
v -1490.07 41.0153 182.624
v -1490.06 41.0009 182.624
v -1490.06 41.018 182.624
v -1490.02 41.0073 182.613
v -1490.02 41.0243 182.613
v -1490 41.0121 182.594
v -1490 41.0292 182.594
v -1489.98 41.0146 182.594
v -1489.98 41.0317 182.594
v -1489.98 41.0146 182.594
v -1489.98 41.0317 182.594
v -1489.98 41.0153 182.598
v -1489.98 41.0324 182.598
v -1489.98 41.0324 182.598
v -1489.98 41.0324 182.646
v -1489.98 41.0153 182.598
v -1489.98 41.0153 182.646
v -1489.97 41.0164 182.667
v -1489.97 41.0335 182.667
v -1489.94 41.0263 182.44
v -1489.98 41.02 182.44
v -1489.94 41.0217 182.44
v -1489.98 41.0142 182.44
v -1489.98 41.0233 182.44
v -1489.99 41.0313 182.44
v -1489.98 41.0279 182.44
v -1489.95 41.0388 182.44
v -1489.94 41.0342 182.44
v -1489.94 41.0265 182.429
v -1489.98 41.02 182.429
v -1489.94 41.0263 182.44
v -1489.98 41.02 182.44
v -1489.94 41.0343 182.429
v -1489.94 41.0342 182.44
v -1489.98 41.0279 182.429
v -1489.98 41.0279 182.44
v -1489.98 41.0233 182.44
v -1489.98 41.0233 182.429
v -1489.94 41.0192 182.417
v -1489.9 41.0259 182.417
v -1489.94 41.0421 182.417
v -1489.91 41.0488 182.417
v -1489.9 41.0618 182.472
v -1489.91 41.0488 182.417
v -1489.89 41.0162 182.472
v -1489.9 41.0259 182.417
v -1489.9 41.0298 182.488
v -1489.9 41.0201 182.488
v -1489.94 41.0217 182.488
v -1489.94 41.012 182.488
v -1489.95 41.0524 182.472
v -1489.95 41.0381 182.472
v -1489.94 41.0421 182.417
v -1489.95 41.0388 182.44
v -1489.94 41.0067 182.472
v -1489.94 41.0192 182.417
v -1489.95 41.0211 182.472
v -1489.94 41.0217 182.44
v -1489.94 41.0342 182.44
v -1489.94 41.0343 182.429
v -1489.94 41.0265 182.429
v -1489.94 41.0263 182.44
v -1489.9 41.0618 182.472
v -1489.95 41.0524 182.472
v -1489.91 41.0488 182.417
v -1489.94 41.0421 182.417
v -1489.89 41.0162 182.472
v -1489.9 41.0259 182.417
v -1489.94 41.0067 182.472
v -1489.94 41.0192 182.417
v -1489.9 41.0566 182.488
v -1489.95 41.0485 182.488
v -1489.94 41.012 182.488
v -1489.94 41.0217 182.488
v -1489.94 41.012 182.488
v -1489.9 41.0201 182.488
v -1489.95 41.0485 182.488
v -1489.95 41.0388 182.488
v -1489.9 41.0201 182.488
v -1489.9 41.0298 182.488
v -1489.9 41.0469 182.488
v -1489.9 41.0566 182.488
v -1489.9 41.0469 182.488
v -1489.95 41.0388 182.488
v -1489.9 41.0566 182.488
v -1489.95 41.0485 182.488
v -1490.01 41.0272 182.556
v -1490 41.0195 182.545
v -1490 41.0292 182.55
v -1490 41.0121 182.55
v -1490 41.0195 182.545
v -1490.01 41.0101 182.556
v -1489.91 41.0281 182.576
v -1489.9 41.0298 182.57
v -1489.91 41.0281 182.506
v -1489.9 41.0298 182.488
v -1489.94 41.0217 182.488
v -1489.96 41.0188 182.506
v -1489.91 41.0281 182.621
v -1489.96 41.0188 182.621
v -1489.92 41.025 182.667
v -1489.97 41.0164 182.667
v -1489.98 41.0153 182.646
v -1489.98 41.0153 182.598
v -1489.98 41.0146 182.594
v -1490.08 40.9971 182.575
v -1490.08 40.9971 182.616
v -1490.06 41.0005 182.576
v -1489.94 41.0217 182.44
v -1489.98 41.0142 182.44
v -1489.95 41.0211 182.472
v -1489.98 41.0142 182.491
v -1489.97 41.0163 182.521
v -1490.07 40.9982 182.624
v -1490.06 41.0009 182.624
v -1490.02 41.0073 182.613
v -1490 41.0121 182.594
v -1489.97 41.0163 182.55
v -1489.91 41.0452 182.576
v -1489.91 41.0452 182.506
v -1489.9 41.0469 182.57
v -1489.9 41.0469 182.488
v -1489.95 41.0388 182.488
v -1489.96 41.0358 182.506
v -1489.91 41.0452 182.621
v -1489.93 41.0421 182.667
v -1489.96 41.0358 182.621
v -1489.97 41.0335 182.667
v -1489.98 41.0324 182.646
v -1489.98 41.0324 182.598
v -1489.98 41.0317 182.594
v -1489.95 41.0388 182.44
v -1489.95 41.0381 182.472
v -1489.99 41.0313 182.44
v -1489.99 41.0313 182.491
v -1489.98 41.0333 182.521
v -1490.08 41.0141 182.575
v -1490.06 41.0175 182.576
v -1490.08 41.0141 182.616
v -1490.07 41.0153 182.624
v -1490.06 41.018 182.624
v -1490.02 41.0243 182.613
v -1490 41.0292 182.594
v -1489.98 41.0333 182.55
v -1489.97 41.0164 182.667
v -1489.97 41.0335 182.667
v -1489.92 41.025 182.667
v -1489.93 41.0421 182.667
v -1489.91 41.0298 182.417
v -1489.91 41.0298 181.98
v -1489.92 41.0284 182.417
v -1489.92 41.0284 181.98
v -1489.92 41.0343 182.417
v -1489.92 41.0343 181.98
v -1489.92 41.0417 182.417
v -1489.92 41.0417 181.98
v -1489.91 41.0431 182.417
v -1489.91 41.0431 181.98
v -1489.91 41.0371 182.417
v -1489.91 41.0371 181.98
v -1489.9 41.0374 181.934
v -1489.91 41.0445 181.934
v -1489.91 41.0286 181.934
v -1489.92 41.027 181.934
v -1489.92 41.0341 181.934
v -1489.92 41.0428 181.934
v -1489.91 41.0286 181.976
v -1489.91 41.0298 181.98
v -1489.9 41.0374 181.976
v -1489.91 41.0371 181.98
v -1489.92 41.027 181.976
v -1489.92 41.0284 181.98
v -1489.92 41.0341 181.976
v -1489.92 41.0343 181.98
v -1489.92 41.0428 181.976
v -1489.92 41.0417 181.98
v -1489.91 41.0445 181.976
v -1489.91 41.0431 181.98
v -1489.9 41.0374 181.976
v -1489.9 41.0374 181.934
v -1489.91 41.0286 181.976
v -1489.91 41.0286 181.934
v -1489.92 41.027 181.976
v -1489.92 41.027 181.934
v -1489.92 41.0341 181.976
v -1489.92 41.0341 181.934
v -1489.92 41.0428 181.976
v -1489.92 41.0428 181.934
v -1489.91 41.0445 181.976
v -1489.91 41.0445 181.934
v -1489.94 41.0243 182.417
v -1489.94 41.0243 182.022
v -1489.95 41.0229 182.417
v -1489.95 41.0229 182.022
v -1489.95 41.0289 182.417
v -1489.95 41.0289 182.022
v -1489.95 41.0362 182.417
v -1489.95 41.0362 182.022
v -1489.94 41.0376 182.417
v -1489.94 41.0376 182.022
v -1489.94 41.0317 182.417
v -1489.94 41.0317 182.022
v -1489.94 41.0318 181.974
v -1489.94 41.0384 181.974
v -1489.94 41.0237 181.974
v -1489.95 41.0222 181.974
v -1489.95 41.0287 181.974
v -1489.95 41.0368 181.974
v -1489.94 41.0232 182.02
v -1489.94 41.0243 182.022
v -1489.93 41.032 182.02
v -1489.94 41.0317 182.022
v -1489.95 41.0215 182.02
v -1489.95 41.0229 182.022
v -1489.95 41.0286 182.02
v -1489.95 41.0289 182.022
v -1489.95 41.0374 182.02
v -1489.95 41.0362 182.022
v -1489.94 41.0391 182.02
v -1489.94 41.0376 182.022
v -1489.93 41.032 182.02
v -1489.93 41.032 181.992
v -1489.94 41.0232 182.02
v -1489.94 41.0232 181.992
v -1489.95 41.0215 182.02
v -1489.95 41.0215 181.992
v -1489.95 41.0286 182.02
v -1489.95 41.0286 181.992
v -1489.95 41.0374 182.02
v -1489.95 41.0374 181.992
v -1489.94 41.0391 182.02
v -1489.94 41.0391 181.992
v -1489.93 41.032 181.992
v -1489.94 41.0315 181.982
v -1489.94 41.0232 181.992
v -1489.94 41.0251 181.982
v -1489.95 41.0215 181.992
v -1489.95 41.0238 181.982
v -1489.95 41.0286 181.992
v -1489.95 41.0291 181.982
v -1489.95 41.0374 181.992
v -1489.95 41.0355 181.982
v -1489.94 41.0391 181.992
v -1489.94 41.0368 181.982
v -1489.94 41.0237 181.974
v -1489.94 41.0251 181.982
v -1489.94 41.0318 181.974
v -1489.94 41.0315 181.982
v -1489.95 41.0222 181.974
v -1489.95 41.0238 181.982
v -1489.95 41.0287 181.974
v -1489.95 41.0291 181.982
v -1489.95 41.0368 181.974
v -1489.95 41.0355 181.982
v -1489.94 41.0384 181.974
v -1489.94 41.0368 181.982
v -1489.95 41.0379 182.44
v -1489.95 41.0362 182.417
v -1489.94 41.0397 182.44
v -1489.94 41.0376 182.417
v -1489.95 41.0285 182.44
v -1489.95 41.0289 182.417
v -1489.95 41.0209 182.44
v -1489.95 41.0229 182.417
v -1489.94 41.0227 182.44
v -1489.94 41.0243 182.417
v -1489.93 41.0321 182.44
v -1489.94 41.0317 182.417
v -1489.92 41.035 182.175
v -1489.92 41.0327 182.417
v -1489.92 41.0373 182.417
v -1489.94 41.0287 182.417
v -1489.94 41.031 182.175
v -1489.94 41.0333 182.417
v -1489.94 41.031 182.175
v -1489.92 41.035 182.175
v -1489.94 41.0333 182.417
v -1489.92 41.0373 182.417
v -1489.94 41.0287 182.417
v -1489.92 41.0327 182.417
v -1489.94 41.031 182.175
v -1489.92 41.035 182.175
v -1489.97 41.024 182.52
v -1489.98 41.022 182.49
v -1489.98 41.0228 182.513
v -1489.97 41.0242 182.539
v -1489.98 41.0229 182.547
v -1489.97 41.0241 182.553
v -1490 41.0186 182.552
v -1489.99 41.0205 182.547
v -1490 41.0193 182.541
v -1490 41.0187 182.52
v -1490 41.0193 182.521
v -1489.99 41.0206 182.513
v -1489.97 41.0254 182.52
v -1489.98 41.0243 182.513
v -1489.98 41.0235 182.49
v -1489.97 41.0257 182.539
v -1489.97 41.0256 182.553
v -1489.98 41.0244 182.547
v -1490 41.0201 182.552
v -1489.99 41.0219 182.547
v -1490 41.0208 182.541
v -1490 41.0201 182.52
v -1490 41.0208 182.521
v -1489.99 41.022 182.513
v -1490.02 41.0083 182.797
v -1490.01 41.0086 182.787
v -1490.02 41.0254 182.797
v -1490.02 41.0257 182.787
v -1490.01 41.0095 182.802
v -1490.02 41.0083 182.797
v -1490.01 41.0266 182.802
v -1490.02 41.0254 182.797
v -1489.96 41.0186 182.806
v -1489.98 41.0149 182.801
v -1489.96 41.0356 182.806
v -1489.98 41.0319 182.801
v -1489.91 41.0273 182.839
v -1489.92 41.0267 182.843
v -1489.91 41.0444 182.839
v -1489.92 41.0438 182.843
v -1489.91 41.0276 182.819
v -1489.91 41.0447 182.819
v -1489.9 41.0295 182.793
v -1489.9 41.0466 182.793
v -1489.89 41.0316 182.78
v -1489.89 41.0487 182.78
v -1489.89 41.0316 182.77
v -1489.89 41.0487 182.77
v -1489.91 41.027 182.729
v -1489.92 41.044 182.729
v -1489.98 41.0155 182.721
v -1489.97 41.0164 182.667
v -1489.98 41.0325 182.721
v -1489.97 41.0335 182.667
v -1489.99 41.0133 182.752
v -1489.99 41.0304 182.752
v -1490.01 41.0086 182.787
v -1490.02 41.0257 182.787
v -1489.98 41.0149 182.801
v -1490.01 41.0095 182.802
v -1489.98 41.0319 182.801
v -1490.01 41.0266 182.802
v -1489.94 41.0218 182.818
v -1489.96 41.0186 182.806
v -1489.95 41.0388 182.818
v -1489.96 41.0356 182.806
v -1489.92 41.0255 182.843
v -1489.92 41.0426 182.843
v -1489.92 41.0267 182.843
v -1489.92 41.0255 182.843
v -1489.92 41.0438 182.843
v -1489.92 41.0426 182.843
v -1489.92 41.025 182.698
v -1489.93 41.0421 182.698
v -1489.92 41.025 182.667
v -1489.97 41.0164 182.667
v -1489.92 41.025 182.698
v -1489.98 41.0155 182.721
v -1489.91 41.027 182.729
v -1489.99 41.0133 182.752
v -1489.89 41.0316 182.77
v -1489.89 41.0316 182.78
v -1489.9 41.0295 182.793
v -1489.91 41.0276 182.819
v -1489.98 41.0149 182.801
v -1490.01 41.0086 182.787
v -1489.92 41.0267 182.843
v -1489.91 41.0273 182.839
v -1489.92 41.0255 182.843
v -1489.94 41.0218 182.818
v -1490.02 41.0083 182.797
v -1490.01 41.0095 182.802
v -1489.96 41.0186 182.806
v -1489.93 41.0421 182.667
v -1489.93 41.0421 182.698
v -1489.97 41.0335 182.667
v -1489.98 41.0325 182.721
v -1489.92 41.044 182.729
v -1489.99 41.0304 182.752
v -1489.89 41.0487 182.77
v -1489.89 41.0487 182.78
v -1489.9 41.0466 182.793
v -1489.91 41.0447 182.819
v -1489.96 41.0356 182.806
v -1490.02 41.0254 182.797
v -1490.02 41.0257 182.787
v -1490.01 41.0266 182.802
v -1489.98 41.0319 182.801
v -1489.92 41.0438 182.843
v -1489.92 41.0426 182.843
v -1489.91 41.0444 182.839
v -1489.95 41.0388 182.818
v -1489.92 41.025 182.667
v -1489.93 41.0421 182.667
v -1489.92 41.025 182.667
v -1489.93 41.0421 182.667
v -1489.97 41.0164 182.667
v -1489.97 41.0335 182.667
v -1486.62 40.9657 195.853
v -1486.64 40.9443 195.825
v -1486.65 40.9227 195.837
v -1486.63 40.9624 195.888
v -1486.66 40.9322 195.834
v -1486.64 40.9443 195.825
v -1486.62 40.9657 195.853
v -1486.64 40.9713 195.885
v -1486.66 40.9322 195.834
v -1486.65 40.9227 195.837
v -1486.64 40.9443 195.825
v -1486.63 40.9624 195.888
v -1486.64 40.9713 195.885
v -1486.62 40.9657 195.853
v -1486.38 41.3858 196.451
v -1486.39 41.3735 196.437
v -1486.39 41.3592 196.45
v -1486.38 41.3745 196.47
v -1486.42 41.3878 196.44
v -1486.4 41.3878 196.432
v -1486.39 41.4024 196.445
v -1486.41 41.4082 196.458
v -1486.42 41.3745 196.451
v -1486.41 41.3986 196.479
v -1486.41 41.3602 196.456
v -1486.4 41.3817 196.485
v -1486.4 41.4236 196.464
v -1486.39 41.4256 196.488
v -1486.37 41.3897 196.48
v -1486.37 41.4076 196.494
v -1486.34 41.3984 196.468
v -1486.36 41.3945 196.445
v -1486.38 41.416 196.437
v -1486.38 41.4413 196.453
v -1486.36 41.4451 196.476
v -1486.35 41.4237 196.484
v -1486.68 40.9342 195.899
v -1486.69 40.9128 195.87
v -1486.68 40.9247 195.845
v -1486.65 40.9625 195.898
v -1486.67 40.9152 195.848
v -1486.69 40.9128 195.87
v -1486.68 40.9342 195.899
v -1486.65 40.9535 195.901
v -1486.67 40.9152 195.848
v -1486.68 40.9247 195.845
v -1486.69 40.9128 195.87
v -1486.65 40.9625 195.898
v -1486.65 40.9535 195.901
v -1486.68 40.9342 195.899
v -1486.62 41.0144 195.935
v -1486.6 41.0019 195.939
v -1486.63 41.0144 195.942
v -1486.64 41.0019 195.953
v -1486.63 40.9895 195.957
v -1486.61 40.9895 195.95
v -1486.36 41.3772 196.434
v -1486.36 41.3945 196.445
v -1486.34 41.3984 196.468
v -1486.33 41.3837 196.473
v -1486.38 41.416 196.437
v -1486.39 41.4134 196.421
v -1486.38 41.4413 196.453
v -1486.4 41.456 196.448
v -1486.37 41.4624 196.487
v -1486.36 41.4451 196.476
v -1486.35 41.4237 196.484
v -1486.36 41.4451 196.476
v -1486.33 41.4263 196.5
v -1486.36 41.3772 196.434
v -1486.33 41.3837 196.473
v -1486.32 41.381 196.47
v -1486.35 41.3733 196.424
v -1486.39 41.4134 196.421
v -1486.39 41.416 196.408
v -1486.4 41.456 196.448
v -1486.4 41.4663 196.44
v -1486.37 41.4624 196.487
v -1486.36 41.4739 196.486
v -1486.33 41.4263 196.5
v -1486.32 41.4312 196.501
v -1486.31 41.3884 196.459
v -1486.34 41.3808 196.413
v -1486.38 41.4234 196.398
v -1486.38 41.4737 196.429
v -1486.35 41.4813 196.475
v -1486.31 41.4387 196.49
v -1486.31 41.3987 196.451
v -1486.34 41.3923 196.412
v -1486.37 41.4284 196.399
v -1486.37 41.471 196.426
v -1486.34 41.4774 196.465
v -1486.31 41.4413 196.478
v -1486.32 41.4173 196.445
v -1486.34 41.4141 196.426
v -1486.34 41.3923 196.412
v -1486.31 41.3987 196.451
v -1486.35 41.4317 196.419
v -1486.37 41.4284 196.399
v -1486.35 41.4524 196.432
v -1486.37 41.471 196.426
v -1486.34 41.4556 196.451
v -1486.34 41.4774 196.465
v -1486.32 41.438 196.458
v -1486.31 41.4413 196.478
v -1486.31 41.4382 196.425
v -1486.32 41.4368 196.416
v -1486.34 41.4141 196.426
v -1486.32 41.4173 196.445
v -1486.33 41.4446 196.414
v -1486.35 41.4317 196.419
v -1486.33 41.4538 196.419
v -1486.35 41.4524 196.432
v -1486.32 41.4552 196.428
v -1486.34 41.4556 196.451
v -1486.31 41.4474 196.431
v -1486.32 41.438 196.458
v -1486.28 41.473 196.383
v -1486.64 40.9654 195.948
v -1486.66 40.9881 195.94
v -1486.65 41.0107 195.919
v -1486.62 41.0107 195.907
v -1486.6 40.9881 195.915
v -1486.61 40.9654 195.935
v -1486.6 40.9881 195.915
v -1486.63 40.9743 195.938
v -1486.64 40.9654 195.948
v -1486.61 40.9654 195.935
v -1486.61 40.9841 195.923
v -1486.64 40.9914 195.931
v -1486.66 40.9881 195.94
v -1486.65 41.0107 195.919
v -1486.63 41.0012 195.917
v -1486.62 41.0107 195.907
v -1486.68 40.9134 195.808
v -1486.66 40.9322 195.834
v -1486.64 40.9713 195.885
v -1486.63 41.0012 195.917
v -1486.63 40.9624 195.888
v -1486.61 40.9841 195.923
v -1486.65 40.9227 195.837
v -1486.67 40.9017 195.812
v -1486.67 40.9017 195.812
v -1486.65 40.9198 195.84
v -1486.63 40.9569 195.892
v -1486.61 40.9841 195.923
v -1486.64 40.9518 195.899
v -1486.63 40.9743 195.938
v -1486.66 40.9144 195.847
v -1486.68 40.8949 195.822
v -1486.68 40.8949 195.822
v -1486.67 40.9152 195.848
v -1486.65 40.9535 195.901
v -1486.63 40.9743 195.938
v -1486.65 40.9625 195.898
v -1486.64 40.9914 195.931
v -1486.68 40.9247 195.845
v -1486.69 40.9067 195.818
v -1486.69 40.9067 195.818
v -1486.68 40.9272 195.843
v -1486.65 40.9673 195.894
v -1486.64 40.9914 195.931
v -1486.65 40.9725 195.887
v -1486.63 41.0012 195.917
v -1486.67 40.9327 195.835
v -1486.68 40.9134 195.808
v -1486.69 40.8725 195.772
v -1486.69 40.8725 195.772
v -1486.65 40.9725 195.887
v -1486.65 40.9673 195.894
v -1486.68 40.9773 195.867
v -1486.68 40.9272 195.843
v -1486.67 40.9327 195.835
v -1486.69 40.9559 195.838
v -1486.68 40.9272 195.843
v -1486.69 40.9559 195.838
v -1486.68 40.9773 195.867
v -1486.65 40.9673 195.894
v -1486.68 40.9773 195.867
v -1486.69 40.9559 195.838
v -1486.67 40.9327 195.835
v -1486.65 40.9725 195.887
v -1486.64 40.9518 195.899
v -1486.63 40.9569 195.892
v -1486.63 40.9227 195.886
v -1486.65 40.9198 195.84
v -1486.66 40.9144 195.847
v -1486.64 40.9012 195.857
v -1486.65 40.9198 195.84
v -1486.64 40.9012 195.857
v -1486.63 40.9227 195.886
v -1486.63 40.9569 195.892
v -1486.63 40.9227 195.886
v -1486.64 40.9012 195.857
v -1486.66 40.9144 195.847
v -1486.64 40.9518 195.899
v -1482.98 40.9779 197.342
v -1482.98 40.9738 197.38
v -1482.97 41.0018 197.391
v -1482.97 41.0077 197.323
v -1482.99 41.0017 197.391
v -1482.98 40.9738 197.38
v -1482.98 40.9779 197.342
v -1482.98 41.0076 197.323
v -1482.99 41.0017 197.391
v -1482.97 41.0018 197.391
v -1482.98 40.9738 197.38
v -1482.97 41.0077 197.323
v -1482.98 41.0076 197.323
v -1482.98 40.9779 197.342
v -1482.97 41.0807 196.578
v -1482.97 41.082 196.6
v -1482.96 41.0992 196.602
v -1482.95 41.0987 196.573
v -1483 41.0992 196.602
v -1482.99 41.082 196.6
v -1482.99 41.0807 196.578
v -1483 41.0987 196.573
v -1482.99 41.1141 196.603
v -1482.99 41.116 196.565
v -1482.97 41.1141 196.603
v -1482.97 41.116 196.565
v -1483 41.0895 196.554
v -1482.99 41.0969 196.532
v -1482.95 41.0899 196.551
v -1482.97 41.0969 196.532
v -1482.95 41.065 196.545
v -1482.96 41.0622 196.571
v -1482.99 41.0622 196.571
v -1483.01 41.065 196.545
v -1482.99 41.0679 196.519
v -1482.96 41.0679 196.519
v -1482.98 41.0539 197.35
v -1482.98 41.0498 197.388
v -1482.99 41.0198 197.393
v -1482.98 41.029 197.326
v -1482.97 41.0199 197.393
v -1482.98 41.0498 197.388
v -1482.98 41.0539 197.35
v -1482.97 41.0291 197.326
v -1482.97 41.0199 197.393
v -1482.99 41.0198 197.393
v -1482.98 41.0498 197.388
v -1482.98 41.029 197.326
v -1482.97 41.0291 197.326
v -1482.98 41.0539 197.35
v -1482.99 41.0112 197.253
v -1482.97 41.0112 197.253
v -1483 41.0261 197.255
v -1482.99 41.0411 197.257
v -1482.97 41.0411 197.257
v -1482.96 41.0261 197.255
v -1482.95 41.0602 196.588
v -1482.96 41.0622 196.571
v -1482.95 41.065 196.545
v -1482.93 41.065 196.545
v -1482.99 41.0622 196.571
v -1483 41.0602 196.588
v -1483.01 41.065 196.545
v -1483.03 41.065 196.545
v -1483 41.0698 196.502
v -1482.99 41.0679 196.519
v -1482.96 41.0679 196.519
v -1482.99 41.0679 196.519
v -1482.95 41.0698 196.502
v -1482.95 41.0602 196.588
v -1482.93 41.065 196.545
v -1482.92 41.0559 196.544
v -1482.95 41.0502 196.595
v -1483 41.0602 196.588
v -1483.01 41.0502 196.595
v -1483.03 41.065 196.545
v -1483.04 41.0559 196.544
v -1483 41.0698 196.502
v -1483.01 41.0616 196.493
v -1482.95 41.0698 196.502
v -1482.95 41.0616 196.493
v -1482.92 41.0379 196.542
v -1482.95 41.0323 196.593
v -1483.01 41.0323 196.593
v -1483.04 41.0379 196.542
v -1483.01 41.0436 196.491
v -1482.95 41.0436 196.491
v -1482.93 41.0288 196.541
v -1482.95 41.024 196.584
v -1483 41.024 196.584
v -1483.03 41.0288 196.541
v -1483 41.0336 196.498
v -1482.95 41.0336 196.498
v -1482.95 41.0288 196.541
v -1482.97 41.0265 196.562
v -1482.95 41.024 196.584
v -1482.93 41.0288 196.541
v -1482.99 41.0265 196.562
v -1483 41.024 196.584
v -1483 41.0288 196.541
v -1483.03 41.0288 196.541
v -1482.99 41.0311 196.52
v -1483 41.0336 196.498
v -1482.97 41.0311 196.52
v -1482.95 41.0336 196.498
v -1482.97 41.0019 196.538
v -1482.97 41.0009 196.547
v -1482.97 41.0265 196.562
v -1482.95 41.0288 196.541
v -1482.98 41.0009 196.547
v -1482.99 41.0265 196.562
v -1482.99 41.0019 196.538
v -1483 41.0288 196.541
v -1482.98 41.0029 196.529
v -1482.99 41.0311 196.52
v -1482.97 41.0029 196.529
v -1482.97 41.0311 196.52
v -1482.98 40.937 196.531
v -1482.96 41.0507 197.282
v -1482.99 41.0507 197.282
v -1483.01 41.0234 197.279
v -1482.99 40.9961 197.276
v -1482.96 40.9961 197.276
v -1482.95 41.0234 197.279
v -1482.96 40.9961 197.276
v -1482.97 41.0353 197.281
v -1482.96 41.0507 197.282
v -1482.95 41.0234 197.279
v -1482.97 41.0117 197.278
v -1482.99 41.0351 197.281
v -1482.99 41.0507 197.282
v -1483.01 41.0234 197.279
v -1482.99 41.0115 197.278
v -1482.99 40.9961 197.276
v -1482.99 40.9988 197.426
v -1482.99 41.0017 197.391
v -1482.98 41.0076 197.323
v -1482.99 41.0115 197.278
v -1482.97 41.0077 197.323
v -1482.97 41.0117 197.278
v -1482.97 41.0018 197.391
v -1482.97 40.9989 197.426
v -1482.97 40.9989 197.426
v -1482.97 41.0043 197.392
v -1482.97 41.0122 197.324
v -1482.97 41.0117 197.278
v -1482.97 41.0245 197.325
v -1482.97 41.0353 197.281
v -1482.97 41.0173 197.393
v -1482.97 41.0152 197.427
v -1482.97 41.0152 197.427
v -1482.97 41.0199 197.393
v -1482.97 41.0291 197.326
v -1482.97 41.0353 197.281
v -1482.98 41.029 197.326
v -1482.99 41.0351 197.281
v -1482.99 41.0198 197.393
v -1482.99 41.0151 197.427
v -1482.99 41.0151 197.427
v -1482.99 41.0174 197.393
v -1482.99 41.0247 197.325
v -1482.99 41.0351 197.281
v -1482.99 41.0121 197.323
v -1482.99 41.0115 197.278
v -1482.99 41.0042 197.392
v -1482.99 40.9988 197.426
v -1482.98 41.0008 197.482
v -1482.98 41.0008 197.482
v -1482.99 41.0121 197.323
v -1482.99 41.0247 197.325
v -1483.02 41.0159 197.346
v -1482.99 41.0174 197.393
v -1482.99 41.0042 197.392
v -1483.02 41.0118 197.384
v -1482.99 41.0174 197.393
v -1483.02 41.0118 197.384
v -1483.02 41.0159 197.346
v -1482.99 41.0247 197.325
v -1483.02 41.0159 197.346
v -1483.02 41.0118 197.384
v -1482.99 41.0042 197.392
v -1482.99 41.0121 197.323
v -1482.97 41.0245 197.325
v -1482.97 41.0122 197.324
v -1482.94 41.0159 197.346
v -1482.97 41.0043 197.392
v -1482.97 41.0173 197.393
v -1482.94 41.0118 197.384
v -1482.97 41.0043 197.392
v -1482.94 41.0118 197.384
v -1482.94 41.0159 197.346
v -1482.97 41.0122 197.324
v -1482.94 41.0159 197.346
v -1482.94 41.0118 197.384
v -1482.97 41.0173 197.393
v -1482.97 41.0245 197.325
v -1465.71 43.4685 187.282
v -1465.75 43.4802 187.267
v -1465.76 43.4926 187.29
v -1465.7 43.471 187.316
v -1465.76 43.5031 187.285
v -1465.75 43.4802 187.267
v -1465.71 43.4685 187.282
v -1465.7 43.481 187.311
v -1465.76 43.5031 187.285
v -1465.76 43.4926 187.29
v -1465.75 43.4802 187.267
v -1465.7 43.471 187.316
v -1465.7 43.481 187.311
v -1465.71 43.4685 187.282
v -1465.06 43.2317 187.612
v -1465.08 43.2414 187.606
v -1465.09 43.2423 187.624
v -1465.06 43.2287 187.634
v -1465.07 43.2743 187.609
v -1465.07 43.2573 187.598
v -1465.05 43.2502 187.603
v -1465.04 43.2663 187.616
v -1465.08 43.274 187.625
v -1465.04 43.2624 187.638
v -1465.08 43.2581 187.633
v -1465.05 43.2436 187.647
v -1465.02 43.2566 187.613
v -1465.01 43.242 187.631
v -1465.04 43.2153 187.634
v -1465.02 43.2219 187.641
v -1465.04 43.1973 187.616
v -1465.05 43.2172 187.6
v -1465.04 43.2412 187.588
v -1465.01 43.2453 187.593
v -1464.99 43.2254 187.609
v -1465.01 43.2014 187.621
v -1465.73 43.5082 187.346
v -1465.76 43.5198 187.33
v -1465.76 43.5126 187.3
v -1465.7 43.4921 187.329
v -1465.77 43.5021 187.305
v -1465.76 43.5198 187.33
v -1465.73 43.5082 187.346
v -1465.71 43.4822 187.334
v -1465.77 43.5021 187.305
v -1465.76 43.5126 187.3
v -1465.76 43.5198 187.33
v -1465.7 43.4921 187.329
v -1465.71 43.4822 187.334
v -1465.73 43.5082 187.346
v -1465.64 43.4592 187.335
v -1465.64 43.4454 187.342
v -1465.64 43.474 187.344
v -1465.64 43.4748 187.36
v -1465.65 43.461 187.367
v -1465.65 43.4462 187.358
v -1465.07 43.2144 187.597
v -1465.05 43.2172 187.6
v -1465.04 43.1973 187.616
v -1465.05 43.1809 187.624
v -1465.04 43.2412 187.588
v -1465.05 43.2548 187.577
v -1465.01 43.2453 187.593
v -1465 43.2617 187.585
v -1464.97 43.2282 187.612
v -1464.99 43.2254 187.609
v -1465.01 43.2014 187.621
v -1464.99 43.2254 187.609
v -1465 43.1878 187.632
v -1465.07 43.2144 187.597
v -1465.05 43.1809 187.624
v -1465.05 43.1689 187.62
v -1465.08 43.2084 187.588
v -1465.05 43.2548 187.577
v -1465.05 43.2561 187.565
v -1465 43.2617 187.585
v -1464.99 43.2642 187.574
v -1464.97 43.2282 187.612
v -1464.96 43.2246 187.606
v -1465 43.1878 187.632
v -1464.99 43.177 187.629
v -1465.05 43.1595 187.605
v -1465.08 43.1991 187.573
v -1465.05 43.2468 187.55
v -1464.99 43.2549 187.559
v -1464.96 43.2153 187.591
v -1464.99 43.1676 187.614
v -1465.04 43.162 187.594
v -1465.06 43.1956 187.566
v -1465.04 43.2359 187.547
v -1464.99 43.2428 187.555
v -1464.97 43.2093 187.582
v -1464.99 43.1689 187.601
v -1465.03 43.1828 187.584
v -1465.04 43.1991 187.57
v -1465.06 43.1956 187.566
v -1465.04 43.162 187.594
v -1465.03 43.2187 187.561
v -1465.04 43.2359 187.547
v -1465 43.2221 187.565
v -1464.99 43.2428 187.555
v -1464.99 43.2058 187.578
v -1464.97 43.2093 187.582
v -1465 43.1861 187.587
v -1464.99 43.1689 187.601
v -1465.02 43.1797 187.556
v -1465.02 43.1869 187.55
v -1465.04 43.1991 187.57
v -1465.03 43.1828 187.584
v -1465.02 43.1956 187.546
v -1465.03 43.2187 187.561
v -1465.01 43.1971 187.547
v -1465 43.2221 187.565
v -1465 43.1899 187.553
v -1464.99 43.2058 187.578
v -1465 43.1811 187.557
v -1465 43.1861 187.587
v -1465 43.1545 187.497
v -1465.68 43.4692 187.37
v -1465.66 43.4946 187.358
v -1465.65 43.493 187.329
v -1465.65 43.4661 187.312
v -1465.67 43.4407 187.324
v -1465.68 43.4423 187.353
v -1465.67 43.4407 187.324
v -1465.67 43.464 187.356
v -1465.68 43.4692 187.37
v -1465.68 43.4423 187.353
v -1465.67 43.4517 187.336
v -1465.66 43.4829 187.347
v -1465.66 43.4946 187.358
v -1465.65 43.493 187.329
v -1465.66 43.4706 187.327
v -1465.65 43.4661 187.312
v -1465.79 43.5153 187.272
v -1465.76 43.5031 187.285
v -1465.7 43.481 187.311
v -1465.66 43.4706 187.327
v -1465.7 43.471 187.316
v -1465.67 43.4517 187.336
v -1465.76 43.4926 187.29
v -1465.79 43.5022 187.278
v -1465.79 43.5022 187.278
v -1465.77 43.4917 187.293
v -1465.71 43.4696 187.322
v -1465.67 43.4517 187.336
v -1465.71 43.476 187.332
v -1465.67 43.464 187.356
v -1465.77 43.4985 187.304
v -1465.8 43.5107 187.292
v -1465.8 43.5107 187.292
v -1465.77 43.5021 187.305
v -1465.71 43.4822 187.334
v -1465.67 43.464 187.356
v -1465.7 43.4921 187.329
v -1465.66 43.4829 187.347
v -1465.76 43.5126 187.3
v -1465.79 43.5238 187.285
v -1465.79 43.5238 187.285
v -1465.76 43.5132 187.297
v -1465.7 43.4931 187.324
v -1465.66 43.4829 187.347
v -1465.7 43.4866 187.314
v -1465.66 43.4706 187.327
v -1465.76 43.5063 187.286
v -1465.79 43.5153 187.272
v -1465.84 43.5306 187.259
v -1465.84 43.5306 187.259
v -1465.7 43.4866 187.314
v -1465.7 43.4931 187.324
v -1465.7 43.5189 187.299
v -1465.76 43.5132 187.297
v -1465.76 43.5063 187.286
v -1465.74 43.5305 187.284
v -1465.76 43.5132 187.297
v -1465.74 43.5305 187.284
v -1465.7 43.5189 187.299
v -1465.7 43.4931 187.324
v -1465.7 43.5189 187.299
v -1465.74 43.5305 187.284
v -1465.76 43.5063 187.286
v -1465.7 43.4866 187.314
v -1465.71 43.476 187.332
v -1465.71 43.4696 187.322
v -1465.74 43.4578 187.329
v -1465.77 43.4917 187.293
v -1465.77 43.4985 187.304
v -1465.77 43.4695 187.313
v -1465.77 43.4917 187.293
v -1465.77 43.4695 187.313
v -1465.74 43.4578 187.329
v -1465.71 43.4696 187.322
v -1465.74 43.4578 187.329
v -1465.77 43.4695 187.313
v -1465.77 43.4985 187.304
v -1465.71 43.476 187.332
v -1490.97 41.4571 182.175
v -1490.99 41.4818 182.191
v -1490.99 41.5096 182.179
v -1490.94 41.4638 182.152
v -1491 41.5055 182.171
v -1490.99 41.4818 182.191
v -1490.97 41.4571 182.175
v -1490.95 41.4599 182.144
v -1491 41.5055 182.171
v -1490.99 41.5096 182.179
v -1490.99 41.4818 182.191
v -1490.94 41.4638 182.152
v -1490.95 41.4599 182.144
v -1490.97 41.4571 182.175
v -1490.46 40.9718 181.86
v -1490.48 40.9875 181.865
v -1490.46 41.0026 181.86
v -1490.44 40.9824 181.853
v -1490.49 40.9903 181.835
v -1490.49 40.9814 181.853
v -1490.48 40.9646 181.845
v -1490.48 40.9678 181.823
v -1490.48 41.0038 181.831
v -1490.46 40.9765 181.816
v -1490.47 41.01 181.844
v -1490.44 40.9837 181.831
v -1490.47 40.9485 181.823
v -1490.44 40.9408 181.818
v -1490.43 40.9617 181.853
v -1490.43 40.9486 181.834
v -1490.43 40.9437 181.872
v -1490.46 40.9558 181.873
v -1490.48 40.9465 181.854
v -1490.48 40.9251 181.834
v -1490.45 40.913 181.833
v -1490.43 40.9223 181.852
v -1490.95 41.5102 182.125
v -1490.97 41.5348 182.14
v -1490.99 41.5182 182.159
v -1490.95 41.4748 182.13
v -1490.98 41.5223 182.167
v -1490.97 41.5348 182.14
v -1490.95 41.5102 182.125
v -1490.94 41.4788 182.138
v -1490.98 41.5223 182.167
v -1490.99 41.5182 182.159
v -1490.97 41.5348 182.14
v -1490.95 41.4748 182.13
v -1490.94 41.4788 182.138
v -1490.95 41.5102 182.125
v -1490.91 41.4107 182.117
v -1490.9 41.4161 182.128
v -1490.91 41.4185 182.102
v -1490.9 41.4316 182.097
v -1490.89 41.437 182.108
v -1490.89 41.4292 182.124
v -1490.46 40.9704 181.886
v -1490.46 40.9558 181.873
v -1490.43 40.9437 181.872
v -1490.42 40.95 181.885
v -1490.48 40.9465 181.854
v -1490.5 40.9548 181.854
v -1490.48 40.9251 181.834
v -1490.49 40.9188 181.821
v -1490.45 40.8984 181.819
v -1490.45 40.913 181.833
v -1490.43 40.9223 181.852
v -1490.45 40.913 181.833
v -1490.41 40.914 181.851
v -1490.46 40.9704 181.886
v -1490.42 40.95 181.885
v -1490.42 40.9465 181.897
v -1490.47 40.9705 181.898
v -1490.5 40.9548 181.854
v -1490.51 40.9521 181.861
v -1490.49 40.9188 181.821
v -1490.5 40.9096 181.821
v -1490.45 40.8984 181.819
v -1490.45 40.8855 181.819
v -1490.41 40.914 181.851
v -1490.4 40.9039 181.857
v -1490.42 40.9339 181.909
v -1490.47 40.958 181.91
v -1490.52 40.9396 181.873
v -1490.51 40.897 181.833
v -1490.45 40.8729 181.831
v -1490.41 40.8914 181.869
v -1490.43 40.9247 181.909
v -1490.48 40.9451 181.91
v -1490.51 40.9295 181.878
v -1490.5 40.8935 181.845
v -1490.46 40.8731 181.843
v -1490.42 40.8887 181.875
v -1490.45 40.9167 181.892
v -1490.47 40.9266 181.893
v -1490.48 40.9451 181.91
v -1490.43 40.9247 181.909
v -1490.49 40.919 181.878
v -1490.51 40.9295 181.878
v -1490.48 40.9015 181.861
v -1490.5 40.8935 181.845
v -1490.46 40.8916 181.861
v -1490.46 40.8731 181.843
v -1490.44 40.8992 181.876
v -1490.42 40.8887 181.875
v -1490.47 40.8937 181.902
v -1490.48 40.8981 181.902
v -1490.47 40.9266 181.893
v -1490.45 40.9167 181.892
v -1490.48 40.8947 181.895
v -1490.49 40.919 181.878
v -1490.48 40.8869 181.888
v -1490.48 40.9015 181.861
v -1490.47 40.8825 181.888
v -1490.46 40.8916 181.861
v -1490.46 40.8859 181.894
v -1490.44 40.8992 181.876
v -1490.49 40.845 181.938
v -1490.9 41.4638 182.115
v -1490.92 41.454 182.095
v -1490.94 41.43 182.103
v -1490.94 41.4159 182.131
v -1490.91 41.4257 182.151
v -1490.89 41.4497 182.143
v -1490.91 41.4257 182.151
v -1490.9 41.4519 182.123
v -1490.9 41.4638 182.115
v -1490.89 41.4497 182.143
v -1490.91 41.4355 182.138
v -1490.92 41.4445 182.108
v -1490.92 41.454 182.095
v -1490.94 41.43 182.103
v -1490.93 41.428 182.123
v -1490.94 41.4159 182.131
v -1491.02 41.528 182.183
v -1491 41.5055 182.171
v -1490.95 41.4599 182.144
v -1490.93 41.428 182.123
v -1490.94 41.4638 182.152
v -1490.91 41.4355 182.138
v -1490.99 41.5096 182.179
v -1491.01 41.5331 182.193
v -1491.01 41.5331 182.193
v -1490.98 41.5122 182.179
v -1490.94 41.4686 182.152
v -1490.91 41.4355 182.138
v -1490.94 41.4772 182.144
v -1490.9 41.4519 182.123
v -1490.98 41.5212 182.17
v -1491 41.5445 182.182
v -1491 41.5445 182.182
v -1490.98 41.5223 182.167
v -1490.94 41.4788 182.138
v -1490.9 41.4519 182.123
v -1490.95 41.4748 182.13
v -1490.92 41.4445 182.108
v -1490.99 41.5182 182.159
v -1491.01 41.5394 182.172
v -1491.01 41.5394 182.172
v -1490.99 41.5159 182.159
v -1490.95 41.4704 182.13
v -1490.92 41.4445 182.108
v -1490.95 41.4616 182.139
v -1490.93 41.428 182.123
v -1491 41.5066 182.168
v -1491.02 41.528 182.183
v -1491.05 41.5728 182.205
v -1491.05 41.5728 182.205
v -1490.95 41.4616 182.139
v -1490.95 41.4704 182.13
v -1490.99 41.4718 182.126
v -1490.99 41.5159 182.159
v -1491 41.5066 182.168
v -1491.01 41.4965 182.141
v -1490.99 41.5159 182.159
v -1491.01 41.4965 182.141
v -1490.99 41.4718 182.126
v -1490.95 41.4704 182.13
v -1490.99 41.4718 182.126
v -1491.01 41.4965 182.141
v -1491 41.5066 182.168
v -1490.95 41.4616 182.139
v -1490.94 41.4772 182.144
v -1490.94 41.4686 182.152
v -1490.93 41.4955 182.174
v -1490.98 41.5122 182.179
v -1490.98 41.5212 182.17
v -1490.96 41.5201 182.189
v -1490.98 41.5122 182.179
v -1490.96 41.5201 182.189
v -1490.93 41.4955 182.174
v -1490.94 41.4686 182.152
v -1490.93 41.4955 182.174
v -1490.96 41.5201 182.189
v -1490.98 41.5212 182.17
v -1490.94 41.4772 182.144
v -1489.63 41.0254 193.808
v -1489.6 41.0255 193.833
v -1489.58 41.0189 193.817
v -1489.63 41.0192 193.773
v -1489.58 41.0321 193.817
v -1489.6 41.0255 193.833
v -1489.63 41.0254 193.808
v -1489.63 41.0317 193.773
v -1489.58 41.0321 193.817
v -1489.58 41.0189 193.817
v -1489.6 41.0255 193.833
v -1489.63 41.0192 193.773
v -1489.63 41.0317 193.773
v -1489.63 41.0254 193.808
v -1490.19 41.0134 193.28
v -1490.17 41.015 193.291
v -1490.16 41.005 193.278
v -1490.18 41.0014 193.262
v -1490.16 41.045 193.278
v -1490.17 41.035 193.291
v -1490.19 41.0366 193.28
v -1490.19 41.0486 193.262
v -1490.15 41.035 193.267
v -1490.18 41.0368 193.243
v -1490.15 41.015 193.267
v -1490.18 41.0132 193.243
v -1490.21 41.0502 193.259
v -1490.22 41.0376 193.24
v -1490.21 40.9998 193.256
v -1490.22 41.0124 193.24
v -1490.23 40.9949 193.273
v -1490.21 41.01 193.29
v -1490.21 41.04 193.29
v -1490.23 41.055 193.273
v -1490.25 41.04 193.256
v -1490.25 41.0099 193.256
v -1489.58 41.0255 193.751
v -1489.55 41.0255 193.776
v -1489.56 41.0321 193.804
v -1489.61 41.0317 193.757
v -1489.56 41.0189 193.803
v -1489.55 41.0255 193.776
v -1489.58 41.0255 193.751
v -1489.61 41.0192 193.757
v -1489.56 41.0189 193.803
v -1489.56 41.0321 193.804
v -1489.55 41.0255 193.776
v -1489.61 41.0317 193.757
v -1489.61 41.0192 193.757
v -1489.58 41.0255 193.751
v -1489.68 41.0341 193.729
v -1489.68 41.0167 193.729
v -1489.67 41.0428 193.718
v -1489.66 41.0341 193.707
v -1489.66 41.0167 193.707
v -1489.67 41.008 193.718
v -1490.19 40.9997 193.302
v -1490.21 41.01 193.29
v -1490.23 40.9949 193.273
v -1490.23 40.9744 193.273
v -1490.21 41.04 193.29
v -1490.19 41.0503 193.302
v -1490.23 41.055 193.273
v -1490.23 41.0755 193.273
v -1490.26 41.0502 193.244
v -1490.25 41.04 193.256
v -1490.25 41.0099 193.256
v -1490.25 41.04 193.256
v -1490.26 40.9996 193.244
v -1490.19 40.9997 193.302
v -1490.23 40.9744 193.273
v -1490.23 40.9652 193.28
v -1490.2 40.9951 193.314
v -1490.19 41.0503 193.302
v -1490.2 41.0548 193.314
v -1490.23 41.0755 193.273
v -1490.23 41.0847 193.28
v -1490.26 41.0502 193.244
v -1490.27 41.0548 193.246
v -1490.26 40.9996 193.244
v -1490.27 40.9951 193.246
v -1490.25 40.9652 193.294
v -1490.21 40.9951 193.328
v -1490.21 41.0548 193.328
v -1490.25 41.0847 193.294
v -1490.28 41.0548 193.259
v -1490.28 40.9951 193.259
v -1490.25 40.9743 193.3
v -1490.22 40.9997 193.329
v -1490.22 41.0503 193.329
v -1490.25 41.0755 193.3
v -1490.28 41.0502 193.271
v -1490.28 40.9996 193.271
v -1490.25 41.0003 193.3
v -1490.24 41.0126 193.315
v -1490.22 40.9997 193.329
v -1490.25 40.9743 193.3
v -1490.24 41.0373 193.315
v -1490.22 41.0503 193.329
v -1490.25 41.0495 193.3
v -1490.25 41.0755 193.3
v -1490.27 41.0372 193.286
v -1490.28 41.0502 193.271
v -1490.27 41.0126 193.286
v -1490.28 40.9996 193.271
v -1490.27 41.014 193.321
v -1490.26 41.0195 193.327
v -1490.24 41.0126 193.315
v -1490.25 41.0003 193.3
v -1490.26 41.0304 193.327
v -1490.24 41.0373 193.315
v -1490.27 41.0359 193.321
v -1490.25 41.0495 193.3
v -1490.28 41.0304 193.314
v -1490.27 41.0372 193.286
v -1490.28 41.0195 193.314
v -1490.27 41.0126 193.286
v -1490.31 41.0249 193.369
v -1489.64 41.0095 193.714
v -1489.64 41.0413 193.714
v -1489.65 41.0572 193.734
v -1489.67 41.0413 193.755
v -1489.67 41.0095 193.755
v -1489.65 40.9937 193.734
v -1489.67 41.0095 193.755
v -1489.65 41.0131 193.725
v -1489.64 41.0095 193.714
v -1489.65 40.9937 193.734
v -1489.66 41.0131 193.743
v -1489.65 41.0369 193.726
v -1489.64 41.0413 193.714
v -1489.65 41.0572 193.734
v -1489.66 41.0368 193.743
v -1489.67 41.0413 193.755
v -1489.55 41.0335 193.839
v -1489.58 41.0321 193.817
v -1489.63 41.0317 193.773
v -1489.66 41.0368 193.743
v -1489.63 41.0192 193.773
v -1489.66 41.0131 193.743
v -1489.58 41.0189 193.817
v -1489.55 41.0171 193.839
v -1489.55 41.0171 193.839
v -1489.57 41.0161 193.815
v -1489.62 41.0143 193.769
v -1489.66 41.0131 193.743
v -1489.62 41.0143 193.76
v -1489.65 41.0131 193.725
v -1489.57 41.0161 193.805
v -1489.54 41.0171 193.827
v -1489.54 41.0171 193.827
v -1489.56 41.0189 193.803
v -1489.61 41.0192 193.757
v -1489.65 41.0131 193.725
v -1489.61 41.0317 193.757
v -1489.65 41.0369 193.726
v -1489.56 41.0321 193.804
v -1489.54 41.0335 193.827
v -1489.54 41.0335 193.827
v -1489.56 41.0343 193.805
v -1489.62 41.0358 193.76
v -1489.65 41.0369 193.726
v -1489.62 41.0358 193.769
v -1489.66 41.0368 193.743
v -1489.57 41.0343 193.815
v -1489.55 41.0335 193.839
v -1489.5 41.0257 193.871
v -1489.5 41.0257 193.871
v -1489.62 41.0358 193.769
v -1489.62 41.0358 193.76
v -1489.6 41.0637 193.779
v -1489.56 41.0343 193.805
v -1489.57 41.0343 193.815
v -1489.58 41.0637 193.805
v -1489.56 41.0343 193.805
v -1489.58 41.0637 193.805
v -1489.6 41.0637 193.779
v -1489.62 41.0358 193.76
v -1489.6 41.0637 193.779
v -1489.58 41.0637 193.805
v -1489.57 41.0343 193.815
v -1489.62 41.0358 193.769
v -1489.62 41.0143 193.76
v -1489.62 41.0143 193.769
v -1489.6 40.9872 193.779
v -1489.57 41.0161 193.815
v -1489.57 41.0161 193.805
v -1489.58 40.9872 193.805
v -1489.57 41.0161 193.815
v -1489.58 40.9872 193.805
v -1489.6 40.9872 193.779
v -1489.62 41.0143 193.769
v -1489.6 40.9872 193.779
v -1489.58 40.9872 193.805
v -1489.57 41.0161 193.805
v -1489.62 41.0143 193.76
v -1481.5 41.031 194.278
v -1481.49 41.031 194.277
v -1481.49 41.031 194.307
v -1481.49 41.031 194.305
v -1481.48 41.031 194.312
v -1481.48 41.031 194.309
v -1481.47 41.031 194.312
v -1481.47 41.031 194.31
v -1481.45 41.031 194.302
v -1481.45 41.031 194.3
v -1481.44 41.031 194.293
v -1481.45 41.031 194.293
v -1481.44 41.031 194.269
v -1481.45 41.031 194.269
v -1481.46 41.031 194.301
v -1481.46 41.031 194.289
v -1481.46 41.031 194.268
v -1481.48 41.031 194.273
v -1481.5 41.0302 194.278
v -1481.49 41.0302 194.307
v -1481.49 41.0302 194.277
v -1481.49 41.0302 194.305
v -1481.48 41.0302 194.312
v -1481.48 41.0303 194.309
v -1481.47 41.0303 194.312
v -1481.45 41.0303 194.302
v -1481.47 41.0303 194.31
v -1481.45 41.0303 194.3
v -1481.44 41.0303 194.293
v -1481.45 41.0303 194.293
v -1481.44 41.0303 194.269
v -1481.45 41.0303 194.269
v -1481.46 41.0303 194.301
v -1481.46 41.0303 194.268
v -1481.46 41.0303 194.289
v -1481.48 41.0303 194.273
v -1481.41 41.0229 194.221
v -1481.5 41.0228 194.272
v -1481.41 41.0229 194.24
v -1481.5 41.0229 194.279
v -1481.44 41.0229 194.272
v -1481.42 41.0229 194.274
v -1481.34 41.023 194.277
v -1481.37 41.023 194.302
v -1481.34 41.023 194.288
v -1481.36 41.023 194.314
v -1481.35 41.023 194.314
v -1481.5 41.0384 194.272
v -1481.5 41.0384 194.279
v -1481.5 41.0228 194.272
v -1481.5 41.0229 194.279
v -1481.44 41.0384 194.272
v -1481.42 41.0384 194.274
v -1481.44 41.0229 194.272
v -1481.42 41.0229 194.274
v -1481.37 41.0385 194.302
v -1481.37 41.023 194.302
v -1481.36 41.0385 194.314
v -1481.36 41.023 194.314
v -1481.35 41.0385 194.314
v -1481.35 41.023 194.314
v -1481.35 41.0385 194.314
v -1481.34 41.0385 194.288
v -1481.35 41.023 194.314
v -1481.34 41.023 194.288
v -1481.34 41.0385 194.288
v -1481.34 41.0385 194.277
v -1481.34 41.023 194.288
v -1481.34 41.023 194.277
v -1481.41 41.0384 194.24
v -1481.41 41.0229 194.24
v -1481.41 41.0384 194.24
v -1481.41 41.0384 194.221
v -1481.41 41.0229 194.24
v -1481.41 41.0229 194.221
v -1481.41 41.0384 194.221
v -1481.41 41.0384 194.24
v -1481.5 41.0384 194.272
v -1481.5 41.0384 194.279
v -1481.44 41.0384 194.272
v -1481.42 41.0384 194.274
v -1481.34 41.0385 194.277
v -1481.37 41.0385 194.302
v -1481.34 41.0385 194.288
v -1481.36 41.0385 194.314
v -1481.35 41.0385 194.314
v -1481.44 41.0384 194.272
v -1481.44 41.0229 194.272
v -1481.5 41.0384 194.279
v -1481.5 41.0229 194.279
v -1481.44 41.0294 194.272
v -1481.44 41.0319 194.272
v -1481.5 41.0293 194.279
v -1481.5 41.0319 194.279
v -1481.48 41.0801 194.255
v -1481.52 41.0801 194.272
v -1481.5 41.0801 194.229
v -1481.52 41.0801 194.271
v -1481.53 41.0801 194.246
v -1481.53 41.0801 194.254
v -1481.53 41.0387 194.246
v -1481.53 41.0801 194.246
v -1481.53 41.0387 194.254
v -1481.53 41.0801 194.254
v -1481.53 41.0387 194.254
v -1481.53 41.0801 194.254
v -1481.52 41.0387 194.271
v -1481.52 41.0801 194.271
v -1481.52 41.0387 194.271
v -1481.52 41.0801 194.271
v -1481.52 41.0387 194.272
v -1481.52 41.0801 194.272
v -1481.48 41.0387 194.255
v -1481.48 41.0801 194.255
v -1481.48 41.0387 194.255
v -1481.48 41.0801 194.255
v -1481.5 41.0387 194.229
v -1481.5 41.0801 194.229
v -1481.5 41.0387 194.229
v -1481.5 41.0801 194.229
v -1481.54 41.0585 194.267
v -1481.68 41.0584 194.34
v -1481.55 41.0456 194.251
v -1481.69 41.0454 194.324
v -1481.56 41.0306 194.247
v -1481.69 41.0305 194.321
v -1481.55 41.0156 194.251
v -1481.69 41.0155 194.324
v -1481.54 41.0026 194.267
v -1481.68 41.0025 194.34
v -1481.67 41.0045 194.36
v -1481.64 41.0045 194.344
v -1481.53 41.0046 194.287
v -1481.64 41.0565 194.344
v -1481.67 41.0564 194.36
v -1481.53 41.0565 194.287
v -1481.53 41.0156 194.296
v -1481.53 41.0156 194.289
v -1481.53 41.0046 194.287
v -1481.53 41.0456 194.296
v -1481.53 41.0565 194.287
v -1481.53 41.0456 194.289
v -1481.54 41.0026 194.267
v -1481.54 41.0585 194.267
v -1481.55 41.0156 194.251
v -1481.56 41.0306 194.247
v -1481.55 41.0456 194.251
v -1481.71 41.0374 194.344
v -1481.71 41.0337 194.335
v -1481.68 41.0374 194.332
v -1481.69 41.0337 194.325
v -1481.7 41.0318 194.321
v -1481.7 41.0318 194.325
v -1481.71 41.0235 194.344
v -1481.68 41.0235 194.332
v -1481.71 41.0272 194.335
v -1481.69 41.0272 194.325
v -1481.7 41.0291 194.321
v -1481.7 41.0291 194.325
v -1481.71 41.0272 194.335
v -1481.7 41.0291 194.325
v -1481.71 41.0337 194.335
v -1481.7 41.0318 194.325
v -1481.71 41.0235 194.344
v -1481.71 41.0374 194.344
v -1481.69 41.0337 194.325
v -1481.7 41.0318 194.321
v -1481.69 41.0272 194.325
v -1481.7 41.0291 194.321
v -1481.71 41.0185 194.351
v -1481.71 41.0235 194.348
v -1481.7 41.0185 194.376
v -1481.71 41.0374 194.348
v -1481.71 41.0424 194.351
v -1481.7 41.0235 194.379
v -1481.7 41.0424 194.376
v -1481.7 41.0374 194.379
v -1481.71 41.0374 194.348
v -1481.71 41.0235 194.348
v -1481.71 41.0374 194.344
v -1481.71 41.0235 194.344
v -1481.68 41.0185 194.335
v -1481.68 41.0235 194.332
v -1481.71 41.0185 194.351
v -1481.71 41.0235 194.344
v -1481.71 41.0235 194.348
v -1481.67 41.0155 194.36
v -1481.7 41.0185 194.376
v -1481.53 41.0156 194.289
v -1481.64 41.0155 194.344
v -1481.7 41.0235 194.379
v -1481.67 41.0155 194.36
v -1481.7 41.0185 194.376
v -1481.67 41.0455 194.36
v -1481.7 41.0424 194.376
v -1481.68 41.0424 194.335
v -1481.71 41.0424 194.351
v -1481.68 41.0374 194.332
v -1481.71 41.0374 194.344
v -1481.71 41.0374 194.348
v -1481.53 41.0456 194.296
v -1481.63 41.0455 194.354
v -1481.63 41.0155 194.354
v -1481.53 41.0156 194.296
v -1481.53 41.0456 194.289
v -1481.7 41.0374 194.379
v -1481.64 41.0455 194.344
v -1481.67 41.0455 194.36
v -1481.7 41.0424 194.376
v -1481.67 41.0045 194.36
v -1481.68 41.0025 194.34
v -1481.67 41.0155 194.36
v -1481.68 41.0185 194.335
v -1481.69 41.0155 194.324
v -1481.68 41.0235 194.332
v -1481.69 41.0272 194.325
v -1481.69 41.0305 194.321
v -1481.69 41.0337 194.325
v -1481.69 41.0454 194.324
v -1481.68 41.0374 194.332
v -1481.68 41.0584 194.34
v -1481.68 41.0424 194.335
v -1481.67 41.0455 194.36
v -1481.67 41.0564 194.36
v -1481.53 41.0456 194.296
v -1481.53 41.0456 194.289
v -1481.63 41.0455 194.354
v -1481.64 41.0455 194.344
v -1481.63 41.0155 194.354
v -1481.64 41.0155 194.344
v -1481.53 41.0156 194.296
v -1481.53 41.0156 194.289
v -1481.64 41.0045 194.344
v -1481.64 41.0155 194.344
v -1481.63 41.0155 194.354
v -1481.64 41.0045 194.344
v -1481.67 41.0045 194.36
v -1481.64 41.0155 194.344
v -1481.67 41.0155 194.36
v -1481.63 41.0455 194.354
v -1481.64 41.0455 194.344
v -1481.64 41.0565 194.344
v -1481.64 41.0455 194.344
v -1481.67 41.0455 194.36
v -1481.64 41.0565 194.344
v -1481.67 41.0564 194.36
v -1481.53 41.0456 194.289
v -1481.7 41.0374 194.379
v -1481.39 41.012 194.218
v -1481.4 41.012 194.203
v -1481.39 41.0492 194.218
v -1481.4 41.0491 194.203
v -1481.4 41.012 194.203
v -1481.39 41.012 194.195
v -1481.4 41.0491 194.203
v -1481.39 41.0492 194.195
v -1481.39 41.012 194.195
v -1481.38 41.012 194.21
v -1481.39 41.0492 194.195
v -1481.38 41.0492 194.21
v -1481.38 41.012 194.21
v -1481.39 41.012 194.218
v -1481.38 41.0492 194.21
v -1481.39 41.0492 194.218
v -1481.39 41.0492 194.218
v -1481.4 41.0491 194.203
v -1481.38 41.0492 194.21
v -1481.39 41.0492 194.195
v -1481.38 41.012 194.21
v -1481.39 41.012 194.195
v -1481.39 41.012 194.218
v -1481.4 41.012 194.203
v -1481.3 41.0495 194.153
v -1481.33 41.0385 194.181
v -1481.53 41.0383 194.289
v -1481.33 41.023 194.187
v -1481.33 41.023 194.181
v -1481.33 41.0385 194.187
v -1481.33 41.0385 194.181
v -1481.3 41.023 194.174
v -1481.33 41.023 194.187
v -1481.3 41.0385 194.174
v -1481.33 41.0385 194.187
v -1481.33 41.0385 194.181
v -1481.3 41.0385 194.163
v -1481.33 41.0385 194.187
v -1481.3 41.0385 194.166
v -1481.31 41.0385 194.171
v -1481.3 41.0385 194.174
v -1481.54 41.0228 194.221
v -1481.5 41.0229 194.197
v -1481.54 41.0383 194.221
v -1481.5 41.0384 194.197
v -1481.49 41.0229 194.204
v -1481.35 41.023 194.129
v -1481.49 41.0384 194.204
v -1481.35 41.0385 194.129
v -1481.32 41.023 194.13
v -1481.32 41.023 194.126
v -1481.53 41.0228 194.246
v -1481.33 41.023 194.129
v -1481.35 41.023 194.129
v -1481.49 41.0229 194.204
v -1481.35 41.023 194.14
v -1481.54 41.0228 194.221
v -1481.54 41.0228 194.231
v -1481.5 41.0229 194.197
v -1481.34 41.023 194.127
v -1481.34 41.023 194.138
v -1481.33 41.023 194.122
v -1481.53 41.0228 194.246
v -1481.54 41.0228 194.231
v -1481.53 41.0383 194.246
v -1481.54 41.0383 194.231
v -1481.54 41.0228 194.231
v -1481.54 41.0228 194.221
v -1481.54 41.0383 194.231
v -1481.54 41.0383 194.221
v -1481.32 41.0385 194.13
v -1481.53 41.0383 194.246
v -1481.33 41.0385 194.129
v -1481.35 41.0385 194.129
v -1481.35 41.0385 194.14
v -1481.49 41.0384 194.204
v -1481.5 41.0384 194.197
v -1481.54 41.0383 194.221
v -1481.54 41.0383 194.231
v -1481.34 41.0385 194.127
v -1481.33 41.0385 194.122
v -1481.34 41.0385 194.138
v -1481.49 41.0384 194.204
v -1481.5 41.0384 194.197
v -1481.49 41.0229 194.204
v -1481.5 41.0229 194.197
v -1481.31 41.012 194.139
v -1481.32 41.023 194.13
v -1481.54 41.0118 194.266
v -1481.55 41.0228 194.257
v -1481.53 41.0228 194.246
v -1481.3 41.012 194.153
v -1481.54 41.0118 194.28
v -1481.53 41.0228 194.289
v -1481.33 41.023 194.181
v -1481.3 41.023 194.163
v -1481.3 41.0385 194.163
v -1481.33 41.0385 194.181
v -1481.3 41.0495 194.153
v -1481.54 41.0493 194.28
v -1481.31 41.0495 194.139
v -1481.54 41.0493 194.266
v -1481.32 41.0385 194.13
v -1481.55 41.0383 194.257
v -1481.53 41.0383 194.246
v -1481.28 41.0521 194.142
v -1481.29 41.0521 194.126
v -1481.28 41.0385 194.153
v -1481.3 41.0385 194.115
v -1481.28 41.023 194.153
v -1481.28 41.0094 194.142
v -1481.29 41.0094 194.126
v -1481.3 41.023 194.115
v -1481.3 41.0385 194.166
v -1481.3 41.0385 194.163
v -1481.3 41.0537 194.154
v -1481.3 41.0495 194.153
v -1481.3 41.023 194.166
v -1481.3 41.0078 194.154
v -1481.3 41.023 194.163
v -1481.3 41.012 194.153
v -1481.31 41.0078 194.138
v -1481.31 41.012 194.139
v -1481.32 41.023 194.126
v -1481.32 41.023 194.13
v -1481.32 41.0385 194.126
v -1481.31 41.0537 194.138
v -1481.32 41.0385 194.13
v -1481.31 41.0495 194.139
v -1481.3 41.0385 194.166
v -1481.3 41.0537 194.154
v -1481.28 41.0385 194.153
v -1481.28 41.0521 194.142
v -1481.3 41.0385 194.166
v -1481.28 41.0385 194.153
v -1481.3 41.023 194.166
v -1481.28 41.023 194.153
v -1481.3 41.023 194.166
v -1481.28 41.023 194.153
v -1481.3 41.0078 194.154
v -1481.28 41.0094 194.142
v -1481.31 41.0078 194.138
v -1481.29 41.0094 194.126
v -1481.32 41.023 194.126
v -1481.3 41.023 194.115
v -1481.32 41.0385 194.126
v -1481.3 41.0385 194.115
v -1481.31 41.0537 194.138
v -1481.29 41.0521 194.126
v -1481.53 41.0383 194.246
v -1481.55 41.0383 194.257
v -1481.53 41.0228 194.246
v -1481.55 41.0228 194.257
v -1481.33 41.023 194.129
v -1481.33 41.0385 194.129
v -1481.33 41.023 194.122
v -1481.33 41.0385 194.122
v -1481.33 41.023 194.122
v -1481.33 41.0385 194.122
v -1481.34 41.023 194.127
v -1481.34 41.0385 194.127
v -1481.34 41.023 194.138
v -1481.34 41.0385 194.138
v -1481.34 41.0385 194.138
v -1481.35 41.0385 194.14
v -1481.34 41.023 194.138
v -1481.35 41.023 194.14
v -1481.35 41.023 194.129
v -1481.35 41.023 194.14
v -1481.35 41.0385 194.129
v -1481.35 41.0385 194.14
v -1481.32 41.023 194.126
v -1481.32 41.0385 194.126
v -1481.33 41.023 194.129
v -1481.33 41.0385 194.129
v -1481.32 41.0385 194.126
v -1481.32 41.023 194.126
v -1481.3 41.023 194.115
v -1481.32 41.0385 194.126
v -1481.3 41.0385 194.115
v -1481.33 41.023 194.181
v -1481.33 41.023 194.187
v -1481.3 41.023 194.163
v -1481.3 41.023 194.166
v -1481.31 41.023 194.171
v -1481.3 41.023 194.174
v -1481.3 41.023 194.166
v -1481.31 41.023 194.171
v -1481.3 41.0385 194.166
v -1481.31 41.0385 194.171
v -1481.33 41.023 194.181
v -1481.53 41.0228 194.289
v -1481.33 41.0385 194.181
v -1481.53 41.0383 194.289
v -1481.3 41.0385 194.174
v -1481.31 41.0385 194.171
v -1481.3 41.023 194.174
v -1481.31 41.023 194.171
v -1481.69 41.0234 194.4
v -1481.7 41.0234 194.392
v -1481.69 41.0375 194.4
v -1481.7 41.0375 194.392
v -1481.7 41.0234 194.392
v -1481.69 41.0234 194.388
v -1481.7 41.0375 194.392
v -1481.69 41.0375 194.388
v -1481.69 41.0234 194.388
v -1481.69 41.0234 194.396
v -1481.69 41.0375 194.388
v -1481.69 41.0375 194.396
v -1481.69 41.0234 194.396
v -1481.69 41.0234 194.4
v -1481.69 41.0375 194.396
v -1481.69 41.0375 194.4
v -1481.69 41.0375 194.4
v -1481.7 41.0375 194.392
v -1481.69 41.0375 194.396
v -1481.69 41.0375 194.388
v -1481.69 41.0234 194.396
v -1481.69 41.0234 194.388
v -1481.69 41.0234 194.4
v -1481.7 41.0234 194.392
v -1481.67 41.0336 194.386
v -1481.68 41.0335 194.372
v -1481.67 41.0375 194.386
v -1481.68 41.0375 194.372
v -1481.68 41.0335 194.372
v -1481.53 41.0337 194.291
v -1481.68 41.0375 194.372
v -1481.53 41.0373 194.291
v -1481.68 41.0335 194.372
v -1481.67 41.0336 194.386
v -1481.53 41.0337 194.291
v -1481.52 41.0337 194.305
v -1481.67 41.0375 194.386
v -1481.52 41.0373 194.305
v -1481.67 41.0336 194.386
v -1481.52 41.0337 194.305
v -1481.68 41.0375 194.372
v -1481.53 41.0373 194.291
v -1481.67 41.0375 194.386
v -1481.52 41.0373 194.305
v -1481.38 41.0492 194.208
v -1481.38 41.0533 194.208
v -1481.39 41.0492 194.202
v -1481.39 41.0533 194.202
v -1481.39 41.0492 194.202
v -1481.39 41.0533 194.202
v -1481.5 41.0522 194.272
v -1481.5 41.0481 194.272
v -1481.39 41.0533 194.202
v -1481.39 41.0492 194.202
v -1481.39 41.0492 194.215
v -1481.39 41.0533 194.215
v -1481.49 41.0522 194.285
v -1481.5 41.0522 194.272
v -1481.39 41.0533 194.215
v -1481.38 41.0533 194.208
v -1481.39 41.0533 194.202
v -1481.39 41.0533 194.202
v -1481.49 41.0481 194.285
v -1481.39 41.0492 194.215
v -1481.5 41.0481 194.272
v -1481.38 41.0492 194.208
v -1481.39 41.0492 194.202
v -1481.39 41.0492 194.202
v -1481.49 41.0522 194.285
v -1481.39 41.0533 194.215
v -1481.49 41.0481 194.285
v -1481.39 41.0492 194.215
v -1481.5 41.0453 194.292
v -1481.51 41.0453 194.279
v -1481.5 41.0495 194.293
v -1481.5 41.0453 194.292
v -1481.5 41.0495 194.293
v -1481.51 41.0495 194.28
v -1481.51 41.0495 194.28
v -1481.51 41.0453 194.279
v -1481.52 41.0368 194.285
v -1481.51 41.0368 194.298
v -1481.51 41.0403 194.299
v -1481.51 41.0368 194.298
v -1481.52 41.0403 194.285
v -1481.51 41.0403 194.299
v -1481.52 41.0403 194.285
v -1481.52 41.0368 194.285
v -1481.52 41.0337 194.305
v -1481.53 41.0337 194.291
v -1481.52 41.0337 194.305
v -1481.52 41.0373 194.305
v -1481.52 41.0373 194.305
v -1481.53 41.0373 194.291
v -1481.53 41.0337 194.291
v -1481.53 41.0373 194.291
v -1481.6 41.0235 194.358
v -1481.6 41.0235 194.348
v -1481.6 41.0191 194.358
v -1481.6 41.0191 194.348
v -1481.6 41.0235 194.342
v -1481.6 41.0191 194.342
v -1481.61 41.0235 194.343
v -1481.61 41.0191 194.343
v -1481.61 41.0235 194.343
v -1481.63 41.0235 194.351
v -1481.61 41.0191 194.343
v -1481.63 41.0191 194.351
v -1481.64 41.0234 194.366
v -1481.64 41.0191 194.366
v -1481.61 41.0235 194.366
v -1481.61 41.0191 194.366
v -1481.7 41.0191 194.393
v -1481.7 41.0191 194.4
v -1481.69 41.0191 194.386
v -1481.69 41.0191 194.402
v -1481.61 41.0191 194.366
v -1481.64 41.0191 194.366
v -1481.63 41.0191 194.351
v -1481.61 41.0191 194.343
v -1481.6 41.0191 194.358
v -1481.6 41.0191 194.342
v -1481.6 41.0191 194.348
v -1481.69 41.0234 194.386
v -1481.69 41.0191 194.386
v -1481.69 41.0234 194.386
v -1481.7 41.0234 194.393
v -1481.69 41.0191 194.386
v -1481.7 41.0191 194.393
v -1481.7 41.0234 194.4
v -1481.7 41.0191 194.4
v -1481.69 41.0234 194.402
v -1481.69 41.0191 194.402
v -1481.61 41.0191 194.366
v -1481.69 41.0191 194.402
v -1481.61 41.0235 194.366
v -1481.69 41.0234 194.402
v -1481.7 41.0234 194.393
v -1481.69 41.0234 194.386
v -1481.7 41.0234 194.4
v -1481.69 41.0234 194.402
v -1481.64 41.0234 194.366
v -1481.61 41.0235 194.366
v -1481.63 41.0235 194.351
v -1481.61 41.0235 194.343
v -1481.6 41.0235 194.358
v -1481.6 41.0235 194.342
v -1481.6 41.0235 194.348
v -1481.52 41.0275 194.305
v -1481.53 41.0275 194.291
v -1481.69 41.0274 194.402
v -1481.7 41.0274 194.402
v -1481.7 41.0274 194.394
v -1481.7 41.0274 194.387
v -1481.52 41.0275 194.305
v -1481.52 41.0337 194.305
v -1481.53 41.0275 194.291
v -1481.53 41.0337 194.291
v -1481.52 41.0337 194.305
v -1481.69 41.0335 194.402
v -1481.53 41.0337 194.291
v -1481.7 41.0335 194.402
v -1481.7 41.0335 194.394
v -1481.7 41.0335 194.387
v -1481.53 41.0275 194.291
v -1481.53 41.0337 194.291
v -1481.7 41.0274 194.387
v -1481.7 41.0335 194.387
v -1481.7 41.0274 194.387
v -1481.7 41.0335 194.387
v -1481.7 41.0274 194.394
v -1481.7 41.0335 194.394
v -1481.7 41.0274 194.402
v -1481.7 41.0335 194.402
v -1481.69 41.0274 194.402
v -1481.69 41.0335 194.402
v -1481.52 41.0337 194.305
v -1481.52 41.0275 194.305
v -1481.69 41.0335 194.402
v -1481.69 41.0274 194.402
v -1481.6 41.0376 194.358
v -1481.6 41.0419 194.358
v -1481.6 41.0376 194.348
v -1481.6 41.0419 194.348
v -1481.6 41.0376 194.342
v -1481.6 41.0419 194.342
v -1481.61 41.0376 194.343
v -1481.61 41.0419 194.343
v -1481.61 41.0376 194.343
v -1481.61 41.0419 194.343
v -1481.63 41.0376 194.351
v -1481.63 41.0419 194.351
v -1481.64 41.0376 194.366
v -1481.64 41.0419 194.366
v -1481.61 41.0376 194.366
v -1481.61 41.0419 194.366
v -1481.7 41.0418 194.393
v -1481.69 41.0418 194.386
v -1481.7 41.0418 194.4
v -1481.69 41.0418 194.402
v -1481.64 41.0419 194.366
v -1481.61 41.0419 194.366
v -1481.63 41.0419 194.351
v -1481.61 41.0419 194.343
v -1481.6 41.0419 194.358
v -1481.6 41.0419 194.342
v -1481.6 41.0419 194.348
v -1481.69 41.0375 194.386
v -1481.69 41.0418 194.386
v -1481.69 41.0375 194.386
v -1481.69 41.0418 194.386
v -1481.7 41.0375 194.393
v -1481.7 41.0418 194.393
v -1481.7 41.0375 194.4
v -1481.7 41.0418 194.4
v -1481.69 41.0375 194.402
v -1481.69 41.0418 194.402
v -1481.61 41.0419 194.366
v -1481.61 41.0376 194.366
v -1481.69 41.0418 194.402
v -1481.69 41.0375 194.402
v -1481.7 41.0375 194.393
v -1481.7 41.0375 194.4
v -1481.69 41.0375 194.386
v -1481.69 41.0375 194.402
v -1481.61 41.0376 194.366
v -1481.64 41.0376 194.366
v -1481.63 41.0376 194.351
v -1481.61 41.0376 194.343
v -1481.6 41.0376 194.358
v -1481.6 41.0376 194.342
v -1481.6 41.0376 194.348
v -1481.67 41.0274 194.386
v -1481.67 41.0234 194.386
v -1481.68 41.0274 194.372
v -1481.68 41.0234 194.372
v -1481.68 41.0274 194.372
v -1481.68 41.0234 194.372
v -1481.53 41.0275 194.291
v -1481.53 41.0238 194.291
v -1481.68 41.0274 194.372
v -1481.53 41.0275 194.291
v -1481.67 41.0274 194.386
v -1481.52 41.0275 194.305
v -1481.52 41.0275 194.305
v -1481.52 41.0239 194.305
v -1481.67 41.0274 194.386
v -1481.67 41.0234 194.386
v -1481.68 41.0234 194.372
v -1481.67 41.0234 194.386
v -1481.53 41.0238 194.291
v -1481.52 41.0239 194.305
v -1481.38 41.0122 194.208
v -1481.39 41.0122 194.202
v -1481.38 41.0081 194.208
v -1481.39 41.0081 194.202
v -1481.39 41.0122 194.202
v -1481.39 41.0081 194.202
v -1481.5 41.009 194.272
v -1481.39 41.0081 194.202
v -1481.5 41.0132 194.272
v -1481.39 41.0122 194.202
v -1481.39 41.0122 194.215
v -1481.39 41.0081 194.215
v -1481.49 41.009 194.285
v -1481.39 41.0081 194.215
v -1481.5 41.009 194.272
v -1481.38 41.0081 194.208
v -1481.39 41.0081 194.202
v -1481.39 41.0081 194.202
v -1481.49 41.0132 194.285
v -1481.5 41.0132 194.272
v -1481.39 41.0122 194.215
v -1481.38 41.0122 194.208
v -1481.39 41.0122 194.202
v -1481.39 41.0122 194.202
v -1481.49 41.009 194.285
v -1481.49 41.0132 194.285
v -1481.39 41.0081 194.215
v -1481.39 41.0122 194.215
v -1481.51 41.0159 194.279
v -1481.5 41.0159 194.292
v -1481.5 41.0117 194.293
v -1481.5 41.0159 194.292
v -1481.5 41.0117 194.293
v -1481.51 41.0117 194.28
v -1481.51 41.0117 194.28
v -1481.51 41.0159 194.279
v -1481.52 41.0243 194.285
v -1481.51 41.0243 194.298
v -1481.51 41.0209 194.299
v -1481.51 41.0243 194.298
v -1481.52 41.0209 194.285
v -1481.51 41.0209 194.299
v -1481.52 41.0209 194.285
v -1481.52 41.0243 194.285
v -1481.52 41.0275 194.305
v -1481.53 41.0275 194.291
v -1481.52 41.0275 194.305
v -1481.52 41.0239 194.305
v -1481.52 41.0239 194.305
v -1481.53 41.0238 194.291
v -1481.53 41.0275 194.291
v -1481.53 41.0238 194.291
v -1481.5 41.0419 194.172
v -1481.5 41.0306 194.167
v -1481.47 41.0419 194.156
v -1481.47 41.0306 194.151
v -1481.5 41.0193 194.172
v -1481.47 41.0193 194.156
v -1481.49 41.0146 194.182
v -1481.46 41.0146 194.165
v -1481.49 41.0193 194.191
v -1481.46 41.0193 194.175
v -1481.49 41.0306 194.196
v -1481.46 41.0306 194.179
v -1481.49 41.0419 194.191
v -1481.46 41.042 194.175
v -1481.49 41.0466 194.182
v -1481.46 41.0466 194.165
v -1481.49 41.0419 194.191
v -1481.49 41.0306 194.196
v -1481.49 41.0466 194.182
v -1481.5 41.0419 194.172
v -1481.5 41.0306 194.167
v -1481.5 41.0193 194.172
v -1481.49 41.0146 194.182
v -1481.49 41.0193 194.191
v -1481.46 41.0466 194.165
v -1481.47 41.0419 194.156
v -1481.45 41.04 194.158
v -1481.46 41.0373 194.152
v -1481.47 41.0306 194.151
v -1481.46 41.0306 194.15
v -1481.47 41.0193 194.156
v -1481.46 41.024 194.152
v -1481.46 41.0146 194.165
v -1481.45 41.0213 194.158
v -1481.46 41.0193 194.175
v -1481.45 41.024 194.164
v -1481.46 41.0306 194.179
v -1481.45 41.0306 194.166
v -1481.46 41.042 194.175
v -1481.45 41.0373 194.164
v -1481.4 41.042 194.119
v -1481.43 41.042 194.134
v -1481.41 41.0307 194.115
v -1481.43 41.0307 194.13
v -1481.4 41.0194 194.119
v -1481.43 41.0193 194.134
v -1481.4 41.0147 194.129
v -1481.42 41.0147 194.144
v -1481.39 41.0194 194.139
v -1481.42 41.0194 194.154
v -1481.39 41.0307 194.143
v -1481.42 41.0307 194.158
v -1481.39 41.042 194.139
v -1481.42 41.042 194.154
v -1481.4 41.0467 194.129
v -1481.42 41.0467 194.144
v -1481.39 41.042 194.139
v -1481.4 41.0467 194.129
v -1481.39 41.0307 194.143
v -1481.39 41.0194 194.139
v -1481.4 41.0147 194.129
v -1481.4 41.0194 194.119
v -1481.41 41.0307 194.115
v -1481.4 41.042 194.119
v -1481.42 41.0467 194.144
v -1481.43 41.042 194.134
v -1481.43 41.0307 194.13
v -1481.43 41.0193 194.134
v -1481.42 41.0147 194.144
v -1481.42 41.0194 194.154
v -1481.42 41.0307 194.158
v -1481.42 41.042 194.154
v -1481.47 41.0221 194.149
v -1481.45 41.0221 194.141
v -1481.47 41.0391 194.149
v -1481.45 41.0392 194.141
v -1481.43 41.0409 194.178
v -1481.44 41.0445 194.152
v -1481.43 41.0205 194.178
v -1481.44 41.0168 194.152
v -1481.45 41.0392 194.141
v -1481.45 41.0221 194.141
v -1481.43 41.0205 194.178
v -1481.45 41.0204 194.186
v -1481.43 41.0409 194.178
v -1481.45 41.0409 194.186
v -1481.45 41.0409 194.186
v -1481.46 41.0445 194.161
v -1481.43 41.0409 194.178
v -1481.44 41.0445 194.152
v -1481.43 41.0205 194.178
v -1481.44 41.0168 194.152
v -1481.45 41.0204 194.186
v -1481.46 41.0168 194.161
v -1481.45 41.0204 194.186
v -1481.46 41.0168 194.161
v -1481.45 41.0409 194.186
v -1481.46 41.0445 194.161
v -1481.47 41.0391 194.149
v -1481.47 41.0221 194.149
v -1481.47 41.0391 194.149
v -1481.45 41.0392 194.141
v -1481.45 41.0221 194.141
v -1481.47 41.0221 194.149
v -1481.94 41.022 187.446
v -1481.94 41.0215 187.449
v -1481.92 41.0126 187.439
v -1481.92 41.0129 187.442
v -1481.91 41.0101 187.444
v -1481.91 41.0108 187.446
v -1481.9 41.0086 187.451
v -1481.91 41.0093 187.453
v -1481.9 41.0081 187.475
v -1481.91 41.0089 187.474
v -1481.91 41.0098 187.484
v -1481.91 41.0103 187.482
v -1481.93 41.0166 187.496
v -1481.93 41.0171 187.493
v -1481.91 41.0096 187.47
v -1481.92 41.0132 187.472
v -1481.93 41.0183 187.486
v -1481.94 41.0209 187.463
v -1481.94 41.0227 187.446
v -1481.92 41.0133 187.439
v -1481.94 41.0223 187.449
v -1481.92 41.0136 187.442
v -1481.91 41.0109 187.444
v -1481.91 41.0115 187.446
v -1481.9 41.0093 187.451
v -1481.9 41.0088 187.475
v -1481.91 41.0101 187.453
v -1481.91 41.0097 187.474
v -1481.91 41.0105 187.484
v -1481.91 41.011 187.482
v -1481.93 41.0174 187.496
v -1481.93 41.0178 187.493
v -1481.91 41.0103 187.47
v -1481.93 41.0191 187.486
v -1481.92 41.014 187.472
v -1481.94 41.0216 187.463
v -1481.95 41.0318 187.552
v -1481.95 41.0318 187.445
v -1481.93 41.0269 187.541
v -1481.94 41.0293 187.445
v -1481.92 41.0233 187.494
v -1481.91 41.019 187.515
v -1481.87 41.0068 187.581
v -1481.86 41.0035 187.547
v -1481.86 41.003 187.58
v -1481.85 40.9993 187.547
v -1481.85 40.9979 187.555
v -1481.95 41.0171 187.445
v -1481.95 41.0146 187.445
v -1481.95 41.0318 187.445
v -1481.94 41.0293 187.445
v -1481.93 41.0086 187.494
v -1481.91 41.0043 187.515
v -1481.92 41.0233 187.494
v -1481.91 41.019 187.515
v -1481.87 40.9888 187.547
v -1481.86 41.0035 187.547
v -1481.86 40.9846 187.547
v -1481.85 40.9993 187.547
v -1481.85 40.9832 187.555
v -1481.85 40.9979 187.555
v -1481.85 40.9832 187.555
v -1481.87 40.9883 187.58
v -1481.85 40.9979 187.555
v -1481.86 41.003 187.58
v -1481.87 40.9883 187.58
v -1481.88 40.992 187.581
v -1481.86 41.003 187.58
v -1481.87 41.0068 187.581
v -1481.94 41.0122 187.541
v -1481.93 41.0269 187.541
v -1481.94 41.0122 187.541
v -1481.95 41.0171 187.552
v -1481.93 41.0269 187.541
v -1481.95 41.0318 187.552
v -1481.95 41.0171 187.552
v -1481.94 41.0122 187.541
v -1481.95 41.0171 187.445
v -1481.95 41.0146 187.445
v -1481.93 41.0086 187.494
v -1481.91 41.0043 187.515
v -1481.88 40.992 187.581
v -1481.87 40.9888 187.547
v -1481.87 40.9883 187.58
v -1481.86 40.9846 187.547
v -1481.85 40.9832 187.555
v -1481.93 41.0086 187.494
v -1481.92 41.0233 187.494
v -1481.95 41.0146 187.445
v -1481.94 41.0293 187.445
v -1481.92 41.0172 187.494
v -1481.93 41.0147 187.494
v -1481.94 41.0231 187.445
v -1481.94 41.0207 187.445
v -1481.97 40.9799 187.468
v -1481.97 40.9799 187.432
v -1482 40.9891 187.468
v -1481.98 40.9813 187.426
v -1482 40.9891 187.432
v -1482 40.9873 187.426
v -1481.99 41.0284 187.432
v -1482 40.9891 187.432
v -1481.98 41.0265 187.426
v -1482 40.9873 187.426
v -1481.98 41.0265 187.426
v -1482 40.9873 187.426
v -1481.96 41.0206 187.426
v -1481.98 40.9813 187.426
v -1481.96 41.0206 187.426
v -1481.98 40.9813 187.426
v -1481.96 41.0192 187.432
v -1481.97 40.9799 187.432
v -1481.96 41.0192 187.468
v -1481.97 40.9799 187.468
v -1481.96 41.0192 187.468
v -1481.97 40.9799 187.468
v -1481.99 41.0284 187.468
v -1482 40.9891 187.468
v -1481.99 41.0284 187.468
v -1482 40.9891 187.468
v -1481.98 41.0061 187.409
v -1481.98 41.0061 187.255
v -1482 41.0242 187.409
v -1482 41.0242 187.255
v -1482 41.0397 187.409
v -1482 41.0397 187.255
v -1481.99 41.0526 187.409
v -1481.99 41.0526 187.255
v -1481.97 41.0591 187.409
v -1481.97 41.0591 187.255
v -1481.95 41.0501 187.255
v -1481.95 41.0501 187.289
v -1481.95 41.0501 187.409
v -1481.96 41.0009 187.289
v -1481.96 41.0009 187.255
v -1481.96 41.0009 187.409
v -1481.94 41.0363 187.409
v -1481.95 41.0387 187.409
v -1481.95 41.0501 187.409
v -1481.95 41.0078 187.409
v -1481.96 41.0009 187.409
v -1481.96 41.0103 187.409
v -1481.97 41.0591 187.409
v -1481.98 41.0061 187.409
v -1481.99 41.0526 187.409
v -1482 41.0397 187.409
v -1482 41.0242 187.409
v -1481.99 41.029 187.23
v -1481.99 41.0352 187.233
v -1481.99 41.029 187.255
v -1481.99 41.0352 187.255
v -1482 41.0395 187.248
v -1482 41.0395 187.24
v -1481.98 41.0423 187.23
v -1481.98 41.0423 187.255
v -1481.99 41.0414 187.233
v -1481.99 41.0414 187.255
v -1482 41.0421 187.248
v -1482 41.0421 187.24
v -1481.99 41.0414 187.233
v -1482 41.0421 187.24
v -1481.99 41.0352 187.233
v -1482 41.0395 187.24
v -1481.98 41.0423 187.23
v -1481.99 41.029 187.23
v -1481.99 41.0352 187.255
v -1482 41.0395 187.248
v -1481.99 41.0414 187.255
v -1482 41.0421 187.248
v -1481.98 41.046 187.221
v -1481.98 41.0423 187.221
v -1481.95 41.0369 187.221
v -1481.99 41.029 187.221
v -1481.99 41.0233 187.221
v -1481.95 41.0311 187.221
v -1481.96 41.0141 187.221
v -1481.95 41.0179 187.221
v -1481.99 41.029 187.221
v -1481.98 41.0423 187.221
v -1481.99 41.029 187.23
v -1481.98 41.0423 187.23
v -1481.98 41.046 187.255
v -1481.98 41.0423 187.255
v -1481.98 41.046 187.221
v -1481.98 41.0423 187.23
v -1481.98 41.0423 187.221
v -1481.95 41.0397 187.255
v -1481.95 41.0369 187.221
v -1481.95 41.0387 187.409
v -1481.95 41.0397 187.289
v -1481.95 41.0311 187.221
v -1481.95 41.0397 187.255
v -1481.95 41.0369 187.221
v -1481.96 41.0113 187.255
v -1481.96 41.0141 187.221
v -1481.99 41.0233 187.255
v -1481.99 41.0233 187.221
v -1481.99 41.029 187.255
v -1481.99 41.029 187.23
v -1481.99 41.029 187.221
v -1481.95 41.0078 187.409
v -1481.95 41.0078 187.289
v -1481.94 41.0363 187.289
v -1481.94 41.0363 187.409
v -1481.96 41.0103 187.409
v -1481.95 41.0179 187.221
v -1481.96 41.0113 187.289
v -1481.96 41.0113 187.255
v -1481.96 41.0141 187.221
v -1481.95 41.0501 187.255
v -1481.97 41.0591 187.255
v -1481.95 41.0397 187.255
v -1481.98 41.046 187.255
v -1481.99 41.0526 187.255
v -1481.98 41.0423 187.255
v -1481.99 41.0414 187.255
v -1482 41.0397 187.255
v -1481.99 41.0352 187.255
v -1482 41.0242 187.255
v -1481.99 41.029 187.255
v -1481.98 41.0061 187.255
v -1481.99 41.0233 187.255
v -1481.96 41.0113 187.255
v -1481.96 41.0009 187.255
v -1481.95 41.0078 187.409
v -1481.96 41.0103 187.409
v -1481.95 41.0078 187.289
v -1481.96 41.0113 187.289
v -1481.94 41.0363 187.289
v -1481.95 41.0397 187.289
v -1481.94 41.0363 187.409
v -1481.95 41.0387 187.409
v -1481.95 41.0501 187.289
v -1481.95 41.0397 187.289
v -1481.94 41.0363 187.289
v -1481.95 41.0501 187.289
v -1481.95 41.0501 187.255
v -1481.95 41.0397 187.289
v -1481.95 41.0397 187.255
v -1481.95 41.0078 187.289
v -1481.96 41.0113 187.289
v -1481.96 41.0009 187.289
v -1481.96 41.0113 187.289
v -1481.96 41.0113 187.255
v -1481.96 41.0009 187.289
v -1481.96 41.0009 187.255
v -1481.96 41.0103 187.409
v -1481.95 41.0179 187.221
v -1481.94 41.0413 187.565
v -1481.96 41.0465 187.565
v -1481.95 41.006 187.565
v -1481.97 41.0112 187.565
v -1481.96 41.0465 187.565
v -1481.96 41.0465 187.581
v -1481.97 41.0112 187.565
v -1481.97 41.0112 187.581
v -1481.96 41.0465 187.581
v -1481.94 41.0413 187.581
v -1481.97 41.0112 187.581
v -1481.95 41.006 187.581
v -1481.94 41.0413 187.581
v -1481.94 41.0413 187.565
v -1481.95 41.006 187.581
v -1481.95 41.006 187.565
v -1481.95 41.006 187.565
v -1481.97 41.0112 187.565
v -1481.95 41.006 187.581
v -1481.97 41.0112 187.581
v -1481.94 41.0413 187.581
v -1481.96 41.0465 187.581
v -1481.94 41.0413 187.565
v -1481.96 41.0465 187.565
v -1481.97 41.0102 187.674
v -1481.95 41.0171 187.636
v -1481.95 41.0171 187.409
v -1481.94 41.0294 187.637
v -1481.95 41.0318 187.636
v -1481.95 41.0146 187.637
v -1481.95 41.0171 187.636
v -1481.94 41.0294 187.664
v -1481.94 41.0294 187.637
v -1481.95 41.0146 187.664
v -1481.95 41.0146 187.637
v -1481.95 41.0171 187.636
v -1481.95 41.0171 187.674
v -1481.95 41.0146 187.637
v -1481.95 41.0158 187.674
v -1481.95 41.0158 187.665
v -1481.95 41.0146 187.664
v -1482.01 41.0519 187.435
v -1482.01 41.0519 187.486
v -1482.01 41.0372 187.435
v -1482.01 41.0372 187.486
v -1482 41.049 187.489
v -1482 41.049 187.644
v -1482.01 41.0342 187.489
v -1482.01 41.0342 187.644
v -1481.98 41.0437 187.674
v -1481.99 41.045 187.674
v -1481.98 41.0437 187.432
v -1481.99 41.0452 187.667
v -1482 41.049 187.644
v -1482 41.049 187.489
v -1481.99 41.0452 187.644
v -1482.01 41.0519 187.435
v -1482 41.049 187.432
v -1482.01 41.0519 187.486
v -1482 41.0483 187.653
v -1481.99 41.0452 187.649
v -1482 41.0483 187.662
v -1481.98 41.0437 187.432
v -1482 41.049 187.432
v -1481.99 41.0289 187.432
v -1482.01 41.0342 187.432
v -1482 41.049 187.432
v -1482.01 41.0519 187.435
v -1482.01 41.0342 187.432
v -1482.01 41.0372 187.435
v -1481.99 41.0289 187.674
v -1481.99 41.0289 187.432
v -1481.99 41.0304 187.667
v -1482.01 41.0342 187.644
v -1481.99 41.0304 187.644
v -1482.01 41.0342 187.489
v -1482.01 41.0372 187.486
v -1482.01 41.0372 187.435
v -1482.01 41.0342 187.432
v -1482 41.0336 187.653
v -1482 41.0336 187.662
v -1481.99 41.0304 187.649
v -1482.01 41.0342 187.489
v -1482.01 41.0372 187.486
v -1482 41.049 187.489
v -1482.01 41.0519 187.486
v -1481.97 41.0506 187.674
v -1481.98 41.0437 187.674
v -1481.97 41.0506 187.409
v -1481.98 41.0437 187.409
v -1481.98 41.0437 187.432
v -1481.96 41.0457 187.674
v -1481.96 41.0457 187.409
v -1481.95 41.0318 187.409
v -1481.95 41.0318 187.636
v -1481.95 41.0318 187.674
v -1481.95 41.0171 187.674
v -1481.95 41.0171 187.636
v -1481.97 41.0102 187.674
v -1481.97 41.0102 187.409
v -1481.98 41.0151 187.674
v -1481.98 41.0151 187.409
v -1481.99 41.0289 187.674
v -1481.99 41.0289 187.409
v -1481.99 41.0289 187.432
v -1481.97 41.0073 187.7
v -1481.98 41.0129 187.7
v -1481.95 41.0163 187.7
v -1481.99 41.0298 187.7
v -1481.95 41.031 187.7
v -1481.95 41.0478 187.7
v -1481.97 41.0534 187.7
v -1481.99 41.0445 187.7
v -1481.95 41.0158 187.674
v -1481.95 41.0171 187.674
v -1481.97 41.0056 187.674
v -1481.97 41.0102 187.674
v -1481.94 41.0305 187.674
v -1481.95 41.0491 187.674
v -1481.95 41.0318 187.674
v -1481.96 41.0457 187.674
v -1481.97 41.0551 187.674
v -1481.97 41.0506 187.674
v -1481.99 41.045 187.674
v -1481.98 41.0437 187.674
v -1481.99 41.0303 187.674
v -1481.99 41.0116 187.674
v -1481.99 41.0289 187.674
v -1481.98 41.0151 187.674
v -1481.95 41.0158 187.674
v -1481.97 41.0056 187.674
v -1481.95 41.0163 187.7
v -1481.97 41.0073 187.7
v -1481.95 41.0158 187.674
v -1481.95 41.0163 187.7
v -1481.94 41.0305 187.674
v -1481.95 41.031 187.7
v -1481.94 41.0305 187.674
v -1481.95 41.031 187.7
v -1481.95 41.0491 187.674
v -1481.95 41.0478 187.7
v -1481.97 41.0551 187.674
v -1481.97 41.0534 187.7
v -1481.99 41.045 187.674
v -1481.99 41.0445 187.7
v -1481.99 41.0303 187.674
v -1481.99 41.0298 187.7
v -1481.99 41.0116 187.674
v -1481.98 41.0129 187.7
v -1481.99 41.0289 187.432
v -1481.99 41.0289 187.409
v -1481.98 41.0437 187.432
v -1481.98 41.0437 187.409
v -1481.99 41.0452 187.667
v -1481.99 41.0304 187.667
v -1482 41.0483 187.662
v -1482 41.0336 187.662
v -1482 41.0483 187.662
v -1482 41.0336 187.662
v -1482 41.0483 187.653
v -1482 41.0336 187.653
v -1481.99 41.0452 187.649
v -1481.99 41.0304 187.649
v -1481.99 41.0304 187.649
v -1481.99 41.0304 187.644
v -1481.99 41.0452 187.649
v -1481.99 41.0452 187.644
v -1482 41.049 187.644
v -1481.99 41.0452 187.644
v -1482.01 41.0342 187.644
v -1481.99 41.0304 187.644
v -1481.99 41.045 187.674
v -1481.99 41.0303 187.674
v -1481.99 41.0452 187.667
v -1481.99 41.0304 187.667
v -1481.99 41.0303 187.674
v -1481.99 41.045 187.674
v -1481.99 41.0445 187.7
v -1481.99 41.0303 187.674
v -1481.99 41.0298 187.7
v -1481.95 41.0318 187.636
v -1481.94 41.0294 187.637
v -1481.95 41.0318 187.674
v -1481.94 41.0305 187.674
v -1481.94 41.0305 187.665
v -1481.94 41.0294 187.664
v -1481.94 41.0305 187.674
v -1481.94 41.0305 187.665
v -1481.95 41.0158 187.674
v -1481.95 41.0158 187.665
v -1481.95 41.0318 187.636
v -1481.95 41.0318 187.409
v -1481.95 41.0171 187.636
v -1481.95 41.0171 187.409
v -1481.95 41.0146 187.664
v -1481.95 41.0158 187.665
v -1481.94 41.0294 187.664
v -1481.94 41.0305 187.665
v -1481.93 41.0249 187.215
v -1481.94 41.0275 187.215
v -1481.93 41.0115 187.215
v -1481.94 41.0141 187.215
v -1481.94 41.0275 187.215
v -1481.94 41.0275 187.224
v -1481.94 41.0141 187.215
v -1481.94 41.0141 187.224
v -1481.94 41.0275 187.224
v -1481.93 41.0249 187.224
v -1481.94 41.0141 187.224
v -1481.93 41.0115 187.224
v -1481.93 41.0249 187.224
v -1481.93 41.0249 187.215
v -1481.93 41.0115 187.224
v -1481.93 41.0115 187.215
v -1481.93 41.0115 187.215
v -1481.94 41.0141 187.215
v -1481.93 41.0115 187.224
v -1481.94 41.0141 187.224
v -1481.93 41.0249 187.224
v -1481.94 41.0275 187.224
v -1481.93 41.0249 187.215
v -1481.94 41.0275 187.215
v -1481.93 41.0154 187.244
v -1481.95 41.0216 187.236
v -1481.93 41.0116 187.244
v -1481.95 41.0178 187.236
v -1481.95 41.0216 187.236
v -1481.95 41.0209 187.409
v -1481.95 41.0178 187.236
v -1481.95 41.0175 187.409
v -1481.95 41.0216 187.236
v -1481.93 41.0154 187.244
v -1481.95 41.0209 187.409
v -1481.93 41.0158 187.409
v -1481.93 41.0116 187.244
v -1481.94 41.0123 187.409
v -1481.93 41.0154 187.244
v -1481.93 41.0158 187.409
v -1481.95 41.0178 187.236
v -1481.95 41.0175 187.409
v -1481.93 41.0116 187.244
v -1481.94 41.0123 187.409
v -1481.96 41.0069 187.579
v -1481.96 41.003 187.579
v -1481.96 41.0093 187.579
v -1481.97 41.0054 187.579
v -1481.97 41.0103 187.572
v -1481.97 41.0064 187.572
v -1481.96 41.0037 187.446
v -1481.96 41.0076 187.447
v -1481.97 41.0064 187.572
v -1481.97 41.0103 187.572
v -1481.95 41.0056 187.573
v -1481.95 41.0017 187.573
v -1481.94 40.999 187.448
v -1481.96 41.0037 187.446
v -1481.95 41.0017 187.573
v -1481.96 41.003 187.579
v -1481.97 41.0054 187.579
v -1481.97 41.0064 187.572
v -1481.94 41.0029 187.448
v -1481.95 41.0056 187.573
v -1481.96 41.0076 187.447
v -1481.96 41.0069 187.579
v -1481.96 41.0093 187.579
v -1481.97 41.0103 187.572
v -1481.94 40.999 187.448
v -1481.95 41.0017 187.573
v -1481.94 41.0029 187.448
v -1481.95 41.0056 187.573
v -1481.94 41.0052 187.434
v -1481.95 41.01 187.433
v -1481.94 41.0013 187.433
v -1481.94 41.0052 187.434
v -1481.94 41.0013 187.433
v -1481.96 41.0061 187.432
v -1481.96 41.0061 187.432
v -1481.95 41.01 187.433
v -1481.95 41.018 187.422
v -1481.94 41.013 187.423
v -1481.94 41.0098 187.422
v -1481.94 41.013 187.423
v -1481.95 41.0147 187.421
v -1481.94 41.0098 187.422
v -1481.95 41.0147 187.421
v -1481.95 41.018 187.422
v -1481.93 41.0158 187.409
v -1481.95 41.0209 187.409
v -1481.93 41.0158 187.409
v -1481.94 41.0123 187.409
v -1481.94 41.0123 187.409
v -1481.95 41.0175 187.409
v -1481.95 41.0209 187.409
v -1481.95 41.0175 187.409
v -1481.92 41.022 187.319
v -1481.93 41.0247 187.324
v -1481.92 41.0261 187.319
v -1481.93 41.0288 187.324
v -1481.94 41.0274 187.32
v -1481.94 41.0315 187.32
v -1481.94 41.0286 187.311
v -1481.94 41.0327 187.311
v -1481.94 41.0286 187.311
v -1481.94 41.0284 187.297
v -1481.94 41.0327 187.311
v -1481.94 41.0325 187.297
v -1481.93 41.0255 187.282
v -1481.93 41.0297 187.282
v -1481.92 41.0211 187.307
v -1481.92 41.0252 187.307
v -1481.94 41.0319 187.213
v -1481.93 41.0293 187.212
v -1481.94 41.033 187.221
v -1481.92 41.0277 187.219
v -1481.92 41.0252 187.307
v -1481.93 41.0297 187.282
v -1481.94 41.0325 187.297
v -1481.94 41.0327 187.311
v -1481.92 41.0261 187.319
v -1481.94 41.0315 187.32
v -1481.93 41.0288 187.324
v -1481.94 41.0289 187.221
v -1481.94 41.033 187.221
v -1481.94 41.0289 187.221
v -1481.94 41.0278 187.213
v -1481.94 41.033 187.221
v -1481.94 41.0319 187.213
v -1481.93 41.0252 187.212
v -1481.93 41.0293 187.212
v -1481.93 41.0236 187.219
v -1481.92 41.0277 187.219
v -1481.92 41.0252 187.307
v -1481.92 41.0277 187.219
v -1481.92 41.0211 187.307
v -1481.93 41.0236 187.219
v -1481.94 41.0278 187.213
v -1481.94 41.0289 187.221
v -1481.93 41.0252 187.212
v -1481.93 41.0236 187.219
v -1481.93 41.0255 187.282
v -1481.92 41.0211 187.307
v -1481.94 41.0284 187.297
v -1481.94 41.0286 187.311
v -1481.92 41.022 187.319
v -1481.94 41.0274 187.32
v -1481.93 41.0247 187.324
v -1481.93 41.0217 187.409
v -1481.95 41.0267 187.409
v -1481.93 41.0198 187.219
v -1481.93 41.0211 187.211
v -1481.94 41.0237 187.211
v -1481.94 41.0251 187.218
v -1481.93 41.0217 187.409
v -1481.93 41.0159 187.409
v -1481.95 41.0267 187.409
v -1481.95 41.0209 187.409
v -1481.93 41.0159 187.409
v -1481.93 41.014 187.219
v -1481.95 41.0209 187.409
v -1481.93 41.0152 187.211
v -1481.94 41.0179 187.211
v -1481.95 41.0193 187.218
v -1481.95 41.0267 187.409
v -1481.95 41.0209 187.409
v -1481.94 41.0251 187.218
v -1481.95 41.0193 187.218
v -1481.94 41.0251 187.218
v -1481.95 41.0193 187.218
v -1481.94 41.0237 187.211
v -1481.94 41.0179 187.211
v -1481.93 41.0211 187.211
v -1481.93 41.0152 187.211
v -1481.93 41.0198 187.219
v -1481.93 41.014 187.219
v -1481.93 41.0159 187.409
v -1481.93 41.0217 187.409
v -1481.93 41.014 187.219
v -1481.93 41.0198 187.219
v -1481.93 41.0086 187.319
v -1481.93 41.0045 187.319
v -1481.93 41.0113 187.324
v -1481.94 41.0072 187.324
v -1481.94 41.014 187.32
v -1481.94 41.0099 187.32
v -1481.95 41.0152 187.311
v -1481.95 41.0111 187.311
v -1481.95 41.0152 187.311
v -1481.95 41.0111 187.311
v -1481.94 41.015 187.297
v -1481.95 41.0109 187.297
v -1481.94 41.0122 187.282
v -1481.94 41.0081 187.282
v -1481.92 41.0077 187.307
v -1481.92 41.0036 187.307
v -1481.94 41.0103 187.213
v -1481.95 41.0114 187.221
v -1481.94 41.0077 187.212
v -1481.93 41.0061 187.219
v -1481.94 41.0081 187.282
v -1481.92 41.0036 187.307
v -1481.95 41.0109 187.297
v -1481.95 41.0111 187.311
v -1481.93 41.0045 187.319
v -1481.94 41.0099 187.32
v -1481.94 41.0072 187.324
v -1481.95 41.0155 187.221
v -1481.95 41.0114 187.221
v -1481.95 41.0155 187.221
v -1481.95 41.0114 187.221
v -1481.94 41.0145 187.213
v -1481.94 41.0103 187.213
v -1481.94 41.0118 187.212
v -1481.94 41.0077 187.212
v -1481.93 41.0102 187.219
v -1481.93 41.0061 187.219
v -1481.92 41.0036 187.307
v -1481.92 41.0077 187.307
v -1481.93 41.0061 187.219
v -1481.93 41.0102 187.219
v -1481.94 41.0145 187.213
v -1481.94 41.0118 187.212
v -1481.95 41.0155 187.221
v -1481.93 41.0102 187.219
v -1481.92 41.0077 187.307
v -1481.94 41.0122 187.282
v -1481.94 41.015 187.297
v -1481.95 41.0152 187.311
v -1481.93 41.0086 187.319
v -1481.94 41.014 187.32
v -1481.93 41.0113 187.324
v -1481.93 41.0213 187.244
v -1481.93 41.025 187.244
v -1481.95 41.0274 187.236
v -1481.95 41.0312 187.236
v -1481.95 41.0274 187.236
v -1481.95 41.0312 187.236
v -1481.95 41.0268 187.409
v -1481.95 41.0302 187.409
v -1481.95 41.0274 187.236
v -1481.95 41.0268 187.409
v -1481.93 41.0213 187.244
v -1481.93 41.0216 187.409
v -1481.93 41.0216 187.409
v -1481.93 41.0251 187.409
v -1481.93 41.0213 187.244
v -1481.93 41.025 187.244
v -1481.95 41.0312 187.236
v -1481.93 41.025 187.244
v -1481.95 41.0302 187.409
v -1481.93 41.0251 187.409
v -1481.95 41.042 187.579
v -1481.95 41.0443 187.579
v -1481.94 41.0459 187.579
v -1481.95 41.0483 187.579
v -1481.96 41.0453 187.572
v -1481.95 41.0493 187.572
v -1481.94 41.0447 187.446
v -1481.95 41.0493 187.572
v -1481.94 41.0407 187.447
v -1481.96 41.0453 187.572
v -1481.94 41.0406 187.573
v -1481.94 41.0446 187.573
v -1481.93 41.04 187.448
v -1481.94 41.0446 187.573
v -1481.94 41.0447 187.446
v -1481.94 41.0459 187.579
v -1481.95 41.0483 187.579
v -1481.95 41.0493 187.572
v -1481.93 41.036 187.448
v -1481.94 41.0407 187.447
v -1481.94 41.0406 187.573
v -1481.95 41.042 187.579
v -1481.95 41.0443 187.579
v -1481.96 41.0453 187.572
v -1481.93 41.04 187.448
v -1481.93 41.036 187.448
v -1481.94 41.0446 187.573
v -1481.94 41.0406 187.573
v -1481.94 41.038 187.433
v -1481.93 41.0332 187.434
v -1481.93 41.0371 187.433
v -1481.93 41.0332 187.434
v -1481.93 41.0371 187.433
v -1481.94 41.0419 187.432
v -1481.94 41.0419 187.432
v -1481.94 41.038 187.433
v -1481.95 41.0298 187.422
v -1481.93 41.0249 187.423
v -1481.93 41.0282 187.422
v -1481.93 41.0249 187.423
v -1481.95 41.0331 187.421
v -1481.93 41.0282 187.422
v -1481.95 41.0331 187.421
v -1481.95 41.0298 187.422
v -1481.93 41.0216 187.409
v -1481.95 41.0268 187.409
v -1481.93 41.0216 187.409
v -1481.93 41.0251 187.409
v -1481.93 41.0251 187.409
v -1481.95 41.0302 187.409
v -1481.95 41.0268 187.409
v -1481.95 41.0302 187.409
v -1482.04 41.0413 187.495
v -1482.04 41.0535 187.495
v -1482.04 41.0413 187.528
v -1482.04 41.0535 187.528
v -1482.03 41.0628 187.495
v -1482.03 41.0628 187.528
v -1482.02 41.0637 187.495
v -1482.02 41.0637 187.528
v -1482.01 41.0557 187.495
v -1482.01 41.0557 187.528
v -1482.01 41.0434 187.495
v -1482.01 41.0434 187.528
v -1482.02 41.0342 187.495
v -1482.02 41.0342 187.528
v -1482.03 41.0333 187.495
v -1482.03 41.0333 187.528
v -1482.02 41.0342 187.495
v -1482.01 41.0434 187.495
v -1482.03 41.0333 187.495
v -1482.04 41.0413 187.495
v -1482.04 41.0535 187.495
v -1482.03 41.0628 187.495
v -1482.02 41.0637 187.495
v -1482.01 41.0557 187.495
v -1482.03 41.0333 187.528
v -1482.04 41.0413 187.528
v -1482.03 41.0402 187.541
v -1482.03 41.0449 187.541
v -1482.04 41.0535 187.528
v -1482.03 41.052 187.541
v -1482.03 41.0628 187.528
v -1482.03 41.0575 187.541
v -1482.02 41.0637 187.528
v -1482.02 41.058 187.541
v -1482.01 41.0557 187.528
v -1482.02 41.0533 187.541
v -1482.01 41.0434 187.528
v -1482.02 41.0461 187.541
v -1482.02 41.0342 187.528
v -1482.02 41.0407 187.541
v -1482.04 41.0413 187.604
v -1482.04 41.0413 187.573
v -1482.04 41.0535 187.604
v -1482.04 41.0535 187.573
v -1482.03 41.0628 187.604
v -1482.03 41.0628 187.573
v -1482.02 41.0637 187.604
v -1482.02 41.0637 187.573
v -1482.01 41.0557 187.604
v -1482.01 41.0557 187.573
v -1482.01 41.0434 187.604
v -1482.01 41.0434 187.573
v -1482.02 41.0342 187.604
v -1482.02 41.0342 187.573
v -1482.03 41.0333 187.604
v -1482.03 41.0333 187.573
v -1482.02 41.0342 187.604
v -1482.03 41.0333 187.604
v -1482.01 41.0434 187.604
v -1482.01 41.0557 187.604
v -1482.02 41.0637 187.604
v -1482.03 41.0628 187.604
v -1482.04 41.0535 187.604
v -1482.04 41.0413 187.604
v -1482.03 41.0333 187.573
v -1482.04 41.0413 187.573
v -1482.04 41.0535 187.573
v -1482.03 41.0628 187.573
v -1482.02 41.0637 187.573
v -1482.01 41.0557 187.573
v -1482.01 41.0434 187.573
v -1482.02 41.0342 187.573
v -1482.04 41.0614 187.535
v -1482.04 41.0614 187.552
v -1482.04 41.0453 187.535
v -1482.04 41.0453 187.552
v -1482 41.0304 187.552
v -1482.03 41.0359 187.552
v -1481.99 41.0498 187.552
v -1482.02 41.0622 187.552
v -1482.04 41.0453 187.552
v -1482.04 41.0614 187.552
v -1481.99 41.0498 187.552
v -1481.99 41.0498 187.535
v -1482 41.0304 187.552
v -1482 41.0304 187.535
v -1482 41.0304 187.535
v -1482.03 41.0359 187.535
v -1482 41.0304 187.552
v -1482.03 41.0359 187.552
v -1481.99 41.0498 187.552
v -1482.02 41.0622 187.552
v -1481.99 41.0498 187.535
v -1482.02 41.0622 187.535
v -1481.99 41.0498 187.535
v -1482.02 41.0622 187.535
v -1482 41.0304 187.535
v -1482.03 41.0359 187.535
v -1482.04 41.0453 187.535
v -1482.04 41.0614 187.535
v -1482.04 41.0453 187.535
v -1482.04 41.0453 187.552
v -1482.04 41.0614 187.552
v -1482.04 41.0614 187.535
v -1469.37 41.0315 191.156
v -1469.37 41.0312 191.157
v -1469.37 41.0255 191.186
v -1469.37 41.0257 191.185
v -1469.36 41.024 191.193
v -1469.36 41.0244 191.19
v -1469.35 41.023 191.196
v -1469.35 41.0235 191.193
v -1469.33 41.0227 191.192
v -1469.33 41.0232 191.19
v -1469.32 41.0238 191.185
v -1469.33 41.0241 191.184
v -1469.32 41.0281 191.162
v -1469.32 41.0284 191.161
v -1469.34 41.0236 191.189
v -1469.34 41.026 191.177
v -1469.33 41.0292 191.158
v -1469.35 41.0308 191.156
v -1469.37 41.0307 191.156
v -1469.37 41.0248 191.186
v -1469.37 41.0305 191.157
v -1469.37 41.025 191.184
v -1469.36 41.0232 191.192
v -1469.36 41.0237 191.19
v -1469.35 41.0222 191.196
v -1469.33 41.0219 191.192
v -1469.35 41.0227 191.193
v -1469.33 41.0225 191.189
v -1469.32 41.023 191.185
v -1469.33 41.0233 191.184
v -1469.32 41.0273 191.161
v -1469.32 41.0276 191.161
v -1469.34 41.0229 191.188
v -1469.33 41.0284 191.158
v -1469.34 41.0252 191.177
v -1469.35 41.03 191.156
v -1469.27 41.0248 191.125
v -1469.37 41.0248 191.148
v -1469.27 41.0217 191.142
v -1469.37 41.0232 191.156
v -1469.32 41.0194 191.164
v -1469.29 41.0167 191.172
v -1469.22 41.009 191.195
v -1469.25 41.0069 191.212
v -1469.22 41.0066 191.206
v -1469.25 41.0043 191.225
v -1469.24 41.0034 191.227
v -1469.37 41.04 191.151
v -1469.37 41.0384 191.159
v -1469.37 41.0248 191.148
v -1469.37 41.0232 191.156
v -1469.32 41.0346 191.167
v -1469.29 41.0319 191.175
v -1469.32 41.0194 191.164
v -1469.29 41.0167 191.172
v -1469.25 41.0221 191.215
v -1469.25 41.0069 191.212
v -1469.25 41.0195 191.228
v -1469.25 41.0043 191.225
v -1469.24 41.0186 191.23
v -1469.24 41.0034 191.227
v -1469.24 41.0186 191.23
v -1469.22 41.0218 191.209
v -1469.24 41.0034 191.227
v -1469.22 41.0066 191.206
v -1469.22 41.0218 191.209
v -1469.22 41.0242 191.198
v -1469.22 41.0066 191.206
v -1469.22 41.009 191.195
v -1469.27 41.0369 191.145
v -1469.27 41.0217 191.142
v -1469.27 41.0369 191.145
v -1469.27 41.04 191.128
v -1469.27 41.0217 191.142
v -1469.27 41.0248 191.125
v -1469.27 41.04 191.128
v -1469.27 41.0369 191.145
v -1469.37 41.04 191.151
v -1469.37 41.0384 191.159
v -1469.32 41.0346 191.167
v -1469.29 41.0319 191.175
v -1469.22 41.0242 191.198
v -1469.25 41.0221 191.215
v -1469.22 41.0218 191.209
v -1469.25 41.0195 191.228
v -1469.24 41.0186 191.23
v -1469.32 41.0346 191.167
v -1469.32 41.0194 191.164
v -1469.37 41.0384 191.159
v -1469.37 41.0232 191.156
v -1469.32 41.0258 191.165
v -1469.32 41.0283 191.165
v -1469.37 41.0296 191.157
v -1469.37 41.0321 191.158
v -1469.35 41.0824 191.147
v -1469.38 41.0824 191.155
v -1469.36 41.0883 191.119
v -1469.39 41.0833 191.152
v -1469.39 41.0883 191.127
v -1469.39 41.0871 191.134
v -1469.39 41.0477 191.119
v -1469.39 41.0883 191.127
v -1469.4 41.0465 191.126
v -1469.39 41.0871 191.134
v -1469.4 41.0465 191.126
v -1469.39 41.0871 191.134
v -1469.39 41.0428 191.144
v -1469.39 41.0833 191.152
v -1469.39 41.0428 191.144
v -1469.39 41.0833 191.152
v -1469.39 41.0419 191.147
v -1469.38 41.0824 191.155
v -1469.35 41.0419 191.139
v -1469.35 41.0824 191.147
v -1469.35 41.0419 191.139
v -1469.35 41.0824 191.147
v -1469.36 41.0477 191.111
v -1469.36 41.0883 191.119
v -1469.36 41.0477 191.111
v -1469.36 41.0883 191.119
v -1469.41 41.065 191.139
v -1469.56 41.065 191.172
v -1469.42 41.0559 191.118
v -1469.57 41.0559 191.152
v -1469.42 41.0421 191.112
v -1469.57 41.0421 191.145
v -1469.42 41.0266 191.112
v -1469.57 41.0266 191.146
v -1469.41 41.0102 191.128
v -1469.56 41.0102 191.161
v -1469.56 41.0076 191.183
v -1469.53 41.0076 191.176
v -1469.41 41.0076 191.15
v -1469.52 41.0585 191.186
v -1469.56 41.0585 191.193
v -1469.41 41.0585 191.16
v -1469.41 41.0162 191.162
v -1469.41 41.0177 191.155
v -1469.41 41.0076 191.15
v -1469.4 41.0456 191.168
v -1469.41 41.0585 191.16
v -1469.41 41.0471 191.161
v -1469.41 41.0102 191.128
v -1469.41 41.065 191.139
v -1469.42 41.0266 191.112
v -1469.42 41.0421 191.112
v -1469.42 41.0559 191.118
v -1469.59 41.0463 191.164
v -1469.59 41.0444 191.155
v -1469.56 41.0463 191.159
v -1469.57 41.0444 191.15
v -1469.57 41.0441 191.143
v -1469.58 41.0441 191.145
v -1469.59 41.0326 191.161
v -1469.56 41.0326 191.156
v -1469.59 41.038 191.154
v -1469.57 41.038 191.149
v -1469.57 41.0415 191.143
v -1469.58 41.0415 191.145
v -1469.59 41.038 191.154
v -1469.58 41.0415 191.145
v -1469.59 41.0444 191.155
v -1469.58 41.0441 191.145
v -1469.59 41.0326 191.161
v -1469.59 41.0463 191.164
v -1469.57 41.0444 191.15
v -1469.57 41.0441 191.143
v -1469.57 41.038 191.149
v -1469.57 41.0415 191.143
v -1469.6 41.0271 191.165
v -1469.6 41.0326 191.163
v -1469.59 41.0214 191.193
v -1469.6 41.0463 191.166
v -1469.6 41.0506 191.17
v -1469.59 41.0256 191.197
v -1469.59 41.0448 191.198
v -1469.59 41.0393 191.2
v -1469.6 41.0463 191.166
v -1469.6 41.0326 191.163
v -1469.59 41.0463 191.164
v -1469.59 41.0326 191.161
v -1469.56 41.0271 191.158
v -1469.56 41.0326 191.156
v -1469.6 41.0271 191.165
v -1469.59 41.0326 191.161
v -1469.6 41.0326 191.163
v -1469.56 41.0184 191.185
v -1469.59 41.0214 191.193
v -1469.41 41.0177 191.155
v -1469.53 41.0184 191.178
v -1469.59 41.0256 191.197
v -1469.56 41.0184 191.185
v -1469.59 41.0214 191.193
v -1469.56 41.0478 191.191
v -1469.59 41.0448 191.198
v -1469.56 41.0506 191.163
v -1469.6 41.0506 191.17
v -1469.56 41.0463 191.159
v -1469.59 41.0463 191.164
v -1469.6 41.0463 191.166
v -1469.4 41.0456 191.168
v -1469.52 41.0456 191.194
v -1469.52 41.0162 191.188
v -1469.41 41.0162 191.162
v -1469.41 41.0471 191.161
v -1469.59 41.0393 191.2
v -1469.52 41.0478 191.184
v -1469.56 41.0478 191.191
v -1469.59 41.0448 191.198
v -1469.56 41.0076 191.183
v -1469.56 41.0102 191.161
v -1469.56 41.0184 191.185
v -1469.56 41.0271 191.158
v -1469.57 41.0266 191.146
v -1469.56 41.0326 191.156
v -1469.57 41.038 191.149
v -1469.57 41.0421 191.145
v -1469.57 41.0444 191.15
v -1469.57 41.0559 191.152
v -1469.56 41.0463 191.159
v -1469.56 41.065 191.172
v -1469.56 41.0506 191.163
v -1469.56 41.0478 191.191
v -1469.56 41.0585 191.193
v -1469.4 41.0456 191.168
v -1469.41 41.0471 191.161
v -1469.52 41.0456 191.194
v -1469.52 41.0478 191.184
v -1469.52 41.0162 191.188
v -1469.53 41.0184 191.178
v -1469.41 41.0162 191.162
v -1469.41 41.0177 191.155
v -1469.53 41.0076 191.176
v -1469.53 41.0184 191.178
v -1469.52 41.0162 191.188
v -1469.53 41.0076 191.176
v -1469.56 41.0076 191.183
v -1469.53 41.0184 191.178
v -1469.56 41.0184 191.185
v -1469.52 41.0456 191.194
v -1469.52 41.0478 191.184
v -1469.52 41.0585 191.186
v -1469.52 41.0478 191.184
v -1469.56 41.0478 191.191
v -1469.52 41.0585 191.186
v -1469.56 41.0585 191.193
v -1469.41 41.0471 191.161
v -1469.59 41.0393 191.2
v -1469.25 41.0135 191.123
v -1469.26 41.0168 191.107
v -1469.25 41.0499 191.13
v -1469.26 41.0532 191.115
v -1469.26 41.0168 191.107
v -1469.24 41.0168 191.104
v -1469.26 41.0532 191.115
v -1469.24 41.0532 191.111
v -1469.24 41.0168 191.104
v -1469.24 41.0135 191.119
v -1469.24 41.0532 191.111
v -1469.24 41.0499 191.127
v -1469.24 41.0135 191.119
v -1469.25 41.0135 191.123
v -1469.24 41.0499 191.127
v -1469.25 41.0499 191.13
v -1469.25 41.0499 191.13
v -1469.26 41.0532 191.115
v -1469.24 41.0499 191.127
v -1469.24 41.0532 191.111
v -1469.24 41.0135 191.119
v -1469.24 41.0168 191.104
v -1469.25 41.0135 191.123
v -1469.26 41.0168 191.107
v -1469.15 41.053 191.093
v -1469.19 41.04 191.11
v -1469.41 41.04 191.159
v -1469.18 41.0233 191.114
v -1469.19 41.0248 191.107
v -1469.18 41.0385 191.117
v -1469.19 41.04 191.11
v -1469.16 41.0233 191.108
v -1469.18 41.0233 191.114
v -1469.16 41.0385 191.111
v -1469.18 41.0385 191.117
v -1469.19 41.04 191.11
v -1469.15 41.04 191.102
v -1469.18 41.0385 191.117
v -1469.15 41.0392 191.106
v -1469.16 41.0392 191.108
v -1469.16 41.0385 191.111
v -1469.4 41.0375 191.09
v -1469.35 41.0375 191.079
v -1469.39 41.0527 191.093
v -1469.35 41.0527 191.082
v -1469.34 41.0357 191.087
v -1469.19 41.0357 191.053
v -1469.34 41.0509 191.09
v -1469.19 41.0509 191.056
v -1469.16 41.0323 191.063
v -1469.16 41.0331 191.059
v -1469.39 41.0323 191.115
v -1469.16 41.0333 191.06
v -1469.19 41.0357 191.053
v -1469.34 41.0357 191.087
v -1469.19 41.0333 191.065
v -1469.4 41.0375 191.09
v -1469.4 41.0357 191.099
v -1469.35 41.0375 191.079
v -1469.18 41.0352 191.053
v -1469.18 41.0333 191.064
v -1469.17 41.0352 191.051
v -1469.39 41.0323 191.115
v -1469.4 41.0357 191.099
v -1469.39 41.0475 191.118
v -1469.4 41.0509 191.102
v -1469.4 41.0357 191.099
v -1469.4 41.0375 191.09
v -1469.4 41.0509 191.102
v -1469.39 41.0527 191.093
v -1469.16 41.0475 191.066
v -1469.39 41.0475 191.118
v -1469.16 41.0485 191.063
v -1469.19 41.0509 191.056
v -1469.19 41.0485 191.068
v -1469.34 41.0509 191.09
v -1469.35 41.0527 191.082
v -1469.39 41.0527 191.093
v -1469.4 41.0509 191.102
v -1469.18 41.0504 191.056
v -1469.17 41.0504 191.054
v -1469.18 41.0485 191.067
v -1469.34 41.0509 191.09
v -1469.35 41.0527 191.082
v -1469.34 41.0357 191.087
v -1469.35 41.0375 191.079
v -1469.15 41.0194 191.071
v -1469.16 41.0323 191.063
v -1469.41 41.0194 191.129
v -1469.41 41.0323 191.12
v -1469.39 41.0323 191.115
v -1469.15 41.0163 191.086
v -1469.41 41.0163 191.144
v -1469.41 41.0248 191.156
v -1469.19 41.0248 191.107
v -1469.15 41.0248 191.099
v -1469.15 41.04 191.102
v -1469.19 41.04 191.11
v -1469.15 41.053 191.093
v -1469.41 41.053 191.151
v -1469.15 41.0561 191.078
v -1469.41 41.0561 191.136
v -1469.16 41.0475 191.066
v -1469.41 41.0475 191.123
v -1469.39 41.0475 191.118
v -1469.12 41.0553 191.089
v -1469.13 41.0588 191.072
v -1469.12 41.0395 191.099
v -1469.13 41.048 191.058
v -1469.12 41.0243 191.095
v -1469.13 41.0135 191.081
v -1469.13 41.017 191.064
v -1469.13 41.0328 191.055
v -1469.15 41.0392 191.106
v -1469.15 41.04 191.102
v -1469.15 41.0567 191.096
v -1469.15 41.053 191.093
v -1469.15 41.024 191.103
v -1469.15 41.0118 191.087
v -1469.15 41.0248 191.099
v -1469.15 41.0163 191.086
v -1469.16 41.0156 191.069
v -1469.15 41.0194 191.071
v -1469.16 41.0331 191.059
v -1469.16 41.0323 191.063
v -1469.16 41.0484 191.062
v -1469.15 41.0605 191.078
v -1469.16 41.0475 191.066
v -1469.15 41.0561 191.078
v -1469.15 41.0392 191.106
v -1469.15 41.0567 191.096
v -1469.12 41.0395 191.099
v -1469.12 41.0553 191.089
v -1469.15 41.0392 191.106
v -1469.12 41.0395 191.099
v -1469.15 41.024 191.103
v -1469.12 41.0243 191.095
v -1469.15 41.024 191.103
v -1469.12 41.0243 191.095
v -1469.15 41.0118 191.087
v -1469.13 41.0135 191.081
v -1469.16 41.0156 191.069
v -1469.13 41.017 191.064
v -1469.16 41.0331 191.059
v -1469.13 41.0328 191.055
v -1469.16 41.0484 191.062
v -1469.13 41.048 191.058
v -1469.15 41.0605 191.078
v -1469.13 41.0588 191.072
v -1469.39 41.0475 191.118
v -1469.41 41.0475 191.123
v -1469.39 41.0323 191.115
v -1469.41 41.0323 191.12
v -1469.16 41.0333 191.06
v -1469.16 41.0485 191.063
v -1469.17 41.0352 191.051
v -1469.17 41.0504 191.054
v -1469.17 41.0352 191.051
v -1469.17 41.0504 191.054
v -1469.18 41.0352 191.053
v -1469.18 41.0504 191.056
v -1469.18 41.0333 191.064
v -1469.18 41.0485 191.067
v -1469.18 41.0485 191.067
v -1469.19 41.0485 191.068
v -1469.18 41.0333 191.064
v -1469.19 41.0333 191.065
v -1469.19 41.0357 191.053
v -1469.19 41.0333 191.065
v -1469.19 41.0509 191.056
v -1469.19 41.0485 191.068
v -1469.16 41.0331 191.059
v -1469.16 41.0484 191.062
v -1469.16 41.0333 191.06
v -1469.16 41.0485 191.063
v -1469.16 41.0484 191.062
v -1469.16 41.0331 191.059
v -1469.13 41.0328 191.055
v -1469.16 41.0484 191.062
v -1469.13 41.048 191.058
v -1469.19 41.0248 191.107
v -1469.18 41.0233 191.114
v -1469.15 41.0248 191.099
v -1469.15 41.024 191.103
v -1469.16 41.024 191.105
v -1469.16 41.0233 191.108
v -1469.15 41.024 191.103
v -1469.16 41.024 191.105
v -1469.15 41.0392 191.106
v -1469.16 41.0392 191.108
v -1469.19 41.0248 191.107
v -1469.41 41.0248 191.156
v -1469.19 41.04 191.11
v -1469.41 41.04 191.159
v -1469.16 41.0385 191.111
v -1469.16 41.0392 191.108
v -1469.16 41.0233 191.108
v -1469.16 41.024 191.105
v -1469.59 41.0215 191.218
v -1469.59 41.0232 191.21
v -1469.59 41.0354 191.22
v -1469.59 41.037 191.212
v -1469.59 41.0232 191.21
v -1469.59 41.0232 191.208
v -1469.59 41.037 191.212
v -1469.58 41.037 191.211
v -1469.59 41.0232 191.208
v -1469.58 41.0215 191.216
v -1469.58 41.037 191.211
v -1469.58 41.0354 191.218
v -1469.58 41.0215 191.216
v -1469.59 41.0215 191.218
v -1469.58 41.0354 191.218
v -1469.59 41.0354 191.22
v -1469.59 41.0354 191.22
v -1469.59 41.037 191.212
v -1469.58 41.0354 191.218
v -1469.58 41.037 191.211
v -1469.58 41.0215 191.216
v -1469.59 41.0232 191.208
v -1469.59 41.0215 191.218
v -1469.59 41.0232 191.21
v -1469.56 41.0316 191.213
v -1469.58 41.0355 191.196
v -1469.56 41.0355 191.214
v -1469.58 41.0393 191.197
v -1469.58 41.0355 191.196
v -1469.41 41.0351 191.16
v -1469.58 41.0393 191.197
v -1469.41 41.0386 191.161
v -1469.58 41.0355 191.196
v -1469.56 41.0316 191.213
v -1469.41 41.0351 191.16
v -1469.4 41.0318 191.176
v -1469.56 41.0355 191.214
v -1469.4 41.0354 191.176
v -1469.56 41.0316 191.213
v -1469.4 41.0318 191.176
v -1469.58 41.0393 191.197
v -1469.41 41.0386 191.161
v -1469.56 41.0355 191.214
v -1469.4 41.0354 191.176
v -1469.24 41.0505 191.124
v -1469.24 41.0546 191.125
v -1469.24 41.052 191.117
v -1469.24 41.0561 191.118
v -1469.25 41.0526 191.116
v -1469.25 41.0567 191.117
v -1469.37 41.0534 191.155
v -1469.37 41.0493 191.154
v -1469.25 41.0567 191.117
v -1469.25 41.0526 191.116
v -1469.24 41.0497 191.13
v -1469.24 41.0537 191.131
v -1469.36 41.0504 191.169
v -1469.37 41.0534 191.155
v -1469.24 41.0537 191.131
v -1469.24 41.0546 191.125
v -1469.24 41.0561 191.118
v -1469.25 41.0567 191.117
v -1469.36 41.0464 191.168
v -1469.24 41.0497 191.13
v -1469.37 41.0493 191.154
v -1469.24 41.0505 191.124
v -1469.24 41.052 191.117
v -1469.25 41.0526 191.116
v -1469.36 41.0504 191.169
v -1469.24 41.0537 191.131
v -1469.36 41.0464 191.168
v -1469.24 41.0497 191.13
v -1469.38 41.0435 191.171
v -1469.38 41.0466 191.157
v -1469.38 41.0476 191.172
v -1469.38 41.0435 191.171
v -1469.38 41.0476 191.172
v -1469.38 41.0506 191.158
v -1469.38 41.0506 191.158
v -1469.38 41.0466 191.157
v -1469.39 41.0382 191.158
v -1469.39 41.0351 191.173
v -1469.39 41.0385 191.174
v -1469.39 41.0351 191.173
v -1469.39 41.0416 191.159
v -1469.39 41.0385 191.174
v -1469.39 41.0416 191.159
v -1469.39 41.0382 191.158
v -1469.4 41.0318 191.176
v -1469.41 41.0351 191.16
v -1469.4 41.0318 191.176
v -1469.4 41.0354 191.176
v -1469.4 41.0354 191.176
v -1469.41 41.0386 191.161
v -1469.41 41.0351 191.16
v -1469.41 41.0386 191.161
v -1469.49 41.0197 191.204
v -1469.49 41.0214 191.194
v -1469.49 41.0155 191.203
v -1469.49 41.0172 191.194
v -1469.49 41.0232 191.187
v -1469.49 41.0189 191.186
v -1469.5 41.0239 191.185
v -1469.5 41.0197 191.184
v -1469.5 41.0239 191.185
v -1469.51 41.0238 191.189
v -1469.5 41.0197 191.184
v -1469.51 41.0195 191.188
v -1469.53 41.022 191.201
v -1469.53 41.0177 191.2
v -1469.5 41.0191 191.209
v -1469.5 41.0149 191.208
v -1469.6 41.0192 191.208
v -1469.6 41.0175 191.216
v -1469.59 41.0198 191.203
v -1469.59 41.0165 191.22
v -1469.5 41.0149 191.208
v -1469.53 41.0177 191.2
v -1469.51 41.0195 191.188
v -1469.5 41.0197 191.184
v -1469.49 41.0155 191.203
v -1469.49 41.0189 191.186
v -1469.49 41.0172 191.194
v -1469.59 41.0241 191.204
v -1469.59 41.0198 191.203
v -1469.59 41.0241 191.204
v -1469.6 41.0234 191.209
v -1469.59 41.0198 191.203
v -1469.6 41.0192 191.208
v -1469.6 41.0217 191.217
v -1469.6 41.0175 191.216
v -1469.59 41.0207 191.221
v -1469.59 41.0165 191.22
v -1469.5 41.0149 191.208
v -1469.59 41.0165 191.22
v -1469.5 41.0191 191.209
v -1469.59 41.0207 191.221
v -1469.6 41.0234 191.209
v -1469.59 41.0241 191.204
v -1469.6 41.0217 191.217
v -1469.59 41.0207 191.221
v -1469.53 41.022 191.201
v -1469.5 41.0191 191.209
v -1469.51 41.0238 191.189
v -1469.5 41.0239 191.185
v -1469.49 41.0197 191.204
v -1469.49 41.0232 191.187
v -1469.49 41.0214 191.194
v -1469.4 41.0258 191.174
v -1469.41 41.029 191.159
v -1469.59 41.0246 191.222
v -1469.6 41.0254 191.219
v -1469.6 41.0271 191.211
v -1469.59 41.028 191.205
v -1469.4 41.0258 191.174
v -1469.4 41.0318 191.176
v -1469.41 41.029 191.159
v -1469.41 41.035 191.16
v -1469.4 41.0318 191.176
v -1469.59 41.0306 191.223
v -1469.41 41.035 191.16
v -1469.6 41.0314 191.221
v -1469.6 41.0331 191.212
v -1469.59 41.034 191.207
v -1469.41 41.029 191.159
v -1469.41 41.035 191.16
v -1469.59 41.028 191.205
v -1469.59 41.034 191.207
v -1469.59 41.028 191.205
v -1469.59 41.034 191.207
v -1469.6 41.0271 191.211
v -1469.6 41.0331 191.212
v -1469.6 41.0254 191.219
v -1469.6 41.0314 191.221
v -1469.59 41.0246 191.222
v -1469.59 41.0306 191.223
v -1469.4 41.0318 191.176
v -1469.4 41.0258 191.174
v -1469.59 41.0306 191.223
v -1469.59 41.0246 191.222
v -1469.49 41.0336 191.206
v -1469.49 41.0378 191.207
v -1469.49 41.0353 191.197
v -1469.48 41.0395 191.198
v -1469.49 41.037 191.19
v -1469.49 41.0412 191.191
v -1469.5 41.0377 191.188
v -1469.5 41.042 191.189
v -1469.5 41.0377 191.188
v -1469.5 41.042 191.189
v -1469.51 41.0376 191.192
v -1469.51 41.0418 191.193
v -1469.53 41.0358 191.204
v -1469.53 41.04 191.205
v -1469.5 41.033 191.212
v -1469.5 41.0372 191.213
v -1469.6 41.0415 191.213
v -1469.59 41.0421 191.208
v -1469.59 41.0398 191.221
v -1469.59 41.0388 191.224
v -1469.53 41.04 191.205
v -1469.5 41.0372 191.213
v -1469.51 41.0418 191.193
v -1469.5 41.042 191.189
v -1469.49 41.0378 191.207
v -1469.49 41.0412 191.191
v -1469.48 41.0395 191.198
v -1469.59 41.0379 191.207
v -1469.59 41.0421 191.208
v -1469.59 41.0379 191.207
v -1469.59 41.0421 191.208
v -1469.6 41.0372 191.212
v -1469.6 41.0415 191.213
v -1469.59 41.0356 191.22
v -1469.59 41.0398 191.221
v -1469.59 41.0345 191.224
v -1469.59 41.0388 191.224
v -1469.5 41.0372 191.213
v -1469.5 41.033 191.212
v -1469.59 41.0388 191.224
v -1469.59 41.0345 191.224
v -1469.6 41.0372 191.212
v -1469.59 41.0356 191.22
v -1469.59 41.0379 191.207
v -1469.59 41.0345 191.224
v -1469.5 41.033 191.212
v -1469.53 41.0358 191.204
v -1469.51 41.0376 191.192
v -1469.5 41.0377 191.188
v -1469.49 41.0336 191.206
v -1469.49 41.037 191.19
v -1469.49 41.0353 191.197
v -1469.56 41.0255 191.212
v -1469.56 41.0216 191.211
v -1469.58 41.0294 191.195
v -1469.58 41.0255 191.194
v -1469.58 41.0294 191.195
v -1469.58 41.0255 191.194
v -1469.41 41.029 191.159
v -1469.41 41.0254 191.158
v -1469.58 41.0294 191.195
v -1469.41 41.029 191.159
v -1469.56 41.0255 191.212
v -1469.4 41.0258 191.175
v -1469.4 41.0258 191.175
v -1469.4 41.0222 191.174
v -1469.56 41.0255 191.212
v -1469.56 41.0216 191.211
v -1469.58 41.0255 191.194
v -1469.56 41.0216 191.211
v -1469.41 41.0254 191.158
v -1469.4 41.0222 191.174
v -1469.24 41.0143 191.117
v -1469.24 41.0158 191.11
v -1469.24 41.0103 191.116
v -1469.24 41.0118 191.109
v -1469.25 41.0165 191.109
v -1469.25 41.0124 191.108
v -1469.37 41.0111 191.146
v -1469.25 41.0124 191.108
v -1469.37 41.0151 191.147
v -1469.25 41.0165 191.109
v -1469.25 41.0135 191.123
v -1469.25 41.0094 191.122
v -1469.37 41.0081 191.16
v -1469.25 41.0094 191.122
v -1469.37 41.0111 191.146
v -1469.24 41.0103 191.116
v -1469.24 41.0118 191.109
v -1469.25 41.0124 191.108
v -1469.37 41.0122 191.161
v -1469.37 41.0151 191.147
v -1469.25 41.0135 191.123
v -1469.24 41.0143 191.117
v -1469.24 41.0158 191.11
v -1469.25 41.0165 191.109
v -1469.37 41.0081 191.16
v -1469.37 41.0122 191.161
v -1469.25 41.0094 191.122
v -1469.25 41.0135 191.123
v -1469.38 41.0177 191.151
v -1469.38 41.0147 191.165
v -1469.38 41.0106 191.165
v -1469.38 41.0147 191.165
v -1469.38 41.0106 191.165
v -1469.38 41.0136 191.15
v -1469.38 41.0136 191.15
v -1469.38 41.0177 191.151
v -1469.39 41.0259 191.155
v -1469.39 41.0228 191.17
v -1469.39 41.0194 191.17
v -1469.39 41.0228 191.17
v -1469.4 41.0226 191.155
v -1469.39 41.0194 191.17
v -1469.4 41.0226 191.155
v -1469.39 41.0259 191.155
v -1469.4 41.0258 191.175
v -1469.41 41.029 191.159
v -1469.4 41.0258 191.175
v -1469.4 41.0222 191.174
v -1469.4 41.0222 191.174
v -1469.41 41.0254 191.158
v -1469.41 41.029 191.159
v -1469.41 41.0254 191.158
v -1469.34 41.061 191.058
v -1469.34 41.0508 191.051
v -1469.31 41.061 191.05
v -1469.31 41.0508 191.044
v -1469.34 41.0388 191.053
v -1469.31 41.0388 191.046
v -1469.34 41.0319 191.063
v -1469.31 41.0319 191.056
v -1469.34 41.0343 191.075
v -1469.3 41.0343 191.068
v -1469.34 41.0444 191.082
v -1469.3 41.0444 191.074
v -1469.34 41.0565 191.079
v -1469.3 41.0565 191.072
v -1469.34 41.0633 191.069
v -1469.31 41.0633 191.062
v -1469.34 41.0565 191.079
v -1469.34 41.0444 191.082
v -1469.34 41.0633 191.069
v -1469.34 41.061 191.058
v -1469.34 41.0508 191.051
v -1469.34 41.0388 191.053
v -1469.34 41.0319 191.063
v -1469.34 41.0343 191.075
v -1469.31 41.0633 191.062
v -1469.31 41.061 191.05
v -1469.29 41.0572 191.056
v -1469.3 41.0558 191.049
v -1469.31 41.0508 191.044
v -1469.3 41.0499 191.045
v -1469.31 41.0388 191.046
v -1469.3 41.0428 191.047
v -1469.31 41.0319 191.056
v -1469.29 41.0388 191.053
v -1469.3 41.0343 191.068
v -1469.29 41.0402 191.059
v -1469.3 41.0444 191.074
v -1469.29 41.0461 191.063
v -1469.3 41.0565 191.072
v -1469.29 41.0532 191.062
v -1469.23 41.061 191.034
v -1469.27 41.061 191.041
v -1469.24 41.0508 191.027
v -1469.27 41.0508 191.034
v -1469.24 41.0388 191.029
v -1469.27 41.0388 191.036
v -1469.23 41.0319 191.039
v -1469.26 41.0319 191.046
v -1469.23 41.0343 191.051
v -1469.26 41.0343 191.058
v -1469.23 41.0444 191.058
v -1469.26 41.0444 191.065
v -1469.23 41.0565 191.056
v -1469.26 41.0565 191.062
v -1469.23 41.0633 191.046
v -1469.26 41.0633 191.052
v -1469.23 41.0565 191.056
v -1469.23 41.0633 191.046
v -1469.23 41.0444 191.058
v -1469.23 41.0343 191.051
v -1469.23 41.0319 191.039
v -1469.24 41.0388 191.029
v -1469.24 41.0508 191.027
v -1469.23 41.061 191.034
v -1469.26 41.0633 191.052
v -1469.27 41.061 191.041
v -1469.27 41.0508 191.034
v -1469.27 41.0388 191.036
v -1469.26 41.0319 191.046
v -1469.26 41.0343 191.058
v -1469.26 41.0444 191.065
v -1469.26 41.0565 191.062
v -1469.3 41.0424 191.041
v -1469.29 41.0424 191.037
v -1469.3 41.059 191.044
v -1469.29 41.059 191.041
v -1469.28 41.0523 191.081
v -1469.28 41.0616 191.055
v -1469.28 41.0323 191.077
v -1469.28 41.0344 191.049
v -1469.29 41.059 191.041
v -1469.29 41.0424 191.037
v -1469.28 41.0323 191.077
v -1469.3 41.0323 191.081
v -1469.28 41.0523 191.081
v -1469.29 41.0523 191.085
v -1469.29 41.0523 191.085
v -1469.3 41.0616 191.059
v -1469.28 41.0523 191.081
v -1469.28 41.0616 191.055
v -1469.28 41.0323 191.077
v -1469.28 41.0344 191.049
v -1469.3 41.0323 191.081
v -1469.3 41.0344 191.053
v -1469.3 41.0323 191.081
v -1469.3 41.0344 191.053
v -1469.29 41.0523 191.085
v -1469.3 41.0616 191.059
v -1469.3 41.059 191.044
v -1469.3 41.0424 191.041
v -1469.3 41.059 191.044
v -1469.29 41.059 191.041
v -1469.29 41.0424 191.037
v -1469.3 41.0424 191.041
v -1482.48 41.0704 176.399
v -1482.83 41 176.399
v -1482.62 41.0227 176.408
v -1482.46 42.1556 177.27
v -1482.52 42.1556 177.333
v -1483.28 42.1556 177.333
v -1483.32 41.0704 177.384
v -1483.32 42.1291 177.384
v -1483.04 41.2814 177.384
v -1482.48 42.1291 177.384
v -1482.83 41.2814 177.384
v -1482.83 41 177.384
v -1482.62 41 177.384
v -1482.48 41.0704 177.384
v -1482.41 41.1407 177.314
v -1482.48 41.0704 176.399
v -1482.41 41.1407 176.47
v -1483.32 41.0704 177.384
v -1483.39 41.1407 177.314
v -1483.32 42.1291 177.384
v -1483.39 42.1291 177.314
v -1482.48 41.0704 176.399
v -1482.41 41.1407 176.47
v -1482.48 42.1291 176.399
v -1482.41 42.1291 176.47
v -1483.37 41.9857 176.444
v -1483.32 42.0109 176.422
v -1483.34 42.0568 176.465
v -1483.31 42.076 176.425
v -1483.39 41.9875 176.566
v -1483.37 41.9857 176.444
v -1483.34 42.0568 176.465
v -1482.51 41.5997 177.351
v -1482.48 42.1291 177.384
v -1482.44 41.7209 177.281
v -1482.41 42.1291 177.314
v -1482.41 42.1291 177.314
v -1482.41 42.1291 176.47
v -1482.41 41.1407 176.47
v -1483.18 41 177.384
v -1483.04 41 177.384
v -1483.18 41 176.399
v -1483.04 41 176.949
v -1483.04 41 176.399
v -1482.83 41 177.384
v -1482.83 41 176.399
v -1482.83 41.2814 177.384
v -1482.83 41.2814 176.399
v -1483.04 41.2814 177.384
v -1483.04 41.2814 176.399
v -1483.04 41.1602 177.197
v -1483.04 41 176.949
v -1483.04 41 176.399
v -1482.62 41 176.437
v -1482.62 41.0227 176.408
v -1482.83 41 176.399
v -1483.33 41.0984 176.44
v -1483.39 41.1407 176.47
v -1483.32 41.0704 176.456
v -1482.9 42.1291 176.47
v -1482.97 42.1291 176.47
v -1482.9 41.2814 176.47
v -1482.97 41.2814 176.47
v -1483.21 42.1291 176.399
v -1483.26 42.0953 176.415
v -1483.25 42.0559 176.399
v -1482.9 42.1291 176.399
v -1482.9 42.1291 176.47
v -1482.9 41.2814 176.399
v -1482.9 41.2814 176.47
v -1482.97 41.2814 176.399
v -1483.04 41.2814 176.399
v -1482.97 41.2814 176.47
v -1483.04 41.2814 177.384
v -1482.9 41.2814 176.47
v -1482.83 41.2814 177.384
v -1482.9 41.2814 176.399
v -1482.83 41.2814 176.399
v -1482.83 41.2814 177.384
v -1482.97 41.2814 176.399
v -1482.97 41.2814 176.47
v -1482.97 42.1291 176.399
v -1482.97 42.1291 176.47
v -1483.22 42.1556 176.447
v -1483.28 42.0989 176.447
v -1483.26 42.0953 176.415
v -1483.31 42.076 176.425
v -1483.3 42.1358 176.48
v -1483.34 42.1174 176.51
v -1483.34 42.0568 176.465
v -1483.34 42.1556 176.55
v -1483.34 42.1556 176.678
v -1483.39 42.1291 176.696
v -1483.32 42.1291 177.384
v -1483.39 42.1291 177.314
v -1483.28 42.1556 177.333
v -1483.34 42.1556 177.27
v -1482.48 42.1291 177.384
v -1483.32 42.1291 177.384
v -1482.52 42.1556 177.333
v -1483.28 42.1556 177.333
v -1482.48 42.1291 177.384
v -1482.52 42.1556 177.333
v -1482.41 42.1291 177.314
v -1482.46 42.1556 177.27
v -1482.41 42.1291 177.314
v -1482.46 42.1556 177.27
v -1482.41 42.1291 176.47
v -1482.46 42.1556 176.51
v -1482.41 42.1291 176.47
v -1482.46 42.1556 176.51
v -1482.48 42.1291 176.399
v -1482.52 42.1556 176.447
v -1482.48 42.1291 176.399
v -1482.52 42.1556 176.447
v -1482.9 42.1291 176.399
v -1482.9 42.1556 176.447
v -1482.9 42.1556 176.47
v -1482.9 42.1291 176.47
v -1482.9 42.1556 176.447
v -1482.9 42.1291 176.399
v -1482.9 42.1291 176.47
v -1482.9 42.1556 176.47
v -1482.97 42.1291 176.47
v -1482.97 42.1556 176.47
v -1482.97 42.1556 176.47
v -1482.97 42.1556 176.447
v -1482.97 42.1291 176.47
v -1482.97 42.1291 176.399
v -1482.48 41.0704 176.399
v -1482.62 41.0227 176.408
v -1482.62 41 176.437
v -1483.18 41 176.399
v -1483.33 41.0984 176.44
v -1483.32 41.0704 176.456
v -1483.27 42.1556 176.524
v -1483.34 42.1556 176.678
v -1483.34 42.1556 176.55
v -1483.22 42.1556 176.447
v -1483.27 42.1556 176.524
v -1483.3 42.1358 176.48
v -1483.27 42.1556 176.524
v -1483.34 42.1556 176.55
v -1483.3 42.1358 176.48
v -1483.22 42.1556 176.447
v -1483.21 42.1291 176.399
v -1482.97 42.1556 176.447
v -1482.97 42.1291 176.399
v -1483.32 41.1086 176.399
v -1483.33 41.0984 176.44
v -1483.18 41 176.399
v -1483.33 41.0984 176.44
v -1483.32 41.1086 176.399
v -1483.39 41.1407 176.47
v -1483.39 41.1407 176.47
v -1483.39 41.8816 176.47
v -1483.39 41.1407 177.314
v -1483.39 42.1291 177.314
v -1483.39 42.1291 176.696
v -1483.39 41.9875 176.566
v -1483.39 42.1291 177.314
v -1483.39 42.1291 176.696
v -1483.34 42.1556 177.27
v -1483.26 42.0953 176.415
v -1483.31 42.076 176.425
v -1483.32 42.0109 176.422
v -1483.25 42.0559 176.399
v -1483.26 42.0953 176.415
v -1483.32 42.0109 176.422
v -1483.25 42.0559 176.399
v -1483.32 42.0109 176.422
v -1483.32 41.9331 176.399
v -1483.39 41.8816 176.47
v -1483.32 41.9331 176.399
v -1483.37 41.9857 176.444
v -1483.32 42.0109 176.422
v -1483.39 41.8816 176.47
v -1483.37 41.9857 176.444
v -1483.39 41.9875 176.566
v -1483.39 41.9875 176.566
v -1483.39 42.0994 176.573
v -1483.39 42.1291 176.696
v -1483.39 41.9875 176.566
v -1483.34 42.0568 176.465
v -1483.39 42.0994 176.573
v -1483.21 42.1291 176.399
v -1483.22 42.1556 176.447
v -1483.26 42.0953 176.415
v -1483.22 42.1556 176.447
v -1483.3 42.1358 176.48
v -1483.28 42.0989 176.447
v -1483.34 42.1556 176.55
v -1483.34 42.1174 176.51
v -1483.3 42.1358 176.48
v -1483.28 42.0989 176.447
v -1483.3 42.1358 176.48
v -1483.34 42.0568 176.465
v -1483.34 42.1556 176.55
v -1483.39 42.1291 176.696
v -1483.39 42.0994 176.573
v -1483.34 42.1174 176.51
v -1483.34 42.1556 176.55
v -1483.39 42.0994 176.573
v -1482.83 41 176.399
v -1482.48 41.0704 176.399
v -1482.83 41.2814 176.399
v -1482.48 42.1291 176.399
v -1482.9 41.2814 176.399
v -1482.9 42.1291 176.399
v -1483.32 41.9331 176.399
v -1483.39 41.8816 176.47
v -1483.32 41.1086 176.399
v -1483.39 41.1407 176.47
v -1482.97 42.1291 176.399
v -1483.21 42.1291 176.399
v -1482.97 41.2814 176.399
v -1483.25 42.0559 176.399
v -1483.32 41.9331 176.399
v -1483.04 41.2814 176.399
v -1483.32 41.1086 176.399
v -1483.18 41 176.399
v -1483.04 41 176.399
v -1483.18 41 176.399
v -1483.32 41.0704 176.456
v -1483.18 41 177.384
v -1483.32 41.0704 177.384
v -1483.32 41.0704 177.384
v -1483.32 41.0704 176.456
v -1483.39 41.1407 177.314
v -1483.39 41.1407 176.47
v -1482.62 41 176.437
v -1482.62 41 177.384
v -1482.83 41 176.399
v -1482.83 41 177.384
v -1483.04 41.2814 177.384
v -1483.08 41.1483 177.331
v -1483.12 41.0655 177.346
v -1483.08 41.1483 177.331
v -1483.04 41 177.384
v -1483.12 41.0655 177.346
v -1483.18 41 177.384
v -1483.32 41.0704 177.384
v -1483.12 41.0655 177.346
v -1483.04 41.2814 177.384
v -1483.04 41 177.384
v -1483.18 41 177.384
v -1483.12 41.0655 177.346
v -1483.04 41.2814 177.384
v -1483.04 41.1602 177.197
v -1483.08 41.1483 177.331
v -1483.04 41 177.384
v -1483.04 41.1602 177.197
v -1483.04 41 177.384
v -1483.08 41.1483 177.331
v -1482.44 41.7209 177.281
v -1482.41 41.1407 177.314
v -1482.51 41.5997 177.351
v -1482.48 41.0704 177.384
v -1482.48 42.1291 177.384
v -1482.51 41.5997 177.351
v -1482.62 41 177.384
v -1482.41 41.1407 177.314
v -1482.44 41.7209 177.281
v -1482.41 41.1407 176.47
v -1482.44 41.7209 177.281
v -1482.41 42.1291 177.314
v -1482.41 41.1407 176.47
v -1482.51 41.5997 177.351
v -1482.48 41.0704 177.384
v -1482.62 41 177.384
v -1483.34 42.0568 176.465
v -1483.34 42.1174 176.51
v -1483.39 42.0994 176.573
v -1483.31 42.076 176.425
v -1483.28 42.0989 176.447
v -1483.34 42.0568 176.465
v -1482.52 42.1556 176.447
v -1482.46 42.1556 176.51
v -1482.72 42.1556 176.634
v -1483.22 42.1556 176.447
v -1482.9 42.1556 176.47
v -1482.97 42.1556 176.47
v -1482.9 42.1556 176.447
v -1482.97 42.1556 176.447
v -1482.46 42.1556 177.27
v -1482.99 42.1556 177.051
v -1482.55 42.1556 177.036
v -1482.69 42.1556 176.883
v -1482.46 42.1556 176.51
v -1482.6 42.1556 176.754
v -1482.61 42.1215 176.663
v -1482.5 42.0637 176.522
v -1482.5 42.0637 176.971
v -1482.89 42.0637 176.523
v -1482.9 42.0637 176.974
v -1482.55 42.1556 177.036
v -1482.6 42.1556 176.754
v -1483.34 42.1556 176.678
v -1482.77 42.1556 176.696
v -1482.82 42.143 176.717
v -1483.34 42.1556 177.27
v -1482.99 42.1556 177.051
v -1483.34 42.1556 176.678
v -1482.77 42.1556 176.696
v -1482.46 42.1556 176.51
v -1482.61 42.1215 176.663
v -1482.72 42.1556 176.634
v -1482.6 42.1556 176.754
v -1482.62 42.1305 176.758
v -1482.61 42.1215 176.663
v -1482.64 42.0813 176.702
v -1482.72 42.1556 176.634
v -1482.71 42.1306 176.677
v -1482.77 42.1556 176.696
v -1482.75 42.1365 176.704
v -1482.82 42.143 176.717
v -1482.77 42.1168 176.749
v -1482.79 42.1364 176.848
v -1482.76 42.0962 176.822
v -1482.69 42.1556 176.883
v -1482.7 42.1308 176.828
v -1482.62 42.1381 176.826
v -1482.64 42.1326 176.805
v -1482.5 42.0637 176.971
v -1482.5 42.0637 176.522
v -1482.62 42.1305 176.758
v -1482.64 42.0813 176.702
v -1482.71 42.1306 176.677
v -1482.89 42.0637 176.523
v -1482.75 42.1365 176.704
v -1482.77 42.1168 176.749
v -1482.9 42.0637 176.974
v -1482.76 42.0962 176.822
v -1482.7 42.1308 176.828
v -1482.64 42.1326 176.805
v -1482.69 42.1556 176.883
v -1482.99 42.1556 177.051
v -1482.79 42.1364 176.848
v -1482.79 42.1364 176.848
v -1482.99 42.1556 177.051
v -1482.82 42.143 176.717
v -1482.82 42.143 176.717
v -1483.28 42.1556 177.333
v -1482.55 42.1556 177.036
v -1482.62 42.1381 176.826
v -1482.6 42.1556 176.754
v -1482.69 42.1556 176.883
v -1482.62 42.1381 176.826
v -1482.55 42.1556 177.036
v -1480.46 41.2824 171.389
v -1480.94 41.2824 171.634
v -1480.46 41.0176 171.389
v -1480.94 41.0176 171.634
v -1480.28 41.0176 171.75
v -1480.76 41.0176 171.995
v -1480.28 41.2824 171.75
v -1480.76 41.2824 171.995
v -1480.75 41 171.975
v -1480.3 41 171.746
v -1480.43 41 171.423
v -1480.28 41 171.704
v -1480.47 41 171.409
v -1480.79 41 171.961
v -1480.92 41 171.638
v -1480.93 41 171.68
v -1480.8 41.2824 171.98
v -1480.76 41.2824 171.995
v -1480.8 41.0176 171.98
v -1480.76 41.0176 171.995
v -1480.41 41.2824 171.404
v -1480.46 41.2824 171.389
v -1480.41 41.0176 171.404
v -1480.46 41.0176 171.389
v -1480.94 41.2824 171.634
v -1480.96 41.2824 171.679
v -1480.94 41.0176 171.634
v -1480.96 41.0176 171.679
v -1480.96 41.2824 171.679
v -1480.8 41.2824 171.98
v -1480.96 41.0176 171.679
v -1480.8 41.0176 171.98
v -1480.28 41.2824 171.75
v -1480.26 41.2824 171.705
v -1480.28 41.0176 171.75
v -1480.26 41.0176 171.705
v -1480.26 41.2824 171.705
v -1480.41 41.2824 171.404
v -1480.26 41.0176 171.705
v -1480.41 41.0176 171.404
v -1480.46 41.2974 171.389
v -1480.47 41.315 171.409
v -1480.94 41.2974 171.634
v -1480.92 41.315 171.638
v -1480.96 41.2974 171.679
v -1480.94 41.2974 171.634
v -1480.93 41.315 171.68
v -1480.92 41.315 171.638
v -1480.8 41.2974 171.98
v -1480.79 41.315 171.961
v -1480.76 41.2974 171.995
v -1480.75 41.315 171.975
v -1480.76 41.2974 171.995
v -1480.75 41.315 171.975
v -1480.28 41.2974 171.75
v -1480.3 41.315 171.746
v -1480.26 41.2974 171.705
v -1480.28 41.2974 171.75
v -1480.28 41.315 171.704
v -1480.3 41.315 171.746
v -1480.41 41.2974 171.404
v -1480.43 41.315 171.423
v -1480.46 41.2974 171.389
v -1480.47 41.315 171.409
v -1480.28 41.0176 171.75
v -1480.3 41 171.746
v -1480.76 41.0176 171.995
v -1480.75 41 171.975
v -1480.8 41.0176 171.98
v -1480.76 41.0176 171.995
v -1480.79 41 171.961
v -1480.75 41 171.975
v -1480.96 41.0176 171.679
v -1480.93 41 171.68
v -1480.94 41.0176 171.634
v -1480.92 41 171.638
v -1480.94 41.0176 171.634
v -1480.92 41 171.638
v -1480.46 41.0176 171.389
v -1480.47 41 171.409
v -1480.41 41.0176 171.404
v -1480.46 41.0176 171.389
v -1480.43 41 171.423
v -1480.47 41 171.409
v -1480.26 41.0176 171.705
v -1480.28 41 171.704
v -1480.28 41.0176 171.75
v -1480.3 41 171.746
v -1480.47 41.315 171.409
v -1480.48 41.315 171.423
v -1480.92 41.315 171.638
v -1480.9 41.315 171.64
v -1480.93 41.315 171.68
v -1480.92 41.315 171.681
v -1480.79 41.315 171.961
v -1480.78 41.315 171.947
v -1480.75 41.315 171.975
v -1480.74 41.315 171.961
v -1480.3 41.315 171.746
v -1480.31 41.315 171.744
v -1480.28 41.315 171.704
v -1480.3 41.315 171.703
v -1480.43 41.315 171.423
v -1480.44 41.315 171.436
v -1480.48 41.3001 171.423
v -1480.9 41.3001 171.64
v -1480.48 41.315 171.423
v -1480.9 41.315 171.64
v -1480.9 41.3001 171.64
v -1480.92 41.3001 171.681
v -1480.9 41.315 171.64
v -1480.92 41.315 171.681
v -1480.92 41.3001 171.681
v -1480.78 41.3001 171.947
v -1480.92 41.315 171.681
v -1480.78 41.315 171.947
v -1480.78 41.3001 171.947
v -1480.74 41.3001 171.961
v -1480.78 41.315 171.947
v -1480.74 41.315 171.961
v -1480.74 41.3001 171.961
v -1480.31 41.3001 171.744
v -1480.74 41.315 171.961
v -1480.31 41.315 171.744
v -1480.31 41.3001 171.744
v -1480.3 41.3001 171.703
v -1480.31 41.315 171.744
v -1480.3 41.315 171.703
v -1480.3 41.3001 171.703
v -1480.44 41.3001 171.436
v -1480.3 41.315 171.703
v -1480.44 41.315 171.436
v -1480.44 41.3001 171.436
v -1480.48 41.3001 171.423
v -1480.44 41.315 171.436
v -1480.48 41.315 171.423
v -1480.37 41.0315 171.514
v -1480.29 41.0525 171.51
v -1480.37 41.2739 171.514
v -1480.29 41.2528 171.51
v -1480.89 41.2739 171.78
v -1480.89 41.0315 171.78
v -1480.94 41.2528 171.842
v -1480.94 41.0525 171.842
v -1480.37 41.2739 171.514
v -1480.29 41.2528 171.51
v -1480.32 41.2739 171.604
v -1480.27 41.2528 171.542
v -1480.85 41.2739 171.87
v -1480.89 41.2739 171.78
v -1480.93 41.2528 171.874
v -1480.94 41.2528 171.842
v -1480.32 41.2739 171.604
v -1480.27 41.2528 171.542
v -1480.32 41.0315 171.604
v -1480.27 41.0525 171.542
v -1480.85 41.0315 171.87
v -1480.85 41.2739 171.87
v -1480.93 41.0525 171.874
v -1480.93 41.2528 171.874
v -1480.32 41.0315 171.604
v -1480.27 41.0525 171.542
v -1480.37 41.0315 171.514
v -1480.29 41.0525 171.51
v -1480.89 41.0315 171.78
v -1480.85 41.0315 171.87
v -1480.94 41.0525 171.842
v -1480.93 41.0525 171.874
v -1480.94 41.2528 171.842
v -1480.93 41.2528 171.874
v -1480.94 41.0525 171.842
v -1480.93 41.0525 171.874
v -1480.27 41.2528 171.542
v -1480.29 41.2528 171.51
v -1480.27 41.0525 171.542
v -1480.29 41.0525 171.51
v -1480.8 41.2974 171.98
v -1480.76 41.2974 171.995
v -1480.8 41.2894 171.98
v -1480.76 41.2894 171.995
v -1480.96 41.2974 171.679
v -1480.8 41.2974 171.98
v -1480.96 41.2894 171.679
v -1480.8 41.2894 171.98
v -1480.94 41.2974 171.634
v -1480.96 41.2974 171.679
v -1480.94 41.2894 171.634
v -1480.96 41.2894 171.679
v -1480.46 41.2974 171.389
v -1480.94 41.2974 171.634
v -1480.46 41.2894 171.389
v -1480.94 41.2894 171.634
v -1480.41 41.2974 171.404
v -1480.46 41.2974 171.389
v -1480.41 41.2894 171.404
v -1480.46 41.2894 171.389
v -1480.26 41.2974 171.705
v -1480.41 41.2974 171.404
v -1480.26 41.2894 171.705
v -1480.41 41.2894 171.404
v -1480.28 41.2974 171.75
v -1480.26 41.2974 171.705
v -1480.28 41.2894 171.75
v -1480.26 41.2894 171.705
v -1480.28 41.2894 171.75
v -1480.76 41.2894 171.995
v -1480.28 41.2974 171.75
v -1480.76 41.2974 171.995
v -1480.42 41.0315 171.417
v -1480.34 41.0525 171.413
v -1480.42 41.2739 171.417
v -1480.34 41.2528 171.413
v -1480.94 41.2739 171.683
v -1480.94 41.0315 171.683
v -1480.99 41.2528 171.745
v -1480.99 41.0525 171.745
v -1480.42 41.2739 171.417
v -1480.34 41.2528 171.413
v -1480.37 41.2739 171.507
v -1480.32 41.2528 171.445
v -1480.9 41.2739 171.773
v -1480.94 41.2739 171.683
v -1480.98 41.2528 171.777
v -1480.99 41.2528 171.745
v -1480.37 41.2739 171.507
v -1480.32 41.2528 171.445
v -1480.37 41.0315 171.507
v -1480.32 41.0525 171.445
v -1480.9 41.0315 171.773
v -1480.9 41.2739 171.773
v -1480.98 41.0525 171.777
v -1480.98 41.2528 171.777
v -1480.37 41.0315 171.507
v -1480.32 41.0525 171.445
v -1480.42 41.0315 171.417
v -1480.34 41.0525 171.413
v -1480.94 41.0315 171.683
v -1480.9 41.0315 171.773
v -1480.99 41.0525 171.745
v -1480.98 41.0525 171.777
v -1480.99 41.2528 171.745
v -1480.98 41.2528 171.777
v -1480.99 41.0525 171.745
v -1480.98 41.0525 171.777
v -1480.32 41.2528 171.445
v -1480.34 41.2528 171.413
v -1480.32 41.0525 171.445
v -1480.34 41.0525 171.413
v -1480.32 41.0315 171.612
v -1480.24 41.0525 171.608
v -1480.32 41.2739 171.612
v -1480.24 41.2528 171.608
v -1480.84 41.2739 171.878
v -1480.84 41.0315 171.878
v -1480.89 41.2528 171.94
v -1480.89 41.0525 171.94
v -1480.32 41.2739 171.612
v -1480.24 41.2528 171.608
v -1480.27 41.2739 171.702
v -1480.22 41.2528 171.64
v -1480.8 41.2739 171.968
v -1480.84 41.2739 171.878
v -1480.88 41.2528 171.972
v -1480.89 41.2528 171.94
v -1480.27 41.2739 171.702
v -1480.22 41.2528 171.64
v -1480.27 41.0315 171.702
v -1480.22 41.0525 171.64
v -1480.8 41.0315 171.968
v -1480.8 41.2739 171.968
v -1480.88 41.0525 171.972
v -1480.88 41.2528 171.972
v -1480.27 41.0315 171.702
v -1480.22 41.0525 171.64
v -1480.32 41.0315 171.612
v -1480.24 41.0525 171.608
v -1480.84 41.0315 171.878
v -1480.8 41.0315 171.968
v -1480.89 41.0525 171.94
v -1480.88 41.0525 171.972
v -1480.89 41.2528 171.94
v -1480.88 41.2528 171.972
v -1480.89 41.0525 171.94
v -1480.88 41.0525 171.972
v -1480.22 41.2528 171.64
v -1480.24 41.2528 171.608
v -1480.22 41.0525 171.64
v -1480.24 41.0525 171.608
v -1480.9 41.3001 171.64
v -1480.48 41.3001 171.423
v -1480.3 41.3001 171.703
v -1480.44 41.3001 171.436
v -1480.31 41.3001 171.744
v -1480.92 41.3001 171.681
v -1480.74 41.3001 171.961
v -1480.78 41.3001 171.947
v -1480.26 41.2398 171.503
v -1480.97 41.2398 171.864
v -1480.26 41.0656 171.503
v -1480.97 41.0656 171.864
v -1480.25 41.2398 171.52
v -1480.96 41.2398 171.881
v -1480.26 41.2398 171.503
v -1480.97 41.2398 171.864
v -1480.25 41.0656 171.52
v -1480.96 41.0656 171.881
v -1480.25 41.2398 171.52
v -1480.96 41.2398 171.881
v -1480.26 41.0656 171.503
v -1480.97 41.0656 171.864
v -1480.25 41.0656 171.52
v -1480.96 41.0656 171.881
v -1480.97 41.2398 171.864
v -1480.96 41.2398 171.881
v -1480.97 41.0656 171.864
v -1480.96 41.0656 171.881
v -1480.25 41.2398 171.52
v -1480.26 41.2398 171.503
v -1480.25 41.0656 171.52
v -1480.26 41.0656 171.503
v -1480.8 41.2894 171.977
v -1480.76 41.2894 171.989
v -1480.8 41.2824 171.977
v -1480.76 41.2824 171.989
v -1480.95 41.2894 171.676
v -1480.8 41.2894 171.977
v -1480.95 41.2824 171.676
v -1480.8 41.2824 171.977
v -1480.94 41.2894 171.639
v -1480.95 41.2894 171.676
v -1480.94 41.2824 171.639
v -1480.95 41.2824 171.676
v -1480.46 41.2894 171.395
v -1480.94 41.2894 171.639
v -1480.46 41.2824 171.395
v -1480.94 41.2824 171.639
v -1480.42 41.2824 171.407
v -1480.42 41.2894 171.407
v -1480.27 41.2894 171.707
v -1480.42 41.2894 171.407
v -1480.27 41.2824 171.707
v -1480.42 41.2824 171.407
v -1480.28 41.2894 171.745
v -1480.27 41.2894 171.707
v -1480.28 41.2824 171.745
v -1480.27 41.2824 171.707
v -1480.28 41.2824 171.745
v -1480.76 41.2824 171.989
v -1480.28 41.2894 171.745
v -1480.76 41.2894 171.989
v -1480.8 41.2824 171.98
v -1480.8 41.2824 171.977
v -1480.76 41.2824 171.995
v -1480.76 41.2824 171.989
v -1480.76 41.2894 171.995
v -1480.76 41.2894 171.989
v -1480.8 41.2894 171.98
v -1480.8 41.2894 171.977
v -1480.96 41.2824 171.679
v -1480.95 41.2824 171.676
v -1480.96 41.2894 171.679
v -1480.95 41.2894 171.676
v -1480.94 41.2824 171.634
v -1480.94 41.2824 171.639
v -1480.94 41.2894 171.634
v -1480.94 41.2894 171.639
v -1480.46 41.2824 171.389
v -1480.46 41.2824 171.395
v -1480.46 41.2894 171.389
v -1480.46 41.2894 171.395
v -1480.41 41.2824 171.404
v -1480.42 41.2824 171.407
v -1480.41 41.2894 171.404
v -1480.42 41.2894 171.407
v -1480.26 41.2824 171.705
v -1480.27 41.2824 171.707
v -1480.26 41.2894 171.705
v -1480.27 41.2894 171.707
v -1480.28 41.2824 171.75
v -1480.28 41.2824 171.745
v -1480.28 41.2894 171.75
v -1480.28 41.2894 171.745
v -1480.31 41.2398 171.406
v -1481.02 41.2398 171.767
v -1480.31 41.0656 171.406
v -1481.02 41.0656 171.767
v -1480.3 41.2398 171.424
v -1481.01 41.2398 171.784
v -1480.31 41.2398 171.406
v -1481.02 41.2398 171.767
v -1480.3 41.0656 171.424
v -1481.01 41.0656 171.784
v -1480.3 41.2398 171.424
v -1481.01 41.2398 171.784
v -1480.31 41.0656 171.406
v -1481.02 41.0656 171.767
v -1480.3 41.0656 171.424
v -1481.01 41.0656 171.784
v -1481.02 41.2398 171.767
v -1481.01 41.2398 171.784
v -1481.02 41.0656 171.767
v -1481.01 41.0656 171.784
v -1480.3 41.2398 171.424
v -1480.31 41.2398 171.406
v -1480.3 41.0656 171.424
v -1480.31 41.0656 171.406
v -1480.21 41.2398 171.601
v -1480.92 41.2398 171.961
v -1480.21 41.0656 171.601
v -1480.92 41.0656 171.961
v -1480.2 41.2398 171.618
v -1480.91 41.2398 171.979
v -1480.21 41.2398 171.601
v -1480.92 41.2398 171.961
v -1480.2 41.0656 171.618
v -1480.91 41.0656 171.979
v -1480.2 41.2398 171.618
v -1480.91 41.2398 171.979
v -1480.21 41.0656 171.601
v -1480.92 41.0656 171.961
v -1480.2 41.0656 171.618
v -1480.91 41.0656 171.979
v -1480.92 41.2398 171.961
v -1480.91 41.2398 171.979
v -1480.92 41.0656 171.961
v -1480.91 41.0656 171.979
v -1480.2 41.2398 171.618
v -1480.21 41.2398 171.601
v -1480.2 41.0656 171.618
v -1480.21 41.0656 171.601
v -1480.92 41.2824 173.935
v -1480.74 41.2824 173.426
v -1480.92 41.0176 173.935
v -1480.74 41.0176 173.426
v -1481.3 41.0176 173.8
v -1481.12 41.0176 173.291
v -1481.3 41.2824 173.8
v -1481.12 41.2824 173.291
v -1481.12 41 173.312
v -1481.28 41 173.788
v -1480.97 41 173.933
v -1481.27 41 173.828
v -1480.93 41 173.914
v -1481.08 41 173.293
v -1480.76 41 173.438
v -1480.78 41 173.398
v -1481.08 41.2824 173.27
v -1481.12 41.2824 173.291
v -1481.08 41.0176 173.27
v -1481.12 41.0176 173.291
v -1480.96 41.2824 173.956
v -1480.92 41.2824 173.935
v -1480.96 41.0176 173.956
v -1480.92 41.0176 173.935
v -1480.74 41.2824 173.426
v -1480.76 41.2824 173.383
v -1480.74 41.0176 173.426
v -1480.76 41.0176 173.383
v -1480.76 41.2824 173.383
v -1481.08 41.2824 173.27
v -1480.76 41.0176 173.383
v -1481.08 41.0176 173.27
v -1481.3 41.2824 173.8
v -1481.28 41.2824 173.843
v -1481.3 41.0176 173.8
v -1481.28 41.0176 173.843
v -1481.28 41.2824 173.843
v -1480.96 41.2824 173.956
v -1481.28 41.0176 173.843
v -1480.96 41.0176 173.956
v -1480.92 41.2974 173.935
v -1480.93 41.315 173.914
v -1480.74 41.2974 173.426
v -1480.76 41.315 173.438
v -1480.76 41.2974 173.383
v -1480.74 41.2974 173.426
v -1480.78 41.315 173.398
v -1480.76 41.315 173.438
v -1481.08 41.2974 173.27
v -1481.08 41.315 173.293
v -1481.12 41.2974 173.291
v -1481.12 41.315 173.312
v -1481.12 41.2974 173.291
v -1481.12 41.315 173.312
v -1481.3 41.2974 173.8
v -1481.28 41.315 173.788
v -1481.28 41.2974 173.843
v -1481.3 41.2974 173.8
v -1481.27 41.315 173.828
v -1481.28 41.315 173.788
v -1480.96 41.2974 173.956
v -1480.97 41.315 173.933
v -1480.92 41.2974 173.935
v -1480.93 41.315 173.914
v -1481.3 41.0176 173.8
v -1481.28 41 173.788
v -1481.12 41.0176 173.291
v -1481.12 41 173.312
v -1481.08 41.0176 173.27
v -1481.12 41.0176 173.291
v -1481.08 41 173.293
v -1481.12 41 173.312
v -1480.76 41.0176 173.383
v -1480.78 41 173.398
v -1480.74 41.0176 173.426
v -1480.76 41 173.438
v -1480.74 41.0176 173.426
v -1480.76 41 173.438
v -1480.92 41.0176 173.935
v -1480.93 41 173.914
v -1480.96 41.0176 173.956
v -1480.92 41.0176 173.935
v -1480.97 41 173.933
v -1480.93 41 173.914
v -1481.28 41.0176 173.843
v -1481.27 41 173.828
v -1481.3 41.0176 173.8
v -1481.28 41 173.788
v -1480.93 41.315 173.914
v -1480.93 41.315 173.899
v -1480.76 41.315 173.438
v -1480.77 41.315 173.447
v -1480.78 41.315 173.398
v -1480.79 41.315 173.409
v -1481.08 41.315 173.293
v -1481.07 41.315 173.309
v -1481.12 41.315 173.312
v -1481.11 41.315 173.327
v -1481.28 41.315 173.788
v -1481.27 41.315 173.779
v -1481.27 41.315 173.828
v -1481.25 41.315 173.817
v -1480.97 41.315 173.933
v -1480.97 41.315 173.917
v -1480.93 41.3001 173.899
v -1480.77 41.3001 173.447
v -1480.93 41.315 173.899
v -1480.77 41.315 173.447
v -1480.77 41.3001 173.447
v -1480.79 41.3001 173.409
v -1480.77 41.315 173.447
v -1480.79 41.315 173.409
v -1480.79 41.3001 173.409
v -1481.07 41.3001 173.309
v -1480.79 41.315 173.409
v -1481.07 41.315 173.309
v -1481.07 41.3001 173.309
v -1481.11 41.3001 173.327
v -1481.07 41.315 173.309
v -1481.11 41.315 173.327
v -1481.11 41.3001 173.327
v -1481.27 41.3001 173.779
v -1481.11 41.315 173.327
v -1481.27 41.315 173.779
v -1481.27 41.3001 173.779
v -1481.25 41.3001 173.817
v -1481.27 41.315 173.779
v -1481.25 41.315 173.817
v -1481.25 41.3001 173.817
v -1480.97 41.3001 173.917
v -1481.25 41.315 173.817
v -1480.97 41.315 173.917
v -1480.97 41.3001 173.917
v -1480.93 41.3001 173.899
v -1480.97 41.315 173.917
v -1480.93 41.315 173.899
v -1481.07 41.0315 173.907
v -1481.13 41.0525 173.965
v -1481.07 41.2739 173.907
v -1481.13 41.2528 173.965
v -1480.88 41.2739 173.352
v -1480.88 41.0315 173.352
v -1480.88 41.2528 173.273
v -1480.88 41.0525 173.273
v -1481.07 41.2739 173.907
v -1481.13 41.2528 173.965
v -1481.17 41.2739 173.873
v -1481.16 41.2528 173.953
v -1480.97 41.2739 173.319
v -1480.88 41.2739 173.352
v -1480.92 41.2528 173.261
v -1480.88 41.2528 173.273
v -1481.17 41.2739 173.873
v -1481.16 41.2528 173.953
v -1481.17 41.0315 173.873
v -1481.16 41.0525 173.953
v -1480.97 41.0315 173.319
v -1480.97 41.2739 173.319
v -1480.92 41.0525 173.261
v -1480.92 41.2528 173.261
v -1481.17 41.0315 173.873
v -1481.16 41.0525 173.953
v -1481.07 41.0315 173.907
v -1481.13 41.0525 173.965
v -1480.88 41.0315 173.352
v -1480.97 41.0315 173.319
v -1480.88 41.0525 173.273
v -1480.92 41.0525 173.261
v -1480.88 41.2528 173.273
v -1480.92 41.2528 173.261
v -1480.88 41.0525 173.273
v -1480.92 41.0525 173.261
v -1481.16 41.2528 173.953
v -1481.13 41.2528 173.965
v -1481.16 41.0525 173.953
v -1481.13 41.0525 173.965
v -1481.08 41.2974 173.27
v -1481.12 41.2974 173.291
v -1481.08 41.2894 173.27
v -1481.12 41.2894 173.291
v -1480.76 41.2974 173.383
v -1481.08 41.2974 173.27
v -1480.76 41.2894 173.383
v -1481.08 41.2894 173.27
v -1480.74 41.2974 173.426
v -1480.76 41.2974 173.383
v -1480.74 41.2894 173.426
v -1480.76 41.2894 173.383
v -1480.92 41.2974 173.935
v -1480.74 41.2974 173.426
v -1480.92 41.2894 173.935
v -1480.74 41.2894 173.426
v -1480.96 41.2974 173.956
v -1480.92 41.2974 173.935
v -1480.96 41.2894 173.956
v -1480.92 41.2894 173.935
v -1481.28 41.2974 173.843
v -1480.96 41.2974 173.956
v -1481.28 41.2894 173.843
v -1480.96 41.2894 173.956
v -1481.3 41.2974 173.8
v -1481.28 41.2974 173.843
v -1481.3 41.2894 173.8
v -1481.28 41.2894 173.843
v -1481.3 41.2894 173.8
v -1481.12 41.2894 173.291
v -1481.3 41.2974 173.8
v -1481.12 41.2974 173.291
v -1480.97 41.0315 173.943
v -1481.03 41.0525 174.001
v -1480.97 41.2739 173.943
v -1481.03 41.2528 174.001
v -1480.77 41.2739 173.389
v -1480.77 41.0315 173.389
v -1480.78 41.2528 173.309
v -1480.78 41.0525 173.309
v -1480.97 41.2739 173.943
v -1481.03 41.2528 174.001
v -1481.07 41.2739 173.91
v -1481.06 41.2528 173.989
v -1480.87 41.2739 173.355
v -1480.77 41.2739 173.389
v -1480.81 41.2528 173.297
v -1480.78 41.2528 173.309
v -1481.07 41.2739 173.91
v -1481.06 41.2528 173.989
v -1481.07 41.0315 173.91
v -1481.06 41.0525 173.989
v -1480.87 41.0315 173.355
v -1480.87 41.2739 173.355
v -1480.81 41.0525 173.297
v -1480.81 41.2528 173.297
v -1481.07 41.0315 173.91
v -1481.06 41.0525 173.989
v -1480.97 41.0315 173.943
v -1481.03 41.0525 174.001
v -1480.77 41.0315 173.389
v -1480.87 41.0315 173.355
v -1480.78 41.0525 173.309
v -1480.81 41.0525 173.297
v -1480.78 41.2528 173.309
v -1480.81 41.2528 173.297
v -1480.78 41.0525 173.309
v -1480.81 41.0525 173.297
v -1481.06 41.2528 173.989
v -1481.03 41.2528 174.001
v -1481.06 41.0525 173.989
v -1481.03 41.0525 174.001
v -1481.18 41.0315 173.871
v -1481.23 41.0525 173.928
v -1481.18 41.2739 173.871
v -1481.23 41.2528 173.928
v -1480.98 41.2739 173.316
v -1480.98 41.0315 173.316
v -1480.99 41.2528 173.237
v -1480.99 41.0525 173.237
v -1481.18 41.2739 173.871
v -1481.23 41.2528 173.928
v -1481.27 41.2739 173.837
v -1481.27 41.2528 173.916
v -1481.08 41.2739 173.282
v -1480.98 41.2739 173.316
v -1481.02 41.2528 173.225
v -1480.99 41.2528 173.237
v -1481.27 41.2739 173.837
v -1481.27 41.2528 173.916
v -1481.27 41.0315 173.837
v -1481.27 41.0525 173.916
v -1481.08 41.0315 173.282
v -1481.08 41.2739 173.282
v -1481.02 41.0525 173.225
v -1481.02 41.2528 173.225
v -1481.27 41.0315 173.837
v -1481.27 41.0525 173.916
v -1481.18 41.0315 173.871
v -1481.23 41.0525 173.928
v -1480.98 41.0315 173.316
v -1481.08 41.0315 173.282
v -1480.99 41.0525 173.237
v -1481.02 41.0525 173.225
v -1480.99 41.2528 173.237
v -1481.02 41.2528 173.225
v -1480.99 41.0525 173.237
v -1481.02 41.0525 173.225
v -1481.27 41.2528 173.916
v -1481.23 41.2528 173.928
v -1481.27 41.0525 173.916
v -1481.23 41.0525 173.928
v -1480.77 41.3001 173.447
v -1480.93 41.3001 173.899
v -1481.25 41.3001 173.817
v -1480.97 41.3001 173.917
v -1481.27 41.3001 173.779
v -1480.79 41.3001 173.409
v -1481.11 41.3001 173.327
v -1481.07 41.3001 173.309
v -1481.15 41.2398 173.992
v -1480.88 41.2398 173.241
v -1481.15 41.0656 173.992
v -1480.88 41.0656 173.241
v -1481.16 41.2398 173.985
v -1480.9 41.2398 173.234
v -1481.15 41.2398 173.992
v -1480.88 41.2398 173.241
v -1481.16 41.0656 173.985
v -1480.9 41.0656 173.234
v -1481.16 41.2398 173.985
v -1480.9 41.2398 173.234
v -1481.15 41.0656 173.992
v -1480.88 41.0656 173.241
v -1481.16 41.0656 173.985
v -1480.9 41.0656 173.234
v -1480.88 41.2398 173.241
v -1480.9 41.2398 173.234
v -1480.88 41.0656 173.241
v -1480.9 41.0656 173.234
v -1481.16 41.2398 173.985
v -1481.15 41.2398 173.992
v -1481.16 41.0656 173.985
v -1481.15 41.0656 173.992
v -1481.08 41.2894 173.276
v -1481.12 41.2894 173.293
v -1481.08 41.2824 173.276
v -1481.12 41.2824 173.293
v -1480.76 41.2894 173.389
v -1481.08 41.2894 173.276
v -1480.76 41.2824 173.389
v -1481.08 41.2824 173.276
v -1480.75 41.2894 173.424
v -1480.76 41.2894 173.389
v -1480.75 41.2824 173.424
v -1480.76 41.2824 173.389
v -1480.93 41.2894 173.933
v -1480.75 41.2894 173.424
v -1480.93 41.2824 173.933
v -1480.75 41.2824 173.424
v -1480.96 41.2824 173.95
v -1480.96 41.2894 173.95
v -1481.28 41.2894 173.837
v -1480.96 41.2894 173.95
v -1481.28 41.2824 173.837
v -1480.96 41.2824 173.95
v -1481.3 41.2894 173.802
v -1481.28 41.2894 173.837
v -1481.3 41.2824 173.802
v -1481.28 41.2824 173.837
v -1481.3 41.2824 173.802
v -1481.12 41.2824 173.293
v -1481.3 41.2894 173.802
v -1481.12 41.2894 173.293
v -1481.08 41.2824 173.27
v -1481.08 41.2824 173.276
v -1481.12 41.2824 173.291
v -1481.12 41.2824 173.293
v -1481.12 41.2894 173.291
v -1481.12 41.2894 173.293
v -1481.08 41.2894 173.27
v -1481.08 41.2894 173.276
v -1480.76 41.2824 173.383
v -1480.76 41.2824 173.389
v -1480.76 41.2894 173.383
v -1480.76 41.2894 173.389
v -1480.74 41.2824 173.426
v -1480.75 41.2824 173.424
v -1480.74 41.2894 173.426
v -1480.75 41.2894 173.424
v -1480.92 41.2824 173.935
v -1480.93 41.2824 173.933
v -1480.92 41.2894 173.935
v -1480.93 41.2894 173.933
v -1480.96 41.2824 173.956
v -1480.96 41.2824 173.95
v -1480.96 41.2894 173.956
v -1480.96 41.2894 173.95
v -1481.28 41.2824 173.843
v -1481.28 41.2824 173.837
v -1481.28 41.2894 173.843
v -1481.28 41.2894 173.837
v -1481.3 41.2824 173.8
v -1481.3 41.2824 173.802
v -1481.3 41.2894 173.8
v -1481.3 41.2894 173.802
v -1481.04 41.2398 174.028
v -1480.78 41.2398 173.277
v -1481.04 41.0656 174.028
v -1480.78 41.0656 173.277
v -1481.06 41.2398 174.021
v -1480.8 41.2398 173.27
v -1481.04 41.2398 174.028
v -1480.78 41.2398 173.277
v -1481.06 41.0656 174.021
v -1480.8 41.0656 173.27
v -1481.06 41.2398 174.021
v -1480.8 41.2398 173.27
v -1481.04 41.0656 174.028
v -1480.78 41.0656 173.277
v -1481.06 41.0656 174.021
v -1480.8 41.0656 173.27
v -1480.78 41.2398 173.277
v -1480.8 41.2398 173.27
v -1480.78 41.0656 173.277
v -1480.8 41.0656 173.27
v -1481.06 41.2398 174.021
v -1481.04 41.2398 174.028
v -1481.06 41.0656 174.021
v -1481.04 41.0656 174.028
v -1481.25 41.2398 173.955
v -1480.98 41.2398 173.204
v -1481.25 41.0656 173.955
v -1480.98 41.0656 173.204
v -1481.27 41.2398 173.949
v -1481 41.2398 173.198
v -1481.25 41.2398 173.955
v -1480.98 41.2398 173.204
v -1481.27 41.0656 173.949
v -1481 41.0656 173.198
v -1481.27 41.2398 173.949
v -1481 41.2398 173.198
v -1481.25 41.0656 173.955
v -1480.98 41.0656 173.204
v -1481.27 41.0656 173.949
v -1481 41.0656 173.198
v -1480.98 41.2398 173.204
v -1481 41.2398 173.198
v -1480.98 41.0656 173.204
v -1481 41.0656 173.198
v -1481.27 41.2398 173.949
v -1481.25 41.2398 173.955
v -1481.27 41.0656 173.949
v -1481.25 41.0656 173.955
v -1479.96 41 172.383
v -1479.82 41 172.452
v -1479.96 41.2157 172.383
v -1480.01 41.2157 172.36
v -1480.01 41.8651 172.36
v -1479.72 41.8651 172.498
v -1479.72 41.0539 172.498
v -1480.08 41.8855 172.37
v -1480.08 41.8855 172.386
v -1480.29 41.8855 172.269
v -1480.03 41.8855 172.393
v -1479.76 41.8855 172.517
v -1480.04 41.8855 172.409
v -1480.36 41.8855 172.293
v -1480.6 41.8855 172.819
v -1480.58 41.8855 172.884
v -1480.05 41.8855 173.132
v -1479.99 41.8855 173.109
v -1479.74 41.8855 172.582
v -1480.04 41.8651 173.181
v -1480.04 41.0539 173.181
v -1480.63 41.8651 172.905
v -1480.14 41 173.135
v -1480.43 41 172.997
v -1480.53 41 172.951
v -1480.43 41.2157 172.997
v -1480.63 41.0539 172.905
v -1480.29 41 173.066
v -1480.29 41.2157 173.066
v -1480.04 41.0539 173.181
v -1479.97 41.1078 173.155
v -1479.72 41.0539 172.498
v -1479.69 41.1078 172.57
v -1480.63 41.0539 172.905
v -1480.65 41.1078 172.834
v -1480.63 41.8651 172.905
v -1480.65 41.8651 172.834
v -1479.72 41.0539 172.498
v -1479.69 41.1078 172.57
v -1479.72 41.8651 172.498
v -1479.69 41.8651 172.57
v -1480.31 41.0539 172.223
v -1480.31 41.8651 172.223
v -1480.38 41.1078 172.248
v -1480.38 41.8651 172.248
v -1480.38 41.1078 172.248
v -1480.38 41.8651 172.248
v -1480.65 41.1078 172.834
v -1480.65 41.8651 172.834
v -1480.04 41.0539 173.181
v -1480.04 41.8651 173.181
v -1479.97 41.1078 173.155
v -1479.97 41.8651 173.155
v -1479.97 41.1078 173.155
v -1479.97 41.8651 173.155
v -1479.69 41.1078 172.57
v -1479.69 41.8651 172.57
v -1480.43 41 172.997
v -1480.11 41 172.314
v -1480.53 41 172.951
v -1480.21 41 172.268
v -1480.29 41 173.066
v -1479.96 41 172.383
v -1480.29 41.2157 173.066
v -1479.96 41.2157 172.383
v -1480.43 41.2157 172.997
v -1480.11 41.2157 172.314
v -1480.43 41 172.997
v -1480.11 41 172.314
v -1480.14 41 173.135
v -1479.82 41 172.452
v -1480.29 41 173.066
v -1479.96 41 172.383
v -1480.31 41.0539 172.223
v -1480.38 41.1078 172.248
v -1480.63 41.0539 172.905
v -1480.65 41.1078 172.834
v -1480.04 41.8651 172.409
v -1480.08 41.8651 172.386
v -1480.04 41.2157 172.409
v -1480.08 41.2157 172.386
v -1480.06 41.8651 172.337
v -1480.31 41.8651 172.223
v -1480.06 41.2157 172.337
v -1480.11 41.2157 172.314
v -1480.11 41 172.314
v -1480.21 41 172.268
v -1480.31 41.0539 172.223
v -1480.01 41.8651 172.36
v -1480.04 41.8651 172.409
v -1480.01 41.2157 172.36
v -1480.04 41.2157 172.409
v -1480.06 41.2157 172.337
v -1480.11 41.2157 172.314
v -1480.08 41.2157 172.386
v -1480.43 41.2157 172.997
v -1480.29 41.2157 173.066
v -1480.04 41.2157 172.409
v -1480.01 41.2157 172.36
v -1479.96 41.2157 172.383
v -1480.06 41.2157 172.337
v -1480.08 41.2157 172.386
v -1480.06 41.8651 172.337
v -1480.08 41.8651 172.386
v -1480.31 41.8651 172.223
v -1480.06 41.8651 172.337
v -1480.29 41.8855 172.269
v -1480.08 41.8855 172.37
v -1480.38 41.8651 172.248
v -1480.31 41.8651 172.223
v -1480.36 41.8855 172.293
v -1480.29 41.8855 172.269
v -1480.65 41.8651 172.834
v -1480.38 41.8651 172.248
v -1480.6 41.8855 172.819
v -1480.36 41.8855 172.293
v -1480.63 41.8651 172.905
v -1480.65 41.8651 172.834
v -1480.58 41.8855 172.884
v -1480.6 41.8855 172.819
v -1480.04 41.8651 173.181
v -1480.63 41.8651 172.905
v -1480.05 41.8855 173.132
v -1480.58 41.8855 172.884
v -1480.04 41.8651 173.181
v -1480.05 41.8855 173.132
v -1479.97 41.8651 173.155
v -1479.99 41.8855 173.109
v -1479.97 41.8651 173.155
v -1479.99 41.8855 173.109
v -1479.69 41.8651 172.57
v -1479.74 41.8855 172.582
v -1479.69 41.8651 172.57
v -1479.74 41.8855 172.582
v -1479.72 41.8651 172.498
v -1479.76 41.8855 172.517
v -1479.72 41.8651 172.498
v -1479.76 41.8855 172.517
v -1480.01 41.8651 172.36
v -1480.03 41.8855 172.393
v -1480.04 41.8855 172.409
v -1480.04 41.8651 172.409
v -1480.03 41.8855 172.393
v -1480.01 41.8651 172.36
v -1480.04 41.8651 172.409
v -1480.04 41.8855 172.409
v -1480.08 41.8651 172.386
v -1480.08 41.8855 172.386
v -1480.08 41.8855 172.386
v -1480.08 41.8855 172.37
v -1480.08 41.8651 172.386
v -1480.06 41.8651 172.337
v -1480.04 41.0539 173.181
v -1479.72 41.0539 172.498
v -1480.14 41 173.135
v -1479.82 41 172.452
v -1480.53 41 172.951
v -1480.21 41 172.268
v -1480.63 41.0539 172.905
v -1480.31 41.0539 172.223
v -1481.35 41 174.353
v -1481.2 41 174.422
v -1481.35 41.2157 174.353
v -1481.4 41.2157 174.33
v -1481.4 41.8651 174.33
v -1481.11 41.8651 174.468
v -1481.11 41.0539 174.468
v -1481.46 41.8855 174.34
v -1481.47 41.8855 174.356
v -1481.68 41.8855 174.239
v -1481.42 41.8855 174.363
v -1481.15 41.8855 174.487
v -1481.42 41.8855 174.379
v -1481.74 41.8855 174.263
v -1481.99 41.8855 174.789
v -1481.97 41.8855 174.854
v -1481.44 41.8855 175.102
v -1481.38 41.8855 175.079
v -1481.13 41.8855 174.552
v -1481.43 41.8651 175.151
v -1481.43 41.0539 175.151
v -1482.01 41.8651 174.875
v -1481.53 41 175.105
v -1481.82 41 174.967
v -1481.92 41 174.921
v -1481.82 41.2157 174.967
v -1482.01 41.0539 174.875
v -1481.67 41 175.036
v -1481.67 41.2157 175.036
v -1481.43 41.0539 175.151
v -1481.36 41.1078 175.125
v -1481.11 41.0539 174.468
v -1481.08 41.1078 174.54
v -1482.01 41.0539 174.875
v -1482.04 41.1078 174.804
v -1482.01 41.8651 174.875
v -1482.04 41.8651 174.804
v -1481.11 41.0539 174.468
v -1481.08 41.1078 174.54
v -1481.11 41.8651 174.468
v -1481.08 41.8651 174.54
v -1481.69 41.0539 174.192
v -1481.69 41.8651 174.192
v -1481.76 41.1078 174.218
v -1481.76 41.8651 174.218
v -1481.76 41.1078 174.218
v -1481.76 41.8651 174.218
v -1482.04 41.1078 174.804
v -1482.04 41.8651 174.804
v -1481.43 41.0539 175.151
v -1481.43 41.8651 175.151
v -1481.36 41.1078 175.125
v -1481.36 41.8651 175.125
v -1481.36 41.1078 175.125
v -1481.36 41.8651 175.125
v -1481.08 41.1078 174.54
v -1481.08 41.8651 174.54
v -1481.82 41 174.967
v -1481.5 41 174.284
v -1481.92 41 174.921
v -1481.59 41 174.238
v -1481.67 41 175.036
v -1481.35 41 174.353
v -1481.67 41.2157 175.036
v -1481.35 41.2157 174.353
v -1481.82 41.2157 174.967
v -1481.5 41.2157 174.284
v -1481.82 41 174.967
v -1481.5 41 174.284
v -1481.53 41 175.105
v -1481.2 41 174.422
v -1481.67 41 175.036
v -1481.35 41 174.353
v -1481.69 41.0539 174.192
v -1481.76 41.1078 174.218
v -1482.01 41.0539 174.875
v -1482.04 41.1078 174.804
v -1481.42 41.8651 174.379
v -1481.47 41.8651 174.356
v -1481.42 41.2157 174.379
v -1481.47 41.2157 174.356
v -1481.45 41.8651 174.307
v -1481.69 41.8651 174.192
v -1481.45 41.2157 174.307
v -1481.5 41.2157 174.284
v -1481.5 41 174.284
v -1481.59 41 174.238
v -1481.69 41.0539 174.192
v -1481.4 41.8651 174.33
v -1481.42 41.8651 174.379
v -1481.4 41.2157 174.33
v -1481.42 41.2157 174.379
v -1481.45 41.2157 174.307
v -1481.5 41.2157 174.284
v -1481.47 41.2157 174.356
v -1481.82 41.2157 174.967
v -1481.67 41.2157 175.036
v -1481.42 41.2157 174.379
v -1481.4 41.2157 174.33
v -1481.35 41.2157 174.353
v -1481.45 41.2157 174.307
v -1481.47 41.2157 174.356
v -1481.45 41.8651 174.307
v -1481.47 41.8651 174.356
v -1481.69 41.8651 174.192
v -1481.45 41.8651 174.307
v -1481.68 41.8855 174.239
v -1481.46 41.8855 174.34
v -1481.76 41.8651 174.218
v -1481.69 41.8651 174.192
v -1481.74 41.8855 174.263
v -1481.68 41.8855 174.239
v -1482.04 41.8651 174.804
v -1481.76 41.8651 174.218
v -1481.99 41.8855 174.789
v -1481.74 41.8855 174.263
v -1482.01 41.8651 174.875
v -1482.04 41.8651 174.804
v -1481.97 41.8855 174.854
v -1481.99 41.8855 174.789
v -1481.43 41.8651 175.151
v -1482.01 41.8651 174.875
v -1481.44 41.8855 175.102
v -1481.97 41.8855 174.854
v -1481.43 41.8651 175.151
v -1481.44 41.8855 175.102
v -1481.36 41.8651 175.125
v -1481.38 41.8855 175.079
v -1481.36 41.8651 175.125
v -1481.38 41.8855 175.079
v -1481.08 41.8651 174.54
v -1481.13 41.8855 174.552
v -1481.08 41.8651 174.54
v -1481.13 41.8855 174.552
v -1481.11 41.8651 174.468
v -1481.15 41.8855 174.487
v -1481.11 41.8651 174.468
v -1481.15 41.8855 174.487
v -1481.4 41.8651 174.33
v -1481.42 41.8855 174.363
v -1481.42 41.8855 174.379
v -1481.42 41.8651 174.379
v -1481.42 41.8855 174.363
v -1481.4 41.8651 174.33
v -1481.42 41.8651 174.379
v -1481.42 41.8855 174.379
v -1481.47 41.8651 174.356
v -1481.47 41.8855 174.356
v -1481.47 41.8855 174.356
v -1481.46 41.8855 174.34
v -1481.47 41.8651 174.356
v -1481.45 41.8651 174.307
v -1481.43 41.0539 175.151
v -1481.11 41.0539 174.468
v -1481.53 41 175.105
v -1481.2 41 174.422
v -1481.92 41 174.921
v -1481.59 41 174.238
v -1482.01 41.0539 174.875
v -1481.69 41.0539 174.192
v -1481.94 41 176.055
v -1482.03 41 176.193
v -1481.94 41.2157 176.055
v -1481.91 41.2157 176.009
v -1481.91 41.8651 176.009
v -1482.08 41.8651 176.285
v -1482.08 41.0539 176.285
v -1481.92 41.8855 175.944
v -1481.93 41.8855 175.935
v -1481.79 41.8855 175.742
v -1481.95 41.8855 175.99
v -1482.1 41.8855 176.238
v -1481.96 41.8855 175.981
v -1481.81 41.8855 175.675
v -1482.31 41.8855 175.371
v -1482.37 41.8855 175.387
v -1482.68 41.8855 175.884
v -1482.66 41.8855 175.951
v -1482.16 41.8855 176.254
v -1482.73 41.8651 175.891
v -1482.73 41.0539 175.891
v -1482.39 41.8651 175.339
v -1482.67 41 175.799
v -1482.5 41 175.523
v -1482.45 41 175.431
v -1482.5 41.2157 175.523
v -1482.39 41.0539 175.339
v -1482.59 41 175.661
v -1482.59 41.2157 175.661
v -1482.73 41.0539 175.891
v -1482.71 41.1078 175.965
v -1482.08 41.0539 176.285
v -1482.16 41.1078 176.303
v -1482.39 41.0539 175.339
v -1482.32 41.1078 175.322
v -1482.39 41.8651 175.339
v -1482.32 41.8651 175.322
v -1482.08 41.0539 176.285
v -1482.16 41.1078 176.303
v -1482.08 41.8651 176.285
v -1482.16 41.8651 176.303
v -1481.75 41.0539 175.733
v -1481.75 41.8651 175.733
v -1481.76 41.1078 175.659
v -1481.76 41.8651 175.659
v -1481.76 41.1078 175.659
v -1481.76 41.8651 175.659
v -1482.32 41.1078 175.322
v -1482.32 41.8651 175.322
v -1482.73 41.0539 175.891
v -1482.73 41.8651 175.891
v -1482.71 41.1078 175.965
v -1482.71 41.8651 175.965
v -1482.71 41.1078 175.965
v -1482.71 41.8651 175.965
v -1482.16 41.1078 176.303
v -1482.16 41.8651 176.303
v -1482.5 41 175.523
v -1481.86 41 175.917
v -1482.45 41 175.431
v -1481.8 41 175.825
v -1482.59 41 175.661
v -1481.94 41 176.055
v -1482.59 41.2157 175.661
v -1481.94 41.2157 176.055
v -1482.5 41.2157 175.523
v -1481.86 41.2157 175.917
v -1482.5 41 175.523
v -1481.86 41 175.917
v -1482.67 41 175.799
v -1482.03 41 176.193
v -1482.59 41 175.661
v -1481.94 41 176.055
v -1481.75 41.0539 175.733
v -1481.76 41.1078 175.659
v -1482.39 41.0539 175.339
v -1482.32 41.1078 175.322
v -1481.96 41.8651 175.981
v -1481.93 41.8651 175.935
v -1481.96 41.2157 175.981
v -1481.93 41.2157 175.935
v -1481.89 41.8651 175.963
v -1481.75 41.8651 175.733
v -1481.89 41.2157 175.963
v -1481.86 41.2157 175.917
v -1481.86 41 175.917
v -1481.8 41 175.825
v -1481.75 41.0539 175.733
v -1481.91 41.8651 176.009
v -1481.96 41.8651 175.981
v -1481.91 41.2157 176.009
v -1481.96 41.2157 175.981
v -1481.89 41.2157 175.963
v -1481.86 41.2157 175.917
v -1481.93 41.2157 175.935
v -1482.5 41.2157 175.523
v -1482.59 41.2157 175.661
v -1481.96 41.2157 175.981
v -1481.91 41.2157 176.009
v -1481.94 41.2157 176.055
v -1481.89 41.2157 175.963
v -1481.93 41.2157 175.935
v -1481.89 41.8651 175.963
v -1481.93 41.8651 175.935
v -1481.75 41.8651 175.733
v -1481.89 41.8651 175.963
v -1481.79 41.8855 175.742
v -1481.92 41.8855 175.944
v -1481.76 41.8651 175.659
v -1481.75 41.8651 175.733
v -1481.81 41.8855 175.675
v -1481.79 41.8855 175.742
v -1482.32 41.8651 175.322
v -1481.76 41.8651 175.659
v -1482.31 41.8855 175.371
v -1481.81 41.8855 175.675
v -1482.39 41.8651 175.339
v -1482.32 41.8651 175.322
v -1482.37 41.8855 175.387
v -1482.31 41.8855 175.371
v -1482.73 41.8651 175.891
v -1482.39 41.8651 175.339
v -1482.68 41.8855 175.884
v -1482.37 41.8855 175.387
v -1482.73 41.8651 175.891
v -1482.68 41.8855 175.884
v -1482.71 41.8651 175.965
v -1482.66 41.8855 175.951
v -1482.71 41.8651 175.965
v -1482.66 41.8855 175.951
v -1482.16 41.8651 176.303
v -1482.16 41.8855 176.254
v -1482.16 41.8651 176.303
v -1482.16 41.8855 176.254
v -1482.08 41.8651 176.285
v -1482.1 41.8855 176.238
v -1482.08 41.8651 176.285
v -1482.1 41.8855 176.238
v -1481.91 41.8651 176.009
v -1481.95 41.8855 175.99
v -1481.96 41.8855 175.981
v -1481.96 41.8651 175.981
v -1481.95 41.8855 175.99
v -1481.91 41.8651 176.009
v -1481.96 41.8651 175.981
v -1481.96 41.8855 175.981
v -1481.93 41.8651 175.935
v -1481.93 41.8855 175.935
v -1481.93 41.8855 175.935
v -1481.92 41.8855 175.944
v -1481.93 41.8651 175.935
v -1481.89 41.8651 175.963
v -1482.73 41.0539 175.891
v -1482.08 41.0539 176.285
v -1482.67 41 175.799
v -1482.03 41 176.193
v -1482.45 41 175.431
v -1481.8 41 175.825
v -1482.39 41.0539 175.339
v -1481.75 41.0539 175.733
v -1482.92 41 174.295
v -1483.05 41 174.199
v -1482.92 41.2157 174.295
v -1482.88 41.2157 174.327
v -1482.88 41.8651 174.327
v -1483.14 41.8651 174.136
v -1483.14 41.0539 174.136
v -1482.81 41.8855 174.329
v -1482.8 41.8855 174.315
v -1482.62 41.8855 174.469
v -1482.86 41.8855 174.297
v -1483.09 41.8855 174.125
v -1482.85 41.8855 174.283
v -1482.55 41.8855 174.459
v -1482.21 41.8855 173.989
v -1482.22 41.8855 173.921
v -1482.69 41.8855 173.577
v -1482.76 41.8855 173.588
v -1483.1 41.8855 174.058
v -1482.69 41.8651 173.527
v -1482.69 41.0539 173.527
v -1482.17 41.8651 173.909
v -1482.61 41 173.59
v -1482.34 41 173.781
v -1482.26 41 173.845
v -1482.34 41.2157 173.781
v -1482.17 41.0539 173.909
v -1482.47 41 173.686
v -1482.47 41.2157 173.686
v -1482.69 41.0539 173.527
v -1482.77 41.1078 173.538
v -1483.14 41.0539 174.136
v -1483.15 41.1078 174.06
v -1482.17 41.0539 173.909
v -1482.16 41.1078 173.984
v -1482.17 41.8651 173.909
v -1482.16 41.8651 173.984
v -1483.14 41.0539 174.136
v -1483.15 41.1078 174.06
v -1483.14 41.8651 174.136
v -1483.15 41.8651 174.06
v -1482.62 41.0539 174.518
v -1482.62 41.8651 174.518
v -1482.54 41.1078 174.506
v -1482.54 41.8651 174.506
v -1482.54 41.1078 174.506
v -1482.54 41.8651 174.506
v -1482.16 41.1078 173.984
v -1482.16 41.8651 173.984
v -1482.69 41.0539 173.527
v -1482.69 41.8651 173.527
v -1482.77 41.1078 173.538
v -1482.77 41.8651 173.538
v -1482.77 41.1078 173.538
v -1482.77 41.8651 173.538
v -1483.15 41.1078 174.06
v -1483.15 41.8651 174.06
v -1482.34 41 173.781
v -1482.79 41 174.39
v -1482.26 41 173.845
v -1482.7 41 174.454
v -1482.47 41 173.686
v -1482.92 41 174.295
v -1482.47 41.2157 173.686
v -1482.92 41.2157 174.295
v -1482.34 41.2157 173.781
v -1482.79 41.2157 174.39
v -1482.34 41 173.781
v -1482.79 41 174.39
v -1482.61 41 173.59
v -1483.05 41 174.199
v -1482.47 41 173.686
v -1482.92 41 174.295
v -1482.62 41.0539 174.518
v -1482.54 41.1078 174.506
v -1482.17 41.0539 173.909
v -1482.16 41.1078 173.984
v -1482.85 41.8651 174.283
v -1482.8 41.8651 174.315
v -1482.85 41.2157 174.283
v -1482.8 41.2157 174.315
v -1482.83 41.8651 174.359
v -1482.62 41.8651 174.518
v -1482.83 41.2157 174.359
v -1482.79 41.2157 174.39
v -1482.79 41 174.39
v -1482.7 41 174.454
v -1482.62 41.0539 174.518
v -1482.88 41.8651 174.327
v -1482.85 41.8651 174.283
v -1482.88 41.2157 174.327
v -1482.85 41.2157 174.283
v -1482.83 41.2157 174.359
v -1482.79 41.2157 174.39
v -1482.8 41.2157 174.315
v -1482.34 41.2157 173.781
v -1482.47 41.2157 173.686
v -1482.85 41.2157 174.283
v -1482.88 41.2157 174.327
v -1482.92 41.2157 174.295
v -1482.83 41.2157 174.359
v -1482.8 41.2157 174.315
v -1482.83 41.8651 174.359
v -1482.8 41.8651 174.315
v -1482.62 41.8651 174.518
v -1482.83 41.8651 174.359
v -1482.62 41.8855 174.469
v -1482.81 41.8855 174.329
v -1482.54 41.8651 174.506
v -1482.62 41.8651 174.518
v -1482.55 41.8855 174.459
v -1482.62 41.8855 174.469
v -1482.16 41.8651 173.984
v -1482.54 41.8651 174.506
v -1482.21 41.8855 173.989
v -1482.55 41.8855 174.459
v -1482.17 41.8651 173.909
v -1482.16 41.8651 173.984
v -1482.22 41.8855 173.921
v -1482.21 41.8855 173.989
v -1482.69 41.8651 173.527
v -1482.17 41.8651 173.909
v -1482.69 41.8855 173.577
v -1482.22 41.8855 173.921
v -1482.69 41.8651 173.527
v -1482.69 41.8855 173.577
v -1482.77 41.8651 173.538
v -1482.76 41.8855 173.588
v -1482.77 41.8651 173.538
v -1482.76 41.8855 173.588
v -1483.15 41.8651 174.06
v -1483.1 41.8855 174.058
v -1483.15 41.8651 174.06
v -1483.1 41.8855 174.058
v -1483.14 41.8651 174.136
v -1483.09 41.8855 174.125
v -1483.14 41.8651 174.136
v -1483.09 41.8855 174.125
v -1482.88 41.8651 174.327
v -1482.86 41.8855 174.297
v -1482.85 41.8855 174.283
v -1482.85 41.8651 174.283
v -1482.86 41.8855 174.297
v -1482.88 41.8651 174.327
v -1482.85 41.8651 174.283
v -1482.85 41.8855 174.283
v -1482.8 41.8651 174.315
v -1482.8 41.8855 174.315
v -1482.8 41.8855 174.315
v -1482.81 41.8855 174.329
v -1482.8 41.8651 174.315
v -1482.83 41.8651 174.359
v -1482.69 41.0539 173.527
v -1483.14 41.0539 174.136
v -1482.61 41 173.59
v -1483.05 41 174.199
v -1482.26 41 173.845
v -1482.7 41 174.454
v -1482.17 41.0539 173.909
v -1482.62 41.0539 174.518
v -1481.67 41 172.445
v -1481.6 41 172.298
v -1481.67 41.2157 172.445
v -1481.69 41.2157 172.494
v -1481.69 41.8651 172.494
v -1481.55 41.8651 172.2
v -1481.55 41.0539 172.2
v -1481.68 41.8855 172.558
v -1481.66 41.8855 172.565
v -1481.78 41.8855 172.773
v -1481.66 41.8855 172.509
v -1481.53 41.8855 172.244
v -1481.64 41.8855 172.516
v -1481.75 41.8855 172.838
v -1481.22 41.8855 173.081
v -1481.16 41.8855 173.057
v -1480.92 41.8855 172.528
v -1480.94 41.8855 172.464
v -1481.47 41.8855 172.221
v -1480.87 41.8651 172.515
v -1480.87 41.0539 172.515
v -1481.14 41.8651 173.103
v -1480.91 41 172.613
v -1481.05 41 172.907
v -1481.09 41 173.005
v -1481.05 41.2157 172.907
v -1481.14 41.0539 173.103
v -1480.98 41 172.76
v -1480.98 41.2157 172.76
v -1480.87 41.0539 172.515
v -1480.9 41.1078 172.443
v -1481.55 41.0539 172.2
v -1481.48 41.1078 172.173
v -1481.14 41.0539 173.103
v -1481.21 41.1078 173.129
v -1481.14 41.8651 173.103
v -1481.21 41.8651 173.129
v -1481.55 41.0539 172.2
v -1481.48 41.1078 172.173
v -1481.55 41.8651 172.2
v -1481.48 41.8651 172.173
v -1481.82 41.0539 172.788
v -1481.82 41.8651 172.788
v -1481.8 41.1078 172.859
v -1481.8 41.8651 172.859
v -1481.8 41.1078 172.859
v -1481.8 41.8651 172.859
v -1481.21 41.1078 173.129
v -1481.21 41.8651 173.129
v -1480.87 41.0539 172.515
v -1480.87 41.8651 172.515
v -1480.9 41.1078 172.443
v -1480.9 41.8651 172.443
v -1480.9 41.1078 172.443
v -1480.9 41.8651 172.443
v -1481.48 41.1078 172.173
v -1481.48 41.8651 172.173
v -1481.05 41 172.907
v -1481.73 41 172.592
v -1481.09 41 173.005
v -1481.78 41 172.69
v -1480.98 41 172.76
v -1481.67 41 172.445
v -1480.98 41.2157 172.76
v -1481.67 41.2157 172.445
v -1481.05 41.2157 172.907
v -1481.73 41.2157 172.592
v -1481.05 41 172.907
v -1481.73 41 172.592
v -1480.91 41 172.613
v -1481.6 41 172.298
v -1480.98 41 172.76
v -1481.67 41 172.445
v -1481.82 41.0539 172.788
v -1481.8 41.1078 172.859
v -1481.14 41.0539 173.103
v -1481.21 41.1078 173.129
v -1481.64 41.8651 172.516
v -1481.66 41.8651 172.565
v -1481.64 41.2157 172.516
v -1481.66 41.2157 172.565
v -1481.71 41.8651 172.543
v -1481.82 41.8651 172.788
v -1481.71 41.2157 172.543
v -1481.73 41.2157 172.592
v -1481.73 41 172.592
v -1481.78 41 172.69
v -1481.82 41.0539 172.788
v -1481.69 41.8651 172.494
v -1481.64 41.8651 172.516
v -1481.69 41.2157 172.494
v -1481.64 41.2157 172.516
v -1481.71 41.2157 172.543
v -1481.73 41.2157 172.592
v -1481.66 41.2157 172.565
v -1481.05 41.2157 172.907
v -1480.98 41.2157 172.76
v -1481.64 41.2157 172.516
v -1481.69 41.2157 172.494
v -1481.67 41.2157 172.445
v -1481.71 41.2157 172.543
v -1481.66 41.2157 172.565
v -1481.71 41.8651 172.543
v -1481.66 41.8651 172.565
v -1481.82 41.8651 172.788
v -1481.71 41.8651 172.543
v -1481.78 41.8855 172.773
v -1481.68 41.8855 172.558
v -1481.8 41.8651 172.859
v -1481.82 41.8651 172.788
v -1481.75 41.8855 172.838
v -1481.78 41.8855 172.773
v -1481.21 41.8651 173.129
v -1481.8 41.8651 172.859
v -1481.22 41.8855 173.081
v -1481.75 41.8855 172.838
v -1481.14 41.8651 173.103
v -1481.21 41.8651 173.129
v -1481.16 41.8855 173.057
v -1481.22 41.8855 173.081
v -1480.87 41.8651 172.515
v -1481.14 41.8651 173.103
v -1480.92 41.8855 172.528
v -1481.16 41.8855 173.057
v -1480.87 41.8651 172.515
v -1480.92 41.8855 172.528
v -1480.9 41.8651 172.443
v -1480.94 41.8855 172.464
v -1480.9 41.8651 172.443
v -1480.94 41.8855 172.464
v -1481.48 41.8651 172.173
v -1481.47 41.8855 172.221
v -1481.48 41.8651 172.173
v -1481.47 41.8855 172.221
v -1481.55 41.8651 172.2
v -1481.53 41.8855 172.244
v -1481.55 41.8651 172.2
v -1481.53 41.8855 172.244
v -1481.69 41.8651 172.494
v -1481.66 41.8855 172.509
v -1481.64 41.8855 172.516
v -1481.64 41.8651 172.516
v -1481.66 41.8855 172.509
v -1481.69 41.8651 172.494
v -1481.64 41.8651 172.516
v -1481.64 41.8855 172.516
v -1481.66 41.8651 172.565
v -1481.66 41.8855 172.565
v -1481.66 41.8855 172.565
v -1481.68 41.8855 172.558
v -1481.66 41.8651 172.565
v -1481.71 41.8651 172.543
v -1480.87 41.0539 172.515
v -1481.55 41.0539 172.2
v -1480.91 41 172.613
v -1481.6 41 172.298
v -1481.09 41 173.005
v -1481.78 41 172.69
v -1481.14 41.0539 173.103
v -1481.82 41.0539 172.788
v -1469.04 41.0047 190.734
v -1469.04 41.011 190.727
v -1469.04 40.9991 190.728
v -1469.04 41.0037 190.722
v -1469.08 41.017 190.742
v -1469.08 41.0089 190.749
v -1469.09 41.0077 190.736
v -1469.08 41.0019 190.744
v -1468.52 41.0125 190.827
v -1468.55 41.0265 190.878
v -1468.6 41.0183 190.811
v -1468.58 40.9597 190.833
v -1468.6 41.0382 190.905
v -1468.52 41.0125 190.827
v -1468.52 40.9466 190.776
v -1468.55 41.0583 190.74
v -1468.55 41.0636 190.683
v -1468.53 41.0798 190.703
v -1468.61 41.063 190.74
v -1468.58 41.0652 190.677
v -1468.62 41.0135 190.755
v -1468.64 41.0138 190.806
v -1468.58 41.0015 190.74
v -1468.59 41.0486 190.786
v -1468.67 41.0713 190.832
v -1468.63 41.099 190.751
v -1468.63 41.0409 190.805
v -1468.52 40.99 190.738
v -1468.55 40.9957 190.778
v -1468.57 41.0471 190.703
v -1468.54 41.0515 190.682
v -1468.44 41.0183 190.811
v -1468.48 41.0265 190.878
v -1468.45 40.9597 190.833
v -1468.43 41.0382 190.905
v -1468.48 41.0583 190.74
v -1468.45 41.0652 190.677
v -1468.43 41.063 190.74
v -1468.42 41.0135 190.755
v -1468.39 41.0138 190.806
v -1468.45 41.0015 190.74
v -1468.49 40.9957 190.778
v -1468.37 41.0713 190.832
v -1468.41 41.099 190.751
v -1468.4 41.0409 190.805
v -1468.44 41.0486 190.786
v -1468.49 41.0515 190.682
v -1468.51 41.0798 190.703
v -1468.47 41.0471 190.703
v -1468.49 41.0636 190.683
v -1468.54 41.0169 191.263
v -1468.53 41.0635 191.465
v -1468.52 40.9968 191.264
v -1468.52 41.0458 191.465
v -1468.52 41.037 191.262
v -1468.52 41.0812 191.465
v -1468.52 41.0137 191.115
v -1468.54 41.0363 191.113
v -1468.52 41.0589 191.111
v -1468.54 41.0168 190.958
v -1468.52 40.9918 190.962
v -1468.52 41.0417 190.954
v -1468.52 41.0038 190.864
v -1468.52 41.053 191.53
v -1468.5 41.0169 191.263
v -1468.5 41.0635 191.465
v -1468.49 41.0363 191.113
v -1468.49 41.0168 190.958
v -1468.64 41.0042 191.286
v -1468.57 41.0106 191.326
v -1468.64 41.0177 191.369
v -1468.75 41.01 191.371
v -1468.64 41.0039 191.341
v -1468.65 40.9927 191.159
v -1468.69 40.993 191.236
v -1468.7 41.0002 191.202
v -1468.69 41.0174 191.28
v -1468.74 41.052 191.336
v -1468.77 41.026 191.352
v -1468.7 41.0002 191.202
v -1468.72 41.0307 191.342
v -1468.66 41.101 191.372
v -1468.69 40.993 191.236
v -1468.66 41.0011 191.034
v -1468.64 40.9958 191.03
v -1468.67 40.9998 190.972
v -1468.65 40.9959 190.968
v -1468.61 41.0058 191.104
v -1468.56 41.0148 191.11
v -1468.6 40.9994 191.084
v -1468.6 41.019 191.086
v -1468.64 41.0103 191.03
v -1468.66 41.0082 190.968
v -1468.65 41.003 190.903
v -1468.63 40.9979 190.903
v -1468.64 41.0096 190.907
v -1468.69 41.0776 191.202
v -1468.66 41.0744 191.198
v -1468.64 41.1229 191.164
v -1468.63 41.1118 191.166
v -1468.56 41.0017 191.315
v -1468.63 41.0161 191.284
v -1468.56 40.9942 191.295
v -1468.63 41.0099 191.262
v -1468.64 40.9989 191.281
v -1468.57 40.9857 191.313
v -1468.68 41.0318 191.243
v -1468.66 41.0392 191.23
v -1468.66 41.0443 191.247
v -1468.67 41.0814 191.213
v -1468.64 41.1215 191.177
v -1468.6 41.1332 191.16
v -1468.6 41.1186 191.167
v -1468.62 41.1295 191.172
v -1468.53 41.0098 191.306
v -1468.59 41.0033 191.285
v -1468.58 41.0155 191.287
v -1468.58 40.9963 191.276
v -1468.61 41.0135 191.246
v -1468.6 40.9977 191.238
v -1468.62 41.0037 191.251
v -1468.62 41.0078 191.197
v -1468.6 41.0001 191.197
v -1468.61 41.0164 191.202
v -1468.58 41.0088 191.15
v -1468.58 41.002 191.159
v -1468.59 41.0177 191.16
v -1468.55 41.0091 191.143
v -1468.56 41.004 191.155
v -1468.57 41.0168 191.152
v -1468.6 41.0373 190.631
v -1468.59 41.0137 190.635
v -1468.56 41.0258 190.444
v -1468.53 41.0022 190.448
v -1468.52 41.0214 190.451
v -1468.57 41.0329 190.636
v -1468.58 41.0457 190.633
v -1468.53 41.0354 190.447
v -1468.56 41.0258 190.444
v -1468.6 41.0373 190.631
v -1468.53 40.9975 190.402
v -1468.49 41.0192 190.41
v -1468.57 41.0084 190.39
v -1468.57 41.0084 190.39
v -1468.53 41.0414 190.399
v -1468.51 41.0109 190.348
v -1468.59 41.0137 190.635
v -1468.6 41.0373 190.631
v -1468.57 41.0329 190.636
v -1468.58 41.0457 190.633
v -1468.62 41.0266 190.628
v -1468.58 41.0219 190.449
v -1468.61 41.0094 190.629
v -1468.57 41.0019 190.45
v -1468.63 41.0138 190.625
v -1468.59 41.0083 190.429
v -1468.62 41.0266 190.628
v -1468.58 41.0219 190.449
v -1468.63 41.0138 190.625
v -1468.59 41.0083 190.429
v -1468.62 41.0266 190.628
v -1468.61 41.0094 190.629
v -1468.63 41.0138 190.625
v -1468.58 41.0219 190.449
v -1468.59 41.0083 190.429
v -1468.57 41.0019 190.45
v -1468.37 40.9889 190.714
v -1468.38 41.0286 190.743
v -1468.35 41.0227 190.746
v -1468.35 41.0274 190.723
v -1468.35 41.0227 190.746
v -1468.38 41.0286 190.743
v -1468.38 41.0661 190.725
v -1468.35 41.0274 190.723
v -1468.41 41.0264 190.759
v -1468.43 40.9983 190.673
v -1468.42 41.0083 190.6
v -1468.43 41.0386 190.599
v -1468.4 41.0357 190.58
v -1468.4 41.0357 190.58
v -1468.41 41.0528 190.586
v -1468.47 41.0417 190.389
v -1468.46 41.0115 190.384
v -1468.43 41.0386 190.369
v -1468.45 41.0557 190.375
v -1468.43 41.0386 190.369
v -1468.48 41.0035 190.308
v -1468.44 41.0209 190.297
v -1468.51 41.0284 190.311
v -1468.47 41.0531 190.297
v -1468.44 41.0209 190.297
v -1468.48 41.0263 190.27
v -1468.48 41.0263 190.27
v -1468.48 41.0263 190.27
v -1468.15 41.0217 190.994
v -1468.13 41.0224 191.023
v -1468.15 41.0444 191.022
v -1468.13 41.0053 191.016
v -1468.16 41.0015 190.993
v -1468.17 41.031 191.014
v -1468.3 40.9883 191.295
v -1468.27 40.9827 191.251
v -1468.32 40.9976 191.261
v -1468.28 40.9971 191.239
v -1468.27 41.0086 191.256
v -1468.31 41.0301 191.29
v -1468.27 40.998 191.271
v -1468.27 41.0045 191.301
v -1468.32 41.0124 191.307
v -1468.18 41.0134 191.049
v -1468.17 41.0025 191.052
v -1468.17 41.0255 191.057
v -1468.16 41.0097 191.059
v -1468.35 41.0103 190.96
v -1468.39 40.9999 191.012
v -1468.34 41.0099 190.97
v -1468.37 40.9999 191.024
v -1468.44 40.9989 191.074
v -1468.44 40.9988 191.051
v -1468.49 41.0149 191.067
v -1468.44 41.0168 191.058
v -1468.38 41.0127 191.018
v -1468.35 41.021 190.965
v -1468.34 41.032 190.901
v -1468.35 41.0294 190.896
v -1468.34 41.039 190.904
v -1468.33 41.0086 191.195
v -1468.35 40.9997 191.122
v -1468.35 40.9995 191.186
v -1468.36 40.9934 191.129
v -1468.42 41.0241 191.266
v -1468.48 41.0178 191.272
v -1468.41 41.0037 191.259
v -1468.41 41.0131 191.282
v -1468.36 41.0106 191.249
v -1468.37 41.0021 191.23
v -1468.37 41.0191 191.237
v -1468.34 41.0171 191.193
v -1468.35 41.01 191.132
v -1468.39 40.9967 191.098
v -1468.39 40.9934 191.114
v -1468.37 41.0067 191.114
v -1468.49 41.0094 191.331
v -1468.44 41.0181 191.33
v -1468.42 41.0064 191.329
v -1468.43 41.0014 191.317
v -1468.4 41.024 191.299
v -1468.4 41.0102 191.288
v -1468.39 41.0132 191.305
v -1468.37 41.028 191.258
v -1468.39 41.0209 191.25
v -1468.38 41.0356 191.26
v -1468.39 41.0391 191.202
v -1468.4 41.0308 191.207
v -1468.39 41.0458 191.214
v -1468.42 41.0414 191.185
v -1468.42 41.0338 191.197
v -1468.41 41.0468 191.2
v -1468.22 41.0098 190.839
v -1468.23 41.0019 190.841
v -1468.24 41.0062 190.745
v -1468.22 40.9923 190.84
v -1468.21 41.0026 190.838
v -1468.19 41.0099 190.937
v -1468.21 41.009 190.94
v -1468.17 41.0073 190.978
v -1468.19 40.9923 190.969
v -1468.18 41.0098 190.993
v -1468.19 41.0293 190.969
v -1468.2 41.0089 190.991
v -1468.2 40.9964 190.94
v -1468.2 41.0261 190.94
v -1468.19 41.001 190.731
v -1468.18 40.9992 190.827
v -1468.18 41.0046 190.83
v -1468.2 40.9952 190.737
v -1468.18 41.0057 190.703
v -1468.23 41.0174 190.711
v -1468.22 41.0037 190.711
v -1468.2 41.011 190.737
v -1468.22 41.0069 190.742
v -1468.19 41.0036 190.829
v -1468.16 41.0086 190.93
v -1468.15 41.0089 190.979
v -1468.16 41.0166 190.932
v -1468.16 41.0084 190.986
v -1468.16 40.9978 190.932
v -1468.17 41.0079 190.973
v -1468.18 41.0102 190.829
v -1468.17 41.0081 190.932
v -1468.17 41.0079 190.973
v -1468.22 41.0009 190.591
v -1468.21 40.9953 190.681
v -1468.21 41.0042 190.64
v -1468.24 40.9971 190.689
v -1468.23 41.0059 190.649
v -1468.25 41.0081 190.662
v -1468.26 41.0014 190.673
v -1468.21 41.0236 190.685
v -1468.22 41.0149 190.642
v -1468.26 41.0173 190.599
v -1468.23 41.016 190.677
v -1468.29 41.0113 190.675
v -1468.28 41.0011 190.663
v -1468.23 40.9995 190.7
v -1468.24 41.0105 190.699
v -1468.22 41.0102 190.709
v -1468.17 41.0057 190.682
v -1468.18 40.9934 190.673
v -1468.18 41.0222 190.673
v -1468.16 40.9999 190.611
v -1468.17 41.0135 190.607
v -1468.23 41.016 190.677
v -1468.29 41.0031 190.682
v -1468.27 41.002 190.599
v -1468.25 41.003 190.596
v -1468.2 41.0136 190.593
v -1468.21 40.9996 190.59
v -1468.19 40.9998 190.596
v -1468.19 41.0036 190.644
v -1468.23 41.015 190.592
v -1468.23 40.9985 190.593
v -1468.29 40.997 190.671
v -1468.17 40.9996 190.605
v -1468.18 41.0222 190.673
v -1468.24 41.0067 190.576
v -1468.23 41.0134 190.575
v -1468.23 41.0014 190.575
v -1468.22 41.0064 190.574
v -1468.24 41.0148 190.529
v -1468.24 41.0062 190.531
v -1468.23 41.0059 190.529
v -1468.24 40.9996 190.529
v -1468.21 41.0049 190.58
v -1468.2 41.0116 190.58
v -1468.2 40.9995 190.58
v -1468.19 41.0045 190.579
v -1468.21 40.9979 190.538
v -1468.2 41.004 190.538
v -1468.2 41.013 190.538
v -1468.21 41.0045 190.539
v -1468.18 41.0048 190.593
v -1468.17 41.0119 190.594
v -1468.17 40.9982 190.593
v -1468.16 41.0033 190.594
v -1468.16 41.004 190.55
v -1468.16 41.0135 190.55
v -1468.16 40.9996 190.55
v -1468.17 41.0056 190.55
v -1468.37 41.0048 190.286
v -1468.38 41.0128 190.293
v -1468.38 40.999 190.292
v -1468.38 41.0049 190.299
v -1468.35 41.004 190.325
v -1468.34 41.0128 190.32
v -1468.34 40.9988 190.319
v -1468.34 41.0041 190.313
v -1468.37 41.0048 190.265
v -1468.37 41.0128 190.271
v -1468.37 40.999 190.271
v -1468.37 41.0049 190.277
v -1468.34 41.004 190.303
v -1468.33 41.0128 190.298
v -1468.33 40.9988 190.297
v -1468.33 41.0041 190.291
v -1468.37 41.0065 190.231
v -1468.37 41.0137 190.239
v -1468.37 41 190.237
v -1468.37 41.0052 190.245
v -1468.33 41.0024 190.254
v -1468.33 41.0117 190.248
v -1468.33 40.9979 190.246
v -1468.33 41.0038 190.24
v -1468.33 41.0048 190.318
v -1468.34 41.0128 190.324
v -1468.34 40.999 190.324
v -1468.34 41.0049 190.33
v -1468.32 41.004 190.347
v -1468.31 41.0128 190.341
v -1468.32 40.9988 190.341
v -1468.31 41.0041 190.335
v -1468.8 41.0111 190.974
v -1468.81 41.0361 190.999
v -1468.83 41.0151 190.992
v -1468.83 40.9975 190.987
v -1468.79 40.9902 190.982
v -1468.79 41.021 191.003
v -1468.79 40.9977 191.315
v -1468.76 41.0035 191.29
v -1468.8 40.9897 191.262
v -1468.79 41.0027 191.253
v -1468.8 41.0156 191.266
v -1468.78 41.0386 191.31
v -1468.81 41.0067 191.278
v -1468.82 41.0156 191.307
v -1468.78 41.0222 191.33
v -1468.8 41.0063 191.039
v -1468.81 40.9963 191.037
v -1468.81 41.0195 191.041
v -1468.82 41.0041 191.04
v -1468.92 41.0044 190.752
v -1468.86 41.0049 190.839
v -1468.86 40.9997 190.832
v -1468.9 40.9986 190.749
v -1468.94 41.0098 190.735
v -1468.91 41.0081 190.718
v -1468.9 41.0219 190.716
v -1468.89 41.0103 190.746
v -1468.9 41.0144 190.75
v -1468.86 41.0041 190.831
v -1468.82 41.0057 190.929
v -1468.81 41.0137 190.927
v -1468.8 41.0044 190.974
v -1468.78 41.0038 190.973
v -1468.81 40.9949 190.927
v -1468.78 41.0038 190.955
v -1468.86 41.0106 190.834
v -1468.81 41.0053 190.923
v -1468.78 41.0038 190.955
v -1468.82 41.01 190.839
v -1468.87 41.0095 190.755
v -1468.81 41.0022 190.836
v -1468.83 41.0028 190.842
v -1468.82 40.9926 190.84
v -1468.79 41.0069 190.937
v -1468.77 41.0062 190.926
v -1468.77 41.0028 190.978
v -1468.75 41.005 190.981
v -1468.77 40.9883 190.961
v -1468.77 41.0253 190.961
v -1468.74 41.0045 190.966
v -1468.78 40.9934 190.932
v -1468.78 41.0231 190.933
v -1469.04 41.0049 190.702
v -1468.99 41.005 190.695
v -1468.95 40.9932 190.681
v -1468.96 40.994 190.654
v -1468.99 41.0057 190.673
v -1468.98 40.9989 190.64
v -1468.99 41.0064 190.646
v -1468.95 41.0212 190.683
v -1468.99 41.0154 190.686
v -1468.96 41.0137 190.659
v -1469.05 41.0199 190.658
v -1468.98 41.0081 190.611
v -1468.99 40.9988 190.617
v -1468.94 40.9957 190.656
v -1468.93 41.0059 190.662
v -1468.95 41.0064 190.645
v -1468.94 41.0043 190.717
v -1468.95 40.9924 190.709
v -1469 41.0038 190.753
v -1468.95 41.0211 190.706
v -1469.01 41.0176 190.746
v -1468.96 41.0137 190.659
v -1468.98 40.9993 190.608
v -1469.05 41.0061 190.669
v -1469.05 41.0046 190.654
v -1469.03 41.0179 190.718
v -1469.03 41.0041 190.726
v -1469.04 41.004 190.714
v -1468.98 41.0046 190.716
v -1469.04 41.0188 190.691
v -1469.04 41.0022 190.688
v -1468.99 40.994 190.612
v -1469.01 41.0037 190.743
v -1468.95 41.0211 190.706
v -1468.48 40.9946 190.247
v -1468.43 41.0071 190.253
v -1468.47 40.9899 190.225
v -1468.48 41.0055 190.257
v -1468.45 41.0112 190.272
v -1468.47 41.0143 190.246
v -1468.39 41.0174 190.288
v -1468.49 40.9947 190.237
v -1468.5 41.0026 190.221
v -1468.46 40.9942 190.184
v -1468.45 40.9849 190.201
v -1468.42 40.9958 190.199
v -1468.46 41.0134 190.197
v -1468.47 41.0164 190.213
v -1468.38 41.0064 190.285
v -1468.39 41.0068 190.293
v -1468.38 41.0137 190.262
v -1468.38 40.9962 190.248
v -1468.38 40.9997 190.263
v -1468.42 40.9987 190.211
v -1468.38 41.0137 190.262
v -1468.38 40.9997 190.263
v -1468.38 41.0002 190.275
v -1468.42 40.9904 190.207
v -1468.46 41.0134 190.197
v -1468.67 40.9739 190.696
v -1468.68 41.0043 190.738
v -1468.65 41.0099 190.726
v -1468.69 41.0117 190.718
v -1468.68 41.0043 190.738
v -1468.66 41.0492 190.714
v -1468.65 41.0099 190.726
v -1468.69 41.0117 190.718
v -1468.61 41.0053 190.728
v -1468.63 40.9592 190.638
v -1468.65 40.9959 190.575
v -1468.64 41.0259 190.573
v -1468.68 41.0258 190.567
v -1468.68 41.0258 190.567
v -1468.67 41.042 190.571
v -1468.66 41.0609 190.364
v -1468.67 41.0316 190.361
v -1468.71 41.0608 190.359
v -1468.69 41.0769 190.363
v -1468.71 41.0608 190.359
v -1468.68 41.0319 190.282
v -1468.73 41.0513 190.288
v -1468.64 41.0557 190.276
v -1468.69 41.0826 190.28
v -1468.73 41.0513 190.288
v -1468.68 41.0589 190.247
v -1468.68 41.0589 190.247
v -1468.68 41.0589 190.247
v -1468.63 41.0705 191.51
v -1468.62 41.0611 191.521
v -1468.61 41.0619 191.507
v -1468.6 41.0451 191.496
v -1468.59 41.1239 191.543
v -1468.6 41.0899 191.564
v -1468.58 41.1056 191.533
v -1468.59 41.0918 191.522
v -1468.61 41.0852 191.526
v -1468.63 41.0891 191.528
v -1468.62 41.1157 191.539
v -1468.6 41.07 191.515
v -1468.61 41.0852 191.526
v -1468.58 41.0835 191.507
v -1468.59 41.0918 191.522
v -1468.61 41.152 191.625
v -1468.63 41.1508 191.663
v -1468.65 41.1357 191.582
v -1468.69 41.1275 191.647
v -1468.52 41.0764 191.597
v -1468.54 41.0991 191.626
v -1468.52 41.088 191.586
v -1468.64 41.0798 191.529
v -1468.63 41.0891 191.528
v -1468.66 41.1002 191.537
v -1468.53 41.0794 191.534
v -1468.56 41.0958 191.521
v -1468.55 41.0678 191.534
v -1468.57 41.0751 191.557
v -1468.54 41.0526 191.531
v -1468.55 41.0866 191.549
v -1468.54 40.9861 191.721
v -1468.52 41.0252 191.71
v -1468.53 40.9718 191.678
v -1468.5 41.0245 191.632
v -1468.51 41.0767 191.667
v -1468.63 41.0705 191.51
v -1468.57 41.0438 191.488
v -1468.57 41.0656 191.522
v -1468.57 41.1111 191.713
v -1468.53 41.0764 191.585
v -1468.54 41.0981 191.541
v -1468.58 41.1288 191.562
v -1468.59 41.1239 191.543
v -1468.59 41.1352 191.585
v -1468.62 41.1157 191.539
v -1468.57 41.0656 191.522
v -1468.61 41.0541 191.75
v -1468.66 41.1028 191.715
v -1468.68 41.1211 191.583
v -1468.58 41.0197 191.748
v -1468.55 41.0467 191.587
v -1468.58 41.0231 191.584
v -1468.55 40.9952 191.587
v -1468.58 41.0235 191.529
v -1468.63 41.0891 191.528
v -1468.58 41.1056 191.533
v -1468.59 41.0299 191.484
v -1468.63 41.0705 191.51
v -1468.63 41.0705 191.51
v -1468.62 41.048 191.507
v -1468.68 41.0265 191.544
v -1468.66 41.0179 191.533
v -1468.65 41.0365 191.564
v -1468.65 41.0334 191.522
v -1468.64 41.0538 191.526
v -1468.65 41.0703 191.528
v -1468.67 41.0636 191.539
v -1468.63 41.0404 191.515
v -1468.64 41.0538 191.526
v -1468.64 41.023 191.507
v -1468.65 41.0334 191.522
v -1468.71 41.0467 191.625
v -1468.69 41.0917 191.583
v -1468.71 41.0671 191.664
v -1468.63 40.9587 191.597
v -1468.64 40.9614 191.586
v -1468.65 40.9814 191.626
v -1468.65 41.0703 191.528
v -1468.63 40.9752 191.535
v -1468.62 40.9967 191.534
v -1468.65 40.999 191.521
v -1468.63 41.0072 191.558
v -1468.61 40.9843 191.531
v -1468.64 40.9897 191.549
v -1468.58 40.9612 191.71
v -1468.58 40.9448 191.633
v -1468.63 40.9555 191.667
v -1468.63 41.0705 191.51
v -1468.62 41.0128 191.523
v -1468.6 41.0122 191.488
v -1468.67 41.0065 191.713
v -1468.63 40.9715 191.585
v -1468.65 40.9833 191.541
v -1468.68 41.0223 191.563
v -1468.68 41.0265 191.544
v -1468.69 41.0309 191.585
v -1468.67 41.0636 191.539
v -1468.62 41.0128 191.523
v -1468.6 40.9913 191.587
v -1468.65 41.0703 191.528
v -1468.66 41.0179 191.533
v -1468.53 41.1493 191.191
v -1468.52 41.135 191.129
v -1468.57 41.1402 191.159
v -1468.57 41.1372 191.129
v -1468.56 41.1301 191.112
v -1468.6 41.1239 191.092
v -1468.59 41.1353 191.09
v -1468.57 41.1436 191.112
v -1468.58 41.1302 191.11
v -1468.62 41.0914 191.024
v -1468.64 41.0994 191.039
v -1468.62 41.1104 191.053
v -1468.56 41.1544 191.142
v -1468.62 41.1131 191.043
v -1468.6 41.1239 191.07
v -1468.61 41.1115 191.073
v -1468.68 41.0875 191.044
v -1468.68 41.0825 191.056
v -1468.68 41.0806 191.01
v -1468.67 41.0745 191.006
v -1468.68 41.0736 191.019
v -1468.67 41.0755 191.044
v -1468.69 41.083 191.085
v -1468.67 41.0982 191.139
v -1468.66 41.0974 191.122
v -1468.52 41.1553 191.16
v -1468.69 41.0338 191.146
v -1468.64 40.9933 191.165
v -1468.67 41.045 191.138
v -1468.67 41.0415 191.157
v -1468.68 41.1019 191.127
v -1468.65 40.9841 191.121
v -1468.69 41.0215 191.102
v -1468.68 41.0287 191.115
v -1468.67 41.0328 191.094
v -1468.67 41.0817 191.079
v -1468.68 41.0802 191.099
v -1468.69 41.008 191.069
v -1468.65 40.976 191.088
v -1468.67 41.0175 191.06
v -1468.68 41.0149 191.081
v -1468.68 41.0409 191.176
v -1468.64 40.9984 191.195
v -1468.66 41.0515 191.167
v -1468.66 41.0482 191.186
v -1468.66 41.1092 191.156
v -1468.65 41.1041 191.151
v -1468.66 41.1053 191.169
v -1468.69 41.0166 191.024
v -1468.64 40.9692 191.048
v -1468.68 41.0214 191.02
v -1468.68 41.0194 191.03
v -1468.52 41.1439 191.244
v -1468.52 41.1269 191.291
v -1468.54 41.1271 191.238
v -1468.53 41.1118 191.285
v -1468.52 41.1394 191.194
v -1468.52 41.127 191.239
v -1468.52 41.1112 191.288
v -1468.54 41.0662 191.339
v -1468.52 41.1061 191.328
v -1468.52 41.0716 191.328
v -1468.56 41.1035 191.311
v -1468.52 41.1269 191.291
v -1468.53 41.1118 191.285
v -1468.54 41.0662 191.339
v -1468.52 41.1112 191.288
v -1468.52 41.0716 191.328
v -1468.52 41.1269 191.291
v -1468.53 41.1118 191.285
v -1468.5 41.1493 191.191
v -1468.47 41.1402 191.159
v -1468.52 41.135 191.129
v -1468.46 41.1372 191.129
v -1468.48 41.1301 191.112
v -1468.43 41.1239 191.092
v -1468.46 41.1436 191.112
v -1468.45 41.1353 191.09
v -1468.45 41.1302 191.11
v -1468.41 41.0914 191.024
v -1468.41 41.1104 191.053
v -1468.4 41.0994 191.039
v -1468.48 41.1544 191.142
v -1468.41 41.1131 191.043
v -1468.43 41.1239 191.07
v -1468.43 41.1115 191.073
v -1468.35 41.0875 191.044
v -1468.36 41.0825 191.056
v -1468.35 41.0806 191.01
v -1468.36 41.0745 191.006
v -1468.36 41.0736 191.019
v -1468.36 41.0755 191.044
v -1468.35 41.083 191.085
v -1468.36 41.0982 191.139
v -1468.37 41.0974 191.122
v -1468.52 41.1553 191.16
v -1468.35 41.0338 191.146
v -1468.37 41.045 191.138
v -1468.39 40.9933 191.165
v -1468.36 41.0415 191.157
v -1468.36 41.1019 191.127
v -1468.39 40.9841 191.121
v -1468.35 41.0287 191.115
v -1468.34 41.0215 191.102
v -1468.36 41.0328 191.094
v -1468.37 41.0817 191.079
v -1468.35 41.0802 191.099
v -1468.34 41.008 191.069
v -1468.36 41.0175 191.06
v -1468.39 40.976 191.088
v -1468.35 41.0149 191.081
v -1468.35 41.0409 191.176
v -1468.38 41.0515 191.167
v -1468.4 40.9984 191.195
v -1468.37 41.0482 191.186
v -1468.37 41.1092 191.156
v -1468.39 41.1041 191.151
v -1468.38 41.1053 191.169
v -1468.35 41.0166 191.024
v -1468.36 41.0214 191.02
v -1468.39 40.9692 191.048
v -1468.35 41.0194 191.03
v -1468.52 41.1439 191.244
v -1468.49 41.1271 191.238
v -1468.52 41.1269 191.291
v -1468.51 41.1118 191.285
v -1468.52 41.1394 191.194
v -1468.52 41.127 191.239
v -1468.52 41.1112 191.288
v -1468.5 41.0662 191.339
v -1468.52 41.0716 191.328
v -1468.52 41.1061 191.328
v -1468.48 41.1035 191.311
v -1468.52 41.1269 191.291
v -1468.51 41.1118 191.285
v -1468.52 41.1112 191.288
v -1468.5 41.0662 191.339
v -1468.52 41.0716 191.328
v -1468.52 41.1269 191.291
v -1468.51 41.1118 191.285
v -1468.54 41.0662 191.345
v -1468.52 41.0864 191.345
v -1468.61 41.043 191.371
v -1468.52 41.0714 191.365
v -1468.52 41.0716 191.334
v -1468.5 41.0662 191.345
v -1468.52 41.0716 191.334
v -1468.42 41.0531 191.371
v -1468.43 41.0367 191.362
v -1468.43 41.0393 191.38
v -1468.35 41.0109 191.357
v -1468.52 41.0864 191.345
v -1468.54 41.0662 191.345
v -1468.52 41.0716 191.334
v -1468.51 40.9856 190.178
v -1468.54 40.9912 190.214
v -1468.49 40.9974 190.2
v -1468.55 41.0134 190.206
v -1468.53 41.003 190.16
v -1468.52 41.0103 190.223
v -1468.5 41.0199 190.18
v -1468.49 40.9974 190.2
v -1468.53 41.0226 190.217
v -1468.52 41.0103 190.223
v -1468.49 41.001 190.165
v -1468.49 41.001 190.165
v -1468.49 41.001 190.165
v -1468.55 41.0134 190.206
v -1468.69 41.0181 190.416
v -1468.54 40.9912 190.214
v -1468.67 40.9951 190.43
v -1468.66 41.0147 190.438
v -1468.52 41.0103 190.223
v -1468.67 41.0283 190.429
v -1468.53 41.0226 190.217
v -1468.69 41.0181 190.416
v -1468.55 41.0134 190.206
v -1468.56 41.0033 190.195
v -1468.69 41.0052 190.398
v -1468.7 41.0252 190.394
v -1468.71 41.0092 190.425
v -1468.71 41.0292 190.421
v -1468.72 41.0134 190.403
v -1468.56 41.0033 190.195
v -1468.7 41.0252 190.394
v -1468.74 41.0297 190.425
v -1468.71 41.0292 190.421
v -1468.72 41.0134 190.403
v -1468.74 41.007 190.431
v -1468.74 41.007 190.431
v -1468.71 41.0235 190.437
v -1468.7 41.0376 190.447
v -1468.72 41.0411 190.471
v -1468.75 41.013 190.455
v -1468.71 41.0235 190.437
v -1468.75 41.013 190.455
v -1468.69 40.9998 190.455
v -1468.67 41.0137 190.469
v -1468.67 41.0272 190.466
v -1468.71 40.9887 190.48
v -1468.67 41.0053 190.506
v -1468.67 41.0209 190.508
v -1468.7 41.0358 190.487
v -1468.73 41.0124 190.516
v -1490.1 41.0047 182.552
v -1490.1 41.011 182.559
v -1490.1 40.9991 182.558
v -1490.1 41.0037 182.565
v -1490.05 41.017 182.556
v -1490.06 41.0089 182.548
v -1490.05 41.0077 182.562
v -1490.05 41.0019 182.555
v -1490.58 41.0125 182.323
v -1490.53 41.0265 182.283
v -1490.51 41.0183 182.359
v -1490.51 40.9597 182.334
v -1490.48 41.0382 182.269
v -1490.58 41.0125 182.323
v -1490.59 40.9466 182.371
v -1490.57 41.0583 182.416
v -1490.59 41.0636 182.469
v -1490.6 41.0798 182.445
v -1490.51 41.063 182.431
v -1490.56 41.0652 182.484
v -1490.5 41.0135 182.418
v -1490.46 41.0138 182.376
v -1490.54 41.0015 182.423
v -1490.52 41.0486 182.382
v -1490.43 41.0713 182.358
v -1490.49 41.099 182.426
v -1490.47 41.0409 182.374
v -1490.6 40.99 182.408
v -1490.56 40.9957 182.378
v -1490.56 41.0471 182.455
v -1490.59 41.0515 182.469
v -1490.66 41.0183 182.317
v -1490.6 41.0265 182.265
v -1490.64 40.9597 182.299
v -1490.64 41.0382 182.224
v -1490.64 41.0583 182.397
v -1490.68 41.0652 182.45
v -1490.69 41.063 182.382
v -1490.69 41.0135 182.365
v -1490.7 41.0138 182.31
v -1490.66 41.0015 182.389
v -1490.62 40.9957 182.361
v -1490.72 41.0713 182.276
v -1490.71 41.099 182.366
v -1490.69 41.0409 182.312
v -1490.66 41.0486 182.342
v -1490.64 41.0515 182.455
v -1490.62 41.0798 182.439
v -1490.66 41.0471 182.429
v -1490.65 41.0636 182.452
v -1490.44 41.0169 181.908
v -1490.39 41.0635 181.712
v -1490.46 40.9968 181.901
v -1490.41 41.0458 181.707
v -1490.46 41.037 181.903
v -1490.41 41.0812 181.708
v -1490.5 41.0137 182.045
v -1490.48 41.0363 182.053
v -1490.5 41.0589 182.049
v -1490.52 41.0168 182.202
v -1490.54 40.9918 182.192
v -1490.54 41.0417 182.2
v -1490.57 41.0038 182.287
v -1490.39 41.053 181.645
v -1490.48 41.0169 181.897
v -1490.42 41.0635 181.703
v -1490.52 41.0363 182.04
v -1490.56 41.0168 182.19
v -1490.33 41.0042 181.913
v -1490.39 41.0106 181.856
v -1490.32 41.0177 181.832
v -1490.2 41.01 181.861
v -1490.32 41.0039 181.861
v -1490.36 40.9927 182.039
v -1490.3 40.993 181.975
v -1490.3 41.0002 182.011
v -1490.29 41.0174 181.933
v -1490.23 41.052 181.892
v -1490.19 41.026 181.884
v -1490.3 41.0002 182.011
v -1490.24 41.0307 181.88
v -1490.29 41.101 181.836
v -1490.3 40.993 181.975
v -1490.38 41.0011 182.162
v -1490.41 40.9958 182.159
v -1490.39 40.9998 182.224
v -1490.41 40.9959 182.224
v -1490.41 41.0058 182.08
v -1490.46 41.0148 182.062
v -1490.43 40.9994 182.097
v -1490.43 41.019 182.096
v -1490.4 41.0103 182.161
v -1490.4 41.0082 182.225
v -1490.43 41.003 182.284
v -1490.44 40.9979 182.281
v -1490.44 41.0096 182.278
v -1490.31 41.0776 182.006
v -1490.34 41.0744 182.004
v -1490.37 41.1229 182.03
v -1490.38 41.1118 182.026
v -1490.41 41.0017 181.862
v -1490.35 41.0161 181.913
v -1490.41 40.9942 181.883
v -1490.35 41.0099 181.933
v -1490.34 40.9989 181.919
v -1490.39 40.9857 181.869
v -1490.31 41.0318 181.964
v -1490.33 41.0392 181.972
v -1490.32 41.0443 181.957
v -1490.32 41.0814 181.993
v -1490.36 41.1215 182.018
v -1490.41 41.1332 182.023
v -1490.41 41.1186 182.017
v -1490.39 41.1295 182.016
v -1490.44 41.0098 181.864
v -1490.38 41.0033 181.901
v -1490.39 41.0155 181.897
v -1490.39 40.9963 181.908
v -1490.38 41.0135 181.942
v -1490.38 40.9977 181.95
v -1490.37 41.0037 181.941
v -1490.38 41.0078 181.994
v -1490.39 41.0001 181.99
v -1490.39 41.0164 181.986
v -1490.43 41.0088 182.029
v -1490.43 41.002 182.02
v -1490.42 41.0177 182.02
v -1490.46 41.0091 182.028
v -1490.45 41.004 182.017
v -1490.44 41.0168 182.022
v -1490.55 41.0373 182.533
v -1490.56 41.0137 182.525
v -1490.64 41.0258 182.702
v -1490.66 41.0022 182.692
v -1490.68 41.0214 182.685
v -1490.57 41.0329 182.521
v -1490.56 41.0457 182.527
v -1490.66 41.0354 182.693
v -1490.64 41.0258 182.702
v -1490.55 41.0373 182.533
v -1490.68 40.9975 182.734
v -1490.72 41.0192 182.717
v -1490.64 41.0084 182.757
v -1490.64 41.0084 182.757
v -1490.68 41.0414 182.738
v -1490.72 41.0109 182.781
v -1490.56 41.0137 182.525
v -1490.55 41.0373 182.533
v -1490.57 41.0329 182.521
v -1490.56 41.0457 182.527
v -1490.53 41.0266 182.542
v -1490.62 41.0219 182.704
v -1490.54 41.0094 182.539
v -1490.62 41.0019 182.7
v -1490.52 41.0138 182.546
v -1490.62 41.0083 182.724
v -1490.53 41.0266 182.542
v -1490.62 41.0219 182.704
v -1490.52 41.0138 182.546
v -1490.62 41.0083 182.724
v -1490.53 41.0266 182.542
v -1490.54 41.0094 182.539
v -1490.52 41.0138 182.546
v -1490.62 41.0219 182.704
v -1490.62 41.0083 182.724
v -1490.62 41.0019 182.7
v -1490.75 40.9889 182.393
v -1490.73 41.0286 182.367
v -1490.76 41.0227 182.356
v -1490.77 41.0274 182.377
v -1490.76 41.0227 182.356
v -1490.73 41.0286 182.367
v -1490.74 41.0661 182.383
v -1490.77 41.0274 182.377
v -1490.69 41.0264 182.36
v -1490.71 40.9983 182.447
v -1490.73 41.0083 182.515
v -1490.72 41.0386 182.52
v -1490.76 41.0357 182.529
v -1490.76 41.0357 182.529
v -1490.75 41.0528 182.526
v -1490.74 41.0417 182.733
v -1490.75 41.0115 182.734
v -1490.78 41.0386 182.741
v -1490.77 41.0557 182.738
v -1490.78 41.0386 182.741
v -1490.75 41.0035 182.812
v -1490.8 41.0209 182.812
v -1490.72 41.0284 182.818
v -1490.76 41.0531 182.821
v -1490.8 41.0209 182.812
v -1490.76 41.0263 182.851
v -1490.76 41.0263 182.851
v -1490.76 41.0263 182.851
v -1490.89 41.0217 182.062
v -1490.9 41.0224 182.029
v -1490.88 41.0444 182.035
v -1490.9 41.0053 182.036
v -1490.87 41.0015 182.067
v -1490.86 41.031 182.05
v -1490.66 40.9883 181.815
v -1490.7 40.9827 181.847
v -1490.65 40.9976 181.85
v -1490.7 40.9971 181.861
v -1490.7 41.0086 181.844
v -1490.65 41.0301 181.821
v -1490.7 40.998 181.828
v -1490.68 41.0045 181.8
v -1490.64 41.0124 181.806
v -1490.84 41.0134 182.017
v -1490.85 41.0025 182.011
v -1490.85 41.0255 182.008
v -1490.86 41.0097 182.004
v -1490.7 41.0103 182.15
v -1490.65 40.9999 182.11
v -1490.71 41.0099 182.136
v -1490.67 40.9999 182.093
v -1490.58 40.9989 182.064
v -1490.59 40.9988 182.087
v -1490.54 41.0149 182.083
v -1490.59 41.0168 182.079
v -1490.66 41.0127 182.103
v -1490.7 41.021 182.144
v -1490.73 41.032 182.203
v -1490.72 41.0294 182.211
v -1490.72 41.039 182.202
v -1490.66 41.0086 181.918
v -1490.66 40.9997 181.994
v -1490.64 40.9995 181.932
v -1490.64 40.9934 181.99
v -1490.55 41.0241 181.873
v -1490.49 41.0178 181.884
v -1490.56 41.0037 181.879
v -1490.56 41.0131 181.856
v -1490.62 41.0106 181.873
v -1490.61 41.0021 181.895
v -1490.61 41.0191 181.888
v -1490.65 41.0171 181.923
v -1490.65 41.01 181.984
v -1490.63 40.9967 182.027
v -1490.62 40.9934 182.012
v -1490.64 41.0067 182.008
v -1490.47 41.0094 181.83
v -1490.52 41.0181 181.817
v -1490.53 41.0064 181.814
v -1490.53 41.0014 181.827
v -1490.56 41.024 181.836
v -1490.57 41.0102 181.846
v -1490.57 41.0132 181.827
v -1490.6 41.028 181.868
v -1490.59 41.0209 181.88
v -1490.59 41.0356 181.869
v -1490.6 41.0391 181.927
v -1490.59 41.0308 181.925
v -1490.59 41.0458 181.917
v -1490.57 41.0414 181.951
v -1490.57 41.0338 181.939
v -1490.58 41.0468 181.934
v -1490.86 41.0098 182.231
v -1490.85 41.0019 182.231
v -1490.87 41.0062 182.326
v -1490.86 40.9923 182.23
v -1490.87 41.0026 182.23
v -1490.87 41.0099 182.127
v -1490.85 41.009 182.13
v -1490.87 41.0073 182.084
v -1490.86 40.9923 182.097
v -1490.85 41.0098 182.073
v -1490.86 41.0293 182.097
v -1490.83 41.0089 182.081
v -1490.86 40.9964 182.127
v -1490.86 41.0261 182.128
v -1490.92 41.001 182.328
v -1490.9 40.9992 182.233
v -1490.9 41.0046 182.228
v -1490.9 40.9952 182.325
v -1490.93 41.0057 182.352
v -1490.89 41.0174 182.356
v -1490.89 41.0037 182.355
v -1490.9 41.011 182.325
v -1490.89 41.0069 182.324
v -1490.89 41.0036 182.232
v -1490.9 41.0086 182.127
v -1490.89 41.0089 182.077
v -1490.89 41.0166 182.127
v -1490.88 41.0084 182.073
v -1490.89 40.9978 182.126
v -1490.87 41.0079 182.088
v -1490.9 41.0102 182.231
v -1490.88 41.0081 182.128
v -1490.87 41.0079 182.088
v -1490.93 41.0009 182.469
v -1490.91 40.9953 182.381
v -1490.92 41.0042 182.42
v -1490.88 40.9971 182.38
v -1490.9 41.0059 182.417
v -1490.88 41.0081 182.411
v -1490.87 41.0014 182.401
v -1490.92 41.0236 182.375
v -1490.92 41.0149 182.421
v -1490.88 41.0173 182.473
v -1490.89 41.016 182.391
v -1490.84 41.0113 182.407
v -1490.85 41.0011 182.418
v -1490.89 40.9995 182.368
v -1490.88 41.0105 182.372
v -1490.89 41.0102 182.356
v -1490.95 41.0057 182.37
v -1490.94 40.9934 182.381
v -1490.94 41.0222 182.382
v -1490.98 40.9999 182.434
v -1490.97 41.0135 182.44
v -1490.89 41.016 182.391
v -1490.84 41.0031 182.4
v -1490.88 41.002 182.475
v -1490.89 41.003 182.473
v -1490.94 41.0136 182.463
v -1490.94 40.9996 182.467
v -1490.95 40.9998 182.458
v -1490.95 41.0036 182.409
v -1490.92 41.015 182.471
v -1490.91 40.9985 182.472
v -1490.84 40.997 182.411
v -1490.97 40.9996 182.444
v -1490.94 41.0222 182.382
v -1490.91 41.0067 182.489
v -1490.92 41.0134 182.488
v -1490.92 41.0014 182.488
v -1490.93 41.0064 182.487
v -1490.93 41.0148 182.535
v -1490.92 41.0062 182.535
v -1490.93 41.0059 182.533
v -1490.93 40.9996 182.534
v -1490.94 41.0049 182.477
v -1490.95 41.0116 182.476
v -1490.95 40.9995 182.476
v -1490.95 41.0045 182.475
v -1490.96 40.9979 182.517
v -1490.96 41.004 182.515
v -1490.96 41.013 182.517
v -1490.95 41.0045 182.518
v -1490.97 41.0048 182.456
v -1490.98 41.0119 182.454
v -1490.97 40.9982 182.454
v -1490.98 41.0033 182.452
v -1491 41.004 182.492
v -1490.99 41.0135 182.495
v -1490.99 40.9996 182.495
v -1490.99 41.0056 182.497
v -1490.86 41.0048 182.805
v -1490.85 41.0128 182.799
v -1490.85 40.999 182.8
v -1490.85 41.0049 182.795
v -1490.88 41.004 182.761
v -1490.88 41.0128 182.764
v -1490.88 40.9988 182.765
v -1490.89 41.0041 182.77
v -1490.87 41.0048 182.824
v -1490.87 41.0128 182.818
v -1490.87 40.999 182.819
v -1490.86 41.0049 182.814
v -1490.89 41.004 182.779
v -1490.89 41.0128 182.783
v -1490.89 40.9988 182.784
v -1490.9 41.0041 182.789
v -1490.88 41.0065 182.858
v -1490.87 41.0137 182.85
v -1490.87 41 182.852
v -1490.87 41.0052 182.845
v -1490.91 41.0024 182.825
v -1490.91 41.0117 182.83
v -1490.91 40.9979 182.832
v -1490.91 41.0038 182.838
v -1490.89 41.0048 182.764
v -1490.88 41.0128 182.759
v -1490.88 40.999 182.759
v -1490.88 41.0049 182.754
v -1490.9 41.004 182.732
v -1490.9 41.0128 182.736
v -1490.9 40.9988 182.737
v -1490.91 41.0041 182.741
v -1490.26 41.0111 182.257
v -1490.25 41.0361 182.236
v -1490.23 41.0151 182.247
v -1490.23 40.9975 182.252
v -1490.27 40.9902 182.245
v -1490.27 41.021 182.225
v -1490.18 40.9977 181.925
v -1490.22 41.0035 181.943
v -1490.19 40.9897 181.98
v -1490.2 41.0027 181.985
v -1490.19 41.0156 181.976
v -1490.2 41.0386 181.927
v -1490.17 41.0067 181.967
v -1490.16 41.0156 181.941
v -1490.19 41.0222 181.909
v -1490.25 41.0063 182.193
v -1490.24 40.9963 182.199
v -1490.24 41.0195 182.194
v -1490.23 41.0041 182.197
v -1490.21 41.0044 182.501
v -1490.24 41.0049 182.404
v -1490.24 40.9997 182.41
v -1490.23 40.9986 182.5
v -1490.2 41.0098 182.524
v -1490.23 41.0081 182.531
v -1490.24 41.0219 182.533
v -1490.24 41.0103 182.501
v -1490.23 41.0144 182.5
v -1490.25 41.0041 182.41
v -1490.26 41.0057 182.305
v -1490.27 41.0137 182.305
v -1490.27 41.0044 182.255
v -1490.28 41.0038 182.253
v -1490.27 40.9949 182.306
v -1490.29 41.0038 182.27
v -1490.24 41.0106 182.408
v -1490.27 41.0053 182.308
v -1490.29 41.0038 182.27
v -1490.28 41.01 182.393
v -1490.26 41.0095 182.486
v -1490.29 41.0022 182.394
v -1490.27 41.0028 182.391
v -1490.28 40.9926 182.392
v -1490.29 41.0069 182.289
v -1490.31 41.0062 182.295
v -1490.29 41.0028 182.246
v -1490.31 41.005 182.237
v -1490.3 40.9883 182.261
v -1490.3 41.0253 182.26
v -1490.33 41.0045 182.248
v -1490.3 40.9934 182.291
v -1490.3 41.0231 182.29
v -1490.11 41.0049 182.583
v -1490.16 41.005 182.577
v -1490.2 40.9932 182.581
v -1490.2 40.994 182.607
v -1490.16 41.0057 182.598
v -1490.19 40.9989 182.626
v -1490.17 41.0064 182.622
v -1490.2 41.0212 182.577
v -1490.16 41.0154 182.585
v -1490.19 41.0137 182.604
v -1490.11 41.0199 182.628
v -1490.19 41.0081 182.656
v -1490.17 40.9988 182.653
v -1490.21 40.9957 182.601
v -1490.22 41.0059 182.592
v -1490.21 41.0064 182.613
v -1490.2 41.0043 182.542
v -1490.19 40.9924 182.553
v -1490.13 41.0038 182.524
v -1490.19 41.0211 182.555
v -1490.13 41.0176 182.532
v -1490.19 41.0137 182.604
v -1490.19 40.9993 182.657
v -1490.11 41.0061 182.617
v -1490.11 41.0046 182.632
v -1490.11 41.0179 182.566
v -1490.11 41.0041 182.557
v -1490.11 41.004 182.571
v -1490.16 41.0046 182.553
v -1490.11 41.0188 182.595
v -1490.11 41.0022 182.598
v -1490.18 40.994 182.656
v -1490.12 41.0037 182.537
v -1490.19 41.0211 182.555
v -1490.77 40.9946 182.87
v -1490.81 41.0071 182.852
v -1490.79 40.9899 182.889
v -1490.77 41.0055 182.862
v -1490.79 41.0112 182.839
v -1490.78 41.0143 182.868
v -1490.85 41.0174 182.807
v -1490.76 40.9947 182.884
v -1490.75 41.0026 182.902
v -1490.8 40.9942 182.928
v -1490.81 40.9849 182.909
v -1490.84 40.9958 182.902
v -1490.8 41.0134 182.913
v -1490.78 41.0164 182.902
v -1490.85 41.0064 182.809
v -1490.85 41.0068 182.802
v -1490.86 41.0137 182.83
v -1490.86 40.9962 182.844
v -1490.86 40.9997 182.828
v -1490.83 40.9987 182.89
v -1490.86 41.0137 182.83
v -1490.86 40.9997 182.828
v -1490.86 41.0002 182.816
v -1490.84 40.9904 182.892
v -1490.8 41.0134 182.913
v -1490.46 40.9739 182.489
v -1490.44 41.0043 182.453
v -1490.47 41.0099 182.457
v -1490.44 41.0117 182.475
v -1490.44 41.0043 182.453
v -1490.47 41.0492 182.47
v -1490.47 41.0099 182.457
v -1490.44 41.0117 182.475
v -1490.51 41.0053 182.443
v -1490.52 40.9592 182.534
v -1490.51 40.9959 182.602
v -1490.53 41.0259 182.6
v -1490.49 41.0258 182.617
v -1490.49 41.0258 182.617
v -1490.5 41.042 182.61
v -1490.56 41.0609 182.806
v -1490.55 41.0316 182.814
v -1490.52 41.0608 182.824
v -1490.53 41.0769 182.817
v -1490.52 41.0608 182.824
v -1490.57 41.0319 182.89
v -1490.52 41.0513 182.897
v -1490.6 41.0557 182.887
v -1490.56 41.0826 182.895
v -1490.52 41.0513 182.897
v -1490.57 41.0589 182.926
v -1490.57 41.0589 182.926
v -1490.57 41.0589 182.926
v -1490.29 41.0705 181.694
v -1490.29 41.0611 181.681
v -1490.31 41.0619 181.692
v -1490.32 41.0451 181.701
v -1490.32 41.1239 181.651
v -1490.3 41.0899 181.634
v -1490.33 41.1056 181.658
v -1490.32 41.0918 181.673
v -1490.3 41.0852 181.675
v -1490.28 41.0891 181.677
v -1490.28 41.1157 181.665
v -1490.31 41.07 181.681
v -1490.3 41.0852 181.675
v -1490.33 41.0835 181.684
v -1490.32 41.0918 181.673
v -1490.28 41.152 181.578
v -1490.25 41.1508 181.546
v -1490.24 41.1357 181.631
v -1490.19 41.1275 181.578
v -1490.37 41.0764 181.581
v -1490.34 41.0991 181.559
v -1490.37 41.088 181.592
v -1490.27 41.0798 181.679
v -1490.28 41.0891 181.677
v -1490.25 41.1002 181.677
v -1490.37 41.0794 181.645
v -1490.35 41.0958 181.665
v -1490.35 41.0678 181.651
v -1490.33 41.0751 181.632
v -1490.36 41.0526 181.651
v -1490.35 41.0866 181.635
v -1490.31 40.9861 181.467
v -1490.34 41.0252 181.472
v -1490.34 40.9718 181.505
v -1490.38 41.0245 181.542
v -1490.36 41.0767 181.512
v -1490.29 41.0705 181.694
v -1490.35 41.0438 181.699
v -1490.34 41.0656 181.667
v -1490.29 41.1111 181.482
v -1490.36 41.0764 181.596
v -1490.36 41.0981 181.642
v -1490.32 41.1288 181.632
v -1490.32 41.1239 181.651
v -1490.3 41.1352 181.612
v -1490.28 41.1157 181.665
v -1490.34 41.0656 181.667
v -1490.24 41.0541 181.459
v -1490.2 41.1028 181.506
v -1490.22 41.1211 181.639
v -1490.27 41.0197 181.451
v -1490.34 41.0467 181.598
v -1490.31 41.0231 181.609
v -1490.34 40.9952 181.6
v -1490.33 41.0235 181.663
v -1490.28 41.0891 181.677
v -1490.33 41.1056 181.658
v -1490.33 41.0299 181.708
v -1490.29 41.0705 181.694
v -1490.29 41.0705 181.694
v -1490.3 41.048 181.695
v -1490.23 41.0265 181.676
v -1490.25 41.0179 181.681
v -1490.25 41.0365 181.647
v -1490.26 41.0334 181.688
v -1490.27 41.0538 181.683
v -1490.26 41.0703 181.682
v -1490.24 41.0636 181.678
v -1490.29 41.0404 181.689
v -1490.27 41.0538 181.683
v -1490.28 41.023 181.7
v -1490.26 41.0334 181.688
v -1490.18 41.0467 181.605
v -1490.2 41.0917 181.642
v -1490.17 41.0671 181.568
v -1490.26 40.9587 181.611
v -1490.25 40.9614 181.625
v -1490.23 40.9814 181.589
v -1490.26 41.0703 181.682
v -1490.28 40.9752 181.672
v -1490.29 40.9967 181.67
v -1490.26 40.999 181.69
v -1490.27 41.0072 181.649
v -1490.3 40.9843 181.668
v -1490.26 40.9897 181.66
v -1490.28 40.9612 181.489
v -1490.3 40.9448 181.563
v -1490.24 40.9555 181.543
v -1490.29 41.0705 181.694
v -1490.29 41.0128 181.68
v -1490.32 41.0122 181.707
v -1490.2 41.0065 181.509
v -1490.26 40.9715 181.622
v -1490.26 40.9833 181.671
v -1490.22 41.0223 181.659
v -1490.23 41.0265 181.676
v -1490.21 41.0309 181.639
v -1490.24 41.0636 181.678
v -1490.29 41.0128 181.68
v -1490.29 40.9913 181.613
v -1490.26 41.0703 181.682
v -1490.25 41.0179 181.681
v -1490.46 41.1493 181.977
v -1490.5 41.135 182.032
v -1490.44 41.1402 182.016
v -1490.45 41.1372 182.045
v -1490.46 41.1301 182.058
v -1490.42 41.1239 182.09
v -1490.44 41.1353 182.088
v -1490.45 41.1436 182.063
v -1490.44 41.1302 182.067
v -1490.43 41.0914 182.16
v -1490.41 41.0994 182.15
v -1490.41 41.1104 182.133
v -1490.46 41.1544 182.029
v -1490.42 41.1131 182.142
v -1490.43 41.1239 182.111
v -1490.42 41.1115 182.11
v -1490.36 41.0875 182.158
v -1490.36 41.0825 182.145
v -1490.37 41.0806 182.19
v -1490.38 41.0745 182.192
v -1490.37 41.0736 182.181
v -1490.37 41.0755 182.155
v -1490.34 41.083 182.12
v -1490.34 41.0982 182.063
v -1490.36 41.0974 182.077
v -1490.49 41.1553 182.002
v -1490.33 41.0338 182.061
v -1490.37 40.9933 182.03
v -1490.35 41.045 182.063
v -1490.34 41.0415 182.047
v -1490.34 41.1019 182.077
v -1490.37 40.9841 182.073
v -1490.33 41.0215 182.104
v -1490.34 41.0287 182.089
v -1490.36 41.0328 182.107
v -1490.36 41.0817 182.12
v -1490.35 41.0802 182.104
v -1490.34 41.008 182.136
v -1490.38 40.976 182.105
v -1490.37 41.0175 182.139
v -1490.35 41.0149 182.121
v -1490.33 41.0409 182.03
v -1490.36 40.9984 182
v -1490.35 41.0515 182.032
v -1490.34 41.0482 182.016
v -1490.35 41.1092 182.045
v -1490.37 41.1041 182.045
v -1490.35 41.1053 182.031
v -1490.36 41.0166 182.179
v -1490.4 40.9692 182.143
v -1490.37 41.0214 182.179
v -1490.36 41.0194 182.17
v -1490.47 41.1439 181.921
v -1490.45 41.1269 181.876
v -1490.44 41.1271 181.933
v -1490.44 41.1118 181.884
v -1490.48 41.1394 181.969
v -1490.47 41.127 181.926
v -1490.45 41.1112 181.879
v -1490.42 41.0662 181.834
v -1490.44 41.1061 181.84
v -1490.44 41.0716 181.84
v -1490.41 41.1035 181.866
v -1490.45 41.1269 181.876
v -1490.44 41.1118 181.884
v -1490.42 41.0662 181.834
v -1490.45 41.1112 181.879
v -1490.44 41.0716 181.84
v -1490.45 41.1269 181.876
v -1490.44 41.1118 181.884
v -1490.5 41.1493 181.967
v -1490.54 41.1402 181.988
v -1490.5 41.135 182.032
v -1490.55 41.1372 182.018
v -1490.54 41.1301 182.037
v -1490.59 41.1239 182.044
v -1490.55 41.1436 182.033
v -1490.57 41.1353 182.05
v -1490.57 41.1302 182.031
v -1490.62 41.0914 182.105
v -1490.62 41.1104 182.075
v -1490.63 41.0994 182.086
v -1490.53 41.1544 182.009
v -1490.62 41.1131 182.086
v -1490.59 41.1239 182.066
v -1490.6 41.1115 182.061
v -1490.68 41.0875 182.068
v -1490.67 41.0825 182.058
v -1490.69 41.0806 182.102
v -1490.68 41.0745 182.109
v -1490.68 41.0736 182.095
v -1490.67 41.0755 182.071
v -1490.67 41.083 182.029
v -1490.64 41.0982 181.98
v -1490.64 41.0974 182
v -1490.49 41.1553 182.002
v -1490.66 41.0338 181.969
v -1490.64 41.045 181.983
v -1490.61 40.9933 181.963
v -1490.64 41.0415 181.963
v -1490.65 41.1019 181.991
v -1490.62 40.9841 182.004
v -1490.66 41.0287 182.002
v -1490.67 41.0215 182.01
v -1490.65 41.0328 182.024
v -1490.66 41.0817 182.039
v -1490.66 41.0802 182.017
v -1490.68 41.008 182.042
v -1490.66 41.0175 182.056
v -1490.63 40.976 182.037
v -1490.67 41.0149 182.034
v -1490.64 41.0409 181.943
v -1490.62 41.0515 181.957
v -1490.59 40.9984 181.936
v -1490.62 41.0482 181.937
v -1490.63 41.1092 181.966
v -1490.62 41.1041 181.975
v -1490.62 41.1053 181.955
v -1490.69 41.0166 182.087
v -1490.68 41.0214 182.094
v -1490.64 40.9692 182.076
v -1490.68 41.0194 182.082
v -1490.47 41.1439 181.921
v -1490.49 41.1271 181.919
v -1490.45 41.1269 181.876
v -1490.47 41.1118 181.878
v -1490.48 41.1394 181.969
v -1490.47 41.127 181.926
v -1490.45 41.1112 181.879
v -1490.46 41.0662 181.824
v -1490.44 41.0716 181.84
v -1490.44 41.1061 181.84
v -1490.48 41.1035 181.846
v -1490.45 41.1269 181.876
v -1490.47 41.1118 181.878
v -1490.45 41.1112 181.879
v -1490.46 41.0662 181.824
v -1490.44 41.0716 181.84
v -1490.45 41.1269 181.876
v -1490.47 41.1118 181.878
v -1490.42 41.0662 181.829
v -1490.44 41.0864 181.823
v -1490.35 41.043 181.822
v -1490.43 41.0714 181.804
v -1490.44 41.0716 181.834
v -1490.46 41.0662 181.818
v -1490.44 41.0716 181.834
v -1490.52 41.0531 181.774
v -1490.52 41.0367 181.783
v -1490.51 41.0393 181.766
v -1490.6 41.0109 181.767
v -1490.44 41.0864 181.823
v -1490.42 41.0662 181.829
v -1490.44 41.0716 181.834
v -1490.76 40.9856 182.946
v -1490.72 40.9912 182.919
v -1490.77 40.9974 182.919
v -1490.71 41.0134 182.929
v -1490.75 41.003 182.967
v -1490.73 41.0103 182.907
v -1490.76 41.0199 182.942
v -1490.77 40.9974 182.919
v -1490.73 41.0226 182.914
v -1490.73 41.0103 182.907
v -1490.78 41.001 182.954
v -1490.78 41.001 182.954
v -1490.78 41.001 182.954
v -1490.71 41.0134 182.929
v -1490.52 41.0181 182.764
v -1490.72 40.9912 182.919
v -1490.54 40.9951 182.745
v -1490.55 41.0147 182.735
v -1490.73 41.0103 182.907
v -1490.54 41.0283 182.747
v -1490.73 41.0226 182.914
v -1490.52 41.0181 182.764
v -1490.71 41.0134 182.929
v -1490.7 41.0033 182.943
v -1490.52 41.0052 182.783
v -1490.52 41.0252 182.788
v -1490.5 41.0092 182.76
v -1490.5 41.0292 182.765
v -1490.5 41.0134 182.785
v -1490.7 41.0033 182.943
v -1490.52 41.0252 182.788
v -1490.47 41.0297 182.77
v -1490.5 41.0292 182.765
v -1490.5 41.0134 182.785
v -1490.47 41.007 182.764
v -1490.47 41.007 182.764
v -1490.49 41.0235 182.75
v -1490.51 41.0376 182.737
v -1490.48 41.0411 182.72
v -1490.46 41.013 182.742
v -1490.49 41.0235 182.75
v -1490.46 41.013 182.742
v -1490.51 40.9998 182.727
v -1490.53 41.0137 182.708
v -1490.53 41.0272 182.711
v -1490.49 40.9887 182.707
v -1490.52 41.0053 182.672
v -1490.52 41.0209 182.67
v -1490.49 41.0358 182.698
v -1490.46 41.0124 182.679
v -1479.29 41.0644 202.177
v -1479.28 41.056 202.18
v -1479.29 41.0422 202.168
v -1479.29 41.0249 202.177
v -1479.25 41.0835 202.116
v -1479.23 41.0747 202.151
v -1479.26 41.0615 202.122
v -1479.27 41.0585 202.14
v -1479.27 41.069 202.159
v -1479.28 41.0835 202.167
v -1479.27 41.1009 202.145
v -1479.28 41.0459 202.159
v -1479.27 41.069 202.159
v -1479.28 41.0403 202.137
v -1479.27 41.0585 202.14
v -1479.19 41.1461 202.123
v -1479.16 41.1734 202.143
v -1479.24 41.1493 202.156
v -1479.2 41.1918 202.196
v -1479.17 41.0263 202.117
v -1479.16 41.0676 202.12
v -1479.18 41.0318 202.108
v -1479.28 41.0837 202.179
v -1479.28 41.0835 202.167
v -1479.28 41.1139 202.179
v -1479.23 41.0159 202.114
v -1479.26 41.0379 202.115
v -1479.24 41.0223 202.136
v -1479.23 41.043 202.142
v -1479.24 41.0027 202.139
v -1479.23 41.0358 202.121
v -1479.06 41.0302 202.222
v -1479.06 41.0356 202.176
v -1479.09 40.9948 202.216
v -1479.13 40.9954 202.152
v -1479.11 41.0506 202.127
v -1479.29 41.0644 202.177
v -1479.29 40.9994 202.156
v -1479.26 41.0272 202.146
v -1479.09 41.1247 202.142
v -1479.19 41.0304 202.123
v -1479.23 41.0363 202.107
v -1479.23 41.091 202.113
v -1479.25 41.0835 202.116
v -1479.22 41.1093 202.118
v -1479.27 41.1009 202.145
v -1479.26 41.0272 202.146
v -1479.07 41.132 202.22
v -1479.12 41.184 202.21
v -1479.25 41.1591 202.185
v -1479.05 41.0851 202.223
v -1479.19 41.0244 202.158
v -1479.2 41.0287 202.194
v -1479.18 40.9921 202.197
v -1479.25 41.0084 202.185
v -1479.28 41.0835 202.167
v -1479.26 41.0615 202.122
v -1479.29 41.0004 202.176
v -1479.29 41.0644 202.177
v -1479.29 41.0644 202.177
v -1479.29 41.0421 202.187
v -1479.28 41.0828 202.249
v -1479.28 41.0609 202.242
v -1479.25 41.0743 202.223
v -1479.29 41.058 202.22
v -1479.28 41.0687 202.201
v -1479.28 41.0834 202.192
v -1479.28 41.1005 202.216
v -1479.28 41.0457 202.2
v -1479.28 41.0687 202.201
v -1479.29 41.0399 202.219
v -1479.29 41.058 202.22
v -1479.22 41.1454 202.266
v -1479.26 41.149 202.216
v -1479.18 41.1727 202.257
v -1479.2 41.0255 202.277
v -1479.22 41.0308 202.281
v -1479.19 41.0667 202.28
v -1479.28 41.0834 202.192
v -1479.26 41.0152 202.256
v -1479.26 41.0218 202.233
v -1479.28 41.0371 202.247
v -1479.24 41.0425 202.234
v -1479.25 41.0022 202.232
v -1479.25 41.0351 202.253
v -1479.08 41.0351 202.263
v -1479.15 40.9949 202.261
v -1479.14 41.0497 202.292
v -1479.29 41.0644 202.177
v -1479.27 41.0268 202.218
v -1479.29 40.9991 202.199
v -1479.12 41.124 202.285
v -1479.21 41.0296 202.266
v -1479.26 41.0354 202.263
v -1479.26 41.0902 202.258
v -1479.28 41.0828 202.249
v -1479.25 41.1086 202.26
v -1479.28 41.1005 202.216
v -1479.27 41.0268 202.218
v -1479.2 41.024 202.233
v -1479.28 41.0834 202.192
v -1479.28 41.0609 202.242
v -1478.85 41.0751 203.681
v -1478.84 41.0667 203.668
v -1478.85 41.0529 203.671
v -1478.85 41.0356 203.68
v -1478.89 41.0942 203.619
v -1478.85 41.0854 203.616
v -1478.88 41.0722 203.624
v -1478.87 41.0692 203.645
v -1478.86 41.0797 203.656
v -1478.85 41.0942 203.664
v -1478.87 41.1116 203.647
v -1478.86 41.0566 203.658
v -1478.86 41.0797 203.656
v -1478.88 41.051 203.651
v -1478.87 41.0692 203.645
v -1478.85 41.1568 203.565
v -1478.82 41.1841 203.549
v -1478.85 41.16 203.628
v -1478.79 41.2025 203.603
v -1478.85 41.037 203.544
v -1478.84 41.0783 203.533
v -1478.86 41.0425 203.553
v -1478.84 41.0944 203.671
v -1478.85 41.0942 203.664
v -1478.84 41.1246 203.674
v -1478.88 41.0266 203.601
v -1478.89 41.0485 203.623
v -1478.86 41.033 203.617
v -1478.85 41.0537 203.605
v -1478.86 41.0134 203.614
v -1478.87 41.0465 203.598
v -1478.71 41.0408 203.484
v -1478.75 41.0463 203.47
v -1478.73 41.0055 203.51
v -1478.8 41.0061 203.518
v -1478.82 41.0612 203.49
v -1478.85 41.0751 203.681
v -1478.86 41.0101 203.666
v -1478.86 41.0379 203.636
v -1478.79 41.1354 203.481
v -1478.85 41.0411 203.561
v -1478.89 41.047 203.598
v -1478.88 41.1017 203.601
v -1478.89 41.0942 203.619
v -1478.87 41.12 203.588
v -1478.87 41.1116 203.647
v -1478.86 41.0379 203.636
v -1478.71 41.1427 203.493
v -1478.75 41.1947 203.541
v -1478.82 41.1698 203.649
v -1478.7 41.0958 203.479
v -1478.82 41.0351 203.577
v -1478.79 41.0394 203.604
v -1478.78 41.0028 203.59
v -1478.82 41.0191 203.646
v -1478.85 41.0942 203.664
v -1478.88 41.0722 203.624
v -1478.85 41.0111 203.682
v -1478.85 41.0751 203.681
v -1478.85 41.0751 203.681
v -1478.84 41.0528 203.682
v -1478.78 41.0935 203.697
v -1478.78 41.0716 203.695
v -1478.79 41.085 203.659
v -1478.81 41.0687 203.692
v -1478.82 41.0794 203.681
v -1478.83 41.0941 203.679
v -1478.81 41.1112 203.689
v -1478.82 41.0564 203.682
v -1478.82 41.0794 203.681
v -1478.81 41.0506 203.7
v -1478.81 41.0687 203.692
v -1478.74 41.156 203.649
v -1478.8 41.1597 203.663
v -1478.73 41.1834 203.616
v -1478.72 41.0362 203.639
v -1478.72 41.0415 203.654
v -1478.71 41.0774 203.627
v -1478.83 41.0941 203.679
v -1478.76 41.0259 203.685
v -1478.78 41.0325 203.674
v -1478.78 41.0478 203.701
v -1478.78 41.0532 203.659
v -1478.78 41.0129 203.669
v -1478.76 41.0458 203.676
v -1478.68 41.0458 203.522
v -1478.71 41.0056 203.582
v -1478.68 41.0604 203.587
v -1478.85 41.0751 203.681
v -1478.8 41.0375 203.679
v -1478.83 41.0098 203.691
v -1478.68 41.1346 203.565
v -1478.73 41.0403 203.646
v -1478.76 41.0461 203.691
v -1478.76 41.1009 203.686
v -1478.78 41.0935 203.697
v -1478.75 41.1193 203.672
v -1478.81 41.1112 203.689
v -1478.8 41.0375 203.679
v -1478.76 41.0347 203.622
v -1478.83 41.0941 203.679
v -1478.78 41.0716 203.695
v -1493.06 41.0277 196.415
v -1493.06 41.0192 196.401
v -1493.07 41.0054 196.413
v -1493.06 40.9881 196.415
v -1493.13 41.0467 196.407
v -1493.11 41.0379 196.374
v -1493.12 41.0248 196.407
v -1493.1 41.0217 196.412
v -1493.08 41.0322 196.407
v -1493.07 41.0467 196.408
v -1493.1 41.0641 196.41
v -1493.08 41.0092 196.409
v -1493.08 41.0322 196.407
v -1493.1 41.0036 196.421
v -1493.1 41.0217 196.412
v -1493.15 41.1094 196.348
v -1493.15 41.1366 196.314
v -1493.1 41.1125 196.382
v -1493.08 41.155 196.323
v -1493.17 40.9896 196.333
v -1493.17 41.0308 196.319
v -1493.17 40.995 196.348
v -1493.06 41.0469 196.404
v -1493.07 41.0467 196.408
v -1493.06 41.0772 196.407
v -1493.14 40.9792 196.391
v -1493.13 41.0011 196.412
v -1493.12 40.9855 196.388
v -1493.12 41.0062 196.371
v -1493.12 40.966 196.383
v -1493.14 40.999 196.383
v -1493.12 40.9934 196.183
v -1493.16 40.9988 196.209
v -1493.11 40.958 196.215
v -1493.15 40.9587 196.277
v -1493.19 41.0138 196.27
v -1493.06 41.0277 196.415
v -1493.08 40.9626 196.419
v -1493.1 40.9905 196.398
v -1493.18 41.0879 196.248
v -1493.15 40.9936 196.344
v -1493.15 40.9995 196.394
v -1493.14 41.0543 196.391
v -1493.13 41.0467 196.407
v -1493.14 41.0726 196.375
v -1493.1 41.0641 196.41
v -1493.1 40.9905 196.398
v -1493.12 41.0952 196.193
v -1493.1 41.1473 196.249
v -1493.07 41.1224 196.377
v -1493.13 41.0483 196.177
v -1493.12 40.9876 196.33
v -1493.08 40.9919 196.325
v -1493.09 40.9554 196.308
v -1493.07 40.9716 196.375
v -1493.07 41.0467 196.408
v -1493.12 41.0248 196.407
v -1493.06 40.9636 196.418
v -1493.06 41.0277 196.415
v -1493.06 41.0277 196.415
v -1493.05 41.0053 196.408
v -1493 41.046 196.37
v -1493.01 41.0241 196.374
v -1493.04 41.0375 196.354
v -1493.02 41.0213 196.39
v -1493.04 41.032 196.395
v -1493.05 41.0466 196.4
v -1493.03 41.0637 196.39
v -1493.04 41.009 196.397
v -1493.04 41.032 196.395
v -1493.02 41.0031 196.398
v -1493.02 41.0213 196.39
v -1493.01 41.1086 196.308
v -1493.04 41.1122 196.365
v -1493.03 41.136 196.283
v -1493.01 40.9887 196.288
v -1493 40.9941 196.3
v -1493.01 41.0299 196.274
v -1493.05 41.0466 196.4
v -1493 40.9784 196.352
v -1493.02 40.985 196.361
v -1493 41.0004 196.376
v -1493.03 41.0057 196.345
v -1493.03 40.9655 196.357
v -1493.01 40.9983 196.346
v -1493.08 40.9983 196.185
v -1493.05 40.9581 196.247
v -1493.02 41.0129 196.225
v -1493.06 41.0277 196.415
v -1493.03 40.9901 196.378
v -1493.04 40.9624 196.407
v -1493.04 41.0872 196.209
v -1493.01 40.9928 196.305
v -1492.99 40.9987 196.351
v -1493 41.0535 196.351
v -1493 41.046 196.37
v -1493.01 41.0718 196.336
v -1493.03 41.0637 196.39
v -1493.03 40.9901 196.378
v -1493.05 40.9872 196.31
v -1493.05 41.0466 196.4
v -1493.01 41.0241 196.374
v -1492.44 41.054 195.224
v -1492.42 41.0455 195.226
v -1492.43 41.0318 195.215
v -1492.44 41.0145 195.224
v -1492.4 41.0731 195.16
v -1492.38 41.0643 195.193
v -1492.41 41.0511 195.167
v -1492.42 41.0481 195.186
v -1492.42 41.0586 195.204
v -1492.43 41.0731 195.213
v -1492.42 41.0905 195.19
v -1492.42 41.0355 195.205
v -1492.42 41.0586 195.204
v -1492.43 41.0299 195.183
v -1492.42 41.0481 195.186
v -1492.34 41.1357 195.162
v -1492.31 41.1629 195.18
v -1492.39 41.1389 195.199
v -1492.34 41.1814 195.235
v -1492.32 41.0159 195.155
v -1492.31 41.0571 195.156
v -1492.34 41.0213 195.147
v -1492.43 41.0733 195.226
v -1492.43 41.0731 195.213
v -1492.43 41.1035 195.225
v -1492.39 41.0055 195.157
v -1492.41 41.0274 195.16
v -1492.39 41.0119 195.18
v -1492.37 41.0326 195.184
v -1492.39 40.9923 195.182
v -1492.38 41.0254 195.163
v -1492.2 41.0197 195.25
v -1492.21 41.0252 195.204
v -1492.23 40.9843 195.246
v -1492.27 40.985 195.186
v -1492.26 41.0401 195.159
v -1492.44 41.054 195.224
v -1492.43 40.989 195.202
v -1492.41 41.0168 195.191
v -1492.24 41.1143 195.173
v -1492.34 41.02 195.162
v -1492.39 41.0258 195.15
v -1492.39 41.0806 195.156
v -1492.4 41.0731 195.16
v -1492.37 41.0989 195.159
v -1492.42 41.0905 195.19
v -1492.41 41.0168 195.191
v -1492.21 41.1216 195.249
v -1492.27 41.1736 195.243
v -1492.4 41.1487 195.229
v -1492.19 41.0747 195.251
v -1492.34 41.014 195.197
v -1492.34 41.0182 195.234
v -1492.33 40.9817 195.236
v -1492.4 40.998 195.229
v -1492.43 41.0731 195.213
v -1492.41 41.0511 195.167
v -1492.44 40.99 195.224
v -1492.44 41.054 195.224
v -1492.44 41.054 195.224
v -1492.43 41.0317 195.234
v -1492.42 41.0724 195.295
v -1492.42 41.0505 195.287
v -1492.39 41.0639 195.267
v -1492.43 41.0476 195.266
v -1492.43 41.0583 195.248
v -1492.43 41.073 195.239
v -1492.43 41.0901 195.262
v -1492.43 41.0353 195.246
v -1492.43 41.0583 195.248
v -1492.44 41.0295 195.267
v -1492.43 41.0476 195.266
v -1492.36 41.1349 195.307
v -1492.4 41.1386 195.26
v -1492.32 41.1623 195.296
v -1492.34 41.015 195.317
v -1492.35 41.0204 195.322
v -1492.32 41.0563 195.319
v -1492.43 41.073 195.239
v -1492.4 41.0047 195.301
v -1492.4 41.0114 195.278
v -1492.42 41.0267 195.293
v -1492.38 41.0321 195.277
v -1492.4 40.9918 195.276
v -1492.39 41.0246 195.297
v -1492.22 41.0247 195.293
v -1492.29 40.9844 195.296
v -1492.27 41.0392 195.326
v -1492.44 41.054 195.224
v -1492.41 41.0164 195.264
v -1492.44 40.9887 195.246
v -1492.25 41.1135 195.317
v -1492.35 41.0192 195.307
v -1492.4 41.025 195.308
v -1492.4 41.0798 195.303
v -1492.42 41.0724 195.295
v -1492.38 41.0981 195.303
v -1492.43 41.0901 195.262
v -1492.41 41.0164 195.264
v -1492.34 41.0136 195.273
v -1492.43 41.073 195.239
v -1492.42 41.0505 195.287
v -1493.7 41.1592 192.452
v -1492.89 41.0253 194.276
v -1493.67 41.1424 192.437
v -1492.86 41.0085 194.261
v -1493.63 41.1548 192.423
v -1492.82 41.0209 194.247
v -1493.62 41.1891 192.419
v -1492.81 41.0552 194.242
v -1493.63 41.2252 192.426
v -1492.82 41.0913 194.249
v -1493.66 41.242 192.441
v -1492.85 41.1081 194.264
v -1493.69 41.2296 192.455
v -1492.88 41.0957 194.278
v -1493.71 41.1953 192.46
v -1492.9 41.0614 194.283
v -1493.7 41.1592 192.452
v -1492.89 41.0253 194.276
v -1492.88 40.988 194.319
v -1492.84 41.0141 194.344
v -1492.8 40.983 194.286
v -1492.8 41.0112 194.325
v -1492.91 41.0602 194.338
v -1492.86 41.0558 194.355
v -1492.86 41.1274 194.324
v -1492.84 41.0946 194.347
v -1492.79 41.1223 194.291
v -1492.8 41.0917 194.328
v -1492.76 41.0501 194.272
v -1492.78 41.05 194.317
v -1492.8 40.983 194.286
v -1492.8 41.0112 194.325
v -1492.9 40.9807 194.279
v -1492.82 40.9749 194.241
v -1492.94 41.0641 194.301
v -1492.89 41.1417 194.285
v -1492.8 41.1359 194.246
v -1492.77 41.0525 194.224
v -1492.82 40.9749 194.241
v -1492.84 40.9892 194.201
v -1492.91 40.9942 194.234
v -1492.94 41.0664 194.253
v -1492.9 41.1336 194.239
v -1492.83 41.1286 194.206
v -1492.8 41.0564 194.187
v -1492.84 40.9892 194.201
v -1492.87 41.022 194.178
v -1492.91 41.0249 194.197
v -1492.93 41.0666 194.208
v -1492.9 41.1054 194.2
v -1492.86 41.1025 194.181
v -1492.84 41.0608 194.17
v -1492.87 41.022 194.178
v -1492.81 41.052 194.348
v -1492.89 41.0645 194.178
v -1493.69 41.1219 192.496
v -1493.65 41.148 192.521
v -1493.61 41.1169 192.463
v -1493.61 41.1451 192.502
v -1493.72 41.1941 192.515
v -1493.67 41.1897 192.532
v -1493.67 41.2613 192.501
v -1493.65 41.2285 192.524
v -1493.6 41.2563 192.468
v -1493.61 41.2256 192.505
v -1493.57 41.1841 192.449
v -1493.59 41.1839 192.494
v -1493.61 41.1169 192.463
v -1493.61 41.1451 192.502
v -1493.71 41.1146 192.455
v -1493.63 41.1088 192.417
v -1493.75 41.198 192.477
v -1493.7 41.2756 192.461
v -1493.61 41.2698 192.423
v -1493.58 41.1864 192.401
v -1493.63 41.1088 192.417
v -1493.65 41.1231 192.378
v -1493.72 41.1281 192.411
v -1493.76 41.2004 192.43
v -1493.71 41.2675 192.416
v -1493.64 41.2625 192.383
v -1493.61 41.1903 192.363
v -1493.65 41.1231 192.378
v -1493.68 41.1559 192.354
v -1493.72 41.1588 192.374
v -1493.74 41.2005 192.385
v -1493.71 41.2393 192.376
v -1493.67 41.2364 192.357
v -1493.65 41.1947 192.346
v -1493.68 41.1559 192.354
v -1493.63 41.186 192.524
v -1493.7 41.1985 192.354
v -1489.38 40.8343 191.578
v -1493.28 41.1002 193.328
v -1489.37 40.8211 191.602
v -1493.27 41.087 193.353
v -1489.36 40.8306 191.628
v -1493.26 41.0965 193.378
v -1489.35 40.8573 191.639
v -1493.25 41.1231 193.39
v -1489.36 40.8854 191.63
v -1493.25 41.1513 193.38
v -1489.37 40.8986 191.605
v -1493.26 41.1645 193.355
v -1489.38 40.8891 191.58
v -1493.27 41.155 193.33
v -1489.39 40.8625 191.568
v -1493.28 41.1283 193.319
v -1489.38 40.8343 191.578
v -1493.28 41.1002 193.328
v -1490.23 40.8747 192.287
v -1492.96 41.0437 193.513
v -1490.2 40.7676 192.479
v -1492.9 41.0167 193.698
v -1493.35 41.0913 192.712
v -1490.68 40.8435 191.506
v -1493.45 41.1196 192.541
v -1490.82 40.957 191.361
v -1492.85 41.0084 193.84
v -1492.79 41.0103 194.029
v -1490.18 40.7606 192.635
v -1490.16 40.8476 192.851
v -1490.45 40.9111 191.791
v -1490.58 40.8303 191.624
v -1493.18 41.0801 193.017
v -1493.28 41.0794 192.843
v -1490.3 40.7895 192.094
v -1493.05 41.0436 193.333
v -1490.36 40.7996 191.957
v -1493.11 41.0536 193.196
v -1493.1 41.0371 193.789
v -1493.12 41.0976 193.803
v -1493.05 41.0285 193.928
v -1493.06 41.0876 193.94
v -1493.48 41.1 192.934
v -1493.55 41.1114 192.801
v -1493.5 41.1604 192.948
v -1493.56 41.1704 192.812
v -1493.28 41.0794 192.843
v -1493.35 41.0913 192.712
v -1492.9 41.0167 193.698
v -1492.85 41.0084 193.84
v -1490.34 41.0597 191.966
v -1493.1 41.1813 193.201
v -1490.45 40.9775 191.793
v -1493.18 41.1812 193.021
v -1490.23 40.9411 192.289
v -1490.18 41.0269 192.488
v -1492.96 41.1448 193.516
v -1492.89 41.1473 193.702
v -1490.28 41.0496 192.103
v -1493.03 41.1713 193.337
v -1492.84 41.1371 193.844
v -1490.16 41.0193 192.644
v -1492.78 41.1115 194.033
v -1490.16 40.9157 192.853
v -1493.34 41.22 192.716
v -1493.44 41.2207 192.545
v -1490.66 41.1022 191.515
v -1490.82 41.0252 191.364
v -1490.56 41.0896 191.634
v -1493.27 41.2101 192.847
v -1493.09 41.1545 193.794
v -1493.04 41.1439 193.932
v -1493.47 41.2173 192.938
v -1493.54 41.2267 192.805
v -1493.27 41.2101 192.847
v -1493.34 41.22 192.716
v -1492.89 41.1473 193.702
v -1492.84 41.1371 193.844
v -1490.36 40.7996 191.957
v -1493.11 41.0536 193.196
v -1490.45 40.9111 191.791
v -1493.18 41.0801 193.017
v -1490.23 40.8747 192.287
v -1490.2 40.7676 192.479
v -1492.96 41.0437 193.513
v -1492.9 41.0216 193.698
v -1490.3 40.7895 192.094
v -1493.05 41.0436 193.333
v -1490.18 40.7606 192.635
v -1490.16 40.8476 192.851
v -1492.85 41.0134 193.84
v -1492.79 41.0103 194.029
v -1490.68 40.8435 191.506
v -1493.35 41.0962 192.712
v -1490.82 40.957 191.361
v -1493.45 41.1196 192.541
v -1490.58 40.8303 191.624
v -1493.28 41.0844 192.843
v -1493.1 41.0405 193.789
v -1493.04 41.0319 193.928
v -1493.12 41.0973 193.802
v -1493.06 41.0873 193.938
v -1493.48 41.1033 192.933
v -1493.5 41.1602 192.946
v -1493.55 41.1147 192.8
v -1493.56 41.1702 192.81
v -1493.28 41.0844 192.843
v -1493.35 41.0962 192.712
v -1492.9 41.0216 193.698
v -1492.85 41.0134 193.84
v -1490.23 40.9411 192.289
v -1492.96 41.1448 193.516
v -1490.18 41.0269 192.488
v -1492.89 41.1423 193.702
v -1490.66 41.1022 191.515
v -1490.82 41.0252 191.364
v -1493.34 41.215 192.716
v -1493.44 41.2207 192.545
v -1490.16 41.0193 192.644
v -1492.84 41.1322 193.844
v -1490.16 40.9157 192.853
v -1492.78 41.1115 194.033
v -1490.45 40.9775 191.793
v -1490.56 41.0896 191.634
v -1493.18 41.1812 193.021
v -1493.27 41.2051 192.847
v -1490.28 41.0496 192.103
v -1493.03 41.1713 193.337
v -1490.34 41.0597 191.966
v -1493.1 41.1813 193.201
v -1493.09 41.1508 193.793
v -1493.04 41.1403 193.931
v -1493.47 41.2137 192.937
v -1493.54 41.2231 192.804
v -1493.27 41.2051 192.847
v -1493.34 41.215 192.716
v -1492.89 41.1423 193.702
v -1492.84 41.1322 193.844
v -1492.9 41.0216 193.698
v -1492.9 41.0167 193.698
v -1492.96 41.0437 193.513
v -1493.18 41.0801 193.017
v -1493.28 41.0794 192.843
v -1493.28 41.0844 192.843
v -1492.79 41.0103 194.029
v -1492.85 41.0084 193.84
v -1492.85 41.0134 193.84
v -1493.35 41.0962 192.712
v -1493.35 41.0913 192.712
v -1493.45 41.1196 192.541
v -1493.05 41.0285 193.928
v -1493.06 41.0876 193.94
v -1493.04 41.0319 193.928
v -1493.06 41.0873 193.938
v -1493.1 41.0371 193.789
v -1493.1 41.0405 193.789
v -1493.12 41.0976 193.803
v -1493.12 41.0973 193.802
v -1493.48 41.1 192.934
v -1493.5 41.1604 192.948
v -1493.48 41.1033 192.933
v -1493.5 41.1602 192.946
v -1493.55 41.1114 192.801
v -1493.55 41.1147 192.8
v -1493.56 41.1704 192.812
v -1493.56 41.1702 192.81
v -1493.48 41.1 192.934
v -1493.48 41.1033 192.933
v -1493.28 41.0794 192.843
v -1493.28 41.0844 192.843
v -1493.55 41.1114 192.801
v -1493.35 41.0913 192.712
v -1493.55 41.1147 192.8
v -1493.35 41.0962 192.712
v -1493.05 41.0285 193.928
v -1493.04 41.0319 193.928
v -1492.85 41.0084 193.84
v -1492.85 41.0134 193.84
v -1493.1 41.0371 193.789
v -1492.9 41.0167 193.698
v -1493.1 41.0405 193.789
v -1492.9 41.0216 193.698
v -1492.96 41.1448 193.516
v -1492.89 41.1473 193.702
v -1492.89 41.1423 193.702
v -1493.27 41.2051 192.847
v -1493.27 41.2101 192.847
v -1493.18 41.1812 193.021
v -1492.84 41.1322 193.844
v -1492.84 41.1371 193.844
v -1492.78 41.1115 194.033
v -1493.44 41.2207 192.545
v -1493.34 41.22 192.716
v -1493.34 41.215 192.716
v -1493.09 41.1545 193.794
v -1493.12 41.0976 193.803
v -1493.09 41.1508 193.793
v -1493.12 41.0973 193.802
v -1493.04 41.1439 193.932
v -1493.04 41.1403 193.931
v -1493.06 41.0876 193.94
v -1493.06 41.0873 193.938
v -1493.54 41.2267 192.805
v -1493.56 41.1704 192.812
v -1493.54 41.2231 192.804
v -1493.56 41.1702 192.81
v -1493.47 41.2173 192.938
v -1493.47 41.2137 192.937
v -1493.5 41.1604 192.948
v -1493.5 41.1602 192.946
v -1493.54 41.2267 192.805
v -1493.54 41.2231 192.804
v -1493.34 41.22 192.716
v -1493.34 41.215 192.716
v -1493.47 41.2173 192.938
v -1493.27 41.2101 192.847
v -1493.47 41.2137 192.937
v -1493.27 41.2051 192.847
v -1493.09 41.1545 193.794
v -1493.09 41.1508 193.793
v -1492.89 41.1473 193.702
v -1492.89 41.1423 193.702
v -1493.04 41.1439 193.932
v -1492.84 41.1371 193.844
v -1493.04 41.1403 193.931
v -1492.84 41.1322 193.844
v -1489.41 40.7458 191.375
v -1489.57 40.784 191.504
v -1489.38 40.6486 191.455
v -1489.55 40.7096 191.566
v -1489.33 40.6069 191.568
v -1489.51 40.6776 191.652
v -1489.28 40.6319 191.683
v -1489.47 40.6967 191.74
v -1489.23 40.7168 191.77
v -1489.43 40.7618 191.807
v -1489.21 40.8391 191.805
v -1489.42 40.8554 191.833
v -1489.21 40.9658 191.779
v -1489.42 40.9525 191.813
v -1489.24 41.0631 191.699
v -1489.44 41.027 191.752
v -1489.29 41.1048 191.586
v -1489.48 41.0589 191.666
v -1489.34 41.0798 191.471
v -1489.52 41.0398 191.577
v -1489.39 40.9948 191.384
v -1489.55 40.9747 191.511
v -1489.41 40.8726 191.349
v -1489.57 40.8811 191.484
v -1489.41 40.7458 191.375
v -1489.57 40.784 191.504
v -1489.41 40.7458 191.375
v -1489.38 40.6486 191.455
v -1489.41 40.8726 191.349
v -1489.39 40.9948 191.384
v -1489.34 41.0798 191.471
v -1489.29 41.1048 191.586
v -1489.24 41.0631 191.699
v -1489.21 40.9658 191.779
v -1489.21 40.8391 191.805
v -1489.23 40.7168 191.77
v -1489.28 40.6319 191.683
v -1489.33 40.6069 191.568
v -1489.57 40.784 191.504
v -1489.57 40.8811 191.484
v -1489.55 40.7096 191.566
v -1489.51 40.6776 191.652
v -1489.47 40.6967 191.74
v -1489.43 40.7618 191.807
v -1489.42 40.8554 191.833
v -1489.42 40.9525 191.813
v -1489.44 41.027 191.752
v -1489.48 41.0589 191.666
v -1489.52 41.0398 191.577
v -1489.55 40.9747 191.511
v -1486.41 43.875 169.513
v -1486.33 43.8257 169.522
v -1486.13 42.75 169.092
v -1486.2 42.75 169.061
v -1484.26 43.875 170.524
v -1484.32 43.8257 170.472
v -1484.05 42.75 170.072
v -1484.11 42.75 170.041
v -1483.43 42.625 169.533
v -1482.9 42.625 168.402
v -1482.9 41.4798 168.402
v -1483.43 41.4798 169.533
v -1482.9 42.625 168.402
v -1483.43 42.625 169.533
v -1483.61 42.625 169.45
v -1483.08 42.625 168.319
v -1482.9 41.4798 168.402
v -1482.9 42.625 168.402
v -1483.08 42.625 168.319
v -1483.08 41.4798 168.319
v -1485.72 43.5 167.751
v -1485.61 43.5 167.807
v -1485.61 41.4798 167.807
v -1485.72 41.4798 167.751
v -1485.72 43.5 167.751
v -1486.11 43.5 168.572
v -1485.99 43.5 168.628
v -1485.61 43.5 167.807
v -1485.99 41.4798 168.628
v -1485.99 43.5 168.628
v -1486.11 43.5 168.572
v -1486.11 41.4798 168.572
v -1483.23 43.8075 168.161
v -1483.19 43.8571 168.078
v -1482.83 41.7219 167.311
v -1482.87 41.6723 167.395
v -1484.08 43.8571 167.661
v -1483.19 43.8571 168.078
v -1483.23 43.8075 168.161
v -1484.12 43.8075 167.744
v -1483.72 41.7219 166.894
v -1484.08 43.8571 167.661
v -1484.12 43.8075 167.744
v -1483.76 41.6723 166.978
v -1482.83 41.7219 167.311
v -1483.72 41.7219 166.894
v -1483.76 41.6723 166.978
v -1482.87 41.6723 167.395
v -1483.23 43.8075 168.161
v -1482.87 41.6723 167.395
v -1482.65 41.4798 167.414
v -1483.08 44 168.319
v -1485.46 44 167.195
v -1484.12 43.8075 167.744
v -1483.23 43.8075 168.161
v -1483.08 44 168.319
v -1485.32 43.8075 167.177
v -1484.26 43.8075 167.678
v -1486.02 43.8257 168.865
v -1486.02 42.75 168.865
v -1486.13 42.75 169.092
v -1486.33 43.8257 169.522
v -1486.02 43.8257 168.865
v -1486.33 43.8257 169.522
v -1485.02 43.8257 169.34
v -1484.32 43.8257 170.472
v -1484.01 43.8257 169.815
v -1484.11 42.75 170.041
v -1484.01 42.75 169.815
v -1484.01 43.8257 169.815
v -1484.32 43.8257 170.472
v -1486.2 42.75 169.061
v -1486.09 42.75 168.835
v -1486.09 43.875 168.835
v -1486.41 43.875 169.513
v -1484.26 43.875 170.524
v -1486.41 43.875 169.513
v -1485.02 43.875 169.34
v -1483.94 43.875 169.846
v -1486.09 43.875 168.835
v -1483.94 43.875 169.846
v -1483.94 42.75 169.846
v -1484.05 42.75 170.072
v -1484.26 43.875 170.524
v -1485.02 44 169.34
v -1485.02 43.875 169.34
v -1486.09 43.875 168.835
v -1486.21 44 168.779
v -1486.09 42.75 168.835
v -1486.21 41.4798 168.779
v -1486.02 42.75 168.865
v -1485.79 41.4798 168.975
v -1486.02 43.8257 168.865
v -1485.79 43.75 168.975
v -1485.02 43.8257 169.34
v -1485.31 43.75 169.2
v -1485.67 43.75 169.031
v -1485.31 43.4141 169.2
v -1485.67 43.4141 169.031
v -1485.19 43.75 169.256
v -1485.02 43.4141 169.34
v -1485.19 43.4141 169.256
v -1484.36 43.75 169.649
v -1484.24 43.75 169.705
v -1484.45 41.4798 170.158
v -1484.57 41.4798 170.102
v -1484.57 41.4798 170.102
v -1484.47 42.25 169.875
v -1484.36 43.4141 169.649
v -1484.36 43.75 169.649
v -1484.36 41.4798 169.649
v -1484.24 43.75 169.705
v -1484.24 41.4798 169.705
v -1484.45 41.4798 170.158
v -1485.31 43.75 169.2
v -1485.19 43.75 169.256
v -1485.41 41.4798 169.708
v -1485.53 41.4798 169.652
v -1485.53 41.4798 169.652
v -1485.42 42.25 169.426
v -1485.31 43.4141 169.2
v -1485.31 43.75 169.2
v -1485.31 41.4798 169.2
v -1485.19 43.4141 169.256
v -1485.3 42.25 169.482
v -1485.41 41.4798 169.708
v -1485.19 43.75 169.256
v -1485.19 41.4798 169.256
v -1483.19 43.8571 168.078
v -1484.08 43.8571 167.661
v -1483.72 41.7219 166.894
v -1482.83 41.7219 167.311
v -1485.46 44 167.195
v -1485.72 43.5 167.751
v -1485.72 41.4798 167.751
v -1485.04 41.4798 166.291
v -1486.21 44 168.779
v -1486.11 43.5 168.572
v -1486.21 41.4798 168.779
v -1486.11 41.4798 168.572
v -1483.82 44 169.902
v -1485.02 44 169.34
v -1483.08 44 168.319
v -1486.21 44 168.779
v -1485.46 44 167.195
v -1483.08 42.625 168.319
v -1483.08 44 168.319
v -1482.65 41.4798 167.414
v -1483.08 41.4798 168.319
v -1483.61 42.625 169.45
v -1483.82 44 169.902
v -1483.61 41.4798 169.45
v -1483.82 41.4798 169.902
v -1485.67 43.4141 169.031
v -1485.78 42.25 169.258
v -1485.88 41.4798 169.484
v -1485.67 43.75 169.031
v -1485.67 41.4798 169.031
v -1485.79 41.4798 168.975
v -1485.79 43.75 168.975
v -1486 41.4798 169.428
v -1485.79 43.75 168.975
v -1485.67 43.75 169.031
v -1485.88 41.4798 169.484
v -1486 41.4798 169.428
v -1484.72 43.4141 169.481
v -1484.82 42.25 169.707
v -1484.93 41.4798 169.933
v -1484.72 43.75 169.481
v -1484.72 41.4798 169.481
v -1485.05 41.4798 169.877
v -1484.94 42.25 169.651
v -1484.84 43.4141 169.425
v -1484.84 43.75 169.425
v -1484.84 41.4798 169.425
v -1484.84 43.75 169.425
v -1484.72 43.75 169.481
v -1484.93 41.4798 169.933
v -1485.05 41.4798 169.877
v -1483.61 42.625 169.45
v -1483.43 42.625 169.533
v -1483.43 41.4798 169.533
v -1483.61 41.4798 169.45
v -1484.96 41.6723 166.41
v -1485.04 41.4798 166.291
v -1482.87 41.6723 167.395
v -1483.76 41.6723 166.978
v -1482.65 41.4798 167.414
v -1483.9 41.6723 166.912
v -1483.9 41.6723 166.912
v -1484.26 43.8075 167.678
v -1484.29 43.7809 167.748
v -1483.93 41.6457 166.981
v -1483.9 41.6723 166.912
v -1483.93 41.6457 166.981
v -1485 41.6457 166.479
v -1484.96 41.6723 166.41
v -1483.9 41.6723 166.912
v -1485 41.6457 166.479
v -1485.36 43.7809 167.246
v -1485.32 43.8075 167.177
v -1484.96 41.6723 166.41
v -1485.36 43.7809 167.246
v -1484.29 43.7809 167.748
v -1484.26 43.8075 167.678
v -1485.32 43.8075 167.177
v -1483.82 41.4798 169.902
v -1483.94 42.75 169.846
v -1483.94 43.875 169.846
v -1483.82 44 169.902
v -1484.24 41.4798 169.705
v -1484.01 42.75 169.815
v -1484.24 43.75 169.705
v -1484.01 43.8257 169.815
v -1485.02 43.8257 169.34
v -1484.36 43.75 169.649
v -1484.72 43.75 169.481
v -1484.84 43.75 169.425
v -1484.84 43.4141 169.425
v -1485.02 43.4141 169.34
v -1484.36 43.4141 169.649
v -1484.72 43.4141 169.481
v -1485.02 43.875 169.34
v -1485.02 44 169.34
v -1482.81 43.0957 168.225
v -1482.92 43.0957 168.265
v -1482.93 43 168.25
v -1482.81 43 168.206
v -1483 43.0957 168.357
v -1483.01 43 168.349
v -1483.02 43.0957 168.474
v -1483.04 43 168.476
v -1482.98 43.0957 168.587
v -1482.99 43 168.598
v -1482.89 43.0957 168.664
v -1482.89 43 168.681
v -1482.89 43.0957 168.664
v -1482.77 43.0957 168.685
v -1482.77 43 168.704
v -1482.89 43 168.681
v -1482.66 43.0957 168.645
v -1482.64 43 168.66
v -1482.58 43.0957 168.553
v -1482.56 43 168.561
v -1482.56 43.0957 168.436
v -1482.54 43 168.434
v -1482.6 43.0957 168.323
v -1482.58 43 168.312
v -1482.69 43.0957 168.246
v -1482.68 43 168.229
v -1482.8 43.1768 168.279
v -1482.89 43.1768 168.31
v -1482.95 43.1768 168.38
v -1482.96 43.1768 168.47
v -1482.93 43.1768 168.556
v -1482.86 43.1768 168.615
v -1482.86 43.1768 168.615
v -1482.77 43.1768 168.631
v -1482.69 43.1768 168.6
v -1482.63 43.1768 168.53
v -1482.61 43.1768 168.44
v -1482.64 43.1768 168.354
v -1482.71 43.1768 168.295
v -1482.8 43.231 168.36
v -1482.84 43.231 168.376
v -1482.87 43.231 168.414
v -1482.88 43.231 168.463
v -1482.87 43.231 168.51
v -1482.83 43.231 168.542
v -1482.83 43.231 168.542
v -1482.78 43.231 168.55
v -1482.73 43.231 168.534
v -1482.7 43.231 168.496
v -1482.69 43.231 168.447
v -1482.71 43.231 168.4
v -1482.75 43.231 168.368
v -1482.8 43.231 168.36
v -1482.75 43.231 168.368
v -1482.79 43.25 168.455
v -1482.84 43.231 168.376
v -1482.88 43.231 168.463
v -1482.87 43.231 168.414
v -1482.87 43.231 168.51
v -1482.78 43.231 168.55
v -1482.83 43.231 168.542
v -1482.7 43.231 168.496
v -1482.73 43.231 168.534
v -1482.69 43.231 168.447
v -1482.71 43.231 168.4
v -1482.93 41.4798 168.25
v -1482.81 41.4798 168.206
v -1483.01 41.4798 168.349
v -1483.04 41.4798 168.476
v -1482.99 41.4798 168.598
v -1482.89 41.4798 168.681
v -1482.77 41.4798 168.704
v -1482.89 41.4798 168.681
v -1482.64 41.4798 168.66
v -1482.64 43 168.66
v -1482.56 41.4798 168.561
v -1482.56 43 168.561
v -1482.54 41.4798 168.434
v -1482.54 43 168.434
v -1482.58 41.4798 168.312
v -1482.58 43 168.312
v -1482.68 41.4798 168.229
v -1482.68 43 168.229
v -1483.34 43.0957 169.356
v -1483.45 43.0957 169.396
v -1483.46 43 169.381
v -1483.34 43 169.337
v -1483.53 43.0957 169.488
v -1483.55 43 169.479
v -1483.55 43.0957 169.605
v -1483.57 43 169.607
v -1483.51 43.0957 169.718
v -1483.53 43 169.729
v -1483.42 43.0957 169.795
v -1483.43 43 169.812
v -1483.42 43.0957 169.795
v -1483.3 43.0957 169.816
v -1483.3 43 169.835
v -1483.43 43 169.812
v -1483.19 43.0957 169.776
v -1483.18 43 169.791
v -1483.11 43.0957 169.684
v -1483.09 43 169.692
v -1483.09 43.0957 169.567
v -1483.07 43 169.565
v -1483.13 43.0957 169.454
v -1483.11 43 169.443
v -1483.22 43.0957 169.377
v -1483.21 43 169.36
v -1483.33 43.1768 169.41
v -1483.42 43.1768 169.441
v -1483.48 43.1768 169.511
v -1483.5 43.1768 169.601
v -1483.47 43.1768 169.687
v -1483.4 43.1768 169.746
v -1483.4 43.1768 169.746
v -1483.31 43.1768 169.762
v -1483.22 43.1768 169.731
v -1483.16 43.1768 169.661
v -1483.14 43.1768 169.571
v -1483.17 43.1768 169.485
v -1483.24 43.1768 169.426
v -1483.33 43.231 169.491
v -1483.37 43.231 169.507
v -1483.41 43.231 169.545
v -1483.42 43.231 169.594
v -1483.4 43.231 169.641
v -1483.36 43.231 169.673
v -1483.36 43.231 169.673
v -1483.31 43.231 169.681
v -1483.27 43.231 169.665
v -1483.23 43.231 169.627
v -1483.22 43.231 169.578
v -1483.24 43.231 169.531
v -1483.28 43.231 169.499
v -1483.33 43.231 169.491
v -1483.32 43.25 169.586
v -1483.37 43.231 169.507
v -1483.42 43.231 169.594
v -1483.41 43.231 169.545
v -1483.4 43.231 169.641
v -1483.31 43.231 169.681
v -1483.36 43.231 169.673
v -1483.23 43.231 169.627
v -1483.27 43.231 169.665
v -1483.24 43.231 169.531
v -1483.22 43.231 169.578
v -1483.28 43.231 169.499
v -1483.46 41.4798 169.381
v -1483.34 41.4798 169.337
v -1483.55 41.4798 169.479
v -1483.57 41.4798 169.607
v -1483.53 41.4798 169.729
v -1483.43 41.4798 169.812
v -1483.3 41.4798 169.835
v -1483.43 41.4798 169.812
v -1483.18 41.4798 169.791
v -1483.18 43 169.791
v -1483.09 41.4798 169.692
v -1483.09 43 169.692
v -1483.07 41.4798 169.565
v -1483.07 43 169.565
v -1483.11 41.4798 169.443
v -1483.11 43 169.443
v -1483.21 41.4798 169.36
v -1483.21 43 169.36
v -1483.07 43.0957 168.79
v -1483.19 43.0957 168.831
v -1483.2 43 168.815
v -1483.07 43 168.771
v -1483.26 43.0957 168.922
v -1483.28 43 168.914
v -1483.28 43.0957 169.04
v -1483.3 43 169.041
v -1483.24 43.0957 169.152
v -1483.26 43 169.163
v -1483.15 43.0957 169.229
v -1483.16 43 169.247
v -1483.15 43.0957 169.229
v -1483.03 43.0957 169.251
v -1483.03 43 169.27
v -1483.16 43 169.247
v -1482.92 43.0957 169.21
v -1482.91 43 169.226
v -1482.84 43.0957 169.119
v -1482.83 43 169.127
v -1482.82 43.0957 169.001
v -1482.8 43 169
v -1482.86 43.0957 168.889
v -1482.85 43 168.878
v -1482.96 43.0957 168.812
v -1482.95 43 168.794
v -1483.07 43.1768 168.844
v -1483.15 43.1768 168.875
v -1483.21 43.1768 168.945
v -1483.23 43.1768 169.035
v -1483.2 43.1768 169.121
v -1483.13 43.1768 169.18
v -1483.13 43.1768 169.18
v -1483.04 43.1768 169.197
v -1482.95 43.1768 169.166
v -1482.89 43.1768 169.096
v -1482.88 43.1768 169.006
v -1482.91 43.1768 168.92
v -1482.98 43.1768 168.861
v -1483.06 43.231 168.925
v -1483.11 43.231 168.942
v -1483.14 43.231 168.98
v -1483.15 43.231 169.028
v -1483.13 43.231 169.075
v -1483.09 43.231 169.107
v -1483.09 43.231 169.107
v -1483.05 43.231 169.116
v -1483 43.231 169.099
v -1482.97 43.231 169.061
v -1482.96 43.231 169.012
v -1482.98 43.231 168.966
v -1483.01 43.231 168.934
v -1483.06 43.231 168.925
v -1483.05 43.25 169.02
v -1483.11 43.231 168.942
v -1483.15 43.231 169.028
v -1483.14 43.231 168.98
v -1483.13 43.231 169.075
v -1483.05 43.231 169.116
v -1483.09 43.231 169.107
v -1482.97 43.231 169.061
v -1483 43.231 169.099
v -1482.98 43.231 168.966
v -1482.96 43.231 169.012
v -1483.01 43.231 168.934
v -1483.2 41.4798 168.815
v -1483.07 41.4798 168.771
v -1483.28 41.4798 168.914
v -1483.3 41.4798 169.041
v -1483.26 41.4798 169.163
v -1483.16 41.4798 169.247
v -1483.03 41.4798 169.27
v -1483.16 41.4798 169.247
v -1482.91 41.4798 169.226
v -1482.91 43 169.226
v -1482.83 41.4798 169.127
v -1482.83 43 169.127
v -1482.8 41.4798 169
v -1482.8 43 169
v -1482.85 41.4798 168.878
v -1482.85 43 168.878
v -1482.95 41.4798 168.794
v -1482.95 43 168.794
v -1483.34 41.5748 170.823
v -1481.74 41.5748 167.422
v -1481.58 41 167.364
v -1483.29 41 170.983
v -1485.14 41.5748 165.82
v -1486.75 41.5748 169.222
v -1486.91 41 169.279
v -1485.2 41 165.66
v -1481.74 41.5748 167.422
v -1485.14 41.5748 165.82
v -1485.2 41 165.66
v -1481.58 41 167.364
v -1486.75 41.5748 169.222
v -1483.34 41.5748 170.823
v -1483.29 41 170.983
v -1486.91 41 169.279
v -1486.91 40 169.279
v -1485.2 40 165.66
v -1485.2 41 165.66
v -1486.91 41 169.279
v -1485.2 40 165.66
v -1481.58 40 167.364
v -1481.58 41 167.364
v -1485.2 41 165.66
v -1481.58 40 167.364
v -1483.29 40 170.983
v -1483.29 41 170.983
v -1481.58 41 167.364
v -1483.29 40 170.983
v -1486.91 40 169.279
v -1486.91 41 169.279
v -1483.29 41 170.983
v -1483.39 41.5748 170.69
v -1481.88 41.5748 167.469
v -1481.74 41.5748 167.422
v -1483.34 41.5748 170.823
v -1485.1 41.5748 165.953
v -1485.14 41.5748 165.82
v -1486.61 41.5748 169.174
v -1486.75 41.5748 169.222
v -1483.4 41.4798 170.662
v -1481.9 41.4798 167.48
v -1481.88 41.5748 167.469
v -1483.39 41.5748 170.69
v -1481.9 41.4798 167.48
v -1485.09 41.4798 165.982
v -1485.1 41.5748 165.953
v -1481.88 41.5748 167.469
v -1485.09 41.4798 165.982
v -1486.58 41.4798 169.164
v -1486.61 41.5748 169.174
v -1485.1 41.5748 165.953
v -1486.58 41.4798 169.164
v -1483.4 41.4798 170.662
v -1483.39 41.5748 170.69
v -1486.61 41.5748 169.174
v -1486.2 42.75 169.061
v -1486.13 42.75 169.092
v -1486.02 42.75 168.865
v -1486.09 42.75 168.835
v -1484.11 42.75 170.041
v -1484.05 42.75 170.072
v -1483.94 42.75 169.846
v -1484.01 42.75 169.815
v -1486.58 41.4798 169.164
v -1485.09 41.4798 165.982
v -1481.9 41.4798 167.48
v -1483.4 41.4798 170.662
v -1485.61 41.4798 167.807
v -1485.61 43.5 167.807
v -1485.99 43.5 168.628
v -1485.99 41.4798 168.628
v -1485.19 41.4798 169.256
v -1485.3 42.25 169.482
v -1484.94 42.25 169.651
v -1484.84 41.4798 169.425
v -1484.94 42.25 169.651
v -1485.3 42.25 169.482
v -1484.84 43.4141 169.425
v -1485.19 43.4141 169.256
v -1485.02 43.4141 169.34
v -1485.78 42.25 169.258
v -1485.67 43.4141 169.031
v -1485.31 43.4141 169.2
v -1485.42 42.25 169.426
v -1485.67 41.4798 169.031
v -1485.78 42.25 169.258
v -1485.42 42.25 169.426
v -1485.31 41.4798 169.2
v -1484.82 42.25 169.707
v -1484.72 43.4141 169.481
v -1484.36 43.4141 169.649
v -1484.47 42.25 169.875
v -1484.72 41.4798 169.481
v -1484.82 42.25 169.707
v -1484.47 42.25 169.875
v -1484.36 41.4798 169.649
v -1485.36 43.7809 167.246
v -1485 41.6457 166.479
v -1483.93 41.6457 166.981
v -1484.29 43.7809 167.748
v -1487.74 41.3808 171.177
v -1487.67 41.3808 171.039
v -1487.72 41.5317 171.185
v -1487.65 41.5317 171.048
v -1487.82 41.3808 171.348
v -1487.75 41.3808 171.21
v -1487.8 41.5317 171.356
v -1487.73 41.5317 171.219
v -1484.82 41.3808 174.24
v -1484.89 41.3808 174.377
v -1484.84 41.5317 174.231
v -1484.9 41.5317 174.368
v -1484.74 41.3808 174.068
v -1484.81 41.3808 174.206
v -1484.76 41.5317 174.06
v -1484.82 41.5317 174.197
v -1486.19 41.2634 170.453
v -1486.19 41.3912 170.453
v -1486.5 41.2634 170.309
v -1486.5 41.3912 170.309
v -1486.55 41.2634 170.417
v -1486.24 41.2634 170.56
v -1486.5 41.2634 170.309
v -1486.19 41.2634 170.453
v -1486.53 41.3912 170.379
v -1486.52 41.2899 170.367
v -1486.5 41.3912 170.309
v -1486.5 41.2634 170.309
v -1486.55 41.2634 170.417
v -1486.55 41.2899 170.42
v -1486.22 41.3912 170.523
v -1486.53 41.3912 170.379
v -1486.19 41.3912 170.453
v -1486.5 41.3912 170.309
v -1486.22 41.3912 170.523
v -1486.19 41.3912 170.453
v -1486.22 41.2899 170.511
v -1486.19 41.2634 170.453
v -1486.24 41.2634 170.56
v -1486.24 41.2899 170.564
v -1487.91 41.2634 174.105
v -1488.22 41.2634 173.961
v -1487.96 41.2634 174.213
v -1488.27 41.2634 174.069
v -1487.93 41.3912 174.143
v -1487.93 41.2899 174.155
v -1487.96 41.3912 174.213
v -1487.96 41.2634 174.213
v -1487.91 41.2634 174.105
v -1487.91 41.2899 174.101
v -1488.21 41.2899 173.958
v -1488.24 41.2899 174.011
v -1488.22 41.2634 173.961
v -1488.27 41.2634 174.069
v -1488.27 41.3912 174.069
v -1488.23 41.3912 173.999
v -1487.96 41.3912 174.213
v -1487.96 41.2634 174.213
v -1488.27 41.3912 174.069
v -1488.27 41.2634 174.069
v -1488.23 41.3912 173.999
v -1487.93 41.3912 174.143
v -1488.27 41.3912 174.069
v -1487.96 41.3912 174.213
v -1486.52 41.2899 170.367
v -1487.04 41.2899 170.123
v -1486.55 41.2899 170.42
v -1487.07 41.2899 170.177
v -1488.21 41.2899 173.958
v -1488.73 41.2899 173.714
v -1488.24 41.2899 174.011
v -1488.76 41.2899 173.768
v -1485.52 41.8534 173.099
v -1485.42 41.8534 172.879
v -1485.19 41.8534 173.252
v -1485.09 41.8534 173.033
v -1485.42 41.7101 172.879
v -1485.09 41.7101 173.033
v -1485.42 41.8534 172.879
v -1485.09 41.8534 173.033
v -1485.52 41.7101 173.099
v -1485.42 41.7101 172.879
v -1485.52 41.8534 173.099
v -1485.42 41.8534 172.879
v -1485.28 41.7101 173.432
v -1485.42 41.7101 173.367
v -1485.28 41.7988 173.432
v -1485.42 41.7988 173.367
v -1485.33 41.7988 173.187
v -1485.19 41.7988 173.252
v -1485.42 41.7988 173.367
v -1485.28 41.7988 173.432
v -1485.09 41.7101 173.033
v -1485.28 41.7101 173.432
v -1485.09 41.8534 173.033
v -1485.19 41.8534 173.252
v -1485.19 41.7988 173.252
v -1485.28 41.7988 173.432
v -1485.34 41.7101 173.2
v -1485.33 41.7101 173.187
v -1485.34 41.7849 173.2
v -1485.33 41.7988 173.187
v -1485.42 41.7988 173.367
v -1485.38 41.7849 173.285
v -1485.42 41.7101 173.367
v -1485.38 41.7101 173.285
v -1485.33 41.7101 173.187
v -1485.52 41.7101 173.099
v -1485.33 41.7988 173.187
v -1485.52 41.8534 173.099
v -1485.19 41.8534 173.252
v -1485.19 41.7988 173.252
v -1485.38 41.7101 173.285
v -1487.11 41.7101 172.471
v -1485.38 41.7849 173.285
v -1487.11 41.7849 172.471
v -1487.07 41.7849 172.386
v -1485.34 41.7849 173.2
v -1487.11 41.7849 172.471
v -1485.38 41.7849 173.285
v -1487.07 41.7101 172.386
v -1485.34 41.7101 173.2
v -1487.07 41.7849 172.386
v -1485.34 41.7849 173.2
v -1487.22 41.7101 172.229
v -1487.04 41.7101 172.317
v -1487.22 41.7849 172.229
v -1487.04 41.8396 172.317
v -1487.36 41.8396 172.164
v -1487.36 41.7849 172.164
v -1487.14 41.7101 172.049
v -1487.22 41.7101 172.229
v -1487.14 41.7849 172.049
v -1487.22 41.7849 172.229
v -1487.47 41.7101 172.384
v -1487.28 41.7101 171.984
v -1487.47 41.8396 172.384
v -1487.36 41.8396 172.164
v -1487.36 41.7849 172.164
v -1487.28 41.7849 171.984
v -1487.22 41.7849 172.229
v -1487.36 41.7849 172.164
v -1487.14 41.7849 172.049
v -1487.28 41.7849 171.984
v -1487.28 41.7101 171.984
v -1487.14 41.7101 172.049
v -1487.28 41.7849 171.984
v -1487.14 41.7849 172.049
v -1487.11 41.7101 172.471
v -1487.14 41.7101 172.537
v -1487.11 41.7849 172.471
v -1487.14 41.8396 172.537
v -1487.04 41.8396 172.317
v -1487.07 41.7849 172.386
v -1487.04 41.7101 172.317
v -1487.07 41.7101 172.386
v -1487.14 41.7101 172.537
v -1487.47 41.7101 172.384
v -1487.14 41.8396 172.537
v -1487.47 41.8396 172.384
v -1487.04 41.8396 172.317
v -1487.14 41.8396 172.537
v -1487.36 41.8396 172.164
v -1487.47 41.8396 172.384
v -1486.52 41.2899 170.367
v -1486.53 41.3912 170.379
v -1487.04 41.2899 170.123
v -1487.06 41.7101 170.174
v -1483.82 41.7101 171.699
v -1486.22 41.3912 170.523
v -1483.8 41.2899 171.648
v -1484.31 41.2899 171.411
v -1484.31 41.3912 171.423
v -1484.45 41.2899 171.341
v -1484.46 41.3912 171.353
v -1486.22 41.2899 170.511
v -1485.49 41.7101 175.242
v -1485.28 41.7101 173.432
v -1483.82 41.7101 171.699
v -1485.09 41.7101 173.033
v -1488.73 41.7101 173.717
v -1487.47 41.7101 172.384
v -1487.14 41.7101 172.537
v -1485.38 41.7101 173.285
v -1485.42 41.7101 173.367
v -1487.11 41.7101 172.471
v -1487.06 41.7101 170.174
v -1487.28 41.7101 171.984
v -1485.42 41.7101 172.879
v -1485.34 41.7101 173.2
v -1487.07 41.7101 172.386
v -1485.33 41.7101 173.187
v -1485.52 41.7101 173.099
v -1487.22 41.7101 172.229
v -1487.14 41.7101 172.049
v -1487.04 41.7101 172.317
v -1488.24 41.2899 174.011
v -1488.76 41.2899 173.768
v -1488.23 41.3912 173.999
v -1488.73 41.7101 173.717
v -1485.49 41.7101 175.242
v -1487.93 41.3912 174.143
v -1487.93 41.2899 174.155
v -1486.17 41.2899 174.985
v -1486.16 41.3912 174.973
v -1486.02 41.3912 175.043
v -1486.02 41.2899 175.055
v -1485.52 41.2899 175.293
v -1484.33 41.2899 171.464
v -1483.83 41.2899 171.702
v -1484.31 41.2899 171.411
v -1483.8 41.2899 171.648
v -1488.76 41.2899 173.768
v -1488.73 41.2899 173.714
v -1488.73 41.7101 173.717
v -1488.72 41.6194 173.685
v -1487.06 41.7101 170.174
v -1487.04 41.2899 170.123
v -1487.07 41.2899 170.177
v -1487.08 41.6194 170.206
v -1483.8 41.2899 171.648
v -1483.83 41.2899 171.702
v -1483.82 41.7101 171.699
v -1483.84 41.6194 171.731
v -1485.49 41.7101 175.242
v -1485.52 41.2899 175.293
v -1485.49 41.2899 175.239
v -1485.48 41.6194 175.21
v -1486.02 41.2899 175.055
v -1485.52 41.2899 175.293
v -1486 41.2899 175.001
v -1485.49 41.2899 175.239
v -1486.24 41.2899 170.564
v -1484.48 41.2899 171.395
v -1486.22 41.2899 170.511
v -1484.45 41.2899 171.341
v -1487.93 41.2899 174.155
v -1486.17 41.2899 174.985
v -1487.91 41.2899 174.101
v -1486.14 41.2899 174.932
v -1484.3 41.2676 171.389
v -1484.3 41.3912 171.389
v -1484.44 41.2676 171.319
v -1484.44 41.3912 171.319
v -1484.48 41.2676 171.391
v -1484.33 41.2676 171.461
v -1484.44 41.2676 171.319
v -1484.3 41.2676 171.389
v -1484.46 41.3912 171.353
v -1484.45 41.2899 171.341
v -1484.44 41.3912 171.319
v -1484.44 41.2676 171.319
v -1484.48 41.2676 171.391
v -1484.48 41.2899 171.395
v -1484.33 41.2899 171.464
v -1484.31 41.2899 171.411
v -1484.33 41.2676 171.461
v -1484.3 41.2676 171.389
v -1484.3 41.3912 171.389
v -1484.31 41.3912 171.423
v -1484.31 41.3912 171.423
v -1484.46 41.3912 171.353
v -1484.3 41.3912 171.389
v -1484.44 41.3912 171.319
v -1486.02 41.3912 175.043
v -1486.02 41.2899 175.055
v -1486.03 41.3912 175.077
v -1486.03 41.2676 175.077
v -1486 41.2676 175.005
v -1486 41.2899 175.001
v -1486 41.2676 175.005
v -1486.15 41.2676 174.935
v -1486.03 41.2676 175.077
v -1486.18 41.2676 175.008
v -1486.14 41.2899 174.932
v -1486.17 41.2899 174.985
v -1486.15 41.2676 174.935
v -1486.18 41.2676 175.008
v -1486.18 41.3912 175.008
v -1486.16 41.3912 174.973
v -1486.16 41.3912 174.973
v -1486.02 41.3912 175.043
v -1486.18 41.3912 175.008
v -1486.03 41.3912 175.077
v -1486.03 41.3912 175.077
v -1486.03 41.2676 175.077
v -1486.18 41.3912 175.008
v -1486.18 41.2676 175.008
v -1486.24 41.2899 170.564
v -1486.24 41.2634 170.56
v -1484.48 41.2899 171.395
v -1484.48 41.2676 171.391
v -1484.33 41.2899 171.464
v -1484.33 41.2676 171.461
v -1483.83 41.2899 171.702
v -1483.84 41.6194 171.731
v -1483.72 41.6194 171.788
v -1483.62 41 171.75
v -1487.24 41 170.047
v -1486.55 41.2634 170.417
v -1487.08 41.6194 170.206
v -1487.2 41.6194 170.15
v -1487.07 41.2899 170.177
v -1486.55 41.2899 170.42
v -1485.48 41.6194 175.21
v -1483.84 41.6194 171.731
v -1485.36 41.6194 175.266
v -1483.72 41.6194 171.788
v -1488.21 41.2899 173.958
v -1488.22 41.2634 173.961
v -1488.73 41.2899 173.714
v -1488.72 41.6194 173.685
v -1488.84 41.6194 173.628
v -1488.94 41 173.666
v -1485.32 41 175.369
v -1487.91 41.2634 174.105
v -1485.48 41.6194 175.21
v -1485.36 41.6194 175.266
v -1485.49 41.2899 175.239
v -1486 41.2899 175.001
v -1486 41.2676 175.005
v -1486.14 41.2899 174.932
v -1486.15 41.2676 174.935
v -1487.91 41.2899 174.101
v -1487.24 41 170.047
v -1487.2 41.6194 170.15
v -1488.94 41 173.666
v -1488.84 41.6194 173.628
v -1485.32 41 175.369
v -1485.36 41.6194 175.266
v -1483.62 41 171.75
v -1483.72 41.6194 171.788
v -1485.32 41 175.369
v -1485.32 40 175.369
v -1488.94 41 173.666
v -1488.94 40 173.666
v -1488.94 41 173.666
v -1488.94 40 173.666
v -1487.24 41 170.047
v -1487.24 40 170.047
v -1487.24 41 170.047
v -1487.24 40 170.047
v -1483.62 41 171.75
v -1483.62 40 171.75
v -1483.62 41 171.75
v -1483.62 40 171.75
v -1485.32 41 175.369
v -1485.32 40 175.369
v -1487.08 41.6194 170.206
v -1488.72 41.6194 173.685
v -1487.2 41.6194 170.15
v -1488.84 41.6194 173.628
v -1486.22 43.875 176.061
v -1486.29 43.8257 176.052
v -1486.49 42.75 176.483
v -1486.43 42.75 176.513
v -1488.36 43.875 175.05
v -1488.31 43.8257 175.102
v -1488.58 42.75 175.502
v -1488.51 42.75 175.533
v -1489.19 42.625 176.042
v -1489.72 42.625 177.172
v -1489.72 41.4798 177.172
v -1489.19 41.4798 176.042
v -1489.72 42.625 177.172
v -1489.19 42.625 176.042
v -1489.02 42.625 176.125
v -1489.55 42.625 177.256
v -1489.72 41.4798 177.172
v -1489.72 42.625 177.172
v -1489.55 42.625 177.256
v -1489.55 41.4798 177.256
v -1486.9 43.5 177.823
v -1487.02 43.5 177.767
v -1487.02 41.4798 177.767
v -1486.9 41.4798 177.823
v -1486.9 43.5 177.823
v -1486.51 43.5 177.003
v -1486.63 43.5 176.947
v -1487.02 43.5 177.767
v -1486.63 41.4798 176.947
v -1486.63 43.5 176.947
v -1486.51 43.5 177.003
v -1486.51 41.4798 177.003
v -1489.39 43.8075 177.413
v -1489.43 43.8571 177.497
v -1489.79 41.7219 178.263
v -1489.75 41.6723 178.18
v -1488.55 43.8571 177.914
v -1489.43 43.8571 177.497
v -1489.39 43.8075 177.413
v -1488.51 43.8075 177.83
v -1488.91 41.7219 178.68
v -1488.55 43.8571 177.914
v -1488.51 43.8075 177.83
v -1488.87 41.6723 178.597
v -1489.79 41.7219 178.263
v -1488.91 41.7219 178.68
v -1488.87 41.6723 178.597
v -1489.75 41.6723 178.18
v -1489.39 43.8075 177.413
v -1489.75 41.6723 178.18
v -1489.97 41.4798 178.16
v -1489.55 44 177.256
v -1487.16 44 178.379
v -1488.51 43.8075 177.83
v -1489.39 43.8075 177.413
v -1489.55 44 177.256
v -1487.3 43.8075 178.398
v -1488.37 43.8075 177.896
v -1486.6 43.8257 176.709
v -1486.6 42.75 176.709
v -1486.49 42.75 176.483
v -1486.29 43.8257 176.052
v -1486.6 43.8257 176.709
v -1486.29 43.8257 176.052
v -1487.61 43.8257 176.234
v -1488.31 43.8257 175.102
v -1488.62 43.8257 175.759
v -1488.51 42.75 175.533
v -1488.62 42.75 175.759
v -1488.62 43.8257 175.759
v -1488.31 43.8257 175.102
v -1486.43 42.75 176.513
v -1486.54 42.75 176.739
v -1486.54 43.875 176.739
v -1486.22 43.875 176.061
v -1488.36 43.875 175.05
v -1486.22 43.875 176.061
v -1487.61 43.875 176.234
v -1488.68 43.875 175.728
v -1486.54 43.875 176.739
v -1488.68 43.875 175.728
v -1488.68 42.75 175.728
v -1488.58 42.75 175.502
v -1488.36 43.875 175.05
v -1487.61 44 176.234
v -1487.61 43.875 176.234
v -1486.54 43.875 176.739
v -1486.42 44 176.796
v -1486.54 42.75 176.739
v -1486.42 41.4798 176.796
v -1486.6 42.75 176.709
v -1486.83 41.4798 176.599
v -1486.6 43.8257 176.709
v -1486.83 43.75 176.599
v -1487.61 43.8257 176.234
v -1487.31 43.75 176.374
v -1486.95 43.75 176.543
v -1487.31 43.4141 176.374
v -1486.95 43.4141 176.543
v -1487.43 43.75 176.318
v -1487.61 43.4141 176.234
v -1487.43 43.4141 176.318
v -1488.27 43.75 175.925
v -1488.39 43.75 175.869
v -1488.17 41.4798 175.416
v -1488.05 41.4798 175.473
v -1488.05 41.4798 175.473
v -1488.16 42.25 175.699
v -1488.27 43.4141 175.925
v -1488.27 43.75 175.925
v -1488.27 41.4798 175.925
v -1488.39 43.75 175.869
v -1488.39 41.4798 175.869
v -1488.17 41.4798 175.416
v -1487.31 43.75 176.374
v -1487.43 43.75 176.318
v -1487.22 41.4798 175.866
v -1487.1 41.4798 175.922
v -1487.1 41.4798 175.922
v -1487.2 42.25 176.148
v -1487.31 43.4141 176.374
v -1487.31 43.75 176.374
v -1487.31 41.4798 176.374
v -1487.43 43.4141 176.318
v -1487.32 42.25 176.092
v -1487.22 41.4798 175.866
v -1487.43 43.75 176.318
v -1487.43 41.4798 176.318
v -1489.43 43.8571 177.497
v -1488.55 43.8571 177.914
v -1488.91 41.7219 178.68
v -1489.79 41.7219 178.263
v -1487.16 44 178.379
v -1486.9 43.5 177.823
v -1486.9 41.4798 177.823
v -1487.59 41.4798 179.284
v -1486.42 44 176.796
v -1486.51 43.5 177.003
v -1486.42 41.4798 176.796
v -1486.51 41.4798 177.003
v -1488.8 44 175.672
v -1487.61 44 176.234
v -1489.55 44 177.256
v -1486.42 44 176.796
v -1487.16 44 178.379
v -1489.55 42.625 177.256
v -1489.55 44 177.256
v -1489.97 41.4798 178.16
v -1489.55 41.4798 177.256
v -1489.02 42.625 176.125
v -1488.8 44 175.672
v -1489.02 41.4798 176.125
v -1488.8 41.4798 175.672
v -1486.95 43.4141 176.543
v -1486.85 42.25 176.317
v -1486.74 41.4798 176.09
v -1486.95 43.75 176.543
v -1486.95 41.4798 176.543
v -1486.83 41.4798 176.599
v -1486.83 43.75 176.599
v -1486.62 41.4798 176.147
v -1486.83 43.75 176.599
v -1486.95 43.75 176.543
v -1486.74 41.4798 176.09
v -1486.62 41.4798 176.147
v -1487.91 43.4141 176.094
v -1487.8 42.25 175.867
v -1487.69 41.4798 175.641
v -1487.91 43.75 176.094
v -1487.91 41.4798 176.094
v -1487.58 41.4798 175.697
v -1487.68 42.25 175.923
v -1487.79 43.4141 176.15
v -1487.79 43.75 176.15
v -1487.79 41.4798 176.15
v -1487.79 43.75 176.15
v -1487.91 43.75 176.094
v -1487.69 41.4798 175.641
v -1487.58 41.4798 175.697
v -1489.02 42.625 176.125
v -1489.19 42.625 176.042
v -1489.19 41.4798 176.042
v -1489.02 41.4798 176.125
v -1487.66 41.6723 179.164
v -1487.59 41.4798 179.284
v -1489.75 41.6723 178.18
v -1488.87 41.6723 178.597
v -1489.97 41.4798 178.16
v -1488.73 41.6723 178.662
v -1488.73 41.6723 178.662
v -1488.37 43.8075 177.896
v -1488.33 43.7809 177.827
v -1488.7 41.6457 178.593
v -1488.73 41.6723 178.662
v -1488.7 41.6457 178.593
v -1487.63 41.6457 179.095
v -1487.66 41.6723 179.164
v -1488.73 41.6723 178.662
v -1487.63 41.6457 179.095
v -1487.27 43.7809 178.328
v -1487.3 43.8075 178.398
v -1487.66 41.6723 179.164
v -1487.27 43.7809 178.328
v -1488.33 43.7809 177.827
v -1488.37 43.8075 177.896
v -1487.3 43.8075 178.398
v -1488.8 41.4798 175.672
v -1488.68 42.75 175.728
v -1488.68 43.875 175.728
v -1488.8 44 175.672
v -1488.39 41.4798 175.869
v -1488.62 42.75 175.759
v -1488.39 43.75 175.869
v -1488.62 43.8257 175.759
v -1487.61 43.8257 176.234
v -1488.27 43.75 175.925
v -1487.91 43.75 176.094
v -1487.79 43.75 176.15
v -1487.79 43.4141 176.15
v -1487.61 43.4141 176.234
v -1488.27 43.4141 175.925
v -1487.91 43.4141 176.094
v -1487.61 43.875 176.234
v -1487.61 44 176.234
v -1489.82 43.0957 177.349
v -1489.71 43.0957 177.309
v -1489.7 43 177.325
v -1489.82 43 177.368
v -1489.63 43.0957 177.218
v -1489.61 43 177.226
v -1489.61 43.0957 177.1
v -1489.59 43 177.098
v -1489.65 43.0957 176.987
v -1489.63 43 176.977
v -1489.74 43.0957 176.91
v -1489.73 43 176.893
v -1489.74 43.0957 176.91
v -1489.86 43.0957 176.889
v -1489.86 43 176.87
v -1489.73 43 176.893
v -1489.97 43.0957 176.93
v -1489.98 43 176.914
v -1490.05 43.0957 177.021
v -1490.06 43 177.013
v -1490.07 43.0957 177.139
v -1490.09 43 177.14
v -1490.03 43.0957 177.251
v -1490.04 43 177.262
v -1489.94 43.0957 177.328
v -1489.94 43 177.345
v -1489.82 43.1768 177.295
v -1489.74 43.1768 177.264
v -1489.68 43.1768 177.195
v -1489.66 43.1768 177.104
v -1489.69 43.1768 177.018
v -1489.76 43.1768 176.959
v -1489.76 43.1768 176.959
v -1489.85 43.1768 176.943
v -1489.94 43.1768 176.974
v -1490 43.1768 177.044
v -1490.01 43.1768 177.134
v -1489.98 43.1768 177.22
v -1489.91 43.1768 177.279
v -1489.83 43.231 177.215
v -1489.78 43.231 177.198
v -1489.75 43.231 177.16
v -1489.74 43.231 177.111
v -1489.76 43.231 177.065
v -1489.8 43.231 177.033
v -1489.8 43.231 177.033
v -1489.85 43.231 177.024
v -1489.89 43.231 177.041
v -1489.92 43.231 177.078
v -1489.93 43.231 177.127
v -1489.92 43.231 177.174
v -1489.88 43.231 177.206
v -1489.83 43.231 177.215
v -1489.88 43.231 177.206
v -1489.84 43.25 177.119
v -1489.78 43.231 177.198
v -1489.74 43.231 177.111
v -1489.75 43.231 177.16
v -1489.76 43.231 177.065
v -1489.85 43.231 177.024
v -1489.8 43.231 177.033
v -1489.92 43.231 177.078
v -1489.89 43.231 177.041
v -1489.93 43.231 177.127
v -1489.92 43.231 177.174
v -1489.7 41.4798 177.325
v -1489.82 41.4798 177.368
v -1489.61 41.4798 177.226
v -1489.59 41.4798 177.098
v -1489.63 41.4798 176.977
v -1489.73 41.4798 176.893
v -1489.86 41.4798 176.87
v -1489.73 41.4798 176.893
v -1489.98 41.4798 176.914
v -1489.98 43 176.914
v -1490.06 41.4798 177.013
v -1490.06 43 177.013
v -1490.09 41.4798 177.14
v -1490.09 43 177.14
v -1490.04 41.4798 177.262
v -1490.04 43 177.262
v -1489.94 41.4798 177.345
v -1489.94 43 177.345
v -1489.29 43.0957 176.218
v -1489.17 43.0957 176.178
v -1489.16 43 176.194
v -1489.28 43 176.237
v -1489.1 43.0957 176.087
v -1489.08 43 176.095
v -1489.08 43.0957 175.969
v -1489.06 43 175.967
v -1489.12 43.0957 175.857
v -1489.1 43 175.846
v -1489.21 43.0957 175.779
v -1489.2 43 175.762
v -1489.21 43.0957 175.779
v -1489.32 43.0957 175.758
v -1489.33 43 175.739
v -1489.2 43 175.762
v -1489.44 43.0957 175.799
v -1489.45 43 175.783
v -1489.51 43.0957 175.89
v -1489.53 43 175.882
v -1489.54 43.0957 176.008
v -1489.55 43 176.009
v -1489.49 43.0957 176.12
v -1489.51 43 176.131
v -1489.4 43.0957 176.197
v -1489.41 43 176.214
v -1489.29 43.1768 176.164
v -1489.2 43.1768 176.133
v -1489.15 43.1768 176.064
v -1489.13 43.1768 175.974
v -1489.16 43.1768 175.887
v -1489.23 43.1768 175.828
v -1489.23 43.1768 175.828
v -1489.32 43.1768 175.812
v -1489.41 43.1768 175.843
v -1489.47 43.1768 175.913
v -1489.48 43.1768 176.003
v -1489.45 43.1768 176.089
v -1489.38 43.1768 176.148
v -1489.3 43.231 176.084
v -1489.25 43.231 176.067
v -1489.22 43.231 176.029
v -1489.21 43.231 175.98
v -1489.23 43.231 175.934
v -1489.26 43.231 175.902
v -1489.26 43.231 175.902
v -1489.31 43.231 175.893
v -1489.36 43.231 175.91
v -1489.39 43.231 175.948
v -1489.4 43.231 175.996
v -1489.38 43.231 176.043
v -1489.35 43.231 176.075
v -1489.3 43.231 176.084
v -1489.31 43.25 175.988
v -1489.25 43.231 176.067
v -1489.21 43.231 175.98
v -1489.22 43.231 176.029
v -1489.23 43.231 175.934
v -1489.31 43.231 175.893
v -1489.26 43.231 175.902
v -1489.39 43.231 175.948
v -1489.36 43.231 175.91
v -1489.38 43.231 176.043
v -1489.4 43.231 175.996
v -1489.35 43.231 176.075
v -1489.16 41.4798 176.194
v -1489.28 41.4798 176.237
v -1489.08 41.4798 176.095
v -1489.06 41.4798 175.967
v -1489.1 41.4798 175.846
v -1489.2 41.4798 175.762
v -1489.33 41.4798 175.739
v -1489.2 41.4798 175.762
v -1489.45 41.4798 175.783
v -1489.45 43 175.783
v -1489.53 41.4798 175.882
v -1489.53 43 175.882
v -1489.55 41.4798 176.009
v -1489.55 43 176.009
v -1489.51 41.4798 176.131
v -1489.51 43 176.131
v -1489.41 41.4798 176.214
v -1489.41 43 176.214
v -1489.55 43.0957 176.784
v -1489.44 43.0957 176.743
v -1489.43 43 176.759
v -1489.55 43 176.803
v -1489.36 43.0957 176.652
v -1489.35 43 176.66
v -1489.34 43.0957 176.534
v -1489.32 43 176.533
v -1489.38 43.0957 176.422
v -1489.37 43 176.411
v -1489.47 43.0957 176.345
v -1489.47 43 176.328
v -1489.47 43.0957 176.345
v -1489.59 43.0957 176.324
v -1489.59 43 176.305
v -1489.47 43 176.328
v -1489.7 43.0957 176.364
v -1489.71 43 176.348
v -1489.78 43.0957 176.455
v -1489.8 43 176.447
v -1489.8 43.0957 176.573
v -1489.82 43 176.575
v -1489.76 43.0957 176.686
v -1489.78 43 176.696
v -1489.67 43.0957 176.763
v -1489.68 43 176.78
v -1489.56 43.1768 176.73
v -1489.47 43.1768 176.699
v -1489.41 43.1768 176.629
v -1489.4 43.1768 176.539
v -1489.43 43.1768 176.453
v -1489.5 43.1768 176.394
v -1489.5 43.1768 176.394
v -1489.59 43.1768 176.378
v -1489.67 43.1768 176.409
v -1489.73 43.1768 176.478
v -1489.75 43.1768 176.569
v -1489.72 43.1768 176.655
v -1489.65 43.1768 176.714
v -1489.56 43.231 176.649
v -1489.52 43.231 176.632
v -1489.48 43.231 176.595
v -1489.48 43.231 176.546
v -1489.49 43.231 176.499
v -1489.53 43.231 176.467
v -1489.53 43.231 176.467
v -1489.58 43.231 176.458
v -1489.63 43.231 176.475
v -1489.66 43.231 176.513
v -1489.67 43.231 176.562
v -1489.65 43.231 176.608
v -1489.61 43.231 176.64
v -1489.56 43.231 176.649
v -1489.57 43.25 176.554
v -1489.52 43.231 176.632
v -1489.48 43.231 176.546
v -1489.48 43.231 176.595
v -1489.49 43.231 176.499
v -1489.58 43.231 176.458
v -1489.53 43.231 176.467
v -1489.66 43.231 176.513
v -1489.63 43.231 176.475
v -1489.65 43.231 176.608
v -1489.67 43.231 176.562
v -1489.61 43.231 176.64
v -1489.43 41.4798 176.759
v -1489.55 41.4798 176.803
v -1489.35 41.4798 176.66
v -1489.32 41.4798 176.533
v -1489.37 41.4798 176.411
v -1489.47 41.4798 176.328
v -1489.59 41.4798 176.305
v -1489.47 41.4798 176.328
v -1489.71 41.4798 176.348
v -1489.71 43 176.348
v -1489.8 41.4798 176.447
v -1489.8 43 176.447
v -1489.82 41.4798 176.575
v -1489.82 43 176.575
v -1489.78 41.4798 176.696
v -1489.78 43 176.696
v -1489.68 41.4798 176.78
v -1489.68 43 176.78
v -1489.28 41.5748 174.751
v -1490.88 41.5748 178.153
v -1491.04 41 178.21
v -1489.34 41 174.591
v -1487.48 41.5748 179.754
v -1485.88 41.5748 176.352
v -1485.72 41 176.295
v -1487.42 41 179.914
v -1490.88 41.5748 178.153
v -1487.48 41.5748 179.754
v -1487.42 41 179.914
v -1491.04 41 178.21
v -1485.88 41.5748 176.352
v -1489.28 41.5748 174.751
v -1489.34 41 174.591
v -1485.72 41 176.295
v -1485.72 40 176.295
v -1487.42 40 179.914
v -1487.42 41 179.914
v -1485.72 41 176.295
v -1487.42 40 179.914
v -1491.04 40 178.21
v -1491.04 41 178.21
v -1487.42 41 179.914
v -1491.04 40 178.21
v -1489.34 40 174.591
v -1489.34 41 174.591
v -1491.04 41 178.21
v -1489.34 40 174.591
v -1485.72 40 176.295
v -1485.72 41 176.295
v -1489.34 41 174.591
v -1489.23 41.5748 174.884
v -1490.75 41.5748 178.105
v -1490.88 41.5748 178.153
v -1489.28 41.5748 174.751
v -1487.53 41.5748 179.621
v -1487.48 41.5748 179.754
v -1486.01 41.5748 176.4
v -1485.88 41.5748 176.352
v -1489.22 41.4798 174.913
v -1490.72 41.4798 178.094
v -1490.75 41.5748 178.105
v -1489.23 41.5748 174.884
v -1490.72 41.4798 178.094
v -1487.54 41.4798 179.592
v -1487.53 41.5748 179.621
v -1490.75 41.5748 178.105
v -1487.54 41.4798 179.592
v -1486.04 41.4798 176.411
v -1486.01 41.5748 176.4
v -1487.53 41.5748 179.621
v -1486.04 41.4798 176.411
v -1489.22 41.4798 174.913
v -1489.23 41.5748 174.884
v -1486.01 41.5748 176.4
v -1486.43 42.75 176.513
v -1486.49 42.75 176.483
v -1486.6 42.75 176.709
v -1486.54 42.75 176.739
v -1488.51 42.75 175.533
v -1488.58 42.75 175.502
v -1488.68 42.75 175.728
v -1488.62 42.75 175.759
v -1486.04 41.4798 176.411
v -1487.54 41.4798 179.592
v -1490.72 41.4798 178.094
v -1489.22 41.4798 174.913
v -1487.02 41.4798 177.767
v -1487.02 43.5 177.767
v -1486.63 43.5 176.947
v -1486.63 41.4798 176.947
v -1487.43 41.4798 176.318
v -1487.32 42.25 176.092
v -1487.68 42.25 175.923
v -1487.79 41.4798 176.15
v -1487.68 42.25 175.923
v -1487.32 42.25 176.092
v -1487.79 43.4141 176.15
v -1487.43 43.4141 176.318
v -1487.61 43.4141 176.234
v -1486.85 42.25 176.317
v -1486.95 43.4141 176.543
v -1487.31 43.4141 176.374
v -1487.2 42.25 176.148
v -1486.95 41.4798 176.543
v -1486.85 42.25 176.317
v -1487.2 42.25 176.148
v -1487.31 41.4798 176.374
v -1487.8 42.25 175.867
v -1487.91 43.4141 176.094
v -1488.27 43.4141 175.925
v -1488.16 42.25 175.699
v -1487.91 41.4798 176.094
v -1487.8 42.25 175.867
v -1488.16 42.25 175.699
v -1488.27 41.4798 175.925
v -1487.27 43.7809 178.328
v -1487.63 41.6457 179.095
v -1488.7 41.6457 178.593
v -1488.33 43.7809 177.827
v -1484.73 43.4004 166.468
v -1484.72 43.4119 166.433
v -1484.75 43.4003 166.416
v -1484.76 43.3803 166.48
v -1484.75 43.4123 166.419
v -1484.72 43.4119 166.433
v -1484.73 43.4004 166.468
v -1484.76 43.3917 166.483
v -1484.75 43.4123 166.419
v -1484.75 43.4003 166.416
v -1484.72 43.4119 166.433
v -1484.76 43.3803 166.48
v -1484.76 43.3917 166.483
v -1484.73 43.4004 166.468
v -1484.87 43.1511 167.184
v -1484.87 43.1579 167.163
v -1484.88 43.1439 167.157
v -1484.88 43.1329 167.184
v -1484.9 43.1803 167.166
v -1484.88 43.1761 167.168
v -1484.88 43.1722 167.189
v -1484.9 43.1759 167.195
v -1484.91 43.167 167.16
v -1484.91 43.1576 167.197
v -1484.9 43.1488 167.155
v -1484.9 43.1361 167.192
v -1484.89 43.1753 167.214
v -1484.89 43.1555 167.232
v -1484.87 43.1284 167.206
v -1484.89 43.1326 167.226
v -1484.85 43.1302 167.214
v -1484.85 43.1517 167.193
v -1484.86 43.179 167.2
v -1484.87 43.1849 167.228
v -1484.87 43.1634 167.249
v -1484.86 43.1361 167.242
v -1484.8 43.3788 166.449
v -1484.79 43.3903 166.413
v -1484.77 43.4072 166.414
v -1484.78 43.3856 166.478
v -1484.76 43.3951 166.411
v -1484.79 43.3903 166.413
v -1484.8 43.3788 166.449
v -1484.78 43.3742 166.475
v -1484.76 43.3951 166.411
v -1484.77 43.4072 166.414
v -1484.79 43.3903 166.413
v -1484.78 43.3856 166.478
v -1484.78 43.3742 166.475
v -1484.8 43.3788 166.449
v -1484.77 43.3739 166.551
v -1484.76 43.3581 166.546
v -1484.79 43.3775 166.549
v -1484.8 43.3654 166.543
v -1484.79 43.3496 166.539
v -1484.77 43.3459 166.541
v -1484.84 43.1477 167.174
v -1484.85 43.1517 167.193
v -1484.85 43.1302 167.214
v -1484.84 43.1115 167.209
v -1484.86 43.179 167.2
v -1484.86 43.1937 167.186
v -1484.87 43.1849 167.228
v -1484.88 43.2036 167.233
v -1484.88 43.1674 167.268
v -1484.87 43.1634 167.249
v -1484.86 43.1361 167.242
v -1484.87 43.1634 167.249
v -1484.86 43.1214 167.256
v -1484.84 43.1477 167.174
v -1484.84 43.1115 167.209
v -1484.83 43.1058 167.209
v -1484.83 43.1485 167.168
v -1484.86 43.1937 167.186
v -1484.85 43.2029 167.182
v -1484.88 43.2036 167.233
v -1484.87 43.2145 167.237
v -1484.88 43.1674 167.268
v -1484.87 43.1718 167.278
v -1484.86 43.1214 167.256
v -1484.85 43.1175 167.264
v -1484.81 43.1109 167.214
v -1484.82 43.1536 167.173
v -1484.84 43.208 167.187
v -1484.86 43.2196 167.242
v -1484.85 43.1769 167.283
v -1484.83 43.1226 167.269
v -1484.81 43.1218 167.218
v -1484.81 43.158 167.184
v -1484.83 43.204 167.195
v -1484.84 43.2139 167.242
v -1484.84 43.1777 167.277
v -1484.82 43.1317 167.265
v -1484.82 43.1455 167.224
v -1484.82 43.1631 167.208
v -1484.81 43.158 167.184
v -1484.81 43.1218 167.218
v -1484.83 43.1855 167.213
v -1484.83 43.204 167.195
v -1484.83 43.1903 167.236
v -1484.84 43.2139 167.242
v -1484.83 43.1727 167.253
v -1484.84 43.1777 167.277
v -1484.83 43.1503 167.247
v -1484.82 43.1317 167.265
v -1484.8 43.1656 167.235
v -1484.8 43.1734 167.227
v -1484.82 43.1631 167.208
v -1484.82 43.1455 167.224
v -1484.8 43.1833 167.23
v -1484.83 43.1855 167.213
v -1484.8 43.1855 167.24
v -1484.83 43.1903 167.236
v -1484.8 43.1777 167.247
v -1484.83 43.1727 167.253
v -1484.8 43.1677 167.245
v -1484.83 43.1503 167.247
v -1484.74 43.194 167.254
v -1484.8 43.3469 166.511
v -1484.81 43.3758 166.518
v -1484.79 43.3981 166.529
v -1484.76 43.3914 166.532
v -1484.74 43.3625 166.525
v -1484.76 43.3403 166.514
v -1484.74 43.3625 166.525
v -1484.78 43.3546 166.516
v -1484.8 43.3469 166.511
v -1484.76 43.3403 166.514
v -1484.76 43.3613 166.522
v -1484.79 43.3763 166.521
v -1484.81 43.3758 166.518
v -1484.79 43.3981 166.529
v -1484.77 43.383 166.527
v -1484.76 43.3914 166.532
v -1484.75 43.4237 166.387
v -1484.75 43.4123 166.419
v -1484.76 43.3917 166.483
v -1484.77 43.383 166.527
v -1484.76 43.3803 166.48
v -1484.76 43.3613 166.522
v -1484.75 43.4003 166.416
v -1484.74 43.4087 166.383
v -1484.74 43.4087 166.383
v -1484.75 43.3969 166.414
v -1484.76 43.3746 166.478
v -1484.76 43.3613 166.522
v -1484.77 43.3711 166.475
v -1484.78 43.3546 166.516
v -1484.76 43.3932 166.411
v -1484.76 43.4041 166.379
v -1484.76 43.4041 166.379
v -1484.76 43.3951 166.411
v -1484.78 43.3742 166.475
v -1484.78 43.3546 166.516
v -1484.78 43.3856 166.478
v -1484.79 43.3763 166.521
v -1484.77 43.4072 166.414
v -1484.76 43.4191 166.383
v -1484.76 43.4191 166.383
v -1484.77 43.4099 166.415
v -1484.78 43.3906 166.48
v -1484.79 43.3763 166.521
v -1484.77 43.3941 166.483
v -1484.77 43.383 166.527
v -1484.75 43.4137 166.419
v -1484.75 43.4237 166.387
v -1484.74 43.4313 166.33
v -1484.74 43.4313 166.33
v -1484.77 43.3941 166.483
v -1484.78 43.3906 166.48
v -1484.78 43.4244 166.467
v -1484.77 43.4099 166.415
v -1484.75 43.4137 166.419
v -1484.77 43.4359 166.432
v -1484.77 43.4099 166.415
v -1484.77 43.4359 166.432
v -1484.78 43.4244 166.467
v -1484.78 43.3906 166.48
v -1484.78 43.4244 166.467
v -1484.77 43.4359 166.432
v -1484.75 43.4137 166.419
v -1484.77 43.3941 166.483
v -1484.77 43.3711 166.475
v -1484.76 43.3746 166.478
v -1484.75 43.3548 166.45
v -1484.75 43.3969 166.414
v -1484.76 43.3932 166.411
v -1484.75 43.3663 166.414
v -1484.75 43.3969 166.414
v -1484.75 43.3663 166.414
v -1484.75 43.3548 166.45
v -1484.76 43.3746 166.478
v -1484.75 43.3548 166.45
v -1484.75 43.3663 166.414
v -1484.76 43.3932 166.411
v -1484.77 43.3711 166.475
v -1485.73 43.0942 168.014
v -1485.7 43.0834 168.027
v -1485.7 43.081 168.058
v -1485.76 43.1006 168.032
v -1485.7 43.0687 168.054
v -1485.7 43.0834 168.027
v -1485.73 43.0942 168.014
v -1485.76 43.089 168.028
v -1485.7 43.0687 168.054
v -1485.7 43.081 168.058
v -1485.7 43.0834 168.027
v -1485.76 43.1006 168.032
v -1485.76 43.089 168.028
v -1485.73 43.0942 168.014
v -1486.42 43.3221 167.757
v -1486.4 43.3138 167.768
v -1486.41 43.3195 167.786
v -1486.43 43.3319 167.773
v -1486.42 43.2821 167.774
v -1486.41 43.2951 167.761
v -1486.43 43.3004 167.75
v -1486.44 43.2878 167.759
v -1486.42 43.2883 167.79
v -1486.45 43.2982 167.773
v -1486.42 43.307 167.796
v -1486.45 43.3203 167.781
v -1486.45 43.2935 167.743
v -1486.47 43.3108 167.742
v -1486.45 43.3417 167.757
v -1486.47 43.3344 167.75
v -1486.44 43.3524 167.735
v -1486.42 43.3309 167.739
v -1486.42 43.3028 167.73
v -1486.45 43.2962 167.716
v -1486.47 43.3176 167.712
v -1486.46 43.3457 167.721
v -1485.76 43.0783 168.081
v -1485.73 43.0674 168.095
v -1485.71 43.0648 168.07
v -1485.77 43.0845 168.047
v -1485.71 43.0772 168.074
v -1485.73 43.0674 168.095
v -1485.76 43.0783 168.081
v -1485.77 43.0961 168.051
v -1485.71 43.0772 168.074
v -1485.71 43.0648 168.07
v -1485.73 43.0674 168.095
v -1485.77 43.0845 168.047
v -1485.77 43.0961 168.051
v -1485.76 43.0783 168.081
v -1485.82 43.1076 167.999
v -1485.82 43.1238 168.004
v -1485.83 43.0963 168.009
v -1485.84 43.1013 168.025
v -1485.83 43.1176 168.03
v -1485.83 43.1288 168.02
v -1486.4 43.3355 167.749
v -1486.42 43.3309 167.739
v -1486.44 43.3524 167.735
v -1486.43 43.3716 167.741
v -1486.42 43.3028 167.73
v -1486.41 43.2882 167.733
v -1486.45 43.2962 167.716
v -1486.45 43.277 167.71
v -1486.49 43.313 167.702
v -1486.47 43.3176 167.712
v -1486.46 43.3457 167.721
v -1486.47 43.3176 167.712
v -1486.48 43.3603 167.718
v -1486.4 43.3355 167.749
v -1486.43 43.3716 167.741
v -1486.43 43.382 167.736
v -1486.39 43.3394 167.745
v -1486.41 43.2882 167.733
v -1486.4 43.2836 167.727
v -1486.45 43.277 167.71
v -1486.45 43.2703 167.699
v -1486.49 43.313 167.702
v -1486.49 43.3129 167.69
v -1486.48 43.3603 167.718
v -1486.48 43.3688 167.708
v -1486.42 43.3858 167.72
v -1486.38 43.3432 167.729
v -1486.39 43.2874 167.711
v -1486.44 43.2741 167.683
v -1486.48 43.3167 167.674
v -1486.47 43.3725 167.692
v -1486.42 43.3792 167.709
v -1486.38 43.3431 167.717
v -1486.39 43.2958 167.701
v -1486.44 43.2846 167.678
v -1486.47 43.3207 167.67
v -1486.46 43.368 167.686
v -1486.42 43.3549 167.701
v -1486.41 43.3373 167.705
v -1486.38 43.3431 167.717
v -1486.42 43.3792 167.709
v -1486.41 43.3143 167.697
v -1486.39 43.2958 167.701
v -1486.43 43.3089 167.686
v -1486.44 43.2846 167.678
v -1486.45 43.3264 167.682
v -1486.47 43.3207 167.67
v -1486.44 43.3494 167.69
v -1486.46 43.368 167.686
v -1486.41 43.3478 167.673
v -1486.41 43.34 167.674
v -1486.41 43.3373 167.705
v -1486.42 43.3549 167.701
v -1486.41 43.3297 167.671
v -1486.41 43.3143 167.697
v -1486.42 43.3273 167.666
v -1486.43 43.3089 167.686
v -1486.43 43.3351 167.664
v -1486.45 43.3264 167.682
v -1486.42 43.3453 167.668
v -1486.44 43.3494 167.69
v -1486.39 43.3512 167.612
v -1485.82 43.1146 168.052
v -1485.82 43.0849 168.043
v -1485.81 43.0758 168.014
v -1485.8 43.0964 167.994
v -1485.79 43.1261 168.004
v -1485.8 43.1352 168.033
v -1485.79 43.1261 168.004
v -1485.81 43.1146 168.038
v -1485.82 43.1146 168.052
v -1485.8 43.1352 168.033
v -1485.8 43.1195 168.017
v -1485.81 43.0924 168.03
v -1485.82 43.0849 168.043
v -1485.81 43.0758 168.014
v -1485.8 43.0973 168.009
v -1485.8 43.0964 167.994
v -1485.67 43.0574 168.067
v -1485.7 43.0687 168.054
v -1485.76 43.089 168.028
v -1485.8 43.0973 168.009
v -1485.76 43.1006 168.032
v -1485.8 43.1195 168.017
v -1485.7 43.081 168.058
v -1485.67 43.0727 168.072
v -1485.67 43.0727 168.072
v -1485.7 43.0832 168.061
v -1485.76 43.1042 168.038
v -1485.8 43.1195 168.017
v -1485.77 43.1016 168.048
v -1485.81 43.1146 168.038
v -1485.71 43.0804 168.073
v -1485.68 43.0693 168.086
v -1485.68 43.0693 168.086
v -1485.71 43.0772 168.074
v -1485.77 43.0961 168.051
v -1485.81 43.1146 168.038
v -1485.77 43.0845 168.047
v -1485.81 43.0924 168.03
v -1485.71 43.0648 168.07
v -1485.68 43.054 168.081
v -1485.68 43.054 168.081
v -1485.71 43.0632 168.067
v -1485.77 43.0816 168.042
v -1485.81 43.0924 168.03
v -1485.77 43.0842 168.031
v -1485.8 43.0973 168.009
v -1485.7 43.066 168.055
v -1485.67 43.0574 168.067
v -1485.63 43.0468 168.096
v -1485.63 43.0468 168.096
v -1485.77 43.0842 168.031
v -1485.77 43.0816 168.042
v -1485.75 43.0505 168.036
v -1485.71 43.0632 168.067
v -1485.7 43.066 168.055
v -1485.72 43.0396 168.049
v -1485.71 43.0632 168.067
v -1485.72 43.0396 168.049
v -1485.75 43.0505 168.036
v -1485.77 43.0816 168.042
v -1485.75 43.0505 168.036
v -1485.72 43.0396 168.049
v -1485.7 43.066 168.055
v -1485.77 43.0842 168.031
v -1485.77 43.1016 168.048
v -1485.76 43.1042 168.038
v -1485.74 43.122 168.059
v -1485.7 43.0832 168.061
v -1485.71 43.0804 168.073
v -1485.71 43.1111 168.073
v -1485.7 43.0832 168.061
v -1485.71 43.1111 168.073
v -1485.74 43.122 168.059
v -1485.76 43.1042 168.038
v -1485.74 43.122 168.059
v -1485.71 43.1111 168.073
v -1485.71 43.0804 168.073
v -1485.77 43.1016 168.048
v -1466.23 46.5629 172.075
v -1466.23 46.6477 172.075
v -1466.32 46.5629 172.075
v -1466.32 46.6477 172.075
v -1466.23 46.4335 172.075
v -1466.23 46.5183 172.075
v -1466.32 46.4335 172.075
v -1466.32 46.5183 172.075
v -1466.23 53.2604 172.271
v -1466.21 53.2604 172.223
v -1466.23 46.2304 172.271
v -1466.21 46.2304 172.223
v -1466.32 53.2604 172.271
v -1466.32 46.2304 172.271
v -1466.34 53.2604 172.223
v -1466.34 46.2304 172.223
v -1466.28 55.9604 172.291
v -1466.35 55.9604 172.261
v -1466.21 55.9604 172.261
v -1466.18 55.9604 172.19
v -1466.21 55.9604 172.119
v -1466.28 55.9604 172.09
v -1466.35 55.9604 172.119
v -1466.38 55.9604 172.19
v -1466.32 53.2604 172.271
v -1466.34 53.2604 172.223
v -1466.35 53.2604 172.261
v -1466.38 53.2604 172.19
v -1466.23 53.2604 172.271
v -1466.21 53.2604 172.261
v -1466.21 53.2604 172.223
v -1466.18 53.2604 172.19
v -1466.23 53.2604 172.176
v -1466.21 53.2604 172.119
v -1466.32 53.2604 172.176
v -1466.35 53.2604 172.119
v -1466.28 53.2604 172.156
v -1466.28 53.2604 172.09
v -1466.38 53.2604 172.19
v -1466.38 55.9604 172.19
v -1466.35 53.2604 172.261
v -1466.35 55.9604 172.261
v -1466.35 53.2604 172.119
v -1466.35 55.9604 172.119
v -1466.28 53.2604 172.09
v -1466.28 55.9604 172.09
v -1466.21 53.2604 172.119
v -1466.21 55.9604 172.119
v -1466.18 53.2604 172.19
v -1466.18 55.9604 172.19
v -1466.21 53.2604 172.261
v -1466.21 55.9604 172.261
v -1466.28 53.2604 172.291
v -1466.28 46.2304 172.291
v -1466.32 53.2604 172.271
v -1466.28 55.9604 172.291
v -1466.28 53.2604 172.291
v -1466.44 46.1492 172.43
v -1466.11 46.1492 172.43
v -1466.44 45.2416 172.43
v -1466.11 45.2416 172.43
v -1466.32 46.2304 172.135
v -1466.32 46.2304 172.176
v -1466.4 46.2304 172.156
v -1466.53 46.2304 172.375
v -1466.5 46.2304 172.249
v -1466.02 46.2304 172.375
v -1466.23 46.2304 172.135
v -1466.15 46.2304 172.156
v -1466.23 46.2304 172.176
v -1466.34 46.2304 172.223
v -1466.21 46.2304 172.223
v -1466.06 46.2304 172.249
v -1466.23 46.2304 172.271
v -1466.32 46.2304 172.271
v -1466.28 46.2304 172.291
v -1466.02 45.1604 172.375
v -1466.06 45.1604 172.249
v -1466.53 45.1604 172.375
v -1466.15 45.1604 172.156
v -1466.28 45.1604 172.122
v -1466.4 45.1604 172.156
v -1466.5 45.1604 172.249
v -1466.5 45.1604 172.249
v -1466.5 46.2304 172.249
v -1466.53 45.1604 172.375
v -1466.53 46.2304 172.375
v -1466.4 45.1604 172.156
v -1466.4 46.2304 172.156
v -1466.28 45.7774 172.122
v -1466.32 45.7774 172.135
v -1466.28 45.1604 172.122
v -1466.32 46.2304 172.135
v -1466.23 45.7774 172.135
v -1466.15 45.1604 172.156
v -1466.15 46.2304 172.156
v -1466.23 46.2304 172.135
v -1466.06 45.1604 172.249
v -1466.06 46.2304 172.249
v -1466.02 45.1604 172.375
v -1466.02 46.2304 172.375
v -1466.32 46.2304 172.176
v -1466.32 46.6774 172.176
v -1466.32 53.2604 172.176
v -1466.28 53.2604 172.156
v -1466.28 46.6774 172.156
v -1466.23 53.2604 172.176
v -1466.23 46.6774 172.176
v -1466.23 46.2304 172.176
v -1466.23 45.7774 172.089
v -1466.23 46.6774 172.089
v -1466.32 45.7774 172.089
v -1466.32 46.6774 172.089
v -1466.23 46.6774 172.176
v -1466.28 46.6774 172.156
v -1466.23 46.6774 172.089
v -1466.32 46.6774 172.089
v -1466.32 46.6774 172.176
v -1466.32 45.7774 172.135
v -1466.28 45.7774 172.122
v -1466.32 45.7774 172.089
v -1466.23 45.7774 172.089
v -1466.23 45.7774 172.135
v -1466.32 45.7774 172.089
v -1466.32 46.6774 172.089
v -1466.32 45.7774 172.135
v -1466.32 46.2304 172.135
v -1466.32 46.6774 172.176
v -1466.32 46.2304 172.176
v -1466.23 45.7774 172.135
v -1466.23 46.2304 172.135
v -1466.23 45.7774 172.089
v -1466.23 46.6774 172.089
v -1466.23 46.6774 172.176
v -1466.23 46.2304 172.176
v -1466.53 46.2304 172.375
v -1466.47 46.1492 172.375
v -1466.53 45.1604 172.375
v -1466.47 45.2416 172.375
v -1466.47 45.2416 172.375
v -1466.02 45.1604 172.375
v -1466.09 45.2416 172.375
v -1466.02 45.1604 172.375
v -1466.09 45.2416 172.375
v -1466.02 46.2304 172.375
v -1466.09 46.1492 172.375
v -1466.53 46.2304 172.375
v -1466.47 46.1492 172.375
v -1466.44 46.1492 172.43
v -1466.47 45.2416 172.375
v -1466.44 45.2416 172.43
v -1466.47 45.2416 172.375
v -1466.44 45.2416 172.43
v -1466.09 45.2416 172.375
v -1466.11 45.2416 172.43
v -1466.09 45.2416 172.375
v -1466.11 45.2416 172.43
v -1466.09 46.1492 172.375
v -1466.11 46.1492 172.43
v -1466.09 46.1492 172.375
v -1466.11 46.1492 172.43
v -1466.47 46.1492 172.375
v -1466.44 46.1492 172.43
v -1466.28 53.2604 172.291
v -1466.28 46.2304 172.291
v -1466.23 53.2604 172.271
v -1466.28 55.9604 172.291
v -1466.28 53.2604 172.291
v -1465.91 52.1677 172.59
v -1465.91 52.1677 171.856
v -1466.64 52.1677 172.59
v -1466.64 52.1677 171.856
v -1466.64 51.6677 172.59
v -1466.64 51.6677 171.856
v -1465.91 51.6677 172.59
v -1465.91 51.6677 171.856
v -1465.91 51.1677 171.856
v -1465.91 51.1677 172.59
v -1466.64 51.1677 171.856
v -1466.64 51.1677 172.59
v -1465.91 52.1532 172.59
v -1466.64 52.1532 172.59
v -1465.91 52.1532 171.856
v -1466.64 52.1532 171.856
v -1466.64 51.6532 172.59
v -1465.91 51.6532 172.59
v -1466.64 51.6532 171.856
v -1465.91 51.6532 171.856
v -1465.91 51.1532 171.856
v -1466.64 51.1532 171.856
v -1465.91 51.1532 172.59
v -1466.64 51.1532 172.59
v -1466.28 54.5485 171.974
v -1466.28 58.1414 171.974
v -1466.28 54.5485 172.277
v -1466.28 58.1414 172.277
v -1466.28 54.5485 171.974
v -1466.27 54.5485 172.277
v -1466.28 58.1414 171.974
v -1466.27 58.1414 172.277
v -1477.56 41.7716 187.24
v -1477.56 41.8347 187.24
v -1477.63 41.7716 187.39
v -1477.56 41.8347 187.24
v -1477 41.8347 187.509
v -1477.63 41.7716 187.39
v -1477.07 41.7716 187.659
v -1477 41.8347 187.509
v -1477 41.7716 187.509
v -1477.07 41.7716 187.659
v -1477 41.7716 187.509
v -1477.56 41.7716 187.24
v -1477.07 41.7716 187.659
v -1477.63 41.7716 187.39
v -1477 41.7716 187.509
v -1477 41.8347 187.509
v -1477.56 41.7716 187.24
v -1477.56 41.8347 187.24
v -1477.02 41.0014 186.601
v -1477.02 42.491 186.601
v -1477.08 41.0014 186.573
v -1477.08 42.491 186.573
v -1477.02 42.491 186.601
v -1477.25 42.491 187.08
v -1477.08 42.491 186.573
v -1477.31 42.491 187.052
v -1477.25 42.491 187.08
v -1477.25 41.0014 187.078
v -1477.31 42.491 187.052
v -1477.31 41.0014 187.05
v -1477.25 41.0014 187.078
v -1477.02 41.0014 186.601
v -1477.31 41.0014 187.05
v -1477.08 41.0014 186.573
v -1477.08 41.0014 186.573
v -1477.08 42.491 186.573
v -1477.31 41.0014 187.05
v -1477.31 42.491 187.052
v -1477.02 41.0014 186.601
v -1477.25 41.0014 187.078
v -1477.02 42.491 186.601
v -1477.25 42.491 187.08
v -1477.07 41.2857 186.573
v -1477.26 41.2858 186.961
v -1477.18 41.2286 186.574
v -1477.32 41.2286 186.872
v -1477.26 41.2858 186.961
v -1477.26 40.9981 186.961
v -1477.32 41.2286 186.872
v -1477.32 41.0552 186.872
v -1477.26 40.9981 186.961
v -1477.07 40.998 186.573
v -1477.32 41.0552 186.872
v -1477.18 41.0552 186.574
v -1477.18 41.0552 186.574
v -1477.18 41.2286 186.574
v -1477.32 41.0552 186.872
v -1477.32 41.2286 186.872
v -1477.07 40.998 186.573
v -1477.26 40.9981 186.961
v -1477.07 41.2857 186.573
v -1477.26 41.2858 186.961
v -1477.07 41.2857 186.573
v -1477.18 41.2286 186.574
v -1477.07 41.1959 186.527
v -1477.13 41.1918 186.51
v -1477.07 40.998 186.573
v -1477.05 41.1746 186.506
v -1477.18 41.0552 186.574
v -1477.12 41.1705 186.489
v -1477.18 41.2286 186.574
v -1477.18 41.0552 186.574
v -1477.13 41.1918 186.51
v -1477.12 41.1705 186.489
v -1477.07 41.2857 186.573
v -1477.07 41.1959 186.527
v -1477.07 40.998 186.573
v -1477.05 41.1746 186.506
v -1477.05 41.1746 186.506
v -1477.09 41.3027 186.469
v -1477.12 41.1705 186.489
v -1477.11 41.2819 186.433
v -1477.07 41.1959 186.527
v -1477.13 41.1918 186.51
v -1477.13 41.3058 186.479
v -1477.14 41.2871 186.444
v -1477.12 41.1705 186.489
v -1477.11 41.2819 186.433
v -1477.13 41.1918 186.51
v -1477.14 41.2871 186.444
v -1477.05 41.1746 186.506
v -1477.07 41.1959 186.527
v -1477.09 41.3027 186.469
v -1477.13 41.3058 186.479
v -1477.11 41.4378 186.433
v -1477.1 41.4391 186.462
v -1477.11 41.4378 186.433
v -1477.16 41.4235 186.46
v -1477.16 41.4235 186.46
v -1477.13 41.4249 186.482
v -1477.1 41.4391 186.462
v -1477.13 41.4249 186.482
v -1477.14 41.5596 186.502
v -1477.11 41.555 186.517
v -1477.14 41.5596 186.502
v -1477.17 41.5163 186.523
v -1477.15 41.5172 186.548
v -1477.17 41.5163 186.523
v -1477.11 41.555 186.517
v -1477.15 41.5172 186.548
v -1477.14 41.6771 186.625
v -1477.17 41.6713 186.605
v -1477.17 41.6713 186.605
v -1477.19 41.6189 186.631
v -1477.17 41.6281 186.652
v -1477.19 41.6189 186.631
v -1477.14 41.6771 186.625
v -1477.17 41.6281 186.652
v -1477.35 41.8438 187.035
v -1477.32 41.8437 187.053
v -1477.32 41.9164 187.052
v -1477.32 41.8437 187.053
v -1477.35 41.9165 187.035
v -1477.32 41.9164 187.052
v -1477.35 41.9165 187.035
v -1477.35 41.8438 187.035
v -1477.91 41.9639 186.894
v -1477.91 42.4925 186.894
v -1477.9 41.9639 186.946
v -1477.9 42.4925 186.946
v -1477.9 42.4925 186.946
v -1477.91 42.4925 186.894
v -1477.69 42.4925 186.912
v -1477.7 42.4925 186.86
v -1477.7 42.4925 186.86
v -1477.7 41.9639 186.86
v -1477.69 42.4925 186.912
v -1477.69 41.9639 186.912
v -1477.7 41.9639 186.86
v -1477.91 41.9639 186.894
v -1477.69 41.9639 186.912
v -1477.9 41.9639 186.946
v -1477.9 41.9639 186.946
v -1477.9 42.4925 186.946
v -1477.69 41.9639 186.912
v -1477.69 42.4925 186.912
v -1477.7 41.9639 186.86
v -1477.7 42.4925 186.86
v -1477.91 41.9639 186.894
v -1477.91 42.4925 186.894
v -1477.88 42.1161 186.889
v -1477.89 42.1282 186.835
v -1477.88 42.4667 186.889
v -1477.89 42.4546 186.835
v -1477.88 42.4667 186.889
v -1477.89 42.4546 186.835
v -1477.73 42.4667 186.864
v -1477.74 42.4546 186.813
v -1477.73 42.4667 186.864
v -1477.74 42.4546 186.813
v -1477.73 42.1161 186.864
v -1477.74 42.1282 186.813
v -1477.73 42.1161 186.864
v -1477.74 42.1282 186.813
v -1477.88 42.1161 186.889
v -1477.89 42.1282 186.835
v -1477.74 42.1282 186.813
v -1477.74 42.4546 186.813
v -1477.89 42.1282 186.835
v -1477.89 42.4546 186.835
v -1477.86 42.1824 186.872
v -1477.87 42.191 186.729
v -1477.86 42.2908 186.872
v -1477.87 42.2822 186.729
v -1477.86 42.2908 186.872
v -1477.87 42.2822 186.729
v -1477.76 42.2908 186.856
v -1477.79 42.2822 186.715
v -1477.76 42.2908 186.856
v -1477.79 42.2822 186.715
v -1477.76 42.1824 186.856
v -1477.79 42.191 186.715
v -1477.76 42.1824 186.856
v -1477.79 42.191 186.715
v -1477.86 42.1824 186.872
v -1477.87 42.191 186.729
v -1477.79 42.191 186.715
v -1477.79 42.2822 186.715
v -1477.87 42.191 186.729
v -1477.87 42.2822 186.729
v -1477.27 42.1993 187.099
v -1477.28 42.2156 187.134
v -1477.27 42.2476 187.083
v -1477.29 42.2639 187.118
v -1477.27 42.2476 187.083
v -1477.29 42.2639 187.118
v -1477.31 42.2476 187.064
v -1477.33 42.2639 187.099
v -1477.33 42.1993 187.07
v -1477.31 42.2476 187.064
v -1477.35 42.2156 187.105
v -1477.33 42.2639 187.099
v -1477.3 42.1695 187.091
v -1477.33 42.1993 187.07
v -1477.32 42.1857 187.126
v -1477.35 42.2156 187.105
v -1477.3 42.1695 187.091
v -1477.32 42.1857 187.126
v -1477.27 42.1993 187.099
v -1477.28 42.2156 187.134
v -1477.27 42.2476 187.083
v -1477.29 42.2045 187.064
v -1477.27 42.1993 187.099
v -1477.31 42.2476 187.064
v -1477.29 42.2045 187.064
v -1477.27 42.2476 187.083
v -1477.33 42.1993 187.07
v -1477.29 42.2045 187.064
v -1477.31 42.2476 187.064
v -1477.3 42.1695 187.091
v -1477.29 42.2045 187.064
v -1477.33 42.1993 187.07
v -1477.27 42.1993 187.099
v -1477.29 42.2045 187.064
v -1477.3 42.1695 187.091
v -1477.28 42.2156 187.134
v -1477.32 42.2371 187.134
v -1477.29 42.2639 187.118
v -1477.29 42.2639 187.118
v -1477.32 42.2371 187.134
v -1477.33 42.2639 187.099
v -1477.33 42.2639 187.099
v -1477.32 42.2371 187.134
v -1477.35 42.2156 187.105
v -1477.35 42.2156 187.105
v -1477.32 42.2371 187.134
v -1477.32 42.1857 187.126
v -1477.32 42.1857 187.126
v -1477.32 42.2371 187.134
v -1477.28 42.2156 187.134
v -1477.65 42.4884 186.888
v -1477.66 42.4894 186.911
v -1477.65 41.8329 186.887
v -1477.76 41.8325 187.121
v -1477.65 42.4884 186.888
v -1476.88 42.4884 187.262
v -1477.66 42.4894 186.911
v -1476.89 42.4894 187.285
v -1476.88 42.4884 187.262
v -1476.88 41.8329 187.261
v -1476.89 42.4894 187.285
v -1476.99 41.8325 187.495
v -1476.88 41.8329 187.261
v -1477.65 41.8329 186.887
v -1476.99 41.8325 187.495
v -1477.76 41.8325 187.121
v -1477.76 41.8325 187.121
v -1477.66 42.4894 186.911
v -1476.99 41.8325 187.495
v -1476.89 42.4894 187.285
v -1476.88 41.8329 187.261
v -1476.88 42.4884 187.262
v -1477.65 41.8329 186.887
v -1477.65 42.4884 186.888
v -1477.85 42.1986 186.863
v -1477.85 42.1652 186.856
v -1477.86 42.1959 186.759
v -1477.86 42.1679 186.766
v -1477.79 42.1959 186.747
v -1477.79 42.1679 186.756
v -1477.77 42.1986 186.849
v -1477.77 42.1652 186.843
v -1477.77 42.1652 186.843
v -1477.79 42.1679 186.756
v -1477.85 42.1652 186.856
v -1477.86 42.1679 186.766
v -1477.86 42.1959 186.759
v -1477.86 42.1679 186.766
v -1477.79 42.1959 186.747
v -1477.79 42.1679 186.756
v -1477.84 42.3626 186.827
v -1477.84 42.349 186.788
v -1477.8 42.3626 186.821
v -1477.81 42.349 186.783
v -1477.86 42.316 186.831
v -1477.85 42.316 186.79
v -1477.84 42.3626 186.827
v -1477.84 42.349 186.788
v -1477.84 42.2694 186.827
v -1477.84 42.283 186.788
v -1477.78 42.316 186.817
v -1477.79 42.316 186.781
v -1477.8 42.2694 186.821
v -1477.81 42.283 186.783
v -1477.8 42.3626 186.821
v -1477.83 42.316 186.769
v -1477.83 42.316 186.769
v -1477.84 42.283 186.788
v -1477.66 42.2876 186.778
v -1477.66 42.288 186.809
v -1477.65 42.3016 186.787
v -1477.65 42.3018 186.802
v -1477.66 42.326 186.818
v -1477.65 42.32 186.807
v -1477.66 42.3491 186.793
v -1477.65 42.3311 186.794
v -1477.66 42.3254 186.768
v -1477.64 42.3197 186.783
v -1477.68 42.2877 186.776
v -1477.68 42.2881 186.807
v -1477.68 42.3261 186.817
v -1477.66 42.326 186.818
v -1477.68 42.3261 186.817
v -1477.68 42.3492 186.791
v -1477.67 42.3254 186.767
v -1477.68 42.2877 186.776
v -1477.69 42.2999 186.782
v -1477.69 42.3001 186.799
v -1477.69 42.3212 186.804
v -1477.68 42.3492 186.791
v -1477.69 42.334 186.79
v -1477.67 42.3254 186.767
v -1477.69 42.3208 186.777
v -1477.24 42.3299 186.98
v -1477.67 42.3209 186.773
v -1477.24 42.3085 186.985
v -1477.67 42.2994 186.778
v -1477.67 42.2994 186.778
v -1477.67 42.2994 186.796
v -1477.24 42.3085 186.985
v -1477.25 42.3085 187.001
v -1477.67 42.2994 186.796
v -1477.67 42.3209 186.801
v -1477.25 42.3085 187.001
v -1477.25 42.3299 187.005
v -1477.67 42.3342 186.787
v -1477.25 42.3432 186.993
v -1477.25 42.3432 186.993
v -1477.67 42.3342 186.787
v -1477.67 42.3209 186.773
v -1477.86 42.3209 186.799
v -1477.67 42.2994 186.778
v -1477.86 42.2994 186.804
v -1477.86 42.2994 186.804
v -1477.86 42.2994 186.821
v -1477.67 42.2994 186.796
v -1477.86 42.2994 186.821
v -1477.67 42.3209 186.801
v -1477.86 42.3209 186.827
v -1477.67 42.3342 186.787
v -1477.86 42.3342 186.813
v -1477.67 42.3342 186.787
v -1477.86 42.3342 186.813
v -1477.86 42.3209 186.799
v -1477.87 42.315 186.814
v -1477.86 42.2994 186.804
v -1477.86 42.2994 186.821
v -1477.86 42.3209 186.827
v -1477.86 42.3342 186.813
v -1476.99 42.0755 187.431
v -1477.49 42.0755 187.189
v -1476.93 42.4621 187.306
v -1477.43 42.4621 187.064
v -1478.12 41 185.983
v -1477.04 41 186.79
v -1478.12 44 185.983
v -1477.04 44 186.79
v -1477.04 41 186.79
v -1475.84 41 187.374
v -1477.04 44 186.79
v -1475.84 44 187.374
v -1466.9 41 169.779
v -1474.44 41 166.084
v -1466.9 44 169.779
v -1474.44 44 166.084
v -1475.84 41 187.374
v -1473.35 41 188.32
v -1475.84 44 187.374
v -1473.35 44 188.32
v -1473.35 41 188.32
v -1465.16 41 171.604
v -1473.35 44 188.32
v -1465.16 44 171.604
v -1465.16 41 171.604
v -1467.28 41 170.565
v -1465.16 44 171.604
v -1467.28 44 170.565
v -1467.28 41 170.565
v -1466.9 41 169.779
v -1467.28 44 170.565
v -1466.9 44 169.779
v -1481.67 41 184.522
v -1480.37 41 184.884
v -1481.67 44 184.522
v -1480.37 44 184.884
v -1482.86 41 183.938
v -1481.67 41 184.522
v -1482.86 44 183.938
v -1481.67 44 184.522
v -1485.14 41 182.547
v -1482.86 41 183.938
v -1485.14 44 182.547
v -1482.86 44 183.938
v -1476.95 41 165.831
v -1485.14 41 182.547
v -1476.95 44 165.831
v -1485.14 44 182.547
v -1474.44 41 166.084
v -1474.83 41 166.87
v -1474.44 44 166.084
v -1474.83 44 166.87
v -1474.83 41 166.87
v -1476.95 41 165.831
v -1474.83 44 166.87
v -1476.95 44 165.831
v -1480.37 41 184.884
v -1479.98 41.25 184.098
v -1480.37 44 184.884
v -1479.98 44.25 184.098
v -1479.98 41.25 184.098
v -1479.76 41.25 184.208
v -1479.98 44.25 184.098
v -1479.76 44.25 184.208
v -1477.74 41.25 185.197
v -1478.12 41 185.983
v -1477.74 44.25 185.197
v -1478.12 44 185.983
v -1477.96 41.25 185.087
v -1477.74 41.25 185.197
v -1477.96 44.25 185.087
v -1477.74 44.25 185.197
v -1479.76 41.25 184.208
v -1479.68 41.25 184.05
v -1479.76 44.25 184.208
v -1479.68 44.25 184.05
v -1477.88 41.25 184.93
v -1477.96 41.25 185.087
v -1477.88 44.25 184.93
v -1477.96 44.25 185.087
v -1468.8 40 168.847
v -1468.8 41.3804 168.847
v -1468.96 40 169.156
v -1468.96 41.3804 169.156
v -1468.8 44.75 168.847
v -1472.54 44.75 167.017
v -1468.96 44.75 169.156
v -1472.69 44.75 167.326
v -1472.54 44.75 167.017
v -1472.54 41.3804 167.017
v -1472.69 44.75 167.326
v -1472.69 41.3804 167.326
v -1474.83 45.5 166.87
v -1474.44 45.5 166.084
v -1467.28 45.5 170.565
v -1466.9 45.5 169.779
v -1472.54 41.3804 167.017
v -1472.54 44.75 167.017
v -1474.44 41.3804 166.084
v -1474.44 45.5 166.084
v -1466.9 45.5 169.779
v -1468.8 44.75 168.847
v -1466.9 41.3804 169.779
v -1468.8 41.3804 168.847
v -1469.49 45.5 178.46
v -1468.18 45.5 175.766
v -1469.1 45.5 178.652
v -1467.78 45.5 175.958
v -1467.78 45.5 175.958
v -1467.78 44.25 175.958
v -1469.1 45.5 178.652
v -1469.1 44.25 178.652
v -1467.78 44.25 175.958
v -1468.18 44.25 175.766
v -1469.1 44.25 178.652
v -1469.49 44.25 178.46
v -1478.78 44.25 170.57
v -1478.78 45.5 170.57
v -1480.1 44.25 173.264
v -1480.1 45.5 173.264
v -1478.39 44.25 170.763
v -1478.78 44.25 170.57
v -1479.71 44.25 173.457
v -1480.1 44.25 173.264
v -1478.78 45.5 170.57
v -1478.39 45.5 170.763
v -1480.1 45.5 173.264
v -1479.71 45.5 173.457
v -1468.18 44.25 175.766
v -1467.78 44.25 175.958
v -1468.18 41.3804 175.766
v -1467.78 41.3804 175.958
v -1467.78 42 175.958
v -1467.39 42 176.15
v -1467.39 45.75 176.15
v -1467.78 45.5 175.958
v -1467.78 46 175.958
v -1468.18 46 175.766
v -1468.18 45.5 175.766
v -1469.49 45.5 178.46
v -1469.1 45.5 178.652
v -1469.49 46 178.46
v -1469.1 46 178.652
v -1468.71 45.75 178.845
v -1468.71 42 178.845
v -1469.1 44.25 178.652
v -1469.1 42 178.652
v -1469.49 44.25 178.46
v -1469.1 41.3804 178.652
v -1469.49 41.3804 178.46
v -1467.39 45.75 176.15
v -1465.16 45.75 171.604
v -1467.39 42 176.15
v -1465.16 42 171.604
v -1465.16 45.75 171.604
v -1467.39 45.75 176.15
v -1465.75 46 171.804
v -1467.78 46 175.958
v -1480.5 42 173.072
v -1485.14 42 182.547
v -1480.1 42 173.264
v -1484.55 42 182.347
v -1482.75 42 183.715
v -1480.17 42 184.491
v -1481.56 42 184.299
v -1480.37 42 184.884
v -1480.17 41.1278 184.491
v -1480.17 41.3804 184.491
v -1479.98 41.25 184.098
v -1479.98 44.5 184.098
v -1480.17 42 184.491
v -1480.37 44.5 184.884
v -1480.37 42 184.884
v -1480.37 44.5 184.884
v -1478.12 44.5 185.983
v -1479.98 44.5 184.098
v -1477.74 44.5 185.197
v -1477.93 41.1278 185.59
v -1477.74 41.25 185.197
v -1477.93 41.3804 185.59
v -1477.74 42.108 185.197
v -1477.93 42 185.59
v -1477.93 42.108 185.59
v -1478.12 42 185.983
v -1478.12 44.5 185.983
v -1477.93 42.8469 185.59
v -1477.74 44.5 185.197
v -1477.74 42.8469 185.197
v -1476.95 45.75 165.831
v -1476.75 46 166.417
v -1479.18 45.75 170.378
v -1478.78 46 170.57
v -1465.16 45.75 171.604
v -1465.75 46 171.804
v -1476.95 45.75 165.831
v -1476.75 46 166.417
v -1473.35 45.75 188.32
v -1473.55 46 187.734
v -1468.71 45.75 178.845
v -1469.1 46 178.652
v -1485.14 45.75 182.547
v -1484.55 46 182.347
v -1482.75 45.75 183.715
v -1473.55 46 187.734
v -1481.56 45.75 184.299
v -1476.93 45.75 186.567
v -1475.73 45.75 187.151
v -1473.35 45.75 188.32
v -1482.75 42 183.715
v -1485.14 42 182.547
v -1482.75 45.75 183.715
v -1485.14 45.75 182.547
v -1480.1 46 173.264
v -1479.71 46 173.457
v -1484.55 46 182.347
v -1473.55 46 187.734
v -1469.1 46 178.652
v -1469.49 46 178.46
v -1478.39 46 170.763
v -1468.18 46 175.766
v -1467.78 46 175.958
v -1465.75 46 171.804
v -1476.75 46 166.417
v -1478.78 46 170.57
v -1474.83 42 166.87
v -1474.83 45.5 166.87
v -1476.95 42 165.831
v -1476.95 45.75 165.831
v -1465.16 45.75 171.604
v -1467.28 45.5 170.565
v -1465.16 42 171.604
v -1467.28 42 170.565
v -1469.1 42 178.652
v -1473.55 42 187.734
v -1468.71 42 178.845
v -1473.35 42 188.32
v -1475.73 42 187.151
v -1477.93 42 185.59
v -1476.93 42 186.567
v -1478.12 42 185.983
v -1468.71 42 178.845
v -1473.35 42 188.32
v -1468.71 45.75 178.845
v -1473.35 45.75 188.32
v -1480.5 45.75 173.072
v -1485.14 45.75 182.547
v -1480.5 42 173.072
v -1485.14 42 182.547
v -1469.1 40 178.652
v -1473.55 40 187.734
v -1469.1 41.3804 178.652
v -1473.55 41.3804 187.734
v -1485.14 45.75 182.547
v -1480.5 45.75 173.072
v -1484.55 46 182.347
v -1480.1 46 173.264
v -1478.78 40 170.57
v -1476.75 40 166.417
v -1478.78 41.3804 170.57
v -1476.75 41.3804 166.417
v -1467.28 42 170.565
v -1467.48 42 170.958
v -1465.16 42 171.604
v -1465.75 42 171.804
v -1467.39 42 176.15
v -1467.78 42 175.958
v -1479.18 42 170.378
v -1476.95 42 165.831
v -1479.18 45.75 170.378
v -1476.95 45.75 165.831
v -1479.71 44.25 173.457
v -1480.1 44.25 173.264
v -1479.71 41.3804 173.457
v -1480.1 41.3804 173.264
v -1480.1 42 173.264
v -1480.5 42 173.072
v -1480.5 45.75 173.072
v -1480.1 45.5 173.264
v -1480.1 46 173.264
v -1479.71 45.5 173.457
v -1479.71 46 173.457
v -1478.39 45.5 170.763
v -1478.78 45.5 170.57
v -1478.39 46 170.763
v -1478.78 46 170.57
v -1479.18 45.75 170.378
v -1479.18 42 170.378
v -1478.78 44.25 170.57
v -1478.78 42 170.57
v -1478.39 44.25 170.763
v -1478.78 41.3804 170.57
v -1478.39 41.3804 170.763
v -1480.17 41.1278 184.491
v -1480.37 41 184.884
v -1480.17 40 184.491
v -1480.37 40 184.884
v -1477.93 41.1278 185.59
v -1477.93 40 185.59
v -1478.12 41 185.983
v -1478.12 40 185.983
v -1475.02 42 167.263
v -1474.83 42 166.87
v -1476.75 42 166.417
v -1476.95 42 165.831
v -1479.18 42 170.378
v -1478.78 42 170.57
v -1475.02 40 167.263
v -1474.44 40 166.084
v -1475.02 41.3804 167.263
v -1474.44 41.3804 166.084
v -1467.48 40 170.958
v -1467.48 41.3804 170.958
v -1466.9 40 169.779
v -1466.9 41.3804 169.779
v -1477.93 42.8469 185.59
v -1477.85 42.8469 185.626
v -1477.74 42.8469 185.197
v -1477.66 42.8469 185.233
v -1477.74 42.108 185.197
v -1477.66 42.108 185.233
v -1477.93 42.108 185.59
v -1477.85 42.108 185.626
v -1477.93 42.108 185.59
v -1477.85 42.108 185.626
v -1477.93 42.8469 185.59
v -1477.85 42.8469 185.626
v -1468.8 44.75 168.847
v -1468.96 44.75 169.156
v -1472.54 40 167.017
v -1472.69 40 167.326
v -1465.75 41.3804 171.804
v -1465.75 40 171.804
v -1467.78 41.3804 175.958
v -1467.78 40 175.958
v -1484.55 41.3804 182.347
v -1484.55 40 182.347
v -1480.1 41.3804 173.264
v -1480.1 40 173.264
v -1475.02 42 167.263
v -1474.83 42 166.87
v -1474.44 45.5 166.084
v -1474.83 45.5 166.87
v -1467.48 42 170.958
v -1466.9 41.3804 169.779
v -1467.28 42 170.565
v -1466.9 45.5 169.779
v -1467.28 45.5 170.565
v -1481.67 42 184.522
v -1482.86 42 183.938
v -1481.67 45.75 184.522
v -1482.86 45.75 183.938
v -1480.37 42 184.884
v -1481.56 42 184.299
v -1480.37 44.5 184.884
v -1481.56 45.75 184.299
v -1476.93 45.75 186.567
v -1478.12 44.5 185.983
v -1476.93 42 186.567
v -1478.12 42 185.983
v -1475.73 45.75 187.151
v -1473.35 45.75 188.32
v -1475.73 42 187.151
v -1473.35 42 188.32
v -1477.04 45.75 186.79
v -1475.84 45.75 187.374
v -1477.04 42 186.79
v -1475.84 42 187.374
v -1472.69 40 167.326
v -1468.96 40 169.156
v -1472.69 41.3804 167.326
v -1468.96 41.3804 169.156
v -1477.74 41.25 185.197
v -1477.93 41.1278 185.59
v -1477.96 41.25 185.087
v -1479.98 41.25 184.098
v -1479.76 41.25 184.208
v -1480.17 41.1278 184.491
v -1480.37 41 184.884
v -1478.12 41 185.983
v -1477.93 40 185.59
v -1477.93 41.1278 185.59
v -1473.55 40 187.734
v -1473.55 41.3804 187.734
v -1477.93 41.3804 185.59
v -1480.37 41 184.884
v -1478.12 41 185.983
v -1480.37 40 184.884
v -1478.12 40 185.983
v -1480.17 41.3804 184.491
v -1480.17 41.1278 184.491
v -1484.55 41.3804 182.347
v -1484.55 40 182.347
v -1480.17 40 184.491
v -1475.02 40 167.263
v -1475.02 41.3804 167.263
v -1476.75 40 166.417
v -1476.75 41.3804 166.417
v -1477.96 41.25 185.087
v -1477.96 44.25 185.087
v -1477.74 41.25 185.197
v -1477.74 42.108 185.197
v -1477.66 42.108 185.233
v -1477.66 42.8469 185.233
v -1477.74 42.8469 185.197
v -1477.74 44.5 185.197
v -1479.98 44.5 184.098
v -1479.76 44.25 184.208
v -1479.98 41.25 184.098
v -1479.76 41.25 184.208
v -1474.44 41.3804 166.084
v -1474.44 40 166.084
v -1472.54 41.3804 167.017
v -1472.54 40 167.017
v -1479.71 41.3804 173.457
v -1479.71 40 173.457
v -1478.39 41.3804 170.763
v -1478.39 40 170.763
v -1467.78 41.3804 175.958
v -1467.78 40 175.958
v -1468.18 41.3804 175.766
v -1468.18 40 175.766
v -1468.18 41.3804 175.766
v -1468.18 40 175.766
v -1469.49 41.3804 178.46
v -1469.49 40 178.46
v -1469.49 41.3804 178.46
v -1469.49 40 178.46
v -1469.1 41.3804 178.652
v -1469.1 40 178.652
v -1467.48 41.3804 170.958
v -1467.48 40 170.958
v -1465.75 41.3804 171.804
v -1465.75 40 171.804
v -1480.1 41.3804 173.264
v -1480.1 40 173.264
v -1479.71 41.3804 173.457
v -1479.71 40 173.457
v -1478.39 41.3804 170.763
v -1478.39 40 170.763
v -1478.78 41.3804 170.57
v -1478.78 40 170.57
v -1468.8 41.3804 168.847
v -1468.8 40 168.847
v -1466.9 41.3804 169.779
v -1466.9 40 169.779
v -1469.49 45.5 178.46
v -1469.49 46 178.46
v -1468.18 45.5 175.766
v -1468.18 46 175.766
v -1467.78 42 175.958
v -1465.75 42 171.804
v -1467.78 41.3804 175.958
v -1465.75 41.3804 171.804
v -1467.48 42 170.958
v -1467.48 41.3804 170.958
v -1465.75 42 171.804
v -1465.75 41.3804 171.804
v -1480.1 42 173.264
v -1484.55 42 182.347
v -1480.1 41.3804 173.264
v -1484.55 41.3804 182.347
v -1477.96 41.25 185.087
v -1479.76 41.25 184.208
v -1477.88 41.25 184.93
v -1479.68 41.25 184.05
v -1477.96 41.25 185.087
v -1477.88 41.25 184.93
v -1477.96 44.25 185.087
v -1477.88 44.25 184.93
v -1479.76 44.25 184.208
v -1477.96 44.25 185.087
v -1479.68 44.25 184.05
v -1477.88 44.25 184.93
v -1479.76 44.25 184.208
v -1479.68 44.25 184.05
v -1479.76 41.25 184.208
v -1479.68 41.25 184.05
v -1478.39 45.5 170.763
v -1478.39 46 170.763
v -1479.71 45.5 173.457
v -1479.71 46 173.457
v -1477.93 41.3804 185.59
v -1477.93 42 185.59
v -1473.55 41.3804 187.734
v -1473.55 42 187.734
v -1473.55 41.3804 187.734
v -1473.55 42 187.734
v -1469.1 41.3804 178.652
v -1469.1 42 178.652
v -1476.75 41.3804 166.417
v -1476.75 42 166.417
v -1478.78 41.3804 170.57
v -1478.78 42 170.57
v -1484.55 41.3804 182.347
v -1484.55 42 182.347
v -1480.17 41.3804 184.491
v -1480.17 42 184.491
v -1475.02 41.3804 167.263
v -1475.02 42 167.263
v -1476.75 41.3804 166.417
v -1476.75 42 166.417
v -1481.56 42 184.299
v -1481.67 42 184.522
v -1481.56 45.75 184.299
v -1481.67 45.75 184.522
v -1481.56 45.75 184.299
v -1481.67 45.75 184.522
v -1482.75 45.75 183.715
v -1482.86 45.75 183.938
v -1482.75 45.75 183.715
v -1482.86 45.75 183.938
v -1482.75 42 183.715
v -1482.86 42 183.938
v -1482.75 42 183.715
v -1482.86 42 183.938
v -1481.56 42 184.299
v -1481.67 42 184.522
v -1476.93 45.75 186.567
v -1477.04 45.75 186.79
v -1476.93 42 186.567
v -1477.04 42 186.79
v -1476.93 42 186.567
v -1477.04 42 186.79
v -1475.73 42 187.151
v -1475.84 42 187.374
v -1475.73 42 187.151
v -1475.84 42 187.374
v -1475.73 45.75 187.151
v -1475.84 45.75 187.374
v -1475.73 45.75 187.151
v -1475.84 45.75 187.374
v -1476.93 45.75 186.567
v -1477.04 45.75 186.79
v -1477.85 42.8469 185.626
v -1477.85 42.108 185.626
v -1477.66 42.8469 185.233
v -1477.66 42.108 185.233
v -1479.71 44.25 173.457
v -1479.71 41.3804 173.457
v -1478.39 44.25 170.763
v -1478.39 41.3804 170.763
v -1468.18 44.25 175.766
v -1468.18 41.3804 175.766
v -1469.49 44.25 178.46
v -1469.49 41.3804 178.46
v -1468.96 41.3804 169.156
v -1468.96 44.75 169.156
v -1472.69 41.3804 167.326
v -1472.69 44.75 167.326
v -1477.73 41.0394 185.003
v -1479.83 41.0394 183.977
v -1479.83 44.4029 183.977
v -1477.73 44.4029 185.003
v -1508 36.2681 212
v -1508 35.8582 210
v -1508 36.0622 208
v -1508 37.1734 206
v -1508 37.7677 204
v -1508 38.0498 202
v -1508 38.1936 200
v -1508 38.06 198
v -1508 38.2919 196
v -1508 38.6418 194
v -1508 39.1038 192
v -1508 39.6486 190
v -1508 39.8283 188
v -1508 39.9786 186
v -1508 40.1008 184
v -1508 40.1952 182
v -1508 40.2488 180
v -1508 40.2873 178
v -1508 40.3089 176
v -1508 40.3168 174
v -1508 40.3173 172
v -1508 40.2981 170
v -1508 40.2534 168
v -1508 40.2108 166
v -1508 40.1553 164
v -1508 39.8755 162
v -1508 39.8975 160
v -1508 40.1703 158
v -1508 40.1193 156
v -1508 40.0447 154
v -1508 39.9577 152
v -1508 40.0095 150
v -1506 36.3025 212
v -1506 36.5106 210
v -1506 37.3395 208
v -1506 38.2303 206
v -1506 38.5126 204
v -1506 38.7965 202
v -1506 39.019 200
v -1506 38.9382 198
v -1506 39.0955 196
v -1506 39.4023 194
v -1506 39.7616 192
v -1506 40.1865 190
v -1506 40.3248 188
v -1506 40.4366 186
v -1506 40.5231 184
v -1506 40.576 182
v -1506 40.6165 180
v -1506 40.6443 178
v -1506 40.6583 176
v -1506 40.662 174
v -1506 40.6594 172
v -1506 40.646 170
v -1506 40.6216 168
v -1506 40.5702 166
v -1506 40.5135 164
v -1506 40.3253 162
v -1506 40.2671 160
v -1506 40.5291 158
v -1506 40.5226 156
v -1506 40.4818 154
v -1506 40.4261 152
v -1506 40.3931 150
v -1504 36.8835 212
v -1504 37.2272 210
v -1504 38.5022 208
v -1504 38.8768 206
v -1504 39.149 204
v -1504 39.4182 202
v -1504 39.6447 200
v -1504 39.6003 198
v -1504 39.7356 196
v -1504 39.9895 194
v -1504 40.2562 192
v -1504 40.5632 190
v -1504 40.6604 188
v -1504 40.7342 186
v -1504 40.7803 184
v -1504 40.8168 182
v -1504 40.8436 180
v -1504 40.8608 178
v -1504 40.8688 176
v -1504 40.8719 174
v -1504 40.868 172
v -1504 40.8565 170
v -1504 40.8366 168
v -1504 40.8083 166
v -1504 40.7719 164
v -1504 40.649 162
v -1504 40.5794 160
v -1504 40.6885 158
v -1504 40.7558 156
v -1504 40.7812 154
v -1504 40.7832 152
v -1504 40.8621 150
v -1502 37.4765 212
v -1502 38.3455 210
v -1502 39.1744 208
v -1502 39.4335 206
v -1502 39.6876 204
v -1502 39.9258 202
v -1502 40.109 200
v -1502 40.0708 198
v -1502 40.2171 196
v -1502 40.4141 194
v -1502 40.6028 192
v -1502 40.8002 190
v -1502 40.8602 188
v -1502 40.8964 186
v -1502 40.925 184
v -1502 40.9459 182
v -1502 40.96 180
v -1502 40.9683 178
v -1502 40.9726 176
v -1502 40.9735 174
v -1502 40.9707 172
v -1502 40.9639 170
v -1502 40.952 168
v -1502 40.9339 166
v -1502 40.9158 164
v -1502 40.8502 162
v -1502 40.7886 160
v -1502 40.8319 158
v -1502 40.8321 156
v -1502 40.9073 154
v -1502 41.0533 152
v -1502 41.2036 150
v -1500 38.048 212
v -1500 39.1486 210
v -1500 39.661 208
v -1500 39.9009 206
v -1500 40.1228 204
v -1500 40.3198 202
v -1500 40.4241 200
v -1500 40.3961 198
v -1500 40.5563 196
v -1500 40.6979 194
v -1500 40.8227 192
v -1500 40.9282 190
v -1500 40.9559 188
v -1500 40.9752 186
v -1500 40.9881 184
v -1500 40.9954 182
v -1500 40.9988 180
v -1500 40.9998 178
v -1500 41 176
v -1500 41 174
v -1500 40.9999 172
v -1500 40.9989 170
v -1500 40.996 168
v -1500 40.9896 166
v -1500 40.9803 164
v -1500 40.9491 162
v -1500 40.9225 160
v -1500 40.9235 158
v -1500 40.9116 156
v -1500 40.9485 154
v -1500 41.1192 152
v -1500 41.3681 150
v -1498 38.5775 212
v -1498 39.6335 210
v -1498 40.0688 208
v -1498 40.2772 206
v -1498 40.4584 204
v -1498 40.5968 202
v -1498 40.6011 200
v -1498 40.6493 198
v -1498 40.777 196
v -1498 40.8689 194
v -1498 40.9411 192
v -1498 40.9819 190
v -1498 40.994 188
v -1498 40.9994 186
v -1498 41 184
v -1498 41 182
v -1498 41 180
v -1498 41 178
v -1498 41 176
v -1498 41 174
v -1498 41 172
v -1498 41 170
v -1498 41 168
v -1498 41 166
v -1498 40.9994 164
v -1498 40.9926 162
v -1498 40.9793 160
v -1498 40.9846 158
v -1498 40.9788 156
v -1498 41.0229 154
v -1498 41.1395 152
v -1498 41.3984 150
v -1496 39.0465 212
v -1496 39.865 210
v -1496 40.3746 208
v -1496 40.5676 206
v -1496 40.6908 204
v -1496 40.7018 202
v -1496 40.7107 200
v -1496 40.8253 198
v -1496 40.906 196
v -1496 40.9563 194
v -1496 40.9885 192
v -1496 40.999 190
v -1496 41 188
v -1496 41 186
v -1496 41 184
v -1496 41 182
v -1496 41 180
v -1496 41 178
v -1496 41 176
v -1496 41 174
v -1496 41 172
v -1496 41 170
v -1496 41 168
v -1496 41 166
v -1496 41 164
v -1496 41 162
v -1496 40.9992 160
v -1496 40.9997 158
v -1496 41.0081 156
v -1496 41.0393 154
v -1496 41.1326 152
v -1496 41.3502 150
v -1494 39.4545 212
v -1494 39.8665 210
v -1494 40.4108 208
v -1494 40.6547 206
v -1494 40.7017 204
v -1494 40.7445 202
v -1494 40.8543 200
v -1494 40.927 198
v -1494 40.969 196
v -1494 40.9922 194
v -1494 40.9999 192
v -1494 41 190
v -1494 41 188
v -1494 41 186
v -1494 41 184
v -1494 41 182
v -1494 41 180
v -1494 41 178
v -1494 41 176
v -1494 41 174
v -1494 41 172
v -1494 41 170
v -1494 41 168
v -1494 41 166
v -1494 41 164
v -1494 41 162
v -1494 41 160
v -1494 41.0001 158
v -1494 41.0046 156
v -1494 41.0293 154
v -1494 41.0985 152
v -1494 41.256 150
v -1492 39.7993 212
v -1492 40.1255 210
v -1492 40.3959 208
v -1492 40.6077 206
v -1492 40.7637 204
v -1492 40.8712 202
v -1492 40.9391 200
v -1492 40.975 198
v -1492 40.9953 196
v -1492 41 194
v -1492 41 192
v -1492 41 190
v -1492 41 188
v -1492 41 186
v -1492 41 184
v -1492 41 182
v -1492 41 180
v -1492 41 178
v -1492 41 176
v -1492 41 174
v -1492 41 172
v -1492 41 170
v -1492 41 168
v -1492 41 166
v -1492 41 164
v -1492 41 162
v -1492 41 160
v -1492 41 158
v -1492 41.0001 156
v -1492 41.0108 154
v -1492 41.0563 152
v -1492 41.1785 150
v -1490 40.0889 212
v -1490 40.3753 210
v -1490 40.6028 208
v -1490 40.7685 206
v -1490 40.8796 204
v -1490 40.9471 202
v -1490 40.9947 200
v -1490 41.0022 198
v -1490 41.0001 196
v -1490 41 194
v -1490 41 192
v -1490 41 190
v -1490 41 188
v -1490 41 186
v -1490 41 184
v -1490 41 182
v -1490 41 180
v -1490 41 178
v -1490 41 176
v -1490 41 174
v -1490 41 172
v -1490 41 170
v -1490 41 168
v -1490 41 166
v -1490 41 164
v -1490 41 162
v -1490 41 160
v -1490 41 158
v -1490 41 156
v -1490 41.0006 154
v -1490 41.0251 152
v -1490 41.1076 150
v -1488 40.682 212
v -1488 40.6402 210
v -1488 40.7566 208
v -1488 40.8802 206
v -1488 40.9844 204
v -1488 41.0274 202
v -1488 41.0126 200
v -1488 41.0013 198
v -1488 41 196
v -1488 41 194
v -1488 41 192
v -1488 41 190
v -1488 41 188
v -1488 41 186
v -1488 41 184
v -1488 41 182
v -1488 41 180
v -1488 41 178
v -1488 41 176
v -1488 41 174
v -1488 41 172
v -1488 41 170
v -1488 41 168
v -1488 41 166
v -1488 41 164
v -1488 41 162
v -1488 41 160
v -1488 41 158
v -1488 41 156
v -1488 41 154
v -1488 41.0053 152
v -1488 41.0602 150
v -1486 40.9757 212
v -1486 40.9539 210
v -1486 40.9774 208
v -1486 41.0342 206
v -1486 41.0568 204
v -1486 41.0288 202
v -1486 41.0061 200
v -1486 41 198
v -1486 41 196
v -1486 41 194
v -1486 41 192
v -1486 41 190
v -1486 41 188
v -1486 41 186
v -1486 41 184
v -1486 41 182
v -1486 41 180
v -1486 41 178
v -1486 41 176
v -1486 41 174
v -1486 41 172
v -1486 41 170
v -1486 41 168
v -1486 41 166
v -1486 41 164
v -1486 41 162
v -1486 41 160
v -1486 41 158
v -1486 41 156
v -1486 41 154
v -1486 41 152
v -1486 41.0265 150
v -1484 41.0814 212
v -1484 41.0815 210
v -1484 41.0926 208
v -1484 41.0786 206
v -1484 41.0531 204
v -1484 41.0182 202
v -1484 41.0018 200
v -1484 41 198
v -1484 41 196
v -1484 41 194
v -1484 41 192
v -1484 41 190
v -1484 41 188
v -1484 41 186
v -1484 41 184
v -1484 41 182
v -1484 41 180
v -1484 41 178
v -1484 41 176
v -1484 41 174
v -1484 41 172
v -1484 41 170
v -1484 41 168
v -1484 41 166
v -1484 41 164
v -1484 41 162
v -1484 41 160
v -1484 41 158
v -1484 41 156
v -1484 41 154
v -1484 41 152
v -1484 41.0092 150
v -1482 41.0671 212
v -1482 41.0982 210
v -1482 41.0748 208
v -1482 41.0618 206
v -1482 41.039 204
v -1482 41.0105 202
v -1482 41.0001 200
v -1482 41 198
v -1482 41 196
v -1482 41 194
v -1482 41 192
v -1482 41 190
v -1482 41 188
v -1482 41 186
v -1482 41 184
v -1482 41 182
v -1482 41 180
v -1482 41 178
v -1482 41 176
v -1482 41 174
v -1482 41 172
v -1482 41 170
v -1482 41 168
v -1482 41 166
v -1482 41 164
v -1482 41 162
v -1482 41 160
v -1482 41 158
v -1482 41 156
v -1482 41 154
v -1482 41 152
v -1482 41.0008 150
v -1480 40.926 212
v -1480 40.9627 210
v -1480 40.9991 208
v -1480 41.0281 206
v -1480 41.0254 204
v -1480 41.0056 202
v -1480 41 200
v -1480 41 198
v -1480 41 196
v -1480 41 194
v -1480 41 192
v -1480 41 190
v -1480 41 188
v -1480 41 186
v -1480 41 184
v -1480 41 182
v -1480 41 180
v -1480 41 178
v -1480 41 176
v -1480 41 174
v -1480 41 172
v -1480 41 170
v -1480 41 168
v -1480 41 166
v -1480 41 164
v -1480 41 162
v -1480 41 160
v -1480 41 158
v -1480 41 156
v -1480 41 154
v -1480 41 152
v -1480 41 150
v -1478 40.7849 212
v -1478 40.8653 210
v -1478 40.9233 208
v -1478 40.9834 206
v -1478 41.0109 204
v -1478 41.0029 202
v -1478 41 200
v -1478 41 198
v -1478 41 196
v -1478 41 194
v -1478 41 192
v -1478 41 190
v -1478 41 188
v -1478 41 186
v -1478 41 184
v -1478 41 182
v -1478 41 180
v -1478 41 178
v -1478 41 176
v -1478 41 174
v -1478 41 172
v -1478 41 170
v -1478 41 168
v -1478 41 166
v -1478 41 164
v -1478 41 162
v -1478 41 160
v -1478 41 158
v -1478 41 156
v -1478 41 154
v -1478 41 152
v -1478 41 150
v -1476 40.7105 212
v -1476 40.8207 210
v -1476 40.9001 208
v -1476 40.9563 206
v -1476 40.9947 204
v -1476 41.0011 202
v -1476 41 200
v -1476 41 198
v -1476 41 196
v -1476 41 194
v -1476 41 192
v -1476 41 190
v -1476 41 188
v -1476 41 186
v -1476 41 184
v -1476 41 182
v -1476 41 180
v -1476 41 178
v -1476 41 176
v -1476 41 174
v -1476 41 172
v -1476 41 170
v -1476 41 168
v -1476 41 166
v -1476 41 164
v -1476 41 162
v -1476 41 160
v -1476 41 158
v -1476 41 156
v -1476 41 154
v -1476 41 152
v -1476 41 150
v -1474 40.6244 212
v -1474 40.7698 210
v -1474 40.8738 208
v -1474 40.9433 206
v -1474 40.9827 204
v -1474 40.9993 202
v -1474 41 200
v -1474 41 198
v -1474 41 196
v -1474 41 194
v -1474 41 192
v -1474 41 190
v -1474 41 188
v -1474 41 186
v -1474 41 184
v -1474 41 182
v -1474 41 180
v -1474 41 178
v -1474 41 176
v -1474 41 174
v -1474 41 172
v -1474 41 170
v -1474 41 168
v -1474 41 166
v -1474 41 164
v -1474 41 162
v -1474 41 160
v -1474 41 158
v -1474 41 156
v -1474 41 154
v -1474 41 152
v -1474 41 150
v -1472 40.6455 212
v -1472 40.7124 210
v -1472 40.8368 208
v -1472 40.9244 206
v -1472 40.9751 204
v -1472 40.9974 202
v -1472 41 200
v -1472 41 198
v -1472 41 196
v -1472 41 194
v -1472 41 192
v -1472 41 190
v -1472 41 188
v -1472 41 186
v -1472 41 184
v -1472 41 182
v -1472 41 180
v -1472 41 178
v -1472 41 176
v -1472 41 174
v -1472 41 172
v -1472 41 170
v -1472 41 168
v -1472 41 166
v -1472 41 164
v -1472 41 162
v -1472 41 160
v -1472 41 158
v -1472 41 156
v -1472 41 154
v -1472 41 152
v -1472 41 150
v -1470 40.7407 212
v -1470 40.7875 210
v -1470 40.8151 208
v -1470 40.8957 206
v -1470 40.9627 204
v -1470 40.9947 202
v -1470 41 200
v -1470 41 198
v -1470 41 196
v -1470 41 194
v -1470 41 192
v -1470 41 190
v -1470 41 188
v -1470 41 186
v -1470 41 184
v -1470 41 182
v -1470 41 180
v -1470 41 178
v -1470 41 176
v -1470 41 174
v -1470 41 172
v -1470 41 170
v -1470 41 168
v -1470 41 166
v -1470 41 164
v -1470 41 162
v -1470 41 160
v -1470 41 158
v -1470 41 156
v -1470 41 154
v -1470 41 152
v -1470 41 150
v -1468 40.5899 212
v -1468 40.7476 210
v -1468 40.8299 208
v -1468 40.87 206
v -1468 40.9423 204
v -1468 40.9891 202
v -1468 41 200
v -1468 41 198
v -1468 41 196
v -1468 41 194
v -1468 41 192
v -1468 41 190
v -1468 41 188
v -1468 41 186
v -1468 41 184
v -1468 41 182
v -1468 41 180
v -1468 41 178
v -1468 41 176
v -1468 41 174
v -1468 41 172
v -1468 41 170
v -1468 41 168
v -1468 41 166
v -1468 41 164
v -1468 41 162
v -1468 41 160
v -1468 41 158
v -1468 41 156
v -1468 41 154
v -1468 41 152
v -1468 41 150
v -1466 40.3827 212
v -1466 40.6028 210
v -1466 40.7638 208
v -1466 40.8514 206
v -1466 40.9125 204
v -1466 40.9774 202
v -1466 40.9997 200
v -1466 41 198
v -1466 41 196
v -1466 41 194
v -1466 41 192
v -1466 41 190
v -1466 41 188
v -1466 41 186
v -1466 41 184
v -1466 41 182
v -1466 41 180
v -1466 41 178
v -1466 41 176
v -1466 41 174
v -1466 41 172
v -1466 41 170
v -1466 41 168
v -1466 41 166
v -1466 41 164
v -1466 41 162
v -1466 41 160
v -1466 41 158
v -1466 41 156
v -1466 41 154
v -1466 41 152
v -1466 41.0015 150
v -1464 40.1203 212
v -1464 40.411 210
v -1464 40.6324 208
v -1464 40.7922 206
v -1464 40.8754 204
v -1464 40.9535 202
v -1464 40.9953 200
v -1464 41 198
v -1464 41 196
v -1464 41 194
v -1464 41 192
v -1464 41 190
v -1464 41 188
v -1464 41 186
v -1464 41 184
v -1464 41 182
v -1464 41 180
v -1464 41 178
v -1464 41 176
v -1464 41 174
v -1464 41 172
v -1464 41 170
v -1464 41 168
v -1464 41 166
v -1464 41 164
v -1464 41 162
v -1464 41 160
v -1464 41 158
v -1464 41 156
v -1464 41 154
v -1464 41 152
v -1464 41.0211 150
v -1462 39.7883 212
v -1462 40.1631 210
v -1462 40.457 208
v -1462 40.6811 206
v -1462 40.8066 204
v -1462 40.9095 202
v -1462 40.9806 200
v -1462 41 198
v -1462 41 196
v -1462 41 194
v -1462 41 192
v -1462 41 190
v -1462 41 188
v -1462 41 186
v -1462 41 184
v -1462 41 182
v -1462 41 180
v -1462 41 178
v -1462 41 176
v -1462 41 174
v -1462 41 172
v -1462 41 170
v -1462 41 168
v -1462 41 166
v -1462 41 164
v -1462 41 162
v -1462 41 160
v -1462 41 158
v -1462 41 156
v -1462 41 154
v -1462 41 152
v -1462 41.0766 150
v -1460 39.3775 212
v -1460 39.8452 210
v -1460 40.2188 208
v -1460 40.5088 206
v -1460 40.6798 204
v -1460 40.834 202
v -1460 40.9456 200
v -1460 40.994 198
v -1460 41 196
v -1460 41 194
v -1460 41 192
v -1460 41 190
v -1460 41 188
v -1460 41 186
v -1460 41 184
v -1460 41 182
v -1460 41 180
v -1460 41 178
v -1460 41 176
v -1460 41 174
v -1460 41 172
v -1460 41 170
v -1460 41 168
v -1460 41 166
v -1460 41 164
v -1460 41 162
v -1460 41 160
v -1460 41 158
v -1460 41 156
v -1460 41 154
v -1460 41.0191 152
v -1460 41.1871 150
v -1458 38.8837 212
v -1458 39.4466 210
v -1458 39.9069 208
v -1458 40.2474 206
v -1458 40.4646 204
v -1458 40.7107 202
v -1458 40.8762 200
v -1458 40.9659 198
v -1458 40.9988 196
v -1458 41 194
v -1458 41 192
v -1458 41 190
v -1458 41 188
v -1458 41 186
v -1458 41 184
v -1458 41 182
v -1458 41 180
v -1458 41 178
v -1458 41 176
v -1458 41 174
v -1458 41 172
v -1458 41 170
v -1458 41 168
v -1458 41 166
v -1458 41 164
v -1458 41 162
v -1458 41 160
v -1458 41 158
v -1458 41 156
v -1458 41.003 154
v -1458 41.0937 152
v -1458 41.3694 150
v -1456 38.3278 212
v -1456 38.9785 210
v -1456 39.4884 208
v -1456 39.8125 206
v -1456 40.1902 204
v -1456 40.5227 202
v -1456 40.7554 200
v -1456 40.8993 198
v -1456 40.9749 196
v -1456 40.9997 194
v -1456 41 192
v -1456 41 190
v -1456 41 188
v -1456 41 186
v -1456 41 184
v -1456 41 182
v -1456 41 180
v -1456 41 178
v -1456 41 176
v -1456 41 174
v -1456 41 172
v -1456 41 170
v -1456 41 168
v -1456 41 166
v -1456 41 164
v -1456 41 162
v -1456 41 160
v -1456 41 158
v -1456 41.0005 156
v -1456 41.0546 154
v -1456 41.2443 152
v -1456 41.6412 150
v -1454 37.6351 212
v -1454 38.2179 210
v -1454 38.7316 208
v -1454 39.3371 206
v -1454 39.8461 204
v -1454 40.2514 202
v -1454 40.5725 200
v -1454 40.7833 198
v -1454 40.9075 196
v -1454 40.9745 194
v -1454 40.9994 192
v -1454 41 190
v -1454 41 188
v -1454 41 186
v -1454 41 184
v -1454 41 182
v -1454 41 180
v -1454 41 178
v -1454 41 176
v -1454 41 174
v -1454 41 172
v -1454 41 170
v -1454 41 168
v -1454 41 166
v -1454 41 164
v -1454 41 162
v -1454 41 160
v -1454 41.0007 158
v -1454 41.0407 156
v -1454 41.185 154
v -1454 41.4955 152
v -1454 42.0359 150
v -1452 36.4033 212
v -1452 37.315 210
v -1452 38.1225 208
v -1452 38.8096 206
v -1452 39.401 204
v -1452 39.9635 202
v -1452 40.3567 200
v -1452 40.6148 198
v -1452 40.7846 196
v -1452 40.8951 194
v -1452 40.9653 192
v -1452 40.9962 190
v -1452 41 188
v -1452 41 186
v -1452 41 184
v -1452 41 182
v -1452 41 180
v -1452 41 178
v -1452 41 176
v -1452 41 174
v -1452 41 172
v -1452 41 170
v -1452 41 168
v -1452 41 166
v -1452 41 164
v -1452 41 162
v -1452 41.0026 160
v -1452 41.0348 158
v -1452 41.1468 156
v -1452 41.3989 154
v -1452 41.8439 152
v -1452 42.5378 150
v -1450 35.5823 212
v -1450 36.5395 210
v -1450 37.406 208
v -1450 38.1603 206
v -1450 38.9452 204
v -1450 39.5617 202
v -1450 40.0116 200
v -1450 40.3403 198
v -1450 40.5702 196
v -1450 40.7292 194
v -1450 40.8627 192
v -1450 40.944 190
v -1450 40.9843 188
v -1450 40.9987 186
v -1450 41 184
v -1450 41 182
v -1450 41 180
v -1450 41 178
v -1450 41 176
v -1450 41 174
v -1450 41 172
v -1450 41 170
v -1450 41 168
v -1450 41 166
v -1450 41.0005 164
v -1450 41.0086 162
v -1450 41.0389 160
v -1450 41.1083 158
v -1450 41.2919 156
v -1450 41.6625 154
v -1450 42.2505 152
v -1450 43.0944 150
v -1448 34.6985 212
v -1448 35.6703 210
v -1448 36.5728 208
v -1448 37.4594 206
v -1448 38.3108 204
v -1448 38.9942 202
v -1448 39.5298 200
v -1448 39.9427 198
v -1448 40.2482 196
v -1448 40.47 194
v -1448 40.6731 192
v -1448 40.815 190
v -1448 40.9093 188
v -1448 40.9612 186
v -1448 40.9845 184
v -1448 40.9949 182
v -1448 40.9988 180
v -1448 40.9999 178
v -1448 41 176
v -1448 41 174
v -1448 41 172
v -1448 41 170
v -1448 41.0012 168
v -1448 41.0065 166
v -1448 41.0239 164
v -1448 41.0666 162
v -1448 41.1569 160
v -1448 41.3073 158
v -1448 41.5368 156
v -1448 41.9072 154
v -1448 42.6401 152
v -1448 43.638 150
v -1446 33.8112 212
v -1446 34.7404 210
v -1446 35.6965 208
v -1446 36.663 206
v -1446 37.5551 204
v -1446 38.3263 202
v -1446 38.9679 200
v -1446 39.4585 198
v -1446 39.8042 196
v -1446 40.1315 194
v -1446 40.3946 192
v -1446 40.6039 190
v -1446 40.7688 188
v -1446 40.8588 186
v -1446 40.9147 184
v -1446 40.9482 182
v -1446 40.9674 180
v -1446 40.979 178
v -1446 40.9866 176
v -1446 40.9911 174
v -1446 40.9946 172
v -1446 41.0012 170
v -1446 41.0151 168
v -1446 41.0415 166
v -1446 41.1033 164
v -1446 41.2124 162
v -1446 41.3766 160
v -1446 41.6331 158
v -1446 41.9869 156
v -1446 42.4341 154
v -1446 43.0062 152
v -1446 44.1434 150
f 85 84 83
f 86 85 83
f 82 81 79
f 77 76 75
f 78 77 75
f 19 18 17
f 20 19 17
f 81 80 79
f 89 88 87
f 90 89 87
f 104 103 101
f 103 102 101
f 101 102 105
f 98 95 99
f 98 97 95
f 97 96 95
f 144 139 141
f 143 142 141
f 140 143 141
f 139 140 141
f 135 134 133
f 100 98 99
f 102 106 105
f 132 135 133
f 97 116 96
f 116 115 96
f 103 104 117
f 136 131 133
f 131 132 133
f 118 103 117
f 31 30 29
f 32 31 29
f 23 22 21
f 24 23 21
f 115 116 162
f 117 137 118
f 116 161 162
f 137 138 118
f 93 92 91
f 94 93 91
f 65 73 72
f 74 65 72
f 52 51 49
f 55 54 53
f 56 55 53
f 47 46 45
f 48 47 45
f 51 50 49
f 59 58 57
f 60 59 57
f 43 42 41
f 44 43 41
f 120 140 139
f 119 120 139
f 129 132 131
f 128 129 131
f 109 162 161
f 108 109 161
f 114 138 113
f 138 137 113
f 6 66 65
f 5 6 65
f 50 71 69
f 71 68 69
f 63 62 61
f 64 63 61
f 35 34 33
f 36 35 33
f 150 149 145
f 149 148 145
f 148 147 145
f 158 157 155
f 159 158 155
f 160 159 155
f 147 146 145
f 157 156 155
f 3 2 1
f 4 3 1
f 70 69 67
f 69 68 67
f 39 38 37
f 40 39 37
f 11 10 9
f 12 11 9
f 7 6 5
f 8 7 5
f 109 108 107
f 110 109 107
f 113 112 111
f 114 113 111
f 165 164 163
f 166 165 163
f 27 26 25
f 28 27 25
f 15 14 13
f 16 15 13
f 151 145 146
f 155 156 152
f 154 151 146
f 154 153 151
f 153 152 151
f 153 155 152
f 121 120 119
f 122 121 119
f 129 128 127
f 130 129 127
f 125 124 123
f 126 125 123
f 253 252 249
f 254 253 249
f 244 236 238
f 245 244 238
f 231 230 229
f 232 231 229
f 290 252 291
f 251 252 290
f 252 251 249
f 251 250 249
f 249 250 285
f 286 249 285
f 236 235 233
f 236 233 238
f 233 243 238
f 243 242 238
f 242 241 238
f 241 240 238
f 240 239 238
f 238 239 246
f 331 330 329
f 332 331 329
f 239 247 246
f 247 239 248
f 233 234 237
f 235 234 233
f 294 328 293
f 328 327 293
f 343 327 328
f 343 354 327
f 354 299 327
f 354 298 299
f 299 298 297
f 352 350 351
f 353 352 351
f 300 299 297
f 227 220 217
f 220 227 226
f 227 228 226
f 225 226 228
f 226 225 224
f 223 226 224
f 220 219 217
f 185 184 183
f 186 185 183
f 169 168 167
f 170 169 167
f 182 181 179
f 172 171 168
f 169 172 168
f 180 182 179
f 180 179 176
f 219 218 217
f 187 186 183
f 188 187 183
f 189 188 183
f 190 189 183
f 191 190 183
f 192 191 183
f 251 290 289
f 250 288 285
f 177 180 176
f 296 295 293
f 295 294 293
f 300 297 305
f 306 300 305
f 174 173 171
f 172 174 171
f 177 176 175
f 223 224 222
f 219 221 218
f 178 177 175
f 223 222 221
f 219 223 221
f 303 302 301
f 304 303 301
f 325 324 323
f 326 325 323
f 350 348 349
f 351 350 349
f 215 214 213
f 216 215 213
f 292 290 291
f 287 286 285
f 321 320 319
f 322 321 319
f 317 316 315
f 318 317 315
f 313 312 311
f 314 313 311
f 309 308 307
f 310 309 307
f 334 342 341
f 333 334 341
f 339 335 336
f 340 339 336
f 266 265 263
f 265 264 263
f 270 269 267
f 269 268 267
f 261 260 259
f 262 261 259
f 257 256 255
f 258 257 255
f 284 283 280
f 283 279 280
f 277 276 275
f 278 277 275
f 348 344 345
f 349 348 345
f 211 210 209
f 212 211 209
f 280 279 275
f 281 280 275
f 282 281 275
f 276 282 275
f 195 194 193
f 196 195 193
f 335 334 333
f 336 335 333
f 264 274 263
f 264 273 274
f 274 273 272
f 271 274 272
f 271 272 269
f 271 269 270
f 199 198 197
f 200 199 197
f 207 206 205
f 208 207 205
f 337 336 333
f 338 337 333
f 203 202 201
f 204 203 201
f 347 346 344
f 346 345 344
f 403 402 401
f 391 390 389
f 541 542 551
f 530 542 541
f 529 530 541
f 531 530 529
f 532 531 529
f 401 402 404
f 389 390 392
f 542 552 551
f 475 474 473
f 476 475 473
f 471 470 469
f 472 471 469
f 468 467 463
f 549 548 547
f 550 549 547
f 535 534 533
f 536 535 533
f 477 476 473
f 467 466 463
f 545 544 543
f 546 545 543
f 539 538 537
f 540 539 537
f 478 477 473
f 466 465 463
f 465 464 463
f 448 447 445
f 449 448 445
f 450 449 445
f 620 619 618
f 621 620 618
f 622 621 618
f 623 622 618
f 624 623 618
f 625 624 618
f 481 480 479
f 482 481 479
f 461 460 459
f 447 446 445
f 444 443 441
f 462 461 459
f 457 456 455
f 492 491 490
f 508 617 507
f 508 507 505
f 499 500 501
f 500 502 501
f 485 484 483
f 486 485 483
f 411 486 483
f 487 411 483
f 488 487 483
f 489 488 483
f 507 506 505
f 505 506 504
f 505 504 503
f 498 505 503
f 493 492 490
f 494 493 490
f 397 494 490
f 401 397 490
f 495 401 490
f 458 457 455
f 443 442 441
f 439 438 437
f 440 439 437
f 453 452 451
f 454 453 451
f 401 400 397
f 401 405 400
f 401 404 405
f 394 390 396
f 393 390 394
f 392 390 393
f 591 592 597
f 593 592 591
f 594 593 591
f 595 593 594
f 598 591 597
f 596 595 594
f 613 612 611
f 614 613 611
f 615 614 611
f 616 615 611
f 589 588 585
f 590 589 585
f 587 586 585
f 588 587 585
f 406 405 404
f 407 406 404
f 408 407 404
f 435 395 393
f 392 393 395
f 601 600 599
f 602 601 599
f 603 602 599
f 604 603 599
f 605 604 599
f 606 605 599
f 555 554 553
f 556 555 553
f 571 555 556
f 572 571 556
f 568 570 569
f 567 568 569
f 564 568 567
f 554 558 557
f 553 554 557
f 561 560 559
f 562 561 559
f 563 564 567
f 565 564 563
f 566 565 563
f 610 576 609
f 608 607 581
f 576 573 609
f 607 579 581
f 498 503 497
f 500 499 496
f 576 575 573
f 583 575 576
f 584 583 576
f 581 584 576
f 584 581 582
f 577 582 581
f 579 577 581
f 575 574 573
f 580 573 574
f 580 578 579
f 573 580 579
f 579 578 577
f 498 497 496
f 499 498 496
f 488 489 513
f 489 515 513
f 527 526 525
f 528 527 525
f 522 521 520
f 523 522 520
f 524 523 520
f 411 410 409
f 412 411 409
f 399 398 397
f 400 399 397
f 422 421 420
f 417 422 420
f 416 417 420
f 436 435 393
f 415 414 387
f 414 413 387
f 428 434 422
f 417 428 422
f 432 431 430
f 433 432 430
f 426 425 424
f 427 426 424
f 413 423 385
f 413 385 387
f 423 384 385
f 378 377 375
f 360 359 358
f 377 376 375
f 357 356 355
f 515 514 513
f 511 510 509
f 512 511 509
f 381 380 379
f 382 381 379
f 364 371 369
f 363 364 369
f 364 363 362
f 356 364 362
f 356 362 361
f 356 361 355
f 373 372 367
f 374 373 367
f 368 374 367
f 366 368 367
f 359 366 367
f 366 359 365
f 365 359 360
f 429 428 417
f 418 429 417
f 386 385 383
f 385 384 383
f 418 417 416
f 419 418 416
f 387 385 386
f 388 387 386
f 371 370 369
f 518 517 516
f 519 518 516
f 631 630 628
f 635 634 632
f 634 633 632
f 636 632 633
f 628 630 627
f 628 627 626
f 629 628 626
f 637 632 636
f 627 636 633
f 627 630 636
f 634 635 638
f 629 626 639
f 642 641 640
f 650 649 648
f 642 643 641
f 650 651 649
f 643 642 644
f 642 645 644
f 647 649 646
f 649 651 646
f 644 645 646
f 645 647 646
f 656 653 646
f 646 653 652
f 644 646 652
f 644 652 655
f 657 653 656
f 655 652 654
f 754 755 780
f 781 754 780
f 748 747 746
f 749 748 746
f 754 757 753
f 755 754 753
f 746 750 751
f 746 747 750
f 794 793 792
f 805 804 803
f 806 805 803
f 807 806 803
f 809 790 808
f 808 790 791
f 819 808 791
f 823 822 813
f 822 815 813
f 815 814 813
f 795 794 792
f 796 795 792
f 724 720 721
f 725 724 721
f 725 741 724
f 741 740 724
f 713 710 738
f 739 713 738
f 684 683 682
f 685 684 682
f 720 719 718
f 721 720 718
f 712 711 710
f 713 712 710
f 812 790 809
f 812 809 753
f 815 818 814
f 750 814 818
f 790 811 789
f 811 790 812
f 756 812 753
f 757 756 753
f 790 789 788
f 791 790 788
f 752 750 818
f 750 752 751
f 816 815 817
f 816 818 815
f 822 821 815
f 821 817 815
f 705 702 704
f 733 732 731
f 702 703 704
f 732 730 731
f 760 759 758
f 763 762 759
f 764 762 763
f 765 762 764
f 768 769 770
f 768 770 771
f 770 772 771
f 761 759 760
f 761 763 759
f 779 774 775
f 775 774 773
f 776 775 773
f 802 811 810
f 789 811 802
f 816 817 798
f 816 798 799
f 757 743 756
f 783 751 752
f 769 768 766
f 779 778 774
f 703 702 692
f 693 703 692
f 696 731 730
f 695 696 730
f 723 718 722
f 718 719 722
f 715 714 711
f 712 715 711
f 787 742 757
f 757 742 743
f 786 751 784
f 783 784 751
f 768 767 766
f 778 777 774
f 668 667 666
f 669 668 666
f 665 664 662
f 680 679 678
f 681 680 678
f 676 675 674
f 677 676 674
f 664 663 662
f 707 706 701
f 706 700 701
f 688 709 708
f 687 688 708
f 789 802 801
f 788 789 801
f 821 797 817
f 797 798 817
f 672 671 670
f 673 672 670
f 660 659 658
f 661 660 658
f 701 700 698
f 700 699 698
f 689 688 686
f 688 687 686
f 693 692 690
f 692 691 690
f 696 695 694
f 697 696 694
f 698 699 689
f 686 698 689
f 736 735 734
f 737 736 734
f 820 801 810
f 801 802 810
f 744 743 742
f 745 744 742
f 784 783 782
f 785 784 782
f 799 798 797
f 800 799 797
f 727 723 726
f 723 722 726
f 717 716 715
f 716 714 715
f 729 728 716
f 717 729 716
f 930 941 940
f 873 863 872
f 933 930 932
f 928 930 940
f 930 928 929
f 931 930 929
f 932 930 931
f 863 860 872
f 860 863 861
f 863 866 864
f 863 864 862
f 863 862 861
f 914 913 912
f 915 914 912
f 910 909 908
f 906 905 904
f 907 906 904
f 918 917 916
f 919 918 916
f 911 910 908
f 826 825 824
f 827 826 824
f 895 885 886
f 887 877 874
f 934 933 932
f 866 865 864
f 928 926 927
f 929 928 927
f 886 885 883
f 860 861 859
f 856 860 859
f 877 876 874
f 885 882 883
f 876 875 874
f 926 923 927
f 855 856 859
f 936 933 935
f 936 939 933
f 939 938 933
f 938 937 933
f 933 934 935
f 935 934 922
f 922 934 921
f 925 924 923
f 926 925 923
f 883 882 881
f 884 883 881
f 857 856 855
f 858 857 855
f 865 853 854
f 865 867 853
f 865 866 867
f 866 868 867
f 869 868 866
f 870 869 866
f 871 870 866
f 879 878 875
f 876 879 875
f 843 842 840
f 838 842 843
f 837 838 843
f 838 837 836
f 835 834 832
f 829 834 835
f 828 829 835
f 830 829 828
f 831 830 828
f 842 841 840
f 839 838 836
f 834 833 832
f 840 841 851
f 846 830 831
f 845 846 831
f 841 850 851
f 922 921 920
f 854 853 852
f 894 884 881
f 902 901 900
f 903 902 900
f 880 878 879
f 925 943 924
f 888 857 858
f 889 888 858
f 943 942 924
f 891 854 890
f 854 852 890
f 920 921 944
f 921 945 944
f 850 849 848
f 851 850 848
f 846 845 844
f 847 846 844
f 938 947 937
f 947 946 937
f 892 870 871
f 893 892 871
f 898 897 896
f 899 898 896
f 950 949 948
f 951 950 948
f 954 953 952
f 955 954 952
f 986 985 984
f 987 986 984
f 982 981 980
f 983 982 980
f 978 977 976
f 979 978 976
f 974 973 972
f 975 974 972
f 970 969 968
f 971 970 968
f 966 965 964
f 967 966 964
f 962 961 960
f 963 962 960
f 958 957 956
f 959 958 956
f 955 952 985
f 986 955 985
f 998 997 996
f 999 998 996
f 994 993 992
f 995 994 992
f 990 989 988
f 991 990 988
f 1000 1001 1002
f 1002 1001 1003
f 1004 1005 1006
f 1006 1005 1007
f 1008 1009 1010
f 1010 1009 1011
f 1012 1013 1014
f 1014 1013 1015
f 1126 1125 1124
f 1126 1127 1125
f 1129 1127 1126
f 1129 1126 1128
f 1099 1105 1101
f 1098 1097 1096
f 1099 1097 1098
f 1099 1100 1097
f 1100 1099 1101
f 1099 1235 1234
f 1103 1099 1234
f 1105 1099 1103
f 1048 1049 1045
f 1042 1048 1045
f 1053 1055 1048
f 1053 1048 1052
f 1052 1048 1051
f 1048 1055 1057
f 1048 1057 1050
f 1050 1049 1048
f 1298 1297 1296
f 1299 1297 1298
f 1264 1263 1262
f 1265 1263 1264
f 1160 1159 1158
f 1161 1159 1160
f 1161 1162 1159
f 1163 1162 1161
f 1163 1164 1162
f 1165 1164 1163
f 1122 1121 1120
f 1123 1121 1122
f 1156 1155 1154
f 1157 1155 1156
f 1130 1127 1129
f 1130 1131 1127
f 1022 1021 1020
f 1023 1021 1022
f 1018 1017 1016
f 1018 1019 1017
f 1090 1089 1088
f 1091 1089 1090
f 1094 1093 1092
f 1094 1095 1093
f 1151 1131 1134
f 1152 1131 1151
f 1153 1131 1152
f 1134 1131 1130
f 1134 1130 1133
f 1133 1130 1132
f 1100 1101 1107
f 1107 1101 1106
f 1056 1055 1054
f 1057 1055 1056
f 1026 1025 1024
f 1026 1027 1025
f 1086 1085 1084
f 1086 1087 1085
f 1150 1134 1136
f 1151 1134 1150
f 1066 1065 1064
f 1067 1065 1066
f 1070 1069 1068
f 1070 1071 1069
f 1110 1109 1108
f 1110 1111 1109
f 1114 1113 1112
f 1115 1113 1114
f 1147 1136 1138
f 1150 1136 1147
f 1149 1147 1148
f 1150 1147 1149
f 1137 1136 1135
f 1138 1136 1137
f 1105 1103 1104
f 1104 1103 1102
f 1049 1050 1059
f 1059 1050 1058
f 1062 1061 1060
f 1062 1063 1061
f 1118 1117 1116
f 1118 1119 1117
f 1034 1033 1032
f 1035 1033 1034
f 1141 1138 1143
f 1147 1138 1141
f 1030 1029 1028
f 1030 1031 1029
f 1078 1077 1076
f 1079 1077 1078
f 1082 1081 1080
f 1082 1083 1081
f 1143 1144 1142
f 1143 1142 1141
f 1145 1144 1143
f 1146 1144 1145
f 1238 1237 1236
f 1234 1237 1238
f 1235 1237 1234
f 1044 1042 1045
f 1047 1045 1046
f 1044 1045 1047
f 1038 1037 1036
f 1038 1039 1037
f 1074 1073 1072
f 1074 1075 1073
f 1141 1140 1139
f 1141 1142 1140
f 1266 1267 1142
f 1266 1142 1144
f 1235 1239 1237
f 1043 1042 1044
f 1232 1231 1230
f 1232 1233 1231
f 1228 1227 1226
f 1229 1227 1228
f 1172 1171 1170
f 1173 1171 1172
f 1168 1167 1166
f 1168 1169 1167
f 1285 1267 1270
f 1286 1267 1285
f 1287 1267 1286
f 1269 1266 1268
f 1270 1266 1269
f 1270 1267 1266
f 1240 1239 1235
f 1249 1240 1248
f 1239 1240 1249
f 1041 1042 1043
f 1041 1043 1195
f 1195 1043 1194
f 1224 1223 1222
f 1224 1225 1223
f 1176 1175 1174
f 1176 1177 1175
f 1284 1270 1272
f 1285 1270 1284
f 1235 1247 1240
f 1042 1041 1040
f 1256 1255 1254
f 1257 1255 1256
f 1252 1251 1250
f 1252 1253 1251
f 1208 1207 1206
f 1208 1209 1207
f 1204 1203 1202
f 1205 1203 1204
f 1283 1281 1282
f 1284 1281 1283
f 1281 1272 1274
f 1284 1272 1281
f 1273 1272 1271
f 1274 1272 1273
f 1235 1245 1247
f 1247 1245 1246
f 1246 1245 1244
f 1193 1042 1040
f 1197 1040 1196
f 1193 1040 1197
f 1260 1259 1258
f 1260 1261 1259
f 1200 1199 1198
f 1200 1201 1199
f 1280 1274 1276
f 1281 1274 1280
f 1243 1245 1235
f 1042 1193 1191
f 1220 1219 1218
f 1220 1221 1219
f 1216 1215 1214
f 1217 1215 1216
f 1184 1183 1182
f 1185 1183 1184
f 1180 1179 1178
f 1180 1181 1179
f 1277 1276 1275
f 1278 1276 1277
f 1280 1276 1278
f 1280 1278 1279
f 1242 1235 1241
f 1243 1235 1242
f 1042 1191 1192
f 1192 1191 1190
f 1212 1211 1210
f 1212 1213 1211
f 1188 1187 1186
f 1188 1189 1187
f 1290 1289 1288
f 1291 1289 1290
f 1292 1289 1291
f 1292 1293 1289
f 1294 1293 1292
f 1295 1293 1294
f 1302 1301 1300
f 1303 1301 1302
f 1318 1317 1316
f 1319 1317 1318
f 1322 1321 1320
f 1323 1321 1322
f 1310 1309 1308
f 1311 1309 1310
f 1314 1313 1312
f 1315 1313 1314
f 1306 1305 1304
f 1307 1305 1306
f 1342 1341 1340
f 1343 1341 1342
f 1326 1325 1324
f 1327 1325 1326
f 1346 1345 1344
f 1347 1345 1346
f 1334 1333 1332
f 1335 1333 1334
f 1338 1337 1336
f 1339 1337 1338
f 1330 1329 1328
f 1331 1329 1330
f 1458 1457 1456
f 1458 1459 1457
f 1461 1459 1458
f 1461 1458 1460
f 1431 1437 1433
f 1430 1429 1428
f 1431 1429 1430
f 1431 1432 1429
f 1432 1431 1433
f 1431 1567 1566
f 1435 1431 1566
f 1437 1431 1435
f 1380 1381 1377
f 1374 1380 1377
f 1385 1387 1380
f 1385 1380 1384
f 1384 1380 1383
f 1380 1387 1389
f 1380 1389 1382
f 1382 1381 1380
f 1630 1629 1628
f 1631 1629 1630
f 1596 1595 1594
f 1597 1595 1596
f 1492 1491 1490
f 1493 1491 1492
f 1493 1494 1491
f 1495 1494 1493
f 1495 1496 1494
f 1497 1496 1495
f 1454 1453 1452
f 1455 1453 1454
f 1488 1487 1486
f 1489 1487 1488
f 1462 1459 1461
f 1462 1463 1459
f 1354 1353 1352
f 1355 1353 1354
f 1350 1349 1348
f 1350 1351 1349
f 1422 1421 1420
f 1423 1421 1422
f 1426 1425 1424
f 1426 1427 1425
f 1483 1463 1466
f 1484 1463 1483
f 1485 1463 1484
f 1466 1463 1462
f 1466 1462 1465
f 1465 1462 1464
f 1432 1433 1439
f 1439 1433 1438
f 1388 1387 1386
f 1389 1387 1388
f 1358 1357 1356
f 1358 1359 1357
f 1418 1417 1416
f 1418 1419 1417
f 1482 1466 1468
f 1483 1466 1482
f 1398 1397 1396
f 1399 1397 1398
f 1402 1401 1400
f 1402 1403 1401
f 1442 1441 1440
f 1442 1443 1441
f 1446 1445 1444
f 1447 1445 1446
f 1479 1468 1470
f 1482 1468 1479
f 1481 1479 1480
f 1482 1479 1481
f 1469 1468 1467
f 1470 1468 1469
f 1437 1435 1436
f 1436 1435 1434
f 1381 1382 1391
f 1391 1382 1390
f 1394 1393 1392
f 1394 1395 1393
f 1450 1449 1448
f 1450 1451 1449
f 1366 1365 1364
f 1367 1365 1366
f 1473 1470 1475
f 1479 1470 1473
f 1362 1361 1360
f 1362 1363 1361
f 1410 1409 1408
f 1411 1409 1410
f 1414 1413 1412
f 1414 1415 1413
f 1475 1476 1474
f 1475 1474 1473
f 1477 1476 1475
f 1478 1476 1477
f 1570 1569 1568
f 1566 1569 1570
f 1567 1569 1566
f 1376 1374 1377
f 1379 1377 1378
f 1376 1377 1379
f 1370 1369 1368
f 1370 1371 1369
f 1406 1405 1404
f 1406 1407 1405
f 1473 1472 1471
f 1473 1474 1472
f 1598 1599 1474
f 1598 1474 1476
f 1567 1571 1569
f 1375 1374 1376
f 1564 1563 1562
f 1564 1565 1563
f 1560 1559 1558
f 1561 1559 1560
f 1504 1503 1502
f 1505 1503 1504
f 1500 1499 1498
f 1500 1501 1499
f 1617 1599 1602
f 1618 1599 1617
f 1619 1599 1618
f 1601 1598 1600
f 1602 1598 1601
f 1602 1599 1598
f 1572 1571 1567
f 1581 1572 1580
f 1571 1572 1581
f 1373 1374 1375
f 1373 1375 1527
f 1527 1375 1526
f 1556 1555 1554
f 1556 1557 1555
f 1508 1507 1506
f 1508 1509 1507
f 1616 1602 1604
f 1617 1602 1616
f 1567 1579 1572
f 1374 1373 1372
f 1588 1587 1586
f 1589 1587 1588
f 1584 1583 1582
f 1584 1585 1583
f 1540 1539 1538
f 1540 1541 1539
f 1536 1535 1534
f 1537 1535 1536
f 1615 1613 1614
f 1616 1613 1615
f 1613 1604 1606
f 1616 1604 1613
f 1605 1604 1603
f 1606 1604 1605
f 1567 1577 1579
f 1579 1577 1578
f 1578 1577 1576
f 1525 1374 1372
f 1529 1372 1528
f 1525 1372 1529
f 1592 1591 1590
f 1592 1593 1591
f 1532 1531 1530
f 1532 1533 1531
f 1612 1606 1608
f 1613 1606 1612
f 1575 1577 1567
f 1374 1525 1523
f 1552 1551 1550
f 1552 1553 1551
f 1548 1547 1546
f 1549 1547 1548
f 1516 1515 1514
f 1517 1515 1516
f 1512 1511 1510
f 1512 1513 1511
f 1609 1608 1607
f 1610 1608 1609
f 1612 1608 1610
f 1612 1610 1611
f 1574 1567 1573
f 1575 1567 1574
f 1374 1523 1524
f 1524 1523 1522
f 1544 1543 1542
f 1544 1545 1543
f 1520 1519 1518
f 1520 1521 1519
f 1622 1621 1620
f 1623 1621 1622
f 1624 1621 1623
f 1624 1625 1621
f 1626 1625 1624
f 1627 1625 1626
f 1634 1633 1632
f 1635 1633 1634
f 1650 1649 1648
f 1651 1649 1650
f 1654 1653 1652
f 1655 1653 1654
f 1642 1641 1640
f 1643 1641 1642
f 1646 1645 1644
f 1647 1645 1646
f 1638 1637 1636
f 1639 1637 1638
f 1674 1673 1672
f 1675 1673 1674
f 1658 1657 1656
f 1659 1657 1658
f 1678 1677 1676
f 1679 1677 1678
f 1666 1665 1664
f 1667 1665 1666
f 1670 1669 1668
f 1671 1669 1670
f 1662 1661 1660
f 1663 1661 1662
f 1790 1789 1788
f 1790 1791 1789
f 1793 1791 1790
f 1793 1790 1792
f 1763 1769 1765
f 1762 1761 1760
f 1763 1761 1762
f 1763 1764 1761
f 1764 1763 1765
f 1763 1899 1898
f 1767 1763 1898
f 1769 1763 1767
f 1712 1713 1709
f 1706 1712 1709
f 1717 1719 1712
f 1717 1712 1716
f 1716 1712 1715
f 1712 1719 1721
f 1712 1721 1714
f 1714 1713 1712
f 1962 1961 1960
f 1963 1961 1962
f 1928 1927 1926
f 1929 1927 1928
f 1824 1823 1822
f 1825 1823 1824
f 1825 1826 1823
f 1827 1826 1825
f 1827 1828 1826
f 1829 1828 1827
f 1786 1785 1784
f 1787 1785 1786
f 1820 1819 1818
f 1821 1819 1820
f 1794 1791 1793
f 1794 1795 1791
f 1686 1685 1684
f 1687 1685 1686
f 1682 1681 1680
f 1682 1683 1681
f 1754 1753 1752
f 1755 1753 1754
f 1758 1757 1756
f 1758 1759 1757
f 1815 1795 1798
f 1816 1795 1815
f 1817 1795 1816
f 1798 1795 1794
f 1798 1794 1797
f 1797 1794 1796
f 1764 1765 1771
f 1771 1765 1770
f 1720 1719 1718
f 1721 1719 1720
f 1690 1689 1688
f 1690 1691 1689
f 1750 1749 1748
f 1750 1751 1749
f 1814 1798 1800
f 1815 1798 1814
f 1730 1729 1728
f 1731 1729 1730
f 1734 1733 1732
f 1734 1735 1733
f 1774 1773 1772
f 1774 1775 1773
f 1778 1777 1776
f 1779 1777 1778
f 1811 1800 1802
f 1814 1800 1811
f 1813 1811 1812
f 1814 1811 1813
f 1801 1800 1799
f 1802 1800 1801
f 1769 1767 1768
f 1768 1767 1766
f 1713 1714 1723
f 1723 1714 1722
f 1726 1725 1724
f 1726 1727 1725
f 1782 1781 1780
f 1782 1783 1781
f 1698 1697 1696
f 1699 1697 1698
f 1805 1802 1807
f 1811 1802 1805
f 1694 1693 1692
f 1694 1695 1693
f 1742 1741 1740
f 1743 1741 1742
f 1746 1745 1744
f 1746 1747 1745
f 1807 1808 1806
f 1807 1806 1805
f 1809 1808 1807
f 1810 1808 1809
f 1902 1901 1900
f 1898 1901 1902
f 1899 1901 1898
f 1708 1706 1709
f 1711 1709 1710
f 1708 1709 1711
f 1702 1701 1700
f 1702 1703 1701
f 1738 1737 1736
f 1738 1739 1737
f 1805 1804 1803
f 1805 1806 1804
f 1930 1931 1806
f 1930 1806 1808
f 1899 1903 1901
f 1707 1706 1708
f 1896 1895 1894
f 1896 1897 1895
f 1892 1891 1890
f 1893 1891 1892
f 1836 1835 1834
f 1837 1835 1836
f 1832 1831 1830
f 1832 1833 1831
f 1949 1931 1934
f 1950 1931 1949
f 1951 1931 1950
f 1933 1930 1932
f 1934 1930 1933
f 1934 1931 1930
f 1904 1903 1899
f 1913 1904 1912
f 1903 1904 1913
f 1705 1706 1707
f 1705 1707 1859
f 1859 1707 1858
f 1888 1887 1886
f 1888 1889 1887
f 1840 1839 1838
f 1840 1841 1839
f 1948 1934 1936
f 1949 1934 1948
f 1899 1911 1904
f 1706 1705 1704
f 1920 1919 1918
f 1921 1919 1920
f 1916 1915 1914
f 1916 1917 1915
f 1872 1871 1870
f 1872 1873 1871
f 1868 1867 1866
f 1869 1867 1868
f 1947 1945 1946
f 1948 1945 1947
f 1945 1936 1938
f 1948 1936 1945
f 1937 1936 1935
f 1938 1936 1937
f 1899 1909 1911
f 1911 1909 1910
f 1910 1909 1908
f 1857 1706 1704
f 1861 1704 1860
f 1857 1704 1861
f 1924 1923 1922
f 1924 1925 1923
f 1864 1863 1862
f 1864 1865 1863
f 1944 1938 1940
f 1945 1938 1944
f 1907 1909 1899
f 1706 1857 1855
f 1884 1883 1882
f 1884 1885 1883
f 1880 1879 1878
f 1881 1879 1880
f 1848 1847 1846
f 1849 1847 1848
f 1844 1843 1842
f 1844 1845 1843
f 1941 1940 1939
f 1942 1940 1941
f 1944 1940 1942
f 1944 1942 1943
f 1906 1899 1905
f 1907 1899 1906
f 1706 1855 1856
f 1856 1855 1854
f 1876 1875 1874
f 1876 1877 1875
f 1852 1851 1850
f 1852 1853 1851
f 1954 1953 1952
f 1955 1953 1954
f 1956 1953 1955
f 1956 1957 1953
f 1958 1957 1956
f 1959 1957 1958
f 1966 1965 1964
f 1967 1965 1966
f 1982 1981 1980
f 1983 1981 1982
f 1986 1985 1984
f 1987 1985 1986
f 1974 1973 1972
f 1975 1973 1974
f 1978 1977 1976
f 1979 1977 1978
f 1970 1969 1968
f 1971 1969 1970
f 2006 2005 2004
f 2007 2005 2006
f 1990 1989 1988
f 1991 1989 1990
f 2010 2009 2008
f 2011 2009 2010
f 1998 1997 1996
f 1999 1997 1998
f 2002 2001 2000
f 2003 2001 2002
f 1994 1993 1992
f 1995 1993 1994
f 2122 2121 2120
f 2122 2123 2121
f 2125 2123 2122
f 2125 2122 2124
f 2095 2101 2097
f 2094 2093 2092
f 2095 2093 2094
f 2095 2096 2093
f 2096 2095 2097
f 2095 2231 2230
f 2099 2095 2230
f 2101 2095 2099
f 2044 2045 2041
f 2038 2044 2041
f 2049 2051 2044
f 2049 2044 2048
f 2048 2044 2047
f 2044 2051 2053
f 2044 2053 2046
f 2046 2045 2044
f 2294 2293 2292
f 2295 2293 2294
f 2260 2259 2258
f 2261 2259 2260
f 2156 2155 2154
f 2157 2155 2156
f 2157 2158 2155
f 2159 2158 2157
f 2159 2160 2158
f 2161 2160 2159
f 2118 2117 2116
f 2119 2117 2118
f 2152 2151 2150
f 2153 2151 2152
f 2126 2123 2125
f 2126 2127 2123
f 2018 2017 2016
f 2019 2017 2018
f 2014 2013 2012
f 2014 2015 2013
f 2086 2085 2084
f 2087 2085 2086
f 2090 2089 2088
f 2090 2091 2089
f 2147 2127 2130
f 2148 2127 2147
f 2149 2127 2148
f 2130 2127 2126
f 2130 2126 2129
f 2129 2126 2128
f 2096 2097 2103
f 2103 2097 2102
f 2052 2051 2050
f 2053 2051 2052
f 2022 2021 2020
f 2022 2023 2021
f 2082 2081 2080
f 2082 2083 2081
f 2146 2130 2132
f 2147 2130 2146
f 2062 2061 2060
f 2063 2061 2062
f 2066 2065 2064
f 2066 2067 2065
f 2106 2105 2104
f 2106 2107 2105
f 2110 2109 2108
f 2111 2109 2110
f 2143 2132 2134
f 2146 2132 2143
f 2145 2143 2144
f 2146 2143 2145
f 2133 2132 2131
f 2134 2132 2133
f 2101 2099 2100
f 2100 2099 2098
f 2045 2046 2055
f 2055 2046 2054
f 2058 2057 2056
f 2058 2059 2057
f 2114 2113 2112
f 2114 2115 2113
f 2030 2029 2028
f 2031 2029 2030
f 2137 2134 2139
f 2143 2134 2137
f 2026 2025 2024
f 2026 2027 2025
f 2074 2073 2072
f 2075 2073 2074
f 2078 2077 2076
f 2078 2079 2077
f 2139 2140 2138
f 2139 2138 2137
f 2141 2140 2139
f 2142 2140 2141
f 2234 2233 2232
f 2230 2233 2234
f 2231 2233 2230
f 2040 2038 2041
f 2043 2041 2042
f 2040 2041 2043
f 2034 2033 2032
f 2034 2035 2033
f 2070 2069 2068
f 2070 2071 2069
f 2137 2136 2135
f 2137 2138 2136
f 2262 2263 2138
f 2262 2138 2140
f 2231 2235 2233
f 2039 2038 2040
f 2228 2227 2226
f 2228 2229 2227
f 2224 2223 2222
f 2225 2223 2224
f 2168 2167 2166
f 2169 2167 2168
f 2164 2163 2162
f 2164 2165 2163
f 2281 2263 2266
f 2282 2263 2281
f 2283 2263 2282
f 2265 2262 2264
f 2266 2262 2265
f 2266 2263 2262
f 2236 2235 2231
f 2245 2236 2244
f 2235 2236 2245
f 2037 2038 2039
f 2037 2039 2191
f 2191 2039 2190
f 2220 2219 2218
f 2220 2221 2219
f 2172 2171 2170
f 2172 2173 2171
f 2280 2266 2268
f 2281 2266 2280
f 2231 2243 2236
f 2038 2037 2036
f 2252 2251 2250
f 2253 2251 2252
f 2248 2247 2246
f 2248 2249 2247
f 2204 2203 2202
f 2204 2205 2203
f 2200 2199 2198
f 2201 2199 2200
f 2279 2277 2278
f 2280 2277 2279
f 2277 2268 2270
f 2280 2268 2277
f 2269 2268 2267
f 2270 2268 2269
f 2231 2241 2243
f 2243 2241 2242
f 2242 2241 2240
f 2189 2038 2036
f 2193 2036 2192
f 2189 2036 2193
f 2256 2255 2254
f 2256 2257 2255
f 2196 2195 2194
f 2196 2197 2195
f 2276 2270 2272
f 2277 2270 2276
f 2239 2241 2231
f 2038 2189 2187
f 2216 2215 2214
f 2216 2217 2215
f 2212 2211 2210
f 2213 2211 2212
f 2180 2179 2178
f 2181 2179 2180
f 2176 2175 2174
f 2176 2177 2175
f 2273 2272 2271
f 2274 2272 2273
f 2276 2272 2274
f 2276 2274 2275
f 2238 2231 2237
f 2239 2231 2238
f 2038 2187 2188
f 2188 2187 2186
f 2208 2207 2206
f 2208 2209 2207
f 2184 2183 2182
f 2184 2185 2183
f 2286 2285 2284
f 2287 2285 2286
f 2288 2285 2287
f 2288 2289 2285
f 2290 2289 2288
f 2291 2289 2290
f 2298 2297 2296
f 2299 2297 2298
f 2314 2313 2312
f 2315 2313 2314
f 2318 2317 2316
f 2319 2317 2318
f 2306 2305 2304
f 2307 2305 2306
f 2310 2309 2308
f 2311 2309 2310
f 2302 2301 2300
f 2303 2301 2302
f 2338 2337 2336
f 2339 2337 2338
f 2322 2321 2320
f 2323 2321 2322
f 2342 2341 2340
f 2343 2341 2342
f 2330 2329 2328
f 2331 2329 2330
f 2334 2333 2332
f 2335 2333 2334
f 2326 2325 2324
f 2327 2325 2326
f 2454 2453 2452
f 2454 2455 2453
f 2457 2455 2454
f 2457 2454 2456
f 2427 2433 2429
f 2426 2425 2424
f 2427 2425 2426
f 2427 2428 2425
f 2428 2427 2429
f 2427 2563 2562
f 2431 2427 2562
f 2433 2427 2431
f 2376 2377 2373
f 2370 2376 2373
f 2381 2383 2376
f 2381 2376 2380
f 2380 2376 2379
f 2376 2383 2385
f 2376 2385 2378
f 2378 2377 2376
f 2626 2625 2624
f 2627 2625 2626
f 2592 2591 2590
f 2593 2591 2592
f 2488 2487 2486
f 2489 2487 2488
f 2489 2490 2487
f 2491 2490 2489
f 2491 2492 2490
f 2493 2492 2491
f 2450 2449 2448
f 2451 2449 2450
f 2484 2483 2482
f 2485 2483 2484
f 2458 2455 2457
f 2458 2459 2455
f 2350 2349 2348
f 2351 2349 2350
f 2346 2345 2344
f 2346 2347 2345
f 2418 2417 2416
f 2419 2417 2418
f 2422 2421 2420
f 2422 2423 2421
f 2479 2459 2462
f 2480 2459 2479
f 2481 2459 2480
f 2462 2459 2458
f 2462 2458 2461
f 2461 2458 2460
f 2428 2429 2435
f 2435 2429 2434
f 2384 2383 2382
f 2385 2383 2384
f 2354 2353 2352
f 2354 2355 2353
f 2414 2413 2412
f 2414 2415 2413
f 2478 2462 2464
f 2479 2462 2478
f 2394 2393 2392
f 2395 2393 2394
f 2398 2397 2396
f 2398 2399 2397
f 2438 2437 2436
f 2438 2439 2437
f 2442 2441 2440
f 2443 2441 2442
f 2475 2464 2466
f 2478 2464 2475
f 2477 2475 2476
f 2478 2475 2477
f 2465 2464 2463
f 2466 2464 2465
f 2433 2431 2432
f 2432 2431 2430
f 2377 2378 2387
f 2387 2378 2386
f 2390 2389 2388
f 2390 2391 2389
f 2446 2445 2444
f 2446 2447 2445
f 2362 2361 2360
f 2363 2361 2362
f 2469 2466 2471
f 2475 2466 2469
f 2358 2357 2356
f 2358 2359 2357
f 2406 2405 2404
f 2407 2405 2406
f 2410 2409 2408
f 2410 2411 2409
f 2471 2472 2470
f 2471 2470 2469
f 2473 2472 2471
f 2474 2472 2473
f 2566 2565 2564
f 2562 2565 2566
f 2563 2565 2562
f 2372 2370 2373
f 2375 2373 2374
f 2372 2373 2375
f 2366 2365 2364
f 2366 2367 2365
f 2402 2401 2400
f 2402 2403 2401
f 2469 2468 2467
f 2469 2470 2468
f 2594 2595 2470
f 2594 2470 2472
f 2563 2567 2565
f 2371 2370 2372
f 2560 2559 2558
f 2560 2561 2559
f 2556 2555 2554
f 2557 2555 2556
f 2500 2499 2498
f 2501 2499 2500
f 2496 2495 2494
f 2496 2497 2495
f 2613 2595 2598
f 2614 2595 2613
f 2615 2595 2614
f 2597 2594 2596
f 2598 2594 2597
f 2598 2595 2594
f 2568 2567 2563
f 2577 2568 2576
f 2567 2568 2577
f 2369 2370 2371
f 2369 2371 2523
f 2523 2371 2522
f 2552 2551 2550
f 2552 2553 2551
f 2504 2503 2502
f 2504 2505 2503
f 2612 2598 2600
f 2613 2598 2612
f 2563 2575 2568
f 2370 2369 2368
f 2584 2583 2582
f 2585 2583 2584
f 2580 2579 2578
f 2580 2581 2579
f 2536 2535 2534
f 2536 2537 2535
f 2532 2531 2530
f 2533 2531 2532
f 2611 2609 2610
f 2612 2609 2611
f 2609 2600 2602
f 2612 2600 2609
f 2601 2600 2599
f 2602 2600 2601
f 2563 2573 2575
f 2575 2573 2574
f 2574 2573 2572
f 2521 2370 2368
f 2525 2368 2524
f 2521 2368 2525
f 2588 2587 2586
f 2588 2589 2587
f 2528 2527 2526
f 2528 2529 2527
f 2608 2602 2604
f 2609 2602 2608
f 2571 2573 2563
f 2370 2521 2519
f 2548 2547 2546
f 2548 2549 2547
f 2544 2543 2542
f 2545 2543 2544
f 2512 2511 2510
f 2513 2511 2512
f 2508 2507 2506
f 2508 2509 2507
f 2605 2604 2603
f 2606 2604 2605
f 2608 2604 2606
f 2608 2606 2607
f 2570 2563 2569
f 2571 2563 2570
f 2370 2519 2520
f 2520 2519 2518
f 2540 2539 2538
f 2540 2541 2539
f 2516 2515 2514
f 2516 2517 2515
f 2618 2617 2616
f 2619 2617 2618
f 2620 2617 2619
f 2620 2621 2617
f 2622 2621 2620
f 2623 2621 2622
f 2630 2629 2628
f 2631 2629 2630
f 2646 2645 2644
f 2647 2645 2646
f 2650 2649 2648
f 2651 2649 2650
f 2638 2637 2636
f 2639 2637 2638
f 2642 2641 2640
f 2643 2641 2642
f 2634 2633 2632
f 2635 2633 2634
f 2670 2669 2668
f 2671 2669 2670
f 2654 2653 2652
f 2655 2653 2654
f 2674 2673 2672
f 2675 2673 2674
f 2662 2661 2660
f 2663 2661 2662
f 2666 2665 2664
f 2667 2665 2666
f 2658 2657 2656
f 2659 2657 2658
f 2786 2785 2784
f 2786 2787 2785
f 2789 2787 2786
f 2789 2786 2788
f 2759 2765 2761
f 2758 2757 2756
f 2759 2757 2758
f 2759 2760 2757
f 2760 2759 2761
f 2759 2895 2894
f 2763 2759 2894
f 2765 2759 2763
f 2708 2709 2705
f 2702 2708 2705
f 2713 2715 2708
f 2713 2708 2712
f 2712 2708 2711
f 2708 2715 2717
f 2708 2717 2710
f 2710 2709 2708
f 2958 2957 2956
f 2959 2957 2958
f 2924 2923 2922
f 2925 2923 2924
f 2820 2819 2818
f 2821 2819 2820
f 2821 2822 2819
f 2823 2822 2821
f 2823 2824 2822
f 2825 2824 2823
f 2782 2781 2780
f 2783 2781 2782
f 2816 2815 2814
f 2817 2815 2816
f 2790 2787 2789
f 2790 2791 2787
f 2682 2681 2680
f 2683 2681 2682
f 2678 2677 2676
f 2678 2679 2677
f 2750 2749 2748
f 2751 2749 2750
f 2754 2753 2752
f 2754 2755 2753
f 2811 2791 2794
f 2812 2791 2811
f 2813 2791 2812
f 2794 2791 2790
f 2794 2790 2793
f 2793 2790 2792
f 2760 2761 2767
f 2767 2761 2766
f 2716 2715 2714
f 2717 2715 2716
f 2686 2685 2684
f 2686 2687 2685
f 2746 2745 2744
f 2746 2747 2745
f 2810 2794 2796
f 2811 2794 2810
f 2726 2725 2724
f 2727 2725 2726
f 2730 2729 2728
f 2730 2731 2729
f 2770 2769 2768
f 2770 2771 2769
f 2774 2773 2772
f 2775 2773 2774
f 2807 2796 2798
f 2810 2796 2807
f 2809 2807 2808
f 2810 2807 2809
f 2797 2796 2795
f 2798 2796 2797
f 2765 2763 2764
f 2764 2763 2762
f 2709 2710 2719
f 2719 2710 2718
f 2722 2721 2720
f 2722 2723 2721
f 2778 2777 2776
f 2778 2779 2777
f 2694 2693 2692
f 2695 2693 2694
f 2801 2798 2803
f 2807 2798 2801
f 2690 2689 2688
f 2690 2691 2689
f 2738 2737 2736
f 2739 2737 2738
f 2742 2741 2740
f 2742 2743 2741
f 2803 2804 2802
f 2803 2802 2801
f 2805 2804 2803
f 2806 2804 2805
f 2898 2897 2896
f 2894 2897 2898
f 2895 2897 2894
f 2704 2702 2705
f 2707 2705 2706
f 2704 2705 2707
f 2698 2697 2696
f 2698 2699 2697
f 2734 2733 2732
f 2734 2735 2733
f 2801 2800 2799
f 2801 2802 2800
f 2926 2927 2802
f 2926 2802 2804
f 2895 2899 2897
f 2703 2702 2704
f 2892 2891 2890
f 2892 2893 2891
f 2888 2887 2886
f 2889 2887 2888
f 2832 2831 2830
f 2833 2831 2832
f 2828 2827 2826
f 2828 2829 2827
f 2945 2927 2930
f 2946 2927 2945
f 2947 2927 2946
f 2929 2926 2928
f 2930 2926 2929
f 2930 2927 2926
f 2900 2899 2895
f 2909 2900 2908
f 2899 2900 2909
f 2701 2702 2703
f 2701 2703 2855
f 2855 2703 2854
f 2884 2883 2882
f 2884 2885 2883
f 2836 2835 2834
f 2836 2837 2835
f 2944 2930 2932
f 2945 2930 2944
f 2895 2907 2900
f 2702 2701 2700
f 2916 2915 2914
f 2917 2915 2916
f 2912 2911 2910
f 2912 2913 2911
f 2868 2867 2866
f 2868 2869 2867
f 2864 2863 2862
f 2865 2863 2864
f 2943 2941 2942
f 2944 2941 2943
f 2941 2932 2934
f 2944 2932 2941
f 2933 2932 2931
f 2934 2932 2933
f 2895 2905 2907
f 2907 2905 2906
f 2906 2905 2904
f 2853 2702 2700
f 2857 2700 2856
f 2853 2700 2857
f 2920 2919 2918
f 2920 2921 2919
f 2860 2859 2858
f 2860 2861 2859
f 2940 2934 2936
f 2941 2934 2940
f 2903 2905 2895
f 2702 2853 2851
f 2880 2879 2878
f 2880 2881 2879
f 2876 2875 2874
f 2877 2875 2876
f 2844 2843 2842
f 2845 2843 2844
f 2840 2839 2838
f 2840 2841 2839
f 2937 2936 2935
f 2938 2936 2937
f 2940 2936 2938
f 2940 2938 2939
f 2902 2895 2901
f 2903 2895 2902
f 2702 2851 2852
f 2852 2851 2850
f 2872 2871 2870
f 2872 2873 2871
f 2848 2847 2846
f 2848 2849 2847
f 2950 2949 2948
f 2951 2949 2950
f 2952 2949 2951
f 2952 2953 2949
f 2954 2953 2952
f 2955 2953 2954
f 2962 2961 2960
f 2963 2961 2962
f 2978 2977 2976
f 2979 2977 2978
f 2982 2981 2980
f 2983 2981 2982
f 2970 2969 2968
f 2971 2969 2970
f 2974 2973 2972
f 2975 2973 2974
f 2966 2965 2964
f 2967 2965 2966
f 3002 3001 3000
f 3003 3001 3002
f 2986 2985 2984
f 2987 2985 2986
f 3006 3005 3004
f 3007 3005 3006
f 2994 2993 2992
f 2995 2993 2994
f 2998 2997 2996
f 2999 2997 2998
f 2990 2989 2988
f 2991 2989 2990
f 3118 3117 3116
f 3118 3119 3117
f 3121 3119 3118
f 3121 3118 3120
f 3091 3097 3093
f 3090 3089 3088
f 3091 3089 3090
f 3091 3092 3089
f 3092 3091 3093
f 3091 3227 3226
f 3095 3091 3226
f 3097 3091 3095
f 3040 3041 3037
f 3034 3040 3037
f 3045 3047 3040
f 3045 3040 3044
f 3044 3040 3043
f 3040 3047 3049
f 3040 3049 3042
f 3042 3041 3040
f 3290 3289 3288
f 3291 3289 3290
f 3256 3255 3254
f 3257 3255 3256
f 3152 3151 3150
f 3153 3151 3152
f 3153 3154 3151
f 3155 3154 3153
f 3155 3156 3154
f 3157 3156 3155
f 3114 3113 3112
f 3115 3113 3114
f 3148 3147 3146
f 3149 3147 3148
f 3122 3119 3121
f 3122 3123 3119
f 3014 3013 3012
f 3015 3013 3014
f 3010 3009 3008
f 3010 3011 3009
f 3082 3081 3080
f 3083 3081 3082
f 3086 3085 3084
f 3086 3087 3085
f 3143 3123 3126
f 3144 3123 3143
f 3145 3123 3144
f 3126 3123 3122
f 3126 3122 3125
f 3125 3122 3124
f 3092 3093 3099
f 3099 3093 3098
f 3048 3047 3046
f 3049 3047 3048
f 3018 3017 3016
f 3018 3019 3017
f 3078 3077 3076
f 3078 3079 3077
f 3142 3126 3128
f 3143 3126 3142
f 3058 3057 3056
f 3059 3057 3058
f 3062 3061 3060
f 3062 3063 3061
f 3102 3101 3100
f 3102 3103 3101
f 3106 3105 3104
f 3107 3105 3106
f 3139 3128 3130
f 3142 3128 3139
f 3141 3139 3140
f 3142 3139 3141
f 3129 3128 3127
f 3130 3128 3129
f 3097 3095 3096
f 3096 3095 3094
f 3041 3042 3051
f 3051 3042 3050
f 3054 3053 3052
f 3054 3055 3053
f 3110 3109 3108
f 3110 3111 3109
f 3026 3025 3024
f 3027 3025 3026
f 3133 3130 3135
f 3139 3130 3133
f 3022 3021 3020
f 3022 3023 3021
f 3070 3069 3068
f 3071 3069 3070
f 3074 3073 3072
f 3074 3075 3073
f 3135 3136 3134
f 3135 3134 3133
f 3137 3136 3135
f 3138 3136 3137
f 3230 3229 3228
f 3226 3229 3230
f 3227 3229 3226
f 3036 3034 3037
f 3039 3037 3038
f 3036 3037 3039
f 3030 3029 3028
f 3030 3031 3029
f 3066 3065 3064
f 3066 3067 3065
f 3133 3132 3131
f 3133 3134 3132
f 3258 3259 3134
f 3258 3134 3136
f 3227 3231 3229
f 3035 3034 3036
f 3224 3223 3222
f 3224 3225 3223
f 3220 3219 3218
f 3221 3219 3220
f 3164 3163 3162
f 3165 3163 3164
f 3160 3159 3158
f 3160 3161 3159
f 3277 3259 3262
f 3278 3259 3277
f 3279 3259 3278
f 3261 3258 3260
f 3262 3258 3261
f 3262 3259 3258
f 3232 3231 3227
f 3241 3232 3240
f 3231 3232 3241
f 3033 3034 3035
f 3033 3035 3187
f 3187 3035 3186
f 3216 3215 3214
f 3216 3217 3215
f 3168 3167 3166
f 3168 3169 3167
f 3276 3262 3264
f 3277 3262 3276
f 3227 3239 3232
f 3034 3033 3032
f 3248 3247 3246
f 3249 3247 3248
f 3244 3243 3242
f 3244 3245 3243
f 3200 3199 3198
f 3200 3201 3199
f 3196 3195 3194
f 3197 3195 3196
f 3275 3273 3274
f 3276 3273 3275
f 3273 3264 3266
f 3276 3264 3273
f 3265 3264 3263
f 3266 3264 3265
f 3227 3237 3239
f 3239 3237 3238
f 3238 3237 3236
f 3185 3034 3032
f 3189 3032 3188
f 3185 3032 3189
f 3252 3251 3250
f 3252 3253 3251
f 3192 3191 3190
f 3192 3193 3191
f 3272 3266 3268
f 3273 3266 3272
f 3235 3237 3227
f 3034 3185 3183
f 3212 3211 3210
f 3212 3213 3211
f 3208 3207 3206
f 3209 3207 3208
f 3176 3175 3174
f 3177 3175 3176
f 3172 3171 3170
f 3172 3173 3171
f 3269 3268 3267
f 3270 3268 3269
f 3272 3268 3270
f 3272 3270 3271
f 3234 3227 3233
f 3235 3227 3234
f 3034 3183 3184
f 3184 3183 3182
f 3204 3203 3202
f 3204 3205 3203
f 3180 3179 3178
f 3180 3181 3179
f 3282 3281 3280
f 3283 3281 3282
f 3284 3281 3283
f 3284 3285 3281
f 3286 3285 3284
f 3287 3285 3286
f 3294 3293 3292
f 3295 3293 3294
f 3310 3309 3308
f 3311 3309 3310
f 3314 3313 3312
f 3315 3313 3314
f 3302 3301 3300
f 3303 3301 3302
f 3306 3305 3304
f 3307 3305 3306
f 3298 3297 3296
f 3299 3297 3298
f 3334 3333 3332
f 3335 3333 3334
f 3318 3317 3316
f 3319 3317 3318
f 3338 3337 3336
f 3339 3337 3338
f 3326 3325 3324
f 3327 3325 3326
f 3330 3329 3328
f 3331 3329 3330
f 3322 3321 3320
f 3323 3321 3322
f 3398 3397 3396
f 3399 3397 3398
f 3394 3393 3392
f 3395 3393 3394
f 3390 3389 3388
f 3391 3389 3390
f 3422 3421 3420
f 3425 3420 3421
f 3420 3425 3424
f 3427 3424 3425
f 3424 3427 3426
f 3346 3345 3344
f 3347 3345 3346
f 3354 3353 3352
f 3350 3349 3348
f 3351 3349 3350
f 3421 3422 3423
f 3355 3353 3354
f 3376 3373 3375
f 3377 3373 3376
f 3378 3373 3377
f 3430 3429 3428
f 3429 3430 3431
f 3418 3417 3416
f 3402 3401 3400
f 3386 3385 3384
f 3387 3385 3386
f 3403 3401 3402
f 3342 3341 3340
f 3343 3341 3342
f 3417 3418 3419
f 3358 3357 3356
f 3359 3357 3358
f 3375 3373 3374
f 3379 3373 3378
f 3371 3369 3370
f 3362 3361 3360
f 3363 3361 3362
f 3374 3373 3372
f 3370 3369 3368
f 3433 3434 3435
f 3413 3414 3415
f 3414 3413 3412
f 3406 3405 3404
f 3407 3405 3406
f 3383 3381 3382
f 3382 3381 3380
f 3434 3433 3432
f 3366 3365 3364
f 3367 3365 3366
f 3415 3432 3433
f 3432 3415 3414
f 3410 3409 3408
f 3411 3409 3410
f 3494 3493 3492
f 3495 3493 3494
f 3490 3489 3488
f 3491 3489 3490
f 3486 3485 3484
f 3487 3485 3486
f 3518 3517 3516
f 3521 3516 3517
f 3516 3521 3520
f 3523 3520 3521
f 3520 3523 3522
f 3442 3441 3440
f 3443 3441 3442
f 3450 3449 3448
f 3446 3445 3444
f 3447 3445 3446
f 3517 3518 3519
f 3451 3449 3450
f 3472 3469 3471
f 3473 3469 3472
f 3474 3469 3473
f 3526 3525 3524
f 3525 3526 3527
f 3514 3513 3512
f 3498 3497 3496
f 3482 3481 3480
f 3483 3481 3482
f 3499 3497 3498
f 3438 3437 3436
f 3439 3437 3438
f 3513 3514 3515
f 3454 3453 3452
f 3455 3453 3454
f 3471 3469 3470
f 3475 3469 3474
f 3467 3465 3466
f 3458 3457 3456
f 3459 3457 3458
f 3470 3469 3468
f 3466 3465 3464
f 3529 3530 3531
f 3509 3510 3511
f 3510 3509 3508
f 3502 3501 3500
f 3503 3501 3502
f 3479 3477 3478
f 3478 3477 3476
f 3530 3529 3528
f 3462 3461 3460
f 3463 3461 3462
f 3511 3528 3529
f 3528 3511 3510
f 3506 3505 3504
f 3507 3505 3506
f 3590 3589 3588
f 3591 3589 3590
f 3586 3585 3584
f 3587 3585 3586
f 3582 3581 3580
f 3583 3581 3582
f 3614 3613 3612
f 3617 3612 3613
f 3612 3617 3616
f 3619 3616 3617
f 3616 3619 3618
f 3538 3537 3536
f 3539 3537 3538
f 3546 3545 3544
f 3542 3541 3540
f 3543 3541 3542
f 3613 3614 3615
f 3547 3545 3546
f 3568 3565 3567
f 3569 3565 3568
f 3570 3565 3569
f 3622 3621 3620
f 3621 3622 3623
f 3610 3609 3608
f 3594 3593 3592
f 3578 3577 3576
f 3579 3577 3578
f 3595 3593 3594
f 3534 3533 3532
f 3535 3533 3534
f 3609 3610 3611
f 3550 3549 3548
f 3551 3549 3550
f 3567 3565 3566
f 3571 3565 3570
f 3563 3561 3562
f 3554 3553 3552
f 3555 3553 3554
f 3566 3565 3564
f 3562 3561 3560
f 3625 3626 3627
f 3605 3606 3607
f 3606 3605 3604
f 3598 3597 3596
f 3599 3597 3598
f 3575 3573 3574
f 3574 3573 3572
f 3626 3625 3624
f 3558 3557 3556
f 3559 3557 3558
f 3607 3624 3625
f 3624 3607 3606
f 3602 3601 3600
f 3603 3601 3602
f 3686 3685 3684
f 3687 3685 3686
f 3682 3681 3680
f 3683 3681 3682
f 3678 3677 3676
f 3679 3677 3678
f 3710 3709 3708
f 3713 3708 3709
f 3708 3713 3712
f 3715 3712 3713
f 3712 3715 3714
f 3634 3633 3632
f 3635 3633 3634
f 3642 3641 3640
f 3638 3637 3636
f 3639 3637 3638
f 3709 3710 3711
f 3643 3641 3642
f 3664 3661 3663
f 3665 3661 3664
f 3666 3661 3665
f 3718 3717 3716
f 3717 3718 3719
f 3706 3705 3704
f 3690 3689 3688
f 3674 3673 3672
f 3675 3673 3674
f 3691 3689 3690
f 3630 3629 3628
f 3631 3629 3630
f 3705 3706 3707
f 3646 3645 3644
f 3647 3645 3646
f 3663 3661 3662
f 3667 3661 3666
f 3659 3657 3658
f 3650 3649 3648
f 3651 3649 3650
f 3662 3661 3660
f 3658 3657 3656
f 3721 3722 3723
f 3701 3702 3703
f 3702 3701 3700
f 3694 3693 3692
f 3695 3693 3694
f 3671 3669 3670
f 3670 3669 3668
f 3722 3721 3720
f 3654 3653 3652
f 3655 3653 3654
f 3703 3720 3721
f 3720 3703 3702
f 3698 3697 3696
f 3699 3697 3698
f 3782 3781 3780
f 3783 3781 3782
f 3778 3777 3776
f 3779 3777 3778
f 3774 3773 3772
f 3775 3773 3774
f 3806 3805 3804
f 3809 3804 3805
f 3804 3809 3808
f 3811 3808 3809
f 3808 3811 3810
f 3730 3729 3728
f 3731 3729 3730
f 3738 3737 3736
f 3734 3733 3732
f 3735 3733 3734
f 3805 3806 3807
f 3739 3737 3738
f 3760 3757 3759
f 3761 3757 3760
f 3762 3757 3761
f 3814 3813 3812
f 3813 3814 3815
f 3802 3801 3800
f 3786 3785 3784
f 3770 3769 3768
f 3771 3769 3770
f 3787 3785 3786
f 3726 3725 3724
f 3727 3725 3726
f 3801 3802 3803
f 3742 3741 3740
f 3743 3741 3742
f 3759 3757 3758
f 3763 3757 3762
f 3755 3753 3754
f 3746 3745 3744
f 3747 3745 3746
f 3758 3757 3756
f 3754 3753 3752
f 3817 3818 3819
f 3797 3798 3799
f 3798 3797 3796
f 3790 3789 3788
f 3791 3789 3790
f 3767 3765 3766
f 3766 3765 3764
f 3818 3817 3816
f 3750 3749 3748
f 3751 3749 3750
f 3799 3816 3817
f 3816 3799 3798
f 3794 3793 3792
f 3795 3793 3794
f 3878 3877 3876
f 3879 3877 3878
f 3874 3873 3872
f 3875 3873 3874
f 3870 3869 3868
f 3871 3869 3870
f 3902 3901 3900
f 3905 3900 3901
f 3900 3905 3904
f 3907 3904 3905
f 3904 3907 3906
f 3826 3825 3824
f 3827 3825 3826
f 3834 3833 3832
f 3830 3829 3828
f 3831 3829 3830
f 3901 3902 3903
f 3835 3833 3834
f 3856 3853 3855
f 3857 3853 3856
f 3858 3853 3857
f 3910 3909 3908
f 3909 3910 3911
f 3898 3897 3896
f 3882 3881 3880
f 3866 3865 3864
f 3867 3865 3866
f 3883 3881 3882
f 3822 3821 3820
f 3823 3821 3822
f 3897 3898 3899
f 3838 3837 3836
f 3839 3837 3838
f 3855 3853 3854
f 3859 3853 3858
f 3851 3849 3850
f 3842 3841 3840
f 3843 3841 3842
f 3854 3853 3852
f 3850 3849 3848
f 3913 3914 3915
f 3893 3894 3895
f 3894 3893 3892
f 3886 3885 3884
f 3887 3885 3886
f 3863 3861 3862
f 3862 3861 3860
f 3914 3913 3912
f 3846 3845 3844
f 3847 3845 3846
f 3895 3912 3913
f 3912 3895 3894
f 3890 3889 3888
f 3891 3889 3890
f 3974 3973 3972
f 3975 3973 3974
f 3970 3969 3968
f 3971 3969 3970
f 3966 3965 3964
f 3967 3965 3966
f 3998 3997 3996
f 4001 3996 3997
f 3996 4001 4000
f 4003 4000 4001
f 4000 4003 4002
f 3922 3921 3920
f 3923 3921 3922
f 3930 3929 3928
f 3926 3925 3924
f 3927 3925 3926
f 3997 3998 3999
f 3931 3929 3930
f 3952 3949 3951
f 3953 3949 3952
f 3954 3949 3953
f 4006 4005 4004
f 4005 4006 4007
f 3994 3993 3992
f 3978 3977 3976
f 3962 3961 3960
f 3963 3961 3962
f 3979 3977 3978
f 3918 3917 3916
f 3919 3917 3918
f 3993 3994 3995
f 3934 3933 3932
f 3935 3933 3934
f 3951 3949 3950
f 3955 3949 3954
f 3947 3945 3946
f 3938 3937 3936
f 3939 3937 3938
f 3950 3949 3948
f 3946 3945 3944
f 4009 4010 4011
f 3989 3990 3991
f 3990 3989 3988
f 3982 3981 3980
f 3983 3981 3982
f 3959 3957 3958
f 3958 3957 3956
f 4010 4009 4008
f 3942 3941 3940
f 3943 3941 3942
f 3991 4008 4009
f 4008 3991 3990
f 3986 3985 3984
f 3987 3985 3986
f 4070 4069 4068
f 4071 4069 4070
f 4066 4065 4064
f 4067 4065 4066
f 4062 4061 4060
f 4063 4061 4062
f 4094 4093 4092
f 4097 4092 4093
f 4092 4097 4096
f 4099 4096 4097
f 4096 4099 4098
f 4018 4017 4016
f 4019 4017 4018
f 4026 4025 4024
f 4022 4021 4020
f 4023 4021 4022
f 4093 4094 4095
f 4027 4025 4026
f 4048 4045 4047
f 4049 4045 4048
f 4050 4045 4049
f 4102 4101 4100
f 4101 4102 4103
f 4090 4089 4088
f 4074 4073 4072
f 4058 4057 4056
f 4059 4057 4058
f 4075 4073 4074
f 4014 4013 4012
f 4015 4013 4014
f 4089 4090 4091
f 4030 4029 4028
f 4031 4029 4030
f 4047 4045 4046
f 4051 4045 4050
f 4043 4041 4042
f 4034 4033 4032
f 4035 4033 4034
f 4046 4045 4044
f 4042 4041 4040
f 4105 4106 4107
f 4085 4086 4087
f 4086 4085 4084
f 4078 4077 4076
f 4079 4077 4078
f 4055 4053 4054
f 4054 4053 4052
f 4106 4105 4104
f 4038 4037 4036
f 4039 4037 4038
f 4087 4104 4105
f 4104 4087 4086
f 4082 4081 4080
f 4083 4081 4082
f 4611 4610 4609
f 4612 4611 4609
f 4607 4606 4605
f 4608 4607 4605
f 4603 4602 4601
f 4604 4603 4601
f 4595 4594 4593
f 4596 4595 4593
f 4592 4591 4589
f 4583 4582 4581
f 4584 4583 4581
f 4591 4590 4589
f 4615 4614 4613
f 4615 4618 4614
f 4620 4616 4619
f 4616 4613 4619
f 4616 4615 4613
f 4635 4634 4633
f 4636 4635 4633
f 4628 4627 4625
f 4623 4622 4621
f 4624 4623 4621
f 4618 4617 4614
f 4647 4646 4645
f 4648 4647 4645
f 4627 4626 4625
f 4576 4574 4575
f 4574 4573 4575
f 4574 4572 4573
f 4572 4571 4573
f 4517 4519 4516
f 4517 4516 4514
f 4515 4517 4514
f 4432 4434 4431
f 4434 4433 4431
f 4434 4436 4433
f 4351 4353 4350
f 4351 4350 4348
f 4349 4351 4348
f 4406 4405 4407
f 4408 4406 4407
f 4408 4407 4409
f 4410 4408 4409
f 4489 4488 4490
f 4491 4489 4490
f 4491 4490 4492
f 4493 4491 4492
f 4514 4516 4532
f 4516 4533 4532
f 4516 4518 4533
f 4519 4518 4516
f 4436 4435 4433
f 4433 4435 4450
f 4433 4450 4449
f 4431 4433 4449
f 4353 4352 4350
f 4350 4352 4367
f 4350 4367 4366
f 4348 4350 4366
f 4578 4576 4577
f 4576 4575 4577
f 4572 4512 4571
f 4512 4569 4571
f 4512 4515 4511
f 4515 4514 4511
f 4519 4521 4518
f 4429 4432 4428
f 4432 4431 4428
f 4436 4438 4435
f 4353 4355 4352
f 4349 4348 4345
f 4346 4349 4345
f 4346 4403 4405
f 4406 4346 4405
f 4410 4409 4411
f 4412 4410 4411
f 4429 4486 4488
f 4489 4429 4488
f 4493 4492 4494
f 4495 4493 4494
f 4511 4514 4531
f 4514 4532 4531
f 4518 4534 4533
f 4518 4520 4534
f 4521 4520 4518
f 4435 4437 4451
f 4435 4451 4450
f 4431 4449 4448
f 4428 4431 4448
f 4438 4437 4435
f 4355 4354 4352
f 4352 4354 4368
f 4352 4368 4367
f 4348 4366 4365
f 4345 4348 4365
f 4532 4533 4545
f 4533 4546 4545
f 4533 4534 4546
f 4450 4451 4463
f 4450 4463 4462
f 4449 4450 4462
f 4367 4368 4380
f 4367 4380 4379
f 4366 4367 4379
f 4531 4532 4544
f 4532 4545 4544
f 4520 4535 4534
f 4534 4547 4546
f 4534 4535 4547
f 4437 4452 4451
f 4451 4452 4464
f 4451 4464 4463
f 4449 4462 4461
f 4448 4449 4461
f 4354 4369 4368
f 4365 4366 4378
f 4368 4369 4381
f 4368 4381 4380
f 4366 4379 4378
f 4580 4578 4579
f 4578 4577 4579
f 4513 4570 4569
f 4512 4513 4569
f 4513 4512 4510
f 4512 4511 4510
f 4521 4523 4520
f 4430 4429 4427
f 4429 4428 4427
f 4495 4494 4496
f 4497 4495 4496
f 4438 4440 4437
f 4355 4357 4354
f 4346 4345 4344
f 4347 4346 4344
f 4346 4347 4403
f 4347 4404 4403
f 4412 4411 4413
f 4414 4412 4413
f 4430 4487 4486
f 4429 4430 4486
f 4520 4522 4535
f 4523 4522 4520
f 4437 4439 4452
f 4440 4439 4437
f 4357 4356 4354
f 4354 4356 4369
f 4510 4511 4530
f 4511 4531 4530
f 4428 4448 4447
f 4427 4428 4447
f 4345 4365 4364
f 4344 4345 4364
f 4559 4558 4551
f 4558 4561 4551
f 4395 4386 4393
f 4394 4393 4386
f 4476 4475 4468
f 4475 4478 4468
f 4522 4536 4535
f 4530 4531 4543
f 4531 4544 4543
f 4535 4548 4547
f 4535 4536 4548
f 4439 4453 4452
f 4452 4465 4464
f 4448 4461 4460
f 4447 4448 4460
f 4452 4453 4465
f 4356 4370 4369
f 4365 4378 4377
f 4364 4365 4377
f 4369 4370 4382
f 4369 4382 4381
f 4556 4559 4551
f 4391 4394 4386
f 4473 4476 4468
f 4561 4560 4551
f 4395 4396 4386
f 4478 4477 4468
f 4557 4556 4551
f 4392 4391 4386
f 4474 4473 4468
f 4560 4562 4551
f 4536 4549 4548
f 4453 4466 4465
f 4396 4385 4386
f 4370 4383 4382
f 4477 4479 4468
f 4552 4551 4550
f 4552 4554 4551
f 4554 4553 4551
f 4555 4551 4553
f 4555 4557 4551
f 4562 4550 4551
f 4529 4542 4541
f 4528 4529 4541
f 4508 4529 4528
f 4522 4498 4536
f 4498 4524 4536
f 4501 4498 4522
f 4523 4501 4522
f 4506 4508 4528
f 4509 4508 4506
f 4507 4509 4506
f 4509 4507 4568
f 4507 4567 4568
f 4501 4580 4564
f 4580 4579 4564
f 4536 4524 4549
f 4524 4537 4549
f 4415 4441 4453
f 4439 4415 4453
f 4441 4454 4466
f 4453 4441 4466
f 4424 4426 4423
f 4426 4425 4423
f 4423 4425 4445
f 4425 4446 4445
f 4445 4446 4458
f 4446 4459 4458
f 4424 4484 4485
f 4426 4424 4485
f 4497 4496 4481
f 4418 4497 4481
f 4440 4418 4439
f 4418 4415 4439
f 4386 4385 4384
f 4390 4392 4386
f 4390 4386 4388
f 4389 4388 4386
f 4387 4389 4386
f 4387 4386 4384
f 4363 4376 4375
f 4362 4363 4375
f 4342 4363 4362
f 4340 4342 4362
f 4343 4342 4340
f 4341 4343 4340
f 4343 4341 4402
f 4341 4401 4402
f 4358 4371 4383
f 4332 4358 4370
f 4356 4332 4370
f 4335 4332 4356
f 4357 4335 4356
f 4414 4413 4398
f 4335 4414 4398
f 4370 4358 4383
f 4469 4468 4467
f 4469 4471 4468
f 4471 4470 4468
f 4472 4468 4470
f 4472 4474 4468
f 4479 4467 4468
f 4524 4525 4537
f 4525 4538 4537
f 4528 4541 4540
f 4442 4455 4454
f 4441 4442 4454
f 4445 4458 4457
f 4362 4375 4374
f 4359 4372 4371
f 4358 4359 4371
f 4525 4526 4538
f 4526 4539 4538
f 4527 4540 4539
f 4527 4528 4540
f 4444 4457 4456
f 4443 4456 4455
f 4442 4443 4455
f 4444 4445 4457
f 4361 4374 4373
f 4361 4362 4374
f 4360 4373 4372
f 4359 4360 4372
f 4498 4499 4524
f 4499 4525 4524
f 4506 4528 4527
f 4423 4445 4444
f 4416 4442 4441
f 4415 4416 4441
f 4340 4362 4361
f 4333 4359 4358
f 4332 4333 4358
f 4526 4527 4539
f 4443 4444 4456
f 4360 4361 4373
f 4504 4506 4527
f 4507 4506 4504
f 4421 4423 4444
f 4424 4423 4421
f 4338 4340 4361
f 4341 4340 4338
f 4500 4499 4498
f 4501 4500 4498
f 4418 4417 4415
f 4417 4416 4415
f 4334 4333 4332
f 4335 4334 4332
f 4289 4288 4287
f 4290 4289 4287
f 4505 4507 4504
f 4507 4505 4567
f 4505 4566 4567
f 4500 4501 4563
f 4501 4564 4563
f 4422 4424 4421
f 4422 4483 4484
f 4424 4422 4484
f 4418 4481 4480
f 4417 4418 4480
f 4341 4339 4401
f 4339 4341 4338
f 4339 4400 4401
f 4335 4398 4397
f 4334 4335 4397
f 4126 4125 4124
f 4127 4126 4124
f 4122 4121 4120
f 4123 4122 4120
f 4118 4117 4116
f 4119 4118 4116
f 4499 4502 4525
f 4502 4526 4525
f 4419 4443 4442
f 4416 4419 4442
f 4336 4360 4359
f 4333 4336 4359
f 4504 4527 4526
f 4421 4444 4443
f 4338 4361 4360
f 4502 4504 4526
f 4419 4421 4443
f 4336 4338 4360
f 4505 4504 4502
f 4422 4421 4419
f 4339 4338 4336
f 4503 4502 4499
f 4500 4503 4499
f 4417 4420 4416
f 4420 4419 4416
f 4337 4336 4333
f 4334 4337 4333
f 4503 4505 4502
f 4505 4503 4566
f 4503 4565 4566
f 4503 4500 4565
f 4500 4563 4565
f 4417 4480 4482
f 4420 4417 4482
f 4420 4482 4483
f 4422 4420 4483
f 4420 4422 4419
f 4339 4337 4400
f 4337 4339 4336
f 4337 4399 4400
f 4337 4334 4399
f 4334 4397 4399
f 4163 4162 4160
f 4159 4158 4156
f 4314 4315 4318
f 4316 4315 4314
f 4317 4316 4314
f 4317 4331 4316
f 4250 4249 4248
f 4250 4252 4249
f 4260 4259 4257
f 4258 4260 4257
f 4254 4258 4257
f 4253 4254 4257
f 4255 4254 4253
f 4256 4255 4253
f 4295 4292 4293
f 4158 4157 4156
f 4191 4190 4188
f 4185 4184 4183
f 4186 4185 4183
f 4112 4113 4114
f 4109 4113 4112
f 4108 4109 4112
f 4190 4189 4188
f 4113 4115 4114
f 4643 4642 4641
f 4644 4643 4641
f 4315 4319 4318
f 4331 4330 4316
f 4178 4177 4175
f 4171 4172 4173
f 4172 4174 4173
f 4177 4176 4175
f 4322 4320 4321
f 4319 4321 4320
f 4318 4319 4320
f 4162 4161 4160
f 4146 4145 4144
f 4147 4146 4144
f 4142 4141 4140
f 4143 4142 4140
f 4238 4237 4236
f 4239 4238 4236
f 4154 4153 4152
f 4155 4154 4152
f 4292 4294 4293
f 4221 4220 4219
f 4212 4211 4210
f 4213 4212 4210
f 4320 4322 4323
f 4676 4675 4674
f 4677 4676 4674
f 4672 4671 4670
f 4673 4672 4670
f 4329 4328 4324
f 4328 4323 4324
f 4322 4324 4323
f 4218 4214 4215
f 4216 4215 4214
f 4217 4216 4214
f 4285 4284 4283
f 4286 4285 4283
f 4277 4274 4275
f 4275 4274 4273
f 4276 4275 4273
f 4325 4324 4322
f 4278 4279 4282
f 4280 4279 4278
f 4281 4280 4278
f 4655 4654 4653
f 4656 4655 4653
f 4326 4325 4322
f 4327 4326 4322
f 4659 4658 4657
f 4659 4661 4658
f 4161 4294 4165
f 4161 4165 4160
f 4150 4149 4148
f 4151 4150 4148
f 4294 4297 4165
f 4292 4296 4294
f 4194 4193 4192
f 4187 4184 4185
f 4195 4194 4192
f 4202 4207 4208
f 4207 4209 4208
f 4252 4251 4249
f 4661 4660 4658
f 4201 4202 4200
f 4201 4204 4202
f 4204 4203 4202
f 4207 4202 4203
f 4172 4171 4170
f 4312 4311 4310
f 4313 4312 4310
f 4300 4299 4298
f 4301 4300 4298
f 4165 4164 4160
f 4681 4680 4678
f 4304 4303 4302
f 4305 4304 4302
f 4291 4296 4292
f 4680 4679 4678
f 4235 4232 4233
f 4233 4232 4231
f 4234 4233 4231
f 4224 4223 4222
f 4225 4224 4222
f 4205 4203 4204
f 4206 4205 4204
f 4668 4667 4666
f 4669 4668 4666
f 4664 4663 4662
f 4665 4664 4662
f 4226 4227 4230
f 4228 4227 4226
f 4229 4228 4226
f 4271 4270 4269
f 4272 4271 4269
f 4265 4262 4263
f 4263 4262 4261
f 4264 4263 4261
f 4197 4199 4196
f 4199 4198 4196
f 4199 4201 4198
f 4201 4200 4198
f 4268 4267 4266
f 4168 4167 4166
f 4169 4168 4166
f 4110 4109 4108
f 4111 4110 4108
f 4639 4638 4637
f 4640 4639 4637
f 4135 4134 4132
f 4130 4129 4128
f 4131 4130 4128
f 4651 4650 4649
f 4652 4651 4649
f 4195 4197 4194
f 4197 4196 4194
f 4181 4180 4179
f 4182 4181 4179
f 4138 4137 4136
f 4139 4138 4136
f 4134 4133 4132
f 4308 4307 4306
f 4309 4308 4306
f 4292 4160 4291
f 4160 4164 4291
f 4241 4245 4244
f 4240 4241 4244
f 4242 4241 4240
f 4243 4242 4240
f 4245 4247 4246
f 4244 4245 4246
f 4631 4630 4629
f 4632 4631 4629
f 4618 4620 4617
f 4620 4619 4617
f 4587 4586 4585
f 4588 4587 4585
f 4599 4598 4597
f 4600 4599 4597
f 5185 5184 5183
f 5186 5185 5183
f 5181 5180 5179
f 5182 5181 5179
f 5177 5176 5175
f 5178 5177 5175
f 5169 5168 5167
f 5170 5169 5167
f 5166 5165 5163
f 5157 5156 5155
f 5158 5157 5155
f 5165 5164 5163
f 5189 5188 5187
f 5189 5192 5188
f 5194 5190 5193
f 5190 5187 5193
f 5190 5189 5187
f 5209 5208 5207
f 5210 5209 5207
f 5202 5201 5199
f 5197 5196 5195
f 5198 5197 5195
f 5192 5191 5188
f 5221 5220 5219
f 5222 5221 5219
f 5201 5200 5199
f 5150 5148 5149
f 5148 5147 5149
f 5148 5146 5147
f 5146 5145 5147
f 5091 5093 5090
f 5091 5090 5088
f 5089 5091 5088
f 5006 5008 5005
f 5008 5007 5005
f 5008 5010 5007
f 4925 4927 4924
f 4925 4924 4922
f 4923 4925 4922
f 4980 4979 4981
f 4982 4980 4981
f 4982 4981 4983
f 4984 4982 4983
f 5063 5062 5064
f 5065 5063 5064
f 5065 5064 5066
f 5067 5065 5066
f 5088 5090 5106
f 5090 5107 5106
f 5090 5092 5107
f 5093 5092 5090
f 5010 5009 5007
f 5007 5009 5024
f 5007 5024 5023
f 5005 5007 5023
f 4927 4926 4924
f 4924 4926 4941
f 4924 4941 4940
f 4922 4924 4940
f 5152 5150 5151
f 5150 5149 5151
f 5146 5086 5145
f 5086 5143 5145
f 5086 5089 5085
f 5089 5088 5085
f 5093 5095 5092
f 5003 5006 5002
f 5006 5005 5002
f 5010 5012 5009
f 4927 4929 4926
f 4923 4922 4919
f 4920 4923 4919
f 4920 4977 4979
f 4980 4920 4979
f 4984 4983 4985
f 4986 4984 4985
f 5003 5060 5062
f 5063 5003 5062
f 5067 5066 5068
f 5069 5067 5068
f 5085 5088 5105
f 5088 5106 5105
f 5092 5108 5107
f 5092 5094 5108
f 5095 5094 5092
f 5009 5011 5025
f 5009 5025 5024
f 5005 5023 5022
f 5002 5005 5022
f 5012 5011 5009
f 4929 4928 4926
f 4926 4928 4942
f 4926 4942 4941
f 4922 4940 4939
f 4919 4922 4939
f 5106 5107 5119
f 5107 5120 5119
f 5107 5108 5120
f 5024 5025 5037
f 5024 5037 5036
f 5023 5024 5036
f 4941 4942 4954
f 4941 4954 4953
f 4940 4941 4953
f 5105 5106 5118
f 5106 5119 5118
f 5094 5109 5108
f 5108 5121 5120
f 5108 5109 5121
f 5011 5026 5025
f 5025 5026 5038
f 5025 5038 5037
f 5023 5036 5035
f 5022 5023 5035
f 4928 4943 4942
f 4939 4940 4952
f 4942 4943 4955
f 4942 4955 4954
f 4940 4953 4952
f 5154 5152 5153
f 5152 5151 5153
f 5087 5144 5143
f 5086 5087 5143
f 5087 5086 5084
f 5086 5085 5084
f 5095 5097 5094
f 5004 5003 5001
f 5003 5002 5001
f 5069 5068 5070
f 5071 5069 5070
f 5012 5014 5011
f 4929 4931 4928
f 4920 4919 4918
f 4921 4920 4918
f 4920 4921 4977
f 4921 4978 4977
f 4986 4985 4987
f 4988 4986 4987
f 5004 5061 5060
f 5003 5004 5060
f 5094 5096 5109
f 5097 5096 5094
f 5011 5013 5026
f 5014 5013 5011
f 4931 4930 4928
f 4928 4930 4943
f 5084 5085 5104
f 5085 5105 5104
f 5002 5022 5021
f 5001 5002 5021
f 4919 4939 4938
f 4918 4919 4938
f 5133 5132 5125
f 5132 5135 5125
f 4969 4960 4967
f 4968 4967 4960
f 5050 5049 5042
f 5049 5052 5042
f 5096 5110 5109
f 5104 5105 5117
f 5105 5118 5117
f 5109 5122 5121
f 5109 5110 5122
f 5013 5027 5026
f 5026 5039 5038
f 5022 5035 5034
f 5021 5022 5034
f 5026 5027 5039
f 4930 4944 4943
f 4939 4952 4951
f 4938 4939 4951
f 4943 4944 4956
f 4943 4956 4955
f 5130 5133 5125
f 4965 4968 4960
f 5047 5050 5042
f 5135 5134 5125
f 4969 4970 4960
f 5052 5051 5042
f 5131 5130 5125
f 4966 4965 4960
f 5048 5047 5042
f 5134 5136 5125
f 5110 5123 5122
f 5027 5040 5039
f 4970 4959 4960
f 4944 4957 4956
f 5051 5053 5042
f 5126 5125 5124
f 5126 5128 5125
f 5128 5127 5125
f 5129 5125 5127
f 5129 5131 5125
f 5136 5124 5125
f 5103 5116 5115
f 5102 5103 5115
f 5082 5103 5102
f 5096 5072 5110
f 5072 5098 5110
f 5075 5072 5096
f 5097 5075 5096
f 5080 5082 5102
f 5083 5082 5080
f 5081 5083 5080
f 5083 5081 5142
f 5081 5141 5142
f 5075 5154 5138
f 5154 5153 5138
f 5110 5098 5123
f 5098 5111 5123
f 4989 5015 5027
f 5013 4989 5027
f 5015 5028 5040
f 5027 5015 5040
f 4998 5000 4997
f 5000 4999 4997
f 4997 4999 5019
f 4999 5020 5019
f 5019 5020 5032
f 5020 5033 5032
f 4998 5058 5059
f 5000 4998 5059
f 5071 5070 5055
f 4992 5071 5055
f 5014 4992 5013
f 4992 4989 5013
f 4960 4959 4958
f 4964 4966 4960
f 4964 4960 4962
f 4963 4962 4960
f 4961 4963 4960
f 4961 4960 4958
f 4937 4950 4949
f 4936 4937 4949
f 4916 4937 4936
f 4914 4916 4936
f 4917 4916 4914
f 4915 4917 4914
f 4917 4915 4976
f 4915 4975 4976
f 4932 4945 4957
f 4906 4932 4944
f 4930 4906 4944
f 4909 4906 4930
f 4931 4909 4930
f 4988 4987 4972
f 4909 4988 4972
f 4944 4932 4957
f 5043 5042 5041
f 5043 5045 5042
f 5045 5044 5042
f 5046 5042 5044
f 5046 5048 5042
f 5053 5041 5042
f 5098 5099 5111
f 5099 5112 5111
f 5102 5115 5114
f 5016 5029 5028
f 5015 5016 5028
f 5019 5032 5031
f 4936 4949 4948
f 4933 4946 4945
f 4932 4933 4945
f 5099 5100 5112
f 5100 5113 5112
f 5101 5114 5113
f 5101 5102 5114
f 5018 5031 5030
f 5017 5030 5029
f 5016 5017 5029
f 5018 5019 5031
f 4935 4948 4947
f 4935 4936 4948
f 4934 4947 4946
f 4933 4934 4946
f 5072 5073 5098
f 5073 5099 5098
f 5080 5102 5101
f 4997 5019 5018
f 4990 5016 5015
f 4989 4990 5015
f 4914 4936 4935
f 4907 4933 4932
f 4906 4907 4932
f 5100 5101 5113
f 5017 5018 5030
f 4934 4935 4947
f 5078 5080 5101
f 5081 5080 5078
f 4995 4997 5018
f 4998 4997 4995
f 4912 4914 4935
f 4915 4914 4912
f 5074 5073 5072
f 5075 5074 5072
f 4992 4991 4989
f 4991 4990 4989
f 4908 4907 4906
f 4909 4908 4906
f 4863 4862 4861
f 4864 4863 4861
f 5079 5081 5078
f 5081 5079 5141
f 5079 5140 5141
f 5074 5075 5137
f 5075 5138 5137
f 4996 4998 4995
f 4996 5057 5058
f 4998 4996 5058
f 4992 5055 5054
f 4991 4992 5054
f 4915 4913 4975
f 4913 4915 4912
f 4913 4974 4975
f 4909 4972 4971
f 4908 4909 4971
f 4700 4699 4698
f 4701 4700 4698
f 4696 4695 4694
f 4697 4696 4694
f 4692 4691 4690
f 4693 4692 4690
f 5073 5076 5099
f 5076 5100 5099
f 4993 5017 5016
f 4990 4993 5016
f 4910 4934 4933
f 4907 4910 4933
f 5078 5101 5100
f 4995 5018 5017
f 4912 4935 4934
f 5076 5078 5100
f 4993 4995 5017
f 4910 4912 4934
f 5079 5078 5076
f 4996 4995 4993
f 4913 4912 4910
f 5077 5076 5073
f 5074 5077 5073
f 4991 4994 4990
f 4994 4993 4990
f 4911 4910 4907
f 4908 4911 4907
f 5077 5079 5076
f 5079 5077 5140
f 5077 5139 5140
f 5077 5074 5139
f 5074 5137 5139
f 4991 5054 5056
f 4994 4991 5056
f 4994 5056 5057
f 4996 4994 5057
f 4994 4996 4993
f 4913 4911 4974
f 4911 4913 4910
f 4911 4973 4974
f 4911 4908 4973
f 4908 4971 4973
f 4737 4736 4734
f 4733 4732 4730
f 4888 4889 4892
f 4890 4889 4888
f 4891 4890 4888
f 4891 4905 4890
f 4824 4823 4822
f 4824 4826 4823
f 4834 4833 4831
f 4832 4834 4831
f 4828 4832 4831
f 4827 4828 4831
f 4829 4828 4827
f 4830 4829 4827
f 4869 4866 4867
f 4732 4731 4730
f 4765 4764 4762
f 4759 4758 4757
f 4760 4759 4757
f 4686 4687 4688
f 4683 4687 4686
f 4682 4683 4686
f 4764 4763 4762
f 4687 4689 4688
f 5217 5216 5215
f 5218 5217 5215
f 4889 4893 4892
f 4905 4904 4890
f 4752 4751 4749
f 4745 4746 4747
f 4746 4748 4747
f 4751 4750 4749
f 4896 4894 4895
f 4893 4895 4894
f 4892 4893 4894
f 4736 4735 4734
f 4720 4719 4718
f 4721 4720 4718
f 4716 4715 4714
f 4717 4716 4714
f 4812 4811 4810
f 4813 4812 4810
f 4728 4727 4726
f 4729 4728 4726
f 4866 4868 4867
f 4795 4794 4793
f 4786 4785 4784
f 4787 4786 4784
f 4894 4896 4897
f 5250 5249 5248
f 5251 5250 5248
f 5246 5245 5244
f 5247 5246 5244
f 4903 4902 4898
f 4902 4897 4898
f 4896 4898 4897
f 4792 4788 4789
f 4790 4789 4788
f 4791 4790 4788
f 4859 4858 4857
f 4860 4859 4857
f 4851 4848 4849
f 4849 4848 4847
f 4850 4849 4847
f 4899 4898 4896
f 4852 4853 4856
f 4854 4853 4852
f 4855 4854 4852
f 5229 5228 5227
f 5230 5229 5227
f 4900 4899 4896
f 4901 4900 4896
f 5233 5232 5231
f 5233 5235 5232
f 4735 4868 4739
f 4735 4739 4734
f 4724 4723 4722
f 4725 4724 4722
f 4868 4871 4739
f 4866 4870 4868
f 4768 4767 4766
f 4761 4758 4759
f 4769 4768 4766
f 4776 4781 4782
f 4781 4783 4782
f 4826 4825 4823
f 5235 5234 5232
f 4775 4776 4774
f 4775 4778 4776
f 4778 4777 4776
f 4781 4776 4777
f 4746 4745 4744
f 4886 4885 4884
f 4887 4886 4884
f 4874 4873 4872
f 4875 4874 4872
f 4739 4738 4734
f 5255 5254 5252
f 4878 4877 4876
f 4879 4878 4876
f 4865 4870 4866
f 5254 5253 5252
f 4809 4806 4807
f 4807 4806 4805
f 4808 4807 4805
f 4798 4797 4796
f 4799 4798 4796
f 4779 4777 4778
f 4780 4779 4778
f 5242 5241 5240
f 5243 5242 5240
f 5238 5237 5236
f 5239 5238 5236
f 4800 4801 4804
f 4802 4801 4800
f 4803 4802 4800
f 4845 4844 4843
f 4846 4845 4843
f 4839 4836 4837
f 4837 4836 4835
f 4838 4837 4835
f 4771 4773 4770
f 4773 4772 4770
f 4773 4775 4772
f 4775 4774 4772
f 4842 4841 4840
f 4742 4741 4740
f 4743 4742 4740
f 4684 4683 4682
f 4685 4684 4682
f 5213 5212 5211
f 5214 5213 5211
f 4709 4708 4706
f 4704 4703 4702
f 4705 4704 4702
f 5225 5224 5223
f 5226 5225 5223
f 4769 4771 4768
f 4771 4770 4768
f 4755 4754 4753
f 4756 4755 4753
f 4712 4711 4710
f 4713 4712 4710
f 4708 4707 4706
f 4882 4881 4880
f 4883 4882 4880
f 4866 4734 4865
f 4734 4738 4865
f 4815 4819 4818
f 4814 4815 4818
f 4816 4815 4814
f 4817 4816 4814
f 4819 4821 4820
f 4818 4819 4820
f 5205 5204 5203
f 5206 5205 5203
f 5192 5194 5191
f 5194 5193 5191
f 5161 5160 5159
f 5162 5161 5159
f 5173 5172 5171
f 5174 5173 5171
f 5270 5269 5268
f 5271 5269 5270
f 5266 5265 5264
f 5267 5265 5266
f 5258 5257 5256
f 5259 5257 5258
f 5262 5261 5260
f 5263 5261 5262
f 5424 5430 5425
f 5428 5430 5424
f 5428 5424 5427
f 5427 5424 5426
f 5478 5477 5476
f 5478 5479 5477
f 5480 5479 5478
f 5479 5480 5483
f 5483 5480 5482
f 5482 5480 5481
f 5461 5456 5460
f 5486 5485 5484
f 5487 5485 5486
f 5432 5437 5436
f 5460 5456 5457
f 5457 5456 5454
f 5463 5461 5462
f 5454 5456 5455
f 5463 5456 5461
f 5424 5421 5423
f 5424 5425 5421
f 5467 5465 5466
f 5442 5435 5434
f 5466 5465 5464
f 5435 5433 5434
f 5434 5433 5432
f 5440 5432 5433
f 5440 5438 5432
f 5432 5438 5437
f 5523 5521 5522
f 5522 5521 5520
f 5529 5527 5528
f 5528 5527 5526
f 5524 5521 5523
f 5525 5521 5524
f 5518 5517 5516
f 5519 5517 5518
f 5512 5511 5510
f 5513 5511 5512
f 5514 5511 5513
f 5515 5511 5514
f 5502 5501 5500
f 5503 5501 5502
f 5498 5497 5496
f 5499 5497 5498
f 5539 5537 5538
f 5538 5537 5536
f 5543 5541 5542
f 5542 5541 5540
f 5331 5329 5330
f 5330 5329 5328
f 5335 5333 5334
f 5334 5333 5332
f 5343 5341 5342
f 5342 5341 5340
f 5347 5345 5346
f 5346 5345 5344
f 5442 5444 5435
f 5367 5366 5364
f 5350 5349 5348
f 5352 5350 5351
f 5352 5349 5350
f 5364 5366 5365
f 5353 5349 5352
f 5532 5531 5530
f 5533 5531 5532
f 5534 5531 5533
f 5535 5531 5534
f 5460 5457 5459
f 5425 5430 5431
f 5459 5457 5458
f 5431 5430 5429
f 5491 5489 5490
f 5490 5489 5488
f 5495 5493 5494
f 5494 5493 5492
f 5509 5505 5508
f 5508 5505 5507
f 5507 5505 5506
f 5506 5505 5504
f 5370 5369 5368
f 5371 5369 5370
f 5375 5373 5374
f 5374 5373 5372
f 5379 5377 5378
f 5378 5377 5376
f 5441 5440 5439
f 5438 5440 5441
f 5356 5357 5355
f 5356 5358 5357
f 5359 5358 5356
f 5447 5446 5445
f 5356 5355 5354
f 5364 5365 5363
f 5364 5363 5362
f 5448 5446 5447
f 5359 5360 5358
f 5361 5360 5359
f 5448 5451 5446
f 5444 5451 5448
f 5338 5337 5336
f 5339 5337 5338
f 5450 5451 5444
f 5450 5444 5442
f 5451 5450 5449
f 5411 5410 5409
f 5382 5384 5383
f 5382 5383 5381
f 5382 5381 5380
f 5415 5413 5414
f 5414 5413 5412
f 5419 5417 5418
f 5418 5417 5416
f 5406 5405 5404
f 5406 5407 5405
f 5406 5408 5407
f 5409 5408 5406
f 5409 5410 5408
f 5305 5301 5304
f 5303 5301 5302
f 5304 5301 5303
f 5298 5297 5296
f 5315 5313 5314
f 5314 5313 5312
f 5299 5297 5298
f 5292 5293 5291
f 5292 5294 5293
f 5292 5295 5294
f 5278 5277 5276
f 5279 5277 5278
f 5274 5273 5272
f 5292 5291 5290
f 5288 5287 5286
f 5289 5287 5288
f 5275 5273 5274
f 5318 5317 5316
f 5319 5317 5318
f 5302 5301 5300
f 5450 5442 5443
f 5402 5401 5400
f 5403 5401 5402
f 5398 5397 5396
f 5399 5397 5398
f 5388 5387 5386
f 5389 5387 5388
f 5385 5384 5382
f 5437 5443 5436
f 5436 5443 5442
f 5395 5391 5394
f 5392 5391 5390
f 5394 5391 5392
f 5394 5392 5393
f 5308 5307 5306
f 5311 5307 5310
f 5309 5307 5308
f 5323 5321 5322
f 5322 5321 5320
f 5327 5325 5326
f 5326 5325 5324
f 5282 5281 5280
f 5283 5281 5282
f 5284 5281 5283
f 5284 5285 5281
f 5310 5307 5309
f 5454 5455 5453
f 5454 5453 5452
f 5422 5421 5420
f 5423 5421 5422
f 5470 5469 5468
f 5470 5471 5469
f 5472 5471 5470
f 5474 5472 5473
f 5475 5472 5474
f 5472 5475 5471
f 5554 5550 5553
f 5602 5601 5600
f 5603 5601 5602
f 5570 5578 5571
f 5570 5571 5565
f 5570 5565 5566
f 5570 5566 5569
f 5598 5597 5596
f 5599 5597 5598
f 5570 5576 5578
f 5574 5576 5570
f 5574 5570 5573
f 5590 5589 5588
f 5591 5589 5590
f 5586 5585 5584
f 5587 5585 5586
f 5553 5550 5552
f 5552 5550 5551
f 5562 5561 5560
f 5563 5561 5562
f 5574 5573 5572
f 5554 5549 5550
f 5550 5549 5548
f 5576 5574 5575
f 5554 5547 5549
f 5571 5578 5579
f 5579 5578 5577
f 5554 5545 5547
f 5547 5545 5546
f 5546 5545 5544
f 5554 5555 5545
f 5566 5565 5564
f 5555 5558 5559
f 5558 5555 5554
f 5568 5566 5567
f 5569 5566 5568
f 5607 5605 5606
f 5606 5605 5604
f 5558 5557 5556
f 5558 5554 5557
f 5582 5581 5580
f 5583 5581 5582
f 5594 5593 5592
f 5595 5593 5594
f 5740 5739 5738
f 5756 5740 5738
f 5727 5728 5729
f 5728 5727 5726
f 5726 5762 5728
f 5753 5751 5752
f 5752 5751 5750
f 5750 5758 5752
f 5759 5758 5750
f 5726 5763 5762
f 5732 5731 5730
f 5733 5731 5732
f 5756 5757 5740
f 5634 5633 5632
f 5635 5633 5634
f 5635 5636 5633
f 5637 5636 5635
f 5632 5639 5634
f 5634 5639 5638
f 5626 5625 5624
f 5626 5627 5625
f 5627 5626 5631
f 5642 5641 5640
f 5643 5641 5642
f 5741 5739 5740
f 5741 5744 5739
f 5739 5744 5743
f 5739 5743 5736
f 5724 5723 5722
f 5725 5723 5724
f 5788 5781 5787
f 5787 5781 5783
f 5787 5783 5786
f 5786 5783 5785
f 5785 5783 5784
f 5784 5783 5782
f 5796 5781 5801
f 5781 5796 5795
f 5781 5795 5780
f 5676 5674 5675
f 5675 5674 5673
f 5674 5671 5673
f 5780 5795 5794
f 5794 5795 5793
f 5794 5793 5792
f 5778 5777 5776
f 5673 5671 5672
f 6054 6053 6052
f 6019 6017 6018
f 6018 6017 6016
f 6018 6016 6021
f 6021 6016 6020
f 6021 6020 6023
f 6023 6020 6022
f 5775 5774 5773
f 5773 5800 5775
f 5775 5800 5791
f 5791 5800 5799
f 5791 5799 5798
f 5791 5798 5797
f 5791 5797 5790
f 5791 5790 5789
f 5801 5800 5773
f 5801 5788 5800
f 5801 5781 5788
f 5699 5698 5697
f 5667 5666 5665
f 5668 5666 5667
f 5669 5668 5667
f 5708 5707 5706
f 5706 5707 5704
f 5706 5704 5705
f 5705 5704 5703
f 6004 6002 6007
f 6013 6012 6015
f 6015 6012 6014
f 6015 6014 6039
f 6039 6014 6038
f 6039 6038 6079
f 6079 6038 6078
f 6005 6003 6004
f 6004 6003 6002
f 5672 5671 5670
f 5680 5678 5679
f 5679 5678 5677
f 5778 5779 5777
f 5778 5780 5779
f 5781 5780 5778
f 6036 6035 6034
f 6037 6035 6036
f 6026 6025 6024
f 6027 6025 6026
f 5830 5829 5828
f 5831 5829 5830
f 5696 5694 5695
f 5695 5694 5693
f 5702 5698 5701
f 5701 5698 5700
f 5700 5698 5699
f 6007 6002 6006
f 5686 5684 5685
f 5687 5686 5685
f 5688 5686 5687
f 5689 5688 5687
f 5690 5688 5689
f 5691 5690 5689
f 5692 5690 5691
f 5741 5745 5744
f 5726 5764 5763
f 6033 6028 6032
f 6030 6028 6033
f 6030 6029 6028
f 6031 6029 6030
f 6009 6008 6011
f 6011 6008 6010
f 6011 6010 6013
f 5647 5645 5646
f 5646 5645 5644
f 5651 5649 5650
f 5650 5649 5648
f 5664 5662 5663
f 6000 5999 5998
f 6001 5999 6000
f 5996 5995 5994
f 5997 5995 5996
f 5992 5991 5990
f 5993 5991 5992
f 5663 5662 5661
f 5662 5660 5661
f 5661 5660 5659
f 5660 5658 5659
f 5659 5658 5657
f 6013 6010 6012
f 6055 6053 6054
f 6055 6049 6053
f 6058 6049 6055
f 6049 6058 6045
f 6049 6045 6048
f 6048 6045 6047
f 6047 6045 6046
f 6046 6045 6044
f 6044 6045 6043
f 6044 6043 6042
f 6042 6043 6041
f 6042 6041 6040
f 6051 6057 6056
f 6051 6050 6057
f 6051 6045 6050
f 6058 6050 6045
f 5685 5684 5683
f 5684 5682 5683
f 5683 5682 5681
f 6009 6006 6008
f 5944 5947 5946
f 5949 5946 5947
f 5946 5949 5948
f 5951 5948 5949
f 5623 5626 5621
f 5629 5626 5623
f 5631 5626 5629
f 5631 5629 5630
f 5630 5629 5628
f 5948 5951 5950
f 6007 6006 6009
f 6082 6081 6080
f 6083 6081 6082
f 5906 5905 5904
f 5907 5905 5906
f 5908 5907 5906
f 5909 5907 5908
f 5910 5909 5908
f 5911 5909 5910
f 5918 5917 5916
f 5919 5917 5918
f 5867 5865 5866
f 5868 5867 5866
f 5869 5867 5868
f 5852 5851 5850
f 5854 5857 5856
f 5857 5854 5855
f 5866 5865 5864
f 5865 5863 5864
f 5864 5863 5862
f 5897 5892 5893
f 5892 5897 5896
f 5899 5896 5897
f 5896 5899 5898
f 5850 5855 5854
f 5894 5893 5892
f 5855 5850 5851
f 5846 5845 5844
f 5847 5845 5846
f 5848 5845 5847
f 5920 5919 5918
f 5921 5919 5920
f 5922 5921 5920
f 5933 5928 5929
f 5928 5933 5932
f 5935 5932 5933
f 5888 5887 5886
f 5889 5887 5888
f 5890 5887 5889
f 5932 5935 5934
f 5930 5929 5928
f 5833 5843 5832
f 5836 5835 5834
f 5851 5852 5853
f 5837 5835 5836
f 5832 5843 5842
f 5834 5833 5832
f 5835 5833 5834
f 5876 5875 5874
f 5877 5875 5876
f 5878 5877 5876
f 5879 5877 5878
f 5874 5885 5884
f 5947 5944 5945
f 5893 5894 5895
f 5875 5885 5874
f 5923 5921 5922
f 5929 5930 5931
f 5653 5656 5655
f 5656 5653 5654
f 5714 5713 5712
f 5715 5713 5714
f 5715 5721 5713
f 5720 5721 5715
f 5654 5653 5652
f 5954 5953 5952
f 5957 5956 5955
f 5965 5963 5964
f 5964 5963 5962
f 5972 5970 5971
f 5972 5973 5970
f 5972 5974 5973
f 5975 5974 5972
f 5971 5970 5969
f 5975 5976 5974
f 5967 5976 5975
f 5967 5977 5976
f 5968 5977 5967
f 5968 5967 5966
f 5940 5945 5944
f 5924 5923 5922
f 5913 5911 5912
f 5912 5911 5910
f 5898 5901 5900
f 5901 5898 5899
f 5870 5869 5868
f 5871 5869 5870
f 5856 5859 5858
f 5859 5856 5857
f 5849 5845 5848
f 5891 5887 5890
f 5937 5934 5935
f 5934 5937 5936
f 5839 5837 5838
f 5838 5837 5836
f 5881 5879 5880
f 5880 5879 5878
f 5945 5940 5941
f 5925 5923 5924
f 5708 5709 5707
f 5721 5720 5718
f 5718 5720 5719
f 5917 5927 5916
f 5931 5938 5939
f 5938 5931 5930
f 5961 5959 5960
f 5960 5959 5958
f 5772 5771 5770
f 5895 5902 5903
f 5885 5883 5884
f 5843 5841 5842
f 5902 5895 5894
f 5853 5860 5861
f 5860 5853 5852
f 5884 5883 5882
f 5943 5950 5951
f 5842 5841 5840
f 5916 5927 5926
f 5862 5873 5872
f 5863 5873 5862
f 5905 5915 5904
f 5904 5915 5914
f 5950 5943 5942
f 5988 5980 5987
f 5989 5980 5988
f 5988 5987 5986
f 5983 5982 5981
f 5983 5984 5982
f 5985 5984 5983
f 5986 5987 5984
f 5989 5979 5980
f 5986 5984 5985
f 5980 5979 5978
f 5736 5743 5737
f 5737 5743 5742
f 5718 5719 5717
f 5711 5709 5710
f 5710 5709 5708
f 5718 5717 5716
f 5927 5925 5926
f 5936 5939 5938
f 5939 5936 5937
f 5926 5925 5924
f 5942 5941 5940
f 5903 5900 5901
f 5900 5903 5902
f 5941 5942 5943
f 5840 5839 5838
f 5858 5861 5860
f 5861 5858 5859
f 5841 5839 5840
f 5883 5881 5882
f 5882 5881 5880
f 5872 5871 5870
f 5873 5871 5872
f 5915 5913 5914
f 5914 5913 5912
f 5826 5827 5772
f 5612 5615 5613
f 5826 5772 5770
f 5610 5609 5608
f 5611 5609 5610
f 5826 5821 5825
f 5825 5821 5824
f 5817 5816 5815
f 5814 5827 5826
f 5613 5615 5614
f 5826 5770 5821
f 5807 5827 5814
f 5827 5807 5819
f 5804 5803 5802
f 5819 5807 5818
f 5818 5807 5806
f 5806 5807 5803
f 5805 5803 5804
f 5806 5803 5805
f 5807 5814 5813
f 5824 5821 5823
f 5823 5821 5822
f 6061 6060 6059
f 6062 6060 6061
f 6062 6063 6060
f 6064 6063 6062
f 6064 6065 6063
f 6064 6066 6065
f 6064 6067 6066
f 6064 6068 6067
f 6064 6069 6068
f 6068 6069 6077
f 6068 6077 6076
f 6076 6077 6075
f 6076 6075 6074
f 6072 6071 6070
f 6073 6071 6072
f 6071 6073 6064
f 6069 6064 6073
f 5822 5821 5820
f 5818 5816 5817
f 5818 5806 5816
f 5810 5809 5808
f 5765 5764 5726
f 5736 5737 5735
f 5736 5735 5734
f 5735 5760 5734
f 5760 5735 5761
f 5810 5811 5809
f 5810 5812 5811
f 5810 5813 5812
f 5807 5813 5810
f 5622 5621 5620
f 5623 5621 5622
f 5618 5617 5616
f 5619 5617 5618
f 5768 5767 5766
f 5769 5767 5768
f 5748 5747 5746
f 5747 5748 5749
f 5613 5608 5612
f 5610 5608 5613
f 5755 5754 5747
f 5747 5754 5746
f 6155 6164 6154
f 6155 6154 6153
f 6156 6155 6153
f 6164 6155 6170
f 6156 6166 6165
f 6155 6156 6165
f 6155 6165 6170
f 6170 6165 6176
f 6165 6166 6171
f 6165 6171 6176
f 6164 6163 6154
f 6180 6179 6177
f 6180 6177 6188
f 6166 6172 6171
f 6143 6152 6142
f 6143 6142 6140
f 6274 6273 6272
f 6275 6274 6272
f 6279 6278 6276
f 6268 6267 6266
f 6271 6270 6269
f 6278 6277 6276
f 6206 6135 6207
f 6135 6139 6207
f 6207 6139 6202
f 6211 6210 6208
f 6152 6150 6142
f 6142 6141 6140
f 6112 6098 6114
f 6113 6112 6114
f 6098 6115 6114
f 6119 6113 6114
f 6166 6167 6172
f 6156 6158 6166
f 6158 6167 6166
f 6156 6153 6157
f 6158 6156 6157
f 6162 6164 6169
f 6170 6176 6175
f 6169 6170 6175
f 6164 6170 6169
f 6164 6162 6163
f 6177 6187 6188
f 6179 6178 6177
f 6179 6182 6178
f 6152 6148 6150
f 6145 6140 6144
f 6140 6141 6144
f 6167 6173 6172
f 6162 6161 6163
f 6188 6187 6185
f 6186 6188 6185
f 6109 6101 6112
f 6113 6109 6112
f 6098 6112 6101
f 6200 6192 6199
f 6192 6191 6189
f 6192 6189 6199
f 6109 6108 6101
f 6108 6100 6101
f 6101 6100 6098
f 6099 6100 6135
f 6100 6139 6135
f 6139 6100 6138
f 6100 6108 6138
f 6100 6099 6098
f 6139 6138 6202
f 6206 6205 6135
f 6217 6208 6216
f 6208 6212 6216
f 6210 6214 6209
f 6212 6208 6209
f 6210 6209 6208
f 6202 6138 6137
f 6203 6202 6137
f 6148 6151 6150
f 6116 6115 6104
f 6119 6118 6113
f 6115 6098 6104
f 6111 6107 6113
f 6118 6111 6113
f 6107 6109 6113
f 6237 6239 6236
f 6221 6223 6220
f 6237 6236 6234
f 6223 6222 6220
f 6223 6225 6222
f 6231 6233 6230
f 6231 6230 6228
f 6229 6231 6228
f 6229 6228 6226
f 6214 6213 6209
f 6191 6194 6190
f 6182 6181 6178
f 6191 6190 6189
f 6200 6199 6197
f 6198 6200 6197
f 6106 6108 6109
f 6107 6106 6109
f 6098 6099 6104
f 6233 6232 6230
f 6228 6227 6226
f 6189 6201 6199
f 6190 6201 6189
f 6103 6099 6134
f 6099 6135 6134
f 6099 6103 6104
f 6108 6106 6138
f 6233 6226 6232
f 6226 6227 6232
f 6106 6137 6138
f 6205 6134 6135
f 6233 6251 6226
f 6225 6250 6218
f 6218 6219 6225
f 6219 6224 6225
f 6225 6224 6222
f 6236 6235 6234
f 6241 6250 6234
f 6234 6235 6241
f 6086 6085 6084
f 6087 6086 6084
f 6094 6093 6092
f 6126 6125 6124
f 6127 6126 6124
f 6130 6129 6128
f 6235 6240 6241
f 6097 6096 6095
f 6133 6132 6131
f 6239 6238 6236
f 6193 6201 6190
f 6194 6193 6190
f 6199 6201 6197
f 6123 6122 6120
f 6122 6121 6120
f 6091 6090 6088
f 6090 6089 6088
f 6195 6201 6193
f 6197 6201 6195
f 6249 6251 6242
f 6194 6196 6193
f 6196 6195 6193
f 6198 6197 6195
f 6220 6219 6218
f 6221 6220 6218
f 6239 6241 6238
f 6241 6240 6238
f 6244 6243 6242
f 6245 6244 6242
f 6242 6243 6248
f 6249 6242 6248
f 6249 6248 6246
f 6247 6249 6246
f 6103 6134 6136
f 6136 6137 6102
f 6137 6106 6102
f 6205 6204 6134
f 6204 6136 6134
f 6203 6137 6136
f 6260 6259 6258
f 6261 6260 6258
f 6265 6264 6262
f 6264 6263 6262
f 6257 6256 6255
f 6107 6105 6106
f 6105 6102 6106
f 6102 6103 6136
f 6104 6103 6102
f 6247 6246 6244
f 6245 6247 6244
f 6254 6253 6252
f 6196 6198 6195
f 6215 6217 6216
f 6215 6213 6214
f 6213 6215 6216
f 6105 6104 6102
f 6105 6110 6104
f 6110 6117 6104
f 6117 6116 6104
f 6111 6110 6107
f 6110 6105 6107
f 6186 6185 6183
f 6183 6181 6182
f 6117 6110 6111
f 6118 6117 6111
f 6145 6144 6146
f 6146 6149 6148
f 6204 6203 6136
f 6184 6186 6183
f 6184 6183 6182
f 6160 6159 6161
f 6147 6146 6148
f 6147 6145 6146
f 6162 6160 6161
f 6167 6168 6173
f 6168 6174 6173
f 6158 6157 6159
f 6169 6175 6174
f 6158 6160 6167
f 6160 6168 6167
f 6160 6158 6159
f 6168 6169 6174
f 6160 6162 6168
f 6162 6169 6168
f 6351 6360 6350
f 6351 6350 6349
f 6352 6351 6349
f 6360 6351 6366
f 6352 6362 6361
f 6351 6352 6361
f 6351 6361 6366
f 6366 6361 6372
f 6361 6362 6367
f 6361 6367 6372
f 6360 6359 6350
f 6376 6375 6373
f 6376 6373 6384
f 6362 6368 6367
f 6339 6348 6338
f 6339 6338 6336
f 6470 6469 6468
f 6471 6470 6468
f 6475 6474 6472
f 6464 6463 6462
f 6467 6466 6465
f 6474 6473 6472
f 6402 6331 6403
f 6331 6335 6403
f 6403 6335 6398
f 6407 6406 6404
f 6348 6346 6338
f 6338 6337 6336
f 6308 6294 6310
f 6309 6308 6310
f 6294 6311 6310
f 6315 6309 6310
f 6362 6363 6368
f 6352 6354 6362
f 6354 6363 6362
f 6352 6349 6353
f 6354 6352 6353
f 6358 6360 6365
f 6366 6372 6371
f 6365 6366 6371
f 6360 6366 6365
f 6360 6358 6359
f 6373 6383 6384
f 6375 6374 6373
f 6375 6378 6374
f 6348 6344 6346
f 6341 6336 6340
f 6336 6337 6340
f 6363 6369 6368
f 6358 6357 6359
f 6384 6383 6381
f 6382 6384 6381
f 6305 6297 6308
f 6309 6305 6308
f 6294 6308 6297
f 6396 6388 6395
f 6388 6387 6385
f 6388 6385 6395
f 6305 6304 6297
f 6304 6296 6297
f 6297 6296 6294
f 6295 6296 6331
f 6296 6335 6331
f 6335 6296 6334
f 6296 6304 6334
f 6296 6295 6294
f 6335 6334 6398
f 6402 6401 6331
f 6413 6404 6412
f 6404 6408 6412
f 6406 6410 6405
f 6408 6404 6405
f 6406 6405 6404
f 6398 6334 6333
f 6399 6398 6333
f 6344 6347 6346
f 6312 6311 6300
f 6315 6314 6309
f 6311 6294 6300
f 6307 6303 6309
f 6314 6307 6309
f 6303 6305 6309
f 6433 6435 6432
f 6417 6419 6416
f 6433 6432 6430
f 6419 6418 6416
f 6419 6421 6418
f 6427 6429 6426
f 6427 6426 6424
f 6425 6427 6424
f 6425 6424 6422
f 6410 6409 6405
f 6387 6390 6386
f 6378 6377 6374
f 6387 6386 6385
f 6396 6395 6393
f 6394 6396 6393
f 6302 6304 6305
f 6303 6302 6305
f 6294 6295 6300
f 6429 6428 6426
f 6424 6423 6422
f 6385 6397 6395
f 6386 6397 6385
f 6299 6295 6330
f 6295 6331 6330
f 6295 6299 6300
f 6304 6302 6334
f 6429 6422 6428
f 6422 6423 6428
f 6302 6333 6334
f 6401 6330 6331
f 6429 6447 6422
f 6421 6446 6414
f 6414 6415 6421
f 6415 6420 6421
f 6421 6420 6418
f 6432 6431 6430
f 6437 6446 6430
f 6430 6431 6437
f 6282 6281 6280
f 6283 6282 6280
f 6290 6289 6288
f 6322 6321 6320
f 6323 6322 6320
f 6326 6325 6324
f 6431 6436 6437
f 6293 6292 6291
f 6329 6328 6327
f 6435 6434 6432
f 6389 6397 6386
f 6390 6389 6386
f 6395 6397 6393
f 6319 6318 6316
f 6318 6317 6316
f 6287 6286 6284
f 6286 6285 6284
f 6391 6397 6389
f 6393 6397 6391
f 6445 6447 6438
f 6390 6392 6389
f 6392 6391 6389
f 6394 6393 6391
f 6416 6415 6414
f 6417 6416 6414
f 6435 6437 6434
f 6437 6436 6434
f 6440 6439 6438
f 6441 6440 6438
f 6438 6439 6444
f 6445 6438 6444
f 6445 6444 6442
f 6443 6445 6442
f 6299 6330 6332
f 6332 6333 6298
f 6333 6302 6298
f 6401 6400 6330
f 6400 6332 6330
f 6399 6333 6332
f 6456 6455 6454
f 6457 6456 6454
f 6461 6460 6458
f 6460 6459 6458
f 6453 6452 6451
f 6303 6301 6302
f 6301 6298 6302
f 6298 6299 6332
f 6300 6299 6298
f 6443 6442 6440
f 6441 6443 6440
f 6450 6449 6448
f 6392 6394 6391
f 6411 6413 6412
f 6411 6409 6410
f 6409 6411 6412
f 6301 6300 6298
f 6301 6306 6300
f 6306 6313 6300
f 6313 6312 6300
f 6307 6306 6303
f 6306 6301 6303
f 6382 6381 6379
f 6379 6377 6378
f 6313 6306 6307
f 6314 6313 6307
f 6341 6340 6342
f 6342 6345 6344
f 6400 6399 6332
f 6380 6382 6379
f 6380 6379 6378
f 6356 6355 6357
f 6343 6342 6344
f 6343 6341 6342
f 6358 6356 6357
f 6363 6364 6369
f 6364 6370 6369
f 6354 6353 6355
f 6365 6371 6370
f 6354 6356 6363
f 6356 6364 6363
f 6356 6354 6355
f 6364 6365 6370
f 6356 6358 6364
f 6358 6365 6364
f 6547 6556 6546
f 6547 6546 6545
f 6548 6547 6545
f 6556 6547 6562
f 6548 6558 6557
f 6547 6548 6557
f 6547 6557 6562
f 6562 6557 6568
f 6557 6558 6563
f 6557 6563 6568
f 6556 6555 6546
f 6572 6571 6569
f 6572 6569 6580
f 6558 6564 6563
f 6535 6544 6534
f 6535 6534 6532
f 6666 6665 6664
f 6667 6666 6664
f 6671 6670 6668
f 6660 6659 6658
f 6663 6662 6661
f 6670 6669 6668
f 6598 6527 6599
f 6527 6531 6599
f 6599 6531 6594
f 6603 6602 6600
f 6544 6542 6534
f 6534 6533 6532
f 6504 6490 6506
f 6505 6504 6506
f 6490 6507 6506
f 6511 6505 6506
f 6558 6559 6564
f 6548 6550 6558
f 6550 6559 6558
f 6548 6545 6549
f 6550 6548 6549
f 6554 6556 6561
f 6562 6568 6567
f 6561 6562 6567
f 6556 6562 6561
f 6556 6554 6555
f 6569 6579 6580
f 6571 6570 6569
f 6571 6574 6570
f 6544 6540 6542
f 6537 6532 6536
f 6532 6533 6536
f 6559 6565 6564
f 6554 6553 6555
f 6580 6579 6577
f 6578 6580 6577
f 6501 6493 6504
f 6505 6501 6504
f 6490 6504 6493
f 6592 6584 6591
f 6584 6583 6581
f 6584 6581 6591
f 6501 6500 6493
f 6500 6492 6493
f 6493 6492 6490
f 6491 6492 6527
f 6492 6531 6527
f 6531 6492 6530
f 6492 6500 6530
f 6492 6491 6490
f 6531 6530 6594
f 6598 6597 6527
f 6609 6600 6608
f 6600 6604 6608
f 6602 6606 6601
f 6604 6600 6601
f 6602 6601 6600
f 6594 6530 6529
f 6595 6594 6529
f 6540 6543 6542
f 6508 6507 6496
f 6511 6510 6505
f 6507 6490 6496
f 6503 6499 6505
f 6510 6503 6505
f 6499 6501 6505
f 6629 6631 6628
f 6613 6615 6612
f 6629 6628 6626
f 6615 6614 6612
f 6615 6617 6614
f 6623 6625 6622
f 6623 6622 6620
f 6621 6623 6620
f 6621 6620 6618
f 6606 6605 6601
f 6583 6586 6582
f 6574 6573 6570
f 6583 6582 6581
f 6592 6591 6589
f 6590 6592 6589
f 6498 6500 6501
f 6499 6498 6501
f 6490 6491 6496
f 6625 6624 6622
f 6620 6619 6618
f 6581 6593 6591
f 6582 6593 6581
f 6495 6491 6526
f 6491 6527 6526
f 6491 6495 6496
f 6500 6498 6530
f 6625 6618 6624
f 6618 6619 6624
f 6498 6529 6530
f 6597 6526 6527
f 6625 6643 6618
f 6617 6642 6610
f 6610 6611 6617
f 6611 6616 6617
f 6617 6616 6614
f 6628 6627 6626
f 6633 6642 6626
f 6626 6627 6633
f 6478 6477 6476
f 6479 6478 6476
f 6486 6485 6484
f 6518 6517 6516
f 6519 6518 6516
f 6522 6521 6520
f 6627 6632 6633
f 6489 6488 6487
f 6525 6524 6523
f 6631 6630 6628
f 6585 6593 6582
f 6586 6585 6582
f 6591 6593 6589
f 6515 6514 6512
f 6514 6513 6512
f 6483 6482 6480
f 6482 6481 6480
f 6587 6593 6585
f 6589 6593 6587
f 6641 6643 6634
f 6586 6588 6585
f 6588 6587 6585
f 6590 6589 6587
f 6612 6611 6610
f 6613 6612 6610
f 6631 6633 6630
f 6633 6632 6630
f 6636 6635 6634
f 6637 6636 6634
f 6634 6635 6640
f 6641 6634 6640
f 6641 6640 6638
f 6639 6641 6638
f 6495 6526 6528
f 6528 6529 6494
f 6529 6498 6494
f 6597 6596 6526
f 6596 6528 6526
f 6595 6529 6528
f 6652 6651 6650
f 6653 6652 6650
f 6657 6656 6654
f 6656 6655 6654
f 6649 6648 6647
f 6499 6497 6498
f 6497 6494 6498
f 6494 6495 6528
f 6496 6495 6494
f 6639 6638 6636
f 6637 6639 6636
f 6646 6645 6644
f 6588 6590 6587
f 6607 6609 6608
f 6607 6605 6606
f 6605 6607 6608
f 6497 6496 6494
f 6497 6502 6496
f 6502 6509 6496
f 6509 6508 6496
f 6503 6502 6499
f 6502 6497 6499
f 6578 6577 6575
f 6575 6573 6574
f 6509 6502 6503
f 6510 6509 6503
f 6537 6536 6538
f 6538 6541 6540
f 6596 6595 6528
f 6576 6578 6575
f 6576 6575 6574
f 6552 6551 6553
f 6539 6538 6540
f 6539 6537 6538
f 6554 6552 6553
f 6559 6560 6565
f 6560 6566 6565
f 6550 6549 6551
f 6561 6567 6566
f 6550 6552 6559
f 6552 6560 6559
f 6552 6550 6551
f 6560 6561 6566
f 6552 6554 6560
f 6554 6561 6560
f 6743 6752 6742
f 6743 6742 6741
f 6744 6743 6741
f 6752 6743 6758
f 6744 6754 6753
f 6743 6744 6753
f 6743 6753 6758
f 6758 6753 6764
f 6753 6754 6759
f 6753 6759 6764
f 6752 6751 6742
f 6768 6767 6765
f 6768 6765 6776
f 6754 6760 6759
f 6731 6740 6730
f 6731 6730 6728
f 6862 6861 6860
f 6863 6862 6860
f 6867 6866 6864
f 6856 6855 6854
f 6859 6858 6857
f 6866 6865 6864
f 6794 6723 6795
f 6723 6727 6795
f 6795 6727 6790
f 6799 6798 6796
f 6740 6738 6730
f 6730 6729 6728
f 6700 6686 6702
f 6701 6700 6702
f 6686 6703 6702
f 6707 6701 6702
f 6754 6755 6760
f 6744 6746 6754
f 6746 6755 6754
f 6744 6741 6745
f 6746 6744 6745
f 6750 6752 6757
f 6758 6764 6763
f 6757 6758 6763
f 6752 6758 6757
f 6752 6750 6751
f 6765 6775 6776
f 6767 6766 6765
f 6767 6770 6766
f 6740 6736 6738
f 6733 6728 6732
f 6728 6729 6732
f 6755 6761 6760
f 6750 6749 6751
f 6776 6775 6773
f 6774 6776 6773
f 6697 6689 6700
f 6701 6697 6700
f 6686 6700 6689
f 6788 6780 6787
f 6780 6779 6777
f 6780 6777 6787
f 6697 6696 6689
f 6696 6688 6689
f 6689 6688 6686
f 6687 6688 6723
f 6688 6727 6723
f 6727 6688 6726
f 6688 6696 6726
f 6688 6687 6686
f 6727 6726 6790
f 6794 6793 6723
f 6805 6796 6804
f 6796 6800 6804
f 6798 6802 6797
f 6800 6796 6797
f 6798 6797 6796
f 6790 6726 6725
f 6791 6790 6725
f 6736 6739 6738
f 6704 6703 6692
f 6707 6706 6701
f 6703 6686 6692
f 6699 6695 6701
f 6706 6699 6701
f 6695 6697 6701
f 6825 6827 6824
f 6809 6811 6808
f 6825 6824 6822
f 6811 6810 6808
f 6811 6813 6810
f 6819 6821 6818
f 6819 6818 6816
f 6817 6819 6816
f 6817 6816 6814
f 6802 6801 6797
f 6779 6782 6778
f 6770 6769 6766
f 6779 6778 6777
f 6788 6787 6785
f 6786 6788 6785
f 6694 6696 6697
f 6695 6694 6697
f 6686 6687 6692
f 6821 6820 6818
f 6816 6815 6814
f 6777 6789 6787
f 6778 6789 6777
f 6691 6687 6722
f 6687 6723 6722
f 6687 6691 6692
f 6696 6694 6726
f 6821 6814 6820
f 6814 6815 6820
f 6694 6725 6726
f 6793 6722 6723
f 6821 6839 6814
f 6813 6838 6806
f 6806 6807 6813
f 6807 6812 6813
f 6813 6812 6810
f 6824 6823 6822
f 6829 6838 6822
f 6822 6823 6829
f 6674 6673 6672
f 6675 6674 6672
f 6682 6681 6680
f 6714 6713 6712
f 6715 6714 6712
f 6718 6717 6716
f 6823 6828 6829
f 6685 6684 6683
f 6721 6720 6719
f 6827 6826 6824
f 6781 6789 6778
f 6782 6781 6778
f 6787 6789 6785
f 6711 6710 6708
f 6710 6709 6708
f 6679 6678 6676
f 6678 6677 6676
f 6783 6789 6781
f 6785 6789 6783
f 6837 6839 6830
f 6782 6784 6781
f 6784 6783 6781
f 6786 6785 6783
f 6808 6807 6806
f 6809 6808 6806
f 6827 6829 6826
f 6829 6828 6826
f 6832 6831 6830
f 6833 6832 6830
f 6830 6831 6836
f 6837 6830 6836
f 6837 6836 6834
f 6835 6837 6834
f 6691 6722 6724
f 6724 6725 6690
f 6725 6694 6690
f 6793 6792 6722
f 6792 6724 6722
f 6791 6725 6724
f 6848 6847 6846
f 6849 6848 6846
f 6853 6852 6850
f 6852 6851 6850
f 6845 6844 6843
f 6695 6693 6694
f 6693 6690 6694
f 6690 6691 6724
f 6692 6691 6690
f 6835 6834 6832
f 6833 6835 6832
f 6842 6841 6840
f 6784 6786 6783
f 6803 6805 6804
f 6803 6801 6802
f 6801 6803 6804
f 6693 6692 6690
f 6693 6698 6692
f 6698 6705 6692
f 6705 6704 6692
f 6699 6698 6695
f 6698 6693 6695
f 6774 6773 6771
f 6771 6769 6770
f 6705 6698 6699
f 6706 6705 6699
f 6733 6732 6734
f 6734 6737 6736
f 6792 6791 6724
f 6772 6774 6771
f 6772 6771 6770
f 6748 6747 6749
f 6735 6734 6736
f 6735 6733 6734
f 6750 6748 6749
f 6755 6756 6761
f 6756 6762 6761
f 6746 6745 6747
f 6757 6763 6762
f 6746 6748 6755
f 6748 6756 6755
f 6748 6746 6747
f 6756 6757 6762
f 6748 6750 6756
f 6750 6757 6756
f 6939 6948 6938
f 6939 6938 6937
f 6940 6939 6937
f 6948 6939 6954
f 6940 6950 6949
f 6939 6940 6949
f 6939 6949 6954
f 6954 6949 6960
f 6949 6950 6955
f 6949 6955 6960
f 6948 6947 6938
f 6964 6963 6961
f 6964 6961 6972
f 6950 6956 6955
f 6927 6936 6926
f 6927 6926 6924
f 7058 7057 7056
f 7059 7058 7056
f 7063 7062 7060
f 7052 7051 7050
f 7055 7054 7053
f 7062 7061 7060
f 6990 6919 6991
f 6919 6923 6991
f 6991 6923 6986
f 6995 6994 6992
f 6936 6934 6926
f 6926 6925 6924
f 6896 6882 6898
f 6897 6896 6898
f 6882 6899 6898
f 6903 6897 6898
f 6950 6951 6956
f 6940 6942 6950
f 6942 6951 6950
f 6940 6937 6941
f 6942 6940 6941
f 6946 6948 6953
f 6954 6960 6959
f 6953 6954 6959
f 6948 6954 6953
f 6948 6946 6947
f 6961 6971 6972
f 6963 6962 6961
f 6963 6966 6962
f 6936 6932 6934
f 6929 6924 6928
f 6924 6925 6928
f 6951 6957 6956
f 6946 6945 6947
f 6972 6971 6969
f 6970 6972 6969
f 6893 6885 6896
f 6897 6893 6896
f 6882 6896 6885
f 6984 6976 6983
f 6976 6975 6973
f 6976 6973 6983
f 6893 6892 6885
f 6892 6884 6885
f 6885 6884 6882
f 6883 6884 6919
f 6884 6923 6919
f 6923 6884 6922
f 6884 6892 6922
f 6884 6883 6882
f 6923 6922 6986
f 6990 6989 6919
f 7001 6992 7000
f 6992 6996 7000
f 6994 6998 6993
f 6996 6992 6993
f 6994 6993 6992
f 6986 6922 6921
f 6987 6986 6921
f 6932 6935 6934
f 6900 6899 6888
f 6903 6902 6897
f 6899 6882 6888
f 6895 6891 6897
f 6902 6895 6897
f 6891 6893 6897
f 7021 7023 7020
f 7005 7007 7004
f 7021 7020 7018
f 7007 7006 7004
f 7007 7009 7006
f 7015 7017 7014
f 7015 7014 7012
f 7013 7015 7012
f 7013 7012 7010
f 6998 6997 6993
f 6975 6978 6974
f 6966 6965 6962
f 6975 6974 6973
f 6984 6983 6981
f 6982 6984 6981
f 6890 6892 6893
f 6891 6890 6893
f 6882 6883 6888
f 7017 7016 7014
f 7012 7011 7010
f 6973 6985 6983
f 6974 6985 6973
f 6887 6883 6918
f 6883 6919 6918
f 6883 6887 6888
f 6892 6890 6922
f 7017 7010 7016
f 7010 7011 7016
f 6890 6921 6922
f 6989 6918 6919
f 7017 7035 7010
f 7009 7034 7002
f 7002 7003 7009
f 7003 7008 7009
f 7009 7008 7006
f 7020 7019 7018
f 7025 7034 7018
f 7018 7019 7025
f 6870 6869 6868
f 6871 6870 6868
f 6878 6877 6876
f 6910 6909 6908
f 6911 6910 6908
f 6914 6913 6912
f 7019 7024 7025
f 6881 6880 6879
f 6917 6916 6915
f 7023 7022 7020
f 6977 6985 6974
f 6978 6977 6974
f 6983 6985 6981
f 6907 6906 6904
f 6906 6905 6904
f 6875 6874 6872
f 6874 6873 6872
f 6979 6985 6977
f 6981 6985 6979
f 7033 7035 7026
f 6978 6980 6977
f 6980 6979 6977
f 6982 6981 6979
f 7004 7003 7002
f 7005 7004 7002
f 7023 7025 7022
f 7025 7024 7022
f 7028 7027 7026
f 7029 7028 7026
f 7026 7027 7032
f 7033 7026 7032
f 7033 7032 7030
f 7031 7033 7030
f 6887 6918 6920
f 6920 6921 6886
f 6921 6890 6886
f 6989 6988 6918
f 6988 6920 6918
f 6987 6921 6920
f 7044 7043 7042
f 7045 7044 7042
f 7049 7048 7046
f 7048 7047 7046
f 7041 7040 7039
f 6891 6889 6890
f 6889 6886 6890
f 6886 6887 6920
f 6888 6887 6886
f 7031 7030 7028
f 7029 7031 7028
f 7038 7037 7036
f 6980 6982 6979
f 6999 7001 7000
f 6999 6997 6998
f 6997 6999 7000
f 6889 6888 6886
f 6889 6894 6888
f 6894 6901 6888
f 6901 6900 6888
f 6895 6894 6891
f 6894 6889 6891
f 6970 6969 6967
f 6967 6965 6966
f 6901 6894 6895
f 6902 6901 6895
f 6929 6928 6930
f 6930 6933 6932
f 6988 6987 6920
f 6968 6970 6967
f 6968 6967 6966
f 6944 6943 6945
f 6931 6930 6932
f 6931 6929 6930
f 6946 6944 6945
f 6951 6952 6957
f 6952 6958 6957
f 6942 6941 6943
f 6953 6959 6958
f 6942 6944 6951
f 6944 6952 6951
f 6944 6942 6943
f 6952 6953 6958
f 6944 6946 6952
f 6946 6953 6952
f 7193 7195 7194
f 7193 7192 7195
f 7193 7191 7192
f 7192 7191 7190
f 7196 7195 7192
f 7208 7207 7206
f 7206 7207 7201
f 7275 7274 7273
f 7276 7274 7275
f 7206 7201 7202
f 7276 7277 7274
f 7301 7300 7299
f 7302 7300 7301
f 7202 7201 7200
f 7196 7267 7266
f 7196 7266 7195
f 7298 7297 7296
f 7431 7430 7429
f 7432 7430 7431
f 7434 7430 7432
f 7430 7434 7433
f 7436 7433 7434
f 7433 7436 7435
f 7451 7450 7449
f 7452 7450 7451
f 7453 7452 7451
f 7454 7452 7453
f 7456 7454 7453
f 7456 7453 7455
f 7422 7420 7421
f 7423 7420 7422
f 7424 7420 7423
f 7407 7406 7403
f 7335 7333 7334
f 7334 7333 7332
f 7406 7405 7403
f 7315 7313 7314
f 7314 7313 7312
f 7319 7317 7318
f 7318 7317 7316
f 7323 7321 7322
f 7322 7321 7320
f 7327 7325 7326
f 7326 7325 7324
f 7404 7403 7405
f 7404 7398 7403
f 7404 7400 7398
f 7400 7399 7398
f 7399 7400 7402
f 7402 7400 7401
f 7209 7207 7208
f 7278 7277 7276
f 7279 7277 7278
f 7279 7280 7277
f 7310 7254 7252
f 7294 7293 7292
f 7295 7293 7294
f 7254 7253 7252
f 7254 7255 7253
f 7191 7189 7190
f 7190 7189 7188
f 7201 7207 7205
f 7251 7245 7250
f 7256 7255 7254
f 7247 7248 7246
f 7247 7246 7245
f 7245 7251 7247
f 7235 7234 7233
f 7249 7248 7247
f 7238 7237 7235
f 7235 7237 7236
f 7235 7236 7234
f 7490 7489 7488
f 7491 7489 7490
f 7485 7484 7483
f 7486 7484 7485
f 7448 7446 7447
f 7481 7480 7479
f 7447 7446 7445
f 7482 7480 7481
f 7477 7476 7475
f 7478 7476 7477
f 7464 7462 7463
f 7468 7466 7467
f 7467 7466 7465
f 7474 7472 7473
f 7473 7472 7471
f 7472 7470 7471
f 7471 7470 7469
f 7421 7420 7419
f 7496 7494 7495
f 7496 7493 7494
f 7494 7493 7492
f 7497 7493 7496
f 7501 7499 7500
f 7363 7367 7372
f 7363 7362 7361
f 7363 7364 7362
f 7363 7372 7364
f 7364 7372 7373
f 7373 7372 7371
f 7509 7507 7508
f 7367 7366 7365
f 7367 7363 7366
f 7500 7499 7498
f 7504 7505 7503
f 7504 7503 7502
f 7397 7395 7396
f 7152 7151 7150
f 7120 7121 7119
f 7122 7121 7120
f 7122 7123 7121
f 7124 7123 7122
f 7131 7130 7129
f 7132 7130 7131
f 7132 7133 7130
f 7134 7133 7132
f 7137 7136 7135
f 7396 7395 7394
f 7110 7109 7108
f 7108 7109 7107
f 7108 7107 7106
f 7106 7107 7105
f 7106 7105 7102
f 7102 7105 7104
f 7102 7104 7103
f 7102 7103 7101
f 7102 7101 7100
f 7508 7507 7506
f 7463 7462 7461
f 7138 7136 7137
f 7360 7358 7359
f 7355 7354 7353
f 7356 7354 7355
f 7113 7112 7111
f 7359 7358 7357
f 7345 7344 7343
f 7346 7344 7345
f 7341 7340 7339
f 7342 7340 7341
f 7366 7363 7370
f 7370 7363 7369
f 7117 7116 7115
f 7118 7116 7117
f 7370 7369 7368
f 7114 7112 7113
f 7127 7126 7125
f 7128 7126 7127
f 7377 7375 7376
f 7118 7119 7116
f 7120 7119 7118
f 7153 7151 7152
f 7376 7375 7374
f 7381 7379 7380
f 7380 7379 7378
f 7219 7218 7217
f 7244 7242 7243
f 7243 7242 7241
f 7228 7223 7227
f 7219 7220 7218
f 7310 7311 7254
f 7240 7237 7238
f 7219 7221 7220
f 7221 7219 7222
f 7225 7223 7228
f 7225 7224 7223
f 7232 7230 7231
f 7231 7230 7229
f 7281 7280 7279
f 7225 7226 7224
f 7224 7226 7232
f 7232 7226 7230
f 7156 7155 7154
f 7157 7155 7156
f 7093 7094 7092
f 7093 7092 7091
f 7093 7095 7094
f 7098 7099 7097
f 7098 7097 7096
f 7085 7083 7084
f 7087 7083 7085
f 7083 7087 7086
f 7084 7083 7082
f 7087 7088 7086
f 7091 7092 7089
f 7091 7089 7090
f 7090 7089 7088
f 7090 7088 7087
f 7281 7282 7280
f 7189 7187 7188
f 7188 7187 7186
f 7210 7207 7209
f 7080 7079 7078
f 7081 7079 7080
f 7077 7075 7076
f 7066 7065 7064
f 7066 7067 7065
f 7066 7069 7067
f 7069 7066 7068
f 7070 7069 7068
f 7070 7071 7069
f 7072 7071 7070
f 7072 7073 7071
f 7074 7073 7072
f 7074 7075 7073
f 7076 7075 7074
f 7212 7215 7216
f 7215 7212 7214
f 7214 7212 7213
f 7213 7212 7211
f 7283 7282 7281
f 7263 7260 7262
f 7261 7260 7259
f 7262 7260 7261
f 7283 7284 7282
f 7285 7284 7283
f 7237 7240 7239
f 7270 7269 7268
f 7271 7269 7270
f 7272 7269 7271
f 7144 7140 7143
f 7143 7140 7142
f 7338 7337 7336
f 7336 7411 7338
f 7142 7140 7141
f 7141 7140 7139
f 7414 7413 7412
f 7413 7414 7416
f 7387 7386 7385
f 7349 7348 7347
f 7349 7351 7348
f 7348 7351 7350
f 7352 7351 7349
f 7144 7145 7140
f 7146 7145 7144
f 7146 7147 7145
f 7148 7147 7146
f 7149 7147 7148
f 7440 7438 7439
f 7439 7438 7437
f 7419 7418 7417
f 7419 7420 7418
f 7410 7409 7408
f 7382 7487 7384
f 7459 7458 7457
f 7460 7458 7459
f 7443 7444 7442
f 7443 7442 7441
f 7427 7426 7425
f 7384 7383 7382
f 7393 7392 7391
f 7393 7384 7392
f 7413 7416 7415
f 7426 7427 7428
f 7389 7387 7388
f 7390 7387 7389
f 7383 7387 7390
f 7383 7386 7387
f 7386 7383 7393
f 7393 7383 7384
f 7175 7173 7174
f 7166 7165 7164
f 7165 7183 7164
f 7176 7175 7174
f 7174 7173 7172
f 7164 7183 7182
f 7171 7169 7170
f 7181 7179 7180
f 7167 7165 7166
f 7177 7175 7176
f 7170 7169 7168
f 7180 7179 7178
f 7286 7284 7285
f 7259 7260 7258
f 7259 7258 7257
f 7187 7185 7186
f 7205 7207 7204
f 7205 7204 7203
f 7305 7304 7303
f 7308 7307 7306
f 7290 7289 7288
f 7291 7289 7290
f 7199 7265 7264
f 7186 7185 7184
f 7197 7265 7199
f 7287 7284 7286
f 7309 7307 7308
f 7330 7329 7328
f 7331 7329 7330
f 7428 7438 7440
f 7438 7428 7427
f 7413 7411 7412
f 7412 7411 7336
f 7444 7460 7442
f 7442 7460 7459
f 7198 7197 7185
f 7199 7184 7197
f 7185 7197 7184
f 7163 7161 7162
f 7162 7161 7160
f 7160 7161 7159
f 7160 7159 7158
f 7765 7766 7763
f 7765 7763 7764
f 7764 7763 7762
f 7764 7762 7773
f 7773 7762 7772
f 7770 7771 7769
f 7770 7769 7768
f 7776 7775 7774
f 7776 7779 7775
f 7775 7779 7778
f 7775 7778 7777
f 7767 7766 7765
f 7789 7787 7788
f 7788 7787 7786
f 7794 7776 7774
f 7795 7776 7794
f 7796 7770 7768
f 7787 7792 7786
f 7797 7770 7796
f 7804 7797 7796
f 7795 7803 7802
f 7803 7795 7794
f 7793 7792 7787
f 7793 7800 7792
f 7785 7782 7784
f 7785 7781 7782
f 7782 7781 7780
f 7784 7782 7783
f 7791 7780 7781
f 7791 7781 7790
f 7799 7790 7798
f 7799 7791 7790
f 7801 7800 7793
f 7805 7797 7804
f 7611 7610 7609
f 7611 7612 7610
f 7613 7612 7611
f 7634 7633 7619
f 7619 7633 7618
f 7619 7618 7617
f 7617 7618 7615
f 7617 7615 7616
f 7616 7615 7614
f 7637 7636 7635
f 7638 7636 7637
f 7638 7639 7636
f 7640 7639 7638
f 7640 7641 7639
f 7642 7641 7640
f 7632 7630 7631
f 7631 7630 7629
f 7629 7630 7626
f 7629 7626 7628
f 7628 7626 7627
f 7627 7626 7624
f 7624 7626 7625
f 7624 7625 7623
f 7645 7644 7643
f 7646 7644 7645
f 7624 7623 7622
f 7621 7606 7620
f 7608 7606 7621
f 7608 7607 7606
f 7609 7607 7608
f 7609 7610 7607
f 7811 7802 7803
f 7811 7803 7810
f 7809 7800 7801
f 7813 7805 7804
f 7761 7759 7760
f 7760 7759 7758
f 7756 7757 7755
f 7748 7747 7746
f 7749 7747 7748
f 7744 7743 7742
f 7745 7743 7744
f 7655 7654 7652
f 7652 7654 7653
f 7655 7656 7654
f 7657 7656 7655
f 7652 7653 7651
f 7652 7651 7650
f 7650 7651 7648
f 7650 7648 7649
f 7649 7648 7647
f 7532 7531 7530
f 7533 7531 7532
f 7524 7523 7522
f 7525 7523 7524
f 7520 7519 7518
f 7521 7519 7520
f 7516 7515 7514
f 7517 7515 7516
f 7512 7511 7510
f 7513 7511 7512
f 7805 7813 7812
f 7809 7801 7808
f 7756 7755 7754
f 7807 7799 7798
f 7799 7807 7806
f 7752 7751 7750
f 7753 7751 7752
f 7688 7687 7686
f 7689 7687 7688
f 7676 7675 7674
f 7677 7675 7676
f 7666 7665 7664
f 7667 7665 7666
f 7685 7683 7684
f 7684 7683 7682
f 7683 7681 7682
f 7662 7660 7661
f 7663 7660 7662
f 7663 7659 7660
f 7682 7681 7680
f 7681 7679 7680
f 7680 7679 7678
f 7660 7659 7658
f 7541 7539 7540
f 7670 7669 7668
f 7673 7669 7670
f 7669 7673 7672
f 7669 7672 7671
f 7540 7539 7538
f 7545 7543 7544
f 7536 7535 7534
f 7544 7543 7542
f 7548 7549 7547
f 7548 7547 7546
f 7537 7535 7536
f 7605 7597 7604
f 7599 7591 7598
f 7591 7599 7590
f 7593 7601 7600
f 7597 7596 7589
f 7597 7605 7596
f 7583 7591 7590
f 7582 7591 7583
f 7592 7601 7593
f 7592 7593 7585
f 7594 7603 7595
f 7595 7603 7602
f 7553 7551 7552
f 7552 7551 7550
f 7690 7705 7704
f 7701 7699 7700
f 7702 7701 7700
f 7703 7701 7702
f 7717 7703 7702
f 7528 7527 7526
f 7730 7728 7729
f 7729 7728 7727
f 7724 7722 7723
f 7725 7724 7723
f 7726 7724 7725
f 7700 7699 7698
f 7529 7527 7528
f 7718 7703 7717
f 7721 7720 7719
f 7741 7739 7740
f 7740 7739 7738
f 7738 7739 7735
f 7738 7735 7737
f 7737 7735 7736
f 7736 7735 7733
f 7733 7735 7734
f 7733 7734 7732
f 7733 7732 7731
f 7722 7720 7721
f 7723 7722 7721
f 7697 7695 7696
f 7696 7695 7694
f 7692 7691 7690
f 7691 7705 7690
f 7693 7691 7692
f 7694 7693 7692
f 7695 7693 7694
f 7587 7595 7586
f 7589 7596 7588
f 7595 7587 7594
f 7592 7585 7584
f 7716 7715 7714
f 7714 7715 7713
f 7714 7713 7711
f 7711 7713 7712
f 7711 7712 7710
f 7711 7710 7709
f 7709 7710 7707
f 7709 7707 7708
f 7708 7707 7706
f 7584 7585 7580
f 7589 7588 7561
f 7582 7583 7574
f 7582 7574 7572
f 7562 7561 7560
f 7563 7561 7562
f 7561 7588 7560
f 7574 7573 7572
f 7580 7581 7579
f 7580 7579 7578
f 7574 7577 7573
f 7584 7580 7578
f 7559 7557 7558
f 7558 7557 7556
f 7557 7555 7556
f 7556 7555 7554
f 7555 7565 7554
f 7573 7577 7576
f 7573 7576 7575
f 7554 7565 7564
f 7587 7586 7567
f 7567 7586 7566
f 7568 7567 7566
f 7571 7567 7568
f 7570 7568 7569
f 7571 7568 7570
f 7863 7861 7862
f 7847 7881 7882
f 7849 7847 7882
f 7862 7861 7860
f 7849 7882 7883
f 7861 7859 7860
f 7844 7847 7846
f 7821 7820 7819
f 7821 7822 7820
f 7846 7849 7848
f 7823 7822 7821
f 7847 7849 7846
f 7819 7820 7818
f 7860 7859 7858
f 7837 7831 7836
f 7836 7831 7835
f 7875 7871 7874
f 7874 7871 7873
f 7910 7909 7908
f 7893 7891 7892
f 7893 7894 7891
f 7895 7894 7893
f 7911 7909 7910
f 7912 7909 7911
f 7913 7909 7912
f 7917 7916 7907
f 7907 7916 7905
f 7907 7905 7906
f 7906 7905 7904
f 7825 7824 7823
f 7823 7824 7822
f 7864 7863 7862
f 7859 7857 7858
f 7858 7857 7856
f 7849 7851 7848
f 7848 7851 7850
f 7873 7871 7872
f 7876 7871 7875
f 7845 7880 7881
f 7847 7845 7881
f 7851 7849 7883
f 7851 7883 7884
f 7865 7863 7864
f 7835 7831 7834
f 7817 7818 7815
f 7819 7818 7817
f 7845 7847 7844
f 7842 7845 7844
f 7899 7897 7898
f 7898 7897 7896
f 7892 7891 7890
f 7888 7887 7886
f 7889 7887 7888
f 7843 7845 7842
f 7845 7843 7880
f 7851 7852 7850
f 7853 7852 7851
f 7853 7851 7885
f 7885 7851 7884
f 7843 7842 7841
f 7843 7841 7880
f 7827 7826 7825
f 7825 7826 7824
f 7832 7831 7830
f 7833 7831 7832
f 7834 7831 7833
f 7872 7871 7870
f 7866 7865 7864
f 7867 7865 7866
f 7816 7815 7814
f 7817 7815 7816
f 7841 7842 7839
f 7877 7871 7876
f 7856 7855 7854
f 7857 7855 7856
f 7880 7841 7879
f 7853 7838 7852
f 7840 7838 7853
f 7878 7853 7885
f 7840 7853 7878
f 7841 7839 7840
f 7841 7840 7879
f 7879 7840 7878
f 7915 7914 7903
f 7840 7839 7838
f 7903 7914 7901
f 7903 7901 7902
f 7902 7901 7900
f 7868 7867 7866
f 7869 7867 7868
f 7827 7828 7826
f 7829 7828 7827
f 7829 7814 7828
f 7816 7814 7829
f 7854 7869 7868
f 7855 7869 7854
f 8047 8049 8048
f 8047 8046 8049
f 8047 8045 8046
f 8046 8045 8044
f 8050 8049 8046
f 8062 8061 8060
f 8060 8061 8055
f 8129 8128 8127
f 8130 8128 8129
f 8060 8055 8056
f 8130 8131 8128
f 8155 8154 8153
f 8156 8154 8155
f 8056 8055 8054
f 8050 8121 8120
f 8050 8120 8049
f 8152 8151 8150
f 8285 8284 8283
f 8286 8284 8285
f 8288 8284 8286
f 8284 8288 8287
f 8290 8287 8288
f 8287 8290 8289
f 8305 8304 8303
f 8306 8304 8305
f 8307 8306 8305
f 8308 8306 8307
f 8310 8308 8307
f 8310 8307 8309
f 8276 8274 8275
f 8277 8274 8276
f 8278 8274 8277
f 8261 8260 8257
f 8189 8187 8188
f 8188 8187 8186
f 8260 8259 8257
f 8169 8167 8168
f 8168 8167 8166
f 8173 8171 8172
f 8172 8171 8170
f 8177 8175 8176
f 8176 8175 8174
f 8181 8179 8180
f 8180 8179 8178
f 8258 8257 8259
f 8258 8252 8257
f 8258 8254 8252
f 8254 8253 8252
f 8253 8254 8256
f 8256 8254 8255
f 8063 8061 8062
f 8132 8131 8130
f 8133 8131 8132
f 8133 8134 8131
f 8164 8108 8106
f 8148 8147 8146
f 8149 8147 8148
f 8108 8107 8106
f 8108 8109 8107
f 8045 8043 8044
f 8044 8043 8042
f 8055 8061 8059
f 8105 8099 8104
f 8110 8109 8108
f 8101 8102 8100
f 8101 8100 8099
f 8099 8105 8101
f 8089 8088 8087
f 8103 8102 8101
f 8092 8091 8089
f 8089 8091 8090
f 8089 8090 8088
f 8344 8343 8342
f 8345 8343 8344
f 8339 8338 8337
f 8340 8338 8339
f 8302 8300 8301
f 8335 8334 8333
f 8301 8300 8299
f 8336 8334 8335
f 8331 8330 8329
f 8332 8330 8331
f 8318 8316 8317
f 8322 8320 8321
f 8321 8320 8319
f 8328 8326 8327
f 8327 8326 8325
f 8326 8324 8325
f 8325 8324 8323
f 8275 8274 8273
f 8350 8348 8349
f 8350 8347 8348
f 8348 8347 8346
f 8351 8347 8350
f 8355 8353 8354
f 8217 8221 8226
f 8217 8216 8215
f 8217 8218 8216
f 8217 8226 8218
f 8218 8226 8227
f 8227 8226 8225
f 8363 8361 8362
f 8221 8220 8219
f 8221 8217 8220
f 8354 8353 8352
f 8358 8359 8357
f 8358 8357 8356
f 8251 8249 8250
f 8006 8005 8004
f 7974 7975 7973
f 7976 7975 7974
f 7976 7977 7975
f 7978 7977 7976
f 7985 7984 7983
f 7986 7984 7985
f 7986 7987 7984
f 7988 7987 7986
f 7991 7990 7989
f 8250 8249 8248
f 7964 7963 7962
f 7962 7963 7961
f 7962 7961 7960
f 7960 7961 7959
f 7960 7959 7956
f 7956 7959 7958
f 7956 7958 7957
f 7956 7957 7955
f 7956 7955 7954
f 8362 8361 8360
f 8317 8316 8315
f 7992 7990 7991
f 8214 8212 8213
f 8209 8208 8207
f 8210 8208 8209
f 7967 7966 7965
f 8213 8212 8211
f 8199 8198 8197
f 8200 8198 8199
f 8195 8194 8193
f 8196 8194 8195
f 8220 8217 8224
f 8224 8217 8223
f 7971 7970 7969
f 7972 7970 7971
f 8224 8223 8222
f 7968 7966 7967
f 7981 7980 7979
f 7982 7980 7981
f 8231 8229 8230
f 7972 7973 7970
f 7974 7973 7972
f 8007 8005 8006
f 8230 8229 8228
f 8235 8233 8234
f 8234 8233 8232
f 8073 8072 8071
f 8098 8096 8097
f 8097 8096 8095
f 8082 8077 8081
f 8073 8074 8072
f 8164 8165 8108
f 8094 8091 8092
f 8073 8075 8074
f 8075 8073 8076
f 8079 8077 8082
f 8079 8078 8077
f 8086 8084 8085
f 8085 8084 8083
f 8135 8134 8133
f 8079 8080 8078
f 8078 8080 8086
f 8086 8080 8084
f 8010 8009 8008
f 8011 8009 8010
f 7947 7948 7946
f 7947 7946 7945
f 7947 7949 7948
f 7952 7953 7951
f 7952 7951 7950
f 7939 7937 7938
f 7941 7937 7939
f 7937 7941 7940
f 7938 7937 7936
f 7941 7942 7940
f 7945 7946 7943
f 7945 7943 7944
f 7944 7943 7942
f 7944 7942 7941
f 8135 8136 8134
f 8043 8041 8042
f 8042 8041 8040
f 8064 8061 8063
f 7934 7933 7932
f 7935 7933 7934
f 7931 7929 7930
f 7920 7919 7918
f 7920 7921 7919
f 7920 7923 7921
f 7923 7920 7922
f 7924 7923 7922
f 7924 7925 7923
f 7926 7925 7924
f 7926 7927 7925
f 7928 7927 7926
f 7928 7929 7927
f 7930 7929 7928
f 8066 8069 8070
f 8069 8066 8068
f 8068 8066 8067
f 8067 8066 8065
f 8137 8136 8135
f 8117 8114 8116
f 8115 8114 8113
f 8116 8114 8115
f 8137 8138 8136
f 8139 8138 8137
f 8091 8094 8093
f 8124 8123 8122
f 8125 8123 8124
f 8126 8123 8125
f 7998 7994 7997
f 7997 7994 7996
f 8192 8191 8190
f 8190 8265 8192
f 7996 7994 7995
f 7995 7994 7993
f 8268 8267 8266
f 8267 8268 8270
f 8241 8240 8239
f 8203 8202 8201
f 8203 8205 8202
f 8202 8205 8204
f 8206 8205 8203
f 7998 7999 7994
f 8000 7999 7998
f 8000 8001 7999
f 8002 8001 8000
f 8003 8001 8002
f 8294 8292 8293
f 8293 8292 8291
f 8273 8272 8271
f 8273 8274 8272
f 8264 8263 8262
f 8236 8341 8238
f 8313 8312 8311
f 8314 8312 8313
f 8297 8298 8296
f 8297 8296 8295
f 8281 8280 8279
f 8238 8237 8236
f 8247 8246 8245
f 8247 8238 8246
f 8267 8270 8269
f 8280 8281 8282
f 8243 8241 8242
f 8244 8241 8243
f 8237 8241 8244
f 8237 8240 8241
f 8240 8237 8247
f 8247 8237 8238
f 8029 8027 8028
f 8020 8019 8018
f 8019 8037 8018
f 8030 8029 8028
f 8028 8027 8026
f 8018 8037 8036
f 8025 8023 8024
f 8035 8033 8034
f 8021 8019 8020
f 8031 8029 8030
f 8024 8023 8022
f 8034 8033 8032
f 8140 8138 8139
f 8113 8114 8112
f 8113 8112 8111
f 8041 8039 8040
f 8059 8061 8058
f 8059 8058 8057
f 8159 8158 8157
f 8162 8161 8160
f 8144 8143 8142
f 8145 8143 8144
f 8053 8119 8118
f 8040 8039 8038
f 8051 8119 8053
f 8141 8138 8140
f 8163 8161 8162
f 8184 8183 8182
f 8185 8183 8184
f 8282 8292 8294
f 8292 8282 8281
f 8267 8265 8266
f 8266 8265 8190
f 8298 8314 8296
f 8296 8314 8313
f 8052 8051 8039
f 8053 8038 8051
f 8039 8051 8038
f 8017 8015 8016
f 8016 8015 8014
f 8014 8015 8013
f 8014 8013 8012
f 8619 8620 8617
f 8619 8617 8618
f 8618 8617 8616
f 8618 8616 8627
f 8627 8616 8626
f 8624 8625 8623
f 8624 8623 8622
f 8630 8629 8628
f 8630 8633 8629
f 8629 8633 8632
f 8629 8632 8631
f 8621 8620 8619
f 8643 8641 8642
f 8642 8641 8640
f 8648 8630 8628
f 8649 8630 8648
f 8650 8624 8622
f 8641 8646 8640
f 8651 8624 8650
f 8658 8651 8650
f 8649 8657 8656
f 8657 8649 8648
f 8647 8646 8641
f 8647 8654 8646
f 8639 8636 8638
f 8639 8635 8636
f 8636 8635 8634
f 8638 8636 8637
f 8645 8634 8635
f 8645 8635 8644
f 8653 8644 8652
f 8653 8645 8644
f 8655 8654 8647
f 8659 8651 8658
f 8465 8464 8463
f 8465 8466 8464
f 8467 8466 8465
f 8488 8487 8473
f 8473 8487 8472
f 8473 8472 8471
f 8471 8472 8469
f 8471 8469 8470
f 8470 8469 8468
f 8491 8490 8489
f 8492 8490 8491
f 8492 8493 8490
f 8494 8493 8492
f 8494 8495 8493
f 8496 8495 8494
f 8486 8484 8485
f 8485 8484 8483
f 8483 8484 8480
f 8483 8480 8482
f 8482 8480 8481
f 8481 8480 8478
f 8478 8480 8479
f 8478 8479 8477
f 8499 8498 8497
f 8500 8498 8499
f 8478 8477 8476
f 8475 8460 8474
f 8462 8460 8475
f 8462 8461 8460
f 8463 8461 8462
f 8463 8464 8461
f 8665 8656 8657
f 8665 8657 8664
f 8663 8654 8655
f 8667 8659 8658
f 8615 8613 8614
f 8614 8613 8612
f 8610 8611 8609
f 8602 8601 8600
f 8603 8601 8602
f 8598 8597 8596
f 8599 8597 8598
f 8509 8508 8506
f 8506 8508 8507
f 8509 8510 8508
f 8511 8510 8509
f 8506 8507 8505
f 8506 8505 8504
f 8504 8505 8502
f 8504 8502 8503
f 8503 8502 8501
f 8386 8385 8384
f 8387 8385 8386
f 8378 8377 8376
f 8379 8377 8378
f 8374 8373 8372
f 8375 8373 8374
f 8370 8369 8368
f 8371 8369 8370
f 8366 8365 8364
f 8367 8365 8366
f 8659 8667 8666
f 8663 8655 8662
f 8610 8609 8608
f 8661 8653 8652
f 8653 8661 8660
f 8606 8605 8604
f 8607 8605 8606
f 8542 8541 8540
f 8543 8541 8542
f 8530 8529 8528
f 8531 8529 8530
f 8520 8519 8518
f 8521 8519 8520
f 8539 8537 8538
f 8538 8537 8536
f 8537 8535 8536
f 8516 8514 8515
f 8517 8514 8516
f 8517 8513 8514
f 8536 8535 8534
f 8535 8533 8534
f 8534 8533 8532
f 8514 8513 8512
f 8395 8393 8394
f 8524 8523 8522
f 8527 8523 8524
f 8523 8527 8526
f 8523 8526 8525
f 8394 8393 8392
f 8399 8397 8398
f 8390 8389 8388
f 8398 8397 8396
f 8402 8403 8401
f 8402 8401 8400
f 8391 8389 8390
f 8459 8451 8458
f 8453 8445 8452
f 8445 8453 8444
f 8447 8455 8454
f 8451 8450 8443
f 8451 8459 8450
f 8437 8445 8444
f 8436 8445 8437
f 8446 8455 8447
f 8446 8447 8439
f 8448 8457 8449
f 8449 8457 8456
f 8407 8405 8406
f 8406 8405 8404
f 8544 8559 8558
f 8555 8553 8554
f 8556 8555 8554
f 8557 8555 8556
f 8571 8557 8556
f 8382 8381 8380
f 8584 8582 8583
f 8583 8582 8581
f 8578 8576 8577
f 8579 8578 8577
f 8580 8578 8579
f 8554 8553 8552
f 8383 8381 8382
f 8572 8557 8571
f 8575 8574 8573
f 8595 8593 8594
f 8594 8593 8592
f 8592 8593 8589
f 8592 8589 8591
f 8591 8589 8590
f 8590 8589 8587
f 8587 8589 8588
f 8587 8588 8586
f 8587 8586 8585
f 8576 8574 8575
f 8577 8576 8575
f 8551 8549 8550
f 8550 8549 8548
f 8546 8545 8544
f 8545 8559 8544
f 8547 8545 8546
f 8548 8547 8546
f 8549 8547 8548
f 8441 8449 8440
f 8443 8450 8442
f 8449 8441 8448
f 8446 8439 8438
f 8570 8569 8568
f 8568 8569 8567
f 8568 8567 8565
f 8565 8567 8566
f 8565 8566 8564
f 8565 8564 8563
f 8563 8564 8561
f 8563 8561 8562
f 8562 8561 8560
f 8438 8439 8434
f 8443 8442 8415
f 8436 8437 8428
f 8436 8428 8426
f 8416 8415 8414
f 8417 8415 8416
f 8415 8442 8414
f 8428 8427 8426
f 8434 8435 8433
f 8434 8433 8432
f 8428 8431 8427
f 8438 8434 8432
f 8413 8411 8412
f 8412 8411 8410
f 8411 8409 8410
f 8410 8409 8408
f 8409 8419 8408
f 8427 8431 8430
f 8427 8430 8429
f 8408 8419 8418
f 8441 8440 8421
f 8421 8440 8420
f 8422 8421 8420
f 8425 8421 8422
f 8424 8422 8423
f 8425 8422 8424
f 8717 8715 8716
f 8701 8735 8736
f 8703 8701 8736
f 8716 8715 8714
f 8703 8736 8737
f 8715 8713 8714
f 8698 8701 8700
f 8675 8674 8673
f 8675 8676 8674
f 8700 8703 8702
f 8677 8676 8675
f 8701 8703 8700
f 8673 8674 8672
f 8714 8713 8712
f 8691 8685 8690
f 8690 8685 8689
f 8729 8725 8728
f 8728 8725 8727
f 8764 8763 8762
f 8747 8745 8746
f 8747 8748 8745
f 8749 8748 8747
f 8765 8763 8764
f 8766 8763 8765
f 8767 8763 8766
f 8771 8770 8761
f 8761 8770 8759
f 8761 8759 8760
f 8760 8759 8758
f 8679 8678 8677
f 8677 8678 8676
f 8718 8717 8716
f 8713 8711 8712
f 8712 8711 8710
f 8703 8705 8702
f 8702 8705 8704
f 8727 8725 8726
f 8730 8725 8729
f 8699 8734 8735
f 8701 8699 8735
f 8705 8703 8737
f 8705 8737 8738
f 8719 8717 8718
f 8689 8685 8688
f 8671 8672 8669
f 8673 8672 8671
f 8699 8701 8698
f 8696 8699 8698
f 8753 8751 8752
f 8752 8751 8750
f 8746 8745 8744
f 8742 8741 8740
f 8743 8741 8742
f 8697 8699 8696
f 8699 8697 8734
f 8705 8706 8704
f 8707 8706 8705
f 8707 8705 8739
f 8739 8705 8738
f 8697 8696 8695
f 8697 8695 8734
f 8681 8680 8679
f 8679 8680 8678
f 8686 8685 8684
f 8687 8685 8686
f 8688 8685 8687
f 8726 8725 8724
f 8720 8719 8718
f 8721 8719 8720
f 8670 8669 8668
f 8671 8669 8670
f 8695 8696 8693
f 8731 8725 8730
f 8710 8709 8708
f 8711 8709 8710
f 8734 8695 8733
f 8707 8692 8706
f 8694 8692 8707
f 8732 8707 8739
f 8694 8707 8732
f 8695 8693 8694
f 8695 8694 8733
f 8733 8694 8732
f 8769 8768 8757
f 8694 8693 8692
f 8757 8768 8755
f 8757 8755 8756
f 8756 8755 8754
f 8722 8721 8720
f 8723 8721 8722
f 8681 8682 8680
f 8683 8682 8681
f 8683 8668 8682
f 8670 8668 8683
f 8708 8723 8722
f 8709 8723 8708
f 8901 8903 8902
f 8901 8900 8903
f 8901 8899 8900
f 8900 8899 8898
f 8904 8903 8900
f 8916 8915 8914
f 8914 8915 8909
f 8983 8982 8981
f 8984 8982 8983
f 8914 8909 8910
f 8984 8985 8982
f 9009 9008 9007
f 9010 9008 9009
f 8910 8909 8908
f 8904 8975 8974
f 8904 8974 8903
f 9006 9005 9004
f 9139 9138 9137
f 9140 9138 9139
f 9142 9138 9140
f 9138 9142 9141
f 9144 9141 9142
f 9141 9144 9143
f 9159 9158 9157
f 9160 9158 9159
f 9161 9160 9159
f 9162 9160 9161
f 9164 9162 9161
f 9164 9161 9163
f 9130 9128 9129
f 9131 9128 9130
f 9132 9128 9131
f 9115 9114 9111
f 9043 9041 9042
f 9042 9041 9040
f 9114 9113 9111
f 9023 9021 9022
f 9022 9021 9020
f 9027 9025 9026
f 9026 9025 9024
f 9031 9029 9030
f 9030 9029 9028
f 9035 9033 9034
f 9034 9033 9032
f 9112 9111 9113
f 9112 9106 9111
f 9112 9108 9106
f 9108 9107 9106
f 9107 9108 9110
f 9110 9108 9109
f 8917 8915 8916
f 8986 8985 8984
f 8987 8985 8986
f 8987 8988 8985
f 9018 8962 8960
f 9002 9001 9000
f 9003 9001 9002
f 8962 8961 8960
f 8962 8963 8961
f 8899 8897 8898
f 8898 8897 8896
f 8909 8915 8913
f 8959 8953 8958
f 8964 8963 8962
f 8955 8956 8954
f 8955 8954 8953
f 8953 8959 8955
f 8943 8942 8941
f 8957 8956 8955
f 8946 8945 8943
f 8943 8945 8944
f 8943 8944 8942
f 9198 9197 9196
f 9199 9197 9198
f 9193 9192 9191
f 9194 9192 9193
f 9156 9154 9155
f 9189 9188 9187
f 9155 9154 9153
f 9190 9188 9189
f 9185 9184 9183
f 9186 9184 9185
f 9172 9170 9171
f 9176 9174 9175
f 9175 9174 9173
f 9182 9180 9181
f 9181 9180 9179
f 9180 9178 9179
f 9179 9178 9177
f 9129 9128 9127
f 9204 9202 9203
f 9204 9201 9202
f 9202 9201 9200
f 9205 9201 9204
f 9209 9207 9208
f 9071 9075 9080
f 9071 9070 9069
f 9071 9072 9070
f 9071 9080 9072
f 9072 9080 9081
f 9081 9080 9079
f 9217 9215 9216
f 9075 9074 9073
f 9075 9071 9074
f 9208 9207 9206
f 9212 9213 9211
f 9212 9211 9210
f 9105 9103 9104
f 8860 8859 8858
f 8828 8829 8827
f 8830 8829 8828
f 8830 8831 8829
f 8832 8831 8830
f 8839 8838 8837
f 8840 8838 8839
f 8840 8841 8838
f 8842 8841 8840
f 8845 8844 8843
f 9104 9103 9102
f 8818 8817 8816
f 8816 8817 8815
f 8816 8815 8814
f 8814 8815 8813
f 8814 8813 8810
f 8810 8813 8812
f 8810 8812 8811
f 8810 8811 8809
f 8810 8809 8808
f 9216 9215 9214
f 9171 9170 9169
f 8846 8844 8845
f 9068 9066 9067
f 9063 9062 9061
f 9064 9062 9063
f 8821 8820 8819
f 9067 9066 9065
f 9053 9052 9051
f 9054 9052 9053
f 9049 9048 9047
f 9050 9048 9049
f 9074 9071 9078
f 9078 9071 9077
f 8825 8824 8823
f 8826 8824 8825
f 9078 9077 9076
f 8822 8820 8821
f 8835 8834 8833
f 8836 8834 8835
f 9085 9083 9084
f 8826 8827 8824
f 8828 8827 8826
f 8861 8859 8860
f 9084 9083 9082
f 9089 9087 9088
f 9088 9087 9086
f 8927 8926 8925
f 8952 8950 8951
f 8951 8950 8949
f 8936 8931 8935
f 8927 8928 8926
f 9018 9019 8962
f 8948 8945 8946
f 8927 8929 8928
f 8929 8927 8930
f 8933 8931 8936
f 8933 8932 8931
f 8940 8938 8939
f 8939 8938 8937
f 8989 8988 8987
f 8933 8934 8932
f 8932 8934 8940
f 8940 8934 8938
f 8864 8863 8862
f 8865 8863 8864
f 8801 8802 8800
f 8801 8800 8799
f 8801 8803 8802
f 8806 8807 8805
f 8806 8805 8804
f 8793 8791 8792
f 8795 8791 8793
f 8791 8795 8794
f 8792 8791 8790
f 8795 8796 8794
f 8799 8800 8797
f 8799 8797 8798
f 8798 8797 8796
f 8798 8796 8795
f 8989 8990 8988
f 8897 8895 8896
f 8896 8895 8894
f 8918 8915 8917
f 8788 8787 8786
f 8789 8787 8788
f 8785 8783 8784
f 8774 8773 8772
f 8774 8775 8773
f 8774 8777 8775
f 8777 8774 8776
f 8778 8777 8776
f 8778 8779 8777
f 8780 8779 8778
f 8780 8781 8779
f 8782 8781 8780
f 8782 8783 8781
f 8784 8783 8782
f 8920 8923 8924
f 8923 8920 8922
f 8922 8920 8921
f 8921 8920 8919
f 8991 8990 8989
f 8971 8968 8970
f 8969 8968 8967
f 8970 8968 8969
f 8991 8992 8990
f 8993 8992 8991
f 8945 8948 8947
f 8978 8977 8976
f 8979 8977 8978
f 8980 8977 8979
f 8852 8848 8851
f 8851 8848 8850
f 9046 9045 9044
f 9044 9119 9046
f 8850 8848 8849
f 8849 8848 8847
f 9122 9121 9120
f 9121 9122 9124
f 9095 9094 9093
f 9057 9056 9055
f 9057 9059 9056
f 9056 9059 9058
f 9060 9059 9057
f 8852 8853 8848
f 8854 8853 8852
f 8854 8855 8853
f 8856 8855 8854
f 8857 8855 8856
f 9148 9146 9147
f 9147 9146 9145
f 9127 9126 9125
f 9127 9128 9126
f 9118 9117 9116
f 9090 9195 9092
f 9167 9166 9165
f 9168 9166 9167
f 9151 9152 9150
f 9151 9150 9149
f 9135 9134 9133
f 9092 9091 9090
f 9101 9100 9099
f 9101 9092 9100
f 9121 9124 9123
f 9134 9135 9136
f 9097 9095 9096
f 9098 9095 9097
f 9091 9095 9098
f 9091 9094 9095
f 9094 9091 9101
f 9101 9091 9092
f 8883 8881 8882
f 8874 8873 8872
f 8873 8891 8872
f 8884 8883 8882
f 8882 8881 8880
f 8872 8891 8890
f 8879 8877 8878
f 8889 8887 8888
f 8875 8873 8874
f 8885 8883 8884
f 8878 8877 8876
f 8888 8887 8886
f 8994 8992 8993
f 8967 8968 8966
f 8967 8966 8965
f 8895 8893 8894
f 8913 8915 8912
f 8913 8912 8911
f 9013 9012 9011
f 9016 9015 9014
f 8998 8997 8996
f 8999 8997 8998
f 8907 8973 8972
f 8894 8893 8892
f 8905 8973 8907
f 8995 8992 8994
f 9017 9015 9016
f 9038 9037 9036
f 9039 9037 9038
f 9136 9146 9148
f 9146 9136 9135
f 9121 9119 9120
f 9120 9119 9044
f 9152 9168 9150
f 9150 9168 9167
f 8906 8905 8893
f 8907 8892 8905
f 8893 8905 8892
f 8871 8869 8870
f 8870 8869 8868
f 8868 8869 8867
f 8868 8867 8866
f 9473 9474 9471
f 9473 9471 9472
f 9472 9471 9470
f 9472 9470 9481
f 9481 9470 9480
f 9478 9479 9477
f 9478 9477 9476
f 9484 9483 9482
f 9484 9487 9483
f 9483 9487 9486
f 9483 9486 9485
f 9475 9474 9473
f 9497 9495 9496
f 9496 9495 9494
f 9502 9484 9482
f 9503 9484 9502
f 9504 9478 9476
f 9495 9500 9494
f 9505 9478 9504
f 9512 9505 9504
f 9503 9511 9510
f 9511 9503 9502
f 9501 9500 9495
f 9501 9508 9500
f 9493 9490 9492
f 9493 9489 9490
f 9490 9489 9488
f 9492 9490 9491
f 9499 9488 9489
f 9499 9489 9498
f 9507 9498 9506
f 9507 9499 9498
f 9509 9508 9501
f 9513 9505 9512
f 9319 9318 9317
f 9319 9320 9318
f 9321 9320 9319
f 9342 9341 9327
f 9327 9341 9326
f 9327 9326 9325
f 9325 9326 9323
f 9325 9323 9324
f 9324 9323 9322
f 9345 9344 9343
f 9346 9344 9345
f 9346 9347 9344
f 9348 9347 9346
f 9348 9349 9347
f 9350 9349 9348
f 9340 9338 9339
f 9339 9338 9337
f 9337 9338 9334
f 9337 9334 9336
f 9336 9334 9335
f 9335 9334 9332
f 9332 9334 9333
f 9332 9333 9331
f 9353 9352 9351
f 9354 9352 9353
f 9332 9331 9330
f 9329 9314 9328
f 9316 9314 9329
f 9316 9315 9314
f 9317 9315 9316
f 9317 9318 9315
f 9519 9510 9511
f 9519 9511 9518
f 9517 9508 9509
f 9521 9513 9512
f 9469 9467 9468
f 9468 9467 9466
f 9464 9465 9463
f 9456 9455 9454
f 9457 9455 9456
f 9452 9451 9450
f 9453 9451 9452
f 9363 9362 9360
f 9360 9362 9361
f 9363 9364 9362
f 9365 9364 9363
f 9360 9361 9359
f 9360 9359 9358
f 9358 9359 9356
f 9358 9356 9357
f 9357 9356 9355
f 9240 9239 9238
f 9241 9239 9240
f 9232 9231 9230
f 9233 9231 9232
f 9228 9227 9226
f 9229 9227 9228
f 9224 9223 9222
f 9225 9223 9224
f 9220 9219 9218
f 9221 9219 9220
f 9513 9521 9520
f 9517 9509 9516
f 9464 9463 9462
f 9515 9507 9506
f 9507 9515 9514
f 9460 9459 9458
f 9461 9459 9460
f 9396 9395 9394
f 9397 9395 9396
f 9384 9383 9382
f 9385 9383 9384
f 9374 9373 9372
f 9375 9373 9374
f 9393 9391 9392
f 9392 9391 9390
f 9391 9389 9390
f 9370 9368 9369
f 9371 9368 9370
f 9371 9367 9368
f 9390 9389 9388
f 9389 9387 9388
f 9388 9387 9386
f 9368 9367 9366
f 9249 9247 9248
f 9378 9377 9376
f 9381 9377 9378
f 9377 9381 9380
f 9377 9380 9379
f 9248 9247 9246
f 9253 9251 9252
f 9244 9243 9242
f 9252 9251 9250
f 9256 9257 9255
f 9256 9255 9254
f 9245 9243 9244
f 9313 9305 9312
f 9307 9299 9306
f 9299 9307 9298
f 9301 9309 9308
f 9305 9304 9297
f 9305 9313 9304
f 9291 9299 9298
f 9290 9299 9291
f 9300 9309 9301
f 9300 9301 9293
f 9302 9311 9303
f 9303 9311 9310
f 9261 9259 9260
f 9260 9259 9258
f 9398 9413 9412
f 9409 9407 9408
f 9410 9409 9408
f 9411 9409 9410
f 9425 9411 9410
f 9236 9235 9234
f 9438 9436 9437
f 9437 9436 9435
f 9432 9430 9431
f 9433 9432 9431
f 9434 9432 9433
f 9408 9407 9406
f 9237 9235 9236
f 9426 9411 9425
f 9429 9428 9427
f 9449 9447 9448
f 9448 9447 9446
f 9446 9447 9443
f 9446 9443 9445
f 9445 9443 9444
f 9444 9443 9441
f 9441 9443 9442
f 9441 9442 9440
f 9441 9440 9439
f 9430 9428 9429
f 9431 9430 9429
f 9405 9403 9404
f 9404 9403 9402
f 9400 9399 9398
f 9399 9413 9398
f 9401 9399 9400
f 9402 9401 9400
f 9403 9401 9402
f 9295 9303 9294
f 9297 9304 9296
f 9303 9295 9302
f 9300 9293 9292
f 9424 9423 9422
f 9422 9423 9421
f 9422 9421 9419
f 9419 9421 9420
f 9419 9420 9418
f 9419 9418 9417
f 9417 9418 9415
f 9417 9415 9416
f 9416 9415 9414
f 9292 9293 9288
f 9297 9296 9269
f 9290 9291 9282
f 9290 9282 9280
f 9270 9269 9268
f 9271 9269 9270
f 9269 9296 9268
f 9282 9281 9280
f 9288 9289 9287
f 9288 9287 9286
f 9282 9285 9281
f 9292 9288 9286
f 9267 9265 9266
f 9266 9265 9264
f 9265 9263 9264
f 9264 9263 9262
f 9263 9273 9262
f 9281 9285 9284
f 9281 9284 9283
f 9262 9273 9272
f 9295 9294 9275
f 9275 9294 9274
f 9276 9275 9274
f 9279 9275 9276
f 9278 9276 9277
f 9279 9276 9278
f 9571 9569 9570
f 9555 9589 9590
f 9557 9555 9590
f 9570 9569 9568
f 9557 9590 9591
f 9569 9567 9568
f 9552 9555 9554
f 9529 9528 9527
f 9529 9530 9528
f 9554 9557 9556
f 9531 9530 9529
f 9555 9557 9554
f 9527 9528 9526
f 9568 9567 9566
f 9545 9539 9544
f 9544 9539 9543
f 9583 9579 9582
f 9582 9579 9581
f 9618 9617 9616
f 9601 9599 9600
f 9601 9602 9599
f 9603 9602 9601
f 9619 9617 9618
f 9620 9617 9619
f 9621 9617 9620
f 9625 9624 9615
f 9615 9624 9613
f 9615 9613 9614
f 9614 9613 9612
f 9533 9532 9531
f 9531 9532 9530
f 9572 9571 9570
f 9567 9565 9566
f 9566 9565 9564
f 9557 9559 9556
f 9556 9559 9558
f 9581 9579 9580
f 9584 9579 9583
f 9553 9588 9589
f 9555 9553 9589
f 9559 9557 9591
f 9559 9591 9592
f 9573 9571 9572
f 9543 9539 9542
f 9525 9526 9523
f 9527 9526 9525
f 9553 9555 9552
f 9550 9553 9552
f 9607 9605 9606
f 9606 9605 9604
f 9600 9599 9598
f 9596 9595 9594
f 9597 9595 9596
f 9551 9553 9550
f 9553 9551 9588
f 9559 9560 9558
f 9561 9560 9559
f 9561 9559 9593
f 9593 9559 9592
f 9551 9550 9549
f 9551 9549 9588
f 9535 9534 9533
f 9533 9534 9532
f 9540 9539 9538
f 9541 9539 9540
f 9542 9539 9541
f 9580 9579 9578
f 9574 9573 9572
f 9575 9573 9574
f 9524 9523 9522
f 9525 9523 9524
f 9549 9550 9547
f 9585 9579 9584
f 9564 9563 9562
f 9565 9563 9564
f 9588 9549 9587
f 9561 9546 9560
f 9548 9546 9561
f 9586 9561 9593
f 9548 9561 9586
f 9549 9547 9548
f 9549 9548 9587
f 9587 9548 9586
f 9623 9622 9611
f 9548 9547 9546
f 9611 9622 9609
f 9611 9609 9610
f 9610 9609 9608
f 9576 9575 9574
f 9577 9575 9576
f 9535 9536 9534
f 9537 9536 9535
f 9537 9522 9536
f 9524 9522 9537
f 9562 9577 9576
f 9563 9577 9562
f 9664 9663 9662
f 9642 9640 9641
f 9641 9640 9639
f 9882 9881 9880
f 9881 9882 9883
f 9649 9650 9648
f 9649 9648 9647
f 9892 9891 9890
f 9889 9888 9887
f 9730 9728 9729
f 9733 9732 9731
f 9734 9732 9733
f 9737 9736 9735
f 9729 9728 9727
f 9661 9659 9660
f 9660 9659 9658
f 9904 9903 9902
f 9922 9921 9903
f 9903 9921 9629
f 9631 9630 9629
f 9932 9931 9930
f 9738 9736 9737
f 9916 9915 9914
f 9912 9911 9910
f 9910 9911 9968
f 9741 9740 9739
f 9639 9856 9641
f 9857 9856 9639
f 9831 9830 9829
f 9757 9756 9755
f 9831 9832 9830
f 9834 9832 9831
f 9895 9894 9893
f 9725 9724 9723
f 9634 9635 9633
f 9636 9635 9634
f 9636 9638 9635
f 9886 9885 9884
f 9628 9627 9626
f 9919 9918 9917
f 9954 9950 9953
f 9951 9950 9949
f 9952 9950 9951
f 9960 9949 9959
f 9957 9959 9949
f 9919 9920 9918
f 9951 9949 9960
f 9902 9908 9906
f 9904 9902 9906
f 9742 9740 9741
f 9725 9726 9724
f 9971 9970 9969
f 9974 9973 9972
f 9911 9912 9913
f 9933 9948 9947
f 9934 9948 9933
f 9935 9934 9933
f 9936 9934 9935
f 9938 9936 9935
f 9938 9935 9937
f 9953 9950 9952
f 9638 9636 9637
f 9681 9680 9679
f 9859 9856 9857
f 9856 9859 9858
f 9948 9946 9947
f 9947 9946 9945
f 9946 9943 9945
f 9963 9962 9961
f 9959 9957 9958
f 9946 9944 9943
f 9939 9938 9937
f 9955 9954 9953
f 9940 9938 9939
f 9929 9904 9762
f 9905 9762 9904
f 9905 9904 9907
f 9904 9906 9907
f 9942 9940 9939
f 9956 9954 9955
f 9944 9942 9943
f 9958 9957 9956
f 9942 9939 9941
f 9925 9924 9923
f 9943 9942 9941
f 9957 9954 9956
f 9966 9965 9964
f 9927 9967 9928
f 9673 9671 9672
f 9672 9671 9670
f 9834 9831 9833
f 9700 9701 9699
f 9703 9700 9702
f 9703 9704 9700
f 9700 9699 9698
f 9695 9693 9694
f 9694 9693 9692
f 9688 9686 9687
f 9687 9686 9685
f 9745 9744 9743
f 9744 9745 9746
f 9749 9748 9747
f 9750 9748 9749
f 9844 9843 9841
f 9841 9843 9842
f 9698 9697 9696
f 9707 9706 9705
f 9841 9840 9839
f 9841 9842 9840
f 9905 9907 9909
f 9754 9752 9753
f 9772 9771 9770
f 9771 9772 9773
f 9708 9706 9707
f 9753 9752 9751
f 9698 9699 9697
f 9927 9926 9631
f 9928 9926 9927
f 9879 9878 9877
f 9872 9871 9870
f 9875 9874 9873
f 9847 9846 9844
f 9667 9666 9665
f 9667 9668 9666
f 9669 9668 9667
f 9865 9864 9863
f 9676 9675 9674
f 9677 9675 9676
f 9876 9677 9676
f 9678 9675 9677
f 9844 9845 9843
f 9862 9861 9860
f 9634 9633 9632
f 9867 9868 9869
f 9844 9846 9845
f 9868 9867 9866
f 9776 9775 9774
f 9760 9759 9758
f 9850 9849 9848
f 9851 9849 9850
f 9813 9812 9811
f 9691 9690 9689
f 9711 9710 9709
f 9766 9765 9764
f 9816 9815 9814
f 9905 9761 9762
f 9794 9793 9792
f 9797 9796 9795
f 9712 9710 9711
f 9791 9790 9789
f 9769 9768 9767
f 9763 9762 9761
f 9822 9821 9820
f 9721 9722 9720
f 9721 9720 9719
f 9901 9900 9899
f 9819 9818 9817
f 9715 9714 9713
f 9653 9654 9652
f 9645 9644 9643
f 9645 9646 9644
f 9653 9652 9651
f 9779 9778 9777
f 9800 9799 9798
f 9800 9801 9799
f 9684 9683 9682
f 9853 9854 9855
f 9854 9853 9852
f 9837 9836 9835
f 9838 9836 9837
f 9657 9656 9655
f 9810 9809 9808
f 9898 9897 9896
f 9718 9717 9716
f 9828 9827 9826
f 9825 9824 9823
f 9788 9787 9786
f 9787 9788 9717
f 9804 9803 9802
f 9807 9806 9805
f 9782 9781 9780
f 9784 9782 9783
f 9785 9782 9784
f 9785 9781 9782
f 10129 10128 10127
f 10129 10130 10128
f 10193 10194 10192
f 10121 10122 10120
f 10121 10120 10119
f 10193 10192 10191
f 10241 10240 10239
f 10241 10242 10240
f 10137 10136 10135
f 10209 10208 10207
f 10209 10210 10208
f 10149 10148 10147
f 10150 10148 10149
f 10233 10232 10231
f 10233 10234 10232
f 10113 10112 10111
f 10113 10114 10112
f 10185 10186 10184
f 10185 10184 10183
f 10261 10260 10259
f 10262 10260 10261
f 10249 10248 10247
f 10249 10250 10248
f 10221 10220 10219
f 10222 10220 10221
f 10225 10224 10223
f 10225 10226 10224
f 10201 10200 10199
f 10137 10138 10136
f 10201 10202 10200
f 10014 10012 10013
f 10013 10012 10011
f 10037 10036 10035
f 10009 10008 10007
f 9998 9996 9997
f 10010 10008 10009
f 9997 9996 9995
f 10033 10032 10031
f 10061 10060 10059
f 10059 10060 10057
f 10059 10057 10055
f 10057 10056 10055
f 10035 10036 10033
f 10035 10033 10031
f 10170 10168 10169
f 10169 10168 10167
f 10174 10172 10173
f 10173 10172 10171
f 10178 10176 10177
f 10177 10176 10175
f 10132 10131 10127
f 10228 10227 10223
f 10223 10227 10225
f 10236 10235 10231
f 10231 10235 10233
f 10191 10195 10193
f 10196 10195 10191
f 10140 10139 10135
f 10135 10139 10137
f 10127 10131 10129
f 10252 10251 10247
f 10183 10187 10185
f 10247 10251 10249
f 10188 10187 10183
f 10244 10243 10239
f 10119 10123 10121
f 10239 10243 10241
f 10212 10211 10207
f 10207 10211 10209
f 10124 10123 10119
f 10204 10203 10199
f 10111 10115 10113
f 10116 10115 10111
f 10199 10203 10201
f 10061 10062 10060
f 10057 10058 10056
f 10037 10038 10036
f 9983 9987 9985
f 9985 9984 9983
f 10076 10073 10075
f 9984 9985 9986
f 10033 10034 10032
f 10063 10078 10077
f 10077 10078 10076
f 10077 10076 10075
f 9981 9980 9979
f 10017 10016 10015
f 10029 10030 10028
f 10029 10028 10027
f 10041 10040 10039
f 10053 10054 10052
f 10053 10052 10051
f 9982 9980 9981
f 9977 9976 9975
f 9978 9976 9977
f 10181 10180 10179
f 10182 10180 10181
f 10165 10164 10163
f 10166 10164 10165
f 10109 10108 10107
f 10110 10108 10109
f 10105 10104 10103
f 10106 10104 10105
f 10101 10100 10099
f 10102 10100 10101
f 10063 10064 10078
f 10076 10074 10073
f 9983 9988 9987
f 9988 9989 9987
f 10065 10064 10063
f 10073 10074 10072
f 10073 10072 10071
f 10041 10042 10040
f 10017 10018 10016
f 10097 10096 10095
f 10098 10096 10097
f 10081 10080 10079
f 10082 10080 10081
f 10065 10066 10064
f 10093 10092 10091
f 10094 10092 10093
f 10085 10084 10083
f 10086 10084 10085
f 10071 10072 10070
f 10068 10066 10065
f 10071 10070 10069
f 10025 10026 10024
f 10021 10022 10020
f 10068 10065 10067
f 10045 10046 10044
f 9990 9989 9988
f 10049 10050 10048
f 10069 10070 10068
f 10090 10088 10089
f 10089 10088 10087
f 10069 10068 10067
f 9993 9992 9991
f 9994 9992 9993
f 10161 10160 10159
f 10162 10160 10161
f 10153 10152 10151
f 10154 10152 10153
f 10001 10000 9999
f 10002 10000 10001
f 10025 10024 10023
f 10021 10020 10019
f 10049 10048 10047
f 10045 10044 10043
f 10047 10048 10045
f 10047 10045 10043
f 10023 10021 10019
f 10023 10024 10021
f 10254 10253 10252
f 10252 10253 10251
f 10246 10245 10244
f 10244 10245 10243
f 10214 10213 10212
f 10212 10213 10211
f 10118 10117 10116
f 10116 10117 10115
f 10206 10205 10204
f 10204 10205 10203
f 10230 10229 10228
f 10228 10229 10227
f 10132 10133 10131
f 10134 10133 10132
f 10238 10237 10236
f 10236 10237 10235
f 10188 10189 10187
f 10140 10141 10139
f 10142 10141 10140
f 10198 10197 10196
f 10196 10197 10195
f 10190 10189 10188
f 10124 10125 10123
f 10126 10125 10124
f 10157 10156 10155
f 10158 10156 10157
f 10005 10004 10003
f 10006 10004 10005
f 10218 10216 10217
f 10217 10216 10215
f 10258 10256 10257
f 10257 10256 10255
f 10145 10144 10143
f 10146 10144 10145
f 10264 10265 10266
f 10265 10264 10263
f 10263 10267 10265
f 10263 10268 10267
f 10268 10269 10267
f 10270 10269 10268
f 10286 10284 10285
f 10285 10284 10283
f 10294 10292 10293
f 10293 10292 10291
f 10360 10358 10359
f 10359 10358 10357
f 10364 10362 10363
f 10363 10362 10361
f 10368 10366 10367
f 10367 10366 10365
f 10372 10370 10371
f 10371 10370 10369
f 10380 10378 10379
f 10379 10378 10377
f 10384 10382 10383
f 10383 10382 10381
f 10278 10276 10277
f 10277 10276 10275
f 10282 10280 10281
f 10281 10280 10279
f 10273 10272 10271
f 10274 10272 10273
f 10403 10402 10401
f 10404 10402 10403
f 10388 10386 10387
f 10387 10386 10385
f 10395 10394 10393
f 10396 10394 10395
f 10392 10390 10391
f 10391 10390 10389
f 10351 10348 10347
f 10351 10352 10348
f 10356 10352 10351
f 10356 10351 10355
f 10347 10344 10343
f 10347 10348 10344
f 10349 10354 10353
f 10349 10350 10354
f 10342 10345 10341
f 10342 10346 10345
f 10345 10350 10349
f 10345 10346 10350
f 10307 10311 10309
f 10307 10312 10311
f 10320 10318 10319
f 10319 10318 10317
f 10316 10314 10315
f 10315 10314 10313
f 10343 10340 10339
f 10343 10344 10340
f 10353 10328 10327
f 10353 10354 10328
f 10329 10356 10355
f 10337 10342 10341
f 10324 10322 10323
f 10323 10322 10321
f 10337 10338 10342
f 10309 10308 10307
f 10310 10308 10309
f 10329 10330 10356
f 10298 10296 10297
f 10297 10296 10295
f 10333 10334 10338
f 10333 10338 10337
f 10306 10304 10305
f 10305 10304 10303
f 10331 10330 10329
f 10339 10340 10336
f 10331 10332 10330
f 10327 10328 10326
f 10327 10326 10325
f 10339 10336 10335
f 10325 10326 10334
f 10301 10300 10299
f 10302 10300 10301
f 10335 10332 10331
f 10335 10336 10332
f 10325 10334 10333
f 10399 10398 10397
f 10400 10398 10399
f 10376 10374 10375
f 10375 10374 10373
f 10290 10288 10289
f 10289 10288 10287
f 10559 10558 10557
f 10559 10560 10558
f 10623 10624 10622
f 10551 10552 10550
f 10551 10550 10549
f 10623 10622 10621
f 10671 10670 10669
f 10671 10672 10670
f 10567 10566 10565
f 10639 10638 10637
f 10639 10640 10638
f 10579 10578 10577
f 10580 10578 10579
f 10663 10662 10661
f 10663 10664 10662
f 10543 10542 10541
f 10543 10544 10542
f 10615 10616 10614
f 10615 10614 10613
f 10691 10690 10689
f 10692 10690 10691
f 10679 10678 10677
f 10679 10680 10678
f 10651 10650 10649
f 10652 10650 10651
f 10655 10654 10653
f 10655 10656 10654
f 10631 10630 10629
f 10567 10568 10566
f 10631 10632 10630
f 10444 10442 10443
f 10443 10442 10441
f 10467 10466 10465
f 10439 10438 10437
f 10428 10426 10427
f 10440 10438 10439
f 10427 10426 10425
f 10463 10462 10461
f 10491 10490 10489
f 10489 10490 10487
f 10489 10487 10485
f 10487 10486 10485
f 10465 10466 10463
f 10465 10463 10461
f 10600 10598 10599
f 10599 10598 10597
f 10604 10602 10603
f 10603 10602 10601
f 10608 10606 10607
f 10607 10606 10605
f 10562 10561 10557
f 10658 10657 10653
f 10653 10657 10655
f 10666 10665 10661
f 10661 10665 10663
f 10621 10625 10623
f 10626 10625 10621
f 10570 10569 10565
f 10565 10569 10567
f 10557 10561 10559
f 10682 10681 10677
f 10613 10617 10615
f 10677 10681 10679
f 10618 10617 10613
f 10674 10673 10669
f 10549 10553 10551
f 10669 10673 10671
f 10642 10641 10637
f 10637 10641 10639
f 10554 10553 10549
f 10634 10633 10629
f 10541 10545 10543
f 10546 10545 10541
f 10629 10633 10631
f 10491 10492 10490
f 10487 10488 10486
f 10467 10468 10466
f 10413 10417 10415
f 10415 10414 10413
f 10506 10503 10505
f 10414 10415 10416
f 10463 10464 10462
f 10493 10508 10507
f 10507 10508 10506
f 10507 10506 10505
f 10411 10410 10409
f 10447 10446 10445
f 10459 10460 10458
f 10459 10458 10457
f 10471 10470 10469
f 10483 10484 10482
f 10483 10482 10481
f 10412 10410 10411
f 10407 10406 10405
f 10408 10406 10407
f 10611 10610 10609
f 10612 10610 10611
f 10595 10594 10593
f 10596 10594 10595
f 10539 10538 10537
f 10540 10538 10539
f 10535 10534 10533
f 10536 10534 10535
f 10531 10530 10529
f 10532 10530 10531
f 10493 10494 10508
f 10506 10504 10503
f 10413 10418 10417
f 10418 10419 10417
f 10495 10494 10493
f 10503 10504 10502
f 10503 10502 10501
f 10471 10472 10470
f 10447 10448 10446
f 10527 10526 10525
f 10528 10526 10527
f 10511 10510 10509
f 10512 10510 10511
f 10495 10496 10494
f 10523 10522 10521
f 10524 10522 10523
f 10515 10514 10513
f 10516 10514 10515
f 10501 10502 10500
f 10498 10496 10495
f 10501 10500 10499
f 10455 10456 10454
f 10451 10452 10450
f 10498 10495 10497
f 10475 10476 10474
f 10420 10419 10418
f 10479 10480 10478
f 10499 10500 10498
f 10520 10518 10519
f 10519 10518 10517
f 10499 10498 10497
f 10423 10422 10421
f 10424 10422 10423
f 10591 10590 10589
f 10592 10590 10591
f 10583 10582 10581
f 10584 10582 10583
f 10431 10430 10429
f 10432 10430 10431
f 10455 10454 10453
f 10451 10450 10449
f 10479 10478 10477
f 10475 10474 10473
f 10477 10478 10475
f 10477 10475 10473
f 10453 10451 10449
f 10453 10454 10451
f 10684 10683 10682
f 10682 10683 10681
f 10676 10675 10674
f 10674 10675 10673
f 10644 10643 10642
f 10642 10643 10641
f 10548 10547 10546
f 10546 10547 10545
f 10636 10635 10634
f 10634 10635 10633
f 10660 10659 10658
f 10658 10659 10657
f 10562 10563 10561
f 10564 10563 10562
f 10668 10667 10666
f 10666 10667 10665
f 10618 10619 10617
f 10570 10571 10569
f 10572 10571 10570
f 10628 10627 10626
f 10626 10627 10625
f 10620 10619 10618
f 10554 10555 10553
f 10556 10555 10554
f 10587 10586 10585
f 10588 10586 10587
f 10435 10434 10433
f 10436 10434 10435
f 10648 10646 10647
f 10647 10646 10645
f 10688 10686 10687
f 10687 10686 10685
f 10575 10574 10573
f 10576 10574 10575
f 10694 10695 10696
f 10695 10694 10693
f 10693 10697 10695
f 10693 10698 10697
f 10698 10699 10697
f 10700 10699 10698
f 10716 10714 10715
f 10715 10714 10713
f 10724 10722 10723
f 10723 10722 10721
f 10790 10788 10789
f 10789 10788 10787
f 10794 10792 10793
f 10793 10792 10791
f 10798 10796 10797
f 10797 10796 10795
f 10802 10800 10801
f 10801 10800 10799
f 10810 10808 10809
f 10809 10808 10807
f 10814 10812 10813
f 10813 10812 10811
f 10708 10706 10707
f 10707 10706 10705
f 10712 10710 10711
f 10711 10710 10709
f 10703 10702 10701
f 10704 10702 10703
f 10833 10832 10831
f 10834 10832 10833
f 10818 10816 10817
f 10817 10816 10815
f 10825 10824 10823
f 10826 10824 10825
f 10822 10820 10821
f 10821 10820 10819
f 10781 10778 10777
f 10781 10782 10778
f 10786 10782 10781
f 10786 10781 10785
f 10777 10774 10773
f 10777 10778 10774
f 10779 10784 10783
f 10779 10780 10784
f 10772 10775 10771
f 10772 10776 10775
f 10775 10780 10779
f 10775 10776 10780
f 10737 10741 10739
f 10737 10742 10741
f 10750 10748 10749
f 10749 10748 10747
f 10746 10744 10745
f 10745 10744 10743
f 10773 10770 10769
f 10773 10774 10770
f 10783 10758 10757
f 10783 10784 10758
f 10759 10786 10785
f 10767 10772 10771
f 10754 10752 10753
f 10753 10752 10751
f 10767 10768 10772
f 10739 10738 10737
f 10740 10738 10739
f 10759 10760 10786
f 10728 10726 10727
f 10727 10726 10725
f 10763 10764 10768
f 10763 10768 10767
f 10736 10734 10735
f 10735 10734 10733
f 10761 10760 10759
f 10769 10770 10766
f 10761 10762 10760
f 10757 10758 10756
f 10757 10756 10755
f 10769 10766 10765
f 10755 10756 10764
f 10731 10730 10729
f 10732 10730 10731
f 10765 10762 10761
f 10765 10766 10762
f 10755 10764 10763
f 10829 10828 10827
f 10830 10828 10829
f 10806 10804 10805
f 10805 10804 10803
f 10720 10718 10719
f 10719 10718 10717
f 10874 10875 10873
f 10874 10873 10872
f 10887 10885 10886
f 10886 10885 10884
f 10891 10889 10890
f 10890 10889 10888
f 10867 10865 10866
f 10866 10865 10864
f 10962 10960 10961
f 10961 10960 10959
f 10966 10964 10965
f 10965 10964 10963
f 10969 10968 10967
f 10970 10968 10969
f 10847 10853 10846
f 10853 10847 10852
f 10852 10847 10851
f 10989 10988 10987
f 10973 10972 10971
f 10856 10857 10855
f 10856 10855 10854
f 10990 10988 10989
f 10957 10956 10955
f 10837 10840 10841
f 10840 10837 10839
f 10837 10841 10836
f 10851 10843 10850
f 10851 10847 10843
f 10957 10958 10956
f 10974 10972 10973
f 10847 10846 10845
f 10856 10863 10857
f 10857 10863 10862
f 10837 10836 10835
f 10906 10905 10904
f 10907 10905 10906
f 10899 10897 10898
f 10898 10897 10896
f 10839 10837 10838
f 10860 10863 10856
f 10929 10931 10930
f 10932 10931 10929
f 10934 10932 10933
f 10934 10931 10932
f 10981 10980 10979
f 10977 10976 10975
f 10976 10977 10978
f 10925 10924 10923
f 10926 10924 10925
f 10914 10913 10912
f 10915 10913 10914
f 10982 10980 10981
f 10844 10843 10842
f 10918 10917 10916
f 10848 10843 10844
f 10849 10843 10848
f 10850 10843 10849
f 10929 10928 10927
f 10929 10930 10928
f 10985 10984 10983
f 10986 10984 10985
f 10941 10940 10939
f 10941 10942 10940
f 10937 10936 10935
f 10938 10936 10937
f 10919 10917 10918
f 10902 10901 10900
f 10903 10901 10902
f 10894 10893 10892
f 10895 10893 10894
f 10921 10919 10920
f 10860 10859 10858
f 10860 10861 10859
f 10860 10856 10861
f 10922 10917 10919
f 10922 10919 10921
f 10993 10992 10991
f 10994 10992 10993
f 10945 10946 10944
f 10953 10954 10952
f 10953 10952 10951
f 10911 10909 10910
f 10910 10909 10908
f 10879 10877 10878
f 10870 10869 10868
f 10870 10871 10869
f 10878 10877 10876
f 10945 10944 10943
f 10949 10950 10948
f 10949 10948 10947
f 10883 10881 10882
f 10882 10881 10880
f 11034 11035 11033
f 11034 11033 11032
f 11047 11045 11046
f 11046 11045 11044
f 11051 11049 11050
f 11050 11049 11048
f 11027 11025 11026
f 11026 11025 11024
f 11122 11120 11121
f 11121 11120 11119
f 11126 11124 11125
f 11125 11124 11123
f 11129 11128 11127
f 11130 11128 11129
f 11007 11013 11006
f 11013 11007 11012
f 11012 11007 11011
f 11149 11148 11147
f 11133 11132 11131
f 11016 11017 11015
f 11016 11015 11014
f 11150 11148 11149
f 11117 11116 11115
f 10997 11000 11001
f 11000 10997 10999
f 10997 11001 10996
f 11011 11003 11010
f 11011 11007 11003
f 11117 11118 11116
f 11134 11132 11133
f 11007 11006 11005
f 11016 11023 11017
f 11017 11023 11022
f 10997 10996 10995
f 11066 11065 11064
f 11067 11065 11066
f 11059 11057 11058
f 11058 11057 11056
f 10999 10997 10998
f 11020 11023 11016
f 11089 11091 11090
f 11092 11091 11089
f 11094 11092 11093
f 11094 11091 11092
f 11141 11140 11139
f 11137 11136 11135
f 11136 11137 11138
f 11085 11084 11083
f 11086 11084 11085
f 11074 11073 11072
f 11075 11073 11074
f 11142 11140 11141
f 11004 11003 11002
f 11078 11077 11076
f 11008 11003 11004
f 11009 11003 11008
f 11010 11003 11009
f 11089 11088 11087
f 11089 11090 11088
f 11145 11144 11143
f 11146 11144 11145
f 11101 11100 11099
f 11101 11102 11100
f 11097 11096 11095
f 11098 11096 11097
f 11079 11077 11078
f 11062 11061 11060
f 11063 11061 11062
f 11054 11053 11052
f 11055 11053 11054
f 11081 11079 11080
f 11020 11019 11018
f 11020 11021 11019
f 11020 11016 11021
f 11082 11077 11079
f 11082 11079 11081
f 11153 11152 11151
f 11154 11152 11153
f 11105 11106 11104
f 11113 11114 11112
f 11113 11112 11111
f 11071 11069 11070
f 11070 11069 11068
f 11039 11037 11038
f 11030 11029 11028
f 11030 11031 11029
f 11038 11037 11036
f 11105 11104 11103
f 11109 11110 11108
f 11109 11108 11107
f 11043 11041 11042
f 11042 11041 11040
f 11194 11195 11193
f 11194 11193 11192
f 11207 11205 11206
f 11206 11205 11204
f 11211 11209 11210
f 11210 11209 11208
f 11187 11185 11186
f 11186 11185 11184
f 11282 11280 11281
f 11281 11280 11279
f 11286 11284 11285
f 11285 11284 11283
f 11289 11288 11287
f 11290 11288 11289
f 11167 11173 11166
f 11173 11167 11172
f 11172 11167 11171
f 11309 11308 11307
f 11293 11292 11291
f 11176 11177 11175
f 11176 11175 11174
f 11310 11308 11309
f 11277 11276 11275
f 11157 11160 11161
f 11160 11157 11159
f 11157 11161 11156
f 11171 11163 11170
f 11171 11167 11163
f 11277 11278 11276
f 11294 11292 11293
f 11167 11166 11165
f 11176 11183 11177
f 11177 11183 11182
f 11157 11156 11155
f 11226 11225 11224
f 11227 11225 11226
f 11219 11217 11218
f 11218 11217 11216
f 11159 11157 11158
f 11180 11183 11176
f 11249 11251 11250
f 11252 11251 11249
f 11254 11252 11253
f 11254 11251 11252
f 11301 11300 11299
f 11297 11296 11295
f 11296 11297 11298
f 11245 11244 11243
f 11246 11244 11245
f 11234 11233 11232
f 11235 11233 11234
f 11302 11300 11301
f 11164 11163 11162
f 11238 11237 11236
f 11168 11163 11164
f 11169 11163 11168
f 11170 11163 11169
f 11249 11248 11247
f 11249 11250 11248
f 11305 11304 11303
f 11306 11304 11305
f 11261 11260 11259
f 11261 11262 11260
f 11257 11256 11255
f 11258 11256 11257
f 11239 11237 11238
f 11222 11221 11220
f 11223 11221 11222
f 11214 11213 11212
f 11215 11213 11214
f 11241 11239 11240
f 11180 11179 11178
f 11180 11181 11179
f 11180 11176 11181
f 11242 11237 11239
f 11242 11239 11241
f 11313 11312 11311
f 11314 11312 11313
f 11265 11266 11264
f 11273 11274 11272
f 11273 11272 11271
f 11231 11229 11230
f 11230 11229 11228
f 11199 11197 11198
f 11190 11189 11188
f 11190 11191 11189
f 11198 11197 11196
f 11265 11264 11263
f 11269 11270 11268
f 11269 11268 11267
f 11203 11201 11202
f 11202 11201 11200
f 11354 11355 11353
f 11354 11353 11352
f 11367 11365 11366
f 11366 11365 11364
f 11371 11369 11370
f 11370 11369 11368
f 11347 11345 11346
f 11346 11345 11344
f 11442 11440 11441
f 11441 11440 11439
f 11446 11444 11445
f 11445 11444 11443
f 11449 11448 11447
f 11450 11448 11449
f 11327 11333 11326
f 11333 11327 11332
f 11332 11327 11331
f 11469 11468 11467
f 11453 11452 11451
f 11336 11337 11335
f 11336 11335 11334
f 11470 11468 11469
f 11437 11436 11435
f 11317 11320 11321
f 11320 11317 11319
f 11317 11321 11316
f 11331 11323 11330
f 11331 11327 11323
f 11437 11438 11436
f 11454 11452 11453
f 11327 11326 11325
f 11336 11343 11337
f 11337 11343 11342
f 11317 11316 11315
f 11386 11385 11384
f 11387 11385 11386
f 11379 11377 11378
f 11378 11377 11376
f 11319 11317 11318
f 11340 11343 11336
f 11409 11411 11410
f 11412 11411 11409
f 11414 11412 11413
f 11414 11411 11412
f 11461 11460 11459
f 11457 11456 11455
f 11456 11457 11458
f 11405 11404 11403
f 11406 11404 11405
f 11394 11393 11392
f 11395 11393 11394
f 11462 11460 11461
f 11324 11323 11322
f 11398 11397 11396
f 11328 11323 11324
f 11329 11323 11328
f 11330 11323 11329
f 11409 11408 11407
f 11409 11410 11408
f 11465 11464 11463
f 11466 11464 11465
f 11421 11420 11419
f 11421 11422 11420
f 11417 11416 11415
f 11418 11416 11417
f 11399 11397 11398
f 11382 11381 11380
f 11383 11381 11382
f 11374 11373 11372
f 11375 11373 11374
f 11401 11399 11400
f 11340 11339 11338
f 11340 11341 11339
f 11340 11336 11341
f 11402 11397 11399
f 11402 11399 11401
f 11473 11472 11471
f 11474 11472 11473
f 11425 11426 11424
f 11433 11434 11432
f 11433 11432 11431
f 11391 11389 11390
f 11390 11389 11388
f 11359 11357 11358
f 11350 11349 11348
f 11350 11351 11349
f 11358 11357 11356
f 11425 11424 11423
f 11429 11430 11428
f 11429 11428 11427
f 11363 11361 11362
f 11362 11361 11360
f 11514 11515 11513
f 11514 11513 11512
f 11527 11525 11526
f 11526 11525 11524
f 11531 11529 11530
f 11530 11529 11528
f 11507 11505 11506
f 11506 11505 11504
f 11602 11600 11601
f 11601 11600 11599
f 11606 11604 11605
f 11605 11604 11603
f 11609 11608 11607
f 11610 11608 11609
f 11487 11493 11486
f 11493 11487 11492
f 11492 11487 11491
f 11629 11628 11627
f 11613 11612 11611
f 11496 11497 11495
f 11496 11495 11494
f 11630 11628 11629
f 11597 11596 11595
f 11477 11480 11481
f 11480 11477 11479
f 11477 11481 11476
f 11491 11483 11490
f 11491 11487 11483
f 11597 11598 11596
f 11614 11612 11613
f 11487 11486 11485
f 11496 11503 11497
f 11497 11503 11502
f 11477 11476 11475
f 11546 11545 11544
f 11547 11545 11546
f 11539 11537 11538
f 11538 11537 11536
f 11479 11477 11478
f 11500 11503 11496
f 11569 11571 11570
f 11572 11571 11569
f 11574 11572 11573
f 11574 11571 11572
f 11621 11620 11619
f 11617 11616 11615
f 11616 11617 11618
f 11565 11564 11563
f 11566 11564 11565
f 11554 11553 11552
f 11555 11553 11554
f 11622 11620 11621
f 11484 11483 11482
f 11558 11557 11556
f 11488 11483 11484
f 11489 11483 11488
f 11490 11483 11489
f 11569 11568 11567
f 11569 11570 11568
f 11625 11624 11623
f 11626 11624 11625
f 11581 11580 11579
f 11581 11582 11580
f 11577 11576 11575
f 11578 11576 11577
f 11559 11557 11558
f 11542 11541 11540
f 11543 11541 11542
f 11534 11533 11532
f 11535 11533 11534
f 11561 11559 11560
f 11500 11499 11498
f 11500 11501 11499
f 11500 11496 11501
f 11562 11557 11559
f 11562 11559 11561
f 11633 11632 11631
f 11634 11632 11633
f 11585 11586 11584
f 11593 11594 11592
f 11593 11592 11591
f 11551 11549 11550
f 11550 11549 11548
f 11519 11517 11518
f 11510 11509 11508
f 11510 11511 11509
f 11518 11517 11516
f 11585 11584 11583
f 11589 11590 11588
f 11589 11588 11587
f 11523 11521 11522
f 11522 11521 11520
f 11830 11847 11832
f 11833 11832 11845
f 11829 11832 11833
f 11845 11832 11847
f 11830 11832 11829
f 11846 11830 11831
f 11847 11830 11846
f 11831 11830 11829
f 11833 11834 11829
f 11834 11831 11829
f 11918 11921 11917
f 11921 11918 11920
f 11919 11918 11917
f 11919 11920 11918
f 11834 11846 11831
f 11981 11979 11980
f 11980 11983 11981
f 11983 11980 11982
f 11982 11980 11979
f 11922 11921 11920
f 11922 11920 11919
f 11945 11946 11944
f 11945 11944 11942
f 11943 11945 11942
f 11943 11958 11945
f 11945 11958 11946
f 11917 11921 11909
f 11917 11909 11919
f 11981 11977 11979
f 11982 11979 11978
f 11979 11977 11978
f 11981 11976 11977
f 11976 11981 11983
f 11841 11847 11846
f 11836 11847 11841
f 11836 11845 11847
f 11833 11845 11844
f 11834 11833 11844
f 11925 11924 11921
f 11909 11921 11908
f 11924 11908 11921
f 11919 11916 11924
f 11925 11919 11924
f 11919 11909 11923
f 11916 11919 11923
f 11982 11976 11983
f 11982 11978 11976
f 11954 11946 11958
f 11946 11954 11944
f 11844 11845 11838
f 11845 11836 11838
f 11978 11977 11976
f 11846 11834 11844
f 11846 11839 11841
f 11844 11839 11846
f 11924 11916 11908
f 11902 11900 11903
f 11901 11898 11900
f 11902 11901 11900
f 11898 11903 11900
f 11943 11954 11958
f 11933 11941 11942
f 11942 11939 11943
f 11933 11942 11959
f 11907 11923 11909
f 11909 11908 11907
f 11844 11838 11839
f 11910 11907 11908
f 11910 11908 11916
f 11907 11914 11923
f 11923 11914 11916
f 11952 11943 11927
f 11939 11927 11943
f 11943 11953 11954
f 11943 11952 11953
f 11911 11907 11910
f 11911 11910 11913
f 11913 11912 11911
f 11939 11942 11941
f 11911 11912 11914
f 11907 11911 11914
f 11902 11904 11901
f 11904 11902 11903
f 11944 11953 11951
f 11953 11944 11954
f 11951 11933 11959
f 11901 11905 11898
f 11906 11903 11898
f 11905 11896 11898
f 11897 11898 11896
f 11897 11906 11898
f 11901 11904 11905
f 11903 11899 11904
f 11903 11906 11899
f 11915 11916 11914
f 11910 11916 11915
f 11953 11952 11951
f 11971 11969 11970
f 11973 11971 11970
f 11973 11969 11971
f 11905 11894 11896
f 11899 11894 11905
f 11905 11904 11899
f 11906 11897 11893
f 11899 11906 11893
f 11973 11970 11972
f 11969 11973 11974
f 11974 11973 11972
f 11970 11969 11968
f 11968 11969 11975
f 11975 11969 11974
f 11952 11928 11951
f 11951 11928 11933
f 11970 11968 11975
f 11970 11975 11972
f 11913 11910 11915
f 11915 11914 11912
f 11974 11972 11975
f 11928 11934 11933
f 11934 11930 11933
f 11930 11947 11933
f 11947 11941 11933
f 11894 11899 11893
f 11927 11928 11952
f 11955 11934 11928
f 11928 11927 11926
f 11955 11928 11926
f 11926 11927 11956
f 11930 11956 11927
f 11930 11927 11929
f 11929 11927 11939
f 11897 11896 11895
f 11895 11893 11897
f 11915 11912 11913
f 11934 11955 11930
f 11894 11895 11896
f 11926 11956 11955
f 11895 11894 11893
f 11941 11940 11939
f 11947 11940 11941
f 11963 11966 11961
f 11966 11963 11962
f 11963 11961 11962
f 11935 11930 11950
f 11930 11935 11936
f 11930 11955 11956
f 11950 11930 11929
f 11961 11965 11960
f 11962 11961 11960
f 11961 11966 11964
f 11965 11961 11964
f 11940 11929 11939
f 11966 11962 11967
f 11966 11967 11964
f 11962 11965 11967
f 11965 11962 11960
f 11936 11938 11937
f 11931 11938 11936
f 11936 11935 11931
f 11937 11940 11936
f 11948 11929 11940
f 11950 11929 11949
f 11931 11949 11929
f 11932 11931 11929
f 11932 11929 11948
f 11964 11967 11965
f 11937 11948 11940
f 11950 11949 11935
f 11949 11931 11935
f 11957 11931 11932
f 11938 11931 11957
f 11932 11948 11957
f 11842 11835 11841
f 11840 11842 11841
f 11839 11840 11841
f 11836 11841 11835
f 11837 11838 11836
f 11837 11836 11835
f 11838 11837 11839
f 11837 11840 11839
f 11843 11835 11842
f 11843 11842 11840
f 11957 11937 11938
f 11957 11948 11937
f 11843 11837 11835
f 11837 11843 11840
f 12008 12013 12015
f 12012 12015 12013
f 12015 12012 12014
f 12014 12008 12015
f 12013 12011 12012
f 12013 12008 12009
f 12013 12009 12011
f 12014 12012 12011
f 12014 12010 12008
f 12014 12011 12010
f 11870 11861 11869
f 11872 11861 11873
f 11873 11861 11862
f 11863 11862 11861
f 11870 11863 11861
f 11872 11869 11861
f 12005 12000 12001
f 12000 12005 12007
f 12004 12007 12005
f 12005 12003 12004
f 12005 12001 12003
f 12007 12004 12006
f 12006 12000 12007
f 12006 12002 12000
f 12006 12004 12003
f 12006 12003 12002
f 11992 11997 11999
f 11996 11999 11997
f 11999 11996 11998
f 11998 11992 11999
f 11997 11992 11993
f 11997 11993 11995
f 11997 11995 11996
f 12010 12009 12008
f 11998 11994 11992
f 11998 11995 11994
f 11998 11996 11995
f 11859 11858 11848
f 11858 11859 11860
f 11860 11857 11858
f 11858 11857 11850
f 11848 11858 11850
f 11850 11849 11848
f 11850 11851 11849
f 11850 11856 11851
f 11850 11857 11856
f 12011 12009 12010
f 11991 11988 11990
f 11988 11991 11989
f 11984 11989 11991
f 11990 11984 11991
f 12344 12367 12364
f 12364 12367 12366
f 12366 12365 12364
f 12344 12364 12343
f 12365 12343 12364
f 12361 12349 12360
f 12358 12361 12360
f 12360 12359 12358
f 12349 12359 12360
f 11989 11987 11988
f 11989 11984 11985
f 11989 11985 11987
f 11990 11987 11986
f 11990 11988 11987
f 11990 11986 11984
f 11863 11871 11872
f 11873 11863 11872
f 11872 11871 11869
f 11857 11860 11859
f 12353 12356 12355
f 12353 12351 12357
f 12354 12351 12353
f 12357 12356 12353
f 12355 12354 12353
f 12345 12378 12375
f 12376 12345 12375
f 12377 12376 12375
f 12378 12377 12375
f 11857 11859 11848
f 11857 11848 11856
f 11815 11808 11814
f 11808 11807 11805
f 11808 11815 11807
f 11803 11801 11804
f 11813 11804 11811
f 11801 11811 11804
f 12362 12349 12361
f 12363 12359 12349
f 12349 12332 12363
f 12332 12349 12334
f 12341 12349 12362
f 12341 12334 12349
f 12404 12406 12407
f 12404 12407 12405
f 12407 12406 12405
f 12343 12348 12338
f 12343 12338 12340
f 12348 12343 12365
f 12337 12343 12340
f 12344 12343 12337
f 11870 11871 11863
f 11864 11862 11863
f 11863 11873 11864
f 11874 11873 11862
f 11864 11874 11862
f 11807 11806 11805
f 11803 11802 11801
f 12347 12378 12345
f 12347 12376 12378
f 12376 12377 12378
f 12340 12347 12345
f 12346 12345 12376
f 12346 12340 12345
f 11856 11848 11849
f 11873 11875 11864
f 11873 11874 11876
f 11873 11876 11875
f 12374 12368 12372
f 12370 12369 12368
f 12369 12372 12368
f 12368 12371 12370
f 12374 12371 12368
f 12365 12366 12367
f 12344 12348 12367
f 12367 12348 12365
f 12361 12358 12359
f 12363 12361 12359
f 12363 12342 12362
f 12342 12363 12332
f 12362 12361 12363
f 12348 12344 12337
f 12350 12356 12357
f 12333 12350 12357
f 12357 12351 12335
f 12357 12335 12333
f 12340 12338 12347
f 12338 12336 12347
f 12346 12376 12347
f 12347 12336 12346
f 11871 11865 11869
f 11867 11869 11868
f 11869 11865 11868
f 11870 11869 11867
f 12350 12354 12356
f 12354 12355 12356
f 12337 12338 12348
f 12330 12350 12333
f 12330 12351 12350
f 12351 12354 12350
f 12340 12346 12336
f 11864 11875 11874
f 12362 12342 12341
f 11669 11674 11677
f 11677 11674 11678
f 11677 11679 11669
f 11678 11679 11677
f 11994 11993 11992
f 11851 11855 11852
f 11849 11851 11853
f 11853 11851 11852
f 11856 11855 11851
f 11885 11887 11884
f 11882 11885 11884
f 11882 11884 11883
f 11886 11883 11884
f 11886 11884 11889
f 11889 11884 11887
f 12374 12369 12371
f 12369 12370 12371
f 11995 11993 11994
f 12373 12372 12369
f 12373 12330 12372
f 12372 12330 12339
f 12339 12374 12372
f 11870 11865 11871
f 11870 11867 11865
f 12002 12001 12000
f 12335 12351 12330
f 12003 12001 12002
f 11875 11876 11874
f 11810 11811 11801
f 11810 11801 11802
f 11986 11985 11984
f 12104 12123 12124
f 12124 12123 12122
f 12120 12119 12118
f 12120 12112 12119
f 12112 12120 12104
f 12373 12374 12330
f 12339 12328 12374
f 12330 12374 12328
f 12373 12369 12374
f 11812 11809 11807
f 11812 11807 11815
f 11809 11806 11807
f 12124 12103 12104
f 12122 12103 12124
f 11987 11985 11986
f 11810 11802 11809
f 12119 12114 12118
f 12115 12118 12126
f 12103 12122 12115
f 12119 12112 12121
f 12114 12119 12121
f 11886 11881 11883
f 11886 11882 11881
f 11885 11882 11886
f 11888 11886 11889
f 11885 11886 11888
f 11849 11855 11856
f 12102 12116 12117
f 12103 12116 12102
f 12117 12116 12108
f 12103 12108 12116
f 11888 11887 11885
f 12117 12106 12102
f 12106 12117 12108
f 12108 12103 12107
f 12108 12107 12106
f 11879 11882 11883
f 11879 11883 11878
f 11878 11883 11881
f 11853 11855 11849
f 11890 11889 11887
f 11888 11890 11887
f 11889 11891 11888
f 11889 11890 11892
f 11669 11668 11674
f 11678 11674 11673
f 11813 11811 11818
f 11814 11820 11815
f 12338 12337 12336
f 11880 11882 11879
f 11882 11880 11881
f 11888 11891 11890
f 11889 11892 11891
f 11674 11668 11673
f 11881 11880 11878
f 11669 11679 11666
f 11680 11666 11679
f 11680 11679 11678
f 11678 11673 11672
f 11680 11678 11672
f 11815 11820 11819
f 11819 11816 11815
f 11815 11816 11812
f 12341 12342 12337
f 12337 12342 12336
f 12341 12337 12340
f 11891 11892 11890
f 11866 11868 11865
f 11866 11867 11868
f 12336 12341 12340
f 12336 12342 12335
f 12336 12335 12331
f 12336 12331 12341
f 11867 11866 11865
f 11810 11809 11812
f 12113 12121 12125
f 12125 12112 12113
f 12121 12112 12125
f 11683 11671 11673
f 11683 11673 11675
f 11671 11672 11673
f 11673 11668 11675
f 12121 12113 12114
f 12114 12113 12111
f 12113 12112 12111
f 11818 11811 11817
f 11817 11811 11812
f 11812 11811 11810
f 12405 12402 12404
f 12398 12404 12402
f 12398 12406 12404
f 11879 11878 11877
f 11877 11880 11879
f 12335 12342 12332
f 11672 11671 11670
f 11670 11680 11672
f 11880 11877 11878
f 12334 12333 12332
f 12335 12332 12333
f 12398 12400 12406
f 12400 12405 12406
f 12402 12405 12400
f 12107 12103 12115
f 12104 12103 12102
f 12331 12334 12341
f 11817 11812 11816
f 11669 11667 11668
f 11667 11669 11666
f 11819 11820 11825
f 11822 11818 11817
f 11819 11825 11824
f 11828 11824 11825
f 11822 11817 11821
f 11821 11826 11822
f 11676 11666 11675
f 11666 11676 11643
f 11675 11666 11680
f 11667 11666 11643
f 11854 11852 11855
f 11853 11854 11855
f 11854 11853 11852
f 11680 11670 11675
f 11816 11819 11824
f 12333 12334 12331
f 12105 12106 12107
f 12106 12105 12102
f 12330 12331 12335
f 11648 11668 11667
f 11668 11676 11675
f 11676 11668 11649
f 11649 11668 11648
f 11683 11675 11670
f 11684 11670 11671
f 11681 11671 11683
f 11671 11681 11684
f 12104 12109 12112
f 12109 12111 12112
f 12111 12115 12126
f 12339 12330 12333
f 12331 12339 12333
f 11821 11817 11823
f 11823 11817 11816
f 12111 12109 12110
f 12110 12115 12111
f 12331 12330 12329
f 12328 12329 12330
f 12105 12107 12110
f 12110 12107 12115
f 12339 12327 12328
f 12329 12328 12327
f 12104 12102 12109
f 11670 11681 11683
f 11824 11827 11823
f 11816 11824 11823
f 12329 12352 12331
f 12331 12352 12339
f 12102 12105 12109
f 12389 12396 12395
f 12396 12389 12386
f 12386 12389 12388
f 12388 12389 12390
f 12339 12352 12327
f 12105 12110 12109
f 11684 11682 11670
f 11682 11681 11670
f 11827 11821 11823
f 11684 11681 11682
f 11676 11662 11643
f 11662 11676 11649
f 11769 11768 11776
f 11769 11776 11772
f 11779 11772 11776
f 11779 11776 11780
f 11776 11775 11780
f 11776 11768 11775
f 12419 12418 12417
f 12413 12412 12411
f 12423 12417 12418
f 12413 12416 12412
f 12411 12421 12413
f 12419 12420 12418
f 12384 12383 12380
f 12380 12383 12327
f 12327 12379 12380
f 12381 12380 12379
f 12380 12381 12382
f 12382 12384 12380
f 11696 11701 11702
f 11691 11702 11701
f 11701 11696 11693
f 11693 11699 11701
f 11701 11687 11691
f 11701 11699 11687
f 11702 11691 11695
f 11695 11697 11702
f 11702 11697 11696
f 12417 12422 12415
f 12422 12411 12415
f 11700 11687 11699
f 11700 11699 11690
f 11690 11699 11689
f 11693 11689 11699
f 12388 12387 12386
f 12401 12402 12400
f 12393 12392 12391
f 12392 12393 12394
f 12403 12398 12402
f 12327 12383 12329
f 12379 12327 12352
f 11698 11700 11690
f 11700 11698 11688
f 11687 11700 11688
f 12189 12188 12208
f 12187 12188 12189
f 12189 12206 12174
f 12208 12206 12189
f 12174 12190 12189
f 12189 12190 12187
f 12414 12417 12415
f 12414 12419 12417
f 12384 12382 12385
f 11778 11779 11780
f 11775 11777 11780
f 12411 12412 12415
f 12194 12187 12190
f 12175 12194 12190
f 12174 12175 12190
f 11688 11686 11687
f 11686 11688 11698
f 11686 11698 11690
f 11686 11690 11685
f 11685 11690 11689
f 11685 11689 11693
f 11687 11686 11685
f 11696 11692 11693
f 11687 11685 11692
f 11687 11692 11691
f 11694 11691 11692
f 11694 11692 11696
f 11697 11694 11696
f 11697 11695 11694
f 11695 11691 11694
f 11685 11693 11692
f 12174 12206 12195
f 12195 12180 12174
f 12176 12175 12174
f 12174 12180 12176
f 12397 12401 12400
f 12399 12397 12400
f 12400 12398 12399
f 12318 12317 12316
f 12319 12316 12317
f 12319 12317 12320
f 12410 12409 12408
f 12314 12312 12311
f 12312 12314 12315
f 12313 12314 12311
f 12322 12323 12324
f 12282 12258 12261
f 12282 12261 12269
f 12257 12309 12282
f 12282 12269 12257
f 12323 12322 12321
f 12313 12257 12258
f 12313 12311 12257
f 12311 12310 12309
f 12326 12319 12325
f 12310 12311 12312
f 12309 12257 12311
f 12260 12261 12258
f 12259 12258 12257
f 12258 12259 12260
f 12399 12398 12397
f 12205 12187 12194
f 12187 12205 12186
f 12188 12187 12186
f 11663 11643 11662
f 11663 11662 11649
f 11646 11649 11648
f 11646 11663 11649
f 11643 11663 11645
f 11645 11644 11643
f 11646 11648 11644
f 11769 11766 11768
f 11770 11766 11769
f 11770 11769 11772
f 12176 12180 12196
f 12176 12195 12175
f 12196 12195 12176
f 12426 12429 12428
f 12429 12430 12428
f 12429 12431 12430
f 11768 11777 11775
f 12188 12241 12208
f 12188 12240 12241
f 12240 12188 12186
f 12415 12412 12414
f 12319 12326 12316
f 11665 11652 11650
f 11665 11651 11652
f 11652 11651 11650
f 11773 11772 11779
f 11773 11779 11778
f 12196 12185 12195
f 12195 12183 12175
f 12206 12183 12195
f 12195 12185 12180
f 11749 11752 11751
f 11751 11750 11749
f 11752 11749 11750
f 12431 12433 12430
f 12183 12180 12185
f 12182 12180 12183
f 12182 12181 12180
f 12180 12181 12196
f 11770 11772 11771
f 11774 11772 11773
f 11771 11772 11774
f 11768 11767 11777
f 11768 11766 11767
f 12257 12269 12259
f 12427 12425 12426
f 12426 12425 12424
f 12426 12428 12427
f 12205 12240 12186
f 12194 12175 12170
f 12170 12175 12199
f 12183 12199 12175
f 12184 12182 12183
f 12182 12184 12192
f 12209 12192 12184
f 12184 12207 12209
f 12207 12184 12206
f 12183 12206 12184
f 12211 12196 12181
f 12196 12197 12185
f 12197 12196 12198
f 12198 12196 12211
f 11665 11650 11664
f 11665 11654 11651
f 11665 11664 11654
f 12430 12433 12432
f 11663 11646 11657
f 11657 11645 11663
f 12208 12207 12206
f 12197 12183 12185
f 11650 11651 11654
f 11644 11647 11646
f 11647 11644 11645
f 12207 12208 12254
f 12254 12208 12241
f 11762 11760 11759
f 11763 11760 11762
f 11764 11763 11762
f 11762 11761 11764
f 11761 11762 11759
f 11657 11664 11650
f 11650 11658 11657
f 11658 11650 11653
f 11654 11653 11650
f 12182 12192 12193
f 12201 12181 12182
f 11767 11766 11765
f 12260 12302 12269
f 12304 12269 12302
f 12259 12269 12304
f 12269 12261 12264
f 12260 12269 12264
f 11737 11736 11735
f 11763 11761 11760
f 11764 11761 11763
f 12263 12264 12261
f 12263 12261 12271
f 12265 12266 12261
f 12261 12260 12265
f 12181 12168 12169
f 12169 12211 12181
f 12201 12168 12181
f 11737 11740 11738
f 11738 11736 11737
f 11739 11735 11736
f 11740 11735 11739
f 12261 12266 12271
f 11723 11724 11725
f 11724 11723 11722
f 11722 11723 11725
f 12436 12435 12434
f 12434 12435 12444
f 12441 12440 12439
f 12199 12183 12197
f 11654 11664 11655
f 11655 11664 11657
f 12194 12203 12202
f 12194 12170 12171
f 12171 12203 12194
f 12202 12205 12194
f 12304 12260 12259
f 12281 12265 12260
f 12280 12260 12264
f 12304 12303 12260
f 12260 12303 12302
f 12281 12260 12280
f 12193 12192 12166
f 12192 12158 12166
f 12192 12209 12212
f 12158 12192 12212
f 12166 12168 12201
f 11738 11740 11739
f 11705 11704 11703
f 11705 11707 11704
f 11704 11707 11703
f 12280 12264 12287
f 12262 12265 12264
f 12265 12287 12264
f 12264 12263 12262
f 11788 11786 11787
f 11800 11799 11798
f 11788 11787 11794
f 11782 11783 11784
f 11783 11782 11781
f 12205 12202 12246
f 12240 12205 12246
f 12161 12160 12159
f 12162 12160 12161
f 12242 12230 12241
f 12242 12241 12240
f 12254 12241 12230
f 12240 12246 12242
f 11758 11760 11761
f 11758 11757 11760
f 11760 11757 11759
f 12238 12207 12254
f 12207 12238 12209
f 11787 11786 11785
f 11791 11792 11790
f 12245 12209 12238
f 12209 12245 12212
f 11653 11654 11655
f 11752 11753 11751
f 11755 11751 11753
f 11750 11751 11755
f 11658 11645 11657
f 11646 11655 11657
f 12168 12166 12167
f 12167 12169 12168
f 12197 12172 12199
f 12198 12200 12197
f 12172 12197 12200
f 11646 11647 11656
f 11646 11656 11655
f 11754 11753 11752
f 11752 11750 11754
f 11756 11761 11759
f 11759 11757 11756
f 12281 12287 12265
f 12272 12266 12265
f 12272 12265 12262
f 11794 11787 11793
f 11791 11790 11789
f 11758 11761 11756
f 12245 12158 12212
f 12159 12160 12165
f 12263 12271 12279
f 12279 12262 12263
f 12170 12199 12172
f 11660 11658 11653
f 11645 11658 11661
f 11660 11661 11658
f 11754 11750 11755
f 12163 12160 12162
f 12165 12160 12164
f 12164 12160 12163
f 11661 11647 11645
f 11746 11734 11733
f 11747 11734 11746
f 11748 11747 11746
f 11745 11746 11733
f 11746 11745 11748
f 12157 12167 12166
f 12157 12166 12158
f 11725 11724 11719
f 11719 11724 11718
f 11718 11724 11722
f 12238 12235 12245
f 12245 12235 12244
f 12245 12244 12223
f 12158 12245 12223
f 11748 11745 11747
f 11747 11745 11734
f 11661 11659 11647
f 11656 11647 11659
f 12254 12237 12238
f 12254 12230 12247
f 12237 12254 12247
f 11725 11719 11726
f 11725 11718 11722
f 11725 11726 11718
f 12271 12266 12270
f 12268 12271 12270
f 12279 12271 12292
f 12272 12271 12268
f 12272 12292 12271
f 12223 12215 12158
f 12156 12158 12215
f 12158 12156 12157
f 12293 12272 12262
f 12262 12279 12293
f 11754 11758 11753
f 11754 11757 11758
f 11757 11754 11756
f 11756 11754 11755
f 12157 12191 12167
f 12157 12156 12155
f 11753 11758 11755
f 12235 12238 12237
f 12172 12171 12170
f 11655 11660 11653
f 12272 12268 12266
f 12272 12293 12292
f 12203 12246 12202
f 11755 11758 11756
f 12135 12138 12132
f 12129 12136 12135
f 12133 12135 12132
f 12191 12210 12167
f 11797 11796 11795
f 12135 12136 12138
f 11656 11660 11655
f 12156 12215 12214
f 12224 12215 12223
f 12243 12215 12224
f 12266 12267 12277
f 12266 12277 12276
f 12276 12270 12266
f 12268 12267 12266
f 12267 12273 12270
f 12267 12270 12277
f 12270 12276 12275
f 12277 12270 12275
f 12273 12268 12270
f 12225 12223 12253
f 12225 12253 12236
f 12236 12253 12235
f 12236 12235 12234
f 12234 12235 12237
f 12178 12179 12200
f 12200 12179 12172
f 12267 12268 12278
f 12274 12278 12268
f 12273 12274 12268
f 12127 12136 12129
f 12137 12138 12136
f 12137 12136 12127
f 12223 12225 12224
f 12171 12173 12203
f 12173 12171 12172
f 11745 11732 11734
f 11734 11732 11733
f 12177 12178 12213
f 12233 12177 12213
f 12255 12243 12224
f 11659 11661 11660
f 11656 11659 11660
f 12179 12178 12177
f 11738 11742 11736
f 11741 11738 11739
f 11742 11738 11741
f 12234 12230 12231
f 12232 12231 12230
f 12232 12230 12242
f 12234 12247 12230
f 12246 12232 12242
f 11736 11741 11739
f 11736 11742 11743
f 11743 11741 11736
f 12239 12247 12234
f 12237 12247 12232
f 12239 12248 12247
f 12247 12231 12232
f 12247 12248 12231
f 12234 12237 12239
f 12251 12237 12232
f 12237 12251 12249
f 12237 12249 12239
f 12234 12231 12248
f 12236 12234 12248
f 11729 11727 11721
f 11729 11728 11730
f 11730 11727 11729
f 11729 11721 11728
f 12278 12273 12267
f 12299 12300 12301
f 12301 12298 12299
f 12300 12299 12298
f 11732 11745 11744
f 11731 11745 11733
f 11733 11732 11731
f 11721 11726 11719
f 11720 11719 11718
f 11720 11721 11719
f 11703 11715 11705
f 11707 11705 11706
f 11705 11715 11706
f 12233 12179 12177
f 11727 11730 11728
f 12142 12141 12138
f 12137 12143 12138
f 12138 12143 12142
f 12132 12138 12141
f 12225 12236 12226
f 12226 12224 12225
f 11703 11709 11708
f 11711 11703 11708
f 11707 11706 11703
f 11703 11706 11717
f 11711 11715 11703
f 11744 11745 11731
f 12249 12248 12239
f 12306 12308 12305
f 12307 12306 12305
f 12306 12307 12308
f 12284 12285 12286
f 12286 12283 12284
f 12285 12284 12283
f 12143 12147 12149
f 12147 12153 12149
f 12153 12150 12149
f 12150 12142 12149
f 12143 12149 12142
f 12218 12220 12219
f 12218 12221 12220
f 11727 11726 11721
f 11720 11726 11727
f 11720 11718 11726
f 12288 12291 12290
f 12291 12288 12289
f 12290 12289 12288
f 12295 12296 12297
f 12297 12294 12295
f 12296 12295 12294
f 12218 12222 12221
f 12218 12219 12217
f 12218 12216 12222
f 12218 12217 12216
f 12300 12303 12304
f 12302 12303 12300
f 12179 12233 12252
f 11727 11728 11720
f 11728 11721 11720
f 12256 12226 12236
f 12248 12256 12236
f 12204 12173 12172
f 12179 12204 12172
f 12248 12249 12250
f 12248 12250 12256
f 11711 11708 11710
f 11708 11709 11710
f 12137 12144 12143
f 12137 12139 12144
f 12130 12139 12137
f 12137 12127 12130
f 12232 12227 12251
f 12232 12246 12227
f 12129 12128 12127
f 12133 12132 12131
f 12300 12304 12301
f 12302 12300 12298
f 12455 12428 12430
f 12428 12455 12454
f 12428 12454 12427
f 12301 12304 12298
f 12298 12304 12302
f 11742 11732 11743
f 11731 11742 11741
f 11732 11742 11731
f 12142 12145 12141
f 12145 12142 12150
f 12204 12179 12228
f 12179 12252 12228
f 12132 12134 12131
f 12141 12134 12132
f 11743 11732 11744
f 12285 12281 12280
f 12285 12280 12286
f 12281 12283 12287
f 12281 12285 12283
f 11716 11706 11715
f 11706 11716 11713
f 11716 11715 11712
f 11716 11712 11713
f 12173 12229 12203
f 12203 12229 12246
f 11743 11744 11741
f 12227 12246 12229
f 12455 12459 12458
f 12454 12458 12457
f 12458 12454 12455
f 12458 12460 12457
f 12458 12459 12460
f 12427 12454 12453
f 12454 12457 12453
f 12291 12292 12293
f 12279 12292 12291
f 12430 12448 12455
f 12432 12448 12430
f 12127 12128 12130
f 12146 12140 12141
f 12146 12141 12145
f 12134 12141 12140
f 12448 12459 12455
f 12427 12453 12451
f 12427 12451 12425
f 12453 12457 12456
f 12456 12457 12460
f 12307 12276 12277
f 12275 12276 12307
f 12278 12297 12296
f 12278 12274 12297
f 12273 12278 12296
f 12273 12296 12294
f 12291 12293 12290
f 12279 12291 12289
f 12286 12280 12287
f 11741 11744 11731
f 12286 12287 12283
f 12249 12228 12252
f 12252 12250 12249
f 12143 12148 12147
f 12144 12148 12143
f 12307 12277 12308
f 12275 12307 12305
f 12308 12277 12275
f 12152 12147 12148
f 12297 12274 12294
f 12294 12274 12273
f 12290 12293 12279
f 12290 12279 12289
f 12308 12275 12305
f 12173 12204 12228
f 12150 12154 12151
f 12228 12249 12251
f 12432 12447 12448
f 12229 12173 12228
f 12151 12145 12150
f 11717 11706 11714
f 12453 12456 12451
f 12251 12227 12228
f 12146 12145 12151
f 11711 11710 11712
f 11712 11715 11711
f 12435 12438 12437
f 12435 12436 12438
f 12435 12437 12444
f 12229 12228 12227
f 12448 12447 12443
f 12443 12442 12448
f 12448 12449 12459
f 12448 12442 12449
f 12459 12449 12460
f 12441 12439 12443
f 11714 11713 11712
f 11714 11706 11713
f 12451 12437 12438
f 12437 12451 12445
f 12444 12437 12445
f 12451 12456 12450
f 12456 12460 12450
f 12443 12439 12442
f 12445 12451 12450
f 12442 12439 12446
f 12442 12452 12449
f 12452 12460 12449
f 12065 12066 12060
f 12060 12064 12065
f 12062 12065 12064
f 12065 12062 12063
f 12065 12063 12066
f 12442 12446 12452
f 12061 12062 12064
f 12063 12062 12061
f 12023 12025 12026
f 12027 12023 12026
f 12030 12023 12027
f 12023 12030 12022
f 12025 12023 12024
f 12024 12023 12022
f 12067 12064 12060
f 12064 12067 12059
f 12064 12059 12061
f 12059 12063 12061
f 12066 12063 12059
f 12060 12056 12054
f 12056 12060 12066
f 12067 12060 12054
f 12057 12067 12054
f 12067 12057 12059
f 12056 12066 12058
f 12058 12066 12059
f 12029 12027 12028
f 12027 12026 12028
f 12029 12030 12027
f 12046 12053 12052
f 12052 12053 12049
f 12048 12050 12046
f 12049 12050 12048
f 12022 12030 12029
f 12047 12049 12048
f 12048 12046 12047
f 12021 12020 12016
f 12020 12021 12031
f 12021 12033 12031
f 12017 12021 12016
f 12033 12021 12017
f 12059 12057 12058
f 12019 12020 12032
f 12019 12016 12020
f 12032 12020 12031
f 12024 12032 12025
f 12032 12031 12025
f 12025 12031 12026
f 12022 12029 12028
f 12028 12024 12022
f 12026 12031 12033
f 12047 12046 12045
f 12049 12047 12045
f 12026 12033 12028
f 12018 12017 12016
f 12019 12018 12016
f 12032 12024 12034
f 12034 12024 12028
f 12018 12034 12033
f 12018 12033 12017
f 12034 12028 12033
f 12056 12055 12054
f 12054 12055 12057
f 12044 12046 12052
f 12019 12032 12034
f 12046 12044 12051
f 12036 12046 12051
f 12036 12045 12046
f 12049 12045 12036
f 12055 12056 12058
f 12034 12018 12019
f 12058 12057 12055
f 12044 12052 12037
f 12037 12052 12049
f 12049 12036 12037
f 12044 12038 12042
f 12037 12038 12044
f 12043 12051 12044
f 12044 12042 12043
f 12051 12035 12036
f 12043 12035 12051
f 12037 12036 12035
f 12035 12038 12037
f 12041 12042 12040
f 12038 12040 12042
f 12043 12042 12041
f 12041 12039 12043
f 12041 12040 12039
f 12039 12035 12043
f 12035 12039 12038
f 12038 12039 12040
f 12083 12082 12081
f 12082 12089 12075
f 12083 12089 12082
f 12084 12081 12082
f 12082 12075 12084
f 12086 12085 12084
f 12087 12086 12084
f 12081 12084 12085
f 12084 12075 12101
f 12070 12081 12085
f 12071 12083 12081
f 12070 12071 12081
f 12083 12079 12077
f 12071 12090 12083
f 12090 12079 12083
f 12096 12088 12087
f 12094 12087 12093
f 12087 12094 12096
f 12075 12093 12101
f 12069 12093 12075
f 12076 12069 12075
f 12072 12076 12075
f 12089 12072 12075
f 12088 12086 12087
f 12096 12085 12100
f 12094 12085 12096
f 12095 12085 12094
f 12085 12095 12070
f 12100 12085 12086
f 12069 12070 12095
f 12070 12069 12068
f 12070 12068 12098
f 12098 12072 12070
f 12070 12072 12071
f 12071 12073 12090
f 12074 12073 12071
f 12072 12091 12071
f 12071 12091 12092
f 12092 12074 12071
f 12080 12074 12077
f 12078 12077 12074
f 12078 12072 12077
f 12080 12077 12079
f 12090 12073 12099
f 12074 12099 12073
f 12090 12099 12079
f 12088 12096 12100
f 12079 12099 12080
f 12074 12092 12078
f 12074 12080 12099
f 12072 12078 12091
f 12097 12076 12072
f 12069 12095 12093
f 12069 12097 12068
f 12076 12097 12069
f 12097 12072 12098
f 12100 12086 12088
f 12095 12094 12093
f 11637 11636 11635
f 11636 11640 11635
f 11640 11637 11635
f 11640 11636 11639
f 11636 11641 11639
f 11638 11636 11637
f 11638 11641 11636
f 11637 11640 11642
f 11641 11637 11642
f 11641 11638 11637
f 12098 12068 12097
f 12092 12091 12078
f 11639 11642 11640
f 11641 11642 11639
f 12656 12673 12658
f 12659 12658 12671
f 12655 12658 12659
f 12671 12658 12673
f 12656 12658 12655
f 12672 12656 12657
f 12673 12656 12672
f 12657 12656 12655
f 12659 12660 12655
f 12660 12657 12655
f 12744 12747 12743
f 12747 12744 12746
f 12745 12744 12743
f 12745 12746 12744
f 12660 12672 12657
f 12807 12805 12806
f 12806 12809 12807
f 12809 12806 12808
f 12808 12806 12805
f 12748 12747 12746
f 12748 12746 12745
f 12771 12772 12770
f 12771 12770 12768
f 12769 12771 12768
f 12769 12784 12771
f 12771 12784 12772
f 12743 12747 12735
f 12743 12735 12745
f 12807 12803 12805
f 12808 12805 12804
f 12805 12803 12804
f 12807 12802 12803
f 12802 12807 12809
f 12667 12673 12672
f 12662 12673 12667
f 12662 12671 12673
f 12659 12671 12670
f 12660 12659 12670
f 12751 12750 12747
f 12735 12747 12734
f 12750 12734 12747
f 12745 12742 12750
f 12751 12745 12750
f 12745 12735 12749
f 12742 12745 12749
f 12808 12802 12809
f 12808 12804 12802
f 12780 12772 12784
f 12772 12780 12770
f 12670 12671 12664
f 12671 12662 12664
f 12804 12803 12802
f 12672 12660 12670
f 12672 12665 12667
f 12670 12665 12672
f 12750 12742 12734
f 12728 12726 12729
f 12727 12724 12726
f 12728 12727 12726
f 12724 12729 12726
f 12769 12780 12784
f 12759 12767 12768
f 12768 12765 12769
f 12759 12768 12785
f 12733 12749 12735
f 12735 12734 12733
f 12670 12664 12665
f 12736 12733 12734
f 12736 12734 12742
f 12733 12740 12749
f 12749 12740 12742
f 12778 12769 12753
f 12765 12753 12769
f 12769 12779 12780
f 12769 12778 12779
f 12737 12733 12736
f 12737 12736 12739
f 12739 12738 12737
f 12765 12768 12767
f 12737 12738 12740
f 12733 12737 12740
f 12728 12730 12727
f 12730 12728 12729
f 12770 12779 12777
f 12779 12770 12780
f 12777 12759 12785
f 12727 12731 12724
f 12732 12729 12724
f 12731 12722 12724
f 12723 12724 12722
f 12723 12732 12724
f 12727 12730 12731
f 12729 12725 12730
f 12729 12732 12725
f 12741 12742 12740
f 12736 12742 12741
f 12779 12778 12777
f 12797 12795 12796
f 12799 12797 12796
f 12799 12795 12797
f 12731 12720 12722
f 12725 12720 12731
f 12731 12730 12725
f 12732 12723 12719
f 12725 12732 12719
f 12799 12796 12798
f 12795 12799 12800
f 12800 12799 12798
f 12796 12795 12794
f 12794 12795 12801
f 12801 12795 12800
f 12778 12754 12777
f 12777 12754 12759
f 12796 12794 12801
f 12796 12801 12798
f 12739 12736 12741
f 12741 12740 12738
f 12800 12798 12801
f 12754 12760 12759
f 12760 12756 12759
f 12756 12773 12759
f 12773 12767 12759
f 12720 12725 12719
f 12753 12754 12778
f 12781 12760 12754
f 12754 12753 12752
f 12781 12754 12752
f 12752 12753 12782
f 12756 12782 12753
f 12756 12753 12755
f 12755 12753 12765
f 12723 12722 12721
f 12721 12719 12723
f 12741 12738 12739
f 12760 12781 12756
f 12720 12721 12722
f 12752 12782 12781
f 12721 12720 12719
f 12767 12766 12765
f 12773 12766 12767
f 12789 12792 12787
f 12792 12789 12788
f 12789 12787 12788
f 12761 12756 12776
f 12756 12761 12762
f 12756 12781 12782
f 12776 12756 12755
f 12787 12791 12786
f 12788 12787 12786
f 12787 12792 12790
f 12791 12787 12790
f 12766 12755 12765
f 12792 12788 12793
f 12792 12793 12790
f 12788 12791 12793
f 12791 12788 12786
f 12762 12764 12763
f 12757 12764 12762
f 12762 12761 12757
f 12763 12766 12762
f 12774 12755 12766
f 12776 12755 12775
f 12757 12775 12755
f 12758 12757 12755
f 12758 12755 12774
f 12790 12793 12791
f 12763 12774 12766
f 12776 12775 12761
f 12775 12757 12761
f 12783 12757 12758
f 12764 12757 12783
f 12758 12774 12783
f 12668 12661 12667
f 12666 12668 12667
f 12665 12666 12667
f 12662 12667 12661
f 12663 12664 12662
f 12663 12662 12661
f 12664 12663 12665
f 12663 12666 12665
f 12669 12661 12668
f 12669 12668 12666
f 12783 12763 12764
f 12783 12774 12763
f 12669 12663 12661
f 12663 12669 12666
f 12834 12839 12841
f 12838 12841 12839
f 12841 12838 12840
f 12840 12834 12841
f 12839 12837 12838
f 12839 12834 12835
f 12839 12835 12837
f 12840 12838 12837
f 12840 12836 12834
f 12840 12837 12836
f 12696 12687 12695
f 12698 12687 12699
f 12699 12687 12688
f 12689 12688 12687
f 12696 12689 12687
f 12698 12695 12687
f 12831 12826 12827
f 12826 12831 12833
f 12830 12833 12831
f 12831 12829 12830
f 12831 12827 12829
f 12833 12830 12832
f 12832 12826 12833
f 12832 12828 12826
f 12832 12830 12829
f 12832 12829 12828
f 12818 12823 12825
f 12822 12825 12823
f 12825 12822 12824
f 12824 12818 12825
f 12823 12818 12819
f 12823 12819 12821
f 12823 12821 12822
f 12836 12835 12834
f 12824 12820 12818
f 12824 12821 12820
f 12824 12822 12821
f 12685 12684 12674
f 12684 12685 12686
f 12686 12683 12684
f 12684 12683 12676
f 12674 12684 12676
f 12676 12675 12674
f 12676 12677 12675
f 12676 12682 12677
f 12676 12683 12682
f 12837 12835 12836
f 12817 12814 12816
f 12814 12817 12815
f 12810 12815 12817
f 12816 12810 12817
f 13170 13193 13190
f 13190 13193 13192
f 13192 13191 13190
f 13170 13190 13169
f 13191 13169 13190
f 13187 13175 13186
f 13184 13187 13186
f 13186 13185 13184
f 13175 13185 13186
f 12815 12813 12814
f 12815 12810 12811
f 12815 12811 12813
f 12816 12813 12812
f 12816 12814 12813
f 12816 12812 12810
f 12689 12697 12698
f 12699 12689 12698
f 12698 12697 12695
f 12683 12686 12685
f 13179 13182 13181
f 13179 13177 13183
f 13180 13177 13179
f 13183 13182 13179
f 13181 13180 13179
f 13171 13204 13201
f 13202 13171 13201
f 13203 13202 13201
f 13204 13203 13201
f 12683 12685 12674
f 12683 12674 12682
f 12641 12634 12640
f 12634 12633 12631
f 12634 12641 12633
f 12629 12627 12630
f 12639 12630 12637
f 12627 12637 12630
f 13188 13175 13187
f 13189 13185 13175
f 13175 13158 13189
f 13158 13175 13160
f 13167 13175 13188
f 13167 13160 13175
f 13230 13232 13233
f 13230 13233 13231
f 13233 13232 13231
f 13169 13174 13164
f 13169 13164 13166
f 13174 13169 13191
f 13163 13169 13166
f 13170 13169 13163
f 12696 12697 12689
f 12690 12688 12689
f 12689 12699 12690
f 12700 12699 12688
f 12690 12700 12688
f 12633 12632 12631
f 12629 12628 12627
f 13173 13204 13171
f 13173 13202 13204
f 13202 13203 13204
f 13166 13173 13171
f 13172 13171 13202
f 13172 13166 13171
f 12682 12674 12675
f 12699 12701 12690
f 12699 12700 12702
f 12699 12702 12701
f 13200 13194 13198
f 13196 13195 13194
f 13195 13198 13194
f 13194 13197 13196
f 13200 13197 13194
f 13191 13192 13193
f 13170 13174 13193
f 13193 13174 13191
f 13187 13184 13185
f 13189 13187 13185
f 13189 13168 13188
f 13168 13189 13158
f 13188 13187 13189
f 13174 13170 13163
f 13176 13182 13183
f 13159 13176 13183
f 13183 13177 13161
f 13183 13161 13159
f 13166 13164 13173
f 13164 13162 13173
f 13172 13202 13173
f 13173 13162 13172
f 12697 12691 12695
f 12693 12695 12694
f 12695 12691 12694
f 12696 12695 12693
f 13176 13180 13182
f 13180 13181 13182
f 13163 13164 13174
f 13156 13176 13159
f 13156 13177 13176
f 13177 13180 13176
f 13166 13172 13162
f 12690 12701 12700
f 13188 13168 13167
f 12495 12500 12503
f 12503 12500 12504
f 12503 12505 12495
f 12504 12505 12503
f 12820 12819 12818
f 12677 12681 12678
f 12675 12677 12679
f 12679 12677 12678
f 12682 12681 12677
f 12711 12713 12710
f 12708 12711 12710
f 12708 12710 12709
f 12712 12709 12710
f 12712 12710 12715
f 12715 12710 12713
f 13200 13195 13197
f 13195 13196 13197
f 12821 12819 12820
f 13199 13198 13195
f 13199 13156 13198
f 13198 13156 13165
f 13165 13200 13198
f 12696 12691 12697
f 12696 12693 12691
f 12828 12827 12826
f 13161 13177 13156
f 12829 12827 12828
f 12701 12702 12700
f 12636 12637 12627
f 12636 12627 12628
f 12812 12811 12810
f 12930 12949 12950
f 12950 12949 12948
f 12946 12945 12944
f 12946 12938 12945
f 12938 12946 12930
f 13199 13200 13156
f 13165 13154 13200
f 13156 13200 13154
f 13199 13195 13200
f 12638 12635 12633
f 12638 12633 12641
f 12635 12632 12633
f 12950 12929 12930
f 12948 12929 12950
f 12813 12811 12812
f 12636 12628 12635
f 12945 12940 12944
f 12941 12944 12952
f 12929 12948 12941
f 12945 12938 12947
f 12940 12945 12947
f 12712 12707 12709
f 12712 12708 12707
f 12711 12708 12712
f 12714 12712 12715
f 12711 12712 12714
f 12675 12681 12682
f 12928 12942 12943
f 12929 12942 12928
f 12943 12942 12934
f 12929 12934 12942
f 12714 12713 12711
f 12943 12932 12928
f 12932 12943 12934
f 12934 12929 12933
f 12934 12933 12932
f 12705 12708 12709
f 12705 12709 12704
f 12704 12709 12707
f 12679 12681 12675
f 12716 12715 12713
f 12714 12716 12713
f 12715 12717 12714
f 12715 12716 12718
f 12495 12494 12500
f 12504 12500 12499
f 12639 12637 12644
f 12640 12646 12641
f 13164 13163 13162
f 12706 12708 12705
f 12708 12706 12707
f 12714 12717 12716
f 12715 12718 12717
f 12500 12494 12499
f 12707 12706 12704
f 12495 12505 12492
f 12506 12492 12505
f 12506 12505 12504
f 12504 12499 12498
f 12506 12504 12498
f 12641 12646 12645
f 12645 12642 12641
f 12641 12642 12638
f 13167 13168 13163
f 13163 13168 13162
f 13167 13163 13166
f 12717 12718 12716
f 12692 12694 12691
f 12692 12693 12694
f 13162 13167 13166
f 13162 13168 13161
f 13162 13161 13157
f 13162 13157 13167
f 12693 12692 12691
f 12636 12635 12638
f 12939 12947 12951
f 12951 12938 12939
f 12947 12938 12951
f 12509 12497 12499
f 12509 12499 12501
f 12497 12498 12499
f 12499 12494 12501
f 12947 12939 12940
f 12940 12939 12937
f 12939 12938 12937
f 12644 12637 12643
f 12643 12637 12638
f 12638 12637 12636
f 13231 13228 13230
f 13224 13230 13228
f 13224 13232 13230
f 12705 12704 12703
f 12703 12706 12705
f 13161 13168 13158
f 12498 12497 12496
f 12496 12506 12498
f 12706 12703 12704
f 13160 13159 13158
f 13161 13158 13159
f 13224 13226 13232
f 13226 13231 13232
f 13228 13231 13226
f 12933 12929 12941
f 12930 12929 12928
f 13157 13160 13167
f 12643 12638 12642
f 12495 12493 12494
f 12493 12495 12492
f 12645 12646 12651
f 12648 12644 12643
f 12645 12651 12650
f 12654 12650 12651
f 12648 12643 12647
f 12647 12652 12648
f 12502 12492 12501
f 12492 12502 12469
f 12501 12492 12506
f 12493 12492 12469
f 12680 12678 12681
f 12679 12680 12681
f 12680 12679 12678
f 12506 12496 12501
f 12642 12645 12650
f 13159 13160 13157
f 12931 12932 12933
f 12932 12931 12928
f 13156 13157 13161
f 12474 12494 12493
f 12494 12502 12501
f 12502 12494 12475
f 12475 12494 12474
f 12509 12501 12496
f 12510 12496 12497
f 12507 12497 12509
f 12497 12507 12510
f 12930 12935 12938
f 12935 12937 12938
f 12937 12941 12952
f 13165 13156 13159
f 13157 13165 13159
f 12647 12643 12649
f 12649 12643 12642
f 12937 12935 12936
f 12936 12941 12937
f 13157 13156 13155
f 13154 13155 13156
f 12931 12933 12936
f 12936 12933 12941
f 13165 13153 13154
f 13155 13154 13153
f 12930 12928 12935
f 12496 12507 12509
f 12650 12653 12649
f 12642 12650 12649
f 13155 13178 13157
f 13157 13178 13165
f 12928 12931 12935
f 13215 13222 13221
f 13222 13215 13212
f 13212 13215 13214
f 13214 13215 13216
f 13165 13178 13153
f 12931 12936 12935
f 12510 12508 12496
f 12508 12507 12496
f 12653 12647 12649
f 12510 12507 12508
f 12502 12488 12469
f 12488 12502 12475
f 12595 12594 12602
f 12595 12602 12598
f 12605 12598 12602
f 12605 12602 12606
f 12602 12601 12606
f 12602 12594 12601
f 13245 13244 13243
f 13239 13238 13237
f 13249 13243 13244
f 13239 13242 13238
f 13237 13247 13239
f 13245 13246 13244
f 13210 13209 13206
f 13206 13209 13153
f 13153 13205 13206
f 13207 13206 13205
f 13206 13207 13208
f 13208 13210 13206
f 12522 12527 12528
f 12517 12528 12527
f 12527 12522 12519
f 12519 12525 12527
f 12527 12513 12517
f 12527 12525 12513
f 12528 12517 12521
f 12521 12523 12528
f 12528 12523 12522
f 13243 13248 13241
f 13248 13237 13241
f 12526 12513 12525
f 12526 12525 12516
f 12516 12525 12515
f 12519 12515 12525
f 13214 13213 13212
f 13227 13228 13226
f 13219 13218 13217
f 13218 13219 13220
f 13229 13224 13228
f 13153 13209 13155
f 13205 13153 13178
f 12524 12526 12516
f 12526 12524 12514
f 12513 12526 12514
f 13015 13014 13034
f 13013 13014 13015
f 13015 13032 13000
f 13034 13032 13015
f 13000 13016 13015
f 13015 13016 13013
f 13240 13243 13241
f 13240 13245 13243
f 13210 13208 13211
f 12604 12605 12606
f 12601 12603 12606
f 13237 13238 13241
f 13020 13013 13016
f 13001 13020 13016
f 13000 13001 13016
f 12514 12512 12513
f 12512 12514 12524
f 12512 12524 12516
f 12512 12516 12511
f 12511 12516 12515
f 12511 12515 12519
f 12513 12512 12511
f 12522 12518 12519
f 12513 12511 12518
f 12513 12518 12517
f 12520 12517 12518
f 12520 12518 12522
f 12523 12520 12522
f 12523 12521 12520
f 12521 12517 12520
f 12511 12519 12518
f 13000 13032 13021
f 13021 13006 13000
f 13002 13001 13000
f 13000 13006 13002
f 13223 13227 13226
f 13225 13223 13226
f 13226 13224 13225
f 13144 13143 13142
f 13145 13142 13143
f 13145 13143 13146
f 13236 13235 13234
f 13140 13138 13137
f 13138 13140 13141
f 13139 13140 13137
f 13148 13149 13150
f 13108 13084 13087
f 13108 13087 13095
f 13083 13135 13108
f 13108 13095 13083
f 13149 13148 13147
f 13139 13083 13084
f 13139 13137 13083
f 13137 13136 13135
f 13152 13145 13151
f 13136 13137 13138
f 13135 13083 13137
f 13086 13087 13084
f 13085 13084 13083
f 13084 13085 13086
f 13225 13224 13223
f 13031 13013 13020
f 13013 13031 13012
f 13014 13013 13012
f 12489 12469 12488
f 12489 12488 12475
f 12472 12475 12474
f 12472 12489 12475
f 12469 12489 12471
f 12471 12470 12469
f 12472 12474 12470
f 12595 12592 12594
f 12596 12592 12595
f 12596 12595 12598
f 13002 13006 13022
f 13002 13021 13001
f 13022 13021 13002
f 13252 13255 13254
f 13255 13256 13254
f 13255 13257 13256
f 12594 12603 12601
f 13014 13067 13034
f 13014 13066 13067
f 13066 13014 13012
f 13241 13238 13240
f 13145 13152 13142
f 12491 12478 12476
f 12491 12477 12478
f 12478 12477 12476
f 12599 12598 12605
f 12599 12605 12604
f 13022 13011 13021
f 13021 13009 13001
f 13032 13009 13021
f 13021 13011 13006
f 12575 12578 12577
f 12577 12576 12575
f 12578 12575 12576
f 13257 13259 13256
f 13009 13006 13011
f 13008 13006 13009
f 13008 13007 13006
f 13006 13007 13022
f 12596 12598 12597
f 12600 12598 12599
f 12597 12598 12600
f 12594 12593 12603
f 12594 12592 12593
f 13083 13095 13085
f 13253 13251 13252
f 13252 13251 13250
f 13252 13254 13253
f 13031 13066 13012
f 13020 13001 12996
f 12996 13001 13025
f 13009 13025 13001
f 13010 13008 13009
f 13008 13010 13018
f 13035 13018 13010
f 13010 13033 13035
f 13033 13010 13032
f 13009 13032 13010
f 13037 13022 13007
f 13022 13023 13011
f 13023 13022 13024
f 13024 13022 13037
f 12491 12476 12490
f 12491 12480 12477
f 12491 12490 12480
f 13256 13259 13258
f 12489 12472 12483
f 12483 12471 12489
f 13034 13033 13032
f 13023 13009 13011
f 12476 12477 12480
f 12470 12473 12472
f 12473 12470 12471
f 13033 13034 13080
f 13080 13034 13067
f 12588 12586 12585
f 12589 12586 12588
f 12590 12589 12588
f 12588 12587 12590
f 12587 12588 12585
f 12483 12490 12476
f 12476 12484 12483
f 12484 12476 12479
f 12480 12479 12476
f 13008 13018 13019
f 13027 13007 13008
f 12593 12592 12591
f 13086 13128 13095
f 13130 13095 13128
f 13085 13095 13130
f 13095 13087 13090
f 13086 13095 13090
f 12563 12562 12561
f 12589 12587 12586
f 12590 12587 12589
f 13089 13090 13087
f 13089 13087 13097
f 13091 13092 13087
f 13087 13086 13091
f 13007 12994 12995
f 12995 13037 13007
f 13027 12994 13007
f 12563 12566 12564
f 12564 12562 12563
f 12565 12561 12562
f 12566 12561 12565
f 13087 13092 13097
f 12549 12550 12551
f 12550 12549 12548
f 12548 12549 12551
f 13262 13261 13260
f 13260 13261 13270
f 13267 13266 13265
f 13025 13009 13023
f 12480 12490 12481
f 12481 12490 12483
f 13020 13029 13028
f 13020 12996 12997
f 12997 13029 13020
f 13028 13031 13020
f 13130 13086 13085
f 13107 13091 13086
f 13106 13086 13090
f 13130 13129 13086
f 13086 13129 13128
f 13107 13086 13106
f 13019 13018 12992
f 13018 12984 12992
f 13018 13035 13038
f 12984 13018 13038
f 12992 12994 13027
f 12564 12566 12565
f 12531 12530 12529
f 12531 12533 12530
f 12530 12533 12529
f 13106 13090 13113
f 13088 13091 13090
f 13091 13113 13090
f 13090 13089 13088
f 12614 12612 12613
f 12626 12625 12624
f 12614 12613 12620
f 12608 12609 12610
f 12609 12608 12607
f 13031 13028 13072
f 13066 13031 13072
f 12987 12986 12985
f 12988 12986 12987
f 13068 13056 13067
f 13068 13067 13066
f 13080 13067 13056
f 13066 13072 13068
f 12584 12586 12587
f 12584 12583 12586
f 12586 12583 12585
f 13064 13033 13080
f 13033 13064 13035
f 12613 12612 12611
f 12617 12618 12616
f 13071 13035 13064
f 13035 13071 13038
f 12479 12480 12481
f 12578 12579 12577
f 12581 12577 12579
f 12576 12577 12581
f 12484 12471 12483
f 12472 12481 12483
f 12994 12992 12993
f 12993 12995 12994
f 13023 12998 13025
f 13024 13026 13023
f 12998 13023 13026
f 12472 12473 12482
f 12472 12482 12481
f 12580 12579 12578
f 12578 12576 12580
f 12582 12587 12585
f 12585 12583 12582
f 13107 13113 13091
f 13098 13092 13091
f 13098 13091 13088
f 12620 12613 12619
f 12617 12616 12615
f 12584 12587 12582
f 13071 12984 13038
f 12985 12986 12991
f 13089 13097 13105
f 13105 13088 13089
f 12996 13025 12998
f 12486 12484 12479
f 12471 12484 12487
f 12486 12487 12484
f 12580 12576 12581
f 12989 12986 12988
f 12991 12986 12990
f 12990 12986 12989
f 12487 12473 12471
f 12572 12560 12559
f 12573 12560 12572
f 12574 12573 12572
f 12571 12572 12559
f 12572 12571 12574
f 12983 12993 12992
f 12983 12992 12984
f 12551 12550 12545
f 12545 12550 12544
f 12544 12550 12548
f 13064 13061 13071
f 13071 13061 13070
f 13071 13070 13049
f 12984 13071 13049
f 12574 12571 12573
f 12573 12571 12560
f 12487 12485 12473
f 12482 12473 12485
f 13080 13063 13064
f 13080 13056 13073
f 13063 13080 13073
f 12551 12545 12552
f 12551 12544 12548
f 12551 12552 12544
f 13097 13092 13096
f 13094 13097 13096
f 13105 13097 13118
f 13098 13097 13094
f 13098 13118 13097
f 13049 13041 12984
f 12982 12984 13041
f 12984 12982 12983
f 13119 13098 13088
f 13088 13105 13119
f 12580 12584 12579
f 12580 12583 12584
f 12583 12580 12582
f 12582 12580 12581
f 12983 13017 12993
f 12983 12982 12981
f 12579 12584 12581
f 13061 13064 13063
f 12998 12997 12996
f 12481 12486 12479
f 13098 13094 13092
f 13098 13119 13118
f 13029 13072 13028
f 12581 12584 12582
f 12961 12964 12958
f 12955 12962 12961
f 12959 12961 12958
f 13017 13036 12993
f 12623 12622 12621
f 12961 12962 12964
f 12482 12486 12481
f 12982 13041 13040
f 13050 13041 13049
f 13069 13041 13050
f 13092 13093 13103
f 13092 13103 13102
f 13102 13096 13092
f 13094 13093 13092
f 13093 13099 13096
f 13093 13096 13103
f 13096 13102 13101
f 13103 13096 13101
f 13099 13094 13096
f 13051 13049 13079
f 13051 13079 13062
f 13062 13079 13061
f 13062 13061 13060
f 13060 13061 13063
f 13004 13005 13026
f 13026 13005 12998
f 13093 13094 13104
f 13100 13104 13094
f 13099 13100 13094
f 12953 12962 12955
f 12963 12964 12962
f 12963 12962 12953
f 13049 13051 13050
f 12997 12999 13029
f 12999 12997 12998
f 12571 12558 12560
f 12560 12558 12559
f 13003 13004 13039
f 13059 13003 13039
f 13081 13069 13050
f 12485 12487 12486
f 12482 12485 12486
f 13005 13004 13003
f 12564 12568 12562
f 12567 12564 12565
f 12568 12564 12567
f 13060 13056 13057
f 13058 13057 13056
f 13058 13056 13068
f 13060 13073 13056
f 13072 13058 13068
f 12562 12567 12565
f 12562 12568 12569
f 12569 12567 12562
f 13065 13073 13060
f 13063 13073 13058
f 13065 13074 13073
f 13073 13057 13058
f 13073 13074 13057
f 13060 13063 13065
f 13077 13063 13058
f 13063 13077 13075
f 13063 13075 13065
f 13060 13057 13074
f 13062 13060 13074
f 12555 12553 12547
f 12555 12554 12556
f 12556 12553 12555
f 12555 12547 12554
f 13104 13099 13093
f 13125 13126 13127
f 13127 13124 13125
f 13126 13125 13124
f 12558 12571 12570
f 12557 12571 12559
f 12559 12558 12557
f 12547 12552 12545
f 12546 12545 12544
f 12546 12547 12545
f 12529 12541 12531
f 12533 12531 12532
f 12531 12541 12532
f 13059 13005 13003
f 12553 12556 12554
f 12968 12967 12964
f 12963 12969 12964
f 12964 12969 12968
f 12958 12964 12967
f 13051 13062 13052
f 13052 13050 13051
f 12529 12535 12534
f 12537 12529 12534
f 12533 12532 12529
f 12529 12532 12543
f 12537 12541 12529
f 12570 12571 12557
f 13075 13074 13065
f 13132 13134 13131
f 13133 13132 13131
f 13132 13133 13134
f 13110 13111 13112
f 13112 13109 13110
f 13111 13110 13109
f 12969 12973 12975
f 12973 12979 12975
f 12979 12976 12975
f 12976 12968 12975
f 12969 12975 12968
f 13044 13046 13045
f 13044 13047 13046
f 12553 12552 12547
f 12546 12552 12553
f 12546 12544 12552
f 13114 13117 13116
f 13117 13114 13115
f 13116 13115 13114
f 13121 13122 13123
f 13123 13120 13121
f 13122 13121 13120
f 13044 13048 13047
f 13044 13045 13043
f 13044 13042 13048
f 13044 13043 13042
f 13126 13129 13130
f 13128 13129 13126
f 13005 13059 13078
f 12553 12554 12546
f 12554 12547 12546
f 13082 13052 13062
f 13074 13082 13062
f 13030 12999 12998
f 13005 13030 12998
f 13074 13075 13076
f 13074 13076 13082
f 12537 12534 12536
f 12534 12535 12536
f 12963 12970 12969
f 12963 12965 12970
f 12956 12965 12963
f 12963 12953 12956
f 13058 13053 13077
f 13058 13072 13053
f 12955 12954 12953
f 12959 12958 12957
f 13126 13130 13127
f 13128 13126 13124
f 13281 13254 13256
f 13254 13281 13280
f 13254 13280 13253
f 13127 13130 13124
f 13124 13130 13128
f 12568 12558 12569
f 12557 12568 12567
f 12558 12568 12557
f 12968 12971 12967
f 12971 12968 12976
f 13030 13005 13054
f 13005 13078 13054
f 12958 12960 12957
f 12967 12960 12958
f 12569 12558 12570
f 13111 13107 13106
f 13111 13106 13112
f 13107 13109 13113
f 13107 13111 13109
f 12542 12532 12541
f 12532 12542 12539
f 12542 12541 12538
f 12542 12538 12539
f 12999 13055 13029
f 13029 13055 13072
f 12569 12570 12567
f 13053 13072 13055
f 13281 13285 13284
f 13280 13284 13283
f 13284 13280 13281
f 13284 13286 13283
f 13284 13285 13286
f 13253 13280 13279
f 13280 13283 13279
f 13117 13118 13119
f 13105 13118 13117
f 13256 13274 13281
f 13258 13274 13256
f 12953 12954 12956
f 12972 12966 12967
f 12972 12967 12971
f 12960 12967 12966
f 13274 13285 13281
f 13253 13279 13277
f 13253 13277 13251
f 13279 13283 13282
f 13282 13283 13286
f 13133 13102 13103
f 13101 13102 13133
f 13104 13123 13122
f 13104 13100 13123
f 13099 13104 13122
f 13099 13122 13120
f 13117 13119 13116
f 13105 13117 13115
f 13112 13106 13113
f 12567 12570 12557
f 13112 13113 13109
f 13075 13054 13078
f 13078 13076 13075
f 12969 12974 12973
f 12970 12974 12969
f 13133 13103 13134
f 13101 13133 13131
f 13134 13103 13101
f 12978 12973 12974
f 13123 13100 13120
f 13120 13100 13099
f 13116 13119 13105
f 13116 13105 13115
f 13134 13101 13131
f 12999 13030 13054
f 12976 12980 12977
f 13054 13075 13077
f 13258 13273 13274
f 13055 12999 13054
f 12977 12971 12976
f 12543 12532 12540
f 13279 13282 13277
f 13077 13053 13054
f 12972 12971 12977
f 12537 12536 12538
f 12538 12541 12537
f 13261 13264 13263
f 13261 13262 13264
f 13261 13263 13270
f 13055 13054 13053
f 13274 13273 13269
f 13269 13268 13274
f 13274 13275 13285
f 13274 13268 13275
f 13285 13275 13286
f 13267 13265 13269
f 12540 12539 12538
f 12540 12532 12539
f 13277 13263 13264
f 13263 13277 13271
f 13270 13263 13271
f 13277 13282 13276
f 13282 13286 13276
f 13269 13265 13268
f 13271 13277 13276
f 13268 13265 13272
f 13268 13278 13275
f 13278 13286 13275
f 12891 12892 12886
f 12886 12890 12891
f 12888 12891 12890
f 12891 12888 12889
f 12891 12889 12892
f 13268 13272 13278
f 12887 12888 12890
f 12889 12888 12887
f 12849 12851 12852
f 12853 12849 12852
f 12856 12849 12853
f 12849 12856 12848
f 12851 12849 12850
f 12850 12849 12848
f 12893 12890 12886
f 12890 12893 12885
f 12890 12885 12887
f 12885 12889 12887
f 12892 12889 12885
f 12886 12882 12880
f 12882 12886 12892
f 12893 12886 12880
f 12883 12893 12880
f 12893 12883 12885
f 12882 12892 12884
f 12884 12892 12885
f 12855 12853 12854
f 12853 12852 12854
f 12855 12856 12853
f 12872 12879 12878
f 12878 12879 12875
f 12874 12876 12872
f 12875 12876 12874
f 12848 12856 12855
f 12873 12875 12874
f 12874 12872 12873
f 12847 12846 12842
f 12846 12847 12857
f 12847 12859 12857
f 12843 12847 12842
f 12859 12847 12843
f 12885 12883 12884
f 12845 12846 12858
f 12845 12842 12846
f 12858 12846 12857
f 12850 12858 12851
f 12858 12857 12851
f 12851 12857 12852
f 12848 12855 12854
f 12854 12850 12848
f 12852 12857 12859
f 12873 12872 12871
f 12875 12873 12871
f 12852 12859 12854
f 12844 12843 12842
f 12845 12844 12842
f 12858 12850 12860
f 12860 12850 12854
f 12844 12860 12859
f 12844 12859 12843
f 12860 12854 12859
f 12882 12881 12880
f 12880 12881 12883
f 12870 12872 12878
f 12845 12858 12860
f 12872 12870 12877
f 12862 12872 12877
f 12862 12871 12872
f 12875 12871 12862
f 12881 12882 12884
f 12860 12844 12845
f 12884 12883 12881
f 12870 12878 12863
f 12863 12878 12875
f 12875 12862 12863
f 12870 12864 12868
f 12863 12864 12870
f 12869 12877 12870
f 12870 12868 12869
f 12877 12861 12862
f 12869 12861 12877
f 12863 12862 12861
f 12861 12864 12863
f 12867 12868 12866
f 12864 12866 12868
f 12869 12868 12867
f 12867 12865 12869
f 12867 12866 12865
f 12865 12861 12869
f 12861 12865 12864
f 12864 12865 12866
f 12909 12908 12907
f 12908 12915 12901
f 12909 12915 12908
f 12910 12907 12908
f 12908 12901 12910
f 12912 12911 12910
f 12913 12912 12910
f 12907 12910 12911
f 12910 12901 12927
f 12896 12907 12911
f 12897 12909 12907
f 12896 12897 12907
f 12909 12905 12903
f 12897 12916 12909
f 12916 12905 12909
f 12922 12914 12913
f 12920 12913 12919
f 12913 12920 12922
f 12901 12919 12927
f 12895 12919 12901
f 12902 12895 12901
f 12898 12902 12901
f 12915 12898 12901
f 12914 12912 12913
f 12922 12911 12926
f 12920 12911 12922
f 12921 12911 12920
f 12911 12921 12896
f 12926 12911 12912
f 12895 12896 12921
f 12896 12895 12894
f 12896 12894 12924
f 12924 12898 12896
f 12896 12898 12897
f 12897 12899 12916
f 12900 12899 12897
f 12898 12917 12897
f 12897 12917 12918
f 12918 12900 12897
f 12906 12900 12903
f 12904 12903 12900
f 12904 12898 12903
f 12906 12903 12905
f 12916 12899 12925
f 12900 12925 12899
f 12916 12925 12905
f 12914 12922 12926
f 12905 12925 12906
f 12900 12918 12904
f 12900 12906 12925
f 12898 12904 12917
f 12923 12902 12898
f 12895 12921 12919
f 12895 12923 12894
f 12902 12923 12895
f 12923 12898 12924
f 12926 12912 12914
f 12921 12920 12919
f 12463 12462 12461
f 12462 12466 12461
f 12466 12463 12461
f 12466 12462 12465
f 12462 12467 12465
f 12464 12462 12463
f 12464 12467 12462
f 12463 12466 12468
f 12467 12463 12468
f 12467 12464 12463
f 12924 12894 12923
f 12918 12917 12904
f 12465 12468 12466
f 12467 12468 12465
f 13308 13312 13328
f 13328 13327 13308
f 13308 13327 13307
f 13308 13307 13306
f 13306 13312 13308
f 13307 13326 13322
f 13326 13319 13322
f 13306 13307 13322
f 13306 13322 13321
f 13321 13322 13319
f 13321 13338 13306
f 13327 13312 13306
f 13306 13338 13327
f 13326 13307 13302
f 13327 13315 13307
f 13315 13331 13307
f 13302 13307 13331
f 13328 13329 13317
f 13312 13313 13328
f 13343 13328 13313
f 13330 13328 13343
f 13329 13328 13330
f 13328 13317 13327
f 13304 13329 13332
f 13330 13332 13329
f 13329 13304 13331
f 13331 13315 13329
f 13329 13315 13317
f 13327 13317 13312
f 13338 13315 13327
f 13337 13319 13326
f 13334 13337 13326
f 13326 13302 13303
f 13303 13335 13326
f 13326 13335 13334
f 13304 13303 13302
f 13302 13331 13304
f 13314 13312 13315
f 13314 13313 13312
f 13315 13312 13317
f 13291 13292 13297
f 13293 13292 13291
f 13313 13300 13301
f 13333 13300 13313
f 13333 13313 13314
f 13301 13343 13313
f 13294 13292 13293
f 13305 13303 13304
f 13303 13305 13335
f 13319 13320 13321
f 13321 13320 13340
f 13340 13338 13321
f 13314 13324 13325
f 13314 13316 13324
f 13316 13314 13315
f 13341 13324 13316
f 13315 13338 13316
f 13316 13339 13341
f 13339 13316 13338
f 13319 13337 13318
f 13320 13319 13318
f 13299 13301 13300
f 13300 13298 13299
f 13298 13300 13333
f 13295 13292 13294
f 13340 13339 13338
f 13297 13292 13296
f 13296 13292 13295
f 13325 13324 13298
f 13332 13311 13304
f 13310 13311 13332
f 13311 13336 13304
f 13336 13305 13304
f 13290 13324 13344
f 13324 13290 13298
f 13324 13341 13344
f 13289 13323 13299
f 13323 13342 13299
f 13289 13299 13298
f 13289 13298 13290
f 13309 13310 13345
f 13311 13310 13309
f 13290 13288 13289
f 13289 13288 13287
f 13372 13320 13318
f 13320 13372 13373
f 13320 13373 13340
f 13337 13372 13318
f 13386 13340 13373
f 13339 13340 13386
f 13337 13334 13378
f 13372 13337 13378
f 13370 13339 13386
f 13339 13370 13341
f 13335 13378 13334
f 13377 13341 13370
f 13341 13377 13344
f 13377 13290 13344
f 13290 13377 13355
f 13288 13290 13347
f 13355 13347 13290
f 13288 13347 13346
f 13365 13309 13345
f 13375 13347 13356
f 13387 13375 13356
f 13335 13361 13378
f 13305 13361 13335
f 13365 13311 13309
f 13311 13365 13384
f 13336 13311 13360
f 13311 13384 13360
f 13361 13305 13360
f 13305 13336 13360
f 13356 13347 13355
f 13350 13353 13352
f 13350 13354 13353
f 13377 13376 13355
f 13355 13357 13356
f 13357 13355 13385
f 13377 13367 13376
f 13370 13367 13377
f 13350 13352 13351
f 13358 13356 13357
f 13381 13360 13384
f 13360 13381 13383
f 13383 13359 13360
f 13361 13360 13359
f 13350 13348 13354
f 13384 13382 13381
f 13368 13385 13367
f 13357 13385 13368
f 13350 13351 13349
f 13350 13349 13348
f 13386 13369 13370
f 13369 13386 13379
f 13386 13362 13379
f 13386 13373 13362
f 13357 13368 13358
f 13388 13358 13368
f 13372 13378 13374
f 13374 13373 13372
f 13369 13379 13364
f 13383 13369 13364
f 13369 13383 13381
f 13369 13381 13371
f 13367 13370 13369
f 13366 13367 13369
f 13366 13369 13371
f 13368 13367 13366
f 13374 13362 13373
f 13359 13378 13361
f 13380 13382 13388
f 13380 13388 13368
f 13371 13379 13366
f 13381 13380 13371
f 13371 13380 13379
f 13368 13366 13380
f 13380 13381 13382
f 13378 13364 13374
f 13379 13380 13363
f 13366 13363 13380
f 13366 13379 13362
f 13364 13378 13359
f 13379 13363 13364
f 13366 13362 13363
f 13364 13359 13383
f 13364 13363 13362
f 13364 13362 13374
f 13410 13414 13430
f 13430 13429 13410
f 13410 13429 13409
f 13410 13409 13408
f 13408 13414 13410
f 13409 13428 13424
f 13428 13421 13424
f 13408 13409 13424
f 13408 13424 13423
f 13423 13424 13421
f 13423 13440 13408
f 13429 13414 13408
f 13408 13440 13429
f 13428 13409 13404
f 13429 13417 13409
f 13417 13433 13409
f 13404 13409 13433
f 13430 13431 13419
f 13414 13415 13430
f 13445 13430 13415
f 13432 13430 13445
f 13431 13430 13432
f 13430 13419 13429
f 13406 13431 13434
f 13432 13434 13431
f 13431 13406 13433
f 13433 13417 13431
f 13431 13417 13419
f 13429 13419 13414
f 13440 13417 13429
f 13439 13421 13428
f 13436 13439 13428
f 13428 13404 13405
f 13405 13437 13428
f 13428 13437 13436
f 13406 13405 13404
f 13404 13433 13406
f 13416 13414 13417
f 13416 13415 13414
f 13417 13414 13419
f 13393 13394 13399
f 13395 13394 13393
f 13415 13402 13403
f 13435 13402 13415
f 13435 13415 13416
f 13403 13445 13415
f 13396 13394 13395
f 13407 13405 13406
f 13405 13407 13437
f 13421 13422 13423
f 13423 13422 13442
f 13442 13440 13423
f 13416 13426 13427
f 13416 13418 13426
f 13418 13416 13417
f 13443 13426 13418
f 13417 13440 13418
f 13418 13441 13443
f 13441 13418 13440
f 13421 13439 13420
f 13422 13421 13420
f 13401 13403 13402
f 13402 13400 13401
f 13400 13402 13435
f 13397 13394 13396
f 13442 13441 13440
f 13399 13394 13398
f 13398 13394 13397
f 13427 13426 13400
f 13434 13413 13406
f 13412 13413 13434
f 13413 13438 13406
f 13438 13407 13406
f 13392 13426 13446
f 13426 13392 13400
f 13426 13443 13446
f 13391 13425 13401
f 13425 13444 13401
f 13391 13401 13400
f 13391 13400 13392
f 13411 13412 13447
f 13413 13412 13411
f 13392 13390 13391
f 13391 13390 13389
f 13474 13422 13420
f 13422 13474 13475
f 13422 13475 13442
f 13439 13474 13420
f 13488 13442 13475
f 13441 13442 13488
f 13439 13436 13480
f 13474 13439 13480
f 13472 13441 13488
f 13441 13472 13443
f 13437 13480 13436
f 13479 13443 13472
f 13443 13479 13446
f 13479 13392 13446
f 13392 13479 13457
f 13390 13392 13449
f 13457 13449 13392
f 13390 13449 13448
f 13467 13411 13447
f 13477 13449 13458
f 13489 13477 13458
f 13437 13463 13480
f 13407 13463 13437
f 13467 13413 13411
f 13413 13467 13486
f 13438 13413 13462
f 13413 13486 13462
f 13463 13407 13462
f 13407 13438 13462
f 13458 13449 13457
f 13452 13455 13454
f 13452 13456 13455
f 13479 13478 13457
f 13457 13459 13458
f 13459 13457 13487
f 13479 13469 13478
f 13472 13469 13479
f 13452 13454 13453
f 13460 13458 13459
f 13483 13462 13486
f 13462 13483 13485
f 13485 13461 13462
f 13463 13462 13461
f 13452 13450 13456
f 13486 13484 13483
f 13470 13487 13469
f 13459 13487 13470
f 13452 13453 13451
f 13452 13451 13450
f 13488 13471 13472
f 13471 13488 13481
f 13488 13464 13481
f 13488 13475 13464
f 13459 13470 13460
f 13490 13460 13470
f 13474 13480 13476
f 13476 13475 13474
f 13471 13481 13466
f 13485 13471 13466
f 13471 13485 13483
f 13471 13483 13473
f 13469 13472 13471
f 13468 13469 13471
f 13468 13471 13473
f 13470 13469 13468
f 13476 13464 13475
f 13461 13480 13463
f 13482 13484 13490
f 13482 13490 13470
f 13473 13481 13468
f 13483 13482 13473
f 13473 13482 13481
f 13470 13468 13482
f 13482 13483 13484
f 13480 13466 13476
f 13481 13482 13465
f 13468 13465 13482
f 13468 13481 13464
f 13466 13480 13461
f 13481 13465 13466
f 13468 13464 13465
f 13466 13461 13485
f 13466 13465 13464
f 13466 13464 13476
f 13512 13516 13532
f 13532 13531 13512
f 13512 13531 13511
f 13512 13511 13510
f 13510 13516 13512
f 13511 13530 13526
f 13530 13523 13526
f 13510 13511 13526
f 13510 13526 13525
f 13525 13526 13523
f 13525 13542 13510
f 13531 13516 13510
f 13510 13542 13531
f 13530 13511 13506
f 13531 13519 13511
f 13519 13535 13511
f 13506 13511 13535
f 13532 13533 13521
f 13516 13517 13532
f 13547 13532 13517
f 13534 13532 13547
f 13533 13532 13534
f 13532 13521 13531
f 13508 13533 13536
f 13534 13536 13533
f 13533 13508 13535
f 13535 13519 13533
f 13533 13519 13521
f 13531 13521 13516
f 13542 13519 13531
f 13541 13523 13530
f 13538 13541 13530
f 13530 13506 13507
f 13507 13539 13530
f 13530 13539 13538
f 13508 13507 13506
f 13506 13535 13508
f 13518 13516 13519
f 13518 13517 13516
f 13519 13516 13521
f 13495 13496 13501
f 13497 13496 13495
f 13517 13504 13505
f 13537 13504 13517
f 13537 13517 13518
f 13505 13547 13517
f 13498 13496 13497
f 13509 13507 13508
f 13507 13509 13539
f 13523 13524 13525
f 13525 13524 13544
f 13544 13542 13525
f 13518 13528 13529
f 13518 13520 13528
f 13520 13518 13519
f 13545 13528 13520
f 13519 13542 13520
f 13520 13543 13545
f 13543 13520 13542
f 13523 13541 13522
f 13524 13523 13522
f 13503 13505 13504
f 13504 13502 13503
f 13502 13504 13537
f 13499 13496 13498
f 13544 13543 13542
f 13501 13496 13500
f 13500 13496 13499
f 13529 13528 13502
f 13536 13515 13508
f 13514 13515 13536
f 13515 13540 13508
f 13540 13509 13508
f 13494 13528 13548
f 13528 13494 13502
f 13528 13545 13548
f 13493 13527 13503
f 13527 13546 13503
f 13493 13503 13502
f 13493 13502 13494
f 13513 13514 13549
f 13515 13514 13513
f 13494 13492 13493
f 13493 13492 13491
f 13576 13524 13522
f 13524 13576 13577
f 13524 13577 13544
f 13541 13576 13522
f 13590 13544 13577
f 13543 13544 13590
f 13541 13538 13582
f 13576 13541 13582
f 13574 13543 13590
f 13543 13574 13545
f 13539 13582 13538
f 13581 13545 13574
f 13545 13581 13548
f 13581 13494 13548
f 13494 13581 13559
f 13492 13494 13551
f 13559 13551 13494
f 13492 13551 13550
f 13569 13513 13549
f 13579 13551 13560
f 13591 13579 13560
f 13539 13565 13582
f 13509 13565 13539
f 13569 13515 13513
f 13515 13569 13588
f 13540 13515 13564
f 13515 13588 13564
f 13565 13509 13564
f 13509 13540 13564
f 13560 13551 13559
f 13554 13557 13556
f 13554 13558 13557
f 13581 13580 13559
f 13559 13561 13560
f 13561 13559 13589
f 13581 13571 13580
f 13574 13571 13581
f 13554 13556 13555
f 13562 13560 13561
f 13585 13564 13588
f 13564 13585 13587
f 13587 13563 13564
f 13565 13564 13563
f 13554 13552 13558
f 13588 13586 13585
f 13572 13589 13571
f 13561 13589 13572
f 13554 13555 13553
f 13554 13553 13552
f 13590 13573 13574
f 13573 13590 13583
f 13590 13566 13583
f 13590 13577 13566
f 13561 13572 13562
f 13592 13562 13572
f 13576 13582 13578
f 13578 13577 13576
f 13573 13583 13568
f 13587 13573 13568
f 13573 13587 13585
f 13573 13585 13575
f 13571 13574 13573
f 13570 13571 13573
f 13570 13573 13575
f 13572 13571 13570
f 13578 13566 13577
f 13563 13582 13565
f 13584 13586 13592
f 13584 13592 13572
f 13575 13583 13570
f 13585 13584 13575
f 13575 13584 13583
f 13572 13570 13584
f 13584 13585 13586
f 13582 13568 13578
f 13583 13584 13567
f 13570 13567 13584
f 13570 13583 13566
f 13568 13582 13563
f 13583 13567 13568
f 13570 13566 13567
f 13568 13563 13587
f 13568 13567 13566
f 13568 13566 13578
f 13614 13618 13634
f 13634 13633 13614
f 13614 13633 13613
f 13614 13613 13612
f 13612 13618 13614
f 13613 13632 13628
f 13632 13625 13628
f 13612 13613 13628
f 13612 13628 13627
f 13627 13628 13625
f 13627 13644 13612
f 13633 13618 13612
f 13612 13644 13633
f 13632 13613 13608
f 13633 13621 13613
f 13621 13637 13613
f 13608 13613 13637
f 13634 13635 13623
f 13618 13619 13634
f 13649 13634 13619
f 13636 13634 13649
f 13635 13634 13636
f 13634 13623 13633
f 13610 13635 13638
f 13636 13638 13635
f 13635 13610 13637
f 13637 13621 13635
f 13635 13621 13623
f 13633 13623 13618
f 13644 13621 13633
f 13643 13625 13632
f 13640 13643 13632
f 13632 13608 13609
f 13609 13641 13632
f 13632 13641 13640
f 13610 13609 13608
f 13608 13637 13610
f 13620 13618 13621
f 13620 13619 13618
f 13621 13618 13623
f 13597 13598 13603
f 13599 13598 13597
f 13619 13606 13607
f 13639 13606 13619
f 13639 13619 13620
f 13607 13649 13619
f 13600 13598 13599
f 13611 13609 13610
f 13609 13611 13641
f 13625 13626 13627
f 13627 13626 13646
f 13646 13644 13627
f 13620 13630 13631
f 13620 13622 13630
f 13622 13620 13621
f 13647 13630 13622
f 13621 13644 13622
f 13622 13645 13647
f 13645 13622 13644
f 13625 13643 13624
f 13626 13625 13624
f 13605 13607 13606
f 13606 13604 13605
f 13604 13606 13639
f 13601 13598 13600
f 13646 13645 13644
f 13603 13598 13602
f 13602 13598 13601
f 13631 13630 13604
f 13638 13617 13610
f 13616 13617 13638
f 13617 13642 13610
f 13642 13611 13610
f 13596 13630 13650
f 13630 13596 13604
f 13630 13647 13650
f 13595 13629 13605
f 13629 13648 13605
f 13595 13605 13604
f 13595 13604 13596
f 13615 13616 13651
f 13617 13616 13615
f 13596 13594 13595
f 13595 13594 13593
f 13678 13626 13624
f 13626 13678 13679
f 13626 13679 13646
f 13643 13678 13624
f 13692 13646 13679
f 13645 13646 13692
f 13643 13640 13684
f 13678 13643 13684
f 13676 13645 13692
f 13645 13676 13647
f 13641 13684 13640
f 13683 13647 13676
f 13647 13683 13650
f 13683 13596 13650
f 13596 13683 13661
f 13594 13596 13653
f 13661 13653 13596
f 13594 13653 13652
f 13671 13615 13651
f 13681 13653 13662
f 13693 13681 13662
f 13641 13667 13684
f 13611 13667 13641
f 13671 13617 13615
f 13617 13671 13690
f 13642 13617 13666
f 13617 13690 13666
f 13667 13611 13666
f 13611 13642 13666
f 13662 13653 13661
f 13656 13659 13658
f 13656 13660 13659
f 13683 13682 13661
f 13661 13663 13662
f 13663 13661 13691
f 13683 13673 13682
f 13676 13673 13683
f 13656 13658 13657
f 13664 13662 13663
f 13687 13666 13690
f 13666 13687 13689
f 13689 13665 13666
f 13667 13666 13665
f 13656 13654 13660
f 13690 13688 13687
f 13674 13691 13673
f 13663 13691 13674
f 13656 13657 13655
f 13656 13655 13654
f 13692 13675 13676
f 13675 13692 13685
f 13692 13668 13685
f 13692 13679 13668
f 13663 13674 13664
f 13694 13664 13674
f 13678 13684 13680
f 13680 13679 13678
f 13675 13685 13670
f 13689 13675 13670
f 13675 13689 13687
f 13675 13687 13677
f 13673 13676 13675
f 13672 13673 13675
f 13672 13675 13677
f 13674 13673 13672
f 13680 13668 13679
f 13665 13684 13667
f 13686 13688 13694
f 13686 13694 13674
f 13677 13685 13672
f 13687 13686 13677
f 13677 13686 13685
f 13674 13672 13686
f 13686 13687 13688
f 13684 13670 13680
f 13685 13686 13669
f 13672 13669 13686
f 13672 13685 13668
f 13670 13684 13665
f 13685 13669 13670
f 13672 13668 13669
f 13670 13665 13689
f 13670 13669 13668
f 13670 13668 13680
f 13724 13748 13726
f 13722 13748 13724
f 13720 13748 13722
f 13718 13748 13720
f 13714 13748 13718
f 13716 13748 13714
f 13724 13721 13722
f 13721 13724 13723
f 13726 13723 13724
f 13723 13726 13725
f 13719 13722 13721
f 13722 13719 13720
f 13717 13720 13719
f 13720 13717 13718
f 13713 13718 13717
f 13718 13713 13714
f 13715 13714 13713
f 13714 13715 13716
f 13723 13731 13721
f 13731 13723 13732
f 13725 13732 13723
f 13732 13725 13733
f 13730 13721 13731
f 13721 13730 13719
f 13729 13719 13730
f 13719 13729 13717
f 13717 13727 13713
f 13727 13717 13729
f 13713 13728 13715
f 13728 13713 13727
f 13732 13738 13731
f 13739 13738 13732
f 13733 13739 13732
f 13740 13739 13733
f 13738 13737 13731
f 13731 13737 13730
f 13737 13736 13730
f 13730 13736 13729
f 13729 13735 13727
f 13736 13735 13729
f 13727 13734 13728
f 13735 13734 13727
f 13707 13706 13705
f 13708 13706 13707
f 13709 13708 13707
f 13710 13708 13709
f 13711 13710 13709
f 13712 13710 13711
f 13697 13696 13695
f 13698 13696 13697
f 13699 13698 13697
f 13700 13698 13699
f 13701 13700 13699
f 13702 13700 13701
f 13703 13702 13701
f 13704 13702 13703
f 13705 13704 13703
f 13706 13704 13705
f 13739 13745 13738
f 13746 13745 13739
f 13740 13746 13739
f 13747 13746 13740
f 13745 13744 13738
f 13738 13744 13737
f 13744 13743 13737
f 13737 13743 13736
f 13736 13742 13735
f 13743 13742 13736
f 13735 13741 13734
f 13742 13741 13735
f 13747 13749 13746
f 13746 13749 13745
f 13745 13749 13744
f 13742 13749 13741
f 13743 13749 13742
f 13744 13749 13743
f 13794 13792 13793
f 13795 13794 13793
f 13796 13794 13795
f 13793 13792 13791
f 13791 13790 13789
f 13792 13790 13791
f 13797 13796 13795
f 13798 13796 13797
f 13799 13798 13797
f 13800 13798 13799
f 13790 13788 13789
f 13789 13788 13787
f 13804 13802 13803
f 13801 13800 13799
f 13802 13800 13801
f 13803 13802 13801
f 13759 13785 13761
f 13761 13785 13763
f 13753 13785 13751
f 13757 13785 13759
f 13755 13785 13757
f 13751 13785 13755
f 13754 13757 13756
f 13757 13754 13755
f 13750 13755 13754
f 13756 13759 13758
f 13761 13758 13759
f 13758 13761 13760
f 13763 13760 13761
f 13760 13763 13762
f 13751 13752 13753
f 13759 13756 13757
f 13755 13750 13751
f 13752 13751 13750
f 13756 13766 13754
f 13754 13764 13750
f 13764 13754 13766
f 13766 13756 13767
f 13767 13758 13768
f 13758 13767 13756
f 13760 13768 13758
f 13768 13760 13769
f 13762 13769 13760
f 13769 13762 13770
f 13750 13765 13752
f 13765 13750 13764
f 13766 13772 13764
f 13773 13772 13766
f 13774 13773 13767
f 13767 13773 13766
f 13775 13774 13768
f 13768 13774 13767
f 13769 13775 13768
f 13776 13775 13769
f 13770 13776 13769
f 13777 13776 13770
f 13764 13771 13765
f 13772 13771 13764
f 13773 13779 13772
f 13780 13779 13773
f 13772 13778 13771
f 13779 13778 13772
f 13781 13780 13774
f 13774 13780 13773
f 13782 13781 13775
f 13775 13781 13774
f 13776 13782 13775
f 13783 13782 13776
f 13777 13783 13776
f 13784 13783 13777
f 13779 13786 13778
f 13780 13786 13779
f 13781 13786 13780
f 13784 13786 13783
f 13783 13786 13782
f 13782 13786 13781
f 13850 13848 13849
f 13816 13814 13815
f 13849 13848 13847
f 13907 13906 13905
f 13908 13906 13907
f 13815 13814 13813
f 13878 13876 13877
f 13877 13876 13875
f 13977 13976 13975
f 13933 13932 13931
f 13905 13900 13899
f 13906 13900 13905
f 13875 13872 13877
f 13872 13875 13870
f 13844 13848 13842
f 13848 13844 13847
f 13815 13808 13807
f 13813 13808 13815
f 13857 13864 13863
f 13858 13864 13857
f 14011 14010 14009
f 14012 14010 14011
f 13827 13825 13836
f 13836 13825 13835
f 13962 13963 13964
f 13963 13962 13961
f 13987 13986 13985
f 13986 13987 13988
f 13885 13896 13895
f 13886 13896 13885
f 13887 13886 13885
f 13888 13886 13887
f 13888 13887 13918
f 13918 13887 13917
f 13918 13917 13924
f 13924 13917 13923
f 13939 13938 13937
f 13940 13938 13939
f 13826 13858 13857
f 13828 13858 13826
f 13828 13826 13827
f 13827 13826 13825
f 13927 13926 13925
f 13899 13900 13898
f 13872 13870 13871
f 13983 13982 13981
f 13984 13982 13983
f 13971 13970 13969
f 13943 13942 13941
f 13942 13943 13944
f 13967 13966 13965
f 13968 13966 13967
f 14007 14006 14005
f 14006 14007 14008
f 13844 13842 13843
f 13807 13808 13806
f 13871 13870 13869
f 13807 13806 13805
f 13899 13898 13897
f 13843 13842 13841
f 13871 13869 13874
f 13806 13822 13805
f 13898 13914 13897
f 13843 13841 13846
f 13897 13914 13913
f 13874 13869 13873
f 13846 13841 13845
f 13805 13822 13821
f 13914 13915 13913
f 13865 13874 13873
f 13837 13846 13845
f 13822 13823 13821
f 13865 13866 13874
f 13824 13823 13822
f 13916 13915 13914
f 13837 13838 13846
f 13911 13909 13916
f 13916 13909 13915
f 13867 13866 13865
f 13867 13868 13866
f 13840 13838 13839
f 13839 13838 13837
f 13819 13817 13824
f 13824 13817 13823
f 13911 13910 13909
f 13883 13868 13867
f 13855 13840 13839
f 13819 13818 13817
f 13856 13840 13855
f 13974 13973 13972
f 13912 13910 13911
f 13820 13818 13819
f 13930 13929 13928
f 13883 13884 13868
f 13879 13884 13883
f 13820 13810 13818
f 13912 13901 13910
f 13853 13856 13855
f 13853 13851 13856
f 13809 13810 13820
f 13829 13834 13833
f 13862 13859 13861
f 13955 13954 13953
f 13954 13955 13956
f 14003 14002 14001
f 14004 14002 14003
f 13831 13830 13829
f 13831 13832 13830
f 13859 13832 13831
f 13947 13946 13945
f 13948 13946 13947
f 13994 13995 13996
f 13995 13994 13993
f 13829 13830 13834
f 13832 13859 13860
f 13860 13859 13862
f 13903 13901 13912
f 13879 13880 13884
f 13919 13922 13921
f 13919 13920 13922
f 13890 13920 13919
f 13890 13892 13920
f 13892 13890 13891
f 13891 13890 13889
f 13891 13889 13894
f 13894 13889 13893
f 13991 13990 13989
f 13992 13990 13991
f 13951 13950 13949
f 13950 13951 13952
f 13959 13958 13957
f 13999 13998 13997
f 13903 13904 13902
f 13903 13902 13901
f 13881 13880 13879
f 13880 13881 13882
f 13980 13979 13978
f 13960 13958 13959
f 13936 13935 13934
f 13998 13999 14000
f 13853 13852 13851
f 13811 13810 13809
f 13812 13810 13811
f 13852 13853 13854
f 14025 14024 14023
f 14047 14040 14046
f 14048 14040 14047
f 14023 14022 14021
f 14024 14022 14023
f 14026 14024 14025
f 14027 14026 14025
f 14046 14040 14045
f 14049 14040 14048
f 14021 14020 14019
f 14022 14020 14021
f 14057 14052 14056
f 14058 14052 14057
f 14028 14026 14027
f 14056 14052 14055
f 14059 14052 14058
f 14029 14028 14027
f 14045 14040 14044
f 14050 14040 14049
f 14019 14018 14017
f 14020 14018 14019
f 14055 14052 14054
f 14030 14028 14029
f 14060 14052 14059
f 14054 14052 14053
f 14018 14016 14017
f 14031 14030 14029
f 14044 14040 14043
f 14017 14016 14015
f 14032 14030 14031
f 14061 14052 14060
f 14033 14032 14031
f 14034 14032 14033
f 14053 14052 14051
f 14062 14052 14061
f 14016 14014 14015
f 14041 14040 14039
f 14042 14040 14041
f 14043 14040 14042
f 14015 14014 14013
f 14035 14034 14033
f 14036 14034 14035
f 14038 14036 14037
f 14037 14036 14035
f 14566 14565 14564
f 14567 14566 14564
f 14562 14561 14560
f 14563 14562 14560
f 14558 14557 14556
f 14559 14558 14556
f 14550 14549 14548
f 14551 14550 14548
f 14547 14546 14544
f 14538 14537 14536
f 14539 14538 14536
f 14546 14545 14544
f 14570 14569 14568
f 14570 14573 14569
f 14575 14571 14574
f 14571 14568 14574
f 14571 14570 14568
f 14590 14589 14588
f 14591 14590 14588
f 14583 14582 14580
f 14578 14577 14576
f 14579 14578 14576
f 14573 14572 14569
f 14602 14601 14600
f 14603 14602 14600
f 14582 14581 14580
f 14531 14529 14530
f 14529 14528 14530
f 14529 14527 14528
f 14527 14526 14528
f 14472 14474 14471
f 14472 14471 14469
f 14470 14472 14469
f 14387 14389 14386
f 14389 14388 14386
f 14389 14391 14388
f 14306 14308 14305
f 14306 14305 14303
f 14304 14306 14303
f 14361 14360 14362
f 14363 14361 14362
f 14363 14362 14364
f 14365 14363 14364
f 14444 14443 14445
f 14446 14444 14445
f 14446 14445 14447
f 14448 14446 14447
f 14469 14471 14487
f 14471 14488 14487
f 14471 14473 14488
f 14474 14473 14471
f 14391 14390 14388
f 14388 14390 14405
f 14388 14405 14404
f 14386 14388 14404
f 14308 14307 14305
f 14305 14307 14322
f 14305 14322 14321
f 14303 14305 14321
f 14533 14531 14532
f 14531 14530 14532
f 14527 14467 14526
f 14467 14524 14526
f 14467 14470 14466
f 14470 14469 14466
f 14474 14476 14473
f 14384 14387 14383
f 14387 14386 14383
f 14391 14393 14390
f 14308 14310 14307
f 14304 14303 14300
f 14301 14304 14300
f 14301 14358 14360
f 14361 14301 14360
f 14365 14364 14366
f 14367 14365 14366
f 14384 14441 14443
f 14444 14384 14443
f 14448 14447 14449
f 14450 14448 14449
f 14466 14469 14486
f 14469 14487 14486
f 14473 14489 14488
f 14473 14475 14489
f 14476 14475 14473
f 14390 14392 14406
f 14390 14406 14405
f 14386 14404 14403
f 14383 14386 14403
f 14393 14392 14390
f 14310 14309 14307
f 14307 14309 14323
f 14307 14323 14322
f 14303 14321 14320
f 14300 14303 14320
f 14487 14488 14500
f 14488 14501 14500
f 14488 14489 14501
f 14405 14406 14418
f 14405 14418 14417
f 14404 14405 14417
f 14322 14323 14335
f 14322 14335 14334
f 14321 14322 14334
f 14486 14487 14499
f 14487 14500 14499
f 14475 14490 14489
f 14489 14502 14501
f 14489 14490 14502
f 14392 14407 14406
f 14406 14407 14419
f 14406 14419 14418
f 14404 14417 14416
f 14403 14404 14416
f 14309 14324 14323
f 14320 14321 14333
f 14323 14324 14336
f 14323 14336 14335
f 14321 14334 14333
f 14535 14533 14534
f 14533 14532 14534
f 14468 14525 14524
f 14467 14468 14524
f 14468 14467 14465
f 14467 14466 14465
f 14476 14478 14475
f 14385 14384 14382
f 14384 14383 14382
f 14450 14449 14451
f 14452 14450 14451
f 14393 14395 14392
f 14310 14312 14309
f 14301 14300 14299
f 14302 14301 14299
f 14301 14302 14358
f 14302 14359 14358
f 14367 14366 14368
f 14369 14367 14368
f 14385 14442 14441
f 14384 14385 14441
f 14475 14477 14490
f 14478 14477 14475
f 14392 14394 14407
f 14395 14394 14392
f 14312 14311 14309
f 14309 14311 14324
f 14465 14466 14485
f 14466 14486 14485
f 14383 14403 14402
f 14382 14383 14402
f 14300 14320 14319
f 14299 14300 14319
f 14514 14513 14506
f 14513 14516 14506
f 14350 14341 14348
f 14349 14348 14341
f 14431 14430 14423
f 14430 14433 14423
f 14477 14491 14490
f 14485 14486 14498
f 14486 14499 14498
f 14490 14503 14502
f 14490 14491 14503
f 14394 14408 14407
f 14407 14420 14419
f 14403 14416 14415
f 14402 14403 14415
f 14407 14408 14420
f 14311 14325 14324
f 14320 14333 14332
f 14319 14320 14332
f 14324 14325 14337
f 14324 14337 14336
f 14511 14514 14506
f 14346 14349 14341
f 14428 14431 14423
f 14516 14515 14506
f 14350 14351 14341
f 14433 14432 14423
f 14512 14511 14506
f 14347 14346 14341
f 14429 14428 14423
f 14515 14517 14506
f 14491 14504 14503
f 14408 14421 14420
f 14351 14340 14341
f 14325 14338 14337
f 14432 14434 14423
f 14507 14506 14505
f 14507 14509 14506
f 14509 14508 14506
f 14510 14506 14508
f 14510 14512 14506
f 14517 14505 14506
f 14484 14497 14496
f 14483 14484 14496
f 14463 14484 14483
f 14477 14453 14491
f 14453 14479 14491
f 14456 14453 14477
f 14478 14456 14477
f 14461 14463 14483
f 14464 14463 14461
f 14462 14464 14461
f 14464 14462 14523
f 14462 14522 14523
f 14456 14535 14519
f 14535 14534 14519
f 14491 14479 14504
f 14479 14492 14504
f 14370 14396 14408
f 14394 14370 14408
f 14396 14409 14421
f 14408 14396 14421
f 14379 14381 14378
f 14381 14380 14378
f 14378 14380 14400
f 14380 14401 14400
f 14400 14401 14413
f 14401 14414 14413
f 14379 14439 14440
f 14381 14379 14440
f 14452 14451 14436
f 14373 14452 14436
f 14395 14373 14394
f 14373 14370 14394
f 14341 14340 14339
f 14345 14347 14341
f 14345 14341 14343
f 14344 14343 14341
f 14342 14344 14341
f 14342 14341 14339
f 14318 14331 14330
f 14317 14318 14330
f 14297 14318 14317
f 14295 14297 14317
f 14298 14297 14295
f 14296 14298 14295
f 14298 14296 14357
f 14296 14356 14357
f 14313 14326 14338
f 14287 14313 14325
f 14311 14287 14325
f 14290 14287 14311
f 14312 14290 14311
f 14369 14368 14353
f 14290 14369 14353
f 14325 14313 14338
f 14424 14423 14422
f 14424 14426 14423
f 14426 14425 14423
f 14427 14423 14425
f 14427 14429 14423
f 14434 14422 14423
f 14479 14480 14492
f 14480 14493 14492
f 14483 14496 14495
f 14397 14410 14409
f 14396 14397 14409
f 14400 14413 14412
f 14317 14330 14329
f 14314 14327 14326
f 14313 14314 14326
f 14480 14481 14493
f 14481 14494 14493
f 14482 14495 14494
f 14482 14483 14495
f 14399 14412 14411
f 14398 14411 14410
f 14397 14398 14410
f 14399 14400 14412
f 14316 14329 14328
f 14316 14317 14329
f 14315 14328 14327
f 14314 14315 14327
f 14453 14454 14479
f 14454 14480 14479
f 14461 14483 14482
f 14378 14400 14399
f 14371 14397 14396
f 14370 14371 14396
f 14295 14317 14316
f 14288 14314 14313
f 14287 14288 14313
f 14481 14482 14494
f 14398 14399 14411
f 14315 14316 14328
f 14459 14461 14482
f 14462 14461 14459
f 14376 14378 14399
f 14379 14378 14376
f 14293 14295 14316
f 14296 14295 14293
f 14455 14454 14453
f 14456 14455 14453
f 14373 14372 14370
f 14372 14371 14370
f 14289 14288 14287
f 14290 14289 14287
f 14244 14243 14242
f 14245 14244 14242
f 14460 14462 14459
f 14462 14460 14522
f 14460 14521 14522
f 14455 14456 14518
f 14456 14519 14518
f 14377 14379 14376
f 14377 14438 14439
f 14379 14377 14439
f 14373 14436 14435
f 14372 14373 14435
f 14296 14294 14356
f 14294 14296 14293
f 14294 14355 14356
f 14290 14353 14352
f 14289 14290 14352
f 14081 14080 14079
f 14082 14081 14079
f 14077 14076 14075
f 14078 14077 14075
f 14073 14072 14071
f 14074 14073 14071
f 14454 14457 14480
f 14457 14481 14480
f 14374 14398 14397
f 14371 14374 14397
f 14291 14315 14314
f 14288 14291 14314
f 14459 14482 14481
f 14376 14399 14398
f 14293 14316 14315
f 14457 14459 14481
f 14374 14376 14398
f 14291 14293 14315
f 14460 14459 14457
f 14377 14376 14374
f 14294 14293 14291
f 14458 14457 14454
f 14455 14458 14454
f 14372 14375 14371
f 14375 14374 14371
f 14292 14291 14288
f 14289 14292 14288
f 14458 14460 14457
f 14460 14458 14521
f 14458 14520 14521
f 14458 14455 14520
f 14455 14518 14520
f 14372 14435 14437
f 14375 14372 14437
f 14375 14437 14438
f 14377 14375 14438
f 14375 14377 14374
f 14294 14292 14355
f 14292 14294 14291
f 14292 14354 14355
f 14292 14289 14354
f 14289 14352 14354
f 14118 14117 14115
f 14114 14113 14111
f 14269 14270 14273
f 14271 14270 14269
f 14272 14271 14269
f 14272 14286 14271
f 14205 14204 14203
f 14205 14207 14204
f 14215 14214 14212
f 14213 14215 14212
f 14209 14213 14212
f 14208 14209 14212
f 14210 14209 14208
f 14211 14210 14208
f 14250 14247 14248
f 14113 14112 14111
f 14146 14145 14143
f 14140 14139 14138
f 14141 14140 14138
f 14067 14068 14069
f 14064 14068 14067
f 14063 14064 14067
f 14145 14144 14143
f 14068 14070 14069
f 14598 14597 14596
f 14599 14598 14596
f 14270 14274 14273
f 14286 14285 14271
f 14133 14132 14130
f 14126 14127 14128
f 14127 14129 14128
f 14132 14131 14130
f 14277 14275 14276
f 14274 14276 14275
f 14273 14274 14275
f 14117 14116 14115
f 14101 14100 14099
f 14102 14101 14099
f 14097 14096 14095
f 14098 14097 14095
f 14193 14192 14191
f 14194 14193 14191
f 14109 14108 14107
f 14110 14109 14107
f 14247 14249 14248
f 14176 14175 14174
f 14167 14166 14165
f 14168 14167 14165
f 14275 14277 14278
f 14631 14630 14629
f 14632 14631 14629
f 14627 14626 14625
f 14628 14627 14625
f 14284 14283 14279
f 14283 14278 14279
f 14277 14279 14278
f 14173 14169 14170
f 14171 14170 14169
f 14172 14171 14169
f 14240 14239 14238
f 14241 14240 14238
f 14232 14229 14230
f 14230 14229 14228
f 14231 14230 14228
f 14280 14279 14277
f 14233 14234 14237
f 14235 14234 14233
f 14236 14235 14233
f 14610 14609 14608
f 14611 14610 14608
f 14281 14280 14277
f 14282 14281 14277
f 14614 14613 14612
f 14614 14616 14613
f 14116 14249 14120
f 14116 14120 14115
f 14105 14104 14103
f 14106 14105 14103
f 14249 14252 14120
f 14247 14251 14249
f 14149 14148 14147
f 14142 14139 14140
f 14150 14149 14147
f 14157 14162 14163
f 14162 14164 14163
f 14207 14206 14204
f 14616 14615 14613
f 14156 14157 14155
f 14156 14159 14157
f 14159 14158 14157
f 14162 14157 14158
f 14127 14126 14125
f 14267 14266 14265
f 14268 14267 14265
f 14255 14254 14253
f 14256 14255 14253
f 14120 14119 14115
f 14636 14635 14633
f 14259 14258 14257
f 14260 14259 14257
f 14246 14251 14247
f 14635 14634 14633
f 14190 14187 14188
f 14188 14187 14186
f 14189 14188 14186
f 14179 14178 14177
f 14180 14179 14177
f 14160 14158 14159
f 14161 14160 14159
f 14623 14622 14621
f 14624 14623 14621
f 14619 14618 14617
f 14620 14619 14617
f 14181 14182 14185
f 14183 14182 14181
f 14184 14183 14181
f 14226 14225 14224
f 14227 14226 14224
f 14220 14217 14218
f 14218 14217 14216
f 14219 14218 14216
f 14152 14154 14151
f 14154 14153 14151
f 14154 14156 14153
f 14156 14155 14153
f 14223 14222 14221
f 14123 14122 14121
f 14124 14123 14121
f 14065 14064 14063
f 14066 14065 14063
f 14594 14593 14592
f 14595 14594 14592
f 14090 14089 14087
f 14085 14084 14083
f 14086 14085 14083
f 14606 14605 14604
f 14607 14606 14604
f 14150 14152 14149
f 14152 14151 14149
f 14136 14135 14134
f 14137 14136 14134
f 14093 14092 14091
f 14094 14093 14091
f 14089 14088 14087
f 14263 14262 14261
f 14264 14263 14261
f 14247 14115 14246
f 14115 14119 14246
f 14196 14200 14199
f 14195 14196 14199
f 14197 14196 14195
f 14198 14197 14195
f 14200 14202 14201
f 14199 14200 14201
f 14586 14585 14584
f 14587 14586 14584
f 14573 14575 14572
f 14575 14574 14572
f 14542 14541 14540
f 14543 14542 14540
f 14554 14553 14552
f 14555 14554 14552
f 14651 14650 14649
f 14652 14650 14651
f 14647 14646 14645
f 14648 14646 14647
f 14639 14638 14637
f 14640 14638 14639
f 14643 14642 14641
f 14644 14642 14643
f 14805 14811 14806
f 14809 14811 14805
f 14809 14805 14808
f 14808 14805 14807
f 14859 14858 14857
f 14859 14860 14858
f 14861 14860 14859
f 14860 14861 14864
f 14864 14861 14863
f 14863 14861 14862
f 14842 14837 14841
f 14867 14866 14865
f 14868 14866 14867
f 14813 14818 14817
f 14841 14837 14838
f 14838 14837 14835
f 14844 14842 14843
f 14835 14837 14836
f 14844 14837 14842
f 14805 14802 14804
f 14805 14806 14802
f 14848 14846 14847
f 14823 14816 14815
f 14847 14846 14845
f 14816 14814 14815
f 14815 14814 14813
f 14821 14813 14814
f 14821 14819 14813
f 14813 14819 14818
f 14904 14902 14903
f 14903 14902 14901
f 14910 14908 14909
f 14909 14908 14907
f 14905 14902 14904
f 14906 14902 14905
f 14899 14898 14897
f 14900 14898 14899
f 14893 14892 14891
f 14894 14892 14893
f 14895 14892 14894
f 14896 14892 14895
f 14883 14882 14881
f 14884 14882 14883
f 14879 14878 14877
f 14880 14878 14879
f 14920 14918 14919
f 14919 14918 14917
f 14924 14922 14923
f 14923 14922 14921
f 14712 14710 14711
f 14711 14710 14709
f 14716 14714 14715
f 14715 14714 14713
f 14724 14722 14723
f 14723 14722 14721
f 14728 14726 14727
f 14727 14726 14725
f 14823 14825 14816
f 14748 14747 14745
f 14731 14730 14729
f 14733 14731 14732
f 14733 14730 14731
f 14745 14747 14746
f 14734 14730 14733
f 14913 14912 14911
f 14914 14912 14913
f 14915 14912 14914
f 14916 14912 14915
f 14841 14838 14840
f 14806 14811 14812
f 14840 14838 14839
f 14812 14811 14810
f 14872 14870 14871
f 14871 14870 14869
f 14876 14874 14875
f 14875 14874 14873
f 14890 14886 14889
f 14889 14886 14888
f 14888 14886 14887
f 14887 14886 14885
f 14751 14750 14749
f 14752 14750 14751
f 14756 14754 14755
f 14755 14754 14753
f 14760 14758 14759
f 14759 14758 14757
f 14822 14821 14820
f 14819 14821 14822
f 14737 14738 14736
f 14737 14739 14738
f 14740 14739 14737
f 14828 14827 14826
f 14737 14736 14735
f 14745 14746 14744
f 14745 14744 14743
f 14829 14827 14828
f 14740 14741 14739
f 14742 14741 14740
f 14829 14832 14827
f 14825 14832 14829
f 14719 14718 14717
f 14720 14718 14719
f 14831 14832 14825
f 14831 14825 14823
f 14832 14831 14830
f 14792 14791 14790
f 14763 14765 14764
f 14763 14764 14762
f 14763 14762 14761
f 14796 14794 14795
f 14795 14794 14793
f 14800 14798 14799
f 14799 14798 14797
f 14787 14786 14785
f 14787 14788 14786
f 14787 14789 14788
f 14790 14789 14787
f 14790 14791 14789
f 14686 14682 14685
f 14684 14682 14683
f 14685 14682 14684
f 14679 14678 14677
f 14696 14694 14695
f 14695 14694 14693
f 14680 14678 14679
f 14673 14674 14672
f 14673 14675 14674
f 14673 14676 14675
f 14659 14658 14657
f 14660 14658 14659
f 14655 14654 14653
f 14673 14672 14671
f 14669 14668 14667
f 14670 14668 14669
f 14656 14654 14655
f 14699 14698 14697
f 14700 14698 14699
f 14683 14682 14681
f 14831 14823 14824
f 14783 14782 14781
f 14784 14782 14783
f 14779 14778 14777
f 14780 14778 14779
f 14769 14768 14767
f 14770 14768 14769
f 14766 14765 14763
f 14818 14824 14817
f 14817 14824 14823
f 14776 14772 14775
f 14773 14772 14771
f 14775 14772 14773
f 14775 14773 14774
f 14689 14688 14687
f 14692 14688 14691
f 14690 14688 14689
f 14704 14702 14703
f 14703 14702 14701
f 14708 14706 14707
f 14707 14706 14705
f 14663 14662 14661
f 14664 14662 14663
f 14665 14662 14664
f 14665 14666 14662
f 14691 14688 14690
f 14835 14836 14834
f 14835 14834 14833
f 14803 14802 14801
f 14804 14802 14803
f 14851 14850 14849
f 14851 14852 14850
f 14853 14852 14851
f 14855 14853 14854
f 14856 14853 14855
f 14853 14856 14852
f 14935 14931 14934
f 14983 14982 14981
f 14984 14982 14983
f 14951 14959 14952
f 14951 14952 14946
f 14951 14946 14947
f 14951 14947 14950
f 14979 14978 14977
f 14980 14978 14979
f 14951 14957 14959
f 14955 14957 14951
f 14955 14951 14954
f 14971 14970 14969
f 14972 14970 14971
f 14967 14966 14965
f 14968 14966 14967
f 14934 14931 14933
f 14933 14931 14932
f 14943 14942 14941
f 14944 14942 14943
f 14955 14954 14953
f 14935 14930 14931
f 14931 14930 14929
f 14957 14955 14956
f 14935 14928 14930
f 14952 14959 14960
f 14960 14959 14958
f 14935 14926 14928
f 14928 14926 14927
f 14927 14926 14925
f 14935 14936 14926
f 14947 14946 14945
f 14936 14939 14940
f 14939 14936 14935
f 14949 14947 14948
f 14950 14947 14949
f 14988 14986 14987
f 14987 14986 14985
f 14939 14938 14937
f 14939 14935 14938
f 14963 14962 14961
f 14964 14962 14963
f 14975 14974 14973
f 14976 14974 14975
f 15492 15491 15490
f 15493 15492 15490
f 15488 15487 15486
f 15489 15488 15486
f 15484 15483 15482
f 15485 15484 15482
f 15476 15475 15474
f 15477 15476 15474
f 15473 15472 15470
f 15464 15463 15462
f 15465 15464 15462
f 15472 15471 15470
f 15496 15495 15494
f 15496 15499 15495
f 15501 15497 15500
f 15497 15494 15500
f 15497 15496 15494
f 15516 15515 15514
f 15517 15516 15514
f 15509 15508 15506
f 15504 15503 15502
f 15505 15504 15502
f 15499 15498 15495
f 15528 15527 15526
f 15529 15528 15526
f 15508 15507 15506
f 15457 15455 15456
f 15455 15454 15456
f 15455 15453 15454
f 15453 15452 15454
f 15398 15400 15397
f 15398 15397 15395
f 15396 15398 15395
f 15313 15315 15312
f 15315 15314 15312
f 15315 15317 15314
f 15232 15234 15231
f 15232 15231 15229
f 15230 15232 15229
f 15287 15286 15288
f 15289 15287 15288
f 15289 15288 15290
f 15291 15289 15290
f 15370 15369 15371
f 15372 15370 15371
f 15372 15371 15373
f 15374 15372 15373
f 15395 15397 15413
f 15397 15414 15413
f 15397 15399 15414
f 15400 15399 15397
f 15317 15316 15314
f 15314 15316 15331
f 15314 15331 15330
f 15312 15314 15330
f 15234 15233 15231
f 15231 15233 15248
f 15231 15248 15247
f 15229 15231 15247
f 15459 15457 15458
f 15457 15456 15458
f 15453 15393 15452
f 15393 15450 15452
f 15393 15396 15392
f 15396 15395 15392
f 15400 15402 15399
f 15310 15313 15309
f 15313 15312 15309
f 15317 15319 15316
f 15234 15236 15233
f 15230 15229 15226
f 15227 15230 15226
f 15227 15284 15286
f 15287 15227 15286
f 15291 15290 15292
f 15293 15291 15292
f 15310 15367 15369
f 15370 15310 15369
f 15374 15373 15375
f 15376 15374 15375
f 15392 15395 15412
f 15395 15413 15412
f 15399 15415 15414
f 15399 15401 15415
f 15402 15401 15399
f 15316 15318 15332
f 15316 15332 15331
f 15312 15330 15329
f 15309 15312 15329
f 15319 15318 15316
f 15236 15235 15233
f 15233 15235 15249
f 15233 15249 15248
f 15229 15247 15246
f 15226 15229 15246
f 15413 15414 15426
f 15414 15427 15426
f 15414 15415 15427
f 15331 15332 15344
f 15331 15344 15343
f 15330 15331 15343
f 15248 15249 15261
f 15248 15261 15260
f 15247 15248 15260
f 15412 15413 15425
f 15413 15426 15425
f 15401 15416 15415
f 15415 15428 15427
f 15415 15416 15428
f 15318 15333 15332
f 15332 15333 15345
f 15332 15345 15344
f 15330 15343 15342
f 15329 15330 15342
f 15235 15250 15249
f 15246 15247 15259
f 15249 15250 15262
f 15249 15262 15261
f 15247 15260 15259
f 15461 15459 15460
f 15459 15458 15460
f 15394 15451 15450
f 15393 15394 15450
f 15394 15393 15391
f 15393 15392 15391
f 15402 15404 15401
f 15311 15310 15308
f 15310 15309 15308
f 15376 15375 15377
f 15378 15376 15377
f 15319 15321 15318
f 15236 15238 15235
f 15227 15226 15225
f 15228 15227 15225
f 15227 15228 15284
f 15228 15285 15284
f 15293 15292 15294
f 15295 15293 15294
f 15311 15368 15367
f 15310 15311 15367
f 15401 15403 15416
f 15404 15403 15401
f 15318 15320 15333
f 15321 15320 15318
f 15238 15237 15235
f 15235 15237 15250
f 15391 15392 15411
f 15392 15412 15411
f 15309 15329 15328
f 15308 15309 15328
f 15226 15246 15245
f 15225 15226 15245
f 15440 15439 15432
f 15439 15442 15432
f 15276 15267 15274
f 15275 15274 15267
f 15357 15356 15349
f 15356 15359 15349
f 15403 15417 15416
f 15411 15412 15424
f 15412 15425 15424
f 15416 15429 15428
f 15416 15417 15429
f 15320 15334 15333
f 15333 15346 15345
f 15329 15342 15341
f 15328 15329 15341
f 15333 15334 15346
f 15237 15251 15250
f 15246 15259 15258
f 15245 15246 15258
f 15250 15251 15263
f 15250 15263 15262
f 15437 15440 15432
f 15272 15275 15267
f 15354 15357 15349
f 15442 15441 15432
f 15276 15277 15267
f 15359 15358 15349
f 15438 15437 15432
f 15273 15272 15267
f 15355 15354 15349
f 15441 15443 15432
f 15417 15430 15429
f 15334 15347 15346
f 15277 15266 15267
f 15251 15264 15263
f 15358 15360 15349
f 15433 15432 15431
f 15433 15435 15432
f 15435 15434 15432
f 15436 15432 15434
f 15436 15438 15432
f 15443 15431 15432
f 15410 15423 15422
f 15409 15410 15422
f 15389 15410 15409
f 15403 15379 15417
f 15379 15405 15417
f 15382 15379 15403
f 15404 15382 15403
f 15387 15389 15409
f 15390 15389 15387
f 15388 15390 15387
f 15390 15388 15449
f 15388 15448 15449
f 15382 15461 15445
f 15461 15460 15445
f 15417 15405 15430
f 15405 15418 15430
f 15296 15322 15334
f 15320 15296 15334
f 15322 15335 15347
f 15334 15322 15347
f 15305 15307 15304
f 15307 15306 15304
f 15304 15306 15326
f 15306 15327 15326
f 15326 15327 15339
f 15327 15340 15339
f 15305 15365 15366
f 15307 15305 15366
f 15378 15377 15362
f 15299 15378 15362
f 15321 15299 15320
f 15299 15296 15320
f 15267 15266 15265
f 15271 15273 15267
f 15271 15267 15269
f 15270 15269 15267
f 15268 15270 15267
f 15268 15267 15265
f 15244 15257 15256
f 15243 15244 15256
f 15223 15244 15243
f 15221 15223 15243
f 15224 15223 15221
f 15222 15224 15221
f 15224 15222 15283
f 15222 15282 15283
f 15239 15252 15264
f 15213 15239 15251
f 15237 15213 15251
f 15216 15213 15237
f 15238 15216 15237
f 15295 15294 15279
f 15216 15295 15279
f 15251 15239 15264
f 15350 15349 15348
f 15350 15352 15349
f 15352 15351 15349
f 15353 15349 15351
f 15353 15355 15349
f 15360 15348 15349
f 15405 15406 15418
f 15406 15419 15418
f 15409 15422 15421
f 15323 15336 15335
f 15322 15323 15335
f 15326 15339 15338
f 15243 15256 15255
f 15240 15253 15252
f 15239 15240 15252
f 15406 15407 15419
f 15407 15420 15419
f 15408 15421 15420
f 15408 15409 15421
f 15325 15338 15337
f 15324 15337 15336
f 15323 15324 15336
f 15325 15326 15338
f 15242 15255 15254
f 15242 15243 15255
f 15241 15254 15253
f 15240 15241 15253
f 15379 15380 15405
f 15380 15406 15405
f 15387 15409 15408
f 15304 15326 15325
f 15297 15323 15322
f 15296 15297 15322
f 15221 15243 15242
f 15214 15240 15239
f 15213 15214 15239
f 15407 15408 15420
f 15324 15325 15337
f 15241 15242 15254
f 15385 15387 15408
f 15388 15387 15385
f 15302 15304 15325
f 15305 15304 15302
f 15219 15221 15242
f 15222 15221 15219
f 15381 15380 15379
f 15382 15381 15379
f 15299 15298 15296
f 15298 15297 15296
f 15215 15214 15213
f 15216 15215 15213
f 15170 15169 15168
f 15171 15170 15168
f 15386 15388 15385
f 15388 15386 15448
f 15386 15447 15448
f 15381 15382 15444
f 15382 15445 15444
f 15303 15305 15302
f 15303 15364 15365
f 15305 15303 15365
f 15299 15362 15361
f 15298 15299 15361
f 15222 15220 15282
f 15220 15222 15219
f 15220 15281 15282
f 15216 15279 15278
f 15215 15216 15278
f 15007 15006 15005
f 15008 15007 15005
f 15003 15002 15001
f 15004 15003 15001
f 14999 14998 14997
f 15000 14999 14997
f 15380 15383 15406
f 15383 15407 15406
f 15300 15324 15323
f 15297 15300 15323
f 15217 15241 15240
f 15214 15217 15240
f 15385 15408 15407
f 15302 15325 15324
f 15219 15242 15241
f 15383 15385 15407
f 15300 15302 15324
f 15217 15219 15241
f 15386 15385 15383
f 15303 15302 15300
f 15220 15219 15217
f 15384 15383 15380
f 15381 15384 15380
f 15298 15301 15297
f 15301 15300 15297
f 15218 15217 15214
f 15215 15218 15214
f 15384 15386 15383
f 15386 15384 15447
f 15384 15446 15447
f 15384 15381 15446
f 15381 15444 15446
f 15298 15361 15363
f 15301 15298 15363
f 15301 15363 15364
f 15303 15301 15364
f 15301 15303 15300
f 15220 15218 15281
f 15218 15220 15217
f 15218 15280 15281
f 15218 15215 15280
f 15215 15278 15280
f 15044 15043 15041
f 15040 15039 15037
f 15195 15196 15199
f 15197 15196 15195
f 15198 15197 15195
f 15198 15212 15197
f 15131 15130 15129
f 15131 15133 15130
f 15141 15140 15138
f 15139 15141 15138
f 15135 15139 15138
f 15134 15135 15138
f 15136 15135 15134
f 15137 15136 15134
f 15176 15173 15174
f 15039 15038 15037
f 15072 15071 15069
f 15066 15065 15064
f 15067 15066 15064
f 14993 14994 14995
f 14990 14994 14993
f 14989 14990 14993
f 15071 15070 15069
f 14994 14996 14995
f 15524 15523 15522
f 15525 15524 15522
f 15196 15200 15199
f 15212 15211 15197
f 15059 15058 15056
f 15052 15053 15054
f 15053 15055 15054
f 15058 15057 15056
f 15203 15201 15202
f 15200 15202 15201
f 15199 15200 15201
f 15043 15042 15041
f 15027 15026 15025
f 15028 15027 15025
f 15023 15022 15021
f 15024 15023 15021
f 15119 15118 15117
f 15120 15119 15117
f 15035 15034 15033
f 15036 15035 15033
f 15173 15175 15174
f 15102 15101 15100
f 15093 15092 15091
f 15094 15093 15091
f 15201 15203 15204
f 15557 15556 15555
f 15558 15557 15555
f 15553 15552 15551
f 15554 15553 15551
f 15210 15209 15205
f 15209 15204 15205
f 15203 15205 15204
f 15099 15095 15096
f 15097 15096 15095
f 15098 15097 15095
f 15166 15165 15164
f 15167 15166 15164
f 15158 15155 15156
f 15156 15155 15154
f 15157 15156 15154
f 15206 15205 15203
f 15159 15160 15163
f 15161 15160 15159
f 15162 15161 15159
f 15536 15535 15534
f 15537 15536 15534
f 15207 15206 15203
f 15208 15207 15203
f 15540 15539 15538
f 15540 15542 15539
f 15042 15175 15046
f 15042 15046 15041
f 15031 15030 15029
f 15032 15031 15029
f 15175 15178 15046
f 15173 15177 15175
f 15075 15074 15073
f 15068 15065 15066
f 15076 15075 15073
f 15083 15088 15089
f 15088 15090 15089
f 15133 15132 15130
f 15542 15541 15539
f 15082 15083 15081
f 15082 15085 15083
f 15085 15084 15083
f 15088 15083 15084
f 15053 15052 15051
f 15193 15192 15191
f 15194 15193 15191
f 15181 15180 15179
f 15182 15181 15179
f 15046 15045 15041
f 15562 15561 15559
f 15185 15184 15183
f 15186 15185 15183
f 15172 15177 15173
f 15561 15560 15559
f 15116 15113 15114
f 15114 15113 15112
f 15115 15114 15112
f 15105 15104 15103
f 15106 15105 15103
f 15086 15084 15085
f 15087 15086 15085
f 15549 15548 15547
f 15550 15549 15547
f 15545 15544 15543
f 15546 15545 15543
f 15107 15108 15111
f 15109 15108 15107
f 15110 15109 15107
f 15152 15151 15150
f 15153 15152 15150
f 15146 15143 15144
f 15144 15143 15142
f 15145 15144 15142
f 15078 15080 15077
f 15080 15079 15077
f 15080 15082 15079
f 15082 15081 15079
f 15149 15148 15147
f 15049 15048 15047
f 15050 15049 15047
f 14991 14990 14989
f 14992 14991 14989
f 15520 15519 15518
f 15521 15520 15518
f 15016 15015 15013
f 15011 15010 15009
f 15012 15011 15009
f 15532 15531 15530
f 15533 15532 15530
f 15076 15078 15075
f 15078 15077 15075
f 15062 15061 15060
f 15063 15062 15060
f 15019 15018 15017
f 15020 15019 15017
f 15015 15014 15013
f 15189 15188 15187
f 15190 15189 15187
f 15173 15041 15172
f 15041 15045 15172
f 15122 15126 15125
f 15121 15122 15125
f 15123 15122 15121
f 15124 15123 15121
f 15126 15128 15127
f 15125 15126 15127
f 15512 15511 15510
f 15513 15512 15510
f 15499 15501 15498
f 15501 15500 15498
f 15468 15467 15466
f 15469 15468 15466
f 15480 15479 15478
f 15481 15480 15478
f 15634 15643 15633
f 15634 15633 15632
f 15635 15634 15632
f 15643 15634 15649
f 15635 15645 15644
f 15634 15635 15644
f 15634 15644 15649
f 15649 15644 15655
f 15644 15645 15650
f 15644 15650 15655
f 15643 15642 15633
f 15659 15658 15656
f 15659 15656 15667
f 15645 15651 15650
f 15622 15631 15621
f 15622 15621 15619
f 15753 15752 15751
f 15754 15753 15751
f 15758 15757 15755
f 15747 15746 15745
f 15750 15749 15748
f 15757 15756 15755
f 15685 15614 15686
f 15614 15618 15686
f 15686 15618 15681
f 15690 15689 15687
f 15631 15629 15621
f 15621 15620 15619
f 15591 15577 15593
f 15592 15591 15593
f 15577 15594 15593
f 15598 15592 15593
f 15645 15646 15651
f 15635 15637 15645
f 15637 15646 15645
f 15635 15632 15636
f 15637 15635 15636
f 15641 15643 15648
f 15649 15655 15654
f 15648 15649 15654
f 15643 15649 15648
f 15643 15641 15642
f 15656 15666 15667
f 15658 15657 15656
f 15658 15661 15657
f 15631 15627 15629
f 15624 15619 15623
f 15619 15620 15623
f 15646 15652 15651
f 15641 15640 15642
f 15667 15666 15664
f 15665 15667 15664
f 15588 15580 15591
f 15592 15588 15591
f 15577 15591 15580
f 15679 15671 15678
f 15671 15670 15668
f 15671 15668 15678
f 15588 15587 15580
f 15587 15579 15580
f 15580 15579 15577
f 15578 15579 15614
f 15579 15618 15614
f 15618 15579 15617
f 15579 15587 15617
f 15579 15578 15577
f 15618 15617 15681
f 15685 15684 15614
f 15696 15687 15695
f 15687 15691 15695
f 15689 15693 15688
f 15691 15687 15688
f 15689 15688 15687
f 15681 15617 15616
f 15682 15681 15616
f 15627 15630 15629
f 15595 15594 15583
f 15598 15597 15592
f 15594 15577 15583
f 15590 15586 15592
f 15597 15590 15592
f 15586 15588 15592
f 15716 15718 15715
f 15700 15702 15699
f 15716 15715 15713
f 15702 15701 15699
f 15702 15704 15701
f 15710 15712 15709
f 15710 15709 15707
f 15708 15710 15707
f 15708 15707 15705
f 15693 15692 15688
f 15670 15673 15669
f 15661 15660 15657
f 15670 15669 15668
f 15679 15678 15676
f 15677 15679 15676
f 15585 15587 15588
f 15586 15585 15588
f 15577 15578 15583
f 15712 15711 15709
f 15707 15706 15705
f 15668 15680 15678
f 15669 15680 15668
f 15582 15578 15613
f 15578 15614 15613
f 15578 15582 15583
f 15587 15585 15617
f 15712 15705 15711
f 15705 15706 15711
f 15585 15616 15617
f 15684 15613 15614
f 15712 15730 15705
f 15704 15729 15697
f 15697 15698 15704
f 15698 15703 15704
f 15704 15703 15701
f 15715 15714 15713
f 15720 15729 15713
f 15713 15714 15720
f 15565 15564 15563
f 15566 15565 15563
f 15573 15572 15571
f 15605 15604 15603
f 15606 15605 15603
f 15609 15608 15607
f 15714 15719 15720
f 15576 15575 15574
f 15612 15611 15610
f 15718 15717 15715
f 15672 15680 15669
f 15673 15672 15669
f 15678 15680 15676
f 15602 15601 15599
f 15601 15600 15599
f 15570 15569 15567
f 15569 15568 15567
f 15674 15680 15672
f 15676 15680 15674
f 15728 15730 15721
f 15673 15675 15672
f 15675 15674 15672
f 15677 15676 15674
f 15699 15698 15697
f 15700 15699 15697
f 15718 15720 15717
f 15720 15719 15717
f 15723 15722 15721
f 15724 15723 15721
f 15721 15722 15727
f 15728 15721 15727
f 15728 15727 15725
f 15726 15728 15725
f 15582 15613 15615
f 15615 15616 15581
f 15616 15585 15581
f 15684 15683 15613
f 15683 15615 15613
f 15682 15616 15615
f 15739 15738 15737
f 15740 15739 15737
f 15744 15743 15741
f 15743 15742 15741
f 15736 15735 15734
f 15586 15584 15585
f 15584 15581 15585
f 15581 15582 15615
f 15583 15582 15581
f 15726 15725 15723
f 15724 15726 15723
f 15733 15732 15731
f 15675 15677 15674
f 15694 15696 15695
f 15694 15692 15693
f 15692 15694 15695
f 15584 15583 15581
f 15584 15589 15583
f 15589 15596 15583
f 15596 15595 15583
f 15590 15589 15586
f 15589 15584 15586
f 15665 15664 15662
f 15662 15660 15661
f 15596 15589 15590
f 15597 15596 15590
f 15624 15623 15625
f 15625 15628 15627
f 15683 15682 15615
f 15663 15665 15662
f 15663 15662 15661
f 15639 15638 15640
f 15626 15625 15627
f 15626 15624 15625
f 15641 15639 15640
f 15646 15647 15652
f 15647 15653 15652
f 15637 15636 15638
f 15648 15654 15653
f 15637 15639 15646
f 15639 15647 15646
f 15639 15637 15638
f 15647 15648 15653
f 15639 15641 15647
f 15641 15648 15647
f 15830 15839 15829
f 15830 15829 15828
f 15831 15830 15828
f 15839 15830 15845
f 15831 15841 15840
f 15830 15831 15840
f 15830 15840 15845
f 15845 15840 15851
f 15840 15841 15846
f 15840 15846 15851
f 15839 15838 15829
f 15855 15854 15852
f 15855 15852 15863
f 15841 15847 15846
f 15818 15827 15817
f 15818 15817 15815
f 15949 15948 15947
f 15950 15949 15947
f 15954 15953 15951
f 15943 15942 15941
f 15946 15945 15944
f 15953 15952 15951
f 15881 15810 15882
f 15810 15814 15882
f 15882 15814 15877
f 15886 15885 15883
f 15827 15825 15817
f 15817 15816 15815
f 15787 15773 15789
f 15788 15787 15789
f 15773 15790 15789
f 15794 15788 15789
f 15841 15842 15847
f 15831 15833 15841
f 15833 15842 15841
f 15831 15828 15832
f 15833 15831 15832
f 15837 15839 15844
f 15845 15851 15850
f 15844 15845 15850
f 15839 15845 15844
f 15839 15837 15838
f 15852 15862 15863
f 15854 15853 15852
f 15854 15857 15853
f 15827 15823 15825
f 15820 15815 15819
f 15815 15816 15819
f 15842 15848 15847
f 15837 15836 15838
f 15863 15862 15860
f 15861 15863 15860
f 15784 15776 15787
f 15788 15784 15787
f 15773 15787 15776
f 15875 15867 15874
f 15867 15866 15864
f 15867 15864 15874
f 15784 15783 15776
f 15783 15775 15776
f 15776 15775 15773
f 15774 15775 15810
f 15775 15814 15810
f 15814 15775 15813
f 15775 15783 15813
f 15775 15774 15773
f 15814 15813 15877
f 15881 15880 15810
f 15892 15883 15891
f 15883 15887 15891
f 15885 15889 15884
f 15887 15883 15884
f 15885 15884 15883
f 15877 15813 15812
f 15878 15877 15812
f 15823 15826 15825
f 15791 15790 15779
f 15794 15793 15788
f 15790 15773 15779
f 15786 15782 15788
f 15793 15786 15788
f 15782 15784 15788
f 15912 15914 15911
f 15896 15898 15895
f 15912 15911 15909
f 15898 15897 15895
f 15898 15900 15897
f 15906 15908 15905
f 15906 15905 15903
f 15904 15906 15903
f 15904 15903 15901
f 15889 15888 15884
f 15866 15869 15865
f 15857 15856 15853
f 15866 15865 15864
f 15875 15874 15872
f 15873 15875 15872
f 15781 15783 15784
f 15782 15781 15784
f 15773 15774 15779
f 15908 15907 15905
f 15903 15902 15901
f 15864 15876 15874
f 15865 15876 15864
f 15778 15774 15809
f 15774 15810 15809
f 15774 15778 15779
f 15783 15781 15813
f 15908 15901 15907
f 15901 15902 15907
f 15781 15812 15813
f 15880 15809 15810
f 15908 15926 15901
f 15900 15925 15893
f 15893 15894 15900
f 15894 15899 15900
f 15900 15899 15897
f 15911 15910 15909
f 15916 15925 15909
f 15909 15910 15916
f 15761 15760 15759
f 15762 15761 15759
f 15769 15768 15767
f 15801 15800 15799
f 15802 15801 15799
f 15805 15804 15803
f 15910 15915 15916
f 15772 15771 15770
f 15808 15807 15806
f 15914 15913 15911
f 15868 15876 15865
f 15869 15868 15865
f 15874 15876 15872
f 15798 15797 15795
f 15797 15796 15795
f 15766 15765 15763
f 15765 15764 15763
f 15870 15876 15868
f 15872 15876 15870
f 15924 15926 15917
f 15869 15871 15868
f 15871 15870 15868
f 15873 15872 15870
f 15895 15894 15893
f 15896 15895 15893
f 15914 15916 15913
f 15916 15915 15913
f 15919 15918 15917
f 15920 15919 15917
f 15917 15918 15923
f 15924 15917 15923
f 15924 15923 15921
f 15922 15924 15921
f 15778 15809 15811
f 15811 15812 15777
f 15812 15781 15777
f 15880 15879 15809
f 15879 15811 15809
f 15878 15812 15811
f 15935 15934 15933
f 15936 15935 15933
f 15940 15939 15937
f 15939 15938 15937
f 15932 15931 15930
f 15782 15780 15781
f 15780 15777 15781
f 15777 15778 15811
f 15779 15778 15777
f 15922 15921 15919
f 15920 15922 15919
f 15929 15928 15927
f 15871 15873 15870
f 15890 15892 15891
f 15890 15888 15889
f 15888 15890 15891
f 15780 15779 15777
f 15780 15785 15779
f 15785 15792 15779
f 15792 15791 15779
f 15786 15785 15782
f 15785 15780 15782
f 15861 15860 15858
f 15858 15856 15857
f 15792 15785 15786
f 15793 15792 15786
f 15820 15819 15821
f 15821 15824 15823
f 15879 15878 15811
f 15859 15861 15858
f 15859 15858 15857
f 15835 15834 15836
f 15822 15821 15823
f 15822 15820 15821
f 15837 15835 15836
f 15842 15843 15848
f 15843 15849 15848
f 15833 15832 15834
f 15844 15850 15849
f 15833 15835 15842
f 15835 15843 15842
f 15835 15833 15834
f 15843 15844 15849
f 15835 15837 15843
f 15837 15844 15843
f 15957 15956 15955
f 15958 15956 15957
f 15961 15960 15959
f 15962 15960 15961
f 16033 16032 16031
f 16021 16020 16019
f 16052 16055 16054
f 16053 16055 16052
f 16028 16021 16027
f 16096 16094 16095
f 16095 16094 16092
f 16021 16030 16020
f 16030 16021 16028
f 16099 16098 16097
f 16101 16100 16099
f 16100 16098 16099
f 16026 16027 16023
f 16028 16027 16026
f 16050 16053 16049
f 16049 16053 16052
f 16033 16034 16032
f 16108 16107 16106
f 16113 16111 16112
f 16112 16111 16110
f 16109 16107 16108
f 16116 16115 16114
f 16091 16100 16101
f 16117 16115 16116
f 16015 16013 16014
f 16014 16013 16012
f 16051 16050 16048
f 16048 16050 16049
f 16048 16049 16046
f 16033 16035 16034
f 16024 16023 16022
f 16026 16023 16024
f 15987 15988 15986
f 15987 15986 15985
f 15985 15986 15984
f 15975 15972 15974
f 16002 16004 16001
f 16001 16004 16003
f 16004 16006 16003
f 16003 16006 16005
f 15974 15972 15973
f 15976 15972 15975
f 15973 15972 15971
f 15985 15984 15983
f 15991 15988 15987
f 16121 16120 16006
f 16006 16120 16005
f 15999 16002 16001
f 16000 16002 15999
f 15991 15992 15988
f 15965 15964 15963
f 15966 15964 15965
f 16063 15964 15966
f 16062 15964 16063
f 15964 16062 16061
f 16062 16060 16061
f 16007 15965 15963
f 16008 15965 16007
f 16061 16060 16059
f 16121 16122 16120
f 16070 16069 16068
f 16089 16087 16088
f 16089 16085 16087
f 16066 16065 16064
f 16067 16065 16066
f 16086 16085 16084
f 16087 16085 16086
f 16071 16069 16070
f 16076 16077 16074
f 16048 16046 16044
f 16076 16074 16075
f 16075 16074 16073
f 16033 16036 16035
f 16046 16045 16044
f 16042 16045 16046
f 15997 16000 15999
f 16020 16030 16029
f 16009 16010 15996
f 16009 16011 16010
f 16072 16069 16071
f 15998 16000 15997
f 16060 16058 16059
f 16060 16057 16058
f 15991 15990 15992
f 15968 16119 15967
f 15967 16119 16118
f 15977 15972 15976
f 15989 15990 15991
f 16079 16083 16082
f 16081 16083 16079
f 16081 16079 16080
f 16080 16079 16078
f 16043 16047 16045
f 16018 16017 16016
f 16043 16045 16042
f 16020 16029 16025
f 15981 15980 15979
f 16009 15996 15995
f 15970 15968 15969
f 15969 15968 15967
f 15969 16057 16056
f 16058 16057 15969
f 15969 16056 15970
f 15990 15989 15982
f 15982 15989 15980
f 16018 16025 16017
f 15982 15980 15981
f 16020 16025 16018
f 15978 15972 15977
f 15995 15994 15993
f 15996 15994 15995
f 15994 15998 15993
f 15993 15998 15997
f 16036 16033 16037
f 16038 16043 16042
f 16039 16043 16038
f 16104 16103 16102
f 16105 16103 16104
f 16092 16091 16090
f 16093 16091 16092
f 16040 16039 16038
f 16041 16039 16040
f 16125 16124 16123
f 16126 16124 16125
f 16145 16144 16143
f 16146 16144 16145
f 16141 16140 16139
f 16142 16140 16141
f 16137 16136 16135
f 16138 16136 16137
f 16133 16132 16131
f 16134 16132 16133
f 16129 16128 16127
f 16130 16128 16129
f 16153 16152 16151
f 16154 16152 16153
f 16149 16148 16147
f 16150 16148 16149
f 16420 16421 16422
f 16307 16306 16305
f 16307 16308 16306
f 16327 16326 16325
f 16327 16328 16326
f 16331 16330 16329
f 16331 16332 16330
f 16339 16340 16338
f 16343 16342 16341
f 16344 16342 16343
f 16421 16420 16419
f 16433 16432 16431
f 16429 16430 16428
f 16432 16433 16434
f 16311 16310 16309
f 16311 16312 16310
f 16319 16320 16318
f 16283 16282 16281
f 16284 16282 16283
f 16287 16286 16285
f 16287 16288 16286
f 16510 16509 16508
f 16508 16509 16513
f 16511 16509 16510
f 16512 16509 16511
f 16513 16509 16512
f 16441 16440 16439
f 16440 16441 16442
f 16442 16451 16440
f 16440 16451 16444
f 16444 16443 16440
f 16440 16443 16439
f 16505 16503 16502
f 16505 16502 16504
f 16502 16501 16500
f 16503 16501 16502
f 16323 16322 16321
f 16324 16322 16323
f 16295 16294 16293
f 16296 16294 16295
f 16437 16436 16435
f 16319 16318 16317
f 16339 16338 16337
f 16335 16334 16333
f 16335 16336 16334
f 16429 16428 16427
f 16425 16424 16423
f 16426 16424 16425
f 16315 16314 16313
f 16315 16316 16314
f 16303 16302 16301
f 16304 16302 16303
f 16436 16437 16438
f 16438 16450 16436
f 16452 16450 16448
f 16446 16450 16438
f 16448 16450 16446
f 16438 16449 16446
f 16446 16447 16448
f 16446 16449 16445
f 16447 16446 16445
f 16477 16475 16474
f 16477 16474 16476
f 16495 16507 16506
f 16495 16506 16494
f 16470 16477 16476
f 16471 16477 16470
f 16496 16495 16494
f 16497 16495 16496
f 16499 16498 16483
f 16483 16498 16482
f 16299 16298 16297
f 16300 16298 16299
f 16464 16471 16470
f 16472 16471 16464
f 16475 16473 16474
f 16473 16472 16464
f 16469 16468 16459
f 16469 16459 16461
f 16463 16469 16461
f 16473 16464 16465
f 16474 16473 16465
f 16463 16461 16453
f 16454 16463 16453
f 16464 16463 16454
f 16468 16467 16459
f 16479 16493 16492
f 16479 16492 16478
f 16480 16479 16478
f 16481 16479 16480
f 16484 16483 16482
f 16487 16491 16490
f 16457 16464 16454
f 16465 16464 16457
f 16459 16462 16461
f 16462 16453 16461
f 16485 16483 16484
f 16488 16487 16486
f 16459 16467 16466
f 16489 16487 16488
f 16491 16487 16489
f 16291 16290 16289
f 16292 16290 16291
f 16455 16454 16453
f 16455 16453 16462
f 16458 16459 16457
f 16460 16459 16458
f 16462 16459 16460
f 16454 16458 16457
f 16458 16454 16456
f 16456 16454 16455
f 16417 16416 16415
f 16418 16416 16417
f 16413 16412 16411
f 16414 16412 16413
f 16409 16408 16407
f 16410 16408 16409
f 16401 16400 16399
f 16402 16400 16401
f 16397 16396 16395
f 16398 16396 16397
f 16171 16170 16169
f 16172 16170 16171
f 16167 16166 16165
f 16168 16166 16167
f 16160 16159 16158
f 16161 16159 16160
f 16157 16156 16155
f 16252 16260 16251
f 16242 16252 16251
f 16244 16252 16242
f 16239 16253 16240
f 16254 16253 16239
f 16254 16262 16253
f 16244 16242 16243
f 16240 16238 16239
f 16260 16268 16259
f 16251 16260 16259
f 16262 16254 16261
f 16261 16270 16262
f 16257 16250 16249
f 16249 16250 16234
f 16249 16234 16236
f 16243 16242 16241
f 16236 16234 16235
f 16199 16198 16197
f 16200 16198 16199
f 16203 16202 16201
f 16204 16202 16203
f 16207 16206 16205
f 16208 16206 16207
f 16211 16210 16209
f 16212 16210 16211
f 16219 16218 16217
f 16220 16218 16219
f 16223 16222 16221
f 16224 16222 16223
f 16227 16226 16225
f 16226 16227 16228
f 16247 16256 16248
f 16256 16247 16255
f 16255 16264 16256
f 16239 16238 16237
f 16247 16248 16246
f 16259 16268 16267
f 16257 16266 16258
f 16257 16258 16250
f 16280 16267 16268
f 16270 16261 16269
f 16269 16273 16270
f 16264 16255 16263
f 16263 16272 16264
f 16235 16234 16233
f 16277 16265 16266
f 16267 16280 16279
f 16258 16266 16265
f 16247 16246 16245
f 16272 16263 16271
f 16274 16273 16269
f 16271 16276 16272
f 16278 16265 16277
f 16276 16271 16275
f 16231 16230 16229
f 16232 16230 16231
f 16391 16390 16389
f 16388 16387 16386
f 16355 16354 16353
f 16355 16356 16354
f 16359 16358 16357
f 16359 16360 16358
f 16376 16375 16374
f 16373 16372 16371
f 16175 16174 16173
f 16176 16174 16175
f 16179 16178 16177
f 16180 16178 16179
f 16183 16182 16181
f 16184 16182 16183
f 16187 16186 16185
f 16188 16186 16187
f 16191 16190 16189
f 16192 16190 16191
f 16385 16384 16383
f 16351 16350 16349
f 16352 16350 16351
f 16370 16369 16368
f 16215 16214 16213
f 16215 16216 16214
f 16367 16366 16365
f 16394 16393 16392
f 16382 16381 16380
f 16379 16378 16377
f 16363 16362 16361
f 16364 16362 16363
f 16347 16346 16345
f 16348 16346 16347
f 16195 16194 16193
f 16195 16196 16194
f 16164 16163 16162
f 16405 16404 16403
f 16406 16404 16405
f 16516 16517 16515
f 16516 16515 16514
f 16518 16519 16520
f 16520 16519 16521
f 16522 16523 16524
f 16524 16523 16525
f 16526 16527 16528
f 16528 16527 16529
f 16530 16531 16532
f 16532 16531 16533
f 16534 16535 16536
f 16536 16535 16537
f 16538 16539 16540
f 16540 16539 16541
f 16542 16543 16544
f 16544 16543 16545
f 16546 16547 16548
f 16548 16547 16549
f 16550 16551 16552
f 16552 16551 16553
f 16554 16555 16556
f 16556 16555 16557
f 16558 16559 16560
f 16560 16559 16561
f 16562 16563 16564
f 16564 16563 16565
f 16566 16567 16568
f 16568 16567 16569
f 16570 16571 16572
f 16572 16571 16573
f 16574 16575 16576
f 16576 16575 16577
f 16578 16579 16580
f 16580 16579 16581
f 16582 16583 16584
f 16584 16583 16585
f 16586 16587 16588
f 16588 16587 16589
f 16590 16591 16592
f 16592 16591 16593
f 16792 16791 16790
f 16790 16791 16785
f 16790 16785 16789
f 16789 16785 16788
f 16740 16739 16738
f 16741 16739 16740
f 16742 16739 16741
f 16802 16801 16800
f 16800 16801 16796
f 16800 16796 16799
f 16799 16796 16798
f 16674 16673 16672
f 16675 16673 16674
f 16675 16676 16673
f 16704 16703 16702
f 16705 16703 16704
f 16708 16707 16706
f 16709 16707 16708
f 16716 16715 16714
f 16724 16723 16722
f 16725 16723 16724
f 16760 16759 16758
f 16761 16759 16760
f 16768 16767 16766
f 16767 16768 16769
f 16782 16781 16780
f 16783 16781 16782
f 16816 16817 16815
f 16816 16818 16817
f 16819 16818 16816
f 16788 16786 16787
f 16794 16793 16792
f 16792 16793 16791
f 16788 16785 16786
f 16786 16785 16784
f 16732 16736 16737
f 16733 16736 16732
f 16736 16733 16735
f 16728 16727 16726
f 16729 16727 16728
f 16805 16802 16804
f 16805 16803 16802
f 16802 16803 16801
f 16798 16796 16797
f 16797 16796 16795
f 16632 16631 16630
f 16633 16631 16632
f 16636 16635 16634
f 16637 16635 16636
f 16640 16639 16638
f 16641 16639 16640
f 16677 16676 16675
f 16850 16849 16848
f 16851 16849 16850
f 16716 16717 16715
f 16772 16771 16770
f 16773 16771 16772
f 16816 16815 16814
f 16731 16732 16727
f 16733 16732 16731
f 16731 16727 16729
f 16742 16743 16739
f 16612 16611 16610
f 16613 16611 16612
f 16614 16611 16613
f 16608 16607 16606
f 16609 16607 16608
f 16822 16821 16820
f 16823 16821 16822
f 16852 16823 16822
f 16853 16823 16852
f 16853 16854 16823
f 16855 16854 16853
f 16677 16678 16676
f 16863 16862 16861
f 16864 16862 16863
f 16718 16717 16716
f 16867 16866 16865
f 16867 16868 16866
f 16867 16869 16868
f 16679 16678 16677
f 16719 16717 16718
f 16843 16842 16605
f 16605 16842 16603
f 16605 16603 16604
f 16604 16603 16602
f 16614 16615 16611
f 16600 16599 16598
f 16601 16599 16600
f 16870 16869 16867
f 16682 16681 16680
f 16683 16681 16682
f 16683 16684 16681
f 16685 16684 16683
f 16686 16684 16685
f 16689 16688 16687
f 16690 16688 16689
f 16808 16807 16806
f 16809 16807 16808
f 16750 16751 16747
f 16752 16751 16750
f 16753 16751 16752
f 16701 16699 16700
f 16700 16699 16698
f 16698 16699 16696
f 16698 16696 16697
f 16697 16696 16695
f 16695 16696 16694
f 16695 16694 16693
f 16693 16694 16692
f 16693 16692 16691
f 16870 16871 16869
f 16872 16871 16870
f 16838 16837 16836
f 16839 16837 16838
f 16834 16833 16832
f 16835 16833 16834
f 16830 16829 16828
f 16831 16829 16830
f 16812 16811 16810
f 16812 16813 16811
f 16841 16840 16597
f 16597 16840 16595
f 16597 16595 16596
f 16596 16595 16594
f 16616 16615 16614
f 16616 16617 16615
f 16879 16878 16877
f 16880 16878 16879
f 16720 16717 16719
f 16750 16747 16749
f 16875 16874 16873
f 16876 16874 16875
f 16721 16717 16720
f 16744 16743 16742
f 16745 16743 16744
f 16857 16856 16825
f 16857 16858 16856
f 16859 16858 16857
f 16860 16858 16859
f 16826 16825 16824
f 16827 16825 16826
f 16776 16775 16774
f 16776 16777 16775
f 16620 16619 16618
f 16621 16619 16620
f 16735 16733 16734
f 16731 16729 16730
f 16644 16643 16642
f 16646 16644 16645
f 16646 16643 16644
f 16651 16649 16650
f 16652 16649 16651
f 16655 16654 16653
f 16656 16654 16655
f 16660 16661 16659
f 16663 16661 16660
f 16663 16660 16662
f 16628 16627 16626
f 16629 16627 16628
f 16748 16747 16746
f 16749 16747 16748
f 16647 16643 16646
f 16648 16643 16647
f 16648 16649 16643
f 16650 16649 16648
f 16657 16654 16656
f 16658 16654 16657
f 16658 16659 16654
f 16660 16659 16658
f 16624 16623 16622
f 16625 16623 16624
f 16670 16669 16668
f 16669 16670 16671
f 16846 16845 16844
f 16847 16845 16846
f 16712 16711 16710
f 16713 16711 16712
f 16764 16763 16762
f 16765 16763 16764
f 16778 16777 16776
f 16779 16777 16778
f 16666 16665 16664
f 16667 16665 16666
f 16756 16755 16754
f 16757 16755 16756
f 16905 16906 16903
f 16905 16903 16904
f 16904 16903 16902
f 16953 16952 16951
f 16954 16952 16953
f 16949 16948 16947
f 16950 16948 16949
f 16909 16908 16907
f 16910 16908 16909
f 16929 16928 16927
f 16930 16928 16929
f 16925 16924 16923
f 16926 16924 16925
f 16883 16882 16881
f 16884 16882 16883
f 16900 16899 16898
f 16901 16899 16900
f 16890 16889 16888
f 16892 16889 16890
f 16892 16890 16891
f 16919 16912 16918
f 16919 16920 16912
f 16921 16920 16919
f 16921 16922 16920
f 16889 16886 16887
f 16886 16889 16892
f 16887 16886 16885
f 16913 16912 16911
f 16914 16912 16913
f 16917 16912 16914
f 16918 16912 16917
f 16916 16914 16915
f 16917 16914 16916
f 16895 16894 16893
f 16895 16897 16894
f 16897 16895 16896
f 16957 16956 16955
f 16958 16956 16957
f 16945 16944 16943
f 16946 16944 16945
f 16941 16940 16939
f 16942 16940 16941
f 16937 16936 16935
f 16938 16936 16937
f 16933 16932 16931
f 16934 16932 16933
f 17013 17012 17011
f 17014 17012 17013
f 17009 17008 17007
f 17010 17008 17009
f 17005 17004 17003
f 17006 17004 17005
f 16973 16972 16971
f 16974 16972 16973
f 16993 16992 16991
f 16994 16992 16993
f 17029 17028 17027
f 17030 17028 17029
f 17025 17024 17023
f 17026 17024 17025
f 17021 17020 17019
f 17022 17020 17021
f 17017 17016 17015
f 17018 17016 17017
f 16989 16988 16987
f 16990 16988 16989
f 16985 16984 16983
f 16986 16984 16985
f 16977 16976 16975
f 16978 16976 16977
f 16981 16980 16979
f 16982 16980 16981
f 16997 16996 16995
f 16998 16996 16997
f 17045 17044 17043
f 17046 17044 17045
f 17037 17036 17035
f 17038 17036 17037
f 17033 17032 17031
f 17034 17032 17033
f 17041 17040 17039
f 17042 17040 17041
f 16969 16968 16967
f 16970 16968 16969
f 16961 16960 16959
f 16962 16960 16961
f 17001 17000 16999
f 17002 17000 17001
f 16965 16964 16963
f 16966 16964 16965
f 17049 17048 17047
f 17050 17048 17049
f 17053 17052 17051
f 17054 17052 17053
f 17061 17060 17059
f 17062 17060 17061
f 17057 17056 17055
f 17058 17056 17057
f 17063 17064 17065
f 17065 17064 17063
f 17063 17065 17066
f 17066 17065 17063
f 17100 17068 17067
f 17067 17099 17100
f 17132 17100 17099
f 17099 17131 17132
f 17164 17132 17131
f 17131 17163 17164
f 17196 17164 17163
f 17163 17195 17196
f 17228 17196 17195
f 17195 17227 17228
f 17260 17228 17227
f 17227 17259 17260
f 17292 17260 17259
f 17259 17291 17292
f 17324 17292 17291
f 17291 17323 17324
f 17356 17324 17323
f 17323 17355 17356
f 17388 17356 17355
f 17355 17387 17388
f 17420 17388 17387
f 17387 17419 17420
f 17452 17420 17419
f 17419 17451 17452
f 17484 17452 17451
f 17451 17483 17484
f 17516 17484 17483
f 17483 17515 17516
f 17548 17516 17515
f 17515 17547 17548
f 17580 17548 17547
f 17547 17579 17580
f 17612 17580 17579
f 17579 17611 17612
f 17644 17612 17611
f 17611 17643 17644
f 17676 17644 17643
f 17643 17675 17676
f 17708 17676 17675
f 17675 17707 17708
f 17740 17708 17707
f 17707 17739 17740
f 17772 17740 17739
f 17739 17771 17772
f 17804 17772 17771
f 17771 17803 17804
f 17836 17804 17803
f 17803 17835 17836
f 17868 17836 17835
f 17835 17867 17868
f 17900 17868 17867
f 17867 17899 17900
f 17932 17900 17899
f 17899 17931 17932
f 17964 17932 17931
f 17931 17963 17964
f 17996 17964 17963
f 17963 17995 17996
f 18028 17996 17995
f 17995 18027 18028
f 18060 18028 18027
f 18027 18059 18060
f 17101 17069 17068
f 17068 17100 17101
f 17133 17101 17100
f 17100 17132 17133
f 17165 17133 17132
f 17132 17164 17165
f 17197 17165 17164
f 17164 17196 17197
f 17229 17197 17196
f 17196 17228 17229
f 17261 17229 17228
f 17228 17260 17261
f 17293 17261 17260
f 17260 17292 17293
f 17325 17293 17292
f 17292 17324 17325
f 17357 17325 17324
f 17324 17356 17357
f 17389 17357 17356
f 17356 17388 17389
f 17421 17389 17388
f 17388 17420 17421
f 17453 17421 17420
f 17420 17452 17453
f 17485 17453 17452
f 17452 17484 17485
f 17517 17485 17484
f 17484 17516 17517
f 17549 17517 17516
f 17516 17548 17549
f 17581 17549 17548
f 17548 17580 17581
f 17613 17581 17580
f 17580 17612 17613
f 17645 17613 17612
f 17612 17644 17645
f 17677 17645 17644
f 17644 17676 17677
f 17709 17677 17676
f 17676 17708 17709
f 17741 17709 17708
f 17708 17740 17741
f 17773 17741 17740
f 17740 17772 17773
f 17805 17773 17772
f 17772 17804 17805
f 17837 17805 17804
f 17804 17836 17837
f 17869 17837 17836
f 17836 17868 17869
f 17901 17869 17868
f 17868 17900 17901
f 17933 17901 17900
f 17900 17932 17933
f 17965 17933 17932
f 17932 17964 17965
f 17997 17965 17964
f 17964 17996 17997
f 18029 17997 17996
f 17996 18028 18029
f 18061 18029 18028
f 18028 18060 18061
f 17102 17070 17069
f 17069 17101 17102
f 17134 17102 17101
f 17101 17133 17134
f 17166 17134 17133
f 17133 17165 17166
f 17198 17166 17165
f 17165 17197 17198
f 17230 17198 17197
f 17197 17229 17230
f 17262 17230 17229
f 17229 17261 17262
f 17294 17262 17261
f 17261 17293 17294
f 17326 17294 17293
f 17293 17325 17326
f 17358 17326 17325
f 17325 17357 17358
f 17390 17358 17357
f 17357 17389 17390
f 17422 17390 17389
f 17389 17421 17422
f 17454 17422 17421
f 17421 17453 17454
f 17486 17454 17453
f 17453 17485 17486
f 17518 17486 17485
f 17485 17517 17518
f 17550 17518 17517
f 17517 17549 17550
f 17582 17550 17549
f 17549 17581 17582
f 17614 17582 17581
f 17581 17613 17614
f 17646 17614 17613
f 17613 17645 17646
f 17678 17646 17645
f 17645 17677 17678
f 17710 17678 17677
f 17677 17709 17710
f 17742 17710 17709
f 17709 17741 17742
f 17774 17742 17741
f 17741 17773 17774
f 17806 17774 17773
f 17773 17805 17806
f 17838 17806 17805
f 17805 17837 17838
f 17870 17838 17837
f 17837 17869 17870
f 17902 17870 17869
f 17869 17901 17902
f 17934 17902 17901
f 17901 17933 17934
f 17966 17934 17933
f 17933 17965 17966
f 17998 17966 17965
f 17965 17997 17998
f 18030 17998 17997
f 17997 18029 18030
f 18062 18030 18029
f 18029 18061 18062
f 17103 17071 17070
f 17070 17102 17103
f 17135 17103 17102
f 17102 17134 17135
f 17167 17135 17134
f 17134 17166 17167
f 17199 17167 17166
f 17166 17198 17199
f 17231 17199 17198
f 17198 17230 17231
f 17263 17231 17230
f 17230 17262 17263
f 17295 17263 17262
f 17262 17294 17295
f 17327 17295 17294
f 17294 17326 17327
f 17359 17327 17326
f 17326 17358 17359
f 17391 17359 17358
f 17358 17390 17391
f 17423 17391 17390
f 17390 17422 17423
f 17455 17423 17422
f 17422 17454 17455
f 17487 17455 17454
f 17454 17486 17487
f 17519 17487 17486
f 17486 17518 17519
f 17551 17519 17518
f 17518 17550 17551
f 17583 17551 17550
f 17550 17582 17583
f 17615 17583 17582
f 17582 17614 17615
f 17647 17615 17614
f 17614 17646 17647
f 17679 17647 17646
f 17646 17678 17679
f 17711 17679 17678
f 17678 17710 17711
f 17743 17711 17710
f 17710 17742 17743
f 17775 17743 17742
f 17742 17774 17775
f 17807 17775 17774
f 17774 17806 17807
f 17839 17807 17806
f 17806 17838 17839
f 17871 17839 17838
f 17838 17870 17871
f 17903 17871 17870
f 17870 17902 17903
f 17935 17903 17902
f 17902 17934 17935
f 17967 17935 17934
f 17934 17966 17967
f 17999 17967 17966
f 17966 17998 17999
f 18031 17999 17998
f 17998 18030 18031
f 18063 18031 18030
f 18030 18062 18063
f 17104 17072 17071
f 17071 17103 17104
f 17136 17104 17103
f 17103 17135 17136
f 17168 17136 17135
f 17135 17167 17168
f 17200 17168 17167
f 17167 17199 17200
f 17232 17200 17199
f 17199 17231 17232
f 17264 17232 17231
f 17231 17263 17264
f 17296 17264 17263
f 17263 17295 17296
f 17328 17296 17295
f 17295 17327 17328
f 17360 17328 17327
f 17327 17359 17360
f 17392 17360 17359
f 17359 17391 17392
f 17424 17392 17391
f 17391 17423 17424
f 17456 17424 17423
f 17423 17455 17456
f 17488 17456 17455
f 17455 17487 17488
f 17520 17488 17487
f 17487 17519 17520
f 17552 17520 17519
f 17519 17551 17552
f 17584 17552 17551
f 17551 17583 17584
f 17616 17584 17583
f 17583 17615 17616
f 17648 17616 17615
f 17615 17647 17648
f 17680 17648 17647
f 17647 17679 17680
f 17712 17680 17679
f 17679 17711 17712
f 17744 17712 17711
f 17711 17743 17744
f 17776 17744 17743
f 17743 17775 17776
f 17808 17776 17775
f 17775 17807 17808
f 17840 17808 17807
f 17807 17839 17840
f 17872 17840 17839
f 17839 17871 17872
f 17904 17872 17871
f 17871 17903 17904
f 17936 17904 17903
f 17903 17935 17936
f 17968 17936 17935
f 17935 17967 17968
f 18000 17968 17967
f 17967 17999 18000
f 18032 18000 17999
f 17999 18031 18032
f 18064 18032 18031
f 18031 18063 18064
f 17105 17073 17072
f 17072 17104 17105
f 17137 17105 17104
f 17104 17136 17137
f 17169 17137 17136
f 17136 17168 17169
f 17201 17169 17168
f 17168 17200 17201
f 17233 17201 17200
f 17200 17232 17233
f 17265 17233 17232
f 17232 17264 17265
f 17297 17265 17264
f 17264 17296 17297
f 17329 17297 17296
f 17296 17328 17329
f 17361 17329 17328
f 17328 17360 17361
f 17393 17361 17360
f 17360 17392 17393
f 17425 17393 17392
f 17392 17424 17425
f 17457 17425 17424
f 17424 17456 17457
f 17489 17457 17456
f 17456 17488 17489
f 17521 17489 17488
f 17488 17520 17521
f 17553 17521 17520
f 17520 17552 17553
f 17585 17553 17552
f 17552 17584 17585
f 17617 17585 17584
f 17584 17616 17617
f 17649 17617 17616
f 17616 17648 17649
f 17681 17649 17648
f 17648 17680 17681
f 17713 17681 17680
f 17680 17712 17713
f 17745 17713 17712
f 17712 17744 17745
f 17777 17745 17744
f 17744 17776 17777
f 17809 17777 17776
f 17776 17808 17809
f 17841 17809 17808
f 17808 17840 17841
f 17873 17841 17840
f 17840 17872 17873
f 17905 17873 17872
f 17872 17904 17905
f 17937 17905 17904
f 17904 17936 17937
f 17969 17937 17936
f 17936 17968 17969
f 18001 17969 17968
f 17968 18000 18001
f 18033 18001 18000
f 18000 18032 18033
f 18065 18033 18032
f 18032 18064 18065
f 17106 17074 17073
f 17073 17105 17106
f 17138 17106 17105
f 17105 17137 17138
f 17170 17138 17137
f 17137 17169 17170
f 17202 17170 17169
f 17169 17201 17202
f 17234 17202 17201
f 17201 17233 17234
f 17266 17234 17233
f 17233 17265 17266
f 17298 17266 17265
f 17265 17297 17298
f 17330 17298 17297
f 17297 17329 17330
f 17362 17330 17329
f 17329 17361 17362
f 17394 17362 17361
f 17361 17393 17394
f 17426 17394 17393
f 17393 17425 17426
f 17458 17426 17425
f 17425 17457 17458
f 17490 17458 17457
f 17457 17489 17490
f 17522 17490 17489
f 17489 17521 17522
f 17554 17522 17521
f 17521 17553 17554
f 17586 17554 17553
f 17553 17585 17586
f 17618 17586 17585
f 17585 17617 17618
f 17650 17618 17617
f 17617 17649 17650
f 17682 17650 17649
f 17649 17681 17682
f 17714 17682 17681
f 17681 17713 17714
f 17746 17714 17713
f 17713 17745 17746
f 17778 17746 17745
f 17745 17777 17778
f 17810 17778 17777
f 17777 17809 17810
f 17842 17810 17809
f 17809 17841 17842
f 17874 17842 17841
f 17841 17873 17874
f 17906 17874 17873
f 17873 17905 17906
f 17938 17906 17905
f 17905 17937 17938
f 17970 17938 17937
f 17937 17969 17970
f 18002 17970 17969
f 17969 18001 18002
f 18034 18002 18001
f 18001 18033 18034
f 18066 18034 18033
f 18033 18065 18066
f 17107 17075 17074
f 17074 17106 17107
f 17139 17107 17106
f 17106 17138 17139
f 17171 17139 17138
f 17138 17170 17171
f 17203 17171 17170
f 17170 17202 17203
f 17235 17203 17202
f 17202 17234 17235
f 17267 17235 17234
f 17234 17266 17267
f 17299 17267 17266
f 17266 17298 17299
f 17331 17299 17298
f 17298 17330 17331
f 17363 17331 17330
f 17330 17362 17363
f 17395 17363 17362
f 17362 17394 17395
f 17427 17395 17394
f 17394 17426 17427
f 17459 17427 17426
f 17426 17458 17459
f 17491 17459 17458
f 17458 17490 17491
f 17523 17491 17490
f 17490 17522 17523
f 17555 17523 17522
f 17522 17554 17555
f 17587 17555 17554
f 17554 17586 17587
f 17619 17587 17586
f 17586 17618 17619
f 17651 17619 17618
f 17618 17650 17651
f 17683 17651 17650
f 17650 17682 17683
f 17715 17683 17682
f 17682 17714 17715
f 17747 17715 17714
f 17714 17746 17747
f 17779 17747 17746
f 17746 17778 17779
f 17811 17779 17778
f 17778 17810 17811
f 17843 17811 17810
f 17810 17842 17843
f 17875 17843 17842
f 17842 17874 17875
f 17907 17875 17874
f 17874 17906 17907
f 17939 17907 17906
f 17906 17938 17939
f 17971 17939 17938
f 17938 17970 17971
f 18003 17971 17970
f 17970 18002 18003
f 18035 18003 18002
f 18002 18034 18035
f 18067 18035 18034
f 18034 18066 18067
f 17108 17076 17075
f 17075 17107 17108
f 17140 17108 17107
f 17107 17139 17140
f 17172 17140 17139
f 17139 17171 17172
f 17204 17172 17171
f 17171 17203 17204
f 17236 17204 17203
f 17203 17235 17236
f 17268 17236 17235
f 17235 17267 17268
f 17300 17268 17267
f 17267 17299 17300
f 17332 17300 17299
f 17299 17331 17332
f 17364 17332 17331
f 17331 17363 17364
f 17396 17364 17363
f 17363 17395 17396
f 17428 17396 17395
f 17395 17427 17428
f 17460 17428 17427
f 17427 17459 17460
f 17492 17460 17459
f 17459 17491 17492
f 17524 17492 17491
f 17491 17523 17524
f 17556 17524 17523
f 17523 17555 17556
f 17588 17556 17555
f 17555 17587 17588
f 17620 17588 17587
f 17587 17619 17620
f 17652 17620 17619
f 17619 17651 17652
f 17684 17652 17651
f 17651 17683 17684
f 17716 17684 17683
f 17683 17715 17716
f 17748 17716 17715
f 17715 17747 17748
f 17780 17748 17747
f 17747 17779 17780
f 17812 17780 17779
f 17779 17811 17812
f 17844 17812 17811
f 17811 17843 17844
f 17876 17844 17843
f 17843 17875 17876
f 17908 17876 17875
f 17875 17907 17908
f 17940 17908 17907
f 17907 17939 17940
f 17972 17940 17939
f 17939 17971 17972
f 18004 17972 17971
f 17971 18003 18004
f 18036 18004 18003
f 18003 18035 18036
f 18068 18036 18035
f 18035 18067 18068
f 17109 17077 17076
f 17076 17108 17109
f 17141 17109 17108
f 17108 17140 17141
f 17173 17141 17140
f 17140 17172 17173
f 17205 17173 17172
f 17172 17204 17205
f 17237 17205 17204
f 17204 17236 17237
f 17269 17237 17236
f 17236 17268 17269
f 17301 17269 17268
f 17268 17300 17301
f 17333 17301 17300
f 17300 17332 17333
f 17365 17333 17332
f 17332 17364 17365
f 17397 17365 17364
f 17364 17396 17397
f 17429 17397 17396
f 17396 17428 17429
f 17461 17429 17428
f 17428 17460 17461
f 17493 17461 17460
f 17460 17492 17493
f 17525 17493 17492
f 17492 17524 17525
f 17557 17525 17524
f 17524 17556 17557
f 17589 17557 17556
f 17556 17588 17589
f 17621 17589 17588
f 17588 17620 17621
f 17653 17621 17620
f 17620 17652 17653
f 17685 17653 17652
f 17652 17684 17685
f 17717 17685 17684
f 17684 17716 17717
f 17749 17717 17716
f 17716 17748 17749
f 17781 17749 17748
f 17748 17780 17781
f 17813 17781 17780
f 17780 17812 17813
f 17845 17813 17812
f 17812 17844 17845
f 17877 17845 17844
f 17844 17876 17877
f 17909 17877 17876
f 17876 17908 17909
f 17941 17909 17908
f 17908 17940 17941
f 17973 17941 17940
f 17940 17972 17973
f 18005 17973 17972
f 17972 18004 18005
f 18037 18005 18004
f 18004 18036 18037
f 18069 18037 18036
f 18036 18068 18069
f 17110 17078 17077
f 17077 17109 17110
f 17142 17110 17109
f 17109 17141 17142
f 17174 17142 17141
f 17141 17173 17174
f 17206 17174 17173
f 17173 17205 17206
f 17238 17206 17205
f 17205 17237 17238
f 17270 17238 17237
f 17237 17269 17270
f 17302 17270 17269
f 17269 17301 17302
f 17334 17302 17301
f 17301 17333 17334
f 17366 17334 17333
f 17333 17365 17366
f 17398 17366 17365
f 17365 17397 17398
f 17430 17398 17397
f 17397 17429 17430
f 17462 17430 17429
f 17429 17461 17462
f 17494 17462 17461
f 17461 17493 17494
f 17526 17494 17493
f 17493 17525 17526
f 17558 17526 17525
f 17525 17557 17558
f 17590 17558 17557
f 17557 17589 17590
f 17622 17590 17589
f 17589 17621 17622
f 17654 17622 17621
f 17621 17653 17654
f 17686 17654 17653
f 17653 17685 17686
f 17718 17686 17685
f 17685 17717 17718
f 17750 17718 17717
f 17717 17749 17750
f 17782 17750 17749
f 17749 17781 17782
f 17814 17782 17781
f 17781 17813 17814
f 17846 17814 17813
f 17813 17845 17846
f 17878 17846 17845
f 17845 17877 17878
f 17910 17878 17877
f 17877 17909 17910
f 17942 17910 17909
f 17909 17941 17942
f 17974 17942 17941
f 17941 17973 17974
f 18006 17974 17973
f 17973 18005 18006
f 18038 18006 18005
f 18005 18037 18038
f 18070 18038 18037
f 18037 18069 18070
f 17111 17079 17078
f 17078 17110 17111
f 17143 17111 17110
f 17110 17142 17143
f 17175 17143 17142
f 17142 17174 17175
f 17207 17175 17174
f 17174 17206 17207
f 17239 17207 17206
f 17206 17238 17239
f 17271 17239 17238
f 17238 17270 17271
f 17303 17271 17270
f 17270 17302 17303
f 17335 17303 17302
f 17302 17334 17335
f 17367 17335 17334
f 17334 17366 17367
f 17399 17367 17366
f 17366 17398 17399
f 17431 17399 17398
f 17398 17430 17431
f 17463 17431 17430
f 17430 17462 17463
f 17495 17463 17462
f 17462 17494 17495
f 17527 17495 17494
f 17494 17526 17527
f 17559 17527 17526
f 17526 17558 17559
f 17591 17559 17558
f 17558 17590 17591
f 17623 17591 17590
f 17590 17622 17623
f 17655 17623 17622
f 17622 17654 17655
f 17687 17655 17654
f 17654 17686 17687
f 17719 17687 17686
f 17686 17718 17719
f 17751 17719 17718
f 17718 17750 17751
f 17783 17751 17750
f 17750 17782 17783
f 17815 17783 17782
f 17782 17814 17815
f 17847 17815 17814
f 17814 17846 17847
f 17879 17847 17846
f 17846 17878 17879
f 17911 17879 17878
f 17878 17910 17911
f 17943 17911 17910
f 17910 17942 17943
f 17975 17943 17942
f 17942 17974 17975
f 18007 17975 17974
f 17974 18006 18007
f 18039 18007 18006
f 18006 18038 18039
f 18071 18039 18038
f 18038 18070 18071
f 17112 17080 17079
f 17079 17111 17112
f 17144 17112 17111
f 17111 17143 17144
f 17176 17144 17143
f 17143 17175 17176
f 17208 17176 17175
f 17175 17207 17208
f 17240 17208 17207
f 17207 17239 17240
f 17272 17240 17239
f 17239 17271 17272
f 17304 17272 17271
f 17271 17303 17304
f 17336 17304 17303
f 17303 17335 17336
f 17368 17336 17335
f 17335 17367 17368
f 17400 17368 17367
f 17367 17399 17400
f 17432 17400 17399
f 17399 17431 17432
f 17464 17432 17431
f 17431 17463 17464
f 17496 17464 17463
f 17463 17495 17496
f 17528 17496 17495
f 17495 17527 17528
f 17560 17528 17527
f 17527 17559 17560
f 17592 17560 17559
f 17559 17591 17592
f 17624 17592 17591
f 17591 17623 17624
f 17656 17624 17623
f 17623 17655 17656
f 17688 17656 17655
f 17655 17687 17688
f 17720 17688 17687
f 17687 17719 17720
f 17752 17720 17719
f 17719 17751 17752
f 17784 17752 17751
f 17751 17783 17784
f 17816 17784 17783
f 17783 17815 17816
f 17848 17816 17815
f 17815 17847 17848
f 17880 17848 17847
f 17847 17879 17880
f 17912 17880 17879
f 17879 17911 17912
f 17944 17912 17911
f 17911 17943 17944
f 17976 17944 17943
f 17943 17975 17976
f 18008 17976 17975
f 17975 18007 18008
f 18040 18008 18007
f 18007 18039 18040
f 18072 18040 18039
f 18039 18071 18072
f 17113 17081 17080
f 17080 17112 17113
f 17145 17113 17112
f 17112 17144 17145
f 17177 17145 17144
f 17144 17176 17177
f 17209 17177 17176
f 17176 17208 17209
f 17241 17209 17208
f 17208 17240 17241
f 17273 17241 17240
f 17240 17272 17273
f 17305 17273 17272
f 17272 17304 17305
f 17337 17305 17304
f 17304 17336 17337
f 17369 17337 17336
f 17336 17368 17369
f 17401 17369 17368
f 17368 17400 17401
f 17433 17401 17400
f 17400 17432 17433
f 17465 17433 17432
f 17432 17464 17465
f 17497 17465 17464
f 17464 17496 17497
f 17529 17497 17496
f 17496 17528 17529
f 17561 17529 17528
f 17528 17560 17561
f 17593 17561 17560
f 17560 17592 17593
f 17625 17593 17592
f 17592 17624 17625
f 17657 17625 17624
f 17624 17656 17657
f 17689 17657 17656
f 17656 17688 17689
f 17721 17689 17688
f 17688 17720 17721
f 17753 17721 17720
f 17720 17752 17753
f 17785 17753 17752
f 17752 17784 17785
f 17817 17785 17784
f 17784 17816 17817
f 17849 17817 17816
f 17816 17848 17849
f 17881 17849 17848
f 17848 17880 17881
f 17913 17881 17880
f 17880 17912 17913
f 17945 17913 17912
f 17912 17944 17945
f 17977 17945 17944
f 17944 17976 17977
f 18009 17977 17976
f 17976 18008 18009
f 18041 18009 18008
f 18008 18040 18041
f 18073 18041 18040
f 18040 18072 18073
f 17114 17082 17081
f 17081 17113 17114
f 17146 17114 17113
f 17113 17145 17146
f 17178 17146 17145
f 17145 17177 17178
f 17210 17178 17177
f 17177 17209 17210
f 17242 17210 17209
f 17209 17241 17242
f 17274 17242 17241
f 17241 17273 17274
f 17306 17274 17273
f 17273 17305 17306
f 17338 17306 17305
f 17305 17337 17338
f 17370 17338 17337
f 17337 17369 17370
f 17402 17370 17369
f 17369 17401 17402
f 17434 17402 17401
f 17401 17433 17434
f 17466 17434 17433
f 17433 17465 17466
f 17498 17466 17465
f 17465 17497 17498
f 17530 17498 17497
f 17497 17529 17530
f 17562 17530 17529
f 17529 17561 17562
f 17594 17562 17561
f 17561 17593 17594
f 17626 17594 17593
f 17593 17625 17626
f 17658 17626 17625
f 17625 17657 17658
f 17690 17658 17657
f 17657 17689 17690
f 17722 17690 17689
f 17689 17721 17722
f 17754 17722 17721
f 17721 17753 17754
f 17786 17754 17753
f 17753 17785 17786
f 17818 17786 17785
f 17785 17817 17818
f 17850 17818 17817
f 17817 17849 17850
f 17882 17850 17849
f 17849 17881 17882
f 17914 17882 17881
f 17881 17913 17914
f 17946 17914 17913
f 17913 17945 17946
f 17978 17946 17945
f 17945 17977 17978
f 18010 17978 17977
f 17977 18009 18010
f 18042 18010 18009
f 18009 18041 18042
f 18074 18042 18041
f 18041 18073 18074
f 17115 17083 17082
f 17082 17114 17115
f 17147 17115 17114
f 17114 17146 17147
f 17179 17147 17146
f 17146 17178 17179
f 17211 17179 17178
f 17178 17210 17211
f 17243 17211 17210
f 17210 17242 17243
f 17275 17243 17242
f 17242 17274 17275
f 17307 17275 17274
f 17274 17306 17307
f 17339 17307 17306
f 17306 17338 17339
f 17371 17339 17338
f 17338 17370 17371
f 17403 17371 17370
f 17370 17402 17403
f 17435 17403 17402
f 17402 17434 17435
f 17467 17435 17434
f 17434 17466 17467
f 17499 17467 17466
f 17466 17498 17499
f 17531 17499 17498
f 17498 17530 17531
f 17563 17531 17530
f 17530 17562 17563
f 17595 17563 17562
f 17562 17594 17595
f 17627 17595 17594
f 17594 17626 17627
f 17659 17627 17626
f 17626 17658 17659
f 17691 17659 17658
f 17658 17690 17691
f 17723 17691 17690
f 17690 17722 17723
f 17755 17723 17722
f 17722 17754 17755
f 17787 17755 17754
f 17754 17786 17787
f 17819 17787 17786
f 17786 17818 17819
f 17851 17819 17818
f 17818 17850 17851
f 17883 17851 17850
f 17850 17882 17883
f 17915 17883 17882
f 17882 17914 17915
f 17947 17915 17914
f 17914 17946 17947
f 17979 17947 17946
f 17946 17978 17979
f 18011 17979 17978
f 17978 18010 18011
f 18043 18011 18010
f 18010 18042 18043
f 18075 18043 18042
f 18042 18074 18075
f 17116 17084 17083
f 17083 17115 17116
f 17148 17116 17115
f 17115 17147 17148
f 17180 17148 17147
f 17147 17179 17180
f 17212 17180 17179
f 17179 17211 17212
f 17244 17212 17211
f 17211 17243 17244
f 17276 17244 17243
f 17243 17275 17276
f 17308 17276 17275
f 17275 17307 17308
f 17340 17308 17307
f 17307 17339 17340
f 17372 17340 17339
f 17339 17371 17372
f 17404 17372 17371
f 17371 17403 17404
f 17436 17404 17403
f 17403 17435 17436
f 17468 17436 17435
f 17435 17467 17468
f 17500 17468 17467
f 17467 17499 17500
f 17532 17500 17499
f 17499 17531 17532
f 17564 17532 17531
f 17531 17563 17564
f 17596 17564 17563
f 17563 17595 17596
f 17628 17596 17595
f 17595 17627 17628
f 17660 17628 17627
f 17627 17659 17660
f 17692 17660 17659
f 17659 17691 17692
f 17724 17692 17691
f 17691 17723 17724
f 17756 17724 17723
f 17723 17755 17756
f 17788 17756 17755
f 17755 17787 17788
f 17820 17788 17787
f 17787 17819 17820
f 17852 17820 17819
f 17819 17851 17852
f 17884 17852 17851
f 17851 17883 17884
f 17916 17884 17883
f 17883 17915 17916
f 17948 17916 17915
f 17915 17947 17948
f 17980 17948 17947
f 17947 17979 17980
f 18012 17980 17979
f 17979 18011 18012
f 18044 18012 18011
f 18011 18043 18044
f 18076 18044 18043
f 18043 18075 18076
f 17117 17085 17084
f 17084 17116 17117
f 17149 17117 17116
f 17116 17148 17149
f 17181 17149 17148
f 17148 17180 17181
f 17213 17181 17180
f 17180 17212 17213
f 17245 17213 17212
f 17212 17244 17245
f 17277 17245 17244
f 17244 17276 17277
f 17309 17277 17276
f 17276 17308 17309
f 17341 17309 17308
f 17308 17340 17341
f 17373 17341 17340
f 17340 17372 17373
f 17405 17373 17372
f 17372 17404 17405
f 17437 17405 17404
f 17404 17436 17437
f 17469 17437 17436
f 17436 17468 17469
f 17501 17469 17468
f 17468 17500 17501
f 17533 17501 17500
f 17500 17532 17533
f 17565 17533 17532
f 17532 17564 17565
f 17597 17565 17564
f 17564 17596 17597
f 17629 17597 17596
f 17596 17628 17629
f 17661 17629 17628
f 17628 17660 17661
f 17693 17661 17660
f 17660 17692 17693
f 17725 17693 17692
f 17692 17724 17725
f 17757 17725 17724
f 17724 17756 17757
f 17789 17757 17756
f 17756 17788 17789
f 17821 17789 17788
f 17788 17820 17821
f 17853 17821 17820
f 17820 17852 17853
f 17885 17853 17852
f 17852 17884 17885
f 17917 17885 17884
f 17884 17916 17917
f 17949 17917 17916
f 17916 17948 17949
f 17981 17949 17948
f 17948 17980 17981
f 18013 17981 17980
f 17980 18012 18013
f 18045 18013 18012
f 18012 18044 18045
f 18077 18045 18044
f 18044 18076 18077
f 17118 17086 17085
f 17085 17117 17118
f 17150 17118 17117
f 17117 17149 17150
f 17182 17150 17149
f 17149 17181 17182
f 17214 17182 17181
f 17181 17213 17214
f 17246 17214 17213
f 17213 17245 17246
f 17278 17246 17245
f 17245 17277 17278
f 17310 17278 17277
f 17277 17309 17310
f 17342 17310 17309
f 17309 17341 17342
f 17374 17342 17341
f 17341 17373 17374
f 17406 17374 17373
f 17373 17405 17406
f 17438 17406 17405
f 17405 17437 17438
f 17470 17438 17437
f 17437 17469 17470
f 17502 17470 17469
f 17469 17501 17502
f 17534 17502 17501
f 17501 17533 17534
f 17566 17534 17533
f 17533 17565 17566
f 17598 17566 17565
f 17565 17597 17598
f 17630 17598 17597
f 17597 17629 17630
f 17662 17630 17629
f 17629 17661 17662
f 17694 17662 17661
f 17661 17693 17694
f 17726 17694 17693
f 17693 17725 17726
f 17758 17726 17725
f 17725 17757 17758
f 17790 17758 17757
f 17757 17789 17790
f 17822 17790 17789
f 17789 17821 17822
f 17854 17822 17821
f 17821 17853 17854
f 17886 17854 17853
f 17853 17885 17886
f 17918 17886 17885
f 17885 17917 17918
f 17950 17918 17917
f 17917 17949 17950
f 17982 17950 17949
f 17949 17981 17982
f 18014 17982 17981
f 17981 18013 18014
f 18046 18014 18013
f 18013 18045 18046
f 18078 18046 18045
f 18045 18077 18078
f 17119 17087 17086
f 17086 17118 17119
f 17151 17119 17118
f 17118 17150 17151
f 17183 17151 17150
f 17150 17182 17183
f 17215 17183 17182
f 17182 17214 17215
f 17247 17215 17214
f 17214 17246 17247
f 17279 17247 17246
f 17246 17278 17279
f 17311 17279 17278
f 17278 17310 17311
f 17343 17311 17310
f 17310 17342 17343
f 17375 17343 17342
f 17342 17374 17375
f 17407 17375 17374
f 17374 17406 17407
f 17439 17407 17406
f 17406 17438 17439
f 17471 17439 17438
f 17438 17470 17471
f 17503 17471 17470
f 17470 17502 17503
f 17535 17503 17502
f 17502 17534 17535
f 17567 17535 17534
f 17534 17566 17567
f 17599 17567 17566
f 17566 17598 17599
f 17631 17599 17598
f 17598 17630 17631
f 17663 17631 17630
f 17630 17662 17663
f 17695 17663 17662
f 17662 17694 17695
f 17727 17695 17694
f 17694 17726 17727
f 17759 17727 17726
f 17726 17758 17759
f 17791 17759 17758
f 17758 17790 17791
f 17823 17791 17790
f 17790 17822 17823
f 17855 17823 17822
f 17822 17854 17855
f 17887 17855 17854
f 17854 17886 17887
f 17919 17887 17886
f 17886 17918 17919
f 17951 17919 17918
f 17918 17950 17951
f 17983 17951 17950
f 17950 17982 17983
f 18015 17983 17982
f 17982 18014 18015
f 18047 18015 18014
f 18014 18046 18047
f 18079 18047 18046
f 18046 18078 18079
f 17120 17088 17087
f 17087 17119 17120
f 17152 17120 17119
f 17119 17151 17152
f 17184 17152 17151
f 17151 17183 17184
f 17216 17184 17183
f 17183 17215 17216
f 17248 17216 17215
f 17215 17247 17248
f 17280 17248 17247
f 17247 17279 17280
f 17312 17280 17279
f 17279 17311 17312
f 17344 17312 17311
f 17311 17343 17344
f 17376 17344 17343
f 17343 17375 17376
f 17408 17376 17375
f 17375 17407 17408
f 17440 17408 17407
f 17407 17439 17440
f 17472 17440 17439
f 17439 17471 17472
f 17504 17472 17471
f 17471 17503 17504
f 17536 17504 17503
f 17503 17535 17536
f 17568 17536 17535
f 17535 17567 17568
f 17600 17568 17567
f 17567 17599 17600
f 17632 17600 17599
f 17599 17631 17632
f 17664 17632 17631
f 17631 17663 17664
f 17696 17664 17663
f 17663 17695 17696
f 17728 17696 17695
f 17695 17727 17728
f 17760 17728 17727
f 17727 17759 17760
f 17792 17760 17759
f 17759 17791 17792
f 17824 17792 17791
f 17791 17823 17824
f 17856 17824 17823
f 17823 17855 17856
f 17888 17856 17855
f 17855 17887 17888
f 17920 17888 17887
f 17887 17919 17920
f 17952 17920 17919
f 17919 17951 17952
f 17984 17952 17951
f 17951 17983 17984
f 18016 17984 17983
f 17983 18015 18016
f 18048 18016 18015
f 18015 18047 18048
f 18080 18048 18047
f 18047 18079 18080
f 17121 17089 17088
f 17088 17120 17121
f 17153 17121 17120
f 17120 17152 17153
f 17185 17153 17152
f 17152 17184 17185
f 17217 17185 17184
f 17184 17216 17217
f 17249 17217 17216
f 17216 17248 17249
f 17281 17249 17248
f 17248 17280 17281
f 17313 17281 17280
f 17280 17312 17313
f 17345 17313 17312
f 17312 17344 17345
f 17377 17345 17344
f 17344 17376 17377
f 17409 17377 17376
f 17376 17408 17409
f 17441 17409 17408
f 17408 17440 17441
f 17473 17441 17440
f 17440 17472 17473
f 17505 17473 17472
f 17472 17504 17505
f 17537 17505 17504
f 17504 17536 17537
f 17569 17537 17536
f 17536 17568 17569
f 17601 17569 17568
f 17568 17600 17601
f 17633 17601 17600
f 17600 17632 17633
f 17665 17633 17632
f 17632 17664 17665
f 17697 17665 17664
f 17664 17696 17697
f 17729 17697 17696
f 17696 17728 17729
f 17761 17729 17728
f 17728 17760 17761
f 17793 17761 17760
f 17760 17792 17793
f 17825 17793 17792
f 17792 17824 17825
f 17857 17825 17824
f 17824 17856 17857
f 17889 17857 17856
f 17856 17888 17889
f 17921 17889 17888
f 17888 17920 17921
f 17953 17921 17920
f 17920 17952 17953
f 17985 17953 17952
f 17952 17984 17985
f 18017 17985 17984
f 17984 18016 18017
f 18049 18017 18016
f 18016 18048 18049
f 18081 18049 18048
f 18048 18080 18081
f 17122 17090 17089
f 17089 17121 17122
f 17154 17122 17121
f 17121 17153 17154
f 17186 17154 17153
f 17153 17185 17186
f 17218 17186 17185
f 17185 17217 17218
f 17250 17218 17217
f 17217 17249 17250
f 17282 17250 17249
f 17249 17281 17282
f 17314 17282 17281
f 17281 17313 17314
f 17346 17314 17313
f 17313 17345 17346
f 17378 17346 17345
f 17345 17377 17378
f 17410 17378 17377
f 17377 17409 17410
f 17442 17410 17409
f 17409 17441 17442
f 17474 17442 17441
f 17441 17473 17474
f 17506 17474 17473
f 17473 17505 17506
f 17538 17506 17505
f 17505 17537 17538
f 17570 17538 17537
f 17537 17569 17570
f 17602 17570 17569
f 17569 17601 17602
f 17634 17602 17601
f 17601 17633 17634
f 17666 17634 17633
f 17633 17665 17666
f 17698 17666 17665
f 17665 17697 17698
f 17730 17698 17697
f 17697 17729 17730
f 17762 17730 17729
f 17729 17761 17762
f 17794 17762 17761
f 17761 17793 17794
f 17826 17794 17793
f 17793 17825 17826
f 17858 17826 17825
f 17825 17857 17858
f 17890 17858 17857
f 17857 17889 17890
f 17922 17890 17889
f 17889 17921 17922
f 17954 17922 17921
f 17921 17953 17954
f 17986 17954 17953
f 17953 17985 17986
f 18018 17986 17985
f 17985 18017 18018
f 18050 18018 18017
f 18017 18049 18050
f 18082 18050 18049
f 18049 18081 18082
f 17123 17091 17090
f 17090 17122 17123
f 17155 17123 17122
f 17122 17154 17155
f 17187 17155 17154
f 17154 17186 17187
f 17219 17187 17186
f 17186 17218 17219
f 17251 17219 17218
f 17218 17250 17251
f 17283 17251 17250
f 17250 17282 17283
f 17315 17283 17282
f 17282 17314 17315
f 17347 17315 17314
f 17314 17346 17347
f 17379 17347 17346
f 17346 17378 17379
f 17411 17379 17378
f 17378 17410 17411
f 17443 17411 17410
f 17410 17442 17443
f 17475 17443 17442
f 17442 17474 17475
f 17507 17475 17474
f 17474 17506 17507
f 17539 17507 17506
f 17506 17538 17539
f 17571 17539 17538
f 17538 17570 17571
f 17603 17571 17570
f 17570 17602 17603
f 17635 17603 17602
f 17602 17634 17635
f 17667 17635 17634
f 17634 17666 17667
f 17699 17667 17666
f 17666 17698 17699
f 17731 17699 17698
f 17698 17730 17731
f 17763 17731 17730
f 17730 17762 17763
f 17795 17763 17762
f 17762 17794 17795
f 17827 17795 17794
f 17794 17826 17827
f 17859 17827 17826
f 17826 17858 17859
f 17891 17859 17858
f 17858 17890 17891
f 17923 17891 17890
f 17890 17922 17923
f 17955 17923 17922
f 17922 17954 17955
f 17987 17955 17954
f 17954 17986 17987
f 18019 17987 17986
f 17986 18018 18019
f 18051 18019 18018
f 18018 18050 18051
f 18083 18051 18050
f 18050 18082 18083
f 17124 17092 17091
f 17091 17123 17124
f 17156 17124 17123
f 17123 17155 17156
f 17188 17156 17155
f 17155 17187 17188
f 17220 17188 17187
f 17187 17219 17220
f 17252 17220 17219
f 17219 17251 17252
f 17284 17252 17251
f 17251 17283 17284
f 17316 17284 17283
f 17283 17315 17316
f 17348 17316 17315
f 17315 17347 17348
f 17380 17348 17347
f 17347 17379 17380
f 17412 17380 17379
f 17379 17411 17412
f 17444 17412 17411
f 17411 17443 17444
f 17476 17444 17443
f 17443 17475 17476
f 17508 17476 17475
f 17475 17507 17508
f 17540 17508 17507
f 17507 17539 17540
f 17572 17540 17539
f 17539 17571 17572
f 17604 17572 17571
f 17571 17603 17604
f 17636 17604 17603
f 17603 17635 17636
f 17668 17636 17635
f 17635 17667 17668
f 17700 17668 17667
f 17667 17699 17700
f 17732 17700 17699
f 17699 17731 17732
f 17764 17732 17731
f 17731 17763 17764
f 17796 17764 17763
f 17763 17795 17796
f 17828 17796 17795
f 17795 17827 17828
f 17860 17828 17827
f 17827 17859 17860
f 17892 17860 17859
f 17859 17891 17892
f 17924 17892 17891
f 17891 17923 17924
f 17956 17924 17923
f 17923 17955 17956
f 17988 17956 17955
f 17955 17987 17988
f 18020 17988 17987
f 17987 18019 18020
f 18052 18020 18019
f 18019 18051 18052
f 18084 18052 18051
f 18051 18083 18084
f 17125 17093 17092
f 17092 17124 17125
f 17157 17125 17124
f 17124 17156 17157
f 17189 17157 17156
f 17156 17188 17189
f 17221 17189 17188
f 17188 17220 17221
f 17253 17221 17220
f 17220 17252 17253
f 17285 17253 17252
f 17252 17284 17285
f 17317 17285 17284
f 17284 17316 17317
f 17349 17317 17316
f 17316 17348 17349
f 17381 17349 17348
f 17348 17380 17381
f 17413 17381 17380
f 17380 17412 17413
f 17445 17413 17412
f 17412 17444 17445
f 17477 17445 17444
f 17444 17476 17477
f 17509 17477 17476
f 17476 17508 17509
f 17541 17509 17508
f 17508 17540 17541
f 17573 17541 17540
f 17540 17572 17573
f 17605 17573 17572
f 17572 17604 17605
f 17637 17605 17604
f 17604 17636 17637
f 17669 17637 17636
f 17636 17668 17669
f 17701 17669 17668
f 17668 17700 17701
f 17733 17701 17700
f 17700 17732 17733
f 17765 17733 17732
f 17732 17764 17765
f 17797 17765 17764
f 17764 17796 17797
f 17829 17797 17796
f 17796 17828 17829
f 17861 17829 17828
f 17828 17860 17861
f 17893 17861 17860
f 17860 17892 17893
f 17925 17893 17892
f 17892 17924 17925
f 17957 17925 17924
f 17924 17956 17957
f 17989 17957 17956
f 17956 17988 17989
f 18021 17989 17988
f 17988 18020 18021
f 18053 18021 18020
f 18020 18052 18053
f 18085 18053 18052
f 18052 18084 18085
f 17126 17094 17093
f 17093 17125 17126
f 17158 17126 17125
f 17125 17157 17158
f 17190 17158 17157
f 17157 17189 17190
f 17222 17190 17189
f 17189 17221 17222
f 17254 17222 17221
f 17221 17253 17254
f 17286 17254 17253
f 17253 17285 17286
f 17318 17286 17285
f 17285 17317 17318
f 17350 17318 17317
f 17317 17349 17350
f 17382 17350 17349
f 17349 17381 17382
f 17414 17382 17381
f 17381 17413 17414
f 17446 17414 17413
f 17413 17445 17446
f 17478 17446 17445
f 17445 17477 17478
f 17510 17478 17477
f 17477 17509 17510
f 17542 17510 17509
f 17509 17541 17542
f 17574 17542 17541
f 17541 17573 17574
f 17606 17574 17573
f 17573 17605 17606
f 17638 17606 17605
f 17605 17637 17638
f 17670 17638 17637
f 17637 17669 17670
f 17702 17670 17669
f 17669 17701 17702
f 17734 17702 17701
f 17701 17733 17734
f 17766 17734 17733
f 17733 17765 17766
f 17798 17766 17765
f 17765 17797 17798
f 17830 17798 17797
f 17797 17829 17830
f 17862 17830 17829
f 17829 17861 17862
f 17894 17862 17861
f 17861 17893 17894
f 17926 17894 17893
f 17893 17925 17926
f 17958 17926 17925
f 17925 17957 17958
f 17990 17958 17957
f 17957 17989 17990
f 18022 17990 17989
f 17989 18021 18022
f 18054 18022 18021
f 18021 18053 18054
f 18086 18054 18053
f 18053 18085 18086
f 17127 17095 17094
f 17094 17126 17127
f 17159 17127 17126
f 17126 17158 17159
f 17191 17159 17158
f 17158 17190 17191
f 17223 17191 17190
f 17190 17222 17223
f 17255 17223 17222
f 17222 17254 17255
f 17287 17255 17254
f 17254 17286 17287
f 17319 17287 17286
f 17286 17318 17319
f 17351 17319 17318
f 17318 17350 17351
f 17383 17351 17350
f 17350 17382 17383
f 17415 17383 17382
f 17382 17414 17415
f 17447 17415 17414
f 17414 17446 17447
f 17479 17447 17446
f 17446 17478 17479
f 17511 17479 17478
f 17478 17510 17511
f 17543 17511 17510
f 17510 17542 17543
f 17575 17543 17542
f 17542 17574 17575
f 17607 17575 17574
f 17574 17606 17607
f 17639 17607 17606
f 17606 17638 17639
f 17671 17639 17638
f 17638 17670 17671
f 17703 17671 17670
f 17670 17702 17703
f 17735 17703 17702
f 17702 17734 17735
f 17767 17735 17734
f 17734 17766 17767
f 17799 17767 17766
f 17766 17798 17799
f 17831 17799 17798
f 17798 17830 17831
f 17863 17831 17830
f 17830 17862 17863
f 17895 17863 17862
f 17862 17894 17895
f 17927 17895 17894
f 17894 17926 17927
f 17959 17927 17926
f 17926 17958 17959
f 17991 17959 17958
f 17958 17990 17991
f 18023 17991 17990
f 17990 18022 18023
f 18055 18023 18022
f 18022 18054 18055
f 18087 18055 18054
f 18054 18086 18087
f 17128 17096 17095
f 17095 17127 17128
f 17160 17128 17127
f 17127 17159 17160
f 17192 17160 17159
f 17159 17191 17192
f 17224 17192 17191
f 17191 17223 17224
f 17256 17224 17223
f 17223 17255 17256
f 17288 17256 17255
f 17255 17287 17288
f 17320 17288 17287
f 17287 17319 17320
f 17352 17320 17319
f 17319 17351 17352
f 17384 17352 17351
f 17351 17383 17384
f 17416 17384 17383
f 17383 17415 17416
f 17448 17416 17415
f 17415 17447 17448
f 17480 17448 17447
f 17447 17479 17480
f 17512 17480 17479
f 17479 17511 17512
f 17544 17512 17511
f 17511 17543 17544
f 17576 17544 17543
f 17543 17575 17576
f 17608 17576 17575
f 17575 17607 17608
f 17640 17608 17607
f 17607 17639 17640
f 17672 17640 17639
f 17639 17671 17672
f 17704 17672 17671
f 17671 17703 17704
f 17736 17704 17703
f 17703 17735 17736
f 17768 17736 17735
f 17735 17767 17768
f 17800 17768 17767
f 17767 17799 17800
f 17832 17800 17799
f 17799 17831 17832
f 17864 17832 17831
f 17831 17863 17864
f 17896 17864 17863
f 17863 17895 17896
f 17928 17896 17895
f 17895 17927 17928
f 17960 17928 17927
f 17927 17959 17960
f 17992 17960 17959
f 17959 17991 17992
f 18024 17992 17991
f 17991 18023 18024
f 18056 18024 18023
f 18023 18055 18056
f 18088 18056 18055
f 18055 18087 18088
f 17129 17097 17096
f 17096 17128 17129
f 17161 17129 17128
f 17128 17160 17161
f 17193 17161 17160
f 17160 17192 17193
f 17225 17193 17192
f 17192 17224 17225
f 17257 17225 17224
f 17224 17256 17257
f 17289 17257 17256
f 17256 17288 17289
f 17321 17289 17288
f 17288 17320 17321
f 17353 17321 17320
f 17320 17352 17353
f 17385 17353 17352
f 17352 17384 17385
f 17417 17385 17384
f 17384 17416 17417
f 17449 17417 17416
f 17416 17448 17449
f 17481 17449 17448
f 17448 17480 17481
f 17513 17481 17480
f 17480 17512 17513
f 17545 17513 17512
f 17512 17544 17545
f 17577 17545 17544
f 17544 17576 17577
f 17609 17577 17576
f 17576 17608 17609
f 17641 17609 17608
f 17608 17640 17641
f 17673 17641 17640
f 17640 17672 17673
f 17705 17673 17672
f 17672 17704 17705
f 17737 17705 17704
f 17704 17736 17737
f 17769 17737 17736
f 17736 17768 17769
f 17801 17769 17768
f 17768 17800 17801
f 17833 17801 17800
f 17800 17832 17833
f 17865 17833 17832
f 17832 17864 17865
f 17897 17865 17864
f 17864 17896 17897
f 17929 17897 17896
f 17896 17928 17929
f 17961 17929 17928
f 17928 17960 17961
f 17993 17961 17960
f 17960 17992 17993
f 18025 17993 17992
f 17992 18024 18025
f 18057 18025 18024
f 18024 18056 18057
f 18089 18057 18056
f 18056 18088 18089
f 17130 17098 17097
f 17097 17129 17130
f 17162 17130 17129
f 17129 17161 17162
f 17194 17162 17161
f 17161 17193 17194
f 17226 17194 17193
f 17193 17225 17226
f 17258 17226 17225
f 17225 17257 17258
f 17290 17258 17257
f 17257 17289 17290
f 17322 17290 17289
f 17289 17321 17322
f 17354 17322 17321
f 17321 17353 17354
f 17386 17354 17353
f 17353 17385 17386
f 17418 17386 17385
f 17385 17417 17418
f 17450 17418 17417
f 17417 17449 17450
f 17482 17450 17449
f 17449 17481 17482
f 17514 17482 17481
f 17481 17513 17514
f 17546 17514 17513
f 17513 17545 17546
f 17578 17546 17545
f 17545 17577 17578
f 17610 17578 17577
f 17577 17609 17610
f 17642 17610 17609
f 17609 17641 17642
f 17674 17642 17641
f 17641 17673 17674
f 17706 17674 17673
f 17673 17705 17706
f 17738 17706 17705
f 17705 17737 17738
f 17770 17738 17737
f 17737 17769 17770
f 17802 17770 17769
f 17769 17801 17802
f 17834 17802 17801
f 17801 17833 17834
f 17866 17834 17833
f 17833 17865 17866
f 17898 17866 17865
f 17865 17897 17898
f 17930 17898 17897
f 17897 17929 17930
f 17962 17930 17929
f 17929 17961 17962
f 17994 17962 17961
f 17961 17993 17994
f 18026 17994 17993
f 17993 18025 18026
f 18058 18026 18025
f 18025 18057 18058
f 18090 18058 18057
f 18057 18089 18090
