v -1220.54 78.3635 3211.09
v -1220.74 78.9201 3210.89
v -1221.25 78.3635 3211.79
v -1221.45 78.9201 3211.59
v -1221.05 79.3619 3210.57
v -1221.76 79.3619 3211.28
v -1221.45 79.6455 3210.18
v -1222.16 79.6455 3210.88
v -1221.88 79.7432 3209.74
v -1222.59 79.7432 3210.44
v -1219.87 78.675 3211.77
v -1220.54 78.3635 3211.09
v -1219.77 77.7465 3211.87
v -1220.47 77.7465 3211.16
v -1221.23 80.6 3210.4
v -1221.45 79.6455 3210.18
v -1220.64 80.1738 3210.99
v -1221.05 79.3619 3210.57
v -1221.88 80.7468 3209.74
v -1221.88 79.7432 3209.74
v -1220.48 77.7465 3212.58
v -1221.18 77.7465 3211.86
v -1220.58 78.675 3212.47
v -1221.25 78.3635 3211.79
v -1220.88 79.51 3212.17
v -1221.45 78.9201 3211.59
v -1221.35 80.1738 3211.7
v -1221.76 79.3619 3211.28
v -1221.94 80.6 3211.1
v -1222.16 79.6455 3210.88
v -1222.59 80.7468 3210.44
v -1222.59 79.7432 3210.44
v -1220.58 78.675 3212.47
v -1219.87 78.675 3211.77
v -1220.48 77.7465 3212.58
v -1219.77 77.7465 3211.87
v -1221.94 80.6 3211.1
v -1221.23 80.6 3210.4
v -1221.35 80.1738 3211.7
v -1220.64 80.1738 3210.99
v -1222.59 80.7468 3210.44
v -1221.88 80.7468 3209.74
v -1220.01 79.0553 3211.63
v -1220.74 78.9201 3210.89
v -1220.23 79.4453 3211.4
v -1220.55 80.0516 3211.08
v -1220.43 79.7975 3211.21
v -1220.55 80.0516 3211.08
v -1220.88 79.51 3212.17
v -1220.45 79.809 3211.32
v -1220.25 79.51 3211.54
v -1220.01 79.0553 3211.63
v -1220.45 79.809 3211.32
v -1220.55 80.0516 3211.08
v -1220.43 79.7975 3211.21
v -1220.25 79.51 3211.54
v -1220.23 79.4453 3211.4
v -1220.01 79.0553 3211.63
v -1220.23 79.4453 3211.4
v -1220.45 79.809 3211.32
v -1221.18 77.7465 3211.86
v -1220.47 77.7465 3211.16
v -1221.11 73.2465 3211.93
v -1221.07 73.6317 3211.98
v -1220.48 73.2465 3212.58
v -1220.48 77.2465 3212.58
v -1221.11 74.2596 3211.94
v -1221.1 74.9383 3211.95
v -1221.18 75.795 3211.86
v -1221.18 77.2465 3211.86
v -1220.47 77.2465 3211.16
v -1220.47 73.2465 3211.16
v -1219.77 77.2465 3211.87
v -1219.77 73.2465 3211.87
v -1219.77 77.2465 3211.87
v -1219.77 73.2465 3211.87
v -1220.48 77.2465 3212.58
v -1220.48 73.2465 3212.58
v -1221.12 73.706 3211.81
v -1221.07 73.6317 3211.98
v -1221.08 73.2465 3211.77
v -1221.11 73.2465 3211.93
v -1221.08 75.0246 3211.76
v -1221.18 75.795 3211.86
v -1221.1 74.9383 3211.95
v -1221.08 74.3816 3211.76
v -1221.11 74.2596 3211.94
v -1221.18 77.2465 3211.86
v -1221.18 75.795 3211.86
v -1220.47 77.2465 3211.16
v -1221.08 75.0246 3211.76
v -1220.47 73.2465 3211.16
v -1221.08 74.3816 3211.76
v -1221.12 73.706 3211.81
v -1221.08 73.2465 3211.77
v -1219.24 77.2465 3212.76
v -1219.24 73.2465 3212.76
v -1219.6 77.2465 3213.11
v -1219.6 73.2465 3213.11
v -1219.6 73.2465 3213.11
v -1220.3 73.2465 3212.4
v -1219.6 77.2465 3213.11
v -1220.3 77.2465 3212.4
v -1219.24 77.2465 3212.76
v -1219.6 77.2465 3213.11
v -1219.95 77.2465 3212.05
v -1220.3 77.2465 3212.4
v -1219.95 77.2465 3212.05
v -1219.95 73.2465 3212.05
v -1219.24 77.2465 3212.76
v -1219.24 73.2465 3212.76
v -1221.32 77.2465 3211.86
v -1221.32 77.7465 3211.86
v -1220.48 77.2465 3212.72
v -1220.48 77.7465 3212.72
v -1221.32 77.7465 3211.86
v -1220.47 77.7465 3211.02
v -1220.48 77.7465 3212.72
v -1219.63 77.7465 3211.87
v -1220.47 77.7465 3211.02
v -1220.47 77.2465 3211.02
v -1219.63 77.7465 3211.87
v -1219.63 77.2465 3211.87
v -1220.47 77.2465 3211.02
v -1221.32 77.2465 3211.86
v -1219.63 77.2465 3211.87
v -1220.48 77.2465 3212.72
v -1220.48 77.2465 3212.72
v -1220.48 77.7465 3212.72
v -1219.63 77.2465 3211.87
v -1219.63 77.7465 3211.87
v -1220.47 77.2465 3211.02
v -1220.47 77.7465 3211.02
v -1221.32 77.2465 3211.86
v -1221.32 77.7465 3211.86
v -1225.23 77.2465 3207.42
v -1225.23 73.2465 3207.42
v -1224.87 77.2465 3207.07
v -1224.87 73.2465 3207.07
v -1224.87 73.2465 3207.07
v -1224.17 73.2465 3207.78
v -1224.87 77.2465 3207.07
v -1224.17 77.2465 3207.78
v -1225.23 77.2465 3207.42
v -1224.87 77.2465 3207.07
v -1224.52 77.2465 3208.13
v -1224.17 77.2465 3207.78
v -1224.52 77.2465 3208.13
v -1224.52 73.2465 3208.13
v -1225.23 77.2465 3207.42
v -1225.23 73.2465 3207.42
v -1224 77.2465 3209.02
v -1224 73.2465 3209.02
v -1224.7 77.2465 3208.31
v -1224.7 73.2465 3208.31
v -1223.99 73.2465 3207.61
v -1223.99 77.2465 3207.61
v -1224.7 73.2465 3208.31
v -1224.7 77.2465 3208.31
v -1223.38 73.9357 3208.22
v -1223.99 77.2465 3207.61
v -1223.99 73.2465 3207.61
v -1223.43 73.2465 3208.17
v -1223.29 74.3701 3208.32
v -1223.28 77.2465 3208.32
v -1223.29 74.3701 3208.32
v -1223.38 73.9357 3208.22
v -1223.5 73.2465 3208.31
v -1223.43 73.2465 3208.17
v -1223.37 73.2465 3208.4
v -1223.4 73.4068 3208.43
v -1223.5 73.2465 3208.31
v -1223.29 74.3701 3208.32
v -1223.28 77.2465 3208.32
v -1223.29 74.3701 3208.32
v -1224 77.2465 3209.02
v -1223.37 73.2465 3208.4
v -1224 73.2465 3209.02
v -1223.4 73.4068 3208.43
v -1223.99 77.2465 3207.47
v -1223.99 77.7465 3207.47
v -1224.84 77.2465 3208.31
v -1224.84 77.7465 3208.31
v -1223.99 77.7465 3207.47
v -1223.14 77.7465 3208.32
v -1224.84 77.7465 3208.31
v -1224 77.7465 3209.16
v -1223.14 77.7465 3208.32
v -1223.14 77.2465 3208.32
v -1224 77.7465 3209.16
v -1224 77.2465 3209.16
v -1223.14 77.2465 3208.32
v -1223.99 77.2465 3207.47
v -1224 77.2465 3209.16
v -1224.84 77.2465 3208.31
v -1224.84 77.2465 3208.31
v -1224.84 77.7465 3208.31
v -1224 77.2465 3209.16
v -1224 77.7465 3209.16
v -1223.14 77.2465 3208.32
v -1223.14 77.7465 3208.32
v -1223.99 77.2465 3207.47
v -1223.99 77.7465 3207.47
v -1223.21 78.3635 3208.39
v -1223.93 78.3635 3209.09
v -1223.02 78.9201 3208.59
v -1223.73 78.9201 3209.29
v -1222.7 79.3619 3208.91
v -1223.42 79.3619 3209.61
v -1222.31 79.6455 3209.3
v -1223.02 79.6455 3210
v -1221.88 79.7432 3209.74
v -1222.59 79.7432 3210.44
v -1223.89 78.675 3207.71
v -1223.99 77.7465 3207.61
v -1223.21 78.3635 3208.39
v -1223.28 77.7465 3208.32
v -1222.53 80.6 3209.08
v -1223.12 80.1738 3208.49
v -1222.31 79.6455 3209.3
v -1222.7 79.3619 3208.91
v -1221.88 80.7468 3209.74
v -1221.88 79.7432 3209.74
v -1224.7 77.7465 3208.31
v -1224.6 78.675 3208.41
v -1224 77.7465 3209.02
v -1223.93 78.3635 3209.09
v -1224.3 79.51 3208.72
v -1223.73 78.9201 3209.29
v -1223.83 80.1738 3209.19
v -1223.42 79.3619 3209.61
v -1223.24 80.6 3209.78
v -1223.02 79.6455 3210
v -1222.59 80.7468 3210.44
v -1222.59 79.7432 3210.44
v -1224.6 78.675 3208.41
v -1224.7 77.7465 3208.31
v -1223.89 78.675 3207.71
v -1223.99 77.7465 3207.61
v -1223.24 80.6 3209.78
v -1223.83 80.1738 3209.19
v -1222.53 80.6 3209.08
v -1223.12 80.1738 3208.49
v -1222.59 80.7468 3210.44
v -1221.88 80.7468 3209.74
v -1223.75 79.0553 3207.85
v -1223.02 78.9201 3208.59
v -1223.52 79.4453 3208.08
v -1223.21 80.0516 3208.4
v -1223.33 79.7975 3208.27
v -1223.21 80.0516 3208.4
v -1224.3 79.51 3208.72
v -1223.44 79.809 3208.29
v -1223.67 79.51 3208.09
v -1223.75 79.0553 3207.85
v -1223.44 79.809 3208.29
v -1223.33 79.7975 3208.27
v -1223.21 80.0516 3208.4
v -1223.67 79.51 3208.09
v -1223.75 79.0553 3207.85
v -1223.52 79.4453 3208.08
v -1223.52 79.4453 3208.08
v -1223.44 79.809 3208.29
v -1224 77.7465 3209.02
v -1223.28 77.7465 3208.32
v -1233.98 78.2048 3202.61
v -1234.54 78.518 3202.63
v -1234.99 78.2048 3202.63
v -1235.05 78.6056 3202.64
v -1234.87 73.7048 3203.63
v -1234.8 74.0899 3203.63
v -1233.97 73.7048 3203.61
v -1233.97 77.7048 3203.61
v -1234.86 74.7179 3203.63
v -1234.84 75.3966 3203.63
v -1234.97 76.2533 3203.63
v -1234.97 77.7048 3203.63
v -1234.99 77.7048 3202.63
v -1234.98 73.7048 3202.63
v -1233.98 77.7048 3202.61
v -1233.99 73.7048 3202.61
v -1233.98 77.7048 3202.61
v -1233.99 73.7048 3202.61
v -1233.97 77.7048 3203.61
v -1233.97 73.7048 3203.61
v -1234.97 74.1642 3203.55
v -1234.8 74.0899 3203.63
v -1234.97 73.7048 3203.49
v -1234.87 73.7048 3203.63
v -1234.97 75.4828 3203.48
v -1234.97 76.2533 3203.63
v -1234.84 75.3966 3203.63
v -1234.97 74.8398 3203.49
v -1234.86 74.7179 3203.63
v -1234.97 77.7048 3203.63
v -1234.97 76.2533 3203.63
v -1234.99 77.7048 3202.63
v -1234.97 75.4828 3203.48
v -1234.98 73.7048 3202.63
v -1234.97 74.8398 3203.49
v -1234.97 74.1642 3203.55
v -1234.97 73.7048 3203.49
v -1232.98 77.7048 3202.85
v -1232.98 73.7048 3202.85
v -1232.97 77.7048 3203.35
v -1232.97 73.7048 3203.35
v -1232.97 73.7048 3203.35
v -1233.97 73.7048 3203.36
v -1232.97 77.7048 3203.35
v -1233.97 77.7048 3203.36
v -1232.98 77.7048 3202.85
v -1232.97 77.7048 3203.35
v -1233.98 77.7048 3202.86
v -1233.97 77.7048 3203.36
v -1233.98 77.7048 3202.86
v -1233.98 73.7048 3202.86
v -1232.98 77.7048 3202.85
v -1232.98 73.7048 3202.85
v -1235.06 77.7048 3203.74
v -1235.06 78.2048 3203.74
v -1233.86 77.7048 3203.71
v -1233.86 78.2048 3203.71
v -1235.06 78.2048 3203.74
v -1235.09 78.2048 3202.54
v -1233.86 78.2048 3203.71
v -1233.89 78.2048 3202.51
v -1235.09 78.2048 3202.54
v -1235.09 77.7048 3202.54
v -1233.89 78.2048 3202.51
v -1233.89 77.7048 3202.51
v -1235.09 77.7048 3202.54
v -1235.06 77.7048 3203.74
v -1233.89 77.7048 3202.51
v -1233.86 77.7048 3203.71
v -1233.86 77.7048 3203.71
v -1233.86 78.2048 3203.71
v -1233.89 77.7048 3202.51
v -1233.89 78.2048 3202.51
v -1235.09 77.7048 3202.54
v -1235.09 78.2048 3202.54
v -1235.06 77.7048 3203.74
v -1235.06 78.2048 3203.74
v -1240.97 77.7048 3203.5
v -1240.97 73.7048 3203.5
v -1240.98 77.7048 3203
v -1240.98 73.7048 3203
v -1240.98 73.7048 3203
v -1239.98 73.7048 3202.98
v -1240.98 77.7048 3203
v -1239.98 77.7048 3202.98
v -1240.97 77.7048 3203.5
v -1240.98 77.7048 3203
v -1239.97 77.7048 3203.48
v -1239.98 77.7048 3202.98
v -1239.97 77.7048 3203.48
v -1239.97 73.7048 3203.48
v -1240.97 77.7048 3203.5
v -1240.97 73.7048 3203.5
v -1238.96 77.7048 3203.71
v -1238.96 73.7048 3203.71
v -1239.97 77.7048 3203.73
v -1239.96 73.7048 3203.73
v -1239.98 73.7048 3202.73
v -1239.98 77.7048 3202.73
v -1239.96 73.7048 3203.73
v -1239.97 77.7048 3203.73
v -1239.12 74.394 3202.71
v -1239.98 77.7048 3202.73
v -1239.98 73.7048 3202.73
v -1239.19 73.7048 3202.71
v -1238.98 74.8283 3202.71
v -1238.98 77.7048 3202.71
v -1238.98 74.8283 3202.71
v -1239.12 74.394 3202.71
v -1239.14 73.7048 3202.86
v -1239.19 73.7048 3202.71
v -1238.98 73.7048 3202.83
v -1238.98 73.8651 3202.87
v -1239.14 73.7048 3202.86
v -1238.98 74.8283 3202.71
v -1238.98 77.7048 3202.71
v -1238.98 74.8283 3202.71
v -1238.96 77.7048 3203.71
v -1238.98 73.7048 3202.83
v -1238.96 73.7048 3203.71
v -1238.98 73.8651 3202.87
v -1240.09 77.7048 3202.63
v -1240.09 78.2048 3202.63
v -1240.06 77.7048 3203.83
v -1240.06 78.2048 3203.83
v -1240.09 78.2048 3202.63
v -1238.89 78.2048 3202.61
v -1240.06 78.2048 3203.83
v -1238.86 78.2048 3203.81
v -1238.89 78.2048 3202.61
v -1238.89 77.7048 3202.61
v -1238.86 78.2048 3203.81
v -1238.86 77.7048 3203.81
v -1238.89 77.7048 3202.61
v -1240.09 77.7048 3202.63
v -1238.86 77.7048 3203.81
v -1240.06 77.7048 3203.83
v -1240.06 77.7048 3203.83
v -1240.06 78.2048 3203.83
v -1238.86 77.7048 3203.81
v -1238.86 78.2048 3203.81
v -1238.89 77.7048 3202.61
v -1238.89 78.2048 3202.61
v -1240.09 77.7048 3202.63
v -1240.09 78.2048 3202.63
v -1238.88 78.8218 3202.71
v -1238.86 78.8218 3203.71
v -1238.6 79.3784 3202.7
v -1238.58 79.3784 3203.7
v -1238.16 79.8201 3202.7
v -1238.14 79.8201 3203.69
v -1239.84 79.1332 3202.73
v -1239.98 78.2048 3202.73
v -1238.88 78.8218 3202.71
v -1238.98 78.2048 3202.71
v -1239.97 78.2048 3203.73
v -1239.82 79.1332 3203.73
v -1238.96 78.2048 3203.71
v -1238.86 78.8218 3203.71
v -1239.39 79.9683 3203.72
v -1238.58 79.3784 3203.7
v -1238.92 80.4421 3203.71
v -1238.67 80.171 3203.71
v -1238.31 80.0589 3203.7
v -1238.14 79.8201 3203.69
v -1239.82 79.1332 3203.73
v -1239.97 78.2048 3203.73
v -1239.84 79.1332 3202.73
v -1239.98 78.2048 3202.73
v -1239.64 79.5135 3202.72
v -1238.6 79.3784 3202.7
v -1238.92 80.4421 3203.71
v -1239.39 79.9683 3203.72
v -1239.12 80.2534 3203.19
v -1239.2 80.1677 3203.11
v -1239.41 79.9683 3202.83
v -1239.21 80.1662 3202.82
v -1239.64 79.5135 3202.72
v -1239.41 79.9683 3202.83
v -1239.64 79.5135 3202.72
v -1239.32 79.9036 3202.72
v -1239.13 80.1567 3202.71
v -1239.16 80.181 3202.79
v -1239.21 80.1662 3202.82
v -1238.96 78.2048 3203.71
v -1238.98 78.2048 3202.71
v -1234.97 78.2048 3203.63
v -1234.99 78.2048 3202.63
v -1235.05 78.6056 3202.64
v -1235.06 78.6969 3202.84
v -1235.03 78.575 3203.64
v -1234.97 78.2048 3203.63
v -1235.03 78.575 3203.64
v -1234.55 78.6625 3203.63
v -1233.97 78.2048 3203.61
v -1234.1 79.0258 3203.62
v -1234.07 78.7804 3203
v -1233.97 78.2048 3203.61
v -1234.1 79.0258 3203.62
v -1234.09 78.8714 3202.62
v -1233.98 78.2048 3202.61
v -1234.09 78.8714 3202.62
v -1239.32 79.9036 3202.72
v -1238.28 79.994 3202.7
v -1238.31 79.967 3202.7
v -1238.16 79.8201 3202.7
v -1238.46 79.9668 3202.7
v -1238.81 79.7858 3202.71
v -1239.13 80.1567 3202.71
v -1238.16 79.8201 3202.7
v -1238.14 79.8201 3203.69
v -1238.28 79.994 3202.7
v -1238.31 80.0589 3203.7
v -1238.67 80.171 3203.71
v -1239.12 80.2534 3203.19
v -1238.81 79.7858 3202.71
v -1238.31 79.967 3202.7
v -1238.46 79.9668 3202.7
v -1239.2 80.1677 3203.11
v -1239.16 80.181 3202.79
v -1239.21 80.1662 3202.82
v -1239.13 80.1567 3202.71
v -1238.92 80.4421 3203.71
v -1234.1 79.0258 3203.62
v -1234.55 78.6625 3203.63
v -1234.07 78.7804 3203
v -1235.03 78.575 3203.64
v -1235.06 78.6969 3202.84
v -1234.54 78.518 3202.63
v -1234.09 78.8714 3202.62
v -1235.05 78.6056 3202.64
v -1232.34 77.7582 3202.95
v -1232.46 77.7582 3203.17
v -1232.34 73.7582 3202.95
v -1232.46 73.7582 3203.17
v -1225.29 73.7582 3206.72
v -1225.4 73.7582 3206.95
v -1225.29 77.7582 3206.72
v -1225.4 77.7582 3206.95
v -1230.71 76.4294 3204.4
v -1229.66 77.4753 3204.95
v -1229.05 73.7582 3205.28
v -1228.64 77.7582 3205.41
v -1228.06 77.7582 3205.81
v -1228.66 77.6045 3205.49
v -1230.57 77.7582 3204.41
v -1230.57 77.6408 3204.47
v -1230.9 77.7582 3204.29
v -1229.66 77.4753 3204.95
v -1229.67 77.591 3204.87
v -1227.61 77.7582 3205.55
v -1227.81 77.7582 3205.38
v -1227.55 77.6826 3205.52
v -1227 77.7582 3205.88
v -1226.93 77.705 3205.85
v -1226.81 77.7582 3205.91
v -1228.06 77.7582 3205.81
v -1227.17 77.7582 3206
v -1225.52 77.7582 3207.17
v -1225.4 77.7582 3206.95
v -1228.64 77.7582 3205.41
v -1228.93 77.591 3205.06
v -1229.67 77.591 3204.87
v -1230.7 77.7582 3204.12
v -1230.57 77.7582 3204.41
v -1230.9 77.7582 3204.29
v -1232.46 77.7582 3203.17
v -1232.58 77.7582 3203.4
v -1231.55 77.5988 3203.46
v -1232.34 77.7582 3202.95
v -1231.5 77.519 3203.4
v -1232.34 77.7582 3202.95
v -1232.34 73.7582 3202.95
v -1231.5 77.519 3203.4
v -1231.37 76.7817 3203.47
v -1231.1 77.5988 3203.81
v -1228.56 77.7582 3205.06
v -1228.53 77.3767 3204.99
v -1228.38 77.7582 3205.07
v -1229.22 77.591 3204.81
v -1229.15 76.4676 3204.66
v -1229.82 75.7388 3204.3
v -1229.53 76.1357 3204.46
v -1229.87 77.7582 3204.55
v -1230.44 75.5134 3203.97
v -1230.41 77.7582 3204.15
v -1231.14 75.9488 3203.6
v -1231.1 77.5988 3203.81
v -1231.37 76.7817 3203.47
v -1231.5 77.519 3203.4
v -1225.52 77.7582 3207.17
v -1225.52 73.7582 3207.17
v -1228.06 77.7582 3205.81
v -1230.57 77.6408 3204.47
v -1232.58 77.7582 3203.4
v -1230.9 77.7582 3204.29
v -1228.66 77.6045 3205.49
v -1228.81 73.7582 3204.84
v -1225.29 73.7582 3206.72
v -1228.53 77.3767 3204.99
v -1231.14 75.9488 3203.6
v -1230.44 75.5134 3203.97
v -1229.15 76.4676 3204.66
v -1228.38 77.7582 3205.07
v -1227.81 77.7582 3205.38
v -1227.55 77.6826 3205.52
v -1229.53 76.1357 3204.46
v -1229.82 75.7388 3204.3
v -1225.29 77.7582 3206.72
v -1226.81 77.7582 3205.91
v -1226.93 77.705 3205.85
v -1230.91 74.0588 3204.29
v -1230.92 73.7582 3204.28
v -1232.58 73.7582 3203.4
v -1230.57 75.7682 3204.47
v -1230.6 75.7741 3204.38
v -1230.71 76.4294 3204.4
v -1230.71 76.4294 3204.4
v -1230.6 75.7741 3204.38
v -1230.71 75.7801 3204.39
v -1230.65 75.3503 3204.43
v -1230.57 75.3459 3204.39
v -1230.55 75.0031 3204.4
v -1230.66 75.0141 3204.42
v -1230.59 74.4785 3204.38
v -1230.77 74.4861 3204.36
v -1230.64 74.0548 3204.35
v -1230.91 74.0588 3204.29
v -1230.63 73.7582 3204.36
v -1230.92 73.7582 3204.28
v -1230.63 73.7582 3204.36
v -1230.64 74.0548 3204.35
v -1230.48 73.7582 3204.52
v -1230.54 74.0508 3204.49
v -1230.59 74.4785 3204.38
v -1230.49 74.4709 3204.51
v -1230.55 75.0031 3204.4
v -1230.45 74.9922 3204.53
v -1230.55 75.3414 3204.48
v -1230.57 75.3459 3204.39
v -1230.77 74.4861 3204.36
v -1230.66 75.0141 3204.42
v -1230.65 75.3503 3204.43
v -1230.71 75.7801 3204.39
v -1230.57 75.7682 3204.47
v -1230.55 75.3414 3204.48
v -1230.45 74.9922 3204.53
v -1230.49 74.4709 3204.51
v -1230.54 74.0508 3204.49
v -1230.48 73.7582 3204.52
v -1232.58 77.7582 3203.4
v -1232.58 73.7582 3203.4
v -1225.52 73.7582 3207.17
v -1225.52 77.7582 3207.17
v -1232.34 77.7582 3202.95
v -1231.55 77.5988 3203.46
v -1231.1 77.5988 3203.81
v -1230.41 77.7582 3204.15
v -1226.81 77.7582 3205.91
v -1225.29 77.7582 3206.72
v -1227 77.7582 3205.88
v -1227.61 77.7582 3205.55
v -1227.81 77.7582 3205.38
v -1228.38 77.7582 3205.07
v -1228.56 77.7582 3205.06
v -1229.22 77.591 3204.81
v -1229.87 77.7582 3204.55
v -1225.18 73.4453 3206.45
v -1225.18 76.4461 3206.45
v -1225.28 77.3361 3206.55
v -1225.84 77.3465 3207.07
v -1225.91 73.4453 3207.13
v -1225.74 77.4777 3207.03
v -1225.25 77.5437 3206.52
v -1224.5 77.6426 3207.18
v -1224.97 75.1651 3206.67
v -1224.5 74.6439 3207.18
v -1224.87 74.6271 3206.78
v -1224.62 73.983 3207.05
v -1224.91 74.0302 3206.74
v -1224.88 73.4453 3206.77
v -1224.64 73.4453 3207.03
v -1224.61 73.4453 3207.29
v -1225.23 73.4453 3207.86
v -1224.69 73.983 3207.36
v -1225.23 77.4305 3207.86
v -1224.5 74.6439 3207.18
v -1224.5 77.6426 3207.18
v -1224.69 73.983 3207.36
v -1224.5 74.6439 3207.18
v -1224.62 73.983 3207.05
v -1225.28 77.3361 3206.55
v -1225.14 77.4282 3206.49
v -1225.25 77.5437 3206.52
v -1225.14 77.5437 3206.5
v -1225.1 77.1169 3206.53
v -1225.18 76.4461 3206.45
v -1225.74 76.8794 3207.32
v -1225.91 73.4453 3207.13
v -1225.84 77.3465 3207.07
v -1224.61 73.4453 3207.29
v -1224.64 73.4453 3207.03
v -1225.23 77.4305 3207.86
v -1225.23 73.4453 3207.86
v -1225.37 77.5804 3207.72
v -1225.52 77.3501 3207.55
v -1225.58 77.0417 3207.49
v -1225.55 77.6426 3207.09
v -1225.5 77.7371 3207.16
v -1225.14 77.6381 3206.68
v -1225.17 77.7371 3207.15
v -1225.14 77.6381 3206.68
v -1225.51 77.5624 3207.43
v -1225.74 76.8794 3207.32
v -1225.84 77.3465 3207.07
v -1225.55 77.6426 3207.09
v -1225.51 77.5624 3207.43
v -1225.58 77.0417 3207.49
v -1225.52 77.3501 3207.55
v -1225.74 77.4777 3207.03
v -1224.98 74.0653 3206.73
v -1224.98 73.4453 3206.73
v -1224.91 74.0302 3206.74
v -1224.88 73.4453 3206.77
v -1224.87 74.6271 3206.78
v -1224.93 74.5842 3206.78
v -1224.97 75.1651 3206.67
v -1224.93 74.6453 3206.72
v -1224.93 74.5842 3206.78
v -1224.97 75.1651 3206.67
v -1225.01 74.011 3206.63
v -1224.98 74.0653 3206.73
v -1224.98 73.4453 3206.73
v -1225.06 73.4453 3206.58
v -1225.18 73.4453 3206.45
v -1225.01 74.011 3206.63
v -1224.93 74.6453 3206.72
v -1225.18 76.4461 3206.45
v -1225.06 73.4453 3206.58
v -1225.1 77.1169 3206.53
v -1225.14 77.4282 3206.49
v -1225.14 77.5437 3206.5
v -1225.21 77.6748 3207.66
v -1224.68 77.7371 3207.17
v -1225.17 77.7371 3207.15
v -1225.21 77.6748 3207.66
v -1225.5 77.7371 3207.16
v -1233.29 73.6201 3202.64
v -1233.29 76.6208 3202.64
v -1233.3 77.5108 3202.78
v -1233.4 77.5212 3203.55
v -1233.41 73.6201 3203.64
v -1233.34 77.6524 3203.45
v -1233.3 77.7184 3202.74
v -1232.29 77.8173 3202.76
v -1232.98 75.3398 3202.68
v -1232.29 74.8186 3202.76
v -1232.83 74.8018 3202.7
v -1232.47 74.1578 3202.74
v -1232.9 74.2049 3202.69
v -1232.86 73.6201 3202.7
v -1232.5 73.6201 3202.74
v -1232.31 73.6201 3202.91
v -1232.41 73.6201 3203.76
v -1232.32 74.1577 3203.02
v -1232.41 77.6052 3203.76
v -1232.29 74.8186 3202.76
v -1232.29 77.8173 3202.76
v -1232.32 74.1577 3203.02
v -1232.29 74.8186 3202.76
v -1232.47 74.1578 3202.74
v -1233.3 77.5108 3202.78
v -1233.23 77.603 3202.65
v -1233.3 77.7184 3202.74
v -1233.23 77.7184 3202.65
v -1233.17 77.2916 3202.66
v -1233.29 76.6208 3202.64
v -1233.16 77.0541 3203.67
v -1233.41 73.6201 3203.64
v -1233.4 77.5212 3203.55
v -1232.31 73.6201 3202.91
v -1232.5 73.6201 3202.74
v -1232.41 77.6052 3203.76
v -1232.41 73.6201 3203.76
v -1232.62 77.7551 3203.73
v -1232.85 77.5248 3203.7
v -1232.92 77.2164 3203.69
v -1233.17 77.8173 3203.37
v -1233.08 77.9118 3203.39
v -1233.11 77.8129 3202.79
v -1232.83 77.9118 3203.17
v -1233.11 77.8129 3202.79
v -1232.91 77.7371 3203.61
v -1233.16 77.0541 3203.67
v -1233.4 77.5212 3203.55
v -1233.17 77.8173 3203.37
v -1232.91 77.7371 3203.61
v -1232.92 77.2164 3203.69
v -1232.85 77.5248 3203.7
v -1233.34 77.6524 3203.45
v -1232.95 74.2401 3202.73
v -1232.96 73.6201 3202.73
v -1232.9 74.2049 3202.69
v -1232.86 73.6201 3202.7
v -1232.83 74.8018 3202.7
v -1232.89 74.7589 3202.74
v -1232.98 75.3398 3202.68
v -1232.92 74.8201 3202.69
v -1232.89 74.7589 3202.74
v -1232.98 75.3398 3202.68
v -1233.04 74.1857 3202.67
v -1232.95 74.2401 3202.73
v -1232.96 73.6201 3202.73
v -1233.11 73.6201 3202.67
v -1233.29 73.6201 3202.64
v -1233.04 74.1857 3202.67
v -1232.92 74.8201 3202.69
v -1233.29 76.6208 3202.64
v -1233.11 73.6201 3202.67
v -1233.17 77.2916 3202.66
v -1233.23 77.603 3202.65
v -1233.23 77.7184 3202.65
v -1232.53 77.8496 3203.59
v -1232.45 77.9118 3202.87
v -1232.83 77.9118 3203.17
v -1232.53 77.8496 3203.59
v -1233.08 77.9118 3203.39
v -1220.08 73.5639 3212.87
v -1220.08 76.5647 3212.87
v -1220.01 77.4546 3212.99
v -1219.64 77.465 3213.66
v -1219.59 73.5639 3213.74
v -1219.65 77.5962 3213.55
v -1220.03 77.6622 3212.96
v -1219.21 77.7612 3212.38
v -1219.81 75.2836 3212.72
v -1219.21 74.7624 3212.38
v -1219.68 74.7456 3212.65
v -1219.36 74.1016 3212.47
v -1219.74 74.1487 3212.68
v -1219.7 73.5639 3212.66
v -1219.39 73.5639 3212.48
v -1219.13 73.5639 3212.52
v -1218.72 73.5639 3213.26
v -1219.08 74.1015 3212.61
v -1218.72 77.549 3213.26
v -1219.21 74.7624 3212.38
v -1219.21 77.7612 3212.38
v -1219.08 74.1015 3212.61
v -1219.21 74.7624 3212.38
v -1219.36 74.1016 3212.47
v -1220.01 77.4546 3212.99
v -1220.03 77.5468 3212.85
v -1220.03 77.6622 3212.96
v -1220.03 77.6622 3212.84
v -1219.98 77.2355 3212.82
v -1220.08 76.5647 3212.87
v -1219.37 76.9979 3213.62
v -1219.59 73.5639 3213.74
v -1219.64 77.465 3213.66
v -1219.13 73.5639 3212.52
v -1219.39 73.5639 3212.48
v -1218.72 77.549 3213.26
v -1218.72 73.5639 3213.26
v -1218.9 77.6989 3213.36
v -1219.1 77.4687 3213.47
v -1219.16 77.1602 3213.51
v -1219.55 77.7612 3213.39
v -1219.47 77.8556 3213.36
v -1219.85 77.7567 3212.89
v -1219.4 77.8556 3213.03
v -1219.85 77.7567 3212.89
v -1219.21 77.6809 3213.43
v -1219.37 76.9979 3213.62
v -1219.64 77.465 3213.66
v -1219.55 77.7612 3213.39
v -1219.21 77.6809 3213.43
v -1219.16 77.1602 3213.51
v -1219.1 77.4687 3213.47
v -1219.65 77.5962 3213.55
v -1219.76 74.1839 3212.75
v -1219.77 73.5639 3212.75
v -1219.74 74.1487 3212.68
v -1219.7 73.5639 3212.66
v -1219.68 74.7456 3212.65
v -1219.7 74.7027 3212.71
v -1219.81 75.2836 3212.72
v -1219.76 74.7639 3212.69
v -1219.7 74.7027 3212.71
v -1219.81 75.2836 3212.72
v -1219.86 74.1295 3212.75
v -1219.76 74.1839 3212.75
v -1219.77 73.5639 3212.75
v -1219.92 73.5639 3212.78
v -1220.08 73.5639 3212.87
v -1219.86 74.1295 3212.75
v -1219.76 74.7639 3212.69
v -1220.08 76.5647 3212.87
v -1219.92 73.5639 3212.78
v -1219.98 77.2355 3212.82
v -1220.03 77.5468 3212.85
v -1220.03 77.6622 3212.84
v -1218.92 77.7934 3213.19
v -1219.27 77.8556 3212.56
v -1219.4 77.8556 3213.03
v -1218.92 77.7934 3213.19
v -1219.47 77.8556 3213.36
v -1219.03 77.5528 3213.17
v -1219.26 77.5528 3213.28
v -1219.03 73.5528 3213.17
v -1219.26 73.5528 3213.28
v -1215.48 73.5528 3220.34
v -1215.71 73.5528 3220.45
v -1215.48 77.5528 3220.34
v -1215.71 77.5528 3220.45
v -1218.54 76.2239 3215.29
v -1218.02 77.2698 3216.35
v -1217.71 73.5528 3216.98
v -1217.45 77.5528 3217.31
v -1217.21 77.5528 3217.98
v -1217.51 77.3991 3217.37
v -1218.44 77.5528 3215.39
v -1218.47 77.4354 3215.44
v -1218.64 77.5528 3215.09
v -1218.02 77.2698 3216.35
v -1217.98 77.3856 3216.28
v -1216.69 77.5528 3218.03
v -1216.75 77.5528 3217.77
v -1216.62 77.4771 3218.04
v -1216.39 77.5528 3218.66
v -1216.31 77.4995 3218.67
v -1216.25 77.5528 3218.79
v -1217.21 77.5528 3217.98
v -1216.59 77.5528 3218.66
v -1215.93 77.5528 3220.56
v -1215.71 77.5528 3220.45
v -1217.45 77.5528 3217.31
v -1217.48 77.3856 3216.86
v -1217.98 77.3856 3216.28
v -1218.37 77.5528 3215.07
v -1218.44 77.5528 3215.39
v -1218.64 77.5528 3215.09
v -1219.26 77.5528 3213.28
v -1219.48 77.5528 3213.39
v -1218.68 77.3933 3214.04
v -1219.03 77.5528 3213.17
v -1218.61 77.3135 3214.02
v -1219.03 77.5528 3213.17
v -1219.03 73.5528 3213.17
v -1218.61 77.3135 3214.02
v -1218.55 76.5763 3214.15
v -1218.52 77.3933 3214.58
v -1217.18 77.5528 3217.08
v -1217.12 77.1713 3217.04
v -1217.04 77.5528 3217.19
v -1217.57 77.3856 3216.5
v -1217.43 76.2622 3216.41
v -1217.76 75.5334 3215.73
v -1217.62 75.9303 3216.02
v -1217.95 77.5528 3215.9
v -1218.08 75.308 3215.1
v -1218.16 77.5528 3215.26
v -1218.43 75.7434 3214.39
v -1218.52 77.3933 3214.58
v -1218.55 76.5763 3214.15
v -1218.61 77.3135 3214.02
v -1215.93 77.5528 3220.56
v -1215.93 73.5528 3220.56
v -1217.21 77.5528 3217.98
v -1218.47 77.4354 3215.44
v -1219.48 77.5528 3213.39
v -1218.64 77.5528 3215.09
v -1217.51 77.3991 3217.37
v -1217.26 73.5528 3216.75
v -1215.48 73.5528 3220.34
v -1217.12 77.1713 3217.04
v -1218.43 75.7434 3214.39
v -1218.08 75.308 3215.1
v -1217.43 76.2622 3216.41
v -1217.04 77.5528 3217.19
v -1216.75 77.5528 3217.77
v -1216.62 77.4771 3218.04
v -1217.62 75.9303 3216.02
v -1217.76 75.5334 3215.73
v -1215.48 77.5528 3220.34
v -1216.25 77.5528 3218.79
v -1216.31 77.4995 3218.67
v -1218.64 73.8534 3215.09
v -1218.65 73.5528 3215.07
v -1219.48 73.5528 3213.39
v -1218.47 75.5628 3215.43
v -1218.44 75.5687 3215.34
v -1218.54 76.2239 3215.29
v -1218.54 76.2239 3215.29
v -1218.44 75.5687 3215.34
v -1218.54 75.5746 3215.29
v -1218.51 75.1449 3215.35
v -1218.43 75.1404 3215.37
v -1218.42 74.7977 3215.39
v -1218.52 74.8087 3215.34
v -1218.44 74.2731 3215.35
v -1218.57 74.2806 3215.23
v -1218.46 73.8494 3215.3
v -1218.64 73.8534 3215.09
v -1218.46 73.5528 3215.31
v -1218.65 73.5528 3215.07
v -1218.46 73.5528 3215.31
v -1218.46 73.8494 3215.3
v -1218.43 73.5528 3215.52
v -1218.45 73.8454 3215.47
v -1218.44 74.2731 3215.35
v -1218.43 74.2655 3215.51
v -1218.42 74.7977 3215.39
v -1218.41 74.7867 3215.56
v -1218.46 75.136 3215.45
v -1218.43 75.1404 3215.37
v -1218.57 74.2806 3215.23
v -1218.52 74.8087 3215.34
v -1218.51 75.1449 3215.35
v -1218.54 75.5746 3215.29
v -1218.47 75.5628 3215.43
v -1218.46 75.136 3215.45
v -1218.41 74.7867 3215.56
v -1218.43 74.2655 3215.51
v -1218.45 73.8454 3215.47
v -1218.43 73.5528 3215.52
v -1219.48 77.5528 3213.39
v -1219.48 73.5528 3213.39
v -1215.93 73.5528 3220.56
v -1215.93 77.5528 3220.56
v -1219.03 77.5528 3213.17
v -1218.68 77.3933 3214.04
v -1218.52 77.3933 3214.58
v -1218.16 77.5528 3215.26
v -1216.25 77.5528 3218.79
v -1215.48 77.5528 3220.34
v -1216.39 77.5528 3218.66
v -1216.69 77.5528 3218.03
v -1216.75 77.5528 3217.77
v -1217.04 77.5528 3217.19
v -1217.18 77.5528 3217.08
v -1217.57 77.3856 3216.5
v -1217.95 77.5528 3215.9
v -1214.98 73.5721 3220.71
v -1214.98 76.5729 3220.71
v -1215.05 77.4629 3220.59
v -1215.41 77.4733 3219.91
v -1215.45 73.5721 3219.83
v -1215.4 77.6045 3220.02
v -1215.02 77.6705 3220.63
v -1215.86 77.7694 3221.19
v -1215.25 75.2919 3220.86
v -1215.86 74.7707 3221.19
v -1215.38 74.7539 3220.93
v -1215.71 74.1098 3221.1
v -1215.32 74.157 3220.9
v -1215.36 73.5721 3220.92
v -1215.68 73.5721 3221.09
v -1215.93 73.5721 3221.05
v -1216.33 73.5721 3220.3
v -1215.98 74.1097 3220.96
v -1216.33 77.5573 3220.3
v -1215.86 74.7707 3221.19
v -1215.86 77.7694 3221.19
v -1215.98 74.1097 3220.96
v -1215.86 74.7707 3221.19
v -1215.71 74.1098 3221.1
v -1215.05 77.4629 3220.59
v -1215.03 77.555 3220.74
v -1215.02 77.6705 3220.63
v -1215.03 77.6705 3220.74
v -1215.08 77.2437 3220.77
v -1214.98 76.5729 3220.71
v -1215.67 77.0062 3219.95
v -1215.45 73.5721 3219.83
v -1215.41 77.4733 3219.91
v -1215.93 73.5721 3221.05
v -1215.68 73.5721 3221.09
v -1216.33 77.5573 3220.3
v -1216.33 73.5721 3220.3
v -1216.15 77.7072 3220.21
v -1215.95 77.4769 3220.1
v -1215.88 77.1684 3220.06
v -1215.5 77.7694 3220.19
v -1215.58 77.8639 3220.22
v -1215.21 77.7649 3220.69
v -1215.66 77.8639 3220.54
v -1215.21 77.7649 3220.69
v -1215.84 77.6892 3220.14
v -1215.67 77.0062 3219.95
v -1215.41 77.4733 3219.91
v -1215.5 77.7694 3220.19
v -1215.84 77.6892 3220.14
v -1215.88 77.1684 3220.06
v -1215.95 77.4769 3220.1
v -1215.4 77.6045 3220.02
v -1215.3 74.1921 3220.83
v -1215.3 73.5721 3220.83
v -1215.32 74.157 3220.9
v -1215.36 73.5721 3220.92
v -1215.38 74.7539 3220.93
v -1215.36 74.711 3220.87
v -1215.25 75.2919 3220.86
v -1215.3 74.7721 3220.89
v -1215.36 74.711 3220.87
v -1215.25 75.2919 3220.86
v -1215.2 74.1378 3220.83
v -1215.3 74.1921 3220.83
v -1215.3 73.5721 3220.83
v -1215.14 73.5721 3220.8
v -1214.98 73.5721 3220.71
v -1215.2 74.1378 3220.83
v -1215.3 74.7721 3220.89
v -1214.98 76.5729 3220.71
v -1215.14 73.5721 3220.8
v -1215.08 77.2437 3220.77
v -1215.03 77.555 3220.74
v -1215.03 77.6705 3220.74
v -1216.14 77.8016 3220.38
v -1215.8 77.8639 3221.01
v -1215.66 77.8639 3220.54
v -1216.14 77.8016 3220.38
v -1215.58 77.8639 3220.22
v -1241.86 73.8228 3203.1
v -1241.86 76.8235 3203.1
v -1241.82 77.7135 3203.23
v -1241.58 77.7239 3203.96
v -1241.56 73.8228 3204.05
v -1241.57 77.8551 3203.85
v -1241.83 77.9211 3203.19
v -1240.91 78.02 3202.79
v -1241.57 75.5425 3203
v -1240.91 75.0213 3202.79
v -1241.43 75.0045 3202.96
v -1241.07 74.3605 3202.85
v -1241.49 74.4076 3202.98
v -1241.45 73.8228 3202.97
v -1241.1 73.8228 3202.85
v -1240.86 73.8228 3202.94
v -1240.6 73.8228 3203.74
v -1240.83 74.3604 3203.04
v -1240.6 77.8079 3203.74
v -1240.91 75.0213 3202.79
v -1240.91 78.02 3202.79
v -1240.83 74.3604 3203.04
v -1240.91 75.0213 3202.79
v -1241.07 74.3605 3202.85
v -1241.82 77.7135 3203.23
v -1241.81 77.8056 3203.08
v -1241.83 77.9211 3203.19
v -1241.8 77.9211 3203.08
v -1241.75 77.4943 3203.06
v -1241.86 76.8235 3203.1
v -1241.31 77.2568 3203.97
v -1241.56 73.8228 3204.05
v -1241.58 77.7239 3203.96
v -1240.86 73.8228 3202.94
v -1241.1 73.8228 3202.85
v -1240.6 77.8079 3203.74
v -1240.6 73.8228 3203.74
v -1240.8 77.9578 3203.81
v -1241.02 77.7275 3203.88
v -1241.09 77.4191 3203.9
v -1241.45 78.02 3203.71
v -1241.36 78.1145 3203.69
v -1241.64 78.0156 3203.16
v -1241.22 78.1145 3203.39
v -1241.64 78.0156 3203.16
v -1241.11 77.9398 3203.82
v -1241.31 77.2568 3203.97
v -1241.58 77.7239 3203.96
v -1241.45 78.02 3203.71
v -1241.11 77.9398 3203.82
v -1241.09 77.4191 3203.9
v -1241.02 77.7275 3203.88
v -1241.57 77.8551 3203.85
v -1241.52 74.4428 3203.04
v -1241.53 73.8228 3203.04
v -1241.49 74.4076 3202.98
v -1241.45 73.8228 3202.97
v -1241.43 75.0045 3202.96
v -1241.46 74.9616 3203.02
v -1241.57 75.5425 3203
v -1241.51 75.0228 3202.99
v -1241.46 74.9616 3203.02
v -1241.57 75.5425 3203
v -1241.62 74.3884 3203.02
v -1241.52 74.4428 3203.04
v -1241.53 73.8228 3203.04
v -1241.69 73.8228 3203.04
v -1241.86 73.8228 3203.1
v -1241.62 74.3884 3203.02
v -1241.51 75.0228 3202.99
v -1241.86 76.8235 3203.1
v -1241.69 73.8228 3203.04
v -1241.75 77.4943 3203.06
v -1241.81 77.8056 3203.08
v -1241.8 77.9211 3203.08
v -1240.78 78.0523 3203.64
v -1241 78.1145 3202.96
v -1241.22 78.1145 3203.39
v -1240.78 78.0523 3203.64
v -1241.36 78.1145 3203.69
v -1241.35 77.8673 3203.72
v -1241.42 77.8673 3203.48
v -1241.35 73.8673 3203.72
v -1241.42 73.8673 3203.48
v -1249.03 73.8673 3205.93
v -1249.1 73.8673 3205.69
v -1249.03 77.8673 3205.93
v -1249.1 77.8673 3205.69
v -1243.52 76.5385 3203.83
v -1244.66 77.5844 3204.15
v -1245.33 73.8673 3204.35
v -1245.71 77.8673 3204.54
v -1246.41 77.8673 3204.66
v -1245.75 77.7136 3204.47
v -1243.63 77.8673 3203.91
v -1243.68 77.75 3203.87
v -1243.31 77.8673 3203.76
v -1244.66 77.5844 3204.15
v -1244.6 77.7001 3204.21
v -1246.55 77.8673 3205.15
v -1246.28 77.8673 3205.14
v -1246.57 77.7917 3205.22
v -1247.22 77.8673 3205.34
v -1247.24 77.8141 3205.42
v -1247.37 77.8673 3205.46
v -1246.41 77.8673 3204.66
v -1247.18 77.8673 3205.14
v -1249.17 77.8673 3205.45
v -1249.1 77.8673 3205.69
v -1245.71 77.8673 3204.54
v -1245.26 77.7001 3204.59
v -1244.6 77.7001 3204.21
v -1243.34 77.8673 3204.03
v -1243.63 77.8673 3203.91
v -1243.31 77.8673 3203.76
v -1241.42 77.8673 3203.48
v -1241.48 77.8673 3203.24
v -1242.26 77.7079 3203.91
v -1241.35 77.8673 3203.72
v -1242.26 77.6281 3203.98
v -1241.35 77.8673 3203.72
v -1241.35 73.8673 3203.72
v -1242.26 77.6281 3203.98
v -1242.4 76.8908 3204.02
v -1242.83 77.7079 3203.97
v -1245.52 77.8673 3204.85
v -1245.49 77.4858 3204.91
v -1245.66 77.8673 3204.96
v -1244.88 77.7001 3204.56
v -1244.83 76.5768 3204.72
v -1244.1 75.8479 3204.51
v -1244.41 76.2448 3204.6
v -1244.23 77.8673 3204.3
v -1243.42 75.6226 3204.31
v -1243.56 77.8673 3204.21
v -1242.65 76.0579 3204.09
v -1242.83 77.7079 3203.97
v -1242.4 76.8908 3204.02
v -1242.26 77.6281 3203.98
v -1249.17 77.8673 3205.45
v -1249.17 73.8673 3205.45
v -1246.41 77.8673 3204.66
v -1243.68 77.75 3203.87
v -1241.48 77.8673 3203.24
v -1243.31 77.8673 3203.76
v -1245.75 77.7136 3204.47
v -1245.19 73.8673 3204.83
v -1249.03 73.8673 3205.93
v -1245.49 77.4858 3204.91
v -1242.65 76.0579 3204.09
v -1243.42 75.6226 3204.31
v -1244.83 76.5768 3204.72
v -1245.66 77.8673 3204.96
v -1246.28 77.8673 3205.14
v -1246.57 77.7917 3205.22
v -1244.41 76.2448 3204.6
v -1244.1 75.8479 3204.51
v -1249.03 77.8673 3205.93
v -1247.37 77.8673 3205.46
v -1247.24 77.8141 3205.42
v -1243.3 74.1679 3203.76
v -1243.29 73.8673 3203.76
v -1241.48 73.8673 3203.24
v -1243.67 75.8773 3203.87
v -1243.59 75.8833 3203.91
v -1243.52 76.5385 3203.83
v -1243.52 76.5385 3203.83
v -1243.59 75.8833 3203.91
v -1243.52 75.8892 3203.82
v -1243.58 75.4595 3203.84
v -1243.62 75.455 3203.92
v -1243.64 75.1122 3203.93
v -1243.57 75.1232 3203.84
v -1243.6 74.5876 3203.92
v -1243.45 74.5952 3203.81
v -1243.54 74.1639 3203.9
v -1243.3 74.1679 3203.76
v -1243.55 73.8673 3203.9
v -1243.29 73.8673 3203.76
v -1243.55 73.8673 3203.9
v -1243.54 74.1639 3203.9
v -1243.77 73.8673 3203.9
v -1243.71 74.1599 3203.88
v -1243.6 74.5876 3203.92
v -1243.76 74.58 3203.89
v -1243.64 75.1122 3203.93
v -1243.81 75.1013 3203.91
v -1243.7 75.4505 3203.87
v -1243.62 75.455 3203.92
v -1243.45 74.5952 3203.81
v -1243.57 75.1232 3203.84
v -1243.58 75.4595 3203.84
v -1243.52 75.8892 3203.82
v -1243.67 75.8773 3203.87
v -1243.7 75.4505 3203.87
v -1243.81 75.1013 3203.91
v -1243.76 74.58 3203.89
v -1243.71 74.1599 3203.88
v -1243.77 73.8673 3203.9
v -1241.48 77.8673 3203.24
v -1241.48 73.8673 3203.24
v -1249.17 73.8673 3205.45
v -1249.17 77.8673 3205.45
v -1241.35 77.8673 3203.72
v -1242.26 77.7079 3203.91
v -1242.83 77.7079 3203.97
v -1243.56 77.8673 3204.21
v -1247.37 77.8673 3205.46
v -1249.03 77.8673 3205.93
v -1247.22 77.8673 3205.34
v -1246.55 77.8673 3205.15
v -1246.28 77.8673 3205.14
v -1245.66 77.8673 3204.96
v -1245.52 77.8673 3204.85
v -1244.88 77.7001 3204.56
v -1244.23 77.8673 3204.3
v -1249.04 74.0937 3205.16
v -1249.04 77.0945 3205.16
v -1249.16 77.9844 3205.23
v -1249.82 77.9949 3205.63
v -1249.9 74.0937 3205.68
v -1249.71 78.1261 3205.61
v -1249.13 78.192 3205.21
v -1248.53 78.291 3206.02
v -1248.89 75.8135 3205.42
v -1248.53 75.2922 3206.02
v -1248.81 75.2755 3205.55
v -1248.62 74.6314 3205.87
v -1248.84 74.6785 3205.5
v -1248.82 74.0937 3205.53
v -1248.63 74.0937 3205.84
v -1248.66 74.0937 3206.1
v -1249.39 74.0937 3206.53
v -1248.75 74.6313 3206.15
v -1249.39 78.0788 3206.53
v -1248.53 75.2922 3206.02
v -1248.53 78.291 3206.02
v -1248.75 74.6313 3206.15
v -1248.53 75.2922 3206.02
v -1248.62 74.6314 3205.87
v -1249.16 77.9844 3205.23
v -1249.02 78.0766 3205.21
v -1249.13 78.192 3205.21
v -1249.01 78.192 3205.21
v -1248.99 77.7653 3205.26
v -1249.04 77.0945 3205.16
v -1249.77 77.5278 3205.89
v -1249.9 74.0937 3205.68
v -1249.82 77.9949 3205.63
v -1248.66 74.0937 3206.1
v -1248.63 74.0937 3205.84
v -1249.39 78.0788 3206.53
v -1249.39 74.0937 3206.53
v -1249.49 78.2287 3206.36
v -1249.61 77.9985 3206.16
v -1249.65 77.69 3206.1
v -1249.54 78.291 3205.7
v -1249.51 78.3855 3205.78
v -1249.06 78.2865 3205.39
v -1249.18 78.3855 3205.85
v -1249.06 78.2865 3205.39
v -1249.57 78.2107 3206.05
v -1249.77 77.5278 3205.89
v -1249.82 77.9949 3205.63
v -1249.54 78.291 3205.7
v -1249.57 78.2107 3206.05
v -1249.65 77.69 3206.1
v -1249.61 77.9985 3206.16
v -1249.71 78.1261 3205.61
v -1248.91 74.7137 3205.48
v -1248.91 74.0937 3205.47
v -1248.84 74.6785 3205.5
v -1248.82 74.0937 3205.53
v -1248.81 75.2755 3205.55
v -1248.87 75.2325 3205.54
v -1248.89 75.8135 3205.42
v -1248.85 75.2937 3205.48
v -1248.87 75.2325 3205.54
v -1248.89 75.8135 3205.42
v -1248.91 74.6594 3205.38
v -1248.91 74.7137 3205.48
v -1248.91 74.0937 3205.47
v -1248.95 74.0937 3205.32
v -1249.04 74.0937 3205.16
v -1248.91 74.6594 3205.38
v -1248.85 75.2937 3205.48
v -1249.04 77.0945 3205.16
v -1248.95 74.0937 3205.32
v -1248.99 77.7653 3205.26
v -1249.02 78.0766 3205.21
v -1249.01 78.192 3205.21
v -1249.32 78.3232 3206.33
v -1248.71 78.3855 3205.97
v -1249.18 78.3855 3205.85
v -1249.32 78.3232 3206.33
v -1249.51 78.3855 3205.78
v -1256.22 74.2959 3210.19
v -1256.34 74.2959 3209.97
v -1256.22 78.2959 3210.19
v -1256.34 78.2959 3209.97
v -1254.89 78.2959 3209.42
v -1255.49 78.2959 3209.48
v -1254.64 78.2959 3208.99
v -1255.91 78.2959 3209.96
v -1255.6 78.2959 3209.75
v -1255.3 78.2959 3209.66
v -1251.44 78.1961 3207.45
v -1250.73 78.1943 3207.04
v -1250.52 78.0467 3206.92
v -1256.22 78.2959 3210.19
v -1256.34 78.2959 3209.97
v -1256.02 78.2959 3210.07
v -1252.95 78.2959 3208.31
v -1253.29 78.2959 3208.5
v -1252.94 78.2959 3208.02
v -1254.28 78.2959 3208.99
v -1253.74 78.2959 3208.68
v -1255.07 78.2959 3209.04
v -1255.63 78.2959 3209.27
v -1255.11 78.1963 3208.97
v -1255.91 78.2959 3209.96
v -1255.89 78.2623 3210
v -1256.02 78.2959 3210.07
v -1254.28 78.2959 3208.99
v -1254.22 78.1986 3209.04
v -1254.89 78.2959 3209.42
v -1250.43 78.2234 3206.81
v -1250.56 78.0075 3206.64
v -1250.43 78.2959 3206.58
v -1250.17 78.2959 3206.62
v -1250.43 78.2234 3206.81
v -1250.43 78.2959 3206.58
v -1249.28 78.2959 3206.21
v -1249.79 78.2959 3206.5
v -1249.41 78.2959 3205.99
v -1250.43 78.2959 3206.58
v -1250.17 78.2959 3206.62
v -1255.63 78.2959 3209.27
v -1256.47 78.2959 3209.75
v -1256.47 74.2959 3209.75
v -1251.84 78.2959 3207.1
v -1250.94 78.2959 3206.58
v -1251.61 78.3035 3207.25
v -1250.85 78.2959 3206.86
v -1250.7 76.9744 3206.44
v -1250.65 77.6216 3206.41
v -1250.56 77.0498 3206.64
v -1250.55 77.5827 3206.63
v -1250.7 76.9744 3206.44
v -1250.56 77.0498 3206.64
v -1250.77 77.5993 3206.49
v -1250.62 77.5797 3206.67
v -1250.79 77.9843 3206.49
v -1250.64 78.0545 3206.7
v -1250.94 78.2959 3206.58
v -1250.86 78.2327 3206.59
v -1250.64 78.0121 3206.41
v -1250.52 78.0467 3206.92
v -1250.5 77.4904 3206.9
v -1250.42 76.9889 3206.86
v -1250.42 76.9889 3206.86
v -1250.56 77.0498 3206.64
v -1250.39 77.4798 3206.84
v -1250.39 77.4798 3206.84
v -1250.41 77.9783 3206.86
v -1250.38 78.2173 3206.84
v -1250.73 78.1943 3207.04
v -1250.64 78.0545 3206.7
v -1250.52 78.0467 3206.92
v -1250.14 78.2172 3206.7
v -1250.43 78.2234 3206.81
v -1250.14 78.2172 3206.7
v -1250.38 78.2173 3206.84
v -1251.61 78.3035 3207.25
v -1250.85 78.2959 3206.86
v -1251.44 78.1961 3207.45
v -1250.73 78.1943 3207.04
v -1250.85 78.2959 3206.86
v -1250.86 78.2327 3206.59
v -1250.94 78.2959 3206.58
v -1252.72 78.082 3208.18
v -1252.78 78.1431 3207.94
v -1252.53 77.5929 3208.07
v -1252.65 77.7413 3207.85
v -1252.53 77.1704 3208.07
v -1252.59 77.3132 3207.81
v -1252.34 76.5939 3207.96
v -1252.44 76.6878 3207.73
v -1252.31 75.8194 3207.94
v -1252.42 75.8438 3207.72
v -1251.86 77.0651 3207.69
v -1251.94 77.4578 3207.44
v -1251.78 77.4496 3207.64
v -1251.64 77.8213 3207.56
v -1251.86 77.8451 3207.41
v -1251.44 78.1961 3207.45
v -1251.76 78.1599 3207.34
v -1252.11 76.5559 3207.83
v -1252.31 75.8194 3207.94
v -1252.28 76.5693 3207.64
v -1252.42 75.8438 3207.72
v -1252.61 76.7817 3207.54
v -1252.57 75.7841 3207.52
v -1252.38 76.5826 3207.41
v -1252.57 75.7841 3207.52
v -1252.03 77.466 3207.21
v -1252 77.9362 3207.19
v -1252.72 77.4561 3207.6
v -1252.89 77.8896 3207.7
v -1251.84 78.2959 3207.1
v -1253.01 78.2959 3207.77
v -1252.94 78.2959 3208.02
v -1252.95 78.2959 3208.31
v -1251.61 78.3035 3207.25
v -1253.69 78.2959 3208.16
v -1254.33 78.2959 3208.62
v -1254.39 78.2217 3208.56
v -1254.83 78.2959 3208.87
v -1254.86 78.2337 3208.83
v -1255.5 78.228 3209.78
v -1255.6 78.2959 3209.75
v -1255.3 78.2959 3209.66
v -1253.65 78.2217 3208.71
v -1253.74 78.2959 3208.68
v -1253.29 78.2959 3208.5
v -1249.79 78.2959 3206.5
v -1250.77 77.5993 3206.49
v -1252.03 77.466 3207.21
v -1252.38 76.5826 3207.41
v -1250.7 76.9744 3206.44
v -1252.57 75.7841 3207.52
v -1250.94 78.2959 3206.58
v -1251.84 78.2959 3207.1
v -1252 77.9362 3207.19
v -1250.79 77.9843 3206.49
v -1249.53 74.2959 3205.77
v -1252.61 76.7817 3207.54
v -1255.11 78.1963 3208.97
v -1254.86 78.2337 3208.83
v -1254.39 78.2217 3208.56
v -1253.69 78.2959 3208.16
v -1252.72 77.4561 3207.6
v -1252.89 77.8896 3207.7
v -1253.01 78.2959 3207.77
v -1249.53 78.2959 3205.77
v -1250.65 77.6216 3206.41
v -1250.64 78.0121 3206.41
v -1250.55 78.2959 3206.36
v -1250.41 77.9783 3206.86
v -1250.38 78.2173 3206.84
v -1250.14 78.2172 3206.7
v -1252.11 76.5559 3207.83
v -1251.86 77.0651 3207.69
v -1250.42 76.9889 3206.86
v -1250.5 77.4904 3206.9
v -1251.78 77.4496 3207.64
v -1251.64 77.8213 3207.56
v -1252.31 75.8194 3207.94
v -1250.8 74.2959 3207.08
v -1256.22 74.2959 3210.19
v -1249.28 74.2959 3206.21
v -1249.28 78.2959 3206.21
v -1249.79 78.2959 3206.5
v -1250.39 77.4798 3206.84
v -1253.29 78.2959 3208.5
v -1252.95 78.2959 3208.31
v -1252.72 78.082 3208.18
v -1254.22 78.1986 3209.04
v -1252.34 76.5939 3207.96
v -1253.65 78.2217 3208.71
v -1252.53 77.5929 3208.07
v -1252.53 77.1704 3208.07
v -1255.3 78.2959 3209.66
v -1254.89 78.2959 3209.42
v -1256.02 78.2959 3210.07
v -1256.22 78.2959 3210.19
v -1255.89 78.2623 3210
v -1255.5 78.228 3209.78
v -1249.28 78.2959 3206.21
v -1249.41 78.2959 3205.99
v -1249.28 74.2959 3206.21
v -1249.41 74.2959 3205.99
v -1256.47 74.2959 3209.75
v -1256.47 78.2959 3209.75
v -1253.01 78.2959 3207.77
v -1253.69 78.2959 3208.16
v -1255.07 78.2959 3209.04
v -1254.33 78.2959 3208.62
v -1254.83 78.2959 3208.87
v -1255.63 78.2959 3209.27
v -1256.47 78.2959 3209.75
v -1249.53 78.2959 3205.77
v -1250.55 78.2959 3206.36
v -1250.55 78.2959 3206.36
v -1249.53 78.2959 3205.77
v -1249.53 74.2959 3205.77
v -1252.83 74.3409 3207.43
v -1252.88 74.4007 3207.28
v -1252.75 74.3455 3207.36
v -1252.97 74.3393 3207.28
v -1252.89 74.337 3207.2
v -1252.8 74.3383 3207.2
v -1252.92 74.344 3207.38
v -1252.95 74.2959 3207.29
v -1252.88 74.294 3207.23
v -1252.81 74.2951 3207.23
v -1252.77 74.3009 3207.36
v -1252.84 74.2956 3207.4
v -1252.91 74.2997 3207.37
v -1252.96 74.3699 3207.31
v -1253.13 74.5009 3207.49
v -1253.17 74.3699 3207.31
v -1253.28 74.3699 3207.65
v -1253.24 74.5009 3207.58
v -1253.09 74.3699 3207.7
v -1253.15 74.4841 3207.62
v -1253.35 74.3699 3207.52
v -1252.99 74.3699 3207.55
v -1253.1 74.2959 3207.66
v -1253.25 74.2959 3207.62
v -1253.3 74.2959 3207.52
v -1253.16 74.2959 3207.34
v -1252.99 74.2959 3207.35
v -1253.02 74.2959 3207.53
v -1252.93 74.3409 3208.54
v -1252.83 74.3455 3208.5
v -1252.83 74.4007 3208.65
v -1252.76 74.337 3208.7
v -1252.87 74.3393 3208.73
v -1252.72 74.3383 3208.62
v -1252.93 74.344 3208.64
v -1252.87 74.2959 3208.71
v -1252.78 74.294 3208.68
v -1252.75 74.2951 3208.62
v -1252.84 74.3009 3208.52
v -1252.91 74.2956 3208.56
v -1252.92 74.2997 3208.63
v -1251.77 74.2959 3206.82
v -1251.09 74.2959 3206.67
v -1251.89 74.3735 3207.13
v -1254.27 74.2959 3208.49
v -1254.05 74.2959 3208.05
v -1253.74 74.3582 3208.19
v -1253.67 74.2959 3207.82
v -1252.52 74.473 3207.49
v -1253.11 74.2959 3207.57
v -1252.68 74.2959 3207.1
v -1252.12 74.2959 3206.9
v -1251.87 74.2959 3207.93
v -1252.2 74.3735 3207.88
v -1251.39 74.2959 3207.42
v -1254.58 74.2959 3209.24
v -1254.05 74.3582 3208.94
v -1254.08 74.2959 3209.27
v -1253.69 74.2959 3209.06
v -1252.82 74.473 3208.24
v -1253.19 74.2959 3208.7
v -1252.57 74.2959 3208.57
v -1252.11 74.2959 3208.19
v -1257.37 74.3542 3209.96
v -1257.37 77.355 3209.96
v -1257.3 78.2449 3210.08
v -1256.92 78.2553 3210.75
v -1256.88 74.3542 3210.83
v -1256.93 78.3866 3210.64
v -1257.32 78.4525 3210.05
v -1256.49 78.5515 3209.47
v -1257.1 76.074 3209.81
v -1256.49 75.5527 3209.47
v -1256.97 75.536 3209.74
v -1256.65 74.8919 3209.56
v -1257.03 74.939 3209.77
v -1256.99 74.3542 3209.75
v -1256.67 74.3542 3209.57
v -1256.42 74.3542 3209.6
v -1256.01 74.3542 3210.35
v -1256.37 74.8918 3209.7
v -1256.01 78.3393 3210.35
v -1256.49 75.5527 3209.47
v -1256.49 78.5515 3209.47
v -1256.37 74.8918 3209.7
v -1256.49 75.5527 3209.47
v -1256.65 74.8919 3209.56
v -1257.3 78.2449 3210.08
v -1257.32 78.3371 3209.94
v -1257.32 78.4525 3210.05
v -1257.31 78.4525 3209.93
v -1257.27 78.0258 3209.91
v -1257.37 77.355 3209.96
v -1256.66 77.7883 3210.71
v -1256.88 74.3542 3210.83
v -1256.92 78.2553 3210.75
v -1256.42 74.3542 3209.6
v -1256.67 74.3542 3209.57
v -1256.01 78.3393 3210.35
v -1256.01 74.3542 3210.35
v -1256.19 78.4892 3210.45
v -1256.39 78.259 3210.56
v -1256.45 77.9505 3210.59
v -1256.84 78.5515 3210.48
v -1256.76 78.646 3210.45
v -1257.14 78.547 3209.98
v -1256.69 78.646 3210.12
v -1257.14 78.547 3209.98
v -1256.49 78.4712 3210.52
v -1256.66 77.7883 3210.71
v -1256.92 78.2553 3210.75
v -1256.84 78.5515 3210.48
v -1256.49 78.4712 3210.52
v -1256.45 77.9505 3210.59
v -1256.39 78.259 3210.56
v -1256.93 78.3866 3210.64
v -1257.05 74.9742 3209.84
v -1257.05 74.3542 3209.84
v -1257.03 74.939 3209.77
v -1256.99 74.3542 3209.75
v -1256.97 75.536 3209.74
v -1256.99 75.493 3209.8
v -1257.1 76.074 3209.81
v -1257.05 75.5542 3209.78
v -1256.99 75.493 3209.8
v -1257.1 76.074 3209.81
v -1257.15 74.9199 3209.84
v -1257.05 74.9742 3209.84
v -1257.05 74.3542 3209.84
v -1257.21 74.3542 3209.87
v -1257.37 74.3542 3209.96
v -1257.15 74.9199 3209.84
v -1257.05 75.5542 3209.78
v -1257.37 77.355 3209.96
v -1257.21 74.3542 3209.87
v -1257.27 78.0258 3209.91
v -1257.32 78.3371 3209.94
v -1257.31 78.4525 3209.93
v -1256.2 78.5837 3210.28
v -1256.55 78.646 3209.65
v -1256.69 78.646 3210.12
v -1256.2 78.5837 3210.28
v -1256.76 78.646 3210.45
v -1222.13 73.2516 3210.17
v -1222.13 73.3754 3210.17
v -1222.33 73.2516 3210.17
v -1222.33 73.3754 3210.17
v -1222.18 73.4285 3210.21
v -1222.18 73.4285 3210.32
v -1222.28 73.4285 3210.21
v -1222.28 73.4285 3210.32
v -1222.13 73.3754 3210.37
v -1222.13 73.2516 3210.37
v -1222.33 73.3754 3210.37
v -1222.33 73.2516 3210.37
v -1222.13 73.2516 3210.37
v -1222.13 73.2516 3210.17
v -1222.33 73.2516 3210.37
v -1222.33 73.2516 3210.17
v -1222.33 73.2516 3210.17
v -1222.33 73.3754 3210.17
v -1222.33 73.2516 3210.37
v -1222.33 73.3754 3210.37
v -1222.13 73.2516 3210.37
v -1222.13 73.3754 3210.37
v -1222.13 73.2516 3210.17
v -1222.13 73.3754 3210.17
v -1222.43 73.38 3210.06
v -1222.33 73.3754 3210.17
v -1222.03 73.38 3210.06
v -1222.13 73.3754 3210.17
v -1222.43 73.38 3210.47
v -1222.33 73.3754 3210.37
v -1222.43 73.38 3210.06
v -1222.33 73.3754 3210.17
v -1222.03 73.38 3210.47
v -1222.13 73.3754 3210.37
v -1222.43 73.38 3210.47
v -1222.33 73.3754 3210.37
v -1222.03 73.38 3210.06
v -1222.13 73.3754 3210.17
v -1222.03 73.38 3210.47
v -1222.13 73.3754 3210.37
v -1222.03 73.38 3210.06
v -1222.16 73.4436 3210.2
v -1222.43 73.38 3210.06
v -1222.29 73.4436 3210.2
v -1222.43 73.38 3210.06
v -1222.29 73.4436 3210.2
v -1222.43 73.38 3210.47
v -1222.29 73.4436 3210.33
v -1222.43 73.38 3210.47
v -1222.29 73.4436 3210.33
v -1222.03 73.38 3210.47
v -1222.16 73.4436 3210.33
v -1222.03 73.38 3210.47
v -1222.16 73.4436 3210.33
v -1222.03 73.38 3210.06
v -1222.16 73.4436 3210.2
v -1222.16 73.4436 3210.2
v -1222.18 73.4285 3210.21
v -1222.29 73.4436 3210.2
v -1222.28 73.4285 3210.21
v -1222.29 73.4436 3210.2
v -1222.28 73.4285 3210.21
v -1222.29 73.4436 3210.33
v -1222.28 73.4285 3210.32
v -1222.29 73.4436 3210.33
v -1222.28 73.4285 3210.32
v -1222.16 73.4436 3210.33
v -1222.18 73.4285 3210.32
v -1222.16 73.4436 3210.33
v -1222.18 73.4285 3210.32
v -1222.16 73.4436 3210.2
v -1222.18 73.4285 3210.21
v -1237.17 73.718 3203.01
v -1237.17 73.8418 3203.01
v -1237.37 73.718 3203.01
v -1237.37 73.8418 3203.01
v -1237.22 73.8949 3203.06
v -1237.22 73.8949 3203.17
v -1237.33 73.8949 3203.06
v -1237.33 73.8949 3203.17
v -1237.17 73.8418 3203.21
v -1237.17 73.718 3203.21
v -1237.37 73.8418 3203.21
v -1237.37 73.718 3203.21
v -1237.17 73.718 3203.21
v -1237.17 73.718 3203.01
v -1237.37 73.718 3203.21
v -1237.37 73.718 3203.01
v -1237.37 73.718 3203.01
v -1237.37 73.8418 3203.01
v -1237.37 73.718 3203.21
v -1237.37 73.8418 3203.21
v -1237.17 73.718 3203.21
v -1237.17 73.8418 3203.21
v -1237.17 73.718 3203.01
v -1237.17 73.8418 3203.01
v -1237.47 73.8464 3202.91
v -1237.37 73.8418 3203.01
v -1237.07 73.8464 3202.91
v -1237.17 73.8418 3203.01
v -1237.47 73.8464 3203.32
v -1237.37 73.8418 3203.21
v -1237.47 73.8464 3202.91
v -1237.37 73.8418 3203.01
v -1237.07 73.8464 3203.32
v -1237.17 73.8418 3203.21
v -1237.47 73.8464 3203.32
v -1237.37 73.8418 3203.21
v -1237.07 73.8464 3202.91
v -1237.17 73.8418 3203.01
v -1237.07 73.8464 3203.32
v -1237.17 73.8418 3203.21
v -1237.07 73.8464 3202.91
v -1237.21 73.91 3203.05
v -1237.47 73.8464 3202.91
v -1237.34 73.91 3203.05
v -1237.47 73.8464 3202.91
v -1237.34 73.91 3203.05
v -1237.47 73.8464 3203.32
v -1237.34 73.91 3203.18
v -1237.47 73.8464 3203.32
v -1237.34 73.91 3203.18
v -1237.07 73.8464 3203.32
v -1237.21 73.91 3203.18
v -1237.07 73.8464 3203.32
v -1237.21 73.91 3203.18
v -1237.07 73.8464 3202.91
v -1237.21 73.91 3203.05
v -1237.21 73.91 3203.05
v -1237.22 73.8949 3203.06
v -1237.34 73.91 3203.05
v -1237.33 73.8949 3203.06
v -1237.34 73.91 3203.05
v -1237.33 73.8949 3203.06
v -1237.34 73.91 3203.18
v -1237.33 73.8949 3203.17
v -1237.34 73.91 3203.18
v -1237.33 73.8949 3203.17
v -1237.21 73.91 3203.18
v -1237.22 73.8949 3203.17
v -1237.21 73.91 3203.18
v -1237.22 73.8949 3203.17
v -1237.21 73.91 3203.05
v -1237.22 73.8949 3203.06
v -1294 73.5961 3271
v -1294 73.7421 3269
v -1294 73.8156 3267
v -1294 73.8916 3265
v -1294 73.8919 3263
v -1294 73.8246 3261
v -1294 73.7105 3259
v -1294 73.6065 3257
v -1294 73.5241 3255
v -1294 73.4535 3253
v -1294 73.4555 3251
v -1294 73.5293 3249
v -1294 73.6432 3247
v -1294 73.7682 3245
v -1294 73.8035 3243
v -1294 73.7513 3241
v -1294 73.7239 3239
v -1294 73.8012 3237
v -1294 73.936 3235
v -1294 74.0648 3233
v -1294 74.1187 3231
v -1294 74.1904 3229
v -1294 74.3112 3227
v -1294 74.425 3225
v -1294 74.4862 3223
v -1294 74.5513 3221
v -1294 74.678 3219
v -1294 74.7745 3217
v -1294 74.772 3215
v -1294 74.6601 3213
v -1294 74.5747 3211
v -1294 74.5529 3209
v -1294 74.5523 3207
v -1294 74.4662 3205
v -1294 74.2944 3203
v -1294 74.1423 3201
v -1294 74.0633 3199
v -1294 74.0523 3197
v -1294 73.9818 3195
v -1294 73.8443 3193
v -1294 73.7129 3191
v -1294 73.6606 3189
v -1294 73.7358 3187
v -1294 73.81 3185
v -1294 73.7722 3183
v -1294 73.6415 3181
v -1294 73.5272 3179
v -1294 73.4648 3177
v -1294 73.5073 3175
v -1294 73.6297 3173
v -1294 73.7445 3171
v -1294 73.9294 3169
v -1294 74.1053 3167
v -1294 74.1901 3165
v -1294 74.1632 3163
v -1294 74.1181 3161
v -1294 74.1076 3159
v -1294 74.1139 3157
v -1294 74.0917 3155
v -1294 74.003 3153
v -1294 73.9244 3151
v -1294 73.9111 3149
v -1294 73.9541 3147
v -1294 73.9704 3145
v -1292 73.8344 3271
v -1292 73.8435 3269
v -1292 73.9609 3267
v -1292 74.0637 3265
v -1292 74.0891 3263
v -1292 74.0424 3261
v -1292 73.93 3259
v -1292 73.8112 3257
v -1292 73.6861 3255
v -1292 73.5417 3253
v -1292 73.4771 3251
v -1292 73.517 3249
v -1292 73.6325 3247
v -1292 73.7562 3245
v -1292 73.7713 3243
v -1292 73.6845 3241
v -1292 73.627 3239
v -1292 73.6702 3237
v -1292 73.7811 3235
v -1292 73.9051 3233
v -1292 73.966 3231
v -1292 74.0639 3229
v -1292 74.2185 3227
v -1292 74.3538 3225
v -1292 74.4157 3223
v -1292 74.4776 3221
v -1292 74.6129 3219
v -1292 74.7175 3217
v -1292 74.7126 3215
v -1292 74.5832 3213
v -1292 74.4772 3211
v -1292 74.4411 3209
v -1292 74.4341 3207
v -1292 74.3435 3205
v -1292 74.1671 3203
v -1292 74.0209 3201
v -1292 73.9594 3199
v -1292 73.9676 3197
v -1292 73.9242 3195
v -1292 73.823 3193
v -1292 73.7257 3191
v -1292 73.6951 3189
v -1292 73.7766 3187
v -1292 73.8403 3185
v -1292 73.7737 3183
v -1292 73.6095 3181
v -1292 73.4873 3179
v -1292 73.4581 3177
v -1292 73.5511 3175
v -1292 73.7129 3173
v -1292 73.8218 3171
v -1292 73.9293 3169
v -1292 73.9983 3167
v -1292 73.9944 3165
v -1292 73.9389 3163
v -1292 73.9012 3161
v -1292 73.904 3159
v -1292 73.9256 3157
v -1292 73.9152 3155
v -1292 73.8258 3153
v -1292 73.738 3151
v -1292 73.7195 3149
v -1292 73.7682 3147
v -1292 73.8059 3145
v -1290 73.7991 3271
v -1290 74.0578 3269
v -1290 74.1924 3267
v -1290 74.2908 3265
v -1290 74.286 3263
v -1290 74.1901 3261
v -1290 74.0304 3259
v -1290 73.8846 3257
v -1290 73.7649 3255
v -1290 73.6273 3253
v -1290 73.5412 3251
v -1290 73.5302 3249
v -1290 73.5852 3247
v -1290 73.6543 3245
v -1290 73.6437 3243
v -1290 73.5563 3241
v -1290 73.4907 3239
v -1290 73.5031 3237
v -1290 73.5975 3235
v -1290 73.7368 3233
v -1290 73.8345 3231
v -1290 73.945 3229
v -1290 74.0925 3227
v -1290 74.2257 3225
v -1290 74.3112 3223
v -1290 74.4215 3221
v -1290 74.5972 3219
v -1290 74.7235 3217
v -1290 74.7295 3215
v -1290 74.601 3213
v -1290 74.4335 3211
v -1290 74.3051 3209
v -1290 74.2226 3207
v -1290 74.1217 3205
v -1290 73.9641 3203
v -1290 73.8421 3201
v -1290 73.8019 3199
v -1290 73.8215 3197
v -1290 73.8422 3195
v -1290 73.8424 3193
v -1290 73.825 3191
v -1290 73.8137 3189
v -1290 73.8261 3187
v -1290 73.7851 3185
v -1290 73.6559 3183
v -1290 73.4984 3181
v -1290 73.4264 3179
v -1290 73.4425 3177
v -1290 73.5622 3175
v -1290 73.7374 3173
v -1290 73.8578 3171
v -1290 73.904 3169
v -1290 73.8742 3167
v -1290 73.7941 3165
v -1290 73.7376 3163
v -1290 73.7344 3161
v -1290 73.7623 3159
v -1290 73.8014 3157
v -1290 73.81 3155
v -1290 73.7499 3153
v -1290 73.6685 3151
v -1290 73.6117 3149
v -1290 73.5969 3147
v -1290 73.6043 3145
v -1288 74.0384 3271
v -1288 74.2297 3269
v -1288 74.3275 3267
v -1288 74.3962 3265
v -1288 74.3621 3263
v -1288 74.2247 3261
v -1288 74.0276 3259
v -1288 73.8607 3257
v -1288 73.7752 3255
v -1288 73.7069 3253
v -1288 73.6486 3251
v -1288 73.5959 3249
v -1288 73.565 3247
v -1288 73.5727 3245
v -1288 73.5553 3243
v -1288 73.4954 3241
v -1288 73.4256 3239
v -1288 73.3901 3237
v -1288 73.4601 3235
v -1288 73.6269 3233
v -1288 73.7857 3231
v -1288 73.9069 3229
v -1288 74.0236 3227
v -1288 74.1348 3225
v -1288 74.2501 3223
v -1288 74.4233 3221
v -1288 74.6189 3219
v -1288 74.7287 3217
v -1288 74.7189 3215
v -1288 74.6071 3213
v -1288 74.4165 3211
v -1288 74.2353 3209
v -1288 74.1045 3207
v -1288 74.0016 3205
v -1288 73.8562 3203
v -1288 73.7454 3201
v -1288 73.7144 3199
v -1288 73.7429 3197
v -1288 73.8111 3195
v -1288 73.8681 3193
v -1288 73.8732 3191
v -1288 73.8383 3189
v -1288 73.7655 3187
v -1288 73.6277 3185
v -1288 73.4817 3183
v -1288 73.3942 3181
v -1288 73.4027 3179
v -1288 73.4403 3177
v -1288 73.5334 3175
v -1288 73.6769 3173
v -1288 73.8158 3171
v -1288 73.8421 3169
v -1288 73.7694 3167
v -1288 73.6696 3165
v -1288 73.6501 3163
v -1288 73.6909 3161
v -1288 73.7344 3159
v -1288 73.7762 3157
v -1288 73.802 3155
v -1288 73.7971 3153
v -1288 73.746 3151
v -1288 73.6467 3149
v -1288 73.539 3147
v -1288 73.4823 3145
v -1286 74.0532 3271
v -1286 74.2598 3269
v -1286 74.2901 3267
v -1286 74.3199 3265
v -1286 74.2882 3263
v -1286 74.1679 3261
v -1286 73.9915 3259
v -1286 73.8341 3257
v -1286 73.7837 3255
v -1286 73.7847 3253
v -1286 73.757 3251
v -1286 73.6686 3249
v -1286 73.5645 3247
v -1286 73.5421 3245
v -1286 73.5526 3243
v -1286 73.5445 3241
v -1286 73.4749 3239
v -1286 73.3887 3237
v -1286 73.4271 3235
v -1286 73.6114 3233
v -1286 73.8229 3231
v -1286 73.9436 3229
v -1286 74.014 3227
v -1286 74.0877 3225
v -1286 74.2215 3223
v -1286 74.4382 3221
v -1286 74.6139 3219
v -1286 74.6655 3217
v -1286 74.6138 3215
v -1286 74.5316 3213
v -1286 74.3896 3211
v -1286 74.2489 3209
v -1286 74.1426 3207
v -1286 74.0521 3205
v -1286 73.9035 3203
v -1286 73.7798 3201
v -1286 73.737 3199
v -1286 73.7659 3197
v -1286 73.8343 3195
v -1286 73.8607 3193
v -1286 73.8036 3191
v -1286 73.7046 3189
v -1286 73.5743 3187
v -1286 73.4062 3185
v -1286 73.312 3183
v -1286 73.3351 3181
v -1286 73.4175 3179
v -1286 73.4444 3177
v -1286 73.4725 3175
v -1286 73.5559 3173
v -1286 73.7117 3171
v -1286 73.7685 3169
v -1286 73.7289 3167
v -1286 73.6751 3165
v -1286 73.7135 3163
v -1286 73.7754 3161
v -1286 73.7942 3159
v -1286 73.799 3157
v -1286 73.8199 3155
v -1286 73.877 3153
v -1286 73.8844 3151
v -1286 73.7791 3149
v -1286 73.6057 3147
v -1286 73.4846 3145
v -1284 74.0383 3271
v -1284 74.1614 3269
v -1284 74.1505 3267
v -1284 74.1592 3265
v -1284 74.1642 3263
v -1284 74.1191 3261
v -1284 74.0191 3259
v -1284 73.9007 3257
v -1284 73.8558 3255
v -1284 73.8573 3253
v -1284 73.8093 3251
v -1284 73.683 3249
v -1284 73.5507 3247
v -1284 73.5423 3245
v -1284 73.599 3243
v -1284 73.6382 3241
v -1284 73.5696 3239
v -1284 73.448 3237
v -1284 73.4545 3235
v -1284 73.6298 3233
v -1284 73.8548 3231
v -1284 73.9625 3229
v -1284 73.9941 3227
v -1284 74.0332 3225
v -1284 74.1643 3223
v -1284 74.3849 3221
v -1284 74.5182 3219
v -1284 74.5082 3217
v -1284 74.4154 3215
v -1284 74.3599 3213
v -1284 74.3048 3211
v -1284 74.266 3209
v -1284 74.2362 3207
v -1284 74.1668 3205
v -1284 74.0068 3203
v -1284 73.8599 3201
v -1284 73.7959 3199
v -1284 73.8191 3197
v -1284 73.854 3195
v -1284 73.8029 3193
v -1284 73.6551 3191
v -1284 73.4957 3189
v -1284 73.359 3187
v -1284 73.2275 3185
v -1284 73.2123 3183
v -1284 73.3212 3181
v -1284 73.4377 3179
v -1284 73.4467 3177
v -1284 73.4289 3175
v -1284 73.4731 3173
v -1284 73.6381 3171
v -1284 73.7367 3169
v -1284 73.7533 3167
v -1284 73.7565 3165
v -1284 73.8343 3163
v -1284 73.881 3161
v -1284 73.8406 3159
v -1284 73.78 3157
v -1284 73.7726 3155
v -1284 73.8691 3153
v -1284 73.9385 3151
v -1284 73.8714 3149
v -1284 73.6946 3147
v -1284 73.5455 3145
v -1282 73.9432 3271
v -1282 74.0444 3269
v -1282 74.0423 3267
v -1282 74.0355 3265
v -1282 74.0428 3263
v -1282 74.0487 3261
v -1282 74.0281 3259
v -1282 73.9703 3257
v -1282 73.9124 3255
v -1282 73.8515 3253
v -1282 73.7382 3251
v -1282 73.5834 3249
v -1282 73.4803 3247
v -1282 73.5261 3245
v -1282 73.6436 3243
v -1282 73.7336 3241
v -1282 73.6901 3239
v -1282 73.5589 3237
v -1282 73.524 3235
v -1282 73.6456 3233
v -1282 73.841 3231
v -1282 73.9316 3229
v -1282 73.94 3227
v -1282 73.9568 3225
v -1282 74.0735 3223
v -1282 74.2636 3221
v -1282 74.333 3219
v -1282 74.2632 3217
v -1282 74.143 3215
v -1282 74.116 3213
v -1282 74.1404 3211
v -1282 74.1865 3209
v -1282 74.2124 3207
v -1282 74.1561 3205
v -1282 74.0242 3203
v -1282 73.9139 3201
v -1282 73.8742 3199
v -1282 73.8939 3197
v -1282 73.8873 3195
v -1282 73.776 3193
v -1282 73.5735 3191
v -1282 73.3845 3189
v -1282 73.2708 3187
v -1282 73.2041 3185
v -1282 73.2467 3183
v -1282 73.3731 3181
v -1282 73.4663 3179
v -1282 73.4693 3177
v -1282 73.4649 3175
v -1282 73.5262 3173
v -1282 73.6877 3171
v -1282 73.7796 3169
v -1282 73.8026 3167
v -1282 73.8235 3165
v -1282 73.9156 3163
v -1282 73.956 3161
v -1282 73.8872 3159
v -1282 73.7864 3157
v -1282 73.7471 3155
v -1282 73.8306 3153
v -1282 73.9075 3151
v -1282 73.8787 3149
v -1282 73.7536 3147
v -1282 73.6419 3145
v -1280 73.68 3271
v -1280 74.0078 3269
v -1280 74.022 3267
v -1280 73.9793 3265
v -1280 73.9193 3263
v -1280 73.9021 3261
v -1280 73.9226 3259
v -1280 73.93 3257
v -1280 73.8796 3255
v -1280 73.7801 3253
v -1280 73.6348 3251
v -1280 73.4911 3249
v -1280 73.4409 3247
v -1280 73.5208 3245
v -1280 73.6634 3243
v -1280 73.7858 3241
v -1280 73.7922 3239
v -1280 73.6808 3237
v -1280 73.6109 3235
v -1280 73.6646 3233
v -1280 73.82 3231
v -1280 73.8973 3229
v -1280 73.8911 3227
v -1280 73.8942 3225
v -1280 74.0004 3223
v -1280 74.159 3221
v -1280 74.1709 3219
v -1280 74.0595 3217
v -1280 73.9363 3215
v -1280 73.9472 3213
v -1280 74.019 3211
v -1280 74.0877 3209
v -1280 74.1072 3207
v -1280 74.0461 3205
v -1280 73.9669 3203
v -1280 73.9285 3201
v -1280 73.9352 3199
v -1280 73.9447 3197
v -1280 73.9082 3195
v -1280 73.7818 3193
v -1280 73.576 3191
v -1280 73.3809 3189
v -1280 73.2841 3187
v -1280 73.2698 3185
v -1280 73.338 3183
v -1280 73.4349 3181
v -1280 73.4684 3179
v -1280 73.4627 3177
v -1280 73.4948 3175
v -1280 73.5982 3173
v -1280 73.7473 3171
v -1280 73.8013 3169
v -1280 73.8063 3167
v -1280 73.8376 3165
v -1280 73.9501 3163
v -1280 74.0217 3161
v -1280 73.9797 3159
v -1280 73.8802 3157
v -1280 73.8189 3155
v -1280 73.8486 3153
v -1280 73.8675 3151
v -1280 73.8408 3149
v -1280 73.7787 3147
v -1280 73.7443 3145
v -1278 74.0073 3271
v -1278 74.0638 3269
v -1278 74.0882 3267
v -1278 74.0044 3265
v -1278 73.8516 3263
v -1278 73.77 3261
v -1278 73.7948 3259
v -1278 73.8523 3257
v -1278 73.8281 3255
v -1278 73.7344 3253
v -1278 73.607 3251
v -1278 73.509 3249
v -1278 73.504 3247
v -1278 73.5544 3245
v -1278 73.6395 3243
v -1278 73.7321 3241
v -1278 73.7815 3239
v -1278 73.7141 3237
v -1278 73.6406 3235
v -1278 73.6516 3233
v -1278 73.7748 3231
v -1278 73.8441 3229
v -1278 73.8334 3227
v -1278 73.833 3225
v -1278 73.9338 3223
v -1278 74.0794 3221
v -1278 74.0849 3219
v -1278 73.9903 3217
v -1278 73.9036 3215
v -1278 73.9466 3213
v -1278 74.0172 3211
v -1278 74.0445 3209
v -1278 74.0071 3207
v -1278 73.9274 3205
v -1278 73.8748 3203
v -1278 73.8685 3201
v -1278 73.8857 3199
v -1278 73.8713 3197
v -1278 73.8326 3195
v -1278 73.7459 3193
v -1278 73.5917 3191
v -1278 73.4184 3189
v -1278 73.3264 3187
v -1278 73.3319 3185
v -1278 73.3868 3183
v -1278 73.4262 3181
v -1278 73.3934 3179
v -1278 73.3763 3177
v -1278 73.4443 3175
v -1278 73.59 3173
v -1278 73.726 3171
v -1278 73.7459 3169
v -1278 73.7409 3167
v -1278 73.7913 3165
v -1278 73.9285 3163
v -1278 74.0422 3161
v -1278 74.0458 3159
v -1278 73.9651 3157
v -1278 73.8897 3155
v -1278 73.8543 3153
v -1278 73.7884 3151
v -1278 73.7374 3149
v -1278 73.725 3147
v -1278 73.7685 3145
v -1276 74.0716 3271
v -1276 74.1327 3269
v -1276 74.1542 3267
v -1276 74.0425 3265
v -1276 73.8337 3263
v -1276 73.7135 3261
v -1276 73.7413 3259
v -1276 73.8308 3257
v -1276 73.8347 3255
v -1276 73.771 3253
v -1276 73.6833 3251
v -1276 73.6319 3249
v -1276 73.6444 3247
v -1276 73.6215 3245
v -1276 73.6001 3243
v -1276 73.6187 3241
v -1276 73.6828 3239
v -1276 73.6576 3237
v -1276 73.6064 3235
v -1276 73.6122 3233
v -1276 73.7199 3231
v -1276 73.7819 3229
v -1276 73.7688 3227
v -1276 73.7669 3225
v -1276 73.8632 3223
v -1276 74.0149 3221
v -1276 74.0589 3219
v -1276 74.0231 3217
v -1276 73.9902 3215
v -1276 74.0514 3213
v -1276 74.1018 3211
v -1276 74.0798 3209
v -1276 73.9911 3207
v -1276 73.8957 3205
v -1276 73.8223 3203
v -1276 73.7775 3201
v -1276 73.7502 3199
v -1276 73.7044 3197
v -1276 73.6808 3195
v -1276 73.6477 3193
v -1276 73.554 3191
v -1276 73.4091 3189
v -1276 73.3153 3187
v -1276 73.3189 3185
v -1276 73.351 3183
v -1276 73.347 3181
v -1276 73.2737 3179
v -1276 73.2447 3177
v -1276 73.3272 3175
v -1276 73.4933 3173
v -1276 73.6234 3171
v -1276 73.6409 3169
v -1276 73.656 3167
v -1276 73.7408 3165
v -1276 73.9018 3163
v -1276 74.0352 3161
v -1276 74.0541 3159
v -1276 73.9725 3157
v -1276 73.8824 3155
v -1276 73.8075 3153
v -1276 73.6889 3151
v -1276 73.6204 3149
v -1276 73.6345 3147
v -1276 73.721 3145
v -1274 74.0344 3271
v -1274 74.0756 3269
v -1274 74.0835 3267
v -1274 73.9716 3265
v -1274 73.8008 3263
v -1274 73.7428 3261
v -1274 73.8279 3259
v -1274 73.9469 3257
v -1274 73.9636 3255
v -1274 73.9202 3253
v -1274 73.8488 3251
v -1274 73.803 3249
v -1274 73.7981 3247
v -1274 73.7116 3245
v -1274 73.6059 3243
v -1274 73.5518 3241
v -1274 73.588 3239
v -1274 73.5728 3237
v -1274 73.5437 3235
v -1274 73.562 3233
v -1274 73.6531 3231
v -1274 73.6952 3229
v -1274 73.6748 3227
v -1274 73.6689 3225
v -1274 73.7526 3223
v -1274 73.9004 3221
v -1274 73.9801 3219
v -1274 73.9981 3217
v -1274 74.0066 3215
v -1274 74.0787 3213
v -1274 74.1542 3211
v -1274 74.1618 3209
v -1274 74.0949 3207
v -1274 73.998 3205
v -1274 73.858 3203
v -1274 73.7206 3201
v -1274 73.6216 3199
v -1274 73.5605 3197
v -1274 73.5519 3195
v -1274 73.5301 3193
v -1274 73.4392 3191
v -1274 73.292 3189
v -1274 73.1982 3187
v -1274 73.2116 3185
v -1274 73.2656 3183
v -1274 73.2878 3181
v -1274 73.2314 3179
v -1274 73.2077 3177
v -1274 73.2805 3175
v -1274 73.4295 3173
v -1274 73.5563 3171
v -1274 73.5992 3169
v -1274 73.6455 3167
v -1274 73.7477 3165
v -1274 73.9017 3163
v -1274 74.0045 3161
v -1274 73.9939 3159
v -1274 73.9006 3157
v -1274 73.8154 3155
v -1274 73.7476 3153
v -1274 73.6304 3151
v -1274 73.5546 3149
v -1274 73.5574 3147
v -1274 73.639 3145
v -1272 73.9322 3271
v -1272 73.9464 3269
v -1272 73.945 3267
v -1272 73.8527 3265
v -1272 73.7542 3263
v -1272 73.7835 3261
v -1272 73.9273 3259
v -1272 74.0622 3257
v -1272 74.0916 3255
v -1272 74.0782 3253
v -1272 74.0209 3251
v -1272 73.9595 3249
v -1272 73.9217 3247
v -1272 73.8087 3245
v -1272 73.6673 3243
v -1272 73.5609 3241
v -1272 73.5388 3239
v -1272 73.5163 3237
v -1272 73.5068 3235
v -1272 73.5293 3233
v -1272 73.5707 3231
v -1272 73.5746 3229
v -1272 73.5577 3227
v -1272 73.5635 3225
v -1272 73.6259 3223
v -1272 73.7284 3221
v -1272 73.8101 3219
v -1272 73.8687 3217
v -1272 73.9184 3215
v -1272 74.0041 3213
v -1272 74.1331 3211
v -1272 74.204 3209
v -1272 74.1771 3207
v -1272 74.0698 3205
v -1272 73.8594 3203
v -1272 73.6562 3201
v -1272 73.5373 3199
v -1272 73.5045 3197
v -1272 73.527 3195
v -1272 73.5052 3193
v -1272 73.3849 3191
v -1272 73.2086 3189
v -1272 73.1016 3187
v -1272 73.1159 3185
v -1272 73.2121 3183
v -1272 73.3056 3181
v -1272 73.3127 3179
v -1272 73.3311 3177
v -1272 73.3968 3175
v -1272 73.5036 3173
v -1272 73.6105 3171
v -1272 73.6702 3169
v -1272 73.7176 3167
v -1272 73.7819 3165
v -1272 73.8705 3163
v -1272 73.9103 3161
v -1272 73.8919 3159
v -1272 73.8568 3157
v -1272 73.8428 3155
v -1272 73.7996 3153
v -1272 73.6725 3151
v -1272 73.5495 3149
v -1272 73.4958 3147
v -1272 73.5549 3145
v -1270 73.8652 3271
v -1270 73.8652 3269
v -1270 73.8688 3267
v -1270 73.805 3265
v -1270 73.7481 3263
v -1270 73.7975 3261
v -1270 73.9274 3259
v -1270 74.0379 3257
v -1270 74.081 3255
v -1270 74.1027 3253
v -1270 74.0618 3251
v -1270 73.9811 3249
v -1270 73.9207 3247
v -1270 73.8517 3245
v -1270 73.7646 3243
v -1270 73.6702 3241
v -1270 73.594 3239
v -1270 73.5588 3237
v -1270 73.566 3235
v -1270 73.5885 3233
v -1270 73.5706 3231
v -1270 73.5339 3229
v -1270 73.5287 3227
v -1270 73.5557 3225
v -1270 73.5971 3223
v -1270 73.6332 3221
v -1270 73.6817 3219
v -1270 73.7486 3217
v -1270 73.8211 3215
v -1270 73.9115 3213
v -1270 74.0659 3211
v -1270 74.1628 3209
v -1270 74.145 3207
v -1270 74.0219 3205
v -1270 73.7898 3203
v -1270 73.6037 3201
v -1270 73.5457 3199
v -1270 73.5764 3197
v -1270 73.6376 3195
v -1270 73.6183 3193
v -1270 73.4649 3191
v -1270 73.2543 3189
v -1270 73.1162 3187
v -1270 73.0923 3185
v -1270 73.1952 3183
v -1270 73.3451 3181
v -1270 73.4254 3179
v -1270 73.4966 3177
v -1270 73.5573 3175
v -1270 73.6156 3173
v -1270 73.6988 3171
v -1270 73.7844 3169
v -1270 73.8428 3167
v -1270 73.8702 3165
v -1270 73.8826 3163
v -1270 73.8486 3161
v -1270 73.8251 3159
v -1270 73.8648 3157
v -1270 73.9395 3155
v -1270 73.9348 3153
v -1270 73.8186 3151
v -1270 73.6649 3149
v -1270 73.5609 3147
v -1270 73.5862 3145
v -1268 73.8804 3271
v -1268 73.8844 3269
v -1268 73.9034 3267
v -1268 73.8628 3265
v -1268 73.7945 3263
v -1268 73.7821 3261
v -1268 73.828 3259
v -1268 73.8849 3257
v -1268 73.9418 3255
v -1268 73.9955 3253
v -1268 73.9738 3251
v -1268 73.8849 3249
v -1268 73.8235 3247
v -1268 73.8412 3245
v -1268 73.8621 3243
v -1268 73.8289 3241
v -1268 73.7256 3239
v -1268 73.6847 3237
v -1268 73.7085 3235
v -1268 73.7341 3233
v -1268 73.6734 3231
v -1268 73.6083 3229
v -1268 73.6146 3227
v -1268 73.6602 3225
v -1268 73.6875 3223
v -1268 73.6683 3221
v -1268 73.6746 3219
v -1268 73.7273 3217
v -1268 73.8035 3215
v -1268 73.8872 3213
v -1268 74.0189 3211
v -1268 74.0823 3209
v -1268 74.0318 3207
v -1268 73.895 3205
v -1268 73.6907 3203
v -1268 73.5809 3201
v -1268 73.6225 3199
v -1268 73.7188 3197
v -1268 73.8127 3195
v -1268 73.8043 3193
v -1268 73.6361 3191
v -1268 73.4048 3189
v -1268 73.2281 3187
v -1268 73.1342 3185
v -1268 73.194 3183
v -1268 73.3526 3181
v -1268 73.4808 3179
v -1268 73.5868 3177
v -1268 73.6404 3175
v -1268 73.6614 3173
v -1268 73.7289 3171
v -1268 73.8568 3169
v -1268 73.9594 3167
v -1268 73.9926 3165
v -1268 73.9625 3163
v -1268 73.8669 3161
v -1268 73.8226 3159
v -1268 73.8988 3157
v -1268 74.0286 3155
v -1268 74.0653 3153
v -1268 73.9927 3151
v -1268 73.8572 3149
v -1268 73.744 3147
v -1268 73.7374 3145
v -1266 73.9499 3271
v -1266 73.9687 3269
v -1266 74.0032 3267
v -1266 73.9733 3265
v -1266 73.8717 3263
v -1266 73.7815 3261
v -1266 73.7405 3259
v -1266 73.7494 3257
v -1266 73.8124 3255
v -1266 73.8828 3253
v -1266 73.8799 3251
v -1266 73.8035 3249
v -1266 73.7533 3247
v -1266 73.8158 3245
v -1266 73.8974 3243
v -1266 73.9135 3241
v -1266 73.8233 3239
v -1266 73.7981 3237
v -1266 73.8392 3235
v -1266 73.872 3233
v -1266 73.8019 3231
v -1266 73.7336 3229
v -1266 73.7512 3227
v -1266 73.8119 3225
v -1266 73.8443 3223
v -1266 73.8145 3221
v -1266 73.8087 3219
v -1266 73.8534 3217
v -1266 73.9287 3215
v -1266 74.0033 3213
v -1266 74.0791 3211
v -1266 74.0674 3209
v -1266 73.9585 3207
v -1266 73.8165 3205
v -1266 73.6517 3203
v -1266 73.5973 3201
v -1266 73.6847 3199
v -1266 73.7943 3197
v -1266 73.8889 3195
v -1266 73.8914 3193
v -1266 73.7413 3191
v -1266 73.5245 3189
v -1266 73.3331 3187
v -1266 73.1879 3185
v -1266 73.1838 3183
v -1266 73.2963 3181
v -1266 73.4135 3179
v -1266 73.5051 3177
v -1266 73.5449 3175
v -1266 73.5587 3173
v -1266 73.6333 3171
v -1266 73.8177 3169
v -1266 73.9964 3167
v -1266 74.0886 3165
v -1266 74.0722 3163
v -1266 73.9527 3161
v -1266 73.8725 3159
v -1266 73.916 3157
v -1266 74.0291 3155
v -1266 74.0816 3153
v -1266 74.0589 3151
v -1266 73.9822 3149
v -1266 73.909 3147
v -1266 73.89 3145
v -1264 73.946 3271
v -1264 73.9777 3269
v -1264 74.0316 3267
v -1264 74.0361 3265
v -1264 73.9728 3263
v -1264 73.8766 3261
v -1264 73.7767 3259
v -1264 73.7181 3257
v -1264 73.7513 3255
v -1264 73.8144 3253
v -1264 73.8273 3251
v -1264 73.7708 3249
v -1264 73.7088 3247
v -1264 73.7432 3245
v -1264 73.8306 3243
v -1264 73.8956 3241
v -1264 73.8656 3239
v -1264 73.8773 3237
v -1264 73.9161 3235
v -1264 73.9191 3233
v -1264 73.833 3231
v -1264 73.7791 3229
v -1264 73.8329 3227
v -1264 73.9438 3225
v -1264 74.02 3223
v -1264 74.0017 3221
v -1264 73.9804 3219
v -1264 74.0018 3217
v -1264 74.069 3215
v -1264 74.151 3213
v -1264 74.1795 3211
v -1264 74.0871 3209
v -1264 73.9079 3207
v -1264 73.7628 3205
v -1264 73.6626 3203
v -1264 73.6639 3201
v -1264 73.7543 3199
v -1264 73.812 3197
v -1264 73.8269 3195
v -1264 73.7956 3193
v -1264 73.6874 3191
v -1264 73.5448 3189
v -1264 73.4121 3187
v -1264 73.2976 3185
v -1264 73.2532 3183
v -1264 73.2781 3181
v -1264 73.3193 3179
v -1264 73.3429 3177
v -1264 73.3708 3175
v -1264 73.4275 3173
v -1264 73.5495 3171
v -1264 73.7977 3169
v -1264 74.0305 3167
v -1264 74.1454 3165
v -1264 74.1277 3163
v -1264 74.0302 3161
v -1264 73.9706 3159
v -1264 73.9999 3157
v -1264 74.0639 3155
v -1264 74.0624 3153
v -1264 74.0206 3151
v -1264 73.9723 3149
v -1264 73.9455 3147
v -1264 73.9312 3145
v -1262 73.9127 3271
v -1262 73.9299 3269
v -1262 73.9827 3267
v -1262 74.027 3265
v -1262 74.0552 3263
v -1262 74.0208 3261
v -1262 73.9064 3259
v -1262 73.7852 3257
v -1262 73.7738 3255
v -1262 73.8261 3253
v -1262 73.8609 3251
v -1262 73.8307 3249
v -1262 73.7424 3247
v -1262 73.7096 3245
v -1262 73.7711 3243
v -1262 73.8787 3241
v -1262 73.9259 3239
v -1262 73.977 3237
v -1262 73.9957 3235
v -1262 73.944 3233
v -1262 73.8337 3231
v -1262 73.775 3229
v -1262 73.8279 3227
v -1262 73.9579 3225
v -1262 74.0703 3223
v -1262 74.0728 3221
v -1262 74.038 3219
v -1262 74.0344 3217
v -1262 74.0945 3215
v -1262 74.2045 3213
v -1262 74.2466 3211
v -1262 74.1434 3209
v -1262 73.943 3207
v -1262 73.804 3205
v -1262 73.7654 3203
v -1262 73.8037 3201
v -1262 73.8632 3199
v -1262 73.8358 3197
v -1262 73.7336 3195
v -1262 73.6441 3193
v -1262 73.5836 3191
v -1262 73.5388 3189
v -1262 73.5029 3187
v -1262 73.4716 3185
v -1262 73.4159 3183
v -1262 73.3481 3181
v -1262 73.2897 3179
v -1262 73.2327 3177
v -1262 73.2619 3175
v -1262 73.3921 3173
v -1262 73.5767 3171
v -1262 73.8577 3169
v -1262 74.0815 3167
v -1262 74.1534 3165
v -1262 74.1063 3163
v -1262 74.057 3161
v -1262 74.0604 3159
v -1262 74.1043 3157
v -1262 74.1176 3155
v -1262 74.0305 3153
v -1262 73.9342 3151
v -1262 73.8945 3149
v -1262 73.912 3147
v -1262 73.9189 3145
v -1260 73.9222 3271
v -1260 73.8977 3269
v -1260 73.9235 3267
v -1260 73.9924 3265
v -1260 74.1115 3263
v -1260 74.1556 3261
v -1260 74.0559 3259
v -1260 73.8954 3257
v -1260 73.85 3255
v -1260 73.903 3253
v -1260 73.9671 3251
v -1260 73.9654 3249
v -1260 73.8535 3247
v -1260 73.7587 3245
v -1260 73.7913 3243
v -1260 73.9287 3241
v -1260 74.0383 3239
v -1260 74.1179 3237
v -1260 74.1141 3235
v -1260 74.0121 3233
v -1260 73.8803 3231
v -1260 73.7867 3229
v -1260 73.7796 3227
v -1260 73.8665 3225
v -1260 73.9793 3223
v -1260 74.0027 3221
v -1260 73.9657 3219
v -1260 73.9512 3217
v -1260 74.0115 3215
v -1260 74.1583 3213
v -1260 74.27 3211
v -1260 74.2325 3209
v -1260 74.0715 3207
v -1260 73.947 3205
v -1260 73.9434 3203
v -1260 73.9891 3201
v -1260 74.0025 3199
v -1260 73.8972 3197
v -1260 73.6975 3195
v -1260 73.5592 3193
v -1260 73.5372 3191
v -1260 73.572 3189
v -1260 73.6184 3187
v -1260 73.6645 3185
v -1260 73.6091 3183
v -1260 73.4698 3181
v -1260 73.3293 3179
v -1260 73.2135 3177
v -1260 73.2549 3175
v -1260 73.4539 3173
v -1260 73.6873 3171
v -1260 73.9622 3169
v -1260 74.1292 3167
v -1260 74.1224 3165
v -1260 74.0354 3163
v -1260 74.0303 3161
v -1260 74.0947 3159
v -1260 74.1598 3157
v -1260 74.1366 3155
v -1260 73.9824 3153
v -1260 73.8491 3151
v -1260 73.8256 3149
v -1260 73.8868 3147
v -1260 73.9229 3145
v -1258 74.0453 3271
v -1258 73.9821 3269
v -1258 73.9764 3267
v -1258 74.0432 3265
v -1258 74.1787 3263
v -1258 74.2299 3261
v -1258 74.1216 3259
v -1258 73.9456 3257
v -1258 73.8993 3255
v -1258 73.972 3253
v -1258 74.065 3251
v -1258 74.0847 3249
v -1258 73.9708 3247
v -1258 73.8705 3245
v -1258 73.9095 3243
v -1258 74.066 3241
v -1258 74.1959 3239
v -1258 74.2874 3237
v -1258 74.2821 3235
v -1258 74.1697 3233
v -1258 74.0321 3231
v -1258 73.8925 3229
v -1258 73.8012 3227
v -1258 73.8087 3225
v -1258 73.8868 3223
v -1258 73.9191 3221
v -1258 73.8926 3219
v -1258 73.888 3217
v -1258 73.9568 3215
v -1258 74.1231 3213
v -1258 74.2936 3211
v -1258 74.3264 3209
v -1258 74.2178 3207
v -1258 74.1069 3205
v -1258 74.106 3203
v -1258 74.142 3201
v -1258 74.1324 3199
v -1258 74.0033 3197
v -1258 73.7827 3195
v -1258 73.6384 3193
v -1258 73.6312 3191
v -1258 73.6859 3189
v -1258 73.7426 3187
v -1258 73.7886 3185
v -1258 73.7118 3183
v -1258 73.5381 3181
v -1258 73.3713 3179
v -1258 73.2428 3177
v -1258 73.2912 3175
v -1258 73.5086 3173
v -1258 73.7481 3171
v -1258 74.0038 3169
v -1258 74.1344 3167
v -1258 74.0897 3165
v -1258 73.9863 3163
v -1258 73.9836 3161
v -1258 74.0477 3159
v -1258 74.1036 3157
v -1258 74.0661 3155
v -1258 73.9142 3153
v -1258 73.8168 3151
v -1258 73.848 3149
v -1258 73.9552 3147
v -1258 74.0097 3145
v -1256 74.2058 3271
v -1256 74.1395 3269
v -1256 74.1337 3267
v -1256 74.1884 3265
v -1256 74.2555 3263
v -1256 74.233 3261
v -1256 74.1005 3259
v -1256 73.9582 3257
v -1256 73.9663 3255
v -1256 74.0807 3253
v -1256 74.1984 3251
v -1256 74.2363 3249
v -1256 74.1505 3247
v -1256 74.0671 3245
v -1256 74.1033 3243
v -1256 74.2466 3241
v -1256 74.3765 3239
v -1256 74.4828 3237
v -1256 74.4882 3235
v -1256 74.374 3233
v -1256 74.2244 3231
v -1256 74.06 3229
v -1256 73.9278 3227
v -1256 73.8868 3225
v -1256 73.9241 3223
v -1256 73.9397 3221
v -1256 73.9197 3219
v -1256 73.9345 3217
v -1256 74.0167 3215
v -1256 74.1708 3213
v -1256 74.3343 3211
v -1256 74.3944 3209
v -1256 74.3423 3207
v -1256 74.2762 3205
v -1256 74.2641 3203
v -1256 74.2653 3201
v -1256 74.236 3199
v -1256 74.1359 3197
v -1256 73.9697 3195
v -1256 73.8348 3193
v -1256 73.7763 3191
v -1256 73.7603 3189
v -1256 73.7591 3187
v -1256 73.7623 3185
v -1256 73.7003 3183
v -1256 73.5845 3181
v -1256 73.476 3179
v -1256 73.4045 3177
v -1256 73.4511 3175
v -1256 73.6054 3173
v -1256 73.7766 3171
v -1256 73.9835 3169
v -1256 74.1036 3167
v -1256 74.0823 3165
v -1256 73.9967 3163
v -1256 73.9474 3161
v -1256 73.9443 3159
v -1256 73.9663 3157
v -1256 73.9524 3155
v -1256 73.8816 3153
v -1256 73.8809 3151
v -1256 73.9782 3149
v -1256 74.1102 3147
v -1256 74.1591 3145
v -1254 74.2428 3271
v -1254 74.2046 3269
v -1254 74.2286 3267
v -1254 74.2744 3265
v -1254 74.257 3263
v -1254 74.1664 3261
v -1254 74.0487 3259
v -1254 73.9921 3257
v -1254 74.0739 3255
v -1254 74.2085 3253
v -1254 74.3118 3251
v -1254 74.3446 3249
v -1254 74.2996 3247
v -1254 74.2294 3245
v -1254 74.2409 3243
v -1254 74.3465 3241
v -1254 74.4725 3239
v -1254 74.596 3237
v -1254 74.6078 3235
v -1254 74.4802 3233
v -1254 74.3076 3231
v -1254 74.1495 3229
v -1254 74.0388 3227
v -1254 74.005 3225
v -1254 74.0185 3223
v -1254 73.9997 3221
v -1254 73.9737 3219
v -1254 74.0025 3217
v -1254 74.0952 3215
v -1254 74.2166 3213
v -1254 74.3209 3211
v -1254 74.3666 3209
v -1254 74.3636 3207
v -1254 74.3649 3205
v -1254 74.346 3203
v -1254 74.3061 3201
v -1254 74.2594 3199
v -1254 74.2146 3197
v -1254 74.1458 3195
v -1254 74.037 3193
v -1254 73.9036 3191
v -1254 73.7778 3189
v -1254 73.6888 3187
v -1254 73.635 3185
v -1254 73.614 3183
v -1254 73.609 3181
v -1254 73.6039 3179
v -1254 73.6241 3177
v -1254 73.6594 3175
v -1254 73.7016 3173
v -1254 73.76 3171
v -1254 73.8945 3169
v -1254 74.0083 3167
v -1254 74.0358 3165
v -1254 73.9834 3163
v -1254 73.8818 3161
v -1254 73.8164 3159
v -1254 73.8312 3157
v -1254 73.8809 3155
v -1254 73.9094 3153
v -1254 73.9749 3151
v -1254 74.075 3149
v -1254 74.1761 3147
v -1254 74.2098 3145
v -1252 74.1253 3271
v -1252 74.1261 3269
v -1252 74.1897 3267
v -1252 74.233 3265
v -1252 74.1623 3263
v -1252 74.0551 3261
v -1252 73.9982 3259
v -1252 74.047 3257
v -1252 74.184 3255
v -1252 74.2967 3253
v -1252 74.34 3251
v -1252 74.3382 3249
v -1252 74.3293 3247
v -1252 74.2705 3245
v -1252 74.2574 3243
v -1252 74.326 3241
v -1252 74.4469 3239
v -1252 74.5819 3237
v -1252 74.5931 3235
v -1252 74.4472 3233
v -1252 74.2511 3231
v -1252 74.1183 3229
v -1252 74.0641 3227
v -1252 74.0729 3225
v -1252 74.0812 3223
v -1252 74.0255 3221
v -1252 73.9847 3219
v -1252 74.0171 3217
v -1252 74.1133 3215
v -1252 74.1981 3213
v -1252 74.2259 3211
v -1252 74.2323 3209
v -1252 74.2562 3207
v -1252 74.3192 3205
v -1252 74.3045 3203
v -1252 74.2417 3201
v -1252 74.1929 3199
v -1252 74.2069 3197
v -1252 74.2449 3195
v -1252 74.1872 3193
v -1252 74.0099 3191
v -1252 73.7963 3189
v -1252 73.6228 3187
v -1252 73.5033 3185
v -1252 73.5066 3183
v -1252 73.5965 3181
v -1252 73.687 3179
v -1252 73.7873 3177
v -1252 73.8031 3175
v -1252 73.7317 3173
v -1252 73.6806 3171
v -1252 73.7458 3169
v -1252 73.8535 3167
v -1252 73.9264 3165
v -1252 73.9037 3163
v -1252 73.7728 3161
v -1252 73.6891 3159
v -1252 73.7382 3157
v -1252 73.8694 3155
v -1252 73.9685 3153
v -1252 74.032 3151
v -1252 74.0625 3149
v -1252 74.0876 3147
v -1252 74.1123 3145
v -1250 73.9543 3271
v -1250 73.972 3269
v -1250 74.0535 3267
v -1250 74.0991 3265
v -1250 74.0303 3263
v -1250 73.9596 3261
v -1250 73.9731 3259
v -1250 74.0925 3257
v -1250 74.244 3255
v -1250 74.313 3253
v -1250 74.2909 3251
v -1250 74.2487 3249
v -1250 74.2562 3247
v -1250 74.2115 3245
v -1250 74.1982 3243
v -1250 74.2577 3241
v -1250 74.376 3239
v -1250 74.5125 3237
v -1250 74.5193 3235
v -1250 74.3617 3233
v -1250 74.1535 3231
v -1250 74.0313 3229
v -1250 74.0016 3227
v -1250 74.0278 3225
v -1250 74.0305 3223
v -1250 73.9533 3221
v -1250 73.9005 3219
v -1250 73.9293 3217
v -1250 74.0234 3215
v -1250 74.0896 3213
v -1250 74.0805 3211
v -1250 74.0669 3209
v -1250 74.1021 3207
v -1250 74.1957 3205
v -1250 74.1947 3203
v -1250 74.1382 3201
v -1250 74.104 3199
v -1250 74.1535 3197
v -1250 74.2631 3195
v -1250 74.2689 3193
v -1250 74.1128 3191
v -1250 73.8837 3189
v -1250 73.6665 3187
v -1250 73.4909 3185
v -1250 73.4725 3183
v -1250 73.5819 3181
v -1250 73.7097 3179
v -1250 73.8382 3177
v -1250 73.8354 3175
v -1250 73.7033 3173
v -1250 73.5945 3171
v -1250 73.6187 3169
v -1250 73.7128 3167
v -1250 73.7958 3165
v -1250 73.7795 3163
v -1250 73.6496 3161
v -1250 73.5904 3159
v -1250 73.6896 3157
v -1250 73.8773 3155
v -1250 73.9946 3153
v -1250 74.0149 3151
v -1250 73.967 3149
v -1250 73.93 3147
v -1250 73.9642 3145
v -1248 73.8765 3271
v -1248 73.8994 3269
v -1248 73.9847 3267
v -1248 74.0345 3265
v -1248 74.0059 3263
v -1248 73.994 3261
v -1248 74.0492 3259
v -1248 74.1729 3257
v -1248 74.2867 3255
v -1248 74.2955 3253
v -1248 74.215 3251
v -1248 74.1333 3249
v -1248 74.1366 3247
v -1248 74.1345 3245
v -1248 74.1819 3243
v -1248 74.2856 3241
v -1248 74.3986 3239
v -1248 74.5083 3237
v -1248 74.5024 3235
v -1248 74.356 3233
v -1248 74.1701 3231
v -1248 74.0302 3229
v -1248 73.9382 3227
v -1248 73.8889 3225
v -1248 73.8459 3223
v -1248 73.7849 3221
v -1248 73.7708 3219
v -1248 73.8245 3217
v -1248 73.913 3215
v -1248 73.9562 3213
v -1248 73.9426 3211
v -1248 73.9316 3209
v -1248 73.9629 3207
v -1248 74.0374 3205
v -1248 74.0361 3203
v -1248 74.01 3201
v -1248 74.0222 3199
v -1248 74.1002 3197
v -1248 74.2296 3195
v -1248 74.2793 3193
v -1248 74.1887 3191
v -1248 74.0233 3189
v -1248 73.8465 3187
v -1248 73.6779 3185
v -1248 73.6223 3183
v -1248 73.6759 3181
v -1248 73.7606 3179
v -1248 73.822 3177
v -1248 73.7647 3175
v -1248 73.6101 3173
v -1248 73.5001 3171
v -1248 73.5049 3169
v -1248 73.5754 3167
v -1248 73.6485 3165
v -1248 73.6462 3163
v -1248 73.5817 3161
v -1248 73.5997 3159
v -1248 73.7425 3157
v -1248 73.9307 3155
v -1248 74.0055 3153
v -1248 73.9546 3151
v -1248 73.8518 3149
v -1248 73.7997 3147
v -1248 73.8647 3145
v -1246 73.8675 3271
v -1246 73.9096 3269
v -1246 74.0089 3267
v -1246 74.0637 3265
v -1246 74.0763 3263
v -1246 74.1133 3261
v -1246 74.1796 3259
v -1246 74.2667 3257
v -1246 74.3263 3255
v -1246 74.2961 3253
v -1246 74.1942 3251
v -1246 74.0945 3249
v -1246 74.0793 3247
v -1246 74.1148 3245
v -1246 74.2261 3243
v -1246 74.3757 3241
v -1246 74.4689 3239
v -1246 74.5227 3237
v -1246 74.4934 3235
v -1246 74.3766 3233
v -1246 74.2443 3231
v -1246 74.1073 3229
v -1246 73.9543 3227
v -1246 73.8152 3225
v -1246 73.7155 3223
v -1246 73.6898 3221
v -1246 73.742 3219
v -1246 73.8256 3217
v -1246 73.8853 3215
v -1246 73.8786 3213
v -1246 73.8592 3211
v -1246 73.8567 3209
v -1246 73.8779 3207
v -1246 73.902 3205
v -1246 73.8706 3203
v -1246 73.8718 3201
v -1246 73.9505 3199
v -1246 74.0707 3197
v -1246 74.1838 3195
v -1246 74.2281 3193
v -1246 74.1816 3191
v -1246 74.1019 3189
v -1246 74.0309 3187
v -1246 73.9374 3185
v -1246 73.869 3183
v -1246 73.8465 3181
v -1246 73.853 3179
v -1246 73.8103 3177
v -1246 73.6913 3175
v -1246 73.5391 3173
v -1246 73.4528 3171
v -1246 73.4323 3169
v -1246 73.4669 3167
v -1246 73.5331 3165
v -1246 73.5746 3163
v -1246 73.6155 3161
v -1246 73.7146 3159
v -1246 73.8583 3157
v -1246 73.9915 3155
v -1246 73.9988 3153
v -1246 73.8819 3151
v -1246 73.7614 3149
v -1246 73.739 3147
v -1246 73.841 3145
v -1244 73.8655 3271
v -1244 73.9247 3269
v -1244 74.0363 3267
v -1244 74.0951 3265
v -1244 74.1365 3263
v -1244 74.1971 3261
v -1244 74.2472 3259
v -1244 74.2811 3257
v -1244 74.3102 3255
v -1244 74.3114 3253
v -1244 74.2681 3251
v -1244 74.2013 3249
v -1244 74.1583 3247
v -1244 74.1805 3245
v -1244 74.2919 3243
v -1244 74.4383 3241
v -1244 74.4997 3239
v -1244 74.4942 3237
v -1244 74.4404 3235
v -1244 74.3555 3233
v -1244 74.2812 3231
v -1244 74.1849 3229
v -1244 74.0379 3227
v -1244 73.8736 3225
v -1244 73.7495 3223
v -1244 73.7472 3221
v -1244 73.8308 3219
v -1244 73.9027 3217
v -1244 73.9038 3215
v -1244 73.8458 3213
v -1244 73.8384 3211
v -1244 73.8679 3209
v -1244 73.8962 3207
v -1244 73.8691 3205
v -1244 73.7915 3203
v -1244 73.8002 3201
v -1244 73.9303 3199
v -1244 74.0883 3197
v -1244 74.161 3195
v -1244 74.1558 3193
v -1244 74.113 3191
v -1244 74.1029 3189
v -1244 74.1496 3187
v -1244 74.1484 3185
v -1244 74.0803 3183
v -1244 73.9866 3181
v -1244 73.9236 3179
v -1244 73.8211 3177
v -1244 73.7014 3175
v -1244 73.6017 3173
v -1244 73.5513 3171
v -1244 73.4972 3169
v -1244 73.4827 3167
v -1244 73.5319 3165
v -1244 73.6155 3163
v -1244 73.7311 3161
v -1244 73.8454 3159
v -1244 73.919 3157
v -1244 73.956 3155
v -1244 73.9146 3153
v -1244 73.7943 3151
v -1244 73.7305 3149
v -1244 73.788 3147
v -1244 73.9212 3145
v -1242 73.8043 3271
v -1242 73.8659 3269
v -1242 73.9791 3267
v -1242 74.0408 3265
v -1242 74.0978 3263
v -1242 74.1662 3261
v -1242 74.2004 3259
v -1242 74.201 3257
v -1242 74.2382 3255
v -1242 74.3218 3253
v -1242 74.3832 3251
v -1242 74.3807 3249
v -1242 74.3129 3247
v -1242 74.275 3245
v -1242 74.3199 3243
v -1242 74.4125 3241
v -1242 74.442 3239
v -1242 74.399 3237
v -1242 74.3288 3235
v -1242 74.2615 3233
v -1242 74.2213 3231
v -1242 74.185 3229
v -1242 74.1089 3227
v -1242 73.9957 3225
v -1242 73.8886 3223
v -1242 73.8806 3221
v -1242 73.9366 3219
v -1242 73.9509 3217
v -1242 73.8843 3215
v -1242 73.7975 3213
v -1242 73.8209 3211
v -1242 73.9009 3209
v -1242 73.9591 3207
v -1242 73.9084 3205
v -1242 73.7955 3203
v -1242 73.7953 3201
v -1242 73.9452 3199
v -1242 74.1249 3197
v -1242 74.1661 3195
v -1242 74.113 3193
v -1242 74.0544 3191
v -1242 74.0804 3189
v -1242 74.2004 3187
v -1242 74.25 3185
v -1242 74.1754 3183
v -1242 74.0352 3181
v -1242 73.9438 3179
v -1242 73.8596 3177
v -1242 73.8066 3175
v -1242 73.7877 3173
v -1242 73.7638 3171
v -1242 73.6732 3169
v -1242 73.6072 3167
v -1242 73.6257 3165
v -1242 73.723 3163
v -1242 73.8466 3161
v -1242 73.9063 3159
v -1242 73.8762 3157
v -1242 73.8244 3155
v -1242 73.7738 3153
v -1242 73.7066 3151
v -1242 73.7387 3149
v -1242 73.8853 3147
v -1242 74.037 3145
v -1240 73.639 3271
v -1240 73.6873 3269
v -1240 73.7865 3267
v -1240 73.8452 3265
v -1240 73.9062 3263
v -1240 73.9833 3261
v -1240 74.0326 3259
v -1240 74.0495 3257
v -1240 74.1308 3255
v -1240 74.306 3253
v -1240 74.4617 3251
v -1240 74.5155 3249
v -1240 74.4322 3247
v -1240 74.318 3245
v -1240 74.2715 3243
v -1240 74.2984 3241
v -1240 74.3165 3239
v -1240 74.2757 3237
v -1240 74.1979 3235
v -1240 74.1122 3233
v -1240 74.0552 3231
v -1240 74.0549 3229
v -1240 74.0679 3227
v -1240 74.055 3225
v -1240 74.0042 3223
v -1240 73.9741 3221
v -1240 73.9685 3219
v -1240 73.9138 3217
v -1240 73.8038 3215
v -1240 73.7213 3213
v -1240 73.7653 3211
v -1240 73.8666 3209
v -1240 73.9397 3207
v -1240 73.8968 3205
v -1240 73.7915 3203
v -1240 73.8004 3201
v -1240 73.9607 3199
v -1240 74.151 3197
v -1240 74.19 3195
v -1240 74.1217 3193
v -1240 74.0473 3191
v -1240 74.0709 3189
v -1240 74.2001 3187
v -1240 74.2545 3185
v -1240 74.1848 3183
v -1240 74.0509 3181
v -1240 73.9764 3179
v -1240 73.9446 3177
v -1240 73.9497 3175
v -1240 73.9654 3173
v -1240 73.9333 3171
v -1240 73.8229 3169
v -1240 73.73 3167
v -1240 73.7146 3165
v -1240 73.7782 3163
v -1240 73.8431 3161
v -1240 73.8265 3159
v -1240 73.732 3157
v -1240 73.6493 3155
v -1240 73.6289 3153
v -1240 73.6447 3151
v -1240 73.7611 3149
v -1240 73.9517 3147
v -1240 74.0963 3145
v -1238 73.4967 3271
v -1238 73.5427 3269
v -1238 73.6267 3267
v -1238 73.6712 3265
v -1238 73.7142 3263
v -1238 73.7863 3261
v -1238 73.858 3259
v -1238 73.9127 3257
v -1238 74.051 3255
v -1238 74.3106 3253
v -1238 74.5366 3251
v -1238 74.6228 3249
v -1238 74.5201 3247
v -1238 74.3379 3245
v -1238 74.2256 3243
v -1238 74.2223 3241
v -1238 74.2579 3239
v -1238 74.2499 3237
v -1238 74.1675 3235
v -1238 74.0308 3233
v -1238 73.9143 3231
v -1238 73.896 3229
v -1238 73.9562 3227
v -1238 74.0401 3225
v -1238 74.07 3223
v -1238 74.0426 3221
v -1238 74.002 3219
v -1238 73.9063 3217
v -1238 73.7808 3215
v -1238 73.7177 3213
v -1238 73.7522 3211
v -1238 73.8162 3209
v -1238 73.8504 3207
v -1238 73.8078 3205
v -1238 73.7345 3203
v -1238 73.7833 3201
v -1238 73.9765 3199
v -1238 74.1822 3197
v -1238 74.22 3195
v -1238 74.1337 3193
v -1238 74.0294 3191
v -1238 74.0298 3189
v -1238 74.1631 3187
v -1238 74.2546 3185
v -1238 74.2488 3183
v -1238 74.1754 3181
v -1238 74.1248 3179
v -1238 74.1014 3177
v -1238 74.0861 3175
v -1238 74.0577 3173
v -1238 73.9904 3171
v -1238 73.8927 3169
v -1238 73.813 3167
v -1238 73.7748 3165
v -1238 73.7709 3163
v -1238 73.7544 3161
v -1238 73.6879 3159
v -1238 73.5857 3157
v -1238 73.5102 3155
v -1238 73.5316 3153
v -1238 73.6497 3151
v -1238 73.841 3149
v -1238 74.0314 3147
v -1238 74.1266 3145
v -1236 73.4899 3271
v -1236 73.5536 3269
v -1236 73.6369 3267
v -1236 73.6688 3265
v -1236 73.6862 3263
v -1236 73.7469 3261
v -1236 73.8404 3259
v -1236 73.9367 3257
v -1236 74.1054 3255
v -1236 74.3688 3253
v -1236 74.5711 3251
v -1236 74.6267 3249
v -1236 74.5099 3247
v -1236 74.3139 3245
v -1236 74.2093 3243
v -1236 74.2366 3241
v -1236 74.309 3239
v -1236 74.3501 3237
v -1236 74.276 3235
v -1236 74.0895 3233
v -1236 73.9048 3231
v -1236 73.8062 3229
v -1236 73.8136 3227
v -1236 73.9058 3225
v -1236 73.9793 3223
v -1236 73.9725 3221
v -1236 73.9333 3219
v -1236 73.8363 3217
v -1236 73.7235 3215
v -1236 73.6893 3213
v -1236 73.7213 3211
v -1236 73.7512 3209
v -1236 73.7459 3207
v -1236 73.7025 3205
v -1236 73.6535 3203
v -1236 73.7295 3201
v -1236 73.9434 3199
v -1236 74.1593 3197
v -1236 74.2202 3195
v -1236 74.161 3193
v -1236 74.0693 3191
v -1236 74.0645 3189
v -1236 74.191 3187
v -1236 74.302 3185
v -1236 74.3463 3183
v -1236 74.3286 3181
v -1236 74.3014 3179
v -1236 74.2721 3177
v -1236 74.2123 3175
v -1236 74.1167 3173
v -1236 74.0078 3171
v -1236 73.9363 3169
v -1236 73.8872 3167
v -1236 73.8347 3165
v -1236 73.7568 3163
v -1236 73.679 3161
v -1236 73.6194 3159
v -1236 73.5735 3157
v -1236 73.54 3155
v -1236 73.582 3153
v -1236 73.7432 3151
v -1236 73.9343 3149
v -1236 74.0641 3147
v -1236 74.091 3145
v -1234 73.6006 3271
v -1234 73.6927 3269
v -1234 73.7896 3267
v -1234 73.8185 3265
v -1234 73.8189 3263
v -1234 73.8723 3261
v -1234 73.982 3259
v -1234 74.1088 3257
v -1234 74.2714 3255
v -1234 74.4632 3253
v -1234 74.5652 3251
v -1234 74.5445 3249
v -1234 74.4218 3247
v -1234 74.2588 3245
v -1234 74.2146 3243
v -1234 74.3053 3241
v -1234 74.412 3239
v -1234 74.4963 3237
v -1234 74.441 3235
v -1234 74.2305 3233
v -1234 73.9997 3231
v -1234 73.7998 3229
v -1234 73.6877 3227
v -1234 73.7051 3225
v -1234 73.7677 3223
v -1234 73.7802 3221
v -1234 73.7574 3219
v -1234 73.6773 3217
v -1234 73.5853 3215
v -1234 73.5795 3213
v -1234 73.639 3211
v -1234 73.682 3209
v -1234 73.678 3207
v -1234 73.6396 3205
v -1234 73.5896 3203
v -1234 73.6568 3201
v -1234 73.861 3199
v -1234 74.0776 3197
v -1234 74.1859 3195
v -1234 74.2022 3193
v -1234 74.1758 3191
v -1234 74.1985 3189
v -1234 74.3087 3187
v -1234 74.3943 3185
v -1234 74.4293 3183
v -1234 74.4226 3181
v -1234 74.4154 3179
v -1234 74.4015 3177
v -1234 74.3339 3175
v -1234 74.208 3173
v -1234 74.0716 3171
v -1234 74.0164 3169
v -1234 73.986 3167
v -1234 73.92 3165
v -1234 73.7865 3163
v -1234 73.6834 3161
v -1234 73.6661 3159
v -1234 73.6983 3157
v -1234 73.7136 3155
v -1234 73.7466 3153
v -1234 73.8761 3151
v -1234 73.9968 3149
v -1234 74.0365 3147
v -1234 74.0069 3145
v -1232 73.723 3271
v -1232 73.8273 3269
v -1232 73.9357 3267
v -1232 73.9749 3265
v -1232 73.9807 3263
v -1232 74.0329 3261
v -1232 74.138 3259
v -1232 74.2623 3257
v -1232 74.4019 3255
v -1232 74.5297 3253
v -1232 74.5596 3251
v -1232 74.4915 3249
v -1232 74.3704 3247
v -1232 74.2388 3245
v -1232 74.2305 3243
v -1232 74.3417 3241
v -1232 74.443 3239
v -1232 74.5286 3237
v -1232 74.4833 3235
v -1232 74.2822 3233
v -1232 74.0498 3231
v -1232 73.8058 3229
v -1232 73.6178 3227
v -1232 73.5603 3225
v -1232 73.5806 3223
v -1232 73.5827 3221
v -1232 73.5511 3219
v -1232 73.4658 3217
v -1232 73.3725 3215
v -1232 73.3795 3213
v -1232 73.4977 3211
v -1232 73.6215 3209
v -1232 73.6872 3207
v -1232 73.6722 3205
v -1232 73.5977 3203
v -1232 73.6157 3201
v -1232 73.7733 3199
v -1232 73.9786 3197
v -1232 74.1371 3195
v -1232 74.2408 3193
v -1232 74.3023 3191
v -1232 74.3776 3189
v -1232 74.4731 3187
v -1232 74.4946 3185
v -1232 74.4579 3183
v -1232 74.41 3181
v -1232 74.4208 3179
v -1232 74.4653 3177
v -1232 74.4611 3175
v -1232 74.3745 3173
v -1232 74.2365 3171
v -1232 74.1728 3169
v -1232 74.1339 3167
v -1232 74.0561 3165
v -1232 73.9071 3163
v -1232 73.8027 3161
v -1232 73.801 3159
v -1232 73.8521 3157
v -1232 73.8745 3155
v -1232 73.8765 3153
v -1232 73.9355 3151
v -1232 73.9786 3149
v -1232 73.9658 3147
v -1232 73.9253 3145
v -1230 73.8725 3271
v -1230 73.9624 3269
v -1230 74.0667 3267
v -1230 74.1323 3265
v -1230 74.1645 3263
v -1230 74.1972 3261
v -1230 74.2399 3259
v -1230 74.3027 3257
v -1230 74.4151 3255
v -1230 74.5324 3253
v -1230 74.5754 3251
v -1230 74.5289 3249
v -1230 74.4287 3247
v -1230 74.3427 3245
v -1230 74.3464 3243
v -1230 74.4148 3241
v -1230 74.4415 3239
v -1230 74.4591 3237
v -1230 74.3913 3235
v -1230 74.2125 3233
v -1230 74.0019 3231
v -1230 73.7684 3229
v -1230 73.568 3227
v -1230 73.4616 3225
v -1230 73.4166 3223
v -1230 73.3758 3221
v -1230 73.332 3219
v -1230 73.2577 3217
v -1230 73.1739 3215
v -1230 73.1674 3213
v -1230 73.3111 3211
v -1230 73.52 3209
v -1230 73.7002 3207
v -1230 73.7563 3205
v -1230 73.6798 3203
v -1230 73.636 3201
v -1230 73.7121 3199
v -1230 73.8876 3197
v -1230 74.0855 3195
v -1230 74.2623 3193
v -1230 74.4065 3191
v -1230 74.5419 3189
v -1230 74.6379 3187
v -1230 74.6143 3185
v -1230 74.5276 3183
v -1230 74.4601 3181
v -1230 74.4989 3179
v -1230 74.5737 3177
v -1230 74.5777 3175
v -1230 74.4771 3173
v -1230 74.3232 3171
v -1230 74.2635 3169
v -1230 74.2495 3167
v -1230 74.2049 3165
v -1230 74.0727 3163
v -1230 73.975 3161
v -1230 73.9689 3159
v -1230 73.9971 3157
v -1230 73.9892 3155
v -1230 73.9291 3153
v -1230 73.8857 3151
v -1230 73.8569 3149
v -1230 73.8348 3147
v -1230 73.8306 3145
v -1228 73.9171 3271
v -1228 73.9826 3269
v -1228 74.0764 3267
v -1228 74.1751 3265
v -1228 74.261 3263
v -1228 74.3006 3261
v -1228 74.2901 3259
v -1228 74.2832 3257
v -1228 74.3661 3255
v -1228 74.4947 3253
v -1228 74.5859 3251
v -1228 74.5896 3249
v -1228 74.5181 3247
v -1228 74.4828 3245
v -1228 74.4867 3243
v -1228 74.4837 3241
v -1228 74.407 3239
v -1228 74.3382 3237
v -1228 74.2499 3235
v -1228 74.1119 3233
v -1228 73.9361 3231
v -1228 73.7499 3229
v -1228 73.593 3227
v -1228 73.4788 3225
v -1228 73.3756 3223
v -1228 73.2824 3221
v -1228 73.235 3219
v -1228 73.1901 3217
v -1228 73.1286 3215
v -1228 73.0838 3213
v -1228 73.1726 3211
v -1228 73.3836 3209
v -1228 73.6328 3207
v -1228 73.7722 3205
v -1228 73.7439 3203
v -1228 73.6919 3201
v -1228 73.7219 3199
v -1228 73.8758 3197
v -1228 74.074 3195
v -1228 74.2542 3193
v -1228 74.4152 3191
v -1228 74.5793 3189
v -1228 74.696 3187
v -1228 74.6804 3185
v -1228 74.6057 3183
v -1228 74.5636 3181
v -1228 74.635 3179
v -1228 74.7103 3177
v -1228 74.6743 3175
v -1228 74.5163 3173
v -1228 74.3336 3171
v -1228 74.2671 3169
v -1228 74.2671 3167
v -1228 74.2514 3165
v -1228 74.1401 3163
v -1228 74.0566 3161
v -1228 74.0485 3159
v -1228 74.0484 3157
v -1228 74.0005 3155
v -1228 73.8854 3153
v -1228 73.7824 3151
v -1228 73.7467 3149
v -1228 73.7728 3147
v -1228 73.8282 3145
v -1226 73.8305 3271
v -1226 73.8784 3269
v -1226 73.9655 3267
v -1226 74.0922 3265
v -1226 74.2463 3263
v -1226 74.3364 3261
v -1226 74.3257 3259
v -1226 74.2822 3257
v -1226 74.3353 3255
v -1226 74.4613 3253
v -1226 74.5798 3251
v -1226 74.6167 3249
v -1226 74.5673 3247
v -1226 74.5727 3245
v -1226 74.5751 3243
v -1226 74.5114 3241
v -1226 74.3502 3239
v -1226 74.2252 3237
v -1226 74.1435 3235
v -1226 74.0601 3233
v -1226 73.9211 3231
v -1226 73.7902 3229
v -1226 73.6994 3227
v -1226 73.6087 3225
v -1226 73.4729 3223
v -1226 73.3396 3221
v -1226 73.2956 3219
v -1226 73.282 3217
v -1226 73.2437 3215
v -1226 73.1531 3213
v -1226 73.1301 3211
v -1226 73.2582 3209
v -1226 73.4994 3207
v -1226 73.6983 3205
v -1226 73.7506 3203
v -1226 73.7531 3201
v -1226 73.7984 3199
v -1226 73.9516 3197
v -1226 74.114 3195
v -1226 74.2299 3193
v -1226 74.3377 3191
v -1226 74.4899 3189
v -1226 74.6357 3187
v -1226 74.6641 3185
v -1226 74.6422 3183
v -1226 74.6486 3181
v -1226 74.7479 3179
v -1226 74.8206 3177
v -1226 74.7483 3175
v -1226 74.5404 3173
v -1226 74.3312 3171
v -1226 74.2329 3169
v -1226 74.2048 3167
v -1226 74.1784 3165
v -1226 74.073 3163
v -1226 74.0083 3161
v -1226 74.0105 3159
v -1226 73.998 3157
v -1226 73.9225 3155
v -1226 73.7838 3153
v -1226 73.6922 3151
v -1226 73.7195 3149
v -1226 73.8304 3147
v -1226 73.9391 3145
v -1224 73.7366 3271
v -1224 73.7874 3269
v -1224 73.8791 3267
v -1224 74.017 3265
v -1224 74.2199 3263
v -1224 74.378 3261
v -1224 74.4189 3259
v -1224 74.3893 3257
v -1224 74.4135 3255
v -1224 74.4902 3253
v -1224 74.5638 3251
v -1224 74.5767 3249
v -1224 74.5324 3247
v -1224 74.5597 3245
v -1224 74.5737 3243
v -1224 74.5003 3241
v -1224 74.3171 3239
v -1224 74.2003 3237
v -1224 74.1585 3235
v -1224 74.1244 3233
v -1224 74.0076 3231
v -1224 73.8928 3229
v -1224 73.8227 3227
v -1224 73.7422 3225
v -1224 73.601 3223
v -1224 73.4597 3221
v -1224 73.4204 3219
v -1224 73.4191 3217
v -1224 73.3903 3215
v -1224 73.2777 3213
v -1224 73.1745 3211
v -1224 73.2153 3209
v -1224 73.4051 3207
v -1224 73.6149 3205
v -1224 73.7237 3203
v -1224 73.7902 3201
v -1224 73.8804 3199
v -1224 74.0454 3197
v -1224 74.1735 3195
v -1224 74.2276 3193
v -1224 74.2768 3191
v -1224 74.4014 3189
v -1224 74.5546 3187
v -1224 74.6 3185
v -1224 74.5987 3183
v -1224 74.6217 3181
v -1224 74.7335 3179
v -1224 74.8353 3177
v -1224 74.7943 3175
v -1224 74.6068 3173
v -1224 74.3948 3171
v -1224 74.2493 3169
v -1224 74.154 3167
v -1224 74.0718 3165
v -1224 73.9498 3163
v -1224 73.9036 3161
v -1224 73.9323 3159
v -1224 73.9389 3157
v -1224 73.8658 3155
v -1224 73.7348 3153
v -1224 73.6886 3151
v -1224 73.7805 3149
v -1224 73.9442 3147
v -1224 74.0655 3145
v -1222 73.7711 3271
v -1222 73.8207 3269
v -1222 73.908 3267
v -1222 74.0481 3265
v -1222 74.2692 3263
v -1222 74.4495 3261
v -1222 74.5047 3259
v -1222 74.4755 3257
v -1222 74.4667 3255
v -1222 74.4888 3253
v -1222 74.5311 3251
v -1222 74.5525 3249
v -1222 74.5436 3247
v -1222 74.5982 3245
v -1222 74.6132 3243
v -1222 74.5218 3241
v -1222 74.3336 3239
v -1222 74.2445 3237
v -1222 74.2425 3235
v -1222 74.24 3233
v -1222 74.1301 3231
v -1222 73.9743 3229
v -1222 73.8572 3227
v -1222 73.7652 3225
v -1222 73.6568 3223
v -1222 73.561 3221
v -1222 73.5499 3219
v -1222 73.5641 3217
v -1222 73.5526 3215
v -1222 73.457 3213
v -1222 73.3013 3211
v -1222 73.2441 3209
v -1222 73.3428 3207
v -1222 73.5384 3205
v -1222 73.704 3203
v -1222 73.8301 3201
v -1222 73.9413 3199
v -1222 74.0764 3197
v -1222 74.182 3195
v -1222 74.2349 3193
v -1222 74.2803 3191
v -1222 74.3764 3189
v -1222 74.4921 3187
v -1222 74.5287 3185
v -1222 74.5292 3183
v -1222 74.5404 3181
v -1222 74.6112 3179
v -1222 74.7013 3177
v -1222 74.7119 3175
v -1222 74.6156 3173
v -1222 74.4587 3171
v -1222 74.2887 3169
v -1222 74.1142 3167
v -1222 73.945 3165
v -1222 73.7956 3163
v -1222 73.7901 3161
v -1222 73.8804 3159
v -1222 73.9422 3157
v -1222 73.8955 3155
v -1222 73.7758 3153
v -1222 73.7454 3151
v -1222 73.833 3149
v -1222 73.9688 3147
v -1222 74.046 3145
v -1220 73.9006 3271
v -1220 73.9412 3269
v -1220 74.0151 3267
v -1220 74.1566 3265
v -1220 74.3769 3263
v -1220 74.5365 3261
v -1220 74.5588 3259
v -1220 74.5025 3257
v -1220 74.4599 3255
v -1220 74.4465 3253
v -1220 74.4991 3251
v -1220 74.5769 3249
v -1220 74.6284 3247
v -1220 74.7082 3245
v -1220 74.6971 3243
v -1220 74.5542 3241
v -1220 74.3503 3239
v -1220 74.2667 3237
v -1220 74.2686 3235
v -1220 74.2639 3233
v -1220 74.1467 3231
v -1220 73.9349 3229
v -1220 73.7627 3227
v -1220 73.6757 3225
v -1220 73.6357 3223
v -1220 73.6084 3221
v -1220 73.6205 3219
v -1220 73.6332 3217
v -1220 73.6331 3215
v -1220 73.5858 3213
v -1220 73.4351 3211
v -1220 73.3313 3209
v -1220 73.3673 3207
v -1220 73.5533 3205
v -1220 73.7723 3203
v -1220 73.9353 3201
v -1220 74.0258 3199
v -1220 74.0903 3197
v -1220 74.1804 3195
v -1220 74.2742 3193
v -1220 74.3559 3191
v -1220 74.4259 3189
v -1220 74.4848 3187
v -1220 74.5237 3185
v -1220 74.5463 3183
v -1220 74.5504 3181
v -1220 74.5391 3179
v -1220 74.5445 3177
v -1220 74.5593 3175
v -1220 74.5541 3173
v -1220 74.4848 3171
v -1220 74.3422 3169
v -1220 74.1371 3167
v -1220 73.9118 3165
v -1220 73.748 3163
v -1220 73.7723 3161
v -1220 73.8925 3159
v -1220 73.9741 3157
v -1220 73.9347 3155
v -1220 73.8246 3153
v -1220 73.7933 3151
v -1220 73.8425 3149
v -1220 73.9116 3147
v -1220 73.9167 3145
v -1218 74.049 3271
v -1218 74.0842 3269
v -1218 74.1479 3267
v -1218 74.2914 3265
v -1218 74.5054 3263
v -1218 74.635 3261
v -1218 74.6155 3259
v -1218 74.5271 3257
v -1218 74.4537 3255
v -1218 74.4129 3253
v -1218 74.4825 3251
v -1218 74.6172 3249
v -1218 74.7216 3247
v -1218 74.8107 3245
v -1218 74.7575 3243
v -1218 74.5527 3241
v -1218 74.3279 3239
v -1218 74.2259 3237
v -1218 74.1969 3235
v -1218 74.1601 3233
v -1218 74.0266 3231
v -1218 73.7777 3229
v -1218 73.5829 3227
v -1218 73.5298 3225
v -1218 73.571 3223
v -1218 73.5994 3221
v -1218 73.6045 3219
v -1218 73.5829 3217
v -1218 73.573 3215
v -1218 73.5878 3213
v -1218 73.5157 3211
v -1218 73.4615 3209
v -1218 73.5098 3207
v -1218 73.6998 3205
v -1218 73.9473 3203
v -1218 74.1116 3201
v -1218 74.1525 3199
v -1218 74.1393 3197
v -1218 74.2198 3195
v -1218 74.3627 3193
v -1218 74.4892 3191
v -1218 74.5393 3189
v -1218 74.5499 3187
v -1218 74.6073 3185
v -1218 74.6693 3183
v -1218 74.6786 3181
v -1218 74.5822 3179
v -1218 74.4716 3177
v -1218 74.444 3175
v -1218 74.4893 3173
v -1218 74.4995 3171
v -1218 74.4243 3169
v -1218 74.2532 3167
v -1218 74.0303 3165
v -1218 73.8722 3163
v -1218 73.8885 3161
v -1218 73.9682 3159
v -1218 73.9995 3157
v -1218 73.93 3155
v -1218 73.8294 3153
v -1218 73.8043 3151
v -1218 73.8254 3149
v -1218 73.8365 3147
v -1218 73.7739 3145
v -1216 74.1148 3271
v -1216 74.1575 3269
v -1216 74.2248 3267
v -1216 74.3723 3265
v -1216 74.5949 3263
v -1216 74.7313 3261
v -1216 74.7116 3259
v -1216 74.6149 3257
v -1216 74.5131 3255
v -1216 74.4308 3253
v -1216 74.476 3251
v -1216 74.6132 3249
v -1216 74.732 3247
v -1216 74.8138 3245
v -1216 74.7295 3243
v -1216 74.4872 3241
v -1216 74.2473 3239
v -1216 74.1248 3237
v -1216 74.0661 3235
v -1216 74.0024 3233
v -1216 73.8588 3231
v -1216 73.6124 3229
v -1216 73.4416 3227
v -1216 73.4388 3225
v -1216 73.5378 3223
v -1216 73.5847 3221
v -1216 73.5573 3219
v -1216 73.4864 3217
v -1216 73.4521 3215
v -1216 73.5113 3213
v -1216 73.5373 3211
v -1216 73.5834 3209
v -1216 73.6971 3207
v -1216 73.9018 3205
v -1216 74.1537 3203
v -1216 74.3047 3201
v -1216 74.3103 3199
v -1216 74.2561 3197
v -1216 74.3251 3195
v -1216 74.4783 3193
v -1216 74.6128 3191
v -1216 74.6463 3189
v -1216 74.6389 3187
v -1216 74.7195 3185
v -1216 74.8165 3183
v -1216 74.8389 3181
v -1216 74.7001 3179
v -1216 74.5194 3177
v -1216 74.4507 3175
v -1216 74.5016 3173
v -1216 74.5459 3171
v -1216 74.5246 3169
v -1216 74.405 3167
v -1216 74.2152 3165
v -1216 74.0707 3163
v -1216 74.0488 3161
v -1216 74.0436 3159
v -1216 73.9843 3157
v -1216 73.8626 3155
v -1216 73.7719 3153
v -1216 73.7774 3151
v -1216 73.8183 3149
v -1216 73.8231 3147
v -1216 73.7281 3145
v -1214 74.0358 3271
v -1214 74.1118 3269
v -1214 74.2225 3267
v -1214 74.39 3265
v -1214 74.6196 3263
v -1214 74.7699 3261
v -1214 74.7665 3259
v -1214 74.6788 3257
v -1214 74.5778 3255
v -1214 74.4898 3253
v -1214 74.5156 3251
v -1214 74.6251 3249
v -1214 74.7072 3247
v -1214 74.7229 3245
v -1214 74.5864 3243
v -1214 74.3297 3241
v -1214 74.1107 3239
v -1214 74.0209 3237
v -1214 73.9845 3235
v -1214 73.927 3233
v -1214 73.786 3231
v -1214 73.5514 3229
v -1214 73.3944 3227
v -1214 73.4023 3225
v -1214 73.5084 3223
v -1214 73.5448 3221
v -1214 73.4823 3219
v -1214 73.3773 3217
v -1214 73.3294 3215
v -1214 73.4245 3213
v -1214 73.5576 3211
v -1214 73.715 3209
v -1214 73.8913 3207
v -1214 74.0828 3205
v -1214 74.2896 3203
v -1214 74.4047 3201
v -1214 74.3971 3199
v -1214 74.3441 3197
v -1214 74.4092 3195
v -1214 74.5628 3193
v -1214 74.71 3191
v -1214 74.764 3189
v -1214 74.778 3187
v -1214 74.8738 3185
v -1214 74.97 3183
v -1214 74.9816 3181
v -1214 74.8436 3179
v -1214 74.6758 3177
v -1214 74.6063 3175
v -1214 74.6351 3173
v -1214 74.6476 3171
v -1214 74.6124 3169
v -1214 74.5146 3167
v -1214 74.3718 3165
v -1214 74.2597 3163
v -1214 74.1979 3161
v -1214 74.0952 3159
v -1214 73.9263 3157
v -1214 73.7379 3155
v -1214 73.6628 3153
v -1214 73.7339 3151
v -1214 73.852 3149
v -1214 73.9058 3147
v -1214 73.8146 3145
v -1212 73.95 3271
v -1212 74.0567 3269
v -1212 74.2281 3267
v -1212 74.4274 3265
v -1212 74.6398 3263
v -1212 74.7624 3261
v -1212 74.7406 3259
v -1212 74.6533 3257
v -1212 74.5849 3255
v -1212 74.5444 3253
v -1212 74.5924 3251
v -1212 74.6872 3249
v -1212 74.7116 3247
v -1212 74.6239 3245
v -1212 74.4232 3243
v -1212 74.1763 3241
v -1212 74.0191 3239
v -1212 73.995 3237
v -1212 73.99 3235
v -1212 73.9274 3233
v -1212 73.7817 3231
v -1212 73.5483 3229
v -1212 73.3774 3227
v -1212 73.3617 3225
v -1212 73.4514 3223
v -1212 73.4795 3221
v -1212 73.406 3219
v -1212 73.3025 3217
v -1212 73.2702 3215
v -1212 73.409 3213
v -1212 73.6421 3211
v -1212 73.8742 3209
v -1212 74.0559 3207
v -1212 74.1876 3205
v -1212 74.315 3203
v -1212 74.3877 3201
v -1212 74.3868 3199
v -1212 74.3524 3197
v -1212 74.4157 3195
v -1212 74.58 3193
v -1212 74.7661 3191
v -1212 74.8756 3189
v -1212 74.934 3187
v -1212 75.0392 3185
v -1212 75.1044 3183
v -1212 75.0741 3181
v -1212 74.9435 3179
v -1212 74.8208 3177
v -1212 74.7681 3175
v -1212 74.7605 3173
v -1212 74.7013 3171
v -1212 74.6023 3169
v -1212 74.5045 3167
v -1212 74.4247 3165
v -1212 74.3718 3163
v -1212 74.3064 3161
v -1212 74.1484 3159
v -1212 73.8997 3157
v -1212 73.6549 3155
v -1212 73.5838 3153
v -1212 73.6902 3151
v -1212 73.8527 3149
v -1212 73.9359 3147
v -1212 73.8557 3145
v -1210 73.9554 3271
v -1210 74.0605 3269
v -1210 74.2668 3267
v -1210 74.4895 3265
v -1210 74.6799 3263
v -1210 74.7663 3261
v -1210 74.7189 3259
v -1210 74.63 3257
v -1210 74.5912 3255
v -1210 74.5845 3253
v -1210 74.6372 3251
v -1210 74.7051 3249
v -1210 74.6794 3247
v -1210 74.5268 3245
v -1210 74.3147 3243
v -1210 74.1223 3241
v -1210 74.0385 3239
v -1210 74.0585 3237
v -1210 74.0467 3235
v -1210 73.9431 3233
v -1210 73.78 3231
v -1210 73.5564 3229
v -1210 73.3865 3227
v -1210 73.3609 3225
v -1210 73.4399 3223
v -1210 73.4708 3221
v -1210 73.4194 3219
v -1210 73.3555 3217
v -1210 73.3634 3215
v -1210 73.5312 3213
v -1210 73.791 3211
v -1210 74.0012 3209
v -1210 74.1108 3207
v -1210 74.1643 3205
v -1210 74.2375 3203
v -1210 74.3117 3201
v -1210 74.3594 3199
v -1210 74.3592 3197
v -1210 74.4008 3195
v -1210 74.5397 3193
v -1210 74.7308 3191
v -1210 74.8812 3189
v -1210 74.9853 3187
v -1210 75.0965 3185
v -1210 75.1238 3183
v -1210 75.0461 3181
v -1210 74.9247 3179
v -1210 74.8541 3177
v -1210 74.824 3175
v -1210 74.7817 3173
v -1210 74.6461 3171
v -1210 74.4657 3169
v -1210 74.3471 3167
v -1210 74.316 3165
v -1210 74.3205 3163
v -1210 74.3006 3161
v -1210 74.1776 3159
v -1210 73.9377 3157
v -1210 73.6824 3155
v -1210 73.588 3153
v -1210 73.6524 3151
v -1210 73.7729 3149
v -1210 73.8296 3147
v -1210 73.7567 3145
v -1208 74.0427 3271
v -1208 74.1156 3269
v -1208 74.3156 3267
v -1208 74.5432 3265
v -1208 74.7283 3263
v -1208 74.8074 3261
v -1208 74.7585 3259
v -1208 74.6748 3257
v -1208 74.6357 3255
v -1208 74.6036 3253
v -1208 74.6087 3251
v -1208 74.6279 3249
v -1208 74.5799 3247
v -1208 74.4355 3245
v -1208 74.2765 3243
v -1208 74.163 3241
v -1208 74.1297 3239
v -1208 74.1444 3237
v -1208 74.081 3235
v -1208 73.9115 3233
v -1208 73.7254 3231
v -1208 73.5296 3229
v -1208 73.3997 3227
v -1208 73.4075 3225
v -1208 73.5015 3223
v -1208 73.5435 3221
v -1208 73.5247 3219
v -1208 73.5053 3217
v -1208 73.5509 3215
v -1208 73.7246 3213
v -1208 73.9432 3211
v -1208 74.0668 3209
v -1208 74.076 3207
v -1208 74.073 3205
v -1208 74.1457 3203
v -1208 74.2698 3201
v -1208 74.3893 3199
v -1208 74.4229 3197
v -1208 74.4213 3195
v -1208 74.4899 3193
v -1208 74.6293 3191
v -1208 74.7754 3189
v -1208 74.9073 3187
v -1208 75.0263 3185
v -1208 75.0362 3183
v -1208 74.9338 3181
v -1208 74.8186 3179
v -1208 74.7793 3177
v -1208 74.763 3175
v -1208 74.7005 3173
v -1208 74.5198 3171
v -1208 74.2853 3169
v -1208 74.1451 3167
v -1208 74.1349 3165
v -1208 74.1713 3163
v -1208 74.2136 3161
v -1208 74.1781 3159
v -1208 74.0089 3157
v -1208 73.7794 3155
v -1208 73.6454 3153
v -1208 73.6193 3151
v -1208 73.6417 3149
v -1208 73.6347 3147
v -1208 73.5606 3145
v -1206 74.1351 3271
v -1206 74.1541 3269
v -1206 74.3066 3267
v -1206 74.5161 3265
v -1206 74.7118 3263
v -1206 74.8198 3261
v -1206 74.808 3259
v -1206 74.75 3257
v -1206 74.7003 3255
v -1206 74.6176 3253
v -1206 74.5497 3251
v -1206 74.5073 3249
v -1206 74.452 3247
v -1206 74.3516 3245
v -1206 74.2555 3243
v -1206 74.1894 3241
v -1206 74.1545 3239
v -1206 74.13 3237
v -1206 74.0254 3235
v -1206 73.8345 3233
v -1206 73.6551 3231
v -1206 73.5136 3229
v -1206 73.4574 3227
v -1206 73.5204 3225
v -1206 73.6306 3223
v -1206 73.6722 3221
v -1206 73.669 3219
v -1206 73.669 3217
v -1206 73.723 3215
v -1206 73.8712 3213
v -1206 74.0225 3211
v -1206 74.0806 3209
v -1206 74.055 3207
v -1206 74.0585 3205
v -1206 74.1692 3203
v -1206 74.3348 3201
v -1206 74.4799 3199
v -1206 74.5148 3197
v -1206 74.4789 3195
v -1206 74.4868 3193
v -1206 74.563 3191
v -1206 74.6702 3189
v -1206 74.7965 3187
v -1206 74.9243 3185
v -1206 74.9532 3183
v -1206 74.8688 3181
v -1206 74.7542 3179
v -1206 74.6962 3177
v -1206 74.653 3175
v -1206 74.569 3173
v -1206 74.3865 3171
v -1206 74.1628 3169
v -1206 74.0295 3167
v -1206 74.0153 3165
v -1206 74.0392 3163
v -1206 74.0948 3161
v -1206 74.107 3159
v -1206 73.9972 3157
v -1206 73.8026 3155
v -1206 73.6495 3153
v -1206 73.5753 3151
v -1206 73.5471 3149
v -1206 73.5113 3147
v -1206 73.4408 3145
v -1204 74.1828 3271
v -1204 74.1454 3269
v -1204 74.2432 3267
v -1204 74.4246 3265
v -1204 74.5989 3263
v -1204 74.702 3261
v -1204 74.717 3259
v -1204 74.7023 3257
v -1204 74.7033 3255
v -1204 74.6608 3253
v -1204 74.5813 3251
v -1204 74.4858 3249
v -1204 74.3935 3247
v -1204 74.2951 3245
v -1204 74.2137 3243
v -1204 74.1479 3241
v -1204 74.0767 3239
v -1204 74.0186 3237
v -1204 73.9341 3235
v -1204 73.8134 3233
v -1204 73.6994 3231
v -1204 73.6355 3229
v -1204 73.638 3227
v -1204 73.6947 3225
v -1204 73.7498 3223
v -1204 73.7638 3221
v -1204 73.7827 3219
v -1204 73.8167 3217
v -1204 73.875 3215
v -1204 73.9571 3213
v -1204 74.0189 3211
v -1204 74.0464 3209
v -1204 74.0621 3207
v -1204 74.1251 3205
v -1204 74.2685 3203
v -1204 74.4156 3201
v -1204 74.503 3199
v -1204 74.4975 3197
v -1204 74.4698 3195
v -1204 74.496 3193
v -1204 74.5761 3191
v -1204 74.6622 3189
v -1204 74.7549 3187
v -1204 74.8723 3185
v -1204 74.9235 3183
v -1204 74.8751 3181
v -1204 74.7656 3179
v -1204 74.6685 3177
v -1204 74.5688 3175
v -1204 74.4419 3173
v -1204 74.2636 3171
v -1204 74.085 3169
v -1204 73.9789 3167
v -1204 73.9466 3165
v -1204 73.9188 3163
v -1204 73.9253 3161
v -1204 73.933 3159
v -1204 73.8683 3157
v -1204 73.7243 3155
v -1204 73.5823 3153
v -1204 73.5148 3151
v -1204 73.5014 3149
v -1204 73.492 3147
v -1204 73.4542 3145
v -1202 74.1253 3271
v -1202 74.0927 3269
v -1202 74.1882 3267
v -1202 74.3572 3265
v -1202 74.488 3263
v -1202 74.553 3261
v -1202 74.5695 3259
v -1202 74.5927 3257
v -1202 74.6699 3255
v -1202 74.7111 3253
v -1202 74.6566 3251
v -1202 74.5229 3249
v -1202 74.386 3247
v -1202 74.2733 3245
v -1202 74.1871 3243
v -1202 74.1048 3241
v -1202 73.9871 3239
v -1202 73.8919 3237
v -1202 73.8359 3235
v -1202 73.8033 3233
v -1202 73.7683 3231
v -1202 73.7728 3229
v -1202 73.7994 3227
v -1202 73.8016 3225
v -1202 73.764 3223
v -1202 73.7389 3221
v -1202 73.776 3219
v -1202 73.8423 3217
v -1202 73.8992 3215
v -1202 73.9075 3213
v -1202 73.9004 3211
v -1202 73.9424 3209
v -1202 74.0479 3207
v -1202 74.1894 3205
v -1202 74.3609 3203
v -1202 74.4688 3201
v -1202 74.4719 3199
v -1202 74.4135 3197
v -1202 74.4125 3195
v -1202 74.4917 3193
v -1202 74.6072 3191
v -1202 74.6842 3189
v -1202 74.7324 3187
v -1202 74.8234 3185
v -1202 74.886 3183
v -1202 74.8713 3181
v -1202 74.7775 3179
v -1202 74.6768 3177
v -1202 74.5645 3175
v -1202 74.4286 3173
v -1202 74.2643 3171
v -1202 74.1388 3169
v -1202 74.0633 3167
v -1202 74.007 3165
v -1202 73.9155 3163
v -1202 73.8403 3161
v -1202 73.8002 3159
v -1202 73.7486 3157
v -1202 73.6463 3155
v -1202 73.5203 3153
v -1202 73.4637 3151
v -1202 73.4704 3149
v -1202 73.4953 3147
v -1202 73.5005 3145
v -1200 73.9849 3271
v -1200 74.0188 3269
v -1200 74.1681 3267
v -1200 74.3471 3265
v -1200 74.4385 3263
v -1200 74.4611 3261
v -1200 74.4645 3259
v -1200 74.5094 3257
v -1200 74.6417 3255
v -1200 74.7403 3253
v -1200 74.7002 3251
v -1200 74.5382 3249
v -1200 74.3753 3247
v -1200 74.2675 3245
v -1200 74.1963 3243
v -1200 74.1168 3241
v -1200 73.9692 3239
v -1200 73.8288 3237
v -1200 73.7638 3235
v -1200 73.7686 3233
v -1200 73.7818 3231
v -1200 73.8278 3229
v -1200 73.8561 3227
v -1200 73.8028 3225
v -1200 73.6892 3223
v -1200 73.6322 3221
v -1200 73.6755 3219
v -1200 73.7571 3217
v -1200 73.8063 3215
v -1200 73.7621 3213
v -1200 73.7218 3211
v -1200 73.7965 3209
v -1200 73.9829 3207
v -1200 74.1825 3205
v -1200 74.3816 3203
v -1200 74.4745 3201
v -1200 74.429 3199
v -1200 74.3361 3197
v -1200 74.3483 3195
v -1200 74.4549 3193
v -1200 74.5855 3191
v -1200 74.6511 3189
v -1200 74.6648 3187
v -1200 74.7298 3185
v -1200 74.7928 3183
v -1200 74.7979 3181
v -1200 74.7273 3179
v -1200 74.6727 3177
v -1200 74.6133 3175
v -1200 74.5191 3173
v -1200 74.3764 3171
v -1200 74.2886 3169
v -1200 74.2331 3167
v -1200 74.1573 3165
v -1200 74.0189 3163
v -1200 73.8754 3161
v -1200 73.783 3159
v -1200 73.7232 3157
v -1200 73.6419 3155
v -1200 73.5162 3153
v -1200 73.436 3151
v -1200 73.4223 3149
v -1200 73.4498 3147
v -1200 73.4872 3145
v -1198 73.867 3271
v -1198 73.9586 3269
v -1198 74.1563 3267
v -1198 74.3497 3265
v -1198 74.444 3263
v -1198 74.4761 3261
v -1198 74.4912 3259
v -1198 74.5444 3257
v -1198 74.6612 3255
v -1198 74.7156 3253
v -1198 74.6295 3251
v -1198 74.4441 3249
v -1198 74.3022 3247
v -1198 74.2546 3245
v -1198 74.2496 3243
v -1198 74.2152 3241
v -1198 74.071 3239
v -1198 73.8861 3237
v -1198 73.7587 3235
v -1198 73.7133 3233
v -1198 73.7123 3231
v -1198 73.7685 3229
v -1198 73.8106 3227
v -1198 73.7673 3225
v -1198 73.6546 3223
v -1198 73.5916 3221
v -1198 73.6272 3219
v -1198 73.6982 3217
v -1198 73.7339 3215
v -1198 73.674 3213
v -1198 73.6181 3211
v -1198 73.6808 3209
v -1198 73.8588 3207
v -1198 74.0534 3205
v -1198 74.2825 3203
v -1198 74.4282 3201
v -1198 74.4317 3199
v -1198 74.3566 3197
v -1198 74.3418 3195
v -1198 74.3958 3193
v -1198 74.4729 3191
v -1198 74.5107 3189
v -1198 74.5182 3187
v -1198 74.5676 3185
v -1198 74.616 3183
v -1198 74.6161 3181
v -1198 74.5685 3179
v -1198 74.5916 3177
v -1198 74.6271 3175
v -1198 74.6047 3173
v -1198 74.4805 3171
v -1198 74.3942 3169
v -1198 74.3342 3167
v -1198 74.2485 3165
v -1198 74.0999 3163
v -1198 73.9463 3161
v -1198 73.8509 3159
v -1198 73.7995 3157
v -1198 73.7309 3155
v -1198 73.5842 3153
v -1198 73.433 3151
v -1198 73.3389 3149
v -1198 73.3183 3147
v -1198 73.3649 3145
v -1196 73.8258 3271
v -1196 73.8995 3269
v -1196 74.068 3267
v -1196 74.2421 3265
v -1196 74.3811 3263
v -1196 74.4894 3261
v -1196 74.559 3259
v -1196 74.6126 3257
v -1196 74.6504 3255
v -1196 74.6046 3253
v -1196 74.4807 3251
v -1196 74.3361 3249
v -1196 74.2768 3247
v -1196 74.3157 3245
v -1196 74.3521 3243
v -1196 74.3112 3241
v -1196 74.1562 3239
v -1196 73.9701 3237
v -1196 73.8321 3235
v -1196 73.7608 3233
v -1196 73.7249 3231
v -1196 73.7491 3229
v -1196 73.7949 3227
v -1196 73.7979 3225
v -1196 73.7382 3223
v -1196 73.6922 3221
v -1196 73.7188 3219
v -1196 73.7617 3217
v -1196 73.7703 3215
v -1196 73.7076 3213
v -1196 73.6375 3211
v -1196 73.6468 3209
v -1196 73.7423 3207
v -1196 73.8704 3205
v -1196 74.0929 3203
v -1196 74.3086 3201
v -1196 74.4265 3199
v -1196 74.4249 3197
v -1196 74.3982 3195
v -1196 74.399 3193
v -1196 74.4217 3191
v -1196 74.4472 3189
v -1196 74.4599 3187
v -1196 74.4603 3185
v -1196 74.4382 3183
v -1196 74.3925 3181
v -1196 74.3754 3179
v -1196 74.4913 3177
v -1196 74.6249 3175
v -1196 74.6642 3173
v -1196 74.5433 3171
v -1196 74.4337 3169
v -1196 74.347 3167
v -1196 74.2416 3165
v -1196 74.0843 3163
v -1196 73.9146 3161
v -1196 73.8151 3159
v -1196 73.7898 3157
v -1196 73.767 3155
v -1196 73.6351 3153
v -1196 73.4435 3151
v -1196 73.2886 3149
v -1196 73.2325 3147
v -1196 73.3043 3145
v -1194 73.8095 3271
v -1194 73.8432 3269
v -1194 73.9573 3267
v -1194 74.0988 3265
v -1194 74.2748 3263
v -1194 74.4425 3261
v -1194 74.5411 3259
v -1194 74.5705 3257
v -1194 74.5244 3255
v -1194 74.4127 3253
v -1194 74.3192 3251
v -1194 74.2845 3249
v -1194 74.3304 3247
v -1194 74.4329 3245
v -1194 74.4547 3243
v -1194 74.3481 3241
v -1194 74.1683 3239
v -1194 74.0239 3237
v -1194 73.9376 3235
v -1194 73.8881 3233
v -1194 73.8222 3231
v -1194 73.784 3229
v -1194 73.804 3227
v -1194 73.8416 3225
v -1194 73.8409 3223
v -1194 73.8214 3221
v -1194 73.8434 3219
v -1194 73.8566 3217
v -1194 73.8349 3215
v -1194 73.7797 3213
v -1194 73.7288 3211
v -1194 73.7127 3209
v -1194 73.7317 3207
v -1194 73.7704 3205
v -1194 73.9153 3203
v -1194 74.1241 3201
v -1194 74.3098 3199
v -1194 74.3804 3197
v -1194 74.3734 3195
v -1194 74.3661 3193
v -1194 74.3786 3191
v -1194 74.4205 3189
v -1194 74.4592 3187
v -1194 74.4397 3185
v -1194 74.3735 3183
v -1194 74.2981 3181
v -1194 74.3045 3179
v -1194 74.4554 3177
v -1194 74.6049 3175
v -1194 74.6364 3173
v -1194 74.5003 3171
v -1194 74.3772 3169
v -1194 74.2835 3167
v -1194 74.1777 3165
v -1194 74.0178 3163
v -1194 73.8142 3161
v -1194 73.6878 3159
v -1194 73.6787 3157
v -1194 73.7103 3155
v -1194 73.6272 3153
v -1194 73.453 3151
v -1194 73.2952 3149
v -1194 73.2428 3147
v -1194 73.3481 3145
v -1192 73.7707 3271
v -1192 73.7959 3269
v -1192 73.8865 3267
v -1192 74.0079 3265
v -1192 74.1861 3263
v -1192 74.3503 3261
v -1192 74.4211 3259
v -1192 74.4052 3257
v -1192 74.3113 3255
v -1192 74.2004 3253
v -1192 74.1943 3251
v -1192 74.2922 3249
v -1192 74.4251 3247
v -1192 74.5544 3245
v -1192 74.5295 3243
v -1192 74.3421 3241
v -1192 74.1392 3239
v -1192 74.0478 3237
v -1192 74.0309 3235
v -1192 74.0224 3233
v -1192 73.9387 3231
v -1192 73.835 3229
v -1192 73.8086 3227
v -1192 73.85 3225
v -1192 73.8843 3223
v -1192 73.8858 3221
v -1192 73.9065 3219
v -1192 73.8979 3217
v -1192 73.8518 3215
v -1192 73.8096 3213
v -1192 73.8131 3211
v -1192 73.826 3209
v -1192 73.8195 3207
v -1192 73.7843 3205
v -1192 73.8051 3203
v -1192 73.92 3201
v -1192 74.0854 3199
v -1192 74.1899 3197
v -1192 74.2184 3195
v -1192 74.2401 3193
v -1192 74.2794 3191
v -1192 74.354 3189
v -1192 74.4371 3187
v -1192 74.4595 3185
v -1192 74.422 3183
v -1192 74.3649 3181
v -1192 74.3804 3179
v -1192 74.4928 3177
v -1192 74.5684 3175
v -1192 74.5263 3173
v -1192 74.3658 3171
v -1192 74.2543 3169
v -1192 74.1893 3167
v -1192 74.1135 3165
v -1192 73.9621 3163
v -1192 73.7208 3161
v -1192 73.5542 3159
v -1192 73.5412 3157
v -1192 73.6103 3155
v -1192 73.5816 3153
v -1192 73.4569 3151
v -1192 73.3358 3149
v -1192 73.3124 3147
v -1192 73.4439 3145
v -1190 73.6742 3271
v -1190 73.7597 3269
v -1190 73.8986 3267
v -1190 74.0328 3265
v -1190 74.1799 3263
v -1190 74.2845 3261
v -1190 74.2916 3259
v -1190 74.2384 3257
v -1190 74.1502 3255
v -1190 74.0794 3253
v -1190 74.1419 3251
v -1190 74.3088 3249
v -1190 74.4754 3247
v -1190 74.6138 3245
v -1190 74.5762 3243
v -1190 74.3689 3241
v -1190 74.1664 3239
v -1190 74.0886 3237
v -1190 74.083 3235
v -1190 74.0761 3233
v -1190 73.983 3231
v -1190 73.8474 3229
v -1190 73.7824 3227
v -1190 73.7982 3225
v -1190 73.8251 3223
v -1190 73.8272 3221
v -1190 73.8454 3219
v -1190 73.8292 3217
v -1190 73.7719 3215
v -1190 73.7361 3213
v -1190 73.7946 3211
v -1190 73.868 3209
v -1190 73.8917 3207
v -1190 73.8318 3205
v -1190 73.762 3203
v -1190 73.7719 3201
v -1190 73.8639 3199
v -1190 73.9537 3197
v -1190 73.9973 3195
v -1190 74.0386 3193
v -1190 74.0989 3191
v -1190 74.1918 3189
v -1190 74.3153 3187
v -1190 74.4188 3185
v -1190 74.4672 3183
v -1190 74.468 3181
v -1190 74.4841 3179
v -1190 74.5383 3177
v -1190 74.5305 3175
v -1190 74.4201 3173
v -1190 74.2485 3171
v -1190 74.1707 3169
v -1190 74.1568 3167
v -1190 74.1266 3165
v -1190 73.9907 3163
v -1190 73.7297 3161
v -1190 73.5347 3159
v -1190 73.5046 3157
v -1190 73.5781 3155
v -1190 73.5694 3153
v -1190 73.4632 3151
v -1190 73.3556 3149
v -1190 73.3423 3147
v -1190 73.478 3145
v -1188 73.564 3271
v -1188 73.7071 3269
v -1188 73.8886 3267
v -1188 74.0412 3265
v -1188 74.1747 3263
v -1188 74.2539 3261
v -1188 74.2483 3259
v -1188 74.2099 3257
v -1188 74.1511 3255
v -1188 74.0858 3253
v -1188 74.126 3251
v -1188 74.2643 3249
v -1188 74.4191 3247
v -1188 74.5483 3245
v -1188 74.5401 3243
v -1188 74.4015 3241
v -1188 74.2677 3239
v -1188 74.2288 3237
v -1188 74.2214 3235
v -1188 74.1869 3233
v -1188 74.0828 3231
v -1188 73.9169 3229
v -1188 73.7825 3227
v -1188 73.7225 3225
v -1188 73.7038 3223
v -1188 73.706 3221
v -1188 73.7493 3219
v -1188 73.7742 3217
v -1188 73.7526 3215
v -1188 73.7338 3213
v -1188 73.8236 3211
v -1188 73.9203 3209
v -1188 73.9465 3207
v -1188 73.8695 3205
v -1188 73.749 3203
v -1188 73.6776 3201
v -1188 73.6817 3199
v -1188 73.7175 3197
v -1188 73.7493 3195
v -1188 73.8161 3193
v -1188 73.929 3191
v -1188 74.066 3189
v -1188 74.204 3187
v -1188 74.3313 3185
v -1188 74.4177 3183
v -1188 74.4624 3181
v -1188 74.4947 3179
v -1188 74.4961 3177
v -1188 74.411 3175
v -1188 74.2494 3173
v -1188 74.0995 3171
v -1188 74.0984 3169
v -1188 74.1692 3167
v -1188 74.2012 3165
v -1188 74.0898 3163
v -1188 73.8144 3161
v -1188 73.5801 3159
v -1188 73.5067 3157
v -1188 73.5591 3155
v -1188 73.5777 3153
v -1188 73.5136 3151
v -1188 73.4186 3149
v -1188 73.3779 3147
v -1188 73.4664 3145
v -1186 73.5504 3271
v -1186 73.6828 3269
v -1186 73.8402 3267
v -1186 73.9911 3265
v -1186 74.1299 3263
v -1186 74.2187 3261
v -1186 74.2421 3259
v -1186 74.2505 3257
v -1186 74.2334 3255
v -1186 74.1669 3253
v -1186 74.158 3251
v -1186 74.2367 3249
v -1186 74.3577 3247
v -1186 74.4435 3245
v -1186 74.4533 3243
v -1186 74.4062 3241
v -1186 74.3812 3239
v -1186 74.4154 3237
v -1186 74.4193 3235
v -1186 74.3514 3233
v -1186 74.2345 3231
v -1186 74.0562 3229
v -1186 73.8769 3227
v -1186 73.7618 3225
v -1186 73.7074 3223
v -1186 73.6993 3221
v -1186 73.7449 3219
v -1186 73.794 3217
v -1186 73.8072 3215
v -1186 73.8091 3213
v -1186 73.8982 3211
v -1186 73.962 3209
v -1186 73.9381 3207
v -1186 73.8345 3205
v -1186 73.7141 3203
v -1186 73.6298 3201
v -1186 73.5935 3199
v -1186 73.5754 3197
v -1186 73.5703 3195
v -1186 73.6483 3193
v -1186 73.8184 3191
v -1186 74.0118 3189
v -1186 74.1415 3187
v -1186 74.2272 3185
v -1186 74.2862 3183
v -1186 74.3444 3181
v -1186 74.4119 3179
v -1186 74.3954 3177
v -1186 74.2728 3175
v -1186 74.0962 3173
v -1186 73.9899 3171
v -1186 74.05 3169
v -1186 74.1616 3167
v -1186 74.2093 3165
v -1186 74.1081 3163
v -1186 73.8361 3161
v -1186 73.5865 3159
v -1186 73.4898 3157
v -1186 73.5312 3155
v -1186 73.5973 3153
v -1186 73.6096 3151
v -1186 73.5412 3149
v -1186 73.4555 3147
v -1186 73.464 3145
v -1184 73.6574 3271
v -1184 73.7235 3269
v -1184 73.8087 3267
v -1184 73.9398 3265
v -1184 74.0812 3263
v -1184 74.1754 3261
v -1184 74.2223 3259
v -1184 74.2715 3257
v -1184 74.303 3255
v -1184 74.2635 3253
v -1184 74.2401 3251
v -1184 74.2826 3249
v -1184 74.3667 3247
v -1184 74.3865 3245
v -1184 74.3825 3243
v -1184 74.3989 3241
v -1184 74.4725 3239
v -1184 74.5734 3237
v -1184 74.5841 3235
v -1184 74.4814 3233
v -1184 74.3531 3231
v -1184 74.201 3229
v -1184 74.0489 3227
v -1184 73.9504 3225
v -1184 73.8969 3223
v -1184 73.8575 3221
v -1184 73.8466 3219
v -1184 73.8531 3217
v -1184 73.856 3215
v -1184 73.867 3213
v -1184 73.9299 3211
v -1184 73.9305 3209
v -1184 73.8342 3207
v -1184 73.7047 3205
v -1184 73.6356 3203
v -1184 73.6169 3201
v -1184 73.6111 3199
v -1184 73.5664 3197
v -1184 73.5064 3195
v -1184 73.5568 3193
v -1184 73.7425 3191
v -1184 73.9686 3189
v -1184 74.0811 3187
v -1184 74.1055 3185
v -1184 74.1142 3183
v -1184 74.169 3181
v -1184 74.2782 3179
v -1184 74.2916 3177
v -1184 74.1941 3175
v -1184 74.0505 3173
v -1184 73.9903 3171
v -1184 74.0525 3169
v -1184 74.1179 3167
v -1184 74.1062 3165
v -1184 73.9904 3163
v -1184 73.7495 3161
v -1184 73.5364 3159
v -1184 73.4687 3157
v -1184 73.5276 3155
v -1184 73.6406 3153
v -1184 73.724 3151
v -1184 73.6788 3149
v -1184 73.5493 3147
v -1184 73.4819 3145
v -1182 73.8104 3271
v -1182 73.8251 3269
v -1182 73.8582 3267
v -1182 73.9713 3265
v -1182 74.0894 3263
v -1182 74.1431 3261
v -1182 74.1586 3259
v -1182 74.2041 3257
v -1182 74.2753 3255
v -1182 74.299 3253
v -1182 74.3269 3251
v -1182 74.3917 3249
v -1182 74.4586 3247
v -1182 74.4243 3245
v -1182 74.3831 3243
v -1182 74.4063 3241
v -1182 74.5232 3239
v -1182 74.6466 3237
v -1182 74.6455 3235
v -1182 74.5142 3233
v -1182 74.379 3231
v -1182 74.2774 3229
v -1182 74.2062 3227
v -1182 74.1811 3225
v -1182 74.1588 3223
v -1182 74.0761 3221
v -1182 73.969 3219
v -1182 73.8769 3217
v -1182 73.8203 3215
v -1182 73.8224 3213
v -1182 73.866 3211
v -1182 73.831 3209
v -1182 73.6951 3207
v -1182 73.5502 3205
v -1182 73.5321 3203
v -1182 73.5897 3201
v -1182 73.6402 3199
v -1182 73.5993 3197
v -1182 73.4924 3195
v -1182 73.4873 3193
v -1182 73.6365 3191
v -1182 73.8539 3189
v -1182 73.9631 3187
v -1182 73.9754 3185
v -1182 73.9795 3183
v -1182 74.0448 3181
v -1182 74.1804 3179
v -1182 74.2369 3177
v -1182 74.1894 3175
v -1182 74.0915 3173
v -1182 74.0564 3171
v -1182 74.0732 3169
v -1182 74.0462 3167
v -1182 73.9458 3165
v -1182 73.8052 3163
v -1182 73.6092 3161
v -1182 73.4664 3159
v -1182 73.4662 3157
v -1182 73.5657 3155
v -1182 73.7051 3153
v -1182 73.8179 3151
v -1182 73.7782 3149
v -1182 73.6271 3147
v -1182 73.5254 3145
v -1180 73.921 3271
v -1180 73.9526 3269
v -1180 73.9979 3267
v -1180 74.1109 3265
v -1180 74.1857 3263
v -1180 74.1671 3261
v -1180 74.1166 3259
v -1180 74.133 3257
v -1180 74.2338 3255
v -1180 74.3156 3253
v -1180 74.388 3251
v -1180 74.4628 3249
v -1180 74.5172 3247
v -1180 74.4893 3245
v -1180 74.4605 3243
v -1180 74.4877 3241
v -1180 74.5881 3239
v -1180 74.6789 3237
v -1180 74.6494 3235
v -1180 74.5036 3233
v -1180 74.365 3231
v -1180 74.2845 3229
v -1180 74.2598 3227
v -1180 74.2863 3225
v -1180 74.2912 3223
v -1180 74.1863 3221
v -1180 74.0135 3219
v -1180 73.831 3217
v -1180 73.6938 3215
v -1180 73.6644 3213
v -1180 73.7202 3211
v -1180 73.7289 3209
v -1180 73.6394 3207
v -1180 73.5035 3205
v -1180 73.4875 3203
v -1180 73.563 3201
v -1180 73.6464 3199
v -1180 73.6402 3197
v -1180 73.5374 3195
v -1180 73.4936 3193
v -1180 73.5793 3191
v -1180 73.749 3189
v -1180 73.8708 3187
v -1180 73.9316 3185
v -1180 73.982 3183
v -1180 74.0631 3181
v -1180 74.1752 3179
v -1180 74.2069 3177
v -1180 74.1524 3175
v -1180 74.0649 3173
v -1180 74.039 3171
v -1180 74.0402 3169
v -1180 73.9821 3167
v -1180 73.8525 3165
v -1180 73.7061 3163
v -1180 73.5362 3161
v -1180 73.4382 3159
v -1180 73.4864 3157
v -1180 73.6203 3155
v -1180 73.7708 3153
v -1180 73.8827 3151
v -1180 73.8375 3149
v -1180 73.6848 3147
v -1180 73.5897 3145
v -1178 73.982 3271
v -1178 74.037 3269
v -1178 74.0981 3267
v -1178 74.2124 3265
v -1178 74.2628 3263
v -1178 74.2115 3261
v -1178 74.1403 3259
v -1178 74.1571 3257
v -1178 74.2866 3255
v -1178 74.3909 3253
v -1178 74.4397 3251
v -1178 74.4526 3249
v -1178 74.4725 3247
v -1178 74.4883 3245
v -1178 74.5263 3243
v -1178 74.5874 3241
v -1178 74.6489 3239
v -1178 74.7006 3237
v -1178 74.668 3235
v -1178 74.5436 3233
v -1178 74.4104 3231
v -1178 74.3073 3229
v -1178 74.2659 3227
v -1178 74.2928 3225
v -1178 74.3076 3223
v -1178 74.2185 3221
v -1178 74.054 3219
v -1178 73.8424 3217
v -1178 73.6443 3215
v -1178 73.5605 3213
v -1178 73.6073 3211
v -1178 73.6615 3209
v -1178 73.6404 3207
v -1178 73.5259 3205
v -1178 73.4788 3203
v -1178 73.5291 3201
v -1178 73.6258 3199
v -1178 73.6758 3197
v -1178 73.6314 3195
v -1178 73.594 3193
v -1178 73.6298 3191
v -1178 73.7412 3189
v -1178 73.8663 3187
v -1178 73.961 3185
v -1178 74.0293 3183
v -1178 74.0888 3181
v -1178 74.1385 3179
v -1178 74.1013 3177
v -1178 74.014 3175
v -1178 73.9349 3173
v -1178 73.9286 3171
v -1178 73.9627 3169
v -1178 73.9402 3167
v -1178 73.8361 3165
v -1178 73.7006 3163
v -1178 73.5336 3161
v -1178 73.4403 3159
v -1178 73.4994 3157
v -1178 73.6501 3155
v -1178 73.8166 3153
v -1178 73.9387 3151
v -1178 73.8991 3149
v -1178 73.7506 3147
v -1178 73.6712 3145
v -1176 73.9957 3271
v -1176 74.0461 3269
v -1176 74.0984 3267
v -1176 74.2056 3265
v -1176 74.2564 3263
v -1176 74.2192 3261
v -1176 74.1738 3259
v -1176 74.2143 3257
v -1176 74.3658 3255
v -1176 74.4735 3253
v -1176 74.4739 3251
v -1176 74.4048 3249
v -1176 74.3818 3247
v -1176 74.4318 3245
v -1176 74.5256 3243
v -1176 74.6108 3241
v -1176 74.6301 3239
v -1176 74.6683 3237
v -1176 74.6756 3235
v -1176 74.6125 3233
v -1176 74.4982 3231
v -1176 74.3574 3229
v -1176 74.2731 3227
v -1176 74.2766 3225
v -1176 74.2917 3223
v -1176 74.2428 3221
v -1176 74.1443 3219
v -1176 73.9653 3217
v -1176 73.7452 3215
v -1176 73.5992 3213
v -1176 73.5874 3211
v -1176 73.6267 3209
v -1176 73.6305 3207
v -1176 73.5294 3205
v -1176 73.4326 3203
v -1176 73.4291 3201
v -1176 73.5159 3199
v -1176 73.6176 3197
v -1176 73.654 3195
v -1176 73.658 3193
v -1176 73.6745 3191
v -1176 73.7405 3189
v -1176 73.8563 3187
v -1176 73.9539 3185
v -1176 74.0036 3183
v -1176 74.015 3181
v -1176 74.0012 3179
v -1176 73.9182 3177
v -1176 73.8322 3175
v -1176 73.7898 3173
v -1176 73.8104 3171
v -1176 73.8861 3169
v -1176 73.9119 3167
v -1176 73.8441 3165
v -1176 73.7234 3163
v -1176 73.5509 3161
v -1176 73.4459 3159
v -1176 73.4996 3157
v -1176 73.658 3155
v -1176 73.8438 3153
v -1176 73.9869 3151
v -1176 73.9648 3149
v -1176 73.8272 3147
v -1176 73.7648 3145
v -1174 74.0088 3271
v -1174 74.0217 3269
v -1174 74.0373 3267
v -1174 74.1279 3265
v -1174 74.1864 3263
v -1174 74.1735 3261
v -1174 74.1588 3259
v -1174 74.2186 3257
v -1174 74.3843 3255
v -1174 74.5054 3253
v -1174 74.4907 3251
v -1174 74.3809 3249
v -1174 74.3244 3247
v -1174 74.3645 3245
v -1174 74.4546 3243
v -1174 74.5267 3241
v -1174 74.5191 3239
v -1174 74.574 3237
v -1174 74.6415 3235
v -1174 74.6474 3233
v -1174 74.558 3231
v -1174 74.4036 3229
v -1174 74.3076 3227
v -1174 74.3108 3225
v -1174 74.3338 3223
v -1174 74.3185 3221
v -1174 74.2812 3219
v -1174 74.1453 3217
v -1174 73.9271 3215
v -1174 73.7338 3213
v -1174 73.6365 3211
v -1174 73.6021 3209
v -1174 73.5711 3207
v -1174 73.4666 3205
v -1174 73.3327 3203
v -1174 73.2864 3201
v -1174 73.3586 3199
v -1174 73.4893 3197
v -1174 73.5808 3195
v -1174 73.6208 3193
v -1174 73.6355 3191
v -1174 73.6775 3189
v -1174 73.7788 3187
v -1174 73.8598 3185
v -1174 73.8787 3183
v -1174 73.8477 3181
v -1174 73.8022 3179
v -1174 73.7341 3177
v -1174 73.7048 3175
v -1174 73.7282 3173
v -1174 73.7735 3171
v -1174 73.8566 3169
v -1174 73.8847 3167
v -1174 73.8165 3165
v -1174 73.7004 3163
v -1174 73.5346 3161
v -1174 73.4369 3159
v -1174 73.5012 3157
v -1174 73.6733 3155
v -1174 73.8761 3153
v -1174 74.0397 3151
v -1174 74.0354 3149
v -1174 73.9082 3147
v -1174 73.8539 3145
v -1172 74.0813 3271
v -1172 74.0294 3269
v -1172 73.987 3267
v -1172 74.0529 3265
v -1172 74.1016 3263
v -1172 74.0771 3261
v -1172 74.0506 3259
v -1172 74.0993 3257
v -1172 74.2768 3255
v -1172 74.451 3253
v -1172 74.5041 3251
v -1172 74.4438 3249
v -1172 74.3786 3247
v -1172 74.3445 3245
v -1172 74.3401 3243
v -1172 74.3448 3241
v -1172 74.3367 3239
v -1172 74.4202 3237
v -1172 74.5301 3235
v -1172 74.5836 3233
v -1172 74.5322 3231
v -1172 74.4372 3229
v -1172 74.4109 3227
v -1172 74.4618 3225
v -1172 74.4981 3223
v -1172 74.4641 3221
v -1172 74.3941 3219
v -1172 74.2327 3217
v -1172 74.0063 3215
v -1172 73.8078 3213
v -1172 73.6682 3211
v -1172 73.5786 3209
v -1172 73.5075 3207
v -1172 73.4016 3205
v -1172 73.2793 3203
v -1172 73.2339 3201
v -1172 73.293 3199
v -1172 73.4085 3197
v -1172 73.4875 3195
v -1172 73.513 3193
v -1172 73.5111 3191
v -1172 73.5337 3189
v -1172 73.6156 3187
v -1172 73.6909 3185
v -1172 73.7211 3183
v -1172 73.7076 3181
v -1172 73.6787 3179
v -1172 73.6627 3177
v -1172 73.699 3175
v -1172 73.7753 3173
v -1172 73.8339 3171
v -1172 73.8683 3169
v -1172 73.8202 3167
v -1172 73.6902 3165
v -1172 73.5675 3163
v -1172 73.4611 3161
v -1172 73.4426 3159
v -1172 73.5679 3157
v -1172 73.7611 3155
v -1172 73.9445 3153
v -1172 74.0819 3151
v -1172 74.0713 3149
v -1172 73.96 3147
v -1172 73.9221 3145
v -1170 74.154 3271
v -1170 74.0391 3269
v -1170 73.9429 3267
v -1170 73.9852 3265
v -1170 74.0222 3263
v -1170 73.9844 3261
v -1170 73.9456 3259
v -1170 73.983 3257
v -1170 74.1583 3255
v -1170 74.3636 3253
v -1170 74.4804 3251
v -1170 74.4898 3249
v -1170 74.439 3247
v -1170 74.3271 3245
v -1170 74.2147 3243
v -1170 74.1493 3241
v -1170 74.1597 3239
v -1170 74.2562 3237
v -1170 74.3828 3235
v -1170 74.4822 3233
v -1170 74.5094 3231
v -1170 74.5286 3229
v -1170 74.5824 3227
v -1170 74.6373 3225
v -1170 74.6316 3223
v -1170 74.537 3221
v -1170 74.3863 3219
v -1170 74.1822 3217
v -1170 73.9663 3215
v -1170 73.8003 3213
v -1170 73.6804 3211
v -1170 73.6035 3209
v -1170 73.5481 3207
v -1170 73.4752 3205
v -1170 73.4039 3203
v -1170 73.3683 3201
v -1170 73.379 3199
v -1170 73.4275 3197
v -1170 73.4674 3195
v -1170 73.4755 3193
v -1170 73.462 3191
v -1170 73.4544 3189
v -1170 73.4823 3187
v -1170 73.5422 3185
v -1170 73.6181 3183
v -1170 73.6781 3181
v -1170 73.6843 3179
v -1170 73.6745 3177
v -1170 73.6998 3175
v -1170 73.7665 3173
v -1170 73.8357 3171
v -1170 73.8336 3169
v -1170 73.7243 3167
v -1170 73.5539 3165
v -1170 73.4498 3163
v -1170 73.4532 3161
v -1170 73.5531 3159
v -1170 73.7319 3157
v -1170 73.9012 3155
v -1170 73.9937 3153
v -1170 74.0348 3151
v -1170 74.0085 3149
v -1170 73.9619 3147
v -1170 73.9977 3145
v -1168 74.177 3271
v -1168 74.0658 3269
v -1168 73.9747 3267
v -1168 74.0139 3265
v -1168 74.0404 3263
v -1168 73.9918 3261
v -1168 73.9433 3259
v -1168 73.9709 3257
v -1168 74.112 3255
v -1168 74.2677 3253
v -1168 74.364 3251
v -1168 74.3949 3249
v -1168 74.3768 3247
v -1168 74.2596 3245
v -1168 74.1295 3243
v -1168 74.0646 3241
v -1168 74.1095 3239
v -1168 74.1834 3237
v -1168 74.274 3235
v -1168 74.3798 3233
v -1168 74.4833 3231
v -1168 74.6051 3229
v -1168 74.6905 3227
v -1168 74.6858 3225
v -1168 74.5972 3223
v -1168 74.4511 3221
v -1168 74.2605 3219
v -1168 74.0698 3217
v -1168 73.91 3215
v -1168 73.7918 3213
v -1168 73.7051 3211
v -1168 73.6546 3209
v -1168 73.6272 3207
v -1168 73.5989 3205
v -1168 73.5984 3203
v -1168 73.5863 3201
v -1168 73.5474 3199
v -1168 73.5175 3197
v -1168 73.5273 3195
v -1168 73.5478 3193
v -1168 73.5541 3191
v -1168 73.5282 3189
v -1168 73.4806 3187
v -1168 73.4917 3185
v -1168 73.5887 3183
v -1168 73.716 3181
v -1168 73.7558 3179
v -1168 73.7194 3177
v -1168 73.6868 3175
v -1168 73.707 3173
v -1168 73.7862 3171
v -1168 73.7944 3169
v -1168 73.694 3167
v -1168 73.5469 3165
v -1168 73.4886 3163
v -1168 73.5785 3161
v -1168 73.7355 3159
v -1168 73.8929 3157
v -1168 73.9864 3155
v -1168 73.9753 3153
v -1168 73.9276 3151
v -1168 73.9151 3149
v -1168 73.9681 3147
v -1168 74.0959 3145
f 123 121 122
f 134 133 132
f 130 129 128
f 122 121 120
f 127 125 126
f 126 125 124
f 131 129 130
f 118 117 116
f 119 117 118
f 135 133 134
f 187 185 186
f 186 185 184
f 191 189 190
f 190 189 188
f 194 193 192
f 203 201 202
f 202 201 200
f 182 181 180
f 183 181 182
f 195 193 194
f 162 161 160
f 161 164 160
f 165 164 161
f 13 14 12
f 265 204 264
f 77 76 75
f 78 76 77
f 73 72 71
f 72 73 74
f 175 178 179
f 176 178 175
f 176 175 174
f 90 89 88
f 90 91 89
f 173 171 172
f 168 167 166
f 169 167 168
f 158 157 156
f 90 92 91
f 92 93 91
f 92 94 93
f 95 94 92
f 217 215 216
f 162 160 163
f 1 62 61
f 220 219 218
f 246 247 216
f 246 216 214
f 216 215 214
f 221 219 220
f 221 249 219
f 221 250 249
f 247 250 221
f 247 248 250
f 246 248 247
f 49 50 48
f 49 48 39
f 39 48 40
f 40 38 39
f 39 38 37
f 38 42 37
f 15 20 19
f 15 16 20
f 17 16 15
f 17 18 16
f 46 18 17
f 47 18 46
f 47 44 18
f 45 44 47
f 45 43 44
f 44 43 12
f 12 43 11
f 13 12 11
f 245 242 240
f 242 241 240
f 242 243 241
f 251 241 243
f 251 252 241
f 253 252 251
f 239 237 238
f 223 218 222
f 220 218 223
f 159 157 158
f 206 207 205
f 206 205 204
f 264 204 205
f 35 36 34
f 262 256 257
f 258 257 256
f 1 61 3
f 3 2 1
f 4 2 3
f 4 5 2
f 6 5 4
f 6 7 5
f 8 7 6
f 8 9 7
f 10 9 8
f 210 211 209
f 210 209 208
f 208 209 207
f 212 211 210
f 212 213 211
f 53 59 55
f 55 54 53
f 208 207 206
f 37 42 41
f 254 255 252
f 252 255 236
f 236 255 238
f 245 240 244
f 238 237 236
f 35 34 33
f 261 260 259
f 263 261 259
f 57 60 56
f 52 51 49
f 52 49 33
f 52 33 34
f 58 57 56
f 51 50 49
f 253 254 252
f 179 178 177
f 172 171 170
f 99 97 98
f 98 97 96
f 146 145 144
f 147 145 146
f 142 141 140
f 143 141 142
f 138 137 136
f 139 137 138
f 107 105 106
f 110 109 108
f 106 105 104
f 111 109 110
f 151 149 150
f 150 149 148
f 103 101 102
f 102 101 100
f 85 83 86
f 85 84 83
f 79 87 86
f 85 86 87
f 82 80 81
f 81 80 79
f 80 87 79
f 66 64 65
f 65 64 63
f 153 154 155
f 154 153 152
f 226 225 224
f 227 225 226
f 227 228 225
f 229 228 227
f 229 230 228
f 231 230 229
f 231 232 230
f 233 232 231
f 233 234 232
f 235 234 233
f 70 69 66
f 66 69 68
f 23 22 21
f 23 24 22
f 25 24 23
f 25 26 24
f 27 26 25
f 27 28 26
f 29 28 27
f 29 30 28
f 31 30 29
f 31 32 30
f 66 68 67
f 66 67 64
f 114 113 112
f 115 113 114
f 198 197 196
f 199 197 198
f 337 336 335
f 338 336 337
f 333 332 331
f 334 332 333
f 341 340 339
f 329 328 327
f 330 328 329
f 342 340 341
f 325 324 323
f 326 324 325
f 393 392 391
f 398 396 397
f 397 396 395
f 401 400 399
f 394 392 393
f 410 408 409
f 409 408 407
f 389 388 387
f 402 400 401
f 390 388 389
f 380 378 379
f 375 374 373
f 297 298 296
f 297 296 295
f 451 411 450
f 376 374 375
f 365 364 363
f 297 299 298
f 299 300 298
f 299 301 300
f 302 301 299
f 369 367 370
f 369 368 367
f 368 371 367
f 372 371 368
f 284 283 282
f 285 283 284
f 383 382 381
f 383 385 382
f 382 385 386
f 454 453 452
f 420 418 419
f 268 269 267
f 268 267 266
f 279 280 281
f 280 279 278
f 477 476 475
f 477 478 476
f 477 479 478
f 477 482 479
f 482 483 479
f 419 418 417
f 435 419 417
f 366 364 365
f 435 436 419
f 435 468 436
f 436 468 473
f 436 473 471
f 473 472 471
f 471 472 470
f 471 470 469
f 434 432 433
f 463 466 465
f 450 411 412
f 413 412 411
f 413 414 412
f 415 414 413
f 415 416 414
f 496 493 494
f 467 266 267
f 455 454 452
f 495 494 491
f 491 494 493
f 487 485 481
f 486 481 485
f 481 480 479
f 483 481 479
f 484 481 486
f 481 484 480
f 462 463 465
f 441 443 438
f 438 443 431
f 431 443 433
f 433 432 431
f 468 474 473
f 446 445 444
f 448 446 444
f 446 448 447
f 449 448 444
f 442 441 438
f 440 442 438
f 386 385 384
f 379 378 377
f 455 452 456
f 491 493 490
f 490 493 492
f 314 312 313
f 313 312 311
f 305 304 303
f 306 304 305
f 318 316 317
f 317 316 315
f 353 352 351
f 354 352 353
f 349 348 347
f 350 348 349
f 345 344 343
f 346 344 345
f 491 490 489
f 464 463 462
f 440 438 439
f 439 438 437
f 479 480 488
f 357 356 355
f 358 356 357
f 310 308 309
f 309 308 307
f 292 290 293
f 292 291 290
f 286 294 293
f 292 293 294
f 289 287 288
f 288 287 286
f 287 294 286
f 272 271 270
f 423 422 421
f 424 422 423
f 424 425 422
f 426 425 424
f 428 427 425
f 426 428 425
f 429 428 426
f 430 429 426
f 361 360 359
f 360 361 362
f 273 271 272
f 273 274 271
f 273 275 274
f 273 276 275
f 277 276 273
f 461 459 460
f 459 457 460
f 459 458 457
f 322 320 321
f 321 320 319
f 406 404 405
f 405 404 403
f 536 535 534
f 536 534 541
f 532 621 620
f 630 527 629
f 629 527 628
f 628 527 627
f 626 523 624
f 525 624 523
f 625 624 525
f 504 502 503
f 503 502 501
f 500 498 499
f 499 498 497
f 518 517 516
f 518 516 519
f 518 519 520
f 521 520 519
f 567 573 563
f 567 563 538
f 567 538 566
f 538 540 566
f 538 539 540
f 539 538 537
f 575 574 564
f 576 575 564
f 571 576 564
f 570 571 564
f 570 564 569
f 565 569 564
f 565 564 563
f 568 565 563
f 572 568 563
f 573 572 563
f 555 553 554
f 554 553 552
f 552 553 551
f 552 551 550
f 551 547 550
f 547 551 549
f 549 548 547
f 549 546 548
f 546 549 545
f 546 545 543
f 543 545 542
f 544 543 542
f 627 527 523
f 627 523 626
f 631 527 630
f 529 621 532
f 529 622 621
f 529 623 622
f 529 632 623
f 631 632 527
f 527 632 529
f 525 523 524
f 619 618 504
f 504 618 502
f 523 527 526
f 523 526 522
f 524 523 522
f 529 528 527
f 527 528 526
f 532 531 529
f 529 531 530
f 529 530 528
f 533 531 532
f 617 616 500
f 500 616 498
f 510 509 508
f 510 508 514
f 514 508 515
f 514 515 511
f 598 597 596
f 599 597 598
f 599 600 597
f 601 600 599
f 601 602 600
f 603 602 601
f 604 602 603
f 605 602 604
f 580 605 604
f 605 580 581
f 582 581 580
f 585 584 583
f 586 584 585
f 587 584 586
f 589 587 586
f 587 589 588
f 591 588 589
f 588 591 590
f 593 590 591
f 590 593 592
f 595 592 593
f 592 595 594
f 514 511 512
f 513 512 511
f 558 557 556
f 558 562 557
f 562 507 557
f 562 506 507
f 505 506 559
f 507 506 505
f 505 610 507
f 610 611 507
f 611 612 507
f 612 613 507
f 613 614 507
f 507 614 615
f 579 578 577
f 579 577 606
f 579 606 607
f 579 607 608
f 579 608 609
f 579 609 505
f 579 505 560
f 560 505 559
f 559 561 560
f 650 651 649
f 652 651 650
f 653 651 652
f 653 708 651
f 709 708 653
f 650 649 648
f 644 643 642
f 707 709 640
f 656 655 654
f 666 656 654
f 667 656 666
f 642 643 641
f 663 664 669
f 663 669 672
f 672 669 671
f 642 641 640
f 671 669 670
f 703 640 641
f 670 669 668
f 711 670 668
f 705 640 703
f 706 640 705
f 707 640 706
f 708 709 710
f 709 675 710
f 675 709 707
f 711 678 670
f 676 674 711
f 711 674 678
f 647 646 644
f 644 646 645
f 644 645 643
f 678 671 670
f 683 684 682
f 676 675 674
f 682 712 681
f 682 681 679
f 679 683 682
f 688 691 690
f 690 691 692
f 689 687 688
f 695 694 693
f 686 691 688
f 694 697 693
f 688 687 686
f 693 697 696
f 641 702 700
f 702 701 700
f 698 696 697
f 696 698 699
f 703 641 700
f 674 639 673
f 674 675 639
f 681 680 679
f 665 664 663
f 704 700 701
f 681 685 680
f 638 673 639
f 660 659 677
f 662 657 661
f 657 658 661
f 659 660 658
f 659 658 657
f 639 635 638
f 638 635 636
f 635 634 633
f 636 635 633
f 637 636 633
f 730 731 729
f 732 731 730
f 733 731 732
f 733 788 731
f 789 788 733
f 730 729 728
f 724 723 722
f 787 789 720
f 736 735 734
f 746 736 734
f 747 736 746
f 722 723 721
f 743 744 749
f 743 749 752
f 752 749 751
f 722 721 720
f 751 749 750
f 783 720 721
f 750 749 748
f 791 750 748
f 785 720 783
f 786 720 785
f 787 720 786
f 788 789 790
f 789 755 790
f 755 789 787
f 791 758 750
f 756 754 791
f 791 754 758
f 727 726 724
f 724 726 725
f 724 725 723
f 758 751 750
f 763 764 762
f 756 755 754
f 762 792 761
f 762 761 759
f 759 763 762
f 768 771 770
f 770 771 772
f 769 767 768
f 775 774 773
f 766 771 768
f 774 777 773
f 768 767 766
f 773 777 776
f 721 782 780
f 782 781 780
f 778 776 777
f 776 778 779
f 783 721 780
f 754 719 753
f 754 755 719
f 761 760 759
f 745 744 743
f 784 780 781
f 761 765 760
f 718 753 719
f 740 739 757
f 742 737 741
f 737 738 741
f 739 740 738
f 739 738 737
f 719 715 718
f 718 715 716
f 715 714 713
f 716 715 713
f 717 716 713
f 810 811 809
f 812 811 810
f 813 811 812
f 813 868 811
f 869 868 813
f 810 809 808
f 804 803 802
f 867 869 800
f 816 815 814
f 826 816 814
f 827 816 826
f 802 803 801
f 823 824 829
f 823 829 832
f 832 829 831
f 802 801 800
f 831 829 830
f 863 800 801
f 830 829 828
f 871 830 828
f 865 800 863
f 866 800 865
f 867 800 866
f 868 869 870
f 869 835 870
f 835 869 867
f 871 838 830
f 836 834 871
f 871 834 838
f 807 806 804
f 804 806 805
f 804 805 803
f 838 831 830
f 843 844 842
f 836 835 834
f 842 872 841
f 842 841 839
f 839 843 842
f 848 851 850
f 850 851 852
f 849 847 848
f 855 854 853
f 846 851 848
f 854 857 853
f 848 847 846
f 853 857 856
f 801 862 860
f 862 861 860
f 858 856 857
f 856 858 859
f 863 801 860
f 834 799 833
f 834 835 799
f 841 840 839
f 825 824 823
f 864 860 861
f 841 845 840
f 798 833 799
f 820 819 837
f 822 817 821
f 817 818 821
f 819 820 818
f 819 818 817
f 799 795 798
f 798 795 796
f 795 794 793
f 796 795 793
f 797 796 793
f 912 911 910
f 912 910 917
f 908 997 996
f 1006 903 1005
f 1005 903 1004
f 1004 903 1003
f 1002 899 1000
f 901 1000 899
f 1001 1000 901
f 880 878 879
f 879 878 877
f 876 874 875
f 875 874 873
f 894 893 892
f 894 892 895
f 894 895 896
f 897 896 895
f 943 949 939
f 943 939 914
f 943 914 942
f 914 916 942
f 914 915 916
f 915 914 913
f 951 950 940
f 952 951 940
f 947 952 940
f 946 947 940
f 946 940 945
f 941 945 940
f 941 940 939
f 944 941 939
f 948 944 939
f 949 948 939
f 931 929 930
f 930 929 928
f 928 929 927
f 928 927 926
f 927 923 926
f 923 927 925
f 925 924 923
f 925 922 924
f 922 925 921
f 922 921 919
f 919 921 918
f 920 919 918
f 1003 903 899
f 1003 899 1002
f 1007 903 1006
f 905 997 908
f 905 998 997
f 905 999 998
f 905 1008 999
f 1007 1008 903
f 903 1008 905
f 901 899 900
f 995 994 880
f 880 994 878
f 899 903 902
f 899 902 898
f 900 899 898
f 905 904 903
f 903 904 902
f 908 907 905
f 905 907 906
f 905 906 904
f 909 907 908
f 993 992 876
f 876 992 874
f 886 885 884
f 886 884 890
f 890 884 891
f 890 891 887
f 974 973 972
f 975 973 974
f 975 976 973
f 977 976 975
f 977 978 976
f 979 978 977
f 980 978 979
f 981 978 980
f 956 981 980
f 981 956 957
f 958 957 956
f 961 960 959
f 962 960 961
f 963 960 962
f 965 963 962
f 963 965 964
f 967 964 965
f 964 967 966
f 969 966 967
f 966 969 968
f 971 968 969
f 968 971 970
f 890 887 888
f 889 888 887
f 934 933 932
f 934 938 933
f 938 883 933
f 938 882 883
f 881 882 935
f 883 882 881
f 881 986 883
f 986 987 883
f 987 988 883
f 988 989 883
f 989 990 883
f 883 990 991
f 955 954 953
f 955 953 982
f 955 982 983
f 955 983 984
f 955 984 985
f 955 985 881
f 955 881 936
f 936 881 935
f 935 937 936
f 1026 1027 1025
f 1028 1027 1026
f 1029 1027 1028
f 1029 1084 1027
f 1085 1084 1029
f 1026 1025 1024
f 1020 1019 1018
f 1083 1085 1016
f 1032 1031 1030
f 1042 1032 1030
f 1043 1032 1042
f 1018 1019 1017
f 1039 1040 1045
f 1039 1045 1048
f 1048 1045 1047
f 1018 1017 1016
f 1047 1045 1046
f 1079 1016 1017
f 1046 1045 1044
f 1087 1046 1044
f 1081 1016 1079
f 1082 1016 1081
f 1083 1016 1082
f 1084 1085 1086
f 1085 1051 1086
f 1051 1085 1083
f 1087 1054 1046
f 1052 1050 1087
f 1087 1050 1054
f 1023 1022 1020
f 1020 1022 1021
f 1020 1021 1019
f 1054 1047 1046
f 1059 1060 1058
f 1052 1051 1050
f 1058 1088 1057
f 1058 1057 1055
f 1055 1059 1058
f 1064 1067 1066
f 1066 1067 1068
f 1065 1063 1064
f 1071 1070 1069
f 1062 1067 1064
f 1070 1073 1069
f 1064 1063 1062
f 1069 1073 1072
f 1017 1078 1076
f 1078 1077 1076
f 1074 1072 1073
f 1072 1074 1075
f 1079 1017 1076
f 1050 1015 1049
f 1050 1051 1015
f 1057 1056 1055
f 1041 1040 1039
f 1080 1076 1077
f 1057 1061 1056
f 1014 1049 1015
f 1036 1035 1053
f 1038 1033 1037
f 1033 1034 1037
f 1035 1036 1034
f 1035 1034 1033
f 1015 1011 1014
f 1014 1011 1012
f 1011 1010 1009
f 1012 1011 1009
f 1013 1012 1009
f 1106 1107 1105
f 1108 1107 1106
f 1109 1107 1108
f 1109 1164 1107
f 1165 1164 1109
f 1106 1105 1104
f 1100 1099 1098
f 1163 1165 1096
f 1112 1111 1110
f 1122 1112 1110
f 1123 1112 1122
f 1098 1099 1097
f 1119 1120 1125
f 1119 1125 1128
f 1128 1125 1127
f 1098 1097 1096
f 1127 1125 1126
f 1159 1096 1097
f 1126 1125 1124
f 1167 1126 1124
f 1161 1096 1159
f 1162 1096 1161
f 1163 1096 1162
f 1164 1165 1166
f 1165 1131 1166
f 1131 1165 1163
f 1167 1134 1126
f 1132 1130 1167
f 1167 1130 1134
f 1103 1102 1100
f 1100 1102 1101
f 1100 1101 1099
f 1134 1127 1126
f 1139 1140 1138
f 1132 1131 1130
f 1138 1168 1137
f 1138 1137 1135
f 1135 1139 1138
f 1144 1147 1146
f 1146 1147 1148
f 1145 1143 1144
f 1151 1150 1149
f 1142 1147 1144
f 1150 1153 1149
f 1144 1143 1142
f 1149 1153 1152
f 1097 1158 1156
f 1158 1157 1156
f 1154 1152 1153
f 1152 1154 1155
f 1159 1097 1156
f 1130 1095 1129
f 1130 1131 1095
f 1137 1136 1135
f 1121 1120 1119
f 1160 1156 1157
f 1137 1141 1136
f 1094 1129 1095
f 1116 1115 1133
f 1118 1113 1117
f 1113 1114 1117
f 1115 1116 1114
f 1115 1114 1113
f 1095 1091 1094
f 1094 1091 1092
f 1091 1090 1089
f 1092 1091 1089
f 1093 1092 1089
f 1208 1207 1206
f 1208 1206 1213
f 1204 1293 1292
f 1302 1199 1301
f 1301 1199 1300
f 1300 1199 1299
f 1298 1195 1296
f 1197 1296 1195
f 1297 1296 1197
f 1176 1174 1175
f 1175 1174 1173
f 1172 1170 1171
f 1171 1170 1169
f 1190 1189 1188
f 1190 1188 1191
f 1190 1191 1192
f 1193 1192 1191
f 1239 1245 1235
f 1239 1235 1210
f 1239 1210 1238
f 1210 1212 1238
f 1210 1211 1212
f 1211 1210 1209
f 1247 1246 1236
f 1248 1247 1236
f 1243 1248 1236
f 1242 1243 1236
f 1242 1236 1241
f 1237 1241 1236
f 1237 1236 1235
f 1240 1237 1235
f 1244 1240 1235
f 1245 1244 1235
f 1227 1225 1226
f 1226 1225 1224
f 1224 1225 1223
f 1224 1223 1222
f 1223 1219 1222
f 1219 1223 1221
f 1221 1220 1219
f 1221 1218 1220
f 1218 1221 1217
f 1218 1217 1215
f 1215 1217 1214
f 1216 1215 1214
f 1299 1199 1195
f 1299 1195 1298
f 1303 1199 1302
f 1201 1293 1204
f 1201 1294 1293
f 1201 1295 1294
f 1201 1304 1295
f 1303 1304 1199
f 1199 1304 1201
f 1197 1195 1196
f 1291 1290 1176
f 1176 1290 1174
f 1195 1199 1198
f 1195 1198 1194
f 1196 1195 1194
f 1201 1200 1199
f 1199 1200 1198
f 1204 1203 1201
f 1201 1203 1202
f 1201 1202 1200
f 1205 1203 1204
f 1289 1288 1172
f 1172 1288 1170
f 1182 1181 1180
f 1182 1180 1186
f 1186 1180 1187
f 1186 1187 1183
f 1270 1269 1268
f 1271 1269 1270
f 1271 1272 1269
f 1273 1272 1271
f 1273 1274 1272
f 1275 1274 1273
f 1276 1274 1275
f 1277 1274 1276
f 1252 1277 1276
f 1277 1252 1253
f 1254 1253 1252
f 1257 1256 1255
f 1258 1256 1257
f 1259 1256 1258
f 1261 1259 1258
f 1259 1261 1260
f 1263 1260 1261
f 1260 1263 1262
f 1265 1262 1263
f 1262 1265 1264
f 1267 1264 1265
f 1264 1267 1266
f 1186 1183 1184
f 1185 1184 1183
f 1230 1229 1228
f 1230 1234 1229
f 1234 1179 1229
f 1234 1178 1179
f 1177 1178 1231
f 1179 1178 1177
f 1177 1282 1179
f 1282 1283 1179
f 1283 1284 1179
f 1284 1285 1179
f 1285 1286 1179
f 1179 1286 1287
f 1251 1250 1249
f 1251 1249 1278
f 1251 1278 1279
f 1251 1279 1280
f 1251 1280 1281
f 1251 1281 1177
f 1251 1177 1232
f 1232 1177 1231
f 1231 1233 1232
f 1322 1323 1321
f 1324 1323 1322
f 1325 1323 1324
f 1325 1380 1323
f 1381 1380 1325
f 1322 1321 1320
f 1316 1315 1314
f 1379 1381 1312
f 1328 1327 1326
f 1338 1328 1326
f 1339 1328 1338
f 1314 1315 1313
f 1335 1336 1341
f 1335 1341 1344
f 1344 1341 1343
f 1314 1313 1312
f 1343 1341 1342
f 1375 1312 1313
f 1342 1341 1340
f 1383 1342 1340
f 1377 1312 1375
f 1378 1312 1377
f 1379 1312 1378
f 1380 1381 1382
f 1381 1347 1382
f 1347 1381 1379
f 1383 1350 1342
f 1348 1346 1383
f 1383 1346 1350
f 1319 1318 1316
f 1316 1318 1317
f 1316 1317 1315
f 1350 1343 1342
f 1355 1356 1354
f 1348 1347 1346
f 1354 1384 1353
f 1354 1353 1351
f 1351 1355 1354
f 1360 1363 1362
f 1362 1363 1364
f 1361 1359 1360
f 1367 1366 1365
f 1358 1363 1360
f 1366 1369 1365
f 1360 1359 1358
f 1365 1369 1368
f 1313 1374 1372
f 1374 1373 1372
f 1370 1368 1369
f 1368 1370 1371
f 1375 1313 1372
f 1346 1311 1345
f 1346 1347 1311
f 1353 1352 1351
f 1337 1336 1335
f 1376 1372 1373
f 1353 1357 1352
f 1310 1345 1311
f 1332 1331 1349
f 1334 1329 1333
f 1329 1330 1333
f 1331 1332 1330
f 1331 1330 1329
f 1311 1307 1310
f 1310 1307 1308
f 1307 1306 1305
f 1308 1307 1305
f 1309 1308 1305
f 1620 1616 1617
f 1620 1621 1616
f 1621 1622 1616
f 1616 1622 1618
f 1617 1616 1615
f 1618 1615 1616
f 1625 1620 1617
f 1625 1617 1619
f 1615 1619 1617
f 1622 1623 1618
f 1618 1623 1614
f 1615 1618 1614
f 1615 1614 1613
f 1615 1613 1619
f 1613 1625 1619
f 1624 1625 1613
f 1623 1624 1614
f 1614 1624 1613
f 1451 1450 1449
f 1389 1393 1394
f 1400 1399 1398
f 1392 1399 1400
f 1393 1389 1390
f 1391 1390 1389
f 1391 1389 1404
f 1405 1402 1403
f 1403 1402 1401
f 1388 1386 1387
f 1387 1386 1385
f 1542 1540 1546
f 1539 1538 1537
f 1539 1537 1552
f 1551 1539 1552
f 1551 1552 1542
f 1550 1551 1542
f 1550 1542 1549
f 1549 1542 1547
f 1542 1546 1547
f 1548 1547 1546
f 1564 1548 1563
f 1565 1563 1548
f 1566 1565 1548
f 1561 1566 1548
f 1562 1561 1548
f 1548 1556 1562
f 1548 1546 1556
f 1546 1557 1556
f 1557 1560 1556
f 1560 1559 1556
f 1559 1558 1556
f 1559 1555 1558
f 1555 1553 1558
f 1555 1554 1553
f 1436 1435 1452
f 1453 1436 1452
f 1436 1453 1416
f 1453 1415 1416
f 1454 1415 1453
f 1476 1474 1475
f 1475 1474 1473
f 1474 1472 1473
f 1473 1472 1471
f 1472 1470 1471
f 1471 1470 1469
f 1469 1470 1500
f 1469 1500 1501
f 1488 1487 1486
f 1488 1489 1487
f 1478 1476 1477
f 1477 1476 1475
f 1464 1463 1462
f 1464 1465 1463
f 1461 1460 1459
f 1479 1488 1486
f 1488 1479 1480
f 1481 1480 1479
f 1483 1480 1481
f 1483 1481 1482
f 1483 1482 1485
f 1485 1482 1484
f 1484 1502 1485
f 1456 1466 1455
f 1457 1456 1455
f 1542 1541 1540
f 1542 1543 1541
f 1543 1544 1541
f 1543 1545 1544
f 1543 1397 1545
f 1397 1395 1545
f 1397 1396 1395
f 1446 1440 1442
f 1447 1440 1446
f 1438 1447 1448
f 1438 1440 1447
f 1510 1509 1508
f 1509 1410 1508
f 1410 1509 1409
f 1411 1410 1409
f 1423 1422 1421
f 1422 1423 1425
f 1458 1514 1418
f 1418 1419 1458
f 1511 1513 1512
f 1512 1413 1511
f 1413 1512 1412
f 1414 1413 1412
f 1569 1568 1567
f 1570 1568 1569
f 1392 1390 1399
f 1393 1390 1392
f 1420 1419 1418
f 1417 1416 1415
f 1391 1404 1403
f 1405 1403 1404
f 1425 1423 1424
f 1468 1466 1467
f 1467 1466 1456
f 1431 1432 1430
f 1500 1470 1499
f 1470 1497 1499
f 1470 1472 1497
f 1483 1485 1495
f 1480 1483 1494
f 1494 1483 1495
f 1444 1442 1441
f 1442 1440 1441
f 1582 1416 1417
f 1580 1424 1423
f 1581 1424 1580
f 1399 1390 1579
f 1575 1579 1390
f 1575 1390 1391
f 1576 1575 1391
f 1403 1576 1391
f 1576 1403 1574
f 1574 1403 1573
f 1572 1571 1388
f 1388 1571 1386
f 1570 1583 1568
f 1584 1583 1570
f 1472 1474 1496
f 1474 1476 1490
f 1474 1490 1496
f 1476 1491 1490
f 1476 1478 1491
f 1495 1485 1498
f 1492 1480 1494
f 1488 1480 1492
f 1489 1488 1493
f 1485 1502 1498
f 1472 1496 1497
f 1493 1488 1492
f 1431 1430 1429
f 1436 1445 1434
f 1435 1436 1434
f 1582 1445 1416
f 1436 1416 1445
f 1439 1438 1437
f 1440 1438 1439
f 1435 1434 1433
f 1441 1440 1439
f 1575 1576 1577
f 1505 1506 1504
f 1505 1504 1503
f 1579 1575 1578
f 1408 1407 1406
f 1408 1406 1507
f 1507 1406 1506
f 1507 1506 1505
f 1444 1441 1443
f 1428 1427 1426
f 1426 1526 1428
f 1428 1526 1525
f 1527 1525 1526
f 1528 1525 1527
f 1529 1525 1528
f 1529 1530 1525
f 1529 1531 1530
f 1532 1531 1529
f 1522 1521 1520
f 1522 1520 1523
f 1522 1523 1515
f 1516 1522 1515
f 1517 1516 1515
f 1517 1515 1518
f 1519 1517 1518
f 1524 1519 1518
f 1428 1519 1524
f 1519 1428 1525
f 1535 1536 1533
f 1534 1535 1533
f 1518 1534 1533
f 1518 1533 1524
f 1601 1607 1603
f 1607 1612 1603
f 1603 1612 1606
f 1603 1602 1601
f 1603 1604 1602
f 1606 1604 1603
f 1608 1607 1601
f 1612 1598 1606
f 1598 1599 1606
f 1606 1599 1604
f 1599 1602 1604
f 1612 1611 1598
f 1597 1585 1591
f 1585 1586 1591
f 1597 1596 1585
f 1587 1586 1585
f 1596 1587 1585
f 1590 1586 1587
f 1596 1595 1587
f 1595 1590 1587
f 1609 1601 1605
f 1609 1608 1601
f 1602 1605 1601
f 1595 1594 1590
f 1602 1599 1600
f 1602 1600 1605
f 1588 1597 1591
f 1592 1597 1588
f 1591 1586 1588
f 1600 1599 1598
f 1589 1588 1586
f 1586 1590 1589
f 1611 1600 1598
f 1611 1610 1600
f 1610 1609 1605
f 1594 1589 1590
f 1594 1593 1589
f 1593 1592 1589
f 1589 1592 1588
f 1610 1605 1600
f 1646 1644 1645
f 1646 1638 1644
f 1647 1638 1646
f 1647 1637 1638
f 1643 1641 1642
f 1643 1644 1641
f 1645 1644 1643
f 1642 1641 1640
f 1639 1638 1637
f 1628 1627 1626
f 1633 1632 1631
f 1631 1632 1630
f 1631 1630 1629
f 1626 1636 1628
f 1628 1636 1635
f 1628 1635 1633
f 1633 1635 1634
f 1633 1634 1632
f 1665 1666 1664
f 1667 1666 1665
f 1668 1666 1667
f 1668 1723 1666
f 1724 1723 1668
f 1665 1664 1663
f 1659 1658 1657
f 1722 1724 1655
f 1671 1670 1669
f 1681 1671 1669
f 1682 1671 1681
f 1657 1658 1656
f 1678 1679 1684
f 1678 1684 1687
f 1687 1684 1686
f 1657 1656 1655
f 1686 1684 1685
f 1718 1655 1656
f 1685 1684 1683
f 1726 1685 1683
f 1720 1655 1718
f 1721 1655 1720
f 1722 1655 1721
f 1723 1724 1725
f 1724 1690 1725
f 1690 1724 1722
f 1726 1693 1685
f 1691 1689 1726
f 1726 1689 1693
f 1662 1661 1659
f 1659 1661 1660
f 1659 1660 1658
f 1693 1686 1685
f 1698 1699 1697
f 1691 1690 1689
f 1697 1727 1696
f 1697 1696 1694
f 1694 1698 1697
f 1703 1706 1705
f 1705 1706 1707
f 1704 1702 1703
f 1710 1709 1708
f 1701 1706 1703
f 1709 1712 1708
f 1703 1702 1701
f 1708 1712 1711
f 1656 1717 1715
f 1717 1716 1715
f 1713 1711 1712
f 1711 1713 1714
f 1718 1656 1715
f 1689 1654 1688
f 1689 1690 1654
f 1696 1695 1694
f 1680 1679 1678
f 1719 1715 1716
f 1696 1700 1695
f 1653 1688 1654
f 1675 1674 1692
f 1677 1672 1676
f 1672 1673 1676
f 1674 1675 1673
f 1674 1673 1672
f 1654 1650 1653
f 1653 1650 1651
f 1650 1649 1648
f 1651 1650 1648
f 1652 1651 1648
f 1782 1781 1780
f 1783 1781 1782
f 1778 1777 1776
f 1779 1777 1778
f 1770 1769 1768
f 1766 1765 1764
f 1765 1766 1767
f 1762 1761 1760
f 1754 1753 1752
f 1753 1754 1755
f 1730 1729 1728
f 1731 1729 1730
f 1761 1762 1763
f 1750 1749 1748
f 1751 1749 1750
f 1742 1741 1740
f 1743 1741 1742
f 1738 1737 1736
f 1739 1737 1738
f 1798 1797 1796
f 1799 1797 1798
f 1794 1793 1792
f 1795 1793 1794
f 1786 1785 1784
f 1771 1769 1770
f 1787 1785 1786
f 1734 1733 1732
f 1735 1733 1734
f 1790 1789 1788
f 1791 1789 1790
f 1774 1773 1772
f 1775 1773 1774
f 1758 1757 1756
f 1757 1758 1759
f 1746 1745 1744
f 1747 1745 1746
f 1854 1853 1852
f 1855 1853 1854
f 1850 1849 1848
f 1851 1849 1850
f 1842 1841 1840
f 1838 1837 1836
f 1837 1838 1839
f 1834 1833 1832
f 1826 1825 1824
f 1825 1826 1827
f 1802 1801 1800
f 1803 1801 1802
f 1833 1834 1835
f 1822 1821 1820
f 1823 1821 1822
f 1814 1813 1812
f 1815 1813 1814
f 1810 1809 1808
f 1811 1809 1810
f 1870 1869 1868
f 1871 1869 1870
f 1866 1865 1864
f 1867 1865 1866
f 1858 1857 1856
f 1843 1841 1842
f 1859 1857 1858
f 1806 1805 1804
f 1807 1805 1806
f 1862 1861 1860
f 1863 1861 1862
f 1846 1845 1844
f 1847 1845 1846
f 1830 1829 1828
f 1829 1830 1831
f 1818 1817 1816
f 1819 1817 1818
f 1937 1873 1872
f 1872 1936 1937
f 2001 1937 1936
f 1936 2000 2001
f 2065 2001 2000
f 2000 2064 2065
f 2129 2065 2064
f 2064 2128 2129
f 2193 2129 2128
f 2128 2192 2193
f 2257 2193 2192
f 2192 2256 2257
f 2321 2257 2256
f 2256 2320 2321
f 2385 2321 2320
f 2320 2384 2385
f 2449 2385 2384
f 2384 2448 2449
f 2513 2449 2448
f 2448 2512 2513
f 2577 2513 2512
f 2512 2576 2577
f 2641 2577 2576
f 2576 2640 2641
f 2705 2641 2640
f 2640 2704 2705
f 2769 2705 2704
f 2704 2768 2769
f 2833 2769 2768
f 2768 2832 2833
f 2897 2833 2832
f 2832 2896 2897
f 2961 2897 2896
f 2896 2960 2961
f 3025 2961 2960
f 2960 3024 3025
f 3089 3025 3024
f 3024 3088 3089
f 3153 3089 3088
f 3088 3152 3153
f 3217 3153 3152
f 3152 3216 3217
f 3281 3217 3216
f 3216 3280 3281
f 3345 3281 3280
f 3280 3344 3345
f 3409 3345 3344
f 3344 3408 3409
f 3473 3409 3408
f 3408 3472 3473
f 3537 3473 3472
f 3472 3536 3537
f 3601 3537 3536
f 3536 3600 3601
f 3665 3601 3600
f 3600 3664 3665
f 3729 3665 3664
f 3664 3728 3729
f 3793 3729 3728
f 3728 3792 3793
f 3857 3793 3792
f 3792 3856 3857
f 3921 3857 3856
f 3856 3920 3921
f 3985 3921 3920
f 3920 3984 3985
f 4049 3985 3984
f 3984 4048 4049
f 4113 4049 4048
f 4048 4112 4113
f 4177 4113 4112
f 4112 4176 4177
f 4241 4177 4176
f 4176 4240 4241
f 4305 4241 4240
f 4240 4304 4305
f 4369 4305 4304
f 4304 4368 4369
f 4433 4369 4368
f 4368 4432 4433
f 4497 4433 4432
f 4432 4496 4497
f 4561 4497 4496
f 4496 4560 4561
f 4625 4561 4560
f 4560 4624 4625
f 4689 4625 4624
f 4624 4688 4689
f 4753 4689 4688
f 4688 4752 4753
f 4817 4753 4752
f 4752 4816 4817
f 4881 4817 4816
f 4816 4880 4881
f 4945 4881 4880
f 4880 4944 4945
f 5009 4945 4944
f 4944 5008 5009
f 5073 5009 5008
f 5008 5072 5073
f 5137 5073 5072
f 5072 5136 5137
f 5201 5137 5136
f 5136 5200 5201
f 5265 5201 5200
f 5200 5264 5265
f 5329 5265 5264
f 5264 5328 5329
f 5393 5329 5328
f 5328 5392 5393
f 5457 5393 5392
f 5392 5456 5457
f 5521 5457 5456
f 5456 5520 5521
f 5585 5521 5520
f 5520 5584 5585
f 5649 5585 5584
f 5584 5648 5649
f 5713 5649 5648
f 5648 5712 5713
f 5777 5713 5712
f 5712 5776 5777
f 5841 5777 5776
f 5776 5840 5841
f 5905 5841 5840
f 5840 5904 5905
f 1938 1874 1873
f 1873 1937 1938
f 2002 1938 1937
f 1937 2001 2002
f 2066 2002 2001
f 2001 2065 2066
f 2130 2066 2065
f 2065 2129 2130
f 2194 2130 2129
f 2129 2193 2194
f 2258 2194 2193
f 2193 2257 2258
f 2322 2258 2257
f 2257 2321 2322
f 2386 2322 2321
f 2321 2385 2386
f 2450 2386 2385
f 2385 2449 2450
f 2514 2450 2449
f 2449 2513 2514
f 2578 2514 2513
f 2513 2577 2578
f 2642 2578 2577
f 2577 2641 2642
f 2706 2642 2641
f 2641 2705 2706
f 2770 2706 2705
f 2705 2769 2770
f 2834 2770 2769
f 2769 2833 2834
f 2898 2834 2833
f 2833 2897 2898
f 2962 2898 2897
f 2897 2961 2962
f 3026 2962 2961
f 2961 3025 3026
f 3090 3026 3025
f 3025 3089 3090
f 3154 3090 3089
f 3089 3153 3154
f 3218 3154 3153
f 3153 3217 3218
f 3282 3218 3217
f 3217 3281 3282
f 3346 3282 3281
f 3281 3345 3346
f 3410 3346 3345
f 3345 3409 3410
f 3474 3410 3409
f 3409 3473 3474
f 3538 3474 3473
f 3473 3537 3538
f 3602 3538 3537
f 3537 3601 3602
f 3666 3602 3601
f 3601 3665 3666
f 3730 3666 3665
f 3665 3729 3730
f 3794 3730 3729
f 3729 3793 3794
f 3858 3794 3793
f 3793 3857 3858
f 3922 3858 3857
f 3857 3921 3922
f 3986 3922 3921
f 3921 3985 3986
f 4050 3986 3985
f 3985 4049 4050
f 4114 4050 4049
f 4049 4113 4114
f 4178 4114 4113
f 4113 4177 4178
f 4242 4178 4177
f 4177 4241 4242
f 4306 4242 4241
f 4241 4305 4306
f 4370 4306 4305
f 4305 4369 4370
f 4434 4370 4369
f 4369 4433 4434
f 4498 4434 4433
f 4433 4497 4498
f 4562 4498 4497
f 4497 4561 4562
f 4626 4562 4561
f 4561 4625 4626
f 4690 4626 4625
f 4625 4689 4690
f 4754 4690 4689
f 4689 4753 4754
f 4818 4754 4753
f 4753 4817 4818
f 4882 4818 4817
f 4817 4881 4882
f 4946 4882 4881
f 4881 4945 4946
f 5010 4946 4945
f 4945 5009 5010
f 5074 5010 5009
f 5009 5073 5074
f 5138 5074 5073
f 5073 5137 5138
f 5202 5138 5137
f 5137 5201 5202
f 5266 5202 5201
f 5201 5265 5266
f 5330 5266 5265
f 5265 5329 5330
f 5394 5330 5329
f 5329 5393 5394
f 5458 5394 5393
f 5393 5457 5458
f 5522 5458 5457
f 5457 5521 5522
f 5586 5522 5521
f 5521 5585 5586
f 5650 5586 5585
f 5585 5649 5650
f 5714 5650 5649
f 5649 5713 5714
f 5778 5714 5713
f 5713 5777 5778
f 5842 5778 5777
f 5777 5841 5842
f 5906 5842 5841
f 5841 5905 5906
f 1939 1875 1874
f 1874 1938 1939
f 2003 1939 1938
f 1938 2002 2003
f 2067 2003 2002
f 2002 2066 2067
f 2131 2067 2066
f 2066 2130 2131
f 2195 2131 2130
f 2130 2194 2195
f 2259 2195 2194
f 2194 2258 2259
f 2323 2259 2258
f 2258 2322 2323
f 2387 2323 2322
f 2322 2386 2387
f 2451 2387 2386
f 2386 2450 2451
f 2515 2451 2450
f 2450 2514 2515
f 2579 2515 2514
f 2514 2578 2579
f 2643 2579 2578
f 2578 2642 2643
f 2707 2643 2642
f 2642 2706 2707
f 2771 2707 2706
f 2706 2770 2771
f 2835 2771 2770
f 2770 2834 2835
f 2899 2835 2834
f 2834 2898 2899
f 2963 2899 2898
f 2898 2962 2963
f 3027 2963 2962
f 2962 3026 3027
f 3091 3027 3026
f 3026 3090 3091
f 3155 3091 3090
f 3090 3154 3155
f 3219 3155 3154
f 3154 3218 3219
f 3283 3219 3218
f 3218 3282 3283
f 3347 3283 3282
f 3282 3346 3347
f 3411 3347 3346
f 3346 3410 3411
f 3475 3411 3410
f 3410 3474 3475
f 3539 3475 3474
f 3474 3538 3539
f 3603 3539 3538
f 3538 3602 3603
f 3667 3603 3602
f 3602 3666 3667
f 3731 3667 3666
f 3666 3730 3731
f 3795 3731 3730
f 3730 3794 3795
f 3859 3795 3794
f 3794 3858 3859
f 3923 3859 3858
f 3858 3922 3923
f 3987 3923 3922
f 3922 3986 3987
f 4051 3987 3986
f 3986 4050 4051
f 4115 4051 4050
f 4050 4114 4115
f 4179 4115 4114
f 4114 4178 4179
f 4243 4179 4178
f 4178 4242 4243
f 4307 4243 4242
f 4242 4306 4307
f 4371 4307 4306
f 4306 4370 4371
f 4435 4371 4370
f 4370 4434 4435
f 4499 4435 4434
f 4434 4498 4499
f 4563 4499 4498
f 4498 4562 4563
f 4627 4563 4562
f 4562 4626 4627
f 4691 4627 4626
f 4626 4690 4691
f 4755 4691 4690
f 4690 4754 4755
f 4819 4755 4754
f 4754 4818 4819
f 4883 4819 4818
f 4818 4882 4883
f 4947 4883 4882
f 4882 4946 4947
f 5011 4947 4946
f 4946 5010 5011
f 5075 5011 5010
f 5010 5074 5075
f 5139 5075 5074
f 5074 5138 5139
f 5203 5139 5138
f 5138 5202 5203
f 5267 5203 5202
f 5202 5266 5267
f 5331 5267 5266
f 5266 5330 5331
f 5395 5331 5330
f 5330 5394 5395
f 5459 5395 5394
f 5394 5458 5459
f 5523 5459 5458
f 5458 5522 5523
f 5587 5523 5522
f 5522 5586 5587
f 5651 5587 5586
f 5586 5650 5651
f 5715 5651 5650
f 5650 5714 5715
f 5779 5715 5714
f 5714 5778 5779
f 5843 5779 5778
f 5778 5842 5843
f 5907 5843 5842
f 5842 5906 5907
f 1940 1876 1875
f 1875 1939 1940
f 2004 1940 1939
f 1939 2003 2004
f 2068 2004 2003
f 2003 2067 2068
f 2132 2068 2067
f 2067 2131 2132
f 2196 2132 2131
f 2131 2195 2196
f 2260 2196 2195
f 2195 2259 2260
f 2324 2260 2259
f 2259 2323 2324
f 2388 2324 2323
f 2323 2387 2388
f 2452 2388 2387
f 2387 2451 2452
f 2516 2452 2451
f 2451 2515 2516
f 2580 2516 2515
f 2515 2579 2580
f 2644 2580 2579
f 2579 2643 2644
f 2708 2644 2643
f 2643 2707 2708
f 2772 2708 2707
f 2707 2771 2772
f 2836 2772 2771
f 2771 2835 2836
f 2900 2836 2835
f 2835 2899 2900
f 2964 2900 2899
f 2899 2963 2964
f 3028 2964 2963
f 2963 3027 3028
f 3092 3028 3027
f 3027 3091 3092
f 3156 3092 3091
f 3091 3155 3156
f 3220 3156 3155
f 3155 3219 3220
f 3284 3220 3219
f 3219 3283 3284
f 3348 3284 3283
f 3283 3347 3348
f 3412 3348 3347
f 3347 3411 3412
f 3476 3412 3411
f 3411 3475 3476
f 3540 3476 3475
f 3475 3539 3540
f 3604 3540 3539
f 3539 3603 3604
f 3668 3604 3603
f 3603 3667 3668
f 3732 3668 3667
f 3667 3731 3732
f 3796 3732 3731
f 3731 3795 3796
f 3860 3796 3795
f 3795 3859 3860
f 3924 3860 3859
f 3859 3923 3924
f 3988 3924 3923
f 3923 3987 3988
f 4052 3988 3987
f 3987 4051 4052
f 4116 4052 4051
f 4051 4115 4116
f 4180 4116 4115
f 4115 4179 4180
f 4244 4180 4179
f 4179 4243 4244
f 4308 4244 4243
f 4243 4307 4308
f 4372 4308 4307
f 4307 4371 4372
f 4436 4372 4371
f 4371 4435 4436
f 4500 4436 4435
f 4435 4499 4500
f 4564 4500 4499
f 4499 4563 4564
f 4628 4564 4563
f 4563 4627 4628
f 4692 4628 4627
f 4627 4691 4692
f 4756 4692 4691
f 4691 4755 4756
f 4820 4756 4755
f 4755 4819 4820
f 4884 4820 4819
f 4819 4883 4884
f 4948 4884 4883
f 4883 4947 4948
f 5012 4948 4947
f 4947 5011 5012
f 5076 5012 5011
f 5011 5075 5076
f 5140 5076 5075
f 5075 5139 5140
f 5204 5140 5139
f 5139 5203 5204
f 5268 5204 5203
f 5203 5267 5268
f 5332 5268 5267
f 5267 5331 5332
f 5396 5332 5331
f 5331 5395 5396
f 5460 5396 5395
f 5395 5459 5460
f 5524 5460 5459
f 5459 5523 5524
f 5588 5524 5523
f 5523 5587 5588
f 5652 5588 5587
f 5587 5651 5652
f 5716 5652 5651
f 5651 5715 5716
f 5780 5716 5715
f 5715 5779 5780
f 5844 5780 5779
f 5779 5843 5844
f 5908 5844 5843
f 5843 5907 5908
f 1941 1877 1876
f 1876 1940 1941
f 2005 1941 1940
f 1940 2004 2005
f 2069 2005 2004
f 2004 2068 2069
f 2133 2069 2068
f 2068 2132 2133
f 2197 2133 2132
f 2132 2196 2197
f 2261 2197 2196
f 2196 2260 2261
f 2325 2261 2260
f 2260 2324 2325
f 2389 2325 2324
f 2324 2388 2389
f 2453 2389 2388
f 2388 2452 2453
f 2517 2453 2452
f 2452 2516 2517
f 2581 2517 2516
f 2516 2580 2581
f 2645 2581 2580
f 2580 2644 2645
f 2709 2645 2644
f 2644 2708 2709
f 2773 2709 2708
f 2708 2772 2773
f 2837 2773 2772
f 2772 2836 2837
f 2901 2837 2836
f 2836 2900 2901
f 2965 2901 2900
f 2900 2964 2965
f 3029 2965 2964
f 2964 3028 3029
f 3093 3029 3028
f 3028 3092 3093
f 3157 3093 3092
f 3092 3156 3157
f 3221 3157 3156
f 3156 3220 3221
f 3285 3221 3220
f 3220 3284 3285
f 3349 3285 3284
f 3284 3348 3349
f 3413 3349 3348
f 3348 3412 3413
f 3477 3413 3412
f 3412 3476 3477
f 3541 3477 3476
f 3476 3540 3541
f 3605 3541 3540
f 3540 3604 3605
f 3669 3605 3604
f 3604 3668 3669
f 3733 3669 3668
f 3668 3732 3733
f 3797 3733 3732
f 3732 3796 3797
f 3861 3797 3796
f 3796 3860 3861
f 3925 3861 3860
f 3860 3924 3925
f 3989 3925 3924
f 3924 3988 3989
f 4053 3989 3988
f 3988 4052 4053
f 4117 4053 4052
f 4052 4116 4117
f 4181 4117 4116
f 4116 4180 4181
f 4245 4181 4180
f 4180 4244 4245
f 4309 4245 4244
f 4244 4308 4309
f 4373 4309 4308
f 4308 4372 4373
f 4437 4373 4372
f 4372 4436 4437
f 4501 4437 4436
f 4436 4500 4501
f 4565 4501 4500
f 4500 4564 4565
f 4629 4565 4564
f 4564 4628 4629
f 4693 4629 4628
f 4628 4692 4693
f 4757 4693 4692
f 4692 4756 4757
f 4821 4757 4756
f 4756 4820 4821
f 4885 4821 4820
f 4820 4884 4885
f 4949 4885 4884
f 4884 4948 4949
f 5013 4949 4948
f 4948 5012 5013
f 5077 5013 5012
f 5012 5076 5077
f 5141 5077 5076
f 5076 5140 5141
f 5205 5141 5140
f 5140 5204 5205
f 5269 5205 5204
f 5204 5268 5269
f 5333 5269 5268
f 5268 5332 5333
f 5397 5333 5332
f 5332 5396 5397
f 5461 5397 5396
f 5396 5460 5461
f 5525 5461 5460
f 5460 5524 5525
f 5589 5525 5524
f 5524 5588 5589
f 5653 5589 5588
f 5588 5652 5653
f 5717 5653 5652
f 5652 5716 5717
f 5781 5717 5716
f 5716 5780 5781
f 5845 5781 5780
f 5780 5844 5845
f 5909 5845 5844
f 5844 5908 5909
f 1942 1878 1877
f 1877 1941 1942
f 2006 1942 1941
f 1941 2005 2006
f 2070 2006 2005
f 2005 2069 2070
f 2134 2070 2069
f 2069 2133 2134
f 2198 2134 2133
f 2133 2197 2198
f 2262 2198 2197
f 2197 2261 2262
f 2326 2262 2261
f 2261 2325 2326
f 2390 2326 2325
f 2325 2389 2390
f 2454 2390 2389
f 2389 2453 2454
f 2518 2454 2453
f 2453 2517 2518
f 2582 2518 2517
f 2517 2581 2582
f 2646 2582 2581
f 2581 2645 2646
f 2710 2646 2645
f 2645 2709 2710
f 2774 2710 2709
f 2709 2773 2774
f 2838 2774 2773
f 2773 2837 2838
f 2902 2838 2837
f 2837 2901 2902
f 2966 2902 2901
f 2901 2965 2966
f 3030 2966 2965
f 2965 3029 3030
f 3094 3030 3029
f 3029 3093 3094
f 3158 3094 3093
f 3093 3157 3158
f 3222 3158 3157
f 3157 3221 3222
f 3286 3222 3221
f 3221 3285 3286
f 3350 3286 3285
f 3285 3349 3350
f 3414 3350 3349
f 3349 3413 3414
f 3478 3414 3413
f 3413 3477 3478
f 3542 3478 3477
f 3477 3541 3542
f 3606 3542 3541
f 3541 3605 3606
f 3670 3606 3605
f 3605 3669 3670
f 3734 3670 3669
f 3669 3733 3734
f 3798 3734 3733
f 3733 3797 3798
f 3862 3798 3797
f 3797 3861 3862
f 3926 3862 3861
f 3861 3925 3926
f 3990 3926 3925
f 3925 3989 3990
f 4054 3990 3989
f 3989 4053 4054
f 4118 4054 4053
f 4053 4117 4118
f 4182 4118 4117
f 4117 4181 4182
f 4246 4182 4181
f 4181 4245 4246
f 4310 4246 4245
f 4245 4309 4310
f 4374 4310 4309
f 4309 4373 4374
f 4438 4374 4373
f 4373 4437 4438
f 4502 4438 4437
f 4437 4501 4502
f 4566 4502 4501
f 4501 4565 4566
f 4630 4566 4565
f 4565 4629 4630
f 4694 4630 4629
f 4629 4693 4694
f 4758 4694 4693
f 4693 4757 4758
f 4822 4758 4757
f 4757 4821 4822
f 4886 4822 4821
f 4821 4885 4886
f 4950 4886 4885
f 4885 4949 4950
f 5014 4950 4949
f 4949 5013 5014
f 5078 5014 5013
f 5013 5077 5078
f 5142 5078 5077
f 5077 5141 5142
f 5206 5142 5141
f 5141 5205 5206
f 5270 5206 5205
f 5205 5269 5270
f 5334 5270 5269
f 5269 5333 5334
f 5398 5334 5333
f 5333 5397 5398
f 5462 5398 5397
f 5397 5461 5462
f 5526 5462 5461
f 5461 5525 5526
f 5590 5526 5525
f 5525 5589 5590
f 5654 5590 5589
f 5589 5653 5654
f 5718 5654 5653
f 5653 5717 5718
f 5782 5718 5717
f 5717 5781 5782
f 5846 5782 5781
f 5781 5845 5846
f 5910 5846 5845
f 5845 5909 5910
f 1943 1879 1878
f 1878 1942 1943
f 2007 1943 1942
f 1942 2006 2007
f 2071 2007 2006
f 2006 2070 2071
f 2135 2071 2070
f 2070 2134 2135
f 2199 2135 2134
f 2134 2198 2199
f 2263 2199 2198
f 2198 2262 2263
f 2327 2263 2262
f 2262 2326 2327
f 2391 2327 2326
f 2326 2390 2391
f 2455 2391 2390
f 2390 2454 2455
f 2519 2455 2454
f 2454 2518 2519
f 2583 2519 2518
f 2518 2582 2583
f 2647 2583 2582
f 2582 2646 2647
f 2711 2647 2646
f 2646 2710 2711
f 2775 2711 2710
f 2710 2774 2775
f 2839 2775 2774
f 2774 2838 2839
f 2903 2839 2838
f 2838 2902 2903
f 2967 2903 2902
f 2902 2966 2967
f 3031 2967 2966
f 2966 3030 3031
f 3095 3031 3030
f 3030 3094 3095
f 3159 3095 3094
f 3094 3158 3159
f 3223 3159 3158
f 3158 3222 3223
f 3287 3223 3222
f 3222 3286 3287
f 3351 3287 3286
f 3286 3350 3351
f 3415 3351 3350
f 3350 3414 3415
f 3479 3415 3414
f 3414 3478 3479
f 3543 3479 3478
f 3478 3542 3543
f 3607 3543 3542
f 3542 3606 3607
f 3671 3607 3606
f 3606 3670 3671
f 3735 3671 3670
f 3670 3734 3735
f 3799 3735 3734
f 3734 3798 3799
f 3863 3799 3798
f 3798 3862 3863
f 3927 3863 3862
f 3862 3926 3927
f 3991 3927 3926
f 3926 3990 3991
f 4055 3991 3990
f 3990 4054 4055
f 4119 4055 4054
f 4054 4118 4119
f 4183 4119 4118
f 4118 4182 4183
f 4247 4183 4182
f 4182 4246 4247
f 4311 4247 4246
f 4246 4310 4311
f 4375 4311 4310
f 4310 4374 4375
f 4439 4375 4374
f 4374 4438 4439
f 4503 4439 4438
f 4438 4502 4503
f 4567 4503 4502
f 4502 4566 4567
f 4631 4567 4566
f 4566 4630 4631
f 4695 4631 4630
f 4630 4694 4695
f 4759 4695 4694
f 4694 4758 4759
f 4823 4759 4758
f 4758 4822 4823
f 4887 4823 4822
f 4822 4886 4887
f 4951 4887 4886
f 4886 4950 4951
f 5015 4951 4950
f 4950 5014 5015
f 5079 5015 5014
f 5014 5078 5079
f 5143 5079 5078
f 5078 5142 5143
f 5207 5143 5142
f 5142 5206 5207
f 5271 5207 5206
f 5206 5270 5271
f 5335 5271 5270
f 5270 5334 5335
f 5399 5335 5334
f 5334 5398 5399
f 5463 5399 5398
f 5398 5462 5463
f 5527 5463 5462
f 5462 5526 5527
f 5591 5527 5526
f 5526 5590 5591
f 5655 5591 5590
f 5590 5654 5655
f 5719 5655 5654
f 5654 5718 5719
f 5783 5719 5718
f 5718 5782 5783
f 5847 5783 5782
f 5782 5846 5847
f 5911 5847 5846
f 5846 5910 5911
f 1944 1880 1879
f 1879 1943 1944
f 2008 1944 1943
f 1943 2007 2008
f 2072 2008 2007
f 2007 2071 2072
f 2136 2072 2071
f 2071 2135 2136
f 2200 2136 2135
f 2135 2199 2200
f 2264 2200 2199
f 2199 2263 2264
f 2328 2264 2263
f 2263 2327 2328
f 2392 2328 2327
f 2327 2391 2392
f 2456 2392 2391
f 2391 2455 2456
f 2520 2456 2455
f 2455 2519 2520
f 2584 2520 2519
f 2519 2583 2584
f 2648 2584 2583
f 2583 2647 2648
f 2712 2648 2647
f 2647 2711 2712
f 2776 2712 2711
f 2711 2775 2776
f 2840 2776 2775
f 2775 2839 2840
f 2904 2840 2839
f 2839 2903 2904
f 2968 2904 2903
f 2903 2967 2968
f 3032 2968 2967
f 2967 3031 3032
f 3096 3032 3031
f 3031 3095 3096
f 3160 3096 3095
f 3095 3159 3160
f 3224 3160 3159
f 3159 3223 3224
f 3288 3224 3223
f 3223 3287 3288
f 3352 3288 3287
f 3287 3351 3352
f 3416 3352 3351
f 3351 3415 3416
f 3480 3416 3415
f 3415 3479 3480
f 3544 3480 3479
f 3479 3543 3544
f 3608 3544 3543
f 3543 3607 3608
f 3672 3608 3607
f 3607 3671 3672
f 3736 3672 3671
f 3671 3735 3736
f 3800 3736 3735
f 3735 3799 3800
f 3864 3800 3799
f 3799 3863 3864
f 3928 3864 3863
f 3863 3927 3928
f 3992 3928 3927
f 3927 3991 3992
f 4056 3992 3991
f 3991 4055 4056
f 4120 4056 4055
f 4055 4119 4120
f 4184 4120 4119
f 4119 4183 4184
f 4248 4184 4183
f 4183 4247 4248
f 4312 4248 4247
f 4247 4311 4312
f 4376 4312 4311
f 4311 4375 4376
f 4440 4376 4375
f 4375 4439 4440
f 4504 4440 4439
f 4439 4503 4504
f 4568 4504 4503
f 4503 4567 4568
f 4632 4568 4567
f 4567 4631 4632
f 4696 4632 4631
f 4631 4695 4696
f 4760 4696 4695
f 4695 4759 4760
f 4824 4760 4759
f 4759 4823 4824
f 4888 4824 4823
f 4823 4887 4888
f 4952 4888 4887
f 4887 4951 4952
f 5016 4952 4951
f 4951 5015 5016
f 5080 5016 5015
f 5015 5079 5080
f 5144 5080 5079
f 5079 5143 5144
f 5208 5144 5143
f 5143 5207 5208
f 5272 5208 5207
f 5207 5271 5272
f 5336 5272 5271
f 5271 5335 5336
f 5400 5336 5335
f 5335 5399 5400
f 5464 5400 5399
f 5399 5463 5464
f 5528 5464 5463
f 5463 5527 5528
f 5592 5528 5527
f 5527 5591 5592
f 5656 5592 5591
f 5591 5655 5656
f 5720 5656 5655
f 5655 5719 5720
f 5784 5720 5719
f 5719 5783 5784
f 5848 5784 5783
f 5783 5847 5848
f 5912 5848 5847
f 5847 5911 5912
f 1945 1881 1880
f 1880 1944 1945
f 2009 1945 1944
f 1944 2008 2009
f 2073 2009 2008
f 2008 2072 2073
f 2137 2073 2072
f 2072 2136 2137
f 2201 2137 2136
f 2136 2200 2201
f 2265 2201 2200
f 2200 2264 2265
f 2329 2265 2264
f 2264 2328 2329
f 2393 2329 2328
f 2328 2392 2393
f 2457 2393 2392
f 2392 2456 2457
f 2521 2457 2456
f 2456 2520 2521
f 2585 2521 2520
f 2520 2584 2585
f 2649 2585 2584
f 2584 2648 2649
f 2713 2649 2648
f 2648 2712 2713
f 2777 2713 2712
f 2712 2776 2777
f 2841 2777 2776
f 2776 2840 2841
f 2905 2841 2840
f 2840 2904 2905
f 2969 2905 2904
f 2904 2968 2969
f 3033 2969 2968
f 2968 3032 3033
f 3097 3033 3032
f 3032 3096 3097
f 3161 3097 3096
f 3096 3160 3161
f 3225 3161 3160
f 3160 3224 3225
f 3289 3225 3224
f 3224 3288 3289
f 3353 3289 3288
f 3288 3352 3353
f 3417 3353 3352
f 3352 3416 3417
f 3481 3417 3416
f 3416 3480 3481
f 3545 3481 3480
f 3480 3544 3545
f 3609 3545 3544
f 3544 3608 3609
f 3673 3609 3608
f 3608 3672 3673
f 3737 3673 3672
f 3672 3736 3737
f 3801 3737 3736
f 3736 3800 3801
f 3865 3801 3800
f 3800 3864 3865
f 3929 3865 3864
f 3864 3928 3929
f 3993 3929 3928
f 3928 3992 3993
f 4057 3993 3992
f 3992 4056 4057
f 4121 4057 4056
f 4056 4120 4121
f 4185 4121 4120
f 4120 4184 4185
f 4249 4185 4184
f 4184 4248 4249
f 4313 4249 4248
f 4248 4312 4313
f 4377 4313 4312
f 4312 4376 4377
f 4441 4377 4376
f 4376 4440 4441
f 4505 4441 4440
f 4440 4504 4505
f 4569 4505 4504
f 4504 4568 4569
f 4633 4569 4568
f 4568 4632 4633
f 4697 4633 4632
f 4632 4696 4697
f 4761 4697 4696
f 4696 4760 4761
f 4825 4761 4760
f 4760 4824 4825
f 4889 4825 4824
f 4824 4888 4889
f 4953 4889 4888
f 4888 4952 4953
f 5017 4953 4952
f 4952 5016 5017
f 5081 5017 5016
f 5016 5080 5081
f 5145 5081 5080
f 5080 5144 5145
f 5209 5145 5144
f 5144 5208 5209
f 5273 5209 5208
f 5208 5272 5273
f 5337 5273 5272
f 5272 5336 5337
f 5401 5337 5336
f 5336 5400 5401
f 5465 5401 5400
f 5400 5464 5465
f 5529 5465 5464
f 5464 5528 5529
f 5593 5529 5528
f 5528 5592 5593
f 5657 5593 5592
f 5592 5656 5657
f 5721 5657 5656
f 5656 5720 5721
f 5785 5721 5720
f 5720 5784 5785
f 5849 5785 5784
f 5784 5848 5849
f 5913 5849 5848
f 5848 5912 5913
f 1946 1882 1881
f 1881 1945 1946
f 2010 1946 1945
f 1945 2009 2010
f 2074 2010 2009
f 2009 2073 2074
f 2138 2074 2073
f 2073 2137 2138
f 2202 2138 2137
f 2137 2201 2202
f 2266 2202 2201
f 2201 2265 2266
f 2330 2266 2265
f 2265 2329 2330
f 2394 2330 2329
f 2329 2393 2394
f 2458 2394 2393
f 2393 2457 2458
f 2522 2458 2457
f 2457 2521 2522
f 2586 2522 2521
f 2521 2585 2586
f 2650 2586 2585
f 2585 2649 2650
f 2714 2650 2649
f 2649 2713 2714
f 2778 2714 2713
f 2713 2777 2778
f 2842 2778 2777
f 2777 2841 2842
f 2906 2842 2841
f 2841 2905 2906
f 2970 2906 2905
f 2905 2969 2970
f 3034 2970 2969
f 2969 3033 3034
f 3098 3034 3033
f 3033 3097 3098
f 3162 3098 3097
f 3097 3161 3162
f 3226 3162 3161
f 3161 3225 3226
f 3290 3226 3225
f 3225 3289 3290
f 3354 3290 3289
f 3289 3353 3354
f 3418 3354 3353
f 3353 3417 3418
f 3482 3418 3417
f 3417 3481 3482
f 3546 3482 3481
f 3481 3545 3546
f 3610 3546 3545
f 3545 3609 3610
f 3674 3610 3609
f 3609 3673 3674
f 3738 3674 3673
f 3673 3737 3738
f 3802 3738 3737
f 3737 3801 3802
f 3866 3802 3801
f 3801 3865 3866
f 3930 3866 3865
f 3865 3929 3930
f 3994 3930 3929
f 3929 3993 3994
f 4058 3994 3993
f 3993 4057 4058
f 4122 4058 4057
f 4057 4121 4122
f 4186 4122 4121
f 4121 4185 4186
f 4250 4186 4185
f 4185 4249 4250
f 4314 4250 4249
f 4249 4313 4314
f 4378 4314 4313
f 4313 4377 4378
f 4442 4378 4377
f 4377 4441 4442
f 4506 4442 4441
f 4441 4505 4506
f 4570 4506 4505
f 4505 4569 4570
f 4634 4570 4569
f 4569 4633 4634
f 4698 4634 4633
f 4633 4697 4698
f 4762 4698 4697
f 4697 4761 4762
f 4826 4762 4761
f 4761 4825 4826
f 4890 4826 4825
f 4825 4889 4890
f 4954 4890 4889
f 4889 4953 4954
f 5018 4954 4953
f 4953 5017 5018
f 5082 5018 5017
f 5017 5081 5082
f 5146 5082 5081
f 5081 5145 5146
f 5210 5146 5145
f 5145 5209 5210
f 5274 5210 5209
f 5209 5273 5274
f 5338 5274 5273
f 5273 5337 5338
f 5402 5338 5337
f 5337 5401 5402
f 5466 5402 5401
f 5401 5465 5466
f 5530 5466 5465
f 5465 5529 5530
f 5594 5530 5529
f 5529 5593 5594
f 5658 5594 5593
f 5593 5657 5658
f 5722 5658 5657
f 5657 5721 5722
f 5786 5722 5721
f 5721 5785 5786
f 5850 5786 5785
f 5785 5849 5850
f 5914 5850 5849
f 5849 5913 5914
f 1947 1883 1882
f 1882 1946 1947
f 2011 1947 1946
f 1946 2010 2011
f 2075 2011 2010
f 2010 2074 2075
f 2139 2075 2074
f 2074 2138 2139
f 2203 2139 2138
f 2138 2202 2203
f 2267 2203 2202
f 2202 2266 2267
f 2331 2267 2266
f 2266 2330 2331
f 2395 2331 2330
f 2330 2394 2395
f 2459 2395 2394
f 2394 2458 2459
f 2523 2459 2458
f 2458 2522 2523
f 2587 2523 2522
f 2522 2586 2587
f 2651 2587 2586
f 2586 2650 2651
f 2715 2651 2650
f 2650 2714 2715
f 2779 2715 2714
f 2714 2778 2779
f 2843 2779 2778
f 2778 2842 2843
f 2907 2843 2842
f 2842 2906 2907
f 2971 2907 2906
f 2906 2970 2971
f 3035 2971 2970
f 2970 3034 3035
f 3099 3035 3034
f 3034 3098 3099
f 3163 3099 3098
f 3098 3162 3163
f 3227 3163 3162
f 3162 3226 3227
f 3291 3227 3226
f 3226 3290 3291
f 3355 3291 3290
f 3290 3354 3355
f 3419 3355 3354
f 3354 3418 3419
f 3483 3419 3418
f 3418 3482 3483
f 3547 3483 3482
f 3482 3546 3547
f 3611 3547 3546
f 3546 3610 3611
f 3675 3611 3610
f 3610 3674 3675
f 3739 3675 3674
f 3674 3738 3739
f 3803 3739 3738
f 3738 3802 3803
f 3867 3803 3802
f 3802 3866 3867
f 3931 3867 3866
f 3866 3930 3931
f 3995 3931 3930
f 3930 3994 3995
f 4059 3995 3994
f 3994 4058 4059
f 4123 4059 4058
f 4058 4122 4123
f 4187 4123 4122
f 4122 4186 4187
f 4251 4187 4186
f 4186 4250 4251
f 4315 4251 4250
f 4250 4314 4315
f 4379 4315 4314
f 4314 4378 4379
f 4443 4379 4378
f 4378 4442 4443
f 4507 4443 4442
f 4442 4506 4507
f 4571 4507 4506
f 4506 4570 4571
f 4635 4571 4570
f 4570 4634 4635
f 4699 4635 4634
f 4634 4698 4699
f 4763 4699 4698
f 4698 4762 4763
f 4827 4763 4762
f 4762 4826 4827
f 4891 4827 4826
f 4826 4890 4891
f 4955 4891 4890
f 4890 4954 4955
f 5019 4955 4954
f 4954 5018 5019
f 5083 5019 5018
f 5018 5082 5083
f 5147 5083 5082
f 5082 5146 5147
f 5211 5147 5146
f 5146 5210 5211
f 5275 5211 5210
f 5210 5274 5275
f 5339 5275 5274
f 5274 5338 5339
f 5403 5339 5338
f 5338 5402 5403
f 5467 5403 5402
f 5402 5466 5467
f 5531 5467 5466
f 5466 5530 5531
f 5595 5531 5530
f 5530 5594 5595
f 5659 5595 5594
f 5594 5658 5659
f 5723 5659 5658
f 5658 5722 5723
f 5787 5723 5722
f 5722 5786 5787
f 5851 5787 5786
f 5786 5850 5851
f 5915 5851 5850
f 5850 5914 5915
f 1948 1884 1883
f 1883 1947 1948
f 2012 1948 1947
f 1947 2011 2012
f 2076 2012 2011
f 2011 2075 2076
f 2140 2076 2075
f 2075 2139 2140
f 2204 2140 2139
f 2139 2203 2204
f 2268 2204 2203
f 2203 2267 2268
f 2332 2268 2267
f 2267 2331 2332
f 2396 2332 2331
f 2331 2395 2396
f 2460 2396 2395
f 2395 2459 2460
f 2524 2460 2459
f 2459 2523 2524
f 2588 2524 2523
f 2523 2587 2588
f 2652 2588 2587
f 2587 2651 2652
f 2716 2652 2651
f 2651 2715 2716
f 2780 2716 2715
f 2715 2779 2780
f 2844 2780 2779
f 2779 2843 2844
f 2908 2844 2843
f 2843 2907 2908
f 2972 2908 2907
f 2907 2971 2972
f 3036 2972 2971
f 2971 3035 3036
f 3100 3036 3035
f 3035 3099 3100
f 3164 3100 3099
f 3099 3163 3164
f 3228 3164 3163
f 3163 3227 3228
f 3292 3228 3227
f 3227 3291 3292
f 3356 3292 3291
f 3291 3355 3356
f 3420 3356 3355
f 3355 3419 3420
f 3484 3420 3419
f 3419 3483 3484
f 3548 3484 3483
f 3483 3547 3548
f 3612 3548 3547
f 3547 3611 3612
f 3676 3612 3611
f 3611 3675 3676
f 3740 3676 3675
f 3675 3739 3740
f 3804 3740 3739
f 3739 3803 3804
f 3868 3804 3803
f 3803 3867 3868
f 3932 3868 3867
f 3867 3931 3932
f 3996 3932 3931
f 3931 3995 3996
f 4060 3996 3995
f 3995 4059 4060
f 4124 4060 4059
f 4059 4123 4124
f 4188 4124 4123
f 4123 4187 4188
f 4252 4188 4187
f 4187 4251 4252
f 4316 4252 4251
f 4251 4315 4316
f 4380 4316 4315
f 4315 4379 4380
f 4444 4380 4379
f 4379 4443 4444
f 4508 4444 4443
f 4443 4507 4508
f 4572 4508 4507
f 4507 4571 4572
f 4636 4572 4571
f 4571 4635 4636
f 4700 4636 4635
f 4635 4699 4700
f 4764 4700 4699
f 4699 4763 4764
f 4828 4764 4763
f 4763 4827 4828
f 4892 4828 4827
f 4827 4891 4892
f 4956 4892 4891
f 4891 4955 4956
f 5020 4956 4955
f 4955 5019 5020
f 5084 5020 5019
f 5019 5083 5084
f 5148 5084 5083
f 5083 5147 5148
f 5212 5148 5147
f 5147 5211 5212
f 5276 5212 5211
f 5211 5275 5276
f 5340 5276 5275
f 5275 5339 5340
f 5404 5340 5339
f 5339 5403 5404
f 5468 5404 5403
f 5403 5467 5468
f 5532 5468 5467
f 5467 5531 5532
f 5596 5532 5531
f 5531 5595 5596
f 5660 5596 5595
f 5595 5659 5660
f 5724 5660 5659
f 5659 5723 5724
f 5788 5724 5723
f 5723 5787 5788
f 5852 5788 5787
f 5787 5851 5852
f 5916 5852 5851
f 5851 5915 5916
f 1949 1885 1884
f 1884 1948 1949
f 2013 1949 1948
f 1948 2012 2013
f 2077 2013 2012
f 2012 2076 2077
f 2141 2077 2076
f 2076 2140 2141
f 2205 2141 2140
f 2140 2204 2205
f 2269 2205 2204
f 2204 2268 2269
f 2333 2269 2268
f 2268 2332 2333
f 2397 2333 2332
f 2332 2396 2397
f 2461 2397 2396
f 2396 2460 2461
f 2525 2461 2460
f 2460 2524 2525
f 2589 2525 2524
f 2524 2588 2589
f 2653 2589 2588
f 2588 2652 2653
f 2717 2653 2652
f 2652 2716 2717
f 2781 2717 2716
f 2716 2780 2781
f 2845 2781 2780
f 2780 2844 2845
f 2909 2845 2844
f 2844 2908 2909
f 2973 2909 2908
f 2908 2972 2973
f 3037 2973 2972
f 2972 3036 3037
f 3101 3037 3036
f 3036 3100 3101
f 3165 3101 3100
f 3100 3164 3165
f 3229 3165 3164
f 3164 3228 3229
f 3293 3229 3228
f 3228 3292 3293
f 3357 3293 3292
f 3292 3356 3357
f 3421 3357 3356
f 3356 3420 3421
f 3485 3421 3420
f 3420 3484 3485
f 3549 3485 3484
f 3484 3548 3549
f 3613 3549 3548
f 3548 3612 3613
f 3677 3613 3612
f 3612 3676 3677
f 3741 3677 3676
f 3676 3740 3741
f 3805 3741 3740
f 3740 3804 3805
f 3869 3805 3804
f 3804 3868 3869
f 3933 3869 3868
f 3868 3932 3933
f 3997 3933 3932
f 3932 3996 3997
f 4061 3997 3996
f 3996 4060 4061
f 4125 4061 4060
f 4060 4124 4125
f 4189 4125 4124
f 4124 4188 4189
f 4253 4189 4188
f 4188 4252 4253
f 4317 4253 4252
f 4252 4316 4317
f 4381 4317 4316
f 4316 4380 4381
f 4445 4381 4380
f 4380 4444 4445
f 4509 4445 4444
f 4444 4508 4509
f 4573 4509 4508
f 4508 4572 4573
f 4637 4573 4572
f 4572 4636 4637
f 4701 4637 4636
f 4636 4700 4701
f 4765 4701 4700
f 4700 4764 4765
f 4829 4765 4764
f 4764 4828 4829
f 4893 4829 4828
f 4828 4892 4893
f 4957 4893 4892
f 4892 4956 4957
f 5021 4957 4956
f 4956 5020 5021
f 5085 5021 5020
f 5020 5084 5085
f 5149 5085 5084
f 5084 5148 5149
f 5213 5149 5148
f 5148 5212 5213
f 5277 5213 5212
f 5212 5276 5277
f 5341 5277 5276
f 5276 5340 5341
f 5405 5341 5340
f 5340 5404 5405
f 5469 5405 5404
f 5404 5468 5469
f 5533 5469 5468
f 5468 5532 5533
f 5597 5533 5532
f 5532 5596 5597
f 5661 5597 5596
f 5596 5660 5661
f 5725 5661 5660
f 5660 5724 5725
f 5789 5725 5724
f 5724 5788 5789
f 5853 5789 5788
f 5788 5852 5853
f 5917 5853 5852
f 5852 5916 5917
f 1950 1886 1885
f 1885 1949 1950
f 2014 1950 1949
f 1949 2013 2014
f 2078 2014 2013
f 2013 2077 2078
f 2142 2078 2077
f 2077 2141 2142
f 2206 2142 2141
f 2141 2205 2206
f 2270 2206 2205
f 2205 2269 2270
f 2334 2270 2269
f 2269 2333 2334
f 2398 2334 2333
f 2333 2397 2398
f 2462 2398 2397
f 2397 2461 2462
f 2526 2462 2461
f 2461 2525 2526
f 2590 2526 2525
f 2525 2589 2590
f 2654 2590 2589
f 2589 2653 2654
f 2718 2654 2653
f 2653 2717 2718
f 2782 2718 2717
f 2717 2781 2782
f 2846 2782 2781
f 2781 2845 2846
f 2910 2846 2845
f 2845 2909 2910
f 2974 2910 2909
f 2909 2973 2974
f 3038 2974 2973
f 2973 3037 3038
f 3102 3038 3037
f 3037 3101 3102
f 3166 3102 3101
f 3101 3165 3166
f 3230 3166 3165
f 3165 3229 3230
f 3294 3230 3229
f 3229 3293 3294
f 3358 3294 3293
f 3293 3357 3358
f 3422 3358 3357
f 3357 3421 3422
f 3486 3422 3421
f 3421 3485 3486
f 3550 3486 3485
f 3485 3549 3550
f 3614 3550 3549
f 3549 3613 3614
f 3678 3614 3613
f 3613 3677 3678
f 3742 3678 3677
f 3677 3741 3742
f 3806 3742 3741
f 3741 3805 3806
f 3870 3806 3805
f 3805 3869 3870
f 3934 3870 3869
f 3869 3933 3934
f 3998 3934 3933
f 3933 3997 3998
f 4062 3998 3997
f 3997 4061 4062
f 4126 4062 4061
f 4061 4125 4126
f 4190 4126 4125
f 4125 4189 4190
f 4254 4190 4189
f 4189 4253 4254
f 4318 4254 4253
f 4253 4317 4318
f 4382 4318 4317
f 4317 4381 4382
f 4446 4382 4381
f 4381 4445 4446
f 4510 4446 4445
f 4445 4509 4510
f 4574 4510 4509
f 4509 4573 4574
f 4638 4574 4573
f 4573 4637 4638
f 4702 4638 4637
f 4637 4701 4702
f 4766 4702 4701
f 4701 4765 4766
f 4830 4766 4765
f 4765 4829 4830
f 4894 4830 4829
f 4829 4893 4894
f 4958 4894 4893
f 4893 4957 4958
f 5022 4958 4957
f 4957 5021 5022
f 5086 5022 5021
f 5021 5085 5086
f 5150 5086 5085
f 5085 5149 5150
f 5214 5150 5149
f 5149 5213 5214
f 5278 5214 5213
f 5213 5277 5278
f 5342 5278 5277
f 5277 5341 5342
f 5406 5342 5341
f 5341 5405 5406
f 5470 5406 5405
f 5405 5469 5470
f 5534 5470 5469
f 5469 5533 5534
f 5598 5534 5533
f 5533 5597 5598
f 5662 5598 5597
f 5597 5661 5662
f 5726 5662 5661
f 5661 5725 5726
f 5790 5726 5725
f 5725 5789 5790
f 5854 5790 5789
f 5789 5853 5854
f 5918 5854 5853
f 5853 5917 5918
f 1951 1887 1886
f 1886 1950 1951
f 2015 1951 1950
f 1950 2014 2015
f 2079 2015 2014
f 2014 2078 2079
f 2143 2079 2078
f 2078 2142 2143
f 2207 2143 2142
f 2142 2206 2207
f 2271 2207 2206
f 2206 2270 2271
f 2335 2271 2270
f 2270 2334 2335
f 2399 2335 2334
f 2334 2398 2399
f 2463 2399 2398
f 2398 2462 2463
f 2527 2463 2462
f 2462 2526 2527
f 2591 2527 2526
f 2526 2590 2591
f 2655 2591 2590
f 2590 2654 2655
f 2719 2655 2654
f 2654 2718 2719
f 2783 2719 2718
f 2718 2782 2783
f 2847 2783 2782
f 2782 2846 2847
f 2911 2847 2846
f 2846 2910 2911
f 2975 2911 2910
f 2910 2974 2975
f 3039 2975 2974
f 2974 3038 3039
f 3103 3039 3038
f 3038 3102 3103
f 3167 3103 3102
f 3102 3166 3167
f 3231 3167 3166
f 3166 3230 3231
f 3295 3231 3230
f 3230 3294 3295
f 3359 3295 3294
f 3294 3358 3359
f 3423 3359 3358
f 3358 3422 3423
f 3487 3423 3422
f 3422 3486 3487
f 3551 3487 3486
f 3486 3550 3551
f 3615 3551 3550
f 3550 3614 3615
f 3679 3615 3614
f 3614 3678 3679
f 3743 3679 3678
f 3678 3742 3743
f 3807 3743 3742
f 3742 3806 3807
f 3871 3807 3806
f 3806 3870 3871
f 3935 3871 3870
f 3870 3934 3935
f 3999 3935 3934
f 3934 3998 3999
f 4063 3999 3998
f 3998 4062 4063
f 4127 4063 4062
f 4062 4126 4127
f 4191 4127 4126
f 4126 4190 4191
f 4255 4191 4190
f 4190 4254 4255
f 4319 4255 4254
f 4254 4318 4319
f 4383 4319 4318
f 4318 4382 4383
f 4447 4383 4382
f 4382 4446 4447
f 4511 4447 4446
f 4446 4510 4511
f 4575 4511 4510
f 4510 4574 4575
f 4639 4575 4574
f 4574 4638 4639
f 4703 4639 4638
f 4638 4702 4703
f 4767 4703 4702
f 4702 4766 4767
f 4831 4767 4766
f 4766 4830 4831
f 4895 4831 4830
f 4830 4894 4895
f 4959 4895 4894
f 4894 4958 4959
f 5023 4959 4958
f 4958 5022 5023
f 5087 5023 5022
f 5022 5086 5087
f 5151 5087 5086
f 5086 5150 5151
f 5215 5151 5150
f 5150 5214 5215
f 5279 5215 5214
f 5214 5278 5279
f 5343 5279 5278
f 5278 5342 5343
f 5407 5343 5342
f 5342 5406 5407
f 5471 5407 5406
f 5406 5470 5471
f 5535 5471 5470
f 5470 5534 5535
f 5599 5535 5534
f 5534 5598 5599
f 5663 5599 5598
f 5598 5662 5663
f 5727 5663 5662
f 5662 5726 5727
f 5791 5727 5726
f 5726 5790 5791
f 5855 5791 5790
f 5790 5854 5855
f 5919 5855 5854
f 5854 5918 5919
f 1952 1888 1887
f 1887 1951 1952
f 2016 1952 1951
f 1951 2015 2016
f 2080 2016 2015
f 2015 2079 2080
f 2144 2080 2079
f 2079 2143 2144
f 2208 2144 2143
f 2143 2207 2208
f 2272 2208 2207
f 2207 2271 2272
f 2336 2272 2271
f 2271 2335 2336
f 2400 2336 2335
f 2335 2399 2400
f 2464 2400 2399
f 2399 2463 2464
f 2528 2464 2463
f 2463 2527 2528
f 2592 2528 2527
f 2527 2591 2592
f 2656 2592 2591
f 2591 2655 2656
f 2720 2656 2655
f 2655 2719 2720
f 2784 2720 2719
f 2719 2783 2784
f 2848 2784 2783
f 2783 2847 2848
f 2912 2848 2847
f 2847 2911 2912
f 2976 2912 2911
f 2911 2975 2976
f 3040 2976 2975
f 2975 3039 3040
f 3104 3040 3039
f 3039 3103 3104
f 3168 3104 3103
f 3103 3167 3168
f 3232 3168 3167
f 3167 3231 3232
f 3296 3232 3231
f 3231 3295 3296
f 3360 3296 3295
f 3295 3359 3360
f 3424 3360 3359
f 3359 3423 3424
f 3488 3424 3423
f 3423 3487 3488
f 3552 3488 3487
f 3487 3551 3552
f 3616 3552 3551
f 3551 3615 3616
f 3680 3616 3615
f 3615 3679 3680
f 3744 3680 3679
f 3679 3743 3744
f 3808 3744 3743
f 3743 3807 3808
f 3872 3808 3807
f 3807 3871 3872
f 3936 3872 3871
f 3871 3935 3936
f 4000 3936 3935
f 3935 3999 4000
f 4064 4000 3999
f 3999 4063 4064
f 4128 4064 4063
f 4063 4127 4128
f 4192 4128 4127
f 4127 4191 4192
f 4256 4192 4191
f 4191 4255 4256
f 4320 4256 4255
f 4255 4319 4320
f 4384 4320 4319
f 4319 4383 4384
f 4448 4384 4383
f 4383 4447 4448
f 4512 4448 4447
f 4447 4511 4512
f 4576 4512 4511
f 4511 4575 4576
f 4640 4576 4575
f 4575 4639 4640
f 4704 4640 4639
f 4639 4703 4704
f 4768 4704 4703
f 4703 4767 4768
f 4832 4768 4767
f 4767 4831 4832
f 4896 4832 4831
f 4831 4895 4896
f 4960 4896 4895
f 4895 4959 4960
f 5024 4960 4959
f 4959 5023 5024
f 5088 5024 5023
f 5023 5087 5088
f 5152 5088 5087
f 5087 5151 5152
f 5216 5152 5151
f 5151 5215 5216
f 5280 5216 5215
f 5215 5279 5280
f 5344 5280 5279
f 5279 5343 5344
f 5408 5344 5343
f 5343 5407 5408
f 5472 5408 5407
f 5407 5471 5472
f 5536 5472 5471
f 5471 5535 5536
f 5600 5536 5535
f 5535 5599 5600
f 5664 5600 5599
f 5599 5663 5664
f 5728 5664 5663
f 5663 5727 5728
f 5792 5728 5727
f 5727 5791 5792
f 5856 5792 5791
f 5791 5855 5856
f 5920 5856 5855
f 5855 5919 5920
f 1953 1889 1888
f 1888 1952 1953
f 2017 1953 1952
f 1952 2016 2017
f 2081 2017 2016
f 2016 2080 2081
f 2145 2081 2080
f 2080 2144 2145
f 2209 2145 2144
f 2144 2208 2209
f 2273 2209 2208
f 2208 2272 2273
f 2337 2273 2272
f 2272 2336 2337
f 2401 2337 2336
f 2336 2400 2401
f 2465 2401 2400
f 2400 2464 2465
f 2529 2465 2464
f 2464 2528 2529
f 2593 2529 2528
f 2528 2592 2593
f 2657 2593 2592
f 2592 2656 2657
f 2721 2657 2656
f 2656 2720 2721
f 2785 2721 2720
f 2720 2784 2785
f 2849 2785 2784
f 2784 2848 2849
f 2913 2849 2848
f 2848 2912 2913
f 2977 2913 2912
f 2912 2976 2977
f 3041 2977 2976
f 2976 3040 3041
f 3105 3041 3040
f 3040 3104 3105
f 3169 3105 3104
f 3104 3168 3169
f 3233 3169 3168
f 3168 3232 3233
f 3297 3233 3232
f 3232 3296 3297
f 3361 3297 3296
f 3296 3360 3361
f 3425 3361 3360
f 3360 3424 3425
f 3489 3425 3424
f 3424 3488 3489
f 3553 3489 3488
f 3488 3552 3553
f 3617 3553 3552
f 3552 3616 3617
f 3681 3617 3616
f 3616 3680 3681
f 3745 3681 3680
f 3680 3744 3745
f 3809 3745 3744
f 3744 3808 3809
f 3873 3809 3808
f 3808 3872 3873
f 3937 3873 3872
f 3872 3936 3937
f 4001 3937 3936
f 3936 4000 4001
f 4065 4001 4000
f 4000 4064 4065
f 4129 4065 4064
f 4064 4128 4129
f 4193 4129 4128
f 4128 4192 4193
f 4257 4193 4192
f 4192 4256 4257
f 4321 4257 4256
f 4256 4320 4321
f 4385 4321 4320
f 4320 4384 4385
f 4449 4385 4384
f 4384 4448 4449
f 4513 4449 4448
f 4448 4512 4513
f 4577 4513 4512
f 4512 4576 4577
f 4641 4577 4576
f 4576 4640 4641
f 4705 4641 4640
f 4640 4704 4705
f 4769 4705 4704
f 4704 4768 4769
f 4833 4769 4768
f 4768 4832 4833
f 4897 4833 4832
f 4832 4896 4897
f 4961 4897 4896
f 4896 4960 4961
f 5025 4961 4960
f 4960 5024 5025
f 5089 5025 5024
f 5024 5088 5089
f 5153 5089 5088
f 5088 5152 5153
f 5217 5153 5152
f 5152 5216 5217
f 5281 5217 5216
f 5216 5280 5281
f 5345 5281 5280
f 5280 5344 5345
f 5409 5345 5344
f 5344 5408 5409
f 5473 5409 5408
f 5408 5472 5473
f 5537 5473 5472
f 5472 5536 5537
f 5601 5537 5536
f 5536 5600 5601
f 5665 5601 5600
f 5600 5664 5665
f 5729 5665 5664
f 5664 5728 5729
f 5793 5729 5728
f 5728 5792 5793
f 5857 5793 5792
f 5792 5856 5857
f 5921 5857 5856
f 5856 5920 5921
f 1954 1890 1889
f 1889 1953 1954
f 2018 1954 1953
f 1953 2017 2018
f 2082 2018 2017
f 2017 2081 2082
f 2146 2082 2081
f 2081 2145 2146
f 2210 2146 2145
f 2145 2209 2210
f 2274 2210 2209
f 2209 2273 2274
f 2338 2274 2273
f 2273 2337 2338
f 2402 2338 2337
f 2337 2401 2402
f 2466 2402 2401
f 2401 2465 2466
f 2530 2466 2465
f 2465 2529 2530
f 2594 2530 2529
f 2529 2593 2594
f 2658 2594 2593
f 2593 2657 2658
f 2722 2658 2657
f 2657 2721 2722
f 2786 2722 2721
f 2721 2785 2786
f 2850 2786 2785
f 2785 2849 2850
f 2914 2850 2849
f 2849 2913 2914
f 2978 2914 2913
f 2913 2977 2978
f 3042 2978 2977
f 2977 3041 3042
f 3106 3042 3041
f 3041 3105 3106
f 3170 3106 3105
f 3105 3169 3170
f 3234 3170 3169
f 3169 3233 3234
f 3298 3234 3233
f 3233 3297 3298
f 3362 3298 3297
f 3297 3361 3362
f 3426 3362 3361
f 3361 3425 3426
f 3490 3426 3425
f 3425 3489 3490
f 3554 3490 3489
f 3489 3553 3554
f 3618 3554 3553
f 3553 3617 3618
f 3682 3618 3617
f 3617 3681 3682
f 3746 3682 3681
f 3681 3745 3746
f 3810 3746 3745
f 3745 3809 3810
f 3874 3810 3809
f 3809 3873 3874
f 3938 3874 3873
f 3873 3937 3938
f 4002 3938 3937
f 3937 4001 4002
f 4066 4002 4001
f 4001 4065 4066
f 4130 4066 4065
f 4065 4129 4130
f 4194 4130 4129
f 4129 4193 4194
f 4258 4194 4193
f 4193 4257 4258
f 4322 4258 4257
f 4257 4321 4322
f 4386 4322 4321
f 4321 4385 4386
f 4450 4386 4385
f 4385 4449 4450
f 4514 4450 4449
f 4449 4513 4514
f 4578 4514 4513
f 4513 4577 4578
f 4642 4578 4577
f 4577 4641 4642
f 4706 4642 4641
f 4641 4705 4706
f 4770 4706 4705
f 4705 4769 4770
f 4834 4770 4769
f 4769 4833 4834
f 4898 4834 4833
f 4833 4897 4898
f 4962 4898 4897
f 4897 4961 4962
f 5026 4962 4961
f 4961 5025 5026
f 5090 5026 5025
f 5025 5089 5090
f 5154 5090 5089
f 5089 5153 5154
f 5218 5154 5153
f 5153 5217 5218
f 5282 5218 5217
f 5217 5281 5282
f 5346 5282 5281
f 5281 5345 5346
f 5410 5346 5345
f 5345 5409 5410
f 5474 5410 5409
f 5409 5473 5474
f 5538 5474 5473
f 5473 5537 5538
f 5602 5538 5537
f 5537 5601 5602
f 5666 5602 5601
f 5601 5665 5666
f 5730 5666 5665
f 5665 5729 5730
f 5794 5730 5729
f 5729 5793 5794
f 5858 5794 5793
f 5793 5857 5858
f 5922 5858 5857
f 5857 5921 5922
f 1955 1891 1890
f 1890 1954 1955
f 2019 1955 1954
f 1954 2018 2019
f 2083 2019 2018
f 2018 2082 2083
f 2147 2083 2082
f 2082 2146 2147
f 2211 2147 2146
f 2146 2210 2211
f 2275 2211 2210
f 2210 2274 2275
f 2339 2275 2274
f 2274 2338 2339
f 2403 2339 2338
f 2338 2402 2403
f 2467 2403 2402
f 2402 2466 2467
f 2531 2467 2466
f 2466 2530 2531
f 2595 2531 2530
f 2530 2594 2595
f 2659 2595 2594
f 2594 2658 2659
f 2723 2659 2658
f 2658 2722 2723
f 2787 2723 2722
f 2722 2786 2787
f 2851 2787 2786
f 2786 2850 2851
f 2915 2851 2850
f 2850 2914 2915
f 2979 2915 2914
f 2914 2978 2979
f 3043 2979 2978
f 2978 3042 3043
f 3107 3043 3042
f 3042 3106 3107
f 3171 3107 3106
f 3106 3170 3171
f 3235 3171 3170
f 3170 3234 3235
f 3299 3235 3234
f 3234 3298 3299
f 3363 3299 3298
f 3298 3362 3363
f 3427 3363 3362
f 3362 3426 3427
f 3491 3427 3426
f 3426 3490 3491
f 3555 3491 3490
f 3490 3554 3555
f 3619 3555 3554
f 3554 3618 3619
f 3683 3619 3618
f 3618 3682 3683
f 3747 3683 3682
f 3682 3746 3747
f 3811 3747 3746
f 3746 3810 3811
f 3875 3811 3810
f 3810 3874 3875
f 3939 3875 3874
f 3874 3938 3939
f 4003 3939 3938
f 3938 4002 4003
f 4067 4003 4002
f 4002 4066 4067
f 4131 4067 4066
f 4066 4130 4131
f 4195 4131 4130
f 4130 4194 4195
f 4259 4195 4194
f 4194 4258 4259
f 4323 4259 4258
f 4258 4322 4323
f 4387 4323 4322
f 4322 4386 4387
f 4451 4387 4386
f 4386 4450 4451
f 4515 4451 4450
f 4450 4514 4515
f 4579 4515 4514
f 4514 4578 4579
f 4643 4579 4578
f 4578 4642 4643
f 4707 4643 4642
f 4642 4706 4707
f 4771 4707 4706
f 4706 4770 4771
f 4835 4771 4770
f 4770 4834 4835
f 4899 4835 4834
f 4834 4898 4899
f 4963 4899 4898
f 4898 4962 4963
f 5027 4963 4962
f 4962 5026 5027
f 5091 5027 5026
f 5026 5090 5091
f 5155 5091 5090
f 5090 5154 5155
f 5219 5155 5154
f 5154 5218 5219
f 5283 5219 5218
f 5218 5282 5283
f 5347 5283 5282
f 5282 5346 5347
f 5411 5347 5346
f 5346 5410 5411
f 5475 5411 5410
f 5410 5474 5475
f 5539 5475 5474
f 5474 5538 5539
f 5603 5539 5538
f 5538 5602 5603
f 5667 5603 5602
f 5602 5666 5667
f 5731 5667 5666
f 5666 5730 5731
f 5795 5731 5730
f 5730 5794 5795
f 5859 5795 5794
f 5794 5858 5859
f 5923 5859 5858
f 5858 5922 5923
f 1956 1892 1891
f 1891 1955 1956
f 2020 1956 1955
f 1955 2019 2020
f 2084 2020 2019
f 2019 2083 2084
f 2148 2084 2083
f 2083 2147 2148
f 2212 2148 2147
f 2147 2211 2212
f 2276 2212 2211
f 2211 2275 2276
f 2340 2276 2275
f 2275 2339 2340
f 2404 2340 2339
f 2339 2403 2404
f 2468 2404 2403
f 2403 2467 2468
f 2532 2468 2467
f 2467 2531 2532
f 2596 2532 2531
f 2531 2595 2596
f 2660 2596 2595
f 2595 2659 2660
f 2724 2660 2659
f 2659 2723 2724
f 2788 2724 2723
f 2723 2787 2788
f 2852 2788 2787
f 2787 2851 2852
f 2916 2852 2851
f 2851 2915 2916
f 2980 2916 2915
f 2915 2979 2980
f 3044 2980 2979
f 2979 3043 3044
f 3108 3044 3043
f 3043 3107 3108
f 3172 3108 3107
f 3107 3171 3172
f 3236 3172 3171
f 3171 3235 3236
f 3300 3236 3235
f 3235 3299 3300
f 3364 3300 3299
f 3299 3363 3364
f 3428 3364 3363
f 3363 3427 3428
f 3492 3428 3427
f 3427 3491 3492
f 3556 3492 3491
f 3491 3555 3556
f 3620 3556 3555
f 3555 3619 3620
f 3684 3620 3619
f 3619 3683 3684
f 3748 3684 3683
f 3683 3747 3748
f 3812 3748 3747
f 3747 3811 3812
f 3876 3812 3811
f 3811 3875 3876
f 3940 3876 3875
f 3875 3939 3940
f 4004 3940 3939
f 3939 4003 4004
f 4068 4004 4003
f 4003 4067 4068
f 4132 4068 4067
f 4067 4131 4132
f 4196 4132 4131
f 4131 4195 4196
f 4260 4196 4195
f 4195 4259 4260
f 4324 4260 4259
f 4259 4323 4324
f 4388 4324 4323
f 4323 4387 4388
f 4452 4388 4387
f 4387 4451 4452
f 4516 4452 4451
f 4451 4515 4516
f 4580 4516 4515
f 4515 4579 4580
f 4644 4580 4579
f 4579 4643 4644
f 4708 4644 4643
f 4643 4707 4708
f 4772 4708 4707
f 4707 4771 4772
f 4836 4772 4771
f 4771 4835 4836
f 4900 4836 4835
f 4835 4899 4900
f 4964 4900 4899
f 4899 4963 4964
f 5028 4964 4963
f 4963 5027 5028
f 5092 5028 5027
f 5027 5091 5092
f 5156 5092 5091
f 5091 5155 5156
f 5220 5156 5155
f 5155 5219 5220
f 5284 5220 5219
f 5219 5283 5284
f 5348 5284 5283
f 5283 5347 5348
f 5412 5348 5347
f 5347 5411 5412
f 5476 5412 5411
f 5411 5475 5476
f 5540 5476 5475
f 5475 5539 5540
f 5604 5540 5539
f 5539 5603 5604
f 5668 5604 5603
f 5603 5667 5668
f 5732 5668 5667
f 5667 5731 5732
f 5796 5732 5731
f 5731 5795 5796
f 5860 5796 5795
f 5795 5859 5860
f 5924 5860 5859
f 5859 5923 5924
f 1957 1893 1892
f 1892 1956 1957
f 2021 1957 1956
f 1956 2020 2021
f 2085 2021 2020
f 2020 2084 2085
f 2149 2085 2084
f 2084 2148 2149
f 2213 2149 2148
f 2148 2212 2213
f 2277 2213 2212
f 2212 2276 2277
f 2341 2277 2276
f 2276 2340 2341
f 2405 2341 2340
f 2340 2404 2405
f 2469 2405 2404
f 2404 2468 2469
f 2533 2469 2468
f 2468 2532 2533
f 2597 2533 2532
f 2532 2596 2597
f 2661 2597 2596
f 2596 2660 2661
f 2725 2661 2660
f 2660 2724 2725
f 2789 2725 2724
f 2724 2788 2789
f 2853 2789 2788
f 2788 2852 2853
f 2917 2853 2852
f 2852 2916 2917
f 2981 2917 2916
f 2916 2980 2981
f 3045 2981 2980
f 2980 3044 3045
f 3109 3045 3044
f 3044 3108 3109
f 3173 3109 3108
f 3108 3172 3173
f 3237 3173 3172
f 3172 3236 3237
f 3301 3237 3236
f 3236 3300 3301
f 3365 3301 3300
f 3300 3364 3365
f 3429 3365 3364
f 3364 3428 3429
f 3493 3429 3428
f 3428 3492 3493
f 3557 3493 3492
f 3492 3556 3557
f 3621 3557 3556
f 3556 3620 3621
f 3685 3621 3620
f 3620 3684 3685
f 3749 3685 3684
f 3684 3748 3749
f 3813 3749 3748
f 3748 3812 3813
f 3877 3813 3812
f 3812 3876 3877
f 3941 3877 3876
f 3876 3940 3941
f 4005 3941 3940
f 3940 4004 4005
f 4069 4005 4004
f 4004 4068 4069
f 4133 4069 4068
f 4068 4132 4133
f 4197 4133 4132
f 4132 4196 4197
f 4261 4197 4196
f 4196 4260 4261
f 4325 4261 4260
f 4260 4324 4325
f 4389 4325 4324
f 4324 4388 4389
f 4453 4389 4388
f 4388 4452 4453
f 4517 4453 4452
f 4452 4516 4517
f 4581 4517 4516
f 4516 4580 4581
f 4645 4581 4580
f 4580 4644 4645
f 4709 4645 4644
f 4644 4708 4709
f 4773 4709 4708
f 4708 4772 4773
f 4837 4773 4772
f 4772 4836 4837
f 4901 4837 4836
f 4836 4900 4901
f 4965 4901 4900
f 4900 4964 4965
f 5029 4965 4964
f 4964 5028 5029
f 5093 5029 5028
f 5028 5092 5093
f 5157 5093 5092
f 5092 5156 5157
f 5221 5157 5156
f 5156 5220 5221
f 5285 5221 5220
f 5220 5284 5285
f 5349 5285 5284
f 5284 5348 5349
f 5413 5349 5348
f 5348 5412 5413
f 5477 5413 5412
f 5412 5476 5477
f 5541 5477 5476
f 5476 5540 5541
f 5605 5541 5540
f 5540 5604 5605
f 5669 5605 5604
f 5604 5668 5669
f 5733 5669 5668
f 5668 5732 5733
f 5797 5733 5732
f 5732 5796 5797
f 5861 5797 5796
f 5796 5860 5861
f 5925 5861 5860
f 5860 5924 5925
f 1958 1894 1893
f 1893 1957 1958
f 2022 1958 1957
f 1957 2021 2022
f 2086 2022 2021
f 2021 2085 2086
f 2150 2086 2085
f 2085 2149 2150
f 2214 2150 2149
f 2149 2213 2214
f 2278 2214 2213
f 2213 2277 2278
f 2342 2278 2277
f 2277 2341 2342
f 2406 2342 2341
f 2341 2405 2406
f 2470 2406 2405
f 2405 2469 2470
f 2534 2470 2469
f 2469 2533 2534
f 2598 2534 2533
f 2533 2597 2598
f 2662 2598 2597
f 2597 2661 2662
f 2726 2662 2661
f 2661 2725 2726
f 2790 2726 2725
f 2725 2789 2790
f 2854 2790 2789
f 2789 2853 2854
f 2918 2854 2853
f 2853 2917 2918
f 2982 2918 2917
f 2917 2981 2982
f 3046 2982 2981
f 2981 3045 3046
f 3110 3046 3045
f 3045 3109 3110
f 3174 3110 3109
f 3109 3173 3174
f 3238 3174 3173
f 3173 3237 3238
f 3302 3238 3237
f 3237 3301 3302
f 3366 3302 3301
f 3301 3365 3366
f 3430 3366 3365
f 3365 3429 3430
f 3494 3430 3429
f 3429 3493 3494
f 3558 3494 3493
f 3493 3557 3558
f 3622 3558 3557
f 3557 3621 3622
f 3686 3622 3621
f 3621 3685 3686
f 3750 3686 3685
f 3685 3749 3750
f 3814 3750 3749
f 3749 3813 3814
f 3878 3814 3813
f 3813 3877 3878
f 3942 3878 3877
f 3877 3941 3942
f 4006 3942 3941
f 3941 4005 4006
f 4070 4006 4005
f 4005 4069 4070
f 4134 4070 4069
f 4069 4133 4134
f 4198 4134 4133
f 4133 4197 4198
f 4262 4198 4197
f 4197 4261 4262
f 4326 4262 4261
f 4261 4325 4326
f 4390 4326 4325
f 4325 4389 4390
f 4454 4390 4389
f 4389 4453 4454
f 4518 4454 4453
f 4453 4517 4518
f 4582 4518 4517
f 4517 4581 4582
f 4646 4582 4581
f 4581 4645 4646
f 4710 4646 4645
f 4645 4709 4710
f 4774 4710 4709
f 4709 4773 4774
f 4838 4774 4773
f 4773 4837 4838
f 4902 4838 4837
f 4837 4901 4902
f 4966 4902 4901
f 4901 4965 4966
f 5030 4966 4965
f 4965 5029 5030
f 5094 5030 5029
f 5029 5093 5094
f 5158 5094 5093
f 5093 5157 5158
f 5222 5158 5157
f 5157 5221 5222
f 5286 5222 5221
f 5221 5285 5286
f 5350 5286 5285
f 5285 5349 5350
f 5414 5350 5349
f 5349 5413 5414
f 5478 5414 5413
f 5413 5477 5478
f 5542 5478 5477
f 5477 5541 5542
f 5606 5542 5541
f 5541 5605 5606
f 5670 5606 5605
f 5605 5669 5670
f 5734 5670 5669
f 5669 5733 5734
f 5798 5734 5733
f 5733 5797 5798
f 5862 5798 5797
f 5797 5861 5862
f 5926 5862 5861
f 5861 5925 5926
f 1959 1895 1894
f 1894 1958 1959
f 2023 1959 1958
f 1958 2022 2023
f 2087 2023 2022
f 2022 2086 2087
f 2151 2087 2086
f 2086 2150 2151
f 2215 2151 2150
f 2150 2214 2215
f 2279 2215 2214
f 2214 2278 2279
f 2343 2279 2278
f 2278 2342 2343
f 2407 2343 2342
f 2342 2406 2407
f 2471 2407 2406
f 2406 2470 2471
f 2535 2471 2470
f 2470 2534 2535
f 2599 2535 2534
f 2534 2598 2599
f 2663 2599 2598
f 2598 2662 2663
f 2727 2663 2662
f 2662 2726 2727
f 2791 2727 2726
f 2726 2790 2791
f 2855 2791 2790
f 2790 2854 2855
f 2919 2855 2854
f 2854 2918 2919
f 2983 2919 2918
f 2918 2982 2983
f 3047 2983 2982
f 2982 3046 3047
f 3111 3047 3046
f 3046 3110 3111
f 3175 3111 3110
f 3110 3174 3175
f 3239 3175 3174
f 3174 3238 3239
f 3303 3239 3238
f 3238 3302 3303
f 3367 3303 3302
f 3302 3366 3367
f 3431 3367 3366
f 3366 3430 3431
f 3495 3431 3430
f 3430 3494 3495
f 3559 3495 3494
f 3494 3558 3559
f 3623 3559 3558
f 3558 3622 3623
f 3687 3623 3622
f 3622 3686 3687
f 3751 3687 3686
f 3686 3750 3751
f 3815 3751 3750
f 3750 3814 3815
f 3879 3815 3814
f 3814 3878 3879
f 3943 3879 3878
f 3878 3942 3943
f 4007 3943 3942
f 3942 4006 4007
f 4071 4007 4006
f 4006 4070 4071
f 4135 4071 4070
f 4070 4134 4135
f 4199 4135 4134
f 4134 4198 4199
f 4263 4199 4198
f 4198 4262 4263
f 4327 4263 4262
f 4262 4326 4327
f 4391 4327 4326
f 4326 4390 4391
f 4455 4391 4390
f 4390 4454 4455
f 4519 4455 4454
f 4454 4518 4519
f 4583 4519 4518
f 4518 4582 4583
f 4647 4583 4582
f 4582 4646 4647
f 4711 4647 4646
f 4646 4710 4711
f 4775 4711 4710
f 4710 4774 4775
f 4839 4775 4774
f 4774 4838 4839
f 4903 4839 4838
f 4838 4902 4903
f 4967 4903 4902
f 4902 4966 4967
f 5031 4967 4966
f 4966 5030 5031
f 5095 5031 5030
f 5030 5094 5095
f 5159 5095 5094
f 5094 5158 5159
f 5223 5159 5158
f 5158 5222 5223
f 5287 5223 5222
f 5222 5286 5287
f 5351 5287 5286
f 5286 5350 5351
f 5415 5351 5350
f 5350 5414 5415
f 5479 5415 5414
f 5414 5478 5479
f 5543 5479 5478
f 5478 5542 5543
f 5607 5543 5542
f 5542 5606 5607
f 5671 5607 5606
f 5606 5670 5671
f 5735 5671 5670
f 5670 5734 5735
f 5799 5735 5734
f 5734 5798 5799
f 5863 5799 5798
f 5798 5862 5863
f 5927 5863 5862
f 5862 5926 5927
f 1960 1896 1895
f 1895 1959 1960
f 2024 1960 1959
f 1959 2023 2024
f 2088 2024 2023
f 2023 2087 2088
f 2152 2088 2087
f 2087 2151 2152
f 2216 2152 2151
f 2151 2215 2216
f 2280 2216 2215
f 2215 2279 2280
f 2344 2280 2279
f 2279 2343 2344
f 2408 2344 2343
f 2343 2407 2408
f 2472 2408 2407
f 2407 2471 2472
f 2536 2472 2471
f 2471 2535 2536
f 2600 2536 2535
f 2535 2599 2600
f 2664 2600 2599
f 2599 2663 2664
f 2728 2664 2663
f 2663 2727 2728
f 2792 2728 2727
f 2727 2791 2792
f 2856 2792 2791
f 2791 2855 2856
f 2920 2856 2855
f 2855 2919 2920
f 2984 2920 2919
f 2919 2983 2984
f 3048 2984 2983
f 2983 3047 3048
f 3112 3048 3047
f 3047 3111 3112
f 3176 3112 3111
f 3111 3175 3176
f 3240 3176 3175
f 3175 3239 3240
f 3304 3240 3239
f 3239 3303 3304
f 3368 3304 3303
f 3303 3367 3368
f 3432 3368 3367
f 3367 3431 3432
f 3496 3432 3431
f 3431 3495 3496
f 3560 3496 3495
f 3495 3559 3560
f 3624 3560 3559
f 3559 3623 3624
f 3688 3624 3623
f 3623 3687 3688
f 3752 3688 3687
f 3687 3751 3752
f 3816 3752 3751
f 3751 3815 3816
f 3880 3816 3815
f 3815 3879 3880
f 3944 3880 3879
f 3879 3943 3944
f 4008 3944 3943
f 3943 4007 4008
f 4072 4008 4007
f 4007 4071 4072
f 4136 4072 4071
f 4071 4135 4136
f 4200 4136 4135
f 4135 4199 4200
f 4264 4200 4199
f 4199 4263 4264
f 4328 4264 4263
f 4263 4327 4328
f 4392 4328 4327
f 4327 4391 4392
f 4456 4392 4391
f 4391 4455 4456
f 4520 4456 4455
f 4455 4519 4520
f 4584 4520 4519
f 4519 4583 4584
f 4648 4584 4583
f 4583 4647 4648
f 4712 4648 4647
f 4647 4711 4712
f 4776 4712 4711
f 4711 4775 4776
f 4840 4776 4775
f 4775 4839 4840
f 4904 4840 4839
f 4839 4903 4904
f 4968 4904 4903
f 4903 4967 4968
f 5032 4968 4967
f 4967 5031 5032
f 5096 5032 5031
f 5031 5095 5096
f 5160 5096 5095
f 5095 5159 5160
f 5224 5160 5159
f 5159 5223 5224
f 5288 5224 5223
f 5223 5287 5288
f 5352 5288 5287
f 5287 5351 5352
f 5416 5352 5351
f 5351 5415 5416
f 5480 5416 5415
f 5415 5479 5480
f 5544 5480 5479
f 5479 5543 5544
f 5608 5544 5543
f 5543 5607 5608
f 5672 5608 5607
f 5607 5671 5672
f 5736 5672 5671
f 5671 5735 5736
f 5800 5736 5735
f 5735 5799 5800
f 5864 5800 5799
f 5799 5863 5864
f 5928 5864 5863
f 5863 5927 5928
f 1961 1897 1896
f 1896 1960 1961
f 2025 1961 1960
f 1960 2024 2025
f 2089 2025 2024
f 2024 2088 2089
f 2153 2089 2088
f 2088 2152 2153
f 2217 2153 2152
f 2152 2216 2217
f 2281 2217 2216
f 2216 2280 2281
f 2345 2281 2280
f 2280 2344 2345
f 2409 2345 2344
f 2344 2408 2409
f 2473 2409 2408
f 2408 2472 2473
f 2537 2473 2472
f 2472 2536 2537
f 2601 2537 2536
f 2536 2600 2601
f 2665 2601 2600
f 2600 2664 2665
f 2729 2665 2664
f 2664 2728 2729
f 2793 2729 2728
f 2728 2792 2793
f 2857 2793 2792
f 2792 2856 2857
f 2921 2857 2856
f 2856 2920 2921
f 2985 2921 2920
f 2920 2984 2985
f 3049 2985 2984
f 2984 3048 3049
f 3113 3049 3048
f 3048 3112 3113
f 3177 3113 3112
f 3112 3176 3177
f 3241 3177 3176
f 3176 3240 3241
f 3305 3241 3240
f 3240 3304 3305
f 3369 3305 3304
f 3304 3368 3369
f 3433 3369 3368
f 3368 3432 3433
f 3497 3433 3432
f 3432 3496 3497
f 3561 3497 3496
f 3496 3560 3561
f 3625 3561 3560
f 3560 3624 3625
f 3689 3625 3624
f 3624 3688 3689
f 3753 3689 3688
f 3688 3752 3753
f 3817 3753 3752
f 3752 3816 3817
f 3881 3817 3816
f 3816 3880 3881
f 3945 3881 3880
f 3880 3944 3945
f 4009 3945 3944
f 3944 4008 4009
f 4073 4009 4008
f 4008 4072 4073
f 4137 4073 4072
f 4072 4136 4137
f 4201 4137 4136
f 4136 4200 4201
f 4265 4201 4200
f 4200 4264 4265
f 4329 4265 4264
f 4264 4328 4329
f 4393 4329 4328
f 4328 4392 4393
f 4457 4393 4392
f 4392 4456 4457
f 4521 4457 4456
f 4456 4520 4521
f 4585 4521 4520
f 4520 4584 4585
f 4649 4585 4584
f 4584 4648 4649
f 4713 4649 4648
f 4648 4712 4713
f 4777 4713 4712
f 4712 4776 4777
f 4841 4777 4776
f 4776 4840 4841
f 4905 4841 4840
f 4840 4904 4905
f 4969 4905 4904
f 4904 4968 4969
f 5033 4969 4968
f 4968 5032 5033
f 5097 5033 5032
f 5032 5096 5097
f 5161 5097 5096
f 5096 5160 5161
f 5225 5161 5160
f 5160 5224 5225
f 5289 5225 5224
f 5224 5288 5289
f 5353 5289 5288
f 5288 5352 5353
f 5417 5353 5352
f 5352 5416 5417
f 5481 5417 5416
f 5416 5480 5481
f 5545 5481 5480
f 5480 5544 5545
f 5609 5545 5544
f 5544 5608 5609
f 5673 5609 5608
f 5608 5672 5673
f 5737 5673 5672
f 5672 5736 5737
f 5801 5737 5736
f 5736 5800 5801
f 5865 5801 5800
f 5800 5864 5865
f 5929 5865 5864
f 5864 5928 5929
f 1962 1898 1897
f 1897 1961 1962
f 2026 1962 1961
f 1961 2025 2026
f 2090 2026 2025
f 2025 2089 2090
f 2154 2090 2089
f 2089 2153 2154
f 2218 2154 2153
f 2153 2217 2218
f 2282 2218 2217
f 2217 2281 2282
f 2346 2282 2281
f 2281 2345 2346
f 2410 2346 2345
f 2345 2409 2410
f 2474 2410 2409
f 2409 2473 2474
f 2538 2474 2473
f 2473 2537 2538
f 2602 2538 2537
f 2537 2601 2602
f 2666 2602 2601
f 2601 2665 2666
f 2730 2666 2665
f 2665 2729 2730
f 2794 2730 2729
f 2729 2793 2794
f 2858 2794 2793
f 2793 2857 2858
f 2922 2858 2857
f 2857 2921 2922
f 2986 2922 2921
f 2921 2985 2986
f 3050 2986 2985
f 2985 3049 3050
f 3114 3050 3049
f 3049 3113 3114
f 3178 3114 3113
f 3113 3177 3178
f 3242 3178 3177
f 3177 3241 3242
f 3306 3242 3241
f 3241 3305 3306
f 3370 3306 3305
f 3305 3369 3370
f 3434 3370 3369
f 3369 3433 3434
f 3498 3434 3433
f 3433 3497 3498
f 3562 3498 3497
f 3497 3561 3562
f 3626 3562 3561
f 3561 3625 3626
f 3690 3626 3625
f 3625 3689 3690
f 3754 3690 3689
f 3689 3753 3754
f 3818 3754 3753
f 3753 3817 3818
f 3882 3818 3817
f 3817 3881 3882
f 3946 3882 3881
f 3881 3945 3946
f 4010 3946 3945
f 3945 4009 4010
f 4074 4010 4009
f 4009 4073 4074
f 4138 4074 4073
f 4073 4137 4138
f 4202 4138 4137
f 4137 4201 4202
f 4266 4202 4201
f 4201 4265 4266
f 4330 4266 4265
f 4265 4329 4330
f 4394 4330 4329
f 4329 4393 4394
f 4458 4394 4393
f 4393 4457 4458
f 4522 4458 4457
f 4457 4521 4522
f 4586 4522 4521
f 4521 4585 4586
f 4650 4586 4585
f 4585 4649 4650
f 4714 4650 4649
f 4649 4713 4714
f 4778 4714 4713
f 4713 4777 4778
f 4842 4778 4777
f 4777 4841 4842
f 4906 4842 4841
f 4841 4905 4906
f 4970 4906 4905
f 4905 4969 4970
f 5034 4970 4969
f 4969 5033 5034
f 5098 5034 5033
f 5033 5097 5098
f 5162 5098 5097
f 5097 5161 5162
f 5226 5162 5161
f 5161 5225 5226
f 5290 5226 5225
f 5225 5289 5290
f 5354 5290 5289
f 5289 5353 5354
f 5418 5354 5353
f 5353 5417 5418
f 5482 5418 5417
f 5417 5481 5482
f 5546 5482 5481
f 5481 5545 5546
f 5610 5546 5545
f 5545 5609 5610
f 5674 5610 5609
f 5609 5673 5674
f 5738 5674 5673
f 5673 5737 5738
f 5802 5738 5737
f 5737 5801 5802
f 5866 5802 5801
f 5801 5865 5866
f 5930 5866 5865
f 5865 5929 5930
f 1963 1899 1898
f 1898 1962 1963
f 2027 1963 1962
f 1962 2026 2027
f 2091 2027 2026
f 2026 2090 2091
f 2155 2091 2090
f 2090 2154 2155
f 2219 2155 2154
f 2154 2218 2219
f 2283 2219 2218
f 2218 2282 2283
f 2347 2283 2282
f 2282 2346 2347
f 2411 2347 2346
f 2346 2410 2411
f 2475 2411 2410
f 2410 2474 2475
f 2539 2475 2474
f 2474 2538 2539
f 2603 2539 2538
f 2538 2602 2603
f 2667 2603 2602
f 2602 2666 2667
f 2731 2667 2666
f 2666 2730 2731
f 2795 2731 2730
f 2730 2794 2795
f 2859 2795 2794
f 2794 2858 2859
f 2923 2859 2858
f 2858 2922 2923
f 2987 2923 2922
f 2922 2986 2987
f 3051 2987 2986
f 2986 3050 3051
f 3115 3051 3050
f 3050 3114 3115
f 3179 3115 3114
f 3114 3178 3179
f 3243 3179 3178
f 3178 3242 3243
f 3307 3243 3242
f 3242 3306 3307
f 3371 3307 3306
f 3306 3370 3371
f 3435 3371 3370
f 3370 3434 3435
f 3499 3435 3434
f 3434 3498 3499
f 3563 3499 3498
f 3498 3562 3563
f 3627 3563 3562
f 3562 3626 3627
f 3691 3627 3626
f 3626 3690 3691
f 3755 3691 3690
f 3690 3754 3755
f 3819 3755 3754
f 3754 3818 3819
f 3883 3819 3818
f 3818 3882 3883
f 3947 3883 3882
f 3882 3946 3947
f 4011 3947 3946
f 3946 4010 4011
f 4075 4011 4010
f 4010 4074 4075
f 4139 4075 4074
f 4074 4138 4139
f 4203 4139 4138
f 4138 4202 4203
f 4267 4203 4202
f 4202 4266 4267
f 4331 4267 4266
f 4266 4330 4331
f 4395 4331 4330
f 4330 4394 4395
f 4459 4395 4394
f 4394 4458 4459
f 4523 4459 4458
f 4458 4522 4523
f 4587 4523 4522
f 4522 4586 4587
f 4651 4587 4586
f 4586 4650 4651
f 4715 4651 4650
f 4650 4714 4715
f 4779 4715 4714
f 4714 4778 4779
f 4843 4779 4778
f 4778 4842 4843
f 4907 4843 4842
f 4842 4906 4907
f 4971 4907 4906
f 4906 4970 4971
f 5035 4971 4970
f 4970 5034 5035
f 5099 5035 5034
f 5034 5098 5099
f 5163 5099 5098
f 5098 5162 5163
f 5227 5163 5162
f 5162 5226 5227
f 5291 5227 5226
f 5226 5290 5291
f 5355 5291 5290
f 5290 5354 5355
f 5419 5355 5354
f 5354 5418 5419
f 5483 5419 5418
f 5418 5482 5483
f 5547 5483 5482
f 5482 5546 5547
f 5611 5547 5546
f 5546 5610 5611
f 5675 5611 5610
f 5610 5674 5675
f 5739 5675 5674
f 5674 5738 5739
f 5803 5739 5738
f 5738 5802 5803
f 5867 5803 5802
f 5802 5866 5867
f 5931 5867 5866
f 5866 5930 5931
f 1964 1900 1899
f 1899 1963 1964
f 2028 1964 1963
f 1963 2027 2028
f 2092 2028 2027
f 2027 2091 2092
f 2156 2092 2091
f 2091 2155 2156
f 2220 2156 2155
f 2155 2219 2220
f 2284 2220 2219
f 2219 2283 2284
f 2348 2284 2283
f 2283 2347 2348
f 2412 2348 2347
f 2347 2411 2412
f 2476 2412 2411
f 2411 2475 2476
f 2540 2476 2475
f 2475 2539 2540
f 2604 2540 2539
f 2539 2603 2604
f 2668 2604 2603
f 2603 2667 2668
f 2732 2668 2667
f 2667 2731 2732
f 2796 2732 2731
f 2731 2795 2796
f 2860 2796 2795
f 2795 2859 2860
f 2924 2860 2859
f 2859 2923 2924
f 2988 2924 2923
f 2923 2987 2988
f 3052 2988 2987
f 2987 3051 3052
f 3116 3052 3051
f 3051 3115 3116
f 3180 3116 3115
f 3115 3179 3180
f 3244 3180 3179
f 3179 3243 3244
f 3308 3244 3243
f 3243 3307 3308
f 3372 3308 3307
f 3307 3371 3372
f 3436 3372 3371
f 3371 3435 3436
f 3500 3436 3435
f 3435 3499 3500
f 3564 3500 3499
f 3499 3563 3564
f 3628 3564 3563
f 3563 3627 3628
f 3692 3628 3627
f 3627 3691 3692
f 3756 3692 3691
f 3691 3755 3756
f 3820 3756 3755
f 3755 3819 3820
f 3884 3820 3819
f 3819 3883 3884
f 3948 3884 3883
f 3883 3947 3948
f 4012 3948 3947
f 3947 4011 4012
f 4076 4012 4011
f 4011 4075 4076
f 4140 4076 4075
f 4075 4139 4140
f 4204 4140 4139
f 4139 4203 4204
f 4268 4204 4203
f 4203 4267 4268
f 4332 4268 4267
f 4267 4331 4332
f 4396 4332 4331
f 4331 4395 4396
f 4460 4396 4395
f 4395 4459 4460
f 4524 4460 4459
f 4459 4523 4524
f 4588 4524 4523
f 4523 4587 4588
f 4652 4588 4587
f 4587 4651 4652
f 4716 4652 4651
f 4651 4715 4716
f 4780 4716 4715
f 4715 4779 4780
f 4844 4780 4779
f 4779 4843 4844
f 4908 4844 4843
f 4843 4907 4908
f 4972 4908 4907
f 4907 4971 4972
f 5036 4972 4971
f 4971 5035 5036
f 5100 5036 5035
f 5035 5099 5100
f 5164 5100 5099
f 5099 5163 5164
f 5228 5164 5163
f 5163 5227 5228
f 5292 5228 5227
f 5227 5291 5292
f 5356 5292 5291
f 5291 5355 5356
f 5420 5356 5355
f 5355 5419 5420
f 5484 5420 5419
f 5419 5483 5484
f 5548 5484 5483
f 5483 5547 5548
f 5612 5548 5547
f 5547 5611 5612
f 5676 5612 5611
f 5611 5675 5676
f 5740 5676 5675
f 5675 5739 5740
f 5804 5740 5739
f 5739 5803 5804
f 5868 5804 5803
f 5803 5867 5868
f 5932 5868 5867
f 5867 5931 5932
f 1965 1901 1900
f 1900 1964 1965
f 2029 1965 1964
f 1964 2028 2029
f 2093 2029 2028
f 2028 2092 2093
f 2157 2093 2092
f 2092 2156 2157
f 2221 2157 2156
f 2156 2220 2221
f 2285 2221 2220
f 2220 2284 2285
f 2349 2285 2284
f 2284 2348 2349
f 2413 2349 2348
f 2348 2412 2413
f 2477 2413 2412
f 2412 2476 2477
f 2541 2477 2476
f 2476 2540 2541
f 2605 2541 2540
f 2540 2604 2605
f 2669 2605 2604
f 2604 2668 2669
f 2733 2669 2668
f 2668 2732 2733
f 2797 2733 2732
f 2732 2796 2797
f 2861 2797 2796
f 2796 2860 2861
f 2925 2861 2860
f 2860 2924 2925
f 2989 2925 2924
f 2924 2988 2989
f 3053 2989 2988
f 2988 3052 3053
f 3117 3053 3052
f 3052 3116 3117
f 3181 3117 3116
f 3116 3180 3181
f 3245 3181 3180
f 3180 3244 3245
f 3309 3245 3244
f 3244 3308 3309
f 3373 3309 3308
f 3308 3372 3373
f 3437 3373 3372
f 3372 3436 3437
f 3501 3437 3436
f 3436 3500 3501
f 3565 3501 3500
f 3500 3564 3565
f 3629 3565 3564
f 3564 3628 3629
f 3693 3629 3628
f 3628 3692 3693
f 3757 3693 3692
f 3692 3756 3757
f 3821 3757 3756
f 3756 3820 3821
f 3885 3821 3820
f 3820 3884 3885
f 3949 3885 3884
f 3884 3948 3949
f 4013 3949 3948
f 3948 4012 4013
f 4077 4013 4012
f 4012 4076 4077
f 4141 4077 4076
f 4076 4140 4141
f 4205 4141 4140
f 4140 4204 4205
f 4269 4205 4204
f 4204 4268 4269
f 4333 4269 4268
f 4268 4332 4333
f 4397 4333 4332
f 4332 4396 4397
f 4461 4397 4396
f 4396 4460 4461
f 4525 4461 4460
f 4460 4524 4525
f 4589 4525 4524
f 4524 4588 4589
f 4653 4589 4588
f 4588 4652 4653
f 4717 4653 4652
f 4652 4716 4717
f 4781 4717 4716
f 4716 4780 4781
f 4845 4781 4780
f 4780 4844 4845
f 4909 4845 4844
f 4844 4908 4909
f 4973 4909 4908
f 4908 4972 4973
f 5037 4973 4972
f 4972 5036 5037
f 5101 5037 5036
f 5036 5100 5101
f 5165 5101 5100
f 5100 5164 5165
f 5229 5165 5164
f 5164 5228 5229
f 5293 5229 5228
f 5228 5292 5293
f 5357 5293 5292
f 5292 5356 5357
f 5421 5357 5356
f 5356 5420 5421
f 5485 5421 5420
f 5420 5484 5485
f 5549 5485 5484
f 5484 5548 5549
f 5613 5549 5548
f 5548 5612 5613
f 5677 5613 5612
f 5612 5676 5677
f 5741 5677 5676
f 5676 5740 5741
f 5805 5741 5740
f 5740 5804 5805
f 5869 5805 5804
f 5804 5868 5869
f 5933 5869 5868
f 5868 5932 5933
f 1966 1902 1901
f 1901 1965 1966
f 2030 1966 1965
f 1965 2029 2030
f 2094 2030 2029
f 2029 2093 2094
f 2158 2094 2093
f 2093 2157 2158
f 2222 2158 2157
f 2157 2221 2222
f 2286 2222 2221
f 2221 2285 2286
f 2350 2286 2285
f 2285 2349 2350
f 2414 2350 2349
f 2349 2413 2414
f 2478 2414 2413
f 2413 2477 2478
f 2542 2478 2477
f 2477 2541 2542
f 2606 2542 2541
f 2541 2605 2606
f 2670 2606 2605
f 2605 2669 2670
f 2734 2670 2669
f 2669 2733 2734
f 2798 2734 2733
f 2733 2797 2798
f 2862 2798 2797
f 2797 2861 2862
f 2926 2862 2861
f 2861 2925 2926
f 2990 2926 2925
f 2925 2989 2990
f 3054 2990 2989
f 2989 3053 3054
f 3118 3054 3053
f 3053 3117 3118
f 3182 3118 3117
f 3117 3181 3182
f 3246 3182 3181
f 3181 3245 3246
f 3310 3246 3245
f 3245 3309 3310
f 3374 3310 3309
f 3309 3373 3374
f 3438 3374 3373
f 3373 3437 3438
f 3502 3438 3437
f 3437 3501 3502
f 3566 3502 3501
f 3501 3565 3566
f 3630 3566 3565
f 3565 3629 3630
f 3694 3630 3629
f 3629 3693 3694
f 3758 3694 3693
f 3693 3757 3758
f 3822 3758 3757
f 3757 3821 3822
f 3886 3822 3821
f 3821 3885 3886
f 3950 3886 3885
f 3885 3949 3950
f 4014 3950 3949
f 3949 4013 4014
f 4078 4014 4013
f 4013 4077 4078
f 4142 4078 4077
f 4077 4141 4142
f 4206 4142 4141
f 4141 4205 4206
f 4270 4206 4205
f 4205 4269 4270
f 4334 4270 4269
f 4269 4333 4334
f 4398 4334 4333
f 4333 4397 4398
f 4462 4398 4397
f 4397 4461 4462
f 4526 4462 4461
f 4461 4525 4526
f 4590 4526 4525
f 4525 4589 4590
f 4654 4590 4589
f 4589 4653 4654
f 4718 4654 4653
f 4653 4717 4718
f 4782 4718 4717
f 4717 4781 4782
f 4846 4782 4781
f 4781 4845 4846
f 4910 4846 4845
f 4845 4909 4910
f 4974 4910 4909
f 4909 4973 4974
f 5038 4974 4973
f 4973 5037 5038
f 5102 5038 5037
f 5037 5101 5102
f 5166 5102 5101
f 5101 5165 5166
f 5230 5166 5165
f 5165 5229 5230
f 5294 5230 5229
f 5229 5293 5294
f 5358 5294 5293
f 5293 5357 5358
f 5422 5358 5357
f 5357 5421 5422
f 5486 5422 5421
f 5421 5485 5486
f 5550 5486 5485
f 5485 5549 5550
f 5614 5550 5549
f 5549 5613 5614
f 5678 5614 5613
f 5613 5677 5678
f 5742 5678 5677
f 5677 5741 5742
f 5806 5742 5741
f 5741 5805 5806
f 5870 5806 5805
f 5805 5869 5870
f 5934 5870 5869
f 5869 5933 5934
f 1967 1903 1902
f 1902 1966 1967
f 2031 1967 1966
f 1966 2030 2031
f 2095 2031 2030
f 2030 2094 2095
f 2159 2095 2094
f 2094 2158 2159
f 2223 2159 2158
f 2158 2222 2223
f 2287 2223 2222
f 2222 2286 2287
f 2351 2287 2286
f 2286 2350 2351
f 2415 2351 2350
f 2350 2414 2415
f 2479 2415 2414
f 2414 2478 2479
f 2543 2479 2478
f 2478 2542 2543
f 2607 2543 2542
f 2542 2606 2607
f 2671 2607 2606
f 2606 2670 2671
f 2735 2671 2670
f 2670 2734 2735
f 2799 2735 2734
f 2734 2798 2799
f 2863 2799 2798
f 2798 2862 2863
f 2927 2863 2862
f 2862 2926 2927
f 2991 2927 2926
f 2926 2990 2991
f 3055 2991 2990
f 2990 3054 3055
f 3119 3055 3054
f 3054 3118 3119
f 3183 3119 3118
f 3118 3182 3183
f 3247 3183 3182
f 3182 3246 3247
f 3311 3247 3246
f 3246 3310 3311
f 3375 3311 3310
f 3310 3374 3375
f 3439 3375 3374
f 3374 3438 3439
f 3503 3439 3438
f 3438 3502 3503
f 3567 3503 3502
f 3502 3566 3567
f 3631 3567 3566
f 3566 3630 3631
f 3695 3631 3630
f 3630 3694 3695
f 3759 3695 3694
f 3694 3758 3759
f 3823 3759 3758
f 3758 3822 3823
f 3887 3823 3822
f 3822 3886 3887
f 3951 3887 3886
f 3886 3950 3951
f 4015 3951 3950
f 3950 4014 4015
f 4079 4015 4014
f 4014 4078 4079
f 4143 4079 4078
f 4078 4142 4143
f 4207 4143 4142
f 4142 4206 4207
f 4271 4207 4206
f 4206 4270 4271
f 4335 4271 4270
f 4270 4334 4335
f 4399 4335 4334
f 4334 4398 4399
f 4463 4399 4398
f 4398 4462 4463
f 4527 4463 4462
f 4462 4526 4527
f 4591 4527 4526
f 4526 4590 4591
f 4655 4591 4590
f 4590 4654 4655
f 4719 4655 4654
f 4654 4718 4719
f 4783 4719 4718
f 4718 4782 4783
f 4847 4783 4782
f 4782 4846 4847
f 4911 4847 4846
f 4846 4910 4911
f 4975 4911 4910
f 4910 4974 4975
f 5039 4975 4974
f 4974 5038 5039
f 5103 5039 5038
f 5038 5102 5103
f 5167 5103 5102
f 5102 5166 5167
f 5231 5167 5166
f 5166 5230 5231
f 5295 5231 5230
f 5230 5294 5295
f 5359 5295 5294
f 5294 5358 5359
f 5423 5359 5358
f 5358 5422 5423
f 5487 5423 5422
f 5422 5486 5487
f 5551 5487 5486
f 5486 5550 5551
f 5615 5551 5550
f 5550 5614 5615
f 5679 5615 5614
f 5614 5678 5679
f 5743 5679 5678
f 5678 5742 5743
f 5807 5743 5742
f 5742 5806 5807
f 5871 5807 5806
f 5806 5870 5871
f 5935 5871 5870
f 5870 5934 5935
f 1968 1904 1903
f 1903 1967 1968
f 2032 1968 1967
f 1967 2031 2032
f 2096 2032 2031
f 2031 2095 2096
f 2160 2096 2095
f 2095 2159 2160
f 2224 2160 2159
f 2159 2223 2224
f 2288 2224 2223
f 2223 2287 2288
f 2352 2288 2287
f 2287 2351 2352
f 2416 2352 2351
f 2351 2415 2416
f 2480 2416 2415
f 2415 2479 2480
f 2544 2480 2479
f 2479 2543 2544
f 2608 2544 2543
f 2543 2607 2608
f 2672 2608 2607
f 2607 2671 2672
f 2736 2672 2671
f 2671 2735 2736
f 2800 2736 2735
f 2735 2799 2800
f 2864 2800 2799
f 2799 2863 2864
f 2928 2864 2863
f 2863 2927 2928
f 2992 2928 2927
f 2927 2991 2992
f 3056 2992 2991
f 2991 3055 3056
f 3120 3056 3055
f 3055 3119 3120
f 3184 3120 3119
f 3119 3183 3184
f 3248 3184 3183
f 3183 3247 3248
f 3312 3248 3247
f 3247 3311 3312
f 3376 3312 3311
f 3311 3375 3376
f 3440 3376 3375
f 3375 3439 3440
f 3504 3440 3439
f 3439 3503 3504
f 3568 3504 3503
f 3503 3567 3568
f 3632 3568 3567
f 3567 3631 3632
f 3696 3632 3631
f 3631 3695 3696
f 3760 3696 3695
f 3695 3759 3760
f 3824 3760 3759
f 3759 3823 3824
f 3888 3824 3823
f 3823 3887 3888
f 3952 3888 3887
f 3887 3951 3952
f 4016 3952 3951
f 3951 4015 4016
f 4080 4016 4015
f 4015 4079 4080
f 4144 4080 4079
f 4079 4143 4144
f 4208 4144 4143
f 4143 4207 4208
f 4272 4208 4207
f 4207 4271 4272
f 4336 4272 4271
f 4271 4335 4336
f 4400 4336 4335
f 4335 4399 4400
f 4464 4400 4399
f 4399 4463 4464
f 4528 4464 4463
f 4463 4527 4528
f 4592 4528 4527
f 4527 4591 4592
f 4656 4592 4591
f 4591 4655 4656
f 4720 4656 4655
f 4655 4719 4720
f 4784 4720 4719
f 4719 4783 4784
f 4848 4784 4783
f 4783 4847 4848
f 4912 4848 4847
f 4847 4911 4912
f 4976 4912 4911
f 4911 4975 4976
f 5040 4976 4975
f 4975 5039 5040
f 5104 5040 5039
f 5039 5103 5104
f 5168 5104 5103
f 5103 5167 5168
f 5232 5168 5167
f 5167 5231 5232
f 5296 5232 5231
f 5231 5295 5296
f 5360 5296 5295
f 5295 5359 5360
f 5424 5360 5359
f 5359 5423 5424
f 5488 5424 5423
f 5423 5487 5488
f 5552 5488 5487
f 5487 5551 5552
f 5616 5552 5551
f 5551 5615 5616
f 5680 5616 5615
f 5615 5679 5680
f 5744 5680 5679
f 5679 5743 5744
f 5808 5744 5743
f 5743 5807 5808
f 5872 5808 5807
f 5807 5871 5872
f 5936 5872 5871
f 5871 5935 5936
f 1969 1905 1904
f 1904 1968 1969
f 2033 1969 1968
f 1968 2032 2033
f 2097 2033 2032
f 2032 2096 2097
f 2161 2097 2096
f 2096 2160 2161
f 2225 2161 2160
f 2160 2224 2225
f 2289 2225 2224
f 2224 2288 2289
f 2353 2289 2288
f 2288 2352 2353
f 2417 2353 2352
f 2352 2416 2417
f 2481 2417 2416
f 2416 2480 2481
f 2545 2481 2480
f 2480 2544 2545
f 2609 2545 2544
f 2544 2608 2609
f 2673 2609 2608
f 2608 2672 2673
f 2737 2673 2672
f 2672 2736 2737
f 2801 2737 2736
f 2736 2800 2801
f 2865 2801 2800
f 2800 2864 2865
f 2929 2865 2864
f 2864 2928 2929
f 2993 2929 2928
f 2928 2992 2993
f 3057 2993 2992
f 2992 3056 3057
f 3121 3057 3056
f 3056 3120 3121
f 3185 3121 3120
f 3120 3184 3185
f 3249 3185 3184
f 3184 3248 3249
f 3313 3249 3248
f 3248 3312 3313
f 3377 3313 3312
f 3312 3376 3377
f 3441 3377 3376
f 3376 3440 3441
f 3505 3441 3440
f 3440 3504 3505
f 3569 3505 3504
f 3504 3568 3569
f 3633 3569 3568
f 3568 3632 3633
f 3697 3633 3632
f 3632 3696 3697
f 3761 3697 3696
f 3696 3760 3761
f 3825 3761 3760
f 3760 3824 3825
f 3889 3825 3824
f 3824 3888 3889
f 3953 3889 3888
f 3888 3952 3953
f 4017 3953 3952
f 3952 4016 4017
f 4081 4017 4016
f 4016 4080 4081
f 4145 4081 4080
f 4080 4144 4145
f 4209 4145 4144
f 4144 4208 4209
f 4273 4209 4208
f 4208 4272 4273
f 4337 4273 4272
f 4272 4336 4337
f 4401 4337 4336
f 4336 4400 4401
f 4465 4401 4400
f 4400 4464 4465
f 4529 4465 4464
f 4464 4528 4529
f 4593 4529 4528
f 4528 4592 4593
f 4657 4593 4592
f 4592 4656 4657
f 4721 4657 4656
f 4656 4720 4721
f 4785 4721 4720
f 4720 4784 4785
f 4849 4785 4784
f 4784 4848 4849
f 4913 4849 4848
f 4848 4912 4913
f 4977 4913 4912
f 4912 4976 4977
f 5041 4977 4976
f 4976 5040 5041
f 5105 5041 5040
f 5040 5104 5105
f 5169 5105 5104
f 5104 5168 5169
f 5233 5169 5168
f 5168 5232 5233
f 5297 5233 5232
f 5232 5296 5297
f 5361 5297 5296
f 5296 5360 5361
f 5425 5361 5360
f 5360 5424 5425
f 5489 5425 5424
f 5424 5488 5489
f 5553 5489 5488
f 5488 5552 5553
f 5617 5553 5552
f 5552 5616 5617
f 5681 5617 5616
f 5616 5680 5681
f 5745 5681 5680
f 5680 5744 5745
f 5809 5745 5744
f 5744 5808 5809
f 5873 5809 5808
f 5808 5872 5873
f 5937 5873 5872
f 5872 5936 5937
f 1970 1906 1905
f 1905 1969 1970
f 2034 1970 1969
f 1969 2033 2034
f 2098 2034 2033
f 2033 2097 2098
f 2162 2098 2097
f 2097 2161 2162
f 2226 2162 2161
f 2161 2225 2226
f 2290 2226 2225
f 2225 2289 2290
f 2354 2290 2289
f 2289 2353 2354
f 2418 2354 2353
f 2353 2417 2418
f 2482 2418 2417
f 2417 2481 2482
f 2546 2482 2481
f 2481 2545 2546
f 2610 2546 2545
f 2545 2609 2610
f 2674 2610 2609
f 2609 2673 2674
f 2738 2674 2673
f 2673 2737 2738
f 2802 2738 2737
f 2737 2801 2802
f 2866 2802 2801
f 2801 2865 2866
f 2930 2866 2865
f 2865 2929 2930
f 2994 2930 2929
f 2929 2993 2994
f 3058 2994 2993
f 2993 3057 3058
f 3122 3058 3057
f 3057 3121 3122
f 3186 3122 3121
f 3121 3185 3186
f 3250 3186 3185
f 3185 3249 3250
f 3314 3250 3249
f 3249 3313 3314
f 3378 3314 3313
f 3313 3377 3378
f 3442 3378 3377
f 3377 3441 3442
f 3506 3442 3441
f 3441 3505 3506
f 3570 3506 3505
f 3505 3569 3570
f 3634 3570 3569
f 3569 3633 3634
f 3698 3634 3633
f 3633 3697 3698
f 3762 3698 3697
f 3697 3761 3762
f 3826 3762 3761
f 3761 3825 3826
f 3890 3826 3825
f 3825 3889 3890
f 3954 3890 3889
f 3889 3953 3954
f 4018 3954 3953
f 3953 4017 4018
f 4082 4018 4017
f 4017 4081 4082
f 4146 4082 4081
f 4081 4145 4146
f 4210 4146 4145
f 4145 4209 4210
f 4274 4210 4209
f 4209 4273 4274
f 4338 4274 4273
f 4273 4337 4338
f 4402 4338 4337
f 4337 4401 4402
f 4466 4402 4401
f 4401 4465 4466
f 4530 4466 4465
f 4465 4529 4530
f 4594 4530 4529
f 4529 4593 4594
f 4658 4594 4593
f 4593 4657 4658
f 4722 4658 4657
f 4657 4721 4722
f 4786 4722 4721
f 4721 4785 4786
f 4850 4786 4785
f 4785 4849 4850
f 4914 4850 4849
f 4849 4913 4914
f 4978 4914 4913
f 4913 4977 4978
f 5042 4978 4977
f 4977 5041 5042
f 5106 5042 5041
f 5041 5105 5106
f 5170 5106 5105
f 5105 5169 5170
f 5234 5170 5169
f 5169 5233 5234
f 5298 5234 5233
f 5233 5297 5298
f 5362 5298 5297
f 5297 5361 5362
f 5426 5362 5361
f 5361 5425 5426
f 5490 5426 5425
f 5425 5489 5490
f 5554 5490 5489
f 5489 5553 5554
f 5618 5554 5553
f 5553 5617 5618
f 5682 5618 5617
f 5617 5681 5682
f 5746 5682 5681
f 5681 5745 5746
f 5810 5746 5745
f 5745 5809 5810
f 5874 5810 5809
f 5809 5873 5874
f 5938 5874 5873
f 5873 5937 5938
f 1971 1907 1906
f 1906 1970 1971
f 2035 1971 1970
f 1970 2034 2035
f 2099 2035 2034
f 2034 2098 2099
f 2163 2099 2098
f 2098 2162 2163
f 2227 2163 2162
f 2162 2226 2227
f 2291 2227 2226
f 2226 2290 2291
f 2355 2291 2290
f 2290 2354 2355
f 2419 2355 2354
f 2354 2418 2419
f 2483 2419 2418
f 2418 2482 2483
f 2547 2483 2482
f 2482 2546 2547
f 2611 2547 2546
f 2546 2610 2611
f 2675 2611 2610
f 2610 2674 2675
f 2739 2675 2674
f 2674 2738 2739
f 2803 2739 2738
f 2738 2802 2803
f 2867 2803 2802
f 2802 2866 2867
f 2931 2867 2866
f 2866 2930 2931
f 2995 2931 2930
f 2930 2994 2995
f 3059 2995 2994
f 2994 3058 3059
f 3123 3059 3058
f 3058 3122 3123
f 3187 3123 3122
f 3122 3186 3187
f 3251 3187 3186
f 3186 3250 3251
f 3315 3251 3250
f 3250 3314 3315
f 3379 3315 3314
f 3314 3378 3379
f 3443 3379 3378
f 3378 3442 3443
f 3507 3443 3442
f 3442 3506 3507
f 3571 3507 3506
f 3506 3570 3571
f 3635 3571 3570
f 3570 3634 3635
f 3699 3635 3634
f 3634 3698 3699
f 3763 3699 3698
f 3698 3762 3763
f 3827 3763 3762
f 3762 3826 3827
f 3891 3827 3826
f 3826 3890 3891
f 3955 3891 3890
f 3890 3954 3955
f 4019 3955 3954
f 3954 4018 4019
f 4083 4019 4018
f 4018 4082 4083
f 4147 4083 4082
f 4082 4146 4147
f 4211 4147 4146
f 4146 4210 4211
f 4275 4211 4210
f 4210 4274 4275
f 4339 4275 4274
f 4274 4338 4339
f 4403 4339 4338
f 4338 4402 4403
f 4467 4403 4402
f 4402 4466 4467
f 4531 4467 4466
f 4466 4530 4531
f 4595 4531 4530
f 4530 4594 4595
f 4659 4595 4594
f 4594 4658 4659
f 4723 4659 4658
f 4658 4722 4723
f 4787 4723 4722
f 4722 4786 4787
f 4851 4787 4786
f 4786 4850 4851
f 4915 4851 4850
f 4850 4914 4915
f 4979 4915 4914
f 4914 4978 4979
f 5043 4979 4978
f 4978 5042 5043
f 5107 5043 5042
f 5042 5106 5107
f 5171 5107 5106
f 5106 5170 5171
f 5235 5171 5170
f 5170 5234 5235
f 5299 5235 5234
f 5234 5298 5299
f 5363 5299 5298
f 5298 5362 5363
f 5427 5363 5362
f 5362 5426 5427
f 5491 5427 5426
f 5426 5490 5491
f 5555 5491 5490
f 5490 5554 5555
f 5619 5555 5554
f 5554 5618 5619
f 5683 5619 5618
f 5618 5682 5683
f 5747 5683 5682
f 5682 5746 5747
f 5811 5747 5746
f 5746 5810 5811
f 5875 5811 5810
f 5810 5874 5875
f 5939 5875 5874
f 5874 5938 5939
f 1972 1908 1907
f 1907 1971 1972
f 2036 1972 1971
f 1971 2035 2036
f 2100 2036 2035
f 2035 2099 2100
f 2164 2100 2099
f 2099 2163 2164
f 2228 2164 2163
f 2163 2227 2228
f 2292 2228 2227
f 2227 2291 2292
f 2356 2292 2291
f 2291 2355 2356
f 2420 2356 2355
f 2355 2419 2420
f 2484 2420 2419
f 2419 2483 2484
f 2548 2484 2483
f 2483 2547 2548
f 2612 2548 2547
f 2547 2611 2612
f 2676 2612 2611
f 2611 2675 2676
f 2740 2676 2675
f 2675 2739 2740
f 2804 2740 2739
f 2739 2803 2804
f 2868 2804 2803
f 2803 2867 2868
f 2932 2868 2867
f 2867 2931 2932
f 2996 2932 2931
f 2931 2995 2996
f 3060 2996 2995
f 2995 3059 3060
f 3124 3060 3059
f 3059 3123 3124
f 3188 3124 3123
f 3123 3187 3188
f 3252 3188 3187
f 3187 3251 3252
f 3316 3252 3251
f 3251 3315 3316
f 3380 3316 3315
f 3315 3379 3380
f 3444 3380 3379
f 3379 3443 3444
f 3508 3444 3443
f 3443 3507 3508
f 3572 3508 3507
f 3507 3571 3572
f 3636 3572 3571
f 3571 3635 3636
f 3700 3636 3635
f 3635 3699 3700
f 3764 3700 3699
f 3699 3763 3764
f 3828 3764 3763
f 3763 3827 3828
f 3892 3828 3827
f 3827 3891 3892
f 3956 3892 3891
f 3891 3955 3956
f 4020 3956 3955
f 3955 4019 4020
f 4084 4020 4019
f 4019 4083 4084
f 4148 4084 4083
f 4083 4147 4148
f 4212 4148 4147
f 4147 4211 4212
f 4276 4212 4211
f 4211 4275 4276
f 4340 4276 4275
f 4275 4339 4340
f 4404 4340 4339
f 4339 4403 4404
f 4468 4404 4403
f 4403 4467 4468
f 4532 4468 4467
f 4467 4531 4532
f 4596 4532 4531
f 4531 4595 4596
f 4660 4596 4595
f 4595 4659 4660
f 4724 4660 4659
f 4659 4723 4724
f 4788 4724 4723
f 4723 4787 4788
f 4852 4788 4787
f 4787 4851 4852
f 4916 4852 4851
f 4851 4915 4916
f 4980 4916 4915
f 4915 4979 4980
f 5044 4980 4979
f 4979 5043 5044
f 5108 5044 5043
f 5043 5107 5108
f 5172 5108 5107
f 5107 5171 5172
f 5236 5172 5171
f 5171 5235 5236
f 5300 5236 5235
f 5235 5299 5300
f 5364 5300 5299
f 5299 5363 5364
f 5428 5364 5363
f 5363 5427 5428
f 5492 5428 5427
f 5427 5491 5492
f 5556 5492 5491
f 5491 5555 5556
f 5620 5556 5555
f 5555 5619 5620
f 5684 5620 5619
f 5619 5683 5684
f 5748 5684 5683
f 5683 5747 5748
f 5812 5748 5747
f 5747 5811 5812
f 5876 5812 5811
f 5811 5875 5876
f 5940 5876 5875
f 5875 5939 5940
f 1973 1909 1908
f 1908 1972 1973
f 2037 1973 1972
f 1972 2036 2037
f 2101 2037 2036
f 2036 2100 2101
f 2165 2101 2100
f 2100 2164 2165
f 2229 2165 2164
f 2164 2228 2229
f 2293 2229 2228
f 2228 2292 2293
f 2357 2293 2292
f 2292 2356 2357
f 2421 2357 2356
f 2356 2420 2421
f 2485 2421 2420
f 2420 2484 2485
f 2549 2485 2484
f 2484 2548 2549
f 2613 2549 2548
f 2548 2612 2613
f 2677 2613 2612
f 2612 2676 2677
f 2741 2677 2676
f 2676 2740 2741
f 2805 2741 2740
f 2740 2804 2805
f 2869 2805 2804
f 2804 2868 2869
f 2933 2869 2868
f 2868 2932 2933
f 2997 2933 2932
f 2932 2996 2997
f 3061 2997 2996
f 2996 3060 3061
f 3125 3061 3060
f 3060 3124 3125
f 3189 3125 3124
f 3124 3188 3189
f 3253 3189 3188
f 3188 3252 3253
f 3317 3253 3252
f 3252 3316 3317
f 3381 3317 3316
f 3316 3380 3381
f 3445 3381 3380
f 3380 3444 3445
f 3509 3445 3444
f 3444 3508 3509
f 3573 3509 3508
f 3508 3572 3573
f 3637 3573 3572
f 3572 3636 3637
f 3701 3637 3636
f 3636 3700 3701
f 3765 3701 3700
f 3700 3764 3765
f 3829 3765 3764
f 3764 3828 3829
f 3893 3829 3828
f 3828 3892 3893
f 3957 3893 3892
f 3892 3956 3957
f 4021 3957 3956
f 3956 4020 4021
f 4085 4021 4020
f 4020 4084 4085
f 4149 4085 4084
f 4084 4148 4149
f 4213 4149 4148
f 4148 4212 4213
f 4277 4213 4212
f 4212 4276 4277
f 4341 4277 4276
f 4276 4340 4341
f 4405 4341 4340
f 4340 4404 4405
f 4469 4405 4404
f 4404 4468 4469
f 4533 4469 4468
f 4468 4532 4533
f 4597 4533 4532
f 4532 4596 4597
f 4661 4597 4596
f 4596 4660 4661
f 4725 4661 4660
f 4660 4724 4725
f 4789 4725 4724
f 4724 4788 4789
f 4853 4789 4788
f 4788 4852 4853
f 4917 4853 4852
f 4852 4916 4917
f 4981 4917 4916
f 4916 4980 4981
f 5045 4981 4980
f 4980 5044 5045
f 5109 5045 5044
f 5044 5108 5109
f 5173 5109 5108
f 5108 5172 5173
f 5237 5173 5172
f 5172 5236 5237
f 5301 5237 5236
f 5236 5300 5301
f 5365 5301 5300
f 5300 5364 5365
f 5429 5365 5364
f 5364 5428 5429
f 5493 5429 5428
f 5428 5492 5493
f 5557 5493 5492
f 5492 5556 5557
f 5621 5557 5556
f 5556 5620 5621
f 5685 5621 5620
f 5620 5684 5685
f 5749 5685 5684
f 5684 5748 5749
f 5813 5749 5748
f 5748 5812 5813
f 5877 5813 5812
f 5812 5876 5877
f 5941 5877 5876
f 5876 5940 5941
f 1974 1910 1909
f 1909 1973 1974
f 2038 1974 1973
f 1973 2037 2038
f 2102 2038 2037
f 2037 2101 2102
f 2166 2102 2101
f 2101 2165 2166
f 2230 2166 2165
f 2165 2229 2230
f 2294 2230 2229
f 2229 2293 2294
f 2358 2294 2293
f 2293 2357 2358
f 2422 2358 2357
f 2357 2421 2422
f 2486 2422 2421
f 2421 2485 2486
f 2550 2486 2485
f 2485 2549 2550
f 2614 2550 2549
f 2549 2613 2614
f 2678 2614 2613
f 2613 2677 2678
f 2742 2678 2677
f 2677 2741 2742
f 2806 2742 2741
f 2741 2805 2806
f 2870 2806 2805
f 2805 2869 2870
f 2934 2870 2869
f 2869 2933 2934
f 2998 2934 2933
f 2933 2997 2998
f 3062 2998 2997
f 2997 3061 3062
f 3126 3062 3061
f 3061 3125 3126
f 3190 3126 3125
f 3125 3189 3190
f 3254 3190 3189
f 3189 3253 3254
f 3318 3254 3253
f 3253 3317 3318
f 3382 3318 3317
f 3317 3381 3382
f 3446 3382 3381
f 3381 3445 3446
f 3510 3446 3445
f 3445 3509 3510
f 3574 3510 3509
f 3509 3573 3574
f 3638 3574 3573
f 3573 3637 3638
f 3702 3638 3637
f 3637 3701 3702
f 3766 3702 3701
f 3701 3765 3766
f 3830 3766 3765
f 3765 3829 3830
f 3894 3830 3829
f 3829 3893 3894
f 3958 3894 3893
f 3893 3957 3958
f 4022 3958 3957
f 3957 4021 4022
f 4086 4022 4021
f 4021 4085 4086
f 4150 4086 4085
f 4085 4149 4150
f 4214 4150 4149
f 4149 4213 4214
f 4278 4214 4213
f 4213 4277 4278
f 4342 4278 4277
f 4277 4341 4342
f 4406 4342 4341
f 4341 4405 4406
f 4470 4406 4405
f 4405 4469 4470
f 4534 4470 4469
f 4469 4533 4534
f 4598 4534 4533
f 4533 4597 4598
f 4662 4598 4597
f 4597 4661 4662
f 4726 4662 4661
f 4661 4725 4726
f 4790 4726 4725
f 4725 4789 4790
f 4854 4790 4789
f 4789 4853 4854
f 4918 4854 4853
f 4853 4917 4918
f 4982 4918 4917
f 4917 4981 4982
f 5046 4982 4981
f 4981 5045 5046
f 5110 5046 5045
f 5045 5109 5110
f 5174 5110 5109
f 5109 5173 5174
f 5238 5174 5173
f 5173 5237 5238
f 5302 5238 5237
f 5237 5301 5302
f 5366 5302 5301
f 5301 5365 5366
f 5430 5366 5365
f 5365 5429 5430
f 5494 5430 5429
f 5429 5493 5494
f 5558 5494 5493
f 5493 5557 5558
f 5622 5558 5557
f 5557 5621 5622
f 5686 5622 5621
f 5621 5685 5686
f 5750 5686 5685
f 5685 5749 5750
f 5814 5750 5749
f 5749 5813 5814
f 5878 5814 5813
f 5813 5877 5878
f 5942 5878 5877
f 5877 5941 5942
f 1975 1911 1910
f 1910 1974 1975
f 2039 1975 1974
f 1974 2038 2039
f 2103 2039 2038
f 2038 2102 2103
f 2167 2103 2102
f 2102 2166 2167
f 2231 2167 2166
f 2166 2230 2231
f 2295 2231 2230
f 2230 2294 2295
f 2359 2295 2294
f 2294 2358 2359
f 2423 2359 2358
f 2358 2422 2423
f 2487 2423 2422
f 2422 2486 2487
f 2551 2487 2486
f 2486 2550 2551
f 2615 2551 2550
f 2550 2614 2615
f 2679 2615 2614
f 2614 2678 2679
f 2743 2679 2678
f 2678 2742 2743
f 2807 2743 2742
f 2742 2806 2807
f 2871 2807 2806
f 2806 2870 2871
f 2935 2871 2870
f 2870 2934 2935
f 2999 2935 2934
f 2934 2998 2999
f 3063 2999 2998
f 2998 3062 3063
f 3127 3063 3062
f 3062 3126 3127
f 3191 3127 3126
f 3126 3190 3191
f 3255 3191 3190
f 3190 3254 3255
f 3319 3255 3254
f 3254 3318 3319
f 3383 3319 3318
f 3318 3382 3383
f 3447 3383 3382
f 3382 3446 3447
f 3511 3447 3446
f 3446 3510 3511
f 3575 3511 3510
f 3510 3574 3575
f 3639 3575 3574
f 3574 3638 3639
f 3703 3639 3638
f 3638 3702 3703
f 3767 3703 3702
f 3702 3766 3767
f 3831 3767 3766
f 3766 3830 3831
f 3895 3831 3830
f 3830 3894 3895
f 3959 3895 3894
f 3894 3958 3959
f 4023 3959 3958
f 3958 4022 4023
f 4087 4023 4022
f 4022 4086 4087
f 4151 4087 4086
f 4086 4150 4151
f 4215 4151 4150
f 4150 4214 4215
f 4279 4215 4214
f 4214 4278 4279
f 4343 4279 4278
f 4278 4342 4343
f 4407 4343 4342
f 4342 4406 4407
f 4471 4407 4406
f 4406 4470 4471
f 4535 4471 4470
f 4470 4534 4535
f 4599 4535 4534
f 4534 4598 4599
f 4663 4599 4598
f 4598 4662 4663
f 4727 4663 4662
f 4662 4726 4727
f 4791 4727 4726
f 4726 4790 4791
f 4855 4791 4790
f 4790 4854 4855
f 4919 4855 4854
f 4854 4918 4919
f 4983 4919 4918
f 4918 4982 4983
f 5047 4983 4982
f 4982 5046 5047
f 5111 5047 5046
f 5046 5110 5111
f 5175 5111 5110
f 5110 5174 5175
f 5239 5175 5174
f 5174 5238 5239
f 5303 5239 5238
f 5238 5302 5303
f 5367 5303 5302
f 5302 5366 5367
f 5431 5367 5366
f 5366 5430 5431
f 5495 5431 5430
f 5430 5494 5495
f 5559 5495 5494
f 5494 5558 5559
f 5623 5559 5558
f 5558 5622 5623
f 5687 5623 5622
f 5622 5686 5687
f 5751 5687 5686
f 5686 5750 5751
f 5815 5751 5750
f 5750 5814 5815
f 5879 5815 5814
f 5814 5878 5879
f 5943 5879 5878
f 5878 5942 5943
f 1976 1912 1911
f 1911 1975 1976
f 2040 1976 1975
f 1975 2039 2040
f 2104 2040 2039
f 2039 2103 2104
f 2168 2104 2103
f 2103 2167 2168
f 2232 2168 2167
f 2167 2231 2232
f 2296 2232 2231
f 2231 2295 2296
f 2360 2296 2295
f 2295 2359 2360
f 2424 2360 2359
f 2359 2423 2424
f 2488 2424 2423
f 2423 2487 2488
f 2552 2488 2487
f 2487 2551 2552
f 2616 2552 2551
f 2551 2615 2616
f 2680 2616 2615
f 2615 2679 2680
f 2744 2680 2679
f 2679 2743 2744
f 2808 2744 2743
f 2743 2807 2808
f 2872 2808 2807
f 2807 2871 2872
f 2936 2872 2871
f 2871 2935 2936
f 3000 2936 2935
f 2935 2999 3000
f 3064 3000 2999
f 2999 3063 3064
f 3128 3064 3063
f 3063 3127 3128
f 3192 3128 3127
f 3127 3191 3192
f 3256 3192 3191
f 3191 3255 3256
f 3320 3256 3255
f 3255 3319 3320
f 3384 3320 3319
f 3319 3383 3384
f 3448 3384 3383
f 3383 3447 3448
f 3512 3448 3447
f 3447 3511 3512
f 3576 3512 3511
f 3511 3575 3576
f 3640 3576 3575
f 3575 3639 3640
f 3704 3640 3639
f 3639 3703 3704
f 3768 3704 3703
f 3703 3767 3768
f 3832 3768 3767
f 3767 3831 3832
f 3896 3832 3831
f 3831 3895 3896
f 3960 3896 3895
f 3895 3959 3960
f 4024 3960 3959
f 3959 4023 4024
f 4088 4024 4023
f 4023 4087 4088
f 4152 4088 4087
f 4087 4151 4152
f 4216 4152 4151
f 4151 4215 4216
f 4280 4216 4215
f 4215 4279 4280
f 4344 4280 4279
f 4279 4343 4344
f 4408 4344 4343
f 4343 4407 4408
f 4472 4408 4407
f 4407 4471 4472
f 4536 4472 4471
f 4471 4535 4536
f 4600 4536 4535
f 4535 4599 4600
f 4664 4600 4599
f 4599 4663 4664
f 4728 4664 4663
f 4663 4727 4728
f 4792 4728 4727
f 4727 4791 4792
f 4856 4792 4791
f 4791 4855 4856
f 4920 4856 4855
f 4855 4919 4920
f 4984 4920 4919
f 4919 4983 4984
f 5048 4984 4983
f 4983 5047 5048
f 5112 5048 5047
f 5047 5111 5112
f 5176 5112 5111
f 5111 5175 5176
f 5240 5176 5175
f 5175 5239 5240
f 5304 5240 5239
f 5239 5303 5304
f 5368 5304 5303
f 5303 5367 5368
f 5432 5368 5367
f 5367 5431 5432
f 5496 5432 5431
f 5431 5495 5496
f 5560 5496 5495
f 5495 5559 5560
f 5624 5560 5559
f 5559 5623 5624
f 5688 5624 5623
f 5623 5687 5688
f 5752 5688 5687
f 5687 5751 5752
f 5816 5752 5751
f 5751 5815 5816
f 5880 5816 5815
f 5815 5879 5880
f 5944 5880 5879
f 5879 5943 5944
f 1977 1913 1912
f 1912 1976 1977
f 2041 1977 1976
f 1976 2040 2041
f 2105 2041 2040
f 2040 2104 2105
f 2169 2105 2104
f 2104 2168 2169
f 2233 2169 2168
f 2168 2232 2233
f 2297 2233 2232
f 2232 2296 2297
f 2361 2297 2296
f 2296 2360 2361
f 2425 2361 2360
f 2360 2424 2425
f 2489 2425 2424
f 2424 2488 2489
f 2553 2489 2488
f 2488 2552 2553
f 2617 2553 2552
f 2552 2616 2617
f 2681 2617 2616
f 2616 2680 2681
f 2745 2681 2680
f 2680 2744 2745
f 2809 2745 2744
f 2744 2808 2809
f 2873 2809 2808
f 2808 2872 2873
f 2937 2873 2872
f 2872 2936 2937
f 3001 2937 2936
f 2936 3000 3001
f 3065 3001 3000
f 3000 3064 3065
f 3129 3065 3064
f 3064 3128 3129
f 3193 3129 3128
f 3128 3192 3193
f 3257 3193 3192
f 3192 3256 3257
f 3321 3257 3256
f 3256 3320 3321
f 3385 3321 3320
f 3320 3384 3385
f 3449 3385 3384
f 3384 3448 3449
f 3513 3449 3448
f 3448 3512 3513
f 3577 3513 3512
f 3512 3576 3577
f 3641 3577 3576
f 3576 3640 3641
f 3705 3641 3640
f 3640 3704 3705
f 3769 3705 3704
f 3704 3768 3769
f 3833 3769 3768
f 3768 3832 3833
f 3897 3833 3832
f 3832 3896 3897
f 3961 3897 3896
f 3896 3960 3961
f 4025 3961 3960
f 3960 4024 4025
f 4089 4025 4024
f 4024 4088 4089
f 4153 4089 4088
f 4088 4152 4153
f 4217 4153 4152
f 4152 4216 4217
f 4281 4217 4216
f 4216 4280 4281
f 4345 4281 4280
f 4280 4344 4345
f 4409 4345 4344
f 4344 4408 4409
f 4473 4409 4408
f 4408 4472 4473
f 4537 4473 4472
f 4472 4536 4537
f 4601 4537 4536
f 4536 4600 4601
f 4665 4601 4600
f 4600 4664 4665
f 4729 4665 4664
f 4664 4728 4729
f 4793 4729 4728
f 4728 4792 4793
f 4857 4793 4792
f 4792 4856 4857
f 4921 4857 4856
f 4856 4920 4921
f 4985 4921 4920
f 4920 4984 4985
f 5049 4985 4984
f 4984 5048 5049
f 5113 5049 5048
f 5048 5112 5113
f 5177 5113 5112
f 5112 5176 5177
f 5241 5177 5176
f 5176 5240 5241
f 5305 5241 5240
f 5240 5304 5305
f 5369 5305 5304
f 5304 5368 5369
f 5433 5369 5368
f 5368 5432 5433
f 5497 5433 5432
f 5432 5496 5497
f 5561 5497 5496
f 5496 5560 5561
f 5625 5561 5560
f 5560 5624 5625
f 5689 5625 5624
f 5624 5688 5689
f 5753 5689 5688
f 5688 5752 5753
f 5817 5753 5752
f 5752 5816 5817
f 5881 5817 5816
f 5816 5880 5881
f 5945 5881 5880
f 5880 5944 5945
f 1978 1914 1913
f 1913 1977 1978
f 2042 1978 1977
f 1977 2041 2042
f 2106 2042 2041
f 2041 2105 2106
f 2170 2106 2105
f 2105 2169 2170
f 2234 2170 2169
f 2169 2233 2234
f 2298 2234 2233
f 2233 2297 2298
f 2362 2298 2297
f 2297 2361 2362
f 2426 2362 2361
f 2361 2425 2426
f 2490 2426 2425
f 2425 2489 2490
f 2554 2490 2489
f 2489 2553 2554
f 2618 2554 2553
f 2553 2617 2618
f 2682 2618 2617
f 2617 2681 2682
f 2746 2682 2681
f 2681 2745 2746
f 2810 2746 2745
f 2745 2809 2810
f 2874 2810 2809
f 2809 2873 2874
f 2938 2874 2873
f 2873 2937 2938
f 3002 2938 2937
f 2937 3001 3002
f 3066 3002 3001
f 3001 3065 3066
f 3130 3066 3065
f 3065 3129 3130
f 3194 3130 3129
f 3129 3193 3194
f 3258 3194 3193
f 3193 3257 3258
f 3322 3258 3257
f 3257 3321 3322
f 3386 3322 3321
f 3321 3385 3386
f 3450 3386 3385
f 3385 3449 3450
f 3514 3450 3449
f 3449 3513 3514
f 3578 3514 3513
f 3513 3577 3578
f 3642 3578 3577
f 3577 3641 3642
f 3706 3642 3641
f 3641 3705 3706
f 3770 3706 3705
f 3705 3769 3770
f 3834 3770 3769
f 3769 3833 3834
f 3898 3834 3833
f 3833 3897 3898
f 3962 3898 3897
f 3897 3961 3962
f 4026 3962 3961
f 3961 4025 4026
f 4090 4026 4025
f 4025 4089 4090
f 4154 4090 4089
f 4089 4153 4154
f 4218 4154 4153
f 4153 4217 4218
f 4282 4218 4217
f 4217 4281 4282
f 4346 4282 4281
f 4281 4345 4346
f 4410 4346 4345
f 4345 4409 4410
f 4474 4410 4409
f 4409 4473 4474
f 4538 4474 4473
f 4473 4537 4538
f 4602 4538 4537
f 4537 4601 4602
f 4666 4602 4601
f 4601 4665 4666
f 4730 4666 4665
f 4665 4729 4730
f 4794 4730 4729
f 4729 4793 4794
f 4858 4794 4793
f 4793 4857 4858
f 4922 4858 4857
f 4857 4921 4922
f 4986 4922 4921
f 4921 4985 4986
f 5050 4986 4985
f 4985 5049 5050
f 5114 5050 5049
f 5049 5113 5114
f 5178 5114 5113
f 5113 5177 5178
f 5242 5178 5177
f 5177 5241 5242
f 5306 5242 5241
f 5241 5305 5306
f 5370 5306 5305
f 5305 5369 5370
f 5434 5370 5369
f 5369 5433 5434
f 5498 5434 5433
f 5433 5497 5498
f 5562 5498 5497
f 5497 5561 5562
f 5626 5562 5561
f 5561 5625 5626
f 5690 5626 5625
f 5625 5689 5690
f 5754 5690 5689
f 5689 5753 5754
f 5818 5754 5753
f 5753 5817 5818
f 5882 5818 5817
f 5817 5881 5882
f 5946 5882 5881
f 5881 5945 5946
f 1979 1915 1914
f 1914 1978 1979
f 2043 1979 1978
f 1978 2042 2043
f 2107 2043 2042
f 2042 2106 2107
f 2171 2107 2106
f 2106 2170 2171
f 2235 2171 2170
f 2170 2234 2235
f 2299 2235 2234
f 2234 2298 2299
f 2363 2299 2298
f 2298 2362 2363
f 2427 2363 2362
f 2362 2426 2427
f 2491 2427 2426
f 2426 2490 2491
f 2555 2491 2490
f 2490 2554 2555
f 2619 2555 2554
f 2554 2618 2619
f 2683 2619 2618
f 2618 2682 2683
f 2747 2683 2682
f 2682 2746 2747
f 2811 2747 2746
f 2746 2810 2811
f 2875 2811 2810
f 2810 2874 2875
f 2939 2875 2874
f 2874 2938 2939
f 3003 2939 2938
f 2938 3002 3003
f 3067 3003 3002
f 3002 3066 3067
f 3131 3067 3066
f 3066 3130 3131
f 3195 3131 3130
f 3130 3194 3195
f 3259 3195 3194
f 3194 3258 3259
f 3323 3259 3258
f 3258 3322 3323
f 3387 3323 3322
f 3322 3386 3387
f 3451 3387 3386
f 3386 3450 3451
f 3515 3451 3450
f 3450 3514 3515
f 3579 3515 3514
f 3514 3578 3579
f 3643 3579 3578
f 3578 3642 3643
f 3707 3643 3642
f 3642 3706 3707
f 3771 3707 3706
f 3706 3770 3771
f 3835 3771 3770
f 3770 3834 3835
f 3899 3835 3834
f 3834 3898 3899
f 3963 3899 3898
f 3898 3962 3963
f 4027 3963 3962
f 3962 4026 4027
f 4091 4027 4026
f 4026 4090 4091
f 4155 4091 4090
f 4090 4154 4155
f 4219 4155 4154
f 4154 4218 4219
f 4283 4219 4218
f 4218 4282 4283
f 4347 4283 4282
f 4282 4346 4347
f 4411 4347 4346
f 4346 4410 4411
f 4475 4411 4410
f 4410 4474 4475
f 4539 4475 4474
f 4474 4538 4539
f 4603 4539 4538
f 4538 4602 4603
f 4667 4603 4602
f 4602 4666 4667
f 4731 4667 4666
f 4666 4730 4731
f 4795 4731 4730
f 4730 4794 4795
f 4859 4795 4794
f 4794 4858 4859
f 4923 4859 4858
f 4858 4922 4923
f 4987 4923 4922
f 4922 4986 4987
f 5051 4987 4986
f 4986 5050 5051
f 5115 5051 5050
f 5050 5114 5115
f 5179 5115 5114
f 5114 5178 5179
f 5243 5179 5178
f 5178 5242 5243
f 5307 5243 5242
f 5242 5306 5307
f 5371 5307 5306
f 5306 5370 5371
f 5435 5371 5370
f 5370 5434 5435
f 5499 5435 5434
f 5434 5498 5499
f 5563 5499 5498
f 5498 5562 5563
f 5627 5563 5562
f 5562 5626 5627
f 5691 5627 5626
f 5626 5690 5691
f 5755 5691 5690
f 5690 5754 5755
f 5819 5755 5754
f 5754 5818 5819
f 5883 5819 5818
f 5818 5882 5883
f 5947 5883 5882
f 5882 5946 5947
f 1980 1916 1915
f 1915 1979 1980
f 2044 1980 1979
f 1979 2043 2044
f 2108 2044 2043
f 2043 2107 2108
f 2172 2108 2107
f 2107 2171 2172
f 2236 2172 2171
f 2171 2235 2236
f 2300 2236 2235
f 2235 2299 2300
f 2364 2300 2299
f 2299 2363 2364
f 2428 2364 2363
f 2363 2427 2428
f 2492 2428 2427
f 2427 2491 2492
f 2556 2492 2491
f 2491 2555 2556
f 2620 2556 2555
f 2555 2619 2620
f 2684 2620 2619
f 2619 2683 2684
f 2748 2684 2683
f 2683 2747 2748
f 2812 2748 2747
f 2747 2811 2812
f 2876 2812 2811
f 2811 2875 2876
f 2940 2876 2875
f 2875 2939 2940
f 3004 2940 2939
f 2939 3003 3004
f 3068 3004 3003
f 3003 3067 3068
f 3132 3068 3067
f 3067 3131 3132
f 3196 3132 3131
f 3131 3195 3196
f 3260 3196 3195
f 3195 3259 3260
f 3324 3260 3259
f 3259 3323 3324
f 3388 3324 3323
f 3323 3387 3388
f 3452 3388 3387
f 3387 3451 3452
f 3516 3452 3451
f 3451 3515 3516
f 3580 3516 3515
f 3515 3579 3580
f 3644 3580 3579
f 3579 3643 3644
f 3708 3644 3643
f 3643 3707 3708
f 3772 3708 3707
f 3707 3771 3772
f 3836 3772 3771
f 3771 3835 3836
f 3900 3836 3835
f 3835 3899 3900
f 3964 3900 3899
f 3899 3963 3964
f 4028 3964 3963
f 3963 4027 4028
f 4092 4028 4027
f 4027 4091 4092
f 4156 4092 4091
f 4091 4155 4156
f 4220 4156 4155
f 4155 4219 4220
f 4284 4220 4219
f 4219 4283 4284
f 4348 4284 4283
f 4283 4347 4348
f 4412 4348 4347
f 4347 4411 4412
f 4476 4412 4411
f 4411 4475 4476
f 4540 4476 4475
f 4475 4539 4540
f 4604 4540 4539
f 4539 4603 4604
f 4668 4604 4603
f 4603 4667 4668
f 4732 4668 4667
f 4667 4731 4732
f 4796 4732 4731
f 4731 4795 4796
f 4860 4796 4795
f 4795 4859 4860
f 4924 4860 4859
f 4859 4923 4924
f 4988 4924 4923
f 4923 4987 4988
f 5052 4988 4987
f 4987 5051 5052
f 5116 5052 5051
f 5051 5115 5116
f 5180 5116 5115
f 5115 5179 5180
f 5244 5180 5179
f 5179 5243 5244
f 5308 5244 5243
f 5243 5307 5308
f 5372 5308 5307
f 5307 5371 5372
f 5436 5372 5371
f 5371 5435 5436
f 5500 5436 5435
f 5435 5499 5500
f 5564 5500 5499
f 5499 5563 5564
f 5628 5564 5563
f 5563 5627 5628
f 5692 5628 5627
f 5627 5691 5692
f 5756 5692 5691
f 5691 5755 5756
f 5820 5756 5755
f 5755 5819 5820
f 5884 5820 5819
f 5819 5883 5884
f 5948 5884 5883
f 5883 5947 5948
f 1981 1917 1916
f 1916 1980 1981
f 2045 1981 1980
f 1980 2044 2045
f 2109 2045 2044
f 2044 2108 2109
f 2173 2109 2108
f 2108 2172 2173
f 2237 2173 2172
f 2172 2236 2237
f 2301 2237 2236
f 2236 2300 2301
f 2365 2301 2300
f 2300 2364 2365
f 2429 2365 2364
f 2364 2428 2429
f 2493 2429 2428
f 2428 2492 2493
f 2557 2493 2492
f 2492 2556 2557
f 2621 2557 2556
f 2556 2620 2621
f 2685 2621 2620
f 2620 2684 2685
f 2749 2685 2684
f 2684 2748 2749
f 2813 2749 2748
f 2748 2812 2813
f 2877 2813 2812
f 2812 2876 2877
f 2941 2877 2876
f 2876 2940 2941
f 3005 2941 2940
f 2940 3004 3005
f 3069 3005 3004
f 3004 3068 3069
f 3133 3069 3068
f 3068 3132 3133
f 3197 3133 3132
f 3132 3196 3197
f 3261 3197 3196
f 3196 3260 3261
f 3325 3261 3260
f 3260 3324 3325
f 3389 3325 3324
f 3324 3388 3389
f 3453 3389 3388
f 3388 3452 3453
f 3517 3453 3452
f 3452 3516 3517
f 3581 3517 3516
f 3516 3580 3581
f 3645 3581 3580
f 3580 3644 3645
f 3709 3645 3644
f 3644 3708 3709
f 3773 3709 3708
f 3708 3772 3773
f 3837 3773 3772
f 3772 3836 3837
f 3901 3837 3836
f 3836 3900 3901
f 3965 3901 3900
f 3900 3964 3965
f 4029 3965 3964
f 3964 4028 4029
f 4093 4029 4028
f 4028 4092 4093
f 4157 4093 4092
f 4092 4156 4157
f 4221 4157 4156
f 4156 4220 4221
f 4285 4221 4220
f 4220 4284 4285
f 4349 4285 4284
f 4284 4348 4349
f 4413 4349 4348
f 4348 4412 4413
f 4477 4413 4412
f 4412 4476 4477
f 4541 4477 4476
f 4476 4540 4541
f 4605 4541 4540
f 4540 4604 4605
f 4669 4605 4604
f 4604 4668 4669
f 4733 4669 4668
f 4668 4732 4733
f 4797 4733 4732
f 4732 4796 4797
f 4861 4797 4796
f 4796 4860 4861
f 4925 4861 4860
f 4860 4924 4925
f 4989 4925 4924
f 4924 4988 4989
f 5053 4989 4988
f 4988 5052 5053
f 5117 5053 5052
f 5052 5116 5117
f 5181 5117 5116
f 5116 5180 5181
f 5245 5181 5180
f 5180 5244 5245
f 5309 5245 5244
f 5244 5308 5309
f 5373 5309 5308
f 5308 5372 5373
f 5437 5373 5372
f 5372 5436 5437
f 5501 5437 5436
f 5436 5500 5501
f 5565 5501 5500
f 5500 5564 5565
f 5629 5565 5564
f 5564 5628 5629
f 5693 5629 5628
f 5628 5692 5693
f 5757 5693 5692
f 5692 5756 5757
f 5821 5757 5756
f 5756 5820 5821
f 5885 5821 5820
f 5820 5884 5885
f 5949 5885 5884
f 5884 5948 5949
f 1982 1918 1917
f 1917 1981 1982
f 2046 1982 1981
f 1981 2045 2046
f 2110 2046 2045
f 2045 2109 2110
f 2174 2110 2109
f 2109 2173 2174
f 2238 2174 2173
f 2173 2237 2238
f 2302 2238 2237
f 2237 2301 2302
f 2366 2302 2301
f 2301 2365 2366
f 2430 2366 2365
f 2365 2429 2430
f 2494 2430 2429
f 2429 2493 2494
f 2558 2494 2493
f 2493 2557 2558
f 2622 2558 2557
f 2557 2621 2622
f 2686 2622 2621
f 2621 2685 2686
f 2750 2686 2685
f 2685 2749 2750
f 2814 2750 2749
f 2749 2813 2814
f 2878 2814 2813
f 2813 2877 2878
f 2942 2878 2877
f 2877 2941 2942
f 3006 2942 2941
f 2941 3005 3006
f 3070 3006 3005
f 3005 3069 3070
f 3134 3070 3069
f 3069 3133 3134
f 3198 3134 3133
f 3133 3197 3198
f 3262 3198 3197
f 3197 3261 3262
f 3326 3262 3261
f 3261 3325 3326
f 3390 3326 3325
f 3325 3389 3390
f 3454 3390 3389
f 3389 3453 3454
f 3518 3454 3453
f 3453 3517 3518
f 3582 3518 3517
f 3517 3581 3582
f 3646 3582 3581
f 3581 3645 3646
f 3710 3646 3645
f 3645 3709 3710
f 3774 3710 3709
f 3709 3773 3774
f 3838 3774 3773
f 3773 3837 3838
f 3902 3838 3837
f 3837 3901 3902
f 3966 3902 3901
f 3901 3965 3966
f 4030 3966 3965
f 3965 4029 4030
f 4094 4030 4029
f 4029 4093 4094
f 4158 4094 4093
f 4093 4157 4158
f 4222 4158 4157
f 4157 4221 4222
f 4286 4222 4221
f 4221 4285 4286
f 4350 4286 4285
f 4285 4349 4350
f 4414 4350 4349
f 4349 4413 4414
f 4478 4414 4413
f 4413 4477 4478
f 4542 4478 4477
f 4477 4541 4542
f 4606 4542 4541
f 4541 4605 4606
f 4670 4606 4605
f 4605 4669 4670
f 4734 4670 4669
f 4669 4733 4734
f 4798 4734 4733
f 4733 4797 4798
f 4862 4798 4797
f 4797 4861 4862
f 4926 4862 4861
f 4861 4925 4926
f 4990 4926 4925
f 4925 4989 4990
f 5054 4990 4989
f 4989 5053 5054
f 5118 5054 5053
f 5053 5117 5118
f 5182 5118 5117
f 5117 5181 5182
f 5246 5182 5181
f 5181 5245 5246
f 5310 5246 5245
f 5245 5309 5310
f 5374 5310 5309
f 5309 5373 5374
f 5438 5374 5373
f 5373 5437 5438
f 5502 5438 5437
f 5437 5501 5502
f 5566 5502 5501
f 5501 5565 5566
f 5630 5566 5565
f 5565 5629 5630
f 5694 5630 5629
f 5629 5693 5694
f 5758 5694 5693
f 5693 5757 5758
f 5822 5758 5757
f 5757 5821 5822
f 5886 5822 5821
f 5821 5885 5886
f 5950 5886 5885
f 5885 5949 5950
f 1983 1919 1918
f 1918 1982 1983
f 2047 1983 1982
f 1982 2046 2047
f 2111 2047 2046
f 2046 2110 2111
f 2175 2111 2110
f 2110 2174 2175
f 2239 2175 2174
f 2174 2238 2239
f 2303 2239 2238
f 2238 2302 2303
f 2367 2303 2302
f 2302 2366 2367
f 2431 2367 2366
f 2366 2430 2431
f 2495 2431 2430
f 2430 2494 2495
f 2559 2495 2494
f 2494 2558 2559
f 2623 2559 2558
f 2558 2622 2623
f 2687 2623 2622
f 2622 2686 2687
f 2751 2687 2686
f 2686 2750 2751
f 2815 2751 2750
f 2750 2814 2815
f 2879 2815 2814
f 2814 2878 2879
f 2943 2879 2878
f 2878 2942 2943
f 3007 2943 2942
f 2942 3006 3007
f 3071 3007 3006
f 3006 3070 3071
f 3135 3071 3070
f 3070 3134 3135
f 3199 3135 3134
f 3134 3198 3199
f 3263 3199 3198
f 3198 3262 3263
f 3327 3263 3262
f 3262 3326 3327
f 3391 3327 3326
f 3326 3390 3391
f 3455 3391 3390
f 3390 3454 3455
f 3519 3455 3454
f 3454 3518 3519
f 3583 3519 3518
f 3518 3582 3583
f 3647 3583 3582
f 3582 3646 3647
f 3711 3647 3646
f 3646 3710 3711
f 3775 3711 3710
f 3710 3774 3775
f 3839 3775 3774
f 3774 3838 3839
f 3903 3839 3838
f 3838 3902 3903
f 3967 3903 3902
f 3902 3966 3967
f 4031 3967 3966
f 3966 4030 4031
f 4095 4031 4030
f 4030 4094 4095
f 4159 4095 4094
f 4094 4158 4159
f 4223 4159 4158
f 4158 4222 4223
f 4287 4223 4222
f 4222 4286 4287
f 4351 4287 4286
f 4286 4350 4351
f 4415 4351 4350
f 4350 4414 4415
f 4479 4415 4414
f 4414 4478 4479
f 4543 4479 4478
f 4478 4542 4543
f 4607 4543 4542
f 4542 4606 4607
f 4671 4607 4606
f 4606 4670 4671
f 4735 4671 4670
f 4670 4734 4735
f 4799 4735 4734
f 4734 4798 4799
f 4863 4799 4798
f 4798 4862 4863
f 4927 4863 4862
f 4862 4926 4927
f 4991 4927 4926
f 4926 4990 4991
f 5055 4991 4990
f 4990 5054 5055
f 5119 5055 5054
f 5054 5118 5119
f 5183 5119 5118
f 5118 5182 5183
f 5247 5183 5182
f 5182 5246 5247
f 5311 5247 5246
f 5246 5310 5311
f 5375 5311 5310
f 5310 5374 5375
f 5439 5375 5374
f 5374 5438 5439
f 5503 5439 5438
f 5438 5502 5503
f 5567 5503 5502
f 5502 5566 5567
f 5631 5567 5566
f 5566 5630 5631
f 5695 5631 5630
f 5630 5694 5695
f 5759 5695 5694
f 5694 5758 5759
f 5823 5759 5758
f 5758 5822 5823
f 5887 5823 5822
f 5822 5886 5887
f 5951 5887 5886
f 5886 5950 5951
f 1984 1920 1919
f 1919 1983 1984
f 2048 1984 1983
f 1983 2047 2048
f 2112 2048 2047
f 2047 2111 2112
f 2176 2112 2111
f 2111 2175 2176
f 2240 2176 2175
f 2175 2239 2240
f 2304 2240 2239
f 2239 2303 2304
f 2368 2304 2303
f 2303 2367 2368
f 2432 2368 2367
f 2367 2431 2432
f 2496 2432 2431
f 2431 2495 2496
f 2560 2496 2495
f 2495 2559 2560
f 2624 2560 2559
f 2559 2623 2624
f 2688 2624 2623
f 2623 2687 2688
f 2752 2688 2687
f 2687 2751 2752
f 2816 2752 2751
f 2751 2815 2816
f 2880 2816 2815
f 2815 2879 2880
f 2944 2880 2879
f 2879 2943 2944
f 3008 2944 2943
f 2943 3007 3008
f 3072 3008 3007
f 3007 3071 3072
f 3136 3072 3071
f 3071 3135 3136
f 3200 3136 3135
f 3135 3199 3200
f 3264 3200 3199
f 3199 3263 3264
f 3328 3264 3263
f 3263 3327 3328
f 3392 3328 3327
f 3327 3391 3392
f 3456 3392 3391
f 3391 3455 3456
f 3520 3456 3455
f 3455 3519 3520
f 3584 3520 3519
f 3519 3583 3584
f 3648 3584 3583
f 3583 3647 3648
f 3712 3648 3647
f 3647 3711 3712
f 3776 3712 3711
f 3711 3775 3776
f 3840 3776 3775
f 3775 3839 3840
f 3904 3840 3839
f 3839 3903 3904
f 3968 3904 3903
f 3903 3967 3968
f 4032 3968 3967
f 3967 4031 4032
f 4096 4032 4031
f 4031 4095 4096
f 4160 4096 4095
f 4095 4159 4160
f 4224 4160 4159
f 4159 4223 4224
f 4288 4224 4223
f 4223 4287 4288
f 4352 4288 4287
f 4287 4351 4352
f 4416 4352 4351
f 4351 4415 4416
f 4480 4416 4415
f 4415 4479 4480
f 4544 4480 4479
f 4479 4543 4544
f 4608 4544 4543
f 4543 4607 4608
f 4672 4608 4607
f 4607 4671 4672
f 4736 4672 4671
f 4671 4735 4736
f 4800 4736 4735
f 4735 4799 4800
f 4864 4800 4799
f 4799 4863 4864
f 4928 4864 4863
f 4863 4927 4928
f 4992 4928 4927
f 4927 4991 4992
f 5056 4992 4991
f 4991 5055 5056
f 5120 5056 5055
f 5055 5119 5120
f 5184 5120 5119
f 5119 5183 5184
f 5248 5184 5183
f 5183 5247 5248
f 5312 5248 5247
f 5247 5311 5312
f 5376 5312 5311
f 5311 5375 5376
f 5440 5376 5375
f 5375 5439 5440
f 5504 5440 5439
f 5439 5503 5504
f 5568 5504 5503
f 5503 5567 5568
f 5632 5568 5567
f 5567 5631 5632
f 5696 5632 5631
f 5631 5695 5696
f 5760 5696 5695
f 5695 5759 5760
f 5824 5760 5759
f 5759 5823 5824
f 5888 5824 5823
f 5823 5887 5888
f 5952 5888 5887
f 5887 5951 5952
f 1985 1921 1920
f 1920 1984 1985
f 2049 1985 1984
f 1984 2048 2049
f 2113 2049 2048
f 2048 2112 2113
f 2177 2113 2112
f 2112 2176 2177
f 2241 2177 2176
f 2176 2240 2241
f 2305 2241 2240
f 2240 2304 2305
f 2369 2305 2304
f 2304 2368 2369
f 2433 2369 2368
f 2368 2432 2433
f 2497 2433 2432
f 2432 2496 2497
f 2561 2497 2496
f 2496 2560 2561
f 2625 2561 2560
f 2560 2624 2625
f 2689 2625 2624
f 2624 2688 2689
f 2753 2689 2688
f 2688 2752 2753
f 2817 2753 2752
f 2752 2816 2817
f 2881 2817 2816
f 2816 2880 2881
f 2945 2881 2880
f 2880 2944 2945
f 3009 2945 2944
f 2944 3008 3009
f 3073 3009 3008
f 3008 3072 3073
f 3137 3073 3072
f 3072 3136 3137
f 3201 3137 3136
f 3136 3200 3201
f 3265 3201 3200
f 3200 3264 3265
f 3329 3265 3264
f 3264 3328 3329
f 3393 3329 3328
f 3328 3392 3393
f 3457 3393 3392
f 3392 3456 3457
f 3521 3457 3456
f 3456 3520 3521
f 3585 3521 3520
f 3520 3584 3585
f 3649 3585 3584
f 3584 3648 3649
f 3713 3649 3648
f 3648 3712 3713
f 3777 3713 3712
f 3712 3776 3777
f 3841 3777 3776
f 3776 3840 3841
f 3905 3841 3840
f 3840 3904 3905
f 3969 3905 3904
f 3904 3968 3969
f 4033 3969 3968
f 3968 4032 4033
f 4097 4033 4032
f 4032 4096 4097
f 4161 4097 4096
f 4096 4160 4161
f 4225 4161 4160
f 4160 4224 4225
f 4289 4225 4224
f 4224 4288 4289
f 4353 4289 4288
f 4288 4352 4353
f 4417 4353 4352
f 4352 4416 4417
f 4481 4417 4416
f 4416 4480 4481
f 4545 4481 4480
f 4480 4544 4545
f 4609 4545 4544
f 4544 4608 4609
f 4673 4609 4608
f 4608 4672 4673
f 4737 4673 4672
f 4672 4736 4737
f 4801 4737 4736
f 4736 4800 4801
f 4865 4801 4800
f 4800 4864 4865
f 4929 4865 4864
f 4864 4928 4929
f 4993 4929 4928
f 4928 4992 4993
f 5057 4993 4992
f 4992 5056 5057
f 5121 5057 5056
f 5056 5120 5121
f 5185 5121 5120
f 5120 5184 5185
f 5249 5185 5184
f 5184 5248 5249
f 5313 5249 5248
f 5248 5312 5313
f 5377 5313 5312
f 5312 5376 5377
f 5441 5377 5376
f 5376 5440 5441
f 5505 5441 5440
f 5440 5504 5505
f 5569 5505 5504
f 5504 5568 5569
f 5633 5569 5568
f 5568 5632 5633
f 5697 5633 5632
f 5632 5696 5697
f 5761 5697 5696
f 5696 5760 5761
f 5825 5761 5760
f 5760 5824 5825
f 5889 5825 5824
f 5824 5888 5889
f 5953 5889 5888
f 5888 5952 5953
f 1986 1922 1921
f 1921 1985 1986
f 2050 1986 1985
f 1985 2049 2050
f 2114 2050 2049
f 2049 2113 2114
f 2178 2114 2113
f 2113 2177 2178
f 2242 2178 2177
f 2177 2241 2242
f 2306 2242 2241
f 2241 2305 2306
f 2370 2306 2305
f 2305 2369 2370
f 2434 2370 2369
f 2369 2433 2434
f 2498 2434 2433
f 2433 2497 2498
f 2562 2498 2497
f 2497 2561 2562
f 2626 2562 2561
f 2561 2625 2626
f 2690 2626 2625
f 2625 2689 2690
f 2754 2690 2689
f 2689 2753 2754
f 2818 2754 2753
f 2753 2817 2818
f 2882 2818 2817
f 2817 2881 2882
f 2946 2882 2881
f 2881 2945 2946
f 3010 2946 2945
f 2945 3009 3010
f 3074 3010 3009
f 3009 3073 3074
f 3138 3074 3073
f 3073 3137 3138
f 3202 3138 3137
f 3137 3201 3202
f 3266 3202 3201
f 3201 3265 3266
f 3330 3266 3265
f 3265 3329 3330
f 3394 3330 3329
f 3329 3393 3394
f 3458 3394 3393
f 3393 3457 3458
f 3522 3458 3457
f 3457 3521 3522
f 3586 3522 3521
f 3521 3585 3586
f 3650 3586 3585
f 3585 3649 3650
f 3714 3650 3649
f 3649 3713 3714
f 3778 3714 3713
f 3713 3777 3778
f 3842 3778 3777
f 3777 3841 3842
f 3906 3842 3841
f 3841 3905 3906
f 3970 3906 3905
f 3905 3969 3970
f 4034 3970 3969
f 3969 4033 4034
f 4098 4034 4033
f 4033 4097 4098
f 4162 4098 4097
f 4097 4161 4162
f 4226 4162 4161
f 4161 4225 4226
f 4290 4226 4225
f 4225 4289 4290
f 4354 4290 4289
f 4289 4353 4354
f 4418 4354 4353
f 4353 4417 4418
f 4482 4418 4417
f 4417 4481 4482
f 4546 4482 4481
f 4481 4545 4546
f 4610 4546 4545
f 4545 4609 4610
f 4674 4610 4609
f 4609 4673 4674
f 4738 4674 4673
f 4673 4737 4738
f 4802 4738 4737
f 4737 4801 4802
f 4866 4802 4801
f 4801 4865 4866
f 4930 4866 4865
f 4865 4929 4930
f 4994 4930 4929
f 4929 4993 4994
f 5058 4994 4993
f 4993 5057 5058
f 5122 5058 5057
f 5057 5121 5122
f 5186 5122 5121
f 5121 5185 5186
f 5250 5186 5185
f 5185 5249 5250
f 5314 5250 5249
f 5249 5313 5314
f 5378 5314 5313
f 5313 5377 5378
f 5442 5378 5377
f 5377 5441 5442
f 5506 5442 5441
f 5441 5505 5506
f 5570 5506 5505
f 5505 5569 5570
f 5634 5570 5569
f 5569 5633 5634
f 5698 5634 5633
f 5633 5697 5698
f 5762 5698 5697
f 5697 5761 5762
f 5826 5762 5761
f 5761 5825 5826
f 5890 5826 5825
f 5825 5889 5890
f 5954 5890 5889
f 5889 5953 5954
f 1987 1923 1922
f 1922 1986 1987
f 2051 1987 1986
f 1986 2050 2051
f 2115 2051 2050
f 2050 2114 2115
f 2179 2115 2114
f 2114 2178 2179
f 2243 2179 2178
f 2178 2242 2243
f 2307 2243 2242
f 2242 2306 2307
f 2371 2307 2306
f 2306 2370 2371
f 2435 2371 2370
f 2370 2434 2435
f 2499 2435 2434
f 2434 2498 2499
f 2563 2499 2498
f 2498 2562 2563
f 2627 2563 2562
f 2562 2626 2627
f 2691 2627 2626
f 2626 2690 2691
f 2755 2691 2690
f 2690 2754 2755
f 2819 2755 2754
f 2754 2818 2819
f 2883 2819 2818
f 2818 2882 2883
f 2947 2883 2882
f 2882 2946 2947
f 3011 2947 2946
f 2946 3010 3011
f 3075 3011 3010
f 3010 3074 3075
f 3139 3075 3074
f 3074 3138 3139
f 3203 3139 3138
f 3138 3202 3203
f 3267 3203 3202
f 3202 3266 3267
f 3331 3267 3266
f 3266 3330 3331
f 3395 3331 3330
f 3330 3394 3395
f 3459 3395 3394
f 3394 3458 3459
f 3523 3459 3458
f 3458 3522 3523
f 3587 3523 3522
f 3522 3586 3587
f 3651 3587 3586
f 3586 3650 3651
f 3715 3651 3650
f 3650 3714 3715
f 3779 3715 3714
f 3714 3778 3779
f 3843 3779 3778
f 3778 3842 3843
f 3907 3843 3842
f 3842 3906 3907
f 3971 3907 3906
f 3906 3970 3971
f 4035 3971 3970
f 3970 4034 4035
f 4099 4035 4034
f 4034 4098 4099
f 4163 4099 4098
f 4098 4162 4163
f 4227 4163 4162
f 4162 4226 4227
f 4291 4227 4226
f 4226 4290 4291
f 4355 4291 4290
f 4290 4354 4355
f 4419 4355 4354
f 4354 4418 4419
f 4483 4419 4418
f 4418 4482 4483
f 4547 4483 4482
f 4482 4546 4547
f 4611 4547 4546
f 4546 4610 4611
f 4675 4611 4610
f 4610 4674 4675
f 4739 4675 4674
f 4674 4738 4739
f 4803 4739 4738
f 4738 4802 4803
f 4867 4803 4802
f 4802 4866 4867
f 4931 4867 4866
f 4866 4930 4931
f 4995 4931 4930
f 4930 4994 4995
f 5059 4995 4994
f 4994 5058 5059
f 5123 5059 5058
f 5058 5122 5123
f 5187 5123 5122
f 5122 5186 5187
f 5251 5187 5186
f 5186 5250 5251
f 5315 5251 5250
f 5250 5314 5315
f 5379 5315 5314
f 5314 5378 5379
f 5443 5379 5378
f 5378 5442 5443
f 5507 5443 5442
f 5442 5506 5507
f 5571 5507 5506
f 5506 5570 5571
f 5635 5571 5570
f 5570 5634 5635
f 5699 5635 5634
f 5634 5698 5699
f 5763 5699 5698
f 5698 5762 5763
f 5827 5763 5762
f 5762 5826 5827
f 5891 5827 5826
f 5826 5890 5891
f 5955 5891 5890
f 5890 5954 5955
f 1988 1924 1923
f 1923 1987 1988
f 2052 1988 1987
f 1987 2051 2052
f 2116 2052 2051
f 2051 2115 2116
f 2180 2116 2115
f 2115 2179 2180
f 2244 2180 2179
f 2179 2243 2244
f 2308 2244 2243
f 2243 2307 2308
f 2372 2308 2307
f 2307 2371 2372
f 2436 2372 2371
f 2371 2435 2436
f 2500 2436 2435
f 2435 2499 2500
f 2564 2500 2499
f 2499 2563 2564
f 2628 2564 2563
f 2563 2627 2628
f 2692 2628 2627
f 2627 2691 2692
f 2756 2692 2691
f 2691 2755 2756
f 2820 2756 2755
f 2755 2819 2820
f 2884 2820 2819
f 2819 2883 2884
f 2948 2884 2883
f 2883 2947 2948
f 3012 2948 2947
f 2947 3011 3012
f 3076 3012 3011
f 3011 3075 3076
f 3140 3076 3075
f 3075 3139 3140
f 3204 3140 3139
f 3139 3203 3204
f 3268 3204 3203
f 3203 3267 3268
f 3332 3268 3267
f 3267 3331 3332
f 3396 3332 3331
f 3331 3395 3396
f 3460 3396 3395
f 3395 3459 3460
f 3524 3460 3459
f 3459 3523 3524
f 3588 3524 3523
f 3523 3587 3588
f 3652 3588 3587
f 3587 3651 3652
f 3716 3652 3651
f 3651 3715 3716
f 3780 3716 3715
f 3715 3779 3780
f 3844 3780 3779
f 3779 3843 3844
f 3908 3844 3843
f 3843 3907 3908
f 3972 3908 3907
f 3907 3971 3972
f 4036 3972 3971
f 3971 4035 4036
f 4100 4036 4035
f 4035 4099 4100
f 4164 4100 4099
f 4099 4163 4164
f 4228 4164 4163
f 4163 4227 4228
f 4292 4228 4227
f 4227 4291 4292
f 4356 4292 4291
f 4291 4355 4356
f 4420 4356 4355
f 4355 4419 4420
f 4484 4420 4419
f 4419 4483 4484
f 4548 4484 4483
f 4483 4547 4548
f 4612 4548 4547
f 4547 4611 4612
f 4676 4612 4611
f 4611 4675 4676
f 4740 4676 4675
f 4675 4739 4740
f 4804 4740 4739
f 4739 4803 4804
f 4868 4804 4803
f 4803 4867 4868
f 4932 4868 4867
f 4867 4931 4932
f 4996 4932 4931
f 4931 4995 4996
f 5060 4996 4995
f 4995 5059 5060
f 5124 5060 5059
f 5059 5123 5124
f 5188 5124 5123
f 5123 5187 5188
f 5252 5188 5187
f 5187 5251 5252
f 5316 5252 5251
f 5251 5315 5316
f 5380 5316 5315
f 5315 5379 5380
f 5444 5380 5379
f 5379 5443 5444
f 5508 5444 5443
f 5443 5507 5508
f 5572 5508 5507
f 5507 5571 5572
f 5636 5572 5571
f 5571 5635 5636
f 5700 5636 5635
f 5635 5699 5700
f 5764 5700 5699
f 5699 5763 5764
f 5828 5764 5763
f 5763 5827 5828
f 5892 5828 5827
f 5827 5891 5892
f 5956 5892 5891
f 5891 5955 5956
f 1989 1925 1924
f 1924 1988 1989
f 2053 1989 1988
f 1988 2052 2053
f 2117 2053 2052
f 2052 2116 2117
f 2181 2117 2116
f 2116 2180 2181
f 2245 2181 2180
f 2180 2244 2245
f 2309 2245 2244
f 2244 2308 2309
f 2373 2309 2308
f 2308 2372 2373
f 2437 2373 2372
f 2372 2436 2437
f 2501 2437 2436
f 2436 2500 2501
f 2565 2501 2500
f 2500 2564 2565
f 2629 2565 2564
f 2564 2628 2629
f 2693 2629 2628
f 2628 2692 2693
f 2757 2693 2692
f 2692 2756 2757
f 2821 2757 2756
f 2756 2820 2821
f 2885 2821 2820
f 2820 2884 2885
f 2949 2885 2884
f 2884 2948 2949
f 3013 2949 2948
f 2948 3012 3013
f 3077 3013 3012
f 3012 3076 3077
f 3141 3077 3076
f 3076 3140 3141
f 3205 3141 3140
f 3140 3204 3205
f 3269 3205 3204
f 3204 3268 3269
f 3333 3269 3268
f 3268 3332 3333
f 3397 3333 3332
f 3332 3396 3397
f 3461 3397 3396
f 3396 3460 3461
f 3525 3461 3460
f 3460 3524 3525
f 3589 3525 3524
f 3524 3588 3589
f 3653 3589 3588
f 3588 3652 3653
f 3717 3653 3652
f 3652 3716 3717
f 3781 3717 3716
f 3716 3780 3781
f 3845 3781 3780
f 3780 3844 3845
f 3909 3845 3844
f 3844 3908 3909
f 3973 3909 3908
f 3908 3972 3973
f 4037 3973 3972
f 3972 4036 4037
f 4101 4037 4036
f 4036 4100 4101
f 4165 4101 4100
f 4100 4164 4165
f 4229 4165 4164
f 4164 4228 4229
f 4293 4229 4228
f 4228 4292 4293
f 4357 4293 4292
f 4292 4356 4357
f 4421 4357 4356
f 4356 4420 4421
f 4485 4421 4420
f 4420 4484 4485
f 4549 4485 4484
f 4484 4548 4549
f 4613 4549 4548
f 4548 4612 4613
f 4677 4613 4612
f 4612 4676 4677
f 4741 4677 4676
f 4676 4740 4741
f 4805 4741 4740
f 4740 4804 4805
f 4869 4805 4804
f 4804 4868 4869
f 4933 4869 4868
f 4868 4932 4933
f 4997 4933 4932
f 4932 4996 4997
f 5061 4997 4996
f 4996 5060 5061
f 5125 5061 5060
f 5060 5124 5125
f 5189 5125 5124
f 5124 5188 5189
f 5253 5189 5188
f 5188 5252 5253
f 5317 5253 5252
f 5252 5316 5317
f 5381 5317 5316
f 5316 5380 5381
f 5445 5381 5380
f 5380 5444 5445
f 5509 5445 5444
f 5444 5508 5509
f 5573 5509 5508
f 5508 5572 5573
f 5637 5573 5572
f 5572 5636 5637
f 5701 5637 5636
f 5636 5700 5701
f 5765 5701 5700
f 5700 5764 5765
f 5829 5765 5764
f 5764 5828 5829
f 5893 5829 5828
f 5828 5892 5893
f 5957 5893 5892
f 5892 5956 5957
f 1990 1926 1925
f 1925 1989 1990
f 2054 1990 1989
f 1989 2053 2054
f 2118 2054 2053
f 2053 2117 2118
f 2182 2118 2117
f 2117 2181 2182
f 2246 2182 2181
f 2181 2245 2246
f 2310 2246 2245
f 2245 2309 2310
f 2374 2310 2309
f 2309 2373 2374
f 2438 2374 2373
f 2373 2437 2438
f 2502 2438 2437
f 2437 2501 2502
f 2566 2502 2501
f 2501 2565 2566
f 2630 2566 2565
f 2565 2629 2630
f 2694 2630 2629
f 2629 2693 2694
f 2758 2694 2693
f 2693 2757 2758
f 2822 2758 2757
f 2757 2821 2822
f 2886 2822 2821
f 2821 2885 2886
f 2950 2886 2885
f 2885 2949 2950
f 3014 2950 2949
f 2949 3013 3014
f 3078 3014 3013
f 3013 3077 3078
f 3142 3078 3077
f 3077 3141 3142
f 3206 3142 3141
f 3141 3205 3206
f 3270 3206 3205
f 3205 3269 3270
f 3334 3270 3269
f 3269 3333 3334
f 3398 3334 3333
f 3333 3397 3398
f 3462 3398 3397
f 3397 3461 3462
f 3526 3462 3461
f 3461 3525 3526
f 3590 3526 3525
f 3525 3589 3590
f 3654 3590 3589
f 3589 3653 3654
f 3718 3654 3653
f 3653 3717 3718
f 3782 3718 3717
f 3717 3781 3782
f 3846 3782 3781
f 3781 3845 3846
f 3910 3846 3845
f 3845 3909 3910
f 3974 3910 3909
f 3909 3973 3974
f 4038 3974 3973
f 3973 4037 4038
f 4102 4038 4037
f 4037 4101 4102
f 4166 4102 4101
f 4101 4165 4166
f 4230 4166 4165
f 4165 4229 4230
f 4294 4230 4229
f 4229 4293 4294
f 4358 4294 4293
f 4293 4357 4358
f 4422 4358 4357
f 4357 4421 4422
f 4486 4422 4421
f 4421 4485 4486
f 4550 4486 4485
f 4485 4549 4550
f 4614 4550 4549
f 4549 4613 4614
f 4678 4614 4613
f 4613 4677 4678
f 4742 4678 4677
f 4677 4741 4742
f 4806 4742 4741
f 4741 4805 4806
f 4870 4806 4805
f 4805 4869 4870
f 4934 4870 4869
f 4869 4933 4934
f 4998 4934 4933
f 4933 4997 4998
f 5062 4998 4997
f 4997 5061 5062
f 5126 5062 5061
f 5061 5125 5126
f 5190 5126 5125
f 5125 5189 5190
f 5254 5190 5189
f 5189 5253 5254
f 5318 5254 5253
f 5253 5317 5318
f 5382 5318 5317
f 5317 5381 5382
f 5446 5382 5381
f 5381 5445 5446
f 5510 5446 5445
f 5445 5509 5510
f 5574 5510 5509
f 5509 5573 5574
f 5638 5574 5573
f 5573 5637 5638
f 5702 5638 5637
f 5637 5701 5702
f 5766 5702 5701
f 5701 5765 5766
f 5830 5766 5765
f 5765 5829 5830
f 5894 5830 5829
f 5829 5893 5894
f 5958 5894 5893
f 5893 5957 5958
f 1991 1927 1926
f 1926 1990 1991
f 2055 1991 1990
f 1990 2054 2055
f 2119 2055 2054
f 2054 2118 2119
f 2183 2119 2118
f 2118 2182 2183
f 2247 2183 2182
f 2182 2246 2247
f 2311 2247 2246
f 2246 2310 2311
f 2375 2311 2310
f 2310 2374 2375
f 2439 2375 2374
f 2374 2438 2439
f 2503 2439 2438
f 2438 2502 2503
f 2567 2503 2502
f 2502 2566 2567
f 2631 2567 2566
f 2566 2630 2631
f 2695 2631 2630
f 2630 2694 2695
f 2759 2695 2694
f 2694 2758 2759
f 2823 2759 2758
f 2758 2822 2823
f 2887 2823 2822
f 2822 2886 2887
f 2951 2887 2886
f 2886 2950 2951
f 3015 2951 2950
f 2950 3014 3015
f 3079 3015 3014
f 3014 3078 3079
f 3143 3079 3078
f 3078 3142 3143
f 3207 3143 3142
f 3142 3206 3207
f 3271 3207 3206
f 3206 3270 3271
f 3335 3271 3270
f 3270 3334 3335
f 3399 3335 3334
f 3334 3398 3399
f 3463 3399 3398
f 3398 3462 3463
f 3527 3463 3462
f 3462 3526 3527
f 3591 3527 3526
f 3526 3590 3591
f 3655 3591 3590
f 3590 3654 3655
f 3719 3655 3654
f 3654 3718 3719
f 3783 3719 3718
f 3718 3782 3783
f 3847 3783 3782
f 3782 3846 3847
f 3911 3847 3846
f 3846 3910 3911
f 3975 3911 3910
f 3910 3974 3975
f 4039 3975 3974
f 3974 4038 4039
f 4103 4039 4038
f 4038 4102 4103
f 4167 4103 4102
f 4102 4166 4167
f 4231 4167 4166
f 4166 4230 4231
f 4295 4231 4230
f 4230 4294 4295
f 4359 4295 4294
f 4294 4358 4359
f 4423 4359 4358
f 4358 4422 4423
f 4487 4423 4422
f 4422 4486 4487
f 4551 4487 4486
f 4486 4550 4551
f 4615 4551 4550
f 4550 4614 4615
f 4679 4615 4614
f 4614 4678 4679
f 4743 4679 4678
f 4678 4742 4743
f 4807 4743 4742
f 4742 4806 4807
f 4871 4807 4806
f 4806 4870 4871
f 4935 4871 4870
f 4870 4934 4935
f 4999 4935 4934
f 4934 4998 4999
f 5063 4999 4998
f 4998 5062 5063
f 5127 5063 5062
f 5062 5126 5127
f 5191 5127 5126
f 5126 5190 5191
f 5255 5191 5190
f 5190 5254 5255
f 5319 5255 5254
f 5254 5318 5319
f 5383 5319 5318
f 5318 5382 5383
f 5447 5383 5382
f 5382 5446 5447
f 5511 5447 5446
f 5446 5510 5511
f 5575 5511 5510
f 5510 5574 5575
f 5639 5575 5574
f 5574 5638 5639
f 5703 5639 5638
f 5638 5702 5703
f 5767 5703 5702
f 5702 5766 5767
f 5831 5767 5766
f 5766 5830 5831
f 5895 5831 5830
f 5830 5894 5895
f 5959 5895 5894
f 5894 5958 5959
f 1992 1928 1927
f 1927 1991 1992
f 2056 1992 1991
f 1991 2055 2056
f 2120 2056 2055
f 2055 2119 2120
f 2184 2120 2119
f 2119 2183 2184
f 2248 2184 2183
f 2183 2247 2248
f 2312 2248 2247
f 2247 2311 2312
f 2376 2312 2311
f 2311 2375 2376
f 2440 2376 2375
f 2375 2439 2440
f 2504 2440 2439
f 2439 2503 2504
f 2568 2504 2503
f 2503 2567 2568
f 2632 2568 2567
f 2567 2631 2632
f 2696 2632 2631
f 2631 2695 2696
f 2760 2696 2695
f 2695 2759 2760
f 2824 2760 2759
f 2759 2823 2824
f 2888 2824 2823
f 2823 2887 2888
f 2952 2888 2887
f 2887 2951 2952
f 3016 2952 2951
f 2951 3015 3016
f 3080 3016 3015
f 3015 3079 3080
f 3144 3080 3079
f 3079 3143 3144
f 3208 3144 3143
f 3143 3207 3208
f 3272 3208 3207
f 3207 3271 3272
f 3336 3272 3271
f 3271 3335 3336
f 3400 3336 3335
f 3335 3399 3400
f 3464 3400 3399
f 3399 3463 3464
f 3528 3464 3463
f 3463 3527 3528
f 3592 3528 3527
f 3527 3591 3592
f 3656 3592 3591
f 3591 3655 3656
f 3720 3656 3655
f 3655 3719 3720
f 3784 3720 3719
f 3719 3783 3784
f 3848 3784 3783
f 3783 3847 3848
f 3912 3848 3847
f 3847 3911 3912
f 3976 3912 3911
f 3911 3975 3976
f 4040 3976 3975
f 3975 4039 4040
f 4104 4040 4039
f 4039 4103 4104
f 4168 4104 4103
f 4103 4167 4168
f 4232 4168 4167
f 4167 4231 4232
f 4296 4232 4231
f 4231 4295 4296
f 4360 4296 4295
f 4295 4359 4360
f 4424 4360 4359
f 4359 4423 4424
f 4488 4424 4423
f 4423 4487 4488
f 4552 4488 4487
f 4487 4551 4552
f 4616 4552 4551
f 4551 4615 4616
f 4680 4616 4615
f 4615 4679 4680
f 4744 4680 4679
f 4679 4743 4744
f 4808 4744 4743
f 4743 4807 4808
f 4872 4808 4807
f 4807 4871 4872
f 4936 4872 4871
f 4871 4935 4936
f 5000 4936 4935
f 4935 4999 5000
f 5064 5000 4999
f 4999 5063 5064
f 5128 5064 5063
f 5063 5127 5128
f 5192 5128 5127
f 5127 5191 5192
f 5256 5192 5191
f 5191 5255 5256
f 5320 5256 5255
f 5255 5319 5320
f 5384 5320 5319
f 5319 5383 5384
f 5448 5384 5383
f 5383 5447 5448
f 5512 5448 5447
f 5447 5511 5512
f 5576 5512 5511
f 5511 5575 5576
f 5640 5576 5575
f 5575 5639 5640
f 5704 5640 5639
f 5639 5703 5704
f 5768 5704 5703
f 5703 5767 5768
f 5832 5768 5767
f 5767 5831 5832
f 5896 5832 5831
f 5831 5895 5896
f 5960 5896 5895
f 5895 5959 5960
f 1993 1929 1928
f 1928 1992 1993
f 2057 1993 1992
f 1992 2056 2057
f 2121 2057 2056
f 2056 2120 2121
f 2185 2121 2120
f 2120 2184 2185
f 2249 2185 2184
f 2184 2248 2249
f 2313 2249 2248
f 2248 2312 2313
f 2377 2313 2312
f 2312 2376 2377
f 2441 2377 2376
f 2376 2440 2441
f 2505 2441 2440
f 2440 2504 2505
f 2569 2505 2504
f 2504 2568 2569
f 2633 2569 2568
f 2568 2632 2633
f 2697 2633 2632
f 2632 2696 2697
f 2761 2697 2696
f 2696 2760 2761
f 2825 2761 2760
f 2760 2824 2825
f 2889 2825 2824
f 2824 2888 2889
f 2953 2889 2888
f 2888 2952 2953
f 3017 2953 2952
f 2952 3016 3017
f 3081 3017 3016
f 3016 3080 3081
f 3145 3081 3080
f 3080 3144 3145
f 3209 3145 3144
f 3144 3208 3209
f 3273 3209 3208
f 3208 3272 3273
f 3337 3273 3272
f 3272 3336 3337
f 3401 3337 3336
f 3336 3400 3401
f 3465 3401 3400
f 3400 3464 3465
f 3529 3465 3464
f 3464 3528 3529
f 3593 3529 3528
f 3528 3592 3593
f 3657 3593 3592
f 3592 3656 3657
f 3721 3657 3656
f 3656 3720 3721
f 3785 3721 3720
f 3720 3784 3785
f 3849 3785 3784
f 3784 3848 3849
f 3913 3849 3848
f 3848 3912 3913
f 3977 3913 3912
f 3912 3976 3977
f 4041 3977 3976
f 3976 4040 4041
f 4105 4041 4040
f 4040 4104 4105
f 4169 4105 4104
f 4104 4168 4169
f 4233 4169 4168
f 4168 4232 4233
f 4297 4233 4232
f 4232 4296 4297
f 4361 4297 4296
f 4296 4360 4361
f 4425 4361 4360
f 4360 4424 4425
f 4489 4425 4424
f 4424 4488 4489
f 4553 4489 4488
f 4488 4552 4553
f 4617 4553 4552
f 4552 4616 4617
f 4681 4617 4616
f 4616 4680 4681
f 4745 4681 4680
f 4680 4744 4745
f 4809 4745 4744
f 4744 4808 4809
f 4873 4809 4808
f 4808 4872 4873
f 4937 4873 4872
f 4872 4936 4937
f 5001 4937 4936
f 4936 5000 5001
f 5065 5001 5000
f 5000 5064 5065
f 5129 5065 5064
f 5064 5128 5129
f 5193 5129 5128
f 5128 5192 5193
f 5257 5193 5192
f 5192 5256 5257
f 5321 5257 5256
f 5256 5320 5321
f 5385 5321 5320
f 5320 5384 5385
f 5449 5385 5384
f 5384 5448 5449
f 5513 5449 5448
f 5448 5512 5513
f 5577 5513 5512
f 5512 5576 5577
f 5641 5577 5576
f 5576 5640 5641
f 5705 5641 5640
f 5640 5704 5705
f 5769 5705 5704
f 5704 5768 5769
f 5833 5769 5768
f 5768 5832 5833
f 5897 5833 5832
f 5832 5896 5897
f 5961 5897 5896
f 5896 5960 5961
f 1994 1930 1929
f 1929 1993 1994
f 2058 1994 1993
f 1993 2057 2058
f 2122 2058 2057
f 2057 2121 2122
f 2186 2122 2121
f 2121 2185 2186
f 2250 2186 2185
f 2185 2249 2250
f 2314 2250 2249
f 2249 2313 2314
f 2378 2314 2313
f 2313 2377 2378
f 2442 2378 2377
f 2377 2441 2442
f 2506 2442 2441
f 2441 2505 2506
f 2570 2506 2505
f 2505 2569 2570
f 2634 2570 2569
f 2569 2633 2634
f 2698 2634 2633
f 2633 2697 2698
f 2762 2698 2697
f 2697 2761 2762
f 2826 2762 2761
f 2761 2825 2826
f 2890 2826 2825
f 2825 2889 2890
f 2954 2890 2889
f 2889 2953 2954
f 3018 2954 2953
f 2953 3017 3018
f 3082 3018 3017
f 3017 3081 3082
f 3146 3082 3081
f 3081 3145 3146
f 3210 3146 3145
f 3145 3209 3210
f 3274 3210 3209
f 3209 3273 3274
f 3338 3274 3273
f 3273 3337 3338
f 3402 3338 3337
f 3337 3401 3402
f 3466 3402 3401
f 3401 3465 3466
f 3530 3466 3465
f 3465 3529 3530
f 3594 3530 3529
f 3529 3593 3594
f 3658 3594 3593
f 3593 3657 3658
f 3722 3658 3657
f 3657 3721 3722
f 3786 3722 3721
f 3721 3785 3786
f 3850 3786 3785
f 3785 3849 3850
f 3914 3850 3849
f 3849 3913 3914
f 3978 3914 3913
f 3913 3977 3978
f 4042 3978 3977
f 3977 4041 4042
f 4106 4042 4041
f 4041 4105 4106
f 4170 4106 4105
f 4105 4169 4170
f 4234 4170 4169
f 4169 4233 4234
f 4298 4234 4233
f 4233 4297 4298
f 4362 4298 4297
f 4297 4361 4362
f 4426 4362 4361
f 4361 4425 4426
f 4490 4426 4425
f 4425 4489 4490
f 4554 4490 4489
f 4489 4553 4554
f 4618 4554 4553
f 4553 4617 4618
f 4682 4618 4617
f 4617 4681 4682
f 4746 4682 4681
f 4681 4745 4746
f 4810 4746 4745
f 4745 4809 4810
f 4874 4810 4809
f 4809 4873 4874
f 4938 4874 4873
f 4873 4937 4938
f 5002 4938 4937
f 4937 5001 5002
f 5066 5002 5001
f 5001 5065 5066
f 5130 5066 5065
f 5065 5129 5130
f 5194 5130 5129
f 5129 5193 5194
f 5258 5194 5193
f 5193 5257 5258
f 5322 5258 5257
f 5257 5321 5322
f 5386 5322 5321
f 5321 5385 5386
f 5450 5386 5385
f 5385 5449 5450
f 5514 5450 5449
f 5449 5513 5514
f 5578 5514 5513
f 5513 5577 5578
f 5642 5578 5577
f 5577 5641 5642
f 5706 5642 5641
f 5641 5705 5706
f 5770 5706 5705
f 5705 5769 5770
f 5834 5770 5769
f 5769 5833 5834
f 5898 5834 5833
f 5833 5897 5898
f 5962 5898 5897
f 5897 5961 5962
f 1995 1931 1930
f 1930 1994 1995
f 2059 1995 1994
f 1994 2058 2059
f 2123 2059 2058
f 2058 2122 2123
f 2187 2123 2122
f 2122 2186 2187
f 2251 2187 2186
f 2186 2250 2251
f 2315 2251 2250
f 2250 2314 2315
f 2379 2315 2314
f 2314 2378 2379
f 2443 2379 2378
f 2378 2442 2443
f 2507 2443 2442
f 2442 2506 2507
f 2571 2507 2506
f 2506 2570 2571
f 2635 2571 2570
f 2570 2634 2635
f 2699 2635 2634
f 2634 2698 2699
f 2763 2699 2698
f 2698 2762 2763
f 2827 2763 2762
f 2762 2826 2827
f 2891 2827 2826
f 2826 2890 2891
f 2955 2891 2890
f 2890 2954 2955
f 3019 2955 2954
f 2954 3018 3019
f 3083 3019 3018
f 3018 3082 3083
f 3147 3083 3082
f 3082 3146 3147
f 3211 3147 3146
f 3146 3210 3211
f 3275 3211 3210
f 3210 3274 3275
f 3339 3275 3274
f 3274 3338 3339
f 3403 3339 3338
f 3338 3402 3403
f 3467 3403 3402
f 3402 3466 3467
f 3531 3467 3466
f 3466 3530 3531
f 3595 3531 3530
f 3530 3594 3595
f 3659 3595 3594
f 3594 3658 3659
f 3723 3659 3658
f 3658 3722 3723
f 3787 3723 3722
f 3722 3786 3787
f 3851 3787 3786
f 3786 3850 3851
f 3915 3851 3850
f 3850 3914 3915
f 3979 3915 3914
f 3914 3978 3979
f 4043 3979 3978
f 3978 4042 4043
f 4107 4043 4042
f 4042 4106 4107
f 4171 4107 4106
f 4106 4170 4171
f 4235 4171 4170
f 4170 4234 4235
f 4299 4235 4234
f 4234 4298 4299
f 4363 4299 4298
f 4298 4362 4363
f 4427 4363 4362
f 4362 4426 4427
f 4491 4427 4426
f 4426 4490 4491
f 4555 4491 4490
f 4490 4554 4555
f 4619 4555 4554
f 4554 4618 4619
f 4683 4619 4618
f 4618 4682 4683
f 4747 4683 4682
f 4682 4746 4747
f 4811 4747 4746
f 4746 4810 4811
f 4875 4811 4810
f 4810 4874 4875
f 4939 4875 4874
f 4874 4938 4939
f 5003 4939 4938
f 4938 5002 5003
f 5067 5003 5002
f 5002 5066 5067
f 5131 5067 5066
f 5066 5130 5131
f 5195 5131 5130
f 5130 5194 5195
f 5259 5195 5194
f 5194 5258 5259
f 5323 5259 5258
f 5258 5322 5323
f 5387 5323 5322
f 5322 5386 5387
f 5451 5387 5386
f 5386 5450 5451
f 5515 5451 5450
f 5450 5514 5515
f 5579 5515 5514
f 5514 5578 5579
f 5643 5579 5578
f 5578 5642 5643
f 5707 5643 5642
f 5642 5706 5707
f 5771 5707 5706
f 5706 5770 5771
f 5835 5771 5770
f 5770 5834 5835
f 5899 5835 5834
f 5834 5898 5899
f 5963 5899 5898
f 5898 5962 5963
f 1996 1932 1931
f 1931 1995 1996
f 2060 1996 1995
f 1995 2059 2060
f 2124 2060 2059
f 2059 2123 2124
f 2188 2124 2123
f 2123 2187 2188
f 2252 2188 2187
f 2187 2251 2252
f 2316 2252 2251
f 2251 2315 2316
f 2380 2316 2315
f 2315 2379 2380
f 2444 2380 2379
f 2379 2443 2444
f 2508 2444 2443
f 2443 2507 2508
f 2572 2508 2507
f 2507 2571 2572
f 2636 2572 2571
f 2571 2635 2636
f 2700 2636 2635
f 2635 2699 2700
f 2764 2700 2699
f 2699 2763 2764
f 2828 2764 2763
f 2763 2827 2828
f 2892 2828 2827
f 2827 2891 2892
f 2956 2892 2891
f 2891 2955 2956
f 3020 2956 2955
f 2955 3019 3020
f 3084 3020 3019
f 3019 3083 3084
f 3148 3084 3083
f 3083 3147 3148
f 3212 3148 3147
f 3147 3211 3212
f 3276 3212 3211
f 3211 3275 3276
f 3340 3276 3275
f 3275 3339 3340
f 3404 3340 3339
f 3339 3403 3404
f 3468 3404 3403
f 3403 3467 3468
f 3532 3468 3467
f 3467 3531 3532
f 3596 3532 3531
f 3531 3595 3596
f 3660 3596 3595
f 3595 3659 3660
f 3724 3660 3659
f 3659 3723 3724
f 3788 3724 3723
f 3723 3787 3788
f 3852 3788 3787
f 3787 3851 3852
f 3916 3852 3851
f 3851 3915 3916
f 3980 3916 3915
f 3915 3979 3980
f 4044 3980 3979
f 3979 4043 4044
f 4108 4044 4043
f 4043 4107 4108
f 4172 4108 4107
f 4107 4171 4172
f 4236 4172 4171
f 4171 4235 4236
f 4300 4236 4235
f 4235 4299 4300
f 4364 4300 4299
f 4299 4363 4364
f 4428 4364 4363
f 4363 4427 4428
f 4492 4428 4427
f 4427 4491 4492
f 4556 4492 4491
f 4491 4555 4556
f 4620 4556 4555
f 4555 4619 4620
f 4684 4620 4619
f 4619 4683 4684
f 4748 4684 4683
f 4683 4747 4748
f 4812 4748 4747
f 4747 4811 4812
f 4876 4812 4811
f 4811 4875 4876
f 4940 4876 4875
f 4875 4939 4940
f 5004 4940 4939
f 4939 5003 5004
f 5068 5004 5003
f 5003 5067 5068
f 5132 5068 5067
f 5067 5131 5132
f 5196 5132 5131
f 5131 5195 5196
f 5260 5196 5195
f 5195 5259 5260
f 5324 5260 5259
f 5259 5323 5324
f 5388 5324 5323
f 5323 5387 5388
f 5452 5388 5387
f 5387 5451 5452
f 5516 5452 5451
f 5451 5515 5516
f 5580 5516 5515
f 5515 5579 5580
f 5644 5580 5579
f 5579 5643 5644
f 5708 5644 5643
f 5643 5707 5708
f 5772 5708 5707
f 5707 5771 5772
f 5836 5772 5771
f 5771 5835 5836
f 5900 5836 5835
f 5835 5899 5900
f 5964 5900 5899
f 5899 5963 5964
f 1997 1933 1932
f 1932 1996 1997
f 2061 1997 1996
f 1996 2060 2061
f 2125 2061 2060
f 2060 2124 2125
f 2189 2125 2124
f 2124 2188 2189
f 2253 2189 2188
f 2188 2252 2253
f 2317 2253 2252
f 2252 2316 2317
f 2381 2317 2316
f 2316 2380 2381
f 2445 2381 2380
f 2380 2444 2445
f 2509 2445 2444
f 2444 2508 2509
f 2573 2509 2508
f 2508 2572 2573
f 2637 2573 2572
f 2572 2636 2637
f 2701 2637 2636
f 2636 2700 2701
f 2765 2701 2700
f 2700 2764 2765
f 2829 2765 2764
f 2764 2828 2829
f 2893 2829 2828
f 2828 2892 2893
f 2957 2893 2892
f 2892 2956 2957
f 3021 2957 2956
f 2956 3020 3021
f 3085 3021 3020
f 3020 3084 3085
f 3149 3085 3084
f 3084 3148 3149
f 3213 3149 3148
f 3148 3212 3213
f 3277 3213 3212
f 3212 3276 3277
f 3341 3277 3276
f 3276 3340 3341
f 3405 3341 3340
f 3340 3404 3405
f 3469 3405 3404
f 3404 3468 3469
f 3533 3469 3468
f 3468 3532 3533
f 3597 3533 3532
f 3532 3596 3597
f 3661 3597 3596
f 3596 3660 3661
f 3725 3661 3660
f 3660 3724 3725
f 3789 3725 3724
f 3724 3788 3789
f 3853 3789 3788
f 3788 3852 3853
f 3917 3853 3852
f 3852 3916 3917
f 3981 3917 3916
f 3916 3980 3981
f 4045 3981 3980
f 3980 4044 4045
f 4109 4045 4044
f 4044 4108 4109
f 4173 4109 4108
f 4108 4172 4173
f 4237 4173 4172
f 4172 4236 4237
f 4301 4237 4236
f 4236 4300 4301
f 4365 4301 4300
f 4300 4364 4365
f 4429 4365 4364
f 4364 4428 4429
f 4493 4429 4428
f 4428 4492 4493
f 4557 4493 4492
f 4492 4556 4557
f 4621 4557 4556
f 4556 4620 4621
f 4685 4621 4620
f 4620 4684 4685
f 4749 4685 4684
f 4684 4748 4749
f 4813 4749 4748
f 4748 4812 4813
f 4877 4813 4812
f 4812 4876 4877
f 4941 4877 4876
f 4876 4940 4941
f 5005 4941 4940
f 4940 5004 5005
f 5069 5005 5004
f 5004 5068 5069
f 5133 5069 5068
f 5068 5132 5133
f 5197 5133 5132
f 5132 5196 5197
f 5261 5197 5196
f 5196 5260 5261
f 5325 5261 5260
f 5260 5324 5325
f 5389 5325 5324
f 5324 5388 5389
f 5453 5389 5388
f 5388 5452 5453
f 5517 5453 5452
f 5452 5516 5517
f 5581 5517 5516
f 5516 5580 5581
f 5645 5581 5580
f 5580 5644 5645
f 5709 5645 5644
f 5644 5708 5709
f 5773 5709 5708
f 5708 5772 5773
f 5837 5773 5772
f 5772 5836 5837
f 5901 5837 5836
f 5836 5900 5901
f 5965 5901 5900
f 5900 5964 5965
f 1998 1934 1933
f 1933 1997 1998
f 2062 1998 1997
f 1997 2061 2062
f 2126 2062 2061
f 2061 2125 2126
f 2190 2126 2125
f 2125 2189 2190
f 2254 2190 2189
f 2189 2253 2254
f 2318 2254 2253
f 2253 2317 2318
f 2382 2318 2317
f 2317 2381 2382
f 2446 2382 2381
f 2381 2445 2446
f 2510 2446 2445
f 2445 2509 2510
f 2574 2510 2509
f 2509 2573 2574
f 2638 2574 2573
f 2573 2637 2638
f 2702 2638 2637
f 2637 2701 2702
f 2766 2702 2701
f 2701 2765 2766
f 2830 2766 2765
f 2765 2829 2830
f 2894 2830 2829
f 2829 2893 2894
f 2958 2894 2893
f 2893 2957 2958
f 3022 2958 2957
f 2957 3021 3022
f 3086 3022 3021
f 3021 3085 3086
f 3150 3086 3085
f 3085 3149 3150
f 3214 3150 3149
f 3149 3213 3214
f 3278 3214 3213
f 3213 3277 3278
f 3342 3278 3277
f 3277 3341 3342
f 3406 3342 3341
f 3341 3405 3406
f 3470 3406 3405
f 3405 3469 3470
f 3534 3470 3469
f 3469 3533 3534
f 3598 3534 3533
f 3533 3597 3598
f 3662 3598 3597
f 3597 3661 3662
f 3726 3662 3661
f 3661 3725 3726
f 3790 3726 3725
f 3725 3789 3790
f 3854 3790 3789
f 3789 3853 3854
f 3918 3854 3853
f 3853 3917 3918
f 3982 3918 3917
f 3917 3981 3982
f 4046 3982 3981
f 3981 4045 4046
f 4110 4046 4045
f 4045 4109 4110
f 4174 4110 4109
f 4109 4173 4174
f 4238 4174 4173
f 4173 4237 4238
f 4302 4238 4237
f 4237 4301 4302
f 4366 4302 4301
f 4301 4365 4366
f 4430 4366 4365
f 4365 4429 4430
f 4494 4430 4429
f 4429 4493 4494
f 4558 4494 4493
f 4493 4557 4558
f 4622 4558 4557
f 4557 4621 4622
f 4686 4622 4621
f 4621 4685 4686
f 4750 4686 4685
f 4685 4749 4750
f 4814 4750 4749
f 4749 4813 4814
f 4878 4814 4813
f 4813 4877 4878
f 4942 4878 4877
f 4877 4941 4942
f 5006 4942 4941
f 4941 5005 5006
f 5070 5006 5005
f 5005 5069 5070
f 5134 5070 5069
f 5069 5133 5134
f 5198 5134 5133
f 5133 5197 5198
f 5262 5198 5197
f 5197 5261 5262
f 5326 5262 5261
f 5261 5325 5326
f 5390 5326 5325
f 5325 5389 5390
f 5454 5390 5389
f 5389 5453 5454
f 5518 5454 5453
f 5453 5517 5518
f 5582 5518 5517
f 5517 5581 5582
f 5646 5582 5581
f 5581 5645 5646
f 5710 5646 5645
f 5645 5709 5710
f 5774 5710 5709
f 5709 5773 5774
f 5838 5774 5773
f 5773 5837 5838
f 5902 5838 5837
f 5837 5901 5902
f 5966 5902 5901
f 5901 5965 5966
f 1999 1935 1934
f 1934 1998 1999
f 2063 1999 1998
f 1998 2062 2063
f 2127 2063 2062
f 2062 2126 2127
f 2191 2127 2126
f 2126 2190 2191
f 2255 2191 2190
f 2190 2254 2255
f 2319 2255 2254
f 2254 2318 2319
f 2383 2319 2318
f 2318 2382 2383
f 2447 2383 2382
f 2382 2446 2447
f 2511 2447 2446
f 2446 2510 2511
f 2575 2511 2510
f 2510 2574 2575
f 2639 2575 2574
f 2574 2638 2639
f 2703 2639 2638
f 2638 2702 2703
f 2767 2703 2702
f 2702 2766 2767
f 2831 2767 2766
f 2766 2830 2831
f 2895 2831 2830
f 2830 2894 2895
f 2959 2895 2894
f 2894 2958 2959
f 3023 2959 2958
f 2958 3022 3023
f 3087 3023 3022
f 3022 3086 3087
f 3151 3087 3086
f 3086 3150 3151
f 3215 3151 3150
f 3150 3214 3215
f 3279 3215 3214
f 3214 3278 3279
f 3343 3279 3278
f 3278 3342 3343
f 3407 3343 3342
f 3342 3406 3407
f 3471 3407 3406
f 3406 3470 3471
f 3535 3471 3470
f 3470 3534 3535
f 3599 3535 3534
f 3534 3598 3599
f 3663 3599 3598
f 3598 3662 3663
f 3727 3663 3662
f 3662 3726 3727
f 3791 3727 3726
f 3726 3790 3791
f 3855 3791 3790
f 3790 3854 3855
f 3919 3855 3854
f 3854 3918 3919
f 3983 3919 3918
f 3918 3982 3983
f 4047 3983 3982
f 3982 4046 4047
f 4111 4047 4046
f 4046 4110 4111
f 4175 4111 4110
f 4110 4174 4175
f 4239 4175 4174
f 4174 4238 4239
f 4303 4239 4238
f 4238 4302 4303
f 4367 4303 4302
f 4302 4366 4367
f 4431 4367 4366
f 4366 4430 4431
f 4495 4431 4430
f 4430 4494 4495
f 4559 4495 4494
f 4494 4558 4559
f 4623 4559 4558
f 4558 4622 4623
f 4687 4623 4622
f 4622 4686 4687
f 4751 4687 4686
f 4686 4750 4751
f 4815 4751 4750
f 4750 4814 4815
f 4879 4815 4814
f 4814 4878 4879
f 4943 4879 4878
f 4878 4942 4943
f 5007 4943 4942
f 4942 5006 5007
f 5071 5007 5006
f 5006 5070 5071
f 5135 5071 5070
f 5070 5134 5135
f 5199 5135 5134
f 5134 5198 5199
f 5263 5199 5198
f 5198 5262 5263
f 5327 5263 5262
f 5262 5326 5327
f 5391 5327 5326
f 5326 5390 5391
f 5455 5391 5390
f 5390 5454 5455
f 5519 5455 5454
f 5454 5518 5519
f 5583 5519 5518
f 5518 5582 5583
f 5647 5583 5582
f 5582 5646 5647
f 5711 5647 5646
f 5646 5710 5711
f 5775 5711 5710
f 5710 5774 5775
f 5839 5775 5774
f 5774 5838 5839
f 5903 5839 5838
f 5838 5902 5903
f 5967 5903 5902
f 5902 5966 5967
